episode,avg_pods,avg_latency,reward,execution_time
1,35.12,1015.1246,10.0,1.22
2,50.0,1038.4845,-3.0,0.97
3,34.0,1012.6676,26.0,1.07
4,38.04,1020.0156,17.0,1.13
5,52.72,1058.5338,9.0,1.1
6,54.16,987.526,0.0,1.16
7,47.72,1014.0346,7.0,1.11
8,50.2,1051.7218,-9.0,1.73
9,37.04,1067.101,10.0,1.56
10,54.08,1058.5776,-11.0,1.17
11,49.68,1035.342,4.0,1.15
12,31.24,1015.9106,21.0,1.28
13,53.56,1045.7567,-6.0,1.07
14,42.0,1022.8248,10.0,1.32
15,49.56,1023.2438,27.0,1.22
16,62.28,1064.9023,3.0,1.25
17,51.32,1029.35,25.0,1.21
18,54.12,1041.1842,-8.0,1.47
19,41.04,1047.2171,12.0,1.03
20,45.96,1020.6321,1.0,1.39
21,45.4,1070.1765,4.0,2.4
22,34.56,1021.2604,3.0,1.72
23,51.8,1035.5812,1.0,1.46
24,39.32,1004.8392,24.0,1.78
25,39.08,1044.3317,32.0,1.36
26,60.16,1031.4321,-8.0,1.18
27,60.2,1027.014,8.0,1.23
28,51.88,1070.5703,-8.0,1.22
29,43.96,1031.6609,16.0,1.14
30,53.28,1037.3784,7.0,1.09
31,54.12,1038.9058,10.0,1.42
32,46.36,1029.8414,38.0,1.35
33,55.64,1002.9206,0.0,1.18
34,51.0,1062.5576,9.0,1.19
35,47.64,1026.5349,-1.0,1.19
36,46.04,1119.5152,18.0,1.17
37,47.44,1072.2628,2.0,0.99
38,43.2,999.5232,-1.0,1.33
39,49.04,1029.462,10.0,1.15
40,50.4,1036.729,-2.0,1.13
41,51.84,1029.991,1.0,1.1
42,46.76,1009.4794,8.0,1.07
43,29.84,1011.8571,11.0,1.15
44,56.28,1055.0123,1.0,1.18
45,39.52,993.5858,27.0,1.15
46,59.88,1022.7708,-5.0,1.0
47,37.0,1071.1514,24.0,1.12
48,50.84,1003.3631,32.0,1.07
49,57.64,1017.434,21.0,1.14
50,51.8,1020.5684,29.0,1.22
51,47.36,1009.9257,5.0,1.25
52,50.64,1048.9158,-2.0,1.09
53,48.92,1055.4684,24.0,1.62
54,54.6,1026.0576,7.0,1.19
55,46.4,1015.6181,21.0,1.24
56,49.76,1028.8646,-4.0,1.23
57,55.92,1029.6714,2.0,1.19
58,53.6,1028.9806,9.0,1.23
59,52.96,1096.3343,20.0,1.12
60,50.88,1104.5581,26.0,1.23
61,64.68,1031.166,10.0,1.06
62,51.92,1034.4729,1.0,1.09
63,46.4,1030.3114,20.0,1.06
64,52.36,1033.0084,24.0,1.08
65,42.64,996.8276,19.0,1.15
66,53.36,1077.8559,16.0,1.05
67,55.08,1020.9849,8.0,1.12
68,44.12,1024.3998,41.0,1.14
69,57.84,1047.0483,8.0,1.15
70,59.92,1012.0906,1.0,1.25
71,42.0,1024.5057,-12.0,1.13
72,40.76,1048.8148,23.0,1.21
73,41.36,1049.0751,19.0,1.32
74,45.44,1045.8363,18.0,1.23
75,52.68,1020.9878,2.0,1.05
76,51.0,1090.1702,5.0,1.34
77,42.88,1248.7952,29.0,1.35
78,52.16,1013.7608,2.0,1.61
79,56.24,1014.836,-6.0,1.85
80,54.04,1054.1701,10.0,1.08
81,55.76,1060.0092,10.0,1.18
82,49.84,1034.8763,9.0,1.23
83,60.48,1014.3969,23.0,1.26
84,36.0,1004.7721,18.0,1.52
85,55.24,1160.216,34.0,1.09
86,50.12,1068.664,13.0,1.07
87,44.56,1040.2919,11.0,1.15
88,48.28,1026.7261,10.0,1.2
89,52.48,1107.3418,35.0,1.28
90,43.76,1055.3447,12.0,1.45
91,39.24,1026.0365,33.0,1.53
92,40.52,1010.6758,-1.0,1.77
93,48.76,1046.0665,44.0,1.47
94,44.12,998.456,6.0,1.64
95,44.64,1057.5006,-8.0,1.4
96,52.16,1017.989,9.0,1.55
97,48.08,1061.2061,-2.0,1.38
98,50.28,1003.0458,0.0,1.35
99,45.76,1028.105,18.0,1.51
100,47.88,981.1087,-5.0,1.76
101,30.16,1012.4087,24.0,1.68
102,37.6,1012.4388,15.0,1.27
103,60.2,1068.9086,16.0,1.14
104,47.44,1123.605,7.0,1.24
105,39.0,1029.2621,23.0,1.22
106,44.36,1050.8728,1.0,1.18
107,49.4,1044.3448,4.0,1.3
108,44.36,1063.0024,14.0,1.64
109,47.8,1104.3691,14.0,1.38
110,24.32,997.6251,4.0,1.57
111,46.08,1017.1178,28.0,1.79
112,46.0,1026.9651,-1.0,2.64
113,31.88,1037.6932,-1.0,1.73
114,40.24,1016.9918,11.0,1.43
115,44.96,1053.7102,24.0,1.27
116,45.84,989.0365,32.0,1.12
117,46.8,1031.663,17.0,1.24
118,36.2,984.0652,2.0,1.39
119,47.68,988.5132,2.0,1.31
120,37.32,1026.8604,32.0,1.29
121,33.76,997.1108,35.0,1.49
122,56.8,1003.1275,3.0,1.45
123,49.52,1010.5004,26.0,2.06
124,42.88,1048.1899,21.0,1.53
125,60.0,1050.2539,19.0,1.8
126,44.6,1041.6123,14.0,1.84
127,40.72,1026.6547,46.0,2.0
128,57.4,1026.0872,22.0,1.76
129,48.72,1063.5961,45.0,1.56
130,44.84,1033.0528,15.0,1.9
131,58.28,1039.1888,13.0,2.26
132,34.88,976.8309,5.0,1.73
133,51.64,1060.9153,5.0,2.05
134,47.4,1012.0443,26.0,1.96
135,25.24,1018.933,12.0,1.85
136,58.64,1020.2401,4.0,1.68
137,59.04,1044.8753,13.0,1.64
138,46.36,1008.9913,9.0,1.74
139,53.16,1032.5758,8.0,1.73
140,52.16,1054.0974,27.0,2.73
141,59.36,1034.1412,5.0,2.23
142,43.8,1027.4765,36.0,1.89
143,43.88,1034.1892,54.0,2.27
144,50.16,1021.527,30.0,2.64
145,43.28,1032.1518,16.0,2.2
146,57.4,1065.8281,13.0,3.13
147,38.64,999.9609,45.0,2.62
148,39.6,1001.1849,53.0,2.13
149,49.16,1051.1937,15.0,2.4
150,47.0,1027.1972,43.0,2.41
151,39.32,1029.0563,22.0,1.47
152,37.28,1079.7725,41.0,1.34
153,45.96,1034.2432,-2.0,1.5
154,52.88,1024.7748,11.0,1.19
155,37.84,1072.4767,8.0,1.74
156,55.08,1061.4406,-5.0,1.15
157,49.08,1037.1558,26.0,1.19
158,52.16,1024.1882,20.0,1.16
159,55.16,1009.1452,31.0,1.23
160,30.76,1012.3312,50.0,1.45
161,43.96,1060.24,55.0,1.27
162,40.24,1054.5006,2.0,1.18
163,53.16,1025.2567,51.0,1.19
164,59.52,1155.4659,2.0,0.99
165,51.8,1018.0922,18.0,1.01
166,53.92,1047.9417,7.0,1.17
167,53.72,999.0822,-7.0,1.05
168,59.24,1016.0554,1.0,1.23
169,46.84,1032.0392,10.0,1.33
170,55.32,1056.5578,37.0,1.66
171,44.96,1011.0846,12.0,1.43
172,54.84,980.6911,-6.0,1.46
173,65.32,1072.2779,1.0,2.04
174,45.52,1102.6277,17.0,1.25
175,56.52,1074.3966,10.0,1.49
176,47.52,1068.1895,-3.0,1.45
177,50.72,1009.6118,11.0,1.35
178,55.48,1044.5288,19.0,2.28
179,42.76,1043.9558,35.0,1.58
180,40.76,1009.3224,16.0,1.69
181,46.44,1029.4658,4.0,1.56
182,25.64,974.9929,53.0,1.49
183,50.16,1050.5299,40.0,1.43
184,44.0,1058.0973,28.0,1.42
185,38.44,1005.2314,15.0,1.13
186,57.88,1032.1323,22.0,1.12
187,54.0,1026.5388,4.0,1.12
188,53.04,1046.6645,26.0,1.22
189,48.52,1049.143,31.0,1.24
190,50.84,1033.632,24.0,1.19
191,33.0,1065.6096,23.0,1.18
192,44.8,1028.257,25.0,1.19
193,53.4,1041.4457,21.0,1.14
194,53.32,1020.0494,35.0,1.75
195,39.76,1016.1372,26.0,1.56
196,60.68,1051.4382,30.0,1.36
197,30.24,999.5896,48.0,1.31
198,30.2,1007.4292,38.0,1.46
199,41.88,1047.8498,4.0,1.52
200,53.64,1047.3116,15.0,1.32
201,39.16,1034.0402,43.0,1.43
202,50.28,1057.1895,45.0,1.42
203,46.0,1074.2401,50.0,1.18
204,53.12,1123.9738,12.0,1.07
205,48.2,1025.7145,14.0,1.19
206,55.28,1069.5709,13.0,1.21
207,51.4,1052.6417,21.0,1.3
208,53.56,1039.1799,23.0,1.19
209,55.16,1038.9429,6.0,1.17
210,47.68,1022.1795,30.0,1.09
211,43.32,1101.0118,35.0,1.42
212,42.0,1037.545,5.0,1.24
213,43.76,1003.744,13.0,1.14
214,56.12,1006.2685,19.0,1.06
215,38.2,1032.7144,12.0,1.17
216,47.04,1021.0378,20.0,1.06
217,54.76,1025.5316,0.0,1.12
218,54.8,1026.4832,-1.0,1.18
219,37.16,1008.5698,28.0,1.24
220,48.6,1027.5348,26.0,1.21
221,42.04,1039.7111,38.0,1.26
222,51.0,1030.0555,22.0,1.36
223,59.96,1017.7583,22.0,1.39
224,45.28,1024.6523,34.0,1.59
225,57.2,1026.1642,10.0,1.97
226,40.96,1013.9533,64.0,1.33
227,48.36,1049.0084,23.0,1.48
228,48.16,1041.7227,8.0,1.15
229,43.12,1127.542,42.0,1.29
230,49.2,1022.8027,30.0,1.28
231,58.0,1029.7501,6.0,1.22
232,45.4,1044.4004,26.0,1.45
233,57.72,1056.6469,12.0,1.42
234,25.16,1006.3446,11.0,1.15
235,40.16,1053.98,40.0,1.29
236,54.8,1021.5796,32.0,1.2
237,43.56,984.0391,27.0,1.16
238,49.96,1030.6733,49.0,1.11
239,47.32,1262.574,9.0,1.17
240,49.56,1223.6081,16.0,1.23
241,57.28,1037.1399,4.0,1.18
242,51.72,1013.2793,5.0,1.3
243,50.48,1030.4843,21.0,1.11
244,47.4,1021.0702,2.0,1.23
245,26.52,1030.0185,45.0,1.15
246,42.88,1090.2752,38.0,1.34
247,38.92,1053.1101,31.0,1.36
248,47.04,1070.3676,70.0,1.17
249,44.96,1048.3676,23.0,1.14
250,43.12,1034.9689,20.0,1.68
251,57.52,1056.3334,15.0,1.18
252,36.36,1035.0928,34.0,1.29
253,51.56,1041.7954,22.0,1.27
254,43.8,1035.3389,13.0,1.1
255,45.88,1048.9851,31.0,1.22
256,43.56,1014.111,6.0,1.39
257,54.44,1071.793,22.0,1.21
258,50.08,1045.2921,7.0,1.1
259,49.64,1008.4075,10.0,1.23
260,25.4,1011.2094,43.0,1.25
261,57.24,1081.5676,21.0,1.21
262,49.08,1038.142,28.0,1.34
263,50.28,1083.1125,4.0,1.17
264,59.2,1019.2936,7.0,1.19
265,35.48,1017.6556,40.0,1.2
266,55.88,1037.386,13.0,1.3
267,45.44,1061.3618,56.0,1.43
268,45.84,1047.1757,22.0,1.21
269,53.0,1029.527,-1.0,1.13
270,46.56,1151.6108,30.0,1.2
271,62.56,1097.1359,10.0,1.29
272,51.56,1042.3252,32.0,1.07
273,46.88,1048.24,29.0,1.18
274,29.0,1025.7529,19.0,1.38
275,49.32,1010.7944,19.0,1.83
276,56.2,1053.7415,21.0,1.4
277,26.36,1013.8914,70.0,1.22
278,42.72,1005.203,26.0,1.29
279,46.0,1035.3505,12.0,1.37
280,50.16,989.3701,59.0,1.15
281,58.4,1034.7235,-8.0,1.26
282,49.88,1019.1337,34.0,1.38
283,43.96,1022.7778,41.0,1.18
284,54.36,1018.0333,38.0,1.14
285,43.2,1017.8861,38.0,1.07
286,46.4,1080.3402,15.0,1.27
287,47.52,1049.6511,31.0,1.15
288,46.4,1010.3759,11.0,1.28
289,39.36,1027.4108,42.0,1.11
290,50.12,1026.717,23.0,1.15
291,53.0,1014.2292,10.0,1.23
292,47.12,1093.9411,10.0,1.25
293,41.68,1073.947,6.0,1.51
294,43.56,1080.0536,19.0,1.12
295,47.84,1091.0886,10.0,1.19
296,35.12,1058.2878,11.0,1.44
297,48.64,1001.4756,24.0,1.19
298,46.8,1028.9045,17.0,1.24
299,23.96,1022.6569,51.0,1.49
300,48.72,1040.4652,21.0,1.78
301,27.32,997.4766,51.0,1.16
302,39.04,1078.9648,18.0,1.07
303,38.88,1000.4708,22.0,1.17
304,56.8,1016.7375,-3.0,1.05
305,28.88,997.4561,30.0,1.21
306,45.84,1067.4065,30.0,1.29
307,50.32,1066.3192,32.0,1.21
308,59.48,1036.3695,9.0,1.26
309,63.28,1094.0562,30.0,1.26
310,46.56,1030.7235,42.0,1.7
311,49.16,991.7687,-5.0,1.16
312,37.2,1022.8052,-2.0,1.26
313,49.56,1030.5191,16.0,1.27
314,46.72,1004.5564,36.0,1.22
315,55.88,1032.3256,4.0,1.4
316,45.36,1058.2246,7.0,1.08
317,57.96,1020.0698,11.0,1.23
318,54.56,1009.4078,8.0,1.16
319,55.36,1078.1845,3.0,1.09
320,60.64,989.5621,5.0,1.16
321,27.76,994.6293,40.0,1.4
322,51.52,1090.6274,-4.0,1.15
323,35.24,1028.4445,35.0,1.15
324,36.16,1010.5823,23.0,1.09
325,50.2,1070.1313,29.0,1.79
326,46.36,1043.3203,28.0,1.19
327,55.28,1019.1824,22.0,1.13
328,37.44,995.8268,5.0,1.39
329,44.0,1048.8334,40.0,1.34
330,52.32,1022.413,27.0,1.34
331,47.6,1038.4,8.0,1.11
332,47.64,1020.1369,-1.0,1.13
333,40.8,1049.1391,48.0,1.12
334,44.56,1069.4214,33.0,1.29
335,48.68,985.8059,20.0,1.32
336,37.04,1015.35,15.0,1.63
337,51.24,1042.3566,18.0,1.22
338,42.8,1024.6617,6.0,1.52
339,45.36,1036.0604,36.0,1.36
340,43.56,1003.0635,13.0,1.24
341,47.68,1005.744,20.0,1.2
342,63.36,1046.2424,29.0,1.27
343,44.68,1021.8994,29.0,1.32
344,22.64,1024.9996,53.0,1.11
345,42.6,1016.8614,13.0,1.18
346,50.8,1047.5129,44.0,1.43
347,40.8,1052.3472,21.0,1.2
348,39.2,1004.6634,33.0,1.16
349,25.84,980.1911,18.0,1.71
350,49.96,1033.6899,26.0,1.1
351,32.0,1022.836,15.0,1.38
352,44.12,1045.8388,54.0,1.29
353,40.2,1024.0791,28.0,1.24
354,54.08,1063.8741,8.0,1.21
355,42.6,1070.9194,23.0,1.25
356,45.84,1004.2438,28.0,1.46
357,33.84,1043.6259,21.0,1.18
358,47.84,1037.774,-1.0,1.29
359,39.08,1008.551,45.0,1.2
360,35.64,1056.3554,20.0,1.35
361,34.12,993.3138,35.0,1.1
362,39.72,1056.8768,30.0,1.22
363,48.96,1030.1321,37.0,1.19
364,49.48,1061.2129,39.0,1.11
365,58.4,1039.7977,30.0,1.16
366,37.16,998.4986,15.0,1.25
367,31.88,1003.7135,42.0,1.23
368,51.44,1047.8405,4.0,1.18
369,42.16,1034.0011,0.0,1.17
370,42.92,999.6146,6.0,1.69
371,35.8,999.0944,30.0,1.37
372,46.0,1024.4706,39.0,1.8
373,36.0,1015.1111,29.0,2.19
374,54.32,1056.139,44.0,2.24
375,47.64,1033.3528,20.0,1.64
376,45.92,1036.075,17.0,2.32
377,41.08,1007.272,16.0,2.07
378,45.6,1035.3566,11.0,2.11
379,50.68,1045.2223,12.0,2.17
380,38.8,1001.9484,33.0,1.53
381,54.48,1003.5931,25.0,1.8
382,41.76,1013.7842,20.0,1.95
383,43.96,1016.9252,31.0,1.54
384,37.12,1031.6671,56.0,1.65
385,42.52,1042.0568,31.0,1.83
386,42.4,1034.2902,39.0,1.85
387,39.24,1019.4063,20.0,1.95
388,49.44,1010.8642,7.0,1.71
389,33.76,1037.3399,26.0,2.42
390,35.2,1027.4532,41.0,1.47
391,52.0,1024.5231,11.0,1.55
392,45.88,1113.4758,34.0,1.72
393,36.64,1021.2828,25.0,1.69
394,41.2,1032.4582,40.0,1.72
395,42.44,1109.2935,43.0,2.17
396,48.08,1116.3754,17.0,1.65
397,47.88,1000.1852,14.0,2.07
398,42.76,1028.677,34.0,1.66
399,44.32,1085.922,6.0,2.02
400,50.96,1007.1256,18.0,1.65
401,41.2,1034.656,-1.0,2.06
402,32.36,1005.162,30.0,1.89
403,45.2,998.3566,25.0,1.79
404,46.4,1040.3695,45.0,1.71
405,50.8,1121.0772,21.0,1.93
406,49.0,1004.8952,3.0,2.2
407,53.44,1012.1203,28.0,1.9
408,41.32,1031.1515,25.0,1.77
409,33.56,1061.3423,37.0,1.62
410,57.4,991.6326,4.0,1.97
411,56.76,1008.2234,33.0,1.64
412,56.04,1019.574,15.0,1.69
413,46.44,1128.1179,22.0,1.85
414,38.52,1004.3401,37.0,1.86
415,44.04,1034.7335,28.0,2.39
416,47.12,1074.6491,37.0,1.93
417,58.52,1033.431,3.0,1.59
418,36.32,1009.4856,42.0,1.38
419,49.52,1028.8996,20.0,1.96
420,38.32,1021.6389,37.0,2.18
421,55.8,1019.4923,21.0,1.87
422,58.36,1034.2182,2.0,1.62
423,53.96,1056.8104,8.0,3.32
424,43.6,1047.0233,16.0,2.5
425,24.08,1018.3189,39.0,2.93
426,51.4,1002.1786,6.0,1.92
427,45.44,1043.3177,39.0,1.7
428,31.92,1013.7899,30.0,1.66
429,38.88,1067.8175,18.0,1.87
430,50.92,1128.7761,-5.0,2.25
431,42.76,1006.9662,28.0,2.34
432,40.48,979.0088,23.0,2.34
433,33.8,1011.7055,68.0,2.31
434,42.4,1002.495,36.0,1.64
435,46.28,1151.2531,31.0,1.68
436,46.52,1028.7319,29.0,1.92
437,39.0,1032.1799,32.0,2.23
438,40.8,1009.2172,42.0,2.47
439,46.64,1044.0321,23.0,2.04
440,31.04,1042.8349,31.0,1.55
441,46.16,1010.5326,36.0,2.81
442,36.92,1018.3703,44.0,1.71
443,41.96,1081.0943,16.0,1.98
444,50.6,1033.1804,29.0,1.59
445,41.92,1066.6129,41.0,1.64
446,44.8,1035.038,30.0,1.82
447,57.24,1055.2475,28.0,1.17
448,37.6,1033.6194,36.0,1.23
449,43.36,1021.6569,34.0,1.15
450,27.84,1006.9034,7.0,1.2
451,55.32,1073.6058,23.0,1.44
452,43.76,998.3066,32.0,1.17
453,49.24,1020.1864,21.0,1.2
454,55.4,1040.5485,19.0,1.3
455,57.56,1129.4363,13.0,1.19
456,45.44,1019.767,16.0,1.26
457,49.96,1027.5871,11.0,1.47
458,51.8,1187.1958,9.0,1.84
459,38.32,1034.3779,51.0,1.21
460,58.16,1017.0088,28.0,1.31
461,56.48,1006.511,25.0,1.29
462,49.08,1074.6038,15.0,1.39
463,46.64,1038.2113,51.0,1.57
464,34.76,1011.6407,21.0,1.4
465,43.52,1068.2923,12.0,1.23
466,38.52,1004.8655,32.0,1.25
467,48.36,1012.0432,18.0,1.53
468,39.92,1010.3797,36.0,1.18
469,42.36,1072.9858,11.0,1.31
470,46.72,1012.3132,17.0,1.24
471,43.32,1037.6631,21.0,1.24
472,52.88,1026.0208,21.0,1.12
473,49.96,1031.4046,45.0,1.17
474,31.24,1025.2482,32.0,1.18
475,54.92,1039.41,12.0,1.26
476,38.32,1054.666,36.0,1.19
477,45.08,1027.7202,41.0,1.16
478,30.64,1026.5239,37.0,1.21
479,48.04,1016.4308,41.0,1.36
480,49.76,1007.0575,28.0,1.18
481,28.68,1025.3917,14.0,1.43
482,48.64,1031.1119,23.0,1.98
483,33.76,1007.6095,27.0,1.93
484,36.52,1045.598,39.0,2.18
485,57.2,1081.2415,14.0,1.55
486,45.56,1009.6534,20.0,1.45
487,54.52,1024.4829,21.0,1.48
488,37.28,1059.687,19.0,1.8
489,60.0,1055.9372,12.0,1.84
490,43.84,1031.0169,38.0,1.69
491,32.92,990.5205,38.0,1.53
492,55.24,1034.4838,35.0,1.99
493,42.12,1016.1512,46.0,1.71
494,35.8,1032.2962,21.0,1.78
495,54.56,1011.8056,25.0,1.93
496,48.24,1062.5472,29.0,2.11
497,52.92,1029.8074,17.0,1.48
498,41.88,1008.1828,24.0,1.61
499,50.6,1057.2788,8.0,1.61
500,49.56,993.81,43.0,2.24
501,40.08,1011.9451,34.0,1.46
502,51.2,996.0772,31.0,1.44
503,33.72,1013.6055,50.0,1.57
504,41.8,1041.1348,41.0,1.35
505,48.12,1005.6569,25.0,1.52
506,48.2,1141.6095,31.0,1.64
507,48.4,1107.8439,39.0,1.82
508,43.32,993.3265,18.0,1.97
509,45.32,1049.6924,36.0,1.89
510,45.32,1048.0267,17.0,1.92
511,45.76,1035.6999,21.0,1.63
512,38.04,1013.018,-3.0,1.73
513,41.72,1037.0461,55.0,1.83
514,52.64,1080.6153,12.0,1.48
515,52.0,1036.0353,16.0,1.51
516,48.6,1047.8959,16.0,1.56
517,46.44,1053.5297,27.0,1.68
518,51.72,1042.6811,22.0,1.49
519,51.84,1030.0607,45.0,1.97
520,34.56,1032.9984,71.0,1.38
521,37.68,1041.1245,24.0,1.65
522,38.8,1076.3687,30.0,1.7
523,46.88,1051.9295,29.0,1.54
524,33.48,1004.9689,33.0,1.42
525,46.88,1045.4416,11.0,1.54
526,43.6,1109.7026,22.0,1.5
527,51.92,996.936,29.0,1.62
528,49.64,1076.7684,38.0,2.29
529,33.56,999.4733,39.0,1.9
530,44.24,1001.2072,32.0,1.99
531,37.32,1192.2784,13.0,1.98
532,56.52,1020.4305,21.0,1.61
533,36.24,1008.8884,7.0,1.57
534,67.04,992.0631,20.0,1.61
535,48.4,1237.9593,24.0,1.66
536,42.72,1047.154,37.0,1.64
537,49.6,984.0294,27.0,1.99
538,43.12,1045.5059,21.0,1.52
539,47.88,1063.962,32.0,1.62
540,41.64,1063.0684,26.0,1.65
541,40.68,1020.4915,3.0,1.71
542,55.56,1021.9992,19.0,1.3
543,38.08,1042.228,59.0,1.64
544,44.12,1054.2138,7.0,1.79
545,49.4,1032.5273,34.0,1.85
546,46.0,1009.2568,18.0,1.77
547,47.12,1017.8104,38.0,2.09
548,46.88,1081.9973,15.0,1.61
549,29.32,1019.9298,49.0,1.76
550,52.16,1038.3141,15.0,1.56
551,55.16,1028.2082,46.0,1.75
552,54.32,1065.6484,21.0,1.59
553,45.96,1032.3624,74.0,1.78
554,38.8,976.317,48.0,1.45
555,33.8,1039.8848,38.0,1.48
556,54.92,1043.9218,30.0,1.88
557,51.32,1035.1267,29.0,1.79
558,47.36,1019.4684,16.0,1.74
559,32.04,1012.5082,16.0,1.3
560,46.32,1018.5328,41.0,1.63
561,56.36,1034.6343,-4.0,1.61
562,40.72,1078.149,28.0,1.67
563,41.0,1039.6326,15.0,1.95
564,50.4,1012.6761,44.0,2.59
565,57.92,1015.1734,14.0,2.0
566,57.52,1047.1327,34.0,1.8
567,34.96,1037.8605,42.0,1.78
568,48.84,1037.987,33.0,1.53
569,46.8,1031.5672,23.0,1.43
570,44.44,1040.9714,18.0,1.56
571,50.16,1056.3092,36.0,1.47
572,38.04,1036.724,19.0,1.71
573,48.76,1052.2132,-4.0,2.06
574,32.28,1005.8743,27.0,2.59
575,48.76,1044.4468,20.0,3.2
576,45.16,1009.9628,32.0,2.44
577,36.92,1068.9941,48.0,1.8
578,32.8,1023.6414,31.0,1.85
579,35.36,989.6887,67.0,2.66
580,37.48,1036.7927,45.0,2.79
581,49.12,1016.8384,11.0,1.75
582,34.72,997.369,26.0,2.32
583,48.96,1052.9006,59.0,2.4
584,45.08,1056.0909,29.0,2.1
585,30.04,1001.9795,48.0,2.04
586,46.24,1035.1771,-4.0,2.95
587,40.68,1021.9921,24.0,2.68
588,44.8,1021.7298,52.0,2.1
589,60.04,1052.6577,12.0,1.72
590,44.72,1061.2738,33.0,1.79
591,31.08,991.6564,47.0,2.12
592,49.64,1031.0035,16.0,1.85
593,44.76,1028.4203,31.0,1.69
594,23.4,1010.9609,36.0,1.61
595,42.72,1088.8338,23.0,1.79
596,55.8,1031.951,27.0,1.98
597,41.68,1072.1078,32.0,1.99
598,45.28,1056.1908,44.0,1.67
599,56.24,997.212,38.0,1.92
600,34.24,994.9838,0.0,1.68
601,49.96,1057.4622,10.0,1.68
602,37.0,1003.2976,25.0,1.19
603,30.52,1003.0039,38.0,1.15
604,43.32,1017.4012,31.0,1.31
605,51.52,1007.5622,25.0,1.74
606,39.6,1039.8649,33.0,1.25
607,39.6,1009.5231,59.0,1.19
608,36.56,1022.3571,27.0,1.28
609,35.12,1065.0469,60.0,1.36
610,57.8,1048.2625,15.0,1.22
611,54.6,1021.0187,41.0,1.19
612,49.4,1007.6735,20.0,1.28
613,53.84,1000.9709,25.0,1.19
614,53.28,1004.3897,10.0,1.16
615,49.88,1096.192,46.0,1.37
616,53.08,999.8488,24.0,1.7
617,41.28,1051.461,11.0,1.59
618,42.8,1025.8326,30.0,1.61
619,48.36,1044.1891,22.0,1.49
620,40.6,1005.9175,47.0,1.49
621,34.56,1003.1971,32.0,1.86
622,41.28,1009.8826,31.0,2.05
623,48.76,982.2448,20.0,1.45
624,51.92,1007.3463,15.0,1.56
625,59.16,1005.8786,14.0,1.42
626,50.44,1003.8625,24.0,2.33
627,67.28,997.6162,5.0,1.96
628,41.36,1050.1708,44.0,2.14
629,53.44,1021.4151,0.0,1.75
630,49.12,1002.969,9.0,1.7
631,40.56,1010.2722,50.0,1.91
632,41.52,1004.4653,33.0,2.01
633,59.64,1032.4938,7.0,2.13
634,41.08,1020.9581,46.0,2.09
635,49.04,1026.5922,13.0,1.97
636,38.2,1011.8071,31.0,1.84
637,54.44,1025.3442,23.0,2.07
638,41.04,1008.4615,22.0,2.21
639,26.16,1010.424,46.0,1.67
640,41.24,1068.714,16.0,2.0
641,48.16,1010.561,22.0,2.41
642,54.4,1011.6929,22.0,3.02
643,58.48,1018.9161,8.0,1.51
644,46.68,1039.3362,8.0,1.21
645,33.96,1075.9203,22.0,1.16
646,35.36,1173.2136,28.0,1.06
647,43.0,1225.4968,22.0,1.43
648,51.24,1016.482,10.0,1.22
649,60.04,1077.6344,16.0,1.16
650,39.12,1046.7035,59.0,1.33
651,60.64,1090.969,19.0,1.14
652,37.16,1042.1887,40.0,1.31
653,49.76,1045.955,42.0,1.41
654,36.76,1004.2148,50.0,1.28
655,49.48,999.9113,11.0,1.14
656,47.88,1029.9282,4.0,1.25
657,40.6,1011.4614,25.0,1.36
658,45.92,1074.1513,11.0,1.21
659,36.72,1000.6987,30.0,1.45
660,40.92,1018.7756,34.0,1.53
661,45.76,1043.6878,32.0,1.77
662,55.6,1016.2414,19.0,2.35
663,37.56,1031.5352,49.0,2.87
664,41.64,1049.5547,42.0,1.59
665,52.24,1018.84,14.0,1.96
666,38.68,989.1547,41.0,2.06
667,40.28,1041.0361,52.0,1.9
668,47.56,996.7353,14.0,1.67
669,49.52,1027.2534,33.0,2.21
670,43.0,1013.1815,20.0,1.84
671,51.44,1039.48,22.0,1.76
672,44.44,1018.1816,18.0,1.83
673,46.84,1036.3825,36.0,1.79
674,39.8,1018.2513,27.0,1.89
675,24.56,1019.0028,36.0,1.76
676,54.2,1029.6253,32.0,1.53
677,26.32,970.1373,41.0,2.29
678,49.6,1030.2034,34.0,2.64
679,36.4,1051.5834,56.0,2.75
680,41.0,1041.1259,11.0,2.2
681,48.04,1065.7629,46.0,1.83
682,45.68,1070.6914,17.0,1.74
683,45.72,1052.7192,24.0,1.86
684,60.52,1045.3976,12.0,2.0
685,52.88,1024.8685,49.0,2.17
686,54.32,1064.217,29.0,1.81
687,45.2,1019.7679,9.0,1.88
688,56.32,1003.9765,21.0,1.52
689,33.08,1019.5001,30.0,1.76
690,34.68,1034.8157,14.0,2.42
691,49.72,1018.1519,43.0,2.68
692,42.2,1060.1774,20.0,1.68
693,56.2,1077.4232,15.0,1.55
694,46.16,1034.3687,43.0,1.1
695,26.24,1060.937,24.0,1.26
696,47.48,1012.4756,36.0,1.86
697,39.84,996.3297,13.0,1.39
698,29.36,1060.1796,39.0,1.34
699,57.36,1006.7526,22.0,1.17
700,45.24,1024.1258,15.0,1.17
701,41.96,993.1374,18.0,1.18
702,40.8,1026.1478,38.0,1.11
703,33.44,1027.7614,50.0,1.17
704,33.76,1006.8138,15.0,1.33
705,46.8,1047.529,21.0,1.28
706,56.96,1056.9196,28.0,1.27
707,47.24,1013.9101,40.0,1.26
708,40.2,1017.7225,33.0,1.14
709,42.2,1019.7973,23.0,1.19
710,50.8,1016.4614,19.0,1.14
711,45.56,1018.4867,12.0,1.24
712,55.68,1004.2828,18.0,1.05
713,46.76,1073.2097,9.0,1.47
714,22.32,1013.985,13.0,1.23
715,48.84,986.5962,35.0,1.16
716,46.16,1037.4073,31.0,1.47
717,47.36,1077.3664,35.0,1.78
718,47.08,999.8633,29.0,1.17
719,44.92,1034.344,62.0,1.14
720,47.24,1017.9587,37.0,2.33
721,52.32,1018.5116,44.0,1.46
722,51.2,1047.3291,26.0,1.31
723,57.12,1047.1587,36.0,1.29
724,57.44,1010.1676,10.0,1.11
725,45.88,989.6099,49.0,1.2
726,52.76,1123.352,27.0,1.61
727,49.68,1036.8557,25.0,1.19
728,53.04,1063.3029,22.0,1.63
729,48.32,1022.1546,24.0,1.32
730,46.32,1059.1947,45.0,1.35
731,48.84,1051.1212,31.0,1.75
732,46.32,1204.2774,4.0,1.4
733,43.84,1017.553,23.0,2.03
734,54.84,1020.7499,15.0,1.71
735,31.96,1004.8945,27.0,1.61
736,38.84,1021.416,73.0,1.21
737,54.04,1053.219,22.0,1.27
738,42.76,1032.1977,20.0,1.14
739,56.0,1015.8638,22.0,1.14
740,43.28,1081.3079,52.0,1.53
741,42.24,1049.5868,35.0,1.63
742,43.4,1098.0762,28.0,1.27
743,38.68,990.7298,38.0,1.56
744,44.48,1027.5906,17.0,1.39
745,47.72,1026.7646,37.0,1.04
746,47.56,1039.253,8.0,1.29
747,44.84,1037.4267,10.0,1.46
748,44.56,1021.6025,18.0,1.55
749,49.56,1024.7969,5.0,1.2
750,38.24,992.3981,-6.0,1.21
751,45.44,993.8923,33.0,1.74
752,38.24,1032.9962,42.0,1.13
753,34.08,1025.7426,32.0,1.16
754,39.56,1025.2966,42.0,1.27
755,53.24,992.4861,45.0,1.14
756,58.08,1025.004,2.0,1.17
757,42.4,1024.9576,-1.0,1.27
758,37.72,1013.7301,34.0,1.23
759,49.32,1010.1638,0.0,1.49
760,56.76,1034.7468,25.0,1.34
761,48.52,1042.5533,37.0,1.39
762,50.72,1057.0185,28.0,1.55
763,52.04,1025.2312,24.0,1.16
764,29.76,1010.9958,57.0,2.34
765,31.68,1031.681,14.0,1.48
766,49.16,1037.1239,-1.0,1.43
767,37.2,1032.9245,96.0,1.4
768,51.16,1052.0444,38.0,1.33
769,54.24,1061.4977,10.0,1.29
770,28.52,990.9119,60.0,2.19
771,46.96,1014.4063,33.0,2.8
772,53.16,1009.4801,19.0,1.4
773,26.44,1001.0706,36.0,1.42
774,38.96,1000.2939,26.0,1.16
775,30.72,1105.2113,21.0,1.05
776,31.76,1041.3668,41.0,1.57
777,29.36,1023.8681,39.0,1.26
778,44.16,1067.7626,36.0,1.58
779,29.76,1006.1324,25.0,1.59
780,42.32,1041.6499,40.0,1.46
781,39.44,1063.718,10.0,1.17
782,25.76,1048.088,27.0,1.22
783,59.76,1017.8679,1.0,1.7
784,30.72,990.0657,27.0,2.03
785,52.72,989.9384,17.0,2.16
786,33.64,1007.2013,43.0,1.12
787,51.64,990.9749,19.0,1.26
788,33.4,1026.3593,52.0,1.45
789,58.28,1073.1781,-4.0,1.18
790,34.88,1011.5336,46.0,1.29
791,53.28,1043.6712,2.0,1.41
792,36.32,997.9072,21.0,1.2
793,40.52,1018.6418,49.0,1.37
794,44.8,1031.8256,39.0,1.45
795,35.56,1060.113,45.0,1.32
796,44.28,1033.6218,24.0,1.25
797,56.12,1043.6268,3.0,1.16
798,57.6,1024.2297,16.0,1.16
799,46.8,1016.8791,20.0,1.36
800,48.76,1013.1319,14.0,1.11
801,32.48,999.6063,73.0,1.18
802,35.48,1036.6638,57.0,1.07
803,51.48,1036.1264,13.0,1.1
804,22.52,1004.0785,47.0,1.22
805,54.08,1029.0833,21.0,1.09
806,47.8,1060.0546,58.0,1.18
807,39.64,1014.4772,46.0,1.38
808,47.08,1009.8678,37.0,1.2
809,54.4,1003.3594,23.0,1.61
810,39.36,1024.3066,51.0,1.27
811,36.08,1028.6276,27.0,1.37
812,33.4,1029.1618,42.0,1.27
813,38.32,1034.7121,56.0,1.21
814,34.2,1019.1776,45.0,1.22
815,47.68,993.029,57.0,1.06
816,35.96,1004.5468,12.0,1.24
817,42.8,1093.2281,21.0,1.14
818,27.0,990.1493,50.0,1.13
819,39.36,1031.7114,6.0,1.13
820,38.96,1043.3282,65.0,1.24
821,56.0,1082.9303,25.0,1.22
822,22.72,1016.5904,28.0,1.16
823,55.8,1047.8234,23.0,0.98
824,56.88,1044.5052,-4.0,1.16
825,50.84,1000.8649,25.0,1.19
826,43.88,1089.7879,7.0,1.33
827,24.48,994.7109,33.0,1.18
828,39.24,1049.3817,40.0,1.43
829,43.08,1044.8033,7.0,1.34
830,39.48,1036.8988,51.0,1.18
831,35.12,999.6388,36.0,1.21
832,44.4,1016.2512,50.0,1.23
833,60.84,1014.2422,37.0,1.16
834,51.36,1048.7943,11.0,1.27
835,46.44,1007.1252,12.0,1.8
836,36.4,996.9215,65.0,2.2
837,44.56,1038.6594,18.0,1.99
838,47.72,995.2796,32.0,1.8
839,41.52,1025.3061,1.0,1.6
840,52.0,1071.4653,-2.0,1.54
841,47.2,1098.2579,28.0,1.71
842,47.96,1015.7573,57.0,1.82
843,47.96,1056.3336,37.0,1.65
844,44.76,1028.1473,7.0,1.72
845,53.84,1080.8081,19.0,1.59
846,35.84,989.5662,23.0,2.11
847,49.0,1032.0881,22.0,1.62
848,52.2,1001.7318,34.0,1.52
849,52.64,1044.7582,14.0,1.6
850,56.04,1028.0314,23.0,1.62
851,53.44,1035.5992,41.0,1.52
852,35.76,1057.1842,33.0,1.61
853,37.12,1084.244,15.0,2.21
854,36.48,1021.8324,30.0,1.54
855,46.4,1013.7932,31.0,1.89
856,54.44,992.4266,8.0,1.54
857,48.56,1024.7039,31.0,1.72
858,39.08,1015.1497,25.0,1.56
859,54.28,1037.3247,28.0,1.69
860,50.16,1021.6409,37.0,1.58
861,39.08,1054.8337,29.0,1.59
862,37.68,1001.4253,38.0,1.4
863,47.92,1046.121,44.0,1.37
864,48.8,1012.9488,30.0,1.43
865,43.08,1061.4448,75.0,1.61
866,22.88,1040.5585,23.0,1.43
867,36.16,1020.5745,25.0,1.53
868,51.84,1022.9438,31.0,1.41
869,46.56,998.1378,31.0,1.68
870,46.36,1040.3283,36.0,1.39
871,44.32,1041.102,48.0,1.58
872,56.2,1129.4093,44.0,1.52
873,55.48,1046.704,31.0,2.14
874,52.04,1001.9648,12.0,1.56
875,41.24,1008.4383,46.0,1.54
876,38.16,1005.7447,35.0,1.31
877,63.84,1030.2991,14.0,1.43
878,50.48,1041.121,39.0,1.46
879,40.84,1160.9088,53.0,1.51
880,38.0,1026.2433,39.0,1.63
881,40.04,1022.2232,40.0,1.51
882,37.56,1058.1437,40.0,1.45
883,42.48,1039.7751,31.0,1.46
884,53.56,1022.1324,42.0,1.5
885,29.96,1078.2288,16.0,1.5
886,47.48,996.0484,13.0,1.38
887,54.6,1034.091,9.0,1.34
888,52.8,1048.7733,24.0,1.27
889,52.72,1120.5648,5.0,1.45
890,55.16,1046.1348,42.0,1.23
891,43.2,1014.0621,55.0,1.46
892,48.12,1026.5375,42.0,1.75
893,41.88,1065.091,20.0,1.68
894,45.16,1067.1226,14.0,2.11
895,37.32,1017.931,25.0,1.63
896,31.24,1000.6727,38.0,1.78
897,54.4,1030.8091,5.0,1.47
898,43.36,1017.4795,18.0,1.64
899,52.72,1082.2952,21.0,2.52
900,39.6,1017.7508,47.0,2.1
901,46.92,1062.2752,22.0,2.29
902,53.6,1039.7581,31.0,1.68
903,48.48,1050.9262,28.0,1.73
904,44.84,1047.7505,18.0,1.81
905,48.2,1056.3516,24.0,1.59
906,48.64,1056.7457,26.0,1.52
907,50.44,1075.8604,38.0,1.63
908,45.44,1024.749,39.0,1.75
909,53.88,1029.7712,12.0,1.27
910,52.6,1021.2445,27.0,1.26
911,46.08,995.5334,29.0,1.23
912,40.28,1022.7078,3.0,1.65
913,26.16,1008.0592,38.0,1.2
914,49.68,1027.432,20.0,1.23
915,52.52,993.0777,29.0,1.18
916,54.72,1021.3065,24.0,1.26
917,51.8,1029.1232,7.0,1.26
918,43.76,1142.8564,35.0,1.17
919,44.2,1017.1547,31.0,1.15
920,56.84,1042.0936,30.0,1.23
921,51.44,1109.5526,19.0,1.1
922,34.68,1002.9236,26.0,1.41
923,26.92,1024.6055,21.0,1.5
924,31.2,1027.6041,7.0,1.55
925,52.08,1043.8639,25.0,1.62
926,44.72,1051.3352,23.0,1.23
927,58.2,1067.7393,22.0,1.13
928,46.96,1005.1489,25.0,1.19
929,26.44,1001.1179,65.0,1.16
930,43.96,1072.3318,62.0,1.25
931,49.0,1093.0339,21.0,1.18
932,42.44,1033.4908,46.0,1.25
933,47.12,1095.0337,36.0,1.42
934,42.6,1016.8779,21.0,1.15
935,35.8,1028.2596,39.0,1.76
936,54.48,1053.4014,19.0,1.8
937,39.04,1035.7886,42.0,1.31
938,50.04,1086.6891,32.0,1.28
939,30.6,978.7878,36.0,1.41
940,35.24,1024.5428,51.0,1.64
941,44.2,1026.1148,21.0,1.66
942,34.36,1021.8292,35.0,1.85
943,57.0,1086.3794,42.0,1.58
944,51.2,1018.268,28.0,1.81
945,52.76,1142.8128,30.0,1.84
946,50.36,1062.4307,30.0,1.87
947,45.16,1002.813,29.0,1.56
948,47.48,999.3834,48.0,1.48
949,34.72,1009.0451,57.0,1.69
950,51.6,1005.2184,18.0,1.58
951,45.88,1023.0107,14.0,1.67
952,49.08,997.3154,48.0,1.72
953,61.2,1029.4982,26.0,1.58
954,52.8,1020.3911,42.0,1.61
955,46.28,1009.1436,14.0,1.52
956,48.64,1015.7301,33.0,2.13
957,37.88,1014.1865,53.0,1.56
958,47.96,1058.3512,67.0,1.86
959,41.52,1027.4559,51.0,1.76
960,38.04,1002.8847,43.0,1.56
961,26.4,999.1289,21.0,1.62
962,50.8,1067.2819,12.0,1.61
963,55.0,1078.9457,38.0,1.53
964,44.52,1020.2791,38.0,1.62
965,45.76,1010.462,15.0,1.57
966,41.28,1061.6497,44.0,1.87
967,53.84,995.1288,25.0,1.36
968,52.64,1011.288,31.0,1.13
969,44.92,1036.7524,14.0,1.14
970,45.8,1027.2578,40.0,1.17
971,40.36,1045.0942,25.0,1.2
972,46.56,1073.2235,55.0,1.13
973,47.24,1037.023,33.0,1.17
974,27.8,1028.4112,44.0,1.16
975,39.8,1026.025,66.0,1.23
976,46.16,1009.9839,3.0,1.08
977,50.52,1010.8414,23.0,1.59
978,59.12,1003.0818,1.0,1.17
979,48.92,1039.1192,21.0,1.23
980,30.2,1007.9029,83.0,1.22
981,37.2,1001.0725,42.0,1.2
982,45.0,1054.9921,41.0,1.13
983,35.96,1006.5017,31.0,1.21
984,49.76,1032.6837,15.0,1.2
985,35.28,1100.771,58.0,1.14
986,36.4,1065.033,15.0,1.21
987,50.32,1012.2919,15.0,1.19
988,51.0,1146.1826,38.0,1.26
989,39.64,1010.4465,21.0,1.48
990,59.28,1056.6739,18.0,1.47
991,44.48,1059.2464,3.0,1.17
992,30.24,1012.1747,80.0,1.09
993,60.8,1012.7992,8.0,1.21
994,45.16,1004.7732,34.0,1.18
995,31.12,990.5595,24.0,1.23
996,46.68,1007.0439,50.0,1.33
997,57.8,1015.6611,38.0,1.12
998,48.4,1044.9336,23.0,1.16
999,39.4,988.9862,44.0,1.11
1000,46.88,1000.9636,35.0,1.08
1001,44.56,1041.9066,19.0,1.18
1002,56.24,1037.2797,13.0,1.66
1003,47.64,1065.2246,36.0,1.1
1004,33.0,993.7666,52.0,1.15
1005,48.52,1020.6078,41.0,1.16
1006,56.68,1055.9128,44.0,1.18
1007,27.64,1018.6663,28.0,1.16
1008,46.92,999.9987,16.0,1.08
1009,45.84,1057.635,22.0,1.12
1010,50.44,1024.244,22.0,1.08
1011,55.36,1012.3208,44.0,1.16
1012,39.12,985.8893,48.0,1.79
1013,53.76,1010.779,38.0,1.35
1014,49.24,1069.6696,35.0,1.55
1015,48.72,1009.6884,22.0,1.63
1016,42.04,1035.0177,75.0,1.52
1017,57.48,1008.689,18.0,1.39
1018,37.0,1022.412,32.0,1.26
1019,45.08,1062.7839,15.0,1.41
1020,55.52,1025.188,32.0,1.38
1021,29.76,1028.9717,43.0,1.22
1022,39.56,1013.2944,21.0,1.12
1023,46.16,1020.2562,58.0,1.23
1024,43.96,1003.4432,19.0,1.08
1025,49.2,1079.6217,42.0,1.12
1026,38.92,1035.7624,52.0,1.81
1027,42.96,1028.7577,43.0,1.27
1028,52.8,1011.8589,25.0,1.14
1029,34.92,1019.0326,39.0,1.16
1030,47.88,1025.713,46.0,1.14
1031,50.6,1031.3602,29.0,1.21
1032,43.72,1039.1667,38.0,1.16
1033,61.32,1021.5661,-5.0,1.14
1034,41.96,1017.3102,50.0,1.18
1035,40.16,1007.7656,25.0,1.25
1036,55.04,1008.8745,7.0,1.03
1037,45.0,1003.7209,12.0,1.04
1038,32.04,1008.8515,33.0,1.22
1039,56.52,1014.6851,19.0,1.2
1040,49.8,996.553,14.0,1.13
1041,56.68,1035.1213,38.0,1.1
1042,51.68,1051.085,37.0,1.13
1043,52.84,1009.0076,9.0,1.58
1044,51.28,991.4913,53.0,1.17
1045,44.92,1042.4755,20.0,1.23
1046,41.28,1002.4606,20.0,1.17
1047,54.6,1039.0383,-4.0,1.3
1048,32.92,1028.5152,81.0,1.11
1049,42.12,1092.57,33.0,1.09
1050,46.24,1021.3522,18.0,1.49
1051,55.52,1012.368,27.0,1.24
1052,50.24,1007.7334,33.0,1.59
1053,50.84,1033.2324,50.0,1.1
1054,37.96,1010.3644,6.0,1.22
1055,43.68,1067.3028,48.0,1.11
1056,56.12,1011.7604,2.0,1.2
1057,31.12,1024.2234,17.0,1.22
1058,46.36,1032.4201,-4.0,1.04
1059,41.96,1029.4522,-4.0,1.31
1060,25.32,987.1727,35.0,1.14
1061,56.24,1018.9274,23.0,1.13
1062,33.4,982.7726,25.0,1.19
1063,38.0,1032.0915,20.0,1.1
1064,37.08,1014.6638,42.0,1.1
1065,44.44,1074.8307,20.0,1.16
1066,63.76,1070.7228,0.0,1.1
1067,48.64,1006.7782,31.0,1.1
1068,53.76,1006.5512,18.0,1.02
1069,44.4,1130.5591,34.0,1.16
1070,48.16,1017.0188,35.0,1.13
1071,43.24,1033.4812,24.0,1.2
1072,32.96,1030.1647,59.0,1.12
1073,48.24,1052.8019,22.0,1.07
1074,46.12,1004.216,25.0,1.22
1075,43.84,1042.5337,75.0,1.1
1076,45.44,1025.9941,66.0,1.19
1077,39.32,1025.5497,17.0,1.28
1078,50.52,1026.3071,14.0,1.16
1079,51.0,1012.655,20.0,1.66
1080,43.96,1019.6187,22.0,1.21
1081,43.6,1009.5078,32.0,1.34
1082,40.24,985.4087,45.0,1.44
1083,26.48,1024.3357,52.0,1.32
1084,34.6,1022.6446,13.0,1.33
1085,67.68,1010.4092,8.0,1.32
1086,49.52,1027.118,15.0,1.28
1087,33.4,1030.5169,47.0,1.29
1088,37.4,1032.7116,27.0,1.26
1089,45.96,1084.0009,24.0,1.28
1090,52.28,1022.5016,9.0,1.16
1091,45.6,987.4315,24.0,1.16
1092,53.84,1013.2576,8.0,1.15
1093,57.64,1043.7423,23.0,1.18
1094,42.88,1014.7265,52.0,1.68
1095,41.56,1047.6441,24.0,1.59
1096,53.56,1025.9268,27.0,1.47
1097,41.72,1032.9601,38.0,1.25
1098,44.16,1084.2202,7.0,1.28
1099,41.8,1024.659,50.0,1.44
1100,35.92,1019.2623,9.0,1.34
1101,49.44,1030.6087,14.0,1.27
1102,42.84,1009.7586,12.0,1.72
1103,54.2,1019.4168,32.0,1.24
1104,37.96,1046.5232,51.0,1.53
1105,38.32,1028.774,20.0,1.19
1106,33.28,1000.9848,53.0,1.59
1107,43.28,1061.5857,40.0,1.24
1108,40.56,1048.9931,20.0,1.47
1109,47.04,1007.9914,23.0,1.41
1110,47.48,996.9694,2.0,1.39
1111,37.56,1016.7589,16.0,1.54
1112,39.32,1035.2553,21.0,1.47
1113,34.68,1019.401,20.0,1.74
1114,46.56,997.2727,50.0,1.22
1115,50.28,1009.9738,27.0,1.24
1116,44.32,1037.8384,40.0,1.7
1117,45.24,1034.9369,51.0,1.39
1118,37.8,985.6608,37.0,1.1
1119,43.44,1039.1837,44.0,1.2
1120,48.04,1037.4946,16.0,1.31
1121,54.16,1026.1845,-2.0,1.2
1122,46.48,1012.6704,15.0,1.63
1123,46.0,987.1916,33.0,1.12
1124,49.12,1022.7078,52.0,1.25
1125,42.64,1025.8466,23.0,2.0
1126,46.96,999.0619,30.0,1.23
1127,42.88,1019.0513,64.0,1.22
1128,54.44,1012.8878,31.0,1.11
1129,50.72,1017.0478,27.0,1.18
1130,43.0,1045.2643,32.0,1.25
1131,50.88,1012.5099,36.0,1.45
1132,51.8,1059.3401,41.0,1.14
1133,47.0,1029.6373,15.0,1.12
1134,41.04,1018.5875,39.0,1.37
1135,58.36,1018.4228,-3.0,1.56
1136,39.72,1048.1804,19.0,1.13
1137,46.0,1019.0848,35.0,1.1
1138,40.92,1020.9206,33.0,1.3
1139,50.0,1029.6235,14.0,1.15
1140,52.36,1027.763,4.0,1.12
1141,41.36,1048.6012,24.0,1.4
1142,45.32,1018.3218,25.0,1.31
1143,39.32,997.6401,21.0,1.41
1144,42.12,1040.8127,31.0,1.66
1145,42.12,1138.0766,26.0,1.18
1146,41.24,1014.0943,59.0,1.32
1147,39.04,1003.3074,32.0,1.9
1148,45.28,993.0623,6.0,2.04
1149,43.32,1017.627,42.0,1.59
1150,26.0,990.8086,42.0,1.22
1151,60.92,993.3914,27.0,1.11
1152,53.0,1035.6795,20.0,1.24
1153,43.76,1022.6482,-4.0,1.42
1154,48.4,1053.5231,23.0,1.28
1155,35.84,993.7351,58.0,1.32
1156,51.36,1050.8769,39.0,1.47
1157,52.88,1028.7804,40.0,1.31
1158,34.88,987.5706,17.0,1.08
1159,59.84,1034.8342,11.0,1.18
1160,29.8,981.667,85.0,1.35
1161,51.68,1023.0653,30.0,1.19
1162,58.12,1024.0366,19.0,1.35
1163,36.92,976.8488,14.0,1.63
1164,48.0,993.6243,10.0,1.16
1165,54.8,1024.924,10.0,1.13
1166,39.6,1030.0124,17.0,1.35
1167,32.48,997.3943,5.0,1.46
1168,38.56,1045.2292,9.0,1.62
1169,48.92,1074.3489,50.0,1.3
1170,56.8,998.207,12.0,1.29
1171,64.24,1022.357,3.0,1.43
1172,36.52,1001.7526,57.0,1.63
1173,47.24,1023.1808,33.0,1.17
1174,30.96,1009.5448,28.0,1.49
1175,52.0,997.5238,33.0,1.41
1176,39.12,1013.5308,44.0,1.32
1177,52.88,1049.5197,7.0,1.08
1178,42.96,1002.8243,41.0,1.16
1179,37.76,1006.9192,23.0,1.17
1180,39.0,982.7017,10.0,1.26
1181,30.44,1016.8288,37.0,1.08
1182,52.08,1000.6566,32.0,1.26
1183,38.24,1010.9444,49.0,1.14
1184,48.6,1046.0141,20.0,1.19
1185,56.8,1027.8236,26.0,1.28
1186,36.32,997.6968,11.0,1.35
1187,52.72,1050.2164,15.0,1.62
1188,42.0,1026.5625,11.0,1.14
1189,45.12,1009.7886,32.0,1.22
1190,59.2,1052.7962,20.0,1.25
1191,46.92,1066.1548,29.0,1.16
1192,53.48,1043.9158,33.0,1.15
1193,39.52,1004.0795,-2.0,1.12
1194,58.72,1011.9865,10.0,1.17
1195,38.0,1016.3412,28.0,1.06
1196,50.52,1063.7045,10.0,1.2
1197,48.64,1022.9178,39.0,1.64
1198,58.28,1019.6076,45.0,1.22
1199,60.52,1003.4368,29.0,1.27
1200,38.84,1052.7015,43.0,1.2
1201,49.32,1038.0202,48.0,1.09
1202,51.96,1100.4596,24.0,1.16
1203,47.52,1032.8076,15.0,1.16
1204,50.24,1016.0566,28.0,0.98
1205,44.96,1040.371,37.0,1.21
1206,58.12,1051.5899,15.0,1.14
1207,37.96,1041.4662,39.0,1.13
1208,59.16,999.0295,15.0,1.06
1209,53.52,1017.9329,25.0,1.14
1210,33.88,1010.5635,17.0,1.08
1211,39.84,1036.6053,50.0,1.03
1212,44.68,1027.316,52.0,1.22
1213,53.4,1044.1025,35.0,1.16
1214,49.8,1007.4066,27.0,1.17
1215,41.16,1021.0982,30.0,1.2
1216,41.48,1089.2311,50.0,1.25
1217,40.0,1085.1128,35.0,1.09
1218,57.16,989.309,37.0,1.15
1219,43.36,1002.814,36.0,1.16
1220,54.92,1053.9192,31.0,1.29
1221,44.68,1070.816,1.0,1.25
1222,45.2,1064.8539,25.0,1.2
1223,27.16,985.7998,37.0,1.63
1224,55.44,1032.0246,8.0,1.09
1225,51.52,1004.5008,30.0,1.22
1226,48.48,1069.3183,6.0,1.1
1227,56.44,1036.1308,55.0,1.12
1228,49.64,1029.251,17.0,1.08
1229,48.28,994.1149,29.0,1.12
1230,48.72,1002.4334,32.0,1.14
1231,48.76,1044.4295,24.0,1.13
1232,50.08,1019.1686,13.0,0.97
1233,53.12,1107.5522,25.0,1.2
1234,51.88,1011.3108,21.0,1.17
1235,39.24,1058.9632,25.0,1.31
1236,38.6,1019.4503,33.0,1.14
1237,52.52,1040.3912,13.0,1.13
1238,36.92,1023.6525,14.0,1.12
1239,41.2,1054.1222,7.0,1.33
1240,37.04,1014.8944,42.0,1.09
1241,39.56,1010.3352,53.0,1.13
1242,51.2,1045.8328,16.0,1.07
1243,50.2,1075.569,37.0,1.09
1244,56.28,1037.8201,9.0,1.17
1245,42.12,1039.4176,14.0,1.22
1246,40.56,1004.5137,20.0,1.17
1247,34.92,1016.9204,34.0,1.14
1248,47.72,1043.2015,41.0,1.1
1249,55.52,992.0372,25.0,1.27
1250,30.68,1001.9801,56.0,1.6
1251,50.16,1043.4895,53.0,1.21
1252,38.4,1043.1975,50.0,1.1
1253,49.52,1080.2994,14.0,1.22
1254,28.08,1022.9387,17.0,1.16
1255,54.4,1028.197,21.0,1.15
1256,49.52,1017.6422,47.0,1.12
1257,33.04,1061.7737,36.0,1.08
1258,45.84,1032.5633,30.0,1.12
1259,44.48,1016.9055,26.0,1.17
1260,47.2,999.8812,24.0,1.25
1261,43.44,1151.7066,37.0,1.06
1262,69.88,1021.3535,-2.0,1.08
1263,45.52,1015.7051,33.0,1.18
1264,59.12,1039.549,22.0,1.14
1265,47.08,1052.8788,15.0,1.09
1266,50.28,1053.9435,24.0,1.16
1267,59.24,1045.6572,18.0,1.18
1268,65.92,1004.9785,11.0,1.14
1269,55.04,1018.929,15.0,1.2
1270,50.52,1037.7549,29.0,1.25
1271,60.88,1003.684,4.0,1.18
1272,53.56,1021.4296,23.0,1.14
1273,48.64,1015.6392,42.0,1.51
1274,43.4,1020.4983,45.0,1.5
1275,29.0,1030.6212,37.0,1.42
1276,44.56,1068.7646,60.0,1.87
1277,51.92,1015.4148,42.0,1.31
1278,49.96,1025.3062,32.0,1.3
1279,39.36,1056.1742,28.0,1.25
1280,34.08,1045.4431,29.0,1.2
1281,62.72,1020.7364,12.0,1.36
1282,41.72,1037.9937,18.0,1.48
1283,51.04,1014.5073,48.0,1.24
1284,56.36,1008.2498,28.0,1.41
1285,27.24,1049.3653,34.0,1.52
1286,45.8,1053.4006,8.0,1.2
1287,52.72,1060.9786,22.0,1.2
1288,44.28,991.7936,42.0,1.48
1289,49.76,1029.2953,16.0,1.63
1290,50.24,1022.397,47.0,1.92
1291,54.04,1054.4954,15.0,1.64
1292,56.28,1022.6416,20.0,1.4
1293,51.64,1019.3114,19.0,1.33
1294,57.68,1016.2014,33.0,1.33
1295,53.2,1008.8928,27.0,1.32
1296,54.56,1014.0604,11.0,1.39
1297,62.36,1033.6473,0.0,1.06
1298,51.6,1035.7222,22.0,1.15
1299,48.0,1013.4249,52.0,1.72
1300,43.76,1011.0574,48.0,1.24
1301,43.4,1039.049,13.0,1.45
1302,54.8,1000.7246,22.0,1.24
1303,35.12,1029.8655,58.0,1.1
1304,48.0,1018.0779,47.0,1.12
1305,40.88,1027.9353,39.0,1.34
1306,36.08,1019.6024,46.0,1.45
1307,32.64,1004.7835,17.0,1.45
1308,57.92,1050.8216,25.0,1.28
1309,48.32,1033.3072,25.0,1.28
1310,53.0,1031.4446,26.0,1.19
1311,49.32,1040.9882,36.0,1.17
1312,31.72,1021.2679,54.0,1.14
1313,45.2,1036.2296,13.0,1.5
1314,37.92,1171.9884,36.0,1.12
1315,42.32,1058.4938,19.0,1.18
1316,49.48,986.8706,49.0,1.29
1317,54.52,1020.3697,21.0,1.26
1318,49.0,1069.7403,28.0,1.2
1319,40.08,1021.3116,35.0,1.03
1320,52.44,1013.5579,41.0,1.09
1321,53.16,990.86,21.0,1.16
1322,48.64,1006.0226,39.0,1.19
1323,53.6,1013.8126,37.0,1.7
1324,47.88,1038.9476,15.0,1.1
1325,51.0,1001.903,16.0,1.27
1326,41.6,1068.2142,25.0,1.17
1327,40.8,1025.621,19.0,1.12
1328,37.72,987.9682,36.0,1.22
1329,57.64,1014.0769,24.0,1.25
1330,57.16,1068.99,43.0,1.27
1331,33.6,989.7292,32.0,1.09
1332,56.44,1067.2619,20.0,1.42
1333,32.76,1032.937,30.0,1.48
1334,57.44,1031.6381,27.0,1.2
1335,49.24,1050.6032,3.0,0.95
1336,43.56,1012.2062,22.0,1.08
1337,37.72,1002.1921,66.0,1.21
1338,25.4,1011.9933,61.0,1.23
1339,44.48,1020.3907,29.0,1.04
1340,55.48,1001.6792,19.0,1.11
1341,36.04,1057.1991,18.0,1.21
1342,46.52,1005.8058,32.0,1.57
1343,42.0,1104.1283,25.0,1.31
1344,56.0,1017.19,37.0,1.25
1345,59.0,1015.0942,20.0,1.18
1346,33.04,1024.1752,67.0,1.08
1347,53.64,994.9946,17.0,1.15
1348,40.4,986.7556,16.0,1.1
1349,37.92,1005.2378,18.0,1.7
1350,43.6,1031.849,7.0,1.4
1351,68.76,1063.4203,0.0,1.11
1352,40.56,1049.9383,58.0,1.14
1353,52.16,1023.1777,42.0,1.3
1354,43.2,1067.96,29.0,1.51
1355,36.8,1008.1469,34.0,1.49
1356,50.16,1090.082,17.0,1.25
1357,41.72,981.6827,62.0,1.21
1358,52.6,988.3474,42.0,1.29
1359,48.76,1026.7982,28.0,1.3
1360,52.68,1001.0541,10.0,1.15
1361,61.0,1008.8724,33.0,1.15
1362,41.84,1064.5286,24.0,1.14
1363,35.48,1039.8912,32.0,1.27
1364,45.4,1019.9682,21.0,1.14
1365,50.84,1011.0352,14.0,1.14
1366,44.0,1014.2808,43.0,1.1
1367,48.36,1065.1324,12.0,1.2
1368,54.52,1018.1856,56.0,1.12
1369,44.68,1014.4979,69.0,1.12
1370,47.96,997.7523,13.0,1.37
1371,48.36,1079.7053,42.0,1.01
1372,45.52,1028.6304,25.0,1.23
1373,48.04,1030.516,44.0,1.17
1374,41.04,1025.0156,40.0,1.16
1375,55.56,999.1731,13.0,1.74
1376,61.28,1080.3133,6.0,1.24
1377,62.44,977.3303,18.0,1.12
1378,31.56,1047.7502,25.0,1.31
1379,52.8,1013.0316,58.0,1.36
1380,45.76,1042.0201,63.0,1.33
1381,43.32,1047.5227,25.0,1.27
1382,55.72,1008.5572,30.0,1.23
1383,44.04,1023.5337,40.0,1.48
1384,37.8,972.6186,19.0,0.93
1385,56.08,988.6799,10.0,1.12
1386,55.08,1034.7591,4.0,1.2
1387,47.08,1036.3586,49.0,1.31
1388,40.76,1056.0095,5.0,1.4
1389,34.52,1045.5491,39.0,1.15
1390,48.04,999.1053,34.0,1.52
1391,48.8,987.771,26.0,1.12
1392,48.12,1022.3079,45.0,1.15
1393,50.96,1034.8018,36.0,1.12
1394,49.08,1082.3013,46.0,1.19
1395,43.28,1046.0606,71.0,1.13
1396,40.36,1018.6829,31.0,1.11
1397,40.0,1023.5618,15.0,1.2
1398,34.4,1027.326,65.0,1.38
1399,44.12,1022.411,60.0,2.3
1400,52.28,999.2644,50.0,1.69
1401,54.0,1005.9257,36.0,1.52
1402,45.8,1041.8977,23.0,1.35
1403,53.28,1047.5772,33.0,1.23
1404,45.8,1049.6256,-2.0,1.42
1405,48.4,1000.375,38.0,1.46
1406,52.2,1036.3858,28.0,1.28
1407,55.2,1039.0156,28.0,1.31
1408,57.36,1017.3408,15.0,1.24
1409,38.4,1027.5042,43.0,1.26
1410,49.2,1007.0111,27.0,0.98
1411,52.72,1030.505,17.0,1.41
1412,61.2,1016.6594,7.0,1.11
1413,35.72,1018.0522,10.0,1.18
1414,38.56,1009.2612,30.0,1.18
1415,50.88,1026.3932,48.0,1.35
1416,56.44,1025.0573,32.0,1.28
1417,50.68,1015.1889,29.0,1.19
1418,43.52,1056.8475,12.0,1.22
1419,38.08,1020.59,17.0,1.26
1420,56.32,1038.4277,12.0,1.4
1421,44.96,1049.3184,52.0,1.35
1422,42.96,996.4049,22.0,1.64
1423,50.96,1015.3798,25.0,1.18
1424,47.44,1135.182,21.0,1.24
1425,41.96,1008.8633,26.0,1.43
1426,56.0,1032.4592,16.0,1.37
1427,51.48,1043.1017,4.0,1.24
1428,50.92,1078.9592,24.0,1.1
1429,30.2,976.94,65.0,1.39
1430,50.4,998.9995,48.0,1.12
1431,43.2,1033.3785,8.0,1.14
1432,31.84,1011.6328,56.0,1.18
1433,45.4,1053.8227,66.0,1.22
1434,37.36,1048.4125,30.0,1.11
1435,49.36,1051.4901,37.0,1.09
1436,62.4,1044.5526,1.0,1.12
1437,56.04,1049.2356,24.0,1.13
1438,49.72,1025.0069,38.0,1.06
1439,42.2,1028.9464,23.0,1.14
1440,66.44,1027.0831,0.0,1.12
1441,48.48,1075.9663,42.0,1.06
1442,54.4,1112.2901,40.0,1.18
1443,48.24,1037.4758,52.0,1.29
1444,36.44,998.0961,45.0,1.05
1445,58.32,1023.1104,0.0,1.07
1446,52.36,1039.7582,51.0,1.09
1447,41.48,1027.9569,36.0,1.13
1448,30.68,1007.8136,27.0,1.3
1449,41.64,1021.141,42.0,1.91
1450,49.4,1033.3518,22.0,1.11
1451,56.64,1020.489,13.0,1.18
1452,34.08,1025.3297,51.0,1.09
1453,36.0,1019.398,15.0,1.12
1454,54.96,1008.7998,20.0,1.14
1455,62.56,1027.7365,3.0,1.11
1456,50.56,1071.3784,29.0,1.12
1457,49.76,1014.7217,47.0,1.19
1458,50.64,1027.5524,28.0,1.16
1459,48.32,1062.1266,35.0,1.09
1460,57.0,1011.409,18.0,1.31
1461,23.64,997.0872,35.0,1.17
1462,28.96,1005.2208,52.0,1.11
1463,36.52,1061.2384,31.0,1.09
1464,59.36,1028.9562,22.0,1.07
1465,40.64,1034.8961,61.0,1.12
1466,54.16,1006.1084,7.0,1.12
1467,50.52,1009.1609,35.0,1.23
1468,56.28,993.5544,5.0,1.15
1469,41.88,1035.7559,35.0,1.11
1470,49.28,1044.829,26.0,1.2
1471,40.08,1056.5463,32.0,1.18
1472,34.68,1016.5491,73.0,1.14
1473,34.68,1008.0927,121.0,1.24
1474,53.08,1029.22,33.0,1.19
1475,51.56,1018.0203,33.0,1.63
1476,51.68,1061.4965,43.0,1.27
1477,58.0,1065.6554,23.0,1.12
1478,43.56,1022.9704,38.0,1.16
1479,55.32,1054.2942,46.0,1.16
1480,49.0,1022.4332,10.0,1.04
1481,42.88,1007.8974,35.0,1.18
1482,46.88,1038.997,4.0,1.21
1483,25.04,1016.194,49.0,1.2
1484,52.24,1002.52,12.0,1.4
1485,50.04,1056.6688,37.0,1.51
1486,51.28,1069.9074,17.0,1.44
1487,54.12,992.6541,30.0,1.31
1488,50.08,1069.3008,66.0,1.1
1489,31.64,998.9175,25.0,1.24
1490,51.52,1034.9928,0.0,1.14
1491,39.6,1018.1374,4.0,1.27
1492,33.56,1027.2308,28.0,1.23
1493,52.52,1029.6723,36.0,1.52
1494,36.12,991.8422,35.0,1.4
1495,41.72,1036.0728,65.0,1.13
1496,55.68,992.9722,50.0,1.16
1497,44.48,1085.9776,47.0,1.17
1498,45.88,1001.403,6.0,1.0
1499,52.52,1084.8779,29.0,1.2
1500,52.88,1083.9095,18.0,1.72
1501,56.36,1068.2592,16.0,1.12
1502,45.92,1075.8944,5.0,1.14
1503,47.32,1027.3252,67.0,1.15
1504,46.84,1015.7291,46.0,1.16
1505,49.08,997.0034,22.0,1.06
1506,54.92,994.9786,6.0,1.2
1507,43.36,1012.0477,20.0,1.05
1508,57.84,992.8299,8.0,1.09
1509,48.72,1043.1563,9.0,1.1
1510,47.88,1041.1307,30.0,1.02
1511,50.24,1060.3055,7.0,1.1
1512,47.68,1028.7299,33.0,1.16
1513,38.36,1025.7059,8.0,1.06
1514,45.16,1015.9076,26.0,1.15
1515,33.64,1031.9295,29.0,1.16
1516,37.72,1028.0132,30.0,1.14
1517,50.76,1045.7984,41.0,1.12
1518,52.2,1014.0478,44.0,1.15
1519,34.6,1025.1829,26.0,1.15
1520,50.92,1008.93,9.0,1.13
1521,34.56,997.3574,40.0,1.03
1522,43.16,1047.8608,33.0,0.99
1523,50.36,1034.2486,16.0,1.1
1524,37.12,1007.3351,32.0,1.17
1525,49.36,1019.7009,33.0,1.12
1526,53.92,999.9071,26.0,1.13
1527,51.44,1048.3922,11.0,1.58
1528,39.04,991.119,24.0,1.13
1529,50.64,1015.2645,59.0,1.13
1530,38.56,1071.4176,70.0,1.31
1531,65.12,1045.5738,9.0,1.57
1532,50.6,1050.8596,36.0,1.02
1533,50.56,1009.3349,15.0,1.17
1534,43.64,996.6216,50.0,1.13
1535,39.56,1100.5722,26.0,1.17
1536,45.72,1032.8856,44.0,1.16
1537,35.0,1004.7552,56.0,1.1
1538,41.12,1006.5948,49.0,1.1
1539,40.6,987.0199,23.0,1.22
1540,44.32,1014.74,34.0,1.32
1541,45.68,1030.1386,12.0,1.18
1542,43.48,1032.6684,32.0,1.24
1543,46.44,1017.9874,19.0,1.22
1544,46.72,1049.1758,42.0,1.1
1545,44.08,1033.7064,58.0,1.16
1546,54.72,1014.3719,28.0,1.11
1547,41.2,998.4408,12.0,1.21
1548,32.04,1010.6202,36.0,1.33
1549,41.68,1007.3461,29.0,1.06
1550,43.32,1027.8159,31.0,1.14
1551,49.56,1053.0907,29.0,1.16
1552,43.48,1029.5993,19.0,1.21
1553,32.64,1065.2998,52.0,1.13
1554,38.64,992.4578,68.0,1.74
1555,45.08,1048.3077,18.0,1.17
1556,33.68,1023.3084,61.0,1.16
1557,29.68,1017.4243,13.0,1.19
1558,46.88,1028.6547,41.0,1.21
1559,42.48,1006.9178,13.0,1.21
1560,38.64,1051.289,31.0,1.1
1561,47.04,1010.1931,26.0,1.09
1562,38.88,1003.2901,31.0,1.12
1563,42.0,1022.7747,27.0,1.21
1564,28.8,1039.5296,40.0,1.13
1565,40.8,991.7377,36.0,1.15
1566,55.88,1039.4838,4.0,1.14
1567,53.72,1027.6374,14.0,1.15
1568,40.8,1030.4927,37.0,1.14
1569,42.12,1019.7536,6.0,1.17
1570,49.24,1000.6411,38.0,1.05
1571,44.8,1012.3722,21.0,1.06
1572,51.8,1065.024,46.0,1.22
1573,51.04,1006.904,36.0,1.2
1574,44.32,1002.7602,29.0,1.15
1575,40.28,1021.4032,31.0,1.09
1576,45.4,1010.1354,43.0,1.27
1577,52.12,984.7787,38.0,1.41
1578,44.2,1014.5098,72.0,1.58
1579,39.92,996.1676,63.0,1.53
1580,34.56,1016.4684,22.0,1.79
1581,50.0,1005.2379,26.0,1.05
1582,49.92,1030.789,37.0,1.36
1583,54.96,1066.7924,29.0,1.11
1584,54.16,1060.4826,13.0,1.24
1585,21.8,988.167,32.0,1.09
1586,45.2,1048.3993,29.0,1.46
1587,43.32,1056.7456,18.0,1.29
1588,53.52,1027.9652,10.0,1.35
1589,48.88,1019.7614,11.0,1.29
1590,55.12,1054.2025,18.0,1.28
1591,56.6,1022.2974,3.0,1.36
1592,40.12,1010.9195,36.0,1.2
1593,52.12,1055.2956,24.0,1.34
1594,43.76,1008.299,38.0,1.53
1595,48.12,1046.2476,45.0,1.34
1596,54.4,1041.1014,28.0,1.34
1597,44.24,998.0262,59.0,1.18
1598,56.44,1083.3114,27.0,1.21
1599,54.36,1015.6044,23.0,1.26
1600,46.68,990.0531,57.0,1.46
1601,35.88,1017.3073,43.0,1.52
1602,55.12,1046.3354,32.0,1.12
1603,52.24,1002.6396,19.0,1.59
1604,51.36,1035.8883,7.0,1.1
1605,51.72,1005.9027,32.0,1.15
1606,50.32,1055.43,65.0,1.01
1607,53.64,1039.7644,7.0,1.17
1608,42.28,1017.8442,49.0,1.08
1609,40.4,1030.5132,41.0,1.25
1610,46.88,1023.0477,51.0,1.11
1611,40.36,1012.253,32.0,1.13
1612,24.2,1002.9602,89.0,1.16
1613,22.88,994.9121,54.0,1.02
1614,55.12,1054.1081,10.0,1.52
1615,42.8,1029.758,18.0,1.47
1616,49.12,1045.4622,24.0,1.28
1617,34.36,1048.9278,34.0,1.12
1618,40.24,1011.1431,71.0,1.14
1619,40.24,990.1067,16.0,1.03
1620,41.8,1011.6629,24.0,1.25
1621,40.72,1043.7388,28.0,1.1
1622,47.44,1024.0863,40.0,1.13
1623,37.92,1010.4149,48.0,1.06
1624,40.64,1047.6683,9.0,1.07
1625,56.64,1017.476,30.0,1.17
1626,44.84,1023.112,71.0,1.13
1627,38.24,1063.2419,28.0,1.12
1628,49.08,1069.0541,42.0,1.16
1629,51.68,1015.7812,19.0,1.16
1630,52.76,978.0637,44.0,1.76
1631,42.92,1045.9123,86.0,1.26
1632,44.16,1019.9634,29.0,1.39
1633,46.6,1032.4604,4.0,1.56
1634,42.44,1077.4257,58.0,1.34
1635,50.08,999.1917,35.0,1.15
1636,44.72,1011.1344,27.0,1.11
1637,47.4,1009.6559,37.0,1.14
1638,37.72,1001.709,45.0,1.2
1639,55.2,1025.4569,22.0,1.02
1640,39.76,1003.0859,51.0,1.25
1641,37.36,1014.0578,20.0,1.27
1642,64.68,998.4586,7.0,1.18
1643,58.56,1009.9586,12.0,1.4
1644,32.72,996.444,57.0,1.32
1645,49.72,1014.1642,21.0,1.44
1646,59.88,995.9351,37.0,1.17
1647,61.2,1017.7016,31.0,1.3
1648,50.2,1106.1788,62.0,1.21
1649,29.72,990.6778,37.0,1.09
1650,52.96,1001.9144,8.0,1.05
1651,60.64,1046.1257,15.0,1.14
1652,42.16,1034.8825,39.0,1.49
1653,47.16,1030.9675,40.0,1.16
1654,44.0,1052.2894,17.0,1.21
1655,41.76,994.5024,40.0,1.79
1656,48.04,994.3206,38.0,1.57
1657,48.04,1012.5404,27.0,1.24
1658,40.96,1057.9252,68.0,1.17
1659,54.84,1027.3597,18.0,1.09
1660,41.16,1022.2236,38.0,1.22
1661,60.48,1031.1357,2.0,1.09
1662,56.64,993.4988,44.0,1.18
1663,43.08,1048.9349,27.0,1.15
1664,52.12,1004.3448,16.0,1.21
1665,25.88,1032.737,39.0,1.36
1666,46.72,1018.7993,41.0,1.2
1667,40.6,1016.6196,53.0,1.23
1668,53.56,1098.7271,56.0,1.26
1669,54.72,1051.0285,39.0,1.2
1670,30.32,1000.0869,47.0,1.05
1671,39.28,1066.1294,20.0,1.12
1672,32.24,989.6208,26.0,1.13
1673,42.0,1021.2402,25.0,1.06
1674,32.12,1014.3573,41.0,1.2
1675,53.2,1046.5621,26.0,1.15
1676,43.72,994.4651,41.0,1.04
1677,42.56,1006.2516,39.0,1.58
1678,56.24,996.3258,13.0,1.34
1679,51.68,1012.6635,22.0,1.55
1680,44.76,1041.1909,14.0,1.78
1681,42.24,976.983,19.0,1.17
1682,46.12,1034.9918,20.0,1.26
1683,49.0,1038.026,43.0,1.23
1684,49.2,1027.4921,10.0,1.28
1685,52.32,1012.4165,18.0,1.12
1686,50.04,1010.4615,32.0,1.29
1687,49.84,1021.3538,43.0,1.15
1688,49.8,1027.744,33.0,1.17
1689,32.92,1029.7478,52.0,1.11
1690,46.6,1031.2688,37.0,1.27
1691,44.44,1050.4451,29.0,1.16
1692,37.0,989.2882,27.0,1.16
1693,50.6,997.6885,38.0,1.35
1694,44.16,1025.8313,14.0,1.44
1695,53.2,1002.7919,30.0,1.18
1696,44.72,1016.1234,31.0,1.47
1697,46.8,1015.6286,68.0,1.41
1698,60.48,1034.5616,39.0,1.27
1699,46.32,1005.1993,27.0,1.51
1700,40.36,1090.8261,60.0,1.26
1701,34.76,988.1433,75.0,1.43
1702,51.2,995.9588,19.0,1.41
1703,43.04,1027.343,21.0,1.4
1704,52.56,1030.0696,34.0,1.65
1705,50.8,1024.0489,24.0,1.15
1706,46.32,1015.9959,31.0,1.36
1707,54.28,1037.8962,14.0,1.31
1708,46.04,1031.2602,20.0,1.22
1709,52.68,1011.6016,-3.0,1.05
1710,54.24,1014.3382,24.0,1.27
1711,39.2,1018.2657,27.0,1.28
1712,42.12,1030.238,26.0,1.32
1713,40.68,1051.4168,28.0,1.67
1714,40.32,1029.7796,31.0,1.29
1715,33.56,998.8317,59.0,1.25
1716,28.0,1009.5075,115.0,1.29
1717,42.12,1072.9754,74.0,1.23
1718,27.44,999.9321,50.0,1.2
1719,47.12,1045.5179,64.0,1.33
1720,57.12,1042.5328,7.0,1.21
1721,36.96,1016.6067,25.0,1.32
1722,48.32,1047.0708,57.0,1.5
1723,44.56,1030.1173,84.0,1.3
1724,56.64,1027.3075,60.0,1.23
1725,53.56,1015.551,15.0,1.08
1726,64.24,1032.1756,24.0,1.13
1727,45.08,1008.8728,19.0,1.15
1728,37.48,1006.6092,40.0,1.53
1729,58.04,1009.0199,7.0,1.18
1730,45.4,989.7244,48.0,1.12
1731,52.52,997.9836,22.0,1.07
1732,49.32,1030.8172,12.0,1.16
1733,44.0,988.3786,61.0,1.08
1734,51.16,1056.6283,19.0,1.41
1735,33.36,1062.1904,32.0,1.42
1736,44.96,989.3369,19.0,1.15
1737,33.96,995.1222,56.0,1.1
1738,49.0,1040.9494,39.0,1.2
1739,39.44,1016.1822,19.0,1.15
1740,29.16,1004.7609,38.0,1.18
1741,56.36,1159.5623,42.0,1.07
1742,37.68,1078.0008,43.0,0.94
1743,44.4,997.1216,32.0,1.06
1744,52.92,1000.6764,48.0,1.04
1745,46.04,1005.3722,24.0,1.24
1746,64.16,1008.2428,9.0,1.1
1747,39.28,1000.546,39.0,1.29
1748,44.08,998.0096,39.0,1.43
1749,45.64,1046.0925,9.0,1.23
1750,59.92,1010.0216,25.0,1.12
1751,59.16,1030.0524,15.0,1.15
1752,37.24,1006.4353,49.0,1.18
1753,52.24,1029.8414,15.0,1.02
1754,52.28,980.8074,33.0,1.13
1755,54.24,995.7563,37.0,1.11
1756,47.48,1019.734,20.0,1.21
1757,49.72,1027.2978,13.0,1.18
1758,60.04,1071.9624,14.0,1.16
1759,24.64,1002.4728,37.0,1.09
1760,32.44,1006.748,22.0,1.12
1761,43.04,995.0224,20.0,1.18
1762,51.12,995.2288,29.0,1.3
1763,41.84,1023.057,19.0,1.21
1764,51.92,1049.1386,33.0,1.39
1765,41.52,1030.016,45.0,1.06
1766,46.8,1050.5851,56.0,1.46
1767,40.12,1034.5913,33.0,1.26
1768,49.84,1060.8664,8.0,1.02
1769,56.84,1013.905,10.0,1.0
1770,44.16,1028.6048,41.0,1.14
1771,43.32,1007.2935,31.0,1.19
1772,31.32,1020.3754,54.0,1.19
1773,41.44,1030.3891,48.0,1.44
1774,41.6,988.1572,12.0,1.23
1775,56.28,1043.7686,43.0,1.2
1776,44.0,994.9742,73.0,1.44
1777,49.04,1048.1877,47.0,1.29
1778,49.56,1027.5691,28.0,1.28
1779,45.24,1011.7833,32.0,1.09
1780,59.68,1019.3463,27.0,1.66
1781,55.72,1037.5768,11.0,1.2
1782,48.88,1044.4422,25.0,1.13
1783,38.76,1028.8367,29.0,1.13
1784,48.88,1027.8304,24.0,1.1
1785,49.28,1011.4859,41.0,1.21
1786,43.28,1011.6696,11.0,1.04
1787,45.08,1067.5396,23.0,1.2
1788,50.92,990.9171,37.0,1.19
1789,44.84,994.9639,21.0,1.11
1790,49.6,1041.8555,27.0,1.2
1791,46.04,1013.1264,57.0,1.35
1792,50.32,1023.8069,22.0,1.14
1793,45.64,1056.6867,26.0,1.06
1794,57.6,1017.2531,11.0,1.07
1795,34.84,1031.789,32.0,1.32
1796,53.72,1059.6001,34.0,1.21
1797,54.4,1011.7388,14.0,1.13
1798,46.96,1004.9602,10.0,1.24
1799,53.68,995.1223,15.0,1.32
1800,39.8,1052.0879,28.0,1.26
1801,33.64,971.5157,19.0,1.23
1802,46.08,1033.0948,11.0,1.13
1803,37.44,1011.8634,10.0,1.45
1804,49.36,1083.1579,14.0,1.26
1805,57.24,1018.8151,19.0,1.67
1806,54.2,1016.6192,26.0,1.14
1807,47.12,1006.0242,17.0,1.41
1808,51.32,1043.9098,42.0,1.17
1809,45.92,1034.1938,31.0,1.12
1810,44.96,1054.1278,35.0,1.23
1811,57.16,994.2957,15.0,1.12
1812,49.6,1008.1329,36.0,1.42
1813,43.72,1062.6642,21.0,1.28
1814,51.92,1034.133,30.0,1.72
1815,53.8,995.411,23.0,1.34
1816,49.92,1039.654,44.0,1.54
1817,44.24,1018.2804,36.0,1.41
1818,50.84,1011.7625,30.0,1.25
1819,49.44,1016.1862,24.0,1.12
1820,35.44,1024.3349,43.0,1.21
1821,34.08,1024.0121,58.0,1.18
1822,51.68,1021.8324,36.0,1.11
1823,51.68,1007.98,51.0,1.21
1824,45.08,1076.1808,37.0,1.27
1825,44.12,1013.4147,47.0,1.14
1826,50.68,1017.5749,64.0,1.18
1827,47.72,1038.0622,43.0,1.05
1828,48.16,1044.526,7.0,1.1
1829,34.4,1005.3612,31.0,1.16
1830,50.04,1027.8238,42.0,1.65
1831,57.44,1043.9955,16.0,1.29
1832,57.04,1112.3005,29.0,1.29
1833,58.08,1030.5579,21.0,1.25
1834,41.72,1028.5439,85.0,1.38
1835,44.64,1040.3193,24.0,1.23
1836,47.72,1041.9051,13.0,1.5
1837,35.4,1141.428,51.0,1.6
1838,44.8,1034.4894,37.0,1.51
1839,27.88,996.2386,29.0,1.22
1840,47.6,1022.3688,40.0,1.32
1841,60.6,1004.4613,25.0,1.26
1842,47.44,1006.8506,32.0,1.26
1843,37.0,1025.6233,55.0,1.3
1844,44.24,998.3667,46.0,1.15
1845,43.96,1051.5736,27.0,1.25
1846,41.24,993.7577,16.0,1.4
1847,37.04,1024.6344,52.0,1.38
1848,62.68,1011.4729,20.0,1.38
1849,50.56,1014.7086,19.0,1.28
1850,39.2,980.9142,47.0,1.78
1851,35.4,1024.3364,63.0,1.24
1852,35.4,1039.217,42.0,1.19
1853,47.24,1035.1684,46.0,1.7
1854,37.4,1068.3699,72.0,1.48
1855,40.08,1024.809,39.0,1.48
1856,48.44,1032.382,26.0,1.19
1857,49.36,1028.7794,7.0,1.23
1858,45.6,1033.5984,18.0,1.4
1859,50.84,1054.4279,37.0,1.32
1860,47.4,1013.05,39.0,1.32
1861,34.16,1006.3884,25.0,1.5
1862,38.96,1005.9375,19.0,1.92
1863,43.44,1065.2378,13.0,2.0
1864,51.32,1026.1231,26.0,1.72
1865,60.28,1016.0243,41.0,1.46
1866,40.68,1010.1599,49.0,1.54
1867,49.72,1024.8864,18.0,1.46
1868,48.92,1022.923,46.0,1.45
1869,53.68,1007.0364,28.0,1.88
1870,45.08,1042.289,37.0,1.84
1871,28.36,1040.4287,52.0,1.95
1872,50.32,1006.5401,21.0,1.76
1873,39.96,983.2933,43.0,2.49
1874,49.12,1016.0706,31.0,2.27
1875,38.68,972.9858,29.0,1.57
1876,55.52,996.4466,15.0,1.82
1877,54.32,1009.9861,23.0,2.09
1878,52.56,1079.4844,19.0,1.83
1879,47.44,1049.3159,24.0,1.84
1880,61.2,1037.2292,14.0,2.19
1881,48.92,1018.9452,23.0,1.8
1882,56.44,1051.823,36.0,1.63
1883,40.52,1021.7192,53.0,1.67
1884,41.76,1003.7659,38.0,1.73
1885,42.36,1027.1837,12.0,1.61
1886,42.76,1018.443,57.0,1.69
1887,48.4,1009.8851,32.0,2.43
1888,53.88,996.1809,44.0,1.88
1889,32.36,1003.952,39.0,2.12
1890,55.12,992.8883,19.0,1.58
1891,49.16,1069.5108,32.0,1.28
1892,38.32,1016.1573,26.0,1.38
1893,53.6,1006.5034,29.0,1.9
1894,36.0,1149.253,58.0,1.51
1895,40.92,1061.4812,60.0,1.64
1896,45.84,1012.9762,53.0,1.52
1897,59.4,1041.2076,6.0,2.04
1898,46.6,1009.0254,55.0,2.84
1899,46.76,1022.2863,27.0,1.71
1900,58.24,1042.8787,38.0,1.36
1901,42.12,1019.1668,37.0,2.09
1902,50.8,1034.4445,45.0,2.27
1903,42.76,1069.8621,42.0,2.34
1904,40.84,1058.5797,40.0,1.97
1905,32.72,995.6266,28.0,2.07
1906,42.44,1030.4382,22.0,2.01
1907,46.36,1044.15,19.0,2.43
1908,48.72,1025.6435,11.0,1.97
1909,52.48,1047.7742,21.0,1.35
1910,23.64,989.4494,71.0,1.53
1911,58.52,1090.8164,-4.0,1.61
1912,66.88,1049.5238,2.0,1.62
1913,19.84,972.8214,42.0,1.58
1914,44.6,1030.6809,28.0,1.8
1915,42.92,1054.6303,16.0,1.99
1916,47.4,1016.4446,23.0,1.66
1917,52.92,1045.8777,17.0,1.85
1918,48.2,1023.5122,35.0,1.57
1919,30.84,1023.9088,60.0,1.67
1920,56.28,1034.4747,30.0,1.55
1921,50.24,992.4954,57.0,1.48
1922,54.28,1009.0117,27.0,1.65
1923,41.64,1024.0115,13.0,1.52
1924,50.08,1038.6,35.0,2.09
1925,53.24,1001.5496,30.0,1.54
1926,40.52,1031.1751,35.0,1.8
1927,49.76,1037.77,16.0,1.92
1928,50.32,1000.3093,67.0,1.94
1929,47.16,1082.0996,33.0,1.58
1930,49.92,1002.5173,25.0,2.07
1931,56.16,1012.0877,9.0,1.61
1932,30.0,1030.2172,34.0,1.5
1933,32.36,1004.1605,22.0,1.4
1934,39.16,1031.8942,23.0,1.69
1935,51.88,1055.7779,69.0,1.5
1936,41.4,1016.5078,38.0,1.29
1937,42.52,998.3105,20.0,1.28
1938,29.72,991.8866,52.0,1.37
1939,55.2,1023.388,37.0,1.34
1940,56.12,1049.5025,23.0,1.21
1941,48.52,1013.2303,38.0,1.28
1942,44.96,1013.5878,53.0,1.56
1943,44.88,1054.5305,42.0,1.21
1944,54.44,1041.4731,32.0,1.75
1945,42.28,1002.3659,59.0,1.28
1946,33.16,988.1812,54.0,1.44
1947,43.0,997.1036,21.0,1.83
1948,26.8,983.2334,56.0,1.11
1949,50.8,1066.0571,22.0,1.16
1950,39.56,1032.1814,5.0,1.16
1951,52.08,1007.8058,38.0,1.25
1952,39.44,1092.2634,1.0,1.25
1953,37.68,1006.5446,45.0,1.14
1954,57.88,1046.1292,14.0,1.2
1955,34.8,989.7733,29.0,1.16
1956,60.76,1033.3823,11.0,2.31
1957,48.12,1010.2856,27.0,1.29
1958,48.88,1001.575,16.0,1.36
1959,39.48,1039.7345,40.0,1.32
1960,32.72,1025.6244,70.0,1.3
1961,31.96,1064.7699,49.0,1.37
1962,37.4,1032.2948,48.0,1.46
1963,48.44,1014.8809,21.0,1.42
1964,49.72,1055.6836,21.0,1.69
1965,42.32,1026.4879,24.0,1.26
1966,49.4,1028.193,10.0,1.18
1967,40.12,999.3439,57.0,1.85
1968,45.2,1038.0951,60.0,1.09
1969,50.12,1004.8022,37.0,1.66
1970,55.2,1029.2078,21.0,1.47
1971,45.04,1023.3976,10.0,1.73
1972,52.32,1017.0491,19.0,1.48
1973,43.84,1021.3887,57.0,1.5
1974,40.56,1033.58,52.0,1.73
1975,46.72,998.632,52.0,1.59
1976,45.52,1018.2471,38.0,1.39
1977,52.68,996.4304,34.0,1.3
1978,42.44,1019.9378,52.0,1.44
1979,50.52,1045.9429,33.0,1.43
1980,59.36,1028.0455,8.0,1.55
1981,51.24,1001.8962,24.0,1.74
1982,55.44,1068.75,2.0,1.94
1983,39.28,1020.4623,51.0,1.43
1984,45.2,989.378,18.0,1.31
1985,38.32,1009.7259,28.0,1.37
1986,28.28,1002.4348,35.0,1.54
1987,48.12,1033.0744,30.0,2.3
1988,39.6,1029.482,48.0,1.6
1989,33.64,1015.1458,29.0,1.47
1990,45.96,1012.6992,22.0,1.6
1991,36.92,1046.386,25.0,1.34
1992,51.64,980.5683,14.0,1.75
1993,46.8,1011.6498,56.0,1.97
1994,42.28,1039.7918,17.0,1.62
1995,43.08,1025.2421,28.0,1.55
1996,36.84,1048.742,37.0,1.65
1997,55.6,1001.3259,8.0,1.46
1998,48.44,1046.257,21.0,1.58
1999,39.64,1006.4584,22.0,1.73
2000,47.92,1006.3538,50.0,1.6
2001,29.96,1047.9708,39.0,1.91
2002,48.16,1021.5112,26.0,1.39
2003,58.88,1006.5919,26.0,1.42
2004,54.44,1028.8066,12.0,1.77
2005,46.12,1013.7271,69.0,1.85
2006,35.92,1022.8146,84.0,2.18
2007,48.08,1016.62,32.0,1.41
2008,39.12,1050.6447,79.0,1.61
2009,39.72,1027.0083,46.0,1.73
2010,50.8,1019.5954,21.0,1.35
2011,49.2,1067.1703,40.0,1.63
2012,43.36,1057.2851,18.0,1.63
2013,54.76,1013.6111,38.0,1.41
2014,44.36,984.4114,18.0,1.58
2015,39.68,1017.3981,55.0,1.51
2016,43.16,1062.6312,49.0,1.49
2017,52.6,994.6042,47.0,1.45
2018,59.8,1056.6249,26.0,1.97
2019,35.64,1103.9614,42.0,2.96
2020,48.96,1012.992,34.0,3.36
2021,53.52,1010.386,34.0,2.8
2022,36.72,1010.9548,38.0,2.23
2023,55.52,1044.8279,44.0,1.86
2024,47.28,1065.4133,50.0,2.28
2025,49.04,1012.3196,43.0,1.59
2026,56.64,1043.6884,0.0,1.98
2027,32.6,1001.2184,42.0,1.7
2028,53.32,1013.3475,20.0,1.58
2029,46.48,1014.837,37.0,1.67
2030,21.44,1003.8864,35.0,1.57
2031,45.32,1007.0352,39.0,2.11
2032,43.52,1001.3858,4.0,1.96
2033,40.36,1034.1708,19.0,2.58
2034,39.12,1020.1394,37.0,1.45
2035,49.48,1003.6634,58.0,1.99
2036,42.0,996.7856,33.0,1.63
2037,43.44,1012.5351,42.0,1.24
2038,54.56,1083.429,9.0,1.17
2039,33.88,1018.7866,32.0,1.31
2040,30.64,1025.1235,81.0,1.14
2041,54.68,1028.3914,32.0,1.03
2042,37.88,1027.8776,52.0,1.08
2043,49.8,1041.5556,37.0,1.1
2044,23.24,997.9176,62.0,1.14
2045,53.32,1011.7306,18.0,1.14
2046,59.08,1049.0696,29.0,1.04
2047,47.04,1022.7744,28.0,1.13
2048,40.28,1013.846,31.0,1.18
2049,56.68,1019.9937,14.0,1.54
2050,44.96,992.2302,73.0,1.4
2051,31.36,998.7844,36.0,1.05
2052,47.04,986.7049,16.0,1.2
2053,66.48,1051.607,3.0,1.13
2054,38.88,1025.8635,7.0,1.01
2055,43.04,987.4078,40.0,1.1
2056,40.92,1009.0608,50.0,1.25
2057,64.4,1032.865,8.0,1.56
2058,48.08,1029.8475,18.0,1.14
2059,47.16,1064.6746,26.0,1.29
2060,47.12,1007.4063,15.0,1.27
2061,48.92,1058.9645,45.0,1.07
2062,51.8,1010.3208,19.0,1.13
2063,43.64,1000.4131,14.0,1.14
2064,50.4,1010.328,36.0,1.1
2065,36.88,1085.3088,19.0,1.15
2066,32.24,1040.162,50.0,1.3
2067,46.68,992.7522,55.0,1.75
2068,55.0,1064.3489,27.0,1.25
2069,51.0,1025.6337,10.0,1.14
2070,42.6,1010.8,41.0,1.19
2071,38.28,991.2656,23.0,1.14
2072,47.88,1030.8712,30.0,1.2
2073,49.88,1014.6012,36.0,1.42
2074,34.36,999.7716,12.0,1.2
2075,44.24,993.4747,42.0,1.44
2076,42.68,1034.6728,33.0,1.39
2077,52.4,986.4588,37.0,1.3
2078,54.88,1024.8518,33.0,1.52
2079,31.12,1015.7769,67.0,1.2
2080,61.32,1033.6095,11.0,1.14
2081,48.6,1088.0752,9.0,1.51
2082,43.28,1000.4009,25.0,1.29
2083,51.52,1030.9617,24.0,1.36
2084,44.0,1015.6911,49.0,1.26
2085,53.64,1054.0858,21.0,1.06
2086,53.8,1021.6987,28.0,1.31
2087,46.56,1024.9994,36.0,1.28
2088,44.2,1019.0759,50.0,1.12
2089,41.76,1039.2335,27.0,1.17
2090,43.24,1058.8333,42.0,1.13
2091,43.96,1035.181,51.0,1.67
2092,39.6,1014.7287,31.0,1.29
2093,47.04,1020.4793,58.0,1.27
2094,41.2,1033.3854,36.0,1.37
2095,30.68,1012.7096,7.0,1.48
2096,51.2,1030.9964,24.0,1.26
2097,43.2,1042.3191,46.0,1.38
2098,54.56,1065.6258,39.0,1.24
2099,45.6,1049.4004,41.0,1.19
2100,44.12,1006.1726,46.0,1.24
2101,43.0,1008.6224,30.0,1.2
2102,47.24,988.7181,24.0,1.23
2103,50.76,1014.038,20.0,1.24
2104,36.6,1022.0472,43.0,1.15
2105,25.96,1025.3656,43.0,1.31
2106,42.6,984.2669,49.0,1.39
2107,45.68,1009.5534,25.0,1.29
2108,44.28,1005.8501,55.0,1.07
2109,52.44,1101.5829,21.0,1.15
2110,42.96,1048.0284,31.0,1.03
2111,50.52,1056.0568,16.0,1.12
2112,32.84,1043.041,15.0,1.15
2113,41.0,1017.6027,46.0,1.41
2114,39.88,1035.3169,44.0,1.24
2115,52.56,1037.5694,26.0,1.2
2116,35.52,1035.1945,14.0,1.66
2117,40.68,1023.6265,16.0,1.13
2118,43.16,1083.6172,19.0,1.11
2119,39.8,1040.7582,52.0,1.66
2120,41.12,1010.075,24.0,2.19
2121,38.04,1021.0098,35.0,1.79
2122,50.68,1008.8779,50.0,1.83
2123,49.08,970.921,40.0,1.64
2124,52.04,1041.4056,39.0,1.43
2125,47.28,997.0805,24.0,1.39
2126,51.84,1008.6427,48.0,1.71
2127,50.16,1004.3115,46.0,1.62
2128,41.28,983.8594,48.0,1.31
2129,44.8,1036.5083,8.0,1.21
2130,43.48,1006.148,30.0,1.33
2131,37.6,1013.4881,46.0,1.24
2132,36.88,1003.9332,42.0,1.31
2133,40.8,1023.7859,16.0,1.28
2134,34.68,1023.749,32.0,1.2
2135,48.4,1006.0006,35.0,1.19
2136,42.8,1013.411,21.0,1.23
2137,48.6,1009.5394,63.0,1.22
2138,26.72,1000.5233,39.0,1.88
2139,36.96,1026.47,64.0,1.4
2140,38.96,1006.465,20.0,1.41
2141,38.64,1026.1764,43.0,1.48
2142,42.0,1019.2632,26.0,1.64
2143,42.8,1024.4992,35.0,1.29
2144,47.32,987.4399,30.0,1.47
2145,55.32,1043.9983,30.0,2.84
2146,29.72,995.8507,26.0,2.34
2147,50.2,1020.3772,10.0,1.81
2148,41.96,1039.4675,4.0,1.49
2149,25.72,996.8437,97.0,1.27
2150,41.12,1021.6537,15.0,1.15
2151,52.92,1024.5752,53.0,1.37
2152,44.4,1168.6198,13.0,1.72
2153,26.56,994.5013,33.0,1.22
2154,57.48,1046.4898,17.0,1.13
2155,36.88,1026.0531,60.0,1.55
2156,40.84,1009.9734,31.0,1.24
2157,55.8,1020.073,17.0,1.1
2158,58.6,1003.8603,49.0,1.94
2159,49.36,1029.8268,34.0,1.29
2160,54.44,1011.9107,24.0,1.21
2161,41.6,1017.3938,44.0,1.12
2162,44.8,1032.6098,36.0,1.16
2163,52.4,1049.9657,52.0,1.71
2164,44.52,1021.8038,30.0,1.33
2165,43.64,1019.3813,21.0,1.37
2166,47.44,996.9302,36.0,1.22
2167,30.96,1000.9428,26.0,1.17
2168,44.04,1010.731,15.0,1.36
2169,45.0,1029.3782,66.0,1.29
2170,47.32,1038.1577,55.0,1.31
2171,36.96,1054.4311,46.0,1.18
2172,46.6,1024.495,38.0,1.15
2173,52.88,1039.5772,66.0,1.2
2174,53.64,1047.0792,22.0,1.24
2175,41.36,1018.1404,49.0,1.13
2176,44.72,1042.7864,30.0,1.17
2177,53.04,1033.783,27.0,1.29
2178,39.24,1015.6314,24.0,1.28
2179,50.0,1011.9332,1.0,1.51
2180,51.04,1007.0534,20.0,1.66
2181,37.32,1021.1737,47.0,1.74
2182,45.44,995.8927,57.0,1.51
2183,50.52,1022.8013,33.0,1.15
2184,48.8,1019.853,47.0,1.39
2185,42.76,997.9136,47.0,1.22
2186,52.04,1015.7126,40.0,1.22
2187,46.08,1031.1117,29.0,1.18
2188,27.36,1012.0542,85.0,1.21
2189,53.64,1042.3096,29.0,1.16
2190,30.88,1009.6011,45.0,1.17
2191,53.52,1005.8296,21.0,1.23
2192,50.12,1019.8353,24.0,1.06
2193,42.8,1003.7261,26.0,1.25
2194,58.76,1007.7592,31.0,1.39
2195,25.76,1018.3951,47.0,1.13
2196,45.72,1014.0609,10.0,1.19
2197,50.8,1028.2724,55.0,1.21
2198,38.72,1006.9321,23.0,1.24
2199,56.24,1029.5912,19.0,1.35
2200,54.32,1010.7688,20.0,1.38
2201,45.4,1005.9905,21.0,1.1
2202,39.12,1046.1271,62.0,1.34
2203,31.68,1001.0835,33.0,1.19
2204,59.64,1002.1126,13.0,1.09
2205,42.0,1103.973,38.0,1.14
2206,31.92,1006.5951,12.0,1.16
2207,42.48,994.4281,31.0,1.71
2208,43.24,1054.5958,16.0,1.24
2209,43.48,1006.4756,18.0,1.2
2210,47.48,1049.4825,48.0,1.51
2211,49.84,1010.548,15.0,1.21
2212,48.64,1069.0765,48.0,1.43
2213,41.72,1007.812,33.0,1.28
2214,42.4,1043.2134,15.0,1.17
2215,44.92,1030.5594,50.0,1.25
2216,49.44,1020.9418,32.0,1.39
2217,40.92,1079.2798,17.0,1.84
2218,24.92,1013.5068,75.0,1.47
2219,40.16,994.4572,2.0,1.27
2220,44.44,1034.0275,42.0,1.56
2221,44.28,1041.3879,77.0,1.3
2222,62.56,1049.4507,0.0,1.39
2223,49.08,1026.6407,20.0,1.29
2224,49.8,1026.0002,41.0,1.46
2225,41.6,993.7359,11.0,1.38
2226,37.56,1004.4202,35.0,1.66
2227,45.32,1055.3282,28.0,1.19
2228,48.64,1030.5678,27.0,1.19
2229,42.6,1095.9629,38.0,1.11
2230,49.92,1048.5675,37.0,1.66
2231,51.36,1025.5041,40.0,1.69
2232,51.44,1032.0763,52.0,1.53
2233,55.84,1066.3947,17.0,1.29
2234,51.6,1106.2961,48.0,1.55
2235,37.12,1025.8809,40.0,1.49
2236,38.2,1019.4361,9.0,1.34
2237,58.84,1100.3288,15.0,1.36
2238,47.24,1009.9207,28.0,1.5
2239,40.88,1049.524,79.0,1.4
2240,29.72,1005.7902,31.0,1.32
2241,54.36,1020.052,17.0,1.32
2242,39.96,1065.186,24.0,1.57
2243,43.96,1015.7894,61.0,1.42
2244,49.12,1024.5122,20.0,1.9
2245,40.0,1014.2478,8.0,2.29
2246,36.08,1025.194,31.0,1.89
2247,34.72,1026.3836,32.0,2.03
2248,43.76,1002.7526,34.0,1.47
2249,52.64,984.9638,17.0,2.81
2250,52.28,996.5962,27.0,1.74
2251,37.2,1023.6241,31.0,1.72
2252,23.64,979.4901,40.0,1.31
2253,58.04,1060.4644,10.0,1.57
2254,33.68,1016.4579,27.0,1.58
2255,58.32,1024.3199,19.0,1.69
2256,42.48,1056.0542,56.0,1.6
2257,33.76,1052.0846,25.0,1.59
2258,61.52,988.7664,25.0,1.45
2259,55.4,1057.9384,22.0,1.58
2260,39.44,1005.9417,21.0,1.48
2261,37.88,1016.1733,58.0,1.75
2262,33.8,990.8603,44.0,1.35
2263,50.6,1022.2535,21.0,1.14
2264,48.84,1074.1178,24.0,1.12
2265,53.68,1141.499,13.0,1.27
2266,52.36,995.2094,37.0,1.22
2267,30.44,1014.3573,47.0,1.24
2268,55.08,1021.442,18.0,1.01
2269,48.16,1021.5491,65.0,1.25
2270,31.0,1060.2855,58.0,1.12
2271,40.4,1032.9599,37.0,1.73
2272,31.64,1068.7597,34.0,1.32
2273,33.16,1023.4301,47.0,1.13
2274,38.52,989.5276,27.0,1.16
2275,34.56,996.4738,23.0,1.17
2276,60.76,1073.1369,18.0,1.17
2277,51.68,1027.5317,13.0,1.2
2278,47.6,1054.6186,13.0,1.19
2279,41.8,1048.1765,7.0,1.17
2280,53.28,1039.1652,39.0,1.27
2281,46.4,1034.088,20.0,1.16
2282,33.92,1014.3423,79.0,1.29
2283,50.44,999.9408,46.0,1.4
2284,43.56,1056.7812,24.0,1.3
2285,45.16,1075.7764,17.0,1.47
2286,34.88,1052.3642,51.0,1.5
2287,45.0,1025.9332,13.0,1.47
2288,32.68,1007.0486,53.0,1.22
2289,48.96,1054.1754,30.0,1.12
2290,51.44,990.3926,21.0,1.23
2291,52.52,1025.4927,19.0,1.13
2292,41.2,984.0627,53.0,1.1
2293,29.76,996.124,19.0,1.17
2294,43.08,1038.2171,36.0,1.17
2295,49.72,1024.7269,19.0,1.21
2296,40.6,1031.732,45.0,1.62
2297,45.44,999.3965,44.0,1.11
2298,54.68,1018.6964,32.0,1.04
2299,35.2,1022.4825,34.0,1.17
2300,41.44,1067.3876,50.0,1.09
2301,55.04,1013.1089,41.0,1.27
2302,41.52,1001.2794,56.0,1.4
2303,50.44,1014.2768,60.0,1.28
2304,64.76,1000.6248,41.0,1.22
2305,51.28,1042.6796,29.0,1.11
2306,43.96,1020.7243,45.0,1.3
2307,49.12,1021.046,27.0,1.11
2308,40.92,1039.5851,25.0,1.19
2309,25.8,1026.9174,22.0,1.11
2310,47.52,1035.9949,20.0,1.17
2311,45.32,1049.8665,37.0,1.1
2312,51.68,1022.442,28.0,1.14
2313,56.4,1000.0487,14.0,1.23
2314,48.52,1068.0575,36.0,1.12
2315,42.24,1017.9837,24.0,1.19
2316,51.24,1033.9605,12.0,1.09
2317,49.52,1003.7165,62.0,1.12
2318,33.96,1049.4999,85.0,1.09
2319,52.44,1009.9115,27.0,1.04
2320,31.84,1009.3484,60.0,1.18
2321,57.88,1081.5898,43.0,1.04
2322,56.2,1063.5204,20.0,1.72
2323,49.0,1027.5511,26.0,1.17
2324,55.32,1054.4389,11.0,1.09
2325,45.88,989.196,39.0,1.17
2326,44.76,979.4664,11.0,1.13
2327,41.76,1009.2922,26.0,1.11
2328,38.92,1046.2852,18.0,1.18
2329,57.2,1026.5636,34.0,1.03
2330,47.12,1090.1278,42.0,1.13
2331,39.76,986.4284,9.0,1.29
2332,37.72,1010.1687,41.0,1.27
2333,40.72,1051.4771,32.0,1.16
2334,37.8,993.4073,33.0,1.18
2335,39.72,1011.9608,29.0,1.4
2336,41.24,1069.8757,16.0,1.26
2337,42.32,1022.7817,34.0,1.21
2338,39.92,1013.687,31.0,1.12
2339,47.16,996.2741,67.0,1.23
2340,51.88,1036.5192,14.0,1.44
2341,58.08,1031.4294,12.0,1.55
2342,55.28,1012.6482,18.0,1.39
2343,48.28,1024.2635,49.0,1.17
2344,43.2,1002.4709,9.0,1.27
2345,50.12,1033.9271,34.0,1.09
2346,44.4,1029.3106,34.0,1.24
2347,40.6,994.9669,35.0,1.15
2348,43.76,1028.2893,9.0,1.95
2349,44.24,1030.7266,25.0,1.52
2350,42.24,1058.6799,30.0,1.14
2351,51.6,1092.4507,28.0,1.41
2352,32.08,1001.4269,53.0,1.2
2353,46.0,995.1165,45.0,1.64
2354,53.48,1038.9408,40.0,1.27
2355,47.92,1047.8972,49.0,1.26
2356,49.6,1037.4031,37.0,1.25
2357,54.56,1077.3913,33.0,1.17
2358,46.12,1022.941,49.0,1.22
2359,41.64,1074.6061,11.0,1.22
2360,51.12,996.476,14.0,1.32
2361,48.16,1031.4304,31.0,1.18
2362,48.92,1072.715,16.0,1.21
2363,46.76,1019.7386,9.0,1.24
2364,46.0,1020.3436,52.0,1.28
2365,60.2,1008.3662,35.0,1.14
2366,55.92,1015.9535,13.0,1.14
2367,43.52,1044.6439,17.0,1.9
2368,35.52,1009.7528,50.0,1.19
2369,52.68,1032.1724,22.0,1.17
2370,47.48,1014.5388,33.0,1.1
2371,54.8,998.5111,30.0,1.24
2372,46.92,1025.7012,29.0,1.81
2373,45.76,1041.4313,20.0,1.17
2374,39.08,1062.1946,29.0,1.17
2375,35.8,1005.3148,23.0,1.3
2376,43.24,1046.0666,36.0,1.34
2377,36.6,1013.1598,33.0,1.12
2378,43.04,999.7019,32.0,1.15
2379,40.96,1012.4868,33.0,1.17
2380,39.88,1008.3836,29.0,1.15
2381,39.48,1092.7186,67.0,1.09
2382,49.36,1031.1886,18.0,1.27
2383,52.8,1024.633,27.0,1.37
2384,54.48,1165.4014,20.0,1.25
2385,47.4,1068.3764,30.0,1.21
2386,36.76,1006.6397,44.0,1.06
2387,32.68,1020.7115,46.0,1.04
2388,43.68,1008.7304,38.0,1.17
2389,44.92,988.0363,37.0,1.16
2390,49.28,1000.0316,52.0,1.08
2391,28.36,1032.244,42.0,1.24
2392,38.32,1077.748,60.0,1.19
2393,49.32,1021.1816,24.0,1.07
2394,52.88,1102.4392,22.0,1.07
2395,24.72,1000.731,45.0,1.07
2396,43.08,1000.5518,34.0,1.2
2397,47.92,1012.496,40.0,1.12
2398,39.52,1052.2841,33.0,1.67
2399,47.36,1018.843,14.0,1.12
2400,49.76,1034.7552,32.0,1.11
2401,23.36,998.0189,28.0,1.23
2402,53.04,1013.112,48.0,1.14
2403,36.24,1047.6354,13.0,1.44
2404,29.12,1016.3652,43.0,1.25
2405,51.92,1040.4352,36.0,1.18
2406,45.48,1021.3074,33.0,1.16
2407,56.76,1018.805,22.0,1.26
2408,61.48,1032.5333,23.0,1.28
2409,49.08,1027.5803,33.0,1.34
2410,50.68,998.7022,35.0,1.37
2411,53.28,989.3188,35.0,1.22
2412,58.84,995.7256,16.0,1.35
2413,30.96,1024.8491,55.0,1.1
2414,30.76,1012.0137,51.0,1.15
2415,60.32,1005.4611,23.0,1.15
2416,39.52,1037.3273,94.0,1.16
2417,43.4,1019.4248,25.0,1.23
2418,49.44,1033.1535,42.0,1.23
2419,46.24,1004.8868,28.0,1.25
2420,44.64,1045.4366,31.0,1.24
2421,48.88,1022.3295,21.0,1.22
2422,49.04,1044.9792,11.0,1.23
2423,39.36,1045.7237,63.0,1.89
2424,38.44,1065.1376,48.0,1.27
2425,32.56,991.5099,12.0,1.3
2426,41.0,1007.8586,24.0,1.29
2427,51.2,1027.4312,7.0,1.41
2428,43.96,1008.6091,26.0,1.43
2429,43.48,1014.7481,30.0,1.4
2430,34.32,1006.6508,68.0,1.11
2431,43.72,1008.0579,22.0,1.19
2432,47.64,1011.0802,18.0,1.31
2433,36.04,995.199,36.0,1.29
2434,38.88,1012.8264,42.0,1.26
2435,39.8,985.845,26.0,1.13
2436,51.16,1017.5726,58.0,1.34
2437,33.44,1042.644,11.0,1.18
2438,55.68,1037.2682,14.0,1.18
2439,41.48,1017.1787,11.0,1.21
2440,40.36,1036.5538,42.0,1.24
2441,46.96,1061.9215,14.0,1.35
2442,50.12,1034.0979,62.0,1.26
2443,41.16,1036.1936,9.0,1.03
2444,40.16,1030.7204,48.0,1.17
2445,41.08,1043.2518,33.0,1.32
2446,47.48,1033.7045,20.0,1.28
2447,44.56,1073.6394,24.0,1.67
2448,46.8,1003.9126,66.0,1.15
2449,35.84,1034.0214,64.0,1.22
2450,30.0,1018.9023,42.0,1.19
2451,56.52,1047.9168,6.0,1.28
2452,40.32,1000.3576,41.0,1.32
2453,57.52,1020.1173,35.0,1.29
2454,42.76,990.1418,36.0,1.16
2455,42.56,992.7239,4.0,1.08
2456,28.32,993.9049,29.0,1.28
2457,20.92,1038.3773,41.0,1.1
2458,36.36,1019.61,33.0,1.19
2459,32.88,1004.0838,52.0,1.41
2460,46.8,1026.3776,57.0,1.16
2461,29.12,999.7106,38.0,1.04
2462,59.36,996.454,22.0,1.28
2463,50.92,1024.4126,13.0,1.31
2464,26.24,998.0622,29.0,1.23
2465,61.76,1022.9862,0.0,1.69
2466,44.48,1027.3002,29.0,1.24
2467,43.36,991.7249,19.0,1.32
2468,21.16,1022.465,43.0,1.35
2469,25.2,1000.234,44.0,1.37
2470,51.88,1021.0642,52.0,1.05
2471,51.76,996.8118,20.0,1.18
2472,28.84,1042.4182,27.0,1.71
2473,44.2,1012.8287,45.0,1.18
2474,46.28,1042.6516,18.0,1.11
2475,42.76,988.877,37.0,1.3
2476,59.88,1039.376,10.0,1.51
2477,61.32,1037.7044,-1.0,1.16
2478,54.68,1039.9212,22.0,1.12
2479,44.04,1017.189,30.0,1.17
2480,44.52,1025.0283,45.0,1.19
2481,50.08,1001.8986,51.0,1.11
2482,41.68,998.9523,26.0,1.3
2483,47.4,1042.2398,27.0,1.53
2484,53.24,1009.0658,27.0,1.31
2485,47.4,1106.1239,22.0,1.19
2486,47.96,1013.5622,3.0,1.09
2487,26.96,997.6483,81.0,1.12
2488,54.28,1029.9248,26.0,1.16
2489,47.0,1069.5692,39.0,1.1
2490,41.32,1015.0906,28.0,1.17
2491,53.24,1052.8548,29.0,1.17
2492,39.8,1009.2948,46.0,1.22
2493,47.84,1006.4865,42.0,1.15
2494,34.68,980.3718,32.0,1.06
2495,39.96,1011.6664,1.0,1.14
2496,43.48,998.6178,46.0,1.43
2497,46.36,1000.6102,55.0,1.18
2498,38.16,1000.8836,17.0,2.14
2499,38.88,1023.0016,14.0,1.28
2500,51.36,1001.4728,23.0,1.48
2501,46.2,1048.221,11.0,1.21
2502,50.24,1051.262,35.0,1.46
2503,45.76,1066.2214,23.0,1.6
2504,44.12,1032.5888,29.0,1.63
2505,49.92,1042.5668,62.0,1.21
2506,49.64,1011.7153,13.0,1.29
2507,45.32,1038.1675,58.0,1.25
2508,39.04,1030.6634,38.0,1.22
2509,44.84,1026.6984,8.0,1.22
2510,45.52,1015.1832,23.0,1.22
2511,52.52,1041.499,27.0,1.25
2512,31.76,1002.9079,17.0,1.07
2513,41.0,1017.9304,18.0,1.25
2514,44.24,1060.716,38.0,1.41
2515,47.72,1044.3661,37.0,1.36
2516,42.92,992.6332,43.0,1.22
2517,44.52,1024.4574,62.0,1.32
2518,39.8,1032.0049,20.0,1.35
2519,48.52,1034.6098,62.0,1.61
2520,53.8,998.1944,27.0,1.28
2521,47.48,1066.0313,17.0,1.63
2522,51.64,1025.566,43.0,1.15
2523,43.24,1032.1534,58.0,1.49
2524,45.16,1053.1362,24.0,1.47
2525,33.6,1028.3204,17.0,1.08
2526,46.16,1012.8507,51.0,1.4
2527,38.68,1017.9684,59.0,1.0
2528,31.76,1011.3544,29.0,1.19
2529,46.76,1054.9316,41.0,1.21
2530,42.96,1027.649,46.0,1.1
2531,26.96,1003.8695,32.0,1.2
2532,58.32,1063.357,18.0,1.15
2533,44.24,1125.0207,37.0,1.08
2534,43.92,1112.4576,14.0,1.08
2535,45.48,999.4346,32.0,1.22
2536,37.0,1072.7704,24.0,1.72
2537,44.8,1032.3269,32.0,1.22
2538,42.96,1023.064,24.0,1.45
2539,40.8,1039.4114,24.0,1.23
2540,60.92,999.5557,15.0,1.24
2541,51.68,1030.6453,43.0,1.22
2542,41.48,1038.6949,17.0,1.36
2543,45.72,999.5659,56.0,1.27
2544,53.72,1023.6487,28.0,1.3
2545,47.72,1071.8679,30.0,1.83
2546,49.56,1059.612,23.0,1.4
2547,53.8,1015.8033,13.0,1.15
2548,50.56,1008.6417,4.0,1.14
2549,43.4,1059.3693,22.0,1.35
2550,38.24,1046.1331,34.0,1.18
2551,44.88,1047.2553,12.0,1.19
2552,43.56,1031.2765,23.0,1.36
2553,53.28,1011.9435,29.0,1.12
2554,49.92,1032.6714,16.0,1.14
2555,56.2,1024.954,22.0,1.19
2556,37.84,1032.1843,37.0,1.07
2557,45.36,1033.3738,20.0,1.27
2558,43.28,1064.1236,64.0,1.37
2559,50.12,1022.9014,61.0,1.32
2560,52.64,1005.4005,22.0,1.23
2561,31.6,1000.135,45.0,1.33
2562,54.52,1041.095,25.0,1.14
2563,39.04,1005.7043,20.0,1.16
2564,47.12,1040.4592,48.0,1.16
2565,26.68,1007.01,44.0,1.17
2566,46.04,1010.0104,13.0,1.25
2567,48.28,1087.8768,40.0,1.3
2568,50.12,991.6975,45.0,1.09
2569,48.44,1034.4122,65.0,1.18
2570,50.92,1046.8619,16.0,1.23
2571,42.72,1042.7279,36.0,1.83
2572,47.72,1008.202,16.0,1.33
2573,34.0,981.8364,51.0,1.34
2574,36.04,1023.2505,22.0,1.31
2575,47.44,1015.6694,33.0,1.15
2576,33.56,1027.0041,32.0,1.16
2577,32.96,1012.9474,25.0,1.19
2578,34.04,1007.8848,19.0,1.28
2579,46.64,1042.8626,15.0,1.17
2580,31.76,1001.2306,15.0,1.16
2581,45.6,1096.5016,57.0,1.34
2582,38.28,993.8341,35.0,1.18
2583,49.04,1001.7037,17.0,1.15
2584,53.88,1037.7959,30.0,1.42
2585,36.36,1040.2491,50.0,1.38
2586,57.76,1027.994,19.0,1.29
2587,41.64,1005.0616,19.0,1.54
2588,43.84,1039.5052,24.0,1.14
2589,46.72,1031.3409,23.0,1.26
2590,42.68,1001.2512,41.0,1.18
2591,34.48,1008.3239,62.0,1.25
2592,25.64,1019.2212,36.0,1.3
2593,47.12,1053.009,51.0,1.28
2594,46.2,1025.2675,23.0,1.16
2595,48.0,1030.3839,29.0,1.83
2596,41.52,989.7038,70.0,1.33
2597,41.44,1035.4706,19.0,1.13
2598,41.16,1041.7038,32.0,1.14
2599,48.24,993.2543,24.0,1.18
2600,51.8,1067.8895,37.0,1.26
2601,50.56,1005.5105,23.0,1.2
2602,55.96,1053.5205,25.0,1.33
2603,56.04,1022.9864,26.0,1.35
2604,39.56,983.1483,28.0,1.39
2605,50.32,1111.5554,74.0,1.28
2606,54.68,1058.0705,37.0,1.12
2607,36.64,984.4793,46.0,1.22
2608,45.32,999.5694,39.0,1.21
2609,53.96,1012.0865,32.0,1.13
2610,52.32,1038.4118,25.0,1.29
2611,50.4,1004.1116,40.0,1.26
2612,48.0,1033.1683,27.0,1.32
2613,44.68,1013.047,34.0,1.23
2614,33.8,1015.351,48.0,1.16
2615,37.64,1010.5794,24.0,1.52
2616,46.68,1009.3695,22.0,1.33
2617,50.84,1007.1127,15.0,1.46
2618,33.44,1001.3458,56.0,1.32
2619,37.12,979.6067,18.0,1.68
2620,30.32,1026.6056,35.0,1.19
2621,36.36,1008.1682,36.0,1.11
2622,51.8,1020.1016,19.0,1.13
2623,55.68,1038.5285,23.0,1.14
2624,47.04,1016.2796,4.0,1.31
2625,37.68,985.4749,96.0,1.41
2626,39.4,998.5876,21.0,1.3
2627,60.64,1031.729,27.0,1.29
2628,51.68,1033.499,9.0,1.48
2629,48.04,1058.9534,42.0,1.26
2630,36.44,1010.1682,32.0,1.39
2631,53.96,1041.6239,71.0,1.26
2632,53.48,1007.6457,10.0,1.49
2633,49.84,1050.8714,9.0,1.44
2634,44.16,1049.7812,28.0,1.37
2635,44.64,995.34,32.0,1.12
2636,38.2,1009.7966,38.0,1.25
2637,47.76,1018.4864,21.0,1.21
2638,40.04,1047.2816,42.0,1.21
2639,35.76,988.7933,7.0,1.09
2640,41.0,1002.9498,29.0,1.16
2641,47.48,1022.1678,16.0,1.04
2642,46.56,993.5432,24.0,1.06
2643,44.88,1019.1606,34.0,1.14
2644,32.32,1022.4261,29.0,1.58
2645,36.28,1006.6682,15.0,1.06
2646,40.88,1013.8531,29.0,1.09
2647,39.24,1039.3,70.0,1.04
2648,50.48,1056.8232,17.0,1.18
2649,59.36,1034.788,13.0,1.41
2650,38.36,1046.5704,29.0,1.6
2651,39.2,1041.4297,55.0,1.37
2652,37.92,1025.5393,20.0,1.5
2653,50.28,1041.1927,43.0,1.19
2654,44.0,1003.293,21.0,1.31
2655,56.12,1017.8578,23.0,1.09
2656,27.12,1001.1042,44.0,1.03
2657,58.52,1014.0865,6.0,1.28
2658,45.44,1038.3281,33.0,1.34
2659,45.8,1041.4938,35.0,1.27
2660,46.44,992.0691,54.0,1.09
2661,39.56,1014.7433,44.0,1.23
2662,37.6,1004.2756,25.0,1.44
2663,54.16,1018.5951,8.0,1.23
2664,46.8,1081.3833,62.0,1.41
2665,48.76,1012.7679,11.0,1.16
2666,47.92,1033.2418,40.0,1.31
2667,33.12,1012.7336,31.0,1.2
2668,37.52,995.2342,35.0,1.9
2669,49.2,1002.2607,49.0,1.77
2670,43.0,1025.7508,54.0,1.41
2671,30.92,1037.829,69.0,1.13
2672,47.92,1050.2926,14.0,1.1
2673,50.36,1009.3002,21.0,1.11
2674,50.76,1048.9438,25.0,1.14
2675,35.92,1039.5719,34.0,1.15
2676,47.28,1047.0128,95.0,1.13
2677,50.4,1022.4114,22.0,1.17
2678,43.32,1029.7002,38.0,1.14
2679,47.24,1032.7182,17.0,1.07
2680,52.0,1042.585,5.0,1.03
2681,51.04,987.741,9.0,1.19
2682,31.12,1009.2011,45.0,1.13
2683,47.72,1047.9863,43.0,1.13
2684,31.72,1021.2453,69.0,1.53
2685,49.16,1019.212,13.0,1.43
2686,48.36,1024.5596,19.0,1.36
2687,45.8,1049.151,49.0,1.43
2688,49.52,1002.2413,23.0,1.41
2689,41.44,1025.0787,29.0,1.41
2690,52.48,1034.3288,25.0,1.5
2691,56.32,984.4764,33.0,1.46
2692,45.36,1039.508,11.0,2.28
2693,48.52,1011.9978,12.0,1.48
2694,31.36,1008.8219,39.0,1.46
2695,42.76,1029.261,3.0,1.39
2696,43.6,1041.9751,34.0,1.44
2697,40.96,1037.1853,23.0,1.46
2698,55.76,1017.5168,41.0,1.37
2699,46.76,1054.8257,57.0,1.61
2700,28.96,1010.7373,75.0,1.68
2701,48.24,1000.7809,43.0,1.35
2702,40.12,1054.7811,13.0,1.51
2703,36.8,1050.0878,14.0,1.44
2704,53.76,985.1617,36.0,1.26
2705,46.68,1009.8367,32.0,1.4
2706,57.64,1039.4389,20.0,1.74
2707,31.16,1027.203,37.0,1.44
2708,38.24,1021.6262,74.0,1.41
2709,60.4,1024.2954,17.0,1.34
2710,46.8,1016.8499,7.0,1.27
2711,52.28,1032.845,35.0,1.56
2712,46.64,1079.835,51.0,1.47
2713,40.76,1004.99,5.0,1.43
2714,47.8,1071.0231,32.0,1.89
2715,40.76,1082.7412,56.0,1.59
2716,45.04,1006.5229,12.0,1.33
2717,53.28,1023.4135,47.0,1.45
2718,50.56,1009.2075,22.0,1.37
2719,35.96,1180.8206,20.0,1.27
2720,59.4,1062.8765,12.0,1.27
2721,43.12,985.1068,26.0,1.28
2722,41.36,1104.1196,103.0,1.13
2723,38.84,1003.3893,34.0,1.35
2724,47.08,1020.0301,26.0,1.34
2725,46.48,1008.5676,45.0,1.51
2726,37.68,1001.6676,16.0,1.57
2727,35.52,991.134,77.0,1.56
2728,49.76,1022.4995,35.0,1.38
2729,53.0,1036.5464,30.0,1.27
2730,24.12,1000.1104,84.0,1.23
2731,42.08,1141.7345,66.0,1.31
2732,52.0,1126.1362,24.0,1.7
2733,49.84,1047.1126,28.0,1.64
2734,44.76,1010.8552,18.0,1.54
2735,34.16,1013.503,39.0,1.5
2736,43.72,986.82,49.0,2.06
2737,43.56,994.4044,63.0,1.44
2738,42.2,1054.9868,43.0,1.73
2739,49.6,998.904,44.0,1.54
2740,43.32,1021.2512,14.0,1.3
2741,38.36,999.9704,20.0,1.29
2742,35.32,1019.1502,40.0,1.23
2743,41.24,1031.2379,51.0,1.56
2744,42.88,1005.9915,73.0,1.8
2745,48.0,1003.4377,12.0,1.48
2746,39.12,1042.5365,40.0,1.45
2747,58.4,1004.4642,37.0,1.53
2748,51.8,1048.7631,57.0,1.54
2749,48.88,1062.5211,60.0,1.38
2750,49.04,1090.6381,52.0,1.36
2751,40.08,1022.0965,32.0,2.12
2752,46.08,1062.1269,42.0,1.57
2753,37.92,1038.9589,50.0,1.73
2754,56.44,1017.788,12.0,1.37
2755,42.24,998.0482,23.0,1.6
2756,48.4,1030.5912,45.0,2.08
2757,32.68,1035.1581,55.0,1.82
2758,39.2,995.1753,36.0,1.75
2759,49.8,1010.907,23.0,1.54
2760,49.44,1041.4045,43.0,1.61
2761,43.44,1013.8916,61.0,1.64
2762,26.36,1025.2537,39.0,1.49
2763,39.12,1033.237,48.0,1.66
2764,42.96,1033.0528,51.0,1.26
2765,48.24,1020.7866,29.0,1.46
2766,37.52,1005.9885,66.0,1.38
2767,61.0,1042.6838,13.0,1.42
2768,45.4,1044.2223,63.0,1.3
2769,36.92,1087.829,76.0,1.64
2770,47.84,1011.3825,6.0,1.4
2771,55.2,1082.7354,52.0,1.41
2772,54.4,1027.9549,57.0,1.43
2773,45.48,1011.4038,41.0,1.37
2774,43.2,1021.2514,27.0,1.39
2775,30.08,1043.7998,30.0,1.59
2776,34.64,1031.7354,16.0,2.07
2777,53.04,1010.3572,36.0,1.44
2778,44.04,1019.0071,31.0,1.38
2779,47.6,988.925,27.0,1.25
2780,37.68,1028.7171,17.0,1.3
2781,50.88,1023.9943,39.0,1.52
2782,45.44,1024.0489,52.0,1.25
2783,46.36,1033.7507,26.0,1.44
2784,47.96,1000.84,45.0,1.3
2785,43.24,1023.6221,29.0,1.31
2786,41.84,1007.7032,31.0,1.69
2787,48.28,1036.5237,40.0,1.94
2788,31.24,997.9128,26.0,2.5
2789,45.28,988.2489,20.0,1.42
2790,47.12,1016.9273,53.0,1.39
2791,41.52,993.295,35.0,1.36
2792,40.44,1087.3238,28.0,1.5
2793,41.96,1079.3889,26.0,1.66
2794,40.88,993.1363,41.0,1.75
2795,30.68,1048.6821,63.0,1.49
2796,40.0,1007.6567,29.0,1.21
2797,37.52,1009.415,29.0,1.84
2798,45.32,1022.1658,20.0,1.26
2799,58.32,999.2938,29.0,1.36
2800,24.08,1001.7222,49.0,2.18
2801,48.12,989.5657,21.0,1.56
2802,41.48,1057.4895,75.0,1.24
2803,48.04,1051.3847,18.0,1.52
2804,30.36,1017.2219,31.0,1.36
2805,44.8,1002.3866,19.0,1.93
2806,51.04,1009.0183,29.0,2.13
2807,37.84,1048.1078,38.0,1.88
2808,39.92,1058.8191,28.0,1.85
2809,51.76,1014.3838,21.0,1.64
2810,52.12,1054.5741,38.0,1.54
2811,48.4,1047.0194,49.0,1.72
2812,32.92,990.4327,22.0,1.59
2813,43.76,1015.5508,32.0,1.92
2814,37.04,987.0447,41.0,1.7
2815,44.64,1040.6193,42.0,2.14
2816,52.68,999.2904,24.0,1.66
2817,42.6,1003.459,59.0,1.94
2818,29.16,1014.8938,16.0,1.81
2819,42.88,1001.1239,10.0,1.77
2820,32.88,1003.8403,33.0,1.67
2821,45.4,1003.7001,28.0,1.63
2822,56.76,1061.0163,16.0,1.46
2823,47.52,1079.0552,54.0,1.16
2824,50.64,1035.841,39.0,1.51
2825,51.64,1059.3212,28.0,1.2
2826,44.12,1094.2572,28.0,1.03
2827,51.2,1028.9575,25.0,1.22
2828,48.72,1041.6502,39.0,1.2
2829,46.48,997.9428,39.0,1.13
2830,37.16,1018.3378,35.0,1.15
2831,57.48,1019.2454,39.0,1.35
2832,51.96,1077.7415,40.0,1.18
2833,46.28,1102.9411,58.0,1.19
2834,38.24,1005.8078,43.0,1.3
2835,49.96,1010.8268,75.0,1.29
2836,45.76,1013.7708,20.0,1.47
2837,55.12,1029.8682,29.0,2.12
2838,43.4,1011.8053,50.0,1.6
2839,45.96,1049.6558,22.0,1.4
2840,47.4,1114.1446,26.0,1.5
2841,45.04,1032.403,24.0,1.51
2842,52.32,1041.5946,33.0,1.34
2843,47.04,1009.023,27.0,1.28
2844,49.08,1042.9464,30.0,1.43
2845,45.24,1003.4996,17.0,1.26
2846,30.68,996.8663,38.0,1.23
2847,42.72,1040.7471,55.0,1.27
2848,45.4,1046.3801,28.0,1.23
2849,34.88,1018.1338,61.0,1.11
2850,41.04,1061.0329,22.0,1.23
2851,49.84,1070.0377,33.0,1.27
2852,43.56,991.7062,30.0,1.26
2853,40.96,1015.3848,16.0,1.21
2854,52.48,1038.985,30.0,1.3
2855,40.52,1013.9758,66.0,1.37
2856,36.76,993.6764,46.0,1.24
2857,49.68,1080.7908,49.0,1.31
2858,46.4,998.2224,49.0,1.2
2859,42.36,1006.9736,71.0,1.31
2860,58.08,1024.2964,11.0,1.16
2861,41.44,1012.2749,38.0,1.26
2862,51.6,1008.1483,32.0,1.17
2863,41.72,987.5006,40.0,1.16
2864,38.52,1037.2912,75.0,1.22
2865,40.32,1029.9157,40.0,1.19
2866,46.72,1050.2802,11.0,1.32
2867,44.44,990.5464,44.0,1.33
2868,52.72,1079.4252,4.0,1.21
2869,37.6,1023.2503,18.0,1.13
2870,59.32,1119.7412,13.0,1.1
2871,36.84,1080.1184,42.0,1.18
2872,50.52,1076.3908,30.0,1.19
2873,37.84,1031.3685,43.0,1.15
2874,42.16,1020.366,44.0,1.22
2875,39.44,1012.6404,38.0,1.2
2876,43.92,1060.3419,-1.0,0.98
2877,44.56,1046.2556,38.0,1.29
2878,64.76,1044.1827,27.0,1.15
2879,38.84,1136.8794,24.0,1.14
2880,49.08,1018.8506,15.0,1.15
2881,53.12,1084.4247,48.0,1.05
2882,33.28,1066.6534,54.0,1.2
2883,43.32,1023.436,28.0,1.19
2884,41.72,1021.1946,52.0,1.24
2885,46.52,1059.3415,41.0,1.33
2886,56.2,1030.8809,-1.0,1.7
2887,39.28,1094.8781,52.0,1.13
2888,46.92,983.8099,24.0,1.09
2889,41.44,1009.5917,33.0,1.34
2890,48.08,1023.39,62.0,1.21
2891,53.8,1053.3026,19.0,1.17
2892,54.08,991.5908,30.0,1.1
2893,34.4,1008.1792,20.0,1.09
2894,32.52,1036.3045,43.0,1.36
2895,38.36,992.3776,33.0,1.39
2896,38.92,1055.6951,32.0,1.09
2897,53.4,1015.8408,25.0,1.16
2898,45.0,1044.6321,43.0,1.22
2899,46.6,1018.7097,21.0,1.17
2900,38.32,1017.1434,13.0,1.13
2901,49.08,1019.9858,46.0,1.22
2902,39.84,995.1538,9.0,1.21
2903,56.92,1057.3082,19.0,1.24
2904,53.28,1080.1408,43.0,1.22
2905,58.76,1057.3946,2.0,1.34
2906,57.16,1006.3939,30.0,1.15
2907,56.12,1026.5796,19.0,1.15
2908,44.48,1021.8522,25.0,1.4
2909,32.32,994.4259,36.0,1.24
2910,48.08,1019.7365,52.0,1.29
2911,40.72,1008.0837,44.0,1.66
2912,56.0,1094.2141,38.0,1.31
2913,42.28,1029.4105,42.0,1.38
2914,43.84,1023.6396,68.0,1.19
2915,51.48,993.9453,42.0,1.22
2916,36.48,996.694,75.0,1.26
2917,49.4,1018.088,19.0,1.15
2918,40.88,1171.2374,34.0,1.17
2919,40.28,1050.127,33.0,1.31
2920,41.44,1027.9804,55.0,1.25
2921,49.68,1007.363,45.0,1.41
2922,46.24,1013.4598,22.0,1.13
2923,48.52,1091.6038,42.0,1.2
2924,48.92,1021.7186,16.0,1.27
2925,37.24,1080.7127,26.0,1.15
2926,30.08,1009.8669,44.0,1.21
2927,46.68,1046.0091,54.0,1.31
2928,32.32,992.542,52.0,1.27
2929,34.64,1010.0055,29.0,1.25
2930,41.8,992.2956,26.0,1.07
2931,26.44,1026.8702,72.0,1.43
2932,51.92,1049.7283,35.0,1.09
2933,52.04,1039.5236,32.0,1.31
2934,38.92,1014.171,31.0,1.09
2935,51.88,1007.9036,48.0,1.46
2936,49.2,1029.4655,54.0,2.33
2937,37.08,990.782,51.0,1.5
2938,29.72,1040.6111,60.0,1.77
2939,46.48,1019.4674,24.0,1.43
2940,43.88,1018.8737,7.0,1.72
2941,39.48,1019.5976,20.0,1.54
2942,54.48,1010.9924,17.0,1.41
2943,45.08,1024.562,57.0,1.61
2944,50.2,1027.6796,42.0,1.72
2945,37.88,1005.197,69.0,1.79
2946,40.0,1007.1402,16.0,2.53
2947,50.08,1021.3317,34.0,1.58
2948,54.64,1015.9319,37.0,1.51
2949,59.6,997.4565,50.0,1.52
2950,43.96,1044.4831,17.0,2.84
2951,49.44,1026.0027,44.0,1.65
2952,31.44,986.3074,72.0,1.82
2953,50.44,1001.6916,28.0,1.87
2954,38.68,1021.3549,72.0,2.1
2955,43.4,1017.917,37.0,1.78
2956,46.04,1048.7849,50.0,1.75
2957,43.88,1029.3326,29.0,1.59
2958,48.92,1039.6058,10.0,1.72
2959,38.84,1051.5085,37.0,1.84
2960,36.08,1027.6926,49.0,1.74
2961,48.36,999.529,38.0,1.61
2962,51.88,1017.4475,29.0,2.43
2963,46.28,1006.8057,23.0,2.06
2964,26.08,999.9575,71.0,1.82
2965,45.48,1047.4504,23.0,1.12
2966,42.08,1000.3865,8.0,1.25
2967,50.24,1017.373,1.0,1.26
2968,39.44,1010.8405,67.0,1.47
2969,53.72,1001.6374,41.0,1.72
2970,52.2,1017.3834,7.0,2.07
2971,53.84,979.1827,84.0,1.38
2972,55.76,1036.5812,23.0,2.15
2973,28.36,1026.5309,36.0,1.45
2974,37.68,1016.452,30.0,1.24
2975,45.2,1009.0557,29.0,1.35
2976,37.0,1021.7462,14.0,1.36
2977,50.0,1080.6515,38.0,1.2
2978,44.0,1016.3973,24.0,1.27
2979,40.2,1002.234,38.0,1.13
2980,46.48,993.0725,0.0,1.38
2981,40.92,1063.6244,47.0,1.38
2982,51.48,1043.4209,37.0,1.5
2983,43.6,1017.1352,16.0,1.35
2984,24.28,1033.0454,55.0,1.6
2985,44.0,1032.1587,28.0,2.01
2986,34.56,995.1593,38.0,2.0
2987,40.24,1033.3616,40.0,2.17
2988,44.84,1036.5196,54.0,2.22
2989,52.64,1028.1462,28.0,1.76
2990,29.12,1028.5968,55.0,1.92
2991,40.76,1047.163,21.0,1.34
2992,32.24,990.0657,58.0,2.12
2993,39.4,998.4695,31.0,1.63
2994,47.88,1061.9028,53.0,1.65
2995,51.12,1025.5362,28.0,1.49
2996,48.56,1014.829,16.0,1.71
2997,51.08,1001.2981,44.0,1.83
2998,50.6,1060.4287,12.0,1.8
2999,55.28,1049.9183,56.0,2.0
3000,42.48,1061.8002,52.0,2.01
3001,46.92,1049.054,15.0,1.94
3002,21.84,983.1525,62.0,1.94
3003,52.12,1014.0323,30.0,2.15
3004,46.92,1000.2162,61.0,1.5
3005,51.16,1071.4739,59.0,1.58
3006,32.0,1018.2225,35.0,2.05
3007,29.96,1007.2322,62.0,2.84
3008,49.2,1063.5746,12.0,2.31
3009,47.96,1028.1119,16.0,1.52
3010,29.8,1035.0182,67.0,1.22
3011,40.52,1068.6332,56.0,1.05
3012,39.0,1041.7186,35.0,1.29
3013,36.28,1015.1323,60.0,1.09
3014,37.4,1010.7698,54.0,1.29
3015,51.68,1085.7669,55.0,1.27
3016,41.28,1050.3337,33.0,1.12
3017,61.24,999.0194,22.0,1.49
3018,49.76,1019.646,52.0,1.78
3019,35.36,998.7635,102.0,1.23
3020,47.36,1028.9068,34.0,1.19
3021,45.16,1044.1133,44.0,1.31
3022,38.44,1006.7647,40.0,1.2
3023,46.6,1003.2401,31.0,1.8
3024,51.0,1047.3122,41.0,1.41
3025,44.92,1021.6274,74.0,1.1
3026,41.84,1018.8528,56.0,1.31
3027,52.56,1034.3375,20.0,1.19
3028,38.16,984.5834,23.0,1.18
3029,33.44,1027.6063,26.0,1.21
3030,55.24,1072.2929,16.0,1.44
3031,43.16,1027.083,17.0,1.34
3032,36.52,1062.2742,53.0,1.71
3033,44.0,1000.945,14.0,1.56
3034,38.12,998.5112,39.0,1.19
3035,45.52,1022.9657,57.0,1.38
3036,43.76,1061.8413,52.0,1.34
3037,31.16,1022.8608,39.0,1.08
3038,33.36,984.789,66.0,1.39
3039,49.72,1056.1887,27.0,1.25
3040,60.68,1011.1672,23.0,1.16
3041,51.88,1014.3072,27.0,1.31
3042,31.4,1039.3749,46.0,1.42
3043,39.96,1065.5514,89.0,1.75
3044,45.68,1012.2512,7.0,1.35
3045,38.28,1018.9745,32.0,1.31
3046,54.12,1013.9191,6.0,1.24
3047,51.88,1004.2536,20.0,1.39
3048,48.88,996.6732,17.0,1.07
3049,34.16,1023.249,61.0,1.28
3050,54.44,1042.5834,68.0,1.3
3051,50.08,1014.7603,35.0,1.29
3052,51.48,1016.0054,29.0,1.27
3053,52.04,1076.6517,39.0,1.4
3054,42.0,1064.4245,33.0,1.23
3055,34.72,997.5935,58.0,1.69
3056,47.76,1106.5063,38.0,1.44
3057,35.4,1038.8149,43.0,1.52
3058,44.44,1041.2558,54.0,1.51
3059,43.12,1022.6903,20.0,1.57
3060,42.6,991.5156,40.0,1.59
3061,30.76,1022.1405,32.0,1.17
3062,43.84,1021.0653,13.0,1.15
3063,48.76,1042.1424,33.0,1.31
3064,40.24,977.2545,44.0,1.78
3065,36.64,1019.7038,37.0,1.15
3066,40.16,1028.8086,31.0,1.16
3067,50.08,1020.9924,46.0,1.42
3068,33.92,1006.3024,63.0,1.38
3069,37.92,1059.4598,53.0,1.75
3070,53.16,1056.2668,7.0,1.53
3071,41.76,1002.8285,23.0,1.49
3072,54.76,1048.6678,36.0,1.39
3073,50.6,1068.6566,17.0,1.36
3074,41.08,1063.4206,31.0,1.51
3075,29.84,1004.0531,44.0,1.63
3076,41.16,1022.027,27.0,1.58
3077,40.64,1027.0767,85.0,1.93
3078,29.84,1028.1037,54.0,1.49
3079,38.44,988.8408,42.0,1.43
3080,51.76,1056.4163,16.0,1.61
3081,57.08,1029.4739,11.0,1.93
3082,39.12,1020.2788,42.0,1.73
3083,55.28,1011.0248,35.0,1.75
3084,44.32,1009.2705,34.0,1.48
3085,46.56,1007.7153,42.0,1.29
3086,34.4,1052.1575,54.0,1.52
3087,41.84,1003.6418,42.0,1.62
3088,49.12,1038.4895,50.0,2.14
3089,43.28,1028.6385,43.0,2.44
3090,29.24,1047.3372,32.0,2.62
3091,40.2,1093.3775,15.0,1.89
3092,30.16,1028.6807,74.0,1.86
3093,32.56,997.554,50.0,1.88
3094,55.24,1015.2544,27.0,2.54
3095,46.2,1005.7297,24.0,1.8
3096,47.88,1017.5278,37.0,2.02
3097,49.64,993.8474,58.0,2.01
3098,41.56,1040.4966,60.0,2.44
3099,43.16,1018.4826,26.0,2.0
3100,46.8,1099.5785,28.0,1.84
3101,55.24,1006.6674,15.0,1.99
3102,53.44,1053.912,17.0,1.97
3103,50.28,1225.4683,13.0,1.58
3104,45.36,991.9517,33.0,1.46
3105,55.68,1027.5846,14.0,1.31
3106,41.16,1053.6661,21.0,1.31
3107,37.04,1044.6677,11.0,1.42
3108,43.92,1003.7698,26.0,1.25
3109,53.68,1045.7547,43.0,1.21
3110,36.56,1030.931,62.0,1.39
3111,34.28,1037.6248,27.0,2.56
3112,41.0,1004.6848,23.0,1.55
3113,51.48,1017.6308,77.0,1.52
3114,51.0,1028.1923,27.0,2.22
3115,54.68,1064.4709,42.0,2.07
3116,49.24,1018.5864,36.0,1.7
3117,50.64,1019.154,10.0,2.4
3118,44.32,1064.3277,21.0,2.07
3119,38.6,1017.159,53.0,1.98
3120,38.72,1012.6253,38.0,1.78
3121,50.56,1031.396,22.0,1.62
3122,24.6,1018.6666,63.0,1.57
3123,41.36,999.1325,32.0,1.79
3124,48.32,1001.6827,27.0,2.55
3125,54.4,1017.4128,47.0,2.29
3126,50.12,1066.6327,41.0,1.66
3127,42.92,1019.7148,-6.0,1.69
3128,49.96,1049.4055,51.0,3.9
3129,47.68,1004.3019,43.0,3.06
3130,45.36,1038.6477,44.0,2.15
3131,50.72,1045.1742,27.0,1.52
3132,32.08,1054.5019,33.0,1.8
3133,31.84,991.8628,33.0,1.81
3134,56.12,1061.0862,24.0,1.56
3135,40.2,1016.7643,43.0,1.68
3136,43.68,974.9782,46.0,2.22
3137,33.4,1045.0204,49.0,1.93
3138,39.72,1032.8182,25.0,1.86
3139,30.2,997.5595,39.0,1.68
3140,43.52,1073.4621,21.0,1.63
3141,28.8,1054.5759,71.0,1.41
3142,44.76,993.1626,33.0,1.38
3143,43.68,1005.5688,56.0,2.45
3144,43.68,1072.6017,21.0,1.54
3145,33.92,1004.151,54.0,1.55
3146,52.84,1000.5996,20.0,1.67
3147,46.84,1074.2943,47.0,1.64
3148,46.36,1036.9556,45.0,2.63
3149,34.36,1023.666,28.0,1.66
3150,54.32,1002.3859,37.0,1.62
3151,46.28,1108.557,29.0,1.66
3152,25.16,993.5371,38.0,1.36
3153,37.88,1019.7908,77.0,1.6
3154,43.44,1045.8064,38.0,1.58
3155,56.04,1043.2922,33.0,1.57
3156,37.52,1016.6779,50.0,2.12
3157,35.56,1074.7544,30.0,2.03
3158,35.44,1074.6865,28.0,1.82
3159,29.16,1022.4719,62.0,2.21
3160,45.24,1084.0363,22.0,2.21
3161,51.0,1011.3994,30.0,1.87
3162,54.8,1027.5173,46.0,1.6
3163,56.24,1068.5002,4.0,1.62
3164,44.2,1031.738,26.0,1.63
3165,31.44,1002.0386,60.0,1.56
3166,43.92,1037.0432,42.0,1.92
3167,39.88,1026.0861,13.0,1.95
3168,51.56,1057.2952,59.0,2.91
3169,47.8,1012.1609,35.0,2.04
3170,32.28,999.7283,36.0,1.54
3171,44.4,1038.9431,52.0,1.33
3172,42.72,981.7152,24.0,1.19
3173,43.04,1032.4413,64.0,1.05
3174,52.24,1023.501,23.0,1.04
3175,50.8,1029.2619,40.0,1.15
3176,44.6,1035.6353,26.0,1.36
3177,40.2,1062.1114,64.0,1.17
3178,43.0,1025.285,54.0,1.23
3179,34.76,1084.1314,37.0,1.22
3180,52.72,1035.7055,42.0,1.15
3181,37.88,1065.0757,31.0,1.82
3182,42.16,1069.5805,46.0,1.48
3183,49.68,1012.461,19.0,1.22
3184,39.24,998.5347,34.0,1.27
3185,37.44,1031.073,23.0,1.22
3186,55.76,1079.1704,24.0,1.25
3187,48.72,1010.2828,36.0,1.26
3188,31.12,1072.4988,41.0,1.5
3189,54.64,1058.6196,14.0,1.56
3190,46.6,1051.1545,47.0,1.41
3191,52.76,1043.1322,17.0,1.32
3192,49.52,1072.7426,46.0,1.18
3193,54.64,1021.3863,39.0,1.41
3194,30.88,989.7993,70.0,1.25
3195,52.56,1027.5603,31.0,1.6
3196,50.04,1021.0873,21.0,1.68
3197,46.4,1044.9284,28.0,1.8
3198,52.96,1007.8885,8.0,1.41
3199,36.0,1006.0699,24.0,1.91
3200,49.2,1033.325,-8.0,1.48
3201,38.2,1041.5609,35.0,1.6
3202,35.04,1025.8387,33.0,2.28
3203,29.2,1026.545,61.0,1.6
3204,52.92,995.3704,21.0,1.57
3205,33.56,1015.5112,49.0,1.91
3206,41.16,1007.5071,46.0,1.78
3207,38.52,1128.0015,71.0,1.85
3208,38.64,1053.1776,28.0,2.06
3209,36.68,1094.0527,21.0,1.37
3210,43.28,1036.3589,6.0,1.79
3211,42.68,1074.16,40.0,1.86
3212,29.44,1004.2016,38.0,1.82
3213,44.28,989.1784,55.0,1.75
3214,31.84,995.733,32.0,1.81
3215,47.76,1041.3233,47.0,1.75
3216,40.44,1050.7549,45.0,1.79
3217,42.12,1076.1622,26.0,1.67
3218,33.52,1033.7754,37.0,1.6
3219,51.64,1019.1531,27.0,1.74
3220,43.32,1078.6777,26.0,2.08
3221,41.32,1021.5866,42.0,1.6
3222,48.12,1063.4732,7.0,1.36
3223,44.4,1009.029,35.0,1.59
3224,39.76,1039.8904,33.0,1.91
3225,35.68,1012.5689,30.0,1.61
3226,46.24,1010.737,30.0,1.62
3227,50.0,998.7444,29.0,1.53
3228,54.6,1009.2092,8.0,1.61
3229,52.72,1032.0457,34.0,1.65
3230,45.4,1018.1207,58.0,1.78
3231,49.4,1050.0062,24.0,1.78
3232,45.4,999.0792,24.0,1.58
3233,47.08,1020.5621,11.0,2.83
3234,49.04,1049.4004,45.0,1.61
3235,37.92,1096.646,25.0,2.02
3236,54.4,1057.4057,5.0,1.82
3237,55.08,1017.5964,2.0,2.14
3238,51.0,1031.0444,69.0,2.32
3239,44.28,1053.6272,31.0,1.45
3240,39.96,995.3726,44.0,1.43
3241,53.16,1007.9127,10.0,1.59
3242,54.52,1012.958,27.0,1.49
3243,28.04,1008.4495,36.0,1.6
3244,52.96,1034.5485,11.0,1.32
3245,48.0,1047.3654,22.0,1.55
3246,53.04,1034.5817,-3.0,1.51
3247,48.84,1031.1299,35.0,2.21
3248,51.92,997.9965,18.0,2.01
3249,41.76,1040.1572,20.0,1.8
3250,53.4,1053.8951,25.0,1.83
3251,60.4,1044.7903,16.0,1.39
3252,56.36,999.2865,44.0,1.48
3253,40.84,998.6935,17.0,1.66
3254,54.84,1116.8222,45.0,1.79
3255,56.04,1028.8434,39.0,1.7
3256,47.12,1054.8789,54.0,2.41
3257,42.92,1110.9999,49.0,1.93
3258,57.96,1064.3406,19.0,1.62
3259,41.52,1049.6566,49.0,1.61
3260,57.48,1091.7861,39.0,2.0
3261,50.04,1093.4881,4.0,1.44
3262,37.96,1027.2513,9.0,1.87
3263,45.04,1069.7956,21.0,1.96
3264,45.8,1051.6179,23.0,1.46
3265,46.52,1029.8636,20.0,1.62
3266,53.84,1032.7262,38.0,1.88
3267,53.0,1055.8154,59.0,1.76
3268,37.24,1019.0116,82.0,1.57
3269,51.28,995.9493,22.0,2.51
3270,48.56,1107.3804,38.0,2.9
3271,53.56,1060.1052,10.0,1.88
3272,29.0,1010.9428,51.0,1.87
3273,50.28,1067.768,-1.0,2.28
3274,48.68,1012.949,31.0,1.42
3275,41.88,1018.8486,69.0,1.39
3276,43.12,1024.994,59.0,1.53
3277,45.36,991.5254,57.0,1.65
3278,44.6,1022.2888,19.0,1.72
3279,42.04,1038.5317,37.0,1.88
3280,54.28,1051.9354,28.0,1.34
3281,59.04,983.2387,9.0,1.55
3282,49.24,1083.5469,28.0,1.64
3283,50.16,1042.4018,46.0,1.63
3284,51.44,1034.5104,36.0,1.68
3285,55.64,1032.8456,51.0,1.44
3286,57.52,1048.5898,11.0,1.57
3287,45.4,1027.4166,39.0,1.86
3288,41.36,997.5854,27.0,1.46
3289,43.0,1106.1351,34.0,1.62
3290,53.96,1016.231,22.0,1.8
3291,51.32,1003.2382,14.0,2.01
3292,43.6,994.9077,31.0,2.55
3293,39.68,1072.9097,29.0,1.94
3294,47.8,1022.8801,36.0,1.91
3295,57.16,1043.3811,32.0,2.24
3296,59.04,1038.4113,16.0,1.86
3297,45.48,1012.4341,79.0,1.92
3298,47.64,1019.5981,27.0,2.05
3299,41.56,998.339,10.0,1.78
3300,45.72,1124.8035,32.0,1.8
3301,52.12,1024.4567,35.0,1.23
3302,43.16,1000.8175,34.0,1.24
3303,57.24,1053.7522,2.0,1.21
3304,49.96,1020.4427,48.0,1.2
3305,44.96,1017.7142,27.0,1.21
3306,43.76,1033.9953,33.0,1.16
3307,52.08,1011.5398,21.0,1.16
3308,38.24,1091.2434,28.0,1.18
3309,31.04,1037.0999,34.0,1.15
3310,46.28,1011.615,39.0,1.3
3311,44.0,1014.4531,41.0,1.25
3312,40.48,990.4642,38.0,1.78
3313,42.96,1067.583,57.0,1.19
3314,33.52,1014.9764,50.0,1.16
3315,43.28,1004.165,27.0,1.23
3316,50.2,1079.5655,26.0,1.29
3317,41.36,1029.9955,37.0,1.16
3318,48.16,1080.4041,45.0,1.22
3319,42.32,1021.5586,39.0,1.2
3320,49.6,1022.6776,13.0,1.29
3321,38.36,1102.8827,38.0,1.16
3322,49.28,1003.9167,42.0,1.13
3323,44.76,1011.903,58.0,1.2
3324,47.04,1009.2936,11.0,1.15
3325,28.16,1084.9703,31.0,1.16
3326,34.72,1052.1821,77.0,1.11
3327,47.2,1031.0112,20.0,1.08
3328,44.2,1077.3676,51.0,1.16
3329,46.52,985.9642,28.0,1.24
3330,46.52,991.4261,22.0,1.19
3331,49.84,1046.667,33.0,1.2
3332,46.2,1014.3351,46.0,1.23
3333,42.72,1132.7408,25.0,1.1
3334,44.56,1024.5386,39.0,1.1
3335,52.0,1016.7146,27.0,1.13
3336,49.64,996.3821,34.0,1.17
3337,48.64,1009.297,26.0,1.13
3338,42.12,1029.0061,24.0,1.2
3339,51.2,1027.9519,23.0,1.82
3340,46.2,1029.4595,38.0,1.25
3341,36.88,1061.0346,60.0,1.22
3342,39.28,997.9059,25.0,1.03
3343,39.28,1047.6212,22.0,1.24
3344,42.6,1081.2218,45.0,1.22
3345,51.72,1060.136,48.0,1.21
3346,50.08,1089.2776,6.0,1.23
3347,49.96,1027.3448,48.0,1.35
3348,31.88,1015.5162,35.0,1.21
3349,26.04,1003.845,78.0,1.19
3350,41.28,1009.7926,56.0,1.25
3351,48.24,1086.1706,55.0,1.19
3352,39.92,985.7163,76.0,1.14
3353,40.92,1011.1888,13.0,1.23
3354,35.52,1155.3322,36.0,1.18
3355,50.12,1058.1262,52.0,1.13
3356,46.68,1038.1828,52.0,1.2
3357,61.36,1002.0945,18.0,1.2
3358,43.16,1075.3228,11.0,1.21
3359,51.88,1020.3949,33.0,1.11
3360,52.88,1059.7105,36.0,1.2
3361,30.88,1013.1684,34.0,1.25
3362,42.92,1044.7457,39.0,1.26
3363,35.08,1034.4692,41.0,1.21
3364,27.0,994.2822,28.0,1.64
3365,44.36,1070.3843,41.0,1.3
3366,46.36,1023.9495,43.0,1.21
3367,42.04,1006.5452,51.0,1.19
3368,48.64,1065.6504,44.0,1.23
3369,41.52,1059.9793,7.0,1.13
3370,55.24,1035.3696,22.0,1.22
3371,28.88,1018.8944,74.0,1.25
3372,54.4,1036.2533,35.0,1.18
3373,38.72,1028.2005,22.0,1.18
3374,44.84,1041.4326,31.0,1.29
3375,55.44,1022.6806,33.0,1.03
3376,44.0,1025.0983,31.0,1.19
3377,52.72,1107.5831,23.0,1.21
3378,30.56,1017.795,69.0,1.26
3379,44.52,1032.7634,48.0,1.19
3380,51.68,1039.511,1.0,1.17
3381,43.24,1053.8655,39.0,1.22
3382,47.84,1017.408,48.0,1.26
3383,35.96,991.9941,28.0,1.16
3384,53.04,1024.4098,-4.0,1.07
3385,42.16,1027.6816,8.0,1.2
3386,57.48,1026.0264,12.0,1.18
3387,48.24,1029.6476,52.0,1.17
3388,43.72,995.647,77.0,1.16
3389,51.68,1038.132,32.0,1.25
3390,50.4,1057.0222,17.0,1.65
3391,39.28,1034.2149,31.0,1.33
3392,38.2,998.315,38.0,1.25
3393,54.12,1041.3952,22.0,1.08
3394,46.48,1021.5852,30.0,1.12
3395,43.32,1087.2008,19.0,1.12
3396,26.6,1008.2268,84.0,1.07
3397,37.88,1060.4043,7.0,1.09
3398,53.88,1009.3329,29.0,1.28
3399,42.88,1023.9674,29.0,1.18
3400,51.44,1048.8846,21.0,1.18
3401,56.56,1036.3344,16.0,1.23
3402,43.36,1043.443,14.0,1.13
3403,46.6,1035.8078,56.0,1.12
3404,38.68,997.7976,33.0,1.15
3405,44.28,1035.5562,16.0,1.15
3406,47.32,1010.3007,40.0,1.21
3407,45.8,1036.3552,32.0,1.01
3408,45.92,1004.2924,23.0,1.06
3409,46.96,1004.719,16.0,1.14
3410,46.0,1072.2325,15.0,1.47
3411,50.76,1026.9023,48.0,1.29
3412,36.8,1109.0166,51.0,1.17
3413,48.12,1035.7638,23.0,1.09
3414,53.0,1076.3452,12.0,1.17
3415,53.68,1028.5528,26.0,1.12
3416,46.88,997.4735,16.0,1.67
3417,32.32,985.3932,30.0,1.15
3418,45.28,1034.6805,34.0,1.21
3419,41.72,1038.1664,22.0,1.27
3420,34.96,1005.8762,53.0,1.17
3421,38.04,1018.5162,24.0,1.2
3422,46.0,1023.1707,22.0,1.2
3423,50.44,1059.8083,31.0,1.18
3424,44.28,1009.5022,35.0,1.17
3425,40.12,1001.9098,24.0,1.16
3426,50.92,1000.9759,32.0,1.09
3427,39.32,1011.0472,42.0,1.2
3428,44.08,1095.1812,29.0,1.28
3429,32.16,987.5936,26.0,1.18
3430,49.16,1003.034,60.0,1.26
3431,48.16,1041.5613,33.0,1.16
3432,48.76,1021.1864,17.0,1.2
3433,50.96,997.2727,27.0,1.11
3434,39.12,1037.3685,37.0,1.29
3435,46.96,1041.6175,17.0,1.22
3436,53.64,1078.868,29.0,1.15
3437,38.6,1075.4296,37.0,1.23
3438,38.8,989.2234,54.0,1.12
3439,48.64,1093.026,16.0,1.15
3440,28.44,988.5573,23.0,1.2
3441,49.32,1037.984,6.0,1.16
3442,34.88,1023.0049,78.0,1.74
3443,42.36,1101.3803,15.0,1.14
3444,31.8,1057.3718,52.0,1.12
3445,39.04,1012.5456,23.0,1.12
3446,43.64,1058.3774,52.0,1.31
3447,54.04,1004.9034,22.0,1.17
3448,41.36,1013.8614,56.0,1.18
3449,46.52,1056.3403,47.0,1.15
3450,41.72,1056.2515,81.0,1.16
3451,43.08,1086.5105,22.0,1.12
3452,56.48,1024.7698,15.0,1.18
3453,51.56,1024.2649,25.0,1.14
3454,42.52,1068.476,34.0,1.2
3455,48.72,1000.457,13.0,1.23
3456,44.52,1019.0134,15.0,1.12
3457,36.52,1020.2864,75.0,1.15
3458,36.04,1005.1331,41.0,1.19
3459,42.36,1024.6342,37.0,1.45
3460,43.08,1064.1799,42.0,1.2
3461,46.12,1038.7657,33.0,1.21
3462,44.92,1134.8829,75.0,1.17
3463,52.32,1027.4266,45.0,1.2
3464,51.76,1051.9058,49.0,1.15
3465,32.36,988.1306,25.0,1.13
3466,49.64,1004.784,54.0,1.18
3467,35.72,1028.2274,44.0,1.12
3468,37.28,1070.0839,52.0,1.73
3469,48.32,1035.1987,30.0,1.08
3470,62.32,995.2799,14.0,1.12
3471,54.2,1021.4415,51.0,1.23
3472,47.28,999.8869,10.0,1.18
3473,50.4,994.3355,52.0,1.27
3474,41.68,1021.1616,45.0,1.18
3475,54.76,1023.1798,32.0,1.21
3476,46.56,991.8623,52.0,1.21
3477,42.6,1047.4568,61.0,1.12
3478,32.4,1017.4336,74.0,1.23
3479,43.84,1012.1028,20.0,1.06
3480,45.24,1018.019,49.0,1.22
3481,48.0,1013.6462,15.0,1.32
3482,49.4,1061.4418,5.0,1.25
3483,40.64,1041.65,13.0,1.14
3484,53.16,1003.8402,16.0,1.15
3485,30.88,998.4928,62.0,1.17
3486,40.16,1064.6273,44.0,1.07
3487,47.28,1044.5642,55.0,1.16
3488,44.88,1055.412,3.0,1.25
3489,45.32,1068.7734,6.0,1.12
3490,45.92,999.5607,38.0,1.17
3491,31.16,1004.9623,44.0,1.3
3492,41.24,1046.8908,38.0,1.37
3493,37.92,1088.5908,26.0,1.25
3494,34.04,1011.7554,31.0,1.76
3495,49.8,1050.395,62.0,1.17
3496,49.08,992.1209,25.0,1.04
3497,43.88,1016.469,19.0,1.17
3498,43.44,1029.7819,29.0,1.19
3499,53.72,1018.2789,34.0,1.21
3500,38.76,1040.2437,32.0,1.3
3501,47.08,1022.6878,31.0,1.1
3502,45.44,1004.9442,41.0,1.18
3503,39.52,1246.613,38.0,1.07
3504,59.12,1015.0189,15.0,1.15
3505,47.56,1011.1254,37.0,1.26
3506,46.8,1047.0146,27.0,1.13
3507,55.92,1027.8644,7.0,1.17
3508,35.96,999.3408,48.0,1.27
3509,49.68,1160.0465,30.0,1.2
3510,53.04,1043.8335,30.0,1.09
3511,55.4,1081.678,48.0,1.18
3512,45.4,1018.1537,78.0,1.14
3513,45.96,1077.1276,14.0,1.21
3514,62.12,1015.8031,10.0,1.22
3515,34.2,1010.3872,40.0,1.17
3516,32.6,1001.711,18.0,1.14
3517,36.4,1017.6866,36.0,1.09
3518,51.2,1060.825,10.0,1.4
3519,42.76,1039.1686,18.0,1.35
3520,40.92,1107.0468,52.0,1.79
3521,46.52,1004.3656,61.0,1.12
3522,44.6,1026.9658,56.0,1.19
3523,41.76,1038.6776,20.0,1.16
3524,49.24,1037.0197,14.0,1.16
3525,49.16,995.609,16.0,1.07
3526,46.72,1019.8864,44.0,1.27
3527,42.36,1116.6804,37.0,1.1
3528,50.24,1064.9516,36.0,1.12
3529,39.32,1000.7476,22.0,1.3
3530,52.96,1028.5917,5.0,1.27
3531,47.12,1050.1568,23.0,1.19
3532,46.92,1074.0827,36.0,1.18
3533,47.0,1023.1264,27.0,1.18
3534,44.88,1039.4048,34.0,1.2
3535,43.96,982.008,38.0,1.11
3536,52.92,1082.1012,66.0,1.31
3537,52.68,1078.7643,47.0,1.15
3538,28.88,999.0212,33.0,1.16
3539,36.08,1043.1818,33.0,1.19
3540,35.52,1034.1483,48.0,1.17
3541,44.72,1022.7069,42.0,1.16
3542,40.8,1084.0687,33.0,1.18
3543,33.76,1002.9117,69.0,1.2
3544,41.24,1042.7116,52.0,1.26
3545,44.04,1071.2415,15.0,1.13
3546,51.24,1042.4333,41.0,1.77
3547,38.6,1009.9965,56.0,1.24
3548,48.48,1009.7766,20.0,1.28
3549,39.24,1141.3528,24.0,1.22
3550,44.8,1015.0684,35.0,1.13
3551,39.36,1092.6764,34.0,1.16
3552,56.56,1035.3392,33.0,1.15
3553,48.32,1021.8677,10.0,1.41
3554,48.12,1007.6013,48.0,1.2
3555,52.56,1019.7079,18.0,1.18
3556,66.32,1030.9528,9.0,1.13
3557,45.72,1073.1738,33.0,1.2
3558,33.8,1019.2895,24.0,1.17
3559,42.72,1031.7099,25.0,1.17
3560,52.08,1032.6097,53.0,1.24
3561,53.36,1033.2315,63.0,1.08
3562,46.28,1031.5552,9.0,1.29
3563,25.64,995.3979,45.0,1.07
3564,52.36,1045.005,16.0,1.19
3565,53.92,1006.7374,24.0,1.21
3566,53.68,992.1936,23.0,1.12
3567,39.16,1049.0402,44.0,1.2
3568,46.44,1011.2598,10.0,1.29
3569,49.68,1034.0875,33.0,1.27
3570,56.88,1108.7161,36.0,1.31
3571,41.04,998.4223,55.0,1.8
3572,45.36,1075.5158,16.0,1.16
3573,45.2,1043.1503,27.0,1.15
3574,40.32,1043.2766,60.0,1.14
3575,41.84,1036.9683,44.0,0.97
3576,44.2,1066.0102,16.0,1.09
3577,45.96,1034.0477,21.0,1.22
3578,51.48,1117.5492,10.0,1.13
3579,47.2,1028.7922,15.0,1.22
3580,40.0,1037.3605,27.0,1.18
3581,39.0,1021.7688,45.0,1.16
3582,43.16,1064.8819,49.0,1.1
3583,55.64,1019.4931,33.0,1.19
3584,44.76,1023.8349,31.0,1.19
3585,27.48,1012.2946,73.0,1.28
3586,48.28,1060.8599,38.0,1.18
3587,44.04,1016.9908,18.0,1.2
3588,47.28,1032.0396,18.0,1.25
3589,30.4,1019.31,62.0,1.22
3590,45.52,1018.4198,46.0,1.47
3591,41.36,1043.2297,65.0,1.47
3592,42.64,1031.6818,49.0,1.26
3593,52.64,1000.703,36.0,1.23
3594,41.76,1053.2678,59.0,1.18
3595,37.6,1102.008,86.0,1.25
3596,47.16,1014.9278,20.0,1.19
3597,33.32,1054.2207,50.0,1.75
3598,41.28,997.548,21.0,1.21
3599,49.16,989.3446,23.0,1.14
3600,51.2,1022.3066,17.0,1.38
3601,43.72,1024.4486,22.0,1.2
3602,48.2,1023.3279,12.0,1.15
3603,43.88,1010.0659,48.0,1.2
3604,50.68,1065.8464,57.0,1.16
3605,50.36,1010.2808,34.0,1.11
3606,35.56,1137.6301,47.0,1.12
3607,55.12,1062.9302,33.0,1.24
3608,46.72,1095.9342,43.0,1.18
3609,40.84,1003.0202,17.0,1.33
3610,45.76,1018.9019,81.0,1.18
3611,50.44,1004.0036,43.0,1.21
3612,39.28,1018.8079,38.0,1.16
3613,35.84,1003.8195,33.0,1.14
3614,42.56,1159.6669,12.0,1.09
3615,41.68,994.6012,16.0,1.18
3616,41.16,1008.6737,18.0,1.18
3617,38.52,1032.911,19.0,1.18
3618,51.0,1082.9349,7.0,1.23
3619,51.12,1093.7698,16.0,1.15
3620,57.56,1049.8526,35.0,1.23
3621,42.88,1016.3357,28.0,1.15
3622,52.68,1010.6226,23.0,1.74
3623,50.4,1020.8349,24.0,1.38
3624,42.8,1030.7845,13.0,1.32
3625,54.68,1130.0206,63.0,1.17
3626,63.08,987.9071,34.0,1.13
3627,32.56,1044.2778,61.0,1.18
3628,46.64,1014.16,3.0,1.17
3629,46.2,1027.8211,16.0,1.22
3630,54.04,1057.2328,71.0,1.2
3631,37.84,1001.5758,52.0,1.11
3632,56.96,986.237,24.0,1.17
3633,33.56,1053.5056,54.0,1.23
3634,40.4,1037.604,62.0,1.25
3635,27.4,1008.1099,87.0,1.08
3636,45.68,1032.3332,14.0,1.16
3637,36.6,1020.3279,32.0,1.25
3638,45.52,1021.275,39.0,1.28
3639,49.16,998.4775,55.0,1.18
3640,43.68,1050.2075,38.0,1.27
3641,57.2,1029.1929,6.0,1.15
3642,51.24,1075.4037,53.0,1.25
3643,41.36,1030.443,8.0,1.22
3644,48.0,1022.6489,31.0,1.11
3645,49.92,1090.6865,30.0,1.15
3646,42.04,1029.4408,66.0,1.21
3647,45.24,1032.4557,18.0,1.17
3648,43.88,1063.3069,62.0,1.73
3649,43.8,1045.3897,15.0,1.1
3650,37.88,1061.9008,35.0,1.22
3651,62.08,1022.0648,25.0,1.22
3652,46.8,1014.186,16.0,1.18
3653,47.24,1069.1155,34.0,1.12
3654,57.08,1049.1029,29.0,1.06
3655,39.76,1098.0678,69.0,1.19
3656,48.04,1012.497,29.0,1.18
3657,48.72,1058.6802,21.0,1.23
3658,39.52,1026.9979,37.0,1.2
3659,40.6,981.7458,29.0,1.37
3660,40.64,1088.4119,20.0,1.14
3661,47.6,1038.3012,29.0,1.14
3662,27.16,991.3556,44.0,1.18
3663,45.16,1032.7936,16.0,1.18
3664,61.6,1018.7106,20.0,1.15
3665,42.76,1033.5404,40.0,1.12
3666,37.48,1018.1127,25.0,1.09
3667,39.04,1130.4973,52.0,1.15
3668,40.0,1052.8391,51.0,1.17
3669,57.92,1019.1113,46.0,1.32
3670,38.72,1046.289,8.0,1.29
3671,52.44,1010.4814,44.0,1.38
3672,32.36,1032.9122,26.0,1.21
3673,46.96,1025.0626,16.0,1.17
3674,53.04,1046.7737,29.0,1.71
3675,43.64,1005.2265,38.0,1.08
3676,42.56,1001.3983,32.0,1.18
3677,39.4,1013.0548,39.0,1.13
3678,36.88,974.0637,39.0,1.2
3679,51.4,1080.604,52.0,1.26
3680,57.36,1125.1992,20.0,1.17
3681,40.52,989.2499,27.0,0.97
3682,47.16,1030.5482,37.0,1.19
3683,48.8,1018.6832,14.0,1.18
3684,57.24,1033.8024,26.0,1.2
3685,48.88,1016.0716,12.0,1.16
3686,56.24,1041.3338,25.0,1.07
3687,56.56,997.5,23.0,1.17
3688,51.92,1122.7853,16.0,1.26
3689,36.16,1019.5448,63.0,1.17
3690,49.24,1024.8652,31.0,1.2
3691,47.8,1035.1136,22.0,1.15
3692,36.84,1007.5767,104.0,1.28
3693,48.64,1047.1043,2.0,1.16
3694,38.4,1026.3134,5.0,1.12
3695,37.04,1021.4844,48.0,1.27
3696,41.36,1025.9293,21.0,1.08
3697,53.0,1027.1696,49.0,1.25
3698,54.64,1025.3478,19.0,1.16
3699,42.68,1104.8874,37.0,1.16
3700,42.28,1026.6738,31.0,1.16
3701,39.16,995.486,29.0,1.22
3702,50.28,1043.0216,14.0,1.06
3703,54.92,991.2586,47.0,1.14
3704,53.76,982.5057,18.0,1.16
3705,47.4,1046.1521,39.0,1.12
3706,39.48,1078.2552,48.0,1.09
3707,43.36,1054.3351,23.0,1.11
3708,53.28,1008.9429,16.0,0.99
3709,52.48,1024.2552,22.0,1.2
3710,49.12,1015.1858,42.0,1.09
3711,36.44,1007.2772,34.0,1.28
3712,46.44,987.2428,38.0,1.08
3713,42.6,1022.7743,35.0,1.12
3714,38.12,1046.5496,31.0,1.15
3715,52.92,1009.8989,48.0,1.27
3716,47.88,1009.7904,31.0,1.16
3717,41.48,987.3405,52.0,1.08
3718,51.92,1029.7477,21.0,1.13
3719,50.76,1034.7372,21.0,1.25
3720,49.84,1017.4795,9.0,1.18
3721,59.72,1011.1638,30.0,1.16
3722,51.12,1023.1815,25.0,1.19
3723,47.04,1021.7986,43.0,1.15
3724,51.48,1059.9588,18.0,1.28
3725,44.52,996.219,50.0,1.17
3726,53.84,1075.1635,20.0,1.17
3727,54.48,1022.7756,18.0,1.73
3728,53.08,1027.5487,45.0,1.17
3729,49.92,984.1095,22.0,1.24
3730,37.88,1002.8745,25.0,1.22
3731,45.32,1043.1771,25.0,1.11
3732,41.92,1065.6458,31.0,1.14
3733,57.28,1125.4159,26.0,1.23
3734,46.2,998.7929,27.0,1.19
3735,48.96,1050.6683,23.0,0.88
3736,57.64,1006.0689,5.0,1.07
3737,44.08,1054.0898,38.0,1.18
3738,48.28,1002.5044,13.0,1.14
3739,57.64,996.8618,41.0,1.08
3740,52.4,1105.6809,18.0,1.17
3741,43.76,1050.1152,48.0,1.2
3742,62.08,1131.2463,42.0,1.09
3743,43.48,1013.2424,61.0,1.41
3744,59.76,1039.8177,15.0,1.17
3745,47.08,1061.365,45.0,1.23
3746,47.32,1075.5951,25.0,1.13
3747,58.32,1044.0733,45.0,1.08
3748,49.44,1050.3923,30.0,1.17
3749,43.8,1025.3799,6.0,1.19
3750,40.68,1012.4394,32.0,1.07
3751,41.56,1143.3876,76.0,1.04
3752,51.28,1037.9141,42.0,1.19
3753,53.28,1014.2049,30.0,1.12
3754,34.52,987.1023,39.0,1.72
3755,51.0,1042.0821,6.0,1.15
3756,51.48,1016.164,11.0,1.17
3757,37.56,1037.4194,23.0,1.01
3758,53.52,1000.4917,29.0,1.14
3759,38.24,1025.2495,53.0,1.29
3760,54.36,1061.2042,26.0,1.19
3761,44.68,998.8252,39.0,1.2
3762,43.48,1013.617,27.0,1.16
3763,40.52,1052.3062,46.0,1.11
3764,58.52,1053.4068,28.0,1.01
3765,55.44,1053.4584,25.0,1.15
3766,48.52,1058.3703,14.0,1.16
3767,49.88,1038.4002,39.0,1.09
3768,40.2,1019.1022,46.0,1.26
3769,47.24,1074.2944,65.0,1.12
3770,42.8,1031.3592,44.0,1.25
3771,44.88,1020.8838,37.0,1.15
3772,49.44,1207.3948,5.0,1.11
3773,52.8,1009.3085,51.0,1.13
3774,45.32,1031.4242,41.0,1.12
3775,52.32,1017.2154,73.0,1.09
3776,50.96,1024.9174,18.0,1.19
3777,42.16,1027.5246,21.0,1.15
3778,55.8,1080.7674,23.0,1.18
3779,42.88,1063.7578,53.0,1.23
3780,55.12,997.1056,7.0,1.29
3781,45.4,1060.9117,57.0,1.15
3782,46.68,1014.6693,26.0,1.2
3783,50.4,1022.1068,28.0,1.12
3784,46.84,1062.8846,19.0,1.17
3785,55.36,1011.8299,28.0,0.99
3786,39.4,1011.4134,49.0,1.23
3787,52.04,1040.8744,35.0,1.21
3788,43.92,1022.8468,37.0,1.08
3789,48.56,1106.6019,23.0,1.26
3790,43.52,1024.5252,44.0,1.23
3791,58.84,1081.6897,6.0,1.23
3792,46.24,1023.5765,56.0,1.18
3793,50.24,1041.8958,41.0,1.11
3794,54.08,1064.7838,33.0,1.16
3795,50.4,1044.7168,40.0,1.19
3796,42.12,1045.995,53.0,1.2
3797,55.2,1076.0177,21.0,1.23
3798,34.28,1012.6612,83.0,1.16
3799,45.68,1046.3435,53.0,1.16
3800,38.92,1042.7745,73.0,1.14
3801,37.48,1150.915,20.0,1.18
3802,55.04,1070.2491,17.0,1.21
3803,52.92,1032.131,12.0,1.12
3804,44.68,1025.5684,54.0,1.18
3805,43.24,1039.9202,27.0,1.27
3806,45.28,1047.9972,6.0,1.28
3807,59.52,1005.5517,29.0,1.76
3808,40.8,1060.6632,33.0,1.33
3809,51.64,1044.0499,52.0,1.16
3810,53.68,980.8765,17.0,1.11
3811,52.04,1013.0486,59.0,1.14
3812,50.2,1112.3024,12.0,1.02
3813,55.44,1005.252,31.0,1.14
3814,55.08,1036.1441,10.0,1.17
3815,44.16,1021.9849,17.0,1.12
3816,47.6,1078.7146,65.0,1.4
3817,47.6,995.5448,26.0,1.24
3818,53.48,1050.9838,28.0,1.15
3819,48.2,1022.8386,29.0,1.22
3820,48.16,1066.3541,32.0,1.2
3821,27.76,1021.5009,64.0,1.12
3822,43.0,1010.3522,33.0,1.16
3823,36.76,1056.6681,7.0,1.17
3824,55.08,1047.6842,30.0,1.15
3825,40.64,992.9835,55.0,1.2
3826,49.04,1025.297,20.0,1.14
3827,37.24,1059.1453,60.0,1.14
3828,50.88,1022.1652,65.0,1.2
3829,55.72,995.6339,66.0,1.15
3830,48.92,986.5398,9.0,1.1
3831,42.68,992.8427,54.0,1.26
3832,36.64,1051.599,14.0,1.09
3833,53.6,1047.4603,31.0,1.7
3834,54.68,1034.1866,31.0,1.33
3835,38.44,1059.762,65.0,1.16
3836,50.6,1050.5014,21.0,1.2
3837,48.52,1003.7394,42.0,1.13
3838,39.28,1196.3306,37.0,1.06
3839,61.28,1079.5742,60.0,1.06
3840,51.32,1041.2622,28.0,1.23
3841,56.0,1023.4144,46.0,1.16
3842,51.64,1017.6343,19.0,1.22
3843,49.08,1048.5095,41.0,1.23
3844,46.24,1026.2843,28.0,1.21
3845,57.52,1114.4334,50.0,1.11
3846,52.28,1034.3639,50.0,1.1
3847,39.64,1008.0714,53.0,1.13
3848,55.76,1087.8585,8.0,1.06
3849,52.08,1010.6383,36.0,1.15
3850,42.64,1041.7598,65.0,1.06
3851,42.44,1028.1638,17.0,1.11
3852,52.12,1012.866,22.0,1.06
3853,53.04,1042.5499,30.0,1.28
3854,39.8,1016.1445,69.0,1.09
3855,30.96,999.5826,51.0,1.04
3856,50.92,1111.7769,75.0,1.15
3857,52.44,1015.2072,48.0,1.34
3858,45.48,1023.0059,3.0,1.11
3859,59.56,998.5584,18.0,1.15
3860,51.48,1095.9053,30.0,1.71
3861,56.84,1038.5393,18.0,1.19
3862,45.12,1098.8088,49.0,1.08
3863,50.08,1006.2029,44.0,1.03
3864,58.88,1051.8424,12.0,1.31
3865,61.64,993.9876,32.0,1.22
3866,44.24,1014.7568,35.0,1.18
3867,51.0,1014.4583,13.0,1.03
3868,44.8,1112.3885,39.0,1.2
3869,32.8,1002.1548,27.0,1.14
3870,45.52,1008.1368,43.0,1.16
3871,50.96,1054.28,15.0,1.18
3872,50.96,1037.8562,46.0,1.05
3873,52.96,1186.1196,24.0,1.2
3874,38.96,1054.5406,43.0,1.18
3875,59.32,1034.5975,22.0,1.21
3876,45.44,1019.4025,34.0,1.11
3877,49.44,1052.9914,33.0,1.17
3878,62.84,1029.0023,22.0,1.13
3879,48.32,1012.6667,33.0,1.25
3880,42.08,1018.5165,30.0,1.25
3881,48.0,1047.1979,45.0,1.12
3882,30.92,1016.9742,109.0,1.18
3883,44.88,1042.4877,69.0,1.22
3884,51.0,1005.72,37.0,1.19
3885,60.36,1014.1,24.0,1.19
3886,48.48,1144.9004,27.0,1.63
3887,44.8,991.4418,51.0,1.14
3888,35.36,990.1694,50.0,1.16
3889,29.24,1019.8995,28.0,1.42
3890,47.52,1092.9792,34.0,1.14
3891,55.08,1085.5435,18.0,1.04
3892,52.12,1037.2546,1.0,1.17
3893,49.36,1020.2534,53.0,1.12
3894,44.12,1027.1375,46.0,1.2
3895,39.36,1020.2768,25.0,1.11
3896,33.44,1008.8209,23.0,1.14
3897,45.92,1015.0972,23.0,1.08
3898,47.24,1090.59,46.0,1.24
3899,47.36,1042.8715,27.0,1.14
3900,53.2,1030.8969,23.0,1.07
3901,60.24,1060.9738,15.0,1.1
3902,34.44,1026.1208,58.0,1.21
3903,43.84,1002.8346,35.0,1.12
3904,45.68,1029.2178,41.0,1.21
3905,53.72,1069.9472,31.0,1.23
3906,56.88,1072.5345,32.0,1.17
3907,58.88,1010.9549,53.0,1.2
3908,38.12,1003.1962,54.0,1.21
3909,44.48,1029.3444,32.0,1.2
3910,42.4,1056.2016,50.0,1.15
3911,51.84,1039.2553,22.0,1.09
3912,49.04,1039.5966,38.0,1.08
3913,47.76,995.2301,34.0,1.87
3914,43.96,1076.1174,55.0,1.19
3915,49.4,1016.2011,62.0,1.15
3916,40.72,1025.6246,43.0,1.21
3917,48.72,1041.3451,34.0,1.06
3918,47.08,1023.6886,31.0,1.21
3919,54.44,989.1511,51.0,1.09
3920,43.52,1066.1442,16.0,1.13
3921,50.04,1050.6313,20.0,1.11
3922,41.24,1025.643,61.0,1.13
3923,47.08,1023.2432,35.0,1.14
3924,36.0,970.7994,19.0,1.04
3925,60.72,1069.0834,12.0,1.17
3926,61.0,1013.2875,7.0,1.12
3927,37.4,1007.0057,17.0,1.15
3928,50.68,1012.432,3.0,1.08
3929,51.4,1071.9059,14.0,1.13
3930,38.84,1048.5333,53.0,1.07
3931,45.08,1072.516,26.0,1.1
3932,37.44,1017.9806,41.0,1.11
3933,64.0,1047.6121,12.0,1.12
3934,56.44,1058.6154,26.0,1.09
3935,47.68,1044.5778,30.0,1.21
3936,59.4,1061.0724,31.0,1.41
3937,51.04,1035.4948,28.0,1.6
3938,53.44,1026.8074,25.0,1.11
3939,48.72,1060.3326,14.0,1.69
3940,45.2,1019.6732,27.0,1.71
3941,48.08,1003.3086,15.0,1.21
3942,47.64,1099.52,56.0,1.31
3943,57.8,1141.3945,38.0,1.52
3944,48.68,1019.0673,38.0,1.19
3945,45.32,1055.4299,34.0,1.17
3946,42.48,1032.1909,29.0,1.63
3947,52.72,1040.3554,26.0,1.46
3948,54.48,1106.1991,53.0,1.47
3949,50.72,1009.6416,4.0,1.73
3950,49.56,1021.7956,48.0,1.36
3951,47.88,1018.3306,28.0,1.16
3952,56.84,966.2666,52.0,1.32
3953,49.88,1021.8978,46.0,1.32
3954,50.0,999.0254,11.0,1.31
3955,57.6,1067.0669,15.0,1.11
3956,25.4,1011.3436,41.0,1.13
3957,43.6,1050.0014,31.0,1.37
3958,51.4,1021.433,8.0,1.63
3959,43.76,1015.592,70.0,1.72
3960,45.32,1055.956,19.0,1.28
3961,50.52,1088.6502,49.0,1.85
3962,51.64,1045.9355,63.0,1.12
3963,43.56,1042.5724,32.0,1.3
3964,43.8,1052.8752,18.0,1.21
3965,43.36,1049.6845,22.0,1.26
3966,43.24,1050.8287,51.0,1.22
3967,50.24,1034.4956,25.0,1.19
3968,53.68,1019.5178,19.0,1.3
3969,49.48,1046.4639,30.0,1.19
3970,57.24,1056.794,45.0,1.31
3971,54.2,1014.6108,13.0,1.16
3972,49.76,1110.0001,49.0,1.05
3973,46.8,1054.7045,23.0,1.35
3974,39.92,1048.35,14.0,1.22
3975,51.92,1145.3961,25.0,1.11
3976,56.4,995.9248,23.0,1.26
3977,55.48,1072.2465,46.0,1.19
3978,55.24,1040.1326,17.0,1.11
3979,49.52,1091.4586,32.0,1.26
3980,59.12,998.9039,49.0,1.17
3981,44.24,1059.7812,53.0,1.41
3982,54.52,991.2602,27.0,1.25
3983,42.84,1078.0683,36.0,1.39
3984,47.88,1087.1866,19.0,1.02
3985,50.0,990.7244,38.0,1.29
3986,48.68,1081.8748,24.0,1.76
3987,49.16,1053.5494,46.0,1.19
3988,52.56,1023.0621,42.0,1.43
3989,43.16,1001.8968,-1.0,1.13
3990,47.48,1020.9613,23.0,1.33
3991,55.28,1045.1414,28.0,1.28
3992,42.08,1055.6934,48.0,1.15
3993,63.28,1054.3821,6.0,1.18
3994,45.68,1038.5877,31.0,1.3
3995,38.96,1048.2842,56.0,1.38
3996,53.12,1080.0387,49.0,1.33
3997,49.32,1031.5932,11.0,1.14
3998,51.96,1045.9537,39.0,1.29
3999,48.08,1021.6029,35.0,1.64
4000,51.52,1096.289,51.0,1.16
4001,44.12,1001.9288,18.0,1.34
4002,37.28,1070.9077,29.0,1.43
4003,46.12,996.6874,61.0,1.99
4004,47.32,1032.3125,30.0,1.54
4005,36.28,1014.9769,6.0,1.6
4006,51.88,1028.3345,18.0,1.74
4007,58.44,1026.5321,13.0,1.32
4008,44.96,1074.6691,34.0,1.17
4009,55.32,1082.248,51.0,1.82
4010,31.52,988.8609,83.0,1.24
4011,57.6,1027.4342,9.0,1.29
4012,54.48,1055.5622,18.0,1.17
4013,28.64,984.6338,52.0,1.42
4014,61.0,1060.2017,21.0,1.98
4015,41.84,994.8735,72.0,1.53
4016,53.88,1010.5028,48.0,1.13
4017,58.48,1006.8216,12.0,1.31
4018,60.6,1092.8092,18.0,1.5
4019,49.32,1076.3346,44.0,1.28
4020,45.6,982.4471,36.0,1.2
4021,64.36,1029.0962,11.0,1.16
4022,44.68,1074.1269,71.0,1.19
4023,43.24,1026.037,54.0,1.31
4024,32.8,1015.6512,50.0,1.23
4025,56.56,1014.3475,42.0,1.57
4026,51.72,1029.9392,1.0,1.7
4027,60.68,1000.9365,32.0,1.93
4028,53.36,1050.7809,50.0,1.5
4029,41.16,1044.8827,37.0,1.47
4030,34.76,1062.0356,15.0,1.32
4031,54.68,1017.4272,21.0,1.79
4032,45.16,1108.0002,29.0,1.46
4033,58.64,1050.8782,17.0,1.57
4034,47.88,1017.2232,44.0,1.39
4035,46.68,1069.136,34.0,1.15
4036,48.64,1113.3202,83.0,1.49
4037,52.72,1085.062,6.0,1.61
4038,36.72,990.7424,93.0,1.35
4039,61.12,1030.7889,6.0,1.22
4040,44.08,1023.0098,63.0,1.29
4041,43.6,1015.4962,48.0,2.0
4042,42.32,1013.9591,12.0,1.48
4043,47.08,1034.3839,15.0,1.61
4044,37.48,972.8006,40.0,1.43
4045,42.96,1122.3697,40.0,1.66
4046,56.48,1021.5632,13.0,1.71
4047,42.36,1036.591,21.0,1.6
4048,51.72,1050.4799,22.0,1.37
4049,53.6,1036.377,14.0,1.48
4050,48.28,1033.7132,25.0,1.43
4051,55.24,1012.3472,22.0,2.33
4052,60.72,1054.1466,20.0,2.8
4053,42.4,1006.2687,44.0,1.39
4054,56.0,1036.9198,17.0,1.35
4055,48.8,1034.5313,11.0,1.43
4056,42.84,1045.1445,54.0,1.36
4057,44.48,1073.0883,42.0,1.44
4058,51.16,1131.2328,40.0,1.65
4059,50.12,1046.3917,33.0,1.45
4060,53.92,1004.5512,27.0,1.69
4061,63.72,1004.3616,7.0,1.43
4062,43.24,997.857,18.0,1.38
4063,48.88,1125.6909,61.0,1.44
4064,35.84,1001.55,47.0,1.49
4065,50.28,1017.7245,26.0,1.58
4066,53.12,993.744,44.0,1.36
4067,38.96,1003.2767,16.0,1.91
4068,40.0,1035.7835,12.0,1.49
4069,33.64,1005.2446,73.0,1.42
4070,45.52,1058.0626,96.0,1.63
4071,46.68,1079.0958,80.0,1.81
4072,55.04,1094.1208,6.0,1.33
4073,34.96,1008.3866,39.0,1.67
4074,47.2,1038.9755,57.0,1.35
4075,49.16,1094.6972,39.0,1.37
4076,46.04,1034.4605,20.0,1.27
4077,55.04,1039.0338,9.0,1.28
4078,55.24,1038.6311,54.0,1.45
4079,46.96,1060.0974,13.0,1.59
4080,54.96,1028.4516,16.0,1.3
4081,40.08,1049.1556,63.0,1.35
4082,44.84,1031.6816,36.0,1.36
4083,41.0,1077.8494,40.0,1.37
4084,47.08,1056.187,6.0,1.32
4085,35.52,1016.3178,19.0,1.12
4086,30.56,987.8734,44.0,1.27
4087,37.88,1030.9789,9.0,1.43
4088,33.8,1053.3617,14.0,1.43
4089,47.08,1037.6446,24.0,1.56
4090,43.52,1030.5898,53.0,1.24
4091,49.92,1030.7672,16.0,1.4
4092,45.76,1064.3238,85.0,1.56
4093,43.52,1016.8285,14.0,1.37
4094,60.84,1086.3196,17.0,1.85
4095,48.6,1038.0388,44.0,1.32
4096,43.24,1032.9222,35.0,1.27
4097,26.12,990.6255,50.0,1.36
4098,40.76,999.6984,2.0,1.47
4099,51.64,1043.712,24.0,1.32
4100,33.0,1001.662,16.0,1.28
4101,53.76,1046.3763,55.0,1.19
4102,49.6,1008.5544,29.0,1.34
4103,57.76,1012.3692,27.0,1.26
4104,40.84,1041.0101,48.0,1.44
4105,31.92,1053.4356,44.0,1.38
4106,42.2,1044.6192,17.0,1.36
4107,46.4,1021.6898,59.0,1.33
4108,48.24,1058.7394,46.0,1.28
4109,31.16,1003.0848,103.0,1.44
4110,55.96,1029.8408,8.0,1.3
4111,33.64,1017.5389,53.0,1.37
4112,45.36,1015.1405,29.0,1.35
4113,27.92,1003.4336,60.0,1.27
4114,49.0,1029.5593,73.0,1.39
4115,27.92,997.7432,63.0,1.31
4116,57.2,1026.4652,10.0,1.44
4117,36.64,1077.33,38.0,2.04
4118,39.24,1022.4294,41.0,1.35
4119,32.0,994.582,60.0,1.35
4120,48.28,1015.983,30.0,1.55
4121,53.64,1020.4808,10.0,1.44
4122,54.48,1052.7176,30.0,1.41
4123,45.08,1018.3402,44.0,1.48
4124,51.4,1042.4242,36.0,1.3
4125,47.36,1029.0924,6.0,1.27
4126,51.52,1098.0368,38.0,1.25
4127,49.24,1026.884,33.0,1.37
4128,45.12,1022.9778,41.0,1.36
4129,53.76,1036.1395,27.0,1.28
4130,29.44,1020.7717,59.0,1.34
4131,40.08,1038.2816,35.0,1.12
4132,43.2,1031.6128,37.0,1.27
4133,38.64,1011.3032,48.0,1.3
4134,55.96,1027.2602,36.0,1.33
4135,65.52,1023.3948,4.0,1.32
4136,39.88,1054.0826,45.0,1.43
4137,58.44,1065.5836,42.0,1.38
4138,39.48,1072.158,24.0,1.2
4139,46.96,1018.962,36.0,1.36
4140,54.72,1106.9245,52.0,1.9
4141,44.92,1039.7907,19.0,1.76
4142,46.52,1072.8898,55.0,1.12
4143,51.72,1042.6188,21.0,1.09
4144,44.88,1037.003,17.0,1.78
4145,48.24,1024.1608,16.0,1.48
4146,46.16,1061.0295,38.0,1.4
4147,48.16,1167.3448,38.0,1.4
4148,43.6,1059.9589,29.0,1.26
4149,51.48,1013.544,26.0,1.3
4150,42.0,1047.3339,78.0,1.3
4151,53.68,1042.7387,37.0,1.36
4152,33.64,997.6207,22.0,1.12
4153,45.24,1066.2124,21.0,1.19
4154,53.92,1027.4218,29.0,1.18
4155,43.8,1031.867,47.0,1.27
4156,55.52,1125.1954,38.0,1.12
4157,30.64,1002.8502,44.0,1.08
4158,44.48,1040.4916,15.0,1.22
4159,53.96,1038.415,40.0,1.15
4160,57.2,1023.1095,7.0,1.16
4161,42.84,1028.9735,71.0,1.06
4162,49.16,1039.1455,26.0,1.21
4163,44.4,1036.8892,32.0,1.26
4164,47.56,1045.6518,41.0,1.77
4165,57.44,1033.1342,36.0,1.23
4166,51.08,1035.8055,25.0,1.2
4167,48.88,1046.3832,5.0,1.2
4168,46.2,1101.9588,63.0,1.24
4169,38.4,1050.8687,29.0,1.76
4170,62.72,1074.8448,15.0,1.55
4171,51.88,1013.6769,7.0,1.08
4172,47.6,1029.696,63.0,1.11
4173,45.92,988.2464,26.0,1.16
4174,52.16,1013.4794,43.0,1.11
4175,52.36,1004.1476,37.0,1.1
4176,61.4,1033.0052,10.0,1.19
4177,40.92,1013.7958,42.0,1.3
4178,41.0,1006.9151,33.0,1.22
4179,43.84,1110.3968,68.0,1.21
4180,41.08,1039.3213,28.0,1.11
4181,40.64,1020.619,44.0,1.24
4182,46.64,1039.5566,39.0,1.07
4183,37.6,992.2366,33.0,1.09
4184,52.76,1056.3622,6.0,1.01
4185,33.32,1023.239,38.0,1.13
4186,56.2,1025.5927,26.0,1.17
4187,44.96,1030.0127,79.0,1.34
4188,40.36,1084.799,41.0,1.09
4189,45.76,1128.222,16.0,1.66
4190,48.2,1030.2489,37.0,1.12
4191,62.2,1049.5538,17.0,1.02
4192,45.84,1037.5085,34.0,1.4
4193,53.68,1039.7729,30.0,1.24
4194,41.48,995.931,32.0,1.16
4195,49.52,1053.4369,30.0,1.15
4196,48.24,1020.2699,47.0,1.09
4197,56.28,1010.8248,35.0,1.25
4198,37.2,989.5343,48.0,1.02
4199,44.24,1015.658,54.0,1.17
4200,42.88,1061.5285,19.0,1.11
4201,48.6,1018.4117,25.0,1.08
4202,49.68,1055.5348,12.0,1.08
4203,49.92,1065.5014,44.0,1.05
4204,36.92,1072.358,38.0,1.15
4205,48.2,1010.5736,11.0,1.15
4206,31.08,1001.2803,45.0,1.05
4207,53.24,1064.6958,63.0,1.08
4208,49.28,1038.0177,21.0,1.17
4209,51.68,1085.7716,4.0,1.13
4210,46.36,1033.5834,12.0,1.15
4211,37.52,1013.331,33.0,1.27
4212,49.44,1059.6871,46.0,1.17
4213,55.12,1064.8239,32.0,1.1
4214,38.8,1085.6076,14.0,1.21
4215,45.72,1008.454,59.0,1.15
4216,46.6,1097.7214,71.0,1.72
4217,53.48,1022.4444,25.0,1.25
4218,44.96,1034.1252,33.0,1.16
4219,61.24,1014.928,28.0,1.21
4220,52.56,1021.9313,30.0,1.07
4221,38.32,1034.1377,48.0,1.05
4222,59.04,1123.7518,25.0,1.09
4223,49.52,1014.2663,10.0,1.09
4224,38.92,1079.5193,47.0,1.04
4225,46.76,1001.0748,35.0,1.14
4226,40.48,1007.424,27.0,1.08
4227,40.84,992.2583,22.0,1.14
4228,50.44,1081.2191,62.0,1.07
4229,57.76,1046.0475,6.0,1.13
4230,62.2,1065.5191,21.0,1.11
4231,64.72,1061.7333,10.0,1.02
4232,51.4,1050.459,63.0,1.46
4233,38.48,1016.9187,66.0,1.5
4234,31.72,1033.1279,68.0,1.37
4235,46.6,1063.7824,35.0,1.27
4236,45.88,1026.6578,5.0,1.79
4237,54.28,1019.7034,17.0,1.61
4238,49.16,1002.6852,31.0,1.4
4239,31.68,1009.1742,51.0,1.41
4240,50.04,1061.2822,57.0,1.39
4241,46.84,1016.5864,26.0,1.47
4242,44.04,1050.7716,30.0,1.22
4243,54.12,1034.7783,6.0,1.04
4244,64.08,1021.3804,8.0,1.02
4245,42.76,1014.5225,41.0,1.33
4246,48.56,1010.208,11.0,1.02
4247,42.76,1094.6168,60.0,1.5
4248,44.4,1169.3613,34.0,1.82
4249,50.24,1023.1885,13.0,1.3
4250,58.52,999.0168,42.0,1.22
4251,36.88,1031.2312,61.0,1.39
4252,44.64,1161.9829,20.0,1.14
4253,58.4,1050.273,49.0,1.1
4254,51.12,1025.2337,35.0,1.25
4255,38.6,1054.1278,62.0,1.36
4256,50.68,1035.9339,14.0,1.64
4257,53.48,1076.213,38.0,1.28
4258,55.6,1001.1694,20.0,1.37
4259,54.12,1002.1347,21.0,1.43
4260,58.96,1021.661,14.0,1.32
4261,54.48,1020.9408,36.0,1.29
4262,44.8,1001.2134,29.0,1.37
4263,45.88,1101.8166,56.0,1.31
4264,48.92,1008.4306,9.0,1.26
4265,46.36,1004.6936,45.0,1.94
4266,52.0,1011.823,29.0,1.26
4267,45.16,1024.5411,57.0,1.22
4268,47.16,1039.9016,34.0,1.27
4269,49.4,1024.414,80.0,1.55
4270,36.16,1020.501,52.0,1.31
4271,51.6,1022.0271,6.0,1.34
4272,42.04,1010.6774,24.0,1.44
4273,51.2,1044.3208,35.0,1.31
4274,47.68,999.6297,70.0,2.22
4275,39.2,1017.673,18.0,1.87
4276,63.8,1090.2992,5.0,1.38
4277,47.44,1043.4208,25.0,1.5
4278,41.8,1067.1423,58.0,1.65
4279,63.04,1017.6052,33.0,1.25
4280,29.68,1007.8983,46.0,1.1
4281,49.16,1146.1647,18.0,1.48
4282,46.8,1077.4309,43.0,1.61
4283,37.96,1069.2574,29.0,1.34
4284,50.0,1018.317,30.0,2.04
4285,36.16,1028.8981,36.0,1.61
4286,47.36,1062.7287,29.0,1.88
4287,31.52,1027.7892,52.0,1.23
4288,51.36,1035.8928,8.0,1.29
4289,46.24,1011.0368,19.0,1.16
4290,29.72,1055.9378,23.0,1.32
4291,45.16,1029.8222,61.0,2.36
4292,45.36,1184.0115,82.0,1.81
4293,45.8,1015.7532,4.0,1.06
4294,29.76,997.8242,40.0,1.1
4295,38.32,1010.1164,78.0,1.52
4296,41.88,1008.0298,45.0,1.82
4297,52.88,1060.9756,8.0,1.43
4298,32.72,1085.7018,57.0,1.12
4299,44.24,1076.3406,45.0,1.16
4300,38.04,997.2136,22.0,1.16
4301,57.4,1033.818,18.0,1.17
4302,43.12,1004.8078,15.0,1.21
4303,53.92,1033.1396,46.0,1.37
4304,43.2,1047.0674,21.0,1.02
4305,36.28,1047.6077,27.0,1.11
4306,50.92,1092.0112,23.0,1.15
4307,49.24,1063.1368,19.0,1.19
4308,49.44,1050.8289,4.0,1.13
4309,41.88,1031.6225,40.0,1.17
4310,41.04,1044.3302,46.0,1.84
4311,47.56,1024.1371,50.0,1.17
4312,47.52,1006.3385,24.0,1.26
4313,53.6,1097.7135,45.0,1.19
4314,41.8,1031.0716,53.0,1.22
4315,48.04,1049.8304,59.0,1.18
4316,35.08,995.1228,52.0,1.05
4317,49.84,1014.0095,22.0,1.21
4318,48.32,1025.4264,22.0,1.23
4319,31.12,1018.5414,37.0,1.31
4320,44.96,1022.2876,37.0,1.35
4321,40.76,997.0063,26.0,1.29
4322,49.52,1103.6813,47.0,1.31
4323,35.36,1030.572,28.0,1.29
4324,59.4,1074.8547,17.0,1.36
4325,42.2,1092.5092,42.0,1.27
4326,50.72,1092.9378,48.0,1.3
4327,56.88,1056.6349,13.0,1.25
4328,41.28,1031.2412,21.0,1.16
4329,45.2,1077.4688,70.0,1.51
4330,34.52,971.1226,34.0,1.01
4331,49.08,1012.8741,17.0,1.16
4332,42.68,969.8012,26.0,1.21
4333,45.48,1048.4516,31.0,1.2
4334,51.68,996.5504,25.0,1.28
4335,45.48,1064.3911,29.0,1.95
4336,41.4,1059.2386,36.0,1.32
4337,44.84,1054.8002,17.0,1.34
4338,41.84,1183.1518,48.0,1.59
4339,51.24,1022.6132,26.0,1.7
4340,54.36,1030.036,41.0,1.36
4341,48.56,996.694,61.0,1.22
4342,45.8,1074.9956,48.0,1.22
4343,55.56,1005.2664,56.0,1.17
4344,48.64,1041.3408,23.0,1.49
4345,37.64,1021.2902,48.0,1.42
4346,51.8,1006.7161,21.0,1.42
4347,33.36,1014.9447,72.0,1.25
4348,39.2,1008.1434,48.0,2.66
4349,51.4,1011.8262,24.0,1.57
4350,48.64,1014.8126,24.0,1.38
4351,45.0,1051.3078,24.0,1.41
4352,46.36,1090.9027,34.0,1.52
4353,56.0,1014.7832,54.0,1.55
4354,45.24,1091.1436,11.0,1.43
4355,32.76,1044.7428,48.0,1.46
4356,47.68,1044.8607,24.0,1.88
4357,53.52,1050.6808,23.0,1.4
4358,48.4,1061.9603,44.0,1.42
4359,58.84,1035.1464,40.0,1.47
4360,42.92,1037.8923,44.0,1.52
4361,44.84,1047.2492,32.0,1.49
4362,41.48,1006.8136,13.0,1.64
4363,58.44,1035.3908,44.0,1.41
4364,60.32,1010.2148,18.0,1.31
4365,42.8,1002.588,28.0,1.23
4366,42.88,1069.1652,20.0,1.36
4367,43.44,1009.2954,37.0,1.25
4368,28.48,1006.05,60.0,1.25
4369,59.0,1029.4638,16.0,1.34
4370,45.56,1032.3287,46.0,1.23
4371,52.12,1130.8337,81.0,1.29
4372,50.52,1049.6726,25.0,1.2
4373,47.24,1060.7942,30.0,1.34
4374,49.08,1083.4936,32.0,1.39
4375,34.24,1042.692,61.0,1.6
4376,44.52,1016.7806,31.0,1.67
4377,41.52,1040.0815,76.0,1.56
4378,59.12,1042.4178,18.0,2.52
4379,33.32,980.7924,52.0,1.47
4380,42.76,1143.8836,16.0,1.51
4381,44.52,1046.9325,30.0,1.45
4382,39.52,1048.7662,37.0,1.56
4383,49.24,1047.1644,26.0,1.21
4384,54.4,1051.0544,48.0,1.48
4385,43.24,1015.2902,28.0,1.57
4386,29.32,1005.8262,76.0,1.83
4387,29.4,1042.6631,68.0,2.11
4388,36.8,1016.5386,23.0,1.93
4389,44.64,1008.602,28.0,1.51
4390,40.88,1022.7642,36.0,1.42
4391,34.68,995.2019,48.0,1.76
4392,40.76,1009.7096,74.0,2.08
4393,49.52,1013.7163,30.0,2.21
4394,48.64,1037.2365,40.0,2.0
4395,47.68,1055.8615,34.0,1.41
4396,52.16,1032.8662,26.0,2.29
4397,48.6,1062.0043,62.0,1.56
4398,41.52,1043.4331,53.0,1.51
4399,41.56,1038.5254,43.0,1.55
4400,30.44,1011.7074,104.0,1.27
4401,43.24,997.136,46.0,1.49
4402,45.12,980.2541,47.0,1.24
4403,50.8,1039.6477,9.0,1.49
4404,33.56,1062.0403,39.0,1.53
4405,56.36,1027.2573,17.0,1.65
4406,26.8,997.4992,92.0,1.44
4407,26.96,1035.9259,38.0,1.5
4408,51.64,1025.9253,17.0,1.57
4409,45.28,998.5927,5.0,1.67
4410,51.2,1042.0568,20.0,1.44
4411,44.76,1024.8039,29.0,1.39
4412,51.84,1058.7857,34.0,1.9
4413,44.32,1031.1296,46.0,1.86
4414,52.6,1015.1963,40.0,1.83
4415,48.76,1113.1114,8.0,1.65
4416,28.2,980.5524,49.0,1.83
4417,44.36,1027.8244,25.0,1.46
4418,52.96,1003.0764,17.0,1.34
4419,49.12,1087.0699,27.0,1.44
4420,56.36,1062.9744,8.0,1.3
4421,39.72,1057.594,29.0,1.43
4422,48.56,1041.445,71.0,1.47
4423,43.12,1054.0459,45.0,1.43
4424,55.2,1058.7077,28.0,1.4
4425,29.36,1000.2165,31.0,1.38
4426,60.72,1013.4073,8.0,1.4
4427,58.96,1030.4647,54.0,1.43
4428,38.6,1094.3743,76.0,1.42
4429,52.72,1045.4683,37.0,1.32
4430,40.16,1049.0708,63.0,1.43
4431,50.92,1086.5986,60.0,1.42
4432,32.16,1042.6696,64.0,1.64
4433,55.2,987.382,28.0,1.53
4434,54.72,1056.9644,37.0,1.49
4435,38.24,1047.7757,14.0,1.66
4436,43.44,1041.8734,71.0,1.53
4437,53.12,1044.396,21.0,2.07
4438,50.76,1045.0176,56.0,1.92
4439,51.68,1041.5229,24.0,1.32
4440,44.08,1047.4299,20.0,1.41
4441,37.72,1032.221,30.0,1.4
4442,46.8,1123.9354,62.0,1.41
4443,37.08,978.3991,22.0,1.44
4444,35.84,1033.6339,67.0,1.36
4445,42.68,1189.3131,44.0,1.45
4446,56.36,1013.7259,15.0,1.45
4447,50.32,1044.1702,29.0,1.52
4448,48.76,1050.685,24.0,1.41
4449,51.52,1041.6002,29.0,1.53
4450,39.52,1088.2956,17.0,1.58
4451,42.12,1004.1503,9.0,1.48
4452,56.52,1033.8753,13.0,1.42
4453,47.76,1006.941,71.0,1.7
4454,48.52,1041.2919,57.0,2.74
4455,49.2,1019.2822,45.0,2.09
4456,41.0,1036.9948,6.0,2.0
4457,55.48,1055.2115,34.0,1.41
4458,32.8,1022.6056,65.0,1.39
4459,48.48,1061.7888,49.0,1.19
4460,47.8,987.8327,47.0,1.27
4461,37.08,998.2437,40.0,1.14
4462,44.12,1035.7512,27.0,1.08
4463,41.96,1021.9764,19.0,1.13
4464,53.96,1008.5558,35.0,1.37
4465,45.2,1008.4459,50.0,1.62
4466,51.8,1039.2102,54.0,1.24
4467,51.12,1115.0998,24.0,1.17
4468,49.52,1012.974,50.0,1.24
4469,44.6,1121.2367,62.0,1.2
4470,44.4,1019.667,34.0,1.27
4471,26.08,996.994,48.0,1.19
4472,54.52,1029.3359,28.0,1.06
4473,53.12,1077.7473,29.0,1.12
4474,46.28,1071.0876,18.0,1.34
4475,50.48,1017.7576,47.0,1.13
4476,49.96,1169.0196,49.0,1.16
4477,32.28,996.1945,25.0,1.1
4478,36.48,1017.8913,92.0,1.1
4479,43.72,1037.8334,7.0,1.26
4480,54.4,1034.7252,33.0,1.16
4481,54.68,1064.4431,10.0,1.69
4482,64.8,1048.1306,9.0,1.08
4483,46.92,1096.6292,40.0,0.99
4484,39.64,1042.9278,36.0,1.02
4485,33.88,1017.1558,52.0,1.06
4486,48.0,1022.9251,29.0,1.13
4487,26.36,1003.6334,48.0,1.01
4488,48.8,1124.4873,27.0,1.04
4489,50.0,1065.713,39.0,1.08
4490,42.2,1016.808,31.0,1.2
4491,52.16,1043.4547,47.0,1.11
4492,30.56,1014.6002,94.0,1.05
4493,45.2,1000.9553,55.0,1.26
4494,36.4,1087.2792,77.0,1.09
4495,46.96,1054.2767,48.0,1.17
4496,52.52,1062.2501,8.0,1.04
4497,50.04,1010.6462,19.0,1.2
4498,47.32,1095.5073,16.0,1.14
4499,41.52,1042.5701,62.0,1.24
4500,28.32,994.8588,62.0,1.17
4501,49.4,1105.6869,32.0,1.18
4502,45.48,1039.0629,38.0,1.15
4503,43.08,985.3224,61.0,1.13
4504,58.92,1005.8389,7.0,1.02
4505,46.72,1047.1924,56.0,1.08
4506,44.84,1050.8049,45.0,1.09
4507,46.28,1061.2257,19.0,1.1
4508,32.28,1036.8512,92.0,1.15
4509,44.32,1019.5219,106.0,1.75
4510,36.64,1000.4264,59.0,1.17
4511,27.36,1008.7328,69.0,1.11
4512,45.28,1020.917,23.0,1.0
4513,37.84,1033.9257,28.0,1.25
4514,49.8,1022.4548,24.0,1.27
4515,37.96,1075.1823,30.0,1.1
4516,51.6,1004.7031,14.0,1.08
4517,44.92,1031.1584,9.0,1.04
4518,50.6,1053.9523,42.0,1.14
4519,32.4,1033.0217,86.0,1.01
4520,52.84,1058.7413,24.0,1.06
4521,51.68,1042.3785,45.0,1.19
4522,52.76,1080.3133,18.0,1.0
4523,27.6,1019.1647,55.0,1.2
4524,35.04,1039.7538,85.0,2.18
4525,44.8,1036.7118,77.0,1.2
4526,54.6,1048.034,19.0,1.35
4527,43.76,1020.207,48.0,1.19
4528,54.52,1070.4423,45.0,1.39
4529,50.16,1055.1566,21.0,1.28
4530,54.0,1101.1531,52.0,1.18
4531,27.04,992.7094,63.0,1.17
4532,40.16,1011.7319,40.0,1.22
4533,47.44,1049.914,36.0,1.2
4534,46.04,1046.0906,52.0,1.0
4535,58.68,1050.2923,54.0,1.65
4536,48.16,1061.8858,63.0,1.12
4537,58.56,1010.86,37.0,1.2
4538,45.92,1027.3554,49.0,1.32
4539,48.28,1077.038,31.0,1.24
4540,52.24,1033.5008,23.0,1.1
4541,48.32,1095.3157,24.0,1.41
4542,42.76,1297.5717,79.0,1.22
4543,39.6,1005.5673,31.0,1.41
4544,49.92,1059.5673,47.0,1.25
4545,51.12,1064.7035,51.0,1.12
4546,50.96,1051.5112,39.0,1.34
4547,43.68,1025.8772,25.0,1.41
4548,50.48,1067.8188,16.0,1.4
4549,41.0,1015.23,47.0,1.27
4550,47.64,1024.5407,33.0,1.17
4551,51.64,1029.4855,14.0,1.25
4552,59.68,1002.2665,33.0,1.2
4553,48.4,1037.4502,35.0,1.25
4554,49.64,1082.8219,48.0,0.96
4555,52.28,997.0574,46.0,1.12
4556,48.28,1015.9852,26.0,1.17
4557,26.32,1010.3916,70.0,1.19
4558,49.6,1040.9034,49.0,1.2
4559,32.32,1112.2464,74.0,1.03
4560,44.12,1020.6492,26.0,1.13
4561,43.08,1050.5642,45.0,1.11
4562,42.08,1035.4441,59.0,1.11
4563,45.64,1064.0705,35.0,1.35
4564,62.4,1005.7812,44.0,1.14
4565,56.8,1020.5514,38.0,1.2
4566,52.56,1050.4625,67.0,1.21
4567,33.88,993.9749,23.0,1.12
4568,54.88,1049.4914,12.0,1.21
4569,57.24,1046.3954,26.0,1.33
4570,40.72,1060.7549,18.0,1.49
4571,33.36,1011.8244,69.0,1.28
4572,48.72,1037.7323,33.0,1.49
4573,46.76,1090.8626,47.0,1.12
4574,34.76,1006.4393,52.0,1.24
4575,50.16,1023.9701,69.0,1.22
4576,58.68,1053.7482,64.0,1.26
4577,39.8,1046.7952,36.0,1.2
4578,56.68,1028.4342,32.0,1.22
4579,53.24,1100.0089,51.0,1.27
4580,47.92,1123.7473,16.0,1.24
4581,54.32,984.94,50.0,1.24
4582,45.84,1015.7688,68.0,1.3
4583,41.96,1053.8984,80.0,1.25
4584,58.44,992.8646,29.0,1.21
4585,44.88,1010.7902,12.0,1.9
4586,29.04,1024.9902,62.0,1.3
4587,49.32,1041.5159,18.0,1.35
4588,40.16,979.2762,54.0,1.1
4589,54.0,1061.9196,33.0,1.13
4590,37.12,1011.5719,50.0,1.16
4591,43.56,1058.701,26.0,1.21
4592,57.92,1026.759,13.0,1.09
4593,42.28,1058.5704,46.0,1.21
4594,48.72,1029.1278,29.0,1.07
4595,41.08,1023.8338,54.0,1.12
4596,63.64,1019.1647,9.0,1.15
4597,45.6,1049.1568,39.0,1.28
4598,32.48,1027.8033,53.0,1.34
4599,38.0,1047.1082,26.0,1.23
4600,46.76,1057.7106,45.0,1.08
4601,48.96,1037.1993,17.0,1.08
4602,33.64,1017.16,45.0,1.01
4603,44.0,1032.0734,25.0,1.1
4604,56.56,1040.5002,48.0,1.16
4605,32.32,1015.574,54.0,1.16
4606,43.2,1036.2995,54.0,1.04
4607,36.2,1029.9666,28.0,1.14
4608,47.04,1069.402,6.0,1.05
4609,36.68,1047.9928,75.0,1.15
4610,62.16,995.8101,2.0,1.07
4611,33.76,1025.1324,41.0,1.11
4612,39.92,1063.9173,62.0,1.62
4613,47.68,1044.6046,36.0,1.16
4614,51.8,1048.5131,44.0,1.12
4615,43.72,1060.3881,45.0,1.14
4616,49.0,1034.1002,31.0,1.18
4617,53.52,1096.6857,25.0,1.18
4618,49.36,1068.7224,59.0,1.2
4619,48.52,1042.562,61.0,1.04
4620,44.48,1011.7504,34.0,1.3
4621,54.16,1053.3895,3.0,0.91
4622,38.72,1011.6933,33.0,1.32
4623,60.0,1016.5698,27.0,1.25
4624,34.84,999.7241,12.0,1.08
4625,45.6,1201.7998,39.0,1.27
4626,46.16,1125.3049,28.0,1.19
4627,34.28,992.9527,66.0,1.19
4628,41.12,1025.6322,30.0,1.2
4629,56.68,1043.4682,10.0,1.34
4630,51.6,1044.7029,9.0,1.2
4631,45.92,1038.2882,30.0,1.22
4632,53.92,1076.648,1.0,1.18
4633,43.56,1037.9677,36.0,1.12
4634,41.28,1045.6316,50.0,1.21
4635,55.48,1084.4784,20.0,1.27
4636,55.44,1125.4207,14.0,1.43
4637,42.84,1036.0118,46.0,1.07
4638,46.48,1046.2926,20.0,1.76
4639,50.72,1023.7307,17.0,1.26
4640,55.32,1040.316,45.0,1.16
4641,35.92,1021.8029,46.0,1.45
4642,49.92,1044.2193,20.0,1.27
4643,53.08,1029.3415,28.0,1.33
4644,44.76,1077.2997,32.0,1.96
4645,46.28,1030.9157,13.0,2.43
4646,39.96,986.2216,41.0,1.01
4647,31.6,1036.6126,66.0,1.24
4648,52.0,1041.2407,17.0,1.27
4649,44.12,1038.9758,20.0,1.39
4650,53.16,1023.682,41.0,1.23
4651,36.24,1007.4468,26.0,1.3
4652,55.84,1001.0026,36.0,1.29
4653,59.84,1056.6468,33.0,1.2
4654,43.0,1047.5817,45.0,1.32
4655,44.12,1014.394,15.0,1.27
4656,29.08,1025.498,31.0,1.27
4657,44.24,1070.7138,31.0,1.13
4658,36.36,1083.8888,79.0,1.25
4659,51.92,1147.653,30.0,1.49
4660,41.52,1037.334,29.0,1.21
4661,48.88,991.8475,44.0,1.46
4662,30.36,1024.1022,66.0,1.48
4663,50.32,1118.2542,29.0,1.31
4664,59.72,1054.4956,31.0,2.53
4665,44.32,1010.5459,37.0,1.35
4666,38.04,1029.1716,41.0,1.06
4667,50.52,1025.9965,59.0,1.01
4668,37.8,1028.055,52.0,1.36
4669,42.68,1010.6462,16.0,1.38
4670,43.6,1071.9999,32.0,1.22
4671,40.68,1027.5084,46.0,1.21
4672,42.8,1109.6536,53.0,1.47
4673,54.08,1176.5992,31.0,1.13
4674,40.84,1011.4766,55.0,1.28
4675,52.12,1026.5864,48.0,1.23
4676,49.8,1072.1206,29.0,1.08
4677,49.2,1164.2974,23.0,1.04
4678,52.04,1043.3616,23.0,1.23
4679,48.28,1045.7231,40.0,1.17
4680,39.52,1097.0899,39.0,1.21
4681,50.6,1022.5983,21.0,1.1
4682,46.32,1024.156,43.0,1.12
4683,45.28,997.1267,50.0,1.09
4684,38.24,1015.9782,43.0,1.95
4685,49.28,1033.0019,34.0,1.19
4686,58.96,1022.1079,23.0,1.19
4687,50.28,1252.839,27.0,1.29
4688,54.92,1055.2514,21.0,1.34
4689,38.28,1077.4663,59.0,1.2
4690,43.88,1004.4264,47.0,1.07
4691,55.96,1065.6293,47.0,1.15
4692,50.0,1025.3568,24.0,1.16
4693,46.0,1003.6484,42.0,1.22
4694,48.96,1065.4002,37.0,1.36
4695,48.4,1053.8456,32.0,1.31
4696,56.56,1099.908,30.0,1.41
4697,54.68,1029.1604,51.0,1.43
4698,40.92,999.1555,13.0,1.39
4699,53.84,1052.1085,40.0,1.4
4700,30.56,1007.7098,46.0,1.41
4701,66.08,1026.2006,14.0,1.06
4702,44.64,1034.167,28.0,1.03
4703,47.68,1020.4411,29.0,1.31
4704,44.52,1001.602,51.0,1.39
4705,39.64,1044.5522,47.0,1.45
4706,49.76,1008.0027,30.0,1.52
4707,45.76,1025.6264,45.0,1.3
4708,44.08,1030.2662,72.0,1.93
4709,40.56,1060.6877,34.0,1.33
4710,42.52,1027.6059,20.0,1.49
4711,66.48,1001.8378,32.0,1.17
4712,49.32,1054.2914,61.0,1.21
4713,28.28,993.4963,111.0,1.28
4714,27.68,972.455,60.0,1.05
4715,39.8,1058.6462,33.0,1.42
4716,50.48,1079.5829,52.0,1.16
4717,36.24,1105.4717,21.0,1.15
4718,34.48,1026.4359,67.0,1.31
4719,50.6,1042.7337,40.0,1.16
4720,48.08,1088.8994,31.0,0.97
4721,49.36,1055.2784,44.0,1.27
4722,43.24,1033.2904,16.0,1.33
4723,56.4,1077.2175,12.0,1.24
4724,34.08,1011.9251,46.0,1.34
4725,39.92,1044.1875,39.0,1.52
4726,43.16,1079.458,72.0,1.34
4727,57.84,1006.693,57.0,1.27
4728,49.64,1022.5087,45.0,1.4
4729,29.4,1006.7027,36.0,1.17
4730,48.8,1032.7534,56.0,1.2
4731,38.04,1049.3618,51.0,1.26
4732,31.44,974.7592,50.0,1.22
4733,46.28,1039.6402,53.0,1.78
4734,51.92,1036.9419,49.0,1.37
4735,28.28,1038.8254,46.0,1.2
4736,48.2,1025.4464,29.0,1.02
4737,54.0,998.6968,51.0,1.08
4738,54.48,1105.6545,25.0,1.18
4739,51.64,1017.6436,9.0,1.12
4740,59.76,1005.9408,31.0,0.99
4741,46.44,1042.5502,14.0,1.16
4742,44.96,1119.3385,44.0,1.2
4743,27.12,995.4644,97.0,1.13
4744,50.68,1023.0641,18.0,1.12
4745,46.2,1090.4476,29.0,1.12
4746,56.96,1014.5384,16.0,1.08
4747,43.2,1015.5512,48.0,1.1
4748,29.88,997.0014,43.0,0.98
4749,40.64,1034.0361,32.0,1.06
4750,51.4,1138.4863,56.0,1.14
4751,33.92,1060.5327,10.0,0.99
4752,38.04,1038.9757,62.0,1.18
4753,34.92,1027.119,70.0,1.24
4754,48.76,1023.6593,30.0,1.14
4755,35.44,1019.7859,77.0,1.27
4756,46.84,1000.4481,33.0,1.18
4757,39.8,1150.0327,79.0,1.31
4758,41.84,1015.0457,57.0,1.32
4759,46.24,1190.7436,97.0,1.0
4760,45.52,980.0658,22.0,1.66
4761,54.6,1053.5293,63.0,1.19
4762,49.68,1047.7666,35.0,1.05
4763,32.6,1008.8089,45.0,1.13
4764,56.8,1030.7957,36.0,1.09
4765,51.56,1012.4609,31.0,1.01
4766,37.04,1036.2318,39.0,1.11
4767,51.6,1076.1085,32.0,1.35
4768,58.52,1018.1703,32.0,1.31
4769,53.88,1008.784,11.0,1.1
4770,49.32,1048.5584,47.0,1.06
4771,52.68,1033.2436,38.0,1.09
4772,45.88,1033.9201,43.0,1.61
4773,37.68,1122.9198,47.0,2.67
4774,48.44,1074.3481,62.0,1.47
4775,58.28,1053.1462,31.0,1.36
4776,47.44,1043.0311,25.0,1.21
4777,48.48,1039.5573,25.0,1.34
4778,54.0,1123.4777,22.0,1.27
4779,51.72,1041.7552,42.0,1.21
4780,52.24,995.4086,49.0,1.07
4781,53.64,996.4787,19.0,1.13
4782,51.48,1046.3369,16.0,1.39
4783,27.2,977.3669,63.0,2.07
4784,40.76,1004.4757,50.0,1.44
4785,64.16,1026.1511,30.0,1.31
4786,46.4,1049.509,48.0,1.36
4787,47.0,1032.5456,41.0,1.36
4788,44.04,1008.8176,44.0,1.65
4789,42.92,1043.1165,27.0,1.15
4790,52.96,1049.004,22.0,1.15
4791,47.84,1037.3379,54.0,1.1
4792,40.4,1176.7069,21.0,1.02
4793,46.4,1057.8452,37.0,1.19
4794,48.64,998.4066,34.0,1.19
4795,46.76,1108.9452,61.0,1.15
4796,43.08,1008.2576,54.0,1.21
4797,36.8,1017.1216,97.0,1.54
4798,42.44,1020.3886,18.0,1.44
4799,39.56,1069.3642,12.0,1.18
4800,39.2,1083.4782,29.0,1.06
4801,44.04,1029.6309,33.0,1.25
4802,47.52,1067.9986,40.0,1.2
4803,44.52,1078.3585,40.0,1.28
4804,56.08,1070.0248,19.0,1.1
4805,47.04,1088.2526,27.0,1.15
4806,40.36,1105.8189,59.0,1.11
4807,39.32,1024.3266,34.0,1.04
4808,22.96,1008.7274,85.0,1.66
4809,58.12,1029.3063,21.0,1.17
4810,47.56,1091.1614,6.0,1.3
4811,48.16,1010.5003,48.0,1.11
4812,58.52,1014.362,43.0,1.33
4813,58.8,1045.1816,43.0,1.19
4814,44.92,1012.4959,58.0,1.19
4815,44.48,1044.803,91.0,1.25
4816,48.72,1213.0668,8.0,1.24
4817,54.16,1089.0384,21.0,1.23
4818,52.36,1030.6223,79.0,1.08
4819,32.36,1048.5494,50.0,0.96
4820,54.0,996.2421,32.0,1.12
4821,45.32,1008.5192,24.0,1.31
4822,47.76,1062.3116,50.0,1.14
4823,59.52,1016.7325,9.0,1.26
4824,40.6,994.1068,60.0,1.07
4825,51.2,1025.8628,34.0,1.26
4826,46.44,1046.6753,29.0,1.19
4827,63.84,1028.2779,30.0,1.16
4828,44.64,1061.1835,34.0,0.95
4829,50.12,1007.7037,43.0,1.14
4830,32.68,1043.8516,75.0,1.1
4831,21.92,1070.5716,64.0,1.33
4832,49.0,1048.3424,50.0,1.12
4833,59.36,1031.335,50.0,1.1
4834,42.72,1062.2843,42.0,1.07
4835,51.04,1033.5616,49.0,1.77
4836,48.2,1098.1327,24.0,1.32
4837,42.72,1085.9512,10.0,1.3
4838,56.2,1150.55,14.0,1.14
4839,59.04,1014.1648,7.0,1.15
4840,42.76,1079.2835,32.0,1.08
4841,39.96,988.2629,69.0,0.95
4842,52.72,1020.8177,37.0,1.07
4843,50.84,1049.4762,41.0,1.13
4844,38.36,1043.6055,49.0,1.31
4845,63.84,1030.8578,14.0,1.06
4846,38.28,1079.7103,40.0,1.14
4847,39.6,1064.6761,28.0,1.24
4848,60.96,999.2614,6.0,1.04
4849,61.48,1089.664,25.0,1.2
4850,29.48,997.3516,36.0,1.27
4851,38.88,1047.5513,40.0,1.3
4852,36.28,1009.9932,49.0,1.25
4853,59.88,1234.526,38.0,1.12
4854,40.8,1084.3902,60.0,1.34
4855,42.2,1139.5515,61.0,0.98
4856,57.52,1019.496,13.0,1.18
4857,52.12,1040.8507,39.0,1.3
4858,47.68,993.2426,39.0,1.2
4859,48.84,1152.248,45.0,1.22
4860,62.16,1041.0208,27.0,1.09
4861,53.12,1012.9414,41.0,1.2
4862,43.12,1028.3158,71.0,1.11
4863,42.72,1068.2331,67.0,1.12
4864,29.44,983.7966,49.0,1.07
4865,44.12,1041.0761,63.0,1.17
4866,48.4,1103.8123,47.0,0.99
4867,43.96,1010.7874,48.0,1.4
4868,40.64,1006.5589,71.0,1.62
4869,43.0,1037.4264,38.0,1.15
4870,55.04,1020.4163,44.0,1.08
4871,50.32,1033.931,19.0,1.12
4872,52.84,1051.3482,19.0,1.19
4873,38.36,1041.254,37.0,1.08
4874,36.16,1026.4508,56.0,1.13
4875,51.12,1025.6527,42.0,1.1
4876,49.76,1027.9288,25.0,1.03
4877,57.76,1022.01,8.0,1.55
4878,50.0,1042.9906,58.0,1.24
4879,33.32,1061.6226,61.0,1.07
4880,41.72,1060.5728,25.0,1.21
4881,42.92,1086.2697,30.0,1.08
4882,26.68,1004.3854,48.0,1.22
4883,44.16,996.4465,34.0,1.15
4884,38.96,1045.5635,26.0,1.02
4885,35.76,1029.9773,48.0,1.09
4886,41.84,1022.2516,83.0,1.13
4887,47.72,1113.177,53.0,1.74
4888,34.84,990.4544,6.0,1.11
4889,58.68,1030.405,16.0,1.02
4890,57.72,1072.8504,9.0,1.2
4891,50.32,1034.6672,53.0,1.27
4892,52.56,1023.159,11.0,1.17
4893,46.72,1025.96,14.0,1.14
4894,52.72,1034.9653,21.0,1.25
4895,47.28,1019.4588,24.0,1.15
4896,49.6,1037.4563,1.0,1.18
4897,54.84,1058.1225,41.0,1.2
4898,49.76,1068.045,27.0,1.39
4899,45.84,1007.4913,42.0,1.2
4900,53.0,1018.684,60.0,1.06
4901,50.64,1039.6744,39.0,1.16
4902,52.72,1035.011,39.0,1.23
4903,55.76,1060.34,48.0,1.06
4904,44.12,1021.9028,39.0,1.18
4905,49.04,1005.322,18.0,1.02
4906,59.36,1002.4398,43.0,0.96
4907,42.08,1011.3408,9.0,1.33
4908,54.12,1091.228,25.0,1.1
4909,60.68,1010.8013,29.0,1.05
4910,42.36,1045.381,30.0,1.14
4911,57.32,1055.3168,22.0,1.19
4912,49.88,1056.0594,34.0,1.19
4913,39.48,1024.3826,42.0,1.07
4914,43.16,1043.5816,94.0,1.64
4915,42.88,1013.6101,60.0,1.12
4916,49.36,1071.186,22.0,1.13
4917,41.32,1133.5079,47.0,1.23
4918,60.12,1023.6233,26.0,0.91
4919,33.64,1006.3406,26.0,1.27
4920,42.52,1026.841,0.0,1.24
4921,52.4,1035.7308,48.0,1.07
4922,52.0,1097.9794,60.0,1.14
4923,56.32,1013.7082,56.0,1.15
4924,48.08,1004.6508,20.0,1.19
4925,49.4,1011.668,23.0,1.12
4926,55.44,1090.9834,15.0,1.07
4927,55.48,1017.3812,35.0,1.69
4928,65.6,1015.795,8.0,1.64
4929,48.48,1019.1908,7.0,1.25
4930,45.44,1041.1902,27.0,1.84
4931,32.28,1022.7887,101.0,1.12
4932,38.44,1030.48,33.0,1.18
4933,50.32,1009.9654,24.0,1.09
4934,47.28,1050.1407,18.0,1.2
4935,52.16,1038.2304,28.0,1.27
4936,52.96,1081.4091,25.0,1.39
4937,40.56,1013.2148,63.0,1.23
4938,43.36,1031.2521,48.0,1.16
4939,46.8,1040.0134,26.0,1.7
4940,36.12,1006.364,96.0,1.47
4941,38.24,1094.4502,54.0,1.11
4942,59.96,1094.6073,7.0,1.29
4943,29.08,993.6659,74.0,1.25
4944,53.28,1042.8046,51.0,1.22
4945,46.04,1042.1569,3.0,0.98
4946,51.84,1039.0734,25.0,1.33
4947,28.2,1004.3628,65.0,1.2
4948,44.2,1041.8138,63.0,1.06
4949,58.12,1062.4514,34.0,1.26
4950,40.88,1040.2707,63.0,1.06
4951,53.48,1050.8875,51.0,1.23
4952,46.84,1028.5293,40.0,1.16
4953,42.08,1015.63,74.0,1.1
4954,47.48,1022.9316,33.0,1.15
4955,51.52,1083.8872,61.0,1.44
4956,48.88,1050.283,50.0,1.39
4957,35.36,1018.9667,24.0,1.38
4958,47.64,1006.9224,28.0,1.38
4959,47.2,1058.9511,20.0,1.3
4960,48.92,1002.2438,21.0,1.22
4961,44.16,1067.1511,55.0,1.28
4962,53.2,1038.369,32.0,1.33
4963,59.92,1040.464,7.0,1.66
4964,38.56,1060.8784,4.0,1.15
4965,43.16,1045.1435,40.0,1.25
4966,45.8,1231.375,39.0,1.08
4967,49.92,1152.9181,19.0,1.15
4968,37.08,1022.938,31.0,1.21
4969,54.92,1083.1718,29.0,1.18
4970,35.64,1025.1375,41.0,1.08
4971,47.52,994.9548,36.0,0.95
4972,52.76,1052.2988,21.0,1.17
4973,42.32,1105.8705,43.0,1.26
4974,42.84,1061.1998,33.0,1.2
4975,36.84,1007.7772,32.0,1.08
4976,46.0,1052.5871,44.0,1.36
4977,57.56,993.5718,32.0,1.12
4978,40.44,1049.285,22.0,0.98
4979,51.76,1010.3138,36.0,1.27
4980,35.24,1027.2559,56.0,1.21
4981,40.12,996.6391,29.0,1.2
4982,45.04,1030.3783,36.0,1.17
4983,43.36,1029.6676,16.0,1.05
4984,59.36,1062.0925,31.0,1.12
4985,45.52,1011.8939,51.0,1.21
4986,34.16,1077.7326,40.0,1.33
4987,54.6,1086.0607,61.0,1.1
4988,51.64,1043.6425,62.0,1.25
4989,30.28,1008.8106,43.0,1.23
4990,46.72,1025.7135,44.0,1.71
4991,54.08,1139.5026,17.0,1.19
4992,38.96,995.923,59.0,1.15
4993,44.04,1027.0166,38.0,1.17
4994,47.84,1071.7319,40.0,1.04
4995,29.52,1005.361,63.0,1.08
4996,45.0,1128.7911,52.0,1.13
4997,54.48,1018.69,38.0,1.06
4998,57.2,1008.2672,34.0,1.11
4999,48.32,1011.9443,10.0,1.06
5000,33.08,991.2022,52.0,1.15
5001,46.56,1021.0615,35.0,1.04
5002,52.32,1050.7276,53.0,1.32
5003,42.48,1075.1876,80.0,1.28
5004,60.2,1048.3194,11.0,1.11
5005,52.08,1057.4889,25.0,1.08
5006,50.2,1018.4356,37.0,1.14
5007,33.0,991.4662,66.0,1.03
5008,54.84,1051.3605,39.0,1.09
5009,37.04,1007.6285,17.0,1.15
5010,46.84,1014.5794,43.0,1.11
5011,46.72,1047.93,21.0,1.24
5012,47.0,1028.5905,26.0,1.03
5013,48.64,1033.4046,30.0,1.41
5014,45.28,1030.5886,43.0,1.16
5015,42.32,1058.8574,32.0,1.34
5016,36.24,1032.0014,40.0,1.11
5017,47.56,1054.7569,58.0,2.04
5018,57.56,1035.2598,18.0,1.15
5019,34.44,1038.8,41.0,1.43
5020,46.56,1031.4437,4.0,1.08
5021,27.4,1013.1742,48.0,1.3
5022,48.52,1027.7796,69.0,1.11
5023,48.8,983.5528,20.0,1.16
5024,37.64,1045.0959,32.0,1.07
5025,59.24,1046.7637,76.0,1.11
5026,38.76,1011.7847,57.0,1.06
5027,48.48,1075.5758,24.0,1.14
5028,35.48,1003.0611,53.0,1.14
5029,29.84,992.4368,45.0,1.13
5030,42.52,1078.9151,12.0,1.04
5031,47.84,1116.74,15.0,1.13
5032,48.88,1029.1425,99.0,1.24
5033,48.12,1079.1672,41.0,1.1
5034,53.32,1052.8054,35.0,1.12
5035,34.6,995.9806,46.0,1.23
5036,44.64,1042.7571,33.0,1.08
5037,41.64,994.6259,37.0,1.11
5038,54.96,1071.9974,75.0,1.23
5039,35.96,1013.3967,25.0,1.21
5040,37.44,1039.3346,23.0,1.2
5041,50.88,1050.065,41.0,1.24
5042,50.12,1055.6657,53.0,2.22
5043,38.64,1126.6201,70.0,1.17
5044,52.28,1029.2554,32.0,1.47
5045,58.96,1065.6565,39.0,1.33
5046,56.68,1023.8283,3.0,1.27
5047,43.88,1051.6659,51.0,1.53
5048,57.8,1052.7144,56.0,1.43
5049,51.04,1086.3727,23.0,1.25
5050,52.56,1013.928,47.0,1.19
5051,49.76,1016.073,31.0,1.12
5052,46.92,1027.7066,63.0,1.12
5053,57.04,1028.0434,20.0,1.12
5054,44.96,1049.1462,35.0,1.21
5055,46.88,1066.1113,16.0,1.15
5056,47.56,1033.4635,39.0,1.09
5057,51.0,1031.3113,59.0,1.11
5058,49.12,1044.2312,17.0,1.33
5059,43.4,1015.9083,39.0,1.05
5060,55.72,1054.9579,39.0,1.17
5061,51.16,1031.0124,32.0,1.17
5062,51.48,1055.1846,52.0,1.12
5063,42.92,1106.9081,13.0,1.09
5064,49.48,1214.6619,41.0,1.2
5065,33.0,991.7433,52.0,1.12
5066,56.68,1049.741,25.0,1.09
5067,45.52,1000.5114,23.0,1.12
5068,48.16,1053.7218,10.0,1.67
5069,52.52,1029.6106,27.0,1.05
5070,58.4,1038.716,56.0,1.2
5071,42.76,1026.5233,54.0,1.17
5072,59.24,1047.3486,30.0,1.17
5073,65.4,1013.2141,2.0,1.12
5074,48.76,991.9406,23.0,1.14
5075,51.08,976.6535,13.0,1.13
5076,49.88,1030.191,24.0,1.06
5077,53.16,1121.0018,19.0,1.06
5078,53.6,1126.6402,26.0,1.24
5079,48.52,1034.6254,13.0,1.66
5080,44.44,1095.9509,39.0,1.34
5081,48.68,1033.3939,61.0,1.29
5082,47.8,1046.6045,43.0,1.1
5083,45.56,1017.488,28.0,1.11
5084,52.28,1087.0805,15.0,1.07
5085,47.76,985.2578,19.0,1.12
5086,45.76,1050.7382,33.0,1.16
5087,41.16,1023.2973,61.0,1.17
5088,38.96,1022.9819,73.0,1.04
5089,34.44,1009.0264,44.0,1.2
5090,43.04,1049.5534,49.0,1.49
5091,45.8,1064.4456,28.0,1.28
5092,41.64,1007.3796,48.0,1.07
5093,62.64,1056.8288,25.0,1.19
5094,36.24,1038.1968,69.0,1.61
5095,43.2,993.1936,54.0,1.02
5096,63.08,1025.1833,5.0,1.21
5097,47.68,1100.4544,73.0,1.36
5098,53.76,1002.2433,22.0,1.09
5099,46.28,1036.8334,20.0,1.17
5100,45.96,1098.4997,33.0,1.22
5101,55.36,1017.7204,50.0,1.3
5102,47.96,1027.0418,61.0,1.09
5103,54.16,1153.1491,55.0,1.1
5104,36.56,1036.2257,51.0,1.11
5105,46.48,1007.8673,39.0,1.35
5106,53.24,1023.4076,1.0,1.48
5107,36.68,1035.4878,36.0,1.21
5108,47.48,1068.8003,42.0,1.2
5109,62.64,1016.2105,21.0,1.1
5110,47.48,1017.1218,30.0,1.1
5111,54.4,1030.8716,29.0,1.14
5112,32.64,1001.8294,36.0,1.13
5113,41.36,1009.5987,19.0,1.19
5114,48.16,1036.1878,42.0,1.19
5115,50.24,1052.0298,39.0,1.12
5116,23.36,1081.7107,85.0,1.2
5117,39.44,1065.7288,47.0,1.15
5118,37.08,1062.7912,108.0,1.06
5119,58.72,1039.6213,9.0,1.28
5120,50.28,1003.889,10.0,1.81
5121,42.84,1015.4806,11.0,1.18
5122,59.64,1080.6449,48.0,1.19
5123,49.36,1027.8799,36.0,1.09
5124,53.48,1044.13,19.0,1.01
5125,51.48,1014.3781,33.0,1.09
5126,62.32,1088.0434,12.0,1.01
5127,53.2,1016.3073,44.0,1.1
5128,42.08,1042.0814,20.0,1.12
5129,30.8,1040.6623,90.0,1.18
5130,59.08,1024.8702,16.0,1.13
5131,57.84,1021.4308,19.0,1.05
5132,51.92,1032.546,43.0,1.1
5133,51.88,1046.8389,35.0,1.31
5134,46.16,1008.889,4.0,1.29
5135,35.4,1065.7703,68.0,1.43
5136,50.68,1015.4397,52.0,1.72
5137,59.88,1092.4709,24.0,1.46
5138,37.0,1030.0178,42.0,1.42
5139,53.6,1056.1296,39.0,1.27
5140,38.04,1053.5001,28.0,1.15
5141,43.04,990.4092,26.0,1.1
5142,53.56,1047.7004,37.0,1.17
5143,47.68,1036.1554,30.0,1.12
5144,33.36,1000.8184,38.0,1.14
5145,41.44,1076.2148,31.0,1.65
5146,47.56,1016.1221,65.0,1.07
5147,43.44,1021.3379,65.0,1.14
5148,49.6,1025.895,17.0,1.11
5149,30.0,1003.3237,49.0,1.17
5150,54.32,1027.7627,24.0,1.03
5151,51.96,1008.4319,55.0,1.09
5152,49.48,1035.6245,14.0,1.35
5153,55.24,1017.2913,37.0,1.25
5154,44.76,1025.6231,49.0,1.22
5155,44.48,1088.6514,11.0,1.26
5156,39.2,1067.8148,76.0,1.16
5157,45.16,1044.939,22.0,1.09
5158,32.48,1026.1484,34.0,1.16
5159,49.12,1080.1988,32.0,1.37
5160,46.0,1149.1098,4.0,1.28
5161,46.52,996.273,45.0,1.35
5162,40.76,976.9745,46.0,1.16
5163,54.52,1053.2798,15.0,1.28
5164,41.0,1092.8777,55.0,1.42
5165,58.84,1022.331,31.0,1.59
5166,46.96,1043.4588,55.0,1.3
5167,51.0,1009.7431,50.0,1.13
5168,50.2,1042.6806,32.0,1.06
5169,44.92,1066.7491,32.0,1.05
5170,41.68,1005.9082,18.0,1.86
5171,43.84,1012.854,26.0,1.26
5172,38.04,993.5459,52.0,1.2
5173,51.92,1013.2076,29.0,1.32
5174,45.96,1020.8625,33.0,1.29
5175,49.84,1017.35,58.0,1.52
5176,50.4,1069.6955,31.0,1.07
5177,49.28,1018.4994,33.0,1.28
5178,37.0,1150.0619,27.0,1.39
5179,48.84,1045.2707,17.0,1.35
5180,46.4,1011.3056,47.0,1.36
5181,58.12,996.9709,47.0,1.33
5182,56.4,1030.7701,22.0,1.49
5183,45.12,1264.3322,67.0,1.2
5184,44.12,1018.5888,31.0,1.19
5185,50.6,1127.8899,21.0,1.2
5186,43.76,1151.44,33.0,1.14
5187,57.2,1327.3976,29.0,1.03
5188,41.0,1017.1588,46.0,1.11
5189,27.08,1002.1372,70.0,1.18
5190,59.92,1001.6392,43.0,1.11
5191,43.28,1044.487,55.0,1.14
5192,57.36,1007.5532,8.0,1.03
5193,50.16,1106.997,13.0,1.03
5194,57.4,1078.6147,23.0,1.15
5195,47.72,993.5211,19.0,0.96
5196,56.92,1042.041,6.0,1.61
5197,46.72,1045.7389,80.0,1.07
5198,45.08,1011.3806,3.0,1.1
5199,38.0,1004.0492,38.0,1.26
5200,46.36,1000.7135,5.0,1.12
5201,46.92,1036.5504,40.0,1.17
5202,54.52,1031.3328,31.0,1.08
5203,61.48,1061.309,21.0,1.07
5204,55.32,1045.5828,11.0,1.07
5205,59.48,1056.4675,14.0,1.05
5206,49.6,1264.0972,3.0,1.07
5207,48.92,1098.8478,13.0,1.13
5208,26.76,1021.2856,60.0,1.14
5209,47.64,1061.353,31.0,1.22
5210,49.28,998.7329,39.0,1.09
5211,53.56,1043.4692,11.0,1.1
5212,61.68,1031.1876,8.0,1.13
5213,60.48,1008.2499,0.0,1.13
5214,38.96,1025.2216,55.0,1.21
5215,51.36,1021.6274,35.0,1.1
5216,50.88,1053.2925,18.0,1.11
5217,46.04,1032.3706,60.0,1.09
5218,41.08,1087.3002,38.0,1.08
5219,41.6,1017.3088,50.0,1.44
5220,55.12,1056.2702,2.0,1.08
5221,43.44,1057.9401,25.0,1.12
5222,56.24,1019.0022,32.0,1.62
5223,41.56,1062.4704,30.0,1.33
5224,48.56,1068.9928,54.0,1.14
5225,42.12,1070.3043,39.0,1.15
5226,49.72,1019.7378,29.0,1.14
5227,45.84,1113.8695,26.0,1.1
5228,37.16,1420.5027,64.0,1.02
5229,49.4,1095.1098,34.0,1.2
5230,40.16,1012.9567,52.0,1.08
5231,62.2,1033.2264,24.0,1.06
5232,36.04,1052.421,44.0,1.19
5233,52.44,1028.7142,25.0,1.12
5234,46.04,1042.3016,40.0,1.19
5235,40.08,1019.8793,79.0,1.1
5236,40.72,1020.402,34.0,1.1
5237,52.08,1047.7182,27.0,0.97
5238,39.28,1121.985,79.0,1.15
5239,47.48,1096.2496,22.0,1.22
5240,50.28,1112.1784,52.0,1.06
5241,49.64,1043.8896,6.0,1.51
5242,49.72,1025.7725,42.0,1.43
5243,38.68,1043.1706,27.0,0.98
5244,53.36,1061.9332,48.0,1.21
5245,57.8,1041.636,7.0,1.19
5246,45.52,1038.8333,46.0,1.26
5247,66.4,1027.5928,9.0,1.31
5248,37.92,1060.9458,30.0,1.16
5249,48.88,1112.6152,39.0,1.45
5250,35.64,1017.408,22.0,1.17
5251,49.56,1073.6474,33.0,2.16
5252,45.12,1067.6433,40.0,1.84
5253,46.24,1006.9454,61.0,1.38
5254,51.6,994.6729,50.0,1.05
5255,32.92,1010.4011,47.0,1.22
5256,45.68,996.7892,6.0,1.09
5257,43.88,997.6313,49.0,1.27
5258,46.96,1035.9692,32.0,1.3
5259,43.6,1077.2689,58.0,1.49
5260,46.4,1068.4004,44.0,1.26
5261,55.24,1010.8818,38.0,1.61
5262,33.72,1003.0533,37.0,1.2
5263,41.04,1065.3036,42.0,1.38
5264,36.0,971.5476,63.0,1.2
5265,37.4,1032.626,100.0,1.0
5266,47.56,1208.6943,57.0,1.03
5267,46.72,1032.9174,69.0,1.23
5268,31.72,1016.4864,52.0,1.18
5269,27.84,1030.5165,69.0,1.85
5270,53.12,1022.5982,21.0,1.12
5271,52.72,1065.2491,28.0,1.4
5272,50.68,1036.0389,10.0,1.77
5273,42.52,978.5896,42.0,1.04
5274,38.96,1015.5568,40.0,1.55
5275,45.2,1070.791,47.0,1.12
5276,40.28,1011.1451,83.0,1.06
5277,42.96,1033.5921,28.0,1.56
5278,41.68,996.6326,13.0,1.0
5279,43.04,1086.3683,33.0,1.29
5280,37.0,1071.42,29.0,1.35
5281,57.64,1098.226,58.0,1.19
5282,40.56,1062.9636,20.0,1.39
5283,44.4,966.8931,41.0,1.12
5284,59.36,1033.9892,23.0,1.2
5285,46.08,1050.7579,30.0,1.4
5286,50.08,1127.5319,64.0,1.16
5287,40.16,1132.3252,42.0,1.32
5288,44.88,1019.9386,50.0,1.06
5289,46.32,1038.7567,33.0,1.24
5290,46.4,999.8904,59.0,1.62
5291,42.64,1027.3853,46.0,1.65
5292,54.24,1019.7257,39.0,1.46
5293,41.44,1034.5801,70.0,1.54
5294,61.6,989.2953,45.0,1.39
5295,39.04,1039.367,72.0,1.4
5296,38.84,1003.0644,64.0,1.63
5297,46.24,994.4926,36.0,1.08
5298,41.44,1036.3492,25.0,1.0
5299,45.44,1027.6936,55.0,1.15
5300,47.68,1097.9446,11.0,1.16
5301,54.36,1069.2551,32.0,1.24
5302,43.2,1013.8672,49.0,1.22
5303,37.4,1023.8797,68.0,1.12
5304,31.4,1026.5669,29.0,1.1
5305,42.76,1370.2807,3.0,1.18
5306,51.52,1011.5363,43.0,1.55
5307,50.72,1008.1633,3.0,1.35
5308,42.48,1007.2888,50.0,1.45
5309,52.48,1053.8569,38.0,1.23
5310,44.08,1026.6906,54.0,1.23
5311,47.68,1019.0497,38.0,1.32
5312,45.24,1031.8142,8.0,1.99
5313,46.8,1059.1738,12.0,1.42
5314,59.36,994.2598,32.0,1.32
5315,38.08,1001.8131,53.0,1.33
5316,53.36,1044.8678,29.0,1.31
5317,35.92,1195.1257,43.0,1.25
5318,32.6,975.9948,70.0,1.38
5319,39.6,1041.1724,41.0,1.23
5320,48.96,1016.6952,76.0,1.85
5321,50.0,1139.9567,56.0,1.36
5322,52.24,999.2943,110.0,1.73
5323,34.6,1001.9739,46.0,1.52
5324,45.24,1114.4095,43.0,1.56
5325,50.48,1051.116,38.0,1.42
5326,50.44,995.3658,34.0,1.53
5327,40.48,1019.001,46.0,1.42
5328,31.28,1026.758,12.0,1.38
5329,47.36,1076.1508,39.0,1.28
5330,54.4,1035.1874,20.0,1.21
5331,39.04,1005.6844,61.0,1.21
5332,43.84,1035.2923,44.0,1.48
5333,45.4,1038.646,44.0,1.56
5334,55.76,1049.2404,41.0,1.26
5335,52.08,1031.7909,6.0,0.98
5336,29.16,985.7447,43.0,1.0
5337,34.64,995.5156,10.0,1.03
5338,54.72,987.8576,50.0,1.19
5339,56.52,986.0968,7.0,1.33
5340,58.8,1052.6612,22.0,1.04
5341,44.12,1028.9766,55.0,1.07
5342,53.96,1238.9966,29.0,1.7
5343,41.16,1015.5081,20.0,1.04
5344,30.4,1003.7065,83.0,1.02
5345,59.64,1027.6316,36.0,1.14
5346,49.68,1014.7908,8.0,1.19
5347,43.88,984.4995,44.0,1.01
5348,39.8,1020.7603,19.0,1.37
5349,57.24,993.2115,30.0,1.05
5350,53.04,1052.9567,47.0,1.02
5351,43.96,1041.2368,72.0,1.06
5352,34.28,1015.992,57.0,1.4
5353,59.84,1047.1563,8.0,1.24
5354,52.0,1017.27,39.0,1.14
5355,28.88,988.302,36.0,1.15
5356,34.2,980.1463,50.0,1.11
5357,25.36,1002.6244,87.0,1.2
5358,45.48,1034.2433,44.0,1.24
5359,32.84,1018.9898,71.0,1.14
5360,47.4,998.6636,24.0,1.15
5361,57.44,995.0404,23.0,1.05
5362,51.92,1088.757,44.0,1.18
5363,48.28,1046.9199,30.0,1.23
5364,36.16,1067.9488,5.0,1.1
5365,35.92,1032.398,34.0,1.1
5366,53.56,1028.2468,43.0,1.12
5367,42.64,1005.683,60.0,1.14
5368,45.56,1054.8579,59.0,1.26
5369,45.72,1054.4439,19.0,1.69
5370,47.52,1072.4436,46.0,1.15
5371,49.0,1026.9891,54.0,1.18
5372,51.08,1044.7402,75.0,1.39
5373,49.16,1290.8556,67.0,1.2
5374,31.4,994.7956,46.0,1.1
5375,57.72,1003.3614,54.0,1.12
5376,53.96,986.715,38.0,1.25
5377,57.88,1052.7252,36.0,1.29
5378,39.72,1204.4305,67.0,1.15
5379,50.88,1040.2995,27.0,1.1
5380,55.12,1039.4142,28.0,1.11
5381,45.76,1052.7902,36.0,1.26
5382,35.32,1007.5974,50.0,1.18
5383,40.4,1042.0682,35.0,1.08
5384,63.56,1121.9893,42.0,1.19
5385,37.32,1046.0974,85.0,1.08
5386,27.04,979.4556,124.0,1.14
5387,35.24,1016.6818,86.0,1.07
5388,62.16,1029.9054,46.0,1.09
5389,46.28,1077.3524,46.0,1.04
5390,40.0,1022.4026,23.0,1.24
5391,55.8,1020.1927,17.0,1.18
5392,31.96,1028.3436,28.0,1.23
5393,67.12,967.7664,32.0,1.48
5394,53.96,1030.5186,50.0,1.54
5395,51.32,1029.7294,25.0,2.0
5396,47.4,1034.2976,22.0,1.17
5397,49.8,1037.6763,11.0,1.15
5398,42.16,1033.8754,10.0,1.07
5399,41.68,986.4434,6.0,1.07
5400,36.88,1078.8161,17.0,1.14
5401,54.28,988.612,46.0,1.15
5402,39.28,1041.8879,40.0,1.13
5403,50.92,1011.8778,21.0,1.18
5404,60.08,1072.3616,23.0,1.25
5405,54.92,1138.7731,33.0,1.14
5406,40.64,1003.9397,80.0,1.1
5407,41.24,1057.3832,16.0,1.0
5408,51.16,1035.5802,17.0,1.16
5409,41.4,997.7371,22.0,1.06
5410,49.48,1012.7168,24.0,1.05
5411,56.4,1034.6172,-2.0,1.03
5412,30.28,1001.9495,56.0,1.05
5413,41.84,1034.0359,41.0,0.83
5414,55.92,1030.6282,67.0,1.13
5415,41.96,1038.8252,41.0,1.16
5416,55.44,1026.7126,24.0,1.17
5417,48.84,1288.4021,31.0,1.13
5418,53.4,1030.6226,11.0,1.19
5419,47.92,1053.3953,40.0,1.19
5420,41.36,1140.9527,40.0,1.29
5421,61.24,1042.303,30.0,1.26
5422,49.96,1019.4479,16.0,1.79
5423,38.96,1041.3382,51.0,1.25
5424,58.16,1232.9993,28.0,1.09
5425,47.84,992.5525,42.0,1.23
5426,52.24,1197.0967,23.0,1.18
5427,52.8,1067.0299,36.0,1.19
5428,45.28,1000.3552,10.0,1.04
5429,37.84,967.6168,43.0,1.18
5430,35.08,1006.0831,85.0,1.04
5431,43.36,1041.7224,25.0,1.31
5432,42.72,1077.7691,60.0,1.23
5433,49.8,1000.3286,57.0,1.23
5434,42.12,1134.2764,40.0,1.39
5435,41.84,1042.1372,49.0,1.54
5436,57.36,1144.7036,39.0,1.1
5437,50.96,1003.1937,53.0,1.55
5438,47.68,1140.2868,16.0,2.19
5439,46.48,1042.434,41.0,1.33
5440,36.64,1001.43,83.0,1.27
5441,50.32,1038.0895,55.0,1.3
5442,50.28,990.316,44.0,1.12
5443,50.08,1013.8812,17.0,1.04
5444,41.08,1028.4683,33.0,1.05
5445,52.92,989.6391,25.0,1.03
5446,47.52,1072.7288,58.0,1.18
5447,47.52,991.5865,70.0,1.11
5448,48.8,1022.0686,11.0,1.13
5449,31.92,1045.6054,39.0,1.13
5450,45.52,1014.0889,36.0,1.13
5451,46.8,1176.7644,54.0,1.35
5452,47.28,1018.0169,35.0,1.15
5453,47.96,992.4313,16.0,0.97
5454,54.68,1036.177,48.0,1.33
5455,46.56,1016.2553,13.0,1.35
5456,42.2,1016.8783,43.0,1.22
5457,49.32,1066.2828,62.0,1.34
5458,53.24,1006.032,6.0,1.45
5459,45.24,1035.0946,61.0,1.11
5460,41.88,1085.3604,23.0,1.13
5461,61.88,989.6938,11.0,1.37
5462,50.24,1137.6314,59.0,1.22
5463,39.92,1079.8362,65.0,1.52
5464,42.68,1088.1086,14.0,1.39
5465,63.68,1192.8151,30.0,1.17
5466,38.84,1036.7414,54.0,1.11
5467,49.52,999.6565,50.0,1.23
5468,51.88,1091.2562,38.0,1.79
5469,49.88,1018.6297,37.0,1.91
5470,47.08,1042.5089,44.0,1.72
5471,53.88,1003.3078,26.0,1.35
5472,48.08,1192.9956,24.0,1.16
5473,46.72,993.8712,71.0,1.42
5474,48.88,1058.2243,49.0,1.26
5475,52.68,1025.0201,48.0,1.13
5476,33.12,990.3368,33.0,1.2
5477,45.08,1038.0292,30.0,1.17
5478,54.76,1039.2902,18.0,1.41
5479,63.2,1002.3479,26.0,1.17
5480,48.52,997.9028,6.0,1.24
5481,40.0,1292.121,46.0,1.6
5482,31.4,1233.5101,17.0,1.4
5483,43.4,1006.0955,25.0,1.35
5484,57.12,1043.8416,5.0,1.05
5485,39.24,1019.1966,13.0,1.45
5486,37.48,983.7728,35.0,1.29
5487,42.76,1023.6744,28.0,1.29
5488,50.72,1054.53,40.0,1.25
5489,39.88,1000.9199,27.0,1.03
5490,48.36,1011.2691,20.0,1.1
5491,56.8,1033.309,18.0,1.04
5492,56.12,989.5919,4.0,1.12
5493,50.6,1039.7689,54.0,1.04
5494,46.2,1032.2132,44.0,1.18
5495,42.96,1011.4193,50.0,1.04
5496,57.0,1068.1659,27.0,1.2
5497,56.12,1028.8486,38.0,0.98
5498,54.32,1054.4761,57.0,1.36
5499,47.56,1057.4998,30.0,1.51
5500,43.24,1034.8507,38.0,1.62
5501,47.12,1056.422,54.0,1.44
5502,49.92,1014.6124,44.0,0.89
5503,48.6,1113.7144,28.0,0.97
5504,44.4,1020.678,40.0,1.27
5505,40.44,981.1529,10.0,0.99
5506,43.8,1023.1666,44.0,1.93
5507,53.48,1042.9936,22.0,1.09
5508,49.64,1042.9562,72.0,1.08
5509,48.16,995.0956,48.0,1.18
5510,28.44,997.6222,12.0,1.01
5511,38.12,1019.9302,59.0,1.3
5512,30.04,1008.9208,25.0,1.06
5513,54.64,1020.366,34.0,1.11
5514,34.64,1010.9213,35.0,1.28
5515,58.52,1131.4261,53.0,0.97
5516,58.48,1044.9663,32.0,1.12
5517,46.88,1089.7712,20.0,1.14
5518,59.84,1029.4346,31.0,1.8
5519,55.96,1091.0068,36.0,1.39
5520,51.52,1004.5458,17.0,0.93
5521,42.6,1019.1104,54.0,1.08
5522,41.04,1053.835,61.0,1.03
5523,34.16,999.9422,33.0,1.22
5524,48.88,1012.9204,46.0,1.26
5525,40.6,1122.9136,59.0,1.06
5526,27.92,991.7898,51.0,1.09
5527,42.16,1015.824,33.0,1.19
5528,44.96,1058.5039,25.0,1.1
5529,52.0,982.4328,16.0,1.01
5530,42.76,1039.4608,30.0,1.06
5531,55.44,1066.8651,16.0,1.05
5532,45.56,1027.3222,49.0,1.1
5533,50.36,1013.9164,45.0,0.99
5534,48.08,1033.8367,28.0,0.9
5535,44.76,1015.6012,29.0,1.37
5536,31.48,1037.6519,58.0,1.25
5537,59.12,1006.0186,17.0,1.43
5538,30.44,1028.6526,39.0,1.15
5539,43.76,1043.4456,78.0,1.07
5540,47.6,1136.9229,29.0,1.24
5541,54.16,970.2175,2.0,1.06
5542,45.88,1011.395,17.0,1.12
5543,26.08,1007.6405,40.0,1.07
5544,32.76,1018.1275,54.0,1.37
5545,52.16,1017.667,57.0,1.26
5546,37.4,1032.8873,21.0,1.88
5547,62.92,1027.2282,27.0,1.19
5548,42.0,1048.0936,24.0,1.22
5549,46.0,998.9978,3.0,1.12
5550,48.68,1057.8182,18.0,1.29
5551,50.44,1085.2049,29.0,1.47
5552,37.96,1099.18,50.0,1.16
5553,41.12,1029.4254,24.0,1.12
5554,47.2,1067.5249,37.0,1.15
5555,42.6,1006.6779,83.0,1.14
5556,42.12,1053.4717,31.0,1.06
5557,36.36,1040.2924,39.0,0.99
5558,34.12,1035.1078,48.0,0.99
5559,48.64,989.8041,24.0,1.11
5560,55.2,1032.8473,16.0,1.65
5561,30.04,1032.7374,91.0,1.23
5562,39.2,1017.7275,73.0,1.09
5563,35.92,1134.8342,38.0,0.98
5564,50.24,1034.857,78.0,1.15
5565,50.36,1005.0224,21.0,1.09
5566,47.0,1016.4136,50.0,1.15
5567,46.08,1019.2714,61.0,1.35
5568,44.92,1112.005,48.0,1.35
5569,45.56,1049.4785,82.0,1.09
5570,45.04,973.3475,27.0,1.0
5571,51.6,1071.4118,28.0,1.16
5572,53.04,1277.749,11.0,1.04
5573,51.92,1015.1002,57.0,0.91
5574,39.08,1010.3767,63.0,1.1
5575,43.8,1033.8426,39.0,0.98
5576,27.72,1090.2266,46.0,1.01
5577,52.4,970.3659,47.0,1.03
5578,42.08,989.7548,57.0,1.04
5579,41.0,992.5019,74.0,1.18
5580,30.72,1050.1442,65.0,1.14
5581,41.44,1019.6673,56.0,1.04
5582,53.52,1032.4234,9.0,1.01
5583,43.6,1033.6632,25.0,0.94
5584,47.84,979.6859,26.0,1.05
5585,45.56,995.9865,33.0,1.17
5586,51.64,1061.7346,27.0,1.11
5587,57.88,1030.8441,24.0,1.66
5588,44.0,1020.6586,54.0,1.12
5589,49.56,1021.977,22.0,1.09
5590,36.2,997.1096,38.0,1.22
5591,47.12,1065.6304,47.0,1.18
5592,37.36,983.8557,57.0,1.15
5593,39.12,1049.5422,66.0,1.39
5594,53.12,1202.9234,43.0,1.05
5595,54.36,1004.65,23.0,1.05
5596,54.24,995.5013,78.0,1.09
5597,28.08,1046.9982,77.0,1.14
5598,48.68,1034.8026,37.0,1.02
5599,46.96,1024.4027,39.0,1.06
5600,47.16,1024.1603,28.0,1.08
5601,44.68,1006.867,58.0,1.13
5602,44.44,1049.8862,43.0,1.2
5603,37.16,1033.0062,20.0,1.12
5604,34.84,1007.576,48.0,1.01
5605,49.72,1023.0024,43.0,1.31
5606,56.04,1018.3783,9.0,1.19
5607,48.44,1095.3544,9.0,1.07
5608,26.2,1001.0478,50.0,0.93
5609,31.6,1014.8289,43.0,1.26
5610,40.52,1003.7303,61.0,1.15
5611,47.76,1245.3769,52.0,0.96
5612,45.92,1066.0449,72.0,1.17
5613,47.08,1047.0464,37.0,1.08
5614,59.76,999.4,57.0,1.2
5615,36.16,1009.1541,50.0,1.64
5616,46.0,1048.4824,46.0,1.07
5617,48.2,1039.5391,11.0,1.09
5618,44.52,1010.934,30.0,2.07
5619,26.0,1009.4403,49.0,1.47
5620,56.32,1034.2605,8.0,1.34
5621,43.2,1055.8928,64.0,1.28
5622,49.12,1040.4416,3.0,1.36
5623,59.12,996.2792,38.0,1.83
5624,38.12,1034.9394,40.0,1.17
5625,52.76,1072.1421,8.0,1.1
5626,32.76,996.9038,43.0,0.98
5627,43.96,983.1047,71.0,1.03
5628,23.68,1010.4728,92.0,1.13
5629,62.08,1198.1389,33.0,0.89
5630,36.76,1039.1621,64.0,1.15
5631,38.36,1027.7074,54.0,1.03
5632,52.88,1061.0381,63.0,1.14
5633,48.6,1008.528,17.0,1.34
5634,46.56,1076.1475,28.0,0.91
5635,42.48,1199.6161,11.0,1.12
5636,58.0,1001.7755,30.0,1.3
5637,44.96,1050.0841,40.0,1.14
5638,52.2,997.3077,81.0,1.21
5639,46.72,1089.3483,28.0,1.6
5640,58.52,1028.577,45.0,1.54
5641,52.0,1036.4283,59.0,1.16
5642,49.36,1028.9983,42.0,1.07
5643,46.48,978.5778,48.0,1.67
5644,54.72,1040.9593,32.0,1.41
5645,45.48,1024.7737,11.0,1.47
5646,50.52,1068.6517,85.0,1.62
5647,45.88,1028.764,13.0,2.16
5648,52.32,1156.2579,4.0,1.76
5649,43.6,1013.9191,61.0,1.98
5650,38.56,1064.5542,69.0,1.25
5651,39.72,968.7856,21.0,1.25
5652,50.4,1081.6411,8.0,1.65
5653,31.12,1020.8704,86.0,1.95
5654,52.84,1034.1238,49.0,1.55
5655,55.36,1039.5454,30.0,1.61
5656,52.52,1030.7179,34.0,1.26
5657,41.48,999.7282,46.0,1.62
5658,61.2,1076.2806,33.0,1.51
5659,54.28,1106.6502,27.0,1.2
5660,45.04,1032.4372,52.0,3.3
5661,35.84,1026.0766,48.0,1.55
5662,38.12,1361.2279,43.0,2.18
5663,45.24,1012.2234,53.0,2.47
5664,51.56,1112.4582,25.0,1.59
5665,54.04,1068.6562,11.0,1.17
5666,37.32,1000.8595,13.0,1.11
5667,51.0,1041.8655,28.0,1.03
5668,40.76,1007.6852,65.0,1.0
5669,57.12,1032.9967,5.0,1.19
5670,51.2,1020.6505,43.0,1.49
5671,34.2,994.9452,43.0,1.27
5672,41.72,1040.6309,39.0,0.94
5673,41.96,1015.3292,35.0,1.03
5674,57.4,1057.1659,34.0,1.09
5675,49.24,1031.1134,44.0,0.98
5676,24.48,985.5235,52.0,0.96
5677,48.96,1070.6714,46.0,1.04
5678,41.52,1002.2689,52.0,1.02
5679,35.52,991.8736,32.0,0.99
5680,44.0,1019.3171,32.0,1.2
5681,36.48,977.9058,62.0,0.98
5682,40.28,1032.0379,29.0,0.92
5683,54.8,1021.9154,57.0,1.57
5684,31.16,1001.3056,111.0,0.99
5685,44.8,1024.8925,2.0,0.98
5686,44.56,1318.4553,39.0,1.0
5687,44.32,1148.3234,26.0,1.01
5688,62.56,1059.9227,19.0,0.92
5689,24.88,1001.9908,85.0,1.2
5690,41.04,1044.6318,61.0,1.09
5691,52.52,1010.966,50.0,0.97
5692,53.72,1122.2126,43.0,1.01
5693,49.16,1029.754,7.0,1.02
5694,41.2,1009.2179,24.0,1.07
5695,43.88,984.0245,41.0,1.01
5696,37.52,1062.7722,32.0,1.01
5697,48.24,1098.9504,29.0,0.95
5698,30.24,985.6244,37.0,1.07
5699,49.6,977.4497,29.0,1.02
5700,49.48,1221.2221,33.0,1.01
5701,40.52,979.1623,32.0,0.96
5702,49.24,1154.361,51.0,0.91
5703,40.04,1056.297,15.0,1.08
5704,37.04,994.7256,50.0,1.07
5705,31.16,1013.3172,10.0,1.14
5706,47.8,1029.4946,30.0,1.05
5707,26.32,1033.8754,40.0,1.21
5708,39.8,978.522,53.0,1.06
5709,52.32,1179.2271,4.0,0.98
5710,32.72,995.8048,32.0,1.1
5711,31.04,990.5829,54.0,1.07
5712,57.16,1029.6258,21.0,1.05
5713,51.6,974.7338,42.0,1.52
5714,45.64,984.2017,87.0,0.95
5715,46.56,1059.3851,90.0,1.07
5716,42.48,1078.0077,40.0,1.06
5717,42.44,978.3774,30.0,1.06
5718,48.4,1032.5428,64.0,1.09
5719,36.76,1134.8714,75.0,0.95
5720,44.8,1087.1514,42.0,1.04
5721,33.84,980.57,122.0,0.83
5722,38.2,1190.8751,46.0,0.86
5723,46.72,1097.3436,36.0,1.04
5724,44.8,1032.6888,32.0,1.0
5725,62.16,1044.8538,35.0,1.01
5726,35.92,978.4374,30.0,0.95
5727,54.16,1043.1505,40.0,1.11
5728,40.48,1021.4934,93.0,1.1
5729,33.6,991.2055,68.0,1.15
5730,52.68,1046.1228,26.0,0.97
5731,52.72,1054.3346,25.0,0.96
5732,50.32,1015.5591,54.0,1.03
5733,59.32,993.8094,50.0,0.92
5734,38.6,971.043,29.0,0.99
5735,39.04,1061.6712,59.0,1.12
5736,50.36,965.9284,1.0,0.94
5737,43.04,1010.7309,48.0,1.1
5738,59.72,1000.8359,26.0,0.95
5739,32.84,998.861,69.0,1.06
5740,52.76,1010.5714,25.0,1.1
5741,41.2,985.381,14.0,1.03
5742,60.68,1053.559,27.0,1.08
5743,42.88,978.215,58.0,1.79
5744,40.16,976.7715,25.0,1.34
5745,55.72,1063.7268,36.0,1.59
5746,46.36,1155.8642,39.0,1.28
5747,44.56,1077.101,13.0,1.11
5748,56.68,963.6374,19.0,1.2
5749,53.12,964.9979,58.0,1.12
5750,50.6,973.9692,50.0,1.2
5751,57.04,1266.596,57.0,1.19
5752,44.68,1030.6591,51.0,0.96
5753,39.8,983.648,44.0,1.03
5754,31.8,982.6304,35.0,1.0
5755,31.72,1090.6808,82.0,0.97
5756,41.36,999.0812,43.0,1.0
5757,59.28,1097.1756,7.0,0.94
5758,42.92,1016.4888,45.0,0.91
5759,59.68,1041.4709,36.0,1.05
5760,57.44,1237.8191,6.0,0.93
5761,49.0,1071.3893,31.0,1.22
5762,37.96,997.7662,40.0,1.06
5763,44.56,1000.6451,22.0,0.86
5764,47.72,1005.0003,15.0,1.05
5765,54.88,1019.5602,25.0,0.89
5766,51.24,1078.0417,35.0,1.05
5767,48.36,1026.8179,47.0,1.11
5768,33.8,988.567,34.0,0.96
5769,44.64,1032.2074,35.0,0.89
5770,49.96,994.4273,29.0,0.92
5771,46.08,1004.7948,11.0,1.08
5772,43.72,1001.5462,3.0,1.57
5773,46.88,1022.2286,53.0,1.04
5774,45.68,1008.9644,52.0,0.99
5775,50.2,1046.4069,26.0,1.0
5776,56.8,1193.4049,51.0,1.06
5777,44.0,983.8508,69.0,0.96
5778,50.8,1076.4212,33.0,1.12
5779,44.24,1024.4956,49.0,1.05
5780,41.64,1024.7139,26.0,1.1
5781,47.12,1035.1839,51.0,0.97
5782,38.8,993.7886,30.0,1.05
5783,53.76,1010.6206,13.0,1.07
5784,41.56,1034.1708,44.0,0.99
5785,42.6,1047.462,6.0,1.18
5786,36.44,987.3205,69.0,0.94
5787,45.52,972.1863,31.0,0.98
5788,48.36,985.254,31.0,1.04
5789,53.2,990.3805,57.0,1.12
5790,48.76,1069.1605,64.0,1.24
5791,49.08,1036.9721,60.0,1.08
5792,47.6,1004.1071,36.0,1.01
5793,53.8,1059.3861,56.0,1.04
5794,41.4,1113.788,44.0,1.02
5795,30.2,979.4327,94.0,1.0
5796,41.96,1020.7498,14.0,1.03
5797,52.16,1014.5741,42.0,0.96
5798,33.44,969.9482,50.0,0.96
5799,56.56,1007.4482,34.0,1.0
5800,53.48,1036.1218,39.0,0.92
5801,44.16,1026.4127,27.0,1.36
5802,31.2,1012.2576,9.0,1.01
5803,44.72,981.1124,50.0,0.87
5804,44.64,1005.0942,79.0,1.01
5805,65.08,1009.9952,7.0,0.9
5806,46.8,1004.209,60.0,1.08
5807,52.44,1173.5597,16.0,1.15
5808,57.32,1002.2176,51.0,1.09
5809,44.08,1078.5712,43.0,1.08
5810,36.8,1036.5248,20.0,1.08
5811,52.84,1012.1196,32.0,0.94
5812,42.48,1169.3203,10.0,1.0
5813,56.52,999.341,20.0,0.92
5814,45.16,997.7363,26.0,0.91
5815,46.84,1021.8942,57.0,1.02
5816,64.0,1011.8592,24.0,1.13
5817,54.28,1045.4291,17.0,1.15
5818,50.24,1060.7766,23.0,1.16
5819,47.16,1027.7935,3.0,1.2
5820,51.56,1024.4286,26.0,1.25
5821,38.8,1027.379,25.0,1.34
5822,41.4,1025.6769,66.0,1.3
5823,41.16,1041.6213,59.0,1.89
5824,36.32,1010.4551,63.0,1.53
5825,57.96,1033.1362,4.0,1.64
5826,53.72,1076.6603,73.0,1.12
5827,53.72,1001.9871,23.0,1.31
5828,50.56,1021.3962,40.0,1.63
5829,51.16,1016.5794,43.0,1.27
5830,47.32,978.6818,54.0,1.25
5831,46.4,989.6447,2.0,1.22
5832,55.12,1043.4979,24.0,0.92
5833,33.36,1041.2591,30.0,0.96
5834,53.08,1007.5342,50.0,1.09
5835,44.96,1008.1082,59.0,1.08
5836,42.2,1138.3765,41.0,0.98
5837,46.56,973.0016,40.0,1.04
5838,52.64,1012.0234,33.0,0.95
5839,47.56,1013.585,14.0,1.11
5840,41.96,1074.4451,32.0,1.09
5841,48.4,1033.8933,32.0,0.99
5842,33.32,1071.8106,25.0,0.99
5843,36.48,1022.0266,65.0,0.98
5844,45.36,1005.2511,34.0,0.95
5845,55.56,1030.5178,38.0,1.09
5846,48.12,1155.1768,32.0,1.07
5847,43.68,1001.8954,66.0,1.32
5848,49.6,1049.0387,27.0,1.23
5849,49.2,1020.433,78.0,1.26
5850,37.6,1008.2252,38.0,1.17
5851,40.84,989.6715,63.0,0.99
5852,37.88,975.3406,54.0,0.97
5853,42.84,1137.1864,23.0,1.11
5854,41.24,1047.4056,25.0,1.04
5855,58.68,1241.7183,69.0,1.09
5856,47.92,989.9479,35.0,0.96
5857,45.72,1002.5046,54.0,1.52
5858,53.24,1010.5556,37.0,1.06
5859,50.08,996.3193,28.0,1.0
5860,51.4,1028.595,24.0,1.12
5861,41.52,1006.927,76.0,1.17
5862,48.52,1209.4445,43.0,1.17
5863,56.48,1017.2459,12.0,1.63
5864,40.92,1025.1756,32.0,1.28
5865,56.2,988.5359,18.0,1.46
5866,43.4,1034.9199,61.0,1.13
5867,42.6,979.0619,28.0,1.24
5868,42.96,1015.0554,12.0,1.21
5869,32.6,1114.4899,59.0,1.07
5870,60.24,1062.3389,9.0,0.98
5871,52.96,989.4487,48.0,1.01
5872,62.28,1049.8584,32.0,0.95
5873,48.52,1110.8205,14.0,1.03
5874,44.6,996.0437,37.0,1.02
5875,48.04,1047.5793,52.0,1.08
5876,42.92,1022.8156,2.0,1.02
5877,32.12,998.3314,74.0,0.92
5878,51.56,1055.4458,48.0,0.99
5879,39.84,995.2534,79.0,1.04
5880,47.6,1059.2914,49.0,1.61
5881,49.36,1040.7781,0.0,0.96
5882,47.24,1090.7376,40.0,1.08
5883,37.44,1027.464,40.0,1.16
5884,56.68,971.8948,17.0,1.53
5885,45.0,1043.1384,67.0,1.01
5886,65.92,1242.9177,6.0,0.95
5887,43.92,1082.2852,43.0,1.07
5888,52.0,1024.2936,8.0,1.09
5889,35.8,977.442,2.0,0.9
5890,40.6,1148.5865,97.0,0.92
5891,62.36,1003.1786,10.0,1.16
5892,34.96,1000.8982,36.0,1.05
5893,47.32,1011.9063,48.0,0.96
5894,40.36,1032.033,86.0,1.1
5895,58.04,1312.6429,57.0,0.96
5896,31.76,981.245,58.0,0.89
5897,43.68,1129.716,27.0,0.94
5898,49.12,982.1193,32.0,0.96
5899,44.16,1042.6541,48.0,1.05
5900,52.36,1066.3502,22.0,1.06
5901,43.4,980.0301,49.0,0.94
5902,55.76,1316.1857,58.0,0.99
5903,42.0,1045.0338,16.0,1.04
5904,50.04,984.2318,54.0,0.99
5905,56.44,1020.5614,45.0,0.89
5906,36.04,977.2202,51.0,1.02
5907,67.48,1006.6821,14.0,0.98
5908,47.6,1040.456,13.0,1.01
5909,57.04,1047.8614,24.0,1.0
5910,49.2,1142.501,33.0,1.04
5911,47.76,965.2653,2.0,0.96
5912,41.0,1096.8816,97.0,1.07
5913,45.48,1010.4453,50.0,1.1
5914,40.04,1061.9671,29.0,1.09
5915,51.96,1049.5271,29.0,1.47
5916,24.12,996.1878,46.0,1.09
5917,46.96,1022.0871,32.0,1.14
5918,33.96,1009.6976,78.0,1.01
5919,42.6,1033.768,30.0,1.23
5920,45.48,1196.5563,43.0,1.15
5921,48.32,1026.8511,39.0,1.12
5922,53.2,1312.0284,48.0,1.03
5923,44.96,992.0535,26.0,0.94
5924,42.24,1040.709,11.0,1.05
5925,56.04,1023.3564,21.0,1.04
5926,49.64,1067.5874,42.0,1.08
5927,46.72,987.7393,41.0,0.94
5928,46.28,998.5598,14.0,1.0
5929,38.0,978.1394,25.0,1.06
5930,44.0,1234.9164,51.0,1.1
5931,39.2,970.4482,32.0,0.97
5932,41.32,1015.3906,53.0,1.17
5933,45.92,1037.1093,24.0,1.01
5934,45.32,1043.017,61.0,1.23
5935,56.08,1031.0064,10.0,1.12
5936,57.44,1009.0258,27.0,1.23
5937,58.72,1067.6267,50.0,1.3
5938,54.24,1058.5988,11.0,1.17
5939,56.52,1047.9374,26.0,1.36
5940,51.92,990.5368,44.0,1.83
5941,40.72,1004.4974,69.0,2.31
5942,25.24,994.6091,54.0,2.31
5943,53.16,1067.3437,30.0,1.54
5944,50.4,1013.283,35.0,1.62
5945,57.84,1260.3371,28.0,1.28
5946,52.4,1066.1889,27.0,1.16
5947,44.88,1130.1476,22.0,1.31
5948,58.88,988.3966,24.0,1.94
5949,39.08,1033.9735,85.0,1.49
5950,58.84,992.4715,56.0,1.69
5951,47.68,1033.3549,29.0,1.17
5952,46.04,1028.0366,64.0,1.41
5953,60.0,1019.9655,28.0,1.18
5954,49.24,1153.321,11.0,1.14
5955,35.16,1032.7601,10.0,1.23
5956,67.04,994.6614,23.0,1.22
5957,48.28,1007.7997,68.0,1.15
5958,48.04,1134.4512,36.0,1.29
5959,58.68,1016.8325,6.0,1.36
5960,57.24,1012.0535,4.0,2.05
5961,50.16,1358.1347,79.0,1.26
5962,42.16,1052.8036,33.0,2.32
5963,58.24,1014.1664,10.0,1.32
5964,47.92,1042.5673,17.0,1.57
5965,42.2,987.2347,31.0,1.53
5966,42.24,1055.2491,54.0,1.3
5967,33.68,1036.7234,69.0,1.53
5968,48.16,1048.9591,33.0,1.19
5969,34.64,1003.7432,27.0,1.63
5970,55.08,979.6972,10.0,1.41
5971,46.16,1042.6809,46.0,1.33
5972,50.12,1248.2458,48.0,1.22
5973,34.4,1008.9328,30.0,1.42
5974,45.8,1024.4568,61.0,1.39
5975,54.96,1007.3529,16.0,1.46
5976,52.48,1051.3514,27.0,1.55
5977,37.08,980.7458,75.0,1.73
5978,44.0,1018.3776,13.0,1.71
5979,61.56,1066.8872,32.0,1.73
5980,55.48,1003.7867,34.0,1.49
5981,45.48,1014.1106,79.0,1.46
5982,38.64,1013.2812,16.0,1.28
5983,39.48,979.8475,57.0,1.86
5984,43.84,1067.7164,33.0,1.45
5985,59.68,1023.9091,26.0,1.44
5986,59.6,1031.7325,2.0,1.26
5987,57.8,1237.4871,25.0,1.54
5988,60.88,1032.8019,19.0,1.41
5989,52.92,1033.6035,39.0,1.31
5990,50.84,1014.4962,27.0,1.23
5991,46.56,1132.8106,54.0,1.23
5992,42.04,985.8084,8.0,1.07
5993,51.32,963.7015,4.0,1.08
5994,26.44,974.8296,48.0,1.18
5995,53.6,1032.3485,38.0,1.13
5996,45.32,1037.6172,30.0,1.25
5997,52.28,994.3537,12.0,1.59
5998,48.76,1028.3852,22.0,1.61
5999,43.32,1037.0635,59.0,1.47
6000,52.52,1054.7155,38.0,1.56
6001,47.0,1076.4,50.0,1.78
6002,49.92,1130.2221,31.0,1.54
6003,53.48,1007.5468,4.0,1.42
6004,45.12,1078.4503,24.0,1.42
6005,45.96,1198.3312,76.0,1.89
6006,51.04,1020.4733,54.0,1.45
6007,50.96,992.5398,56.0,1.43
6008,46.4,1051.1046,39.0,1.57
6009,44.44,1024.6138,28.0,1.42
6010,40.2,1049.8804,49.0,1.49
6011,44.32,983.0869,49.0,1.09
6012,48.32,980.9105,49.0,1.24
6013,58.64,1377.4112,5.0,1.14
6014,45.76,997.7032,27.0,1.33
6015,47.16,1111.5949,34.0,1.41
6016,59.0,1199.707,49.0,1.31
6017,44.56,1076.7015,24.0,1.29
6018,42.92,978.6349,32.0,1.3
6019,45.12,992.1266,21.0,1.34
6020,58.32,994.9376,17.0,1.55
6021,61.84,965.4664,57.0,1.08
6022,27.24,972.1676,103.0,1.08
6023,46.68,1102.3909,36.0,1.03
6024,41.76,973.0377,37.0,0.95
6025,44.08,1050.2717,28.0,1.05
6026,38.24,996.4412,75.0,1.13
6027,52.44,1072.6282,48.0,0.96
6028,60.56,1025.4878,26.0,1.18
6029,30.56,969.6313,51.0,1.04
6030,41.16,1068.7759,74.0,1.69
6031,43.84,1030.4712,93.0,1.1
6032,49.56,1051.2596,81.0,1.04
6033,45.16,1073.6339,49.0,0.96
6034,45.04,1091.2488,39.0,1.44
6035,36.32,969.9317,51.0,1.61
6036,52.08,975.0216,2.0,1.45
6037,34.44,970.0998,25.0,1.17
6038,52.28,1085.7638,83.0,1.35
6039,49.6,1094.8385,43.0,1.56
6040,44.0,1024.4281,26.0,1.3
6041,52.72,1022.7219,23.0,1.36
6042,56.12,1086.1962,27.0,1.55
6043,31.32,990.8842,57.0,1.32
6044,43.48,994.3294,77.0,1.55
6045,48.08,1009.3418,52.0,1.44
6046,55.8,1034.4165,30.0,1.36
6047,51.8,1035.3019,74.0,1.4
6048,44.44,1135.5274,15.0,1.25
6049,58.88,1051.8661,68.0,1.27
6050,53.08,1016.6264,59.0,1.29
6051,49.32,1021.1412,33.0,1.3
6052,46.52,1012.4864,26.0,1.35
6053,43.36,990.6384,62.0,1.92
6054,43.88,1046.9152,53.0,1.65
6055,55.32,1048.3185,43.0,1.73
6056,45.64,1255.8699,12.0,1.58
6057,43.96,1060.347,42.0,1.49
6058,49.72,1004.2117,38.0,1.55
6059,50.88,979.2596,26.0,1.58
6060,54.36,1040.7419,58.0,1.56
6061,55.0,1024.0376,69.0,1.36
6062,44.72,1048.6788,34.0,1.33
6063,41.24,1082.2786,62.0,1.12
6064,60.96,1029.505,33.0,1.55
6065,34.36,1034.1952,47.0,1.26
6066,33.76,973.4747,34.0,1.29
6067,59.56,1022.3766,7.0,1.43
6068,45.76,1037.7851,42.0,1.37
6069,55.2,1060.5762,32.0,1.22
6070,60.72,1103.1218,42.0,1.14
6071,34.84,970.6981,27.0,1.3
6072,62.6,1156.3524,23.0,1.8
6073,39.96,1367.0192,65.0,1.28
6074,52.04,1070.0746,16.0,1.41
6075,50.8,1034.8044,62.0,1.79
6076,46.12,1023.6825,50.0,1.38
6077,43.84,994.3141,18.0,1.58
6078,47.88,1030.2357,1.0,1.48
6079,59.92,1098.0515,4.0,1.79
6080,42.56,983.1673,60.0,1.76
6081,44.24,1066.714,47.0,1.64
6082,47.56,1291.3505,74.0,1.55
6083,61.08,1003.562,21.0,1.79
6084,57.8,1027.9839,34.0,1.72
6085,47.76,1091.3086,12.0,1.66
6086,63.6,976.2788,10.0,1.81
6087,52.52,1018.3835,33.0,1.43
6088,41.36,1058.0582,46.0,1.24
6089,48.04,1032.9202,30.0,1.25
6090,39.28,994.163,51.0,1.12
6091,42.48,1063.2355,54.0,1.3
6092,41.04,1137.7784,78.0,1.57
6093,32.16,1001.7299,39.0,1.19
6094,32.56,1002.5059,39.0,1.19
6095,65.76,966.5757,6.0,2.12
6096,53.12,1019.4553,42.0,1.38
6097,46.2,1189.7258,99.0,1.31
6098,33.16,1018.3104,5.0,1.32
6099,59.32,1005.7581,4.0,1.85
6100,54.84,1100.8462,22.0,1.41
6101,56.96,1006.4841,25.0,1.32
6102,52.16,1060.655,5.0,1.47
6103,39.76,1002.877,30.0,1.3
6104,44.36,1047.57,17.0,1.35
6105,35.2,1001.7871,31.0,1.11
6106,62.76,977.7401,28.0,1.58
6107,49.52,966.6373,3.0,1.92
6108,49.56,1100.4624,56.0,1.7
6109,49.52,1037.9835,30.0,1.34
6110,33.36,998.2025,77.0,1.43
6111,39.4,1149.945,96.0,1.31
6112,41.4,1020.9718,71.0,1.4
6113,50.44,1081.0338,41.0,1.28
6114,50.52,1078.6879,26.0,1.4
6115,50.2,1133.892,56.0,1.61
6116,37.44,1016.363,68.0,1.94
6117,33.2,1034.3064,30.0,1.28
6118,58.96,1053.3891,23.0,1.88
6119,34.72,976.8187,54.0,1.58
6120,32.68,1321.9778,46.0,1.69
6121,48.52,1212.3907,5.0,1.58
6122,35.4,1029.9268,47.0,2.0
6123,54.96,989.8004,10.0,1.36
6124,49.08,1072.2382,26.0,1.38
6125,45.12,1161.8124,52.0,1.03
6126,34.76,1037.2748,119.0,1.07
6127,60.4,1053.5636,24.0,1.41
6128,44.48,1142.1043,27.0,1.6
6129,43.28,1008.4886,2.0,1.49
6130,50.96,1138.1489,51.0,1.18
6131,50.92,1053.4384,59.0,0.98
6132,67.4,993.8586,9.0,1.03
6133,40.84,984.7161,69.0,1.2
6134,60.4,1036.0496,45.0,1.38
6135,43.72,1036.6983,73.0,1.11
6136,49.04,1051.9758,53.0,1.19
6137,51.72,966.9266,28.0,1.33
6138,56.96,1059.442,51.0,1.89
6139,41.32,1060.9247,24.0,1.42
6140,53.48,1023.9747,22.0,1.82
6141,56.92,1050.4361,26.0,1.01
6142,48.72,1076.8892,39.0,1.02
6143,45.48,1134.5175,7.0,1.18
6144,59.48,993.4534,52.0,1.05
6145,30.76,999.8035,51.0,0.93
6146,56.08,1021.4164,60.0,1.05
6147,29.0,981.6405,79.0,0.88
6148,37.08,1034.0024,39.0,0.95
6149,32.48,1028.8996,53.0,1.1
6150,46.12,1000.2788,61.0,1.02
6151,57.52,976.4351,26.0,1.23
6152,45.6,984.4213,24.0,1.03
6153,54.8,1039.1769,70.0,1.07
6154,50.44,1048.6377,57.0,1.0
6155,41.32,1024.2968,49.0,1.05
6156,51.68,1141.327,33.0,0.86
6157,61.64,1021.6223,31.0,1.01
6158,63.84,1241.2596,48.0,0.91
6159,39.44,1409.1806,122.0,0.91
6160,47.96,971.7039,10.0,1.03
6161,52.2,989.3048,50.0,0.9
6162,57.28,1027.1419,24.0,1.04
6163,44.04,1033.9983,49.0,1.02
6164,51.36,1007.1005,29.0,1.11
6165,37.84,1024.5692,42.0,1.24
6166,53.88,1022.7141,49.0,1.79
6167,39.64,1012.358,63.0,1.04
6168,54.28,1013.9923,23.0,1.24
6169,55.16,1030.8585,29.0,1.32
6170,42.4,999.3697,48.0,1.32
6171,56.8,968.0131,36.0,1.31
6172,47.88,1027.3441,28.0,1.15
6173,48.76,1033.5686,54.0,1.04
6174,44.56,1023.6883,82.0,1.0
6175,46.72,1041.4259,25.0,1.26
6176,46.64,985.8706,19.0,1.31
6177,49.68,982.1769,73.0,1.04
6178,49.2,1036.6844,56.0,0.98
6179,42.12,1028.0429,26.0,0.97
6180,39.0,1022.6382,18.0,1.17
6181,56.16,1277.7899,45.0,1.03
6182,49.08,1045.4569,45.0,1.11
6183,55.72,1020.632,49.0,1.07
6184,52.84,990.0538,57.0,1.45
6185,42.56,1060.3486,26.0,1.07
6186,42.32,988.2657,42.0,0.97
6187,42.12,996.1518,5.0,1.16
6188,45.72,1053.2566,44.0,0.91
6189,45.48,995.03,3.0,1.01
6190,33.52,996.9119,60.0,1.04
6191,48.2,988.3838,73.0,0.98
6192,55.0,1105.4025,37.0,1.2
6193,60.76,1018.197,16.0,1.49
6194,63.68,1014.9014,5.0,1.9
6195,41.2,1117.2918,39.0,1.43
6196,44.36,1028.8984,37.0,1.19
6197,47.28,979.8621,74.0,0.96
6198,50.16,1087.3248,11.0,1.15
6199,58.4,1019.5162,47.0,1.08
6200,37.44,997.5403,34.0,1.14
6201,49.76,1025.6887,2.0,1.02
6202,48.36,1100.579,37.0,1.03
6203,59.32,1004.0343,12.0,1.08
6204,62.8,1063.1138,32.0,0.91
6205,60.24,1090.8696,3.0,1.23
6206,51.6,986.991,57.0,1.08
6207,50.12,1034.7066,28.0,1.25
6208,42.56,1055.8111,23.0,0.99
6209,49.4,1088.0766,52.0,1.12
6210,40.6,1073.9866,57.0,1.3
6211,61.52,1288.5512,29.0,1.05
6212,42.16,982.0159,57.0,1.13
6213,46.28,1032.7853,27.0,1.02
6214,34.08,1028.5728,49.0,1.14
6215,38.68,1051.5976,60.0,1.02
6216,41.0,1081.3847,60.0,1.05
6217,42.84,1009.9026,25.0,1.07
6218,45.24,992.5441,51.0,1.09
6219,54.6,1063.8314,37.0,1.06
6220,59.52,1024.6047,32.0,1.09
6221,46.8,1022.3332,25.0,1.47
6222,52.12,1047.2882,5.0,0.98
6223,39.68,1007.988,90.0,1.06
6224,49.24,1096.1355,79.0,1.21
6225,62.72,1019.3714,16.0,0.93
6226,41.2,1127.0092,4.0,0.81
6227,58.2,1016.9447,6.0,1.07
6228,49.84,1041.6524,4.0,0.94
6229,53.36,1017.6616,11.0,1.13
6230,52.64,1022.543,13.0,0.97
6231,26.08,981.0202,49.0,1.0
6232,53.48,1017.4243,3.0,1.19
6233,50.0,1018.8144,13.0,0.89
6234,45.08,1048.0924,71.0,1.0
6235,44.68,1033.2944,43.0,0.99
6236,47.68,1162.1027,32.0,0.88
6237,50.36,1025.5518,0.0,1.0
6238,58.28,1007.3087,27.0,1.03
6239,50.08,984.1716,13.0,1.01
6240,43.64,1012.5436,55.0,1.05
6241,62.68,997.625,5.0,1.03
6242,35.32,1077.3646,48.0,1.05
6243,57.36,1159.2936,26.0,1.19
6244,44.84,982.3135,64.0,1.07
6245,50.76,1041.1542,32.0,1.04
6246,56.08,1144.875,42.0,0.98
6247,33.92,968.8466,48.0,1.26
6248,51.84,1038.614,16.0,1.09
6249,32.04,1005.2832,38.0,1.03
6250,56.84,1033.6397,0.0,0.94
6251,42.16,980.3226,47.0,1.51
6252,44.08,1110.691,18.0,1.09
6253,33.92,1024.9545,26.0,0.92
6254,42.32,1032.1964,54.0,1.09
6255,39.88,1011.8847,73.0,1.12
6256,24.8,973.2035,50.0,1.18
6257,56.28,991.5874,48.0,1.17
6258,51.8,1129.817,54.0,1.15
6259,46.52,1014.675,36.0,1.2
6260,53.36,1050.8744,21.0,0.96
6261,44.84,985.6469,8.0,1.03
6262,37.48,1100.8482,35.0,1.06
6263,51.36,1131.862,27.0,1.18
6264,41.72,983.056,63.0,1.19
6265,55.16,1021.1626,20.0,1.11
6266,43.6,988.729,22.0,1.07
6267,42.6,1113.1002,16.0,1.15
6268,49.48,1044.9576,29.0,1.11
6269,57.68,1261.6273,32.0,1.1
6270,43.16,1310.5413,82.0,1.07
6271,53.0,1019.7928,7.0,1.14
6272,58.12,1056.4174,6.0,1.24
6273,22.48,1000.7786,87.0,1.22
6274,40.8,1091.0227,13.0,1.3
6275,43.8,1283.3373,56.0,1.12
6276,45.64,989.2678,30.0,1.35
6277,50.88,1053.9333,4.0,1.01
6278,54.96,991.9277,4.0,1.1
6279,40.92,1002.4362,46.0,1.56
6280,54.96,1189.0601,48.0,0.9
6281,26.52,983.839,68.0,1.18
6282,58.56,1052.042,19.0,1.01
6283,45.68,1032.722,65.0,0.96
6284,45.88,1146.7446,70.0,0.99
6285,43.68,1062.1144,20.0,1.01
6286,61.32,1007.9811,24.0,1.11
6287,44.72,1017.4073,76.0,1.22
6288,53.76,1011.2032,11.0,1.32
6289,50.2,1029.3041,15.0,1.18
6290,45.72,978.9414,10.0,1.03
6291,41.96,983.0266,8.0,1.03
6292,36.92,983.9903,28.0,1.19
6293,25.2,970.4488,48.0,1.21
6294,49.96,964.6781,24.0,1.22
6295,58.28,1104.2356,46.0,1.2
6296,52.28,984.4079,68.0,1.07
6297,57.36,983.2484,61.0,0.91
6298,52.96,1000.199,50.0,1.12
6299,59.88,1064.2938,36.0,1.15
6300,62.52,986.9741,23.0,0.99
6301,49.28,1057.4052,9.0,0.93
6302,48.0,1014.2715,51.0,0.96
6303,47.36,1010.0142,72.0,1.09
6304,54.72,1107.2527,56.0,0.96
6305,48.2,1017.862,48.0,1.26
6306,44.88,1140.246,2.0,0.98
6307,46.2,992.3048,24.0,1.58
6308,51.0,982.0705,80.0,1.01
6309,58.4,1018.9379,23.0,1.15
6310,48.44,993.5609,26.0,0.97
6311,48.08,1045.3186,31.0,1.07
6312,38.28,991.755,64.0,1.57
6313,53.68,1078.9497,24.0,1.39
6314,42.84,1080.9477,67.0,1.62
6315,50.36,988.7842,27.0,1.64
6316,50.88,1031.0284,0.0,1.27
6317,45.84,1020.3056,4.0,1.47
6318,55.32,983.2562,27.0,1.34
6319,50.84,1018.2974,39.0,1.34
6320,35.0,999.2706,77.0,1.5
6321,32.88,1051.9807,129.0,1.77
6322,58.12,1033.6256,21.0,1.55
6323,39.6,975.2639,73.0,1.55
6324,47.36,1132.7199,74.0,1.35
6325,27.56,1000.0908,49.0,1.36
6326,54.52,1043.1214,40.0,1.74
6327,34.96,977.7536,114.0,1.5
6328,44.04,997.8315,12.0,1.36
6329,44.72,1033.5051,33.0,2.01
6330,54.28,1064.5553,40.0,1.43
6331,47.28,1024.7938,26.0,1.36
6332,58.76,1035.777,61.0,2.76
6333,67.36,1030.1443,3.0,1.6
6334,55.92,1052.5798,43.0,1.42
6335,51.04,1018.8576,25.0,1.39
6336,61.16,1030.4353,23.0,1.54
6337,37.4,1026.9482,43.0,1.52
6338,36.68,1026.3462,47.0,1.55
6339,55.72,1085.0217,32.0,1.38
6340,46.6,982.0034,8.0,1.71
6341,39.28,1026.2839,18.0,1.59
6342,27.0,987.4584,45.0,1.46
6343,42.92,983.0139,47.0,1.31
6344,66.16,1019.2742,8.0,1.48
6345,52.0,1037.3754,50.0,1.59
6346,57.52,988.839,29.0,1.29
6347,51.36,963.6584,26.0,1.52
6348,49.16,1021.662,28.0,1.44
6349,53.8,1017.3708,28.0,1.79
6350,52.0,996.1191,44.0,1.4
6351,32.2,979.3164,75.0,1.44
6352,27.6,968.833,27.0,1.42
6353,34.68,987.2442,113.0,1.2
6354,53.96,1025.0272,24.0,1.55
6355,45.88,1030.8165,62.0,1.43
6356,48.8,1010.9001,53.0,1.49
6357,51.76,1035.8659,71.0,1.44
6358,46.92,967.0655,42.0,1.28
6359,58.92,1020.3643,50.0,1.67
6360,53.76,1018.1099,50.0,1.44
6361,52.36,1034.2078,5.0,1.24
6362,58.92,997.0314,4.0,1.31
6363,52.52,1027.1974,38.0,1.35
6364,52.96,1107.011,91.0,1.29
6365,29.6,973.7476,26.0,1.49
6366,53.36,1029.2147,57.0,1.39
6367,49.6,1031.4697,9.0,1.6
6368,49.12,1060.4063,75.0,1.35
6369,52.2,1044.8583,39.0,1.74
6370,40.84,987.5108,35.0,2.27
6371,38.32,981.9706,48.0,1.32
6372,50.84,1231.5995,2.0,1.41
6373,58.48,965.5367,11.0,1.39
6374,45.08,1014.3978,24.0,1.48
6375,50.04,1041.0476,81.0,1.43
6376,49.04,1058.0496,5.0,1.42
6377,45.64,1046.4687,26.0,1.35
6378,48.8,972.0905,0.0,1.72
6379,37.2,1050.52,38.0,1.56
6380,51.68,1018.104,68.0,1.43
6381,48.88,982.4554,42.0,1.41
6382,31.92,978.7828,74.0,1.45
6383,49.24,992.0874,80.0,1.36
6384,36.48,982.1872,49.0,1.46
6385,55.76,1066.3976,86.0,1.38
6386,39.0,975.6771,7.0,1.56
6387,56.4,1051.31,66.0,1.42
6388,32.48,1113.6433,63.0,1.35
6389,66.76,999.735,0.0,1.54
6390,42.84,1061.227,55.0,1.37
6391,51.44,1104.007,24.0,1.92
6392,47.48,1000.8923,27.0,1.72
6393,47.88,1033.8641,11.0,1.44
6394,53.28,1107.451,16.0,1.52
6395,38.28,1000.6723,91.0,1.53
6396,40.36,991.4153,53.0,1.36
6397,51.16,1026.611,63.0,1.74
6398,37.76,1080.073,51.0,1.72
6399,60.6,1019.4269,2.0,1.54
6400,61.8,1069.2188,46.0,1.43
6401,53.24,1068.5385,44.0,1.39
6402,51.08,1058.2832,50.0,1.5
6403,43.88,1401.572,27.0,1.36
6404,52.48,1017.012,50.0,1.63
6405,60.08,1063.7531,17.0,1.39
6406,43.88,994.1616,50.0,1.68
6407,61.76,963.9432,1.0,1.49
6408,47.68,1061.0818,1.0,1.39
6409,55.4,1030.6109,25.0,1.58
6410,41.04,1057.6642,48.0,1.46
6411,48.48,1342.2156,16.0,1.34
6412,42.92,982.9181,73.0,1.81
6413,52.24,1024.8045,22.0,1.55
6414,58.2,1035.86,4.0,1.57
6415,46.28,1010.63,4.0,1.4
6416,42.8,1075.4244,25.0,1.75
6417,55.24,1025.1271,27.0,1.52
6418,53.96,1048.3536,26.0,1.4
6419,41.48,978.4736,26.0,1.54
6420,44.32,990.06,27.0,1.35
6421,53.52,1040.3056,25.0,1.33
6422,47.56,1010.1317,57.0,1.54
6423,55.48,1056.6719,31.0,1.62
6424,45.16,1006.2659,32.0,1.23
6425,56.72,1158.412,25.0,1.47
6426,59.44,1324.993,25.0,1.49
6427,41.0,1128.7577,31.0,1.5
6428,60.6,1031.3761,28.0,1.41
6429,53.52,1049.7682,50.0,1.57
6430,62.08,1073.95,30.0,1.59
6431,51.56,1026.3742,17.0,1.46
6432,49.32,1045.327,38.0,1.36
6433,50.0,1038.2442,53.0,2.0
6434,30.76,969.5379,74.0,1.42
6435,29.84,1000.3337,124.0,1.71
6436,46.92,1026.1314,38.0,1.44
6437,55.68,1019.9111,54.0,1.51
6438,45.96,1038.1025,63.0,1.63
6439,44.12,987.9297,76.0,1.47
6440,51.84,1005.5504,28.0,1.4
6441,54.2,1015.914,4.0,1.34
6442,39.88,1003.5518,42.0,1.48
6443,40.2,977.0825,57.0,1.65
6444,57.6,978.4452,35.0,1.48
6445,40.0,1016.6304,56.0,1.58
6446,36.64,1095.9318,74.0,1.33
6447,47.76,1039.4797,59.0,1.34
6448,58.92,1020.8176,25.0,1.52
6449,54.56,1084.1949,52.0,1.65
6450,39.28,986.6196,68.0,1.47
6451,52.52,1049.3446,72.0,1.45
6452,52.36,1058.5802,86.0,1.52
6453,44.2,1017.0088,48.0,2.03
6454,47.08,1045.1572,55.0,1.78
6455,61.52,990.2131,24.0,1.52
6456,44.36,979.5956,27.0,1.39
6457,53.68,1023.1494,45.0,1.39
6458,50.6,988.3599,44.0,1.59
6459,60.28,1012.4696,30.0,1.44
6460,44.16,987.9995,9.0,1.41
6461,50.04,1047.604,45.0,1.26
6462,44.68,1067.7516,26.0,1.4
6463,49.32,1030.5866,28.0,1.47
6464,57.36,1049.7177,81.0,1.51
6465,59.76,1019.1436,19.0,1.49
6466,36.68,982.0055,59.0,1.32
6467,47.04,1053.1731,88.0,1.57
6468,42.2,989.6803,81.0,1.37
6469,58.08,964.8761,2.0,1.38
6470,45.84,976.4236,52.0,1.38
6471,57.8,1031.0371,30.0,1.59
6472,34.72,1068.0502,51.0,1.56
6473,42.6,964.1462,49.0,1.66
6474,57.44,1004.6622,46.0,2.07
6475,56.8,1130.6626,17.0,1.5
6476,45.12,1080.5664,38.0,1.17
6477,52.68,977.3247,25.0,1.49
6478,41.8,1047.2312,56.0,1.35
6479,49.52,1053.59,57.0,1.62
6480,53.08,1035.442,51.0,1.34
6481,37.24,987.2434,105.0,1.46
6482,54.96,1027.8946,27.0,1.39
6483,42.68,1015.8217,30.0,1.3
6484,46.04,1056.5348,26.0,1.68
6485,54.88,981.1627,6.0,1.34
6486,54.76,1046.0081,25.0,2.02
6487,50.36,1051.0388,32.0,1.75
6488,57.2,1019.2889,40.0,1.64
6489,43.84,1330.3769,29.0,1.59
6490,52.04,1059.1349,10.0,1.56
6491,46.64,1068.4389,31.0,2.07
6492,65.28,992.655,1.0,1.41
6493,43.32,1047.6703,65.0,2.64
6494,55.52,1074.6295,26.0,1.46
6495,52.0,980.036,101.0,1.44
6496,42.2,1373.1124,29.0,1.64
6497,50.48,1021.4534,24.0,1.72
6498,53.28,1021.1399,50.0,2.49
6499,47.96,1033.9296,29.0,2.12
6500,34.16,1004.484,24.0,2.39
6501,29.52,969.3285,120.0,1.94
6502,43.16,1042.3923,60.0,2.95
6503,45.12,1005.5366,21.0,1.99
6504,38.24,986.3553,27.0,2.4
6505,31.52,979.1946,79.0,3.06
6506,46.44,1241.207,14.0,2.06
6507,46.72,964.7925,48.0,3.94
6508,44.44,1171.8954,54.0,3.45
6509,30.96,1001.1945,31.0,2.72
6510,46.12,1002.1658,23.0,2.38
6511,48.48,983.1743,54.0,2.04
6512,47.96,1101.8837,25.0,2.37
6513,57.12,1061.2457,72.0,2.59
6514,32.24,991.2973,72.0,3.19
6515,51.6,1088.8304,41.0,3.32
6516,57.48,1041.6259,29.0,2.7
6517,41.76,1015.5892,75.0,2.69
6518,57.88,1030.4538,36.0,2.84
6519,55.12,1072.0525,29.0,3.27
6520,44.56,1042.1344,75.0,3.49
6521,54.88,1035.9065,29.0,2.23
6522,53.44,1021.6288,33.0,1.55
6523,37.68,1240.1106,70.0,1.44
6524,50.04,1005.0613,41.0,1.75
6525,47.52,1036.1164,30.0,1.41
6526,53.8,1005.0724,14.0,1.46
6527,40.64,1043.835,59.0,2.05
6528,46.96,1026.845,39.0,2.17
6529,59.0,1025.3131,33.0,1.54
6530,55.28,1139.9238,39.0,1.21
6531,47.2,1053.3316,27.0,1.09
6532,41.96,989.856,24.0,1.13
6533,42.84,983.8735,61.0,1.17
6534,50.24,1233.251,4.0,1.27
6535,53.72,1020.0922,35.0,1.05
6536,46.8,1065.8184,30.0,0.85
6537,62.2,1116.2862,25.0,0.99
6538,30.84,1000.6994,56.0,1.52
6539,48.16,1026.9397,38.0,0.99
6540,44.64,979.8334,31.0,1.44
6541,34.8,974.4982,74.0,1.28
6542,47.76,1004.9477,51.0,1.35
6543,33.04,1004.0446,39.0,1.03
6544,50.44,1007.3224,15.0,1.02
6545,48.08,1048.6268,31.0,0.95
6546,37.44,998.0339,49.0,0.97
6547,48.0,1273.9638,39.0,0.99
6548,60.32,1029.1642,18.0,1.09
6549,43.52,1014.5044,50.0,1.05
6550,51.68,1037.6359,39.0,0.97
6551,40.32,978.1939,49.0,0.94
6552,50.88,1054.6152,23.0,1.04
6553,47.56,1037.7113,32.0,1.13
6554,48.6,1158.2855,64.0,0.9
6555,65.32,1073.8844,9.0,1.11
6556,54.52,1031.3046,16.0,1.0
6557,45.08,1022.7286,46.0,1.13
6558,58.2,1091.6433,2.0,0.86
6559,49.08,974.0648,5.0,0.97
6560,48.12,1025.5627,38.0,1.01
6561,73.48,1025.2314,4.0,1.01
6562,54.36,1032.7495,34.0,0.96
6563,48.64,1073.6199,4.0,1.05
6564,51.44,994.7321,44.0,1.08
6565,44.92,1027.6378,47.0,0.98
6566,49.72,1017.2305,39.0,1.71
6567,47.52,1002.5831,25.0,0.96
6568,54.36,1014.8893,42.0,1.09
6569,34.88,997.9491,66.0,0.95
6570,45.6,974.5564,3.0,0.95
6571,37.92,985.0704,58.0,0.95
6572,47.32,1022.6076,3.0,1.01
6573,60.32,995.5276,23.0,1.06
6574,25.32,1005.3228,30.0,1.32
6575,57.52,1024.955,0.0,0.98
6576,48.56,997.4106,37.0,1.19
6577,47.68,1039.8047,63.0,1.25
6578,36.92,980.0004,121.0,1.07
6579,54.8,1017.5282,26.0,1.39
6580,57.04,979.7271,2.0,1.27
6581,49.4,997.4702,29.0,1.34
6582,40.2,1037.2028,32.0,1.57
6583,42.4,980.9878,24.0,1.32
6584,46.96,1065.7633,104.0,1.27
6585,52.44,1029.4616,9.0,1.32
6586,47.88,1049.4355,34.0,1.3
6587,41.16,1407.8998,111.0,1.21
6588,65.56,980.5133,24.0,1.6
6589,34.08,975.2589,50.0,1.21
6590,53.28,1014.5318,25.0,1.15
6591,41.16,1045.4518,17.0,1.09
6592,44.92,983.6901,45.0,1.85
6593,51.64,1025.361,26.0,1.07
6594,53.8,978.9354,53.0,1.33
6595,54.48,1024.8627,36.0,1.89
6596,45.72,1032.7927,29.0,1.51
6597,50.96,1050.9067,27.0,1.13
6598,55.48,1049.3631,19.0,1.2
6599,45.8,1141.5479,27.0,1.58
6600,60.16,1039.779,15.0,1.77
6601,58.24,1336.0389,4.0,1.32
6602,42.88,1125.7817,49.0,1.58
6603,49.48,1051.0089,0.0,1.28
6604,65.68,1076.1544,-1.0,1.28
6605,39.72,978.6042,125.0,1.36
6606,53.84,1109.4616,42.0,1.38
6607,42.96,998.2381,45.0,1.26
6608,55.8,1043.8246,33.0,1.36
6609,46.08,1132.8497,51.0,1.38
6610,57.32,1380.2134,14.0,1.2
6611,49.6,983.2033,26.0,1.28
6612,55.04,1051.9044,1.0,1.2
6613,67.16,1012.0739,4.0,1.38
6614,57.72,1115.6893,26.0,1.94
6615,46.04,984.9308,54.0,1.4
6616,49.4,1112.3812,26.0,1.28
6617,47.92,1030.2401,9.0,1.32
6618,48.36,984.4901,84.0,1.37
6619,57.48,1050.2944,52.0,1.4
6620,55.48,1065.2746,50.0,1.21
6621,42.28,985.9669,62.0,1.01
6622,44.2,1053.0979,69.0,1.02
6623,51.16,1404.8243,21.0,1.24
6624,41.96,1039.7533,75.0,1.23
6625,43.96,1088.7846,36.0,1.09
6626,31.2,992.2845,56.0,1.32
6627,55.6,990.8224,25.0,1.46
6628,35.76,1004.9666,43.0,1.36
6629,42.12,1061.1996,56.0,1.02
6630,33.52,994.3283,84.0,1.14
6631,51.84,1043.0967,51.0,2.78
6632,37.56,1198.442,50.0,1.94
6633,43.28,1214.9199,58.0,1.14
6634,43.28,1013.9446,30.0,1.19
6635,55.92,981.0867,54.0,1.16
6636,51.24,1050.3701,50.0,0.99
6637,54.72,1117.3588,18.0,0.96
6638,42.68,981.5523,27.0,1.71
6639,63.44,979.2476,27.0,1.03
6640,46.2,1053.027,43.0,1.13
6641,44.6,1323.9999,4.0,0.98
6642,51.16,1002.8746,5.0,0.98
6643,58.68,1057.9687,38.0,1.26
6644,54.24,1055.4931,47.0,1.12
6645,47.24,993.5884,28.0,0.98
6646,53.2,1148.9356,31.0,1.0
6647,55.8,1184.103,9.0,0.99
6648,41.72,1323.1658,26.0,1.13
6649,30.12,978.9219,70.0,1.21
6650,47.04,1041.3383,3.0,1.16
6651,55.52,989.4083,53.0,1.24
6652,43.28,967.0954,49.0,1.18
6653,55.12,987.9706,24.0,1.09
6654,54.32,1011.2885,33.0,1.24
6655,48.12,1013.0872,61.0,1.25
6656,48.8,1030.4431,28.0,1.13
6657,38.76,1043.1266,46.0,1.35
6658,54.84,1013.6244,67.0,1.38
6659,45.68,979.5204,34.0,1.24
6660,45.32,1031.1198,54.0,1.23
6661,32.88,1037.4806,25.0,1.21
6662,39.56,979.5604,30.0,1.37
6663,51.2,1105.0,10.0,0.95
6664,40.32,1005.4222,59.0,1.59
6665,48.12,1050.3955,1.0,0.92
6666,46.76,984.5419,31.0,0.99
6667,51.48,976.2833,28.0,1.3
6668,51.2,1014.3632,51.0,0.89
6669,51.52,1065.8996,26.0,0.96
6670,39.64,1060.4988,27.0,0.9
6671,46.0,1045.4058,41.0,0.98
6672,54.68,1037.8814,46.0,0.94
6673,65.24,1020.1247,16.0,1.06
6674,52.56,1024.6988,27.0,0.89
6675,58.8,986.2445,42.0,1.0
6676,53.2,1112.4282,24.0,0.98
6677,49.28,1025.8214,30.0,1.01
6678,40.6,989.8121,40.0,1.26
6679,64.2,1176.179,22.0,1.07
6680,52.8,1028.0316,49.0,1.16
6681,53.04,990.2855,57.0,2.43
6682,50.08,976.3914,27.0,0.96
6683,22.24,1033.7454,83.0,1.11
6684,49.92,987.9422,57.0,1.12
6685,53.64,1049.2276,13.0,1.2
6686,53.48,1033.3718,26.0,1.17
6687,43.44,995.674,94.0,1.07
6688,43.32,974.589,71.0,1.17
6689,59.0,1006.5557,25.0,1.48
6690,50.92,1018.516,30.0,0.98
6691,50.28,1017.29,9.0,1.46
6692,62.72,1201.2858,44.0,1.08
6693,35.24,974.8048,78.0,1.05
6694,50.2,1005.818,13.0,1.02
6695,53.56,1019.5708,39.0,1.11
6696,50.8,1062.5751,36.0,0.99
6697,53.44,1033.5777,15.0,1.04
6698,57.96,1109.6661,44.0,1.59
6699,41.04,982.7076,100.0,2.45
6700,59.32,1005.7467,1.0,1.33
6701,48.8,1054.1115,20.0,1.09
6702,46.88,997.1994,6.0,1.35
6703,62.6,1046.7289,35.0,1.4
6704,53.24,1124.6757,7.0,1.99
6705,55.88,1020.5264,3.0,1.43
6706,50.36,1015.7632,31.0,1.05
6707,55.4,1040.1057,17.0,1.29
6708,45.4,1010.762,7.0,1.04
6709,24.92,999.1648,96.0,1.07
6710,37.6,1077.939,8.0,1.51
6711,40.6,1083.2961,53.0,1.8
6712,42.96,977.465,44.0,1.58
6713,45.96,1037.3824,1.0,1.37
6714,48.92,1000.3957,21.0,1.28
6715,42.08,1005.3,27.0,1.93
6716,40.92,1005.1766,33.0,1.13
6717,45.68,1042.3072,9.0,1.02
6718,46.04,1044.3494,27.0,1.11
6719,40.16,995.5568,3.0,1.05
6720,54.56,1059.687,30.0,1.05
6721,56.6,1032.3901,26.0,0.92
6722,58.68,1045.4039,16.0,1.15
6723,47.0,1034.4774,27.0,1.45
6724,49.08,1115.931,89.0,1.18
6725,40.76,1032.1608,46.0,1.1
6726,47.6,1045.9849,75.0,1.8
6727,45.04,1282.2647,26.0,1.12
6728,52.08,1053.1538,25.0,1.68
6729,38.96,985.1243,52.0,2.2
6730,43.8,1018.5204,44.0,1.18
6731,52.88,981.7683,27.0,1.04
6732,39.72,1009.5736,2.0,0.95
6733,49.28,977.9108,28.0,1.01
6734,50.76,979.2662,87.0,1.11
6735,40.16,1104.8867,68.0,1.0
6736,67.92,964.5241,8.0,1.21
6737,56.4,1362.3752,32.0,2.14
6738,26.64,998.989,60.0,1.71
6739,54.32,981.1548,56.0,2.03
6740,42.08,1031.4263,26.0,1.27
6741,30.44,1002.1373,26.0,1.26
6742,43.88,1033.1797,25.0,1.21
6743,42.68,1178.7327,72.0,1.28
6744,53.36,1385.835,46.0,1.2
6745,61.92,1136.0444,49.0,1.97
6746,38.08,1126.4231,72.0,1.44
6747,35.56,999.0992,39.0,1.01
6748,51.12,1019.4177,83.0,0.92
6749,47.48,1020.551,62.0,0.98
6750,46.84,989.9884,19.0,0.96
6751,41.76,1233.4243,23.0,0.94
6752,47.28,1053.5659,46.0,1.03
6753,34.52,992.7046,68.0,0.92
6754,37.8,1037.3155,24.0,1.04
6755,53.32,1023.3947,28.0,1.01
6756,55.44,1084.0208,31.0,0.99
6757,49.84,980.211,28.0,1.03
6758,36.6,975.3678,57.0,1.14
6759,45.92,1041.7899,44.0,1.2
6760,45.4,1049.3062,25.0,0.96
6761,50.76,1150.3798,30.0,1.01
6762,26.72,994.2276,55.0,1.1
6763,30.16,978.2397,51.0,1.04
6764,55.4,986.2114,47.0,1.09
6765,33.24,1035.9118,140.0,1.65
6766,48.16,991.4234,51.0,0.94
6767,47.32,991.3104,55.0,1.03
6768,46.48,1018.7408,43.0,0.97
6769,45.12,990.6015,53.0,1.05
6770,54.48,1029.5788,25.0,1.04
6771,50.16,1044.267,31.0,0.91
6772,35.32,1012.4927,64.0,1.12
6773,54.4,1001.8878,56.0,1.01
6774,67.24,963.3307,5.0,1.01
6775,48.04,1053.0511,97.0,1.22
6776,58.32,1032.6556,49.0,0.97
6777,60.16,1032.4563,20.0,1.0
6778,51.8,1017.559,47.0,0.99
6779,45.08,1031.2602,30.0,1.11
6780,41.72,982.9577,52.0,1.22
6781,54.76,1033.8274,3.0,1.07
6782,51.12,1039.6034,10.0,1.01
6783,34.32,997.1447,97.0,0.94
6784,46.68,1199.5604,75.0,0.93
6785,53.2,992.7763,50.0,1.07
6786,40.56,1039.8018,51.0,1.18
6787,58.44,1019.4909,21.0,0.98
6788,46.68,1010.4002,21.0,1.15
6789,42.44,980.7116,68.0,0.93
6790,44.68,1022.8809,21.0,1.13
6791,51.76,1032.7997,26.0,1.05
6792,41.16,1033.5451,53.0,0.98
6793,52.08,988.571,3.0,1.0
6794,42.64,1002.9042,57.0,0.98
6795,45.56,997.3805,10.0,1.5
6796,61.12,1047.6367,3.0,1.14
6797,33.52,980.2948,73.0,0.94
6798,54.56,1058.3252,46.0,0.91
6799,59.24,1007.776,12.0,1.04
6800,51.76,1069.5609,32.0,1.05
6801,49.8,1027.0829,20.0,0.99
6802,56.48,991.052,3.0,1.01
6803,46.76,1019.2977,50.0,1.3
6804,63.88,1035.3685,5.0,1.21
6805,41.16,986.1502,29.0,0.93
6806,33.76,982.6317,76.0,1.07
6807,49.76,1012.6748,70.0,1.07
6808,54.36,1078.2982,46.0,1.16
6809,43.56,1044.7107,49.0,1.37
6810,45.36,978.2196,38.0,1.14
6811,52.28,1066.9753,17.0,1.13
6812,47.72,1048.3248,29.0,0.93
6813,49.88,1040.9457,38.0,1.0
6814,51.16,1142.5447,32.0,1.04
6815,53.72,1014.9308,39.0,1.06
6816,55.44,1060.4816,28.0,1.07
6817,52.4,992.462,124.0,1.04
6818,54.4,1059.9148,49.0,1.55
6819,51.96,1119.9302,50.0,0.96
6820,56.88,1003.2606,26.0,0.99
6821,56.0,999.256,46.0,1.09
6822,43.68,989.0598,10.0,1.09
6823,54.6,1020.4057,7.0,1.56
6824,51.2,1287.9426,28.0,0.93
6825,48.48,1002.744,29.0,0.99
6826,57.88,1013.2935,11.0,1.0
6827,51.8,1358.1908,10.0,1.02
6828,44.6,996.5405,64.0,1.0
6829,36.0,995.6592,25.0,1.0
6830,45.16,997.7143,31.0,0.98
6831,46.88,1016.185,35.0,0.92
6832,37.68,996.6504,50.0,1.03
6833,45.2,1038.6335,39.0,1.02
6834,57.68,963.095,2.0,0.96
6835,55.76,1034.8291,71.0,0.99
6836,58.88,1066.1798,12.0,0.98
6837,48.96,1212.427,5.0,0.85
6838,67.0,994.8298,16.0,0.91
6839,50.6,986.2416,45.0,1.0
6840,40.0,970.6418,49.0,0.99
6841,40.76,989.0802,47.0,1.04
6842,43.52,964.1615,18.0,0.96
6843,41.36,988.0407,63.0,1.04
6844,51.12,1034.1653,45.0,0.96
6845,42.36,1001.5044,104.0,1.0
6846,57.72,1156.2549,35.0,0.97
6847,61.24,1048.8392,3.0,0.98
6848,45.4,1033.8128,30.0,0.95
6849,50.08,1059.8149,47.0,1.0
6850,53.24,993.2846,50.0,0.91
6851,44.04,1054.0902,40.0,1.09
6852,51.4,1031.5998,27.0,1.03
6853,47.44,982.2382,40.0,0.93
6854,47.44,1030.0023,4.0,1.52
6855,56.12,1100.8926,26.0,0.97
6856,36.56,1049.4257,47.0,1.03
6857,39.28,1039.3135,61.0,0.92
6858,48.28,1037.0258,68.0,1.0
6859,50.48,1051.5802,13.0,0.89
6860,46.24,1098.221,79.0,1.05
6861,45.96,1052.4032,22.0,0.91
6862,31.08,983.6956,49.0,0.94
6863,45.4,1150.5437,96.0,0.98
6864,46.08,1039.2618,51.0,0.95
6865,50.12,1011.1164,51.0,0.95
6866,42.08,1034.4608,47.0,0.97
6867,46.6,1010.6016,53.0,1.15
6868,57.52,1240.7508,12.0,0.92
6869,57.08,1043.6467,21.0,1.07
6870,53.24,1008.1397,63.0,1.07
6871,60.0,986.7758,52.0,0.88
6872,50.88,1008.231,4.0,1.08
6873,47.88,1027.7537,24.0,0.95
6874,44.68,1037.3446,12.0,1.0
6875,46.88,1052.5344,54.0,0.96
6876,48.28,1012.0613,62.0,1.04
6877,44.32,1319.699,26.0,0.95
6878,42.0,1105.434,64.0,1.35
6879,55.4,986.9323,50.0,0.98
6880,44.72,1131.0057,51.0,0.95
6881,49.12,1191.7803,30.0,0.92
6882,59.36,992.1756,58.0,1.0
6883,53.0,1024.8041,18.0,1.01
6884,52.44,1002.6124,22.0,1.56
6885,35.2,992.5471,31.0,1.07
6886,56.04,1008.5588,43.0,1.14
6887,48.08,1059.8003,25.0,1.01
6888,46.44,1039.4381,35.0,1.1
6889,48.16,998.2851,54.0,0.93
6890,48.2,995.2894,24.0,0.98
6891,42.56,998.0019,8.0,0.96
6892,37.8,1035.911,40.0,0.92
6893,55.48,1170.0962,23.0,0.99
6894,46.84,1053.8184,17.0,0.99
6895,37.16,1056.0028,46.0,1.03
6896,50.56,1109.7348,16.0,1.03
6897,26.88,1011.6636,70.0,0.99
6898,59.96,1361.6292,29.0,0.91
6899,43.32,998.192,69.0,0.97
6900,44.96,966.1164,4.0,0.95
6901,52.96,1031.0764,59.0,0.94
6902,44.64,1009.6213,52.0,0.94
6903,43.08,982.9257,47.0,1.05
6904,38.2,1035.6512,38.0,0.97
6905,48.52,1024.5294,1.0,0.95
6906,47.0,985.2558,8.0,0.99
6907,49.28,983.2145,5.0,0.79
6908,41.6,975.3694,65.0,1.04
6909,36.04,963.0404,26.0,0.9
6910,47.56,1033.1624,38.0,0.92
6911,50.8,982.0398,24.0,1.16
6912,41.72,1001.1561,88.0,0.99
6913,59.8,1042.9973,9.0,1.1
6914,46.92,982.1141,17.0,0.91
6915,41.76,988.3895,59.0,1.53
6916,36.28,971.6742,59.0,0.93
6917,53.28,1012.4126,41.0,1.12
6918,51.56,1003.6075,51.0,0.98
6919,54.08,1055.2796,17.0,0.97
6920,23.84,987.2637,51.0,1.06
6921,29.8,981.1637,25.0,0.98
6922,34.36,981.3512,65.0,1.14
6923,40.12,1026.1925,5.0,0.98
6924,60.16,1039.848,32.0,0.98
6925,41.68,1003.146,16.0,1.11
6926,52.6,1069.01,2.0,1.04
6927,43.08,1032.7732,42.0,1.19
6928,31.56,970.2423,28.0,1.0
6929,50.2,1039.5706,27.0,1.07
6930,60.04,985.6283,4.0,0.98
6931,41.76,1051.8076,52.0,0.92
6932,46.44,985.2365,46.0,0.95
6933,57.12,1002.2297,52.0,1.01
6934,41.32,997.7301,42.0,0.98
6935,54.12,991.767,42.0,0.95
6936,51.64,1032.3011,46.0,0.95
6937,25.8,984.6736,51.0,0.97
6938,51.88,1004.9695,87.0,1.01
6939,58.12,1032.7301,18.0,1.05
6940,39.6,1051.5996,43.0,0.91
6941,45.68,984.1687,41.0,1.01
6942,50.44,1015.4994,33.0,1.0
6943,56.24,1009.0977,50.0,0.98
6944,27.68,1002.4672,47.0,0.96
6945,41.84,1030.5181,59.0,1.51
6946,26.56,979.5661,103.0,1.03
6947,43.08,983.5522,60.0,0.95
6948,47.2,983.4067,6.0,1.1
6949,45.6,1002.4525,40.0,1.03
6950,46.6,994.849,12.0,1.09
6951,26.96,999.1282,62.0,1.02
6952,59.64,1026.7828,47.0,1.03
6953,54.6,1123.8876,25.0,0.99
6954,45.76,1038.1348,24.0,1.07
6955,46.4,1010.0256,24.0,0.94
6956,47.8,1024.4515,31.0,0.93
6957,55.04,1046.9182,54.0,0.96
6958,50.84,1006.5588,35.0,0.99
6959,42.0,1036.8356,82.0,1.02
6960,30.8,996.4866,80.0,1.08
6961,48.56,1045.7352,26.0,0.93
6962,44.72,1066.6624,51.0,0.9
6963,44.84,1017.4633,3.0,0.97
6964,51.08,1034.2001,30.0,1.06
6965,46.24,1134.8015,11.0,0.87
6966,43.48,1047.8716,59.0,1.1
6967,33.76,1006.7081,6.0,0.95
6968,54.2,1059.4744,57.0,0.99
6969,27.56,1000.6147,46.0,0.91
6970,46.04,1004.6377,50.0,1.0
6971,28.6,979.6401,88.0,0.9
6972,37.76,1043.3011,19.0,0.92
6973,56.36,1051.0799,54.0,1.01
6974,52.48,967.3596,5.0,0.99
6975,57.2,1007.6286,23.0,1.01
6976,49.72,1318.0678,92.0,1.54
6977,49.28,999.5031,34.0,1.01
6978,33.44,1061.2952,2.0,0.89
6979,49.8,1025.4744,36.0,1.25
6980,51.96,997.9506,28.0,1.02
6981,53.76,963.5939,49.0,0.95
6982,61.44,1018.8177,46.0,1.0
6983,45.92,1051.504,32.0,0.98
6984,32.76,982.3358,164.0,1.02
6985,33.76,1035.031,35.0,1.07
6986,34.16,1016.7658,24.0,0.99
6987,29.76,1001.8416,28.0,0.96
6988,58.16,1216.5944,2.0,0.95
6989,46.4,1414.5104,26.0,0.97
6990,47.68,1204.7682,23.0,0.9
6991,41.72,1108.7451,49.0,0.88
6992,50.48,1057.0513,61.0,1.0
6993,40.44,969.47,53.0,0.97
6994,51.24,1013.9156,40.0,0.96
6995,48.4,982.5616,29.0,1.0
6996,45.72,991.7697,35.0,0.98
6997,45.96,980.6465,66.0,0.96
6998,50.0,1033.7909,57.0,0.97
6999,34.48,975.0439,51.0,0.97
7000,42.0,992.5632,30.0,0.97
7001,42.32,989.9496,36.0,0.97
7002,23.4,1004.6655,79.0,0.99
7003,34.36,1026.7621,55.0,1.09
7004,49.52,1012.6853,43.0,1.01
7005,50.28,1004.6913,34.0,0.93
7006,58.12,1020.5646,28.0,0.92
7007,54.6,976.423,33.0,1.49
7008,61.48,1045.9267,35.0,1.05
7009,49.24,1380.9757,1.0,0.97
7010,47.68,1010.3514,52.0,1.05
7011,43.76,1166.6826,12.0,0.98
7012,59.92,966.4603,27.0,0.96
7013,52.36,1287.8824,20.0,0.95
7014,46.84,983.9319,30.0,0.99
7015,48.2,1041.77,27.0,0.89
7016,50.4,1027.1365,45.0,0.98
7017,44.92,1032.0731,31.0,0.92
7018,56.36,1316.265,61.0,1.01
7019,47.84,1319.0337,87.0,1.12
7020,52.8,1035.3988,43.0,0.98
7021,41.84,964.6281,1.0,1.03
7022,50.64,965.0776,2.0,0.86
7023,40.6,1033.4716,28.0,1.03
7024,50.4,994.3842,16.0,1.08
7025,38.12,1142.982,72.0,0.79
7026,45.4,1013.8072,30.0,1.02
7027,36.16,1001.8946,52.0,0.98
7028,41.56,1057.6582,24.0,0.88
7029,31.12,997.223,56.0,0.96
7030,36.12,983.6598,5.0,0.9
7031,49.36,1372.3957,17.0,0.92
7032,44.28,1031.68,77.0,1.01
7033,52.64,1046.6455,13.0,1.05
7034,48.56,1078.0401,22.0,1.05
7035,53.72,1069.4291,32.0,0.95
7036,48.04,995.6646,5.0,1.12
7037,44.36,1144.0491,42.0,0.97
7038,34.92,980.2798,97.0,0.93
7039,48.44,974.434,30.0,1.56
7040,24.48,970.3076,73.0,1.0
7041,53.12,1021.9324,45.0,0.95
7042,51.8,1089.7007,14.0,0.9
7043,44.72,1150.4157,98.0,1.05
7044,51.6,1055.5076,26.0,0.94
7045,54.84,970.2644,1.0,0.99
7046,58.76,962.7321,7.0,0.98
7047,46.24,1036.1198,19.0,0.96
7048,48.4,1036.2111,11.0,1.36
7049,64.0,1026.3868,23.0,1.24
7050,45.12,1048.8348,52.0,0.92
7051,55.56,1023.4806,7.0,1.12
7052,57.4,1044.2778,1.0,1.11
7053,39.08,1033.7046,73.0,1.06
7054,35.24,1022.6087,25.0,1.1
7055,40.52,1199.9236,68.0,1.03
7056,41.32,1038.9629,6.0,1.02
7057,36.8,978.9582,77.0,0.97
7058,50.12,1094.2739,26.0,1.1
7059,33.48,998.4985,102.0,1.04
7060,48.0,1031.2718,10.0,0.94
7061,59.4,1066.6898,14.0,0.99
7062,46.48,1366.6147,57.0,0.98
7063,44.04,1059.0038,74.0,1.06
7064,48.8,1174.7066,36.0,0.93
7065,43.16,1033.0524,29.0,0.99
7066,37.16,990.7433,43.0,1.02
7067,43.2,981.2222,4.0,0.96
7068,44.84,966.1018,22.0,1.49
7069,45.84,1056.0327,26.0,0.97
7070,45.4,1005.7878,70.0,0.92
7071,63.16,1002.4594,35.0,1.01
7072,47.4,1050.4984,42.0,0.99
7073,37.76,1040.7462,60.0,1.04
7074,37.68,1003.2045,54.0,0.96
7075,51.56,982.1708,30.0,0.94
7076,53.44,1022.079,32.0,0.94
7077,51.0,1042.5409,53.0,1.01
7078,37.4,971.2307,80.0,1.03
7079,55.0,1130.509,23.0,0.87
7080,52.44,1074.6015,63.0,1.1
7081,41.68,976.3394,71.0,0.97
7082,39.24,1003.4102,43.0,1.08
7083,61.84,1000.3993,45.0,0.91
7084,39.36,1055.1324,24.0,0.82
7085,55.24,988.3174,26.0,0.99
7086,37.68,1052.5682,55.0,1.13
7087,50.76,984.3847,33.0,0.9
7088,53.84,1054.8053,52.0,0.96
7089,48.44,1068.7957,98.0,0.99
7090,49.0,1032.9822,67.0,0.94
7091,43.56,1018.1845,52.0,1.13
7092,56.48,1002.9528,50.0,1.12
7093,47.36,977.6387,25.0,1.09
7094,29.84,985.6384,75.0,1.03
7095,53.36,986.9617,29.0,1.09
7096,60.64,1060.3807,28.0,1.0
7097,48.2,1016.9752,28.0,1.02
7098,36.0,1008.6644,31.0,1.09
7099,48.72,1060.1574,10.0,1.53
7100,58.16,1377.9747,10.0,0.87
7101,52.8,1033.3702,47.0,0.95
7102,63.12,1049.9994,3.0,0.94
7103,50.28,1003.2,53.0,0.91
7104,45.32,1185.9565,37.0,0.92
7105,48.6,1051.7809,74.0,1.0
7106,44.68,1248.5308,101.0,0.87
7107,67.96,990.923,25.0,0.97
7108,60.36,1003.8494,27.0,1.01
7109,41.52,1037.0966,34.0,0.93
7110,61.6,1075.5089,32.0,0.99
7111,59.08,963.2499,51.0,1.05
7112,31.12,1012.8585,120.0,0.96
7113,58.48,1068.8157,15.0,0.95
7114,44.56,1017.8365,8.0,0.85
7115,52.92,976.3454,4.0,0.99
7116,32.04,979.6372,44.0,0.99
7117,46.68,1032.2106,4.0,0.94
7118,46.92,1001.34,34.0,0.95
7119,40.44,1050.6901,78.0,1.09
7120,62.28,994.9692,57.0,1.15
7121,45.76,1029.0713,41.0,0.99
7122,54.68,1324.991,56.0,0.89
7123,47.28,979.8447,8.0,1.11
7124,42.28,1005.6468,30.0,0.99
7125,43.84,1023.8422,29.0,1.08
7126,47.76,964.8392,20.0,1.06
7127,39.64,1035.46,38.0,0.95
7128,58.96,1020.4629,4.0,1.03
7129,52.36,977.5173,83.0,1.15
7130,35.64,1041.144,81.0,1.52
7131,52.68,1018.0865,5.0,0.95
7132,58.64,989.6143,23.0,0.96
7133,50.88,1105.7129,26.0,0.91
7134,44.28,1023.8593,37.0,1.04
7135,45.88,1051.4161,24.0,1.05
7136,41.48,988.923,57.0,1.0
7137,54.2,1088.8356,26.0,0.97
7138,49.88,1055.4796,54.0,1.01
7139,51.88,984.1354,94.0,0.97
7140,46.84,1091.7542,25.0,0.97
7141,40.88,1025.1155,41.0,1.03
7142,43.56,983.436,9.0,0.92
7143,39.48,983.3948,73.0,0.87
7144,61.96,1138.8744,52.0,0.99
7145,47.88,979.5969,40.0,0.95
7146,47.24,1003.057,43.0,0.98
7147,56.08,1038.0106,29.0,0.99
7148,34.24,982.711,101.0,0.9
7149,45.52,983.6269,38.0,0.9
7150,36.32,1003.2922,40.0,0.97
7151,58.0,1008.9833,13.0,0.98
7152,43.8,1062.0555,62.0,1.01
7153,55.6,990.8429,4.0,1.0
7154,49.84,1025.2762,20.0,1.13
7155,37.72,979.2584,104.0,0.99
7156,46.64,984.4004,71.0,0.9
7157,46.0,999.3457,24.0,0.99
7158,51.12,963.9997,26.0,0.97
7159,52.6,1059.7157,49.0,1.02
7160,52.28,1069.6287,38.0,1.03
7161,33.32,1003.7134,31.0,1.5
7162,52.4,1037.7338,53.0,1.01
7163,53.92,1007.3474,27.0,0.96
7164,51.28,977.9584,47.0,0.99
7165,50.08,980.7907,7.0,1.02
7166,47.16,1034.8506,31.0,1.07
7167,46.76,992.8767,47.0,0.94
7168,35.72,1058.6702,3.0,0.93
7169,50.72,1001.7486,7.0,1.02
7170,46.32,1051.7418,53.0,1.06
7171,50.28,1018.0611,24.0,0.91
7172,49.12,1010.9567,31.0,1.02
7173,48.12,984.5938,71.0,0.99
7174,55.92,996.214,29.0,0.98
7175,49.36,1037.2681,69.0,0.97
7176,55.48,1407.1925,43.0,0.99
7177,53.08,1114.4322,25.0,1.06
7178,63.76,962.7804,7.0,1.08
7179,38.96,992.6643,71.0,1.0
7180,46.2,1035.1752,30.0,0.86
7181,46.32,1049.9786,34.0,0.93
7182,57.88,1023.3716,27.0,0.96
7183,47.32,1011.9128,36.0,0.95
7184,49.44,1053.2896,30.0,0.97
7185,47.76,1125.6458,55.0,1.0
7186,47.2,1041.8124,31.0,0.94
7187,43.76,1047.4822,54.0,0.93
7188,42.08,1031.9804,62.0,1.0
7189,46.68,1074.7724,30.0,0.86
7190,52.92,991.4228,54.0,1.0
7191,44.6,1015.9153,127.0,0.99
7192,39.92,1053.4325,50.0,0.94
7193,53.72,1013.2445,50.0,1.45
7194,48.92,1020.8291,51.0,0.86
7195,51.92,982.549,77.0,0.98
7196,56.2,966.5596,33.0,1.0
7197,46.52,1106.6022,73.0,1.01
7198,41.24,974.0191,3.0,1.01
7199,40.6,984.3504,73.0,0.99
7200,39.84,1019.6176,85.0,1.01
7201,46.96,1037.3016,31.0,0.97
7202,54.2,1035.1665,10.0,1.0
7203,51.6,1402.2178,44.0,0.91
7204,56.24,965.1303,32.0,0.97
7205,28.4,997.2288,25.0,0.98
7206,44.88,1029.8731,26.0,0.98
7207,41.32,1008.9045,6.0,0.97
7208,50.0,1249.6101,26.0,0.84
7209,47.88,1065.2018,87.0,0.93
7210,44.32,996.9715,24.0,0.9
7211,52.68,1013.1283,30.0,0.97
7212,51.4,977.897,28.0,0.99
7213,52.32,989.7618,51.0,0.98
7214,37.12,997.8213,128.0,0.92
7215,51.16,1009.5465,36.0,1.02
7216,49.88,1178.2978,20.0,0.95
7217,44.16,983.4544,31.0,0.81
7218,44.52,981.7361,44.0,0.98
7219,50.04,1049.6883,30.0,0.96
7220,51.44,1066.5292,28.0,1.03
7221,43.32,1056.4764,32.0,0.95
7222,45.12,1061.9146,26.0,0.94
7223,44.28,1013.8475,62.0,1.04
7224,56.16,1060.3475,3.0,1.5
7225,59.84,1058.5647,48.0,1.03
7226,52.6,1136.2241,73.0,0.9
7227,48.36,1318.0241,87.0,0.98
7228,44.52,1038.2837,24.0,0.99
7229,49.64,1016.9024,42.0,1.11
7230,42.08,962.9072,27.0,0.94
7231,30.48,1039.6318,100.0,0.97
7232,62.0,1052.3727,3.0,0.97
7233,34.16,1061.5703,5.0,0.9
7234,39.36,1024.1933,52.0,1.23
7235,24.84,997.6126,108.0,1.01
7236,38.76,978.8187,92.0,1.0
7237,34.76,1032.0417,90.0,0.91
7238,49.4,995.4258,6.0,0.94
7239,44.8,1015.2465,31.0,0.9
7240,35.76,979.9586,120.0,0.98
7241,56.6,1003.6212,1.0,0.95
7242,46.88,1055.015,11.0,0.91
7243,43.56,983.0575,13.0,1.02
7244,48.6,1031.8523,32.0,0.93
7245,52.76,1034.1302,38.0,1.0
7246,33.36,963.287,21.0,1.03
7247,49.6,977.1828,31.0,1.06
7248,42.32,1071.7575,37.0,0.96
7249,48.72,978.4775,51.0,1.01
7250,33.24,991.901,77.0,0.93
7251,42.88,1009.8128,2.0,0.99
7252,52.84,1013.5732,33.0,0.96
7253,38.08,1033.6108,68.0,1.1
7254,34.64,999.0417,45.0,1.05
7255,33.0,1008.8108,6.0,1.02
7256,50.12,1188.0189,25.0,1.67
7257,51.76,1021.061,43.0,1.02
7258,25.16,973.0766,50.0,1.0
7259,46.16,980.6648,86.0,0.87
7260,52.56,1234.0446,7.0,0.92
7261,44.04,1007.2769,7.0,0.99
7262,48.88,978.5667,50.0,1.01
7263,44.64,1030.7296,44.0,1.04
7264,64.4,1330.2714,26.0,0.95
7265,50.96,1005.6352,57.0,0.98
7266,56.28,1220.7649,2.0,1.03
7267,56.4,1034.5651,1.0,0.91
7268,40.68,995.7901,8.0,0.94
7269,35.64,1028.2385,63.0,1.05
7270,55.76,1029.9606,1.0,1.12
7271,47.56,979.0293,50.0,0.96
7272,30.44,969.29,63.0,1.02
7273,39.84,1281.2745,55.0,1.0
7274,52.24,1056.5901,79.0,0.99
7275,46.96,981.1601,54.0,1.02
7276,34.52,983.6382,123.0,1.07
7277,48.16,1039.8416,59.0,1.04
7278,55.88,993.396,1.0,1.42
7279,30.2,998.1095,58.0,1.06
7280,46.32,981.796,13.0,0.96
7281,51.52,985.6441,28.0,0.91
7282,32.56,1142.7253,98.0,0.94
7283,54.28,1068.6254,55.0,0.91
7284,43.2,1102.629,29.0,1.06
7285,48.04,970.9157,24.0,0.95
7286,32.44,993.8948,77.0,1.57
7287,51.12,1003.9838,52.0,0.97
7288,51.36,1126.187,27.0,1.0
7289,47.76,1005.0156,57.0,0.92
7290,32.64,1059.995,117.0,0.97
7291,39.24,1036.1253,105.0,1.04
7292,51.6,1052.9647,29.0,0.91
7293,56.28,1059.5283,10.0,1.09
7294,53.2,1091.8889,49.0,0.93
7295,50.04,987.87,29.0,1.17
7296,50.96,964.2706,26.0,0.91
7297,61.72,985.0779,34.0,1.01
7298,51.44,1171.0352,24.0,0.93
7299,25.32,973.7536,50.0,0.96
7300,48.32,993.7214,60.0,1.03
7301,51.04,1021.6544,47.0,0.93
7302,54.04,1046.5673,37.0,0.96
7303,48.04,996.3088,34.0,0.98
7304,47.0,1030.037,29.0,1.13
7305,43.56,1011.2019,3.0,0.88
7306,65.56,1029.4753,8.0,1.04
7307,50.24,1179.8138,9.0,1.0
7308,50.32,983.8562,29.0,1.04
7309,56.56,1110.4016,52.0,0.86
7310,69.36,1065.7572,8.0,1.0
7311,42.16,1036.0343,57.0,1.01
7312,49.92,1049.3306,31.0,0.89
7313,44.92,1036.2179,30.0,0.95
7314,39.48,996.0133,77.0,0.95
7315,45.92,1039.9987,5.0,0.97
7316,56.56,1067.8986,47.0,0.89
7317,34.24,974.1472,82.0,0.96
7318,63.08,979.0606,7.0,1.45
7319,56.12,1034.8374,2.0,1.01
7320,41.48,1033.9146,57.0,1.14
7321,48.28,1215.0139,54.0,0.89
7322,58.48,1263.5355,45.0,0.92
7323,52.0,1036.9017,77.0,1.06
7324,34.8,966.2298,30.0,0.87
7325,39.44,985.0207,80.0,1.01
7326,52.24,1044.4447,30.0,0.98
7327,63.0,1044.297,6.0,1.07
7328,44.96,1025.5748,34.0,0.96
7329,57.48,1054.6516,4.0,0.96
7330,51.72,1024.8972,30.0,0.95
7331,38.76,1053.4664,41.0,0.91
7332,36.52,979.0802,60.0,0.9
7333,43.92,1030.4393,26.0,0.87
7334,59.16,993.5893,49.0,0.96
7335,42.32,1029.6814,73.0,0.99
7336,22.2,969.4296,95.0,1.07
7337,51.96,1029.9265,21.0,0.94
7338,50.28,1017.3681,1.0,0.97
7339,62.6,1071.6483,37.0,1.04
7340,32.4,976.3022,69.0,1.08
7341,40.08,1044.3302,39.0,0.97
7342,58.68,1049.7876,23.0,0.95
7343,36.88,973.1696,27.0,1.05
7344,54.0,1206.9259,6.0,1.0
7345,44.48,1039.8877,33.0,0.91
7346,29.16,1006.8737,27.0,1.02
7347,37.04,1048.6323,79.0,1.02
7348,58.52,1013.0148,33.0,1.56
7349,46.92,1030.289,28.0,1.09
7350,54.32,1108.9376,38.0,0.92
7351,58.28,1270.6298,45.0,0.94
7352,41.72,1076.5858,23.0,0.97
7353,62.44,984.5079,23.0,0.92
7354,46.0,1002.6048,26.0,0.97
7355,53.52,1044.2583,31.0,0.92
7356,57.52,1030.9119,6.0,0.96
7357,40.28,981.1847,56.0,0.95
7358,51.24,1099.034,52.0,0.95
7359,56.84,1042.088,35.0,0.94
7360,58.92,993.9025,2.0,0.95
7361,45.6,1017.1124,26.0,1.05
7362,28.24,980.9332,82.0,1.04
7363,39.16,970.7735,23.0,0.92
7364,46.52,1105.943,25.0,1.06
7365,57.72,1057.322,48.0,0.9
7366,57.76,1148.1353,27.0,0.85
7367,42.32,1065.3328,49.0,0.98
7368,42.6,985.8897,21.0,0.9
7369,29.96,987.339,76.0,0.92
7370,32.56,967.0806,52.0,0.93
7371,53.56,1043.784,23.0,0.91
7372,48.8,988.1341,27.0,0.99
7373,30.36,1006.9042,3.0,1.02
7374,36.6,985.0532,32.0,0.92
7375,50.6,1010.3557,49.0,0.98
7376,50.32,1090.3992,71.0,0.97
7377,52.0,1167.0952,25.0,1.13
7378,54.0,966.076,27.0,1.13
7379,48.24,1026.0319,26.0,0.98
7380,35.04,1034.1846,26.0,0.86
7381,47.36,1031.8498,25.0,0.93
7382,61.04,1031.3362,2.0,1.03
7383,44.6,966.7492,27.0,0.93
7384,44.96,1196.4235,28.0,0.93
7385,53.0,1120.3179,16.0,0.98
7386,46.64,980.9887,45.0,0.95
7387,45.92,1009.3982,56.0,1.05
7388,37.6,1036.3382,50.0,1.1
7389,46.72,1282.9019,29.0,0.93
7390,53.08,1049.4992,39.0,0.97
7391,46.48,1076.4181,58.0,1.05
7392,54.4,1364.2796,74.0,0.97
7393,52.88,1052.8128,24.0,0.98
7394,36.4,1004.8522,46.0,0.99
7395,34.44,976.5627,49.0,0.92
7396,52.32,1020.7583,5.0,1.1
7397,49.4,1034.2807,42.0,0.99
7398,49.24,1036.1286,17.0,0.97
7399,55.52,999.2105,30.0,1.0
7400,24.88,983.4698,92.0,0.98
7401,31.64,1007.9564,37.0,0.99
7402,46.36,1053.3449,60.0,1.0
7403,40.24,1038.2114,98.0,0.93
7404,47.56,1011.9983,29.0,0.98
7405,44.68,1011.2875,5.0,0.99
7406,57.24,1360.787,42.0,1.05
7407,54.28,1011.0303,6.0,1.1
7408,41.68,1043.1734,13.0,1.01
7409,25.6,1000.4549,100.0,1.0
7410,35.96,1053.8648,66.0,1.04
7411,45.12,980.3316,85.0,1.47
7412,39.32,983.2886,75.0,0.93
7413,53.08,1107.5442,27.0,0.98
7414,29.8,1002.1595,56.0,1.25
7415,56.56,993.0201,50.0,1.17
7416,41.32,978.8734,29.0,0.98
7417,57.76,1058.8412,41.0,0.94
7418,41.2,1069.1036,15.0,1.11
7419,53.52,1019.9648,13.0,0.89
7420,44.6,1082.8472,36.0,1.08
7421,53.48,1140.4936,48.0,0.89
7422,52.48,1061.8747,3.0,0.89
7423,51.96,1054.843,78.0,0.9
7424,55.6,1015.4202,34.0,0.95
7425,40.36,993.1844,34.0,0.89
7426,58.96,1062.37,66.0,1.06
7427,40.76,962.968,34.0,0.97
7428,53.0,1061.0063,70.0,0.91
7429,30.2,1002.6646,74.0,0.96
7430,27.04,1032.4844,17.0,1.08
7431,46.48,1048.9786,49.0,1.08
7432,55.68,992.4681,29.0,1.04
7433,43.76,982.153,29.0,0.98
7434,45.04,1101.1323,49.0,1.02
7435,47.64,1199.8356,31.0,1.02
7436,47.72,1025.4382,34.0,0.97
7437,46.16,1019.1168,6.0,1.03
7438,47.92,1031.2496,1.0,0.89
7439,47.56,1036.7472,60.0,0.96
7440,26.44,970.5983,70.0,1.0
7441,45.56,1037.5288,29.0,0.9
7442,50.28,1002.2676,21.0,1.58
7443,47.32,980.909,11.0,0.93
7444,40.8,1071.0942,76.0,0.93
7445,51.2,1221.2169,12.0,1.04
7446,48.2,1038.436,61.0,1.03
7447,50.0,1019.6447,34.0,0.96
7448,40.52,1043.9384,52.0,1.1
7449,54.08,1018.7129,49.0,0.98
7450,51.8,1016.4079,29.0,0.98
7451,49.32,1032.0258,29.0,1.06
7452,45.2,1039.2771,59.0,1.11
7453,46.92,1029.0917,28.0,0.88
7454,42.04,1004.8164,53.0,0.98
7455,46.48,1003.4602,33.0,1.02
7456,33.44,1009.0927,4.0,1.03
7457,38.4,982.8754,54.0,0.93
7458,49.24,1009.8055,16.0,0.99
7459,40.6,1126.4496,5.0,0.8
7460,42.0,994.6582,66.0,1.07
7461,47.48,1016.5063,26.0,0.92
7462,60.08,1019.1095,44.0,1.07
7463,43.04,1251.798,38.0,0.9
7464,33.36,970.3806,72.0,0.98
7465,58.44,965.2471,2.0,0.94
7466,40.04,1409.1964,111.0,0.95
7467,52.08,1052.2545,26.0,0.93
7468,49.68,1077.851,69.0,0.93
7469,45.04,978.0052,54.0,0.96
7470,29.68,1002.2103,29.0,0.94
7471,31.92,1036.9432,64.0,1.09
7472,54.96,993.8848,55.0,0.97
7473,39.0,1037.3856,52.0,1.42
7474,58.24,1020.9638,11.0,0.92
7475,39.8,1035.0474,53.0,1.0
7476,47.92,1011.7366,61.0,0.97
7477,37.56,1026.1401,73.0,0.94
7478,48.32,1052.1377,60.0,0.94
7479,43.48,1034.0135,26.0,1.02
7480,21.56,1021.0877,79.0,0.99
7481,57.16,1013.4711,36.0,0.97
7482,25.8,971.6218,81.0,0.96
7483,51.72,1021.3761,26.0,0.99
7484,26.68,983.7288,69.0,0.88
7485,42.56,1045.3155,47.0,0.95
7486,47.48,1021.9026,59.0,0.95
7487,46.08,1024.9768,31.0,1.1
7488,49.76,1263.0544,11.0,1.15
7489,59.24,1075.0946,36.0,0.93
7490,58.44,1039.2369,13.0,1.14
7491,54.8,995.8423,9.0,1.15
7492,50.04,964.3584,35.0,0.96
7493,40.56,1022.4616,76.0,0.95
7494,47.16,1100.0316,83.0,0.96
7495,39.44,988.9212,1.0,0.96
7496,42.24,996.2432,22.0,1.0
7497,46.52,1033.7618,56.0,0.97
7498,49.28,1014.8505,67.0,0.97
7499,50.76,990.4487,78.0,1.04
7500,41.08,1193.7224,38.0,0.92
7501,52.32,1022.5134,42.0,0.95
7502,36.32,980.7615,98.0,0.99
7503,46.68,1061.3468,96.0,0.91
7504,40.24,1022.6557,74.0,1.42
7505,46.16,1009.1289,2.0,1.03
7506,42.24,984.1542,92.0,0.92
7507,59.4,965.4097,49.0,0.89
7508,47.32,978.0039,100.0,0.97
7509,40.56,1051.2182,12.0,1.08
7510,35.4,1014.8742,72.0,0.99
7511,39.32,1003.4105,50.0,0.98
7512,48.52,1017.5591,38.0,0.97
7513,55.32,1204.8479,51.0,0.86
7514,38.92,982.7974,50.0,0.94
7515,45.48,983.5769,28.0,0.95
7516,48.12,1012.6042,23.0,0.98
7517,37.24,1024.0626,35.0,1.05
7518,47.28,989.5636,19.0,0.91
7519,48.84,1027.6475,9.0,0.98
7520,47.84,1329.9294,8.0,1.12
7521,57.44,1202.1056,49.0,0.88
7522,42.52,1032.9178,25.0,0.92
7523,54.52,1033.4047,15.0,0.91
7524,48.64,1061.763,46.0,0.97
7525,52.48,1058.6182,27.0,1.04
7526,37.96,1055.7519,108.0,0.94
7527,46.16,987.4817,26.0,0.97
7528,23.8,980.1202,86.0,0.92
7529,42.76,1031.3608,11.0,0.97
7530,53.96,1066.8194,5.0,0.8
7531,52.96,1130.0501,52.0,0.99
7532,43.6,1144.4112,75.0,0.99
7533,50.12,1035.4639,46.0,1.0
7534,43.76,1133.2538,45.0,0.87
7535,42.96,1036.8521,17.0,0.96
7536,59.0,963.5876,1.0,1.47
7537,56.84,1014.5548,58.0,0.95
7538,38.52,979.2947,49.0,0.96
7539,47.04,1114.2841,95.0,0.96
7540,57.48,1070.3682,36.0,0.95
7541,53.92,1007.5713,7.0,1.05
7542,47.36,1036.4085,27.0,1.09
7543,55.92,994.5236,33.0,1.07
7544,65.64,966.4213,5.0,0.87
7545,51.68,1008.3886,42.0,1.01
7546,45.76,1038.5251,37.0,0.92
7547,49.12,1011.5554,40.0,0.98
7548,55.28,1219.595,3.0,1.04
7549,46.64,1130.2849,90.0,0.94
7550,53.32,1283.7754,27.0,0.98
7551,37.76,977.9023,12.0,0.97
7552,51.36,988.3318,9.0,0.94
7553,58.12,1044.1625,24.0,0.88
7554,55.52,1036.2502,22.0,1.01
7555,58.88,986.0605,53.0,0.96
7556,26.96,1004.3542,24.0,1.09
7557,50.36,1053.1155,24.0,0.97
7558,37.6,1035.6633,99.0,0.89
7559,43.6,980.8846,75.0,1.02
7560,23.48,974.4763,102.0,1.15
7561,31.92,980.3954,70.0,0.89
7562,46.52,1054.0423,50.0,0.86
7563,44.52,1125.4789,37.0,1.0
7564,50.36,1035.3908,1.0,1.04
7565,54.04,1051.8835,35.0,1.04
7566,41.28,971.2498,7.0,0.98
7567,56.32,1264.8818,52.0,1.46
7568,54.8,992.9288,107.0,1.01
7569,35.24,974.6537,59.0,0.95
7570,60.12,966.9031,4.0,0.94
7571,57.68,997.9266,54.0,1.02
7572,57.68,969.4002,32.0,0.98
7573,49.08,1148.0452,46.0,0.94
7574,48.0,1037.4394,49.0,0.98
7575,53.88,1401.4137,42.0,0.93
7576,60.24,988.7807,51.0,0.99
7577,24.4,971.0694,55.0,0.99
7578,44.32,1307.4728,100.0,1.06
7579,43.36,1338.3956,15.0,0.83
7580,48.32,1019.2923,45.0,0.96
7581,52.36,1053.288,15.0,0.96
7582,39.6,1026.8304,71.0,1.09
7583,54.24,1074.6633,33.0,0.94
7584,48.2,977.2462,59.0,0.89
7585,50.64,1007.4607,30.0,0.96
7586,47.24,1030.1464,8.0,0.9
7587,49.16,1104.1521,74.0,1.41
7588,47.68,963.3599,9.0,1.04
7589,39.76,1002.7639,53.0,0.94
7590,49.44,1027.4121,22.0,1.08
7591,55.12,1042.912,30.0,1.03
7592,29.72,969.6445,52.0,0.99
7593,43.4,978.4109,48.0,1.19
7594,48.76,991.3643,104.0,1.05
7595,36.36,998.7778,55.0,0.98
7596,54.32,971.038,12.0,0.96
7597,46.52,1036.8458,68.0,0.91
7598,42.64,982.7834,28.0,0.94
7599,42.6,1040.1355,63.0,1.7
7600,38.12,1034.1562,64.0,1.05
7601,50.72,974.7046,5.0,0.92
7602,52.92,1024.8224,25.0,1.07
7603,52.08,1024.7468,30.0,0.96
7604,55.24,1007.1081,60.0,0.97
7605,43.08,972.4591,25.0,1.14
7606,37.08,1023.3693,34.0,0.94
7607,27.24,979.2119,75.0,1.0
7608,42.52,1192.6569,104.0,0.96
7609,42.6,1036.0542,75.0,0.96
7610,28.68,989.6792,62.0,0.97
7611,26.48,981.9641,92.0,0.98
7612,41.16,989.5676,34.0,0.95
7613,59.56,1011.88,23.0,0.93
7614,42.72,1028.6588,53.0,1.05
7615,51.4,1033.0252,32.0,1.02
7616,40.32,975.903,72.0,0.91
7617,44.04,1048.168,51.0,0.83
7618,61.08,1019.5064,8.0,1.0
7619,42.6,984.8613,55.0,1.04
7620,44.0,977.5186,35.0,0.77
7621,45.56,1036.2439,8.0,1.11
7622,43.12,1008.7485,63.0,0.98
7623,34.92,1131.7959,56.0,1.03
7624,42.12,1100.3682,24.0,0.85
7625,41.88,1025.0622,27.0,1.02
7626,60.2,1205.7817,27.0,0.9
7627,50.28,974.2619,29.0,1.02
7628,31.72,997.4127,66.0,1.07
7629,52.76,1109.4282,23.0,1.56
7630,46.12,1007.897,35.0,0.92
7631,65.44,1014.3928,9.0,0.85
7632,40.72,984.2637,52.0,0.91
7633,51.04,971.0111,30.0,0.95
7634,49.0,1003.5908,28.0,0.99
7635,41.32,1129.3198,92.0,0.98
7636,44.04,1395.2273,30.0,1.07
7637,52.04,1015.1638,12.0,0.93
7638,56.84,964.2378,68.0,1.0
7639,59.4,1000.5212,31.0,0.98
7640,44.2,1032.49,35.0,0.92
7641,59.84,1023.7181,18.0,1.08
7642,25.76,969.0376,119.0,0.93
7643,43.8,1043.6027,53.0,1.03
7644,42.32,982.1477,71.0,1.02
7645,43.24,1005.8474,46.0,1.01
7646,50.32,1059.0892,7.0,0.98
7647,52.16,1190.8358,39.0,0.98
7648,59.56,1033.5304,28.0,0.97
7649,39.48,1035.064,48.0,0.97
7650,31.48,981.2965,65.0,0.98
7651,43.08,977.1847,60.0,0.91
7652,58.68,1047.836,2.0,0.96
7653,46.88,1015.4378,55.0,1.03
7654,48.6,1237.8037,34.0,0.91
7655,47.28,1052.9727,25.0,0.89
7656,43.88,993.9709,42.0,1.07
7657,61.96,980.2024,25.0,0.92
7658,29.56,978.5926,55.0,0.98
7659,49.76,1103.1624,36.0,0.96
7660,51.96,1008.6672,48.0,1.0
7661,37.64,1025.5455,52.0,1.46
7662,44.28,1018.5706,34.0,1.05
7663,45.24,991.8255,54.0,1.11
7664,44.88,966.14,32.0,0.95
7665,49.4,1081.7175,50.0,1.04
7666,53.8,1019.478,18.0,0.98
7667,23.96,987.9002,110.0,1.02
7668,43.84,1028.5689,54.0,0.91
7669,57.64,988.356,26.0,1.01
7670,50.44,1005.9111,66.0,1.14
7671,38.4,1028.6914,50.0,0.98
7672,39.92,1068.5229,72.0,0.97
7673,47.96,965.8403,36.0,0.99
7674,57.0,1031.9072,31.0,1.04
7675,55.96,1022.0367,56.0,0.98
7676,50.44,1019.6326,50.0,0.93
7677,52.96,1052.8702,35.0,0.87
7678,50.48,964.4725,49.0,0.89
7679,33.56,1006.6657,48.0,1.12
7680,61.04,966.7326,30.0,1.06
7681,48.04,968.5207,53.0,1.09
7682,50.6,1016.9237,30.0,0.99
7683,65.96,1020.4273,12.0,0.97
7684,41.6,979.0607,74.0,0.96
7685,41.96,1327.1331,15.0,0.83
7686,44.44,976.8132,38.0,0.94
7687,52.92,1014.9346,41.0,1.0
7688,54.04,989.9126,43.0,1.03
7689,43.8,1030.9511,36.0,0.98
7690,43.04,1034.7628,77.0,0.95
7691,58.92,1274.1631,51.0,1.09
7692,44.56,1032.406,32.0,1.51
7693,40.6,1027.9819,53.0,0.97
7694,49.32,1047.4383,32.0,0.98
7695,48.08,1054.3878,35.0,1.01
7696,29.76,1004.6308,128.0,0.99
7697,36.6,1037.619,88.0,0.97
7698,56.24,977.0227,32.0,0.95
7699,51.44,1127.2307,28.0,0.95
7700,46.48,1005.9525,43.0,1.0
7701,64.64,1073.3945,13.0,0.9
7702,47.52,1020.0964,54.0,1.04
7703,55.32,1005.5385,34.0,1.03
7704,51.4,1005.9801,19.0,0.92
7705,36.92,1036.7941,44.0,0.99
7706,65.08,1010.2415,11.0,0.85
7707,45.08,1062.2332,140.0,1.15
7708,51.32,1016.8936,70.0,0.98
7709,40.44,1031.7457,27.0,0.86
7710,58.4,990.0613,27.0,0.94
7711,52.4,1040.2747,28.0,0.94
7712,31.24,981.1056,81.0,0.92
7713,47.8,1028.8181,26.0,1.03
7714,41.72,1054.9135,82.0,0.99
7715,46.16,1071.7217,24.0,1.07
7716,44.6,1254.165,57.0,0.95
7717,40.32,1021.4932,38.0,0.91
7718,51.96,991.9749,66.0,0.86
7719,27.52,986.574,77.0,0.95
7720,51.52,1024.4186,35.0,0.96
7721,46.32,1063.8461,11.0,0.87
7722,39.32,976.4949,55.0,0.95
7723,46.36,1210.423,21.0,1.5
7724,53.64,1024.5155,15.0,1.07
7725,38.36,976.4942,74.0,0.99
7726,49.08,1046.1438,80.0,1.02
7727,53.88,1123.3046,15.0,0.85
7728,55.16,1051.8315,44.0,0.95
7729,35.48,998.3222,74.0,1.01
7730,52.12,1075.5791,32.0,0.99
7731,53.2,1007.2578,52.0,1.0
7732,43.2,1022.3789,51.0,0.86
7733,42.64,1036.0607,11.0,1.02
7734,46.36,1052.6079,49.0,0.97
7735,42.64,985.046,32.0,0.95
7736,41.56,1039.7042,33.0,0.92
7737,34.88,981.518,97.0,0.93
7738,44.84,1044.9277,34.0,1.03
7739,57.72,1144.9582,53.0,0.98
7740,48.84,1032.074,5.0,0.94
7741,54.44,1013.5212,53.0,0.96
7742,51.68,1020.9544,50.0,1.05
7743,53.0,978.7342,27.0,1.01
7744,40.56,988.2876,42.0,1.01
7745,48.96,981.3994,51.0,0.95
7746,36.64,1002.1795,47.0,0.96
7747,40.68,1026.3364,12.0,0.83
7748,58.16,992.455,38.0,1.02
7749,51.08,1064.2348,53.0,0.95
7750,51.84,977.5156,44.0,0.91
7751,41.92,978.2918,66.0,1.02
7752,56.88,1049.5857,22.0,0.9
7753,22.36,998.3648,41.0,1.07
7754,50.2,1027.7243,80.0,1.22
7755,42.08,1022.9378,53.0,1.58
7756,29.6,1004.7558,82.0,0.97
7757,46.32,1120.5204,27.0,0.94
7758,49.6,991.2448,52.0,1.07
7759,58.52,1035.8186,12.0,0.94
7760,44.8,1006.7601,55.0,1.02
7761,49.28,1031.6072,26.0,1.0
7762,45.68,981.1016,87.0,0.96
7763,45.56,1051.2932,65.0,0.99
7764,42.2,1000.533,47.0,1.01
7765,60.08,1066.4186,74.0,1.11
7766,38.2,1409.6838,100.0,0.96
7767,44.36,981.3153,25.0,0.86
7768,46.6,1036.4106,7.0,1.0
7769,64.04,1021.6829,19.0,0.96
7770,42.4,979.0709,41.0,1.04
7771,49.12,1227.2668,43.0,0.93
7772,49.52,1143.4458,28.0,0.91
7773,42.76,1141.2432,37.0,0.95
7774,52.12,985.0919,2.0,0.99
7775,53.12,1007.7114,70.0,0.93
7776,43.08,1023.7132,45.0,0.94
7777,31.44,1061.1848,38.0,0.97
7778,41.88,978.4378,24.0,0.98
7779,40.36,1059.4243,44.0,1.13
7780,52.88,982.2457,34.0,0.92
7781,32.96,987.9793,111.0,0.87
7782,53.52,1048.6427,71.0,0.97
7783,43.92,1017.1358,90.0,0.99
7784,49.36,1044.7228,24.0,1.03
7785,63.68,1033.5604,3.0,0.87
7786,61.36,975.3946,26.0,1.48
7787,46.04,985.3428,51.0,0.96
7788,35.56,977.0113,132.0,0.99
7789,33.12,1008.8779,48.0,0.87
7790,49.2,1047.2586,52.0,0.99
7791,42.84,983.3106,1.0,0.94
7792,50.32,1029.47,54.0,0.85
7793,54.24,1063.2978,58.0,0.96
7794,42.6,1044.7149,51.0,0.98
7795,60.68,991.9762,90.0,1.04
7796,47.6,984.7953,74.0,0.99
7797,45.16,1061.3044,47.0,0.66
7798,43.2,975.6647,28.0,0.96
7799,62.76,1041.8699,5.0,0.89
7800,40.72,1052.1726,50.0,0.93
7801,61.12,1058.7222,6.0,0.93
7802,58.48,985.7362,41.0,0.97
7803,34.84,1005.819,51.0,1.02
7804,49.84,1015.2708,30.0,0.94
7805,53.08,1054.644,7.0,0.98
7806,48.12,984.9089,85.0,0.9
7807,50.0,979.9027,56.0,1.08
7808,51.72,1033.6815,53.0,1.01
7809,44.08,976.1526,31.0,0.92
7810,50.08,1287.8284,33.0,0.92
7811,44.36,1130.8147,41.0,0.98
7812,28.56,1000.7646,33.0,0.97
7813,29.2,982.1382,51.0,1.0
7814,46.44,1050.0253,31.0,1.09
7815,52.4,1072.423,58.0,0.96
7816,30.36,1036.0484,55.0,0.94
7817,53.64,1066.9657,52.0,0.93
7818,57.84,1019.3377,54.0,1.01
7819,60.76,965.2174,30.0,1.6
7820,44.76,1020.7909,72.0,0.96
7821,54.92,987.0537,25.0,1.08
7822,42.92,1003.6084,46.0,0.98
7823,39.8,1034.8297,97.0,0.97
7824,39.76,1051.1238,27.0,0.94
7825,44.92,988.9574,29.0,0.98
7826,56.68,1056.3788,3.0,0.92
7827,45.6,977.3792,18.0,0.66
7828,57.72,1090.5343,29.0,0.97
7829,52.56,982.6334,46.0,0.98
7830,51.64,1062.7792,51.0,0.88
7831,56.6,1007.6888,53.0,1.26
7832,47.92,986.5242,105.0,1.16
7833,50.24,1140.6062,67.0,1.16
7834,45.04,985.6309,21.0,1.04
7835,28.16,1000.1538,50.0,1.07
7836,39.56,1035.4066,38.0,1.06
7837,47.2,1051.2017,58.0,1.1
7838,49.8,1025.9178,46.0,1.08
7839,39.84,982.7126,32.0,0.84
7840,43.08,1036.0289,57.0,1.12
7841,42.32,982.576,33.0,1.2
7842,56.16,1062.9535,26.0,1.12
7843,48.4,1174.7303,18.0,1.08
7844,37.08,987.7518,41.0,1.32
7845,43.32,1134.8234,74.0,0.95
7846,57.04,1067.3342,2.0,1.02
7847,56.68,1019.8204,57.0,0.88
7848,44.68,1046.9864,51.0,1.55
7849,49.44,1052.4874,18.0,1.2
7850,46.16,992.4066,49.0,1.87
7851,41.16,1014.7295,51.0,1.08
7852,48.8,977.5461,44.0,1.08
7853,45.16,1035.5929,58.0,1.22
7854,49.12,1008.8539,30.0,1.04
7855,53.68,1052.1544,22.0,1.29
7856,48.04,977.2175,70.0,1.19
7857,40.96,1055.6511,19.0,0.98
7858,43.12,1052.585,48.0,0.96
7859,45.36,977.3827,28.0,1.16
7860,40.0,991.591,17.0,1.06
7861,41.4,997.0182,44.0,1.1
7862,48.52,1248.2778,2.0,0.98
7863,53.6,1109.4272,70.0,1.1
7864,46.64,1014.85,66.0,1.05
7865,51.96,995.5388,24.0,1.08
7866,51.2,1025.7876,50.0,1.07
7867,52.16,1348.5252,5.0,1.14
7868,54.92,1061.4766,48.0,1.08
7869,29.16,1000.8266,27.0,1.08
7870,43.4,1051.9187,61.0,1.05
7871,49.8,1285.9296,30.0,0.89
7872,58.32,1239.2416,77.0,0.96
7873,54.44,1043.8108,21.0,1.05
7874,56.12,1143.6003,47.0,1.08
7875,44.96,1010.1175,5.0,1.07
7876,47.6,1108.7741,16.0,1.53
7877,55.6,997.8342,29.0,1.33
7878,37.84,995.5987,61.0,1.09
7879,57.92,993.1263,14.0,1.07
7880,59.0,977.9982,22.0,1.16
7881,44.12,1056.305,71.0,1.04
7882,40.28,1297.9708,125.0,1.19
7883,42.4,1040.504,74.0,1.04
7884,39.16,981.3397,62.0,1.06
7885,49.0,1033.9508,17.0,1.09
7886,47.56,1034.5273,67.0,1.23
7887,59.2,1040.7817,24.0,1.21
7888,47.52,1051.5037,48.0,1.14
7889,51.24,1034.8508,74.0,1.2
7890,56.64,991.8614,28.0,1.03
7891,34.96,1016.3604,30.0,1.01
7892,36.4,992.5723,40.0,0.99
7893,48.32,1141.5254,36.0,0.97
7894,42.84,1085.5622,47.0,0.93
7895,49.32,1030.7872,9.0,0.97
7896,58.4,991.5602,11.0,0.99
7897,31.48,1003.7837,110.0,0.99
7898,47.44,1168.1716,7.0,0.91
7899,49.24,964.1562,87.0,1.05
7900,35.44,1053.5564,49.0,1.03
7901,52.12,1091.2719,61.0,1.13
7902,43.6,994.8782,27.0,1.06
7903,49.48,1024.3974,36.0,1.0
7904,49.72,990.1324,36.0,1.59
7905,49.68,990.5008,42.0,0.98
7906,37.64,1037.5082,85.0,0.98
7907,33.76,1022.3277,25.0,1.15
7908,51.52,976.269,10.0,1.01
7909,65.12,1018.0514,7.0,0.88
7910,43.64,1032.1206,30.0,0.91
7911,51.08,962.867,15.0,1.03
7912,57.84,1077.9337,28.0,1.04
7913,52.56,1103.6614,57.0,1.0
7914,42.32,975.3588,26.0,1.15
7915,35.32,969.6196,35.0,0.97
7916,53.92,963.5446,14.0,1.01
7917,44.44,971.9316,9.0,0.93
7918,50.64,1233.0551,15.0,0.93
7919,27.32,1001.6975,62.0,0.97
7920,44.68,1026.16,76.0,0.96
7921,56.6,989.3719,76.0,0.99
7922,60.12,1032.7382,32.0,0.96
7923,62.8,1001.493,52.0,1.06
7924,40.12,1020.0704,28.0,0.93
7925,38.16,1024.6969,50.0,1.1
7926,46.6,1074.1434,71.0,0.94
7927,47.68,1067.2941,56.0,0.97
7928,47.08,1045.4708,6.0,0.94
7929,26.08,1411.5452,77.0,0.91
7930,39.44,986.6657,80.0,0.92
7931,45.68,1044.7302,34.0,0.9
7932,57.44,1012.4184,1.0,0.93
7933,41.6,1175.5992,28.0,0.97
7934,58.76,1064.8265,7.0,0.96
7935,44.4,997.8488,7.0,0.95
7936,48.32,1048.1881,34.0,1.46
7937,47.0,1055.8485,5.0,0.86
7938,45.68,1130.51,65.0,1.02
7939,46.68,1061.7513,6.0,1.01
7940,44.4,1001.8508,5.0,0.94
7941,40.2,1066.0963,27.0,0.89
7942,48.76,1030.3473,10.0,0.96
7943,41.64,992.2108,11.0,0.97
7944,59.36,1015.4556,10.0,0.86
7945,30.4,1000.7572,24.0,0.91
7946,45.0,1055.5699,7.0,0.93
7947,50.32,966.3569,28.0,1.07
7948,43.32,1043.0019,42.0,0.99
7949,48.2,1046.7948,26.0,0.98
7950,23.48,1003.8078,64.0,0.98
7951,52.12,1007.7459,52.0,0.99
7952,34.76,996.9094,35.0,1.07
7953,56.24,974.1701,37.0,1.01
7954,57.4,1212.2636,50.0,0.93
7955,42.8,1013.272,49.0,1.07
7956,54.44,986.7126,63.0,0.98
7957,54.36,1053.0904,47.0,1.08
7958,55.76,1051.8456,6.0,0.88
7959,40.12,1127.1792,97.0,1.0
7960,39.32,967.8542,105.0,1.05
7961,55.52,1060.833,24.0,1.31
7962,49.84,1050.9567,52.0,0.93
7963,39.8,1000.4374,65.0,0.89
7964,44.84,980.8776,21.0,1.05
7965,57.24,1071.0036,56.0,0.96
7966,55.44,981.1462,25.0,0.92
7967,57.64,1006.9703,32.0,1.5
7968,41.44,978.6248,97.0,1.0
7969,43.52,1144.1738,70.0,0.98
7970,57.28,1238.6966,54.0,1.03
7971,56.36,993.9849,27.0,1.08
7972,45.2,1083.4366,50.0,1.1
7973,52.76,1011.3584,52.0,0.97
7974,60.16,1361.0546,55.0,0.98
7975,28.2,981.9047,106.0,1.05
7976,37.84,973.2576,2.0,1.14
7977,37.68,1037.624,42.0,0.95
7978,45.96,965.4986,82.0,1.0
7979,29.36,971.7529,53.0,0.87
7980,48.56,1125.001,21.0,0.93
7981,48.28,1032.1542,26.0,0.98
7982,32.4,975.4045,83.0,0.94
7983,23.64,972.9061,87.0,1.07
7984,61.8,965.2506,12.0,1.09
7985,25.48,980.8923,98.0,0.93
7986,47.2,1058.6992,11.0,0.97
7987,41.08,968.6037,57.0,0.93
7988,55.16,990.0843,8.0,1.06
7989,57.28,987.7232,27.0,0.97
7990,37.4,999.6017,51.0,1.05
7991,55.88,1008.3243,27.0,1.03
7992,47.88,987.5144,39.0,0.99
7993,57.32,1141.5401,41.0,0.87
7994,40.08,977.6239,51.0,0.95
7995,49.96,1102.5319,37.0,0.98
7996,51.32,1042.5336,62.0,0.98
7997,54.76,1101.223,21.0,1.04
7998,44.12,1017.6582,27.0,1.51
7999,56.92,1057.6138,27.0,0.97
8000,51.04,1071.982,24.0,1.13
8001,60.44,1003.5144,20.0,0.97
8002,35.48,996.0735,23.0,0.98
8003,57.32,1045.7732,26.0,0.92
8004,40.24,1322.4338,36.0,0.94
8005,29.36,996.8874,82.0,1.03
8006,38.68,997.7305,25.0,0.98
8007,51.08,1010.0148,48.0,0.93
8008,52.04,1005.2218,38.0,1.03
8009,47.64,979.389,88.0,0.93
8010,42.0,1005.5556,23.0,0.92
8011,62.68,986.3293,29.0,0.97
8012,41.08,982.5864,9.0,0.89
8013,41.36,994.1066,79.0,0.98
8014,42.48,1055.1104,31.0,1.02
8015,48.04,1244.2872,38.0,0.99
8016,46.16,1052.84,50.0,0.98
8017,33.6,1031.1543,79.0,0.98
8018,46.76,984.6944,58.0,1.02
8019,40.16,1036.5474,27.0,0.98
8020,36.76,989.5782,48.0,1.01
8021,62.16,1059.9365,25.0,0.9
8022,63.2,1049.8846,39.0,0.95
8023,46.52,968.0714,1.0,0.91
8024,53.12,1033.6082,25.0,0.95
8025,58.48,1052.6381,27.0,0.93
8026,59.04,1019.4683,23.0,1.04
8027,44.12,1033.0666,53.0,0.95
8028,40.2,981.1744,95.0,1.07
8029,58.48,974.8874,5.0,1.51
8030,25.92,1000.1792,6.0,1.08
8031,25.24,1014.347,33.0,1.07
8032,43.08,1078.8124,21.0,1.12
8033,54.0,1011.6531,26.0,0.96
8034,48.4,1034.8048,10.0,0.97
8035,46.44,1361.1799,12.0,1.16
8036,41.16,1012.0253,53.0,1.01
8037,31.76,1023.2223,27.0,0.9
8038,46.88,1028.1896,52.0,0.98
8039,55.4,1125.3272,47.0,0.96
8040,48.2,1050.4339,36.0,1.13
8041,64.2,1066.5654,30.0,1.03
8042,45.6,1041.5464,7.0,0.99
8043,47.16,978.1386,32.0,0.97
8044,48.16,1020.7905,59.0,0.89
8045,37.16,968.8393,27.0,0.97
8046,42.08,1053.9078,21.0,0.87
8047,47.92,981.8274,24.0,0.99
8048,67.12,979.47,19.0,0.95
8049,45.08,1025.3762,4.0,1.11
8050,48.88,985.3563,28.0,0.9
8051,48.48,1051.479,49.0,0.99
8052,28.32,982.5656,29.0,0.83
8053,26.56,968.3707,60.0,0.95
8054,42.68,1054.14,35.0,1.06
8055,46.32,965.9982,14.0,0.98
8056,33.92,1017.412,34.0,0.97
8057,43.84,1015.6257,31.0,1.06
8058,35.16,1041.5312,76.0,0.92
8059,44.36,980.9067,38.0,1.05
8060,35.48,978.5312,35.0,1.49
8061,49.28,1008.7809,5.0,1.07
8062,37.4,1047.2855,35.0,1.0
8063,41.76,1011.5876,53.0,0.9
8064,34.88,985.2788,109.0,1.01
8065,41.0,1027.8528,39.0,1.07
8066,50.2,1078.9885,30.0,0.92
8067,58.04,1121.1329,56.0,1.02
8068,45.0,1028.5245,29.0,0.94
8069,51.52,1101.0404,27.0,0.92
8070,54.32,966.459,29.0,0.97
8071,43.44,1038.84,52.0,0.94
8072,41.04,1012.8214,31.0,1.15
8073,48.84,1047.8086,44.0,0.93
8074,50.44,1032.0911,62.0,0.95
8075,49.76,963.3569,25.0,0.96
8076,49.16,1024.673,26.0,1.01
8077,52.72,1385.9227,41.0,1.02
8078,43.16,1045.3254,49.0,0.87
8079,67.6,965.1009,25.0,0.95
8080,39.72,964.4152,49.0,0.92
8081,52.48,1060.3342,27.0,0.97
8082,33.44,996.6167,45.0,1.02
8083,50.4,1146.6813,41.0,0.99
8084,41.04,1014.9452,36.0,0.97
8085,54.4,1111.1784,47.0,1.07
8086,49.16,1004.3377,18.0,1.0
8087,35.68,965.4118,78.0,1.06
8088,49.24,1069.3267,35.0,0.95
8089,51.8,1022.0396,29.0,0.88
8090,47.08,1144.0538,57.0,0.94
8091,51.2,1029.6482,56.0,1.48
8092,44.64,1153.1833,88.0,0.95
8093,44.84,1055.6012,48.0,0.99
8094,37.72,978.7793,28.0,1.0
8095,35.64,1244.4829,56.0,0.96
8096,33.28,992.5368,26.0,0.92
8097,48.68,1121.9903,50.0,1.05
8098,45.92,1009.2328,50.0,1.03
8099,61.4,1020.8226,-8.0,1.02
8100,48.0,971.1096,10.0,1.01
8101,40.0,1049.6542,44.0,0.97
8102,54.24,1061.0466,68.0,0.96
8103,39.16,981.8895,42.0,0.91
8104,40.4,993.5525,75.0,1.0
8105,38.28,990.5805,69.0,0.94
8106,40.88,1244.7852,28.0,1.04
8107,55.28,1048.1481,32.0,1.1
8108,43.24,976.6459,54.0,1.0
8109,30.96,1007.6865,50.0,1.01
8110,38.24,1000.3089,80.0,0.89
8111,51.76,1070.6426,40.0,1.1
8112,56.36,1043.0836,27.0,1.03
8113,53.16,1034.574,9.0,1.02
8114,43.96,985.1682,30.0,1.1
8115,47.04,1109.2863,68.0,0.96
8116,35.28,965.8883,46.0,0.97
8117,31.6,1013.3728,73.0,0.9
8118,38.36,1033.8758,27.0,1.01
8119,50.2,1034.7754,62.0,0.78
8120,41.12,989.2474,20.0,0.92
8121,45.0,1033.7276,26.0,0.87
8122,48.16,1002.1941,38.0,0.9
8123,44.64,981.5304,22.0,1.41
8124,58.52,1059.1003,51.0,0.87
8125,49.2,998.7192,58.0,0.98
8126,41.56,1040.5156,24.0,1.03
8127,35.0,1027.5304,18.0,0.91
8128,41.68,982.4649,56.0,0.91
8129,43.96,999.9324,51.0,0.95
8130,53.08,1020.949,24.0,1.0
8131,55.8,1000.3842,24.0,1.04
8132,20.6,1022.3035,48.0,0.97
8133,63.32,991.6353,24.0,0.91
8134,42.4,980.182,33.0,0.9
8135,46.32,1048.6214,-8.0,0.88
8136,34.84,1034.2114,16.0,0.91
8137,51.92,1067.61,60.0,0.97
8138,37.92,1102.8762,45.0,1.07
8139,26.2,981.8537,97.0,0.91
8140,46.32,1035.8837,31.0,0.85
8141,48.8,1036.5383,62.0,1.09
8142,50.0,1050.8026,45.0,0.86
8143,46.4,1051.2476,67.0,1.16
8144,48.76,1033.7289,47.0,0.96
8145,28.16,1023.5066,31.0,0.95
8146,34.72,1002.5272,77.0,0.98
8147,61.52,1050.1268,40.0,0.96
8148,56.4,1055.8476,25.0,0.96
8149,42.76,981.8764,34.0,1.0
8150,53.4,1139.7061,31.0,0.88
8151,57.52,1060.4549,3.0,1.1
8152,48.8,1013.2613,70.0,0.92
8153,50.16,1008.1079,81.0,1.0
8154,35.64,973.0953,57.0,0.9
8155,46.44,997.5102,29.0,1.54
8156,56.48,965.4598,13.0,0.93
8157,32.28,976.7577,58.0,0.89
8158,47.04,1051.4533,6.0,0.87
8159,41.2,1051.8438,51.0,0.94
8160,37.2,1035.449,26.0,1.01
8161,52.52,1038.1465,51.0,0.9
8162,58.12,1000.3695,30.0,1.0
8163,48.72,1061.9535,57.0,0.95
8164,59.52,1050.3921,6.0,0.97
8165,50.76,1029.7744,13.0,0.9
8166,45.68,990.1138,10.0,0.97
8167,46.16,999.6328,17.0,0.94
8168,64.6,982.6335,8.0,0.98
8169,45.2,1020.2386,3.0,0.91
8170,52.2,1037.9047,76.0,1.01
8171,54.04,963.2738,48.0,0.96
8172,45.44,1009.8721,42.0,1.0
8173,27.36,1003.3551,6.0,0.95
8174,37.8,1011.727,37.0,0.91
8175,47.12,1165.3224,61.0,0.98
8176,23.64,971.056,107.0,1.01
8177,40.84,995.195,28.0,1.0
8178,43.2,1006.3945,80.0,1.17
8179,42.44,1010.3095,53.0,1.05
8180,52.84,1032.453,30.0,0.98
8181,46.96,1051.1935,38.0,0.92
8182,30.92,1006.7395,56.0,1.04
8183,64.6,1010.6628,12.0,0.81
8184,44.16,1286.8652,14.0,0.83
8185,47.04,1018.5882,38.0,1.04
8186,32.4,973.299,10.0,0.94
8187,38.88,1029.8817,57.0,1.39
8188,51.32,1026.8982,30.0,0.99
8189,46.16,996.1748,24.0,1.05
8190,51.44,977.8474,9.0,0.97
8191,59.24,1053.7809,54.0,1.06
8192,37.96,976.8464,67.0,1.0
8193,43.52,1137.7471,34.0,0.94
8194,34.68,968.3292,52.0,0.93
8195,22.44,969.6468,62.0,0.89
8196,52.0,1014.8893,36.0,1.04
8197,46.52,994.6037,27.0,0.98
8198,52.08,1051.9643,27.0,0.91
8199,46.72,1020.5355,34.0,0.91
8200,43.84,1044.7543,6.0,0.9
8201,45.2,1331.3968,54.0,1.03
8202,52.0,979.6867,28.0,1.04
8203,46.96,1048.3738,25.0,0.93
8204,25.64,999.0878,48.0,0.9
8205,52.12,1042.0361,24.0,0.91
8206,47.64,1024.577,16.0,0.96
8207,54.88,1025.1172,10.0,0.97
8208,46.6,1034.2049,26.0,0.94
8209,50.36,1022.7615,34.0,0.99
8210,51.04,966.3533,4.0,0.94
8211,40.72,1023.6116,27.0,0.97
8212,57.36,968.2628,17.0,1.02
8213,57.92,987.2763,27.0,0.95
8214,30.52,997.2357,39.0,0.94
8215,52.0,1055.5834,73.0,0.99
8216,48.8,1199.9115,1.0,0.88
8217,47.24,979.8328,54.0,1.03
8218,52.4,1027.6292,44.0,0.98
8219,41.24,1032.2849,32.0,1.48
8220,54.6,976.3855,4.0,0.86
8221,46.92,1037.9416,17.0,0.97
8222,40.88,979.5639,29.0,0.82
8223,51.4,1035.891,54.0,0.9
8224,30.96,1028.4412,54.0,0.95
8225,59.44,1054.0669,6.0,0.91
8226,52.24,1102.5792,41.0,0.91
8227,37.16,983.6273,76.0,0.86
8228,46.84,1076.2552,45.0,0.85
8229,55.68,978.8107,32.0,1.03
8230,53.8,1013.8457,35.0,1.0
8231,27.64,1057.1268,135.0,1.03
8232,42.48,1055.926,11.0,0.96
8233,27.28,968.7101,60.0,0.84
8234,32.64,999.6807,47.0,0.91
8235,21.68,970.4593,103.0,1.0
8236,58.2,1146.1906,53.0,0.91
8237,32.12,966.9374,57.0,0.87
8238,51.76,1021.1631,55.0,0.94
8239,62.92,1003.6412,36.0,1.0
8240,42.68,1030.877,42.0,0.9
8241,57.8,1187.0547,46.0,0.89
8242,56.36,976.6285,56.0,1.01
8243,36.28,969.3488,81.0,0.94
8244,33.08,1068.605,61.0,1.02
8245,40.64,986.3141,103.0,1.04
8246,43.96,1065.4144,5.0,0.94
8247,36.28,1064.2817,44.0,0.97
8248,50.64,1166.845,12.0,1.07
8249,50.04,1034.0096,46.0,1.0
8250,49.64,1236.9928,48.0,1.04
8251,65.0,1032.9974,17.0,1.46
8252,40.12,1083.7573,24.0,0.97
8253,40.8,981.2471,66.0,0.91
8254,43.12,986.3282,50.0,0.99
8255,41.52,992.4273,9.0,0.9
8256,30.28,1059.5974,36.0,0.97
8257,37.36,1007.3818,121.0,0.95
8258,44.08,1051.8639,67.0,0.88
8259,37.76,981.2123,27.0,0.93
8260,44.16,1021.2236,40.0,0.98
8261,52.48,1032.5065,44.0,1.0
8262,55.0,1139.7724,49.0,0.97
8263,37.6,976.9942,40.0,0.9
8264,37.8,969.1009,61.0,1.06
8265,53.92,987.1971,44.0,0.99
8266,54.44,964.3488,27.0,0.9
8267,37.96,966.6929,37.0,0.94
8268,59.2,1058.8256,27.0,1.04
8269,36.84,981.4824,63.0,0.93
8270,53.4,1023.3142,22.0,1.07
8271,59.72,1017.5287,13.0,0.96
8272,41.48,1078.9501,61.0,0.95
8273,58.64,988.6182,15.0,1.06
8274,38.96,981.5365,57.0,0.94
8275,54.56,1049.2857,38.0,0.94
8276,45.2,1031.9557,36.0,0.99
8277,40.12,1025.5854,59.0,1.0
8278,48.28,979.5756,4.0,0.96
8279,30.72,967.5924,55.0,0.94
8280,38.0,1017.9415,93.0,0.99
8281,58.2,1019.2277,50.0,1.02
8282,24.16,1008.8518,36.0,1.49
8283,48.68,1033.1485,33.0,1.17
8284,49.88,1028.5628,50.0,1.08
8285,53.28,1137.1451,29.0,0.86
8286,39.8,1067.2564,29.0,0.93
8287,57.96,1026.1202,55.0,1.02
8288,25.64,971.1787,129.0,0.95
8289,53.08,1033.3098,18.0,1.09
8290,49.88,1051.0415,29.0,1.02
8291,44.36,982.5548,32.0,0.81
8292,55.0,963.6757,38.0,0.91
8293,55.36,1026.7959,32.0,0.91
8294,53.08,1385.7811,45.0,1.0
8295,46.96,1010.6157,26.0,0.92
8296,37.32,1026.4248,60.0,1.0
8297,48.08,987.3756,39.0,1.02
8298,54.12,1060.8516,27.0,0.95
8299,43.28,1394.5468,32.0,0.95
8300,44.04,1036.7658,9.0,0.97
8301,38.12,980.1357,72.0,0.94
8302,48.64,1051.7238,76.0,1.0
8303,42.28,1048.8629,36.0,0.91
8304,51.12,1021.3384,34.0,1.02
8305,29.12,980.4099,36.0,0.95
8306,49.2,1120.9772,8.0,0.94
8307,45.04,1002.0602,59.0,1.04
8308,55.84,1009.8816,33.0,1.02
8309,54.32,1050.8596,18.0,0.94
8310,57.56,994.768,19.0,1.0
8311,25.0,974.3548,95.0,1.03
8312,37.44,1038.5534,53.0,0.91
8313,52.44,1134.5842,38.0,1.56
8314,56.32,1041.7677,6.0,0.98
8315,43.68,1056.8898,7.0,0.89
8316,43.96,1009.412,54.0,0.9
8317,29.48,1039.1608,37.0,1.04
8318,30.48,1000.0888,13.0,1.03
8319,37.48,1038.7466,57.0,0.96
8320,39.52,1023.5715,35.0,0.96
8321,58.68,1013.8356,29.0,1.19
8322,40.92,1021.257,46.0,0.91
8323,34.04,1190.3364,25.0,0.89
8324,35.24,975.1152,39.0,1.06
8325,42.88,976.4532,100.0,0.96
8326,45.12,1051.444,37.0,0.86
8327,39.92,987.5923,60.0,0.9
8328,51.68,1020.7016,33.0,0.96
8329,49.68,981.142,10.0,1.05
8330,44.24,1016.8049,32.0,0.92
8331,49.52,1061.1096,32.0,1.06
8332,62.8,998.538,1.0,1.0
8333,52.76,1129.3216,10.0,0.94
8334,35.88,1044.3402,64.0,0.92
8335,51.16,1052.3748,24.0,0.95
8336,64.68,988.3438,6.0,0.93
8337,44.32,979.6099,26.0,0.97
8338,45.16,1132.4982,53.0,0.89
8339,53.64,1037.197,63.0,1.05
8340,46.24,983.0487,95.0,0.9
8341,41.2,1072.4555,59.0,0.87
8342,45.72,1007.891,47.0,1.01
8343,52.0,1009.2086,8.0,1.04
8344,43.4,1025.202,38.0,0.94
8345,46.48,978.036,35.0,1.45
8346,57.72,1044.7015,31.0,1.09
8347,38.96,996.3934,30.0,0.87
8348,56.92,1096.663,29.0,0.94
8349,54.64,1324.4479,38.0,0.84
8350,50.36,1249.5317,5.0,1.12
8351,23.48,969.7598,62.0,0.89
8352,44.96,1032.9576,21.0,0.99
8353,47.08,976.4517,35.0,1.04
8354,38.92,1059.5103,59.0,0.95
8355,50.48,1009.9114,95.0,1.0
8356,48.32,976.6776,48.0,0.93
8357,54.76,1000.3871,4.0,1.05
8358,51.72,1120.4752,28.0,0.93
8359,31.04,972.9938,47.0,0.91
8360,57.92,1087.7619,28.0,0.87
8361,52.88,1064.1802,39.0,0.92
8362,33.64,972.9128,40.0,0.87
8363,62.8,1016.7818,3.0,1.0
8364,42.92,1032.6776,43.0,0.94
8365,53.08,1070.2735,42.0,0.99
8366,57.56,996.4388,35.0,1.04
8367,51.64,1120.5145,10.0,0.92
8368,34.16,1068.775,123.0,1.0
8369,37.8,1035.0294,12.0,1.05
8370,54.12,1102.6664,6.0,0.98
8371,42.32,1026.6002,35.0,1.04
8372,53.92,1009.6222,58.0,0.93
8373,54.32,1060.6635,39.0,0.91
8374,46.88,1021.078,18.0,1.01
8375,71.0,994.552,31.0,1.04
8376,40.72,1019.7342,27.0,1.48
8377,46.2,983.9173,47.0,1.0
8378,47.76,980.264,28.0,1.01
8379,43.64,1038.8765,47.0,1.07
8380,45.72,1027.215,40.0,1.02
8381,58.64,1015.4802,5.0,0.84
8382,42.24,1010.3344,57.0,1.01
8383,48.6,1135.225,54.0,1.01
8384,53.96,1036.3808,7.0,0.84
8385,52.4,1065.0772,11.0,1.08
8386,37.88,1032.4309,54.0,0.9
8387,57.04,968.1908,19.0,1.04
8388,30.84,1012.4302,80.0,0.97
8389,34.48,1024.3628,26.0,0.96
8390,45.96,1005.8888,54.0,0.96
8391,63.52,997.6533,21.0,1.01
8392,50.44,1083.459,16.0,1.01
8393,47.16,1021.0588,14.0,0.87
8394,29.36,989.8846,52.0,0.97
8395,45.0,1198.8359,84.0,0.95
8396,36.28,1029.7176,60.0,0.99
8397,44.04,1008.336,45.0,0.91
8398,35.84,1069.7612,45.0,1.06
8399,47.0,963.6378,42.0,1.0
8400,52.76,978.0016,50.0,0.97
8401,48.6,1016.4151,27.0,0.9
8402,39.6,1066.6788,55.0,0.99
8403,33.2,999.6392,52.0,1.07
8404,44.16,977.9581,43.0,0.93
8405,48.56,966.5794,29.0,0.99
8406,45.08,976.2211,59.0,0.95
8407,63.68,1104.1153,47.0,1.52
8408,40.12,983.5163,63.0,0.88
8409,41.04,977.287,56.0,1.03
8410,55.52,1007.3103,49.0,0.91
8411,50.2,984.3429,34.0,0.97
8412,47.08,1020.0876,60.0,0.92
8413,55.48,993.6113,28.0,0.99
8414,44.48,1046.0915,53.0,0.94
8415,44.36,1142.8908,9.0,0.97
8416,41.8,979.7388,53.0,0.82
8417,40.44,1033.4156,47.0,0.98
8418,40.76,976.0969,68.0,1.02
8419,39.32,1037.272,12.0,1.53
8420,39.8,1148.7134,57.0,1.09
8421,49.4,1051.3502,39.0,0.89
8422,35.24,993.2326,8.0,0.86
8423,59.96,991.1728,31.0,0.98
8424,63.64,963.808,34.0,0.94
8425,52.2,1051.2936,6.0,1.02
8426,51.52,1002.7886,77.0,0.98
8427,47.72,1014.9469,30.0,0.89
8428,48.24,1068.1362,26.0,1.0
8429,55.0,964.4623,30.0,1.05
8430,24.72,1001.2354,28.0,0.89
8431,53.96,1390.2538,46.0,0.99
8432,51.88,1294.9766,36.0,1.09
8433,41.24,973.7913,20.0,0.93
8434,58.32,994.1004,33.0,0.99
8435,34.52,980.4763,81.0,0.93
8436,48.0,978.5742,59.0,0.95
8437,48.36,1028.0242,6.0,0.97
8438,58.44,978.6341,26.0,0.95
8439,33.44,969.221,48.0,0.99
8440,54.6,1068.9681,9.0,0.82
8441,26.2,1015.0254,96.0,1.02
8442,41.16,1038.6138,31.0,1.04
8443,36.2,1045.7762,97.0,0.99
8444,45.04,1028.7176,53.0,0.99
8445,31.96,977.3672,54.0,1.0
8446,44.8,1329.1966,51.0,0.94
8447,52.2,1030.9308,28.0,0.96
8448,54.8,989.4797,35.0,1.0
8449,50.56,1052.0912,70.0,1.14
8450,53.44,979.5554,49.0,0.96
8451,46.68,1070.9443,35.0,1.11
8452,46.6,1142.2418,45.0,0.85
8453,35.24,1080.6534,103.0,0.93
8454,57.24,978.1914,11.0,0.98
8455,48.8,1040.2256,8.0,1.05
8456,57.52,1160.043,59.0,1.04
8457,53.88,966.7387,12.0,1.0
8458,28.32,977.9616,117.0,0.96
8459,57.52,994.887,29.0,1.06
8460,49.84,993.6043,57.0,1.03
8461,25.24,980.9293,35.0,0.91
8462,51.0,993.3959,55.0,1.16
8463,49.56,992.818,81.0,1.07
8464,42.64,1062.0942,15.0,1.06
8465,49.44,995.2654,54.0,1.05
8466,48.04,1015.5673,28.0,0.9
8467,55.92,1026.8677,41.0,1.01
8468,57.52,1025.7928,45.0,0.97
8469,41.08,1010.9254,61.0,1.46
8470,45.32,1028.869,38.0,1.02
8471,49.08,1021.1982,35.0,0.99
8472,50.88,985.5429,33.0,1.01
8473,43.08,1021.8131,64.0,0.99
8474,46.4,1084.3164,15.0,1.01
8475,49.88,1053.3411,54.0,0.96
8476,49.04,1038.85,45.0,1.08
8477,65.08,978.2474,37.0,0.97
8478,50.4,1020.3267,60.0,0.95
8479,50.12,1057.903,22.0,0.97
8480,45.44,987.4764,12.0,0.81
8481,51.36,1297.4425,32.0,0.98
8482,47.08,1050.2317,98.0,0.98
8483,38.68,981.7787,8.0,0.9
8484,52.36,1006.925,54.0,0.96
8485,26.4,981.7349,80.0,0.92
8486,49.28,977.3276,-2.0,0.98
8487,51.52,970.1057,44.0,0.81
8488,35.6,1033.9535,23.0,1.12
8489,55.16,978.3795,10.0,1.12
8490,41.16,987.4268,60.0,1.03
8491,57.64,1058.4275,3.0,0.92
8492,48.72,967.7224,5.0,1.0
8493,43.8,1030.0483,85.0,1.12
8494,48.08,1010.9497,39.0,0.91
8495,25.24,994.4507,45.0,0.98
8496,44.4,1023.5668,120.0,0.99
8497,53.04,1090.591,9.0,1.01
8498,30.68,973.8124,124.0,0.83
8499,58.28,1015.533,4.0,1.05
8500,58.08,1400.2527,26.0,1.53
8501,44.04,1338.0879,9.0,0.84
8502,38.4,979.0421,75.0,0.84
8503,62.44,1072.4963,5.0,0.95
8504,29.28,998.2479,53.0,1.0
8505,55.4,1001.3446,48.0,0.94
8506,50.04,1050.6306,47.0,1.01
8507,54.36,1006.9357,5.0,0.98
8508,49.52,1053.3296,22.0,0.85
8509,55.64,983.4857,10.0,0.97
8510,47.76,983.2523,43.0,0.93
8511,43.08,1043.2535,35.0,1.04
8512,48.16,1012.3049,51.0,1.0
8513,49.4,1015.0592,57.0,0.83
8514,55.0,999.6799,25.0,0.99
8515,59.48,1033.4085,22.0,1.01
8516,53.12,1022.1644,35.0,1.04
8517,30.12,967.6539,7.0,0.97
8518,46.36,1075.1883,47.0,0.95
8519,56.84,1006.3602,8.0,0.96
8520,55.88,1150.3587,40.0,0.85
8521,29.68,997.5906,81.0,0.95
8522,45.88,1035.62,24.0,1.0
8523,50.76,963.9273,33.0,0.9
8524,44.32,1028.0485,39.0,0.99
8525,55.0,1104.5051,44.0,0.92
8526,47.56,986.8955,37.0,0.97
8527,40.88,1023.9146,60.0,1.05
8528,39.76,997.5166,56.0,0.99
8529,40.84,979.5431,41.0,1.05
8530,51.0,1049.5291,56.0,0.94
8531,49.12,1067.375,18.0,1.0
8532,41.36,1256.5099,30.0,1.53
8533,39.56,1070.566,14.0,0.97
8534,51.0,987.7671,31.0,0.99
8535,47.96,995.0762,19.0,0.88
8536,38.64,1059.915,79.0,0.92
8537,51.84,1118.8518,24.0,0.92
8538,59.96,967.26,34.0,1.08
8539,50.68,1127.7757,90.0,0.89
8540,47.96,1013.7114,34.0,1.06
8541,32.04,1069.815,81.0,0.97
8542,44.8,1154.5225,46.0,1.05
8543,44.12,1041.1165,59.0,0.92
8544,57.16,969.6984,8.0,1.02
8545,52.04,1026.8502,20.0,0.99
8546,48.28,1015.7478,52.0,1.18
8547,49.16,980.1466,38.0,0.95
8548,50.44,1006.4303,59.0,0.99
8549,43.96,988.6873,45.0,0.9
8550,51.68,989.269,80.0,1.0
8551,46.4,999.2124,57.0,0.92
8552,55.56,1078.5015,29.0,1.14
8553,60.6,978.6026,10.0,1.01
8554,45.04,982.227,49.0,1.02
8555,44.44,988.019,68.0,0.97
8556,54.4,1071.1022,38.0,1.0
8557,50.48,989.1667,35.0,1.04
8558,35.28,980.2571,72.0,0.91
8559,54.24,1044.3624,25.0,0.96
8560,30.36,1012.549,78.0,1.0
8561,33.32,1038.962,72.0,0.93
8562,46.84,1052.9324,6.0,0.94
8563,41.04,974.182,69.0,1.44
8564,47.72,1055.7134,47.0,1.01
8565,39.16,1027.5948,30.0,1.08
8566,45.92,1032.5658,52.0,0.9
8567,48.72,976.3053,8.0,1.0
8568,44.72,1029.1156,56.0,1.07
8569,41.28,1047.6106,57.0,0.97
8570,58.48,980.2078,34.0,0.9
8571,42.88,995.8383,35.0,1.01
8572,42.64,965.1087,84.0,0.88
8573,56.92,992.0832,33.0,1.11
8574,54.44,1005.0888,66.0,1.04
8575,56.36,965.787,10.0,1.14
8576,50.36,1013.0046,52.0,0.92
8577,59.24,1325.7653,26.0,1.01
8578,53.68,1048.6241,34.0,0.96
8579,40.4,1000.088,13.0,0.97
8580,46.84,1093.7481,45.0,0.93
8581,30.04,1003.6342,101.0,0.88
8582,37.68,1080.6997,38.0,0.97
8583,46.2,1011.7103,7.0,0.97
8584,39.76,1387.5978,37.0,0.95
8585,41.48,978.8834,98.0,1.0
8586,39.44,1029.1883,13.0,0.94
8587,53.32,1099.3097,39.0,0.88
8588,46.24,1025.4701,33.0,0.95
8589,58.68,1019.2955,9.0,0.97
8590,51.16,1019.5148,28.0,0.97
8591,50.8,1024.0619,58.0,0.98
8592,56.84,1241.487,14.0,0.94
8593,31.8,975.9877,50.0,0.97
8594,53.12,1022.5053,35.0,0.92
8595,59.6,1155.5284,30.0,1.47
8596,31.64,981.805,75.0,0.88
8597,52.68,989.1923,52.0,1.04
8598,56.0,992.758,29.0,1.03
8599,47.68,1024.6998,57.0,0.93
8600,45.4,1036.288,6.0,1.01
8601,28.92,1006.8969,10.0,0.99
8602,54.52,1234.965,68.0,1.0
8603,49.28,1046.8124,28.0,1.04
8604,48.44,998.8184,53.0,0.94
8605,43.6,990.7396,55.0,1.05
8606,36.64,1027.5605,11.0,0.86
8607,59.4,1047.241,4.0,1.03
8608,45.76,1000.0521,17.0,0.9
8609,44.04,1048.6271,58.0,0.97
8610,53.28,1040.3193,17.0,1.1
8611,40.32,1082.2361,17.0,1.08
8612,40.12,984.9415,75.0,0.97
8613,48.28,991.6441,55.0,1.03
8614,44.72,1174.4494,17.0,0.93
8615,56.6,1130.3427,8.0,0.94
8616,53.36,991.8689,110.0,0.97
8617,40.88,1046.6778,56.0,1.02
8618,47.24,987.0408,108.0,0.89
8619,46.88,1062.6569,101.0,0.92
8620,49.04,981.2072,61.0,1.02
8621,42.84,985.1672,57.0,1.05
8622,35.12,1001.9266,105.0,0.91
8623,45.44,1067.3015,13.0,0.85
8624,57.16,986.9826,40.0,0.95
8625,56.48,1033.6369,23.0,0.94
8626,50.48,1230.4448,31.0,1.54
8627,41.0,1040.6555,23.0,0.93
8628,23.2,970.4022,60.0,0.94
8629,51.96,1029.8354,8.0,0.99
8630,34.08,975.15,60.0,0.91
8631,54.6,1016.5258,39.0,0.85
8632,50.0,1011.9622,50.0,1.02
8633,44.84,1409.1728,30.0,0.97
8634,52.08,991.1112,43.0,0.94
8635,43.76,1135.6795,19.0,0.97
8636,51.92,1024.2857,18.0,0.98
8637,44.16,1048.6379,58.0,1.1
8638,52.92,1032.5422,56.0,1.03
8639,28.84,1024.997,30.0,1.02
8640,49.52,1361.6952,78.0,0.9
8641,52.0,1053.9907,92.0,0.91
8642,38.8,965.0313,29.0,0.96
8643,46.96,1207.8957,14.0,0.89
8644,48.88,1038.9014,8.0,0.96
8645,38.12,1028.7446,92.0,0.96
8646,61.96,1029.9958,9.0,1.0
8647,58.8,985.7856,15.0,0.87
8648,40.24,1057.3508,75.0,0.98
8649,57.48,1022.1315,11.0,0.9
8650,61.12,1008.5224,60.0,0.96
8651,42.08,1036.6966,52.0,0.99
8652,58.4,1048.2506,22.0,1.11
8653,53.88,1029.7235,13.0,1.02
8654,48.28,1122.6744,26.0,0.93
8655,49.64,1034.5649,23.0,1.01
8656,39.72,1058.0083,49.0,0.94
8657,54.08,1065.0871,65.0,0.99
8658,45.92,1017.8578,40.0,1.47
8659,44.52,1014.2607,117.0,1.0
8660,45.32,1046.9166,31.0,1.0
8661,39.56,1053.5064,43.0,1.09
8662,56.16,1049.6102,28.0,1.04
8663,38.56,962.3006,61.0,1.0
8664,29.96,970.0536,53.0,0.92
8665,44.68,1161.3625,53.0,0.98
8666,57.68,992.9502,11.0,1.0
8667,51.24,1023.0153,33.0,0.96
8668,51.56,986.6104,33.0,0.91
8669,30.44,1002.2769,53.0,0.84
8670,48.4,1015.0515,28.0,1.1
8671,51.56,1176.3562,38.0,1.1
8672,54.36,1034.134,30.0,0.98
8673,41.16,964.1061,101.0,0.97
8674,36.52,1063.5967,57.0,1.02
8675,52.8,1111.5248,75.0,0.91
8676,43.44,983.2723,35.0,0.87
8677,37.2,991.4683,53.0,0.84
8678,51.12,990.8454,8.0,0.98
8679,23.48,989.5992,55.0,0.93
8680,41.64,993.5564,31.0,0.93
8681,50.0,1106.1167,20.0,0.95
8682,47.92,999.168,0.0,0.94
8683,33.96,988.1009,45.0,0.94
8684,40.36,1051.7735,46.0,0.98
8685,46.0,1052.2018,57.0,0.97
8686,51.92,1109.3551,81.0,0.96
8687,47.64,980.6754,55.0,0.96
8688,54.24,1049.979,13.0,0.89
8689,63.24,1289.8064,26.0,1.58
8690,44.16,983.5207,73.0,1.03
8691,48.36,1014.2988,-6.0,1.13
8692,44.84,1035.9526,42.0,0.98
8693,44.84,1375.4276,10.0,0.83
8694,43.72,1275.3174,51.0,1.01
8695,55.36,983.7088,38.0,0.96
8696,47.8,1019.0118,11.0,0.92
8697,40.92,1088.374,47.0,0.91
8698,55.0,1061.9886,53.0,0.96
8699,56.76,1070.1994,24.0,0.96
8700,48.12,1130.0106,36.0,0.96
8701,53.8,1051.7657,29.0,0.98
8702,46.68,1010.3106,52.0,0.97
8703,47.2,1055.2689,1.0,1.0
8704,62.84,1039.5348,34.0,1.03
8705,49.16,1019.942,7.0,0.98
8706,39.52,1030.2392,15.0,0.98
8707,37.76,1109.5115,76.0,1.07
8708,48.08,1249.6712,7.0,0.99
8709,42.52,1276.1776,57.0,1.01
8710,43.2,1035.9147,27.0,0.94
8711,49.52,982.3643,50.0,0.93
8712,55.08,1106.3323,6.0,0.92
8713,46.24,980.7629,51.0,0.9
8714,46.68,989.4479,45.0,1.0
8715,38.72,1390.4289,122.0,0.91
8716,43.32,1319.7903,82.0,0.95
8717,62.32,1061.6068,0.0,0.92
8718,52.52,1203.892,13.0,0.84
8719,43.56,1015.6954,16.0,0.79
8720,40.12,1242.9178,28.0,1.1
8721,56.76,979.0695,48.0,1.51
8722,41.88,1019.3961,52.0,0.86
8723,46.6,994.2198,49.0,0.96
8724,36.36,995.7655,59.0,0.97
8725,49.68,1014.4373,40.0,0.97
8726,32.88,969.3542,54.0,0.9
8727,36.52,974.8022,30.0,1.03
8728,48.76,1029.5488,66.0,0.96
8729,49.44,1054.5045,34.0,0.97
8730,39.28,1030.3686,45.0,0.87
8731,48.0,1046.8064,45.0,0.99
8732,45.48,1023.3364,11.0,0.84
8733,56.88,1031.4851,18.0,0.94
8734,36.68,1018.5479,66.0,0.95
8735,32.8,979.8706,110.0,0.93
8736,45.68,1058.1375,34.0,1.03
8737,30.64,1008.5176,12.0,0.97
8738,48.16,1033.9293,5.0,1.0
8739,38.76,1153.8044,44.0,1.01
8740,61.0,991.785,6.0,0.97
8741,53.24,1387.7736,48.0,1.15
8742,53.32,989.9354,50.0,1.01
8743,60.68,1065.6168,10.0,1.0
8744,41.16,981.5839,77.0,0.84
8745,43.88,1004.6219,37.0,1.01
8746,57.2,1031.2462,37.0,1.01
8747,40.32,982.5203,30.0,0.9
8748,36.8,976.6017,84.0,1.05
8749,33.24,996.7091,59.0,1.01
8750,47.16,1006.0878,30.0,0.97
8751,43.92,982.8504,55.0,1.01
8752,41.68,1028.4411,51.0,0.96
8753,53.24,977.9316,23.0,0.86
8754,56.44,983.4528,27.0,0.96
8755,51.44,1103.8106,25.0,1.0
8756,42.6,1052.4147,82.0,0.98
8757,44.6,1055.2355,61.0,0.97
8758,55.04,1069.7271,26.0,0.99
8759,48.12,1036.4693,59.0,1.04
8760,50.04,1060.9927,53.0,0.89
8761,24.64,1006.0807,80.0,1.05
8762,48.64,1157.2953,53.0,0.91
8763,44.76,1051.817,54.0,0.95
8764,55.96,999.9451,41.0,1.16
8765,52.32,1031.6072,29.0,0.99
8766,36.12,1024.6016,56.0,1.02
8767,45.8,982.437,53.0,1.01
8768,51.72,1007.5902,27.0,1.04
8769,38.84,1011.8331,96.0,0.91
8770,59.04,1151.0789,47.0,0.92
8771,50.0,1134.5714,48.0,0.94
8772,53.0,1010.403,25.0,1.0
8773,56.72,987.5436,34.0,0.96
8774,32.08,976.9281,41.0,0.99
8775,50.4,996.1959,37.0,0.94
8776,54.12,1069.598,60.0,1.0
8777,58.08,1020.145,33.0,1.04
8778,48.52,980.3476,31.0,0.96
8779,38.76,987.8312,81.0,1.17
8780,43.96,1068.9436,100.0,0.9
8781,23.68,1002.4779,52.0,0.87
8782,46.24,1051.874,25.0,1.04
8783,46.6,1009.2226,41.0,1.61
8784,52.6,1054.9216,9.0,0.93
8785,44.48,1029.9756,50.0,1.04
8786,43.28,1058.7279,54.0,1.02
8787,31.08,993.8806,48.0,0.99
8788,61.44,997.6218,60.0,1.04
8789,35.12,1035.5261,99.0,0.93
8790,51.64,978.2375,36.0,1.06
8791,34.2,971.9291,71.0,0.97
8792,35.2,980.1848,60.0,0.96
8793,38.8,1037.3906,35.0,0.94
8794,48.04,988.5095,19.0,0.96
8795,58.76,1005.3307,6.0,0.96
8796,27.64,1002.3542,29.0,0.88
8797,48.96,1018.2148,22.0,0.94
8798,33.16,999.6846,83.0,0.91
8799,55.08,1092.7916,9.0,0.98
8800,42.2,1030.3996,27.0,0.92
8801,44.12,1066.8196,38.0,0.91
8802,50.52,1047.5266,35.0,0.89
8803,45.68,1109.2583,67.0,0.96
8804,44.16,1051.4883,45.0,0.93
8805,39.32,982.5166,88.0,1.0
8806,48.52,1010.4876,32.0,1.11
8807,42.0,1324.6796,12.0,0.96
8808,55.04,992.3824,43.0,0.95
8809,30.24,1001.1425,39.0,0.95
8810,43.68,983.3939,56.0,0.96
8811,42.2,1021.9401,20.0,0.98
8812,37.84,964.9468,32.0,1.04
8813,33.0,1005.4889,35.0,1.11
8814,60.84,981.026,2.0,0.94
8815,55.76,1031.048,22.0,1.63
8816,56.56,1040.0882,1.0,0.88
8817,34.88,1033.2084,63.0,1.07
8818,54.44,988.06,42.0,0.99
8819,26.32,992.4772,72.0,0.68
8820,30.44,974.392,84.0,0.93
8821,51.84,1040.5788,11.0,0.98
8822,47.88,1037.6479,76.0,1.03
8823,59.92,1001.8584,13.0,1.06
8824,37.68,980.5471,78.0,0.94
8825,46.36,970.2239,34.0,1.02
8826,42.96,974.721,10.0,0.93
8827,41.32,992.4269,42.0,0.9
8828,50.72,965.2214,34.0,0.92
8829,63.08,1063.5554,58.0,1.0
8830,53.88,964.1716,29.0,1.0
8831,48.72,1203.4056,59.0,0.91
8832,61.12,1005.5693,5.0,0.98
8833,45.48,1138.6578,61.0,1.01
8834,52.44,1005.5902,30.0,1.0
8835,43.28,1032.4944,37.0,1.12
8836,47.88,1157.7397,26.0,0.89
8837,54.24,992.552,42.0,1.05
8838,36.56,983.9161,63.0,0.92
8839,45.64,1052.7943,79.0,0.95
8840,45.4,984.1088,30.0,1.03
8841,54.32,1074.0404,72.0,0.97
8842,50.32,1102.988,17.0,0.92
8843,59.84,1090.0044,39.0,0.98
8844,26.56,998.6872,126.0,0.82
8845,30.16,981.2756,61.0,0.94
8846,25.28,1014.368,55.0,0.89
8847,38.08,976.6199,40.0,1.5
8848,27.24,996.9772,14.0,1.03
8849,47.4,987.8878,47.0,0.99
8850,57.88,987.6413,34.0,0.98
8851,34.44,1035.5854,84.0,0.98
8852,43.04,1088.691,62.0,1.0
8853,54.12,1106.2244,26.0,0.93
8854,26.32,999.4229,49.0,0.87
8855,39.6,1010.2406,62.0,1.0
8856,56.0,1054.8207,47.0,0.96
8857,44.16,980.1238,35.0,0.91
8858,53.8,980.1477,9.0,0.96
8859,41.36,1049.5586,15.0,1.0
8860,56.72,1055.6429,5.0,0.93
8861,42.16,1053.7892,39.0,0.92
8862,31.68,1032.8292,55.0,0.87
8863,36.0,976.588,78.0,1.08
8864,24.72,1001.9419,54.0,0.94
8865,49.76,1196.0024,32.0,0.91
8866,52.92,1016.9427,30.0,0.97
8867,45.68,1166.9053,59.0,0.99
8868,51.92,1028.8808,37.0,1.0
8869,46.08,1049.4525,48.0,1.13
8870,56.32,990.6966,28.0,1.06
8871,46.0,1007.4912,56.0,0.91
8872,40.32,976.995,2.0,0.94
8873,48.24,1358.7669,36.0,1.05
8874,30.56,990.6914,74.0,0.93
8875,59.08,1327.6442,26.0,1.01
8876,44.48,1036.9206,58.0,0.87
8877,44.88,970.5478,57.0,0.99
8878,44.8,995.023,49.0,1.46
8879,54.64,1064.9912,4.0,0.98
8880,40.44,1019.7548,58.0,0.9
8881,38.88,985.8034,108.0,0.87
8882,32.68,988.0947,27.0,1.08
8883,54.12,992.2118,95.0,1.19
8884,38.32,1328.1532,58.0,1.04
8885,45.48,1018.3228,46.0,0.97
8886,34.84,1081.2653,110.0,0.92
8887,49.24,1246.3659,86.0,0.94
8888,24.2,1002.1462,43.0,0.93
8889,33.8,979.1575,49.0,0.94
8890,56.0,1271.9026,25.0,0.97
8891,41.0,990.8907,30.0,1.04
8892,59.0,988.4709,48.0,1.0
8893,30.28,980.4528,56.0,1.04
8894,56.56,1053.8568,51.0,0.96
8895,55.96,1049.2338,34.0,0.92
8896,43.56,1121.943,24.0,0.93
8897,46.28,1053.0082,98.0,0.99
8898,39.16,1041.6349,55.0,0.95
8899,48.28,1034.8808,6.0,0.96
8900,50.68,1064.5327,76.0,0.92
8901,57.64,1047.5462,51.0,1.04
8902,21.0,972.7176,88.0,0.94
8903,40.4,981.528,59.0,0.95
8904,43.76,1034.3665,9.0,0.99
8905,47.6,984.5033,6.0,0.93
8906,46.52,1052.0168,103.0,0.99
8907,41.48,1039.6846,49.0,1.03
8908,61.92,1010.4458,45.0,1.02
8909,42.88,1048.6623,68.0,1.41
8910,50.92,1057.8108,24.0,1.08
8911,39.28,1032.6599,73.0,1.01
8912,44.12,1017.9598,87.0,0.86
8913,31.84,998.405,26.0,0.93
8914,38.24,1029.5042,79.0,1.05
8915,44.16,1023.1419,6.0,0.9
8916,53.32,1067.5406,34.0,0.8
8917,40.32,1009.0302,14.0,1.05
8918,48.28,1048.6974,27.0,1.04
8919,32.44,1001.2969,59.0,1.0
8920,47.72,992.8894,23.0,0.97
8921,50.2,1028.9582,20.0,1.08
8922,49.68,995.487,24.0,1.03
8923,55.64,1321.8605,21.0,0.97
8924,43.88,1040.431,9.0,1.0
8925,45.44,1030.6673,42.0,1.02
8926,57.24,1016.5768,9.0,0.96
8927,39.0,987.5157,39.0,0.88
8928,56.8,963.4896,1.0,0.97
8929,54.76,1031.1452,47.0,0.95
8930,34.16,1032.2091,34.0,0.89
8931,32.36,996.7064,51.0,1.04
8932,41.36,999.8118,53.0,1.0
8933,48.08,1082.1883,40.0,1.05
8934,57.48,964.7352,1.0,0.93
8935,35.28,977.5218,42.0,0.9
8936,53.6,965.757,61.0,1.0
8937,44.6,1046.418,6.0,0.91
8938,49.84,1341.1584,5.0,0.89
8939,44.04,1023.802,5.0,1.0
8940,39.44,968.4772,59.0,1.03
8941,37.92,1099.8167,28.0,0.99
8942,54.24,1130.087,12.0,0.98
8943,56.2,1177.4126,12.0,0.97
8944,42.68,983.3354,94.0,0.91
8945,47.72,999.9654,44.0,1.02
8946,38.4,988.6582,35.0,0.86
8947,57.24,1221.8952,9.0,0.95
8948,39.84,1003.7542,51.0,0.92
8949,53.52,1020.7955,29.0,0.93
8950,44.56,1077.3546,36.0,1.14
8951,49.64,1045.8656,72.0,1.1
8952,47.2,1094.5238,76.0,0.94
8953,49.16,1029.8899,32.0,0.93
8954,57.24,985.1501,36.0,0.99
8955,55.56,1017.475,36.0,0.99
8956,43.64,1031.2928,33.0,0.77
8957,52.88,990.5968,26.0,1.0
8958,52.88,1029.4658,23.0,0.99
8959,43.32,1396.0934,29.0,0.96
8960,35.2,1027.3192,38.0,1.02
8961,44.64,1032.704,4.0,1.02
8962,59.76,1008.3788,24.0,1.05
8963,57.36,984.0856,55.0,0.99
8964,54.72,1006.0601,4.0,0.95
8965,43.24,1033.1918,71.0,0.95
8966,38.64,1071.1611,30.0,0.92
8967,48.28,1013.7984,61.0,1.07
8968,47.68,1037.4402,15.0,0.95
8969,38.4,1042.6364,74.0,0.99
8970,45.56,1009.2902,5.0,0.97
8971,41.2,1028.7886,48.0,1.02
8972,46.28,1016.4666,44.0,1.5
8973,38.76,976.2386,64.0,0.88
8974,45.44,1199.2704,5.0,1.02
8975,60.04,1049.4702,31.0,0.96
8976,51.72,1159.6726,54.0,0.96
8977,55.48,1293.4883,50.0,1.05
8978,29.48,971.6664,62.0,0.93
8979,45.96,1014.0868,26.0,1.05
8980,40.68,1012.9732,26.0,1.0
8981,44.12,1009.7676,9.0,0.97
8982,53.0,1053.1853,29.0,1.03
8983,60.08,994.29,23.0,0.88
8984,45.28,976.3433,36.0,0.97
8985,25.84,1000.925,56.0,1.04
8986,40.08,994.4856,31.0,1.02
8987,51.52,1039.726,56.0,0.98
8988,59.64,984.942,14.0,1.02
8989,63.08,1294.1959,29.0,1.03
8990,32.64,1038.6854,34.0,0.88
8991,41.2,976.0482,29.0,0.94
8992,46.68,1062.8602,73.0,0.96
8993,50.56,1096.0022,49.0,0.96
8994,41.28,1030.5766,27.0,1.6
8995,41.92,1059.9296,73.0,1.15
8996,42.48,969.959,32.0,1.02
8997,47.64,1006.7372,20.0,1.1
8998,51.36,1028.0495,44.0,1.02
8999,62.08,969.4178,9.0,1.06
9000,50.48,1029.0787,28.0,0.97
9001,42.56,987.8992,34.0,0.95
9002,50.84,1032.7916,69.0,1.49
9003,52.04,1028.2258,37.0,0.96
9004,43.08,1295.8074,81.0,1.07
9005,53.36,1386.1736,44.0,1.03
9006,55.32,1017.4772,25.0,1.04
9007,47.52,1123.0133,10.0,0.83
9008,45.76,1007.6431,83.0,1.0
9009,33.36,1024.3761,36.0,1.0
9010,63.0,1262.0173,27.0,1.02
9011,50.56,1056.0558,20.0,1.07
9012,53.96,995.8138,54.0,0.94
9013,42.28,1045.3662,42.0,1.0
9014,44.4,1052.2341,72.0,0.91
9015,54.68,973.3502,12.0,1.01
9016,42.88,982.3813,38.0,0.74
9017,53.4,996.5722,41.0,0.98
9018,52.72,1037.7642,33.0,0.97
9019,49.72,981.7721,73.0,0.92
9020,53.56,976.5828,32.0,1.02
9021,26.4,1041.5579,99.0,0.85
9022,38.56,1006.0838,55.0,1.03
9023,25.12,1011.3178,80.0,1.15
9024,59.08,1017.3353,6.0,0.91
9025,39.04,981.4057,60.0,0.87
9026,41.64,1013.1722,64.0,0.82
9027,45.84,981.7567,26.0,0.96
9028,38.56,1018.3948,15.0,0.94
9029,48.72,1320.6108,32.0,0.89
9030,59.52,1067.1792,16.0,0.96
9031,45.04,1072.2367,61.0,1.01
9032,28.4,1015.6977,54.0,1.02
9033,54.48,1033.361,26.0,0.97
9034,50.88,979.7914,34.0,1.48
9035,59.88,1023.7178,25.0,1.01
9036,61.04,1052.9212,37.0,1.05
9037,31.56,1009.5427,8.0,1.09
9038,60.32,1004.8627,29.0,0.99
9039,45.8,1028.73,7.0,0.96
9040,36.84,1240.8065,81.0,0.89
9041,52.44,1129.5725,54.0,0.97
9042,56.24,1101.7084,25.0,0.88
9043,43.32,1038.3349,30.0,1.08
9044,31.36,1004.59,75.0,0.83
9045,44.32,1054.1253,32.0,1.03
9046,52.2,1207.9687,35.0,0.99
9047,50.08,1051.6199,29.0,1.02
9048,36.04,1034.4398,23.0,0.96
9049,43.24,965.657,33.0,0.98
9050,50.8,1053.0263,76.0,1.03
9051,42.76,1141.0562,11.0,1.16
9052,46.96,1004.9048,9.0,1.1
9053,24.28,983.9246,32.0,0.95
9054,48.16,979.903,45.0,0.94
9055,51.04,978.8595,33.0,1.06
9056,34.72,969.3731,45.0,0.89
9057,60.28,1023.3209,37.0,1.07
9058,44.56,1069.6671,66.0,1.06
9059,50.6,1290.2106,32.0,0.89
9060,46.8,978.4772,46.0,0.93
9061,34.68,976.0882,50.0,0.92
9062,28.08,1029.7444,69.0,1.03
9063,44.52,1031.7699,13.0,1.16
9064,43.56,981.8761,60.0,1.03
9065,60.76,1061.744,7.0,1.55
9066,40.88,1000.3633,51.0,1.0
9067,57.64,1024.558,64.0,0.99
9068,24.36,1001.9507,33.0,0.88
9069,49.24,987.4919,49.0,0.97
9070,46.84,1038.6579,28.0,0.91
9071,50.0,1045.9757,10.0,1.03
9072,31.52,1042.4225,59.0,0.92
9073,54.72,989.0356,12.0,0.99
9074,41.32,992.4796,74.0,1.02
9075,40.6,983.8234,36.0,0.68
9076,53.8,1106.2182,69.0,0.92
9077,48.6,1048.3847,20.0,0.9
9078,46.84,1015.416,16.0,0.96
9079,54.88,1256.8886,39.0,0.96
9080,33.96,1025.2304,26.0,0.96
9081,52.88,1040.0204,25.0,0.85
9082,46.6,1029.9717,11.0,0.95
9083,52.32,1124.633,30.0,0.88
9084,58.88,1041.7383,24.0,0.96
9085,33.48,1321.888,54.0,0.98
9086,43.96,1155.8482,29.0,0.83
9087,59.08,1050.7037,76.0,0.92
9088,49.0,1021.2233,63.0,0.97
9089,43.52,1027.7826,128.0,0.99
9090,42.0,1018.4042,52.0,1.0
9091,41.4,1035.9804,88.0,1.12
9092,44.72,1021.0552,13.0,0.99
9093,58.32,1073.4142,8.0,1.16
9094,52.32,1047.449,22.0,0.98
9095,59.12,1055.0428,6.0,0.99
9096,32.6,998.7616,60.0,0.86
9097,51.8,1019.7824,33.0,1.39
9098,36.72,1039.6695,33.0,0.88
9099,57.52,1008.1137,5.0,1.04
9100,55.16,982.1952,44.0,1.02
9101,43.44,1039.4477,58.0,0.81
9102,48.96,1010.1044,76.0,0.92
9103,42.76,1021.7536,70.0,0.97
9104,47.88,1008.7933,32.0,1.0
9105,39.0,982.38,76.0,0.97
9106,39.44,982.7828,39.0,0.99
9107,39.84,1061.3462,58.0,0.96
9108,50.32,1042.4052,57.0,0.95
9109,48.08,979.0978,102.0,0.8
9110,43.52,1030.2221,34.0,0.93
9111,51.48,963.8732,33.0,1.03
9112,40.8,1042.2443,72.0,1.06
9113,48.96,1014.7965,8.0,1.0
9114,49.12,1016.5553,56.0,1.02
9115,53.72,1021.0766,11.0,0.93
9116,38.32,1025.2147,50.0,0.96
9117,32.76,1083.1124,34.0,0.83
9118,50.64,1031.9654,64.0,1.03
9119,32.4,993.7934,70.0,0.95
9120,52.48,977.5056,91.0,0.93
9121,38.68,997.6694,73.0,0.94
9122,53.84,1011.6126,30.0,1.12
9123,38.6,973.7376,57.0,0.96
9124,51.28,1032.2565,37.0,1.03
9125,37.96,980.8525,52.0,1.05
9126,53.28,965.7049,60.0,1.07
9127,44.2,1049.6022,35.0,1.04
9128,31.6,999.2443,57.0,1.71
9129,40.56,1052.1787,82.0,0.98
9130,57.12,995.988,30.0,1.05
9131,47.44,1098.3462,54.0,0.84
9132,46.88,991.7331,60.0,0.98
9133,37.96,1038.6589,17.0,0.97
9134,37.8,1006.6588,29.0,0.98
9135,40.44,1332.887,27.0,0.85
9136,42.8,984.8429,35.0,0.94
9137,55.76,1021.5679,33.0,0.92
9138,37.52,994.1957,13.0,1.01
9139,47.04,1036.0383,38.0,0.96
9140,48.24,1071.8743,84.0,0.97
9141,53.68,1023.7766,25.0,0.83
9142,45.64,1021.289,28.0,0.95
9143,54.2,1047.8302,57.0,0.97
9144,48.0,997.6813,68.0,1.0
9145,53.88,1238.7782,59.0,1.0
9146,45.72,981.6822,36.0,1.02
9147,46.28,1052.1767,26.0,0.93
9148,64.72,1028.149,10.0,1.07
9149,47.56,1038.3816,33.0,0.89
9150,48.16,1129.8581,34.0,1.02
9151,57.24,1037.7825,25.0,1.02
9152,42.56,1034.5134,23.0,0.97
9153,40.76,1012.1998,58.0,0.88
9154,63.8,966.3666,13.0,1.07
9155,55.44,1019.7484,27.0,0.95
9156,29.84,979.9044,112.0,0.85
9157,51.48,1019.9235,34.0,0.9
9158,38.52,1112.2449,48.0,1.06
9159,37.56,1053.0886,101.0,0.96
9160,47.24,1031.5372,25.0,0.94
9161,49.28,1045.2985,12.0,0.97
9162,42.04,1036.0961,81.0,1.09
9163,54.96,1003.8312,53.0,1.08
9164,49.52,1002.1786,42.0,1.08
9165,44.52,1019.5101,10.0,0.86
9166,50.64,1034.7356,53.0,0.89
9167,28.56,996.3108,57.0,0.96
9168,47.16,1115.5449,52.0,0.91
9169,47.04,1071.8841,40.0,0.94
9170,27.8,1040.3793,99.0,0.95
9171,45.56,1064.7493,62.0,0.92
9172,53.6,989.1544,48.0,1.06
9173,42.08,1323.2043,33.0,1.0
9174,63.24,1076.9026,17.0,0.88
9175,25.4,971.9966,58.0,0.86
9176,48.44,1007.9481,26.0,1.08
9177,56.96,1027.3382,20.0,1.09
9178,55.76,1025.8727,11.0,0.84
9179,26.96,980.4279,78.0,0.81
9180,60.72,1271.5643,35.0,1.11
9181,44.84,1036.0741,36.0,0.86
9182,47.76,1142.9248,32.0,0.96
9183,63.32,1032.3991,57.0,0.97
9184,50.92,963.707,55.0,1.01
9185,36.12,992.1776,38.0,0.97
9186,48.16,1012.9622,23.0,1.11
9187,50.08,986.1104,12.0,0.95
9188,44.76,1000.9044,10.0,0.9
9189,30.52,997.5675,60.0,1.01
9190,56.12,991.8141,30.0,1.01
9191,51.32,1024.1969,51.0,1.0
9192,49.04,1017.3776,37.0,1.57
9193,48.76,1010.2347,72.0,0.95
9194,53.84,1054.2518,0.0,0.94
9195,57.96,1019.9973,12.0,1.04
9196,55.04,1092.3391,48.0,0.97
9197,41.12,1011.12,79.0,0.96
9198,51.48,1053.6545,29.0,1.06
9199,46.56,1049.0884,54.0,0.89
9200,44.48,1017.3525,82.0,0.93
9201,47.2,1074.0096,36.0,0.91
9202,55.76,964.5891,3.0,0.95
9203,53.32,1055.1702,7.0,1.05
9204,48.8,1033.8576,36.0,0.88
9205,47.88,1270.2592,51.0,1.06
9206,32.8,978.3765,81.0,0.84
9207,42.2,993.5582,26.0,1.05
9208,37.68,1025.7726,73.0,0.98
9209,57.08,1053.8096,61.0,0.94
9210,48.96,988.0466,47.0,0.91
9211,55.56,981.3225,37.0,0.89
9212,51.56,1030.9172,12.0,0.96
9213,42.24,1103.6566,27.0,0.9
9214,48.16,1132.5281,27.0,0.91
9215,55.72,1403.727,30.0,0.96
9216,45.92,982.8122,66.0,0.89
9217,56.12,1053.2968,50.0,1.07
9218,39.8,1031.2237,49.0,1.06
9219,44.96,993.7756,88.0,1.04
9220,58.16,1072.777,13.0,0.91
9221,64.12,969.5444,35.0,1.03
9222,46.2,1033.3002,86.0,0.94
9223,36.64,1041.6273,36.0,1.51
9224,53.4,1002.3248,18.0,1.04
9225,53.08,1164.9585,29.0,1.07
9226,41.32,999.2337,55.0,1.04
9227,51.8,962.2013,35.0,1.06
9228,29.64,995.3026,51.0,0.81
9229,39.68,980.5538,85.0,1.02
9230,47.68,1053.0522,60.0,0.94
9231,49.56,1188.541,59.0,0.91
9232,56.88,978.2777,60.0,0.99
9233,31.28,1015.9004,25.0,1.22
9234,25.04,968.8263,61.0,0.96
9235,43.08,1127.571,79.0,0.92
9236,37.2,1125.182,42.0,1.01
9237,46.0,1031.1412,11.0,1.01
9238,58.16,994.8568,58.0,1.01
9239,44.2,984.6199,58.0,1.01
9240,49.0,1044.8036,19.0,1.02
9241,44.32,1061.4171,85.0,0.91
9242,48.56,1015.8941,33.0,0.93
9243,50.52,1303.583,80.0,0.9
9244,38.64,1049.3518,37.0,0.87
9245,41.88,1028.7348,43.0,0.88
9246,20.28,1062.5867,104.0,1.02
9247,55.68,1020.2769,61.0,0.97
9248,31.2,1031.3129,60.0,0.86
9249,45.36,996.8523,30.0,1.01
9250,47.84,980.4716,13.0,0.95
9251,51.12,1055.505,60.0,1.01
9252,52.2,1050.032,7.0,0.93
9253,41.72,982.3026,70.0,0.94
9254,37.2,983.9556,64.0,0.99
9255,48.2,979.1999,39.0,1.44
9256,43.76,1056.9956,42.0,0.91
9257,38.28,1010.2044,22.0,0.96
9258,32.4,973.4339,11.0,1.0
9259,53.6,1032.5362,30.0,0.98
9260,39.56,1023.8452,31.0,0.95
9261,50.08,965.6104,28.0,0.97
9262,43.72,1128.7938,35.0,0.86
9263,52.28,981.9765,36.0,0.98
9264,33.84,980.2312,80.0,0.9
9265,44.6,1086.0944,26.0,0.97
9266,54.76,984.6298,11.0,1.07
9267,53.92,1016.2832,30.0,1.15
9268,34.56,1022.3842,44.0,1.12
9269,27.36,970.8498,35.0,0.91
9270,38.4,976.2851,61.0,1.05
9271,39.0,1190.6297,52.0,0.85
9272,32.12,1115.0266,93.0,1.03
9273,26.84,971.3704,55.0,0.95
9274,38.6,1003.9601,27.0,1.03
9275,33.56,1011.1326,53.0,0.9
9276,48.52,1252.4904,50.0,0.97
9277,39.52,1073.4632,51.0,1.03
9278,46.64,1251.1637,86.0,1.03
9279,52.08,1034.6703,7.0,0.95
9280,28.08,966.8953,57.0,0.87
9281,49.12,1031.852,64.0,1.15
9282,40.08,1005.7014,74.0,1.01
9283,54.16,1002.1124,11.0,1.06
9284,34.36,1073.403,62.0,0.9
9285,50.24,1021.8037,9.0,0.97
9286,42.84,1143.9712,41.0,1.56
9287,40.84,1097.7562,37.0,1.0
9288,62.28,1011.8004,28.0,1.02
9289,52.4,1021.3509,10.0,1.05
9290,54.2,1105.9144,24.0,1.0
9291,46.28,1012.5459,19.0,1.02
9292,45.64,1083.032,62.0,1.03
9293,51.96,981.4,31.0,0.93
9294,52.12,1120.0397,79.0,1.01
9295,64.12,1076.9467,17.0,1.01
9296,53.56,1033.7768,56.0,1.03
9297,40.84,1141.7742,70.0,0.88
9298,40.16,966.0468,35.0,0.99
9299,60.08,997.7188,61.0,1.07
9300,60.92,1138.0887,56.0,1.05
9301,44.4,981.1108,22.0,0.87
9302,35.92,1032.5362,98.0,0.87
9303,55.24,1057.3516,57.0,1.01
9304,49.04,1054.2836,30.0,0.95
9305,52.44,1363.7851,62.0,0.99
9306,52.4,1021.0098,37.0,0.81
9307,37.88,979.498,44.0,0.99
9308,33.16,968.355,62.0,0.9
9309,51.68,1045.2969,10.0,0.92
9310,50.8,1009.8902,10.0,0.96
9311,45.0,1015.3573,71.0,1.12
9312,59.0,1009.1829,17.0,1.04
9313,39.24,1059.4639,31.0,1.08
9314,34.64,1001.4613,77.0,1.02
9315,45.76,1064.3892,43.0,0.83
9316,41.32,968.4084,123.0,1.04
9317,50.44,973.4859,32.0,0.98
9318,35.12,1053.5914,57.0,1.49
9319,33.48,978.6308,79.0,0.86
9320,41.92,1121.6062,31.0,0.91
9321,43.56,994.6717,22.0,0.86
9322,42.92,1053.8231,64.0,0.99
9323,54.4,1100.5551,13.0,0.95
9324,56.4,989.0308,59.0,1.15
9325,58.4,1013.7576,12.0,0.99
9326,44.92,1009.2567,32.0,1.01
9327,48.32,1012.1153,71.0,0.9
9328,53.92,1201.053,41.0,0.83
9329,49.84,1225.3635,12.0,0.88
9330,37.64,998.3096,105.0,0.89
9331,42.4,1005.9184,27.0,0.97
9332,50.96,1247.9091,23.0,0.92
9333,57.92,1029.9526,29.0,0.96
9334,41.04,1012.0571,41.0,1.07
9335,54.72,1008.9445,3.0,1.12
9336,43.76,980.8262,27.0,0.94
9337,42.4,1026.8261,9.0,1.03
9338,50.48,1007.6128,60.0,0.93
9339,49.56,1092.0063,25.0,1.11
9340,51.68,1037.6784,2.0,1.2
9341,59.72,1046.8436,43.0,0.99
9342,38.48,1407.4506,66.0,0.93
9343,46.52,1004.4151,22.0,1.05
9344,36.12,1052.3251,38.0,1.04
9345,46.04,993.0612,20.0,0.93
9346,46.96,1018.7461,34.0,0.93
9347,46.8,1047.0341,52.0,1.03
9348,47.32,979.2406,50.0,1.01
9349,39.12,981.8298,51.0,1.49
9350,55.16,1219.5547,37.0,1.01
9351,33.4,987.9775,78.0,0.86
9352,54.64,1015.944,63.0,0.97
9353,45.04,1033.9684,29.0,0.92
9354,46.6,988.4658,75.0,0.98
9355,47.72,987.9132,107.0,0.93
9356,45.56,1040.2455,24.0,0.94
9357,48.96,1005.1204,41.0,0.9
9358,59.6,997.936,28.0,1.05
9359,25.28,998.6058,104.0,0.88
9360,48.2,1174.7412,23.0,0.94
9361,57.68,1048.6197,10.0,1.0
9362,50.52,1037.2409,38.0,1.05
9363,41.16,1007.0309,52.0,1.0
9364,59.64,1013.5166,32.0,0.94
9365,34.4,993.4741,82.0,0.93
9366,43.92,1060.3089,50.0,0.97
9367,40.64,985.5245,45.0,0.9
9368,52.8,980.4487,21.0,1.02
9369,45.56,979.884,84.0,1.0
9370,25.04,991.1538,73.0,0.79
9371,54.6,1048.2927,30.0,1.07
9372,48.88,1119.6658,33.0,0.97
9373,41.68,989.4912,47.0,0.85
9374,52.04,967.7502,86.0,0.85
9375,58.68,1005.0386,45.0,1.18
9376,39.4,1022.8725,63.0,1.0
9377,48.4,963.5583,7.0,1.04
9378,49.88,1079.6106,98.0,0.88
9379,34.0,1018.6876,30.0,0.96
9380,57.92,1070.2705,30.0,0.9
9381,54.36,1020.5902,38.0,1.02
9382,36.56,1027.9183,12.0,0.83
9383,45.64,1008.6133,39.0,0.93
9384,33.28,968.92,60.0,0.88
9385,43.48,1026.8121,20.0,0.96
9386,55.28,1022.5197,25.0,0.91
9387,56.64,971.4398,32.0,0.98
9388,41.92,979.3102,70.0,0.86
9389,60.76,1043.3492,31.0,1.0
9390,36.08,1347.3282,77.0,0.8
9391,36.72,1024.5952,7.0,0.95
9392,38.28,1034.8382,17.0,0.91
9393,56.52,1009.0337,31.0,1.0
9394,41.12,1100.4995,51.0,1.01
9395,40.0,984.082,42.0,0.66
9396,54.52,1025.7718,37.0,1.07
9397,39.16,1007.2476,96.0,0.93
9398,34.36,975.257,57.0,1.02
9399,44.08,994.3548,94.0,1.08
9400,58.16,1015.605,26.0,0.94
9401,62.32,1059.6232,22.0,1.1
9402,44.32,989.3194,52.0,1.02
9403,50.08,1011.6185,61.0,0.96
9404,52.6,1024.01,61.0,0.96
9405,43.92,981.232,73.0,1.08
9406,30.96,999.4751,68.0,1.03
9407,51.68,1018.0359,21.0,0.98
9408,53.08,1105.2408,71.0,0.95
9409,38.28,989.7264,45.0,1.04
9410,54.4,1012.9988,14.0,1.38
9411,46.56,1035.2403,26.0,0.89
9412,42.72,1029.833,57.0,1.46
9413,49.08,1062.432,51.0,1.05
9414,51.96,964.2052,5.0,1.04
9415,43.36,980.6909,71.0,1.01
9416,55.88,1004.7058,28.0,1.01
9417,56.92,1031.0462,33.0,1.05
9418,38.04,1016.3085,53.0,1.07
9419,48.04,1010.0215,51.0,0.96
9420,58.84,993.4042,30.0,1.01
9421,60.16,1222.7637,46.0,0.94
9422,39.36,1283.7785,29.0,0.87
9423,55.88,1006.6912,55.0,1.01
9424,52.88,1044.948,43.0,0.98
9425,26.64,1000.7057,59.0,0.86
9426,49.48,982.4945,31.0,0.96
9427,34.64,1100.92,62.0,0.82
9428,49.44,1024.5332,27.0,0.93
9429,44.96,995.6904,48.0,0.92
9430,47.92,978.869,35.0,0.96
9431,56.44,1016.3212,34.0,0.95
9432,57.44,1057.108,43.0,0.94
9433,47.16,1009.6957,36.0,0.89
9434,58.32,1021.0278,28.0,0.95
9435,29.0,979.2454,96.0,0.98
9436,60.72,1008.4383,4.0,0.96
9437,49.12,1047.9582,53.0,0.99
9438,36.76,981.6194,30.0,0.97
9439,46.56,1012.5461,56.0,1.01
9440,43.72,1063.9346,54.0,1.04
9441,51.68,1008.758,84.0,0.93
9442,58.88,976.5684,28.0,1.02
9443,54.68,1033.3522,24.0,1.42
9444,50.92,1045.9071,45.0,0.99
9445,46.16,982.815,83.0,0.88
9446,48.8,1026.3402,75.0,1.23
9447,38.52,1013.105,11.0,0.89
9448,43.8,1019.5654,119.0,0.98
9449,47.52,1055.1641,35.0,1.0
9450,58.64,1034.9456,12.0,0.94
9451,41.76,997.5422,104.0,0.94
9452,58.04,1052.8702,36.0,1.06
9453,50.68,976.6824,5.0,0.94
9454,57.24,1001.947,38.0,1.01
9455,42.8,1016.2898,12.0,0.96
9456,48.48,1109.7244,15.0,0.89
9457,47.6,1058.4208,13.0,0.89
9458,62.52,1070.8955,58.0,1.0
9459,26.6,1012.6365,62.0,1.03
9460,55.32,965.2608,18.0,1.06
9461,41.12,974.8825,13.0,0.95
9462,46.76,1322.1462,33.0,0.87
9463,42.84,1056.9207,8.0,0.95
9464,39.44,1078.5263,14.0,0.97
9465,60.44,965.5981,9.0,1.04
9466,42.56,1055.6181,74.0,0.88
9467,42.88,1055.5942,46.0,1.07
9468,33.16,998.9421,20.0,1.01
9469,56.68,1004.4064,17.0,1.03
9470,47.6,1048.8899,59.0,0.96
9471,48.16,988.5623,33.0,1.01
9472,49.6,1136.9619,31.0,1.06
9473,50.52,1322.008,32.0,1.0
9474,51.32,1128.468,72.0,0.97
9475,43.36,1038.2572,37.0,1.61
9476,57.48,1015.6261,11.0,1.07
9477,44.0,1008.0703,48.0,0.91
9478,35.28,1034.6553,27.0,1.0
9479,36.32,1032.2147,98.0,1.0
9480,45.72,980.8846,35.0,0.87
9481,58.84,964.9678,31.0,1.07
9482,45.56,1030.8655,13.0,0.99
9483,61.68,961.8125,9.0,1.02
9484,59.44,997.0905,39.0,0.93
9485,35.92,985.3277,44.0,0.92
9486,52.6,1049.1732,11.0,0.95
9487,48.88,990.8898,60.0,0.97
9488,58.2,1012.6569,31.0,0.96
9489,48.76,969.1257,18.0,1.06
9490,22.28,969.6145,84.0,0.92
9491,41.88,1046.28,32.0,0.98
9492,53.52,990.9902,18.0,1.02
9493,40.16,976.137,11.0,0.98
9494,33.08,1021.1123,61.0,1.13
9495,41.84,1143.2527,79.0,0.92
9496,58.4,1077.6753,56.0,1.14
9497,50.0,1159.4632,43.0,1.02
9498,40.36,1121.3569,90.0,1.0
9499,65.68,963.6693,9.0,0.89
9500,46.24,1054.1921,39.0,0.95
9501,43.04,988.3212,59.0,0.84
9502,60.16,991.6812,39.0,0.89
9503,52.4,993.7486,34.0,1.06
9504,55.32,1059.5832,15.0,1.01
9505,42.08,1011.5185,48.0,1.53
9506,39.24,996.4236,30.0,1.0
9507,47.52,1004.0813,43.0,1.0
9508,63.32,1061.5268,30.0,0.87
9509,45.72,983.82,49.0,0.96
9510,50.2,1172.9106,13.0,1.03
9511,25.84,999.1197,33.0,1.07
9512,57.08,1026.4916,34.0,0.97
9513,58.88,1055.7514,49.0,0.98
9514,46.32,991.4545,79.0,1.03
9515,49.68,1062.3658,77.0,0.91
9516,45.68,967.5346,38.0,0.91
9517,36.4,980.0764,44.0,1.12
9518,47.32,1031.0709,10.0,0.93
9519,40.36,1040.7524,52.0,0.82
9520,47.12,1100.6389,18.0,0.86
9521,25.4,968.6564,85.0,0.92
9522,38.12,993.7491,51.0,0.83
9523,62.28,1286.0208,32.0,1.03
9524,57.64,1007.6396,31.0,1.08
9525,31.96,1146.5044,98.0,0.96
9526,55.8,1035.7802,60.0,1.03
9527,65.44,1026.8202,9.0,0.79
9528,51.08,1163.8536,44.0,0.93
9529,46.48,994.9514,31.0,1.03
9530,46.08,1055.0865,51.0,1.05
9531,41.2,1010.7117,14.0,0.82
9532,62.12,1008.2511,17.0,0.98
9533,58.44,993.7594,5.0,0.87
9534,48.84,1018.8286,38.0,0.89
9535,26.6,975.9061,57.0,0.95
9536,44.08,1025.5632,37.0,0.94
9537,35.4,978.1773,59.0,0.95
9538,40.64,1054.7746,86.0,1.48
9539,49.84,988.8192,74.0,0.92
9540,37.24,1143.8527,36.0,1.05
9541,38.04,1002.0994,29.0,1.0
9542,57.28,963.9509,9.0,0.96
9543,48.16,1023.802,34.0,0.97
9544,42.16,1011.4254,62.0,0.86
9545,29.96,1026.2996,22.0,0.97
9546,48.84,1062.5995,11.0,0.95
9547,54.04,990.1574,40.0,0.92
9548,41.2,982.123,51.0,0.91
9549,52.12,1011.5922,51.0,0.95
9550,51.12,1064.942,41.0,1.07
9551,25.92,967.6628,35.0,0.92
9552,56.4,1132.7153,10.0,0.93
9553,38.64,1004.3041,27.0,1.14
9554,47.16,1152.7801,73.0,1.05
9555,55.48,1089.9196,49.0,0.97
9556,42.8,1326.0314,32.0,0.98
9557,39.56,1040.801,40.0,0.98
9558,62.0,994.7364,6.0,1.03
9559,47.24,1013.5869,37.0,0.95
9560,54.56,988.8326,38.0,1.05
9561,59.12,988.1537,54.0,0.85
9562,53.96,1100.7779,41.0,0.88
9563,45.52,1113.8708,23.0,0.98
9564,42.24,995.9448,21.0,1.09
9565,41.88,1005.1444,64.0,1.06
9566,55.24,1004.1483,7.0,1.04
9567,58.84,1052.3366,59.0,0.91
9568,48.76,977.1023,34.0,0.9
9569,49.72,1125.2612,46.0,2.06
9570,52.68,1029.7421,10.0,0.94
9571,47.72,1119.9671,43.0,0.9
9572,52.64,1006.5342,33.0,1.05
9573,43.4,1028.6067,50.0,0.91
9574,46.08,984.6134,34.0,1.02
9575,51.28,1225.2335,23.0,1.11
9576,49.88,1012.0224,40.0,0.94
9577,49.92,1091.9564,56.0,0.96
9578,58.28,991.0227,42.0,0.95
9579,43.44,1122.0666,12.0,0.95
9580,43.24,1166.1836,12.0,0.88
9581,45.24,984.2378,60.0,0.99
9582,41.72,1193.2086,31.0,1.04
9583,57.96,1047.3599,33.0,0.98
9584,43.28,986.2401,31.0,1.05
9585,39.28,976.217,78.0,0.92
9586,48.52,979.3717,34.0,1.01
9587,39.68,1049.9803,55.0,0.95
9588,43.88,1013.2556,77.0,1.07
9589,27.48,979.3248,78.0,0.82
9590,49.32,1101.4825,31.0,1.13
9591,39.08,1088.6816,59.0,0.93
9592,55.72,1145.1352,35.0,1.0
9593,40.48,1055.032,76.0,1.04
9594,49.04,1023.7095,24.0,0.99
9595,47.32,1015.817,56.0,0.89
9596,62.44,1018.403,3.0,0.92
9597,45.6,1065.6048,121.0,0.96
9598,46.2,1036.1716,65.0,1.02
9599,43.48,981.6925,35.0,0.9
9600,32.32,1009.7676,51.0,1.37
9601,42.32,1014.6793,59.0,1.0
9602,61.88,1059.4599,28.0,0.93
9603,49.84,987.0766,47.0,0.97
9604,56.68,1022.943,33.0,1.04
9605,37.52,1061.604,84.0,0.99
9606,43.84,966.6592,74.0,1.0
9607,50.04,1015.8364,60.0,0.94
9608,47.76,1014.0845,53.0,1.05
9609,59.24,977.9324,33.0,1.03
9610,49.04,1034.6745,36.0,1.02
9611,38.6,993.0506,51.0,0.99
9612,36.88,986.0154,44.0,1.0
9613,56.96,992.2084,48.0,0.89
9614,49.32,1054.6953,11.0,0.98
9615,47.72,1231.6061,8.0,0.87
9616,50.16,1026.9273,43.0,1.0
9617,57.96,1382.2527,14.0,0.84
9618,52.48,1172.4613,35.0,0.89
9619,24.44,1011.4096,75.0,1.05
9620,41.2,981.026,84.0,0.85
9621,51.6,1076.5865,31.0,0.85
9622,40.44,981.1718,99.0,0.77
9623,49.08,1061.7973,70.0,1.13
9624,39.4,1050.8914,40.0,1.12
9625,37.76,977.9628,93.0,0.83
9626,33.8,996.7897,77.0,1.04
9627,48.12,1047.5049,42.0,1.0
9628,46.64,1044.5889,32.0,0.97
9629,60.16,967.2986,42.0,1.03
9630,48.6,991.0762,57.0,0.93
9631,53.84,977.4142,61.0,0.88
9632,51.4,963.0241,87.0,1.36
9633,49.6,1053.4855,37.0,0.85
9634,31.64,1034.431,61.0,0.94
9635,57.64,994.8132,83.0,0.99
9636,38.28,1325.6222,57.0,0.97
9637,37.48,995.2166,120.0,1.02
9638,40.0,984.3393,84.0,0.92
9639,33.28,997.4842,54.0,1.02
9640,44.76,1042.5742,86.0,1.0
9641,46.12,981.4494,75.0,0.96
9642,53.8,1101.279,85.0,0.93
9643,23.44,974.4804,81.0,1.03
9644,51.44,1141.2569,10.0,0.87
9645,37.88,975.0888,59.0,0.95
9646,50.68,1014.7669,37.0,0.99
9647,38.44,1024.952,32.0,0.91
9648,50.68,1028.3336,72.0,0.84
9649,39.88,1062.7188,41.0,0.99
9650,48.48,1030.7349,58.0,0.92
9651,39.48,988.4989,103.0,0.91
9652,52.6,975.6397,10.0,0.96
9653,45.24,1074.7552,32.0,0.84
9654,49.08,987.1929,52.0,1.02
9655,40.28,991.0226,73.0,0.96
9656,43.2,978.7849,62.0,0.94
9657,45.56,1031.8767,36.0,1.0
9658,48.68,1235.463,57.0,1.14
9659,38.04,967.2634,27.0,0.99
9660,49.84,1033.6943,34.0,0.97
9661,50.08,1038.7858,30.0,0.93
9662,37.64,982.914,33.0,1.04
9663,52.04,1049.8167,34.0,0.79
9664,44.92,978.7255,59.0,1.48
9665,45.72,1109.5295,55.0,1.01
9666,41.52,999.162,42.0,0.82
9667,60.36,1011.6216,59.0,1.01
9668,46.52,965.1832,37.0,0.97
9669,29.28,970.2591,50.0,1.02
9670,36.12,974.9774,48.0,1.05
9671,60.08,1079.6156,47.0,1.11
9672,61.72,966.0737,35.0,0.98
9673,34.76,968.7609,50.0,0.87
9674,46.56,1010.3491,3.0,0.99
9675,43.76,1038.3055,29.0,1.02
9676,48.24,1131.7361,30.0,0.93
9677,29.4,1004.4636,52.0,0.94
9678,33.52,985.043,74.0,0.91
9679,44.28,1032.1309,60.0,1.06
9680,54.44,1019.137,48.0,1.13
9681,62.76,1003.9882,48.0,1.02
9682,57.88,1314.2514,63.0,0.95
9683,58.32,963.217,58.0,1.06
9684,42.32,1047.9554,17.0,0.94
9685,56.76,1097.3925,29.0,0.95
9686,50.2,1403.5876,32.0,0.95
9687,40.32,978.2144,52.0,0.99
9688,34.4,977.137,59.0,0.96
9689,52.0,1102.1184,7.0,0.93
9690,38.76,1026.0437,30.0,1.03
9691,46.88,1028.2058,37.0,0.92
9692,51.56,1072.4779,63.0,0.88
9693,39.68,984.0119,99.0,0.96
9694,44.96,1160.2533,41.0,1.1
9695,48.0,1006.9489,34.0,1.51
9696,43.16,1033.5082,33.0,0.95
9697,54.52,1021.7618,36.0,0.97
9698,45.0,1014.0315,59.0,1.16
9699,34.08,1086.0658,89.0,0.95
9700,50.6,1052.0581,62.0,0.86
9701,38.44,1190.347,57.0,0.9
9702,50.68,1117.196,29.0,1.0
9703,61.92,966.8618,36.0,0.97
9704,51.2,1061.2157,55.0,1.02
9705,49.4,1072.8526,71.0,1.06
9706,44.2,1077.8052,76.0,0.94
9707,38.4,982.3362,31.0,0.88
9708,31.84,985.8816,68.0,1.05
9709,49.88,980.3372,37.0,0.97
9710,40.84,998.8107,49.0,1.01
9711,53.4,977.137,61.0,0.82
9712,44.56,1031.8775,87.0,0.98
9713,42.68,984.4204,34.0,1.0
9714,56.68,979.8381,32.0,0.99
9715,47.08,1384.5867,17.0,1.06
9716,55.68,1005.5891,18.0,1.04
9717,44.88,1049.4988,45.0,0.99
9718,44.2,1147.0227,51.0,0.91
9719,38.44,978.5044,82.0,1.05
9720,53.68,1393.656,53.0,0.98
9721,41.92,990.5131,71.0,0.95
9722,45.8,975.99,53.0,0.94
9723,44.04,1028.7149,35.0,0.9
9724,48.84,1042.5876,37.0,1.02
9725,24.88,1000.0302,97.0,0.88
9726,57.04,975.966,32.0,1.47
9727,50.44,1061.3387,10.0,0.93
9728,46.72,1053.4867,36.0,0.99
9729,29.84,999.4906,44.0,0.86
9730,42.4,967.2366,53.0,1.21
9731,54.96,1043.8643,28.0,0.73
9732,41.84,1034.3652,34.0,0.91
9733,33.88,964.5003,92.0,1.03
9734,47.64,1066.096,29.0,0.76
9735,58.8,1173.6747,33.0,0.94
9736,29.76,987.013,34.0,1.02
9737,40.36,1324.7239,74.0,0.97
9738,48.04,1051.803,57.0,0.96
9739,38.4,993.8463,6.0,1.07
9740,59.24,1006.5619,57.0,1.07
9741,60.08,1031.8827,29.0,0.99
9742,50.0,1032.9433,19.0,0.99
9743,42.08,1008.4612,43.0,0.81
9744,52.96,993.4033,49.0,0.93
9745,52.52,976.5278,49.0,0.96
9746,57.2,988.5792,58.0,0.98
9747,63.68,1002.6995,6.0,1.02
9748,29.88,978.8636,57.0,0.97
9749,43.28,978.8872,36.0,0.96
9750,51.28,1121.5541,22.0,0.97
9751,54.52,967.0038,11.0,0.97
9752,36.72,1048.3068,57.0,0.92
9753,50.12,1037.0552,66.0,0.99
9754,45.28,1304.5601,12.0,1.02
9755,28.6,995.6471,35.0,0.8
9756,49.28,1012.5192,36.0,1.07
9757,41.28,979.5761,25.0,0.9
9758,50.4,1019.7771,53.0,0.96
9759,49.52,1131.3976,41.0,1.53
9760,56.44,1047.3702,32.0,0.93
9761,42.28,973.5719,26.0,0.97
9762,48.88,1258.7652,37.0,0.99
9763,37.72,996.6197,94.0,0.91
9764,47.6,1046.6252,59.0,1.09
9765,69.96,1019.2662,9.0,0.95
9766,46.16,1018.1136,10.0,0.84
9767,55.08,1049.9227,54.0,0.9
9768,63.8,991.808,57.0,1.02
9769,46.44,985.8423,30.0,0.92
9770,41.96,1151.1064,91.0,0.98
9771,35.4,1029.174,42.0,1.0
9772,47.0,993.9536,25.0,1.35
9773,40.52,1015.4015,54.0,1.09
9774,41.0,1010.3124,37.0,1.38
9775,38.08,980.8987,79.0,1.0
9776,42.8,1024.3532,57.0,1.16
9777,48.76,1125.1294,2.0,0.95
9778,60.8,1001.4399,9.0,1.07
9779,45.76,983.5345,50.0,1.03
9780,50.52,978.733,22.0,1.1
9781,46.6,1064.9617,152.0,0.97
9782,50.84,1008.2134,46.0,1.09
9783,51.28,1023.559,60.0,1.2
9784,44.88,1038.3983,74.0,0.96
9785,51.48,1015.6612,41.0,1.08
9786,58.96,1001.8128,41.0,0.99
9787,47.52,1052.8788,12.0,0.92
9788,52.96,1031.5273,32.0,1.58
9789,49.24,1045.4106,10.0,1.05
9790,25.88,1046.9885,66.0,1.1
9791,53.32,1051.8697,35.0,1.21
9792,64.56,1118.4567,10.0,1.15
9793,44.04,1278.1938,52.0,1.22
9794,45.48,1246.1844,84.0,1.0
9795,57.2,1059.739,56.0,1.03
9796,46.04,1000.0906,11.0,1.11
9797,47.12,1161.0162,36.0,1.27
9798,48.12,1051.0988,35.0,1.32
9799,45.68,1200.9117,86.0,1.37
9800,40.64,1031.8957,80.0,2.21
9801,49.96,1210.5302,7.0,0.95
9802,33.84,998.4506,32.0,0.86
9803,44.44,1014.2016,25.0,0.96
9804,33.4,993.6214,103.0,0.87
9805,52.52,1050.8803,50.0,1.03
9806,40.32,1003.6929,39.0,0.79
9807,48.64,985.4668,64.0,1.05
9808,45.32,1210.7564,27.0,0.97
9809,52.0,1032.8356,6.0,1.02
9810,27.6,1022.4176,79.0,1.02
9811,44.96,1023.3148,32.0,1.05
9812,44.84,1032.4721,35.0,0.89
9813,38.48,994.9552,33.0,0.95
9814,54.96,1212.7475,50.0,0.94
9815,60.48,965.498,36.0,0.89
9816,53.04,1053.3838,83.0,0.89
9817,46.32,1323.2709,57.0,1.58
9818,45.12,1406.991,29.0,1.02
9819,52.88,990.9333,48.0,1.11
9820,40.44,1033.8476,31.0,1.06
9821,42.56,977.042,63.0,0.95
9822,30.28,990.3295,46.0,0.95
9823,40.0,1009.5738,39.0,0.93
9824,53.24,1018.7123,39.0,0.96
9825,38.12,1029.4374,57.0,0.91
9826,46.52,1249.433,81.0,1.03
9827,30.08,983.095,61.0,0.94
9828,55.56,1016.2112,29.0,0.92
9829,46.24,1020.4441,61.0,0.91
9830,49.32,1012.1698,34.0,0.93
9831,59.2,979.8213,35.0,0.87
9832,58.2,1051.2994,12.0,1.05
9833,47.24,981.4054,58.0,1.03
9834,44.76,980.5729,59.0,1.03
9835,35.44,1042.4238,69.0,1.0
9836,52.48,1387.5539,46.0,1.04
9837,62.72,1066.4502,34.0,1.02
9838,51.04,1019.9926,33.0,1.15
9839,34.72,985.509,75.0,0.91
9840,59.56,964.7934,36.0,0.95
9841,29.32,1001.6602,60.0,1.01
9842,46.52,1052.082,37.0,1.02
9843,57.36,1062.1361,35.0,0.87
9844,58.6,991.211,7.0,0.89
9845,53.6,1055.0662,15.0,0.92
9846,57.2,998.1042,33.0,1.02
9847,44.68,1011.5203,33.0,1.04
9848,55.0,1030.3198,59.0,1.53
9849,57.72,1032.8305,23.0,0.93
9850,61.08,1285.1222,36.0,1.03
9851,33.12,1051.865,34.0,0.94
9852,36.44,984.5177,82.0,0.87
9853,51.04,1029.7352,50.0,1.04
9854,50.64,1075.193,72.0,0.97
9855,49.84,1137.4687,37.0,0.88
9856,47.72,1137.6281,57.0,0.85
9857,56.08,989.6364,32.0,0.99
9858,40.52,999.9713,53.0,1.02
9859,50.48,1006.2759,15.0,0.97
9860,48.16,1018.7344,85.0,0.93
9861,33.36,1074.6577,80.0,1.0
9862,50.4,1016.0168,83.0,0.88
9863,45.96,1202.4414,60.0,0.97
9864,27.84,969.4652,56.0,0.91
9865,43.68,1110.8954,60.0,0.96
9866,43.24,1042.2119,48.0,1.02
9867,28.96,1371.358,71.0,0.98
9868,46.44,1002.6033,70.0,1.06
9869,54.52,1070.3432,30.0,0.97
9870,36.8,974.4291,57.0,0.92
9871,42.84,1153.1269,45.0,0.98
9872,45.92,1002.7511,43.0,0.89
9873,59.32,993.4324,6.0,1.03
9874,40.56,1053.8893,39.0,0.94
9875,46.04,1017.2292,7.0,0.93
9876,52.52,1031.8254,14.0,1.03
9877,46.68,1012.7414,9.0,1.01
9878,40.32,1031.665,56.0,1.11
9879,52.52,1065.9965,88.0,0.93
9880,38.72,1033.7219,61.0,1.32
9881,44.72,1047.3751,76.0,0.93
9882,55.76,1115.523,6.0,0.97
9883,49.56,991.1973,7.0,1.05
9884,49.4,1035.914,28.0,0.89
9885,46.2,1050.4005,61.0,0.91
9886,39.92,1012.5211,63.0,1.02
9887,38.68,989.3171,23.0,0.93
9888,23.8,980.6156,110.0,0.96
9889,44.88,1245.4312,16.0,0.98
9890,25.2,983.2289,109.0,0.98
9891,50.32,1006.753,35.0,1.0
9892,48.24,1028.7222,24.0,0.93
9893,58.2,1392.0159,30.0,0.93
9894,36.36,973.0932,24.0,1.01
9895,38.0,1010.4066,32.0,0.97
9896,46.36,976.3179,85.0,1.0
9897,50.4,993.0554,52.0,1.0
9898,51.84,976.6997,31.0,1.01
9899,42.08,985.6491,60.0,0.93
9900,30.56,972.79,84.0,0.9
9901,46.24,1054.9261,61.0,0.88
9902,43.92,1060.0298,7.0,0.89
9903,38.84,981.7139,58.0,1.0
9904,54.64,1014.5189,57.0,0.96
9905,26.76,999.7133,132.0,0.96
9906,40.76,999.0858,47.0,1.05
9907,43.0,1022.1823,52.0,0.91
9908,43.56,1011.0377,46.0,1.06
9909,46.76,1033.3564,18.0,0.99
9910,33.2,976.3839,36.0,0.85
9911,40.68,1026.5393,71.0,1.72
9912,50.24,993.4671,140.0,1.13
9913,50.36,1025.3259,13.0,0.97
9914,45.96,1051.4403,28.0,0.96
9915,43.2,1032.947,79.0,0.87
9916,48.44,1039.4643,36.0,1.02
9917,45.72,1007.2535,131.0,0.89
9918,46.08,1029.7035,34.0,0.95
9919,40.64,1131.24,83.0,0.94
9920,39.56,988.9454,44.0,0.85
9921,48.52,1059.1045,16.0,0.88
9922,38.16,1009.8472,35.0,0.95
9923,26.6,1009.9451,81.0,1.04
9924,43.64,1219.3184,23.0,1.13
9925,46.56,1142.2452,33.0,0.86
9926,60.28,967.1248,23.0,1.02
9927,57.76,998.7502,16.0,1.01
9928,49.72,1259.2839,38.0,0.99
9929,61.32,979.8174,34.0,0.92
9930,50.64,1015.1952,51.0,0.85
9931,45.0,1141.6102,46.0,1.0
9932,53.32,986.009,75.0,1.0
9933,49.4,1016.9515,70.0,0.87
9934,45.52,1065.2239,2.0,0.94
9935,37.28,975.6347,32.0,1.03
9936,35.88,1053.7725,56.0,0.93
9937,52.36,1053.8834,92.0,0.9
9938,44.16,1067.6292,44.0,0.93
9939,35.24,980.2615,117.0,1.01
9940,51.8,1036.6513,61.0,1.04
9941,28.72,1008.395,41.0,0.94
9942,44.24,1042.6832,95.0,1.6
9943,44.8,979.4774,73.0,0.89
9944,62.88,1002.6588,48.0,1.01
9945,56.2,1011.9308,6.0,1.01
9946,43.36,1278.7084,58.0,1.01
9947,49.96,992.6468,17.0,1.04
9948,45.08,1052.479,53.0,0.95
9949,48.28,1007.4107,10.0,0.87
9950,49.08,1010.9755,83.0,0.84
9951,36.6,1409.7804,75.0,0.9
9952,37.76,999.0714,42.0,1.0
9953,54.56,978.648,25.0,1.0
9954,59.12,1017.7723,9.0,1.04
9955,52.56,1023.2002,65.0,0.99
9956,51.24,1011.2578,7.0,0.97
9957,44.92,983.6188,58.0,0.82
9958,37.28,1060.5323,48.0,1.04
9959,48.76,1031.7686,57.0,1.03
9960,33.8,1024.7198,22.0,0.92
9961,61.56,1023.7069,21.0,1.0
9962,51.2,1019.4065,11.0,0.91
9963,58.56,1022.3169,33.0,1.07
9964,59.12,1020.231,41.0,0.99
9965,34.8,1289.6468,42.0,1.01
9966,59.96,1011.892,14.0,0.91
9967,43.52,1038.1488,67.0,0.92
9968,28.12,995.9602,52.0,0.86
9969,53.8,1060.8758,62.0,0.92
9970,38.44,1012.8813,36.0,0.83
9971,41.88,981.3016,67.0,1.02
9972,58.88,1138.639,35.0,0.82
9973,50.08,963.2921,33.0,0.91
9974,43.52,1034.5865,47.0,0.99
9975,51.72,1036.0709,18.0,1.47
9976,50.44,1129.3748,59.0,1.13
9977,47.32,982.5954,61.0,1.05
9978,46.96,979.5186,32.0,0.98
9979,54.32,1137.9552,45.0,1.04
9980,48.76,1002.2748,47.0,0.99
9981,44.12,1051.2116,58.0,0.89
9982,46.76,1098.1057,35.0,1.26
9983,37.44,1007.2829,25.0,1.01
9984,23.6,1001.429,48.0,0.91
9985,34.4,996.5518,36.0,0.87
9986,55.12,964.0408,60.0,0.98
9987,44.52,977.4971,55.0,0.98
9988,54.24,977.4928,110.0,0.95
9989,51.52,1033.9985,55.0,0.97
9990,54.28,1032.4539,22.0,0.99
9991,44.0,1049.514,58.0,0.94
9992,49.4,1035.5252,39.0,0.8
9993,40.2,1032.9623,30.0,0.94
9994,57.36,1093.6653,35.0,1.04
9995,45.96,1036.8349,53.0,1.03
9996,49.76,1017.4055,57.0,1.01
9997,43.72,1052.1039,32.0,0.97
9998,55.56,1069.0246,36.0,0.95
9999,42.88,1034.5488,67.0,0.89
10000,46.92,1018.1892,11.0,0.98
