episode,avg_pods,avg_latency,reward,execution_time
1,9.04,1.413,-3501.98,0.16
2,9.24,56.4519,-2757.28,0.16
3,6.56,76.3063,-3005.4,0.21
4,7.12,547452.9163,-3271.99,0.21
5,8.36,0.045,-2750.25,0.2
6,8.0,15.9006,-3469.83,0.17
7,9.8,179.7975,-3388.51,0.68
8,10.08,279.6959,-4005.51,0.17
9,9.72,352768.1174,-2875.54,0.16
10,8.48,39.2427,-4084.54,0.16
11,6.28,504814.7001,-2613.79,0.19
12,7.64,0.2388,-3000.2,0.21
13,7.64,56498.5336,-2565.64,0.15
14,5.28,710579.8238,-3014.31,0.16
15,8.56,1.0239,-2520.09,0.14
16,9.72,56477.125,-4000.17,0.17
17,8.36,0.4891,-2001.16,0.23
18,12.0,149.4505,-3023.9,0.15
19,9.0,360172.5495,-4369.21,0.17
20,7.48,359863.5733,-4250.3,0.28
21,8.64,346895.8204,-2815.68,0.25
22,8.32,391939.906,-4508.59,0.19
23,6.72,67848.994,-3750.27,0.23
24,7.96,0.272,-2501.59,0.17
25,9.76,121811.791,-2819.98,0.24
26,11.28,288534.0339,-3195.71,0.2
27,10.32,5.4862,-2878.0,0.23
28,10.64,169446.6048,-3023.8,0.31
29,10.72,34860.2053,-4000.6,0.18
30,9.08,67852.9284,-2000.85,0.27
31,12.04,713922.8199,-3009.18,0.29
32,9.16,7.6762,-4186.52,0.28
33,8.92,1420956.1838,-2944.94,0.34
34,8.56,553236.9712,-4693.0,0.44
35,9.52,0.0644,-4751.05,0.37
36,9.36,796902.5643,-4008.66,0.22
37,9.08,508347.051,-3761.92,0.27
38,8.4,10.3693,-2758.88,0.33
39,10.0,1073543.3712,-3750.54,0.24
40,9.76,760272.8833,-3250.5,0.2
41,7.4,21.2378,-3338.01,0.22
42,6.44,5.3416,-1839.96,0.35
43,8.24,530063.4632,-3507.43,0.2
44,9.96,157667.0079,-4005.46,0.26
45,9.72,33887.6265,-2828.14,0.29
46,10.0,193440.7635,-3529.69,0.3
47,8.04,126.615,-3126.35,0.4
48,7.04,362340.2516,-3430.53,0.3
49,11.92,421.0198,-2751.4,0.39
50,9.8,722584.0841,-3253.94,0.31
51,7.68,3.9844,-4033.99,0.29
52,8.0,381.2464,-2777.76,0.48
53,8.32,1120.028,-3503.96,0.57
54,11.52,3.418,-2335.37,0.4
55,9.32,304503.1692,-3504.91,0.42
56,10.96,468189.5176,-4255.75,0.34
57,9.76,113450.3142,-2757.6,0.3
58,8.0,594843.4081,-4000.44,0.19
59,5.48,8308.6389,-3000.37,0.2
60,11.28,4.3072,-3790.89,0.23
61,9.76,19.4228,-3002.65,0.19
62,10.88,5720.258,-2529.35,0.2
63,10.4,1.7671,-3750.16,0.23
64,7.88,2.1482,-3269.83,0.18
65,7.96,1079107.4923,-4250.73,0.16
66,8.04,4.7418,-2618.42,0.17
67,6.64,168270.0912,-2751.52,0.21
68,10.64,358125.147,-2982.38,0.27
69,10.44,2256.1978,-2888.4,0.17
70,12.16,1055976.9817,-3500.51,0.29
71,7.96,175968.1685,-2007.75,0.24
72,9.88,119907.3267,-3401.36,0.17
73,7.2,3326.9744,-3768.69,0.17
74,8.08,2013.5877,-2532.97,0.17
75,10.68,2159070.0336,-3355.72,0.2
76,10.12,1.228,-3752.37,0.17
77,10.72,357047.1262,-3533.58,0.17
78,8.28,17.5889,-2557.91,0.18
79,10.04,719394.2501,-2274.25,0.16
80,8.56,2.2782,-2040.99,0.18
81,6.88,0.6226,-2501.91,0.24
82,8.12,135699.1222,-2542.88,0.27
83,8.32,510712.9532,-2755.29,0.21
84,8.88,1079716.7956,-4250.16,0.26
85,7.56,3.1515,-2575.81,0.32
86,9.2,1798483.6076,-3501.61,0.2
87,10.4,11.298,-3252.61,0.19
88,6.96,884216.7415,-3826.97,0.17
89,7.68,434157.2838,-3256.16,0.2
90,8.64,719581.5749,-4000.2,0.23
91,11.96,23.1364,-4450.75,0.21
92,10.12,131893.4176,-3250.25,0.21
93,5.72,6.5012,-2162.42,0.19
94,6.0,21.1685,-3518.3,0.18
95,10.52,2703.5066,-2750.78,0.23
96,9.12,385.5634,-2643.83,0.19
97,11.68,0.5223,-4257.41,0.21
98,10.88,4857.7548,-3551.79,0.19
99,10.48,340067.4055,-2763.1,0.24
100,6.6,1427282.4784,-3504.95,0.24
101,8.92,597962.9294,-3000.14,0.24
102,8.52,9306.1185,-3285.19,0.78
103,10.8,717598.9686,-3500.17,0.36
104,7.72,623.9815,-3031.21,0.38
105,10.48,2575.1167,-3043.17,0.32
106,8.76,1026.9043,-2253.3,0.28
107,8.08,2136490.3856,-3501.28,0.27
108,7.68,769.1086,-2557.88,0.26
109,10.52,597926.0986,-3535.91,0.27
110,9.16,17.7473,-3385.6,0.36
111,11.96,809138.1066,-3888.44,0.37
112,7.64,119101.7004,-3251.14,0.21
113,6.52,356848.4728,-3232.58,0.24
114,7.32,719695.7997,-2810.29,0.3
115,7.76,2.1449,-3045.0,0.22
116,11.24,154495.2543,-2545.05,0.26
117,9.2,2.0449,-2790.72,0.19
118,6.04,819779.7887,-3521.53,0.17
119,8.36,513634.3014,-2585.22,0.2
120,7.04,0.0342,-3000.57,0.24
121,8.52,2799.4556,-2754.1,0.21
122,9.16,10.5718,-3544.5,0.2
123,7.92,5598.7502,-3250.32,0.24
124,7.08,200785.2173,-4000.29,0.17
125,9.96,68650.2517,-2251.84,0.19
126,7.52,2857.6812,-3750.48,0.22
127,7.56,713646.2019,-3404.89,0.23
128,7.32,68542.7702,-2971.71,0.16
129,11.16,1.7866,-3294.19,0.17
130,6.76,2823.7801,-3500.21,0.16
131,9.48,357974.1561,-3250.4,0.16
132,7.36,1199474.7656,-3570.5,0.19
133,9.56,0.1658,-3251.36,0.19
134,6.84,66.8892,-2724.15,0.18
135,6.88,232944.8004,-3508.37,0.21
136,9.88,383.8143,-2099.97,0.21
137,6.84,153896.258,-3334.45,0.23
138,6.56,133713.8793,-4530.17,0.31
139,10.04,722488.3953,-3512.58,0.41
140,8.92,243337.424,-3584.42,0.24
141,7.76,144065.0184,-4000.2,0.2
142,11.0,355162.5422,-4000.44,0.28
143,10.44,357439.8406,-3519.24,0.46
144,8.48,420221.3209,-3339.22,0.24
145,7.88,1.4172,-2783.12,0.25
146,8.68,349471.5414,-2258.26,0.25
147,8.96,0.792,-2018.72,0.29
148,9.36,118940.8579,-2767.63,0.23
149,9.44,1079537.9742,-3622.89,0.22
150,8.84,1119.8573,-3753.32,0.24
151,9.64,294.7038,-3250.22,0.19
152,8.88,360090.475,-1666.91,0.19
153,9.8,0.237,-1505.84,0.26
154,9.24,33530.2355,-2703.94,0.39
155,7.52,395744.3384,-3816.63,0.31
156,7.96,33883.5759,-3779.61,0.25
157,9.68,428.911,-3255.28,0.31
158,7.16,359702.6011,-3501.71,0.29
159,9.2,105425.0666,-3010.31,0.3
160,9.2,359737.2677,-3560.08,0.31
161,8.2,128202.887,-3751.26,0.21
162,12.12,0.7918,-3502.61,0.19
163,8.84,39.6608,-3254.83,0.31
164,9.56,1079545.7124,-3660.71,0.29
165,10.2,850.0376,-3336.63,0.35
166,9.84,250836.0497,-4076.64,0.33
167,8.32,449642.0477,-3751.02,0.32
168,7.08,0.9822,-4502.76,0.31
169,10.04,5140.8108,-3500.32,0.32
170,7.04,327.5707,-3002.7,0.25
171,8.6,65948.5136,-3295.19,0.29
172,9.4,396637.921,-3017.03,0.33
173,8.6,1022.3113,-3755.82,0.49
174,8.04,4766.97,-1763.28,0.3
175,11.36,359667.5714,-2750.93,0.21
176,11.08,1368.728,-3001.01,0.18
177,7.36,474440.6256,-3406.44,0.17
178,10.08,0.6114,-2265.02,0.33
179,8.0,42.3683,-2930.05,0.19
180,8.48,0.3302,-3505.06,0.19
181,10.12,352336.9434,-3751.97,0.24
182,7.52,0.8177,-3008.82,0.21
183,10.08,352336.0471,-3750.33,0.23
184,5.92,367989.722,-3969.87,0.27
185,9.08,3.8489,-2797.97,0.17
186,11.0,39719.8748,-2252.76,0.15
187,10.88,2567.3789,-3002.17,0.15
188,7.0,0.0164,-2750.2,0.16
189,8.96,6.7643,-2889.12,0.18
190,9.76,112419.609,-3728.94,0.34
191,8.28,17.5838,-3500.17,0.26
192,9.88,97761.8916,-3501.95,0.18
193,7.4,456554.6551,-3250.51,0.22
194,8.56,344186.2842,-3001.27,0.19
195,10.64,597603.3431,-3140.51,0.22
196,7.76,7477.2328,-2501.59,0.19
197,7.96,425649.3844,-2502.52,0.16
198,9.64,33910.9662,-3698.94,0.17
199,12.96,357021.97,-3778.3,0.17
200,9.56,719420.0914,-3472.18,0.17
201,10.04,639.2661,-1750.37,0.2
202,6.68,394166.448,-3500.64,0.3
203,8.28,68181.7566,-3976.4,0.24
204,8.08,844713.8963,-3750.89,0.2
205,9.96,366.8295,-4750.09,0.17
206,9.48,1197.6637,-3283.04,0.26
207,10.36,365967.6625,-3256.61,0.8
208,8.84,2703.5155,-2750.89,0.31
209,6.6,336579.8324,-3292.67,0.27
210,6.16,39.9979,-3286.5,0.34
211,9.92,372173.3873,-3507.38,0.25
212,5.32,355357.9294,-2290.43,0.27
213,7.84,0.0802,-3001.28,0.33
214,7.92,599648.5063,-3563.07,0.28
215,6.76,125.6153,-3583.47,0.22
216,7.48,4857.386,-2554.42,0.23
217,8.36,20.5682,-3508.78,0.18
218,9.96,1550.9109,-3795.21,0.21
219,6.48,694032.2127,-3753.49,0.17
220,10.48,360092.5934,-3220.14,0.35
221,8.68,359201.5316,-3539.01,0.39
222,9.08,359886.4828,-3009.88,0.26
223,10.04,410815.5033,-3505.41,0.2
224,9.0,42.0046,-2905.12,0.19
225,7.64,35.321,-3750.33,0.31
226,9.12,114874.4955,-3252.63,0.29
227,8.0,185848.6448,-2524.02,0.27
228,9.92,355135.5306,-3251.13,0.31
229,8.92,238982.529,-2790.6,0.33
230,10.48,2.0197,-3500.28,0.28
231,10.04,1.4054,-3755.14,0.3
232,8.64,997404.3893,-2549.92,0.27
233,7.36,9.9779,-3227.79,0.22
234,8.32,2088.6763,-3750.13,0.24
235,7.44,56525.1275,-4250.57,0.27
236,6.72,1.2424,-3251.81,0.21
237,8.48,39295.3387,-2944.63,0.22
238,11.92,1.311,-4032.69,0.23
239,10.4,2581.4564,-2943.8,0.2
240,7.12,457252.6518,-2503.23,0.28
241,10.48,360152.7558,-4250.13,0.2
242,6.8,1384600.3322,-3750.93,0.23
243,8.68,359966.256,-3000.97,0.22
244,10.36,358226.7021,-4139.67,0.2
245,7.16,418.0663,-3500.33,0.21
246,7.24,908106.3153,-4000.85,0.21
247,6.88,23.377,-3321.66,0.15
248,7.84,39477.8758,-3250.39,0.15
249,7.72,65.018,-2500.89,0.21
250,6.92,438.0287,-2738.47,0.2
251,9.6,354261.1273,-3325.32,0.19
252,8.24,5445.485,-3001.02,0.19
253,9.28,360799.0429,-2010.23,0.21
254,12.76,2703.5019,-4251.15,0.18
255,9.12,119321.8138,-2782.41,0.18
256,9.04,88.2632,-4758.76,0.18
257,6.96,359534.4439,-3517.19,0.19
258,7.04,361160.074,-3253.15,0.19
259,9.44,337018.9649,-2933.13,0.19
260,7.76,23.6683,-3751.5,0.2
261,10.64,119092.0682,-3194.67,0.16
262,8.84,648719.3016,-3500.47,0.18
263,8.36,1136068.6371,-3499.66,0.19
264,7.36,2686.4544,-2562.74,0.17
265,7.6,71706.2799,-2278.12,0.18
266,9.4,19.3422,-2252.13,0.22
267,9.08,340071.0087,-3312.79,0.2
268,8.88,8308.507,-2500.32,0.19
269,9.76,360167.2591,-3506.13,0.22
270,11.24,1082098.8886,-3750.16,0.2
271,9.08,68755.1251,-3228.24,0.17
272,9.4,359683.6296,-3500.83,0.19
273,5.64,131905.546,-4303.22,0.17
274,8.12,33995.182,-4000.12,0.18
275,9.76,9.4447,-4061.62,0.2
276,10.6,361045.2861,-4000.13,0.22
277,8.76,3.494,-3085.83,0.2
278,9.88,119207.0352,-3500.5,0.23
279,8.48,720075.6838,-2122.04,0.17
280,6.52,1.7817,-3044.11,0.24
281,9.64,119071.4614,-1504.87,0.22
282,9.4,44.5732,-3001.42,0.17
283,7.24,1851398.4374,-4750.98,0.21
284,8.96,1761185.8364,-3751.31,0.2
285,9.32,148.47,-3033.37,0.17
286,10.24,3.4029,-2803.52,0.19
287,9.56,57126.6942,-3500.39,0.24
288,6.32,0.4793,-3259.15,0.21
289,9.88,336223.7597,-3089.52,0.15
290,10.0,187.3936,-3072.87,0.16
291,9.44,15.4078,-2047.67,0.22
292,9.4,118956.9095,-3009.75,0.23
293,7.4,111910.2101,-3010.58,0.22
294,11.52,356950.4444,-2750.94,0.21
295,9.04,71370.4371,-2023.21,0.2
296,10.0,151318.2787,-2506.68,0.25
297,7.76,38.3376,-4002.86,0.21
298,5.8,3.3448,-3023.97,0.19
299,6.24,1174682.5982,-2051.17,0.16
300,7.32,2810043.4342,-4007.54,0.18
301,10.04,719688.6153,-3500.21,0.3
302,9.56,2.7398,-2752.55,0.32
303,12.84,337634.3761,-3251.1,0.3
304,7.88,145.5575,-2753.51,0.27
305,8.24,39.6266,-2853.1,0.18
306,7.76,2046982.5737,-3438.66,0.23
307,7.72,145.4157,-3250.27,0.22
308,10.96,0.092,-3501.5,0.25
309,10.6,202318.0088,-3750.58,0.19
310,8.56,120334.4417,-2334.86,0.21
311,7.56,359703.9137,-2535.58,0.2
312,8.92,119135.3747,-3797.13,0.21
313,8.64,360166.6944,-3003.35,0.21
314,6.36,57.6328,-3004.18,0.18
315,9.24,120013.8766,-1756.98,0.19
316,9.4,714031.7213,-3801.59,0.2
317,8.28,404246.7163,-3323.54,0.19
318,10.56,240034.2553,-3500.28,0.27
319,7.96,528.931,-2697.61,0.22
320,7.4,21.4208,-2542.87,0.21
321,8.08,1.2396,-2025.87,0.24
322,7.16,1423944.0742,-3750.47,0.17
323,8.32,76642.0069,-3507.35,0.16
324,10.84,360168.9704,-2029.92,0.16
325,11.8,360168.8812,-2548.39,0.19
326,8.8,33939.0187,-2301.82,0.19
327,6.84,719689.1899,-3005.59,0.19
328,6.36,7739.621,-4500.12,0.18
329,9.72,2705.1752,-3023.78,0.18
330,8.84,191416.3824,-4004.67,0.2
331,7.24,446.8827,-3750.46,0.21
332,10.24,7.0068,-2175.01,0.16
333,9.68,683994.0877,-3561.56,0.17
334,8.04,121298.7194,-3501.23,0.19
335,10.36,2763.0743,-3250.83,0.18
336,6.52,119081.3514,-2751.98,0.18
337,6.4,65947.2685,-2513.79,0.2
338,8.24,622.9429,-3500.17,0.23
339,9.32,499550.5785,-4034.01,0.18
340,7.52,237881.5654,-3308.97,0.18
341,7.72,337238.83,-3181.98,0.27
342,10.88,0.0543,-3500.17,0.18
343,7.8,714933.9465,-3250.22,0.17
344,10.08,359667.3471,-2575.49,0.21
345,9.32,64486.5562,-3033.66,0.21
346,6.4,9.2251,-2598.6,0.29
347,7.72,120037.2261,-3595.39,0.29
348,5.68,239803.3145,-3278.93,0.21
349,10.2,263339.5146,-3072.29,0.24
350,10.32,157050.7816,-3501.23,0.21
351,10.6,0.154,-4503.44,0.24
352,8.0,10.3017,-3000.61,0.17
353,9.24,126874.9479,-4246.19,0.17
354,9.24,744.3018,-3014.1,0.16
355,7.04,0.697,-3501.24,0.16
356,9.92,1006.1549,-4000.24,0.3
357,10.36,23795.3002,-2684.45,0.28
358,8.72,355135.6439,-3001.73,0.3
359,9.16,7.996,-2699.61,0.29
360,8.68,5.5216,-2841.27,0.22
361,9.44,1285.6502,-2761.42,0.2
362,7.76,2.0095,-2797.35,0.32
363,8.28,29.9124,-2000.48,0.16
364,9.08,5601.4187,-2786.96,0.16
365,7.6,1.608,-3018.57,0.19
366,9.76,648038.757,-2521.64,0.19
367,8.16,421.2639,-2505.96,0.15
368,7.16,0.3358,-2253.27,0.21
369,8.64,120325.7626,-4003.17,0.25
370,10.4,729320.9296,-3502.75,0.19
371,9.08,1331575.8343,-4500.18,0.16
372,8.12,71364.0255,-2750.49,0.16
373,8.68,19.277,-2750.56,0.2
374,8.76,131.0422,-2859.73,0.24
375,8.84,364649.276,-3501.93,0.19
376,6.24,2802.4237,-3073.0,0.21
377,10.08,122697.8091,-2252.01,0.25
378,10.16,360168.2766,-3759.52,0.24
379,6.72,633.811,-3525.11,0.22
380,6.96,689430.8638,-3750.2,0.22
381,9.96,9.2179,-3505.67,0.34
382,8.4,722140.9634,-3502.64,0.42
383,8.88,598063.165,-4138.27,0.41
384,8.96,0.5409,-2756.17,0.23
385,8.56,120050.4308,-3827.26,0.21
386,12.52,8.2662,-3012.06,0.18
387,8.08,0.0901,-2753.51,0.2
388,7.76,2.6319,-2563.37,0.19
389,5.4,147.2405,-2532.6,0.17
390,8.68,4261.4674,-4307.78,0.17
391,7.72,3949.175,-1507.94,0.2
392,6.64,176668.291,-3750.44,0.17
393,8.0,340073.9306,-4044.41,0.19
394,10.76,431028.8944,-2765.57,0.18
395,9.56,458026.2997,-2500.5,0.17
396,8.16,1302.7726,-3001.16,0.23
397,9.28,224831.9942,-3505.66,0.2
398,9.28,0.1185,-3750.74,0.2
399,6.28,0.9882,-2518.74,0.21
400,9.16,2042.4017,-3755.54,0.23
401,9.12,2.6341,-3303.58,0.19
402,7.32,10.1156,-2501.81,0.17
403,11.84,3.4807,-3085.87,0.2
404,7.4,1.179,-3779.27,0.17
405,9.48,120.7613,-2757.28,0.18
406,6.96,71393.5204,-3835.4,0.21
407,10.68,7.7464,-2755.16,0.23
408,9.32,1.3263,-3282.6,0.16
409,7.76,0.033,-2250.24,0.17
410,6.6,77.5615,-2505.31,0.21
411,8.48,240119.0757,-3429.55,0.17
412,11.32,0.015,-2751.19,0.19
413,8.56,0.0616,-2751.37,0.22
414,7.48,839310.1124,-3537.78,0.18
415,8.92,3351.7086,-3533.92,0.23
416,10.28,9.3158,-2730.99,0.19
417,10.16,3.0706,-3250.18,0.19
418,9.8,0.0257,-3500.29,0.22
419,9.6,23911.4339,-2825.86,0.19
420,11.72,4.6059,-3528.7,0.19
421,7.96,3597.7315,-2751.47,0.18
422,10.32,32240.587,-3308.3,0.19
423,8.76,32239.2383,-3001.62,0.19
424,7.84,857005.6397,-3075.75,0.18
425,6.04,0.2203,-3504.92,0.18
426,10.76,122607.6821,-3028.47,0.17
427,7.44,112967.5294,-2251.41,0.25
428,7.92,79.7271,-2800.64,0.22
429,6.88,360041.1889,-3001.96,0.22
430,10.92,1006.2881,-2002.05,0.19
431,7.76,0.2064,-2754.84,0.19
432,11.56,19.8413,-3003.56,0.2
433,8.92,243740.34,-3507.99,0.19
434,11.44,623.0811,-3561.71,0.21
435,9.88,1079537.9537,-2855.09,0.19
436,9.6,21.6731,-3031.43,0.18
437,9.36,437.5038,-3529.17,0.2
438,9.8,0.0187,-2750.33,0.2
439,11.48,465959.2434,-2768.06,0.21
440,11.0,118939.6297,-4001.14,0.21
441,6.2,152.1277,-3304.03,0.22
442,10.96,360179.5986,-3075.12,0.18
443,11.72,714427.9968,-4049.21,0.16
444,10.6,3.9292,-3097.91,0.18
445,9.52,19.319,-3001.61,0.18
446,10.08,289555.064,-3751.66,0.18
447,11.72,355281.5342,-3522.26,0.22
448,10.24,430499.0364,-4015.74,0.27
449,8.4,32799.6695,-3076.92,0.2
450,8.4,1538533.7408,-4057.8,0.2
451,6.08,360981.9062,-4031.79,0.21
452,8.32,568.6888,-2829.71,0.19
453,9.96,5371.0277,-3315.14,0.2
454,9.8,630.2736,-3250.54,0.22
455,8.92,0.1745,-3003.17,0.22
456,8.64,186410.5677,-2806.12,0.17
457,11.56,359877.0435,-3057.95,0.16
458,9.04,1664.9038,-2250.7,0.19
459,10.8,335729.1186,-2501.85,0.18
460,8.92,356983.3195,-3047.9,0.18
461,7.64,2708.8318,-3577.54,0.24
462,8.08,96712.4531,-4028.28,0.2
463,12.84,237879.1729,-3501.25,0.21
464,7.8,71607.6408,-2810.12,0.19
465,10.6,120115.8535,-4219.81,0.2
466,9.12,74756.1181,-2752.11,0.2
467,7.4,19.9976,-3250.02,0.31
468,7.88,0.1812,-2504.43,0.28
469,9.04,695424.2885,-3263.33,0.23
470,6.28,52.6809,-3403.26,0.23
471,9.64,121756.6612,-3251.55,0.22
472,9.52,59.0587,-3753.9,0.22
473,8.56,202261.9246,-3261.19,0.27
474,6.16,25.0704,-2785.07,0.25
475,9.8,339906.8579,-4250.2,0.2
476,9.24,475777.6653,-3005.44,0.21
477,8.12,360002.166,-3221.09,0.19
478,9.92,46.6657,-2709.98,0.28
479,9.08,1799227.3955,-3082.83,0.21
480,11.36,0.2228,-2751.28,0.22
481,6.76,2.0588,-3750.55,0.21
482,9.68,7.0561,-1375.72,0.26
483,11.32,67883.9715,-3250.96,0.16
484,7.76,32333.7003,-3515.89,0.16
485,5.8,622.981,-2255.81,0.2
486,8.76,119349.3862,-3500.24,0.16
487,8.28,370451.7918,-3251.6,0.23
488,8.52,949146.8097,-4250.12,0.18
489,10.32,712210.7419,-3001.17,0.18
490,9.28,0.1201,-3752.82,0.18
491,7.2,386.9828,-2810.28,0.17
492,8.48,360796.9669,-3761.58,0.22
493,7.52,1006.8792,-3018.54,0.22
494,10.6,73136.1536,-4000.18,0.24
495,9.44,0.1867,-4750.28,0.23
496,8.64,8113.2454,-3011.32,0.18
497,9.08,686579.8086,-3440.51,0.21
498,8.92,66841.2006,-3257.31,0.19
499,10.04,352336.3706,-2258.37,0.17
500,8.44,2.649,-3059.02,0.16
501,7.76,0.0313,-3500.48,0.18
502,9.28,1246.7471,-3032.36,0.19
503,9.0,128951.3235,-4526.61,0.17
504,5.64,25310.7225,-3294.33,0.15
505,8.32,121507.5796,-2274.3,0.21
506,6.28,539961.9988,-3503.31,0.21
507,9.0,0.3391,-3252.28,0.22
508,10.52,5453.8613,-3000.16,0.22
509,7.96,0.04,-3250.56,0.2
510,7.48,11.794,-3075.93,0.2
511,7.8,1595550.8421,-2751.63,0.18
512,8.08,115.1311,-3755.29,0.2
513,8.8,499303.8494,-3504.42,0.2
514,11.4,161829.0035,-3256.34,0.19
515,9.64,2802.6258,-3029.89,0.19
516,8.44,356820.4908,-2514.11,0.21
517,10.24,1285.2995,-2505.51,0.27
518,8.76,0.9899,-3001.5,0.21
519,8.12,8110.6676,-2751.95,0.2
520,6.88,0.5948,-3504.56,0.27
521,6.76,359850.3596,-3077.89,0.2
522,9.84,1189401.5658,-3294.07,0.22
523,9.68,1438934.253,-2750.55,0.17
524,7.4,120017.486,-3001.73,0.18
525,9.6,396.751,-2031.0,0.17
526,7.12,240028.7449,-3513.89,0.24
527,10.08,168343.2182,-2413.15,0.21
528,10.4,360088.5305,-3059.31,0.2
529,9.0,8.268,-2534.49,0.18
530,11.24,1425676.8472,-4638.5,0.17
531,9.4,4.8064,-3557.48,0.18
532,8.28,119900.8592,-2250.59,0.19
533,10.56,355039.5465,-2751.66,0.19
534,11.48,361116.7336,-2695.32,0.16
535,9.12,0.697,-3008.7,0.17
536,8.76,0.1399,-2753.3,0.18
537,9.48,700661.444,-2501.2,0.23
538,8.2,1.0338,-2011.12,0.17
539,10.44,721960.6811,-2784.43,0.16
540,7.68,40.5343,-2307.85,0.23
541,8.56,478784.9324,-3279.69,0.16
542,7.64,3.9942,-2079.29,0.17
543,7.8,190.1554,-3750.24,0.22
544,8.48,1364044.812,-3938.98,0.19
545,7.08,2.9245,-2821.24,0.19
546,10.0,462923.6444,-3212.03,0.2
547,8.92,421.0363,-3250.7,0.22
548,9.08,478735.8031,-3504.07,0.23
549,7.84,121.9813,-3283.77,0.16
550,12.68,417450.2392,-2750.35,0.42
551,7.2,719505.6886,-3755.43,0.19
552,9.64,356822.7421,-2820.13,0.16
553,10.52,5133.1563,-2780.01,0.21
554,10.64,118940.705,-3518.45,0.19
555,8.04,4854.7236,-3000.22,0.19
556,11.08,25.601,-2764.1,0.16
557,8.44,84.34,-2751.0,0.22
558,9.24,0.03,-3000.58,0.18
559,8.04,480355.9799,-4311.32,0.2
560,10.88,1.4786,-2787.83,0.19
561,9.08,191.6947,-3750.86,0.25
562,7.88,1080668.4591,-3251.79,0.27
563,8.4,145.444,-2001.08,0.94
564,7.36,135699.7969,-3029.06,0.34
565,11.0,1171.4963,-2758.05,0.22
566,9.24,339249.2346,-2863.23,0.48
567,9.08,353049.5344,-2544.47,0.57
568,9.92,5161.6556,-4251.73,0.35
569,8.64,2.4059,-2309.84,0.33
570,9.08,0.0403,-3000.72,0.44
571,11.2,0.0461,-2500.61,0.55
572,9.44,143.5552,-4022.69,0.42
573,9.36,33880.4416,-3251.84,0.42
574,9.68,33879.2112,-3500.36,0.49
575,10.12,185847.6584,-2252.98,0.58
576,9.68,67848.6727,-3500.2,0.44
577,11.84,2720.6442,-3258.2,0.45
578,11.12,1465.3214,-3500.4,0.65
579,9.88,2.8257,-3310.56,0.51
580,8.0,467802.5326,-2500.39,0.48
581,6.0,1026.6389,-3256.4,0.27
582,7.28,0.0713,-3500.19,0.25
583,7.4,1056920.0622,-3753.56,0.28
584,9.28,360085.8532,-3770.23,0.3
585,6.2,1036318.1227,-2970.29,0.32
586,8.2,1023980.811,-4533.0,0.44
587,10.28,1073333.4994,-4000.52,0.35
588,7.0,0.6728,-3016.34,0.27
589,10.68,368719.0102,-3077.06,0.29
590,8.96,34197.1739,-3469.85,0.27
591,9.2,4897.6744,-3519.02,0.29
592,7.92,1306.2824,-3050.59,0.29
593,7.96,9.1437,-3559.28,0.33
594,7.68,695354.4188,-2445.23,0.25
595,8.04,0.2388,-3000.69,0.24
596,8.88,100.6634,-2312.18,0.26
597,8.64,479869.6462,-4256.09,0.37
598,8.04,120.5249,-3500.63,0.43
599,10.0,128701.96,-3250.66,0.33
600,9.76,0.1065,-2752.34,0.35
601,12.76,360303.5994,-3276.36,0.36
602,8.2,619.7702,-2752.51,0.29
603,8.6,359680.5033,-3282.47,0.34
604,5.76,0.2536,-2256.92,0.35
605,8.76,352337.4394,-2513.68,0.34
606,11.48,2744.41,-3800.78,0.33
607,7.72,345.266,-4709.19,0.34
608,10.08,2741.7766,-4000.33,0.34
609,11.08,6.8232,-1920.32,0.35
610,6.72,7.8986,-2120.9,0.36
611,7.4,0.1254,-3250.32,0.26
612,9.2,42986.721,-3750.45,0.27
613,9.28,298.5296,-3188.58,0.27
614,9.12,0.0282,-2500.3,0.3
615,8.84,0.7574,-3250.55,0.25
616,5.28,3.9086,-3045.05,0.27
617,8.68,5.1716,-3126.72,0.26
618,9.8,169447.9996,-3310.92,0.25
619,7.84,4.9662,-3502.67,0.27
620,9.72,13357.6679,-3020.53,0.25
621,5.48,1.3498,-3282.97,0.25
622,8.84,425756.4308,-3250.29,0.22
623,7.64,2.855,-3071.23,0.24
624,7.56,420188.1553,-2084.57,0.23
625,10.32,114728.9074,-3254.15,0.23
626,8.64,78.8713,-2781.03,0.27
627,6.04,0.6519,-3751.5,0.33
628,8.36,2704.6932,-2279.33,0.29
629,9.04,32322.3992,-3719.8,0.27
630,10.4,143801.5935,-2250.49,0.32
631,9.68,0.4388,-2760.5,0.26
632,8.52,0.0689,-3751.19,0.34
633,7.52,254779.5102,-4500.04,0.39
634,10.68,0.3588,-3250.66,0.42
635,7.8,19.4369,-3250.18,0.39
636,7.52,340163.7236,-3013.64,0.31
637,11.16,115506.6455,-3355.72,0.28
638,7.56,0.5291,-3003.12,0.31
639,8.0,131.8503,-2482.14,0.32
640,9.48,35.9486,-2256.3,0.33
641,8.16,582003.8862,-4002.25,0.2
642,9.12,479710.7276,-2261.28,0.23
643,11.84,704785.303,-3008.71,0.24
644,8.52,0.2297,-2255.63,0.38
645,5.44,67868.5407,-3500.32,0.28
646,11.96,597962.9096,-3750.22,0.24
647,8.64,34021.0981,-2289.45,0.29
648,6.8,504872.0004,-3309.39,0.45
649,9.36,33882.351,-2330.41,0.4
650,7.76,2073122.8171,-4250.2,0.33
651,8.92,135697.3267,-3000.26,0.34
652,9.52,121185.9033,-2500.3,0.39
653,9.4,2869.9394,-2758.12,0.35
654,8.12,524.8761,-4252.51,0.31
655,10.72,238912.548,-2751.25,0.37
656,7.4,390734.8495,-2764.46,0.44
657,8.88,538.5333,-3250.12,0.3
658,6.84,360857.0759,-3004.28,0.4
659,9.92,649.8644,-3180.62,0.34
660,7.16,119081.4627,-2754.53,0.41
661,7.6,359722.404,-3503.48,0.28
662,6.68,2896.1394,-3013.22,0.37
663,8.32,364645.3188,-3349.08,0.21
664,7.12,16.6135,-3750.32,0.21
665,8.48,16618.7476,-3263.42,0.18
666,7.8,39734.6781,-3143.21,0.18
667,5.48,29.2822,-3249.76,0.29
668,9.24,824572.8975,-2251.48,0.24
669,6.96,360229.4736,-3254.55,0.2
670,10.24,13.9694,-2597.06,0.17
671,7.88,713760.3053,-3000.35,0.16
672,6.88,33.6659,-1594.91,0.19
673,8.76,246649.0074,-2684.05,0.21
674,10.84,0.233,-1755.7,0.19
675,9.04,297402.4488,-4000.57,0.21
676,8.0,32236.8438,-3750.97,0.19
677,9.88,2.584,-3508.24,0.24
678,11.04,171409.5552,-3253.1,0.21
679,8.68,0.0178,-3250.2,0.19
680,7.76,1055052.9508,-2984.11,0.3
681,9.48,21.0354,-1544.62,0.24
682,10.8,750.2516,-4250.16,0.17
683,8.44,2.8761,-2321.74,0.24
684,8.56,119193.8806,-3550.38,0.19
685,9.72,2878.8706,-2525.86,0.2
686,8.16,120524.5226,-2774.5,0.2
687,8.36,72484.8623,-2778.99,0.18
688,11.52,3.127,-2789.22,0.2
689,7.68,2.7823,-3068.99,0.21
690,9.12,1133574.3031,-3000.81,0.17
691,8.72,42892.3446,-3558.3,0.18
692,7.84,1185852.8765,-4000.51,0.21
693,12.96,42889.1391,-4500.09,0.19
694,9.72,238165.752,-4250.18,0.17
695,6.64,9.9106,-3593.97,0.17
696,7.6,359848.5586,-2305.75,0.18
697,10.92,714152.0581,-3322.53,0.18
698,9.88,33879.2156,-2500.98,0.19
699,8.44,229603.227,-2257.95,0.24
700,9.48,0.5973,-3263.79,0.21
701,6.8,694526.0844,-3325.05,0.23
702,8.12,119692.0265,-2800.94,0.19
703,8.2,57090.5543,-3814.3,0.21
704,11.48,38.6204,-3105.77,0.19
705,6.56,159.0686,-3501.44,0.22
706,6.6,39690.6233,-2752.88,0.22
707,10.0,400801.2264,-3251.12,0.31
708,9.0,120192.9777,-3517.06,0.18
709,8.68,1507.897,-3507.2,0.19
710,9.32,418337.1677,-3500.16,0.19
711,9.92,0.4489,-3503.43,0.21
712,7.36,8.2639,-3202.96,0.17
713,7.8,364561.0146,-3286.79,0.21
714,8.76,8.9932,-2406.54,0.2
715,8.88,114729.0383,-3001.44,0.29
716,5.88,21.2342,-2728.88,0.22
717,8.16,119918.282,-3348.31,0.22
718,8.92,10966.0218,-3526.66,0.25
719,7.28,4.8801,-2601.07,0.19
720,7.04,2703.6112,-3000.9,0.25
721,5.4,1.7814,-3544.07,0.24
722,10.04,789.3162,-4982.38,0.27
723,8.08,177690.9942,-3759.91,0.18
724,7.8,360249.4596,-3750.41,0.18
725,9.16,695346.7344,-2501.58,0.22
726,9.96,67159.8601,-3063.45,0.2
727,8.48,142876.5322,-2311.52,0.18
728,10.76,356874.909,-3036.93,0.22
729,9.56,8.0418,-2200.63,0.18
730,7.6,0.5349,-2262.72,0.19
731,7.12,169435.2745,-4000.2,0.26
732,8.56,43.6416,-3279.73,0.19
733,7.32,121505.9125,-3758.69,0.19
734,13.2,85875.0047,-4504.57,0.21
735,10.64,164.535,-4000.26,0.18
736,6.8,382.8232,-1552.39,0.23
737,7.96,193425.9981,-2751.81,0.21
738,8.8,257214.9074,-3534.33,0.17
739,13.04,0.1515,-3250.2,0.23
740,9.52,1022.2767,-3502.38,0.26
741,7.72,239804.5181,-3042.03,0.27
742,7.52,527991.769,-3522.02,0.17
743,7.2,237938.8426,-3750.19,0.18
744,6.32,168271.6551,-2289.18,0.2
745,8.36,933390.587,-3536.3,0.16
746,11.08,3061.448,-2500.56,0.72
747,8.32,2820.7243,-2297.94,0.19
748,7.68,237879.1778,-3001.7,0.2
749,8.08,121911.3943,-3781.16,0.22
750,10.16,47666.0951,-2902.45,0.2
751,10.44,2590.2425,-2751.31,0.19
752,10.0,2.0074,-2529.78,0.22
753,8.84,9.8493,-3496.94,0.29
754,9.24,21.1975,-3299.27,0.22
755,8.28,7559.3135,-3278.52,0.23
756,7.28,64535.3422,-3754.71,0.24
757,7.72,168270.8064,-3503.08,0.37
758,9.48,1996253.888,-2757.35,0.42
759,7.76,359729.9334,-2336.07,0.46
760,8.32,67994.087,-2500.45,0.37
761,7.64,154359.8269,-3472.79,0.27
762,9.08,562.475,-3311.58,0.25
763,7.68,24.79,-2750.91,0.27
764,7.36,23789.9851,-2262.62,0.35
765,10.32,2.5414,-2312.97,0.31
766,7.52,33885.1274,-3391.38,0.29
767,11.12,118939.6072,-3750.4,0.25
768,6.48,455885.636,-2750.7,0.24
769,8.24,152.145,-2506.63,0.2
770,9.04,0.3723,-2752.74,0.18
771,7.92,0.1706,-2001.55,0.2
772,7.36,36.0304,-3049.2,0.2
773,6.68,1186326.0104,-4500.11,0.19
774,8.08,357970.499,-4010.76,0.16
775,13.24,0.037,-3500.4,0.18
776,6.04,2824.8524,-2772.23,0.19
777,9.52,22.6516,-2189.11,0.16
778,10.6,2878756.645,-4553.32,0.19
779,4.92,39.0805,-3230.45,0.21
780,8.76,0.0322,-2000.71,0.18
781,9.44,0.9113,-2272.17,0.2
782,8.32,0.0276,-3750.18,0.23
783,11.44,0.0662,-3001.23,0.2
784,10.0,140603.3113,-4002.02,0.24
785,10.44,480108.4755,-2388.29,0.26
786,6.04,158.7656,-3751.35,0.31
787,8.2,120013.8902,-3005.87,0.19
788,9.0,152254.4456,-2807.49,0.17
789,6.92,0.1797,-4250.29,0.21
790,7.32,154942.5339,-4253.96,0.23
791,5.88,151.0933,-3822.04,0.23
792,7.08,185029.2966,-2281.65,0.26
793,11.96,359876.089,-3534.9,0.17
794,9.56,0.2981,-2250.25,0.18
795,9.48,121757.647,-3812.27,0.19
796,6.44,781.5686,-3750.17,0.19
797,9.16,121153.9861,-2767.16,0.18
798,8.28,0.7821,-3255.06,0.19
799,11.56,719688.7417,-2501.9,0.18
800,10.52,422.0801,-3001.51,0.19
801,8.04,8.0855,-3050.1,0.25
802,9.28,1203765.7642,-3009.7,0.17
803,7.48,407.0789,-3075.33,0.17
804,7.8,695390.446,-3251.32,0.17
805,9.08,2769.0774,-3785.57,0.21
806,9.64,277586.1038,-3500.29,0.19
807,10.16,352736.2186,-3826.2,0.17
808,7.32,0.0732,-2750.74,0.18
809,8.28,581008.1527,-3268.75,0.21
810,7.6,908.711,-3750.15,0.2
811,7.36,383492.2894,-2533.76,0.18
812,11.0,0.125,-3002.08,0.19
813,9.48,32238.5687,-2794.91,0.18
814,7.4,0.4542,-2004.47,0.19
815,11.28,119071.7337,-3501.49,0.22
816,8.36,52.7444,-3882.57,0.18
817,5.84,163.5681,-3750.64,0.23
818,8.24,0.2526,-2504.03,0.26
819,8.36,392753.1304,-2774.02,0.28
820,10.96,65947.7831,-4263.56,0.27
821,9.28,0.8474,-3017.52,0.2
822,7.0,0.2079,-3000.28,0.19
823,11.32,240590.2026,-3002.27,0.36
824,8.12,2.5584,-2522.28,0.39
825,9.76,2016.645,-2841.37,0.28
826,8.96,32236.8133,-3001.21,0.25
827,8.48,719750.3053,-1774.74,0.22
828,8.92,0.8338,-2756.71,0.22
829,6.56,531060.0051,-2810.7,0.22
830,11.92,719749.4714,-3501.24,0.21
831,7.72,1199371.0682,-3544.84,0.24
832,7.96,37835.6288,-3758.04,0.26
833,9.12,64473.999,-3263.75,0.2
834,8.28,245910.0711,-3751.45,0.19
835,9.32,0.2878,-2751.61,0.18
836,9.76,238144.0869,-2771.11,0.25
837,8.68,372305.9299,-2781.86,0.42
838,10.12,118939.8885,-3252.84,0.37
839,9.2,2704.667,-3028.23,0.29
840,10.2,562977.4789,-3753.37,0.23
841,10.4,39700.5004,-3501.77,0.19
842,8.96,96710.2076,-3251.04,0.29
843,9.56,1288.1296,-2250.99,0.23
844,6.08,459807.1346,-3500.59,0.23
845,10.8,39691.7606,-3000.19,0.28
846,10.16,0.0257,-3000.37,0.25
847,9.48,952447.2948,-3754.69,0.2
848,8.64,125049.7672,-4001.53,0.17
849,10.08,112410.717,-2751.47,0.18
850,9.52,116076.0692,-2301.99,0.35
851,9.96,237916.6652,-3190.7,0.23
852,9.84,355783.247,-3029.16,0.21
853,8.2,2711.496,-2889.2,0.19
854,6.88,359696.7145,-1251.84,0.17
855,9.2,360172.457,-3334.68,0.19
856,8.72,110742.0252,-2856.34,0.74
857,8.64,3.2466,-3280.28,0.25
858,10.52,5.7393,-2079.85,0.21
859,7.16,2.5114,-2805.67,0.24
860,6.84,360747.5989,-2790.68,0.23
861,10.2,2571.0335,-2519.84,0.26
862,9.04,30.1654,-3257.75,0.2
863,11.16,42.1618,-3500.76,0.27
864,9.92,71364.4366,-2750.85,0.27
865,9.32,1.7117,-2792.65,0.22
866,10.08,45459.2671,-2751.17,0.23
867,11.12,119060.0566,-2250.67,0.27
868,8.72,131913.1668,-2752.5,0.19
869,8.92,98.1264,-3251.56,0.22
870,7.56,8310.5656,-1551.64,0.2
871,10.84,96.5491,-3250.73,0.31
872,7.72,112930.5931,-3000.35,0.23
873,6.52,0.3473,-3008.55,0.19
874,7.8,35.2846,-3750.14,0.26
875,10.12,96.4594,-3503.75,0.22
876,9.52,1391623.1255,-3281.81,0.21
877,8.8,168270.0857,-2752.52,0.21
878,8.72,719837.9956,-2834.43,0.18
879,4.68,112931.4604,-2521.79,0.22
880,8.48,632.7585,-3755.29,0.17
881,6.4,237879.128,-2750.63,0.39
882,9.2,245.4856,-3363.93,0.28
883,8.44,8339.0267,-2763.44,0.25
884,7.52,229460.6534,-3578.28,0.25
885,8.64,112950.0395,-3003.53,0.25
886,8.4,456955.9204,-3031.17,0.25
887,7.68,11.439,-3447.1,0.24
888,7.44,33921.3342,-3000.74,0.33
889,6.88,19.7173,-4000.24,0.29
890,9.32,238264.5402,-2139.9,0.24
891,8.44,1447075.127,-3000.22,0.24
892,7.12,356835.9817,-2251.55,0.25
893,7.88,0.221,-2755.32,0.25
894,10.72,839914.0107,-3500.4,0.22
895,8.2,114440.7316,-3013.63,0.19
896,8.2,119901.8943,-3272.67,0.21
897,9.12,1082243.3002,-3319.73,0.2
898,9.36,237881.5787,-2500.29,0.19
899,9.4,714944.2465,-3251.47,0.19
900,8.56,121146.6869,-3939.01,0.23
901,6.48,2.561,-2810.69,0.21
902,11.12,751783.9249,-2506.36,0.2
903,7.52,310.2785,-2756.01,0.28
904,12.4,240445.1186,-4000.33,0.21
905,7.32,47.5999,-3659.13,0.23
906,7.56,584698.2047,-3294.43,0.2
907,9.72,2.3412,-3536.97,0.24
908,10.48,0.6324,-2752.52,0.21
909,10.68,398940.5656,-3638.82,0.23
910,9.56,240424.3652,-3500.33,0.28
911,8.68,1240.9386,-3000.26,0.28
912,7.64,168876.0,-3507.39,0.18
913,9.0,368479.1802,-3334.49,0.17
914,9.2,359667.1257,-3006.38,0.19
915,9.64,3.1736,-1544.43,0.21
916,9.56,1062864.9712,-3258.62,0.2
917,10.32,33482.7036,-3006.55,0.2
918,9.36,3.0578,-2538.18,0.2
919,6.48,0.5934,-1514.21,0.23
920,8.2,388497.5637,-2143.59,0.21
921,7.72,418.2168,-3003.31,0.22
922,8.24,359890.7496,-3260.39,0.22
923,8.64,361154.0686,-2251.74,0.2
924,9.52,58804.5796,-3252.1,0.22
925,11.08,722441.987,-2750.36,0.23
926,9.36,504646.2718,-3939.06,0.23
927,6.44,356822.5507,-3500.13,0.22
928,7.8,229510.1003,-3013.79,0.27
929,7.52,624916.6254,-3760.19,0.23
930,6.4,7.1716,-3677.75,0.24
931,8.76,479889.1067,-3500.17,0.28
932,10.16,119822.1944,-3751.19,0.19
933,8.32,122762.1542,-2571.26,0.21
934,9.2,356861.704,-3831.82,0.19
935,9.84,24.1834,-3005.08,0.17
936,9.96,428.0871,-2428.15,0.2
937,8.52,15.6545,-2761.09,0.19
938,9.8,65983.8426,-2545.59,0.18
939,7.6,119947.4601,-2773.23,0.21
940,8.04,779799.0082,-2779.91,0.21
941,10.84,2704.5005,-3256.99,0.31
942,8.36,421.6335,-2266.14,0.21
943,8.36,357902.2447,-3005.23,0.26
944,11.92,650.2697,-2838.84,0.19
945,9.72,10547.8346,-2970.17,0.28
946,9.08,0.3798,-1758.58,0.28
947,9.04,121023.5587,-3075.38,0.2
948,6.64,716653.7078,-3561.51,0.23
949,8.12,33879.1842,-2500.2,0.21
950,9.36,0.0421,-2501.73,0.19
951,7.44,71.0307,-3750.32,0.28
952,9.12,23788.0886,-2504.3,0.17
953,11.04,474272.8996,-4000.27,0.21
954,7.52,1274.8408,-2018.8,0.19
955,9.96,35074.4458,-2506.53,0.19
956,10.36,0.1641,-3503.98,0.19
957,8.16,196803.5198,-3505.33,0.18
958,11.84,592137.2431,-4000.36,0.2
959,11.76,2703.8273,-2251.3,0.25
960,10.76,479108.462,-2308.67,0.22
961,8.0,123874.9632,-4041.7,0.21
962,7.72,2684.1401,-2507.9,0.2
963,7.36,622.7707,-3501.53,0.25
964,10.8,2.679,-3250.33,0.21
965,7.64,150.9156,-2592.15,0.77
966,9.76,238142.8745,-3013.92,0.25
967,8.36,120.5432,-2501.47,0.23
968,8.48,751.0598,-3764.48,0.2
969,9.4,41.4822,-2832.99,0.21
970,8.64,42.6141,-2504.38,0.19
971,8.8,359847.3714,-2577.07,0.18
972,5.36,149.0866,-3578.77,0.19
973,8.96,1868.3441,-2501.6,0.19
974,7.52,120015.913,-4269.28,0.24
975,10.08,32357.4948,-3257.67,0.28
976,6.4,226007.8253,-3505.17,0.27
977,10.0,750.3289,-3250.49,0.24
978,9.4,40755.2745,-3843.38,0.18
979,9.32,1070468.105,-3751.31,0.23
980,10.96,121190.464,-3753.1,0.18
981,7.64,695346.6712,-3501.39,0.19
982,7.48,0.9043,-2761.48,0.18
983,11.16,2683.9363,-2001.44,0.18
984,8.52,481200.3214,-3251.42,0.3
985,6.84,25.2895,-1474.12,0.22
986,7.84,169620.0912,-5000.08,0.23
987,12.2,585.013,-3500.6,0.22
988,9.68,367963.3618,-2751.6,0.18
989,7.88,956622.7486,-2795.81,0.29
990,7.72,168277.173,-4310.21,0.27
991,5.56,4.7713,-2559.76,0.2
992,9.76,359844.5575,-3755.94,0.2
993,8.24,875489.3307,-4000.42,0.26
994,9.2,344044.067,-2464.84,0.19
995,9.52,695907.4123,-3471.08,0.25
996,8.16,169851.806,-3001.4,0.28
997,9.6,1.6746,-3771.89,0.31
998,11.08,120015.7986,-2536.14,0.27
999,7.72,2012.9282,-4016.29,0.3
1000,10.04,2.6813,-3251.18,0.2
1001,7.76,494753.8351,-3507.68,0.37
1002,8.92,357722.4062,-2755.26,0.25
1003,6.88,5.7331,-3391.46,0.34
1004,7.4,0.1499,-1752.72,0.3
1005,10.84,711131.1052,-4051.54,0.31
1006,11.04,711082.3452,-2000.86,0.28
1007,9.92,1555511.5412,-2752.3,0.29
1008,7.76,1.4799,-2786.1,0.24
1009,8.76,126221.3705,-3000.2,0.2
1010,7.48,2.1286,-3552.18,0.22
1011,9.48,0.1375,-2252.75,0.22
1012,10.72,719819.3496,-3017.87,0.19
1013,8.84,814429.0617,-3029.7,0.21
1014,7.6,9711.1926,-3044.2,0.24
1015,8.96,29196.3945,-3038.79,0.18
1016,10.28,242292.4408,-4500.12,0.23
1017,8.0,68667.4768,-2544.45,0.22
1018,6.32,67863.8526,-3410.08,0.2
1019,6.68,64473.8942,-4755.51,0.21
1020,10.04,0.536,-2762.77,0.19
1021,9.36,719510.496,-3274.29,0.25
1022,6.52,237879.2469,-3002.23,0.25
1023,9.64,13458.4958,-4251.47,0.34
1024,6.04,504818.778,-2750.9,0.23
1025,8.88,29.8767,-4250.29,0.23
1026,9.6,122.5181,-3540.77,0.26
1027,9.84,719749.3282,-1750.36,0.26
1028,9.0,88823.1165,-2500.37,0.23
1029,6.28,2569125.4983,-4266.16,0.23
1030,9.56,0.1828,-2004.34,0.19
1031,7.56,1.3674,-3276.27,0.2
1032,9.2,135.8494,-3856.66,0.21
1033,7.8,5413.5044,-2750.19,0.24
1034,8.56,33911.0895,-3500.72,0.25
1035,10.64,362698.7437,-2733.34,0.23
1036,10.56,0.2857,-2751.9,0.21
1037,6.96,335729.0474,-2811.69,0.19
1038,10.88,10.0096,-2999.96,0.22
1039,9.52,2045.4181,-2769.3,0.19
1040,11.24,1522.3363,-3827.67,0.26
1041,8.72,456425.7468,-3011.94,0.22
1042,8.28,584573.536,-2669.58,0.22
1043,10.48,335864.4563,-2003.16,0.19
1044,7.8,266.3804,-2015.88,0.16
1045,10.44,268638.8048,-3782.75,0.22
1046,11.44,720263.8633,-4250.15,0.28
1047,8.76,359745.0973,-3006.39,0.21
1048,10.08,244601.8569,-3250.2,0.21
1049,8.04,121.7413,-2023.19,0.19
1050,8.72,7.2277,-2680.49,0.2
1051,8.36,477165.0761,-3002.39,0.23
1052,9.8,33881.6348,-1811.52,0.19
1053,8.96,96743.0554,-4020.25,0.19
1054,8.48,254.1689,-3062.04,0.16
1055,8.08,32316.1527,-3280.39,0.21
1056,8.76,64490.8514,-3553.49,0.22
1057,11.04,199130.7386,-3138.64,0.2
1058,11.52,32244.7965,-3201.78,0.22
1059,8.56,779826.2679,-3759.36,0.17
1060,4.52,67899.4403,-3763.69,0.17
1061,9.36,1045.4134,-3542.49,0.18
1062,8.8,1079092.4228,-2311.89,0.2
1063,10.44,39692.2951,-3046.32,0.23
1064,7.64,882056.0273,-2753.68,0.2
1065,7.28,2.1745,-2791.52,0.2
1066,8.92,5.1103,-2112.0,0.19
1067,6.48,135699.708,-3559.87,0.18
1068,8.44,626.7147,-2317.89,0.17
1069,8.68,62.3152,-3114.29,0.21
1070,8.44,245989.6496,-3500.44,0.18
1071,8.6,704687.4277,-2943.15,0.18
1072,8.08,359666.4458,-2302.92,0.2
1073,8.4,1.8437,-1795.96,0.17
1074,9.84,3.4232,-2335.14,0.18
1075,9.36,133050.2364,-3546.31,0.19
1076,9.52,56465.4646,-3752.11,0.2
1077,10.04,679948.1662,-2809.27,0.19
1078,9.72,119507.0795,-3010.4,0.18
1079,9.04,232759.5786,-2756.31,0.21
1080,8.16,478803.9573,-3755.61,0.18
1081,9.88,401761.1681,-4066.35,0.64
1082,8.4,289460.4225,-4294.95,0.21
1083,9.48,1.444,-2518.25,0.16
1084,9.52,126.7967,-2762.43,0.18
1085,7.64,742312.0079,-3268.24,0.16
1086,9.4,422.0923,-3778.46,0.17
1087,9.44,507618.0311,-3219.95,0.23
1088,8.32,719067.4994,-3000.52,0.18
1089,8.28,4854.9767,-2507.34,0.2
1090,8.04,1012.4836,-2010.39,0.18
1091,9.28,0.0198,-2500.23,0.18
1092,10.64,79385.0356,-3082.42,0.18
1093,10.6,2566.1239,-3500.27,0.18
1094,7.96,20.2628,-3023.81,0.18
1095,11.96,0.2002,-2501.83,0.16
1096,9.84,671463.0072,-1994.99,0.19
1097,8.32,1.3359,-3750.13,0.24
1098,6.92,413285.4573,-3005.52,0.23
1099,7.32,6.1659,-2304.34,0.22
1100,7.88,67298.6496,-3256.36,0.2
1101,7.0,599802.3896,-3362.12,0.19
1102,8.64,3.418,-2584.91,0.17
1103,10.88,690720.7745,-3058.09,0.18
1104,8.8,154.0317,-3032.82,0.16
1105,11.04,7.1233,-2545.71,0.17
1106,11.96,0.0166,-3001.18,0.21
1107,10.4,35047.7085,-3757.6,0.29
1108,7.4,504817.5559,-2940.13,0.21
1109,10.68,455744.4632,-2856.29,0.21
1110,7.32,289347.3832,-2754.2,0.16
1111,9.48,2802.3125,-3075.43,0.23
1112,9.56,3.6827,-2513.7,0.26
1113,10.64,11.0556,-2500.17,0.28
1114,8.96,4.0684,-2351.39,0.37
1115,9.28,4870.1134,-2969.76,0.19
1116,11.68,569229.3944,-3500.24,0.27
1117,8.68,65956.878,-2203.57,0.2
1118,9.52,204806.9415,-2750.31,0.21
1119,10.32,0.5019,-3512.3,0.23
1120,10.84,43897.8247,-3780.37,0.28
1121,7.24,296507.5196,-3623.8,0.22
1122,9.28,6.8241,-2420.05,0.27
1123,8.44,19.5588,-2944.63,0.21
1124,6.96,99.3184,-2885.78,0.16
1125,5.28,2707.496,-3293.9,0.21
1126,10.0,410955.7184,-3752.72,0.18
1127,8.0,781937.8275,-3750.18,0.19
1128,9.04,49.6501,-2866.34,0.25
1129,12.36,2711.6417,-4584.62,0.19
1130,11.04,383.3669,-2332.94,0.18
1131,6.6,1650369.5616,-4363.46,0.19
1132,7.28,4887.4397,-3250.15,0.24
1133,8.4,1019383.2831,-2636.12,0.17
1134,8.96,0.2114,-2755.11,0.21
1135,6.24,241.3181,-3508.76,0.24
1136,11.16,15.1955,-2439.29,0.18
1137,10.24,527889.4255,-1756.19,0.23
1138,7.88,32238.5633,-2751.15,0.23
1139,6.04,291.8156,-2750.88,0.21
1140,7.28,137.219,-3287.05,0.26
1141,7.16,134.2894,-4251.55,0.25
1142,9.04,110.8427,-2613.25,0.23
1143,8.4,122478.0143,-3044.25,0.17
1144,9.64,123.5514,-1827.14,0.17
1145,11.4,2.8026,-3566.45,0.2
1146,9.64,1199868.8451,-3250.34,0.22
1147,7.24,3.4808,-3001.11,0.18
1148,6.12,225866.7809,-3141.81,0.2
1149,9.76,3479.6351,-2500.44,0.22
1150,8.44,760.038,-2473.99,0.18
1151,10.0,338.9998,-3294.29,0.22
1152,7.44,359823.533,-2261.07,0.22
1153,10.32,208428.8326,-3048.19,0.18
1154,6.8,23798.4204,-2012.65,0.18
1155,9.12,2860.9726,-2751.12,0.21
1156,6.6,2858211.1871,-3750.4,0.18
1157,6.84,19.9852,-2268.36,0.21
1158,7.68,3150.9372,-2332.38,0.18
1159,8.52,892543.137,-3755.77,0.19
1160,11.96,354258.1186,-3751.14,0.22
1161,8.72,408647.0357,-3670.01,0.15
1162,8.24,426030.7798,-2756.38,0.21
1163,7.0,1.3901,-2786.08,0.19
1164,9.76,888858.1962,-2514.59,0.18
1165,7.84,359710.6735,-2673.85,0.22
1166,10.52,57471.4576,-3003.04,0.19
1167,7.6,0.2444,-3254.31,0.27
1168,9.44,37604.7586,-3760.11,0.24
1169,7.84,2684.2094,-2509.73,0.29
1170,9.56,123.3727,-2757.56,0.21
1171,8.28,14.6617,-2054.5,0.2
1172,6.16,360102.0473,-4117.65,0.27
1173,10.48,1.5322,-2536.93,0.2
1174,8.52,794477.4569,-2033.47,0.27
1175,9.52,1111923.4408,-3644.99,0.24
1176,8.12,354532.9405,-2748.03,0.2
1177,10.96,0.0668,-2252.55,0.24
1178,7.52,128.4419,-1803.58,0.24
1179,9.6,3018.4293,-3250.75,0.23
1180,8.24,360775.7922,-2750.41,0.22
1181,7.76,35046.0823,-3252.15,0.18
1182,10.36,529530.0429,-2783.15,0.22
1183,10.08,238002.4069,-3255.08,0.18
1184,12.4,3541.8337,-3548.16,0.19
1185,8.0,313.8935,-3252.54,0.2
1186,6.68,0.0229,-2250.37,0.24
1187,9.88,4.5338,-3083.42,0.23
1188,9.64,1102697.0684,-3005.84,0.2
1189,8.16,2905.6015,-3256.57,0.24
1190,9.8,237883.5835,-3543.48,0.19
1191,8.96,39708.926,-2002.56,0.2
1192,6.56,0.6039,-3011.34,0.2
1193,9.12,373763.0966,-3750.22,0.22
1194,8.72,42890.9052,-1794.67,0.25
1195,9.68,34940.2573,-3001.03,0.21
1196,10.08,0.5186,-1762.36,0.21
1197,7.84,24.2012,-4002.24,0.24
1198,10.04,42.125,-1750.6,0.25
1199,6.8,169395.8876,-2250.64,0.27
1200,9.08,108.1212,-2001.53,0.2
1201,7.12,743193.0991,-3254.33,0.2
1202,7.52,9.7944,-2738.35,0.2
1203,6.28,839713.9073,-2066.66,0.2
1204,11.52,0.0992,-3252.24,0.19
1205,7.48,49.596,-3500.38,0.21
1206,7.12,112969.0854,-2758.33,0.23
1207,7.48,187750.3488,-2000.24,0.22
1208,11.08,237880.0759,-2774.08,0.25
1209,9.04,1.3706,-2783.75,0.2
1210,6.92,0.3428,-3752.65,0.24
1211,10.84,224821.6768,-2770.69,0.23
1212,8.32,477692.409,-3509.72,0.2
1213,8.28,4.1314,-2349.31,0.23
1214,7.68,5.043,-3107.67,0.21
1215,11.2,0.0278,-2000.37,0.18
1216,9.0,64722.1243,-4003.56,0.27
1217,10.44,0.0968,-2001.25,0.21
1218,10.96,0.0745,-3751.62,0.2
1219,10.4,540331.3692,-4250.16,0.24
1220,9.64,359699.7765,-2064.26,0.18
1221,7.52,65958.945,-2576.68,0.23
1222,5.88,39.7745,-3288.61,0.23
1223,10.72,754.4737,-2500.63,0.16
1224,9.4,2683.8592,-2000.97,0.23
1225,8.0,28.2464,-3221.82,0.19
1226,10.44,1162.4299,-3353.44,0.21
1227,9.08,333080.7758,-4250.7,0.2
1228,7.84,122813.1194,-3003.57,0.24
1229,8.44,119071.4504,-1503.32,0.17
1230,8.92,698772.6875,-3500.72,0.19
1231,9.76,74.8576,-3253.78,0.18
1232,8.72,0.0192,-3250.15,0.21
1233,6.88,459147.6568,-4000.43,0.28
1234,7.36,0.7913,-3768.08,0.21
1235,5.52,146.7035,-3765.01,0.22
1236,8.52,2.5188,-2312.25,0.22
1237,7.84,5.104,-2557.1,0.18
1238,9.4,24942.7302,-3262.15,0.19
1239,9.16,5598.9914,-3256.96,0.17
1240,9.68,2.7898,-2819.47,0.21
1241,8.64,2.6324,-2511.93,0.16
1242,10.0,118947.5298,-3195.47,0.19
1243,7.52,337231.3986,-3500.28,0.19
1244,7.8,2898.2625,-4030.9,0.17
1245,10.44,1078942.21,-3252.98,0.16
1246,10.08,237879.1312,-3000.13,0.25
1247,6.88,33879.3234,-3003.62,0.17
1248,8.96,472577.4662,-3008.82,0.18
1249,10.2,360166.7189,-2001.49,0.17
1250,11.48,66506.6415,-2251.08,0.17
1251,10.84,0.7722,-3019.13,0.19
1252,5.2,476833.8443,-4001.9,0.24
1253,8.76,2706.921,-2804.99,0.2
1254,10.2,170611.2496,-2008.19,0.22
1255,8.72,719751.2698,-3047.29,0.19
1256,8.68,119902.6216,-3544.37,0.26
1257,9.68,120449.6147,-3237.63,0.22
1258,11.92,2807.4807,-3200.89,0.17
1259,8.8,2606.623,-2281.91,0.17
1260,5.84,67.6874,-2796.75,0.17
1261,9.44,360095.5346,-2316.57,0.16
1262,6.6,8523.4188,-4252.3,0.22
1263,8.96,126.3128,-2751.28,0.18
1264,8.12,712747.65,-3500.56,0.17
1265,10.8,337735.9375,-2860.02,0.23
1266,10.72,67233.8439,-2050.37,0.18
1267,8.12,169473.3349,-1967.59,0.2
1268,7.0,71364.115,-3252.08,0.16
1269,7.48,383665.3594,-2792.76,0.16
1270,10.56,622.71,-3250.15,0.18
1271,12.6,7.886,-3002.84,0.24
1272,9.12,2703.7226,-2251.07,0.17
1273,5.44,1.8658,-4044.28,0.18
1274,8.08,422767.7908,-2517.38,0.19
1275,10.6,168385.5467,-2250.56,0.22
1276,6.88,130.6425,-4308.53,0.18
1277,8.4,360325.6603,-3000.38,0.18
1278,10.2,0.2291,-3000.53,0.18
1279,11.48,5.5779,-1500.49,0.21
1280,7.28,0.4244,-2510.02,0.22
1281,8.8,68197.7244,-2009.01,0.21
1282,8.72,56468.1573,-3277.81,0.22
1283,11.28,118939.6434,-3001.43,0.23
1284,11.44,118939.6187,-3250.68,0.21
1285,7.56,4.2016,-3022.66,0.21
1286,9.48,626.1803,-2837.08,0.17
1287,8.16,458983.6196,-4259.64,0.23
1288,10.0,3302.9985,-3502.61,0.26
1289,8.64,2055.5496,-1780.85,0.24
1290,7.04,37.3661,-2778.17,0.24
1291,8.72,844187.4279,-3501.2,0.17
1292,9.48,131917.6029,-2590.55,0.22
1293,9.12,359708.0098,-2561.57,0.3
1294,9.16,427513.1431,-1753.46,0.24
1295,9.64,708516.2518,-3000.54,0.21
1296,6.84,599507.7123,-2773.2,0.17
1297,11.96,8.0226,-3450.39,0.16
1298,8.08,502515.2078,-2264.3,0.17
1299,8.12,359711.3828,-3221.42,0.16
1300,8.68,478642.4505,-2750.25,0.22
1301,9.36,0.8086,-3001.22,0.23
1302,8.76,37003.3329,-2505.33,0.21
1303,9.4,8.9991,-3250.09,0.22
1304,9.08,3.5677,-1779.71,0.28
1305,10.24,43.3015,-2529.81,0.28
1306,11.16,0.2044,-3502.37,0.19
1307,9.12,359875.0552,-2759.84,0.18
1308,8.96,25.4587,-1531.46,0.21
1309,8.6,2.7017,-3282.18,0.2
1310,7.0,23865.6434,-3751.28,0.18
1311,9.28,0.322,-1757.15,0.18
1312,8.68,22.2566,-2356.8,0.18
1313,9.76,363151.8494,-3797.97,0.17
1314,10.68,6165.383,-3510.01,0.18
1315,11.2,1247.3118,-2797.3,0.2
1316,11.32,23875.6541,-2838.43,0.18
1317,8.56,5.6881,-2640.61,0.2
1318,9.16,1085887.0515,-3771.37,0.16
1319,10.12,5.5454,-2361.92,0.18
1320,11.48,1079624.6896,-3516.9,0.17
1321,8.4,35625.5,-3770.2,0.17
1322,10.28,359390.0718,-3000.26,0.16
1323,8.4,2.3021,-2302.42,0.18
1324,8.12,9716.5918,-3430.12,0.2
1325,10.24,42889.1475,-2751.17,0.18
1326,6.28,431079.5875,-3574.83,0.16
1327,7.64,456207.8332,-3795.76,0.17
1328,7.72,790408.2321,-2502.63,0.18
1329,6.44,721764.6764,-3322.33,0.17
1330,8.84,29.4516,-2670.92,0.18
1331,9.72,2813.6464,-2858.6,0.17
1332,9.48,4.4965,-2060.06,0.61
1333,7.8,21.8499,-3507.74,0.2
1334,7.4,61.2961,-2839.01,0.19
1335,6.76,8.4396,-1821.92,0.2
1336,11.24,96.8837,-2256.64,0.24
1337,10.68,0.3928,-3506.65,0.17
1338,11.6,104.2823,-3811.37,0.18
1339,9.08,120013.6711,-2750.55,0.18
1340,5.64,79.4143,-3750.12,0.28
1341,6.08,119904.3734,-3535.18,0.17
1342,8.04,5.2111,-2565.42,0.15
1343,8.12,475036.3273,-3253.07,0.19
1344,9.0,3128.0455,-2819.1,0.23
1345,8.72,10.0968,-2751.23,0.21
1346,9.72,24.9365,-2816.72,0.21
1347,6.2,16.0117,-2752.19,0.2
1348,8.56,430236.7716,-3794.96,0.21
1349,6.76,1150180.8579,-4251.16,0.19
1350,10.24,5.5688,-2139.14,0.22
1351,9.48,120020.0355,-1778.51,0.2
1352,5.32,839343.9932,-3076.73,0.22
1353,7.28,169415.3405,-2756.17,0.2
1354,9.12,475765.7059,-3610.38,0.19
1355,8.72,451674.2194,-3021.02,0.21
1356,9.6,6.4343,-2372.83,0.19
1357,8.8,1070479.0494,-2251.99,0.17
1358,8.2,972.5953,-2982.59,0.21
1359,11.44,169445.727,-3016.71,0.17
1360,9.0,711176.7004,-3059.63,0.19
1361,9.72,0.7907,-1769.63,0.15
1362,10.24,2571.5934,-3138.72,0.15
1363,7.92,67885.6322,-2045.5,0.18
1364,8.48,352336.5913,-2750.36,0.18
1365,9.8,0.6504,-1755.95,0.16
1366,10.44,1526.1119,-2752.94,0.17
1367,8.0,22.1932,-3064.71,0.19
1368,6.04,2577.8922,-3389.6,0.18
1369,10.84,360103.282,-2504.56,0.19
1370,9.8,359702.5194,-2250.59,0.18
1371,10.84,3.3627,-2068.22,0.18
1372,9.36,726008.0426,-2754.36,0.17
1373,8.32,7.6781,-2500.61,0.19
1374,7.4,1206.1915,-2439.15,0.23
1375,7.4,120051.9641,-3827.14,0.25
1376,10.8,118942.1733,-2782.86,0.24
1377,10.12,1073651.5879,-2754.72,0.2
1378,7.32,6.5491,-2569.8,0.21
1379,8.24,142880.3094,-3528.06,0.19
1380,6.92,1730856.4026,-3000.44,0.16
1381,8.76,953990.6999,-2315.42,0.16
1382,7.28,258.6537,-4250.35,0.19
1383,8.92,1119.8441,-1752.99,0.17
1384,6.24,240103.5137,-2756.94,0.18
1385,10.48,192.9254,-3251.52,0.18
1386,9.68,825042.277,-3001.66,0.17
1387,7.4,381.2256,-3008.53,0.24
1388,9.68,0.1079,-3500.58,0.19
1389,6.16,0.5728,-3513.92,0.18
1390,8.2,359555.4126,-2809.16,0.19
1391,8.16,471540.0298,-2759.13,0.16
1392,7.04,70.517,-3500.48,0.18
1393,8.08,68107.8636,-2269.95,0.18
1394,9.24,119905.8726,-2375.15,0.18
1395,6.56,1079552.9992,-3003.08,0.18
1396,8.88,1285.9153,-2771.03,0.22
1397,7.16,14.8751,-2700.63,0.18
1398,9.32,1044.6515,-3507.35,0.17
1399,11.8,1.8625,-2046.47,0.16
1400,8.32,359858.8497,-2814.92,0.18
1401,9.16,0.3397,-3254.22,0.14
1402,11.12,488140.2126,-4508.52,0.21
1403,10.2,3034.5515,-3500.34,0.22
1404,7.44,418971.5208,-3098.07,0.17
1405,10.16,23791.6691,-2285.24,0.2
1406,9.16,1.048,-2272.94,0.21
1407,7.72,0.0412,-3750.39,0.21
1408,9.76,362348.3061,-3003.06,0.21
1409,10.72,2695.0845,-2719.84,0.19
1410,10.48,65948.7389,-2050.81,0.19
1411,10.52,338125.5169,-2252.56,0.18
1412,10.64,39.1585,-1765.59,0.17
1413,7.84,69.3158,-2778.64,0.17
1414,8.32,266044.8692,-2857.94,0.18
1415,9.48,71.7693,-3277.34,0.19
1416,10.52,2570.5191,-1509.76,0.16
1417,7.64,77.2415,-3258.68,0.17
1418,9.64,8.4352,-1710.82,0.2
1419,11.16,1.697,-3250.8,0.16
1420,11.28,67859.6218,-2534.76,0.16
1421,9.52,1.7248,-2252.81,0.2
1422,6.8,59.7477,-3250.25,0.2
1423,8.84,719393.7997,-3758.07,0.18
1424,8.96,33880.1972,-2274.2,0.21
1425,10.84,951539.0939,-3811.93,0.17
1426,10.88,2800.9797,-3279.16,0.17
1427,8.68,155.7049,-3255.06,0.18
1428,10.88,0.1983,-3001.55,0.16
1429,9.84,188040.3025,-3000.43,0.17
1430,10.72,1066763.2998,-3063.62,0.19
1431,7.76,263822.4965,-4010.26,0.22
1432,10.28,2568.0429,-2301.65,0.18
1433,8.88,0.9186,-1515.81,0.17
1434,6.84,359749.977,-3505.23,0.18
1435,9.68,390699.7083,-3014.51,0.2
1436,7.88,293165.8354,-3251.79,0.24
1437,11.12,407.6288,-2799.55,0.17
1438,6.68,1540314.9908,-3773.57,0.21
1439,6.56,355289.3996,-3241.07,0.18
1440,11.04,56466.4292,-1775.62,0.23
1441,6.96,0.4267,-2255.62,0.15
1442,10.68,12.3552,-2382.39,0.15
1443,8.68,467469.9441,-2008.62,0.18
1444,8.72,173.821,-3000.4,0.16
1445,7.16,100.6222,-3015.75,0.18
1446,8.48,644064.1998,-3199.27,0.19
1447,8.52,424.0365,-3533.09,0.18
1448,7.16,2696.0911,-3653.05,0.21
1449,8.32,65968.2206,-3467.08,0.17
1450,9.16,359851.51,-1930.8,0.2
1451,8.32,9.6855,-2578.06,0.17
1452,9.08,2849.3823,-3688.59,0.18
1453,8.88,80276.7851,-2752.63,0.22
1454,8.8,0.5864,-3013.77,0.17
1455,9.08,3064.4901,-2501.52,0.21
1456,7.32,2703.8059,-2007.76,0.2
1457,10.16,0.2184,-3000.49,0.21
1458,11.64,360084.1428,-3504.21,0.19
1459,7.0,355327.9299,-2719.81,0.17
1460,7.36,619.9832,-3503.92,0.18
1461,8.44,506231.2358,-3559.41,0.18
1462,9.2,2691.082,-2930.01,0.17
1463,9.0,1388.9038,-3781.74,0.18
1464,8.32,125402.4499,-2787.18,0.18
1465,10.28,832606.491,-2319.15,0.23
1466,9.56,478928.782,-2579.94,0.71
1467,8.4,430.3136,-2044.97,0.2
1468,7.68,595083.6088,-2541.86,0.23
1469,11.04,358395.5544,-3584.8,0.17
1470,9.96,473019.9334,-3001.49,0.17
1471,8.4,359703.6335,-2028.76,0.22
1472,7.76,1246.2953,-3272.49,0.2
1473,7.44,1184.5344,-4000.04,0.2
1474,11.6,187594.7095,-3782.78,0.22
1475,10.16,1313224.2538,-1844.76,0.18
1476,7.24,0.3181,-2503.7,0.16
1477,9.48,359716.0524,-3251.59,0.18
1478,8.92,355280.7149,-1774.33,0.21
1479,10.72,2.4675,-2252.44,0.2
1480,8.12,589646.2857,-2503.91,0.18
1481,8.24,120040.9516,-2509.91,0.17
1482,9.8,1.4293,-2767.92,0.16
1483,8.56,4779.5145,-2724.11,0.15
1484,6.68,119912.6401,-2272.86,0.18
1485,8.92,2722.1945,-3076.56,0.17
1486,8.84,1.5584,-3538.58,0.17
1487,11.4,335735.3976,-3470.47,0.17
1488,7.0,56602.8294,-3030.88,0.22
1489,10.2,0.7636,-2512.85,0.16
1490,9.92,359665.1717,-2767.97,0.18
1491,9.4,47614.4246,-3258.71,0.22
1492,9.72,0.7583,-3003.92,0.18
1493,7.08,56787.8581,-3750.47,0.17
1494,5.8,49.6008,-2751.94,0.19
1495,5.56,8373.8324,-1993.32,0.18
1496,9.72,1319.2145,-4101.94,0.19
1497,9.8,353368.1123,-2259.42,0.24
1498,7.6,491749.2363,-3644.62,0.23
1499,10.24,475556.8692,-2501.47,0.26
1500,9.08,32282.089,-3081.6,0.21
1501,9.6,362403.017,-2750.41,0.15
1502,7.2,407095.618,-3340.49,0.16
1503,10.76,32987.2246,-2257.06,0.21
1504,7.2,70649.2322,-1532.2,0.15
1505,7.72,354259.2841,-2765.38,0.17
1506,8.96,39694.0248,-2338.04,0.16
1507,10.48,0.0301,-2501.54,0.18
1508,8.28,1123.8456,-4000.05,0.2
1509,10.68,360167.3524,-2268.87,0.19
1510,9.56,719688.6563,-2751.34,0.19
1511,7.52,475678.4346,-3111.01,0.17
1512,9.72,122623.6517,-3752.5,0.21
1513,10.04,714279.2201,-2819.95,0.19
1514,6.8,21.9495,-2305.86,0.21
1515,9.56,5406.9949,-3000.82,0.19
1516,9.28,1875.1596,-3838.9,0.2
1517,12.16,80398.136,-2502.26,0.22
1518,8.72,0.4722,-2506.19,0.21
1519,8.76,28.4336,-2752.03,0.17
1520,6.6,959208.6568,-3301.21,0.2
1521,10.6,2838.0883,-2252.29,0.15
1522,6.8,42.41,-2757.4,0.2
1523,9.68,145330.1506,-3063.64,0.16
1524,9.88,97.2048,-1767.55,0.15
1525,7.36,120019.3676,-3325.56,0.18
1526,8.04,3040.4259,-3001.88,0.19
1527,9.24,2707.5178,-2568.9,0.17
1528,7.2,6384.3729,-2265.18,0.18
1529,8.68,346886.7404,-4250.1,0.19
1530,8.44,813217.5696,-2777.14,0.17
1531,11.36,427184.8074,-3751.36,0.2
1532,7.08,359943.9532,-3000.75,0.17
1533,9.36,2.4132,-1561.26,0.18
1534,5.68,780.4404,-2471.65,0.16
1535,6.96,10089.8858,-2515.21,0.17
1536,11.84,118941.3655,-2786.01,0.22
1537,10.56,0.1805,-1753.04,0.18
1538,10.04,479889.0628,-3517.3,0.16
1539,8.64,27.9381,-2455.88,0.17
1540,6.68,806355.8908,-3250.62,0.18
1541,9.48,3077.2091,-3640.59,0.2
1542,9.36,1014.7801,-2958.94,0.22
1543,11.8,120209.3141,-3076.78,0.23
1544,6.08,68.0823,-2751.87,0.17
1545,7.12,120.7446,-3000.75,0.17
1546,7.6,1079533.0764,-2750.45,0.16
1547,8.04,625032.4087,-4396.99,0.17
1548,8.08,169445.4826,-1763.73,0.17
1549,7.92,28.534,-3566.88,0.18
1550,7.16,153144.0948,-3506.62,0.26
1551,9.72,1264.6226,-3044.37,0.21
1552,7.36,759.6816,-4501.05,0.2
1553,7.88,119913.5441,-3067.37,0.2
1554,10.64,630.7338,-2811.96,0.21
1555,7.84,3127.823,-3369.67,0.2
1556,6.84,66862.2027,-4500.22,0.19
1557,7.32,10.0053,-3500.83,0.17
1558,7.76,699090.8479,-4326.49,0.23
1559,7.2,240036.3162,-3708.16,0.18
1560,9.56,386.5612,-2506.08,0.17
1561,4.88,1039845.5542,-3406.1,0.16
1562,10.2,221679.4551,-3500.21,0.18
1563,8.64,134156.6907,-3250.18,0.2
1564,10.12,7.5508,-3500.14,0.17
1565,9.56,3.5469,-1500.41,0.18
1566,10.44,711089.4198,-3576.55,0.16
1567,6.8,715155.0873,-3262.26,0.17
1568,8.64,2814.2937,-3402.73,0.19
1569,8.64,337739.2032,-2259.28,0.22
1570,9.36,289432.1201,-2439.71,0.26
1571,10.96,1245.9744,-2764.65,0.2
1572,9.52,599552.4356,-4000.19,0.19
1573,6.16,0.3295,-2254.96,0.18
1574,10.96,1390.1815,-4220.04,0.24
1575,8.6,240300.1671,-2647.39,0.19
1576,8.16,86.3343,-3324.34,0.18
1577,7.44,2684.8066,-2024.49,0.18
1578,8.32,352337.9274,-3504.57,0.16
1579,10.32,238142.6816,-2000.45,0.2
1580,7.16,38.7944,-3311.23,0.18
1581,10.4,302443.4978,-2252.26,0.15
1582,8.52,1080096.2552,-2836.95,0.17
1583,9.44,11.2023,-2779.54,0.2
1584,11.88,335729.2159,-2066.01,0.15
1585,7.88,10.9032,-2916.92,0.19
1586,9.48,33879.73,-2513.88,0.23
1587,6.92,713678.3674,-2751.29,0.19
1588,6.56,1078392.4903,-3048.04,0.17
1589,8.92,2800.0449,-2763.24,0.27
1590,11.08,0.0728,-2001.68,0.17
1591,10.56,55898.0396,-3549.05,0.19
1592,6.12,69273.8614,-4251.58,0.17
1593,10.84,257066.6162,-3058.01,0.19
1594,10.56,120233.7599,-2256.23,0.24
1595,10.48,0.4106,-1750.72,0.18
1596,7.4,0.1845,-3003.53,0.2
1597,9.24,335735.0006,-2847.09,0.23
1598,8.92,724267.2218,-2750.42,0.16
1599,5.4,23.221,-4544.98,0.25
1600,11.08,5407.2571,-2502.33,0.18
1601,10.24,0.0288,-2251.45,0.18
1602,9.0,1.195,-2001.25,0.16
1603,7.92,447.5233,-4054.64,0.17
1604,6.68,168272.5502,-2064.13,0.15
1605,6.76,380.6554,-3759.88,0.17
1606,6.16,124.2782,-2812.17,0.18
1607,9.96,118967.5576,-3682.62,0.24
1608,8.88,33879.3593,-2004.1,0.18
1609,6.16,360082.5917,-2507.28,0.18
1610,9.28,20.9544,-3435.55,0.17
1611,9.04,1238.3456,-3065.4,0.18
1612,7.16,56487.0742,-3004.86,0.17
1613,10.96,1006.1438,-2500.24,0.19
1614,7.76,67878.654,-2330.98,0.19
1615,6.96,1079644.8598,-3779.38,0.2
1616,7.52,5.2796,-2569.95,0.16
1617,9.44,119084.33,-3500.19,0.17
1618,10.56,623.1298,-1760.23,0.18
1619,7.2,86.1133,-1974.13,0.17
1620,11.4,0.0554,-2001.21,0.19
1621,7.16,421321.0022,-3253.21,0.19
1622,10.08,359665.4844,-2024.02,0.21
1623,12.92,170347.1093,-3508.64,0.15
1624,9.84,329745.4218,-2547.35,0.21
1625,10.92,459636.7197,-2250.18,0.15
1626,7.12,67887.4646,-2680.24,0.18
1627,6.88,352446.4559,-3053.69,0.16
1628,8.52,133705.4948,-2761.16,0.2
1629,7.16,359844.8628,-2763.66,0.21
1630,5.6,378.4476,-2728.6,0.17
1631,7.08,168278.6962,-3702.42,0.26
1632,8.12,564539.344,-3268.97,0.18
1633,8.48,359800.8145,-2768.03,0.21
1634,6.2,0.0789,-2500.3,0.22
1635,8.92,352345.3458,-3079.77,0.18
1636,7.24,29.2622,-2250.41,0.22
1637,7.4,2974.6104,-3250.32,0.24
1638,9.48,32.7479,-4004.44,0.18
1639,11.52,359876.8793,-2285.32,0.17
1640,8.6,8.8702,-2471.53,0.2
1641,13.36,118939.6457,-2750.62,0.14
1642,8.24,719370.4549,-2789.38,0.2
1643,8.88,56466.2049,-3006.03,0.22
1644,7.68,120.9251,-2009.84,0.17
1645,10.16,38.649,-3526.66,0.18
1646,9.92,39.3862,-3071.06,0.19
1647,9.16,34630.5596,-2278.15,0.17
1648,10.12,126190.53,-3896.09,0.18
1649,9.4,360166.7903,-3254.82,0.21
1650,10.44,0.9296,-2772.94,0.18
1651,8.4,1072273.5059,-2500.19,0.19
1652,7.8,6126.9868,-2554.82,0.17
1653,10.2,189188.5824,-3250.12,0.19
1654,9.72,123622.8082,-3306.48,0.22
1655,9.6,1155.923,-2542.22,0.18
1656,6.76,359772.5866,-2039.12,0.17
1657,7.64,118942.463,-2528.49,0.21
1658,6.12,24.3368,-2852.19,0.19
1659,8.12,118978.6142,-2269.64,0.19
1660,7.04,119901.7717,-3508.04,0.19
1661,8.12,119901.5398,-2766.19,0.17
1662,7.84,359954.7514,-2751.13,0.22
1663,10.2,2789.2906,-2298.96,0.16
1664,6.16,0.2119,-2257.09,0.16
1665,7.6,359849.3087,-3014.0,0.17
1666,12.64,0.7493,-2512.85,0.17
1667,10.32,1285.1058,-2750.7,0.16
1668,7.24,19.2587,-3250.24,0.16
1669,9.28,7.6536,-1691.13,0.18
1670,7.56,359833.1665,-2536.02,0.22
1671,6.76,359849.5635,-2789.35,0.19
1672,8.68,1285.8624,-2753.16,0.22
1673,9.48,0.5184,-2761.61,0.19
1674,9.4,123.7783,-2834.67,0.17
1675,10.72,122.9577,-2812.22,0.18
1676,8.84,85.6672,-2522.8,0.17
1677,8.36,359938.658,-4250.61,0.27
1678,8.4,871254.1882,-3875.51,0.17
1679,6.16,76.7552,-3750.94,0.18
1680,6.56,1.413,-3034.77,0.19
1681,10.64,238163.4448,-2513.78,0.17
1682,6.96,123.3996,-3309.76,0.16
1683,10.76,0.0222,-3500.11,0.2
1684,6.24,0.0678,-2751.51,0.16
1685,8.36,5407.2957,-1750.6,0.15
1686,9.08,0.0138,-2500.19,0.23
1687,7.6,0.6096,-2009.68,0.17
1688,9.84,530326.9724,-1532.46,0.2
1689,11.68,26963.8,-3446.65,0.19
1690,6.24,456499.6843,-3278.32,0.17
1691,9.36,1482421.8273,-3948.54,0.16
1692,8.2,35.2377,-3251.41,0.19
1693,6.96,262132.887,-3003.02,0.18
1694,7.52,169434.9683,-3251.4,0.17
1695,12.08,505434.4426,-2251.59,0.19
1696,8.32,759.7888,-2251.61,0.17
1697,11.88,229457.5148,-2251.1,0.24
1698,8.68,335726.6394,-2001.34,0.19
1699,8.04,753604.6141,-3384.23,0.18
1700,9.48,32242.768,-2075.87,0.18
1701,9.92,125420.6436,-3250.88,0.16
1702,9.72,719328.9732,-1757.22,0.16
1703,7.92,35.2028,-1752.22,0.16
1704,8.16,96.0246,-2253.53,0.16
1705,8.4,422.9339,-3044.66,0.17
1706,8.88,32236.7304,-2000.22,0.18
1707,7.44,121904.9119,-3545.22,0.17
1708,11.76,39690.5712,-2503.28,0.16
1709,10.44,121915.3825,-2557.45,0.17
1710,7.2,764173.3338,-3508.55,0.17
1711,7.56,185028.1475,-3000.86,0.17
1712,8.24,230034.6502,-3000.56,0.17
1713,8.36,356829.9098,-3000.94,0.17
1714,6.28,827096.1225,-3277.16,0.17
1715,9.8,1079678.5596,-4502.39,0.21
1716,7.12,578309.1373,-3046.34,0.19
1717,11.56,0.5395,-1510.34,0.19
1718,9.32,2801.5693,-3500.16,0.21
1719,8.76,719393.8809,-3255.96,0.18
1720,9.56,27.0732,-2975.65,0.2
1721,9.08,119082.0828,-2760.06,0.25
1722,6.88,559.9406,-3501.87,0.19
1723,10.2,2703.9112,-1505.85,0.16
1724,9.44,97.4951,-2762.85,0.2
1725,12.56,0.3511,-4258.54,0.2
1726,11.84,0.3577,-2258.74,0.18
1727,8.8,130733.3253,-3264.38,0.18
1728,9.48,0.5694,-2514.01,0.21
1729,9.88,1008.711,-3063.44,0.19
1730,10.68,80.1246,-2787.77,0.16
1731,10.88,33880.3545,-2501.31,0.19
1732,10.44,1057010.3986,-3030.93,0.18
1733,8.76,7.3713,-3178.92,0.67
1734,7.64,170415.469,-2438.11,0.19
1735,8.76,37163.7863,-2042.86,0.17
1736,7.84,421.0745,-3502.93,0.19
1737,8.76,0.0158,-1751.28,0.18
1738,8.8,360328.2841,-2327.64,0.17
1739,7.6,478586.969,-1778.72,0.18
1740,7.92,0.4484,-2761.06,0.17
1741,8.56,120015.004,-2750.52,0.19
1742,7.6,0.8077,-3020.68,0.21
1743,10.96,170290.8362,-2844.62,0.16
1744,7.6,1868.1923,-2502.89,0.16
1745,9.56,1.4864,-2005.14,0.16
1746,9.8,360451.5487,-1856.13,0.17
1747,7.28,229460.1803,-2289.67,0.17
1748,7.92,352336.7596,-3265.47,0.24
1749,9.72,4075.8153,-2736.07,0.19
1750,10.8,277706.9696,-3575.49,0.22
1751,9.88,11.8293,-2250.6,0.21
1752,8.84,301353.9004,-3857.57,0.21
1753,7.32,359728.5932,-3502.48,0.2
1754,7.24,431490.2269,-2771.5,0.19
1755,8.64,2.4857,-3062.64,0.19
1756,7.72,225870.1126,-1973.06,0.17
1757,7.76,1137.4876,-2782.18,0.17
1758,7.48,24.992,-3018.41,0.2
1759,8.84,0.2169,-2005.07,0.19
1760,7.44,2705.3041,-2544.5,0.19
1761,6.04,292.16,-3139.27,0.16
1762,9.4,509379.1766,-2768.61,0.17
1763,8.96,119910.9767,-3221.71,0.17
1764,9.76,7.2218,-2930.41,0.16
1765,10.32,2896.2421,-3003.02,0.17
1766,6.8,208603.244,-3010.01,0.18
1767,7.48,8.8375,-3500.19,0.26
1768,9.08,421.0774,-2250.45,0.2
1769,5.96,1.0191,-2504.87,0.17
1770,9.76,56470.9651,-2641.88,0.17
1771,9.0,1070585.2355,-2561.75,0.19
1772,8.92,361343.5532,-2807.8,0.19
1773,8.16,2031.8133,-3250.35,0.17
1774,8.48,32358.824,-1790.97,0.16
1775,12.0,175.9546,-3750.37,0.16
1776,7.0,359824.2154,-3031.56,0.17
1777,11.76,476837.7676,-2250.54,0.18
1778,5.8,356820.0148,-3002.04,0.18
1779,9.92,410726.8892,-2582.04,0.19
1780,8.76,32242.918,-2154.48,0.17
1781,8.48,40.5395,-2280.34,0.17
1782,10.0,2.2506,-2288.29,0.19
1783,11.88,233668.4558,-2753.25,0.16
1784,9.48,144657.1544,-3686.29,0.18
1785,9.28,339626.2347,-2767.47,0.17
1786,8.44,360191.6128,-2772.23,0.17
1787,10.44,238001.7024,-2333.68,0.19
1788,8.56,234267.521,-2554.19,0.18
1789,8.24,3.4078,-3001.41,0.17
1790,9.8,909.8888,-3014.71,0.26
1791,7.16,2567.3846,-2533.89,0.17
1792,10.88,238840.3764,-3309.42,0.18
1793,6.44,142.9795,-3573.23,0.19
1794,10.4,354266.0034,-3008.37,0.17
1795,10.32,5820.999,-3502.17,0.16
1796,8.68,56465.353,-4250.76,0.16
1797,6.32,4.6378,-3801.45,0.18
1798,9.76,121657.8184,-2892.22,0.16
1799,8.16,20.0675,-1759.09,0.2
1800,6.36,0.7826,-2014.95,0.21
1801,11.48,169453.6961,-3147.17,0.19
1802,9.8,82.3978,-2502.16,0.15
1803,6.12,168270.7799,-1519.89,0.16
1804,8.96,120013.7057,-2751.32,0.18
1805,9.52,695321.199,-3259.6,0.17
1806,8.76,1243025.0746,-3297.5,0.17
1807,7.6,575529.0999,-3250.2,0.19
1808,8.44,248433.8471,-3250.72,0.18
1809,9.84,1.7166,-2042.72,0.16
1810,10.12,124.8607,-1361.86,0.23
1811,9.2,719992.4127,-3007.45,0.15
1812,8.52,1056983.6401,-2760.84,0.17
1813,7.96,168270.7426,-1518.36,0.19
1814,5.88,336645.3932,-4469.74,0.18
1815,7.72,16.192,-2250.89,0.19
1816,8.84,427551.7952,-1266.4,0.2
1817,8.8,1433882.2725,-2004.92,0.17
1818,6.24,399.158,-3002.21,0.16
1819,8.64,2703.5021,-1750.59,0.18
1820,11.72,711219.7996,-2500.3,0.17
1821,8.44,168298.004,-3060.63,0.23
1822,12.32,830021.959,-3251.17,0.17
1823,8.2,2.9766,-1822.55,0.17
1824,11.32,339189.4817,-2774.17,0.15
1825,10.04,169450.1174,-1818.25,0.15
1826,7.84,32533.4134,-4044.33,0.21
1827,8.84,289441.93,-4564.82,0.17
1828,9.16,5.0535,-1331.13,0.18
1829,6.12,359844.3129,-2751.16,0.18
1830,6.56,12352.227,-4251.34,0.19
1831,7.32,510949.7842,-3749.94,0.19
1832,9.6,233936.9055,-2411.26,0.18
1833,9.96,624.8077,-2303.31,0.19
1834,8.88,14.342,-2573.32,0.17
1835,10.44,229466.366,-2754.5,0.18
1836,7.96,360358.2079,-2755.35,0.17
1837,8.4,386224.9755,-3120.37,0.17
1838,8.12,340215.6012,-2044.28,0.22
1839,7.76,359700.1138,-3054.17,0.2
1840,9.08,3749.8214,-2792.58,0.17
1841,8.28,1288.8568,-1844.57,0.19
1842,8.68,357215.1013,-2279.49,0.21
1843,8.32,365213.1014,-3751.16,0.24
1844,7.92,42.0712,-2573.44,0.19
1845,8.64,359664.5401,-1006.93,0.18
1846,11.96,352351.4063,-2945.24,0.23
1847,9.96,1.0973,-3013.53,0.2
1848,9.32,267563.5096,-3502.09,0.2
1849,9.36,474457.863,-2719.58,0.16
1850,10.44,59.5305,-3118.69,0.17
1851,4.88,88.0276,-3970.01,0.21
1852,7.04,1362.2567,-3004.27,0.21
1853,8.6,22.3286,-3084.98,0.17
1854,8.12,33895.2293,-3002.02,0.17
1855,10.68,2.361,-3057.54,0.17
1856,10.36,672075.9926,-3253.06,0.2
1857,8.8,468880.2121,-3856.92,0.21
1858,6.44,4.9874,-1621.93,0.19
1859,6.2,2.2083,-3281.84,0.19
1860,8.32,40396.2317,-2513.61,0.18
1861,9.4,359702.5029,-2500.54,0.21
1862,11.24,232033.5172,-3000.25,0.15
1863,6.84,112410.8788,-3011.27,0.22
1864,8.52,0.0809,-2751.68,0.17
1865,7.88,344187.0867,-2758.86,0.18
1866,7.84,359848.9457,-3252.44,0.22
1867,8.68,1.3004,-2279.97,0.24
1868,10.2,237879.2067,-2501.88,0.21
1869,7.88,362909.5191,-3250.27,0.21
1870,11.28,394047.2677,-1535.28,0.66
1871,8.6,119071.8285,-3012.71,0.16
1872,8.08,56485.4544,-2511.57,0.2
1873,9.92,16.0483,-3251.08,0.18
1874,9.56,152.047,-3001.22,0.16
1875,7.8,1048.4452,-2253.88,0.18
1876,10.16,3443.5082,-3236.02,0.19
1877,9.44,101638.9216,-3002.11,0.2
1878,9.24,35181.6834,-3750.86,0.21
1879,4.56,180.2452,-3251.02,0.24
1880,6.8,202.7558,-3500.27,0.18
1881,8.52,33881.7268,-1804.56,0.17
1882,7.2,4867.8577,-2294.81,0.17
1883,10.0,121685.1431,-3000.16,0.24
1884,10.0,359678.7683,-3780.03,0.18
1885,11.04,0.4124,-2754.54,0.21
1886,6.88,0.2078,-2255.11,0.19
1887,11.04,363737.0591,-2930.27,0.17
1888,9.88,932193.4007,-3250.18,0.16
1889,7.6,804.2412,-2063.21,0.17
1890,13.0,3193.2408,-5758.75,0.19
1891,10.56,1.5665,-1539.09,0.17
1892,9.68,42.1268,-2250.41,0.2
1893,7.04,32280.2192,-3027.46,0.19
1894,8.16,359702.5487,-2501.68,0.19
1895,12.0,808998.7533,-3255.84,0.21
1896,7.76,7.9033,-2697.48,0.18
1897,7.2,356860.9259,-3069.73,0.16
1898,8.52,169465.301,-4510.19,0.19
1899,10.16,359847.7032,-1777.39,0.18
1900,8.36,56503.9316,-2003.61,0.18
1901,6.44,229478.5719,-3284.26,0.15
1902,8.4,9.0015,-2224.92,0.16
1903,9.84,897.568,-2000.26,0.19
1904,8.96,4.986,-2353.05,0.18
1905,11.2,0.033,-2501.68,0.16
1906,7.52,39728.8903,-4500.54,0.17
1907,6.36,210.5118,-3750.22,0.17
1908,6.48,599758.7869,-2750.39,0.18
1909,9.44,1245.4014,-2000.42,0.21
1910,10.16,104.1905,-2197.26,0.17
1911,9.44,354285.1017,-2486.43,0.2
1912,8.52,68797.4078,-1545.84,0.17
1913,8.2,140315.6918,-4565.07,0.21
1914,8.2,33906.4636,-3526.34,0.17
1915,7.04,77.3113,-2532.68,0.18
1916,10.12,128947.4619,-3510.92,0.18
1917,10.44,261670.0382,-3250.32,0.16
1918,7.92,140.3295,-2443.05,0.17
1919,9.4,425645.2286,-1537.55,0.17
1920,8.68,153446.8281,-2117.53,0.18
1921,10.04,120857.5352,-3750.22,0.24
1922,10.36,121186.3419,-1261.25,0.17
1923,6.56,359965.842,-3263.16,0.17
1924,9.32,895.4267,-2023.11,0.2
1925,6.8,1007.2687,-3264.63,0.18
1926,6.04,3900.3265,-3908.95,0.19
1927,12.0,0.0248,-1750.57,0.18
1928,7.92,479751.5604,-2276.54,0.18
1929,10.24,402763.7957,-2001.28,0.18
1930,11.28,335727.0415,-1507.79,0.21
1931,8.6,722745.483,-4250.26,0.17
1932,8.96,335726.8485,-2756.73,0.18
1933,7.92,456620.8061,-4021.06,0.18
1934,8.32,19.7257,-3250.42,0.19
1935,9.88,38.3895,-2250.4,0.16
1936,10.92,623.4014,-1767.27,0.17
1937,9.44,1079619.7536,-3007.09,0.16
1938,10.36,2566.5099,-3005.26,0.18
1939,12.28,10.8862,-2521.08,0.18
1940,7.6,173885.9692,-2766.91,0.18
1941,9.48,2704.7562,-3279.47,0.16
1942,8.88,841075.6998,-3548.56,0.16
1943,10.08,119071.5672,-3004.15,0.2
1944,11.2,42894.9461,-3006.28,0.19
1945,5.92,0.8814,-3251.39,0.16
1946,7.96,8399.2146,-2750.28,0.19
1947,12.08,360541.6306,-4251.42,0.16
1948,8.08,337358.9291,-2534.57,0.16
1949,7.4,0.5322,-3261.58,0.17
1950,8.44,12.3398,-2805.95,0.18
1951,7.04,122041.3062,-3091.27,0.17
1952,6.68,3.6014,-1838.61,0.16
1953,8.52,38.2445,-2500.54,0.16
1954,10.56,119083.759,-3311.99,0.19
1955,9.84,132919.6184,-3002.58,0.18
1956,11.56,716515.3534,-2751.33,0.18
1957,6.16,1.6407,-2285.54,0.17
1958,6.32,356838.1899,-3271.6,0.17
1959,10.6,238438.992,-2750.36,0.16
1960,5.24,815370.3959,-3502.81,0.17
1961,10.36,124806.978,-2501.14,0.15
1962,8.76,1099.4936,-2471.23,0.17
1963,8.4,21.7304,-1813.53,0.18
1964,8.36,96.3888,-2502.08,0.15
1965,7.24,355400.4402,-2005.92,0.19
1966,10.76,362178.8932,-2750.44,0.18
1967,11.84,2709.7275,-2403.96,0.18
1968,9.4,1074103.082,-3252.57,0.19
1969,10.96,24.4975,-3010.68,0.16
1970,10.08,2805.7648,-3105.52,0.17
1971,8.32,1.3279,-2033.93,0.18
1972,7.48,0.4746,-2505.99,0.22
1973,11.52,1.5242,-2262.42,0.16
1974,9.28,2571.3594,-2274.83,0.17
1975,9.08,380137.7108,-2881.97,0.17
1976,9.4,1079681.5864,-2830.07,0.16
1977,9.36,373618.8807,-3008.6,0.17
1978,8.56,114735.4723,-2155.1,0.19
1979,9.32,67108.1372,-2815.27,0.16
1980,8.24,1738354.234,-3750.5,0.18
1981,12.36,360166.6783,-1752.51,0.18
1982,8.0,425812.3213,-2752.7,0.21
1983,10.52,359848.6063,-3606.64,0.19
1984,10.44,2800.3702,-2026.33,0.17
1985,8.44,751874.0847,-3048.42,0.16
1986,7.28,119056.7005,-3311.79,0.19
1987,7.24,2.275,-1524.82,0.17
1988,10.32,2.6709,-2257.58,0.16
1989,12.24,118943.3666,-1843.98,0.17
1990,8.32,340490.9798,-3750.27,0.18
1991,6.6,224821.0114,-3503.15,0.21
1992,10.64,186936.3894,-2161.78,0.18
1993,9.96,153588.7219,-2139.88,0.18
1994,10.52,17.0491,-2235.16,0.19
1995,7.92,2.5234,-1812.97,0.17
1996,8.0,9533.2391,-2501.75,0.16
1997,11.52,65951.1257,-2359.32,0.17
1998,10.04,7.6648,-1192.56,0.22
1999,8.64,491963.7798,-2522.73,0.22
2000,9.12,954402.0305,-4250.37,0.19
2001,10.52,5.4846,-2309.58,0.18
2002,8.84,335848.0751,-2521.96,0.23
2003,8.2,340613.4676,-2500.99,0.2
2004,10.92,699926.7955,-2140.28,0.16
2005,10.96,392729.6487,-3000.21,0.17
2006,12.0,356825.0074,-2023.03,0.16
2007,10.2,901.2552,-2002.11,0.15
2008,5.64,15.2195,-2095.32,0.19
2009,12.32,118941.8886,-1808.36,0.2
2010,9.36,719697.1278,-3265.39,0.23
2011,7.52,478655.7926,-2751.67,0.71
2012,7.96,238168.9529,-3084.13,0.2
2013,9.56,6.5415,-881.75,0.24
2014,7.08,2838.19,-2255.16,0.22
2015,10.96,481353.1848,-2509.07,0.22
2016,7.96,3335.9902,-2682.74,0.18
2017,10.68,68520.4528,-2444.29,0.2
2018,7.36,16617.2937,-3505.32,0.17
2019,9.12,34524.3537,-3008.74,0.2
2020,7.44,120013.663,-2750.36,0.19
2021,13.24,118949.5034,-1998.59,0.17
2022,10.32,359893.1244,-1418.12,0.16
2023,6.96,504818.7384,-2750.19,0.16
2024,9.36,474695.7801,-2751.62,0.15
2025,9.88,659467.3788,-2001.54,0.22
2026,10.44,5.369,-3028.53,0.16
2027,8.08,4.8305,-2311.03,0.18
2028,10.92,417.656,-2851.8,0.21
2029,9.44,90.6682,-3576.75,0.19
2030,8.72,599670.326,-3755.68,0.17
2031,8.88,713678.9516,-2023.93,0.17
2032,8.08,2.5191,-2794.56,0.2
2033,9.16,359883.1954,-3116.62,0.18
2034,9.36,0.1154,-2501.78,0.17
2035,7.44,732967.7237,-2577.04,0.16
2036,11.2,4.9079,-1872.54,0.17
2037,5.4,35.5955,-3507.18,0.2
2038,9.52,0.9688,-1506.76,0.19
2039,7.24,1105702.3948,-4250.39,0.18
2040,6.56,33909.0315,-2500.44,0.2
2041,4.88,360011.2744,-2754.67,0.17
2042,6.12,4.4123,-3559.38,0.18
2043,7.24,40.905,-2309.25,0.15
2044,9.64,359879.2673,-2615.21,0.16
2045,8.16,526267.4586,-4068.98,0.16
2046,10.12,407915.6674,-3751.88,0.17
2047,6.24,153.71,-2022.12,0.18
2048,8.8,412190.1738,-3254.56,0.19
2049,6.84,11.8262,-2793.94,0.17
2050,12.56,121590.744,-4189.23,0.16
2051,10.04,383.079,-3540.31,0.18
2052,9.48,358448.7972,-2001.72,0.18
2053,7.08,528135.9177,-3477.44,0.17
2054,9.0,65947.0866,-2508.0,0.17
2055,10.84,234774.3774,-3378.03,0.16
2056,9.12,352345.2185,-2405.32,0.17
2057,9.72,5842.6277,-2837.47,0.17
2058,9.72,3245.4046,-2751.28,0.21
2059,10.24,2826.9881,-3077.22,0.18
2060,9.28,169445.7999,-3500.17,0.18
2061,7.04,474446.8293,-2753.73,0.18
2062,6.68,529276.9554,-3030.16,0.17
2063,8.08,427897.9371,-3561.8,0.21
2064,8.56,4.3304,-2856.01,0.2
2065,7.32,2801.1034,-3000.72,0.18
2066,9.0,2683.847,-2750.71,0.2
2067,11.04,3.7652,-2595.66,0.18
2068,9.36,119216.7633,-2501.52,0.16
2069,9.32,20.9668,-2447.88,0.16
2070,9.96,6126.1707,-2800.82,0.22
2071,11.72,1.0039,-2758.53,0.16
2072,11.04,474159.1082,-3250.34,0.17
2073,7.96,680133.7793,-1750.93,0.16
2074,10.16,0.0343,-1750.77,0.18
2075,9.04,948094.274,-3256.26,0.17
2076,8.8,4766.4949,-2500.32,0.18
2077,7.92,118942.2483,-3564.87,0.2
2078,10.64,360322.8892,-2250.58,0.16
2079,7.48,2.3432,-3034.74,0.17
2080,10.36,1043746.0711,-2250.29,0.17
2081,6.28,806764.5775,-3507.24,0.15
2082,10.2,0.1122,-2251.5,0.22
2083,7.8,0.5721,-3014.61,0.22
2084,7.6,3.3875,-3020.48,0.2
2085,10.48,142728.013,-2002.16,0.16
2086,12.96,0.0201,-2250.34,0.16
2087,10.52,354258.4301,-3008.69,0.19
2088,10.32,711337.7233,-2633.74,0.19
2089,5.92,0.065,-3001.77,0.2
2090,9.32,0.4129,-1511.05,0.16
2091,6.16,1.0015,-2252.24,0.16
2092,4.68,359965.0629,-3253.04,0.17
2093,5.92,203549.0833,-3254.9,0.18
2094,11.36,1.2231,-2519.13,0.17
2095,8.36,1.6346,-3772.37,0.17
2096,12.92,400105.0188,-3500.13,0.16
2097,7.12,240074.6859,-2719.82,0.21
2098,10.6,542.4307,-2335.53,0.16
2099,7.56,0.0433,-2252.76,0.21
2100,8.72,1.2289,-3779.46,0.18
2101,9.16,32276.1506,-2500.75,0.17
2102,10.88,335728.942,-2557.58,0.17
2103,8.08,623.5936,-2508.21,0.2
2104,9.84,8398.6816,-3010.28,0.18
2105,7.08,36.5594,-2280.33,0.19
2106,8.68,42.3396,-2505.9,0.24
2107,6.0,36.9135,-2500.73,0.18
2108,7.72,118.8288,-4500.24,0.19
2109,11.28,56483.2361,-3284.96,0.19
2110,10.72,9.4175,-2984.99,0.21
2111,10.6,289344.335,-2319.78,0.22
2112,10.0,96.5948,-2007.42,0.17
2113,8.72,67453.107,-2104.88,0.17
2114,7.0,23788.4627,-2013.7,0.25
2115,6.48,0.0999,-2751.05,0.17
2116,6.8,145.5743,-2754.32,0.19
2117,11.6,6.2754,-1655.16,0.18
2118,9.76,10.3256,-3194.3,0.18
2119,13.0,354265.678,-2440.18,0.24
2120,11.0,356827.7447,-2445.32,0.17
2121,9.12,1799279.2612,-4000.26,0.15
2122,10.28,3388.6177,-2562.98,0.15
2123,10.92,7.9018,-2273.96,0.21
2124,8.92,183418.9297,-3108.23,0.22
2125,8.96,696126.6838,-2250.35,0.24
2126,8.28,4887.2441,-3501.21,0.23
2127,8.88,17.6897,-3033.15,0.21
2128,10.32,24.1084,-2501.21,0.18
2129,9.96,877967.7654,-2501.47,0.17
2130,7.88,66024.6984,-3023.78,0.17
2131,7.6,168.3964,-2003.71,0.2
2132,10.72,169447.7335,-1750.38,0.17
2133,8.44,238791.5796,-3252.45,0.19
2134,9.32,29.858,-3500.11,0.16
2135,10.08,354258.6064,-1009.5,0.18
2136,10.92,518722.7723,-3284.45,0.17
2137,8.44,311291.0786,-3750.12,0.18
2138,9.0,508376.6026,-2545.7,0.16
2139,8.76,119939.3502,-2507.67,0.17
2140,9.96,2.028,-1300.03,0.22
2141,7.32,359640.1597,-2281.29,0.18
2142,9.52,35.4901,-2008.61,0.23
2143,11.56,2808.532,-2542.96,0.27
2144,6.8,0.0422,-2002.39,0.16
2145,6.68,2.9706,-3264.98,0.2
2146,8.84,241.1764,-3001.01,0.19
2147,8.16,0.2316,-3501.22,0.2
2148,8.92,7.029,-2907.45,0.16
2149,8.96,0.1034,-2502.48,0.2
2150,7.6,0.1847,-2504.46,0.19
2151,8.96,169567.6704,-2502.23,0.7
2152,10.8,0.0258,-1250.47,0.19
2153,8.2,2176.3904,-2751.38,0.22
2154,8.08,431123.7655,-2326.2,0.21
2155,6.68,359724.608,-2280.87,0.18
2156,6.4,2.4147,-2309.8,0.2
2157,11.0,780377.0173,-3000.28,0.18
2158,10.12,67857.9943,-2080.5,0.21
2159,8.88,359874.8481,-3002.44,0.17
2160,10.32,33882.6963,-3587.46,0.19
2161,5.68,360055.2792,-4251.3,0.22
2162,8.48,136.4631,-2751.39,0.21
2163,8.6,8735.5874,-2806.94,0.18
2164,8.84,9558.4142,-3556.24,0.18
2165,10.32,373813.8424,-3756.99,0.17
2166,8.08,19.9888,-1999.66,0.16
2167,8.56,137310.8168,-2252.82,0.18
2168,9.48,170117.3962,-1756.46,0.18
2169,8.48,2919.9642,-2756.25,0.17
2170,11.2,537671.1872,-2501.78,0.16
2171,9.08,422769.704,-2762.74,0.18
2172,8.08,59.4921,-2300.66,0.17
2173,7.64,23.5678,-3250.49,0.21
2174,8.52,1.1679,-2274.01,0.17
2175,7.56,168270.5981,-1515.35,0.17
2176,10.4,536730.125,-4003.93,0.17
2177,6.68,32238.1361,-3015.39,0.18
2178,8.8,305749.9604,-3030.18,0.18
2179,12.44,612.0591,-3750.69,0.18
2180,11.44,0.1758,-2254.25,0.18
2181,10.64,557716.6586,-2753.43,0.18
2182,8.24,2719.1569,-3750.19,0.21
2183,6.84,272.0791,-1529.88,0.17
2184,12.32,119071.3774,-1000.63,0.21
2185,9.88,127.0169,-2265.74,0.16
2186,8.6,32237.0103,-1257.15,0.17
2187,11.24,40442.1656,-2778.31,0.16
2188,7.6,0.2608,-1755.74,0.16
2189,7.28,335736.6876,-2969.82,0.2
2190,6.48,4.403,-2051.09,0.17
2191,4.68,76.0044,-2750.54,0.22
2192,9.52,64599.883,-1650.5,0.17
2193,6.0,2.1664,-2280.16,0.16
2194,8.68,0.7654,-1269.03,0.2
2195,11.2,2021.595,-2469.91,0.19
2196,9.24,419058.3136,-1771.19,0.17
2197,7.6,752251.4406,-2587.06,0.18
2198,9.96,108.9068,-2941.94,0.19
2199,10.88,354274.9036,-3389.23,0.2
2200,11.08,362883.3723,-1254.96,0.18
2201,7.32,131900.1953,-1585.24,0.18
2202,10.4,0.3263,-2507.15,0.16
2203,9.16,32377.781,-3522.95,0.18
2204,10.48,468986.8882,-2502.25,0.16
2205,7.36,1.1961,-1529.79,0.18
2206,8.2,7.5184,-1622.78,0.19
2207,9.16,1071659.4137,-3529.76,0.22
2208,9.32,67273.2885,-3005.07,0.18
2209,7.52,1079636.7493,-2690.82,0.18
2210,7.88,2019.7465,-2606.95,0.19
2211,10.6,689688.0073,-1756.63,0.19
2212,6.24,185883.1365,-3011.35,0.17
2213,10.84,359845.3331,-3019.18,0.18
2214,5.36,43.0554,-3773.05,0.2
2215,11.84,355159.3318,-2001.3,0.16
2216,10.08,33773.252,-2313.23,0.19
2217,8.0,1149.7673,-3606.72,0.2
2218,6.8,112931.0836,-3008.34,0.23
2219,7.92,3043.8964,-3032.0,0.17
2220,7.96,120060.6883,-2279.56,0.22
2221,7.16,1679458.5214,-2755.53,0.16
2222,7.32,1261.2645,-2179.57,0.15
2223,10.48,239914.4754,-2750.25,0.23
2224,10.0,716521.501,-2373.8,0.2
2225,7.92,335746.4185,-3003.65,0.17
2226,6.52,32623.6134,-2764.26,0.24
2227,9.68,363035.4728,-1564.11,0.17
2228,9.08,5.2152,-2107.84,0.16
2229,8.4,719690.9226,-3799.27,0.19
2230,8.52,1650.2154,-2750.8,0.17
2231,12.36,119842.0069,-1782.4,0.19
2232,10.56,1.4746,-2518.95,0.17
2233,8.48,5173.6091,-2447.23,0.17
2234,9.64,315.6236,-2751.58,0.17
2235,9.6,1076013.9394,-2782.32,0.19
2236,11.6,1125.7374,-1639.7,0.18
2237,7.32,6.5245,-2412.71,0.17
2238,8.16,1156.7186,-1811.68,0.19
2239,7.72,714984.3952,-2295.6,0.17
2240,11.12,0.4093,-1510.42,0.18
2241,10.0,913110.4119,-3778.92,0.19
2242,9.44,1197.2966,-4000.38,0.19
2243,8.72,28.5695,-976.34,0.18
2244,7.32,240029.4493,-2304.03,0.16
2245,8.24,495421.8842,-2072.11,0.17
2246,10.88,2.6204,-3521.44,0.2
2247,8.72,65367.6665,-3000.68,0.17
2248,10.24,121775.9284,-2028.6,0.23
2249,10.52,6.2132,-2005.68,0.16
2250,11.24,1506062.0577,-3527.19,0.22
2251,5.96,33880.3284,-2271.8,0.23
2252,8.28,359881.4287,-1751.78,0.22
2253,9.24,1389.3119,-2334.31,0.23
2254,6.12,427552.9414,-2045.21,0.19
2255,9.92,754925.2162,-2782.35,0.17
2256,11.16,172315.2194,-3057.64,0.16
2257,7.68,474460.987,-2195.83,0.17
2258,8.24,120092.8034,-3004.16,0.17
2259,8.0,339146.0461,-2884.69,0.16
2260,9.68,2140921.0865,-3767.15,0.18
2261,8.76,303828.5033,-3567.44,0.16
2262,9.12,1431573.7335,-1556.27,0.14
2263,4.84,7.7072,-2853.37,0.16
2264,8.04,1.3107,-2524.13,0.2
2265,10.84,2063239.5248,-3500.24,0.21
2266,10.24,26354.3442,-2011.39,0.2
2267,9.48,2530.47,-2500.54,0.17
2268,10.76,365259.9994,-1950.89,0.17
2269,8.4,569524.9664,-3009.91,0.17
2270,6.44,0.25,-2254.56,0.18
2271,8.84,539569.766,-2505.26,0.17
2272,7.8,513775.095,-2751.96,0.19
2273,9.88,169455.8475,-3206.66,0.16
2274,6.56,0.1193,-2750.7,0.19
2275,11.24,891898.5777,-3013.05,0.19
2276,9.04,94.8008,-1784.66,0.22
2277,8.2,168437.5898,-4327.21,0.22
2278,9.92,212.1093,-3758.23,0.22
2279,7.44,360142.0341,-1871.39,0.2
2280,9.08,526316.7222,-3057.94,0.2
2281,11.04,360166.6737,-2751.4,0.15
2282,9.52,359698.1208,-2284.08,0.18
2283,9.6,524438.1163,-3524.43,0.17
2284,9.16,1079454.7798,-1824.6,0.17
2285,12.32,10.3738,-2003.66,0.21
2286,9.4,35.8589,-1765.28,0.18
2287,6.12,169583.4433,-3002.34,0.23
2288,11.4,6605.0744,-2008.33,0.66
2289,6.6,360856.8635,-3251.76,0.24
2290,6.48,359723.4074,-2272.03,0.18
2291,7.88,170550.3396,-2251.18,0.21
2292,8.0,33995.3205,-3503.63,0.17
2293,7.72,159486.8782,-3011.49,0.17
2294,9.76,243104.1859,-3070.03,0.21
2295,9.36,1026236.1979,-2750.92,0.17
2296,10.6,10.9489,-2023.98,0.16
2297,10.36,785706.5714,-3266.58,0.18
2298,10.16,1178150.3089,-2502.5,0.19
2299,9.24,360169.1251,-2252.03,0.19
2300,9.44,1195189.4554,-4035.12,0.17
2301,8.68,136529.2984,-2257.61,0.2
2302,6.36,32244.6535,-1948.2,0.24
2303,9.12,34513.9723,-1758.71,0.17
2304,7.88,4.305,-2607.3,0.16
2305,7.48,1027.414,-3771.61,0.18
2306,8.2,727612.0943,-3249.93,0.16
2307,9.0,0.55,-2013.65,0.17
2308,8.08,76.0148,-2750.22,0.17
2309,12.08,573606.0855,-2510.19,0.17
2310,6.48,359843.2333,-2275.81,0.19
2311,9.16,2.748,-2514.15,0.21
2312,6.68,2683.9384,-2253.04,0.21
2313,7.4,390578.5148,-3814.76,0.2
2314,5.56,120029.6414,-2899.38,0.19
2315,12.48,360262.9358,-3501.14,0.17
2316,10.2,241.0398,-2002.86,0.21
2317,8.28,3411.4568,-2839.61,0.25
2318,6.2,67882.5666,-2939.82,0.17
2319,9.32,6.5826,-2130.49,0.16
2320,7.24,1.3406,-2283.39,0.18
2321,9.8,171686.6431,-2763.21,0.26
2322,11.56,65948.5327,-2771.47,0.19
2323,10.8,161869.3118,-2888.26,0.33
2324,8.08,22.8506,-1082.01,0.48
2325,11.68,1.9847,-2549.52,0.56
2326,6.6,180788.4211,-2724.64,0.44
2327,8.68,32237.6784,-2523.89,0.43
2328,7.88,622.967,-2251.24,0.41
2329,8.76,2703.4923,-2250.3,0.26
2330,8.8,753.0758,-2070.9,0.22
2331,6.96,359705.2825,-2065.04,0.24
2332,12.56,0.0229,-2751.38,0.28
2333,6.72,114732.3148,-1555.94,0.24
2334,9.32,359702.7067,-3005.39,0.27
2335,7.92,719393.3368,-2251.44,0.31
2336,7.2,119901.6454,-2519.52,0.24
2337,6.96,67788.2746,-2971.53,0.22
2338,6.2,0.0809,-1751.7,0.23
2339,7.04,1070480.9453,-3587.98,0.35
2340,10.24,261668.2186,-2501.85,0.26
2341,9.36,360173.8685,-2313.09,0.26
2342,13.28,48648.4637,-2194.56,0.24
2343,7.12,9.0152,-2433.42,0.26
2344,9.48,719869.9056,-2771.09,0.25
2345,9.68,118946.4614,-1115.22,0.26
2346,9.08,418.5984,-2967.03,0.22
2347,10.56,356848.5804,-3500.61,0.25
2348,12.32,354262.2744,-2094.75,0.25
2349,8.88,42138.3984,-3580.13,0.24
2350,7.16,65977.6549,-3013.7,0.26
2351,10.4,719688.6465,-2502.12,0.24
2352,8.4,0.0314,-3000.53,0.27
2353,12.32,356818.8577,-3000.25,0.25
2354,8.04,1.1135,-2015.09,0.29
2355,8.24,224827.3157,-3271.26,0.3
2356,5.36,673083.4892,-2090.11,0.28
2357,7.12,460123.9609,-3532.04,0.38
2358,9.48,67867.9577,-2425.01,0.26
2359,6.12,128348.3118,-2784.83,0.3
2360,8.24,147.0134,-1777.09,0.31
2361,8.24,360050.181,-2762.18,0.33
2362,8.6,240043.3865,-3004.08,0.33
2363,8.28,512125.6708,-2766.35,0.34
2364,9.96,623.1532,-1501.81,0.3
2365,8.04,1083543.9349,-2013.69,0.28
2366,6.88,34051.9291,-3029.11,0.29
2367,10.44,0.8854,-2772.66,0.3
2368,8.72,2717.8144,-2513.9,0.25
2369,9.16,132040.6183,-1545.64,0.26
2370,11.24,1.8598,-2032.99,0.29
2371,8.0,475438.7842,-2000.48,0.24
2372,9.12,185960.4972,-1753.96,0.27
2373,5.92,1146579.5796,-3105.87,0.29
2374,8.8,175297.8028,-3750.4,0.35
2375,7.04,5406.9763,-2000.57,0.28
2376,7.6,474573.2763,-2502.76,0.32
2377,11.0,695520.4798,-2858.86,0.3
2378,6.52,475224.5141,-3220.06,0.28
2379,5.92,112950.9761,-3028.64,0.21
2380,5.04,133795.8696,-2758.64,0.24
2381,11.28,10.8604,-2021.28,0.2
2382,8.6,121025.0622,-2321.25,0.2
2383,8.44,479605.6296,-3053.5,0.22
2384,8.32,203.3494,-2129.79,0.19
2385,10.96,121645.5603,-1313.0,0.21
2386,4.52,4.8606,-2076.88,0.24
2387,11.72,362768.0324,-2260.94,0.25
2388,10.6,169468.149,-2055.16,0.2
2389,11.68,121508.3056,-3757.59,0.23
2390,9.08,169497.381,-1759.66,0.22
2391,9.72,215651.4886,-2544.39,0.19
2392,6.48,11.8404,-2470.04,0.19
2393,12.12,712423.5974,-4003.33,0.28
2394,8.36,7.6109,-2191.16,0.22
2395,6.96,0.9008,-2750.7,0.21
2396,10.08,5561.5853,-3750.12,0.25
2397,7.52,359865.1762,-2122.11,0.24
2398,8.52,2.781,-2819.27,0.24
2399,10.76,121.5319,-776.74,0.25
2400,7.32,2.7967,-3271.97,0.2
2401,9.32,364599.6128,-2348.37,0.2
2402,11.4,7.6883,-1134.78,0.17
2403,7.84,719790.3636,-3015.37,0.19
2404,8.2,122849.9664,-2001.53,0.22
2405,8.56,15.3865,-2028.82,0.25
2406,10.12,22634.1368,-3006.16,0.23
2407,7.88,42927.6497,-2508.56,0.2
2408,9.2,114738.6692,-3240.49,0.18
2409,8.4,119919.2722,-2491.44,0.22
2410,8.6,113827.3878,-2752.02,0.24
2411,9.92,114739.6082,-3267.61,0.19
2412,5.6,8.8294,-3219.76,0.2
2413,7.6,5580.6292,-2794.22,0.18
2414,5.52,0.7209,-2504.1,0.17
2415,9.28,120639.522,-2794.53,0.21
2416,8.12,108.7257,-2504.17,0.2
2417,7.16,1790185.7182,-3280.09,0.26
2418,9.32,114728.9351,-1755.21,0.22
2419,8.52,155246.6268,-3501.28,0.21
2420,8.08,34077.1553,-4008.28,0.24
2421,8.84,427710.1026,-4250.15,0.19
2422,8.68,96.3357,-2250.88,0.16
2423,7.52,1050633.6308,-2366.57,0.18
2424,11.44,121643.1604,-2002.63,0.18
2425,8.04,187750.3629,-2755.43,0.17
2426,7.2,51.197,-3251.78,0.23
2427,8.6,120.4901,-3000.62,0.2
2428,8.8,0.1386,-1752.04,0.18
2429,11.04,238981.638,-1924.22,0.21
2430,7.68,241.9249,-2257.53,0.19
2431,11.08,1067137.346,-3508.64,0.2
2432,10.36,67994.0812,-2500.46,0.21
2433,8.52,114729.0212,-2006.06,0.19
2434,9.52,2940.6513,-3502.0,0.22
2435,10.4,119082.2758,-2274.7,0.22
2436,7.76,32287.4195,-2562.02,0.22
2437,9.92,8.8687,-2970.75,0.22
2438,6.48,359707.1911,-2366.01,0.22
2439,10.8,728415.2291,-3000.97,0.2
2440,7.8,695601.7254,-1512.48,0.2
2441,11.24,338459.6786,-2388.51,0.22
2442,9.08,73082.2723,-3504.09,0.19
2443,6.44,547490.2511,-4001.33,0.19
2444,11.36,4.2498,-1106.06,0.21
2445,9.56,38.9023,-2267.03,0.18
2446,9.6,360419.2485,-3501.55,0.2
2447,10.0,4805.0469,-2252.09,0.2
2448,6.72,33912.9899,-3002.87,0.22
2449,10.6,339243.6502,-1259.33,0.2
2450,8.8,26212.3413,-2795.23,0.2
2451,7.12,0.2776,-1755.41,0.21
2452,10.2,237917.9148,-1766.82,0.2
2453,8.52,2.5297,-2313.09,0.21
2454,11.76,0.4262,-2258.63,0.21
2455,9.24,1.7186,-2043.85,0.26
2456,11.68,361450.1414,-2501.58,0.2
2457,7.84,183.9726,-2507.57,0.2
2458,6.6,12.5888,-3018.7,0.22
2459,11.52,65954.2685,-2189.7,0.2
2460,5.08,0.2354,-2500.42,0.19
2461,6.88,413.0208,-3334.16,0.22
2462,8.32,23790.8378,-1813.48,0.18
2463,7.56,2.1246,-2538.9,0.2
2464,8.56,24.1355,-1750.85,0.19
2465,6.32,44.0663,-2810.28,0.19
2466,10.56,229457.9298,-3002.47,0.2
2467,11.2,39.717,-2287.44,0.21
2468,9.6,448806.9989,-1790.67,0.22
2469,6.76,60.1361,-3809.24,0.34
2470,8.48,26975.665,-2750.88,0.22
2471,9.68,335727.0386,-2009.01,0.21
2472,8.0,32384.4701,-3021.58,0.19
2473,7.4,239811.9751,-2729.84,0.2
2474,9.0,34787.9385,-2690.34,0.2
2475,8.2,155681.4696,-3003.84,0.21
2476,8.92,119957.2272,-2784.97,0.2
2477,11.28,359970.9867,-2500.64,0.16
2478,9.88,40569.9091,-2478.55,0.2
2479,6.28,0.1946,-2002.13,0.17
2480,9.12,395969.3216,-3001.73,0.19
2481,9.0,69995.1034,-3040.74,0.19
2482,7.64,32239.3134,-3565.67,0.23
2483,9.36,64613.3468,-2504.86,0.23
2484,8.72,425799.8952,-2472.74,0.19
2485,9.88,450456.8303,-2505.27,0.18
2486,11.8,354261.1391,-1825.65,0.18
2487,7.68,1076345.6202,-2757.28,0.18
2488,9.32,4112.2173,-2250.34,0.16
2489,7.2,0.3241,-2755.16,0.18
2490,8.92,475199.2207,-2381.42,0.18
2491,7.76,26.7384,-3252.4,0.22
2492,8.36,356822.5241,-2529.12,0.22
2493,9.6,70641.2099,-2838.32,0.18
2494,10.16,147.6164,-2824.56,0.21
2495,7.68,145.9614,-2014.14,0.23
2496,11.36,354357.1129,-1317.68,0.23
2497,7.76,33879.2069,-3500.43,0.21
2498,9.32,477626.6009,-2680.47,0.18
2499,9.96,2.5853,-1813.98,0.16
2500,9.84,1169.4359,-1197.95,0.16
2501,7.0,483536.0986,-3438.77,0.21
2502,9.32,120.0488,-1889.73,0.21
2503,7.24,1079392.3194,-2028.69,0.16
2504,10.76,1242910.7286,-2259.5,0.2
2505,10.04,418484.863,-3488.08,0.18
2506,8.64,425926.0448,-2512.04,0.17
2507,7.4,0.0956,-1751.91,0.19
2508,9.52,394046.755,-2773.72,0.23
2509,7.52,592163.1944,-1768.18,0.17
2510,7.12,713681.9539,-3750.16,0.2
2511,10.24,719432.3241,-3263.68,0.17
2512,10.24,0.4704,-1261.63,0.2
2513,9.68,99827.9148,-2550.91,0.22
2514,13.08,79380.9673,-3000.25,0.17
2515,10.2,233723.535,-2367.2,0.18
2516,9.04,56473.3028,-3509.74,0.17
2517,5.28,0.1194,-3503.78,0.2
2518,9.16,6496.7182,-2808.62,0.71
2519,10.24,550942.7369,-2018.9,0.21
2520,8.44,4854.7628,-2253.1,0.17
2521,10.56,0.0422,-1250.97,0.16
2522,12.16,2566.007,-3250.38,0.17
2523,9.44,120025.2604,-2668.73,0.16
2524,8.28,153902.1288,-3225.06,0.17
2525,9.92,176231.3452,-1551.06,0.16
2526,7.64,44.1543,-2631.6,0.23
2527,8.72,359715.9286,-1251.03,0.22
2528,11.44,356954.4385,-3250.41,0.2
2529,9.16,340159.2349,-2204.18,0.21
2530,6.88,273910.1284,-2339.14,0.2
2531,7.64,7.8828,-1448.01,0.18
2532,8.56,804316.9688,-2351.68,0.17
2533,9.08,236368.5139,-2257.74,0.24
2534,12.0,8.0149,-950.04,0.18
2535,9.56,336350.0419,-2014.45,0.18
2536,8.96,239804.3431,-2567.19,0.17
2537,8.84,1015793.3736,-3295.57,0.21
2538,8.28,474158.9844,-751.03,0.21
2539,10.76,0.5013,-1763.08,0.18
2540,7.08,924.043,-3258.65,0.2
2541,5.84,18.8195,-2750.72,0.17
2542,10.04,391994.0666,-2002.36,0.19
2543,8.32,13.2567,-1559.89,0.19
2544,9.88,1009.7458,-1836.82,0.18
2545,8.52,359696.7014,-1751.19,0.2
2546,6.96,66.7115,-2604.85,0.2
2547,10.32,0.9734,-3264.89,0.21
2548,10.92,1006.6873,-2013.87,0.22
2549,8.84,7.2042,-929.83,0.2
2550,7.68,71484.5865,-2753.44,0.2
2551,8.8,2499203.1891,-2798.73,0.2
2552,12.56,1439670.5095,-2216.92,0.19
2553,11.2,1.5442,-1787.77,0.18
2554,7.64,0.5222,-1757.93,0.17
2555,10.36,0.065,-1251.52,0.19
2556,7.44,513629.6643,-3399.68,0.24
2557,9.44,2703.7468,-1006.75,0.18
2558,10.2,168286.0032,-1651.51,0.2
2559,9.24,996383.0738,-3220.42,0.2
2560,4.28,0.2866,-2755.49,0.17
2561,4.72,9.2005,-2729.77,0.18
2562,11.24,671453.2448,-2252.71,0.18
2563,7.48,359947.406,-3001.54,0.19
2564,8.32,92.762,-3560.61,0.2
2565,9.92,1285.4179,-2259.03,0.18
2566,8.32,126.3189,-2250.45,0.18
2567,10.6,481835.7315,-1816.49,0.27
2568,10.0,64482.6182,-2479.32,0.23
2569,11.16,174592.7608,-2888.6,0.19
2570,11.32,118950.903,-1595.23,0.18
2571,7.92,3.915,-2758.81,0.18
2572,11.16,0.0239,-2500.42,0.16
2573,10.04,74348.4907,-1760.71,0.2
2574,7.36,479748.1054,-2573.89,0.22
2575,8.76,355045.0859,-2050.36,0.17
2576,10.08,24.6826,-2508.5,0.22
2577,9.04,120016.0523,-1809.72,0.18
2578,9.64,215798.3712,-2862.26,0.18
2579,9.16,0.4106,-2759.49,0.19
2580,11.84,357196.6842,-1647.45,0.19
2581,11.56,1836.2796,-2500.24,0.22
2582,6.6,381.2896,-2783.07,0.21
2583,8.52,243.7443,-2300.87,0.18
2584,10.08,17.8442,-1257.39,0.17
2585,8.08,29464.7734,-2608.71,0.2
2586,10.8,51.5716,-2835.9,0.16
2587,8.96,364878.7977,-2029.5,0.17
2588,6.16,3.5353,-3500.38,0.2
2589,9.6,340076.3579,-1688.22,0.17
2590,6.08,359783.7682,-3054.5,0.2
2591,9.4,96.9686,-2253.0,0.16
2592,8.04,5.0857,-2577.24,0.18
2593,9.2,117795.7291,-1889.73,0.17
2594,6.96,2.4202,-2810.31,0.2
2595,10.2,360986.3764,-1783.73,0.17
2596,8.48,0.1971,-2754.46,0.2
2597,10.84,360241.6534,-2011.27,0.18
2598,10.8,867850.4196,-2816.55,0.16
2599,11.32,2.8715,-1818.69,0.23
2600,9.96,238522.3268,-1892.87,0.17
2601,5.12,0.018,-2752.28,0.17
2602,11.04,361238.7951,-2019.64,0.18
2603,13.12,354260.0711,-2298.96,0.18
2604,12.64,119830.2629,-3210.49,0.17
2605,11.4,3757.9278,-3250.41,0.17
2606,9.92,119025.3884,-3032.57,0.18
2607,8.56,138.9044,-2504.3,0.18
2608,6.72,39811.4383,-3006.5,0.22
2609,7.6,3709.6754,-2250.76,0.21
2610,9.04,360169.1562,-1314.11,0.18
2611,8.2,720167.8055,-2753.91,0.2
2612,6.92,32383.1126,-1770.91,0.18
2613,12.16,1.7792,-2544.31,0.21
2614,11.0,66154.3566,-2000.46,0.18
2615,6.4,21.746,-3062.36,0.19
2616,11.04,3196.5292,-1721.47,0.18
2617,9.72,360166.7916,-2504.6,0.18
2618,9.8,352627.2296,-3005.26,0.18
2619,8.8,33895.503,-2158.19,0.18
2620,11.36,721336.7137,-2010.04,0.19
2621,8.08,234240.6011,-2949.23,0.17
2622,7.16,19.6495,-2005.15,0.2
2623,9.12,114730.6389,-3013.81,0.18
2624,11.08,0.1182,-2752.34,0.15
2625,7.16,1.9986,-2767.46,0.16
2626,6.32,846.3231,-3488.09,0.22
2627,10.32,7.5049,-1687.54,0.24
2628,8.4,3228.7455,-3446.36,0.2
2629,11.68,751.552,-784.3,0.2
2630,7.92,356842.632,-1857.59,0.19
2631,9.52,289483.4869,-2813.66,0.19
2632,11.2,125.2003,-1561.04,0.2
2633,7.88,67777.7326,-3734.56,0.2
2634,7.08,7.5314,-2565.77,0.21
2635,8.04,0.719,-4009.32,0.19
2636,8.68,2683.8497,-1501.89,0.18
2637,7.44,15.2636,-1161.95,0.17
2638,10.2,866019.054,-2500.54,0.17
2639,10.24,1285.7997,-2009.86,0.2
2640,7.4,67894.3366,-2250.9,0.17
2641,9.12,3137.9663,-2250.45,0.18
2642,8.24,58.2742,-2413.43,0.19
2643,6.44,359798.4974,-2001.86,0.16
2644,9.68,423.5096,-1812.5,0.17
2645,10.8,82.1443,-2294.33,0.16
2646,9.76,355280.6477,-2763.43,0.16
2647,7.32,119905.3843,-2813.04,0.2
2648,11.48,359542.9626,-1452.66,0.21
2649,7.6,3.1675,-1546.15,0.19
2650,9.08,839912.6764,-2500.3,0.21
2651,8.32,1674818.1757,-4000.15,0.69
2652,9.36,751.3818,-2028.81,0.19
2653,6.28,7583.3132,-2190.44,0.19
2654,10.24,120600.9661,-2006.72,0.18
2655,8.8,696100.1348,-2250.42,0.18
2656,9.44,65985.4362,-1512.76,0.19
2657,9.64,5.5125,-1093.68,0.21
2658,6.36,273680.9153,-1752.27,0.2
2659,8.12,794655.8197,-3783.27,0.19
2660,11.52,689906.0116,-2394.07,0.17
2661,10.32,365113.6196,-2072.29,0.19
2662,9.52,474183.2177,-1503.08,0.15
2663,12.08,354258.8233,-3017.4,0.22
2664,6.96,369443.1554,-3512.57,0.17
2665,12.2,237882.2331,-2078.93,0.17
2666,8.72,152822.3846,-1591.37,0.19
2667,10.48,8.9728,-1970.19,0.19
2668,9.36,76218.7819,-2003.06,0.21
2669,10.4,825.3176,-1769.91,0.2
2670,12.48,0.3223,-2008.92,0.21
2671,9.04,3.5642,-3281.88,0.2
2672,10.48,32357.6022,-4258.6,0.19
2673,10.28,2.6654,-1316.54,0.19
2674,7.72,65951.9235,-2112.68,0.19
2675,7.52,0.6403,-2265.76,0.16
2676,7.48,720175.8369,-3139.12,0.21
2677,10.4,1156.8036,-2289.71,0.19
2678,8.32,861648.8135,-2225.1,0.19
2679,9.6,36584.2798,-2040.8,0.19
2680,4.52,0.4424,-2005.55,0.17
2681,10.08,43179.926,-3000.25,0.17
2682,7.68,3825.5622,-2014.91,0.17
2683,9.56,359721.7848,-1878.63,0.16
2684,7.56,125421.6897,-3250.46,0.16
2685,8.16,58.659,-1251.97,0.18
2686,6.56,3.9826,-1286.92,0.19
2687,9.24,479915.4118,-2753.11,0.2
2688,6.84,71364.3393,-2503.59,0.2
2689,8.4,423196.3792,-2470.52,0.25
2690,8.6,420097.9303,-1545.12,0.19
2691,10.68,844665.5422,-2001.81,0.25
2692,9.96,276.5701,-2760.97,0.17
2693,9.28,358013.8126,-2002.83,0.19
2694,9.56,42.2871,-1754.35,0.16
2695,7.16,119085.3886,-1513.12,0.2
2696,9.68,114729.2503,-2259.04,0.16
2697,6.6,58.2022,-3009.98,0.18
2698,8.32,33879.5365,-1508.95,0.2
2699,11.52,1299373.982,-2103.76,0.16
2700,8.6,65954.3352,-1878.08,0.17
2701,8.12,458653.6876,-3010.24,0.23
2702,9.44,1008.8039,-2066.74,0.18
2703,7.36,56467.85,-1313.93,0.21
2704,9.64,341299.708,-2593.97,0.29
2705,7.96,4.0618,-1539.46,0.23
2706,8.48,2.745,-2812.61,0.19
2707,7.36,699798.8387,-2752.96,0.19
2708,8.36,368261.4201,-2750.21,0.18
2709,9.32,124561.3065,-3516.38,0.17
2710,9.4,116.691,-1528.59,0.18
2711,9.64,5.6546,-1390.88,0.21
2712,8.48,416163.2484,-3282.98,0.18
2713,8.84,99825.8887,-2750.27,0.19
2714,5.52,44.3591,-1730.34,0.2
2715,8.76,2.6908,-1318.21,0.16
2716,7.2,139394.3975,-3004.51,0.18
2717,7.48,33883.725,-2332.8,0.22
2718,12.24,2973.8678,-3029.19,0.17
2719,7.0,77.1664,-2529.86,0.17
2720,12.6,65946.7559,-2002.26,0.19
2721,8.56,93.9117,-2757.39,0.15
2722,6.28,114728.8219,-2752.33,0.22
2723,7.44,380.2039,-3009.75,0.22
2724,8.44,4.2658,-1606.73,0.21
2725,8.44,32238.8266,-1802.36,0.18
2726,10.16,360083.9189,-1750.46,0.17
2727,7.64,37.9773,-2227.87,0.17
2728,11.68,0.3855,-1759.42,0.24
2729,8.76,9.2814,-2122.01,0.21
2730,7.84,504812.8042,-2777.26,0.24
2731,10.2,817085.715,-2081.3,0.21
2732,8.32,361151.3434,-2002.16,0.22
2733,9.08,8405.0736,-2679.87,0.19
2734,9.72,192.6143,-1750.46,0.22
2735,8.72,0.7046,-2257.45,0.22
2736,7.36,1365.1608,-3750.77,0.18
2737,8.36,71380.6677,-2252.95,0.19
2738,7.12,99.709,-2469.41,0.24
2739,6.52,5408.0606,-2264.12,0.2
2740,7.8,4126.367,-1919.09,0.21
2741,9.2,1056416.7796,-2003.75,0.16
2742,9.12,0.1765,-1750.37,0.15
2743,5.44,29.2604,-2500.1,0.17
2744,5.52,0.0585,-2001.35,0.19
2745,7.6,125.3542,-1364.37,0.17
2746,11.96,0.0415,-2250.7,0.15
2747,12.76,18.1213,-2452.63,0.2
2748,7.12,34249.0261,-2750.53,0.19
2749,10.8,65946.7333,-1750.75,0.18
2750,10.72,870569.6708,-2002.25,0.2
2751,9.32,425821.394,-3250.63,0.21
2752,8.84,23798.411,-2262.39,0.19
2753,8.28,719752.7379,-2793.21,0.21
2754,9.52,2584.2733,-1707.44,0.18
2755,9.12,421.0709,-2001.64,0.19
2756,6.0,599764.6423,-3074.98,0.17
2757,9.0,1.2202,-1500.63,0.21
2758,7.8,333.1691,-2255.76,0.16
2759,8.92,547544.6103,-2506.07,0.17
2760,11.0,0.5281,-2261.95,0.19
2761,7.52,476163.9338,-2891.82,0.17
2762,8.52,25.6362,-2141.23,0.17
2763,11.0,64498.2299,-2018.27,0.16
2764,9.16,1152.713,-2029.72,0.23
2765,6.96,1.2523,-2030.17,0.16
2766,8.0,42.9559,-1267.67,0.18
2767,8.96,132780.2301,-2272.97,0.2
2768,12.24,118942.1766,-1815.54,0.17
2769,9.88,5.4874,-1873.48,0.16
2770,8.04,32236.9988,-2008.79,0.21
2771,5.36,145.4471,-2751.71,0.21
2772,10.92,0.2106,-1002.81,0.18
2773,10.68,39691.4066,-2024.98,0.2
2774,9.52,497.5239,-2059.21,0.21
2775,7.64,1091.2437,-1524.95,0.19
2776,6.0,336545.3457,-2066.04,0.2
2777,9.92,336540.4137,-2260.49,0.19
2778,11.16,13.7303,-2276.51,0.2
2779,8.0,119750.1978,-2971.74,0.19
2780,9.48,237879.1372,-1250.58,0.19
2781,7.96,3.1766,-2079.11,0.18
2782,7.64,25.5128,-2654.65,0.17
2783,11.28,5.1168,-877.82,0.2
2784,11.16,2581.1876,-2138.35,0.65
2785,7.32,119094.9563,-3093.23,0.17
2786,8.68,101647.719,-2498.0,0.18
2787,6.88,1250628.4926,-4250.21,0.23
2788,10.56,0.4602,-1761.21,0.19
2789,8.28,2.7286,-2044.2,0.22
2790,9.52,0.0601,-3250.55,0.17
2791,8.4,23.5492,-3273.82,0.23
2792,9.4,26.8697,-2451.19,0.18
2793,9.12,708516.4012,-1504.63,0.2
2794,6.56,63.3467,-2501.71,0.17
2795,5.8,0.1134,-2502.18,0.24
2796,4.64,7.491,-2143.03,0.2
2797,11.72,2571.2496,-1811.39,0.17
2798,8.4,591838.107,-2752.67,0.21
2799,10.24,13185.0965,-3533.07,0.24
2800,12.56,19.5298,-2756.53,0.17
2801,9.6,26493.4561,-801.66,0.17
2802,6.48,19.2664,-2251.26,0.16
2803,9.8,0.3338,-1508.26,0.18
2804,11.24,0.0838,-2501.97,0.18
2805,8.32,1.1778,-757.98,0.17
2806,8.92,120056.1144,-1261.51,0.22
2807,8.12,3006.7301,-1811.88,0.16
2808,9.24,118939.9137,-2507.42,0.19
2809,12.44,96.3249,-2000.54,0.16
2810,12.68,468994.08,-2431.11,0.17
2811,9.64,1310.0606,-1932.46,0.19
2812,10.36,0.1038,-1253.54,0.2
2813,6.68,339243.3475,-2001.6,0.19
2814,10.6,98183.5053,-2003.01,0.2
2815,10.56,339109.3269,-3075.42,0.2
2816,8.24,508328.4747,-2519.24,0.19
2817,4.6,169396.0971,-2253.12,0.2
2818,6.68,120065.2272,-3250.21,0.2
2819,11.76,45635.039,-2009.51,0.2
2820,9.2,67451.2252,-2263.17,0.18
2821,6.72,354268.1207,-1250.62,0.16
2822,11.2,79551.4816,-1309.18,0.15
2823,9.28,6.9306,-1848.94,0.17
2824,9.8,2704.126,-2765.91,0.2
2825,12.16,360359.1948,-2002.3,0.18
2826,13.32,698145.3758,-2519.02,0.2
2827,10.72,1080260.4745,-3256.67,0.21
2828,7.28,19.4212,-1505.21,0.2
2829,7.76,421.5995,-1766.09,0.25
2830,10.32,378615.6818,-2000.31,0.18
2831,5.2,282383.9856,-3502.48,0.2
2832,8.88,10.6874,-2087.97,0.17
2833,7.84,0.1668,-1004.11,0.18
2834,8.64,785971.2763,-1819.25,0.22
2835,8.28,235876.5589,-2719.93,0.18
2836,8.44,781.5,-2035.94,0.17
2837,11.28,622.7317,-3250.5,0.18
2838,8.56,426798.0137,-1501.68,0.16
2839,10.2,340068.0357,-1277.62,0.18
2840,6.04,2806.7738,-3003.19,0.18
2841,9.32,1300.9204,-1646.29,0.2
2842,9.04,354361.3412,-2923.39,0.15
2843,7.24,712276.436,-2650.06,0.18
2844,9.56,360271.0549,-2250.54,0.2
2845,8.68,7947.1959,-1588.41,0.16
2846,9.12,1771493.7647,-2504.67,0.19
2847,9.52,362897.3295,-2542.35,0.16
2848,8.56,12.3943,-2531.16,0.17
2849,10.0,4.3976,-1608.9,0.19
2850,7.8,357465.1713,-3078.9,0.17
2851,8.96,22.6656,-2084.35,0.23
2852,11.2,33886.234,-1920.35,0.18
2853,12.0,354272.8558,-3118.37,0.18
2854,9.96,2776.347,-2065.56,0.2
2855,10.12,5415.771,-2470.5,0.21
2856,8.08,8.8896,-2222.95,0.17
2857,4.96,7.947,-2516.96,0.16
2858,10.24,425856.0535,-3532.58,0.16
2859,6.48,1.2209,-1280.4,0.21
2860,9.4,2803.3148,-2016.39,0.2
2861,7.8,67762.704,-2590.5,0.18
2862,9.44,120038.3631,-1957.73,0.21
2863,9.76,358586.2446,-2499.62,0.16
2864,5.72,624.3908,-1270.86,0.19
2865,12.16,474178.638,-3333.38,0.17
2866,8.04,1104358.8019,-2016.55,0.22
2867,8.76,3019.9546,-1757.63,0.19
2868,6.96,225863.918,-2818.96,0.23
2869,11.6,3061.4893,-1252.74,0.21
2870,10.16,33879.3259,-1753.24,0.16
2871,7.28,23789.1167,-1521.87,0.22
2872,6.16,840358.415,-3512.67,0.19
2873,10.6,239122.1176,-1259.31,0.22
2874,6.76,153901.844,-2252.12,0.19
2875,9.0,145.9594,-1015.08,0.18
2876,9.48,6.3584,-2655.65,0.23
2877,8.96,0.0344,-2000.56,0.18
2878,9.28,237953.8403,-3010.68,0.21
2879,8.08,126.3666,-2001.68,0.18
2880,12.44,121505.5676,-2000.9,0.21
2881,5.76,59.707,-2492.95,0.18
2882,7.84,0.3504,-1750.79,0.17
2883,10.44,460252.0454,-2251.68,0.17
2884,9.08,2803.5896,-1857.3,0.19
2885,7.04,76.5552,-1503.56,0.16
2886,12.84,354258.4381,-2758.3,0.18
2887,8.84,751.9773,-1532.55,0.18
2888,7.84,51.4843,-1309.39,0.2
2889,8.32,126.0819,-2890.29,0.2
2890,9.24,19.586,-1257.77,0.16
2891,7.56,354450.7416,-2250.35,0.18
2892,8.92,33894.2874,-2295.58,0.18
2893,10.2,626.4606,-2029.42,0.2
2894,5.24,89.5192,-2250.2,0.2
2895,7.2,545.4033,-2517.64,0.17
2896,9.4,8111.4206,-1274.98,0.2
2897,8.04,9.7518,-1972.11,0.24
2898,6.84,2.1331,-1547.26,0.24
2899,11.04,2178.717,-2284.02,0.16
2900,8.04,359718.9795,-2151.73,0.26
2901,8.72,1040989.7159,-2283.73,0.17
2902,3.84,114729.0893,-5005.77,0.15
2903,8.84,355319.1918,-2921.07,0.18
2904,9.12,240028.2312,-3524.71,0.23
2905,8.96,42.185,-2820.57,0.17
2906,10.36,121062.4606,-2570.59,0.22
2907,11.0,11436.7198,-3502.34,0.19
2908,9.56,32.663,-2066.49,0.19
2909,8.36,282003.8539,-1328.09,0.19
2910,9.6,0.512,-1501.64,0.21
2911,12.04,360089.7944,-2010.72,0.2
2912,9.68,10.2016,-1476.81,0.18
2913,8.48,2799.7973,-1762.69,0.2
2914,7.52,138.3589,-2754.21,0.18
2915,7.96,383992.68,-2260.13,0.16
2916,6.68,66238.3879,-3272.59,0.21
2917,8.96,284240.3521,-4505.65,0.21
2918,6.76,2.4242,-1811.45,0.17
2919,12.24,38.2557,-2250.5,0.2
2920,7.28,338276.0547,-2507.61,0.71
2921,8.0,122742.5622,-1510.75,0.15
2922,5.72,2.1002,-2275.06,0.22
2923,10.56,121052.6051,-2501.17,0.17
2924,7.36,11.7852,-2500.28,0.19
2925,10.32,67522.1028,-1505.57,0.2
2926,7.16,190501.3778,-2898.1,0.18
2927,6.24,202153.396,-1356.08,0.22
2928,7.36,32240.076,-2330.49,0.19
2929,9.68,705490.5767,-3039.66,0.18
2930,8.88,0.1159,-3002.28,0.16
2931,7.96,2052.9608,-2311.86,0.15
2932,10.04,950128.0852,-2002.27,0.17
2933,9.04,125.6007,-1816.82,0.16
2934,11.48,0.6071,-265.13,0.17
2935,8.44,359708.74,-1656.47,0.17
2936,9.12,5.5487,-2888.57,0.17
2937,6.0,719728.224,-2609.28,0.18
2938,7.24,1075084.3921,-3025.5,0.2
2939,8.56,459140.8799,-2527.76,0.18
2940,11.4,452862.5104,-2250.83,0.22
2941,8.84,358152.8298,-3000.69,0.28
2942,8.76,594335.6343,-2340.22,0.16
2943,6.76,793093.6469,-2002.2,0.16
2944,6.68,0.2106,-1757.05,0.14
2945,5.48,0.02,-3001.18,0.17
2946,9.4,5.2497,-1862.65,0.18
2947,9.76,2896.268,-2259.81,0.17
2948,11.32,359844.3466,-4501.02,0.22
2949,10.76,368493.4702,-2762.64,0.18
2950,8.68,393861.8962,-2596.71,0.24
2951,7.4,112410.5528,-2002.13,0.22
2952,8.32,1050282.3141,-2156.09,0.21
2953,9.36,359702.5175,-4500.69,0.18
2954,8.16,10.7698,-2856.16,0.2
2955,6.8,1.8592,-2282.65,0.16
2956,7.88,121.9082,-2534.46,0.19
2957,7.56,9863.7861,-2352.31,0.18
2958,10.04,40779.0509,-3879.13,0.19
2959,9.0,2707.0262,-1811.54,0.17
2960,7.12,4766.5288,-1254.29,0.18
2961,9.96,365576.6942,-2564.26,0.16
2962,8.4,8.7781,-2407.95,0.19
2963,8.64,6051.8929,-2259.82,0.21
2964,7.88,68640.0335,-1267.88,0.15
2965,11.52,42.1298,-1750.36,0.15
2966,9.72,242599.1608,-2548.45,0.22
2967,8.36,0.8772,-1271.89,0.2
2968,4.28,0.9094,-1272.22,0.18
2969,13.16,354335.0708,-2317.96,0.18
2970,7.24,121302.6273,-2689.58,0.2
2971,6.76,24876.1069,-2584.72,0.18
2972,8.2,2.5731,-2313.04,0.2
2973,12.84,337440.3903,-3195.0,0.18
2974,5.76,359704.8297,-1274.33,0.16
2975,6.84,56469.2204,-1849.09,0.17
2976,10.12,1387.182,-1783.07,0.18
2977,7.6,602525.006,-2562.31,0.2
2978,8.32,9.2363,-2404.22,0.24
2979,9.6,4865.1885,-3221.69,0.2
2980,6.96,667468.6702,-2077.93,0.2
2981,10.92,719691.0694,-1561.7,0.15
2982,9.52,0.6377,-2260.39,0.16
2983,11.72,94.1353,-2758.99,0.17
2984,7.16,120067.5284,-3236.81,0.17
2985,10.12,7.302,-2182.44,0.16
2986,10.36,237719.9364,-1501.8,0.17
2987,9.24,356980.8276,-2513.65,0.22
2988,7.88,66032.3722,-4036.16,0.16
2989,9.84,482.0814,-1834.81,0.18
2990,9.6,1290.3567,-1132.25,0.16
2991,9.52,1141.6836,-2255.76,0.23
2992,7.04,33937.3861,-2502.2,0.2
2993,6.44,340088.1194,-2766.33,0.22
2994,7.6,2628.1477,-2751.16,0.18
2995,7.48,1010.1592,-2570.99,0.18
2996,9.36,359534.7643,-2275.57,0.16
2997,9.32,0.8992,-1272.28,0.19
2998,4.32,9.757,-2449.87,0.25
2999,8.84,119902.2028,-1007.88,0.19
3000,11.88,238027.6569,-2752.79,0.17
3001,10.84,363514.9233,-3172.16,0.16
3002,6.2,342043.3227,-3755.58,0.18
3003,8.52,564.3037,-1607.09,0.17
3004,10.36,33884.16,-1873.27,0.16
3005,8.6,39731.2031,-1563.72,0.18
3006,7.48,366713.7302,-2064.94,0.18
3007,6.68,355292.941,-1797.17,0.21
3008,8.6,32237.7188,-1024.81,0.23
3009,7.92,0.3085,-2000.57,0.2
3010,5.96,134.471,-2976.08,0.17
3011,6.84,2953.2297,-2192.55,0.16
3012,8.04,147.5139,-1758.96,0.18
3013,8.64,356820.295,-1759.55,0.17
3014,5.48,769.0891,-3177.65,0.19
3015,4.96,21.9783,-2006.35,0.21
3016,8.08,630854.4136,-3044.19,0.19
3017,11.16,71377.7583,-1590.25,0.21
3018,10.72,1360.0298,-1508.82,0.18
3019,6.96,38.7241,-1472.12,0.22
3020,7.4,340089.7398,-2062.56,0.22
3021,6.2,19.277,-2502.51,0.16
3022,7.12,292.1028,-1533.0,0.17
3023,10.2,114728.7929,-1751.49,0.16
3024,9.04,2.4303,-2307.73,0.17
3025,10.96,0.0231,-2500.34,0.17
3026,9.08,32237.5558,-2020.82,0.22
3027,8.56,437.6179,-1917.69,0.21
3028,12.8,478816.8736,-1815.48,0.16
3029,6.64,33888.8648,-3220.79,0.2
3030,7.96,961850.1431,-1791.08,0.19
3031,7.96,5.6318,-2639.31,0.17
3032,7.32,12.4964,-2303.13,0.2
3033,6.64,145194.5973,-2703.48,0.21
3034,7.08,864513.8556,-2035.83,0.18
3035,8.2,471431.0794,-2002.83,0.16
3036,7.2,482580.4012,-2000.55,0.23
3037,9.76,335726.6137,-2252.04,0.17
3038,12.96,354258.1708,-2000.31,0.18
3039,12.44,1296.1426,-2138.59,0.19
3040,13.52,0.1039,-2500.55,0.16
3041,9.44,335849.4489,-1310.25,0.15
3042,11.24,120821.2842,-2252.08,0.2
3043,9.88,96.9821,-1505.71,0.16
3044,7.8,2.7462,-2518.62,0.15
3045,6.84,67878.4858,-1753.88,0.16
3046,8.04,360216.5617,-1765.23,0.15
3047,9.0,0.3366,-2007.82,0.16
3048,9.68,2.5611,-1564.96,0.16
3049,8.84,360106.5516,-2252.73,0.16
3050,9.04,6.5598,-2292.75,0.16
3051,8.8,0.0105,-1000.25,0.2
3052,7.52,751925.6821,-2755.31,0.29
3053,9.8,751926.5762,-1781.19,0.24
3054,9.8,68013.8462,-2019.35,0.18
3055,9.28,713960.6382,-2001.31,0.68
3056,10.6,119081.283,-2000.43,0.16
3057,11.48,28.2834,-604.76,0.16
3058,8.12,1031167.666,-2780.17,0.19
3059,11.92,624.485,-2545.79,0.23
3060,10.0,49.0128,-1628.74,0.17
3061,9.8,361374.5558,-1859.97,0.16
3062,10.36,335727.5389,-1524.05,0.15
3063,11.88,742395.4736,-2002.13,0.17
3064,8.36,834176.1005,-2009.67,0.17
3065,11.48,32236.785,-1502.49,0.17
3066,7.84,2805.1612,-2383.29,0.18
3067,9.32,1193356.772,-3508.66,0.17
3068,9.6,438.9591,-2322.6,0.19
3069,8.12,753697.4004,-2593.29,0.18
3070,7.08,530748.5987,-2311.13,0.17
3071,7.52,354406.7783,-2257.16,0.17
3072,8.8,119158.5433,-2750.21,0.2
3073,12.2,356942.225,-2257.66,0.18
3074,9.6,3.0731,-1326.36,0.22
3075,9.32,56472.7892,-1187.34,0.25
3076,6.88,5483.1731,-2750.52,0.23
3077,9.64,1.7112,-1293.7,0.21
3078,9.68,336106.7612,-759.62,0.21
3079,7.0,145.6965,-2252.89,0.17
3080,6.12,2939.5911,-2475.81,0.17
3081,5.72,790807.1173,-2503.67,0.19
3082,6.4,375541.0697,-3270.72,0.18
3083,9.52,1.4704,-4532.39,0.17
3084,6.96,1009.6766,-1294.6,0.17
3085,9.8,705348.8889,-2755.58,0.2
3086,6.04,0.0192,-2000.4,0.2
3087,7.64,2873.956,-2510.33,0.19
3088,11.52,1011.4472,-1132.96,0.21
3089,7.56,66069.1835,-2300.45,0.22
3090,10.2,479253.0356,-1502.45,0.18
3091,10.88,174299.9198,-2257.73,0.17
3092,6.44,66583.8912,-2318.43,0.21
3093,12.36,4779.3773,-1437.51,0.16
3094,8.68,1047.3519,-2511.08,0.16
3095,10.12,592162.7313,-2756.37,0.19
3096,10.52,169401.4703,-1391.26,0.18
3097,6.52,1152979.6129,-3249.96,0.18
3098,8.96,0.5176,-1512.73,0.21
3099,7.52,120015.2808,-1527.47,0.17
3100,7.2,1008.7069,-1314.41,0.19
3101,9.64,5741.9928,-1752.47,0.18
3102,10.4,171453.7639,-2561.63,0.2
3103,10.04,360407.6586,-1751.44,0.17
3104,8.12,6049.6737,-2773.82,0.2
3105,9.64,102.423,-2532.62,0.21
3106,7.64,68617.328,-2877.64,0.26
3107,6.64,719405.5053,-1763.67,0.19
3108,10.32,1.0236,-2025.39,0.16
3109,8.28,32359.5675,-2059.02,0.16
3110,6.04,391977.5859,-3752.17,0.2
3111,7.96,14.2588,-1312.17,0.16
3112,8.16,199.591,-1889.08,0.16
3113,10.2,0.681,-1763.57,0.17
3114,10.96,185994.411,-2538.22,0.18
3115,12.0,76777.8246,-2751.57,0.16
3116,9.88,33884.4768,-2132.54,0.19
3117,6.48,32238.0576,-2281.02,0.15
3118,5.96,62.3893,-1514.4,0.17
3119,10.32,810621.9163,-2250.55,0.26
3120,8.52,0.7294,-1019.19,0.16
3121,8.52,834660.7984,-3531.44,0.21
3122,9.64,65950.5173,-1595.38,0.15
3123,6.12,839419.7807,-2529.74,0.17
3124,9.08,388137.3615,-2502.01,0.16
3125,10.64,0.4817,-1011.99,0.16
3126,8.36,719776.311,-2194.5,0.2
3127,9.04,352336.138,-1252.62,0.27
3128,7.4,21.1524,-1797.6,0.19
3129,10.48,563716.443,-2501.27,0.16
3130,9.76,22.239,-582.02,0.17
3131,13.68,363934.8656,-3250.23,0.18
3132,7.72,1090.7038,-2256.07,0.21
3133,5.6,75242.4409,-4089.76,0.16
3134,8.44,20.4927,-1468.24,0.18
3135,7.2,4.2372,-1794.69,0.16
3136,7.68,3.2118,-2325.92,0.17
3137,10.36,427215.7379,-1751.46,0.17
3138,6.24,359762.3364,-2545.28,0.26
3139,8.12,398622.086,-3290.68,0.22
3140,8.64,2406.9406,-3084.88,0.24
3141,7.52,1.1498,-529.61,0.15
3142,5.64,910330.4454,-3044.44,0.16
3143,9.88,1082484.4286,-2003.67,0.19
3144,12.56,10276.7761,-4000.71,0.15
3145,12.76,3188.723,-2001.27,0.17
3146,7.12,175.6267,-2001.55,0.17
3147,8.16,142804.7558,-1760.01,0.19
3148,9.4,359740.4164,-2541.75,0.2
3149,10.68,574012.1724,-3538.53,0.17
3150,11.28,335736.488,-3614.07,0.19
3151,10.28,32242.2862,-1889.07,0.17
3152,6.8,5.3,-2316.98,0.17
3153,10.12,33882.2936,-828.03,0.21
3154,10.84,0.0588,-501.44,0.19
3155,7.08,359706.187,-2260.61,0.19
3156,9.04,75.6321,-2001.39,0.18
3157,8.16,210.9972,-2005.82,0.17
3158,7.16,212.0631,-1789.03,0.18
3159,9.08,479891.0416,-1567.9,0.17
3160,8.36,307775.1438,-3549.87,0.22
3161,6.76,57763.2161,-1903.73,0.18
3162,10.8,2811.3331,-3049.54,0.17
3163,11.84,170402.0117,-2250.47,0.2
3164,10.12,79.3994,-1599.97,0.16
3165,8.92,3.1967,-1561.93,0.18
3166,8.96,14.9759,-2279.74,0.27
3167,9.04,32449.8934,-2817.03,0.18
3168,9.68,322214.625,-3000.44,0.17
3169,7.32,148628.1762,-2008.39,0.16
3170,6.56,359742.1739,-2507.03,0.16
3171,11.88,359874.7388,-752.07,0.19
3172,11.4,765.6893,-1886.7,0.16
3173,9.08,127.7387,-1751.07,0.19
3174,7.8,32272.332,-1761.19,0.19
3175,8.68,740659.7924,-2750.23,0.23
3176,10.52,356992.2976,-3750.17,0.19
3177,13.2,96.437,-2002.96,0.17
3178,10.12,365921.8513,-2226.78,0.21
3179,7.24,152250.6748,-1007.96,0.18
3180,8.6,40.9531,-1565.87,0.16
3181,6.76,155038.5442,-3573.85,0.16
3182,7.72,359712.4088,-1720.19,0.2
3183,10.68,480112.8899,-1765.47,0.22
3184,7.44,168330.3738,-2014.22,0.18
3185,7.92,0.9522,-1517.07,0.17
3186,9.08,20.2782,-2013.84,0.19
3187,8.48,0.0841,-1251.91,0.18
3188,10.12,2572.093,-2326.7,0.16
3189,9.8,65946.9746,-506.84,0.17
3190,6.52,1.8076,-3045.01,0.2
3191,10.16,360181.7934,-1627.3,0.22
3192,8.44,169395.8961,-1750.64,0.2
3193,11.24,424.3542,-1806.94,0.16
3194,5.48,3.6392,-3037.72,0.68
3195,11.28,5001.2619,-2792.73,0.2
3196,10.08,73262.4974,-2289.09,0.16
3197,10.64,359703.2399,-2516.48,0.18
3198,7.84,37842.079,-1669.57,0.16
3199,10.68,2741.7132,-1750.62,0.16
3200,8.52,65947.318,-1015.21,0.19
3201,12.04,2087.3325,-2751.01,0.2
3202,9.56,460439.0924,-1261.33,0.21
3203,9.32,0.5606,-1263.58,0.19
3204,11.72,169567.8721,-1312.76,0.2
3205,10.68,362652.0116,-2250.9,0.21
3206,10.0,182829.2604,-1355.58,0.17
3207,9.8,0.4649,-511.49,0.16
3208,7.2,13.9104,-2782.57,0.18
3209,10.96,337011.6442,-1502.24,0.19
3210,6.48,2685.0558,-2530.55,0.19
3211,10.76,71817.0029,-2507.56,0.2
3212,7.52,120025.5852,-3969.75,0.2
3213,12.24,1419757.0638,-2251.38,0.17
3214,10.96,795.0273,-1664.5,0.17
3215,8.04,359696.6649,-2000.54,0.2
3216,3.88,359846.1013,-2793.5,0.17
3217,10.8,67522.055,-1504.27,0.16
3218,6.32,2.1699,-3294.09,0.19
3219,9.64,3913.1986,-2798.68,0.18
3220,7.36,119900.9566,-2253.56,0.23
3221,7.48,0.0296,-1000.69,0.17
3222,11.04,235427.01,-2505.82,0.18
3223,12.92,122552.1672,-2000.74,0.16
3224,8.4,719689.216,-3012.23,0.21
3225,10.8,1.6636,-1041.57,0.18
3226,5.92,38.3337,-2751.36,0.16
3227,8.6,0.3156,-760.85,0.17
3228,11.28,354258.5367,-1260.68,0.19
3229,9.12,359874.672,-1250.34,0.18
3230,8.96,476875.9604,-1507.9,0.2
3231,8.52,19.7047,-1504.59,0.2
3232,13.36,0.3411,-4001.42,0.18
3233,8.32,713889.7586,-3474.93,0.18
3234,11.92,1070479.0069,-2750.83,0.2
3235,7.04,2704.8091,-1283.3,0.16
3236,11.0,486875.5076,-2502.13,0.17
3237,7.8,43.3083,-1529.82,0.21
3238,7.68,1441.8675,-2520.71,0.2
3239,10.0,353237.7393,-1263.91,0.17
3240,10.12,422773.4178,-3080.72,0.17
3241,11.2,421.1654,-2005.32,0.15
3242,10.6,755.7983,-1389.45,0.15
3243,10.96,358067.8807,-2297.74,0.15
3244,11.84,2566.0001,-1250.65,0.15
3245,10.68,442593.1045,-2504.2,0.18
3246,7.68,335727.2907,-2015.25,0.15
3247,5.88,291.671,-3771.99,0.17
3248,10.08,7.12,-1170.92,0.17
3249,12.32,353000.8373,-2750.23,0.18
3250,8.68,538304.4766,-1943.48,0.24
3251,8.32,364492.2303,-3314.84,0.17
3252,8.4,2747.6609,-2551.96,0.18
3253,8.64,0.3497,-2258.37,0.16
3254,8.88,32236.7428,-1000.53,0.19
3255,8.44,290381.2299,-2003.61,0.22
3256,8.88,1.0998,-777.49,0.17
3257,7.92,714430.4253,-3005.08,0.18
3258,12.36,1006.1807,-3001.16,0.16
3259,13.32,354258.1278,-2001.4,0.2
3260,9.64,151319.1954,-1280.23,0.24
3261,8.84,352770.0459,-2033.79,0.15
3262,7.24,0.9772,-774.28,0.14
3263,6.68,306011.2875,-2764.74,0.16
3264,9.36,557627.8061,-2294.2,0.21
3265,8.6,120037.9466,-1005.46,0.15
3266,7.72,66954.4456,-1540.26,0.16
3267,7.0,33928.0907,-2093.18,0.17
3268,11.32,7.7286,-1440.87,0.18
3269,9.4,32363.3824,-1904.72,0.16
3270,11.16,2.6261,-1065.24,0.17
3271,10.68,337245.0474,-1963.19,0.19
3272,14.16,360099.3339,-1888.9,0.2
3273,12.2,691272.6743,-1775.92,0.17
3274,8.28,356839.8602,-1567.38,0.17
3275,12.6,359666.4896,-2025.95,0.21
3276,7.16,383740.372,-2826.01,0.21
3277,10.16,5415.0854,-2252.39,0.18
3278,9.76,360234.4948,-1042.86,0.17
3279,10.48,1465.5868,-3256.39,0.18
3280,5.84,336582.3401,-5014.4,0.26
3281,9.84,170408.6454,-2166.37,0.15
3282,10.4,468776.7268,-2008.63,0.17
3283,12.04,395.5541,-1893.54,0.15
3284,7.4,139.6564,-1479.78,0.15
3285,7.0,1.7813,-2003.69,0.18
3286,8.2,14.1347,-1216.43,0.18
3287,10.08,475651.6484,-1251.08,0.2
3288,8.84,246807.1194,-2528.69,0.19
3289,10.56,352345.4061,-1484.46,0.17
3290,11.52,354264.0916,-899.56,0.17
3291,4.72,145.4062,-2500.27,0.19
3292,8.08,3.0466,-554.74,0.16
3293,7.44,0.5436,-1257.48,0.16
3294,9.44,68746.2818,-2258.25,0.2
3295,10.84,101.0624,-869.18,0.18
3296,10.24,33886.6461,-1186.82,0.18
3297,10.2,32.1542,-1616.03,0.17
3298,9.08,841.9603,-2001.41,0.18
3299,8.84,525671.1194,-3658.67,0.23
3300,7.76,146298.6553,-1727.81,0.18
3301,9.76,335924.343,-1879.55,0.16
3302,9.32,122606.2421,-798.56,0.19
3303,10.24,172048.9741,-1628.4,0.16
3304,5.12,2.0771,-2549.38,0.23
3305,6.6,67850.6393,-2048.78,0.32
3306,9.76,254084.245,-2294.44,0.23
3307,7.4,845541.748,-3194.88,0.19
3308,8.88,0.0305,-750.72,0.18
3309,11.76,360194.3104,-2062.39,0.18
3310,9.32,697152.4977,-3516.44,0.17
3311,9.24,64477.1667,-1843.01,0.17
3312,8.92,2.5397,-2064.24,0.18
3313,10.48,120951.9157,-1752.53,0.17
3314,6.36,573695.3291,-3251.31,0.18
3315,9.08,461805.4378,-2500.37,0.2
3316,6.4,32.3799,-1978.89,0.2
3317,8.8,4.2625,-1606.4,0.2
3318,7.76,38.5382,-2250.89,0.16
3319,8.04,68782.6646,-1506.71,0.18
3320,7.4,2845.3301,-1522.42,0.18
3321,12.28,7.9306,-1198.21,0.15
3322,8.68,2013.6225,-1752.5,0.17
3323,10.0,5998.4904,-1881.9,0.18
3324,10.52,2227.7014,-2569.16,0.17
3325,10.12,0.0924,-502.27,0.19
3326,7.32,0.1343,-2003.22,0.19
3327,14.28,5147.5036,-2194.75,0.24
3328,8.0,1044.3714,-1000.66,0.21
3329,10.64,1323.2537,-1528.45,0.26
3330,6.2,43.2262,-1529.15,0.22
3331,9.92,649334.5828,-2756.05,0.21
3332,9.48,339011.7797,-1786.35,0.23
3333,8.24,393876.768,-3001.26,0.69
3334,10.52,120110.5344,-1515.03,0.18
3335,11.6,359877.3933,-2528.2,0.18
3336,6.36,1.4865,-773.63,0.16
3337,6.6,359780.0986,-2010.51,0.22
3338,12.48,362742.3923,-1892.86,0.2
3339,9.84,489095.0938,-2299.42,0.26
3340,9.64,3549.6737,-2004.07,0.28
3341,7.32,0.0167,-1000.38,0.17
3342,9.92,360792.1978,-3131.81,0.16
3343,10.48,170606.6683,-2099.54,0.16
3344,8.32,6.7266,-670.12,0.15
3345,9.96,354378.904,-2258.26,0.16
3346,7.48,0.0412,-2500.75,0.19
3347,8.24,5.3557,-823.52,0.22
3348,4.64,20.8147,-2260.46,0.15
3349,6.52,359703.8309,-1520.15,0.19
3350,7.16,238868.2424,-3196.99,0.17
3351,9.12,36666.8663,-2250.51,0.17
3352,8.92,423.7596,-1295.2,0.2
3353,9.88,3.4064,-2515.57,0.17
3354,6.04,28.062,-2721.02,0.17
3355,8.64,476840.831,-2154.99,0.17
3356,9.08,0.0713,-1251.68,0.16
3357,10.96,716991.6758,-2275.98,0.21
3358,9.76,427541.1238,-2295.29,0.19
3359,8.36,356829.9978,-1530.3,0.17
3360,11.32,120015.99,-1263.31,0.17
3361,10.6,338893.5576,-2337.53,0.17
3362,8.44,24.7632,-2898.35,0.18
3363,8.4,10.939,-1023.41,0.18
3364,9.8,235345.6719,-577.83,0.2
3365,5.92,362540.0815,-2252.48,0.18
3366,10.48,734802.4164,-2387.65,0.21
3367,6.52,12.0468,-1801.01,0.18
3368,9.84,66068.8511,-1258.72,0.17
3369,12.44,354396.6066,-2002.6,0.17
3370,11.16,5487.1883,-2195.06,0.18
3371,11.6,169446.852,-2506.19,0.16
3372,10.56,101733.8586,-2251.21,0.17
3373,7.24,7586.2899,-2520.33,0.19
3374,12.56,1.4861,-2036.89,0.18
3375,8.32,480309.447,-1896.92,0.16
3376,10.68,480276.5628,-1500.84,0.2
3377,7.88,2.4069,-1060.1,0.19
3378,6.36,40.1948,-2720.38,0.17
3379,10.0,152671.8956,-1512.51,0.2
3380,13.12,360169.285,-1317.32,0.18
3381,7.08,239883.9128,-1657.48,0.16
3382,10.24,47.0693,-1331.95,0.16
3383,9.4,33879.4139,-1255.82,0.17
3384,11.6,364554.614,-1799.87,0.21
3385,8.28,6.5472,-1415.56,0.16
3386,9.16,2723.8682,-1504.76,0.18
3387,10.24,7.7681,-1444.12,0.19
3388,8.76,4555.7903,-1253.8,0.18
3389,9.68,2863.518,-1066.42,0.17
3390,7.4,5051.1479,-1718.19,0.25
3391,11.04,427119.7165,-1757.41,0.17
3392,8.72,148610.9197,-1565.19,0.22
3393,12.96,0.0332,-750.79,0.18
3394,14.6,356824.2756,-2504.82,0.17
3395,9.96,193417.4472,-2105.84,0.2
3396,11.48,720254.1519,-2002.18,0.17
3397,8.64,2707.0849,-1310.72,0.17
3398,11.52,56473.6371,-1458.75,0.16
3399,11.52,790534.4099,-1501.22,0.17
3400,7.32,356820.1107,-1505.99,0.18
3401,9.36,5.7747,-644.29,0.16
3402,11.76,355402.6551,-1250.47,0.23
3403,5.52,32383.4619,-2784.44,0.21
3404,9.12,165777.231,-2076.27,0.18
3405,7.16,120052.7004,-1272.23,0.19
3406,5.72,2.12,-2053.57,0.22
3407,11.28,306716.835,-2568.06,0.18
3408,11.56,0.044,-1001.0,0.19
3409,10.52,692604.8825,-1282.86,0.17
3410,7.52,2836.267,-1295.87,0.17
3411,7.56,40.9002,-1893.76,0.23
3412,11.88,15.7834,-1894.47,0.18
3413,9.56,4865.3217,-2000.57,0.21
3414,9.2,13.1459,-828.61,0.21
3415,8.8,354293.2758,-1250.63,0.17
3416,5.96,32237.9229,-2759.81,0.17
3417,9.52,858584.0967,-3507.32,0.17
3418,9.68,410311.6006,-2257.3,0.16
3419,7.28,3.4748,-573.38,0.16
3420,10.52,769902.1932,-2000.81,0.19
3421,7.84,339285.4469,-2501.38,0.18
3422,5.56,4.4906,-1547.37,0.18
3423,8.6,33921.4418,-1754.27,0.18
3424,14.04,708524.4708,-2944.43,0.21
3425,11.04,33888.3789,-2508.13,0.24
3426,10.52,123.2474,-1037.05,0.16
3427,11.28,714520.3861,-1445.15,0.17
3428,8.64,23.1488,-1333.77,0.19
3429,11.44,367964.4546,-1528.49,0.17
3430,9.52,216650.4282,-3001.02,0.18
3431,9.84,34027.1277,-1813.75,0.18
3432,9.6,10293.2409,-2010.28,0.2
3433,9.24,168275.5072,-2300.22,0.19
3434,7.92,68788.1904,-1502.1,0.24
3435,10.72,719574.2314,-823.41,0.18
3436,12.96,238805.5664,-2835.72,0.19
3437,8.08,1.8032,-2044.91,0.19
3438,12.48,2569.463,-1337.21,0.18
3439,9.6,204357.5276,-1783.92,0.2
3440,11.68,3577.1378,-2263.61,0.2
3441,9.84,120050.284,-1491.12,0.17
3442,10.88,4084.7194,-1765.51,0.18
3443,9.2,310760.0858,-1501.51,0.17
3444,7.92,39.0045,-507.36,0.18
3445,7.92,360748.6655,-4296.24,0.24
3446,8.44,839445.5006,-1251.78,0.19
3447,7.6,66286.5141,-2174.36,0.22
3448,8.24,3.1068,-1267.48,0.24
3449,9.84,71173.5768,-2032.93,0.18
3450,8.84,237212.7529,-2486.9,0.18
3451,9.44,65953.408,-2013.78,0.18
3452,8.4,0.5642,-1014.04,0.21
3453,10.52,336732.7718,-1250.64,0.17
3454,9.48,3.2346,-1830.77,0.16
3455,7.64,1.293,-1776.8,0.22
3456,6.76,2.3832,-2809.39,0.17
3457,11.8,169447.3546,-1560.55,0.21
3458,9.96,118939.5773,-750.48,0.19
3459,8.52,169481.8471,-1794.27,0.26
3460,7.08,0.612,-765.25,0.18
3461,11.88,1072900.7191,-2292.6,0.26
3462,7.72,3.7254,-343.03,0.15
3463,7.68,891158.1472,-2029.62,0.18
3464,9.48,375544.39,-2760.45,0.19
3465,8.92,35304.4154,-2156.91,0.16
3466,11.92,2566.3807,-1759.92,0.2
3467,9.2,207172.8869,-2507.99,0.18
3468,10.8,1365.6275,-1520.2,0.17
3469,12.28,361563.2053,-2381.38,0.17
3470,9.96,428993.0543,-2260.66,0.17
3471,8.72,2694.1832,-1443.67,0.71
3472,10.0,5.9314,-1250.6,0.17
3473,9.44,66092.9851,-2272.12,0.17
3474,8.64,2707.2765,-845.07,0.16
3475,10.68,815945.661,-1510.28,0.17
3476,8.6,39.419,-776.16,0.17
3477,12.72,698555.443,-3250.33,0.2
3478,11.16,291186.4273,-2000.33,0.23
3479,9.56,102646.7564,-2283.88,0.19
3480,10.72,0.1108,-753.76,0.19
3481,10.16,559526.934,-2013.34,0.2
3482,9.72,65946.8016,-1251.51,0.19
3483,7.6,360720.9458,-808.56,0.2
3484,9.24,78943.3344,-1841.13,0.16
3485,6.8,32237.3024,-2263.95,0.17
3486,9.0,392321.4758,-1774.41,0.17
3487,10.68,359702.2085,-1139.17,0.16
3488,10.92,169445.629,-1501.51,0.19
3489,7.24,32248.9926,-806.8,0.2
3490,5.92,21.3158,-3013.97,0.18
3491,9.4,360169.9728,-584.56,0.23
3492,11.76,360263.2738,-1009.66,0.18
3493,10.68,902.0708,-772.8,0.18
3494,9.36,360825.9307,-1059.67,0.17
3495,7.92,3.7855,-593.8,0.18
3496,7.84,91.7346,-1188.44,0.18
3497,7.96,703621.2932,-2251.99,0.21
3498,10.44,39.4528,-2250.53,0.17
3499,11.92,5.5464,-2138.52,0.17
3500,4.68,344047.9744,-2752.09,0.16
3501,8.44,118976.7619,-1523.72,0.17
3502,10.52,119081.5981,-2008.25,0.21
3503,4.44,1.9841,-2047.91,0.21
3504,7.12,19899.9069,-1804.7,0.16
3505,9.8,175450.8915,-1970.97,0.18
3506,11.88,391082.4142,-1770.37,0.21
3507,9.32,0.7482,-519.66,0.17
3508,10.88,1250136.6602,-3750.47,0.18
3509,9.84,193408.2998,-2045.02,0.18
3510,9.68,526839.0725,-1511.23,0.17
3511,10.36,421.0879,-753.49,0.15
3512,10.68,1050.592,-1899.17,0.16
3513,6.08,1075.4433,-3210.79,0.19
3514,8.72,221032.0074,-1848.01,0.18
3515,9.52,34887.2773,-1049.46,0.19
3516,12.84,1057104.4295,-3501.41,0.16
3517,11.4,706053.5438,-1003.39,0.16
3518,9.2,407844.794,-1534.48,0.16
3519,5.6,2834.4537,-1500.53,0.17
3520,5.28,155.4428,-3001.21,0.19
3521,7.0,597816.0492,-2768.8,0.25
3522,8.44,64473.4616,-1000.51,0.16
3523,9.12,67081.5954,-2001.25,0.17
3524,6.72,10.0499,-1221.62,0.17
3525,6.12,362522.3123,-1532.02,0.18
3526,7.12,0.0771,-751.88,0.16
3527,10.04,712238.6731,-1939.51,0.18
3528,8.44,0.5604,-1255.5,0.2
3529,9.36,354267.6008,-1986.78,0.17
3530,14.0,0.044,-1500.8,0.17
3531,9.2,120907.0442,-1252.24,0.18
3532,11.2,2.04,-1300.94,0.17
3533,9.24,193.7242,-1278.29,0.19
3534,9.12,2255.5589,-2008.44,0.17
3535,11.16,66993.9484,-1530.22,0.19
3536,5.84,240029.0916,-1796.44,0.21
3537,9.4,0.3559,-1008.7,0.17
3538,6.08,67857.271,-717.41,0.2
3539,11.2,187779.6289,-1691.11,0.23
3540,8.88,360178.4796,-1109.84,0.21
3541,11.36,988039.4849,-2256.97,0.16
3542,9.8,5600.7516,-805.43,0.16
3543,11.12,1126.4257,-2196.85,0.17
3544,10.2,715352.9076,-1250.61,0.15
3545,11.68,695893.2177,-1250.47,0.16
3546,12.76,355197.4987,-2000.26,0.2
3547,12.44,747060.5922,-2007.96,0.19
3548,7.4,153864.2857,-1750.75,0.18
3549,10.88,1082.8134,-1505.7,0.17
3550,7.2,65946.8136,-1501.95,0.2
3551,11.36,98.4345,-2303.37,0.16
3552,9.76,44.7118,-1504.64,0.18
3553,12.56,4.809,-2119.14,0.16
3554,10.2,1154.615,-1509.33,0.17
3555,6.6,42.9454,-1520.7,0.21
3556,11.44,2.6691,-1816.65,0.17
3557,9.36,32236.8053,-2250.47,0.17
3558,11.0,5756.4793,-763.16,0.19
3559,6.32,54.0069,-2098.25,0.2
3560,7.44,188789.203,-2773.55,0.17
3561,13.72,8.7734,-2213.19,0.14
3562,9.6,428840.2326,-1815.63,0.15
3563,7.28,360209.2854,-763.41,0.16
3564,12.88,833883.6584,-751.2,0.16
3565,8.12,579394.7164,-2778.73,0.22
3566,9.04,491768.2834,-1752.46,0.17
3567,9.4,601923.2776,-2477.37,0.16
3568,13.8,3185.6728,-1751.2,0.16
3569,10.48,174802.8738,-2251.42,0.23
3570,12.24,360496.8229,-1965.7,0.17
3571,6.4,792031.4254,-2785.63,0.2
3572,9.32,544772.9108,-1507.55,0.18
3573,6.92,12.3643,-2058.91,0.16
3574,10.92,2.0858,-2752.83,0.17
3575,5.64,66004.1957,-2000.75,0.21
3576,9.76,2570.6652,-1351.51,0.19
3577,11.84,32275.3242,-2009.61,0.16
3578,9.8,120014.0767,-1260.98,0.18
3579,11.16,393951.5102,-1317.98,0.18
3580,8.36,34015.4324,-2249.1,0.2
3581,6.16,93.3412,-2721.21,0.16
3582,12.96,77.0424,-1755.37,0.18
3583,11.52,850.6552,-2021.12,0.17
3584,7.04,719427.4396,-1556.18,0.16
3585,9.0,1482.9497,-2754.22,0.19
3586,10.0,66844.8444,-2551.54,0.21
3587,13.8,710045.3646,-1949.22,0.24
3588,7.56,33893.5816,-2338.93,0.19
3589,9.04,840.7861,-3046.34,0.24
3590,5.6,67768.8957,-2515.78,0.17
3591,8.16,335727.6942,-778.09,0.17
3592,7.88,355280.6126,-1271.81,0.19
3593,10.32,134056.1038,-1059.62,0.17
3594,14.36,0.0812,-1750.41,0.17
3595,9.88,84.6936,-1512.35,0.18
3596,9.36,202.4836,-1250.38,0.23
3597,9.44,800384.5816,-3303.63,0.18
3598,8.88,235385.0589,-1794.39,0.18
3599,6.12,2.2663,-1286.07,0.19
3600,10.24,66408.4406,-2796.49,0.24
3601,11.12,114.1825,-2141.18,0.15
3602,11.4,901.4376,-1250.78,0.15
3603,11.52,0.0417,-1000.99,0.14
3604,11.56,360191.365,-1009.66,0.17
3605,11.8,39692.316,-1546.95,0.17
3606,8.04,239099.4571,-2113.91,0.17
3607,12.16,517.6034,-760.02,0.17
3608,11.84,360166.7842,-1254.41,0.19
3609,8.28,762050.9919,-1821.67,0.18
3610,7.52,394740.5318,-1551.18,0.19
3611,10.68,921.3674,-1017.36,0.17
3612,10.92,633.7994,-1809.37,0.17
3613,9.68,169396.419,-1005.59,0.17
3614,11.56,2163.9888,-1590.75,0.68
3615,10.28,152137.7498,-1254.95,0.19
3616,8.76,390716.8997,-2225.86,0.21
3617,12.84,354258.276,-255.24,0.16
3618,10.2,422767.0541,-1510.63,0.17
3619,8.92,460.2002,-2775.7,0.18
3620,10.96,169399.7711,-597.81,0.22
3621,9.4,25.9231,-1537.27,0.19
3622,9.2,1154.9952,-770.08,0.19
3623,7.88,66093.2007,-2263.97,0.18
3624,11.12,353572.4919,-2005.34,0.17
3625,10.24,118960.6886,-2520.45,0.2
3626,7.24,268.0682,-1636.27,0.18
3627,6.84,1.2432,-1030.26,0.2
3628,7.16,41453.791,-1223.47,0.17
3629,10.76,360088.5557,-1758.72,0.2
3630,11.84,0.2142,-1755.3,0.21
3631,10.64,3.3911,-1039.88,0.16
3632,5.64,21319.7809,-3265.85,0.17
3633,9.0,360907.0912,-1060.13,0.22
3634,10.4,354303.472,-1581.65,0.18
3635,7.84,35.1986,-1251.34,0.19
3636,10.6,5.4566,-636.37,0.17
3637,11.4,0.6233,-759.42,0.2
3638,11.4,354339.22,-1171.75,0.17
3639,7.24,100109.4817,-1251.25,0.17
3640,12.56,365301.7181,-1079.59,0.18
3641,12.36,695912.8604,-2255.29,0.17
3642,11.0,183554.8394,-2003.4,0.15
3643,6.84,26.4955,-2513.75,0.18
3644,8.64,359853.7052,-984.14,0.16
3645,8.24,239848.428,-2632.75,0.16
3646,9.0,1278.9405,-3024.43,0.23
3647,9.4,67490.6205,-2555.94,0.21
3648,7.48,4.8909,-873.25,0.17
3649,5.84,1016.249,-1502.92,0.21
3650,10.64,559.9406,-752.06,0.19
3651,6.2,484379.7724,-1252.94,0.2
3652,11.8,523741.2716,-1500.45,0.19
3653,13.24,2566.3216,-1008.6,0.17
3654,10.48,33897.647,-1961.82,0.18
3655,7.16,35.1467,-2189.42,0.2
3656,7.8,344055.8677,-1102.7,0.18
3657,5.16,722593.3252,-3062.69,0.17
3658,9.16,11.6367,-790.9,0.17
3659,10.44,221.984,-2132.32,0.16
3660,9.6,32303.2753,-2000.57,0.16
3661,5.84,12362.4384,-2052.62,0.16
3662,9.32,445.3326,-1859.59,0.15
3663,10.32,40440.3748,-1751.46,0.2
3664,11.16,523703.1497,-503.83,0.17
3665,7.28,86.1877,-2046.16,0.2
3666,9.8,529150.2965,-1322.22,0.21
3667,5.36,2.4908,-1297.98,0.17
3668,8.8,403617.422,-1252.49,0.18
3669,9.04,124146.5214,-2005.44,0.19
3670,7.24,307850.4038,-1327.33,0.17
3671,9.32,185856.8032,-905.47,0.2
3672,5.56,1.7966,-794.78,0.18
3673,8.2,4766.9572,-1014.08,0.16
3674,10.6,420094.3899,-1750.41,0.21
3675,9.2,11.3942,-1034.82,0.18
3676,8.84,359708.3669,-898.25,0.23
3677,6.0,67849.7578,-1530.48,0.17
3678,9.48,44.4386,-2251.52,0.19
3679,7.28,359741.9079,-780.42,0.2
3680,11.12,171461.6874,-2112.51,0.17
3681,10.8,360593.7943,-1517.58,0.17
3682,10.44,3064.885,-836.69,0.18
3683,12.32,119163.5524,-951.22,0.21
3684,7.64,32332.6141,-2020.98,0.17
3685,8.36,119001.901,-1759.07,0.18
3686,8.68,357974.4344,-1503.26,0.18
3687,7.08,402.7641,-2571.42,0.21
3688,7.8,424579.0773,-2270.62,0.2
3689,9.68,560.9933,-278.42,0.19
3690,9.6,1907.3111,-2251.54,0.15
3691,8.04,5.6236,-2889.44,0.2
3692,9.12,359859.025,-1821.55,0.2
3693,8.4,543052.5276,-3000.16,0.24
3694,9.36,1.4036,-1036.04,0.17
3695,8.28,61.971,-1000.48,0.17
3696,11.2,170714.3259,-3015.5,0.18
3697,9.36,135148.6938,-3000.41,0.17
3698,9.28,187264.6451,-2540.71,0.17
3699,11.32,96.3814,-252.16,0.19
3700,6.64,65956.6915,-2249.66,0.18
3701,9.64,362449.4157,-1430.1,0.16
3702,6.44,359848.1335,-2594.55,0.21
3703,11.12,339896.2637,-2256.74,0.17
3704,8.72,364482.9269,-1101.44,0.17
3705,9.16,121808.2511,-1253.48,0.2
3706,5.84,698949.3474,-2089.99,0.18
3707,7.24,4.7481,-1809.39,0.2
3708,8.04,0.0388,-500.95,0.17
3709,6.96,5.0164,-1811.22,0.18
3710,9.96,3111.7575,-1632.01,0.2
3711,11.16,750.2398,-1250.33,0.17
3712,10.36,119208.2543,-2114.45,0.18
3713,7.96,79.3898,-2476.57,0.23
3714,10.2,4767.982,-539.72,0.17
3715,11.08,28.0956,-851.07,0.23
3716,8.8,1.6026,-1534.94,0.22
3717,8.08,120052.434,-1263.85,0.2
3718,9.52,122028.4676,-1064.41,0.25
3719,9.04,391.0314,-1030.57,0.18
3720,9.32,33884.0771,-1352.39,0.2
3721,8.6,0.592,-14.8,0.17
3722,9.0,36677.2914,-1791.61,0.18
3723,8.32,1206.4301,-2036.3,0.19
3724,12.24,2.8786,-1821.82,0.14
3725,13.12,354258.2706,-506.08,0.15
3726,8.36,476833.6028,-2500.44,0.2
3727,9.92,335732.556,-1010.75,0.17
3728,7.52,373165.8936,-2033.8,0.2
3729,10.4,362439.1395,-1513.57,0.17
3730,11.0,238213.1667,-1811.44,0.2
3731,9.2,181269.7058,-2546.48,0.18
3732,10.2,65946.7693,-501.66,0.17
3733,6.92,527979.3836,-1395.07,0.17
3734,8.68,391939.2762,-1649.87,0.18
3735,9.24,131895.6448,-2305.98,0.2
3736,7.88,33888.1675,-2221.99,0.21
3737,9.4,9.8233,-495.56,0.19
3738,8.36,361967.6592,-1587.67,0.19
3739,9.36,187780.2671,-1707.2,0.18
3740,7.52,32357.2592,-1252.8,0.16
3741,11.96,1108044.6054,-2502.12,0.16
3742,5.76,21.2814,-2281.93,0.21
3743,4.96,153940.1527,-2471.3,0.19
3744,13.52,706601.9314,-1194.96,0.19
3745,12.2,96.3094,-1001.32,0.18
3746,7.08,122856.9613,-1298.49,0.19
3747,5.48,698945.9136,-1754.14,0.17
3748,12.96,8.1891,-954.37,0.16
3749,12.04,360166.8899,-1507.33,0.17
3750,9.04,356329.1746,-1779.7,0.19
3751,11.96,2703.9408,-1512.36,0.18
3752,6.68,719423.849,-1972.27,0.17
3753,9.76,640813.6026,-1261.43,0.18
3754,9.2,360886.8159,-2074.39,0.68
3755,9.2,37050.0097,-1941.78,0.17
3756,7.6,32236.7477,-1500.6,0.19
3757,3.08,20.6586,-3267.08,0.19
3758,8.08,210.131,-1935.14,0.29
3759,8.64,119121.0598,-616.39,0.17
3760,7.32,23.0379,-1075.92,0.17
3761,8.08,4807.243,-2018.11,0.18
3762,8.84,470147.8076,-1790.42,0.18
3763,12.52,0.2616,-1256.48,0.17
3764,7.0,67907.1872,-1758.9,0.18
3765,5.0,359731.2996,-1720.95,0.16
3766,9.68,357169.3027,-1786.65,0.17
3767,3.92,339243.3328,-2251.51,0.19
3768,10.24,456685.7095,-1542.87,0.16
3769,8.56,153896.049,-2298.0,0.2
3770,7.32,359742.4882,-544.93,0.17
3771,6.12,154290.285,-2222.15,0.21
3772,10.16,3094.8274,-1751.31,0.17
3773,9.56,65947.3697,-516.51,0.2
3774,7.36,80.6504,-1256.34,0.19
3775,12.24,354334.0891,-1043.49,0.2
3776,7.96,32236.9524,-755.76,0.17
3777,5.04,36.4216,-3572.4,0.19
3778,6.04,168280.0787,-1677.95,0.17
3779,8.08,1.1703,-779.21,0.16
3780,13.72,421.2263,-2256.84,0.17
3781,5.64,355299.5374,-1252.49,0.19
3782,10.2,359710.1446,-981.17,0.19
3783,10.8,0.3744,-1006.3,0.16
3784,8.44,68.0664,-1764.98,0.17
3785,6.32,168270.6783,-1501.23,0.17
3786,10.2,169445.6584,-1015.11,0.17
3787,8.92,146.0232,-2000.22,0.22
3788,10.0,9.7473,-743.65,0.16
3789,10.72,1.1752,-1501.46,0.16
3790,9.64,1371582.0871,-3251.11,0.18
3791,8.24,1200.319,-1503.6,0.22
3792,10.56,154899.0498,-1002.88,0.18
3793,6.56,0.2615,-752.16,0.17
3794,13.92,362657.5758,-1195.63,0.18
3795,7.04,364480.3311,-1286.85,0.17
3796,9.04,2747.7305,-1053.95,0.18
3797,8.64,1027.7695,-798.55,0.2
3798,7.48,153955.2462,-3013.07,0.19
3799,8.88,236391.9356,-2028.67,0.2
3800,7.08,787427.7978,-1547.34,0.16
3801,5.56,359746.4706,-1752.64,0.18
3802,7.8,362524.3525,-833.58,0.15
3803,9.8,362179.4985,-766.33,0.16
3804,8.28,165773.8472,-1531.81,0.16
3805,10.12,66550.1148,-1536.45,0.16
3806,11.96,335727.5358,-1523.94,0.17
3807,11.16,473342.5263,-1074.98,0.17
3808,8.76,6090.6067,-1540.81,0.17
3809,9.56,0.6807,-516.98,0.22
3810,8.12,120507.8675,-3258.79,0.21
3811,8.44,544768.0011,-2089.5,0.21
3812,7.52,428450.4714,-1545.92,0.19
3813,6.4,359706.5598,-852.06,0.19
3814,8.48,38113.594,-1511.46,0.2
3815,13.08,335734.3637,-1194.83,0.18
3816,9.12,0.442,-261.04,0.17
3817,6.8,24.9803,-772.12,0.16
3818,13.04,638.8329,-2285.32,0.17
3819,7.76,3017.0374,-1524.16,0.15
3820,10.24,68916.1238,-1838.75,0.19
3821,6.8,124822.2253,-2176.28,0.18
3822,7.36,360166.6826,-1002.28,0.19
3823,13.28,692550.6741,-1500.6,0.17
3824,10.56,7059.0464,-1297.89,0.18
3825,7.84,479890.6938,-2277.08,0.16
3826,9.48,1324.0317,-1255.28,0.16
3827,6.72,4.073,-1551.22,0.21
3828,8.56,425649.8845,-767.7,0.16
3829,13.0,360711.207,-2195.41,0.18
3830,6.52,59361.9009,-2763.91,0.21
3831,7.0,18.8496,-2220.46,0.17
3832,8.0,114740.5089,-1290.82,0.25
3833,7.72,85.5425,-2033.57,0.18
3834,8.52,0.1498,-1503.42,0.18
3835,5.88,67863.6219,-1124.16,0.24
3836,7.0,361715.8484,-777.93,0.24
3837,7.84,389327.3255,-2250.55,0.26
3838,7.56,65948.9348,-1279.68,0.2
3839,6.2,73.4498,-1501.42,0.17
3840,7.92,479973.6666,-1529.46,0.17
3841,10.44,32659.583,-1047.86,0.21
3842,10.68,119088.1514,-672.23,0.23
3843,7.0,2.7789,-807.9,0.18
3844,9.08,33950.0195,-1514.05,0.22
3845,7.92,1.6748,-2041.64,0.16
3846,6.2,359703.1001,-1252.0,0.16
3847,9.44,65958.2242,-1255.13,0.18
3848,10.04,1046.5986,-556.39,0.17
3849,7.52,51.1135,-1461.78,0.17
3850,8.48,123.0867,-815.59,0.16
3851,7.8,425.8548,-1330.27,0.22
3852,12.12,1802.5782,-1003.54,0.17
3853,5.4,69.4691,-1793.2,0.15
3854,10.32,688063.0776,-1009.05,0.16
3855,9.36,120057.6918,-679.38,0.16
3856,9.52,563188.8258,-2021.69,0.17
3857,6.88,120034.3307,-1047.76,0.19
3858,9.48,158.947,-1006.74,0.17
3859,4.76,10.3498,-1258.68,0.18
3860,8.4,694531.8488,-1471.03,0.17
3861,10.52,169444.9597,-750.71,0.18
3862,10.32,0.5311,-1263.1,0.19
3863,11.0,2160.9925,-1515.82,0.19
3864,7.16,359697.1324,-762.31,0.16
3865,10.0,51.3923,-762.73,0.17
3866,11.24,66953.2947,-758.64,0.17
3867,13.92,335897.1244,-2001.37,0.16
3868,8.84,361223.8471,-1741.13,0.17
3869,9.04,44.3458,-1306.14,0.18
3870,7.36,474942.4673,-1048.17,0.16
3871,13.84,2577.8713,-797.48,0.18
3872,10.48,44.325,-555.65,0.17
3873,10.56,595930.6208,-1501.17,0.16
3874,9.32,698954.9066,-2258.1,0.17
3875,8.56,67851.8894,-1553.26,0.18
3876,8.0,513827.9198,-1657.56,0.18
3877,12.28,1615.5196,-1053.18,0.17
3878,10.52,32237.8701,-528.73,0.21
3879,6.6,0.0303,-1500.67,0.19
3880,7.76,1309776.1115,-2313.92,0.22
3881,11.32,171675.1553,-1814.96,0.19
3882,7.32,2801.6731,-809.64,0.18
3883,7.8,35163.2527,-1773.75,0.16
3884,11.92,2094.4316,-2020.45,0.15
3885,8.76,32242.3564,-640.89,0.19
3886,13.08,357725.2806,-1250.97,0.18
3887,10.56,758.7729,-1002.77,0.16
3888,8.52,172322.3441,-1272.62,0.23
3889,13.12,15.5643,-1694.89,0.19
3890,7.48,112.5627,-1751.62,0.18
3891,13.44,357016.9879,-2257.76,0.17
3892,12.04,421.5193,-1264.24,0.17
3893,10.28,359697.0784,-753.54,0.19
3894,12.56,423.6469,-2314.84,0.16
3895,11.0,356824.265,-754.65,0.76
3896,9.44,155523.8672,-1556.04,0.22
3897,12.96,96.564,-756.68,0.19
3898,12.16,335729.6104,-2009.9,0.17
3899,11.16,335727.1362,-514.15,0.19
3900,8.0,120079.6088,-1508.84,0.2
3901,8.16,71374.5468,-1763.92,0.2
3902,8.24,120024.2669,-2654.55,0.19
3903,9.04,8.8316,-1501.1,0.17
3904,9.44,2.5186,-562.93,0.15
3905,6.88,43.4941,-704.8,0.18
3906,8.44,5981.7161,-2060.29,0.19
3907,9.04,66840.7012,-2000.16,0.19
3908,9.84,10.1844,-1971.6,0.22
3909,10.16,186271.682,-1581.15,0.17
3910,8.08,4812.227,-593.4,0.19
3911,8.2,356846.3225,-1940.39,0.19
3912,5.84,3.5358,-1588.31,0.17
3913,9.84,169904.4741,-1509.46,0.19
3914,6.28,0.1088,-2251.76,0.2
3915,8.2,370264.6357,-2532.05,0.19
3916,4.84,427560.8782,-2243.1,0.19
3917,10.12,5.5817,-639.51,0.22
3918,9.0,33938.1124,-1760.19,0.19
3919,6.96,472663.3542,-2500.53,0.17
3920,8.16,292.7472,-2008.45,0.21
3921,7.56,488114.3282,-1508.88,0.16
3922,8.12,153341.2631,-2751.19,0.22
3923,10.36,16.5868,-526.59,0.16
3924,8.0,66002.7008,-1553.5,0.19
3925,6.48,120022.5161,-972.02,0.23
3926,5.72,339252.274,-1474.28,0.21
3927,7.4,67849.7008,-776.15,0.19
3928,7.4,102087.3821,-2775.94,0.19
3929,8.24,33899.8851,-1279.88,0.21
3930,9.32,0.3691,-1259.05,0.2
3931,9.68,0.2731,-256.81,0.17
3932,10.76,98.0921,-794.86,0.19
3933,8.36,467.5889,-1666.69,0.2
3934,7.4,1077.888,-1843.0,0.24
3935,9.24,69211.3954,-1309.02,0.19
3936,6.88,138025.6613,-2098.55,0.2
3937,10.64,67101.3481,-760.42,0.18
3938,5.68,77.4251,-1301.91,0.17
3939,14.16,354332.3774,-1250.7,0.19
3940,7.68,1.7271,-1779.44,0.21
3941,7.16,1.9308,-1255.28,0.2
3942,7.0,37.6237,-1709.37,0.16
3943,11.16,334206.7734,-1000.3,0.16
3944,7.84,359894.3447,-1004.31,0.17
3945,7.48,891157.5363,-1501.97,0.16
3946,8.76,1439.9309,-1820.62,0.17
3947,5.76,414754.2135,-3044.09,0.18
3948,8.72,390262.803,-1269.33,0.24
3949,9.88,431723.3046,-1823.2,0.18
3950,11.64,753.0008,-570.53,0.17
3951,6.32,36767.2829,-2529.29,0.2
3952,7.08,44.1602,-725.43,1.7
3953,11.2,218120.9944,-1994.94,0.19
3954,9.28,188788.7883,-1517.07,0.22
3955,8.56,475715.4618,-1278.49,0.17
3956,7.12,373123.7098,-1531.72,0.21
3957,10.44,33994.3789,-1514.32,0.2
3958,9.28,120473.0336,-1005.89,0.2
3959,5.48,68007.8907,-2090.76,0.19
3960,9.84,0.2986,-257.45,0.18
3961,11.32,695893.2228,-751.6,0.19
3962,7.28,19.8757,-1246.83,0.19
3963,6.8,72525.3735,-1503.36,0.19
3964,7.92,1152.0914,-1510.56,0.16
3965,8.52,2074.8173,-1530.31,0.17
3966,9.2,120.8202,-258.96,0.16
3967,7.52,169439.6272,-791.76,0.18
3968,10.92,362456.0744,-1252.84,0.17
3969,6.36,67859.2026,-1263.63,0.16
3970,11.12,0.0235,-500.55,0.16
3971,8.52,461515.8144,-2558.13,0.19
3972,8.08,1.1516,-1751.66,0.2
3973,9.36,62.5051,-772.27,0.24
3974,8.28,84.2462,-1252.19,0.21
3975,7.24,67859.3174,-1266.55,0.16
3976,11.56,373621.312,-1254.91,0.16
3977,9.76,122074.6903,-1167.54,0.18
3978,8.6,73453.1448,-1759.01,0.17
3979,7.56,85.7038,-787.68,0.18
3980,8.52,41.5592,-1160.39,0.17
3981,9.56,473405.7235,-2501.02,0.15
3982,8.84,394926.6667,-3763.56,0.19
3983,8.36,31.0927,-1027.31,0.15
3984,5.24,19.9994,-1501.32,0.16
3985,5.88,428641.5669,-2250.51,0.23
3986,6.2,32236.7935,-1001.71,0.17
3987,5.8,120013.7538,-1502.81,0.18
3988,7.44,48.017,-1354.04,0.18
3989,7.52,32276.1526,-1780.3,0.17
3990,10.52,523494.7904,-1278.83,0.19
3991,8.84,32237.0785,-760.94,0.17
3992,8.96,13.68,-547.97,0.17
3993,10.12,0.0547,-501.34,0.22
3994,9.04,66997.2547,-1278.54,0.19
3995,13.2,1523.473,-1566.48,0.17
3996,8.84,513767.7149,-1006.32,0.2
3997,5.0,120034.7276,-2307.64,0.22
3998,9.84,753.332,-1577.63,0.18
3999,9.04,1009.5706,-336.07,0.25
4000,7.4,135538.8053,-2561.45,0.18
4001,3.44,77.3542,-1972.41,0.16
4002,6.2,359907.8302,-2260.59,0.18
4003,11.04,5.4313,-635.75,0.22
4004,8.76,530318.8082,-2000.24,0.17
4005,6.16,122872.046,-2023.06,0.17
4006,6.2,0.5882,-2265.43,0.17
4007,10.28,479235.5148,-1010.02,0.21
4008,7.4,132.2808,-1032.25,0.16
4009,12.36,355874.5186,-2075.43,0.16
4010,8.4,211.1365,-2036.97,0.18
4011,4.8,236146.7997,-2213.08,0.2
4012,10.96,66848.6698,-1270.28,0.18
4013,5.28,67868.5368,-2258.87,0.22
4014,5.12,66964.5578,-1823.54,0.18
4015,8.36,460788.6002,-2040.78,0.16
4016,12.8,623.1463,-1503.36,0.17
4017,8.56,68932.0408,-2000.41,0.2
4018,4.88,31.9216,-2244.57,0.17
4019,9.0,1.5388,-1039.39,0.17
4020,7.36,67988.0445,-1760.57,0.16
4021,8.88,68273.8028,-2105.98,0.73
4022,6.0,30.3131,-1765.29,0.2
4023,10.64,66995.3084,-1758.67,0.16
4024,7.68,131895.1703,-794.23,0.16
4025,9.8,66792.7438,-1526.83,0.25
4026,7.84,102864.3784,-2259.68,0.25
4027,5.92,339351.4034,-1585.33,0.18
4028,9.28,32240.4362,-1594.9,0.18
4029,8.2,235515.8319,-2122.01,0.19
4030,8.28,42.6148,-1501.45,0.2
4031,11.16,116.8863,-1260.5,0.19
4032,6.72,10.3539,-509.77,0.18
4033,6.52,2714.8685,-1749.75,0.17
4034,7.08,339287.2731,-1297.65,0.18
4035,7.44,349583.1023,-1800.21,0.18
4036,9.8,106535.4911,-1281.1,0.2
4037,8.0,61.8406,-1504.5,0.21
4038,4.4,359702.6409,-754.1,0.2
4039,8.0,99.1328,-970.49,0.19
4040,8.92,359991.9664,-1056.88,0.18
4041,7.84,1008.8684,-1290.55,0.17
4042,11.68,0.1087,-502.66,0.16
4043,10.4,131894.0207,-1515.41,0.16
4044,8.28,120487.2387,-2485.63,0.16
4045,8.72,42.1631,-502.61,0.16
4046,6.88,67882.7256,-1279.86,0.15
4047,9.76,695469.9019,-1795.59,0.17
4048,11.76,84.0722,-1745.7,0.17
4049,6.36,339252.0778,-1220.21,0.18
4050,7.16,335848.2599,-1919.15,0.19
4051,6.64,3806.6283,-1279.82,0.2
4052,5.44,2.3966,-1500.72,0.17
4053,5.56,154.438,-1807.78,0.17
4054,6.44,787276.2966,-1824.78,0.22
4055,7.36,719514.5199,-1750.16,0.17
4056,7.24,360484.3927,-1311.27,0.19
4057,8.44,750039.8978,-2000.97,0.18
4058,8.72,148837.8951,-1260.37,0.17
4059,6.52,169467.2796,-2720.38,0.16
4060,5.32,70657.8328,-2220.18,0.16
4061,6.72,122026.038,-1253.66,0.22
4062,9.72,340219.4483,-926.91,0.17
4063,8.68,369626.1244,-1271.59,0.17
4064,10.84,135.0533,-763.58,0.16
4065,7.88,187775.2177,-1830.65,0.18
4066,9.96,336922.9738,-1251.89,0.21
4067,13.16,365312.3815,-2250.54,0.26
4068,13.32,3566.0751,-3065.76,0.17
4069,6.52,169445.2266,-1507.33,0.2
4070,8.84,1.7736,-1017.25,0.16
4071,10.76,761702.1411,-1303.61,0.22
4072,10.28,153917.5214,-765.57,0.19
4073,8.44,122.9122,-1309.79,0.17
4074,13.2,360166.754,-1003.9,0.17
4075,12.12,0.5942,-1259.83,0.15
4076,6.52,32254.4249,-1972.95,0.2
4077,6.16,427570.2894,-1228.99,0.17
4078,8.92,360902.295,-1254.71,0.22
4079,7.52,973025.3299,-2524.07,0.21
4080,6.24,359706.8049,-608.21,0.16
4081,8.16,640532.5479,-1500.49,0.18
4082,12.04,714430.7696,-901.8,0.15
4083,7.52,2.159,-1553.93,0.15
4084,8.48,719586.3072,-1893.07,0.18
4085,8.96,835511.3778,-1732.9,0.19
4086,7.16,29468.9114,-1552.79,0.23
4087,9.2,40.5196,-1057.57,0.21
4088,10.0,43.1303,-873.85,0.19
4089,11.32,426113.7291,-2260.51,0.24
4090,7.76,32242.2904,-890.22,0.19
4091,7.16,119901.3246,-1512.2,0.22
4092,11.56,2570.503,-757.72,0.17
4093,9.56,50.8749,-469.42,0.17
4094,8.36,120148.4514,-2020.94,0.18
4095,9.8,286793.908,-1519.24,0.19
4096,7.24,71377.601,-1074.49,0.19
4097,6.72,359711.4069,-1223.21,0.22
4098,9.92,153893.9584,-2028.71,0.17
4099,7.2,33882.5007,-830.77,0.19
4100,9.72,136672.7014,-2500.71,0.18
4101,12.8,4.1061,-1096.64,0.17
4102,6.2,4779.3669,-1528.93,0.17
4103,7.92,234228.1665,-1536.77,0.16
4104,10.12,0.0391,-500.85,0.16
4105,4.84,30.1452,-1265.69,0.21
4106,7.28,9559.5308,-1180.72,0.16
4107,10.24,119082.0498,-269.7,0.18
4108,10.96,3377.2213,-1766.8,0.16
4109,5.76,722235.1734,-2285.41,0.23
4110,7.28,100117.9994,-1834.46,0.16
4111,5.68,0.0568,-1001.34,0.16
4112,6.4,355286.8959,-1560.6,0.19
4113,9.68,1694.3126,-2265.1,0.16
4114,10.28,1503.5439,-1750.56,0.19
4115,10.24,119081.9332,-766.76,0.22
4116,4.68,2.5112,-812.77,0.16
4117,8.92,24.4755,-759.43,0.16
4118,8.48,1250.0098,-2030.1,0.19
4119,8.8,907525.0959,-3062.11,0.18
4120,5.24,339308.9392,-2004.9,0.17
4121,8.72,119101.9909,-1018.6,0.16
4122,11.4,74.4802,-505.94,0.15
4123,4.84,0.0723,-1501.35,0.16
4124,7.56,19.8499,-1502.37,0.21
4125,7.4,120069.8468,-1284.22,0.18
4126,14.12,354974.8013,-2018.35,0.16
4127,13.32,82.0498,-945.16,0.18
4128,9.12,239121.9011,-2002.97,0.18
4129,7.28,0.1005,-2252.04,0.15
4130,7.84,479717.7164,-790.12,0.22
4131,5.64,432374.9174,-2055.86,0.19
4132,7.6,19.7545,-1751.33,0.18
4133,8.2,70558.9936,-1284.1,0.18
4134,8.28,120062.9891,-1330.44,0.17
4135,9.52,969.0769,-2000.78,0.2
4136,8.48,120023.8556,-1972.54,0.19
4137,10.04,360101.8602,-952.06,0.17
4138,5.84,119903.9903,-1049.56,0.17
4139,6.6,34278.4941,-1987.84,0.18
4140,8.64,67850.4385,-544.59,0.19
4141,8.72,33896.1662,-1130.85,0.17
4142,6.92,406239.9693,-1794.34,0.2
4143,9.08,80.4528,-503.49,0.2
4144,9.08,69527.6085,-2001.52,0.2
4145,10.12,43.9035,-642.19,0.19
4146,3.2,125.2318,-2473.95,0.16
4147,6.88,2.8144,-2029.72,0.15
4148,7.08,368174.1508,-2034.0,0.17
4149,8.0,5.9313,-648.21,0.16
4150,8.44,359951.1497,-2250.84,0.18
4151,6.76,359911.7704,-1817.16,0.17
4152,7.84,359876.8206,-2521.09,0.19
4153,6.12,68896.9046,-1500.61,0.17
4154,7.04,45.6849,-1795.67,0.2
4155,5.0,67892.8608,-2224.1,0.19
4156,4.4,67869.2932,-1273.45,0.16
4157,11.16,170605.7075,-663.71,0.17
4158,5.0,67858.5042,-1996.13,0.26
4159,6.56,145.6586,-1506.66,0.17
4160,5.32,3856.3393,-2720.24,0.21
4161,10.56,302758.478,-2751.07,0.18
4162,6.96,38.1047,-1823.62,0.18
4163,7.48,14.0763,-851.9,0.73
4164,5.88,0.0268,-1751.41,0.18
4165,7.0,119937.79,-1545.42,0.17
4166,7.68,355279.1552,-2002.19,0.2
4167,6.72,32236.7335,-1000.32,0.19
4168,4.12,169576.9127,-2510.6,0.19
4169,8.44,629182.5605,-2295.13,0.18
4170,7.92,4873.2484,-1573.97,0.18
4171,8.64,102647.8408,-2064.85,0.2
4172,7.36,122817.558,-865.87,0.21
4173,8.88,6.0874,-1652.09,0.15
4174,10.36,360168.6634,-551.84,0.19
4175,7.44,359713.4565,-2274.2,0.18
4176,10.32,511485.8124,-1530.99,0.17
4177,4.68,65950.0981,-1564.34,0.17
4178,8.4,67846.4716,-1848.27,0.19
4179,12.24,362756.7196,-1251.63,0.18
4180,10.8,0.3615,-9.04,0.17
4181,7.04,2704.1136,-1013.68,0.2
4182,9.0,0.0796,-751.92,0.18
4183,7.64,459909.7736,-1253.08,0.2
4184,12.16,335824.4609,-1040.88,0.17
4185,6.92,0.5693,-514.08,0.15
4186,3.52,67850.4203,-794.1,0.17
4187,6.96,153918.9726,-2240.05,0.17
4188,10.4,3061.099,-2860.19,0.17
4189,8.04,100231.5437,-1019.47,0.19
4190,11.44,0.6073,-265.17,0.21
4191,7.32,51.5003,-2332.08,0.19
4192,6.12,907451.383,-1799.02,0.2
4193,9.2,0.2318,-1505.63,0.17
4194,8.12,368970.3002,-1022.07,0.17
4195,8.24,221655.9098,-2077.95,0.18
4196,4.76,0.5719,-764.26,0.17
4197,4.92,427552.084,-1273.4,0.19
4198,11.6,360166.6068,-250.43,0.17
4199,6.16,133832.6549,-1553.85,0.21
4200,9.0,48.1389,-401.02,0.17
4201,9.96,134865.7138,-3023.97,0.17
4202,12.32,0.1051,-1002.56,0.15
4203,9.64,243084.8585,-1774.75,0.16
4204,7.44,76.6293,-831.77,0.19
4205,11.44,1077896.2797,-2472.01,0.2
4206,9.12,120016.1019,-811.65,0.2
4207,9.12,427141.2383,-2028.58,0.21
4208,7.04,38708.088,-1369.82,0.22
4209,11.68,750.2466,-1500.51,0.19
4210,9.16,1.8032,-774.99,0.19
4211,11.4,66405.8998,-2250.48,0.18
4212,9.96,169397.0289,-1528.99,0.17
4213,6.52,547501.666,-1287.39,0.23
4214,7.72,273907.5432,-1277.51,0.22
4215,8.08,172234.6111,-1108.09,0.18
4216,10.28,4.5469,-863.62,0.17
4217,11.72,66847.9701,-752.78,0.18
4218,8.84,389243.465,-1076.67,0.2
4219,7.44,187911.5594,-2308.51,0.26
4220,8.36,957041.0372,-1877.76,0.23
4221,5.32,364471.5196,-1067.24,0.17
4222,11.48,1.4117,-535.25,0.16
4223,5.84,67866.6308,-1699.34,0.18
4224,8.76,120083.5563,-953.11,0.16
4225,11.36,119906.5167,-1641.99,0.17
4226,5.44,67896.8198,-1777.66,0.18
4227,3.48,9.6698,-2491.33,0.18
4228,10.64,714449.3332,-763.62,0.2
4229,9.76,481315.3854,-1250.46,0.18
4230,9.96,33939.195,-1882.3,0.25
4231,8.28,1.3259,-34.15,0.18
4232,10.36,1.1624,-1778.78,0.16
4233,10.4,427.0952,-653.68,0.16
4234,7.64,187801.0814,-2227.53,0.18
4235,8.0,2.9172,-1073.92,0.21
4236,4.92,2.8333,-2065.71,0.17
4237,6.92,959418.505,-2022.35,0.16
4238,12.8,240731.9,-1834.97,0.16
4239,7.12,4.7567,-1030.94,0.16
4240,6.48,31.0655,-1526.98,0.16
4241,10.16,1553.3873,-1751.42,0.17
4242,4.04,57.5944,-2221.28,0.16
4243,7.12,10.7345,-768.32,0.15
4244,12.24,5.3694,-1131.19,0.24
4245,4.88,359713.9197,-1772.47,0.17
4246,9.88,66158.085,-1002.38,0.2
4247,7.8,153798.9142,-1472.92,0.18
4248,3.84,29.087,-1463.62,0.18
4249,6.72,120022.462,-1970.57,0.18
4250,6.44,1.8478,-796.16,0.17
4251,4.08,21.0452,-1762.56,0.18
4252,8.0,34887.6597,-1515.03,0.19
4253,7.08,513622.4088,-2678.1,0.19
4254,6.96,599739.9437,-1504.92,0.23
4255,8.24,1049.2638,-1755.77,0.2
4256,6.96,72.8444,-2276.08,0.2
4257,8.36,2.503,-1062.43,0.17
4258,5.88,407114.7062,-1088.43,0.18
4259,10.52,356900.7932,-2061.74,0.16
4260,6.12,72682.5618,-1892.91,0.18
4261,9.64,478834.0142,-2257.25,0.15
4262,11.04,235363.8524,-1036.86,0.16
4263,10.4,463.3751,-1355.26,0.15
4264,7.8,1157.1692,-573.49,0.16
4265,8.28,456.3011,-2005.17,0.17
4266,13.24,19.9156,-1553.48,0.17
4267,6.8,71.0808,-575.74,0.19
4268,7.48,606867.5712,-2323.11,0.2
4269,10.68,2.8153,-320.37,0.22
4270,10.16,42.1537,-501.36,0.19
4271,8.8,0.1101,-1002.72,0.16
4272,9.04,339324.2951,-1767.81,0.19
4273,6.08,47.9061,-1473.87,0.17
4274,10.6,32239.1938,-811.81,0.22
4275,12.88,5.7058,-392.63,0.16
4276,7.84,224948.4737,-1179.79,0.19
4277,12.28,714424.7415,-751.12,0.17
4278,9.16,425.3109,-2532.18,0.18
4279,10.6,170576.6138,-2328.22,0.19
4280,10.64,36583.2437,-764.96,0.19
4281,13.16,5.7981,-1145.59,0.15
4282,10.88,32240.1072,-585.68,0.15
4283,9.56,3037.6725,-2285.41,0.16
4284,6.28,339255.6414,-2013.72,0.2
4285,8.0,423150.4879,-809.94,0.17
4286,9.64,394470.8886,-2022.37,0.17
4287,3.88,8.8159,-1470.17,0.17
4288,6.52,344031.0598,-2045.93,0.18
4289,8.2,40.3614,-303.66,0.17
4290,6.96,3850.2916,-1818.6,0.18
4291,7.92,649387.8968,-2000.89,0.17
4292,7.52,119980.4199,-2296.36,0.24
4293,6.2,10.3188,-1257.81,0.19
4294,10.12,24.1456,-751.19,0.19
4295,7.12,100.7396,-1022.76,0.18
4296,6.92,239914.5316,-1251.72,0.18
4297,9.08,241033.5064,-1254.59,0.19
4298,7.92,427952.0739,-1259.87,0.19
4299,11.0,66960.4102,-1189.51,0.18
4300,7.88,753608.8415,-1398.2,0.18
4301,5.84,47.8102,-739.86,0.18
4302,5.6,172103.1086,-1094.41,0.73
4303,14.2,2566.5765,-765.1,0.16
4304,7.32,153894.2452,-1035.92,0.18
4305,11.84,1014.0884,-1198.96,0.19
4306,9.92,842.0219,-1253.05,0.18
4307,8.6,10.3812,-509.52,0.2
4308,11.48,0.8861,-770.1,0.17
4309,9.88,187772.4687,-1762.24,0.17
4310,7.72,169399.985,-1345.16,0.17
4311,6.88,787717.8418,-2502.71,0.19
4312,6.0,359731.008,-1980.52,0.16
4313,8.4,66159.6252,-1290.87,0.19
4314,13.76,74.6986,-1758.09,0.16
4315,8.4,723458.2284,-2055.26,0.16
4316,6.76,54.635,-2757.0,0.19
4317,9.92,751.954,-1293.3,0.18
4318,10.0,428.6911,-2584.89,0.19
4319,6.84,187750.4386,-1023.94,0.21
4320,10.92,3124.8102,-1259.77,0.17
4321,6.96,276748.0844,-2506.36,0.19
4322,8.8,34303.5063,-2038.33,0.17
4323,9.4,1159.8272,-389.95,0.18
4324,9.68,1049.4679,-1030.1,0.18
4325,9.44,41.8945,-549.62,0.19
4326,9.76,754.6217,-1504.37,0.16
4327,7.04,346810.7405,-1044.8,0.18
4328,6.32,166.2796,-2294.16,0.19
4329,10.52,1051.708,-1600.39,0.18
4330,8.08,153912.9155,-1783.08,0.19
4331,6.56,8.9774,-974.41,0.2
4332,10.92,359708.5067,-502.7,0.17
4333,14.36,1056094.726,-2750.69,0.17
4334,9.68,185963.2958,-780.07,0.2
4335,7.52,120098.0837,-2506.19,0.21
4336,8.08,32253.4121,-1167.26,0.16
4337,9.28,222699.8435,-2358.74,0.19
4338,7.56,271225.4773,-2939.4,0.17
4339,8.92,99868.6865,-1267.88,0.22
4340,12.92,360113.4523,-1889.38,0.19
4341,9.96,1467.2639,-2254.6,0.19
4342,7.04,1502166.7892,-1794.17,0.19
4343,8.92,43.8354,-1293.4,0.23
4344,11.24,39.9486,-1750.94,0.2
4345,7.12,120049.0814,-757.53,0.21
4346,7.28,7.4169,-1171.81,0.17
4347,8.32,361743.822,-1578.07,0.17
4348,4.52,699769.535,-1506.68,0.17
4349,10.8,1949.8452,-2020.89,0.18
4350,6.6,624.0315,-283.52,0.19
4351,12.12,122579.6295,-1750.47,0.18
4352,10.4,119082.432,-279.26,0.22
4353,6.0,33881.0046,-545.12,0.2
4354,10.36,188616.2347,-2058.97,0.17
4355,9.96,3061.6308,-755.36,0.19
4356,8.48,359698.4124,-2294.23,0.17
4357,9.52,154051.3245,-3390.66,0.18
4358,9.6,1434.7161,-941.0,0.2
4359,7.96,153818.2784,-2815.96,0.22
4360,9.04,902.4454,-768.68,0.17
4361,11.36,503498.8284,-1500.46,0.16
4362,5.52,33.2631,-1331.58,0.15
4363,8.4,69136.6848,-1437.68,0.16
4364,6.84,359798.6924,-1793.49,0.19
4365,8.04,407434.7457,-2304.61,0.17
4366,10.08,200.1146,-688.12,0.16
4367,8.48,360752.8382,-803.41,0.28
4368,10.4,64475.9102,-811.74,0.17
4369,11.68,335753.3564,-567.38,0.17
4370,6.44,414668.4752,-1521.72,0.19
4371,7.0,87.7341,-1088.4,0.18
4372,10.92,175770.5984,-2109.24,0.17
4373,6.0,359721.8666,-503.61,0.17
4374,6.32,359721.2586,-1469.53,0.17
4375,9.52,32243.9324,-430.31,0.21
4376,4.64,41.2486,-1519.2,0.16
4377,8.0,511.2392,-1499.43,0.18
4378,6.12,479736.4312,-1008.39,0.19
4379,7.32,698945.7941,-751.24,0.18
4380,8.12,33899.0227,-758.38,0.18
4381,11.08,97.9952,-292.51,0.19
4382,9.6,6.5129,-412.81,0.17
4383,8.56,393791.4828,-1062.84,0.19
4384,8.8,5772.5495,-500.72,0.17
4385,9.64,907.2251,-651.7,0.19
4386,5.28,89.7295,-1736.08,0.19
4387,6.0,48.3229,-752.68,0.17
4388,11.2,68690.076,-1042.14,0.16
4389,14.56,1528.6043,-2250.7,0.16
4390,10.28,370064.9415,-1500.93,0.19
4391,11.12,359702.5551,-501.95,0.17
4392,8.52,5.895,-647.35,0.18
4393,11.16,171293.2018,-1253.94,0.17
4394,7.92,67805.366,-2720.11,0.2
4395,9.04,425.9996,-876.27,0.2
4396,9.12,269473.9416,-2251.88,0.2
4397,9.56,65947.8541,-1279.63,0.18
4398,9.04,120365.6764,-2262.16,0.18
4399,9.68,1.7992,-1044.9,0.18
4400,7.12,33892.3418,-1829.19,0.17
4401,9.52,1031621.6472,-1277.34,0.17
4402,7.08,67077.6086,-2076.79,0.17
4403,8.92,66978.4544,-1226.76,0.19
4404,7.96,360301.0121,-3062.99,0.17
4405,7.32,34886.5666,-1031.65,0.19
4406,8.64,2.2124,-1015.71,0.17
4407,9.28,480781.7034,-1503.33,0.18
4408,5.64,67778.6347,-1213.38,0.18
4409,8.76,273907.5415,-1777.46,0.17
4410,7.64,62.7273,-2015.63,0.18
4411,7.32,698962.9638,-1680.48,0.16
4412,9.6,0.54,-263.42,0.19
4413,9.36,2477.3276,-2050.64,0.18
4414,4.8,17.6404,-1690.53,0.17
4415,4.04,0.0379,-500.87,0.22
4416,9.28,1.1138,-28.85,0.2
4417,7.8,839467.9423,-1680.7,0.17
4418,7.56,22.1876,-312.22,0.19
4419,10.12,48.1969,-750.31,0.18
4420,13.36,901.5392,-1003.59,0.19
4421,8.56,2.3508,-308.75,0.17
4422,8.24,1152.3239,-1509.64,0.21
4423,11.84,0.3104,-1757.64,0.2
4424,7.48,362546.1118,-1153.32,0.21
4425,8.88,186004.6972,-2522.61,0.19
4426,3.88,1.7772,-3294.02,0.18
4427,13.96,356898.4771,-1503.87,0.16
4428,7.24,152252.9455,-1064.74,0.18
4429,10.64,360205.7817,-1754.34,0.19
4430,9.48,0.1603,-753.96,0.15
4431,8.68,42.2686,-504.26,0.17
4432,8.4,53.9762,-752.91,0.2
4433,7.96,766967.567,-1524.69,0.17
4434,7.28,365562.7106,-1587.93,0.19
4435,9.6,271076.116,-1513.9,0.17
4436,8.96,629208.719,-2299.83,0.18
4437,9.84,1048.4542,-505.71,0.18
4438,9.12,64517.7045,-901.24,0.17
4439,8.4,6.12,-652.92,0.16
4440,7.0,1106.7398,-1160.4,0.2
4441,9.0,171610.4159,-2750.69,0.74
4442,7.04,120068.3884,-2090.97,0.19
4443,9.88,121076.24,-2000.28,0.16
4444,8.2,663058.472,-2311.26,0.17
4445,7.44,67785.0191,-1916.55,0.17
4446,7.88,393754.6771,-3020.24,0.2
4447,9.88,6.0336,-150.84,0.18
4448,8.08,1015.3829,-2892.02,0.2
4449,11.76,169472.756,-1566.38,0.18
4450,4.92,356849.8359,-2252.14,0.19
4451,8.0,493680.7486,-1149.79,0.19
4452,7.96,1.4142,-271.83,0.23
4453,5.92,239919.6222,-879.04,0.18
4454,8.4,188202.8625,-1970.61,0.23
4455,6.24,855115.2837,-2075.49,0.16
4456,9.16,1134.5156,-1552.32,0.19
4457,13.72,2571.9114,-2148.36,0.21
4458,13.56,2566.3273,-1258.84,0.19
4459,7.6,127.7283,-1785.76,0.23
4460,7.72,43.7486,-791.07,0.18
4461,5.88,367272.1716,-2309.76,0.17
4462,7.92,33950.8541,-2054.81,0.18
4463,6.44,360709.6974,-1027.31,0.27
4464,5.88,427645.8926,-1514.15,0.16
4465,7.8,374130.3261,-1543.92,0.19
4466,7.32,72817.9462,-1779.33,0.19
4467,8.28,360171.1598,-1365.21,0.23
4468,5.88,40.2748,-301.49,0.18
4469,11.36,1.9329,-1501.33,0.16
4470,9.64,1153.2884,-1533.75,0.22
4471,11.68,204226.1382,-1271.98,0.22
4472,8.6,271380.5915,-1314.36,0.25
4473,9.68,474897.8816,-564.23,0.22
4474,9.0,254140.7691,-1528.54,0.24
4475,6.76,787318.7245,-1595.34,0.22
4476,12.52,337107.9504,-1000.57,0.19
4477,7.2,1009.1321,-576.11,0.18
4478,8.48,2703.8684,-510.73,0.16
4479,11.32,19.7375,-1199.36,0.19
4480,6.96,920585.4548,-2026.5,0.17
4481,10.6,335774.6342,-649.17,0.18
4482,10.52,480748.6744,-1259.63,0.17
4483,11.12,43.3097,-1279.89,0.16
4484,9.24,479819.0544,-1278.48,0.18
4485,11.0,460.6956,-2787.86,0.17
4486,4.16,0.0941,-1002.23,0.16
4487,5.96,339261.135,-1446.66,0.17
4488,13.2,1051771.7345,-1758.16,0.17
4489,9.88,2433.7012,-1262.43,0.18
4490,10.56,169444.9918,-1001.51,0.18
4491,14.76,87.5587,-1582.57,0.18
4492,10.48,2015.7014,-1294.74,0.17
4493,9.32,64478.9176,-886.91,0.17
4494,7.04,1.4915,-537.21,0.18
4495,8.0,0.0148,-500.37,0.16
4496,11.84,0.0437,-1.09,0.18
4497,9.04,0.076,-751.84,0.15
4498,9.8,0.3565,-8.91,0.18
4499,11.88,2012.309,-1001.31,0.2
4500,11.8,2228.8256,-1639.06,0.23
4501,8.04,101653.4106,-2275.93,0.2
4502,6.96,14.2091,-1768.72,0.24
4503,8.68,0.0456,-1500.9,0.2
4504,9.76,421.0799,-1502.5,0.23
4505,14.08,2643.9417,-1343.16,0.15
4506,7.92,375555.8991,-3254.62,0.22
4507,7.08,120037.0301,-840.74,0.17
4508,9.0,1007.9743,-1501.48,0.19
4509,14.2,620.1869,-1756.99,0.19
4510,8.2,64473.8064,-1500.63,0.18
4511,10.08,175260.5173,-2346.32,0.19
4512,8.76,120041.7084,-529.77,0.22
4513,9.24,119085.6963,-1005.32,0.16
4514,8.04,359802.8606,-2000.34,0.16
4515,4.76,47.5618,-733.67,0.18
4516,9.2,0.3029,-257.55,0.17
4517,6.2,31.6672,-1540.93,0.17
4518,8.88,34940.9738,-520.51,0.18
4519,5.36,240078.475,-2252.99,0.18
4520,12.44,3.1636,-1075.94,0.16
4521,8.52,33888.4768,-2111.83,0.16
4522,6.44,1262547.3458,-2009.16,0.17
4523,7.2,479889.099,-1019.37,0.17
4524,7.24,359828.9913,-1005.53,0.15
4525,8.32,102695.5555,-2244.64,0.17
4526,7.36,0.0574,-1251.37,0.19
4527,6.84,461515.0182,-1527.28,0.18
4528,4.72,120042.0763,-1241.42,0.21
4529,6.84,50.0115,-947.79,0.18
4530,9.2,120441.2274,-2596.74,0.16
4531,7.52,427853.502,-2553.84,0.2
4532,10.96,392403.4615,-503.8,0.19
4533,6.64,459267.3343,-1760.73,0.19
4534,7.08,52.492,-759.83,0.19
4535,9.56,4857.0033,-557.22,0.23
4536,3.64,24.1381,-1501.7,0.16
4537,7.6,359936.8309,-764.05,0.18
4538,7.48,221686.603,-1757.04,0.18
4539,5.28,479614.4513,-1779.05,0.17
4540,10.08,66121.4636,-1139.28,0.2
4541,7.36,359711.3237,-1471.13,0.17
4542,6.84,55.7182,-1089.86,0.15
4543,8.84,359891.8635,-516.32,0.18
4544,8.28,0.1808,-1754.35,0.2
4545,7.36,339666.0534,-1045.91,0.17
4546,10.36,367966.7286,-585.98,0.17
4547,5.6,1.8721,-1796.69,0.22
4548,8.0,33898.4541,-1482.02,0.2
4549,8.08,4892.9273,-750.9,0.19
4550,9.2,271119.3492,-1003.91,0.18
4551,5.64,2.4986,-1285.26,0.18
4552,6.44,0.0534,-1501.19,0.22
4553,9.2,71696.2505,-1502.07,0.17
4554,8.2,3632.5039,-2324.28,0.19
4555,6.32,5.8838,-1343.98,0.16
4556,9.96,335726.5997,-2250.61,0.17
4557,6.8,716995.3458,-1271.9,0.18
4558,8.56,578137.7223,-2253.66,0.2
4559,9.04,66032.1284,-1030.76,0.2
4560,4.96,527003.2171,-1761.73,0.19
4561,6.64,44.2959,-791.41,0.16
4562,5.96,1069.5468,-1045.12,0.15
4563,8.2,153902.951,-1741.63,0.18
4564,5.04,53.9718,-2749.94,0.16
4565,7.96,699180.0756,-1008.88,0.18
4566,6.04,2.6332,-1565.68,0.2
4567,8.52,64474.0756,-1516.27,0.19
4568,6.96,339309.3386,-1106.83,0.22
4569,8.28,33891.3279,-1551.05,0.21
4570,7.4,28.5096,-1720.19,0.2
4571,6.24,65.3636,-767.64,0.17
4572,7.12,1155.3738,-1786.78,0.16
4573,10.76,4.2844,-857.08,0.17
4574,6.24,9.3962,-1220.39,0.16
4575,7.24,920.5146,-1483.78,0.18
4576,5.96,530209.847,-2529.64,0.2
4577,4.2,0.0925,-1501.26,0.19
4578,5.64,0.1156,-752.83,0.26
4579,7.6,74733.8546,-2249.57,0.19
4580,7.76,118990.5229,-971.88,0.18
4581,6.76,34.2934,-2691.89,0.2
4582,10.56,4.6813,-1866.9,0.21
4583,8.4,120018.1999,-2329.72,0.19
4584,8.8,0.0328,-750.8,0.17
4585,9.28,84.22,-2250.39,0.19
4586,5.16,67848.8128,-753.79,0.17
4587,6.0,94.1924,-999.91,0.19
4588,9.4,65946.7471,-1001.75,0.18
4589,7.64,422.9191,-755.34,0.19
4590,6.32,6.215,-1155.17,0.21
4591,11.24,119082.9209,-541.06,0.17
4592,8.88,5744.0031,-1250.56,0.2
4593,7.08,0.6288,-752.18,0.19
4594,9.16,67374.7788,-1525.01,0.2
4595,9.48,32248.1347,-786.37,0.21
4596,6.72,68068.0271,-1759.94,0.18
4597,10.0,360972.751,-1862.62,0.19
4598,5.96,359706.3857,-1543.62,0.23
4599,4.8,2.7353,-818.24,0.22
4600,7.84,355306.1584,-2159.4,0.21
4601,11.92,119087.0151,-893.82,0.17
4602,8.72,2.1804,-1304.46,0.18
4603,6.4,665574.7033,-1277.05,0.2
4604,6.0,191.9524,-1802.38,0.16
4605,10.28,0.4763,-261.89,0.17
4606,8.16,136120.4691,-1804.91,0.17
4607,9.92,48.1886,-1153.22,0.2
4608,8.16,240096.5946,-2189.74,0.18
4609,4.92,72626.521,-2286.48,0.17
4610,4.72,359713.0638,-764.7,0.16
4611,4.52,120029.7534,-2403.25,0.19
4612,7.52,44.0335,-798.34,0.17
4613,5.92,1096.9795,-2483.52,0.17
4614,9.36,715670.6948,-2259.18,0.22
4615,5.0,13.3618,-1561.75,0.2
4616,8.4,0.565,-264.12,0.17
4617,8.12,0.0322,-750.6,0.15
4618,12.8,8.0668,-201.67,0.22
4619,11.68,1322.1685,-1001.22,0.19
4620,6.92,1070265.1441,-829.83,0.19
4621,9.84,16.4448,-1160.36,0.2
4622,10.8,117.6929,-1032.72,0.16
4623,6.88,5194.567,-886.73,0.18
4624,10.48,100.586,-1508.21,0.22
4625,6.56,1.8348,-545.84,0.18
4626,6.92,240046.1669,-1252.79,0.18
4627,6.0,37.3106,-790.66,0.2
4628,6.12,475454.9875,-2763.52,0.22
4629,6.64,168271.8518,-296.78,0.19
4630,8.12,359706.8652,-1209.2,0.24
4631,7.04,120023.7698,-2470.38,0.19
4632,6.96,120017.9853,-1108.73,0.17
4633,6.32,120017.0369,-1334.93,0.2
4634,7.04,45.278,-565.97,0.18
4635,11.28,1653.6321,-2300.23,0.19
4636,8.84,120397.0302,-1500.95,0.18
4637,8.28,362546.3796,-1312.92,0.19
4638,9.8,3218.1865,-1793.14,0.2
4639,9.76,240070.6275,-1129.55,0.18
4640,5.88,339245.0735,-1045.07,0.22
4641,9.6,720799.6801,-2303.43,0.19
4642,8.48,719934.7284,-2501.29,0.16
4643,10.76,0.6872,-767.13,0.18
4644,6.2,67926.7385,-791.36,0.17
4645,6.4,785660.0815,-1510.29,0.22
4646,7.92,405233.6395,-1039.29,0.19
4647,9.84,359931.7583,-1326.1,0.21
4648,10.08,38.2417,-250.66,0.17
4649,10.72,1025.8032,-1327.62,0.21
4650,6.52,240037.4526,-1754.07,0.17
4651,12.92,74.3956,-1250.78,0.2
4652,14.64,355239.6789,-2144.93,0.2
4653,9.32,2088.6994,-1250.34,0.41
4654,8.6,720090.3315,-2896.47,0.25
4655,8.52,0.9688,-1774.11,0.27
4656,5.0,87.299,-1271.63,0.2
4657,11.08,170872.0671,-1501.52,0.17
4658,7.48,61.5809,-1322.43,0.22
4659,7.8,494265.7998,-1578.38,0.27
4660,5.96,67850.0338,-284.5,0.19
4661,8.64,1106.535,-1509.88,0.23
4662,8.48,200.9903,-1827.04,0.17
4663,6.6,359797.3645,-1517.28,0.26
4664,6.8,859870.5813,-1548.22,0.25
4665,11.8,1031619.957,-755.73,0.18
4666,10.04,2370.8088,-1011.95,0.2
4667,10.68,0.7585,-18.96,0.35
4668,6.96,579272.3193,-1044.53,0.39
4669,7.08,1126581.0818,-2001.28,0.21
4670,6.96,17.8314,-1476.12,0.22
4671,10.28,671453.2152,-502.92,0.21
4672,4.8,11.4483,-1492.25,0.23
4673,7.32,339330.7358,-831.79,0.19
4674,9.2,38.428,-255.32,0.24
4675,8.76,391752.2746,-2221.27,0.2
4676,8.96,154333.7705,-1336.53,0.21
4677,13.36,360096.7252,-1073.69,0.19
4678,9.64,0.0477,-1001.02,0.18
4679,8.44,0.0306,-1500.66,0.32
4680,6.56,0.2701,-1007.69,0.38
4681,8.32,101654.5219,-1881.22,0.19
4682,9.4,169499.2715,-1066.56,0.16
4683,13.48,2668.3958,-898.06,0.19
4684,5.12,67857.5794,-1470.65,0.17
4685,12.44,2573.9647,-1194.53,0.18
4686,12.8,1285.6704,-1265.13,0.21
4687,8.84,361340.2328,-1508.16,0.24
4688,7.64,108.1226,-1110.25,0.27
4689,7.48,387722.1947,-2291.25,0.17
4690,9.76,65229.2704,-1390.23,0.27
4691,6.56,355283.1806,-1585.99,0.2
4692,8.6,361161.7284,-2319.29,0.2
4693,11.28,32993.3617,-910.57,0.28
4694,12.32,355159.8799,-2506.27,0.16
4695,7.56,0.0212,-1252.34,0.16
4696,9.04,4.352,-2044.06,0.17
4697,8.92,1707.2381,-2501.07,0.17
4698,5.76,33900.5199,-541.26,0.18
4699,8.2,7.1885,-680.56,0.18
4700,9.84,2.5584,-313.95,0.24
4701,7.88,1539.54,-1502.01,0.2
4702,7.36,87.1137,-1545.88,0.22
4703,8.92,433404.8314,-2021.69,0.2
4704,7.52,101708.1597,-1721.17,0.76
4705,10.04,271153.7307,-1856.53,0.18
4706,6.56,67867.4568,-1500.43,0.25
4707,8.6,2.4967,-1811.97,0.17
4708,4.76,10.7088,-1015.41,0.22
4709,7.48,0.104,-1253.39,0.26
4710,7.08,120015.5372,-2283.8,0.31
4711,9.72,359740.8187,-649.13,0.29
4712,6.72,359822.9275,-1751.91,0.28
4713,9.12,66849.3451,-537.18,0.22
4714,6.92,35.6242,-1640.58,0.24
4715,9.0,18.838,-720.93,0.18
4716,8.56,360178.3185,-793.2,0.17
4717,7.16,32.1959,-1066.98,0.18
4718,6.36,111.4565,-2751.95,0.16
4719,5.36,0.1788,-754.44,0.19
4720,7.6,32236.7409,-2001.45,0.18
4721,7.04,698966.6671,-1291.9,0.22
4722,9.2,136713.2982,-1604.19,0.16
4723,5.04,364470.8315,-1299.03,0.21
4724,10.08,2685.509,-292.45,0.2
4725,7.92,367542.6814,-2568.89,0.27
4726,8.36,359764.5122,-1261.54,0.22
4727,8.68,373586.85,-1784.08,0.18
4728,3.4,8.8017,-1720.87,0.22
4729,10.8,1.1567,-28.92,0.33
4730,13.2,998.1876,-1516.09,0.17
4731,8.88,62.5511,-1030.07,0.15
4732,10.96,119081.7037,-1510.83,0.16
4733,7.12,241258.7858,-2001.1,0.29
4734,9.92,8.9866,-974.62,0.28
4735,6.0,11.8561,-1296.36,0.24
4736,9.76,66411.5267,-1045.49,0.3
4737,10.8,1010.3623,-355.86,0.31
4738,7.4,42.1362,-1250.93,0.25
4739,9.0,391975.5285,-751.8,0.24
4740,8.0,0.0394,-1501.52,0.22
4741,7.4,11.6294,-2028.12,0.16
4742,9.64,1.9931,-49.83,0.21
4743,6.88,1430.8769,-1594.85,0.18
4744,9.04,394217.1948,-1757.9,0.19
4745,5.72,120015.6218,-549.65,0.21
4746,8.68,212.003,-1287.82,0.21
4747,6.88,428311.3792,-1771.77,0.22
4748,9.48,289488.8693,-2274.94,0.18
4749,8.96,391943.9949,-869.98,0.17
4750,8.04,3240.4548,-2960.75,0.17
4751,8.0,48.2855,-404.68,0.26
4752,6.96,0.6425,-266.05,0.17
4753,11.96,119082.0401,-769.19,0.21
4754,5.28,120023.3516,-1992.26,0.16
4755,6.32,120054.822,-651.11,0.19
4756,7.92,1856.8434,-1720.47,0.15
4757,7.6,153912.2651,-1235.01,0.22
4758,11.56,1322.7555,-1263.23,0.16
4759,11.0,28.338,-856.12,0.21
4760,9.72,119082.0702,-2270.09,0.17
4761,11.4,171249.2961,-1546.75,0.18
4762,8.8,4871.9136,-1216.31,0.24
4763,4.36,18.8467,-1221.5,0.16
4764,8.4,408141.3649,-1530.21,0.2
4765,5.2,479647.4906,-1772.51,0.16
4766,9.36,358178.9396,-2330.45,0.18
4767,9.8,901.4382,-757.01,0.25
4768,6.6,188706.0237,-1045.98,0.25
4769,6.36,4806.4665,-796.45,0.22
4770,4.04,407094.5902,-1316.65,0.2
4771,6.88,65982.1135,-1256.68,0.22
4772,11.88,0.3176,-1501.19,0.19
4773,7.72,49.3838,-1008.75,0.2
4774,5.36,10.4705,-1261.7,0.17
4775,6.32,203549.3993,-1585.91,0.27
4776,7.32,4.3435,-564.65,0.18
4777,5.96,427551.272,-503.55,0.15
4778,8.72,463.1366,-751.32,0.2
4779,4.56,339252.2014,-973.21,0.21
4780,8.76,120040.6311,-252.86,0.22
4781,6.04,4789.2611,-1545.02,0.16
4782,6.92,4807.0322,-560.61,0.24
4783,7.88,19.8987,-759.55,0.17
4784,6.92,17.3384,-683.43,0.2
4785,8.68,5.975,-2354.66,0.24
4786,6.84,794349.7581,-1521.97,0.19
4787,7.28,237242.5868,-1501.28,0.17
4788,9.8,271358.537,-1000.96,0.15
4789,5.48,359874.6852,-501.74,0.21
4790,7.96,420.9985,-1251.01,0.18
4791,8.52,1093.67,-833.65,0.19
4792,10.4,695893.4431,-507.11,0.17
4793,9.64,752130.4243,-1508.76,0.18
4794,5.04,407135.0479,-2287.72,0.25
4795,5.0,719539.6741,-2001.92,0.16
4796,10.24,2874.1447,-2835.89,0.19
4797,10.76,1575.8363,-1516.44,0.2
4798,6.88,474949.744,-2152.33,0.22
4799,10.52,354259.0148,-522.68,0.18
4800,7.84,44.1466,-1006.54,0.23
4801,5.76,678487.455,-1272.94,0.19
4802,10.28,0.0461,-1500.85,0.2
4803,9.56,122868.0391,-1755.58,0.18
4804,6.28,2855.9983,-929.4,0.16
4805,7.0,1009045.5872,-2460.57,0.15
4806,9.64,7.8153,-1196.16,0.25
4807,6.72,67902.9545,-1652.11,0.15
4808,6.36,28.1062,-1203.65,0.16
4809,6.52,12.9703,-997.78,0.17
4810,9.36,33890.6501,-1004.04,0.16
4811,10.32,66409.8468,-1002.49,0.23
4812,9.72,1017.1557,-525.7,0.25
4813,9.68,439.8878,-2223.1,0.18
4814,5.52,698956.6019,-1271.43,0.24
4815,11.44,0.0747,-251.85,0.17
4816,11.8,365021.3794,-502.86,0.19
4817,6.28,40.5919,-1386.16,0.16
4818,8.72,342322.8156,-1752.36,0.28
4819,9.44,61.693,-501.99,0.19
4820,8.2,1050.3094,-1052.06,0.17
4821,6.72,12.7017,-790.48,0.2
4822,8.32,7599.9266,-1344.15,0.21
4823,9.04,145.5454,-751.7,0.21
4824,9.72,6000.9797,-1251.11,0.2
4825,9.92,339890.7547,-1293.51,0.2
4826,9.28,547652.1883,-2585.87,0.2
4827,9.36,0.3358,-1758.14,0.2
4828,5.92,35.2756,-1752.75,0.19
4829,8.64,0.2395,-255.99,0.76
4830,10.72,1117.4055,-2750.9,0.17
4831,7.84,2838.0681,-764.14,0.17
4832,10.0,5.7481,-393.69,0.18
4833,7.84,34319.9626,-1476.02,0.18
4834,8.52,120454.5516,-2800.89,0.16
4835,5.84,359813.942,-1765.68,0.16
4836,12.52,714434.9404,-2005.98,0.17
4837,6.48,11.632,-1277.57,0.16
4838,11.72,6.5069,-662.64,0.19
4839,8.52,392086.6077,-639.7,0.16
4840,5.64,459276.4176,-1237.85,0.17
4841,6.16,887032.4038,-1752.31,0.16
4842,8.4,679751.0166,-2040.88,0.17
4843,6.92,244826.37,-1329.79,0.27
4844,5.48,135825.3313,-2543.49,0.2
4845,9.88,66155.5576,-786.29,0.21
4846,7.12,33898.5472,-984.4,0.17
4847,8.36,5832.075,-1500.4,0.19
4848,9.36,423.2593,-557.77,0.17
4849,10.92,96.3245,-250.74,0.14
4850,8.84,5216.9086,-1251.31,0.18
4851,7.84,100.0068,-1004.43,0.17
4852,5.92,777.4145,-1444.67,0.18
4853,9.64,32405.4679,-1508.87,0.16
4854,10.0,2568.5918,-565.47,0.17
4855,9.2,240585.9071,-2034.87,0.17
4856,6.8,35.2057,-1251.54,0.21
4857,6.28,5.2803,-631.97,0.21
4858,4.04,17.5826,-1469.9,0.17
4859,5.2,36.9233,-1794.4,0.21
4860,6.24,28.5572,-1219.21,0.19
4861,6.68,127.0523,-1268.93,0.25
4862,10.36,236520.0835,-2758.15,0.16
4863,7.2,32246.79,-1001.6,0.16
4864,8.16,125754.215,-1763.88,0.16
4865,4.48,18.6062,-715.14,0.18
4866,9.0,2699.8648,-1500.79,0.18
4867,7.92,0.2126,-255.24,0.29
4868,6.28,18.9241,-1533.82,0.22
4869,11.0,355142.1215,-1250.51,0.19
4870,4.92,339245.4423,-804.31,0.16
4871,12.16,5.6745,-141.86,0.15
4872,11.72,392403.3356,-1000.5,0.17
4873,7.92,120014.681,-776.12,0.21
4874,9.52,82.3274,-1007.97,0.27
4875,9.56,907.0033,-396.16,0.22
4876,9.24,0.33,-8.25,0.21
4877,7.6,67933.4162,-764.15,0.21
4878,5.16,10.6647,-1016.59,0.2
4879,8.96,0.869,-21.73,0.21
4880,8.84,359756.0931,-1037.97,0.17
4881,7.84,120023.3148,-1415.15,0.17
4882,10.08,0.4551,-762.34,0.18
4883,8.0,1139.7156,-1779.38,0.18
4884,8.8,169615.9636,-2251.07,0.18
4885,5.24,19.9891,-2249.63,0.19
4886,5.96,787467.8238,-1422.39,0.22
4887,5.8,698966.5893,-1521.51,0.16
4888,5.32,8.9126,-1222.63,0.19
4889,10.84,4.0405,-1600.91,0.22
4890,11.36,32236.9173,-501.92,0.19
4891,7.48,146.4882,-528.46,0.18
4892,5.96,17.8755,-696.88,0.27
4893,4.72,339282.0058,-1818.38,0.18
4894,3.68,8.8954,-1222.05,0.18
4895,9.68,334588.5344,-508.86,0.18
4896,4.04,8.9158,-2472.31,0.22
4897,8.88,83.9864,-1341.29,0.19
4898,4.96,9.0028,-725.04,0.19
4899,5.56,119915.2342,-2293.26,0.27
4900,10.96,842.007,-752.77,0.21
4901,11.56,0.2359,-255.89,0.23
4902,6.32,339250.4646,-429.92,0.21
4903,8.32,423204.8917,-1251.1,0.2
4904,6.72,203275.9505,-523.04,0.23
4905,7.4,18.8501,-472.25,0.19
4906,10.12,52.0177,-1008.69,0.22
4907,9.6,9720.9892,-790.95,0.2
4908,5.16,4815.6825,-1043.59,0.18
4909,7.52,88.813,-1272.48,0.25
4910,10.64,335726.7025,-253.33,0.22
4911,7.64,88.4858,-950.32,0.2
4912,8.44,153900.8401,-3252.47,0.18
4913,12.28,1.0294,-1011.84,0.2
4914,6.28,120059.3453,-1014.17,0.19
4915,6.84,407112.4264,-1260.1,0.19
4916,13.28,2714.4924,-1250.89,0.17
4917,6.44,3.3702,-557.2,0.15
4918,7.52,288309.6525,-1617.29,0.17
4919,7.76,52.4451,-561.74,0.24
4920,6.76,458.8829,-1198.38,0.2
4921,7.84,0.0287,-750.57,0.14
4922,7.76,33911.1912,-1280.44,0.17
4923,9.12,172622.0394,-2529.77,0.18
4924,6.44,364521.3098,-1258.57,0.16
4925,6.6,839481.9325,-1099.39,0.18
4926,5.48,416660.293,-1889.63,0.17
4927,6.12,1.935,-1048.06,0.16
4928,8.32,66369.1341,-784.87,0.17
4929,7.92,169440.8623,-572.66,0.17
4930,5.44,24.2527,-886.69,0.19
4931,5.12,19.9905,-500.14,0.16
4932,4.92,33.0526,-1299.64,0.18
4933,10.04,159.2161,-1311.75,0.16
4934,7.32,428557.287,-750.74,0.19
4935,10.4,66848.8694,-1025.26,0.19
4936,4.32,29.0821,-1007.45,0.2
4937,5.32,542789.2602,-1250.74,0.17
4938,8.16,4777.8188,-1285.6,0.2
4939,3.72,17.5984,-1689.84,0.22
4940,5.12,850853.452,-1543.64,0.19
4941,6.28,33888.7775,-740.15,0.18
4942,10.88,752594.9565,-1025.13,0.21
4943,4.32,27.4267,-1685.62,0.2
4944,9.16,32236.7278,-2252.14,0.19
4945,5.88,8.8954,-722.35,0.25
4946,7.08,3.7999,-1277.35,0.23
4947,11.16,32236.7495,-1251.71,0.21
4948,5.88,474568.1015,-2924.48,0.26
4949,5.0,0.2113,-1255.19,0.19
4950,4.2,8.9366,-1223.05,0.2
4951,11.04,357247.1958,-1001.03,0.19
4952,4.56,14.2674,-1107.03,0.16
4953,8.16,1176.3854,-1296.63,0.18
4954,7.52,143.8858,-1969.92,0.18
4955,5.48,359713.4007,-773.08,0.2
4956,5.08,427564.2859,-1359.17,0.18
4957,4.52,10.6475,-766.03,0.16
4958,8.76,339266.1355,-829.21,0.25
4959,7.68,39.4662,-281.28,0.24
4960,3.92,3.1895,-1329.68,0.2
4961,11.44,4865.9439,-1028.68,0.66
4962,10.96,121647.3148,-751.88,0.15
4963,7.56,359865.2526,-2028.35,0.16
4964,4.6,359703.353,-1021.8,0.16
4965,7.88,226.1974,-1751.86,0.22
4966,8.2,124843.8885,-1305.84,0.18
4967,11.32,119092.8288,-539.18,0.21
4968,9.88,9532.8096,-1500.54,0.2
4969,7.6,0.0616,-1251.46,0.16
4970,6.24,17.6416,-1439.45,0.19
4971,10.2,65990.5685,-794.22,0.21
4972,7.84,147.4186,-787.17,0.18
4973,4.92,339254.2297,-774.03,0.24
4974,7.04,120023.3428,-742.69,0.17
4975,6.56,128360.3728,-1750.73,0.21
4976,8.6,120100.456,-1065.6,0.21
4977,11.68,901.4484,-754.26,0.21
4978,7.68,766838.2782,-1794.27,0.19
4979,10.0,418731.5828,-750.9,0.16
4980,9.44,302636.0071,-1251.08,0.17
4981,6.6,15.8595,-1069.64,0.37
4982,7.16,479734.4879,-1796.06,0.21
4983,6.88,359739.5159,-944.84,0.23
4984,11.12,65946.8808,-1251.44,0.23
4985,10.64,66953.1622,-1008.3,0.23
4986,7.44,3.1626,-329.06,0.25
4987,15.16,0.7776,-2250.63,0.21
4988,6.08,1058732.9236,-2648.92,0.18
4989,10.92,0.0959,-752.37,0.27
4990,4.4,8.8338,-970.77,0.31
4991,10.0,72.3242,-1002.17,0.3
4992,8.16,170680.3616,-2335.14,0.37
4993,12.0,360172.1084,-387.97,0.24
4994,7.4,19.3794,-983.76,0.21
4995,10.68,359704.609,-946.23,0.26
4996,8.92,1058.2184,-2251.16,0.19
4997,9.48,824.8729,-1599.08,0.2
4998,8.16,120015.0663,-1252.85,0.23
4999,7.08,8.3927,-2089.01,0.21
5000,6.08,11.8574,-796.41,0.22
5001,11.72,0.0507,-501.22,0.2
5002,11.76,714424.89,-1250.31,0.19
5003,6.8,119904.324,-337.46,0.19
5004,7.8,489709.8586,-1544.98,0.17
5005,4.6,35.2564,-1881.33,0.19
5006,9.16,421.5919,-266.1,0.33
5007,9.08,35391.2938,-2409.82,0.31
5008,13.36,3135.4449,-2000.99,0.2
5009,10.68,119082.3018,-525.99,0.21
5010,4.76,747163.9588,-1129.16,0.2
5011,8.92,13.3487,-789.68,0.18
5012,8.08,5906.6662,-1750.99,0.18
5013,13.64,699078.8079,-1500.62,0.23
5014,8.52,1112.1168,-1250.81,0.21
5015,7.6,0.7235,-18.09,0.2
5016,7.44,2818.8222,-750.47,0.33
5017,8.08,120030.4118,-2091.5,0.43
5018,9.76,0.5532,-13.83,0.28
5019,9.08,459.4598,-757.4,0.39
5020,14.4,625.2118,-639.01,0.36
5021,7.88,422.6476,-292.49,0.27
5022,10.52,1086.4678,-1500.64,0.27
5023,3.92,8.9274,-723.01,0.18
5024,4.48,10.6722,-1047.16,0.18
5025,9.92,5.622,-390.42,0.18
5026,7.68,0.349,-8.73,0.21
5027,8.64,0.0341,-0.85,0.5
5028,7.16,1058786.6517,-2009.69,0.45
5029,6.52,12.034,-1049.78,0.25
5030,6.12,120034.4483,-1267.16,0.31
5031,7.72,239121.8227,-1753.9,0.31
5032,8.76,11.7767,-250.41,0.58
5033,8.56,162.9274,-509.19,0.43
5034,12.2,751.0302,-270.29,0.27
5035,8.6,32382.4657,-758.89,0.28
5036,5.56,19.444,-733.65,0.4
5037,8.08,158.6948,-788.6,0.2
5038,10.04,6.929,-173.22,0.19
5039,10.12,0.1333,-3.33,0.31
5040,6.0,67857.4526,-969.95,0.31
5041,7.16,20.7011,-1017.5,0.23
5042,7.4,240041.8566,-1570.72,0.23
5043,8.68,152.1449,-418.87,0.18
5044,10.48,119081.6563,-259.87,0.22
5045,5.12,128351.1175,-1472.35,0.21
5046,12.48,5556.863,-1849.23,0.3
5047,3.48,67857.491,-1470.7,0.19
5048,6.52,96.0639,-752.96,0.18
5049,10.36,0.031,-500.76,0.25
5050,11.68,421.406,-1511.0,0.16
5051,9.24,50.8297,-521.36,0.19
5052,6.08,67857.4838,-970.73,0.19
5053,8.0,1039734.1608,-2381.57,0.17
5054,4.2,19.3437,-483.59,0.17
5055,10.08,12.073,-257.82,0.2
5056,5.0,0.1264,-753.15,0.25
5057,8.2,959663.7979,-1500.51,0.21
5058,14.16,912.3171,-1334.83,0.2
5059,6.4,21.524,-637.92,0.41
5060,6.44,26.7452,-770.11,0.35
5061,7.6,698950.2501,-862.64,0.2
5062,9.56,1006.2216,-752.31,0.19
5063,5.72,746354.9862,-1002.44,0.23
5064,8.16,38.7095,-512.34,0.25
5065,11.36,119081.9634,-767.52,0.19
5066,4.44,459258.7727,-1046.66,0.21
5067,10.4,1.0772,-1276.87,0.79
5068,11.84,695896.6042,-1086.12,0.25
5069,9.68,126.3198,-1500.62,0.3
5070,12.52,0.9016,-758.66,0.22
5071,9.92,77.0648,-1515.78,0.25
5072,5.56,407135.4243,-1036.06,0.19
5073,5.2,187754.4048,-1623.06,0.24
5074,8.76,339458.2644,-1802.58,0.23
5075,7.4,407097.5086,-639.67,0.17
5076,7.16,379.9867,-1250.59,0.18
5077,9.24,0.0227,-251.55,0.23
5078,8.08,120016.8943,-1580.0,0.24
5079,7.56,663155.9031,-1006.04,0.29
5080,7.72,240049.3358,-1474.81,0.37
5081,6.08,307882.1901,-906.65,0.18
5082,8.68,32242.637,-647.92,0.2
5083,4.68,29.9024,-747.56,0.18
5084,6.48,15.9672,-250.68,0.3
5085,7.52,120019.4239,-394.72,0.21
5086,8.28,119086.2041,-874.56,0.21
5087,7.4,78.1221,-1542.26,0.24
5088,10.44,0.3344,-258.33,0.17
5089,7.4,240064.6488,-1714.86,0.22
5090,4.24,67876.926,-956.8,0.16
5091,8.6,38.7311,-757.55,0.17
5092,7.64,425.569,-1101.96,0.25
5093,8.8,422.0826,-278.37,0.26
5094,8.84,114.9466,-757.53,0.28
5095,5.44,120022.7151,-726.98,0.17
5096,4.92,26.371,-659.27,0.22
5097,7.0,2.1899,-764.16,0.2
5098,11.48,8.507,-462.65,0.24
5099,6.8,579695.2584,-1094.32,0.25
5100,7.36,719917.9718,-1060.28,0.21
5101,6.0,1.7712,-44.28,0.21
5102,8.68,11631.3827,-1553.63,0.21
5103,3.92,0.2308,-255.49,0.18
5104,7.32,934198.1167,-1765.91,0.21
5105,7.2,22.9539,-1040.21,0.23
5106,6.88,28.5376,-970.94,0.2
5107,9.72,38.5143,-507.46,0.21
5108,6.76,17.7354,-689.51,0.2
5109,11.96,1410317.9087,-1001.34,0.22
5110,6.6,27.7778,-694.44,0.19
5111,5.96,35.6275,-992.17,0.2
5112,8.0,19.8171,-1725.3,0.18
5113,12.96,2640.2481,-1000.81,0.2
5114,10.08,841.9298,-500.85,0.25
5115,9.8,7.1937,-929.69,0.17
5116,8.28,67850.505,-296.28,0.26
5117,9.24,0.5939,-264.83,0.39
5118,7.36,66274.1312,-1759.03,0.31
5119,8.04,475296.5082,-578.39,0.3
5120,5.48,10.995,-524.87,0.23
5121,9.8,1.3092,-1783.58,0.2
5122,6.8,3.2598,-804.42,0.23
5123,9.24,170569.9003,-1585.14,0.37
5124,12.28,0.6102,-761.87,0.29
5125,9.52,421.5864,-265.96,0.23
5126,9.76,2784.1875,-1009.97,0.25
5127,7.64,5096.5752,-2508.69,0.23
5128,8.48,32239.1803,-813.5,0.17
5129,6.56,4844.0267,-1009.69,0.16
5130,10.2,841.9537,-1501.39,0.21
5131,8.88,474431.2355,-646.85,0.17
5132,5.72,17.6756,-441.89,0.21
5133,10.8,903.2801,-303.08,0.2
5134,9.4,0.0497,-251.22,0.26
5135,5.2,67853.0622,-1110.13,0.21
5136,8.88,420.9856,-250.94,0.19
5137,7.48,120034.7749,-1995.56,0.21
5138,4.2,51.4813,-2535.0,0.21
5139,7.52,0.0127,-1253.32,0.2
5140,11.92,3.9186,-347.96,0.24
5141,4.6,16.6801,-1090.53,0.16
5142,7.84,38.287,-251.8,0.2
5143,7.68,46.7184,-936.52,0.18
5144,6.08,359716.1454,-1064.68,0.2
5145,6.4,9.2838,-232.09,0.29
5146,5.24,50.3597,-1021.11,0.24
5147,6.76,421.0065,-1251.4,0.21
5148,4.44,21.1345,-1278.01,0.28
5149,6.48,339685.2462,-1294.57,0.34
5150,6.96,198.4141,-2000.92,0.24
5151,11.52,901.4091,-754.04,0.2
5152,4.76,67851.3076,-316.34,0.18
5153,5.28,135719.0186,-1050.28,0.17
5154,6.08,10.6514,-516.26,0.19
5155,5.8,67850.0955,-503.13,0.18
5156,6.12,0.0258,-500.61,0.2
5157,6.32,120035.6305,-799.89,0.2
5158,8.64,146.1478,-518.94,0.24
5159,4.68,0.541,-1263.45,0.23
5160,5.52,29.0769,-1213.38,0.37
5161,4.2,10.7775,-769.41,0.2
5162,7.28,599683.6293,-1390.87,0.2
5163,5.44,19.4359,-485.9,0.18
5164,7.8,1.8066,-45.17,0.23
5165,7.44,888023.8456,-1662.94,0.23
5166,4.84,10.6649,-516.62,0.19
5167,7.68,1.7446,-293.59,0.17
5168,8.36,12.9935,-530.83,0.2
5169,7.04,120033.8591,-755.6,0.18
5170,9.08,0.5566,-263.84,0.24
5171,8.88,0.8626,-21.57,0.26
5172,7.04,240047.1099,-1202.07,0.24
5173,9.84,169396.4877,-1008.6,0.27
5174,11.32,2104.8488,-2751.96,0.22
5175,14.4,11.8993,-297.48,0.21
5176,8.24,0.5617,-14.04,0.24
5177,7.72,120043.0828,-2236.17,0.21
5178,7.24,355281.9399,-555.04,0.22
5179,7.48,120052.3219,-1466.45,0.23
5180,9.0,146.3011,-1586.27,0.8
5181,7.84,13.2236,-286.58,0.19
5182,5.28,67855.1772,-413.08,0.2
5183,8.28,0.633,-15.83,0.29
5184,8.32,50.5525,-764.4,0.29
5185,7.64,0.2344,-252.72,0.18
5186,6.2,8326.0718,-939.57,0.23
5187,4.2,17.8814,-946.85,0.23
5188,7.56,2.3012,-294.0,0.23
5189,5.52,187757.6924,-1433.77,0.16
5190,8.56,38.7872,-264.3,0.22
5191,11.92,0.3342,-8.36,0.21
5192,9.72,843.0772,-529.54,0.2
5193,6.72,1798612.6708,-2499.44,0.18
5194,3.88,10.6248,-1015.59,0.25
5195,3.52,17.6024,-1190.04,0.18
5196,12.96,2717.585,-1328.19,0.18
5197,9.56,421.5209,-1014.3,0.17
5198,12.12,1.3366,-33.42,0.17
5199,6.44,3.9126,-1043.7,0.2
5200,8.16,0.3556,-8.89,0.17
5201,7.08,1680774.5018,-1796.14,0.18
5202,9.08,134.7603,-1014.72,0.19
5203,8.84,0.3519,-8.8,0.19
5204,9.24,3181.3958,-2017.19,0.17
5205,5.8,28.2322,-705.81,0.18
5206,7.96,39.1632,-273.7,0.17
5207,7.8,1.1547,-265.34,0.2
5208,5.96,0.3098,-257.72,0.24
5209,5.92,120025.9712,-808.39,0.21
5210,9.24,11.796,-251.89,0.25
5211,11.6,0.3344,-258.34,0.2
5212,6.68,1.3419,-33.55,0.2
5213,7.88,306.0552,-2259.64,0.19
5214,7.64,4912.233,-1250.76,0.19
5215,11.04,714424.7824,-752.12,0.23
5216,10.0,752569.9578,-751.47,0.17
5217,5.04,35.2709,-1131.76,0.19
5218,5.36,3.5418,-88.54,0.19
5219,5.12,19.4356,-485.89,0.2
5220,8.52,12.6737,-272.83,0.18
5221,4.48,9.0144,-475.34,0.21
5222,4.0,22.965,-854.5,0.3
5223,6.96,1.6925,-278.78,0.26
5224,3.96,19.5318,-738.28,0.22
5225,4.0,1.7914,-544.6,0.21
5226,4.28,47.0021,-1205.45,0.23
5227,9.6,459.1808,-750.44,0.26
5228,5.44,19.4428,-986.04,0.18
5229,4.0,26.383,-1409.39,0.18
5230,5.24,782830.9175,-1001.14,0.16
5231,3.32,8.839,-1470.89,0.17
5232,4.84,2.0628,-51.57,0.21
5233,8.32,364697.0613,-1258.86,0.2
5234,5.24,526996.1097,-1333.97,0.19
5235,6.88,0.6122,-15.3,0.16
5236,4.36,12.3272,-558.16,0.2
5237,4.52,67849.5345,-1521.81,0.18
5238,3.36,3.6571,-841.39,0.19
5239,9.08,38.5156,-257.51,0.21
5240,8.88,50.2762,-507.52,0.37
5241,9.28,38.523,-257.7,0.23
5242,10.76,752573.3404,-836.03,0.17
5243,4.56,3.6405,-91.01,0.24
5244,6.16,0.013,-0.32,0.24
5245,7.8,239919.55,-877.23,0.19
5246,6.64,495404.5389,-868.88,0.2
5247,5.16,28.4515,-711.29,0.25
5248,8.12,1.193,-279.81,0.21
5249,6.32,3.8048,-804.53,0.36
5250,8.12,1.1806,-29.52,0.4
5251,6.52,407096.3005,-609.46,0.41
5252,10.96,0.058,-1.45,0.5
5253,4.08,10.6862,-517.13,0.3
5254,9.64,239121.8366,-501.46,0.26
5255,7.8,38.286,-751.75,0.24
5256,8.48,0.0185,-0.46,0.2
5257,7.16,663049.4391,-1164.68,0.18
5258,9.12,5000.4434,-759.43,0.22
5259,5.08,35.4338,-1385.66,0.22
5260,4.08,40.7104,-1017.76,0.19
5261,6.52,120022.6688,-1225.11,0.23
5262,6.0,32.9618,-824.05,0.18
5263,8.48,460.8092,-777.63,0.18
5264,6.36,1314250.3645,-1600.29,0.19
5265,7.84,145.797,-510.1,0.16
5266,4.88,20.6567,-516.42,0.19
5267,5.52,8.7971,-469.91,0.2
5268,10.16,0.0575,-1.44,0.19
5269,8.24,421.1196,-254.29,0.19
5270,7.52,0.1322,-3.31,0.19
5271,8.32,38.2875,-251.81,0.22
5272,7.32,120021.638,-884.26,0.21
5273,3.48,10.7014,-1017.35,0.27
5274,13.6,360703.5769,-1254.7,0.27
5275,5.92,1.8099,-45.25,0.25
5276,5.6,1.7714,-294.27,0.27
5277,7.64,12.9384,-279.45,0.24
5278,5.92,17.709,-544.22,0.24
5279,6.52,1267317.1105,-1325.87,0.2
5280,7.48,179090.1191,-2000.83,0.28
5281,4.52,21.0626,-1273.81,0.28
5282,5.04,10.6517,-266.29,0.19
5283,5.36,11.08,-277.0,0.21
5284,5.56,67850.4206,-294.16,0.4
5285,9.24,17.5994,-439.99,0.29
5286,5.32,20.7589,-768.97,0.21
5287,4.72,1.7959,-294.73,0.23
5288,4.16,19.3377,-483.44,0.17
5289,9.12,52.5758,-814.99,0.22
5290,6.96,423.1851,-305.93,0.27
5291,9.48,145.8523,-261.56,0.17
5292,4.56,31.7433,-1043.57,0.21
5293,7.96,1.1296,-28.24,0.16
5294,8.4,422.1009,-278.83,0.18
5295,3.68,26.4008,-1159.83,0.23
5296,7.32,529267.0001,-1930.61,0.18
5297,8.84,1.1722,-279.23,0.17
5298,7.76,40.1361,-534.5,0.16
5299,4.8,14.1637,-810.15,0.19
5300,5.56,8.8049,-220.12,0.2
5301,6.12,28.1228,-703.07,0.24
5302,9.76,1416226.3747,-1001.92,0.18
5303,4.76,17.6915,-442.29,0.16
5304,9.28,760366.6191,-1250.51,0.17
5305,4.32,19.5502,-488.76,0.15
5306,8.08,0.0302,-0.76,0.19
5307,6.44,1637695.6607,-1813.03,0.18
5308,4.96,42.8465,-828.7,0.16
5309,4.52,359713.3477,-771.63,0.22
5310,10.76,0.7018,-517.4,0.2
5311,12.4,480069.2777,-1011.9,0.18
5312,11.56,6.5696,-164.24,0.17
5313,7.44,147.231,-546.95,0.19
5314,8.96,140.6907,-1043.11,0.2
5315,6.24,16.3418,-1113.88,0.17
5316,4.2,21.2196,-1530.46,0.16
5317,4.8,29.88,-996.99,0.21
5318,5.44,47.4692,-808.16,0.18
5319,6.88,660153.5726,-1655.42,0.18
5320,4.52,67860.3671,-542.83,0.22
5321,8.12,240337.2739,-796.64,0.17
5322,6.04,474941.4774,-772.54,0.16
5323,9.68,0.0741,-501.58,0.15
5324,5.48,8.9009,-472.36,0.17
5325,7.2,1.1576,-28.94,0.15
5326,11.04,119090.7225,-736.51,0.19
5327,5.64,28.2184,-705.46,0.18
5328,5.48,1.8681,-296.69,0.18
5329,4.08,19.5434,-738.57,0.18
5330,8.52,0.6404,-16.01,0.2
5331,6.72,2.8312,-307.25,0.16
5332,5.28,0.0166,-250.41,0.18
5333,7.96,38.6229,-261.2,0.17
5334,8.4,0.1296,-3.24,0.22
5335,3.8,17.705,-1192.58,0.24
5336,8.92,5001.7892,-1284.63,0.22
5337,7.76,0.6125,-15.31,0.24
5338,5.76,17.9324,-547.36,0.39
5339,10.72,2568.4595,-1062.16,0.29
5340,4.12,10.7605,-1018.82,0.33
5341,10.08,38.8387,-266.59,0.22
5342,7.64,38.2844,-501.73,0.22
5343,6.32,0.1112,-2.78,0.25
5344,5.48,2.0662,-51.66,0.25
5345,9.56,0.3495,-8.74,0.21
5346,12.96,689984.7169,-750.89,0.18
5347,7.28,8.8487,-471.2,0.19
5348,7.6,1246688.4858,-1394.94,0.19
5349,9.44,11.8418,-752.01,0.19
5350,5.4,19.3375,-483.44,0.19
5351,6.36,17.5942,-439.86,0.18
5352,9.08,2.3173,-57.93,0.21
5353,6.84,479720.7828,-866.8,0.18
5354,8.76,422.3862,-285.96,0.18
5355,5.24,33882.6964,-338.14,0.19
5356,8.08,421.104,-253.9,0.18
5357,5.96,9.1601,-229.0,0.2
5358,12.28,389214.9861,-1835.25,0.17
5359,8.04,0.0712,-2.78,0.18
5360,8.68,6.8208,-668.23,0.19
5361,4.4,427562.1256,-1274.81,0.21
5362,8.92,77.0082,-514.45,0.21
5363,11.52,6.1788,-1904.44,0.2
5364,5.2,359722.5985,-1021.86,0.21
5365,13.52,0.071,-501.75,0.26
5366,5.88,1.9655,-299.12,0.22
5367,5.88,1.7699,-44.25,0.24
5368,9.08,12.3455,-264.63,0.2
5369,8.28,0.634,-15.85,0.37
5370,7.88,0.5575,-14.94,0.2
5371,9.8,0.0265,-0.66,0.25
5372,8.48,0.2758,-7.89,0.18
5373,13.88,5206.5739,-1259.66,0.23
5374,9.44,1.3664,-34.16,0.24
5375,4.68,9.2002,-479.98,0.25
5376,7.92,0.7404,-18.51,0.19
5377,8.16,0.5784,-14.46,0.23
5378,8.88,38.7991,-265.6,0.32
5379,5.96,479608.9816,-642.01,0.34
5380,7.88,120020.2982,-1350.74,0.2
5381,4.32,21.2017,-530.04,0.17
5382,3.92,19.4511,-486.28,0.16
5383,4.12,8.8232,-1470.3,0.18
5384,5.04,359705.8822,-335.16,0.17
5385,5.44,14.0672,-351.68,0.18
5386,3.8,17.793,-1444.78,0.24
5387,4.28,339245.8688,-315.02,0.17
5388,9.84,38.2625,-251.19,0.21
5389,5.84,53.2053,-951.55,0.22
5390,12.2,6.9642,-423.98,0.18
5391,4.88,31.6468,-791.17,0.16
5392,8.08,14.8279,-799.63,0.21
5393,7.12,0.726,-18.15,0.21
5394,8.92,0.0188,-0.47,0.23
5395,4.72,37.1006,-927.51,0.21
5396,9.32,120043.5826,-1076.37,0.18
5397,2.72,17.6323,-1690.44,0.17
5398,8.04,76.4994,-501.73,0.18
5399,7.76,0.1277,-4.19,0.19
5400,3.96,17.683,-1192.04,0.18
5401,9.64,459.2365,-501.84,0.19
5402,9.08,38.2414,-250.66,0.21
5403,9.64,119081.3562,-252.36,0.15
5404,10.64,0.3381,-258.43,0.17
5405,6.84,143.6249,-1717.55,0.17
5406,5.16,10.5681,-514.04,0.22
5407,5.0,134.8004,-2429.27,0.2
5408,10.32,32357.1287,-1001.52,0.18
5409,7.88,0.1832,-754.56,0.17
5410,7.36,427894.2225,-1116.59,0.23
5411,5.28,2.6167,-65.42,0.18
5412,9.08,0.5862,-14.65,0.23
5413,11.32,476327.5167,-1311.75,0.19
5414,6.76,17.7016,-442.54,0.19
5415,3.64,8.8328,-220.82,0.17
5416,4.96,8.9708,-724.08,0.17
5417,5.88,7.1867,-179.67,0.2
5418,6.96,1074686.327,-790.95,0.21
5419,9.44,163.0066,-690.41,0.73
5420,8.28,40.1943,-535.95,0.22
5421,12.72,6.5507,-164.77,0.16
5422,11.12,240081.0856,-751.14,0.16
5423,8.08,38.5626,-1009.67,0.16
5424,6.32,10.6929,-267.32,0.18
5425,4.92,9.203,-230.07,0.2
5426,5.52,21.1306,-528.26,0.22
5427,9.72,0.1424,-3.56,0.21
5428,6.12,10.5674,-264.19,0.19
5429,13.36,0.1305,-3.26,0.17
5430,5.96,8.7971,-219.93,0.19
5431,6.24,5.4048,-385.1,0.19
5432,12.24,119081.2917,-250.75,0.17
5433,4.28,2.0794,-51.98,0.18
5434,12.52,354261.5186,-1085.1,0.17
5435,9.76,0.6079,-15.2,0.18
5436,5.68,1054101.8536,-1588.73,0.19
5437,5.04,1.8892,-297.07,0.18
5438,6.2,1438973.4662,-2267.57,0.18
5439,4.88,12.4084,-310.21,0.23
5440,9.08,38.5481,-258.33,0.23
5441,8.12,169642.6594,-2029.08,0.15
5442,8.08,475186.8638,-657.52,0.17
5443,12.0,901.5278,-759.26,0.17
5444,4.52,8.9066,-222.67,0.2
5445,5.6,855103.4537,-1029.86,0.21
5446,13.24,0.3717,-9.29,0.19
5447,4.84,12.3108,-307.77,0.2
5448,13.56,0.019,-250.47,0.18
5449,10.0,420.9734,-250.64,0.2
5450,8.2,4856.5816,-297.65,0.18
5451,5.24,12.4114,-310.29,0.2
5452,5.84,547452.2581,-757.57,0.19
5453,8.28,421.3017,-258.85,0.16
5454,8.56,12.0551,-257.37,0.2
5455,6.68,8.8111,-470.26,0.21
5456,4.84,542800.6114,-1284.54,0.18
5457,11.8,119084.3037,-326.05,0.18
5458,5.52,1.7742,-294.34,0.18
5459,10.32,421.0282,-501.63,0.18
5460,6.6,54.8661,-500.62,0.21
5461,5.12,17.5985,-689.96,0.18
5462,12.4,3.7273,-93.18,0.18
5463,10.68,841.996,-752.5,0.21
5464,4.6,26.4796,-911.83,0.2
5465,6.44,699481.6272,-1303.14,0.24
5466,6.72,33896.7643,-689.83,0.28
5467,5.8,1.869,-46.73,0.23
5468,9.52,585.4789,-1250.54,0.19
5469,6.44,12.016,-550.38,0.23
5470,11.4,360166.617,-500.68,0.19
5471,8.0,0.3543,-8.86,0.17
5472,9.6,0.3022,-7.55,0.18
5473,5.12,12.3104,-307.76,0.23
5474,6.68,153903.5254,-1267.26,0.19
5475,6.56,17.6109,-440.27,0.18
5476,11.64,238162.9059,-759.5,0.23
5477,7.6,1665744.3803,-1581.05,0.28
5478,5.16,0.1212,-3.03,0.25
5479,6.68,177690.8264,-1219.82,0.26
5480,3.88,0.1356,-3.39,0.23
5481,4.72,8.9021,-472.39,0.19
5482,10.32,4861.4608,-419.63,0.25
5483,9.96,239127.2797,-637.53,0.19
5484,10.0,456876.7874,-1000.95,0.21
5485,13.04,11.0688,-276.72,0.29
5486,5.16,22.8251,-1077.54,0.2
5487,6.76,782832.5079,-791.01,0.24
5488,4.48,3.6537,-341.18,0.24
5489,9.52,421.8047,-271.42,0.24
5490,7.96,0.015,-0.38,0.21
5491,5.28,10.7506,-268.76,0.21
5492,8.76,433.018,-507.75,0.24
5493,11.08,0.9583,-23.96,0.21
5494,5.12,3.6257,-90.64,0.25
5495,9.6,0.0441,-1.1,0.28
5496,4.16,29.8986,-997.45,0.2
5497,8.28,0.0172,-0.43,0.24
5498,5.96,8.7996,-219.99,0.34
5499,6.64,39.5911,-284.4,0.26
5500,7.76,360004.0394,-2269.0,0.22
5501,8.56,0.0276,-0.69,0.19
5502,5.72,20.0097,-500.24,0.21
5503,8.16,0.5932,-14.83,0.24
5504,8.64,0.4119,-10.3,0.24
5505,7.92,0.1267,-3.17,0.22
5506,4.8,26.7161,-667.9,0.31
5507,6.56,240028.8594,-539.74,0.3
5508,5.72,0.112,-2.8,0.25
5509,9.72,0.0541,-251.33,0.23
5510,7.08,369495.2816,-1930.7,0.21
5511,5.08,67852.9689,-586.45,0.21
5512,8.52,0.297,-7.43,0.22
5513,9.44,472.073,-778.74,0.25
5514,5.88,766796.1914,-794.84,0.27
5515,7.16,11.8796,-296.99,0.33
5516,8.76,38.5411,-258.15,0.33
5517,5.44,1194348.442,-1322.86,0.2
5518,12.56,0.5404,-13.51,0.23
5519,4.96,37.2874,-939.7,0.19
5520,5.0,0.1205,-3.01,0.23
5521,5.4,17.6791,-441.98,0.2
5522,5.28,3.5262,-88.16,0.27
5523,6.32,11.9667,-766.25,0.41
5524,8.52,0.2995,-507.43,0.34
5525,8.96,842.5318,-1015.89,0.32
5526,5.4,14.0674,-351.68,0.33
5527,9.72,420.9711,-500.58,0.29
5528,8.12,5001.8619,-1044.76,0.29
5529,7.48,39.9681,-530.3,0.33
5530,5.64,1038194.8996,-897.19,0.27
5531,10.52,841.9509,-752.37,0.24
5532,7.72,0.3485,-8.71,0.19
5533,12.4,0.3301,-258.24,0.18
5534,8.08,38.5087,-507.32,0.18
5535,8.16,1.1242,-28.11,0.18
5536,6.72,17.5816,-689.53,0.73
5537,6.64,762372.807,-778.68,0.17
5538,5.36,0.213,-5.32,0.19
5539,5.4,0.2119,-5.3,0.22
5540,6.44,766794.4707,-751.82,0.22
5541,4.96,9.092,-227.3,0.27
5542,8.76,433.2735,-514.13,0.27
5543,4.24,12.5156,-312.89,0.22
5544,4.48,8.9122,-472.8,0.24
5545,4.04,28.3391,-958.44,0.24
5546,7.56,38.8809,-266.65,0.2
5547,5.56,1.8702,-46.75,0.2
5548,5.36,8.9911,-224.78,0.22
5549,9.28,0.8408,-21.02,0.18
5550,3.04,8.874,-221.85,0.25
5551,5.8,0.2243,-5.61,0.33
5552,5.32,120022.5265,-472.29,0.28
5553,4.36,35.3546,-1133.84,0.24
5554,8.32,56465.6433,-258.96,0.22
5555,3.8,10.5983,-264.96,0.21
5556,4.84,17.8907,-447.27,0.19
5557,5.8,33879.1835,-250.31,0.18
5558,6.8,4934.3432,-1759.78,0.16
5559,5.68,19.4351,-735.86,0.21
5560,6.44,0.028,-0.7,0.2
5561,11.32,0.0261,-250.63,0.28
5562,5.08,8.8167,-220.42,0.22
5563,8.08,11.9478,-254.69,0.23
5564,9.16,0.5886,-264.7,0.28
5565,5.36,427554.0694,-823.46,0.27
5566,9.36,432.732,-500.59,0.21
5567,9.32,12.3459,-264.64,0.2
5568,5.68,19.3394,-483.49,0.26
5569,6.72,1366527.9918,-1596.2,0.18
5570,8.16,4992.8875,-1759.29,0.33
5571,4.72,8.9917,-224.79,0.26
5572,4.4,31.8295,-795.74,0.17
5573,4.88,17.7748,-694.35,0.25
5574,11.84,0.1056,-2.64,0.29
5575,9.4,459.2605,-752.42,0.36
5576,11.76,3.3688,-334.2,0.27
5577,8.84,38.2656,-251.26,0.25
5578,6.84,120024.2463,-765.16,0.23
5579,4.6,33905.8275,-916.41,0.29
5580,5.0,35.3481,-883.7,0.28
5581,8.28,0.0804,-2.01,0.24
5582,7.52,38.8251,-265.25,0.2
5583,6.92,459263.4149,-662.8,0.25
5584,6.32,307654.8463,-863.53,0.23
5585,9.16,459.459,-507.4,0.18
5586,10.2,853.9684,-1257.77,0.22
5587,6.24,26.4645,-661.61,0.19
5588,5.32,120022.5411,-722.64,0.2
5589,11.92,740849.252,-1750.6,0.3
5590,4.12,8.849,-471.2,0.18
5591,5.4,24.7055,-617.64,0.18
5592,9.0,76.4791,-501.22,0.18
5593,6.04,240037.3812,-752.78,0.25
5594,6.08,21.1899,-529.75,0.21
5595,3.84,38.8764,-1221.75,0.21
5596,6.48,1397896.2904,-1120.07,0.18
5597,6.84,1.3764,-34.41,0.2
5598,6.16,120042.2335,-964.96,0.19
5599,9.64,0.3425,-8.56,0.2
5600,9.04,38.2338,-500.46,0.21
5601,7.64,2.0303,-50.76,0.2
5602,7.4,2.2558,-292.86,0.16
5603,5.56,8.9966,-224.91,0.18
5604,8.32,421.6195,-266.79,0.2
5605,5.24,10.5532,-263.83,0.18
5606,7.76,174385.6567,-2258.76,0.16
5607,4.6,29.9765,-749.41,0.18
5608,4.56,35.2538,-881.35,0.24
5609,7.6,38.5764,-259.03,0.16
5610,11.36,0.1028,-252.56,0.18
5611,7.08,1.4886,-37.21,0.16
5612,4.16,19.4591,-1736.11,0.31
5613,7.4,0.1817,-4.54,0.21
5614,7.64,240028.4951,-780.61,0.19
5615,4.36,17.7872,-444.68,0.2
5616,9.16,0.0297,-0.74,0.24
5617,9.64,0.3367,-8.42,0.22
5618,5.12,746339.4579,-1106.68,0.16
5619,5.96,23.225,-338.16,0.26
5620,7.96,0.4621,-11.55,0.25
5621,9.48,33880.0626,-272.29,0.24
5622,6.08,20.0056,-500.14,0.26
5623,7.96,76.7221,-507.3,0.18
5624,9.4,12.1293,-303.23,0.19
5625,8.72,50.5408,-515.13,0.23
5626,11.6,238165.9153,-584.8,0.18
5627,6.36,17.5845,-689.59,0.19
5628,4.84,19.6334,-490.83,0.27
5629,4.24,19.4843,-986.92,0.23
5630,5.8,814186.7891,-1073.63,0.32
5631,7.52,0.6133,-15.33,0.45
5632,4.52,12.422,-310.55,0.22
5633,4.76,28.504,-1219.88,0.26
5634,5.96,359866.6152,-2249.46,0.17
5635,4.6,21.2886,-532.22,0.19
5636,9.8,421.0034,-251.39,0.19
5637,5.48,10.5727,-514.3,0.18
5638,8.88,12.1369,-259.41,0.19
5639,4.96,1.8827,-47.07,0.2
5640,9.04,76.7532,-508.08,0.17
5641,10.36,421.0081,-251.51,0.27
5642,10.0,421.8608,-772.78,0.3
5643,9.04,0.0241,-0.6,0.29
5644,5.64,17.6802,-442.01,0.27
5645,6.32,35.1762,-879.41,0.26
5646,11.92,5.8535,-146.34,0.24
5647,5.72,1.963,-49.07,0.77
5648,10.16,902.3089,-525.79,0.23
5649,9.24,11.8138,-501.33,0.27
5650,12.64,238163.724,-780.01,0.2
5651,5.56,28.1312,-703.28,0.28
5652,9.68,0.7516,-18.79,0.22
5653,5.68,0.1154,-2.88,0.21
5654,9.72,151.7245,-408.36,0.3
5655,8.84,120855.5582,-1500.66,0.22
5656,5.4,22.8526,-571.31,0.19
5657,9.96,842.2351,-508.49,0.2
5658,13.04,0.6014,-265.03,0.22
5659,7.2,27.6914,-692.28,0.19
5660,7.32,9714.9346,-1843.91,0.18
5661,4.68,8.8953,-222.38,0.17
5662,10.2,0.3334,-8.34,0.2
5663,5.08,5.479,-136.97,0.22
5664,7.56,0.1259,-3.15,0.21
5665,5.64,359709.4513,-424.39,0.19
5666,8.6,471.0646,-1003.16,0.2
5667,4.32,0.049,-251.06,0.17
5668,10.32,1088324.0013,-1336.02,0.18
5669,6.16,1.9093,-503.79,0.23
5670,6.24,495402.4348,-1316.25,0.18
5671,8.2,0.6205,-15.51,0.17
5672,4.6,21.1914,-779.78,0.17
5673,6.72,2.775,-69.38,0.2
5674,11.16,0.8118,-20.29,0.17
5675,5.92,1146961.4146,-1133.33,0.17
5676,6.08,19.3373,-483.43,0.19
5677,12.44,0.6864,-17.16,0.23
5678,7.16,2.7767,-305.89,0.16
5679,6.92,918291.794,-1090.18,0.2
5680,7.0,364702.7227,-1688.19,0.2
5681,4.84,359875.542,-272.16,0.21
5682,4.8,15.9205,-398.01,0.24
5683,4.04,21.1644,-529.11,0.26
5684,8.6,32236.7366,-750.4,0.3
5685,4.84,31.746,-824.04,0.35
5686,10.4,0.3945,-259.73,0.21
5687,5.36,2.2611,-556.49,0.21
5688,8.64,39.3425,-764.63,0.24
5689,8.32,0.3746,-259.35,0.19
5690,7.28,40.6761,-311.52,0.21
5691,7.04,300703.2171,-1239.27,0.38
5692,4.8,26.3663,-659.16,0.35
5693,8.48,0.0764,-1.91,0.25
5694,4.24,19.3379,-483.45,0.21
5695,10.12,239121.8185,-750.87,0.23
5696,4.36,1.7812,-544.34,0.35
5697,4.4,67849.5383,-1021.93,0.23
5698,6.12,4942.0488,-2428.19,0.22
5699,7.04,2.0278,-523.64,0.23
5700,4.04,38.6795,-1716.95,0.17
5701,10.36,238167.4589,-873.26,0.18
5702,5.44,359878.9484,-607.31,0.23
5703,5.04,14.2646,-356.61,0.28
5704,5.88,120024.3107,-766.87,0.2
5705,4.92,359706.9204,-611.1,0.27
5706,8.04,0.1286,-3.21,0.26
5707,9.12,0.8638,-21.6,0.23
5708,6.92,1.696,-42.4,0.22
5709,4.6,12.4126,-310.32,0.19
5710,12.44,354258.1677,-501.5,0.22
5711,5.36,3.7399,-93.5,0.2
5712,3.6,28.173,-954.32,0.26
5713,5.0,9.1003,-227.51,0.18
5714,8.36,421.2448,-257.42,0.17
5715,5.08,120087.6572,-1952.05,0.29
5716,7.0,1.2657,-31.64,0.24
5717,3.8,17.8144,-695.36,0.19
5718,9.08,0.0233,-0.58,0.26
5719,7.56,1.4314,-35.78,0.21
5720,5.8,359706.5148,-350.98,0.31
5721,4.36,28.7043,-475.14,0.19
5722,4.96,10.7523,-268.81,0.2
5723,7.6,38.3396,-253.11,0.29
5724,8.08,38.7891,-264.35,0.34
5725,4.44,28.2363,-705.91,0.28
5726,4.96,2.0772,-51.93,0.33
5727,4.08,19.4458,-736.12,0.2
5728,8.04,39.1195,-272.61,0.19
5729,9.48,421.2494,-257.54,0.31
5730,7.64,939569.1294,-1324.71,0.23
5731,5.28,28.2223,-955.54,0.22
5732,3.76,21.3227,-533.07,0.26
5733,4.88,23.0464,-576.16,0.24
5734,10.2,0.4734,-258.82,0.27
5735,4.8,10.7492,-268.73,0.18
5736,8.32,38.5092,-257.35,0.17
5737,8.76,352.3517,-2551.97,0.17
5738,9.0,0.0439,-1.1,0.18
5739,8.04,0.9813,-274.53,0.16
5740,7.0,3.8007,-581.47,0.17
5741,7.12,1.2659,-31.65,0.2
5742,5.12,19.4358,-485.89,0.21
5743,4.2,47.5538,-1188.84,0.19
5744,7.6,1.2636,-31.59,0.18
5745,4.44,359705.8878,-335.3,0.15
5746,6.04,28.1619,-953.78,0.19
5747,4.68,17.7762,-444.4,0.2
5748,8.24,38.5087,-257.34,0.17
5749,6.2,866351.347,-1063.05,0.21
5750,4.84,0.1112,-2.78,0.19
5751,5.4,10.6755,-266.89,0.18
5752,6.72,2.4005,-532.95,0.19
5753,7.84,0.6132,-15.33,0.18
5754,3.52,26.3846,-659.61,0.16
5755,5.84,407095.4902,-589.21,0.18
5756,4.6,20.6903,-723.08,0.2
5757,4.68,21.0929,-527.32,0.2
5758,7.92,0.5608,-14.02,0.17
5759,7.12,0.6816,-17.04,0.16
5760,7.08,40.9925,-556.91,0.23
5761,4.0,1.7879,-294.67,0.17
5762,4.48,10.654,-266.35,0.21
5763,8.44,459.7774,-765.34,0.2
5764,7.0,1.2766,-31.91,0.15
5765,7.84,0.947,-23.68,0.2
5766,9.28,392192.607,-518.83,0.75
5767,5.6,1.965,-49.12,0.2
5768,10.88,32236.8418,-753.01,0.2
5769,7.44,0.67,-16.75,0.2
5770,4.92,474946.5016,-1647.9,0.18
5771,4.56,19.3364,-483.41,0.18
5772,8.24,0.0277,-0.69,0.19
5773,5.36,1.9647,-49.12,0.21
5774,4.88,8.7979,-219.95,0.22
5775,6.76,543033.9438,-868.17,0.24
5776,4.32,19.7454,-493.63,0.21
5777,8.72,0.3526,-8.82,0.21
5778,7.92,0.4068,-10.17,0.2
5779,8.32,12.8704,-514.22,0.21
5780,4.76,8.8961,-222.4,0.22
5781,4.88,114728.8618,-753.14,0.21
5782,9.08,0.0314,-250.76,0.18
5783,4.76,407093.9406,-1300.4,0.16
5784,3.4,1.9744,-299.34,0.17
5785,7.76,145.492,-1002.55,0.17
5786,10.44,1050151.3158,-751.26,0.2
5787,3.92,11.0713,-276.78,0.23
5788,5.08,21.2891,-532.23,0.21
5789,5.0,19.5503,-488.76,0.18
5790,5.12,28.2185,-1205.44,0.19
5791,11.36,120043.0195,-562.55,0.23
5792,4.76,10.8482,-521.2,0.21
5793,4.8,35.1478,-878.7,0.21
5794,6.16,1006597.887,-1295.96,0.2
5795,10.08,360166.6298,-251.01,0.21
5796,7.64,0.059,-1.47,0.18
5797,7.88,38.773,-263.95,0.18
5798,8.52,359696.6675,-501.71,0.16
5799,4.72,9.0922,-227.3,0.17
5800,6.32,1246398.5928,-1272.34,0.16
5801,12.76,619.983,-258.31,0.17
5802,8.28,38.8572,-266.05,0.16
5803,12.4,0.0218,-0.54,0.2
5804,5.08,3.7271,-93.18,0.17
5805,5.24,10.6498,-266.25,0.17
5806,5.6,0.1105,-2.76,0.21
5807,7.52,77.8063,-770.87,0.18
5808,6.28,3.5295,-88.24,0.24
5809,6.72,2.0299,-50.75,0.2
5810,5.88,21.1062,-527.65,0.19
5811,8.8,0.3061,-7.65,0.21
5812,3.68,19.3544,-1233.66,0.19
5813,8.92,38.5744,-258.98,0.2
5814,8.72,291.8312,-2352.34,0.2
5815,8.68,0.0196,-0.49,0.21
5816,8.96,32243.4959,-1169.38,0.18
5817,4.56,14.0868,-352.17,0.19
5818,5.96,1242090.4244,-1566.34,0.19
5819,4.44,10.8447,-271.12,0.22
5820,8.64,0.0726,-251.82,0.15
5821,8.84,0.5788,-14.47,0.18
5822,5.48,0.2145,-5.36,0.17
5823,8.32,0.8415,-21.04,0.18
5824,8.08,0.9302,-23.26,0.16
5825,5.48,19.4635,-736.59,0.21
5826,9.04,0.3082,-258.68,0.21
5827,5.08,5.2839,-132.1,0.19
5828,9.96,0.0685,-1.71,0.16
5829,5.28,787430.1669,-1109.52,0.17
5830,5.0,10.6711,-266.78,0.21
5831,4.52,12.4214,-310.53,0.22
5832,4.4,0.4036,-260.07,0.17
5833,5.28,8.8117,-220.29,0.19
5834,5.32,19.3402,-483.5,0.19
5835,5.2,10.5543,-263.86,0.21
5836,4.76,19.6305,-490.76,0.19
5837,9.12,1.0947,-27.37,0.17
5838,5.0,3.7795,-94.49,0.18
5839,7.04,459404.2801,-2068.3,0.17
5840,8.56,77.0646,-765.83,0.18
5841,10.6,32240.1262,-585.15,0.24
5842,10.6,0.869,-271.72,0.18
5843,7.92,40.1527,-298.44,0.18
5844,6.2,8.896,-472.39,0.18
5845,6.16,1090358.7454,-1868.77,0.17
5846,8.8,0.3034,-258.57,0.23
5847,8.36,0.0241,-0.6,0.19
5848,11.24,119086.7465,-387.12,0.19
5849,8.64,38.2404,-750.6,0.18
5850,8.96,38.5113,-257.41,0.22
5851,7.84,1.9756,-285.86,0.22
5852,10.08,0.0364,-0.91,0.21
5853,11.6,3.1283,-78.21,0.21
5854,10.28,1106852.1821,-1252.1,0.22
5855,6.2,0.0196,-0.49,0.2
5856,8.16,38.8503,-265.88,0.2
5857,4.64,30.1767,-754.42,0.22
5858,7.64,28.2508,-956.25,0.23
5859,4.56,10.674,-516.83,0.24
5860,13.88,26.9874,-1787.35,0.2
5861,10.04,392406.7196,-585.25,0.16
5862,7.08,0.7241,-18.1,0.16
5863,4.76,750.7228,-262.6,0.16
5864,7.96,38.2861,-251.78,0.18
5865,5.56,28.1217,-703.04,0.19
5866,5.8,0.1115,-2.79,0.18
5867,3.92,8.902,-1472.31,0.18
5868,7.68,1.4315,-35.79,0.18
5869,9.6,784806.6369,-1001.44,0.17
5870,4.44,31.7423,-1043.44,0.2
5871,5.8,26.6034,-516.58,0.19
5872,8.72,433.0058,-507.44,0.18
5873,10.2,740752.9862,-751.32,0.19
5874,6.64,1653493.0428,-2085.37,0.18
5875,4.36,9.1107,-227.77,0.2
5876,4.8,21.2926,-532.31,0.18
5877,4.96,8.8088,-220.22,0.17
5878,9.24,2034.8412,-1262.51,0.17
5879,7.84,38.7694,-263.86,0.22
5880,11.96,0.0346,-0.86,0.17
5881,8.72,500.197,-1070.47,0.19
5882,10.24,0.624,-265.6,0.2
5883,5.08,12.4071,-310.18,0.21
5884,5.76,26.4618,-661.54,0.17
5885,5.24,19.5319,-488.3,0.17
5886,5.2,10.5603,-264.01,0.2
5887,7.92,1.1637,-29.09,0.18
5888,6.48,1277998.6592,-1449.91,0.19
5889,5.92,798387.3972,-1000.88,0.17
5890,9.72,841.9731,-501.94,0.25
5891,6.2,1377608.9354,-1111.9,0.18
5892,6.44,1018086.8742,-1606.79,0.19
5893,5.36,0.1528,-253.81,0.2
5894,9.12,459.4582,-507.38,0.22
5895,10.64,238165.08,-563.92,0.17
5896,6.96,2.6255,-538.58,0.21
5897,9.48,2.5482,-813.43,0.18
5898,4.52,23.1428,-578.57,0.19
5899,8.04,38.5091,-257.35,0.18
5900,5.2,5.3799,-134.5,0.21
5901,12.64,0.3994,-9.99,0.18
5902,4.96,9.1023,-227.56,0.22
5903,11.76,4766.5196,-253.17,0.17
5904,8.44,38.8471,-265.8,0.2
5905,4.92,19.5334,-488.33,0.17
5906,5.24,1.772,-44.3,0.19
5907,7.36,78.064,-777.31,0.18
5908,9.36,359852.495,-454.88,0.21
5909,6.72,35.2115,-880.29,0.21
5910,6.28,12.4348,-310.87,0.19
5911,6.2,10.6528,-266.32,0.19
5912,9.08,9710.7203,-534.23,0.26
5913,6.6,2.4002,-60.0,0.17
5914,8.56,12.3346,-264.36,0.24
5915,5.96,1.8698,-46.74,0.22
5916,9.76,1575.4848,-757.68,0.26
5917,7.72,1.099,-27.47,0.22
5918,11.56,119081.9706,-267.73,0.23
5919,4.4,29.8802,-747.0,0.18
5920,5.16,12.4106,-310.26,0.19
5921,9.88,930.9706,-1522.1,0.21
5922,5.0,22.949,-573.72,0.22
5923,8.48,23826.7408,-515.36,0.21
5924,6.76,667580.7139,-1057.85,0.21
5925,5.64,1872832.9671,-1772.59,0.16
5926,11.6,0.0403,-1.01,0.19
5927,5.2,67863.2106,-613.92,0.18
5928,5.28,40.524,-384.54,0.19
5929,7.64,38.2834,-251.71,0.17
5930,5.68,355288.6499,-472.81,0.19
5931,5.64,19.3399,-733.49,0.18
5932,13.32,0.3844,-9.61,0.18
5933,8.88,0.3024,-7.56,0.23
5934,5.44,8.9082,-222.7,0.22
5935,5.6,8.9517,-223.79,0.24
5936,4.64,2.1644,-304.09,0.19
5937,4.4,23.1548,-578.87,0.19
5938,11.72,238162.5657,-501.06,0.21
5939,11.72,238162.5564,-500.83,0.19
5940,5.32,30.1952,-754.88,0.22
5941,9.32,0.5899,-14.75,0.24
5942,9.24,49.9951,-500.49,0.22
5943,5.24,14.1662,-354.15,0.17
5944,6.12,4.8557,-588.47,0.22
5945,5.24,12.4076,-310.19,0.19
5946,6.92,866351.9813,-1078.91,0.17
5947,5.84,21.2499,-781.24,0.21
5948,5.32,1.8716,-46.79,0.19
5949,7.24,22.5912,-1281.85,0.18
5950,6.4,818961.5216,-803.57,0.19
5951,8.92,38.2873,-251.81,0.2
5952,6.64,427782.2742,-1138.12,0.19
5953,5.48,886810.0523,-1050.49,0.17
5954,5.64,1.7723,-44.31,0.22
5955,11.4,1056108.0701,-1254.43,0.22
5956,5.88,0.028,-0.7,0.2
5957,11.2,335732.5472,-399.45,0.18
5958,12.64,2569.3593,-584.68,0.21
5959,9.08,50.2751,-507.49,0.23
5960,4.44,3.6499,-91.25,0.18
5961,5.04,12.5077,-312.69,0.17
5962,5.32,30.0098,-750.25,0.17
5963,10.92,2.4799,-62.0,0.15
5964,3.84,17.6128,-440.32,0.18
5965,5.72,13.7084,-342.71,0.18
5966,7.16,2.5118,-299.27,0.16
5967,7.68,0.3057,-257.62,0.18
5968,12.4,1.036,-25.9,0.18
5969,7.84,76.4433,-500.33,0.19
5970,5.24,120040.7824,-1178.65,0.18
5971,3.96,19.9263,-498.16,0.19
5972,6.24,120022.0725,-460.94,0.19
5973,8.44,0.5731,-264.31,0.24
5974,7.68,0.4602,-11.5,0.17
5975,9.36,96710.1764,-1501.41,0.18
5976,4.84,38.7588,-968.97,0.2
5977,7.96,56756.1026,-1251.87,0.17
5978,5.72,36.9183,-922.96,0.22
5979,6.76,67853.1838,-363.24,0.21
5980,10.04,5.8775,-146.94,0.23
5981,5.32,12.432,-560.79,0.21
5982,9.48,2347.5409,-771.68,0.22
5983,9.08,38.5115,-257.41,0.2
5984,3.76,1.8907,-547.22,0.19
5985,6.16,14.1023,-602.54,0.19
5986,4.56,21.3865,-534.66,0.22
5987,11.28,238162.8941,-509.27,0.21
5988,4.88,10.6659,-516.62,0.21
5989,4.84,5.3814,-884.52,0.24
5990,5.52,36.905,-953.02,0.2
5991,8.72,459.5116,-508.72,0.18
5992,9.48,0.6902,-17.25,0.17
5993,10.28,714448.8217,-751.83,0.18
5994,11.48,1050151.3802,-752.87,0.22
5995,11.0,671453.207,-501.72,0.21
5996,9.44,156.4688,-527.97,0.21
5997,5.72,13.7627,-550.14,0.21
5998,6.64,15.022,-375.55,0.22
5999,11.16,238165.0093,-562.15,0.18
6000,8.28,38.2338,-250.47,0.18
6001,8.76,0.8634,-21.58,0.24
6002,5.6,10.5534,-263.83,0.17
6003,9.68,38.2445,-250.74,0.23
6004,6.2,399.1576,-733.77,0.21
6005,6.8,579278.6687,-953.27,0.17
6006,5.2,12.3477,-558.68,0.23
6007,5.88,21.6795,-541.99,0.19
6008,6.68,8.8659,-221.65,0.19
6009,5.72,10.5531,-263.83,0.21
6010,10.12,420.9906,-501.06,0.19
6011,9.6,23.8227,-507.55,0.22
6012,10.16,34780.7991,-511.78,0.17
6013,5.8,0.2098,-5.25,0.21
6014,12.68,119081.3078,-751.15,0.17
6015,10.84,722224.8115,-1335.36,0.19
6016,6.6,746337.3383,-803.71,0.18
6017,6.8,724288.379,-1930.15,0.17
6018,6.96,782947.5172,-1345.99,0.19
6019,7.08,120013.6897,-251.37,0.2
6020,9.2,38.8117,-264.92,0.26
6021,11.12,728130.0202,-1003.5,0.19
6022,5.8,1.8967,-297.41,0.19
6023,9.88,0.5929,-14.82,0.2
6024,6.36,746335.3081,-752.95,0.16
6025,11.92,3.3939,-84.85,0.18
6026,7.64,4871.8962,-1044.79,0.19
6027,4.6,14.261,-356.52,0.19
6028,9.08,38.5366,-258.04,0.18
6029,9.28,339882.7857,-1365.73,0.18
6030,6.12,1.7741,-44.35,0.22
6031,6.6,0.0151,-0.38,0.73
6032,9.4,0.4456,-11.14,0.2
6033,9.4,420.9785,-250.77,0.2
6034,6.0,0.1186,-2.96,0.24
6035,7.56,1169708.2819,-1117.83,0.25
6036,9.0,460.0839,-773.0,0.22
6037,6.76,0.0249,-250.62,0.25
6038,9.0,0.703,-17.58,0.2
6039,8.72,0.6671,-16.68,0.22
6040,5.32,1.9777,-49.44,0.21
6041,11.8,335726.6448,-751.84,0.18
6042,5.08,3.635,-340.87,0.17
6043,9.08,1.1759,-30.4,0.21
6044,11.2,714448.8793,-752.27,0.2
6045,7.36,1158377.3842,-1063.95,0.21
6046,5.16,3.8322,-95.8,0.22
6047,5.92,12.4064,-310.16,0.2
6048,7.88,0.4593,-11.48,0.19
6049,5.48,19.3516,-483.79,0.2
6050,5.56,10.1129,-252.82,0.19
6051,5.64,17.693,-442.33,0.23
6052,5.72,17.8077,-944.46,0.19
6053,8.88,421.0271,-251.98,0.21
6054,11.32,1057948.0325,-1251.67,0.21
6055,9.68,38.2388,-1000.58,0.21
6056,8.52,1323.2907,-500.31,0.21
6057,7.2,766968.8566,-806.98,0.18
6058,6.4,8.8954,-222.38,0.22
6059,9.6,31.0439,-794.92,0.21
6060,7.92,1190812.8093,-1836.63,0.18
6061,6.08,19.7116,-250.32,0.21
6062,4.64,19.8261,-495.65,0.2
6063,8.04,0.8894,-22.24,0.18
6064,4.8,1.8886,-47.21,0.17
6065,8.48,0.3522,-8.8,0.19
6066,5.0,10.756,-268.9,0.18
6067,5.4,17.8744,-446.86,0.22
6068,4.12,28.2307,-705.77,0.18
6069,6.04,32.1239,-803.1,0.2
6070,5.6,11.882,-297.05,0.2
6071,6.96,1732715.6134,-1339.9,0.18
6072,7.12,527110.8016,-881.12,0.19
6073,5.68,32.4798,-811.99,0.19
6074,8.08,77.059,-515.72,0.19
6075,10.52,119081.6564,-259.87,0.18
6076,7.44,1230.464,-2499.5,0.2
6077,5.88,10.5544,-263.86,0.23
6078,8.84,41.4018,-329.67,0.19
6079,5.16,16.1478,-505.18,0.19
6080,8.12,38.246,-250.77,0.19
6081,5.32,14.4198,-360.5,0.17
6082,5.48,3.58,-89.5,0.19
6083,7.4,1633557.7789,-1559.74,0.18
6084,7.56,76.4422,-501.3,0.18
6085,8.84,0.0488,-251.2,0.24
6086,13.04,5.9174,-147.94,0.24
6087,10.16,238165.5654,-576.06,0.18
6088,5.84,8310.8321,-558.58,0.21
6089,6.56,120016.0026,-309.19,0.22
6090,4.96,9.0954,-477.37,0.19
6091,11.56,238162.8967,-509.34,0.17
6092,6.92,8336.6331,-953.62,0.19
6093,8.32,0.752,-18.8,0.2
6094,8.44,6357.9918,-2000.34,0.21
6095,8.52,49.9954,-750.48,0.2
6096,8.56,0.6298,-15.75,0.23
6097,8.64,0.3492,-9.73,0.19
6098,5.72,12.3506,-308.77,0.21
6099,8.32,1.1585,-28.96,0.26
6100,13.08,2640.262,-501.2,0.2
6101,5.64,255599.0266,-1022.31,0.16
6102,6.04,9.472,-236.8,0.18
6103,6.28,1.7715,-44.29,0.18
6104,5.32,3.6448,-91.12,0.2
6105,4.12,67877.7654,-977.78,0.18
6106,4.4,19.5334,-488.34,0.18
6107,5.56,123049.5225,-807.78,0.19
6108,8.4,38.2403,-250.63,0.19
6109,7.92,38.232,-250.42,0.17
6110,4.24,0.2368,-1005.56,0.17
6111,9.56,145.8235,-260.84,0.19
6112,4.68,19.4634,-486.58,0.18
6113,5.28,10.663,-266.57,0.19
6114,9.08,38.5381,-508.05,0.19
6115,9.84,0.0533,-251.32,0.2
6116,4.64,37.1054,-927.64,0.17
6117,6.36,359879.2994,-616.1,0.19
6118,7.8,0.7251,-18.13,0.18
6119,5.92,3.6538,-91.34,0.19
6120,5.2,21.301,-782.52,0.17
6121,10.44,119081.3581,-252.41,0.19
6122,5.76,33916.0838,-544.26,0.22
6123,8.8,11.7828,-250.56,0.19
6124,7.0,2.2329,-778.75,0.17
6125,12.0,2.8215,-70.54,0.17
6126,6.04,355300.8858,-778.7,0.21
6127,10.0,2684.1528,-258.54,0.23
6128,8.48,50.5496,-514.35,0.25
6129,9.56,96710.1821,-751.55,0.18
6130,9.36,0.045,-751.07,0.22
6131,5.2,9.0048,-475.1,0.21
6132,8.68,421.0266,-252.97,0.2
6133,11.96,0.291,-757.24,0.22
6134,5.96,1234485.9793,-1285.86,0.18
6135,11.6,6.1698,-154.25,0.17
6136,9.12,12.3794,-265.47,0.2
6137,8.52,38.5098,-258.37,0.18
6138,12.24,2567.4662,-288.35,0.17
6139,8.36,6.3479,-158.7,0.18
6140,11.48,1422941.0488,-1003.48,0.23
6141,8.72,38.2583,-251.08,0.17
6142,6.48,8.841,-221.02,0.22
6143,8.64,12.064,-257.59,0.18
6144,6.52,120033.4782,-746.08,0.2
6145,6.16,547738.7364,-1044.79,0.18
6146,8.16,0.4046,-258.72,0.19
6147,12.0,1.0247,-25.62,0.19
6148,8.04,0.2968,-7.42,0.19
6149,9.16,420.9663,-250.46,0.19
6150,6.0,17.5816,-439.54,0.21
6151,7.36,120024.1991,-514.1,0.18
6152,10.0,6.0821,-152.05,0.18
6153,5.92,120023.8972,-756.55,0.23
6154,8.64,0.5759,-14.4,0.25
6155,9.08,0.8636,-21.59,0.24
6156,8.64,50.3274,-508.8,0.22
6157,5.92,6.6813,-417.03,0.24
6158,5.56,0.027,-0.68,0.21
6159,7.8,38.5632,-258.7,0.22
6160,6.84,579161.5439,-845.39,0.17
6161,12.0,288480.1608,-576.03,0.21
6162,9.04,842.2051,-757.71,0.17
6163,6.76,120022.4733,-470.96,0.21
6164,8.52,0.863,-21.57,0.18
6165,6.64,28.5204,-470.54,0.23
6166,8.56,38.5126,-257.44,0.21
6167,9.96,0.0468,-1.17,0.21
6168,7.6,0.67,-16.75,0.18
6169,6.32,120025.9726,-558.44,0.19
6170,6.92,8.9646,-224.12,0.2
6171,8.56,0.3549,-258.87,0.22
6172,12.68,0.725,-18.13,0.19
6173,5.92,120022.4294,-469.86,0.19
6174,5.56,3.5454,-88.63,0.24
6175,8.92,11.4787,-286.97,0.2
6176,7.48,0.3745,-9.36,0.21
6177,5.52,19.434,-485.85,0.19
6178,6.12,1.879,-46.97,0.27
6179,8.44,1.4935,-37.34,0.21
6180,6.52,0.8898,-272.24,0.18
6181,6.12,1.5538,-38.84,0.18
6182,12.04,5.9883,-149.71,0.16
6183,5.56,17.703,-442.57,0.18
6184,5.6,36.905,-922.62,0.18
6185,7.16,1418925.468,-1619.84,0.19
6186,6.08,120022.4465,-470.29,0.23
6187,8.76,56465.6699,-259.63,0.17
6188,5.84,118941.5158,-299.16,0.2
6189,8.44,11.8342,-251.85,0.18
6190,12.88,360703.9069,-1011.97,0.2
6191,6.08,19.7253,-493.13,0.21
6192,7.72,0.1291,-3.23,0.19
6193,9.12,39.0875,-271.81,0.22
6194,9.44,38734.873,-775.65,0.21
6195,7.8,918290.7374,-1313.74,0.19
6196,5.96,1.4404,-36.01,0.21
6197,4.88,14.0716,-351.79,0.18
6198,5.76,119901.6963,-271.77,0.18
6199,7.2,4967.5542,-2017.21,0.18
6200,11.04,393688.473,-1002.49,0.19
6201,11.56,1.2981,-32.45,0.2
6202,8.68,1.138,-28.45,0.19
6203,11.68,5.8533,-646.29,0.16
6204,6.52,22.4381,-1060.21,0.18
6205,7.12,18.5737,-464.34,0.21
6206,6.08,17.5812,-439.53,0.2
6207,13.0,360084.0734,-507.39,0.19
6208,8.64,0.0829,-2.07,0.18
6209,9.48,0.31,-257.38,0.21
6210,11.28,354282.2725,-1251.81,0.19
6211,9.56,56473.2065,-448.04,0.18
6212,10.52,421.2885,-258.52,0.21
6213,7.44,0.2972,-7.43,0.17
6214,9.28,421.5653,-265.44,0.22
6215,5.32,33889.8244,-516.34,0.19
6216,8.04,0.0184,-0.46,0.17
6217,8.6,11.7801,-250.49,0.18
6218,9.48,38.8498,-265.87,0.18
6219,5.84,9.008,-225.2,0.21
6220,6.96,17.779,-444.48,0.19
6221,9.56,432460.934,-1254.82,0.16
6222,6.96,46.3211,-735.54,0.19
6223,6.28,28.5079,-470.23,0.17
6224,7.8,0.134,-3.35,0.2
6225,5.92,1241736.4011,-1535.68,0.21
6226,5.64,19.4369,-485.92,0.21
6227,7.48,2.2521,-293.77,0.18
6228,9.48,420.9957,-501.18,0.2
6229,9.56,4856.0422,-284.17,0.18
6230,8.92,0.5945,-14.86,0.21
6231,8.52,38.5191,-258.6,0.19
6232,5.04,27.876,-946.89,0.21
6233,8.36,38.4568,-506.02,0.18
6234,8.52,49.9938,-500.46,0.2
6235,5.96,9.2757,-231.89,0.2
6236,7.76,1155.7198,-773.71,0.18
6237,6.0,13.7092,-342.73,0.19
6238,9.6,421.8076,-521.48,0.2
6239,9.28,38.2943,-501.97,0.19
6240,8.76,421.2407,-257.32,0.2
6241,9.96,842.5225,-515.67,0.19
6242,8.04,955494.6504,-1371.23,0.16
6243,5.72,120024.3844,-518.73,0.21
6244,9.52,19.6022,-258.89,0.17
6245,6.2,10.6518,-266.3,0.22
6246,11.68,0.0116,-250.29,0.2
6247,6.04,14.0668,-351.67,0.21
6248,6.16,1330574.2948,-1662.08,0.21
6249,8.88,1.4844,-37.11,0.2
6250,9.28,0.576,-14.4,0.19
6251,13.52,5.5382,-138.46,0.18
6252,6.48,4.8565,-121.41,0.19
6253,12.32,119081.2972,-250.89,0.19
6254,6.16,33.5193,-689.48,0.2
6255,7.92,38.3554,-253.51,0.18
6256,4.96,8.9918,-224.79,0.2
6257,11.68,0.1347,-3.37,0.16
6258,4.44,15.8371,-395.93,0.18
6259,6.64,17.6104,-440.26,0.22
6260,12.16,1074593.6963,-1060.25,0.18
6261,8.36,0.0737,-1.84,0.2
6262,5.84,52.9498,-695.18,0.19
6263,8.2,0.2957,-7.39,0.22
6264,5.44,12.4111,-310.28,0.18
6265,8.56,38.5186,-257.59,0.18
6266,9.08,0.0533,-1.33,0.24
6267,7.08,120022.4448,-720.23,0.22
6268,6.72,3.1536,-78.84,0.21
6269,5.84,1.9667,-49.17,0.22
6270,6.12,65966.0418,-733.52,0.24
6271,4.44,4872.2749,-939.82,0.25
6272,5.32,3.5398,-88.49,0.26
6273,12.36,0.5638,-14.09,0.23
6274,5.36,17.6794,-441.99,0.19
6275,10.6,358205.8983,-1571.37,0.16
6276,9.84,32236.7906,-251.76,0.17
6277,8.32,38.9593,-514.31,0.25
6278,5.2,1.8666,-46.67,0.17
6279,7.92,0.3496,-258.72,0.17
6280,10.2,476327.5094,-1061.58,0.19
6281,6.6,120024.0508,-510.4,0.21
6282,8.92,38.5182,-257.58,0.18
6283,5.96,21.094,-527.35,0.19
6284,5.88,120032.7292,-727.36,0.17
6285,6.24,17.7054,-442.63,0.19
6286,8.12,0.6339,-15.85,0.2
6287,11.6,119081.2858,-250.6,0.18
6288,8.4,0.6983,-17.46,0.19
6289,6.76,28.3075,-957.67,0.22
6290,9.2,33896.0958,-923.1,0.7
6291,12.6,360083.8048,-250.69,0.17
6292,10.28,367963.319,-501.74,0.18
6293,8.72,76.446,-500.4,0.18
6294,10.64,392427.4196,-750.45,0.21
6295,6.44,120013.6521,-1000.41,0.2
6296,5.44,1.7762,-294.39,0.22
6297,4.64,17.6797,-441.99,0.2
6298,8.96,421.8505,-522.56,0.19
6299,11.76,238169.5867,-676.59,0.22
6300,6.56,26.4931,-513.83,0.19
6301,5.88,0.0161,-0.4,0.21
6302,7.68,11.9405,-254.5,0.17
6303,8.48,38.2903,-251.88,0.18
6304,8.68,172.5129,-696.91,0.16
6305,6.36,2.2623,-56.56,0.21
6306,6.4,67937.9993,-1072.88,0.18
6307,11.0,386518.9352,-750.41,0.18
6308,8.08,38.5684,-258.83,0.17
6309,8.6,0.3373,-258.36,0.24
6310,7.52,145.8338,-1000.6,0.21
6311,4.52,10.8464,-271.16,0.17
6312,4.8,17.6952,-442.38,0.23
6313,8.04,0.1007,-252.47,0.19
6314,5.96,240032.8454,-639.39,0.19
6315,5.32,33879.4786,-257.69,0.23
6316,8.84,0.3001,-257.48,0.19
6317,11.16,32264.2347,-835.56,0.18
6318,10.84,386501.703,-671.91,0.23
6319,6.16,339345.3141,-1055.44,0.22
6320,5.92,22.851,-571.27,0.19
6321,8.92,169643.5856,-1822.63,0.18
6322,4.48,14.4569,-361.42,0.19
6323,9.72,424640.0458,-751.41,0.17
6324,6.76,120015.5142,-546.97,0.16
6325,5.24,12.4094,-310.23,0.24
6326,7.64,0.0755,-1.89,0.23
6327,9.08,421.2459,-257.45,0.22
6328,5.28,2.0632,-51.58,0.22
6329,7.0,38.6954,-1467.37,0.19
6330,10.32,8.9544,-473.73,0.2
6331,5.4,427553.9981,-821.67,0.17
6332,11.6,335726.9993,-260.75,0.2
6333,5.44,10.6541,-266.35,0.23
6334,4.0,15.8401,-396.0,0.18
6335,5.6,0.0136,-0.34,0.21
6336,8.24,0.421,-10.53,0.19
6337,10.4,0.3866,-259.53,0.2
6338,5.68,10.5544,-263.86,0.23
6339,12.96,360083.814,-250.93,0.22
6340,6.44,120018.9459,-382.77,0.22
6341,10.0,5.8531,-1146.28,0.15
6342,7.72,0.0178,-0.45,0.16
6343,4.68,26.4622,-661.56,0.17
6344,4.04,120022.5345,-722.46,0.15
6345,5.72,307764.8931,-794.47,0.16
6346,4.44,3.631,-90.77,0.17
6347,9.04,2.5069,-312.66,0.16
6348,6.16,355285.2814,-388.6,0.23
6349,9.36,119081.4183,-503.91,0.18
6350,10.88,6.3473,-908.6,0.18
6351,4.56,5.1302,-128.26,0.19
6352,11.08,119084.3243,-326.57,0.19
6353,9.12,64473.549,-753.72,0.16
6354,7.72,0.0302,-1000.53,0.19
6355,5.92,359817.1845,-1251.57,0.17
6356,10.28,0.4648,-511.56,0.17
6357,4.56,21.2895,-782.23,0.18
6358,9.4,27.497,-336.12,0.18
6359,5.24,2571.4591,-387.17,0.18
6360,5.52,26.3649,-909.1,0.23
6361,4.36,14.0754,-601.87,0.16
6362,6.6,1.8618,-46.55,0.15
6363,7.32,0.5724,-14.31,0.15
6364,7.44,0.6684,-16.71,0.15
6365,6.56,33896.9473,-694.41,0.25
6366,8.16,420.9703,-250.56,0.18
6367,6.88,1169705.3473,-1044.47,0.19
6368,8.36,76.4441,-500.35,0.18
6369,7.16,1.4322,-35.8,0.21
6370,8.8,7.3876,-434.68,0.16
6371,5.36,19.3419,-483.55,0.2
6372,7.4,38.8839,-266.72,0.18
6373,11.48,0.02,-0.5,0.18
6374,4.28,23.0566,-576.41,0.2
6375,4.84,10.5676,-514.17,0.19
6376,5.32,3.5271,-88.18,0.18
6377,7.76,38.5649,-258.75,0.18
6378,5.2,18.7652,-469.13,0.21
6379,8.68,0.0464,-1.16,0.22
6380,3.6,20.2476,-1255.96,0.17
6381,4.84,8.9068,-222.67,0.18
6382,9.72,4.9388,-123.47,0.19
6383,9.8,66119.3021,-585.28,0.2
6384,5.64,22.529,-414.72,0.2
6385,3.92,118950.1284,-764.28,0.19
6386,8.2,11.8408,-252.01,0.22
6387,4.68,38.6623,-966.56,0.21
6388,7.28,1156.4749,-542.61,0.21
6389,12.04,1.2865,-32.16,0.16
6390,4.88,10.9465,-304.06,0.19
6391,7.28,0.4626,-11.56,0.21
6392,11.04,0.6317,-15.79,0.16
6393,4.72,21.2877,-532.19,0.23
6394,4.24,33.4074,-835.18,0.22
6395,8.6,38.2284,-251.33,0.23
6396,7.96,38.8846,-266.74,0.22
6397,4.76,31.8299,-795.75,0.19
6398,8.0,0.6716,-16.79,0.19
6399,5.4,406.3694,-914.07,0.21
6400,4.44,17.5847,-439.62,0.17
6401,6.4,3.8562,-332.88,0.17
6402,6.72,2.8321,-70.8,0.15
6403,4.56,114739.2959,-514.32,0.16
6404,7.44,1.1519,-28.8,0.17
6405,6.96,339348.2246,-1225.27,0.18
6406,9.32,96710.1794,-751.49,0.17
6407,7.64,0.6986,-17.46,0.2
6408,7.08,14.1089,-545.18,0.21
6409,4.88,1.8692,-46.73,0.19
6410,5.8,1079133.3043,-1154.45,0.21
6411,4.72,14.4568,-361.42,0.22
6412,6.24,4933.9498,-1999.93,0.18
6413,5.8,474941.4619,-1022.14,0.2
6414,4.16,8.9349,-723.04,0.2
6415,5.68,694525.7137,-567.7,0.16
6416,11.84,6.3007,-157.52,0.18
6417,8.08,0.6325,-15.81,0.18
6418,5.24,8334.868,-909.5,0.18
6419,5.28,8.8969,-222.42,0.21
6420,5.56,2579.6,-840.68,0.2
6421,5.36,8.9938,-224.84,0.17
6422,4.8,3.6456,-91.14,0.16
6423,7.76,1.2115,-30.29,0.16
6424,11.56,119084.6456,-334.6,0.76
6425,5.28,17.6842,-442.1,0.2
6426,4.68,17.6895,-442.24,0.18
6427,10.96,1.2875,-32.19,0.17
6428,10.88,119084.4071,-328.64,0.19
6429,5.44,14.5803,-364.51,0.22
6430,12.68,0.2664,-6.66,0.2
6431,6.56,10.6854,-267.13,0.17
6432,4.68,1.8816,-47.04,0.26
6433,6.2,1.7857,-44.64,0.2
6434,5.64,8.81,-220.25,0.18
6435,5.24,0.0202,-0.51,0.18
6436,6.0,19.8141,-495.35,0.18
6437,5.56,10.5669,-264.17,0.18
6438,6.28,866241.5566,-1138.53,0.19
6439,8.12,0.1911,-4.78,0.19
6440,6.4,21.225,-530.62,0.21
6441,4.52,10.8624,-271.56,0.2
6442,9.72,32236.861,-253.53,0.18
6443,7.96,1319539.6556,-1780.69,0.17
6444,9.04,843.0326,-528.42,0.2
6445,4.24,21.0963,-527.41,0.21
6446,11.28,120043.5614,-326.12,0.2
6447,5.48,1.9063,-47.66,0.21
6448,6.4,390.4721,-516.63,0.18
6449,6.6,1.7718,-44.29,0.22
6450,10.72,5.8634,-146.59,0.19
6451,6.72,8.7965,-219.91,0.22
6452,11.2,0.968,-24.2,0.17
6453,12.32,22.408,-411.7,0.17
6454,8.24,50.2688,-507.33,0.2
6455,7.68,0.4044,-10.11,0.19
6456,4.12,8.9074,-222.68,0.2
6457,5.44,8.9,-222.5,0.18
6458,5.48,12.3237,-308.09,0.17
6459,9.76,0.0488,-1.22,0.2
6460,5.68,28.1499,-703.75,0.2
6461,5.76,0.1105,-2.76,0.19
6462,8.6,38.5108,-257.39,0.19
6463,11.64,5.8582,-146.46,0.19
6464,8.24,0.5766,-14.42,0.2
6465,7.64,145.8674,-261.94,0.16
6466,8.8,0.0185,-0.46,0.21
6467,5.56,114739.2784,-513.89,0.21
6468,7.48,38.883,-266.7,0.18
6469,5.56,0.1144,-2.86,0.2
6470,6.12,0.1254,-3.13,0.23
6471,9.2,0.763,-269.07,0.19
6472,4.64,14.1711,-354.28,0.19
6473,3.96,17.6076,-690.17,0.16
6474,5.0,10.652,-266.3,0.19
6475,7.08,2.5881,-537.64,0.21
6476,11.32,119081.645,-259.59,0.2
6477,5.32,1.7708,-294.25,0.19
6478,4.6,17.9721,-449.3,0.18
6479,5.08,35.1482,-878.7,0.24
6480,5.48,8320.5368,-551.22,0.18
6481,8.72,0.3658,-257.75,0.17
6482,5.76,0.013,-0.32,0.19
6483,7.64,76.4437,-501.34,0.19
6484,4.28,1.8906,-297.24,0.16
6485,10.92,119081.2936,-250.8,0.17
6486,5.48,8.9939,-224.85,0.21
6487,7.64,38.8794,-266.61,0.16
6488,9.0,11.5006,-287.52,0.17
6489,9.16,12.0666,-257.65,0.2
6490,5.68,30.5514,-763.79,0.22
6491,8.88,0.0183,-0.46,0.19
6492,7.8,0.6148,-15.37,0.2
6493,8.08,12.325,-264.11,0.22
6494,6.04,1.7869,-44.67,0.21
6495,5.96,0.2095,-5.24,0.21
6496,11.4,0.7977,-19.94,0.21
6497,5.36,9.0909,-227.27,0.18
6498,5.8,0.0175,-0.44,0.19
6499,6.88,44.0383,-721.29,0.25
6500,5.0,22.9489,-573.72,0.22
6501,5.24,19.4395,-485.99,0.17
6502,9.48,33879.8611,-267.25,0.16
6503,5.52,14.0674,-351.69,0.22
6504,4.48,3.8309,-95.77,0.16
6505,6.4,203550.7773,-870.39,0.2
6506,6.12,4.2419,-312.12,0.16
6507,11.2,0.6546,-16.37,0.19
6508,7.92,1.2985,-32.46,0.23
6509,8.4,50.2695,-507.35,0.25
6510,6.0,120015.4169,-544.52,0.21
6511,9.72,11.7964,-500.89,0.19
6512,4.68,21.1061,-527.65,0.23
6513,8.6,0.4033,-10.08,0.22
6514,7.36,38.9375,-268.06,0.17
6515,5.0,10.6648,-266.62,0.2
6516,4.6,10.6628,-516.55,0.24
6517,10.24,119089.7894,-463.19,0.23
6518,4.68,10.678,-766.9,0.21
6519,5.76,10.5556,-263.89,0.24
6520,4.92,10.6527,-266.32,0.2
6521,4.68,14.265,-356.62,0.2
6522,4.68,29.8794,-746.98,0.19
6523,6.36,1079253.9157,-2428.6,0.15
6524,4.88,21.0937,-527.34,0.19
6525,4.64,21.4039,-535.1,0.18
6526,5.08,8.9956,-224.89,0.17
6527,4.36,33.4885,-837.21,0.2
6528,5.08,19.9862,-530.05,0.17
6529,11.64,5.6762,-142.9,0.18
6530,11.04,0.6568,-516.4,0.17
6531,8.32,0.2997,-7.49,0.18
6532,7.84,38.2884,-251.83,0.18
6533,8.4,11.8354,-252.88,0.2
6534,12.0,119084.2229,-324.03,0.22
6535,9.32,119081.302,-501.0,0.17
6536,5.36,495405.081,-882.43,0.2
6537,6.2,26.4631,-661.58,0.2
6538,9.4,38745.2722,-1035.62,0.17
6539,4.68,14.2622,-356.55,0.22
6540,10.2,120043.6884,-1079.28,0.2
6541,8.32,0.6415,-16.04,0.17
6542,8.2,76.7812,-508.78,0.23
6543,8.24,38.5681,-258.82,0.18
6544,5.12,0.3057,-7.64,0.2
6545,5.76,15.0113,-375.28,0.19
6546,7.52,359849.7861,-1287.51,0.19
6547,12.24,6.5154,-162.88,0.22
6548,4.52,12.3128,-307.82,0.19
6549,6.4,8.8022,-220.05,0.25
6550,9.72,335764.8175,-500.83,0.21
6551,5.44,12.3138,-307.84,0.22
6552,5.72,12.3364,-308.41,0.19
6553,6.2,8.8942,-222.35,0.2
6554,11.08,33549.2776,-835.06,0.19
6555,7.96,12.0601,-257.49,0.23
6556,8.8,349.3778,-2500.69,0.21
6557,8.52,50.0469,-501.79,0.71
6558,5.8,10.651,-266.28,0.21
6559,4.92,10.7489,-268.72,0.26
6560,7.92,38.91,-267.37,0.21
6561,11.2,119084.9802,-342.97,0.19
6562,6.36,8.7976,-219.94,0.25
6563,9.08,0.0264,-0.66,0.43
6564,8.72,76.727,-507.42,0.26
6565,5.56,3.725,-93.12,0.33
6566,9.28,0.6511,-766.26,0.27
6567,7.24,667889.7283,-1329.76,0.24
6568,8.72,421.5824,-265.86,0.22
6569,5.0,0.138,-3.45,0.24
6570,7.2,424.1394,-579.77,0.25
6571,9.08,0.8648,-21.62,0.25
6572,11.76,238165.6516,-578.21,0.26
6573,6.04,1.8661,-46.65,0.28
6574,8.76,38.2347,-250.49,0.28
6575,8.72,50.3332,-508.94,0.27
6576,6.28,11.8709,-296.77,0.28
6577,5.64,2.1622,-54.05,0.22
6578,5.4,3.6242,-90.61,0.28
6579,5.28,8.7969,-469.91,0.33
6580,9.0,294.7408,-1751.36,0.32
6581,8.28,0.2957,-7.39,0.23
6582,8.72,38.5647,-258.74,0.22
6583,7.56,4927.8705,-1501.89,0.17
6584,7.56,39.1604,-273.63,0.18
6585,5.96,120018.4932,-371.45,0.19
6586,10.4,2.8142,-70.36,0.17
6587,8.36,38.2294,-250.36,0.17
6588,6.44,17.7053,-442.63,0.19
6589,9.0,421.5336,-264.64,0.22
6590,7.44,599799.4806,-1009.12,0.22
6591,5.64,0.3063,-7.66,0.27
6592,12.32,5.9948,-149.87,0.25
6593,5.84,1.775,-44.38,0.22
6594,5.88,19.5179,-736.21,0.23
6595,9.28,0.0658,-1.64,0.2
6596,9.0,7.9357,-198.39,0.18
6597,9.36,32240.1639,-336.1,0.17
6598,5.44,1.8677,-46.69,0.23
6599,4.16,38.6896,-967.24,0.2
6600,4.64,10.6706,-266.76,0.17
6601,5.76,45.724,-514.54,0.23
6602,8.48,39.0733,-271.46,0.19
6603,7.92,38.5681,-258.83,0.19
6604,6.52,17.5821,-439.55,0.19
6605,7.92,40.152,-298.42,0.22
6606,8.68,354296.6146,-507.32,0.26
6607,8.48,88.2068,-750.41,0.31
6608,11.6,399780.0672,-646.39,0.32
6609,8.24,0.075,-1.88,0.31
6610,5.0,28.2208,-705.52,0.25
6611,6.8,459147.4858,-584.81,0.17
6612,6.04,1.7701,-44.25,0.19
6613,6.04,1126501.1442,-1106.76,0.17
6614,5.12,11.8721,-296.8,0.18
6615,9.4,0.0584,-251.08,0.2
6616,4.6,1.8842,-47.11,0.17
6617,10.96,239124.5825,-820.09,0.19
6618,7.68,38.2857,-251.77,0.17
6619,8.6,38.7922,-265.43,0.18
6620,4.8,3.6266,-90.66,0.17
6621,5.92,153910.4462,-941.01,0.21
6622,5.64,14.0683,-351.71,0.23
6623,8.6,0.3009,-7.52,0.27
6624,5.68,0.2081,-5.2,0.25
6625,9.72,459.1868,-750.55,0.23
6626,8.96,39.0791,-271.6,0.31
6627,5.56,2.0657,-299.19,0.22
6628,5.08,19.4359,-485.9,0.19
6629,5.96,1533593.4777,-1617.06,0.21
6630,5.44,7.1388,-178.47,0.24
6631,5.48,9.0336,-225.84,0.36
6632,8.96,33880.2726,-527.52,0.4
6633,8.36,146.0836,-517.33,0.28
6634,4.8,9.1908,-229.77,0.3
6635,6.76,882806.5489,-1257.66,0.29
6636,5.0,3.5276,-88.19,0.24
6637,8.64,179071.8805,-1759.69,0.31
6638,5.52,37.4782,-694.49,0.31
6639,6.08,427551.1684,-500.97,0.26
6640,11.6,360089.4765,-392.49,0.2
6641,6.04,33.7155,-694.39,0.18
6642,8.56,0.2972,-7.43,0.2
6643,11.68,119084.3077,-326.15,0.17
6644,8.44,77.0076,-514.43,0.19
6645,6.88,1002598.7826,-1613.11,0.25
6646,5.2,359853.195,-472.38,0.28
6647,7.24,0.6686,-16.71,0.28
6648,5.72,8.9075,-222.69,0.28
6649,11.4,0.6613,-16.53,0.22
6650,12.08,1.1664,-29.16,0.28
6651,8.12,191.4767,-1260.03,0.17
6652,8.04,359952.9012,-1793.0,0.16
6653,8.0,158.1011,-567.78,0.17
6654,6.68,719614.3034,-2012.76,0.15
6655,5.04,17.6769,-441.92,0.16
6656,5.0,17.803,-445.07,0.17
6657,7.92,0.1308,-3.27,0.17
6658,8.48,38.2473,-250.81,0.17
6659,5.8,26.3766,-659.41,0.18
6660,6.44,120027.4465,-595.29,0.16
6661,4.72,22.8512,-571.28,0.17
6662,5.64,0.1122,-2.8,0.19
6663,4.28,8.9134,-472.81,0.21
6664,8.12,359709.7068,-1076.63,0.17
6665,7.4,1.9708,-49.27,0.15
6666,7.56,0.2052,-5.13,0.17
6667,5.36,10.7498,-268.75,0.19
6668,12.44,0.3574,-8.93,0.17
6669,7.2,0.7782,-19.45,0.72
6670,5.44,427558.8727,-943.23,0.2
6671,5.52,26.4745,-661.86,0.28
6672,9.76,456924.9608,-1500.67,0.21
6673,5.12,120019.0176,-384.56,0.26
6674,5.32,37.002,-925.05,0.25
6675,7.64,0.0217,-0.54,0.22
6676,7.4,0.239,-5.98,0.25
6677,11.56,3.0422,-575.98,0.28
6678,5.24,17.6776,-441.94,0.21
6679,7.88,38.2324,-250.43,0.17
6680,6.0,479612.9627,-741.53,0.2
6681,5.4,1.927,-48.17,0.19
6682,5.04,10.748,-268.7,0.18
6683,5.52,29.8792,-746.98,0.25
6684,5.0,5.3816,-134.54,0.29
6685,5.12,26.692,-518.8,0.28
6686,7.8,38.5621,-258.68,0.27
6687,4.92,14.1662,-354.16,0.3
6688,7.76,1.1554,-265.35,0.19
6689,4.92,26.5914,-516.28,0.2
6690,5.48,5.3811,-134.53,0.19
6691,4.96,9.0082,-225.2,0.18
6692,10.88,120043.9294,-335.32,0.18
6693,5.4,21.2085,-530.21,0.2
6694,4.32,14.0722,-351.8,0.18
6695,8.04,0.2932,-7.33,0.2
6696,5.64,10.6505,-266.26,0.18
6697,8.92,32240.2925,-340.31,0.16
6698,5.52,29.8792,-746.98,0.23
6699,10.88,0.0211,-250.51,0.16
6700,9.0,152.6958,-432.64,0.17
6701,4.8,21.3012,-532.53,0.27
6702,8.0,0.8397,-20.99,0.36
6703,4.32,31.8409,-796.02,0.29
6704,5.56,5.4783,-136.96,0.21
6705,6.12,787253.9012,-757.39,0.17
6706,5.88,28.1532,-703.83,0.18
6707,5.88,28.3191,-707.98,0.18
6708,6.76,782836.2631,-884.89,0.21
6709,6.8,67849.5623,-272.71,0.21
6710,8.28,14.1104,-602.69,0.16
6711,9.08,1.0942,-28.35,0.17
6712,6.36,33888.0917,-473.02,0.19
6713,8.04,38.2846,-251.74,0.2
6714,6.04,36.9068,-922.67,0.2
6715,5.0,3.6273,-340.67,0.2
6716,6.56,427727.9732,-616.6,0.23
6717,9.88,0.7502,-18.76,0.21
6718,7.44,2.251,-292.74,0.16
6719,7.6,1.3211,-33.03,0.21
6720,5.4,1.781,-44.52,0.23
6721,5.28,10.7094,-267.73,0.17
6722,5.64,4.0302,-100.75,0.19
6723,7.84,39.3709,-278.9,0.36
6724,7.6,0.6693,-16.73,0.22
6725,5.48,22.9644,-331.64,0.25
6726,5.72,1.867,-46.67,0.2
6727,5.56,3.7234,-93.09,0.19
6728,8.32,0.2974,-7.44,0.18
6729,7.48,1.7767,-44.42,0.21
6730,7.48,0.2956,-7.39,0.18
6731,8.48,23.5419,-500.53,0.2
6732,8.88,6.9166,-172.91,0.21
6733,6.04,1017733.3206,-837.92,0.23
6734,6.16,610883.3974,-1138.16,0.2
6735,9.6,0.3368,-8.42,0.24
6736,10.12,752594.1178,-1003.16,0.21
6737,5.68,10.5532,-263.83,0.23
6738,5.2,19.5339,-488.35,0.18
6739,5.4,12.3124,-307.81,0.2
6740,7.88,38.569,-258.85,0.21
6741,7.32,174.9164,-1260.18,0.18
6742,10.36,1080524.1817,-1008.02,0.16
6743,5.72,10.6629,-266.57,0.17
6744,7.72,0.6211,-15.53,0.21
6745,6.08,3.5245,-88.11,0.2
6746,7.12,39.3677,-278.82,0.17
6747,5.64,27.1924,-929.8,0.32
6748,6.04,38.6704,-338.2,0.23
6749,10.12,32240.7122,-599.79,0.22
6750,6.56,1716849.5187,-1294.78,0.19
6751,5.56,8.9932,-224.83,0.2
6752,7.12,1.694,-42.35,0.19
6753,5.4,1.8669,-46.67,0.24
6754,5.36,26.5735,-664.34,0.19
6755,5.28,1.8698,-46.74,0.22
6756,8.4,12.0629,-257.56,0.2
6757,8.12,76.4451,-500.37,0.19
6758,5.12,8.9934,-224.84,0.22
6759,5.92,339246.8263,-588.15,0.18
6760,5.88,11.539,-288.48,0.2
6761,7.56,0.4079,-10.2,0.19
6762,9.32,96734.3414,-1002.23,0.2
6763,4.92,3.6272,-90.68,0.18
6764,5.0,12.5108,-312.77,0.2
6765,10.32,476329.9577,-1372.62,0.19
6766,7.96,421.354,-260.15,0.18
6767,5.44,10.5561,-263.9,0.18
6768,5.4,4.0063,-100.16,0.18
6769,6.28,359751.5441,-1000.93,0.17
6770,7.52,38.8812,-266.65,0.17
6771,4.68,359732.3559,-1246.99,0.21
6772,8.04,0.07,-1.75,0.21
6773,3.52,38.6832,-1217.06,0.16
6774,4.44,14.1642,-354.11,0.18
6775,7.96,1.4559,-36.4,0.18
6776,3.92,35.3441,-883.6,0.16
6777,6.44,4.4062,-583.09,0.2
6778,7.92,0.1323,-3.31,0.17
6779,8.72,8.2844,-207.11,0.16
6780,7.92,0.6137,-15.34,0.2
6781,6.12,1.774,-44.35,0.19
6782,7.2,694526.682,-591.91,0.22
6783,8.2,0.1302,-3.25,0.19
6784,8.36,39.0735,-271.46,0.18
6785,6.92,0.0144,-0.36,0.22
6786,8.96,128947.0155,-1003.39,0.16
6787,7.16,120019.8494,-405.36,0.22
6788,12.56,11.0583,-276.46,0.2
6789,12.0,119081.6397,-259.45,0.18
6790,5.08,14.2616,-356.54,0.24
6791,8.04,0.6436,-16.09,0.18
6792,8.24,12.3358,-264.38,0.18
6793,8.92,0.855,-271.36,0.19
6794,5.84,0.0132,-0.33,0.2
6795,6.72,767546.625,-1300.2,0.2
6796,4.92,1.9816,-49.54,0.74
6797,4.52,28.2403,-706.01,0.21
6798,6.2,8.8091,-220.23,0.2
6799,5.24,3.5266,-88.17,0.19
6800,5.68,1.8712,-46.78,0.21
6801,7.04,1140808.2447,-1116.89,0.2
6802,11.48,238165.7554,-580.81,0.19
6803,7.44,1.4314,-35.79,0.2
6804,8.6,88.2076,-750.43,0.18
6805,10.68,841.9272,-500.79,0.2
6806,6.08,10.5544,-263.86,0.2
6807,7.96,38.3409,-253.15,0.17
6808,6.24,1146960.5311,-1111.24,0.17
6809,11.48,238165.0045,-812.01,0.17
6810,12.16,641.7751,-803.11,0.2
6811,4.64,0.3229,-8.07,0.18
6812,6.92,1.8088,-45.22,0.19
6813,8.96,0.3401,-8.5,0.24
6814,9.76,38.8375,-265.56,0.21
6815,8.6,421.0273,-251.99,0.18
6816,8.72,38.511,-257.4,0.19
6817,10.32,0.3294,-8.24,0.16
6818,12.76,5.676,-141.9,0.19
6819,4.96,12.41,-310.25,0.17
6820,5.28,18.1846,-704.61,0.2
6821,5.88,0.2088,-5.22,0.22
6822,7.48,38.2864,-251.78,0.16
6823,9.8,359162.3344,-1250.97,0.16
6824,8.48,19.625,-259.46,0.18
6825,8.84,420.9643,-250.41,0.18
6826,9.4,0.0338,-0.85,0.2
6827,7.08,39.4803,-281.63,0.18
6828,5.72,902493.7704,-1301.62,0.2
6829,5.68,10.5569,-263.92,0.21
6830,8.92,0.0256,-0.64,0.2
6831,5.24,1.9675,-49.19,0.19
6832,8.8,841.967,-501.78,0.21
6833,8.44,0.3023,-7.56,0.19
6834,6.48,766907.5591,-1258.78,0.2
6835,11.44,0.789,-269.7,0.17
6836,8.04,77.0654,-515.88,0.22
6837,5.64,26.4647,-661.62,0.2
6838,8.56,0.0706,-1.77,0.18
6839,8.56,76.9878,-513.94,0.19
6840,6.36,407096.6672,-618.63,0.19
6841,8.4,113083.2208,-931.53,0.17
6842,7.2,245.625,-2499.67,0.22
6843,8.64,11.8905,-253.25,0.2
6844,9.28,456880.1576,-1085.2,0.15
6845,8.36,0.9217,-23.04,0.17
6846,6.08,0.1249,-3.12,0.18
6847,4.28,28.2237,-705.59,0.18
6848,4.96,21.0941,-527.35,0.2
6849,8.36,0.4425,-11.06,0.19
6850,9.4,421.0079,-251.5,0.18
6851,5.36,1.871,-46.78,0.19
6852,12.08,6.1826,-404.55,0.19
6853,8.28,0.015,-0.37,0.24
6854,11.4,0.347,-258.65,0.22
6855,5.96,14.08,-352.0,0.22
6856,6.2,8.858,-221.45,0.27
6857,4.8,5.4783,-136.96,0.19
6858,6.48,10.6514,-266.28,0.19
6859,10.52,842.27,-509.36,0.19
6860,6.4,8.8124,-220.31,0.21
6861,5.0,21.1932,-779.81,0.17
6862,6.36,19.3382,-483.45,0.18
6863,6.48,0.4923,-12.31,0.17
6864,9.16,1.1166,-27.92,0.15
6865,9.12,0.6483,-16.21,0.18
6866,5.88,0.2359,-5.9,0.22
6867,8.92,0.2995,-7.49,0.21
6868,5.16,5.4791,-136.98,0.23
6869,5.64,8.9926,-224.81,0.2
6870,4.96,28.1222,-703.06,0.19
6871,8.2,360918.7111,-1837.5,0.17
6872,8.24,0.7336,-18.34,0.2
6873,5.16,17.6777,-441.94,0.2
6874,9.68,880.1394,-750.71,0.18
6875,6.08,0.0142,-0.35,0.2
6876,5.04,10.5728,-264.32,0.18
6877,7.8,0.9007,-22.52,0.18
6878,5.16,17.6812,-442.03,0.19
6879,6.68,35.1542,-878.86,0.24
6880,8.12,0.3568,-8.92,0.22
6881,7.2,187752.8523,-584.32,0.17
6882,6.12,8.8943,-222.36,0.2
6883,10.4,0.1128,-252.82,0.15
6884,5.2,19.3853,-484.63,0.17
6885,11.04,357246.8449,-826.5,0.21
6886,7.76,0.9485,-23.71,0.18
6887,10.56,119081.6826,-260.53,0.17
6888,6.72,0.0268,-0.67,0.21
6889,5.16,1.8684,-46.71,0.21
6890,5.68,3.6238,-90.6,0.21
6891,9.44,420.9813,-250.84,0.22
6892,8.48,76.53,-502.5,0.19
6893,9.68,360190.7368,-501.38,0.26
6894,6.12,0.0259,-0.65,0.21
6895,6.04,120015.5145,-296.99,0.18
6896,7.76,38.5666,-258.79,0.22
6897,9.84,38.7993,-264.61,0.2
6898,6.28,599625.2018,-956.64,0.18
6899,8.44,0.0221,-0.55,0.18
6900,6.24,120025.9469,-557.8,0.2
6901,7.92,38.5646,-258.74,0.15
6902,4.92,17.5862,-439.66,0.2
6903,8.28,0.0184,-0.46,0.17
6904,7.24,0.6675,-16.69,0.16
6905,6.16,0.0308,-0.77,0.18
6906,6.4,4.0346,-100.87,0.21
6907,7.32,11.9107,-547.04,0.27
6908,6.28,1330218.9646,-1848.74,0.19
6909,7.72,0.627,-15.67,0.18
6910,7.84,0.4064,-10.16,0.18
6911,5.24,1.9655,-49.14,0.18
6912,6.8,120018.5874,-373.81,0.23
6913,5.4,1.8706,-46.77,0.19
6914,7.28,766797.739,-833.53,0.18
6915,9.08,0.0634,-1.58,0.18
6916,5.48,19.8272,-495.68,0.18
6917,6.48,6.6217,-165.54,0.2
6918,6.36,907272.348,-1127.69,0.18
6919,9.12,0.3071,-7.68,0.19
6920,6.16,1.8712,-46.78,0.18
6921,11.52,357243.9823,-754.94,0.17
6922,9.72,0.2986,-7.46,0.2
6923,5.64,3.7241,-93.1,0.2
6924,6.52,19.3639,-484.1,0.2
6925,7.92,38.2314,-250.41,0.17
6926,6.72,787426.2877,-762.56,0.21
6927,5.28,0.208,-255.19,0.73
6928,10.44,238170.7906,-706.69,0.17
6929,8.04,0.2928,-7.32,0.17
6930,8.36,38.5195,-257.61,0.21
6931,5.36,1.783,-44.57,0.19
6932,5.72,5.8584,-146.46,0.19
6933,4.72,10.6488,-266.22,0.18
6934,5.48,120013.8576,-255.56,0.2
6935,8.48,459.5144,-508.79,0.17
6936,9.24,0.3018,-7.54,0.2
6937,5.88,0.0287,-0.72,0.19
6938,12.68,7.8172,-195.43,0.17
6939,6.84,10.579,-264.47,0.19
6940,6.2,1.8659,-46.65,0.19
6941,5.2,33889.8226,-516.29,0.22
6942,9.2,547.376,-1250.56,0.17
6943,10.16,432.7544,-751.15,0.19
6944,8.88,0.3616,-9.04,0.18
6945,9.6,6.983,-174.57,0.17
6946,8.76,0.5755,-257.38,0.18
6947,9.52,421.2574,-507.36,0.19
6948,7.08,364576.5512,-1446.35,0.2
6949,8.16,38.566,-258.77,0.23
6950,8.56,38.8004,-264.63,0.22
6951,5.64,10.5673,-264.18,0.24
6952,5.56,28.6925,-474.84,0.23
6953,8.76,88.8086,-765.45,0.18
6954,6.84,10.5707,-264.27,0.22
6955,6.2,0.0142,-0.36,0.19
6956,6.48,1465743.6845,-1838.56,0.17
6957,11.24,238165.6388,-577.89,0.19
6958,5.4,0.4052,-10.13,0.35
6959,5.8,13.5472,-338.68,0.23
6960,5.84,1293788.3786,-1780.82,0.19
6961,10.84,841.9708,-501.88,0.26
6962,6.72,7.1764,-179.41,0.31
6963,8.36,480311.5186,-807.01,0.28
6964,12.8,620.2633,-515.3,0.26
6965,7.28,240030.8872,-1056.8,0.2
6966,10.36,784806.6586,-1001.98,0.24
6967,11.24,1808.303,-649.73,0.24
6968,10.68,33885.1038,-398.32,0.21
6969,5.92,1.8701,-46.75,0.22
6970,6.68,17.5843,-439.61,0.28
6971,8.72,38.2362,-250.53,0.28
6972,8.08,579582.2062,-2088.2,0.2
6973,6.44,18.9102,-472.76,0.21
6974,4.76,8.7985,-219.96,0.18
6975,9.4,12.0657,-507.61,0.24
6976,7.44,21.2961,-383.9,0.21
6977,9.72,38.5508,-258.39,0.18
6978,6.76,120028.2397,-615.12,0.19
6979,7.48,240435.2867,-1455.25,0.2
6980,9.16,842.4866,-1014.74,0.21
6981,10.32,720333.2631,-502.1,0.18
6982,5.44,28.6056,-715.14,0.22
6983,6.28,0.0448,-1.12,0.5
6984,6.12,17.5834,-439.58,0.33
6985,8.52,420.9629,-500.36,0.25
6986,6.88,882273.7666,-1282.01,0.25
6987,7.36,120031.2685,-690.84,0.3
6988,5.88,8317.4803,-474.8,0.22
6989,5.28,0.1116,-2.79,0.19
6990,6.24,8.9762,-224.41,0.2
6991,9.12,0.0479,-1.2,0.19
6992,6.4,3.5406,-88.52,0.22
6993,9.36,1.1522,-28.8,0.24
6994,8.44,0.579,-14.48,0.18
6995,12.96,3.3903,-84.76,0.21
6996,9.28,0.3024,-7.56,0.21
6997,9.92,421.5737,-515.27,0.22
6998,6.32,120050.6538,-1175.47,0.22
6999,13.88,634.9143,-1131.56,0.2
7000,5.56,1.7723,-44.31,0.21
7001,12.36,0.6482,-266.18,0.15
7002,5.32,3.5296,-88.24,0.17
7003,6.16,37.1075,-299.12,0.2
7004,4.88,10.5589,-263.97,0.22
7005,4.72,2.1606,-54.02,0.23
7006,5.6,3.5275,-88.19,0.25
7007,8.96,0.0783,-1.96,0.19
7008,8.4,76.445,-500.37,0.2
7009,8.6,854.2228,-764.17,0.22
7010,9.56,32260.8488,-500.91,0.17
7011,5.24,8.9365,-223.41,0.18
7012,8.56,77.1247,-517.36,0.18
7013,4.6,28.1318,-703.3,0.16
7014,7.56,38.2858,-251.77,0.23
7015,5.68,10.553,-263.82,0.2
7016,5.4,12.3111,-307.78,0.19
7017,8.56,0.3144,-7.86,0.19
7018,8.32,0.303,-7.58,0.21
7019,10.56,0.0367,-0.92,0.17
7020,7.92,38.5098,-257.37,0.17
7021,5.72,24.643,-616.08,0.19
7022,6.72,115.515,-1001.35,0.19
7023,7.6,38.9938,-269.47,0.18
7024,6.2,187752.1346,-566.38,0.17
7025,10.48,1068689.5695,-1169.16,0.15
7026,8.24,11.8588,-502.44,0.17
7027,8.0,359836.108,-1432.12,0.19
7028,6.12,1.7946,-44.86,0.18
7029,8.24,0.5781,-14.45,0.17
7030,6.8,10.2767,-506.58,0.23
7031,5.2,8.9807,-224.52,0.17
7032,10.88,0.0421,-251.04,0.18
7033,6.72,119907.9784,-428.82,0.24
7034,5.12,9.088,-227.2,0.21
7035,6.36,239920.4366,-649.4,0.18
7036,5.24,10.6702,-266.75,0.18
7037,5.4,3.6238,-90.6,0.19
7038,5.88,1106039.5191,-1046.33,0.17
7039,5.88,1.8681,-296.68,0.18
7040,6.52,934091.1072,-1410.94,0.18
7041,6.2,1106041.7016,-1100.9,0.21
7042,8.0,38.5724,-258.93,0.17
7043,4.52,19.5351,-488.38,0.16
7044,5.88,922954.5974,-1342.1,0.2
7045,5.64,8.8946,-222.36,0.22
7046,10.72,0.9853,-524.57,0.23
7047,7.84,0.1283,-3.21,0.18
7048,5.52,28.1266,-703.17,0.18
7049,7.84,0.3496,-8.74,0.72
7050,5.16,3.5287,-88.22,0.18
7051,5.72,8.9092,-222.73,0.18
7052,8.56,459.5094,-510.66,0.22
7053,10.0,239124.3168,-563.46,0.17
7054,5.2,54.5772,-735.87,0.19
7055,7.44,38.3983,-254.58,0.2
7056,7.72,1.6952,-278.85,0.16
7057,4.64,3.5626,-89.06,0.2
7058,7.96,38.514,-257.47,0.21
7059,7.16,120024.2845,-516.24,0.18
7060,11.2,119084.3685,-327.67,0.19
7061,10.32,32267.5893,-669.43,0.17
7062,7.44,1.0974,-27.43,0.17
7063,7.96,38.2289,-250.35,0.16
7064,5.12,8.8112,-220.28,0.16
7065,5.0,3.7222,-93.05,0.22
7066,8.36,242.0044,-260.29,0.24
7067,12.16,119081.3816,-253.0,0.19
7068,8.16,146.1242,-268.35,0.2
7069,5.48,3.5272,-88.18,0.2
7070,6.16,8.8959,-222.4,0.18
7071,6.56,834815.338,-1002.67,0.19
7072,5.36,1.9009,-47.52,0.22
7073,11.0,3.3972,-84.93,0.17
7074,5.92,0.219,-5.47,0.22
7075,4.96,13.7225,-343.06,0.19
7076,5.56,12.3233,-308.08,0.2
7077,5.04,10.6584,-266.46,0.2
7078,5.96,187752.18,-567.51,0.17
7079,4.88,11.3322,-283.3,0.19
7080,8.8,0.2981,-7.45,0.18
7081,8.8,0.0802,-2.0,0.18
7082,4.92,17.7818,-444.54,0.18
7083,8.32,0.3501,-8.75,0.2
7084,8.24,38.2875,-251.81,0.25
7085,5.92,667354.5675,-1044.67,0.18
7086,10.64,48.2116,-500.68,0.19
7087,6.68,1517794.1055,-1294.81,0.2
7088,6.32,17.6936,-442.34,0.18
7089,6.0,21.0944,-527.36,0.23
7090,5.56,14.1663,-354.16,0.18
7091,5.24,3.7221,-93.05,0.19
7092,5.84,3.6289,-90.72,0.22
7093,8.92,0.0512,-1.28,0.21
7094,5.0,5.3794,-134.48,0.19
7095,5.68,3.6952,-92.38,0.19
7096,11.72,1.3626,-34.06,0.17
7097,6.04,0.1135,-2.84,0.22
7098,5.48,1.8703,-46.76,0.18
7099,8.2,0.5815,-14.54,0.17
7100,8.96,38.57,-258.87,0.18
7101,6.04,17.6903,-442.26,0.2
7102,6.64,120017.2845,-341.24,0.18
7103,6.2,8317.4832,-474.88,0.18
7104,5.12,10.5673,-264.18,0.26
7105,5.4,8.8198,-220.5,0.2
7106,5.0,17.8762,-446.9,0.17
7107,6.2,1701234.5718,-1817.7,0.2
7108,8.92,38.8015,-264.66,0.21
7109,6.48,114739.3018,-514.47,0.22
7110,10.76,671480.7138,-838.08,0.21
7111,5.52,5.4911,-137.28,0.19
7112,8.44,1.8885,-47.21,0.18
7113,4.16,11.8873,-547.02,0.18
7114,12.16,0.6043,-15.11,0.19
7115,4.04,22.9486,-823.69,0.16
7116,5.88,120040.0468,-1159.57,0.17
7117,4.72,22.8584,-571.46,0.22
7118,6.32,8.8979,-222.45,0.19
7119,8.76,88.7648,-764.35,0.18
7120,4.6,19.4468,-516.56,0.18
7121,5.36,495412.1683,-1059.62,0.15
7122,11.4,0.6551,-16.38,0.16
7123,4.72,10.5552,-263.88,0.17
7124,5.28,2.178,-54.45,0.18
7125,6.56,120025.9796,-775.71,0.2
7126,4.8,9.0915,-227.29,0.19
7127,5.92,19.5898,-489.75,0.2
7128,10.88,119084.0949,-320.83,0.18
7129,8.44,1.1581,-28.95,0.18
7130,5.56,1626562.0268,-1566.1,0.18
7131,9.6,358205.5972,-1063.8,0.17
7132,9.24,1.0896,-27.24,0.21
7133,8.84,0.5913,-14.78,0.19
7134,5.6,17.6972,-442.43,0.18
7135,5.68,120023.9412,-507.65,0.21
7136,5.32,52.8157,-1320.39,0.19
7137,8.44,529093.5865,-777.26,0.16
7138,10.76,238165.0033,-562.0,0.21
7139,11.32,0.66,-16.5,0.21
7140,8.72,38.2354,-250.51,0.19
7141,11.88,6.4516,-161.29,0.25
7142,12.24,5.9649,-149.12,0.24
7143,5.36,10.7496,-268.74,0.19
7144,8.6,0.5948,-15.87,0.27
7145,11.24,392406.7137,-585.1,0.26
7146,6.4,6.6344,-165.86,0.25
7147,5.16,3.5276,-88.19,0.18
7148,8.0,0.1832,-4.58,0.17
7149,8.76,50.278,-507.56,0.17
7150,7.04,724384.9363,-2501.29,0.17
7151,7.84,0.3596,-8.99,0.27
7152,7.84,2693.5466,-272.27,0.25
7153,6.64,1058655.621,-935.04,0.33
7154,10.96,392427.9921,-764.76,0.36
7155,4.96,12.4122,-310.3,0.38
7156,6.2,1043141.4251,-1617.42,0.24
7157,5.56,8.7998,-219.99,0.29
7158,8.56,0.3105,-7.76,0.32
7159,8.24,0.4409,-11.02,0.24
7160,10.2,392454.8784,-1084.61,0.26
7161,9.72,119083.937,-316.88,0.29
7162,8.12,38.5166,-257.54,0.21
7163,5.24,5.3832,-134.58,0.21
7164,5.2,1.8702,-46.75,0.21
7165,5.68,3.5403,-88.51,0.23
7166,7.52,38.62,-260.12,0.21
7167,8.16,39.3919,-279.42,0.24
7168,5.08,10.849,-271.22,0.23
7169,7.92,38.3413,-503.14,0.24
7170,5.8,10.2364,-255.91,0.26
7171,11.0,238165.5844,-576.53,0.32
7172,5.16,10.6584,-266.46,0.22
7173,7.44,1319534.1364,-1790.99,0.26
7174,4.88,19.6299,-490.75,0.19
7175,7.84,0.8931,-22.33,0.19
7176,6.16,120015.601,-299.15,0.74
7177,6.28,8.7985,-219.96,0.22
7178,4.76,28.2199,-705.5,0.25
7179,5.8,10.5509,-263.77,0.31
7180,5.36,10.5562,-263.9,0.33
7181,11.52,0.7853,-19.63,0.25
7182,8.92,0.0188,-1.47,0.2
7183,7.92,146.1342,-268.6,0.28
7184,4.92,8.9916,-224.79,0.24
7185,5.4,0.0147,-0.37,0.26
7186,8.04,0.1262,-3.16,0.34
7187,8.0,0.8397,-20.99,0.26
7188,3.88,37.1882,-929.7,0.24
7189,9.4,1166.3664,-509.42,0.31
7190,5.36,2.0624,-51.56,0.26
7191,8.08,0.0711,-1.78,0.26
7192,7.68,0.2961,-757.4,0.32
7193,6.72,1.9161,-47.9,0.34
7194,7.96,291.1822,-510.05,0.44
7195,11.68,0.3487,-8.72,0.51
7196,8.44,12.9421,-529.52,0.5
7197,4.88,4.4665,-111.66,0.36
7198,6.0,662804.3626,-1287.44,0.29
7199,9.28,38.2525,-250.94,0.33
7200,7.52,0.2147,-255.3,0.3
7201,5.16,8.8956,-222.39,0.36
7202,6.44,615417.1616,-1093.57,0.42
7203,5.24,631099.0555,-1299.1,0.3
7204,5.32,19.4345,-485.86,0.28
7205,8.16,50.4435,-511.7,0.4
7206,4.8,38.6629,-966.57,0.38
7207,4.52,10.6745,-516.86,0.25
7208,7.8,0.2917,-8.29,0.49
7209,7.92,38.6016,-259.66,0.39
7210,5.08,2.0618,-51.55,0.34
7211,4.08,14.2796,-356.99,0.33
7212,7.56,38.3401,-253.13,0.3
7213,8.24,0.025,-0.63,0.28
7214,4.2,38.8639,-475.69,0.31
7215,4.56,21.3871,-534.68,0.44
7216,4.72,427571.4376,-1007.7,0.37
7217,8.16,12.0638,-258.58,0.41
7218,10.56,1.12,-277.97,0.19
7219,9.88,0.1766,-6.42,0.18
7220,5.08,1.9659,-49.15,0.19
7221,4.52,23.0457,-576.14,0.21
7222,4.64,21.1919,-529.8,0.19
7223,8.0,0.8381,-20.95,0.17
7224,5.72,0.1105,-252.75,0.2
7225,6.04,17.7905,-444.76,0.2
7226,10.04,0.0612,-1.53,0.18
7227,11.56,0.4774,-11.94,0.18
7228,5.84,10.5629,-264.07,0.18
7229,10.6,357243.9065,-753.04,0.17
7230,7.92,39.3144,-277.48,0.28
7231,5.12,19.3458,-483.64,0.24
7232,8.08,38.705,-512.23,0.19
7233,8.24,114.9392,-757.35,0.22
7234,8.64,1260.4264,-1792.75,0.2
7235,11.16,0.3472,-8.68,0.16
7236,7.8,174308.7722,-1517.79,0.17
7237,8.64,478.7404,-3000.73,0.18
7238,8.0,939035.7658,-1084.55,0.21
7239,8.64,77.0046,-514.36,0.19
7240,9.88,120045.4815,-374.12,0.18
7241,5.24,12.4075,-310.19,0.22
7242,5.32,0.1106,-2.77,0.22
7243,6.16,114739.3745,-516.29,0.27
7244,5.2,3.7226,-93.07,0.2
7245,7.84,39.1699,-273.87,0.19
7246,5.2,28.3523,-560.3,0.2
7247,5.28,5.3814,-134.53,0.28
7248,5.84,954656.7208,-1250.85,0.21
7249,5.04,33.8134,-696.83,0.22
7250,9.92,0.0246,-750.57,0.18
7251,5.52,2.0651,-51.63,0.26
7252,7.2,0.4612,-261.51,0.2
7253,7.2,204.0401,-2000.36,0.21
7254,4.64,29.8801,-747.0,0.23
7255,7.84,39.8728,-292.44,0.27
7256,5.16,3.7241,-93.1,0.26
7257,7.84,77.2646,-520.86,0.17
7258,10.96,0.6589,-16.47,0.21
7259,7.96,38.2348,-250.49,0.18
7260,5.28,2.0651,-51.63,0.22
7261,5.8,27.2495,-931.22,0.22
7262,10.6,119081.2892,-250.69,0.16
7263,10.6,238165.5621,-575.97,0.18
7264,11.88,0.7825,-19.56,0.19
7265,6.76,34782.1117,-544.6,0.23
7266,9.52,33880.3486,-279.44,0.21
7267,7.0,18.7016,-467.54,0.24
7268,8.16,12.055,-258.37,0.32
7269,7.68,39.2168,-275.04,0.2
7270,5.84,1.8672,-46.68,0.23
7271,7.08,427604.4121,-1029.61,0.22
7272,9.04,13.7774,-344.44,0.23
7273,9.04,38.8028,-264.69,0.29
7274,10.24,12.1321,-303.3,0.46
7275,5.48,14.3774,-359.44,0.19
7276,8.28,0.895,-22.38,0.19
7277,8.84,0.583,-14.57,0.79
7278,5.64,10.8436,-271.09,0.17
7279,5.6,10.1546,-503.84,0.19
7280,5.64,21.2944,-532.36,0.2
7281,6.32,425651.2817,-552.64,0.22
7282,5.4,17.6801,-442.0,0.19
7283,5.36,10.5548,-263.87,0.17
7284,5.16,39.0601,-734.03,0.19
7285,7.88,2.8622,-71.55,0.22
7286,6.36,1126499.2808,-1060.18,0.27
7287,4.88,21.192,-529.8,0.25
7288,8.32,119016.3356,-758.73,0.21
7289,7.48,39.3852,-279.25,0.2
7290,7.48,0.1269,-3.17,0.19
7291,9.2,0.3405,-8.51,0.21
7292,8.12,0.3503,-8.76,0.18
7293,5.64,17.5809,-439.52,0.18
7294,6.52,19.4596,-486.49,0.21
7295,6.04,26.6057,-516.64,0.21
7296,9.0,0.0255,-250.63,0.21
7297,6.0,698948.9431,-829.96,0.23
7298,8.0,0.0338,-251.84,0.2
7299,7.44,4909.5127,-1509.43,0.2
7300,7.92,7.8361,-195.9,0.17
7301,8.12,0.3532,-8.83,0.18
7302,8.48,0.0438,-1.09,0.2
7303,5.8,1194517.8692,-1254.05,0.18
7304,6.52,120014.1422,-762.65,0.18
7305,4.96,10.8468,-271.17,0.2
7306,8.0,0.1845,-4.61,0.17
7307,8.88,459.2366,-501.84,0.19
7308,8.72,96710.2284,-751.71,0.22
7309,7.24,1.6383,-40.96,0.18
7310,6.72,135702.684,-634.4,0.18
7311,5.56,380.112,-257.63,0.35
7312,4.64,33891.4878,-1057.9,0.26
7313,5.36,26.5743,-664.36,0.21
7314,9.12,7.233,-180.82,0.24
7315,5.96,19.8111,-252.81,0.19
7316,8.44,0.0222,-1.55,0.19
7317,5.44,21.095,-527.38,0.23
7318,7.48,1.4388,-35.97,0.25
7319,4.92,33891.4815,-557.76,0.19
7320,5.0,21.1922,-529.81,0.2
7321,8.92,33887.2362,-451.63,0.23
7322,7.84,38.2298,-250.37,0.2
7323,6.04,8.8942,-222.36,0.23
7324,10.92,0.8109,-20.27,0.16
7325,9.88,119081.3063,-251.12,0.19
7326,9.16,0.8732,-21.83,0.23
7327,5.36,3.2652,-81.63,0.21
7328,6.48,1382272.4212,-1880.87,0.2
7329,5.44,1.868,-46.7,0.19
7330,10.56,358208.523,-887.08,0.24
7331,8.68,12.3472,-264.67,0.22
7332,5.76,1.9687,-49.22,0.26
7333,6.08,1481539.2874,-2066.57,0.25
7334,5.08,12.3099,-307.75,0.31
7335,8.04,0.5758,-14.39,0.21
7336,5.92,19.4377,-485.94,0.23
7337,10.24,0.1808,-505.5,0.19
7338,5.96,594958.6174,-1110.16,0.2
7339,8.56,0.0728,-1.82,0.18
7340,12.24,5.5414,-138.53,0.21
7341,3.92,19.5441,-488.6,0.17
7342,4.52,19.366,-484.15,0.24
7343,5.2,0.3065,-7.66,0.28
7344,5.4,0.1136,-2.84,0.3
7345,8.28,38.2582,-251.08,0.28
7346,6.96,1.2102,-30.26,0.18
7347,5.28,746336.9283,-1043.44,0.2
7348,5.64,8.9964,-224.91,0.22
7349,4.4,23.1435,-578.59,0.22
7350,7.32,0.1846,-4.61,0.2
7351,4.6,19.3368,-483.42,0.25
7352,5.4,114728.9314,-255.21,0.19
7353,5.24,970343.0084,-1566.22,0.23
7354,7.48,0.6141,-15.35,0.26
7355,4.92,23.0453,-576.13,0.29
7356,9.88,0.0425,-250.93,0.2
7357,5.32,7.1377,-178.44,0.24
7358,8.04,0.3518,-8.8,0.19
7359,5.76,20.6386,-515.97,0.23
7360,5.12,135699.0426,-543.37,0.19
7361,8.84,38.2343,-250.48,0.21
7362,9.48,3.3798,-334.5,0.18
7363,7.16,55.4381,-680.58,0.19
7364,7.88,38.6244,-260.23,0.3
7365,7.72,1.1528,-29.82,0.26
7366,8.28,0.5428,-13.57,0.22
7367,7.84,0.013,-0.32,0.23
7368,4.68,29.9771,-749.43,0.33
7369,8.68,31.3802,-803.27,0.35
7370,5.04,10.5566,-263.92,0.38
7371,7.6,1.4314,-35.79,0.24
7372,4.36,37.0692,-926.73,0.21
7373,5.04,8317.762,-731.83,0.2
7374,8.92,145.8746,-262.11,0.18
7375,9.88,120040.569,-251.31,0.21
7376,6.32,0.0142,-0.36,0.27
7377,4.92,10.6535,-266.34,0.2
7378,8.16,0.0179,-0.45,0.21
7379,7.76,0.126,-3.15,0.17
7380,5.36,5.3838,-134.6,0.19
7381,9.28,120040.5766,-500.82,0.17
7382,8.48,39.0701,-271.38,0.21
7383,9.0,421.5708,-265.58,0.2
7384,8.2,38.5691,-258.85,0.16
7385,10.16,752573.2952,-835.9,0.16
7386,9.4,424667.5363,-1585.24,0.18
7387,8.28,0.5778,-14.45,0.2
7388,5.52,0.1122,-2.81,0.2
7389,7.32,1.9755,-285.86,0.2
7390,7.56,0.2369,-5.92,0.76
7391,8.84,0.0206,-0.52,0.23
7392,8.8,64476.8674,-585.69,0.21
7393,8.0,38.7929,-264.45,0.19
7394,6.04,120018.6799,-376.12,0.24
7395,5.0,1.7766,-44.41,0.19
7396,6.44,1126501.0312,-1103.94,0.17
7397,5.04,8.8004,-220.01,0.19
7398,5.24,14.0708,-351.77,0.21
7399,8.12,421.2449,-257.43,0.2
7400,4.96,7.046,-176.15,0.2
7401,8.0,38.5668,-258.79,0.19
7402,8.52,0.4079,-10.2,0.18
7403,8.76,76.4459,-500.39,0.18
7404,7.44,699175.4403,-1101.92,0.17
7405,4.92,28.1422,-703.55,0.19
7406,7.92,1.1142,-27.86,0.24
7407,8.12,0.1079,-2.7,0.18
7408,6.36,3.1674,-79.18,0.2
7409,6.44,12.9152,-322.88,0.19
7410,10.84,239122.1589,-1009.36,0.19
7411,8.28,38.5669,-258.8,0.18
7412,8.12,0.0714,-1.79,0.18
7413,8.92,459.1884,-500.64,0.2
7414,8.4,0.017,-0.43,0.21
7415,8.6,0.5859,-14.65,0.24
7416,5.8,8.7992,-219.98,0.25
7417,8.56,1.1947,-29.87,0.19
7418,5.96,0.1114,-2.79,0.21
7419,6.36,28.1372,-703.43,0.22
7420,11.52,5.6744,-141.86,0.23
7421,7.44,699287.4201,-1081.18,0.19
7422,5.36,19.5678,-340.69,0.2
7423,6.44,15.2287,-586.79,0.18
7424,9.88,3.4649,-86.62,0.18
7425,8.72,0.5871,-264.66,0.21
7426,9.16,38.521,-257.65,0.24
7427,6.2,8324.6402,-505.3,0.19
7428,5.4,3.727,-93.18,0.21
7429,5.96,4.8304,-120.76,0.24
7430,5.72,10.6547,-266.37,0.21
7431,5.72,834645.7129,-1066.53,0.16
7432,7.24,359845.8582,-1480.54,0.24
7433,8.24,38.232,-250.42,0.21
7434,6.44,730896.9746,-1386.71,0.18
7435,5.32,1.8893,-47.23,0.21
7436,7.04,1914036.8748,-2285.15,0.21
7437,8.08,0.5637,-14.09,0.19
7438,9.4,0.3126,-7.82,0.22
7439,4.2,10.7501,-268.75,0.18
7440,5.68,5.286,-132.15,0.23
7441,5.2,10.6526,-266.31,0.19
7442,3.68,35.708,-1138.42,0.17
7443,11.36,0.9674,-274.18,0.26
7444,7.88,38.2332,-250.45,0.29
7445,4.88,135846.2362,-838.46,0.26
7446,5.96,10.6637,-516.57,0.21
7447,7.44,0.7298,-18.24,0.21
7448,9.88,240083.5416,-812.68,0.19
7449,11.08,0.6515,-16.29,0.23
7450,4.92,12.6023,-315.06,0.28
7451,5.52,746338.7037,-837.84,0.2
7452,5.4,5.383,-134.57,0.22
7453,4.48,26.559,-663.97,0.19
7454,7.0,0.6704,-16.76,0.19
7455,4.76,24.1522,-603.8,0.18
7456,10.84,0.4821,-262.03,0.16
7457,11.08,0.3342,-8.36,0.17
7458,7.68,0.6682,-16.7,0.17
7459,7.64,0.4079,-10.2,0.22
7460,7.04,1.2083,-30.21,0.2
7461,9.04,119083.7508,-562.1,0.16
7462,4.84,19.5347,-488.37,0.25
7463,5.48,120015.4466,-295.29,0.19
7464,6.8,39.9631,-293.7,0.17
7465,7.72,40.2053,-536.23,0.16
7466,5.56,10.748,-268.7,0.24
7467,11.88,0.1578,-3.95,0.19
7468,4.84,19.3383,-483.46,0.19
7469,4.28,12.4067,-310.17,0.18
7470,6.8,2.6248,-65.62,0.16
7471,5.16,2.0641,-51.6,0.21
7472,4.6,17.679,-441.97,0.23
7473,5.36,1126502.8802,-1150.17,0.17
7474,5.16,7.2342,-180.85,0.19
7475,10.64,0.3368,-258.39,0.21
7476,4.92,17.5833,-439.58,0.18
7477,4.64,12.506,-312.65,0.19
7478,8.56,760366.6143,-1250.39,0.25
7479,9.36,0.0897,-2.24,0.19
7480,7.84,0.1306,-3.27,0.23
7481,7.4,1.1147,-27.87,0.21
7482,4.24,26.3805,-659.51,0.17
7483,5.04,5.5766,-139.41,0.17
7484,10.76,2800.885,-539.94,0.15
7485,7.2,0.3496,-8.74,0.19
7486,8.36,0.5813,-14.53,0.22
7487,4.0,37.0154,-925.38,0.22
7488,4.92,12.5078,-312.69,0.21
7489,7.96,0.0133,-0.33,0.17
7490,7.92,38.5615,-258.66,0.21
7491,7.88,0.3498,-8.75,0.22
7492,7.0,0.598,-264.88,0.18
7493,5.28,170.2403,-2607.75,0.29
7494,7.92,39.334,-277.97,0.27
7495,6.6,2097082.6349,-2385.36,0.21
7496,7.76,0.3484,-9.71,0.18
7497,6.24,120015.2014,-289.16,0.25
7498,9.88,2.5715,-64.29,0.26
7499,5.08,8.998,-224.95,0.25
7500,4.68,21.0966,-527.42,0.2
7501,5.6,12.324,-308.1,0.21
7502,4.68,42.1771,-1054.43,0.2
7503,7.56,0.0729,-1.82,0.24
7504,8.56,0.9699,-24.25,0.24
7505,5.32,1.9672,-49.18,0.23
7506,9.36,119083.7928,-313.28,0.17
7507,5.68,10.651,-266.27,0.23
7508,5.68,10.6526,-266.31,0.21
7509,5.64,359878.2542,-2758.31,0.17
7510,8.08,0.6328,-15.82,0.17
7511,7.28,174348.5831,-2251.82,0.17
7512,6.44,479610.2632,-674.05,0.18
7513,4.56,16.0176,-400.44,0.21
7514,8.52,13.6312,-340.78,0.17
7515,4.8,67857.56,-472.65,0.2
7516,8.12,38.288,-251.82,0.24
7517,5.6,11.1401,-278.5,0.19
7518,7.08,0.2944,-7.36,0.17
7519,8.44,39.0787,-271.59,0.19
7520,8.6,7.6395,-190.99,0.24
7521,5.12,10.7498,-268.75,0.17
7522,5.12,3.5287,-88.22,0.19
7523,5.24,1.8669,-46.67,0.17
7524,6.0,839418.6856,-752.48,0.16
7525,7.0,17.2788,-268.09,0.19
7526,5.8,0.2109,-5.27,0.18
7527,5.52,12.3118,-307.8,0.23
7528,4.84,38.7309,-472.37,0.18
7529,7.44,0.132,-3.3,0.18
7530,5.92,0.0681,-1.7,0.21
7531,8.64,38.25,-250.87,0.2
7532,7.48,76.7802,-508.75,0.22
7533,7.4,0.2372,-5.93,0.16
7534,8.24,76.5023,-501.8,0.21
7535,5.64,547627.4638,-1083.16,0.2
7536,8.44,0.0192,-0.48,0.24
7537,6.88,77.5055,-288.6,0.19
7538,7.68,114728.737,-250.35,0.17
7539,4.96,10.7494,-268.73,0.19
7540,5.16,10.6618,-266.55,0.19
7541,6.84,39.9083,-292.33,0.15
7542,10.52,752569.9803,-752.03,0.17
7543,4.92,834653.7156,-1266.6,0.18
7544,5.92,10.5525,-263.81,0.2
7545,4.36,28.5225,-713.06,0.23
7546,5.8,1.8715,-46.79,0.2
7547,9.92,817046.7297,-1334.76,0.19
7548,5.8,0.2098,-5.25,0.21
7549,8.04,0.0715,-1.79,0.17
7550,8.0,0.9146,-22.87,0.17
7551,4.76,10.7532,-268.83,0.17
7552,7.64,0.1256,-3.14,0.17
7553,5.4,0.1132,-2.83,0.2
7554,5.16,1.7729,-44.32,0.25
7555,7.48,0.8928,-22.32,0.19
7556,7.56,0.1267,-3.17,0.2
7557,8.16,0.079,-1.97,0.24
7558,5.56,120017.2603,-340.63,0.22
7559,10.88,239124.6043,-570.65,0.19
7560,6.92,1.3207,-33.02,0.17
7561,8.0,0.131,-3.27,0.18
7562,4.52,21.1026,-527.56,0.16
7563,7.8,38.2863,-251.78,0.17
7564,8.92,32236.7521,-250.8,0.14
7565,4.68,17.7875,-444.69,0.2
7566,7.96,0.3497,-8.74,0.17
7567,8.32,12.6658,-272.64,0.2
7568,8.8,12.0592,-257.47,0.21
7569,8.44,38.5704,-258.88,0.19
7570,5.48,12.3119,-307.8,0.18
7571,4.68,8.8984,-222.46,0.19
7572,4.88,14.1667,-354.17,0.2
7573,7.76,0.1272,-3.18,0.18
7574,6.92,38.8839,-266.72,0.17
7575,4.32,31.7329,-793.32,0.19
7576,10.6,119084.7174,-336.39,0.21
7577,5.24,10.7506,-268.76,0.23
7578,10.0,0.0554,-1.39,0.19
7579,5.2,9.0907,-477.25,0.19
7580,10.6,239127.2642,-637.15,0.19
7581,8.68,148609.0251,-528.28,0.15
7582,6.48,1194703.9938,-1141.74,0.16
7583,5.2,7.1379,-178.45,0.18
7584,5.52,0.1128,-2.82,0.19
7585,7.92,0.8404,-21.01,0.16
7586,4.76,8.9928,-224.82,0.19
7587,10.2,0.4884,-12.21,0.16
7588,7.56,38.8257,-265.26,0.19
7589,7.84,1170.7158,-1251.97,0.18
7590,5.88,3.5261,-88.15,0.19
7591,7.96,0.3544,-8.86,0.19
7592,6.12,8.8948,-222.37,0.2
7593,5.68,12.4081,-310.2,0.18
7594,7.6,77.0396,-515.24,0.25
7595,4.68,355291.133,-534.88,0.2
7596,6.28,1241982.2023,-1431.04,0.18
7597,5.24,12.4101,-310.25,0.23
7598,6.12,1158092.6336,-1069.91,0.22
7599,10.44,386498.2691,-586.06,0.17
7600,7.76,38.5685,-258.84,0.19
7601,7.68,0.6175,-15.44,0.2
7602,8.16,360135.6236,-763.6,0.15
7603,6.72,474945.2941,-867.95,0.16
7604,6.72,39.9632,-293.7,0.17
7605,5.28,12.505,-312.63,0.23
7606,4.88,19.6297,-490.74,0.2
7607,5.92,698945.8221,-501.96,0.2
7608,8.32,39.1289,-272.85,0.18
7609,5.56,0.2098,-5.25,0.2
7610,4.4,3.624,-90.6,0.18
7611,7.84,0.072,-1.8,0.19
7612,11.04,0.6518,-1016.19,0.21
7613,5.2,17.7788,-444.47,0.18
7614,7.64,0.0164,-0.41,0.19
7615,6.32,1241977.6904,-1318.24,0.21
7616,7.56,76.8358,-510.14,0.18
7617,9.36,424640.113,-753.08,0.2
7618,4.52,2.0808,-52.02,0.22
7619,4.4,12.6046,-315.11,0.2
7620,5.0,12.5071,-312.68,0.19
7621,5.72,787257.1133,-837.69,0.18
7622,7.56,38.7678,-263.82,0.22
7623,10.8,386494.8441,-500.44,0.19
7624,7.6,0.0694,-1.74,0.2
7625,8.28,0.2956,-7.39,0.26
7626,8.12,20.1157,-271.73,0.2
7627,5.16,10.5537,-263.84,0.21
7628,9.8,7.4278,-435.68,0.18
7629,6.6,1117653.4814,-1052.11,0.18
7630,4.8,21.1932,-529.83,0.18
7631,9.12,152277.2928,-1001.26,0.17
7632,9.44,64480.1958,-668.89,0.16
7633,5.48,9.0921,-477.29,0.18
7634,6.48,162.1344,-1928.94,0.2
7635,8.96,64473.4567,-751.4,0.22
7636,7.52,0.4618,-11.54,0.18
7637,7.08,0.7245,-18.11,0.19
7638,4.44,19.4396,-485.99,0.22
7639,10.88,0.0224,-0.56,0.19
7640,4.64,29.8786,-746.96,0.17
7641,5.04,14.2623,-356.56,0.19
7642,7.52,1.004,-25.1,0.16
7643,7.48,152.7904,-435.01,0.15
7644,6.8,1038189.7811,-769.23,0.17
7645,7.84,0.3517,-9.79,0.19
7646,6.32,359880.6784,-1786.48,0.17
7647,7.4,0.0156,-0.39,0.17
7648,4.36,37.1038,-927.59,0.74
7649,4.88,2.2569,-56.42,0.22
7650,5.6,1.8734,-46.83,0.22
7651,7.24,1.2095,-266.71,0.23
7652,7.16,218.4106,-1501.34,0.21
7653,4.44,10.8463,-271.16,0.2
7654,7.92,0.717,-17.92,0.19
7655,7.8,49.9915,-501.4,0.19
7656,7.8,0.1264,-3.16,0.18
7657,5.28,4.5418,-363.53,0.17
7658,7.2,0.2392,-5.98,0.21
7659,5.24,0.4016,-10.04,0.22
7660,7.44,0.4634,-11.58,0.2
7661,4.88,0.2108,-5.27,0.19
7662,8.04,38.51,-257.37,0.17
7663,5.52,2.0627,-51.57,0.19
7664,5.04,834644.8588,-1295.15,0.16
7665,7.48,0.1265,-3.16,0.18
7666,5.32,10.5578,-513.93,0.2
7667,4.92,10.8455,-271.14,0.19
7668,6.84,359809.5863,-1508.72,0.19
7669,5.56,359705.2572,-319.53,0.19
7670,9.16,96710.2087,-751.22,0.17
7671,8.84,0.0599,-1.5,0.21
7672,7.12,1.1532,-28.83,0.17
7673,4.44,3.6239,-90.6,0.18
7674,4.56,30.1731,-754.33,0.18
7675,5.24,8.7953,-219.88,0.18
7676,11.2,360083.9341,-1003.9,0.2
7677,4.88,17.78,-444.5,0.17
7678,6.8,0.6696,-16.74,0.16
7679,6.12,19.4359,-485.9,0.19
7680,4.52,30.1705,-754.26,0.21
7681,5.08,2.0628,-51.57,0.19
7682,8.2,38.5114,-257.41,0.17
7683,4.96,10.5564,-263.91,0.2
7684,5.08,8.9933,-224.83,0.17
7685,6.0,2332089.8424,-2271.9,0.16
7686,11.44,358209.1616,-903.04,0.19
7687,5.4,1.8676,-46.69,0.21
7688,8.44,38.7987,-264.59,0.18
7689,8.08,0.3496,-8.74,0.21
7690,10.56,11.2848,-282.12,0.18
7691,5.16,902494.6477,-1323.55,0.16
7692,6.64,5024.2451,-2499.5,0.21
7693,6.32,1413802.571,-1794.77,0.19
7694,3.72,12.5166,-312.92,0.16
7695,7.44,0.4701,-11.75,0.17
7696,8.32,0.214,-5.35,0.16
7697,6.16,5.2825,-132.06,0.21
7698,5.56,1.9279,-48.2,0.19
7699,9.84,6.7832,-169.58,0.16
7700,8.0,0.3496,-8.74,0.22
7701,9.24,6.8879,-172.2,0.18
7702,7.76,0.6911,-17.28,0.17
7703,4.76,19.437,-485.93,0.19
7704,5.96,339251.3942,-453.16,0.2
7705,8.28,0.845,-21.13,0.17
7706,8.56,0.7778,-19.44,0.19
7707,5.92,0.1143,-2.86,0.22
7708,4.92,15.9238,-398.1,0.2
7709,7.72,4890.3004,-1267.01,0.17
7710,11.4,0.1577,-3.94,0.17
7711,6.8,2.233,-55.83,0.16
7712,5.0,28.3172,-707.93,0.2
7713,8.08,58.0241,-508.34,0.18
7714,5.2,3.8198,-95.5,0.19
7715,5.4,8310.3532,-296.63,0.18
7716,7.52,0.6866,-17.16,0.17
7717,8.72,145.7439,-258.85,0.17
7718,5.04,9.0898,-227.24,0.22
7719,10.92,127389.7988,-501.23,0.22
7720,8.56,38.2403,-250.63,0.2
7721,5.36,2.1609,-54.02,0.2
7722,7.48,38.8809,-266.65,0.17
7723,7.32,55.3785,-515.21,0.16
7724,5.72,390.3649,-513.95,0.18
7725,10.24,901.2513,-252.36,0.2
7726,5.84,5.2826,-132.07,0.21
7727,7.16,0.1289,-3.22,0.44
7728,7.8,0.1281,-3.2,0.42
7729,7.28,0.1271,-3.18,0.21
7730,10.04,76.7805,-563.33,0.22
7731,4.4,21.191,-529.78,0.18
7732,4.8,21.1925,-529.81,0.2
7733,8.4,12.1103,-258.75,0.22
7734,7.76,0.6148,-15.37,0.2
7735,5.32,114732.2671,-338.6,0.25
7736,4.08,39.2375,-980.94,0.16
7737,5.96,0.1164,-2.91,0.21
7738,5.72,187865.2704,-574.54,0.21
7739,5.56,1.9642,-49.1,0.32
7740,4.8,10.6638,-266.6,0.28
7741,4.92,2.0801,-301.99,0.18
7742,8.84,4854.6883,-250.32,0.22
7743,4.88,5.5756,-139.39,0.21
7744,6.24,563255.9192,-1187.04,0.27
7745,5.48,8.8959,-222.4,0.24
7746,7.56,0.1835,-4.59,0.19
7747,7.72,0.5564,-13.91,0.26
7748,5.48,1.7735,-44.34,0.21
7749,8.16,1.1314,-28.28,0.17
7750,5.16,21.1059,-527.65,0.19
7751,5.0,7.2374,-180.94,0.26
7752,6.2,0.0327,-0.82,0.24
7753,11.4,0.3436,-258.57,0.22
7754,5.64,10.5832,-514.55,0.21
7755,8.16,0.6679,-16.7,0.19
7756,5.48,3.8199,-95.5,0.42
7757,10.24,119083.7438,-312.05,0.27
7758,7.92,7.5216,-188.04,0.21
7759,5.24,67857.5679,-722.73,0.32
7760,6.04,10.58,-264.5,0.33
7761,11.04,0.0253,-0.63,0.22
7762,10.16,238163.0014,-511.96,0.2
7763,11.88,0.3564,-8.91,0.23
7764,8.8,13.4786,-336.97,0.21
7765,5.44,5.3104,-132.76,0.19
7766,11.2,119081.7073,-261.14,0.22
7767,9.56,50.2727,-757.41,0.2
7768,10.28,240083.5157,-562.06,0.19
7769,8.92,1.4374,-35.93,0.16
7770,5.52,14.6403,-572.08,0.21
7771,6.76,762375.0382,-834.47,0.2
7772,4.6,1.9674,-49.18,0.2
7773,5.36,10.6641,-1016.58,0.71
7774,5.8,12.3161,-307.9,0.2
7775,8.84,64473.5034,-751.59,0.16
7776,5.52,3.8181,-95.45,0.18
7777,5.68,1.772,-44.3,0.19
7778,9.68,239131.6919,-747.84,0.15
7779,5.84,120025.3867,-543.79,0.18
7780,11.16,0.3371,-8.43,0.17
7781,3.88,0.2275,-255.66,0.17
7782,9.68,478248.4966,-1123.5,0.18
7783,5.28,427563.5017,-839.69,0.16
7784,7.44,0.2387,-5.97,0.16
7785,4.44,32.009,-557.76,0.18
7786,5.16,10.7489,-268.72,0.35
7787,5.64,719519.7962,-2427.85,0.2
7788,4.32,31.7507,-1043.6,0.21
7789,6.64,126.957,-1530.45,0.17
7790,8.4,0.3692,-9.23,0.28
7791,7.08,1.6004,-276.48,0.2
7792,4.96,495401.5909,-1544.94,0.19
7793,5.64,427557.1647,-650.87,0.18
7794,4.32,35.3444,-883.61,0.24
7795,3.88,28.2351,-705.88,0.17
7796,7.08,0.2391,-5.98,0.18
7797,6.84,0.1297,-3.24,0.19
7798,9.64,32236.7352,-750.38,0.16
7799,9.28,239121.8658,-502.19,0.2
7800,6.84,0.1865,-4.66,0.19
7801,5.36,10.751,-268.77,0.21
7802,6.88,0.2953,-7.38,0.24
7803,9.24,64473.4654,-1000.61,0.21
7804,6.36,359793.6355,-1250.77,0.18
7805,7.56,145.9991,-765.15,0.2
7806,7.08,1.3199,-33.0,0.18
7807,9.12,2.5325,-313.18,0.25
7808,4.84,28.2216,-705.54,0.21
7809,4.44,26.3657,-659.14,0.18
7810,4.68,21.2894,-532.24,0.24
7811,4.52,40.5155,-1012.89,0.27
7812,4.12,8.9123,-472.69,0.19
7813,8.04,64473.4604,-1250.51,0.17
7814,6.88,39.4248,-280.24,0.18
7815,4.92,67851.2838,-315.75,0.17
7816,4.04,37.102,-927.55,0.18
7817,6.88,0.7779,-19.45,0.19
7818,4.4,5.286,-132.15,0.17
7819,7.0,38.993,-269.45,0.19
7820,8.36,32236.7339,-500.35,0.2
7821,7.0,39.4212,-280.15,0.17
7822,7.0,2.291,-57.27,0.19
7823,4.56,28.3172,-707.93,0.16
7824,4.28,19.5434,-488.58,0.18
7825,7.12,0.724,-18.1,0.15
7826,7.52,0.4067,-10.17,0.22
7827,4.28,22.5112,-562.78,0.19
7828,6.44,752.6196,-546.49,0.16
7829,7.2,1.099,-27.48,0.19
7830,4.32,38.6616,-966.54,0.21
7831,4.68,495399.939,-1003.77,0.21
7832,4.32,0.0352,-0.88,0.24
7833,6.64,143.4333,-1505.15,0.18
7834,4.12,30.091,-752.27,0.18
7835,4.48,19.3429,-483.57,0.18
7836,8.48,32236.7529,-500.82,0.18
7837,4.52,0.4037,-10.09,0.18
7838,7.0,1.693,-278.79,0.18
7839,9.32,0.0654,-1001.35,0.16
7840,4.36,10.559,-263.97,0.19
7841,4.2,14.2612,-356.53,0.19
7842,8.36,64473.4612,-500.53,0.17
7843,5.68,1194347.3331,-1295.14,0.21
7844,4.92,52.7172,-1317.93,0.18
7845,7.52,0.8918,-22.3,0.18
7846,7.0,0.7256,-18.14,0.17
7847,7.52,38.3962,-254.53,0.17
7848,4.04,29.9924,-749.81,0.16
7849,5.16,67850.4966,-296.07,0.19
7850,5.2,8.9063,-222.66,0.23
7851,4.32,12.6077,-315.19,0.19
7852,9.32,0.079,-251.96,0.21
7853,3.96,35.3434,-883.58,0.2
7854,10.52,0.0258,-750.63,0.19
7855,4.6,3.7434,-93.59,0.18
7856,5.88,719511.7247,-1750.29,0.17
7857,4.8,19.5336,-488.34,0.19
7858,9.8,0.0829,-252.05,0.16
7859,5.4,543031.7123,-1062.36,0.19
7860,8.96,238162.5939,-1001.75,0.2
7861,4.16,42.1742,-1054.35,0.2
7862,7.56,0.0702,-1.75,0.19
7863,4.88,855107.3852,-1128.14,0.15
7864,4.6,12.3103,-307.76,0.17
7865,4.64,28.3295,-708.24,0.19
7866,4.32,12.41,-310.25,0.19
7867,7.24,0.0716,-1.79,0.17
7868,6.08,1262197.1116,-1573.25,0.2
7869,5.44,10.5569,-263.92,0.24
7870,4.56,30.1712,-754.28,0.21
7871,8.6,32236.85,-753.25,0.2
7872,4.24,1.774,-294.33,0.19
7873,4.96,3.7224,-93.06,0.23
7874,9.72,476325.099,-1001.31,0.17
7875,7.16,0.5176,-12.94,0.17
7876,5.0,26.4624,-661.56,0.2
7877,5.32,8.9912,-224.78,0.19
7878,9.88,239126.6893,-622.77,0.18
7879,9.84,239126.7034,-623.13,0.2
7880,7.24,38.397,-254.55,0.16
7881,4.92,10.6602,-516.49,0.19
7882,7.2,1.2084,-30.21,0.18
7883,9.88,478243.6127,-1251.39,0.16
7884,5.64,21.1923,-529.81,0.2
7885,9.6,2.8559,-321.39,0.27
7886,7.16,38.5635,-258.71,0.18
7887,5.08,1.7705,-44.26,0.2
7888,7.16,0.8923,-22.31,0.18
7889,7.12,0.1301,-3.25,0.2
7890,7.52,0.6694,-16.73,0.16
7891,4.48,3.8185,-95.46,0.18
7892,9.32,32260.842,-501.75,0.16
7893,5.24,762374.2873,-815.69,0.19
7894,8.8,32236.7622,-751.05,0.19
7895,5.72,855104.915,-1066.39,0.2
7896,4.56,10.8095,-270.24,0.18
7897,8.68,64473.4704,-500.76,0.18
7898,4.76,1.7694,-44.24,0.18
7899,7.16,0.1844,-4.61,0.16
7900,9.76,120043.0518,-313.38,0.21
7901,10.8,0.4639,-11.6,0.15
7902,9.4,7.9541,-198.85,0.21
7903,5.32,203548.6283,-816.66,0.18
7904,9.2,64497.5758,-751.09,0.74
7905,5.36,10.6534,-266.34,0.19
7906,4.8,0.212,-5.3,0.2
7907,5.04,26.561,-914.01,0.18
7908,7.52,19.6175,-1260.2,0.21
7909,8.48,38.5234,-257.71,0.3
7910,6.32,719405.4439,-512.31,0.24
7911,4.24,29.987,-749.67,0.32
7912,7.04,0.7228,-18.07,0.41
7913,9.44,32260.8619,-501.24,0.26
7914,8.84,360166.6176,-250.7,0.2
7915,4.6,17.8361,-445.9,0.22
7916,8.12,497.4484,-1001.74,0.2
7917,9.08,33887.0227,-446.29,0.2
7918,7.4,38.8821,-266.68,0.21
7919,4.36,21.1936,-529.84,0.17
7920,4.52,8.9122,-222.81,0.16
7921,5.64,563250.2265,-1044.72,0.15
7922,7.08,1.3213,-33.03,0.17
7923,4.32,26.6608,-666.52,0.16
7924,5.84,986141.9629,-1378.05,0.17
7925,5.52,746352.8435,-1191.34,0.22
7926,4.4,21.3006,-532.51,0.17
7927,5.72,0.0161,-0.4,0.18
7928,5.88,1920462.4521,-1773.88,0.17
7929,5.08,12.41,-310.25,0.18
7930,4.76,10.8469,-271.17,0.2
7931,5.68,10.6529,-266.32,0.2
7932,6.16,135701.5799,-606.8,0.18
7933,7.92,0.4069,-10.17,0.18
7934,7.84,0.6318,-15.79,0.18
7935,5.12,459149.312,-630.46,0.18
7936,4.92,33896.8494,-691.96,0.18
7937,7.6,0.2922,-7.31,0.17
7938,9.68,239124.3071,-563.22,0.17
7939,5.84,10.6586,-266.46,0.18
7940,9.44,3.1466,-328.53,0.16
7941,5.08,8.9952,-224.88,0.17
7942,7.6,0.0714,-1.79,0.18
7943,6.96,146.883,-538.25,0.15
7944,4.44,17.6783,-441.96,0.19
7945,9.52,239121.9204,-503.55,0.21
7946,5.72,1174355.5312,-1377.44,0.18
7947,4.32,17.6939,-442.35,0.21
7948,5.28,37.1578,-928.95,0.17
7949,8.6,170.975,-658.46,0.16
7950,7.36,77.0422,-515.3,0.16
7951,9.68,119086.2078,-373.65,0.16
7952,10.36,0.4888,-512.18,0.17
7953,6.96,0.1304,-3.26,0.19
7954,7.16,0.5567,-13.92,0.18
7955,4.8,907269.8525,-1315.28,0.16
7956,4.84,17.7764,-444.41,0.21
7957,10.8,0.1838,-504.56,0.16
7958,8.04,291.1959,-510.4,0.23
7959,4.76,8.8942,-222.35,0.2
7960,5.0,21.2899,-532.25,0.18
7961,7.52,0.6673,-16.68,0.15
7962,7.2,0.127,-3.17,0.16
7963,4.72,23.046,-576.15,0.16
7964,7.76,0.0734,-1.84,0.2
7965,4.48,24.7054,-617.63,0.18
7966,6.12,542793.9898,-1119.0,0.18
7967,8.04,0.3521,-8.8,0.18
7968,5.32,1.8886,-47.21,0.18
7969,4.6,19.6311,-490.78,0.18
7970,7.76,0.0136,-0.34,0.18
7971,7.44,0.6667,-16.67,0.18
7972,5.64,8308.6584,-254.26,0.2
7973,9.56,238162.596,-751.69,0.19
7974,6.4,938861.3671,-1029.07,0.2
7975,8.52,38.8009,-264.65,0.19
7976,5.8,120032.9724,-983.43,0.17
7977,4.6,21.097,-527.42,0.2
7978,7.24,38.3414,-253.16,0.18
7979,5.84,1377436.769,-1112.23,0.17
7980,8.64,7.9057,-197.64,0.17
7981,4.84,1.7719,-44.3,0.23
7982,7.52,0.3583,-8.96,0.21
7983,4.88,3.9178,-97.94,0.21
7984,7.72,0.0146,-0.37,0.2
7985,6.36,1173887.9632,-1291.09,0.2
7986,4.52,10.755,-268.87,0.18
7987,4.6,14.4578,-361.45,0.19
7988,8.64,0.0164,-0.41,0.2
7989,9.88,359165.3415,-826.16,0.17
7990,7.68,0.6705,-16.76,0.23
7991,9.6,64473.474,-500.85,0.2
7992,5.56,1194522.1208,-1360.34,0.17
7993,9.56,119086.1931,-623.15,0.21
7994,8.4,0.0889,-2.22,0.19
7995,5.8,1.7704,-44.26,0.18
7996,11.04,119087.693,-660.77,0.16
7997,5.88,1.8808,-47.02,0.2
7998,8.0,38.2866,-251.79,0.17
7999,7.72,77.0408,-515.27,0.2
8000,10.32,0.0145,-251.34,0.16
8001,5.72,0.2087,-5.22,0.18
8002,5.0,17.8858,-447.15,0.16
8003,6.08,1246399.4851,-1294.65,0.16
8004,4.92,19.3381,-483.45,0.19
8005,8.24,0.3594,-8.99,0.19
8006,8.08,0.1302,-253.24,0.21
8007,7.08,364588.9903,-1769.43,0.18
8008,7.8,38.6269,-260.3,0.22
8009,8.04,0.3045,-7.61,0.2
8010,5.8,751001.4544,-1588.43,0.17
8011,6.96,364615.3963,-2179.59,0.2
8012,9.12,234769.311,-501.78,0.21
8013,10.48,119081.299,-250.93,0.18
8014,4.92,3.775,-94.38,0.19
8015,8.52,0.3695,-9.24,0.17
8016,10.96,0.0136,-0.34,0.18
8017,5.64,33.44,-836.0,0.23
8018,11.08,3.0413,-76.03,0.21
8019,8.2,38.5681,-258.83,0.21
8020,4.56,32.0269,-800.67,0.21
8021,9.12,38.7995,-264.61,0.22
8022,10.92,360169.671,-327.04,0.17
8023,7.36,120393.521,-501.98,0.16
8024,6.72,21.9016,-547.54,0.18
8025,6.12,10.5538,-263.85,0.21
8026,9.44,0.0577,-1.44,0.2
8027,10.36,456880.2058,-1086.41,0.19
8028,5.72,33879.2802,-252.73,0.26
8029,9.48,0.5976,-14.94,0.25
8030,6.12,10.5669,-264.17,0.21
8031,9.2,12.0596,-257.48,0.23
8032,4.96,120024.3003,-516.63,0.17
8033,11.8,6.457,-161.43,0.21
8034,7.76,1.1686,-29.21,0.21
8035,5.24,0.4061,-10.15,0.19
8036,5.52,12.4096,-560.22,0.23
8037,10.52,119084.2867,-325.63,0.17
8038,6.56,479891.7088,-585.46,0.19
8039,12.44,5.8546,-146.36,0.19
8040,5.52,12.4074,-310.19,0.2
8041,6.8,1445459.5704,-1411.42,0.19
8042,8.48,189.4255,-645.51,0.2
8043,9.72,0.3226,-8.07,0.2
8044,9.56,5.6001,-140.0,0.25
8045,9.24,76.5098,-501.99,0.19
8046,9.64,6.5659,-164.15,0.22
8047,6.36,120022.5323,-472.43,0.26
8048,8.96,38.7942,-264.48,0.23
8049,9.76,1274.6265,-1250.54,0.21
8050,10.6,1007207.1823,-1084.56,0.21
8051,6.56,1.9032,-47.58,0.2
8052,6.28,1.7773,-44.43,0.22
8053,12.36,11.203,-280.08,0.21
8054,6.84,120031.2579,-690.57,0.2
8055,6.4,33.6891,-693.73,0.23
8056,5.4,19.3398,-483.49,0.26
8057,7.0,10.6212,-515.53,0.24
8058,8.6,2.3898,-309.72,0.2
8059,9.68,12.4092,-310.23,0.23
8060,9.72,32240.1973,-336.93,0.23
8061,9.8,420.9667,-250.47,0.19
8062,5.92,1.9654,-49.14,0.2
8063,9.36,433.2882,-514.5,0.17
8064,11.68,6.2214,-155.54,0.2
8065,8.88,1.6429,-41.07,0.22
8066,6.24,120015.502,-296.67,0.2
8067,7.8,76.7763,-508.65,0.18
8068,7.04,1534289.6998,-1343.71,0.21
8069,5.88,1.7961,-44.9,0.21
8070,10.88,27.5395,-336.18,0.22
8071,11.68,238162.5461,-500.57,0.17
8072,5.8,16.0508,-252.77,0.22
8073,6.6,9.3147,-232.87,0.22
8074,8.0,0.9102,-22.76,0.21
8075,8.88,0.3697,-9.24,0.19
8076,11.72,238168.6371,-652.85,0.21
8077,6.24,26.4934,-662.34,0.23
8078,9.52,0.337,-8.43,0.24
8079,8.76,76.4471,-500.42,0.2
8080,11.96,119087.0867,-395.63,0.2
8081,5.52,8.9948,-224.87,0.19
8082,7.88,0.0716,-1.79,0.15
8083,9.8,120045.4546,-373.45,0.14
8084,8.68,0.8606,-21.51,0.16
8085,6.04,0.0157,-0.39,0.2
8086,10.4,32236.7595,-250.99,0.2
8087,8.52,4778.7341,-514.52,0.21
8088,8.72,76.4461,-500.4,0.22
8089,5.72,67760.2093,-546.67,0.23
8090,8.76,421.2584,-257.77,0.2
8091,5.44,9.0897,-227.24,0.19
8092,6.92,1085584.3526,-1147.37,0.24
8093,5.76,10.7773,-269.43,0.2
8094,6.08,10.5534,-263.83,0.23
8095,8.56,38.2318,-250.42,0.24
8096,8.2,0.3503,-8.76,0.18
8097,5.68,10.6538,-266.34,0.2
8098,6.48,0.0313,-0.78,0.24
8099,5.68,5.918,-147.95,0.25
8100,6.2,19.3383,-483.46,0.21
8101,6.48,33.5337,-689.84,0.17
8102,5.96,8308.5056,-250.44,0.2
8103,5.4,3.5288,-88.22,0.19
8104,6.96,0.013,-0.32,0.19
8105,5.16,26.4654,-661.63,0.18
8106,11.08,119087.2977,-400.9,0.17
8107,5.52,1.967,-49.18,0.18
8108,5.64,10.6598,-266.49,0.2
8109,10.8,238165.904,-584.52,0.17
8110,8.92,12.064,-257.59,0.2
8111,7.72,579274.882,-858.6,0.19
8112,5.64,3.5305,-88.26,0.24
8113,5.84,5.5706,-139.27,0.21
8114,8.2,38.2862,-251.78,0.2
8115,6.6,698947.5466,-1045.05,0.18
8116,5.96,1.8804,-47.01,0.19
8117,4.84,15.9203,-398.01,0.22
8118,8.84,38.5269,-257.8,0.2
8119,8.52,38.5696,-258.86,0.21
8120,8.0,0.1845,-4.61,0.19
8121,10.6,1428853.4094,-1100.43,0.17
8122,5.88,1950008.8045,-2565.86,0.2
8123,6.32,855104.035,-1044.39,0.19
8124,4.76,12.4078,-310.2,0.16
8125,7.4,39.0736,-271.46,0.18
8126,6.08,1924999.6871,-1816.06,0.18
8127,6.32,1126671.6871,-1065.85,0.17
8128,8.0,0.5703,-14.26,0.2
8129,4.72,28.2208,-705.52,0.19
8130,5.48,3.5306,-88.27,0.21
8131,8.8,50.0202,-751.09,0.23
8132,10.48,5.4955,-137.39,0.17
8133,4.76,12.6035,-315.09,0.17
8134,5.36,3.5856,-89.64,0.19
8135,7.28,0.6668,-16.67,0.19
8136,5.0,12.5169,-312.92,0.18
8137,8.48,7.5435,-188.59,0.19
8138,8.4,165.3596,-518.08,0.19
8139,5.28,21.2047,-530.12,0.22
8140,4.52,427569.6948,-964.13,0.2
8141,5.44,14.0712,-351.78,0.17
8142,8.04,0.3505,-8.76,0.19
8143,5.64,1.8711,-296.76,0.26
8144,5.04,10.6514,-266.29,0.18
8145,10.76,0.645,-16.13,0.17
8146,5.88,1106041.4534,-1094.69,0.21
8147,7.56,0.2386,-5.96,0.22
8148,7.36,26.8369,-439.76,0.22
8149,8.32,12.0496,-257.23,0.2
8150,7.64,0.1842,-4.6,0.16
8151,7.84,38.5658,-258.77,0.18
8152,8.84,11.7795,-295.49,0.19
8153,8.28,7.8586,-196.47,0.18
8154,7.48,39.2263,-275.28,0.18
8155,4.88,2.0654,-51.64,0.2
8156,8.84,64473.4616,-501.54,0.18
8157,5.52,1.7755,-44.39,0.2
8158,7.24,240034.1807,-672.77,0.25
8159,5.32,168273.7156,-343.37,0.19
8160,4.76,14.1647,-354.12,0.25
8161,5.72,1266973.3682,-1341.3,0.17
8162,4.84,19.4383,-485.96,0.2
8163,8.24,0.5735,-14.34,0.17
8164,5.36,10.8478,-271.2,0.18
8165,5.12,10.6534,-266.33,0.18
8166,5.2,118957.4226,-696.83,0.2
8167,4.48,3.7242,-93.1,0.21
8168,7.84,0.4042,-10.1,0.17
8169,7.72,0.1266,-3.17,0.22
8170,4.84,164.7267,-733.42,0.19
8171,5.96,1225941.7376,-1331.16,0.18
8172,7.64,0.6914,-17.28,0.21
8173,8.0,0.3258,-8.14,0.2
8174,4.8,12.3092,-307.73,0.19
8175,6.0,1126500.7184,-1096.12,0.18
8176,5.96,19.494,-487.35,0.21
8177,5.16,3.5281,-88.2,0.21
8178,5.2,15.2988,-382.47,0.18
8179,5.16,8.991,-224.77,0.22
8180,8.04,0.2932,-7.33,0.19
8181,5.28,19.4354,-485.88,0.19
8182,7.84,38.51,-257.37,0.16
8183,8.24,76.7234,-507.33,0.16
8184,5.0,8.7993,-219.98,0.17
8185,5.96,120041.8537,-955.47,0.19
8186,4.8,12.4072,-310.18,0.17
8187,8.92,38.3233,-252.71,0.2
8188,5.4,22.5063,-562.66,0.21
8189,5.6,1.8721,-46.8,0.22
8190,9.6,393742.3703,-1222.47,0.21
8191,11.2,119084.0853,-320.59,0.17
8192,8.24,0.0173,-0.43,0.19
8193,9.92,424643.4092,-835.49,0.19
8194,5.24,1.8689,-46.72,0.25
8195,8.16,0.0784,-1.96,0.18
8196,7.36,798507.2897,-927.97,0.19
8197,5.76,8317.3566,-471.71,0.2
8198,8.12,0.3519,-8.8,0.17
8199,8.4,11.7792,-250.47,0.23
8200,8.68,32236.7403,-500.51,0.22
8201,10.2,0.3393,-508.46,0.15
8202,9.48,335726.6564,-252.18,0.19
8203,8.28,114.944,-757.47,0.2
8204,12.6,360084.1256,-258.71,0.21
8205,8.2,0.3485,-8.71,0.2
8206,7.76,0.0142,-0.35,0.2
8207,7.4,0.6125,-15.31,0.19
8208,6.04,8.8115,-220.29,0.22
8209,8.2,497.8818,-762.59,0.2
8210,5.64,7.1385,-178.46,0.22
8211,5.76,0.1132,-2.83,0.28
8212,5.12,14.0675,-351.69,0.24
8213,5.24,5.3815,-134.54,0.23
8214,9.24,0.7536,-18.84,0.23
8215,10.84,3.3793,-84.48,0.23
8216,6.04,1262195.4565,-1531.87,0.22
8217,5.36,10.6505,-266.26,0.23
8218,5.16,359717.4957,-625.5,0.23
8219,5.16,14.0673,-351.68,0.21
8220,6.12,8.8938,-222.34,0.22
8221,7.96,38.5649,-258.75,0.2
8222,9.32,33880.3185,-278.69,0.21
8223,5.64,0.0133,-0.33,0.18
8224,5.84,0.0136,-0.34,0.17
8225,8.2,0.0738,-1.84,0.2
8226,8.48,38.2388,-250.59,0.19
8227,8.16,76.7214,-507.28,0.18
8228,10.8,0.3896,-9.74,0.2
8229,5.56,5.3812,-134.53,0.19
8230,12.48,0.3481,-8.7,0.2
8231,5.88,0.1105,-2.76,0.23
8232,5.6,3.6378,-90.94,0.19
8233,5.64,19.8494,-253.77,0.22
8234,6.68,1685199.0628,-1841.71,0.18
8235,8.16,0.6375,-15.94,0.19
8236,8.28,38.2312,-250.4,0.17
8237,7.96,12.3541,-264.84,0.26
8238,9.28,64521.6398,-1000.39,0.19
8239,5.16,1.9656,-49.14,0.23
8240,5.72,1.7738,-44.34,0.22
8241,6.04,1.4418,-286.03,0.18
8242,7.84,0.0154,-0.39,0.16
8243,9.0,76.5481,-502.95,0.17
8244,8.52,39.3692,-278.85,0.2
8245,12.4,5.9147,-397.85,0.21
8246,8.2,38.2868,-251.79,0.19
8247,5.92,19.3389,-483.47,0.2
8248,5.6,1.9653,-49.13,0.22
8249,9.0,421.2585,-257.77,0.18
8250,5.4,21.2232,-382.08,0.2
8251,8.64,0.1081,-2.7,0.17
8252,5.28,0.0141,-0.35,0.2
8253,7.72,0.4134,-10.33,1.05
8254,5.36,1.9666,-49.16,0.3
8255,6.6,307653.9211,-840.4,0.22
8256,11.52,6.3058,-157.65,0.21
8257,7.04,1137745.1392,-1042.5,0.2
8258,7.92,77.0943,-766.59,0.25
8259,6.04,1022392.8819,-1508.77,0.2
8260,5.84,8.8138,-220.34,0.23
8261,5.48,17.6804,-442.01,0.18
8262,7.28,369389.7654,-2250.29,0.18
8263,8.16,88.3164,-753.15,0.18
8264,5.0,10.6506,-266.26,0.19
8265,8.68,19.3214,-251.88,0.17
8266,8.64,12.1119,-258.79,0.22
8267,4.8,19.5328,-488.32,0.25
8268,5.92,0.1132,-2.83,0.2
8269,8.0,39.3865,-279.29,0.2
8270,5.44,10.6527,-266.32,0.23
8271,6.08,1.773,-44.32,0.21
8272,5.64,0.1112,-2.78,0.25
8273,5.92,114728.8415,-252.96,0.26
8274,7.4,0.1835,-4.59,0.22
8275,5.12,3.7259,-93.15,0.25
8276,7.68,0.6071,-15.18,0.18
8277,5.08,21.1907,-529.77,0.21
8278,5.92,8.9228,-223.07,0.21
8279,5.4,0.307,-7.68,0.25
8280,5.56,399.9292,-753.06,0.2
8281,5.84,19.3384,-483.46,0.24
8282,7.84,0.4042,-10.1,0.18
8283,6.24,547737.8982,-773.85,0.73
8284,8.6,459.1837,-500.52,0.24
8285,5.56,120040.0022,-1159.16,0.19
8286,10.32,450992.4621,-1252.58,0.24
8287,9.08,0.0415,-251.04,0.2
8288,8.12,38.6266,-260.29,0.21
8289,5.32,1.7701,-44.25,0.22
8290,10.32,119082.0018,-268.5,0.19
8291,5.36,5.3818,-134.54,0.28
8292,10.48,119081.9842,-268.06,0.19
8293,7.84,12.4469,-267.16,0.2
8294,5.72,5.495,-137.38,0.23
8295,7.08,1278277.7962,-1303.61,0.2
8296,8.44,0.0163,-0.41,0.19
8297,8.68,0.021,-0.53,0.22
8298,9.04,96710.1888,-750.72,0.18
8299,7.6,0.0127,-0.32,0.18
8300,9.52,120040.6526,-503.39,0.19
8301,7.08,9689.7358,-1778.51,0.17
8302,5.24,474945.9914,-1135.32,0.18
8303,5.08,17.582,-439.55,0.17
8304,5.4,19.5348,-488.37,0.2
8305,6.12,119909.7182,-472.32,0.23
8306,11.12,0.024,-750.58,0.17
8307,7.88,145.4961,-252.65,0.17
8308,5.76,0.1108,-2.77,0.21
8309,8.56,497.5178,-1253.11,0.2
8310,7.56,38.2838,-251.72,0.22
8311,5.96,1449950.7203,-2176.48,0.22
8312,10.08,478246.6406,-1326.96,0.19
8313,4.6,3.7418,-93.54,0.19
8314,7.48,0.1828,-4.57,0.18
8315,5.28,19.4373,-485.93,0.2
8316,7.64,0.0716,-1.79,0.17
8317,7.64,0.613,-15.32,0.19
8318,6.16,0.0143,-0.36,0.19
8319,5.96,0.0274,-0.69,0.21
8320,5.24,8.3428,-208.57,0.22
8321,8.36,50.2746,-507.48,0.21
8322,4.72,14.1655,-354.14,0.22
8323,6.68,1889042.8397,-1803.18,0.23
8324,10.12,119081.2973,-250.89,0.26
8325,7.88,114.7168,-751.79,0.23
8326,8.16,0.0198,-0.49,0.24
8327,11.0,6.3151,-157.88,0.22
8328,5.52,12.3124,-557.79,0.24
8329,5.12,1.8686,-46.72,0.22
8330,5.96,1.7713,-44.28,0.21
8331,8.04,1.121,-28.02,0.2
8332,6.08,1.77,-44.25,0.2
8333,11.04,0.0251,-0.63,0.17
8334,7.64,38.3496,-253.36,0.19
8335,7.6,56756.34,-756.88,0.16
8336,5.12,120026.0474,-560.31,0.2
8337,6.0,8308.5053,-250.43,0.21
8338,11.48,6.312,-1158.76,0.18
8339,4.76,10.7542,-268.86,0.22
8340,10.32,476325.1622,-1002.89,0.21
8341,7.12,38.8303,-265.38,0.16
8342,9.12,32236.7527,-250.82,0.17
8343,6.68,1.2641,-31.6,0.17
8344,7.52,0.0712,-1.78,0.15
8345,4.12,22.9646,-574.11,0.18
8346,5.12,10.7518,-268.79,0.18
8347,7.56,0.0694,-1.74,0.19
8348,7.04,1.8061,-45.15,0.23
8349,7.28,0.0714,-1.78,0.18
8350,9.88,0.0242,-750.53,0.17
8351,4.76,2.0623,-51.56,0.18
8352,5.28,10.7488,-268.72,0.2
8353,6.96,1.0989,-27.47,0.18
8354,7.84,38.5638,-258.72,0.24
8355,5.56,14.0801,-352.0,0.26
8356,6.76,1.1545,-28.86,0.17
8357,7.32,0.5676,-14.19,0.19
8358,8.92,119081.3205,-251.47,0.16
8359,8.68,64476.8266,-584.67,0.17
8360,7.16,0.6132,-15.33,0.18
8361,7.2,0.1832,-4.58,0.16
8362,7.8,0.015,-0.38,0.18
8363,7.48,0.0282,-0.71,0.16
8364,4.96,10.7512,-268.78,0.19
8365,4.92,12.5053,-312.63,0.19
8366,5.48,818847.1431,-1014.33,0.18
8367,4.8,8.7967,-219.92,0.18
8368,4.8,19.3444,-483.61,0.21
8369,7.16,38.3432,-253.2,0.19
8370,5.04,5.5756,-139.39,0.21
8371,7.12,1.267,-31.68,0.21
8372,7.24,0.948,-23.7,0.24
8373,4.8,114732.347,-340.6,0.2
8374,5.96,818847.5333,-774.1,0.22
8375,4.8,17.7771,-444.43,0.2
8376,5.08,19.5346,-488.36,0.17
8377,4.88,5.3803,-134.51,0.2
8378,7.44,0.1272,-3.18,0.19
8379,7.6,0.352,-8.8,0.17
8380,5.4,3.7242,-93.1,0.21
8381,6.24,2081041.9106,-2278.99,0.18
8382,4.8,24.623,-615.58,0.24
8383,10.96,0.9504,-23.76,0.16
8384,7.04,5000.4071,-2000.62,0.16
8385,5.0,17.872,-446.8,0.18
8386,5.2,10.6561,-266.4,0.21
8387,6.2,1293902.6626,-1567.7,0.18
8388,5.48,662694.8875,-1370.8,0.23
8389,10.16,0.0734,-1.84,0.22
8390,10.0,119081.3319,-251.76,0.19
8391,4.64,12.4098,-310.25,0.18
8392,4.32,21.2073,-530.18,0.21
8393,7.28,38.4515,-255.91,0.17
8394,5.24,10.6548,-266.37,0.18
8395,7.36,206.6739,-1251.66,0.2
8396,5.44,33893.3403,-604.23,0.24
8397,5.8,35.2698,-253.18,0.2
8398,6.96,0.6132,-15.33,0.17
8399,10.24,0.3397,-758.47,0.2
8400,7.56,0.0725,-1.81,0.19
8401,4.72,7.1365,-178.41,0.19
8402,4.84,1.8697,-46.74,0.33
8403,6.4,2.3456,-58.64,0.2
8404,7.04,0.672,-16.8,0.2
8405,6.84,41.8159,-576.49,0.17
8406,9.44,238162.6118,-502.22,0.23
8407,8.84,0.0277,-0.69,0.19
8408,7.08,38.3433,-503.13,0.2
8409,7.52,0.0703,-1.76,0.21
8410,4.84,10.7537,-268.84,0.22
8411,5.2,10.7524,-268.81,0.23
8412,7.24,1.1515,-265.26,0.17
8413,5.04,5.4806,-137.01,0.78
8414,7.24,0.1832,-4.58,0.22
8415,10.2,0.34,-258.48,0.2
8416,5.04,12.5048,-312.62,0.21
8417,4.44,21.3028,-532.57,0.21
8418,7.8,0.0673,-2.68,0.18
8419,9.08,32240.1058,-335.65,0.2
8420,7.56,368.4184,-2509.22,0.19
8421,5.32,10.6564,-266.41,0.28
8422,8.08,0.8338,-20.85,0.18
8423,5.48,112421.9195,-537.75,0.21
8424,6.76,4944.629,-2016.92,0.24
8425,5.16,28.2334,-955.83,0.25
8426,6.0,1314246.3633,-1500.26,0.3
8427,4.88,12.3105,-307.76,0.22
8428,4.52,28.4157,-710.39,0.29
8429,4.88,12.4112,-310.28,0.2
8430,5.16,1.8705,-46.76,0.26
8431,4.76,12.313,-307.82,0.24
8432,8.76,0.0185,-0.46,0.3
8433,7.6,0.2628,-256.56,0.28
8434,5.08,12.4088,-310.22,0.21
8435,4.96,3.6241,-90.6,0.24
8436,5.04,10.8923,-272.31,0.29
8437,8.64,38.5128,-257.44,0.29
8438,7.56,38.5088,-257.34,0.23
8439,8.52,0.07,-1.75,0.21
8440,9.92,0.3282,-258.21,0.29
8441,9.4,359167.2562,-874.03,0.21
8442,5.84,698948.354,-565.26,0.24
8443,4.68,23.2433,-581.08,0.22
8444,4.64,30.0734,-751.83,0.17
8445,7.8,459.2901,-503.18,0.18
8446,5.12,33900.4608,-782.25,0.23
8447,11.08,0.6508,-266.25,0.18
8448,4.72,12.4114,-310.28,0.33
8449,4.8,38.7805,-988.34,0.23
8450,4.48,12.5054,-312.63,0.25
8451,6.48,364537.3981,-1269.97,0.19
8452,7.48,0.6158,-15.4,0.23
8453,11.32,6.6038,-415.09,0.23
8454,5.52,746337.0191,-795.73,0.27
8455,8.28,0.3058,-7.64,0.26
8456,5.32,3.7244,-93.11,0.27
8457,4.8,14.2637,-356.59,0.45
8458,8.12,0.0156,-0.39,0.24
8459,5.44,12.4084,-310.21,0.26
8460,7.24,1.1701,-29.25,0.22
8461,6.0,3.5285,-88.21,0.4
8462,9.88,7.381,-184.53,0.31
8463,5.76,0.1145,-2.86,0.28
8464,6.32,395.7859,-500.98,0.32
8465,9.12,421.2508,-257.57,0.35
8466,5.76,1.8671,-46.68,0.27
8467,7.72,4974.4536,-1765.94,0.28
8468,8.52,0.3021,-7.55,0.27
8469,9.92,456904.3084,-1336.67,0.31
8470,6.44,0.0206,-0.51,0.36
8471,7.12,120017.2024,-339.19,0.36
8472,5.12,2.0677,-51.69,0.21
8473,5.16,12.3106,-307.76,0.26
8474,7.72,0.0131,-0.33,0.21
8475,11.24,1.2897,-32.24,0.23
8476,9.4,119083.7662,-312.62,0.25
8477,5.84,0.2085,-5.21,0.32
8478,6.48,1178555.8244,-1169.48,0.26
8479,5.48,28.3161,-707.9,0.41
8480,6.36,33880.9426,-294.29,0.36
8481,9.64,120043.5968,-327.0,0.22
8482,5.44,1533761.947,-1524.3,0.19
8483,8.56,12.1152,-258.87,0.21
8484,5.2,12.3125,-307.81,0.3
8485,5.0,1.9648,-49.12,0.31
8486,7.92,0.9093,-22.73,0.25
8487,10.48,0.3362,-8.4,0.17
8488,8.12,0.1942,-4.86,0.25
8489,5.64,3.6238,-90.6,0.27
8490,7.88,76.4429,-750.29,0.21
8491,5.8,10.6558,-266.39,0.22
8492,8.08,38.5136,-257.46,0.2
8493,6.4,375618.6614,-1172.33,0.17
8494,5.52,1027171.5208,-1336.37,0.18
8495,8.36,38.2312,-250.4,0.17
8496,5.6,1.9658,-49.15,0.18
8497,8.8,56466.4348,-278.75,0.19
8498,5.84,1.87,-46.75,0.18
8499,6.0,0.3083,-7.71,0.19
8500,5.6,12.3225,-308.06,0.21
8501,6.32,6.598,-164.95,0.33
8502,8.64,432.8355,-503.18,0.28
8503,8.6,11.8354,-251.88,0.25
8504,9.48,0.3283,-8.21,0.19
8505,6.16,1.8974,-47.43,0.19
8506,8.48,12.1184,-258.95,0.21
8507,5.72,3.5285,-88.21,0.25
8508,5.8,0.1101,-2.75,0.3
8509,8.32,359849.2706,-931.05,0.25
8510,6.48,114737.6154,-472.31,0.24
8511,10.92,119084.0739,-320.31,0.24
8512,5.64,0.0206,-0.52,0.29
8513,5.8,0.1167,-2.92,0.21
8514,9.4,64473.508,-501.7,0.18
8515,5.6,0.2108,-5.27,0.18
8516,8.28,76.7248,-507.37,0.24
8517,8.76,0.3102,-7.75,0.8
8518,11.04,24.148,-251.4,0.19
8519,10.72,0.6574,-16.43,0.16
8520,9.04,420.9643,-250.41,0.22
8521,8.28,38.2276,-250.31,0.19
8522,7.96,0.3003,-7.51,0.18
8523,7.12,359881.3073,-416.3,0.2
8524,6.28,0.588,-14.7,0.19
8525,9.52,12.6408,-272.01,0.22
8526,8.84,38.7942,-264.48,0.34
8527,8.6,30.1608,-258.11,0.32
8528,5.52,10.7742,-269.36,0.29
8529,9.52,23.5542,-500.84,0.2
8530,6.0,19.5484,-488.71,0.27
8531,8.52,0.295,-7.37,0.35
8532,6.6,10.113,-252.82,0.2
8533,8.24,0.0745,-1.86,0.18
8534,10.36,477284.3897,-1002.2,0.21
8535,5.48,0.3062,-7.66,0.22
8536,6.08,0.127,-3.18,0.24
8537,6.92,38.6223,-723.09,0.22
8538,8.8,176383.1363,-2530.17,0.23
8539,6.28,1.7842,-44.6,0.21
8540,5.52,33879.1881,-250.43,0.17
8541,9.4,8.6728,-216.82,0.16
8542,12.0,1.1038,-27.6,0.19
8543,5.92,26.4628,-661.57,0.19
8544,6.16,902496.1219,-1360.41,0.19
8545,6.12,114728.851,-253.2,0.21
8546,7.44,187867.4373,-628.71,0.18
8547,9.44,0.4165,-10.41,0.17
8548,11.28,0.3318,-8.29,0.17
8549,8.48,77.0594,-515.73,0.2
8550,5.92,0.207,-5.17,0.19
8551,9.92,24.1274,-250.88,0.18
8552,8.04,38.5747,-258.99,0.19
8553,9.44,96734.2922,-1001.0,0.2
8554,7.68,1007418.2567,-1836.53,0.18
8555,5.72,0.1125,-2.81,0.19
8556,6.32,0.1108,-2.77,0.19
8557,7.88,0.9084,-22.71,0.18
8558,8.44,38.5107,-257.39,0.17
8559,7.96,38.844,-265.72,0.2
8560,7.88,38.5088,-257.34,0.17
8561,7.12,38.9942,-269.48,0.14
8562,5.2,3.8211,-95.53,0.17
8563,7.52,0.0153,-0.38,0.2
8564,4.44,26.853,-671.32,0.17
8565,7.44,0.0166,-0.42,0.15
8566,4.64,12.5055,-312.64,0.17
8567,5.0,2.0622,-301.54,0.19
8568,8.36,40.1028,-297.19,0.17
8569,5.0,12.5364,-313.41,0.18
8570,5.52,1913752.2176,-1793.46,0.19
8571,6.16,1017732.5868,-819.57,0.19
8572,6.0,1106037.7471,-1002.03,0.26
8573,5.0,5.5775,-139.44,0.18
8574,6.96,1.155,-28.88,0.22
8575,7.44,38.6192,-260.1,0.17
8576,7.2,0.2953,-7.38,0.16
8577,4.48,21.295,-782.37,0.16
8578,7.76,1.1686,-29.22,0.16
8579,5.16,5.4775,-136.94,0.18
8580,7.44,0.9454,-23.63,0.18
8581,4.6,10.6641,-266.6,0.19
8582,5.36,3.7235,-93.09,0.19
8583,4.48,31.6344,-790.86,0.15
8584,8.04,0.4613,-261.52,0.16
8585,5.76,10.5578,-263.95,0.17
8586,7.72,0.0687,-1.72,0.17
8587,7.24,0.128,-3.2,0.17
8588,7.24,0.666,-16.65,0.19
8589,8.36,32236.736,-250.4,0.15
8590,6.0,13.6125,-340.31,0.2
8591,7.6,38.5649,-258.75,0.19
8592,5.92,1601438.3297,-1772.01,0.22
8593,4.88,5.4786,-136.97,0.2
8594,5.36,2.1309,-53.27,0.18
8595,5.12,12.4142,-310.36,0.17
8596,8.32,67113.0436,-758.83,0.21
8597,6.52,527112.8179,-931.52,0.18
8598,6.4,8308.6292,-253.53,0.2
8599,8.0,38.2354,-250.51,0.17
8600,5.0,1.8702,-46.75,0.17
8601,5.2,32.1192,-560.51,0.15
8602,5.64,1.8686,-46.71,0.18
8603,7.48,1.4332,-272.3,0.16
8604,9.48,64497.5497,-750.44,0.16
8605,5.56,10.5578,-263.94,0.27
8606,6.68,5021.4514,-2429.65,0.18
8607,7.04,13.0244,-281.6,0.26
8608,5.0,29.8792,-746.98,0.19
8609,4.84,10.8467,-271.17,0.23
8610,9.4,120043.0386,-562.91,0.21
8611,8.48,0.0231,-251.58,0.15
8612,5.16,0.209,-5.23,0.2
8613,6.68,479609.2083,-647.68,0.18
8614,7.96,0.6274,-15.69,0.17
8615,5.04,28.3166,-707.91,0.23
8616,6.0,1804985.9106,-1562.52,0.19
8617,10.24,5.5478,-638.65,0.26
8618,9.0,128946.9991,-1002.98,0.23
8619,4.84,1106048.3386,-1266.82,0.2
8620,5.92,22.9603,-574.01,0.2
8621,7.68,38.2917,-251.92,0.16
8622,6.0,1293788.3124,-1529.18,0.17
8623,10.08,5.7016,-142.54,0.17
8624,7.6,0.6124,-15.31,0.16
8625,7.28,0.1816,-4.54,0.17
8626,6.0,2033769.9937,-2146.99,0.19
8627,8.04,0.0181,-0.45,0.19
8628,5.44,5.2858,-132.14,0.18
8629,5.12,7.3317,-183.29,0.18
8630,7.68,360135.4586,-759.47,0.21
8631,5.84,1085581.9603,-1087.56,0.18
8632,4.88,29.9894,-749.73,0.22
8633,5.4,17.8072,-296.68,0.23
8634,5.64,1214804.8852,-1253.75,0.17
8635,5.84,8.8162,-470.29,0.21
8636,8.8,32236.7374,-1000.43,0.17
8637,5.84,474942.7872,-805.28,0.18
8638,10.76,0.1821,-254.55,0.2
8639,5.0,10.7509,-268.77,0.17
8640,4.88,28.2195,-705.49,0.2
8641,5.56,1.9654,-49.14,0.19
8642,5.68,3.1688,-79.22,0.17
8643,5.16,19.1116,-329.29,0.19
8644,10.68,0.394,-259.85,0.15
8645,8.68,392403.3811,-751.79,0.18
8646,4.6,10.9436,-273.59,0.17
8647,7.6,1.4324,-35.81,0.16
8648,5.52,495413.0535,-1081.74,0.77
8649,5.4,1266865.7988,-1472.3,0.19
8650,6.96,1.6937,-42.34,0.16
8651,5.56,8.8949,-222.37,0.18
8652,8.0,165.0505,-510.35,0.18
8653,7.76,152.7602,-434.25,0.18
8654,7.6,0.4054,-10.14,0.22
8655,5.48,15.8359,-645.89,0.2
8656,5.88,1382099.4304,-1860.59,0.17
8657,8.28,0.6323,-15.81,0.17
8658,7.36,0.1838,-4.59,0.16
8659,8.8,1.3935,-34.84,0.22
8660,7.72,1.3758,-34.4,0.23
8661,4.4,17.6981,-442.45,0.18
8662,5.12,10.5536,-263.84,0.19
8663,7.32,0.6674,-16.69,0.16
8664,7.04,364606.8651,-2195.91,0.16
8665,5.16,10.6512,-266.28,0.18
8666,7.72,38.284,-251.72,0.17
8667,7.56,0.1274,-3.18,0.17
8668,5.36,12.4403,-311.01,0.18
8669,5.36,19.533,-488.33,0.19
8670,5.48,12.6157,-315.39,0.22
8671,7.56,0.0718,-1.8,0.19
8672,4.56,30.173,-754.33,0.17
8673,4.8,15.8261,-395.65,0.17
8674,5.68,10.6667,-266.67,0.18
8675,5.08,21.29,-532.25,0.18
8676,7.76,38.2268,-250.29,0.16
8677,9.92,478243.5967,-1001.0,0.16
8678,4.96,10.8595,-271.49,0.24
8679,6.8,1178836.8032,-1069.22,0.17
8680,5.2,3.626,-90.65,0.2
8681,7.84,0.3506,-8.77,0.16
8682,4.96,14.0701,-351.75,0.16
8683,5.28,11.3642,-766.28,0.16
8684,5.44,2.0681,-51.7,0.16
8685,5.32,12.5053,-312.63,0.17
8686,5.28,14.1654,-354.13,0.16
8687,5.16,1.965,-49.12,0.18
8688,7.92,0.0748,-1.87,0.19
8689,10.12,0.5056,-262.62,0.22
8690,9.2,119081.3839,-253.06,0.15
8691,5.64,1126498.9544,-1052.02,0.16
8692,5.44,1.8809,-47.02,0.19
8693,4.76,12.6029,-315.07,0.17
8694,5.8,1622075.5445,-1917.69,0.18
8695,8.88,96710.2111,-751.28,0.17
8696,7.08,0.724,-18.1,0.16
8697,6.92,0.6152,-265.27,0.21
8698,5.2,9.0901,-227.25,0.22
8699,7.76,12.3728,-265.31,0.16
8700,7.52,0.6216,-15.54,0.2
8701,7.68,0.125,-3.13,0.15
8702,7.12,0.6675,-16.69,0.14
8703,8.6,0.0709,-501.77,0.15
8704,8.36,0.1229,-3.07,0.15
8705,6.92,0.2386,-5.97,0.17
8706,4.48,31.8292,-795.73,0.18
8707,7.44,0.4066,-10.16,0.18
8708,10.2,0.3243,-508.09,0.17
8709,7.6,0.7255,-18.14,0.16
8710,4.88,14.0842,-352.1,0.17
8711,9.4,0.4899,-1012.15,0.18
8712,7.52,0.668,-16.7,0.16
8713,4.6,19.9252,-498.13,0.21
8714,5.28,10.7514,-268.78,0.18
8715,5.0,14.2628,-356.57,0.19
8716,7.48,0.4618,-11.54,0.23
8717,7.24,0.1278,-3.2,0.24
8718,7.28,0.1286,-3.22,0.19
8719,6.6,719599.9811,-1751.78,0.22
8720,5.56,13.8264,-345.66,0.24
8721,8.68,14.7416,-618.51,0.15
8722,10.36,0.1551,-253.85,0.17
8723,8.2,39.0708,-271.39,0.16
8724,5.72,19.8104,-252.79,0.16
8725,8.12,39.1878,-274.32,0.19
8726,7.08,38.4538,-255.97,0.16
8727,9.8,357246.2778,-812.33,0.22
8728,5.44,17.5834,-439.59,0.18
8729,7.36,39.3112,-277.4,0.16
8730,5.04,12.4229,-310.57,0.2
8731,7.0,364649.6443,-1765.85,0.2
8732,7.6,38.3974,-254.56,0.18
8733,5.44,0.2119,-5.3,0.27
8734,5.24,7.1409,-178.52,0.22
8735,5.72,17.713,-294.32,0.21
8736,8.12,420.962,-250.35,0.18
8737,7.28,0.4627,-11.57,0.16
8738,5.44,0.1111,-2.78,0.33
8739,8.44,32236.7954,-501.88,0.24
8740,5.76,339248.5984,-1383.22,0.17
8741,5.12,11.0446,-276.12,0.19
8742,5.16,26.56,-664.0,0.19
8743,7.72,0.0688,-1.72,0.17
8744,7.8,38.8828,-266.69,0.18
8745,5.48,3.7217,-93.04,0.19
8746,4.88,0.2206,-255.51,0.17
8747,7.56,38.2382,-250.58,0.18
8748,7.4,0.0714,-1.78,0.19
8749,5.28,5.2866,-132.16,0.26
8750,5.36,5.2821,-132.05,0.21
8751,7.44,14360.8188,-1250.66,0.21
8752,4.6,9.09,-227.25,0.2
8753,5.12,3.7238,-343.08,0.21
8754,5.72,474945.3168,-868.52,0.18
8755,10.08,119083.7466,-312.12,0.16
8756,8.6,128946.9,-1000.5,0.16
8757,6.08,359816.051,-1678.63,0.19
8758,9.04,119084.335,-826.82,0.21
8759,5.52,114749.9143,-779.78,0.2
8760,5.48,6.5859,-164.65,0.19
8761,5.12,15.4672,-386.68,0.19
8762,9.68,64476.894,-586.35,0.17
8763,5.72,0.2708,-6.77,0.24
8764,6.0,0.018,-0.45,0.22
8765,4.88,16.0187,-400.47,0.19
8766,5.52,9.0885,-227.21,0.18
8767,9.36,3136.5318,-1192.64,0.18
8768,5.84,782833.4259,-813.96,0.18
8769,5.56,120015.5029,-296.7,0.19
8770,5.32,12.3093,-307.73,0.19
8771,5.32,19.4355,-485.89,0.2
8772,7.56,38.6271,-260.3,0.18
8773,5.84,12.516,-312.9,0.22
8774,5.96,8.7983,-219.96,0.25
8775,7.76,0.4132,-10.33,0.18
8776,6.48,714858.1597,-1328.08,0.17
8777,7.04,167.0947,-1258.78,0.21
8778,5.36,10.6624,-266.56,0.2
8779,6.64,1393484.326,-1345.4,0.18
8780,5.08,8.7971,-219.93,0.2
8781,4.72,0.2181,-505.42,0.22
8782,5.48,1.7717,-44.29,0.8
8783,7.56,0.069,-1.72,0.17
8784,7.92,38.229,-250.35,0.17
8785,5.32,37.1083,-299.14,0.18
8786,7.72,0.1296,-3.24,0.17
8787,5.92,1554049.7792,-1544.4,0.18
8788,5.92,6.0658,-151.65,0.19
8789,6.12,3.5257,-88.14,0.19
8790,9.16,14.7295,-368.24,0.17
8791,8.16,19.9969,-518.69,0.17
8792,5.48,1.9662,-49.15,0.2
8793,6.0,0.0139,-0.35,0.25
8794,6.24,9.2344,-230.86,0.2
8795,9.72,239124.9463,-579.2,0.2
8796,6.08,1.7714,-44.28,0.2
8797,5.84,1.7695,-44.24,0.18
8798,7.84,0.0131,-0.33,0.19
8799,5.32,8.9946,-224.86,0.19
8800,10.08,0.0495,-1.24,0.18
8801,5.52,0.2127,-5.32,0.21
8802,6.12,1382101.4362,-1910.73,0.15
8803,8.08,11.7814,-250.52,0.18
8804,6.28,3.5408,-88.52,0.22
8805,8.2,38.2323,-250.43,0.21
8806,5.8,21.4684,-294.24,0.19
8807,7.88,0.2962,-7.41,0.18
8808,8.0,76.7213,-507.28,0.19
8809,7.84,0.3025,-7.56,0.2
8810,7.84,38.6185,-260.09,0.19
8811,8.04,0.3518,-8.79,0.18
8812,7.88,38.619,-260.1,0.19
8813,7.96,38.6208,-261.14,0.22
8814,5.52,1.967,-49.18,0.22
8815,7.76,0.127,-3.17,0.18
8816,7.56,0.068,-1.7,0.16
8817,6.2,407095.1216,-579.99,0.19
8818,6.68,866240.0392,-1100.6,0.19
8819,5.52,17.6831,-442.08,0.21
8820,8.32,38.2315,-250.41,0.17
8821,7.8,0.3004,-7.51,0.15
8822,7.72,0.5748,-14.37,0.15
8823,5.2,1.9649,-49.12,0.2
8824,8.72,38.5149,-257.5,0.16
8825,8.2,38.232,-250.42,0.16
8826,5.16,9.2845,-232.11,0.19
8827,5.32,0.3239,-8.1,0.2
8828,7.08,407096.7882,-621.66,0.18
8829,4.96,1.9702,-49.26,0.18
8830,5.8,3.198,-329.94,0.18
8831,4.8,31.6346,-790.86,0.18
8832,4.68,26.6626,-666.56,0.17
8833,5.56,5.3823,-134.56,0.18
8834,8.12,38.7866,-264.29,0.16
8835,6.04,1.8695,-46.74,0.19
8836,8.04,38.5183,-257.58,0.18
8837,8.8,11.8083,-251.2,0.18
8838,7.04,1054227.9536,-811.81,0.18
8839,8.04,38.5105,-257.38,0.17
8840,5.68,19.5357,-488.39,0.19
8841,6.64,10.1128,-252.82,0.23
8842,7.56,0.0677,-1.69,0.18
8843,6.04,19.4328,-485.82,0.26
8844,6.52,375617.9876,-1155.48,0.2
8845,5.52,33879.3794,-255.21,0.18
8846,5.0,14.1656,-354.14,0.3
8847,9.2,403292.6859,-1188.14,0.24
8848,11.56,0.7764,-269.4,0.18
8849,10.48,238168.0193,-637.4,0.16
8850,7.32,38.3992,-254.6,0.19
8851,6.16,17.5811,-439.53,0.26
8852,6.2,19.3408,-483.52,0.23
8853,8.76,0.3609,-9.02,0.19
8854,8.08,0.2952,-7.38,0.19
8855,6.0,1.9652,-49.13,0.21
8856,9.04,0.7564,-18.91,0.18
8857,9.92,0.084,-252.07,0.16
8858,7.32,178.1814,-1571.41,0.2
8859,8.24,0.0781,-1.95,0.17
8860,9.64,340066.9566,-502.04,0.16
8861,11.16,1.4106,-35.27,0.15
8862,5.24,0.0133,-0.33,0.17
8863,8.76,38.5494,-258.36,0.17
8864,5.84,8.9004,-222.51,0.17
8865,8.36,0.0194,-0.49,0.16
8866,8.28,11.8288,-251.71,0.16
8867,8.24,0.0737,-1.84,0.22
8868,6.0,1.7735,-44.34,0.18
8869,5.92,0.1108,-2.77,0.18
8870,5.96,26.3787,-659.47,0.18
8871,6.36,818961.0281,-791.23,0.19
8872,5.64,2.0642,-51.6,0.19
8873,9.96,119081.3262,-251.62,0.21
8874,7.92,38.2307,-250.39,0.18
8875,8.04,13.2069,-286.16,0.18
8876,6.6,407098.0425,-903.0,0.17
8877,5.56,0.1129,-2.82,0.21
8878,8.24,0.6381,-15.95,0.21
8879,9.24,421.2627,-257.87,0.2
8880,7.84,38.9,-267.12,0.18
8881,8.24,38.5083,-257.33,0.16
8882,5.48,12.3246,-308.12,0.18
8883,6.52,1106214.65,-1120.12,0.16
8884,5.4,3.5276,-88.19,0.18
8885,10.6,119831.8297,-758.71,0.16
8886,6.72,11.2774,-281.94,0.21
8887,6.32,1.8714,-46.79,0.19
8888,6.32,8311.5863,-327.46,0.19
8889,10.12,392434.1709,-919.23,0.19
8890,11.4,0.1559,-3.9,0.21
8891,7.08,459260.8378,-598.37,0.19
8892,7.28,2104205.0716,-1616.69,0.19
8893,7.56,0.3542,-8.85,0.17
8894,6.12,24.7375,-469.94,0.18
8895,5.84,1.7729,-44.32,0.18
8896,6.48,1225942.0108,-1337.99,0.17
8897,6.92,17.592,-439.8,0.2
8898,8.4,0.1314,-3.28,0.23
8899,8.08,38.565,-258.75,0.19
8900,8.2,38.6201,-260.13,0.19
8901,6.84,1418469.595,-1652.24,0.19
8902,8.52,50.0454,-501.75,0.2
8903,8.84,62.6052,-771.73,0.23
8904,5.84,8.7961,-219.9,0.24
8905,5.84,3.5284,-88.21,0.23
8906,5.12,0.2107,-5.27,0.21
8907,7.92,126.4741,-1001.71,0.19
8908,6.88,579274.0782,-838.51,0.18
8909,10.72,119083.7427,-562.02,0.22
8910,5.36,12.4089,-310.22,0.19
8911,11.24,0.0243,-250.59,0.16
8912,10.12,358205.8596,-820.49,0.16
8913,8.92,7.9424,-198.56,0.17
8914,5.4,10.6522,-266.31,0.19
8915,8.64,421.2434,-257.39,0.17
8916,7.6,479892.9741,-617.09,0.17
8917,6.08,1.7736,-44.34,0.19
8918,5.84,19.396,-484.9,0.18
8919,7.8,0.35,-8.75,0.19
8920,6.84,1.7703,-44.26,0.18
8921,5.88,1.8661,-46.65,0.19
8922,9.48,96720.8151,-1016.38,0.15
8923,5.32,12.3129,-307.82,0.2
8924,7.72,76.5551,-503.12,0.16
8925,8.48,49.992,-500.41,0.17
8926,7.64,0.1251,-3.13,0.16
8927,9.24,6.2726,-156.82,0.17
8928,6.24,26.3632,-659.08,0.18
8929,5.84,120017.2025,-339.19,0.19
8930,7.48,38.3431,-253.2,0.18
8931,5.96,0.0191,-0.48,0.21
8932,8.24,76.4454,-500.38,0.21
8933,5.84,1.7734,-44.33,0.21
8934,8.48,49.9983,-501.57,0.18
8935,5.56,0.2108,-5.27,0.18
8936,8.52,38.5105,-257.38,0.2
8937,5.52,12.531,-313.27,0.21
8938,6.12,5.7159,-142.9,0.17
8939,8.28,420.9627,-250.37,0.18
8940,6.08,120015.4183,-294.58,0.18
8941,8.76,421.2567,-257.72,0.25
8942,10.76,0.0454,-251.13,0.16
8943,6.24,0.0544,-1.36,0.17
8944,7.96,38.2854,-251.76,0.18
8945,6.08,0.1389,-253.45,0.2
8946,8.12,145.694,-257.6,0.19
8947,6.08,10.6537,-266.34,0.21
8948,6.28,24.7358,-469.89,0.19
8949,5.16,10.5546,-263.86,0.2
8950,7.68,0.1258,-3.14,0.17
8951,10.6,0.109,-252.72,0.16
8952,5.64,3.6233,-90.58,0.18
8953,5.68,0.014,-0.35,0.22
8954,5.96,0.1282,-3.2,0.19
8955,5.96,3.5521,-88.8,0.2
8956,5.96,0.1128,-2.82,0.19
8957,5.44,10.5623,-264.06,0.19
8958,5.8,10.7553,-518.86,0.24
8959,8.36,0.5734,-14.33,0.21
8960,6.28,1680774.2927,-1790.92,0.19
8961,8.24,38.235,-250.5,0.17
8962,8.4,38.235,-250.5,0.16
8963,7.84,76.4413,-500.28,0.16
8964,7.88,38.2294,-250.36,0.18
8965,6.36,474946.751,-904.38,0.17
8966,8.16,12.172,-260.29,0.18
8967,8.16,0.6302,-15.75,0.18
8968,6.12,834646.7508,-1092.48,0.17
8969,5.6,1.8734,-46.84,0.18
8970,8.2,0.5793,-14.48,0.18
8971,8.36,38.2867,-251.79,0.21
8972,5.72,0.112,-2.8,0.2
8973,10.2,239124.2651,-562.17,0.16
8974,5.92,114732.2521,-338.23,0.18
8975,5.88,1.7741,-44.35,0.21
8976,8.2,1.793,-44.82,0.16
8977,6.8,120031.214,-689.47,0.19
8978,7.4,38.4033,-254.71,0.17
8979,6.2,0.0146,-0.37,0.19
8980,6.04,0.1137,-2.84,0.19
8981,8.0,38.8439,-265.72,0.23
8982,6.08,12.3684,-309.21,0.17
8983,6.68,1789653.6734,-2028.46,0.17
8984,5.96,1.8694,-46.74,0.2
8985,7.24,364639.7934,-2007.45,0.16
8986,6.36,0.2079,-5.2,0.19
8987,6.16,595086.6256,-880.93,0.19
8988,5.72,29.9759,-749.4,0.2
8989,5.48,3.6244,-90.61,0.18
8990,5.32,1.7838,-44.59,0.2
8991,5.64,4.9295,-123.24,0.18
8992,11.64,478896.3506,-1383.3,0.18
8993,10.04,239124.255,-561.92,0.16
8994,10.08,2.5721,-564.16,0.23
8995,5.72,5.2888,-132.22,0.2
8996,8.04,0.1281,-3.2,0.18
8997,6.0,12.4417,-311.04,0.2
8998,7.2,0.1847,-4.62,0.18
8999,5.4,0.1113,-2.78,0.19
9000,8.32,39.068,-271.32,0.18
9001,8.92,432.7253,-500.43,0.18
9002,6.84,579161.5653,-845.92,0.21
9003,5.72,0.0122,-0.31,0.22
9004,8.16,38.2304,-250.38,0.2
9005,8.76,38.517,-257.55,0.17
9006,6.0,1.8691,-46.73,0.19
9007,6.88,787262.7088,-1227.58,0.2
9008,8.64,359723.8536,-699.22,0.18
9009,5.6,1.7883,-44.71,0.18
9010,5.4,3.6338,-90.84,0.18
9011,8.24,49.9926,-500.43,0.2
9012,8.04,38.2873,-251.81,0.17
9013,4.92,359713.276,-520.0,0.18
9014,8.28,0.0196,-0.49,0.18
9015,6.0,1533591.7806,-1574.63,0.22
9016,7.84,38.2294,-250.36,0.17
9017,6.64,1122081.0648,-1173.24,0.23
9018,5.08,17.5811,-439.53,0.18
9019,5.4,8.8975,-222.44,0.24
9020,8.32,11.7778,-250.44,0.21
9021,6.92,2092420.4499,-2148.9,0.17
9022,9.08,0.082,-2.05,0.15
9023,6.32,1.8676,-46.69,0.19
9024,7.72,0.0703,-1.76,0.21
9025,10.16,119083.7764,-312.87,0.16
9026,8.16,459.175,-500.3,0.19
9027,8.92,0.3001,-7.5,0.18
9028,6.0,1.7744,-44.36,0.18
9029,6.2,12.31,-307.75,0.19
9030,6.44,8.8123,-220.31,0.22
9031,8.16,38.2888,-251.84,0.21
9032,6.32,19.3404,-483.51,0.22
9033,8.6,76.788,-508.95,0.23
9034,5.24,3.6274,-90.69,0.22
9035,5.64,1.8685,-46.71,0.18
9036,8.2,76.7302,-507.5,0.22
9037,7.8,0.3686,-9.21,0.17
9038,10.6,120046.5742,-401.44,0.17
9039,10.44,238162.5858,-501.57,0.21
9040,5.92,1.7792,-44.48,0.21
9041,7.76,0.295,-7.37,0.18
9042,6.0,120031.44,-546.62,0.2
9043,9.44,32260.8432,-500.78,0.16
9044,5.8,1.8687,-46.72,0.17
9045,6.72,0.0406,-1.01,0.17
9046,7.48,0.1264,-3.16,0.2
9047,7.36,427782.3948,-1141.13,0.18
9048,5.28,8327.8283,-733.5,0.19
9049,5.28,1.8799,-47.0,0.21
9050,7.2,1606448.4229,-1847.21,0.21
9051,10.4,24.1115,-250.48,0.17
9052,7.56,38.399,-254.6,0.17
9053,9.72,119083.7748,-312.83,0.17
9054,7.88,0.0676,-1.69,0.18
9055,6.28,1.8158,-295.39,0.31
9056,7.88,0.6388,-15.97,0.9
9057,10.84,595409.674,-1334.15,0.16
9058,8.56,0.437,-10.93,0.16
9059,5.72,10.563,-264.07,0.19
9060,6.96,699119.6326,-542.73,0.23
9061,6.28,0.4938,-12.35,0.18
9062,9.24,32236.7545,-251.86,0.18
9063,7.4,0.1241,-3.1,0.16
9064,10.6,358205.5552,-812.88,0.16
9065,6.4,3.1003,-77.51,0.19
9066,6.84,1006821.8135,-1253.64,0.16
9067,5.92,8.9909,-224.77,0.2
9068,5.44,2.7234,-68.08,0.21
9069,5.52,12.6732,-316.83,0.18
9070,5.08,24.6085,-615.21,0.2
9071,6.12,12.3113,-307.78,0.2
9072,5.4,3.7218,-93.04,0.18
9073,5.52,10.7494,-268.73,0.18
9074,4.96,10.651,-266.27,0.17
9075,7.92,0.8397,-20.99,0.2
9076,6.52,67854.9507,-407.42,0.21
9077,7.96,38.509,-257.35,0.17
9078,9.84,720381.4656,-1002.55,0.18
9079,5.16,5.7718,-144.3,0.18
9080,5.76,1.8892,-47.23,0.19
9081,5.48,12.0523,-301.31,0.19
9082,5.72,12.4073,-310.18,0.17
9083,6.68,459149.1812,-627.19,0.18
9084,7.48,0.4046,-10.12,0.24
9085,4.52,12.5053,-312.63,0.21
9086,8.16,0.0145,-0.36,0.17
9087,5.68,1.8678,-46.69,0.21
9088,5.32,12.4918,-312.29,0.24
9089,7.76,0.3494,-8.73,0.16
9090,9.96,476325.0856,-1000.98,0.17
9091,5.4,10.6534,-266.33,0.18
9092,7.2,0.2411,-255.9,0.17
9093,5.04,37.034,-777.35,0.17
9094,9.16,152.2777,-422.19,0.16
9095,5.52,22.5722,-564.3,0.18
9096,7.64,38.9589,-268.6,0.18
9097,7.92,50.3241,-508.72,0.21
9098,5.6,3.627,-90.67,0.2
9099,6.64,37.2835,-689.62,0.2
9100,5.88,10.5859,-264.65,0.21
9101,7.76,0.0182,-0.45,0.21
9102,5.68,1169467.07,-1587.2,0.17
9103,11.88,0.0265,-0.66,0.19
9104,9.6,424664.155,-1000.83,0.15
9105,11.32,1.0985,-27.46,0.15
9106,7.44,0.0685,-1.71,0.15
9107,10.36,0.6314,-765.73,0.17
9108,7.92,145.4224,-250.81,0.21
9109,5.96,1.771,-44.28,0.25
9110,6.52,423134.8932,-662.54,0.17
9111,5.24,17.7759,-444.4,0.17
9112,9.24,13.5699,-589.24,0.2
9113,5.4,12.4817,-312.04,0.2
9114,5.76,1.8709,-46.77,0.22
9115,8.2,0.0156,-0.39,0.17
9116,6.4,1.8707,-46.77,0.18
9117,7.72,38.6189,-260.09,0.19
9118,5.52,65966.037,-733.42,0.2
9119,11.16,0.5962,-14.9,0.16
9120,6.16,19.4379,-485.95,0.18
9121,9.64,238162.6273,-502.6,0.15
9122,5.92,114730.5902,-296.68,0.21
9123,10.64,358209.129,-902.23,0.23
9124,7.96,0.3556,-8.89,0.17
9125,5.64,1.8841,-47.1,0.18
9126,6.44,9.2838,-232.09,0.21
9127,5.88,4.8558,-121.4,0.19
9128,5.28,7.0404,-176.01,0.21
9129,5.88,10.7188,-267.97,0.19
9130,7.88,0.2938,-7.35,0.2
9131,10.48,0.6491,-16.23,0.15
9132,6.16,26.4957,-513.89,0.24
9133,7.0,374150.7964,-2180.38,0.18
9134,5.12,14.067,-351.68,0.17
9135,5.08,5.2842,-132.11,0.18
9136,5.2,3.7302,-93.25,0.27
9137,8.8,0.1273,-3.18,0.23
9138,5.92,970341.5084,-1528.72,0.18
9139,5.56,1.8674,-46.68,0.2
9140,8.04,38.5068,-257.29,0.2
9141,6.0,1.7712,-44.28,0.18
9142,6.16,29.8804,-747.01,0.17
9143,6.24,28.222,-705.55,0.17
9144,5.48,1.9649,-49.12,0.17
9145,7.48,205.0393,-1537.47,0.16
9146,5.48,1.966,-49.15,0.18
9147,5.8,28.1242,-703.11,0.3
9148,5.92,33881.0452,-296.86,0.18
9149,9.72,64476.8287,-584.72,0.21
9150,7.92,0.8528,-21.32,0.24
9151,8.6,0.3102,-7.76,0.21
9152,5.92,5.3834,-134.59,0.22
9153,5.04,20.0043,-257.64,0.25
9154,7.68,38.2835,-251.71,0.24
9155,7.72,0.354,-8.85,0.23
9156,5.32,8.9921,-224.8,0.24
9157,5.12,10.2923,-507.29,0.22
9158,5.76,1.8664,-46.66,0.2
9159,7.4,0.3116,-7.79,0.2
9160,5.76,10.5547,-263.87,0.24
9161,6.48,714747.5287,-1382.55,0.18
9162,9.04,392403.3802,-751.77,0.16
9163,8.6,32236.7333,-750.33,0.18
9164,5.44,3.8186,-95.47,0.21
9165,10.36,0.6235,-15.59,0.17
9166,6.96,1079270.434,-2679.89,0.17
9167,7.0,1138054.9791,-1335.04,0.19
9168,7.4,0.2942,-7.35,0.17
9169,8.4,0.0153,-0.38,0.19
9170,6.36,17.692,-442.3,0.19
9171,5.92,1.7718,-44.3,0.21
9172,5.08,0.2092,-5.23,0.19
9173,7.96,0.0176,-0.44,0.19
9174,5.52,3.5242,-88.11,0.22
9175,9.52,119081.3059,-751.09,0.16
9176,9.28,32236.8106,-502.27,0.18
9177,5.4,3.724,-93.1,0.22
9178,11.96,0.0355,-0.89,0.18
9179,5.08,8.8949,-222.37,0.19
9180,5.88,2.4452,-61.13,0.2
9181,6.36,1293792.1092,-1624.1,0.17
9182,6.68,1517914.546,-1544.92,0.18
9183,9.52,96710.2128,-751.32,0.2
9184,8.36,1.1344,-28.36,0.2
9185,10.44,0.3307,-508.21,0.16
9186,6.32,120013.6657,-250.77,0.19
9187,7.92,0.0762,-1.9,0.17
9188,7.84,38.2292,-250.35,0.18
9189,8.0,76.4472,-500.43,0.18
9190,10.4,0.0355,-250.52,0.19
9191,5.4,8.9958,-224.89,0.19
9192,6.12,1.8704,-46.76,0.21
9193,6.12,19.3367,-483.42,0.22
9194,9.72,239126.7211,-623.57,0.18
9195,11.68,0.0193,-250.47,0.17
9196,5.32,1.8661,-46.65,0.19
9197,7.28,0.6132,-15.33,0.21
9198,8.56,11.7834,-250.57,0.19
9199,5.48,14.0913,-352.28,0.22
9200,7.88,76.6112,-504.53,0.17
9201,7.84,0.2955,-7.39,0.16
9202,9.84,358203.0815,-751.04,0.15
9203,10.0,238162.6075,-502.11,0.19
9204,5.56,1.7694,-44.23,0.18
9205,6.08,0.0281,-0.7,0.2
9206,5.56,0.0152,-0.38,0.23
9207,5.72,16.0674,-253.18,0.19
9208,10.52,0.0783,-1.96,0.17
9209,6.04,17.5838,-439.59,0.2
9210,7.64,38.6199,-260.12,0.21
9211,5.56,1.7728,-44.32,0.18
9212,8.24,56638.1722,-956.27,0.17
9213,10.32,478243.6032,-1001.16,0.17
9214,5.72,1.7717,-44.29,0.2
9215,7.84,39.0514,-270.91,0.18
9216,5.32,1.9637,-49.09,0.22
9217,6.84,281.2722,-2749.81,0.17
9218,9.28,64473.4662,-500.65,0.17
9219,6.56,8.7975,-219.94,0.2
9220,5.52,0.2135,-5.34,0.18
9221,5.04,12.314,-307.85,0.18
9222,5.32,8.9009,-222.52,0.17
9223,5.92,1.8698,-46.74,0.23
9224,8.92,7.6374,-190.94,0.19
9225,7.76,0.1262,-3.15,0.17
9226,5.56,0.0122,-0.31,0.21
9227,5.4,1.872,-46.8,0.19
9228,10.28,119084.1871,-323.14,0.17
9229,7.88,0.4686,-11.71,0.18
9230,6.36,594844.5279,-1078.16,0.2
9231,5.88,2.8335,-70.84,0.19
9232,10.12,238164.9931,-561.75,0.2
9233,8.6,38.521,-257.65,0.22
9234,8.76,280.1084,-507.51,0.21
9235,10.36,120040.5687,-501.29,0.17
9236,5.48,3.638,-90.95,0.19
9237,5.36,8.7972,-219.93,0.21
9238,8.28,0.0237,-0.59,0.18
9239,7.56,76.6108,-504.52,0.2
9240,5.36,0.2124,-5.31,0.2
9241,8.16,0.3556,-8.89,0.21
9242,8.52,38.6485,-260.84,0.16
9243,5.28,7.0431,-176.08,0.21
9244,5.88,2.7946,-69.87,0.19
9245,5.72,3.2662,-81.66,0.25
9246,5.68,47.4511,-557.71,0.21
9247,6.76,1262549.4882,-1312.75,0.22
9248,5.4,0.1167,-2.92,0.18
9249,7.92,38.5696,-258.86,0.17
9250,7.28,459259.7107,-570.19,0.22
9251,9.2,96710.2336,-751.84,0.16
9252,5.56,0.1236,-3.09,0.2
9253,10.88,0.7784,-20.46,0.19
9254,7.68,1130.07,-1267.88,0.2
9255,10.96,0.9653,-24.13,0.18
9256,5.8,0.0206,-0.52,0.21
9257,10.6,0.468,-11.7,0.24
9258,8.92,0.5787,-14.47,0.19
9259,9.08,5.9222,-148.06,0.2
9260,8.08,38.2914,-251.91,0.19
9261,5.56,22.9593,-573.98,0.18
9262,5.76,23.2262,-338.19,0.19
9263,5.64,1.8735,-46.84,0.18
9264,8.8,8.3138,-207.84,0.18
9265,6.6,714856.8958,-1296.48,0.2
9266,5.16,10.7483,-268.71,0.23
9267,6.52,1298629.9596,-1447.74,0.22
9268,5.32,33889.8245,-516.34,0.22
9269,5.52,381.5959,-294.73,0.21
9270,5.84,360096.0904,-557.83,0.27
9271,7.28,0.1845,-4.61,0.21
9272,6.88,719521.2697,-1751.03,0.19
9273,8.28,184.3186,-1560.95,0.25
9274,8.72,76.4568,-500.67,0.24
9275,9.56,360190.7565,-502.87,0.21
9276,5.84,10.5659,-264.15,0.23
9277,7.96,76.7847,-508.86,0.2
9278,6.52,1397897.6862,-1154.97,0.19
9279,6.28,1.7851,-44.63,0.19
9280,8.12,0.2978,-7.44,0.19
9281,7.92,76.5084,-501.96,0.17
9282,6.6,120019.0808,-386.14,0.17
9283,8.12,0.0209,-0.52,0.2
9284,6.84,120015.9233,-307.21,0.18
9285,8.28,0.3637,-9.09,0.19
9286,5.32,3.8229,-95.57,0.22
9287,6.28,1.9663,-49.16,0.2
9288,9.76,120040.9037,-259.68,0.22
9289,6.4,45.7165,-1142.91,0.23
9290,5.36,2.0656,-51.64,0.19
9291,11.0,0.4619,-11.55,0.16
9292,8.0,0.0168,-0.42,0.17
9293,6.76,1.7495,-43.74,0.18
9294,7.24,364607.3252,-1510.32,0.2
9295,4.84,21.1287,-528.22,0.19
9296,10.8,3.0647,-326.58,0.18
9297,6.76,886984.5318,-1107.99,0.18
9298,8.6,38.5142,-257.48,0.19
9299,8.12,38.5072,-257.3,0.2
9300,8.72,0.023,-0.58,0.21
9301,5.04,1.9823,-49.56,0.17
9302,9.08,0.3087,-7.72,0.17
9303,6.92,12.3102,-307.76,0.18
9304,9.68,240085.9902,-623.92,0.14
9305,6.36,120013.7187,-502.09,0.26
9306,5.36,3.7209,-93.02,0.27
9307,5.88,1.8661,-46.65,0.21
9308,8.08,38.8421,-265.68,0.17
9309,7.68,0.6845,-17.11,0.22
9310,6.16,0.0258,-0.64,0.21
9311,7.76,0.0704,-1.76,0.29
9312,10.36,778922.259,-1250.77,0.2
9313,5.88,120024.3787,-518.59,0.25
9314,7.84,5078.668,-2528.5,0.3
9315,8.2,0.3536,-8.84,0.23
9316,6.24,647008.5542,-1054.29,0.19
9317,8.8,38.5118,-257.42,0.24
9318,5.92,0.0155,-0.39,0.23
9319,5.72,120015.4127,-294.44,0.22
9320,8.84,76.4508,-500.52,0.24
9321,7.6,766966.7939,-755.41,0.4
9322,10.44,48.3005,-502.9,0.37
9323,6.04,0.0155,-0.39,0.37
9324,9.08,392406.6971,-834.65,0.22
9325,8.44,0.2933,-7.33,0.21
9326,5.68,0.1116,-2.79,0.27
9327,8.12,0.0732,-1.83,0.3
9328,10.32,239121.9004,-503.05,0.31
9329,7.72,0.6314,-15.79,0.3
9330,8.16,56465.6181,-258.33,0.33
9331,9.92,4.991,-124.78,0.38
9332,5.32,0.2093,-5.23,0.38
9333,5.36,3.6844,-92.11,0.29
9334,6.0,19.4348,-485.87,0.28
9335,8.68,50.3277,-508.81,0.35
9336,10.0,119083.7596,-312.45,0.48
9337,7.72,0.1833,-4.58,0.33
9338,8.8,32236.737,-500.41,0.21
9339,8.72,25.8026,-413.9,0.19
9340,6.08,0.2078,-5.2,0.25
9341,5.84,0.1182,-2.95,0.21
9342,6.12,10.5564,-263.91,0.23
9343,7.92,38.2293,-250.35,0.2
9344,6.56,8.8965,-222.41,0.2
9345,8.4,114.659,-750.34,0.18
9346,7.6,38.3408,-253.14,0.19
9347,9.44,6.6711,-416.76,0.2
9348,7.48,0.1284,-3.21,0.22
9349,7.32,0.1844,-4.61,0.18
9350,5.16,1.8681,-46.7,0.22
9351,10.92,2569.0264,-576.35,0.18
9352,8.0,0.0153,-0.38,0.19
9353,10.64,119081.3078,-1001.0,0.22
9354,7.92,0.3498,-8.75,0.19
9355,6.6,819134.6767,-827.96,0.21
9356,8.04,38.234,-250.47,0.18
9357,5.84,8.8774,-221.94,0.19
9358,10.32,119081.3274,-251.64,0.18
9359,9.28,9.8282,-245.71,0.15
9360,10.88,6.1654,-154.13,0.19
9361,7.56,0.5798,-14.5,0.16
9362,5.72,1.8708,-46.77,0.21
9363,4.72,31.6343,-1040.85,0.17
9364,9.48,240090.8782,-746.12,0.17
9365,10.76,358206.787,-843.68,0.17
9366,7.88,39.1804,-274.13,0.22
9367,7.44,39.3659,-278.77,0.19
9368,5.88,5.3028,-132.57,0.21
9369,7.68,0.1839,-4.6,0.16
9370,5.88,8.9025,-222.56,0.22
9371,10.2,0.7897,-519.72,0.19
9372,6.2,19.3421,-483.55,0.34
9373,8.0,38.2294,-250.36,0.32
9374,9.72,2.4864,-62.16,0.29
9375,7.6,0.4622,-11.55,0.2
9376,5.44,1.9633,-49.08,0.22
9377,6.04,1262194.2108,-2000.72,0.2
9378,7.56,0.1295,-3.24,0.21
9379,6.52,866356.1648,-1183.49,0.31
9380,8.2,12.1303,-259.25,0.34
9381,9.0,335726.5877,-250.46,0.2
9382,5.64,21.4814,-294.57,0.23
9383,5.4,15.3711,-384.28,0.17
9384,10.48,119083.7702,-312.72,0.2
9385,5.56,0.1133,-2.83,0.21
9386,5.84,8.995,-224.87,0.2
9387,6.08,359664.4367,-252.83,0.25
9388,7.24,38.9387,-268.09,0.22
9389,7.84,76.7231,-507.32,0.19
9390,5.48,5.1274,-128.18,0.19
9391,5.08,4.9275,-123.19,0.21
9392,7.44,0.3495,-8.74,0.19
9393,5.72,0.1152,-2.88,0.21
9394,4.92,12.4079,-310.2,0.2
9395,8.28,0.3567,-8.92,0.21
9396,6.04,17.7222,-294.55,0.2
9397,9.88,239121.8404,-501.55,0.18
9398,5.44,10.5528,-263.82,0.21
9399,7.36,38.2313,-250.41,0.19
9400,7.8,0.1262,-3.15,0.18
9401,7.76,0.1335,-3.34,0.18
9402,7.68,0.4056,-10.14,0.16
9403,7.76,38.2298,-250.37,0.17
9404,5.84,1.8679,-46.7,0.2
9405,6.16,19.3415,-483.54,0.21
9406,7.24,38.3985,-504.57,0.19
9407,7.76,0.3505,-8.76,0.2
9408,7.6,0.0719,-1.8,0.22
9409,4.56,12.6031,-315.08,0.18
9410,5.08,5.4822,-137.06,0.23
9411,4.6,33891.7734,-565.06,0.17
9412,9.2,360170.3678,-594.45,0.18
9413,9.24,120047.9485,-1184.42,0.19
9414,7.76,0.1265,-3.16,0.19
9415,7.64,0.5749,-14.37,0.17
9416,7.84,38.2869,-251.8,0.17
9417,8.68,5.6345,-140.86,0.25
9418,6.48,1006600.3341,-1357.13,0.18
9419,5.56,120027.7177,-602.07,0.21
9420,10.36,386498.2394,-585.32,0.18
9421,8.04,169619.5888,-1787.28,0.19
9422,7.36,355284.3509,-365.33,0.21
9423,11.0,0.6664,-16.66,0.18
9424,6.88,1294322.6774,-1794.37,0.17
9425,8.88,0.0196,-0.49,0.18
9426,9.68,238162.5984,-501.88,0.2
9427,6.52,359850.1736,-2438.43,0.22
9428,7.88,0.1338,-3.34,0.21
9429,4.72,21.6169,-787.97,0.26
9430,5.28,0.026,-0.65,0.2
9431,8.56,38.2632,-251.2,0.18
9432,6.16,1194350.2665,-1368.47,0.18
9433,5.72,8.9178,-222.95,0.76
9434,8.16,0.3519,-8.8,0.19
9435,5.6,0.1134,-2.84,0.22
9436,5.12,5.3812,-134.53,0.21
9437,7.92,169396.3247,-261.67,0.22
9438,5.48,3.7221,-93.05,0.23
9439,7.84,152.5865,-679.73,0.21
9440,8.2,38.5083,-257.33,0.18
9441,5.24,9.0888,-227.22,0.2
9442,8.0,38.3458,-253.27,0.17
9443,5.28,33888.066,-472.38,0.21
9444,5.0,3.6242,-90.61,0.2
9445,10.04,240083.5456,-562.8,0.18
9446,6.56,1617238.1975,-1606.67,0.22
9447,5.64,8.9943,-224.86,0.2
9448,9.48,418827.9043,-1001.57,0.19
9449,8.24,0.633,-15.82,0.18
9450,5.12,5.5776,-139.44,0.25
9451,5.12,3.7213,-93.03,0.19
9452,6.0,1178553.5148,-1111.74,0.2
9453,9.48,2.5112,-62.78,0.17
9454,6.52,1726117.8007,-1849.77,0.21
9455,9.2,32236.7468,-251.67,0.18
9456,6.96,1.1529,-28.82,0.2
9457,5.4,3.5266,-88.16,0.22
9458,5.6,0.1139,-2.85,0.23
9459,7.76,0.294,-8.35,0.18
9460,7.96,0.2932,-7.33,0.2
9461,7.52,0.1253,-3.13,0.18
9462,5.48,10.6664,-266.66,0.2
9463,5.52,1.7726,-44.32,0.18
9464,6.04,28.705,-475.16,0.2
9465,8.28,0.0153,-250.34,0.19
9466,5.16,40.4255,-382.07,0.22
9467,5.92,1242559.448,-1521.82,0.2
9468,6.08,2072199.1182,-2346.09,0.18
9469,9.52,120045.5034,-624.53,0.16
9470,5.76,12.4063,-310.16,0.22
9471,5.96,662803.8002,-1273.38,0.19
9472,7.48,0.0722,-1.8,0.17
9473,5.64,5.384,-134.6,0.2
9474,5.32,8.9916,-224.79,0.25
9475,5.32,10.6541,-266.35,0.19
9476,6.0,135699.1035,-544.89,0.18
9477,6.04,120015.5995,-299.11,0.19
9478,8.0,0.0759,-1.9,0.22
9479,5.64,1.7716,-44.29,0.22
9480,7.68,0.3524,-8.81,0.21
9481,7.6,0.2387,-5.97,0.17
9482,5.12,5.4798,-136.99,0.19
9483,5.52,3.3656,-84.14,0.19
9484,5.56,21.1948,-529.87,0.21
9485,5.4,0.0836,-2.09,0.25
9486,4.92,12.5046,-312.61,0.21
9487,5.96,10.3208,-258.02,0.22
9488,8.84,56471.6252,-408.51,0.22
9489,6.12,8.7986,-219.97,0.2
9490,7.0,4985.6153,-2001.24,0.17
9491,8.56,76.4484,-500.46,0.23
9492,5.32,10.658,-266.45,0.23
9493,7.64,0.3533,-8.83,0.24
9494,8.12,0.364,-9.1,0.23
9495,7.6,38.6751,-261.5,0.21
9496,6.52,1413978.4494,-1887.24,0.18
9497,9.56,119086.2576,-624.13,0.16
9498,8.0,0.4086,-10.22,0.18
9499,5.64,0.0138,-0.35,0.2
9500,5.0,12.5066,-312.67,0.2
9501,9.68,0.1854,-754.59,0.17
9502,8.28,359987.8785,-761.5,0.17
9503,8.12,11.7783,-250.45,0.19
9504,8.44,1.1871,-29.68,0.19
9505,5.4,12.4095,-310.24,0.17
9506,6.16,735315.8742,-1540.75,0.17
9507,5.52,1.8677,-46.69,0.21
9508,4.88,37.474,-694.38,0.18
9509,8.2,0.8576,-21.44,0.19
9510,4.84,10.7627,-269.07,0.2
9511,7.76,0.5593,-13.98,0.18
9512,5.76,474942.3309,-793.87,0.17
9513,7.24,114729.7265,-275.09,0.19
9514,5.6,0.1165,-2.91,0.23
9515,8.04,38.5806,-259.14,0.22
9516,6.48,17.5805,-439.51,0.25
9517,7.44,0.083,-2.08,0.18
9518,6.16,1106041.2855,-1090.49,0.18
9519,5.48,114737.8134,-477.26,0.22
9520,7.2,0.4622,-11.56,0.19
9521,5.4,14.2634,-356.59,0.26
9522,5.4,2.063,-51.58,0.21
9523,5.4,787258.0062,-860.02,0.18
9524,7.32,12.0849,-258.11,0.18
9525,4.92,12.5066,-312.67,0.41
9526,6.76,1.2099,-30.25,0.33
9527,10.68,0.7775,-19.44,0.18
9528,5.48,0.017,-0.43,0.28
9529,5.48,12.4125,-310.31,0.26
9530,8.44,56465.9015,-265.42,0.19
9531,6.08,1.7864,-44.66,0.25
9532,5.2,3.7216,-93.04,0.27
9533,6.08,1126501.3532,-1111.99,0.2
9534,5.68,19.4345,-485.86,0.2
9535,4.84,5.285,-132.12,0.25
9536,5.0,53.1689,-1032.22,0.21
9537,10.48,0.503,-12.58,0.2
9538,7.32,38.3127,-252.44,0.19
9539,8.32,38.2336,-250.46,0.21
9540,7.36,38.3423,-253.18,0.21
9541,7.16,0.8351,-20.88,0.16
9542,9.36,359697.1101,-261.79,0.18
9543,9.84,239124.2686,-562.26,0.16
9544,7.76,0.0158,-0.4,0.16
9545,5.44,0.2088,-5.22,0.22
9546,5.36,10.558,-263.95,0.22
9547,6.08,8.9923,-224.81,0.23
9548,5.48,8310.2581,-294.25,0.25
9549,6.24,495404.2542,-861.76,0.3
9550,5.16,14.1682,-354.21,0.33
9551,5.0,14.0696,-351.74,0.22
9552,7.68,0.6694,-16.73,0.19
9553,8.24,360166.6138,-500.6,0.2
9554,9.72,817043.3895,-1251.26,0.22
9555,7.84,0.2405,-6.01,0.2
9556,7.24,0.611,-15.28,0.17
9557,7.76,0.0692,-1.73,0.2
9558,5.2,2.0643,-51.61,0.77
9559,6.2,4886.6705,-1749.11,0.2
9560,9.2,64476.8802,-586.0,0.22
9561,9.64,119088.6499,-434.71,0.2
9562,7.72,38.8898,-266.87,0.19
9563,7.4,1.1702,-29.25,0.15
9564,6.4,547458.9138,-923.97,0.21
9565,5.36,3.6815,-92.04,0.17
9566,5.12,1.9657,-49.14,0.17
9567,7.64,0.0712,-1.78,0.23
9568,7.36,0.1282,-3.2,0.26
9569,7.96,38.8503,-265.88,0.2
9570,5.72,15.9543,-250.36,0.22
9571,8.32,359696.6587,-250.51,0.2
9572,5.88,0.0141,-0.35,0.26
9573,5.8,3.6383,-90.96,0.32
9574,5.32,0.1482,-3.71,0.29
9575,7.68,38.5638,-258.72,0.17
9576,9.84,119083.7427,-312.03,0.17
9577,5.24,12.5074,-312.69,0.28
9578,6.04,818846.9344,-759.13,0.2
9579,10.12,119081.3269,-751.6,0.2
9580,5.4,2.0692,-51.73,0.21
9581,5.8,1554051.9511,-1598.69,0.17
9582,6.88,4937.0815,-1501.56,0.16
9583,10.4,5.861,-146.52,0.14
9584,7.56,0.16,-4.0,0.16
9585,10.24,0.16,-253.97,0.21
9586,7.16,0.723,-18.08,0.18
9587,4.92,8312.0136,-338.14,0.23
9588,4.6,30.0719,-751.8,0.21
9589,4.92,5.2863,-132.16,0.19
9590,7.6,77.0397,-515.24,0.2
9591,7.64,38.2817,-251.67,0.21
9592,9.4,3.4338,-85.85,0.18
9593,10.0,0.0722,-1.81,0.16
9594,9.2,32236.7603,-251.01,0.17
9595,5.6,33881.0389,-296.7,0.22
9596,9.88,0.3293,-508.21,0.16
9597,5.0,22.4934,-562.33,0.23
9598,9.16,32260.9322,-504.0,0.21
9599,4.92,19.4402,-486.0,0.21
9600,6.04,1445523.6795,-2068.92,0.22
9601,7.44,39.1047,-272.24,0.19
9602,5.6,33881.0388,-296.7,0.23
9603,4.72,26.4608,-661.52,0.19
9604,5.8,2081041.9069,-2278.9,0.2
9605,7.32,0.893,-22.32,0.2
9606,6.44,698955.4094,-1241.62,0.19
9607,5.44,22.591,-564.78,0.23
9608,7.48,0.0738,-1.84,0.26
9609,5.28,0.0142,-0.35,0.31
9610,7.56,0.4082,-10.21,0.27
9611,10.2,64476.9833,-588.58,0.3
9612,5.32,3.7215,-93.04,0.23
9613,7.8,142.633,-1017.66,0.22
9614,5.4,8.7982,-219.95,0.21
9615,7.44,39.4249,-516.71,0.26
9616,5.56,2.063,-51.58,0.18
9617,5.76,990801.8797,-1557.81,0.19
9618,6.52,1246515.3932,-1372.12,0.24
9619,5.4,9.0923,-227.31,0.18
9620,8.4,38.508,-257.32,0.34
9621,8.44,32236.7434,-500.59,0.19
9622,8.64,0.2986,-7.46,0.2
9623,9.8,477284.3447,-1001.08,0.16
9624,11.04,0.661,-16.52,0.15
9625,5.08,10.9473,-273.68,0.21
9626,8.4,4855.5764,-272.52,0.17
9627,5.4,1.771,-44.27,0.21
9628,6.28,766803.155,-1468.92,0.17
9629,5.48,10.5584,-263.96,0.23
9630,7.52,0.2949,-7.37,0.17
9631,7.6,0.0132,-0.33,0.21
9632,5.56,323562.2347,-1065.95,0.21
9633,5.36,17.681,-442.02,0.27
9634,5.72,15.9556,-250.39,0.21
9635,9.12,0.0795,-1.99,0.18
9636,7.6,38.2827,-251.69,0.17
9637,7.24,1.1706,-29.26,0.18
9638,5.64,1334736.2026,-2023.58,0.17
9639,8.12,76.4422,-500.3,0.17
9640,6.4,766798.009,-840.28,0.17
9641,4.76,19.4353,-485.88,0.23
9642,8.08,0.0189,-0.47,0.18
9643,10.28,2.5499,-63.75,0.15
9644,11.12,0.7857,-19.64,0.15
9645,4.68,28.317,-707.92,0.18
9646,5.76,66.6937,-513.84,0.21
9647,5.8,1.8705,-46.76,0.28
9648,5.8,1126670.9203,-1046.68,0.21
9649,7.8,38.2286,-250.34,0.21
9650,7.92,38.5651,-508.73,0.19
9651,7.96,0.0159,-0.4,0.19
9652,6.2,0.0283,-0.71,0.2
9653,6.68,36.9045,-922.61,0.19
9654,5.88,1.774,-44.35,0.24
9655,8.12,0.0216,-250.54,0.16
9656,5.52,1.8683,-46.71,0.22
9657,7.36,0.2937,-7.34,0.18
9658,7.64,0.07,-1.75,0.19
9659,5.88,4.9368,-123.42,0.22
9660,9.92,0.1798,-4.49,0.19
9661,9.64,240083.5467,-562.83,0.22
9662,6.32,1178555.2798,-1155.87,0.22
9663,4.96,21.1922,-529.8,0.18
9664,5.28,3.6268,-90.67,0.2
9665,7.76,0.3482,-8.7,0.18
9666,6.04,1293901.7454,-1544.77,0.2
9667,5.8,12.409,-310.23,0.21
9668,8.6,719546.8154,-646.94,0.17
9669,5.12,19.7274,-493.18,0.24
9670,9.24,24.1056,-500.34,0.19
9671,10.04,119081.7066,-511.08,0.2
9672,6.4,24.8493,-722.71,0.21
9673,7.52,1.6552,-41.38,0.24
9674,8.56,0.0185,-500.4,0.17
9675,9.04,32240.1194,-334.99,0.17
9676,10.0,119081.3096,-251.2,0.2
9677,7.64,0.192,-4.8,0.22
9678,10.52,357248.7188,-873.35,0.18
9679,6.84,907333.6189,-1175.21,0.18
9680,4.84,5.4784,-136.96,0.2
9681,8.72,0.479,-11.98,0.16
9682,9.56,64474.6953,-1001.69,0.15
9683,5.72,10.7509,-268.77,0.2
9684,5.32,120040.1936,-1163.94,0.2
9685,7.24,0.7241,-18.1,0.16
9686,8.12,0.0149,-0.37,0.19
9687,5.6,10.553,-263.83,0.18
9688,5.48,10.6663,-266.66,0.21
9689,8.2,38.2828,-251.69,0.16
9690,5.6,0.0179,-0.45,0.18
9691,8.12,359844.7423,-261.07,0.21
9692,8.08,0.014,-0.35,0.18
9693,8.24,0.351,-8.77,0.2
9694,7.36,123.2941,-1001.68,0.16
9695,8.76,120043.015,-1062.3,0.15
9696,5.6,0.1159,-2.9,0.18
9697,7.84,38.34,-253.12,0.16
9698,7.44,0.6671,-16.68,0.16
9699,5.56,15.823,-395.58,0.18
9700,5.68,67855.6832,-425.73,0.16
9701,5.36,2.0646,-51.61,0.17
9702,7.88,38.5094,-257.36,0.16
9703,5.56,0.1104,-2.76,0.2
9704,8.56,0.3498,-8.74,0.19
9705,5.52,14.0679,-351.7,0.18
9706,10.12,238172.5716,-751.21,0.16
9707,5.52,1.8668,-46.67,0.21
9708,7.8,38.27,-251.37,0.17
9709,6.24,19.3388,-483.47,0.18
9710,6.96,746339.8092,-865.48,0.19
9711,5.0,3.8379,-95.95,0.18
9712,6.56,187756.5491,-676.74,0.19
9713,7.84,0.4081,-10.2,0.2
9714,9.64,119081.3041,-501.05,0.2
9715,8.04,0.6418,-16.05,0.17
9716,7.84,0.7282,-18.2,0.17
9717,8.44,38.2332,-250.45,0.17
9718,6.36,364632.5804,-2000.89,0.16
9719,8.04,0.306,-7.65,0.17
9720,5.2,12.5208,-313.02,0.22
9721,7.76,38.5098,-257.37,0.19
9722,5.32,0.2079,-5.2,0.18
9723,7.92,38.844,-265.72,0.16
9724,7.76,0.2918,-7.3,0.17
9725,10.04,239124.2848,-562.66,0.18
9726,9.8,3.0761,-76.9,0.17
9727,5.72,3.815,-95.38,0.22
9728,5.2,2.1599,-54.0,0.21
9729,8.64,6.5309,-163.27,0.16
9730,8.0,38.5073,-257.3,0.24
9731,5.56,14.0735,-351.84,0.24
9732,5.64,10.6647,-266.62,0.2
9733,10.36,4.9898,-374.71,0.17
9734,5.68,0.2156,-5.39,0.19
9735,5.68,3.0732,-76.83,0.23
9736,5.28,28.2226,-705.56,0.24
9737,7.6,38.2867,-251.79,0.19
9738,5.36,1.7702,-44.25,0.19
9739,7.36,0.1846,-4.61,0.17
9740,7.24,38.8809,-266.65,0.19
9741,7.6,0.1868,-4.67,0.15
9742,5.64,10.7565,-268.91,0.2
9743,10.12,120040.6044,-252.19,0.16
9744,7.72,0.071,-1.77,0.15
9745,5.56,3.5282,-88.2,0.17
9746,8.28,114.6638,-750.47,0.17
9747,5.72,10.6519,-266.3,0.19
9748,8.04,0.0156,-0.39,0.18
9749,5.44,1.9697,-49.24,0.22
9750,10.08,2.8258,-70.64,0.17
9751,9.44,239129.182,-935.08,0.16
9752,8.28,39.0807,-271.64,0.19
9753,5.72,29.9053,-747.63,0.18
9754,8.16,0.6232,-15.58,0.17
9755,7.52,38.8826,-266.69,0.2
9756,5.84,3.7237,-93.09,0.2
9757,7.64,77.321,-522.27,0.18
9758,5.08,8.9916,-224.79,0.18
9759,8.16,0.0712,-1.78,0.17
9760,7.8,2799.3596,-251.81,0.17
9761,9.76,752569.9206,-750.54,0.15
9762,7.8,0.6124,-15.31,0.17
9763,6.0,10.6563,-266.41,0.17
9764,4.96,12.5068,-312.67,0.18
9765,4.8,28.1217,-703.04,0.16
9766,11.12,0.6494,-16.23,0.18
9767,9.84,96737.6448,-1084.82,0.18
9768,11.56,33884.979,-395.19,0.17
9769,7.68,0.0737,-1.84,0.16
9770,8.64,145.7537,-259.09,0.16
9771,5.72,1058651.566,-1833.61,0.18
9772,10.32,358203.4756,-760.89,0.16
9773,9.96,359168.3483,-901.33,0.16
9774,10.16,119083.7438,-312.05,0.17
9775,5.32,1.9685,-49.21,0.19
9776,4.96,9.2052,-230.13,0.2
9777,6.36,1506665.6466,-1427.23,0.19
9778,7.64,0.2962,-7.41,0.19
9779,6.72,10.5523,-263.81,0.19
9780,7.44,39.5907,-284.39,0.18
9781,11.16,1.2877,-32.19,0.15
9782,5.88,120026.0577,-560.57,0.18
9783,7.88,38.7878,-264.32,0.17
9784,8.84,38.5678,-258.82,0.16
9785,7.6,0.1266,-3.16,0.18
9786,8.28,38.7896,-264.36,0.18
9787,11.52,0.7928,-19.82,0.2
9788,8.24,50.0472,-501.79,0.17
9789,6.8,8.797,-219.92,0.21
9790,5.84,21.2097,-530.24,0.19
9791,9.88,360124.431,-1071.89,0.16
9792,7.24,5052.9592,-2555.71,0.17
9793,8.16,1.2046,-30.11,0.18
9794,6.68,1533763.7405,-1569.13,0.24
9795,6.44,0.0138,-0.35,0.18
9796,5.48,10.6515,-266.29,0.17
9797,7.96,0.0155,-0.39,0.17
9798,7.76,38.7691,-263.85,0.16
9799,6.52,814187.5924,-1093.71,0.19
9800,8.52,38.8067,-264.79,0.18
9801,5.36,21.321,-384.52,0.19
9802,5.04,3.6233,-90.58,0.21
9803,6.52,1773396.9382,-2162.29,0.2
9804,6.76,359857.2723,-1801.35,0.16
9805,5.56,10.6512,-266.28,0.19
9806,7.8,0.0143,-0.36,0.19
9807,5.64,8.8956,-222.39,0.2
9808,6.52,1158092.1903,-1308.81,0.19
9809,8.08,0.2943,-7.36,0.18
9810,6.04,379.915,-252.7,0.24
9811,5.92,114748.1577,-735.87,0.21
9812,8.36,0.0196,-0.49,0.18
9813,6.12,8.8955,-222.39,0.23
9814,8.28,38.5654,-258.76,0.17
9815,5.72,1.7699,-44.25,0.76
9816,5.76,0.0282,-0.71,0.19
9817,6.0,0.0148,-0.37,0.19
9818,5.52,10.7523,-268.81,0.19
9819,5.72,0.3085,-7.71,0.18
9820,7.08,767218.595,-1081.24,0.17
9821,11.24,0.5997,-14.99,0.17
9822,7.88,38.5667,-258.79,0.16
9823,8.28,38.5066,-257.29,0.18
9824,6.24,17.5976,-439.94,0.19
9825,8.72,12.1427,-259.56,0.21
9826,5.52,3.6258,-90.64,0.19
9827,5.72,0.0152,-0.38,0.18
9828,8.08,0.081,-2.02,0.17
9829,5.52,21.2901,-532.25,0.22
9830,5.92,1.7696,-44.24,0.23
9831,8.76,64473.4569,-750.42,0.17
9832,8.28,0.3536,-8.84,0.17
9833,6.12,0.028,-0.7,0.21
9834,8.08,0.3516,-8.79,0.18
9835,7.56,251.7764,-2000.53,0.18
9836,5.68,0.2104,-5.26,0.18
9837,5.84,0.1185,-2.96,0.18
9838,5.6,10.7634,-269.09,0.21
9839,6.88,1153435.2386,-1453.17,0.18
9840,11.0,1.4128,-35.32,0.23
9841,9.88,120043.553,-325.91,0.22
9842,10.96,120046.0234,-637.65,0.19
9843,5.6,10.7521,-268.8,0.2
9844,7.88,0.017,-0.42,0.18
9845,5.08,0.6856,-17.14,0.17
9846,7.92,1156.549,-307.99,0.17
9847,5.8,1.7739,-44.35,0.2
9848,8.56,2703.7677,-257.35,0.17
9849,6.52,10.5558,-263.9,0.19
9850,5.64,19.4452,-486.13,0.24
9851,7.92,38.2862,-251.78,0.17
9852,5.88,8.7964,-219.91,0.18
9853,7.4,228.0864,-1778.69,0.19
9854,8.0,0.35,-8.75,0.17
9855,6.12,10.5526,-263.81,0.18
9856,7.0,120024.7044,-526.74,0.21
9857,6.04,2.249,-56.22,0.23
9858,8.16,0.0163,-0.41,0.21
9859,5.8,1.7742,-44.36,0.26
9860,8.76,38.7965,-264.54,0.21
9861,5.2,3.5269,-88.17,0.21
9862,11.0,6.674,-166.85,0.14
9863,8.84,153.6068,-455.42,0.16
9864,6.04,0.0313,-0.78,0.23
9865,9.08,32236.747,-250.68,0.2
9866,7.8,119939.6684,-515.7,0.17
9867,5.48,8320.7978,-557.74,0.2
9868,6.96,579161.8673,-853.47,0.21
9869,6.68,798391.0508,-842.23,0.2
9870,10.72,5.7099,-142.75,0.19
9871,5.84,12.4088,-310.22,0.22
9872,5.64,1.867,-46.68,0.2
9873,9.28,32236.821,-252.53,0.29
9874,5.92,3.6953,-92.38,0.29
9875,5.6,8.8023,-220.06,0.2
9876,7.04,1805102.9566,-2168.42,0.26
9877,8.84,0.9912,-24.78,0.19
9878,6.36,1017733.2239,-835.5,0.31
9879,8.16,76.504,-501.85,0.26
9880,10.32,120043.061,-313.61,0.28
9881,8.64,24.1266,-250.86,0.19
9882,8.52,0.019,-0.48,0.2
9883,5.36,3.5298,-88.24,0.22
9884,8.32,38.2314,-250.41,0.21
9885,5.52,21.6669,-299.2,0.19
9886,8.32,76.7254,-507.38,0.2
9887,8.12,38.5675,-258.81,0.2
9888,6.16,8.8931,-222.33,0.21
9889,5.88,1.9816,-49.54,0.18
9890,9.84,239124.2601,-562.05,0.19
9891,9.04,0.7622,-19.06,0.18
9892,5.52,5.0234,-125.58,0.19
9893,7.12,9722.9754,-2001.2,0.23
9894,6.0,8.7984,-219.96,0.19
9895,11.2,0.3314,-8.28,0.18
9896,7.8,38.2262,-250.28,0.28
9897,5.96,0.1137,-2.84,0.22
9898,6.76,4861.1782,-1438.48,0.27
9899,5.24,7.0409,-176.02,0.22
9900,7.28,0.7222,-18.05,0.23
9901,7.8,38.6197,-260.11,0.2
9902,5.68,1.7712,-44.28,0.21
9903,7.72,5050.2867,-2251.01,0.18
9904,6.2,3.5258,-88.15,0.19
9905,9.24,32264.2143,-585.05,0.17
9906,9.88,359167.2367,-873.54,0.19
9907,8.0,0.0705,-1.76,0.2
9908,6.8,1465743.8934,-1343.8,0.18
9909,10.2,238165.0255,-562.56,0.19
9910,5.84,2049449.5589,-2294.3,0.17
9911,5.6,0.1132,-2.83,0.21
9912,11.64,119088.0602,-419.96,0.2
9913,7.96,0.3541,-8.85,0.28
9914,6.12,1246511.4427,-1273.35,0.27
9915,6.28,120022.434,-469.98,0.28
9916,8.64,76.4472,-500.43,0.25
9917,9.76,238162.5497,-750.65,0.2
9918,8.36,0.0148,-0.37,0.24
9919,5.68,12.3687,-309.22,0.27
9920,5.64,5.2837,-132.09,0.2
9921,10.68,48.2426,-501.46,0.16
9922,11.4,119087.3477,-652.14,0.18
9923,6.12,0.1315,-3.29,0.2
9924,5.84,8.8026,-220.06,0.19
9925,5.96,8310.259,-294.27,0.19
9926,4.72,3.721,-93.03,0.2
9927,7.72,0.1314,-3.28,0.19
9928,5.12,17.6802,-442.01,0.18
9929,9.68,119083.7622,-312.51,0.16
9930,8.12,0.0252,-0.63,0.2
9931,5.52,13.7084,-592.7,0.19
9932,5.24,12.4069,-310.17,0.27
9933,8.88,49.9942,-500.47,0.21
9934,5.44,3.6246,-90.61,0.31
9935,11.12,0.9704,-24.26,0.16
9936,4.36,8.9922,-224.81,0.2
9937,5.64,0.1127,-2.82,0.25
9938,6.12,0.028,-0.7,0.21
9939,11.24,0.6077,-15.19,0.8
9940,6.08,0.0147,-0.37,0.19
9941,8.2,0.4136,-10.34,0.17
9942,7.4,201.5366,-1937.77,0.19
9943,5.88,1.868,-46.7,0.19
9944,6.68,1277997.576,-1422.83,0.19
9945,11.2,1.2756,-281.88,0.17
9946,7.24,835001.456,-890.19,0.22
9947,7.8,0.3501,-8.75,0.17
9948,7.6,0.6106,-15.27,0.2
9949,7.6,0.6749,-16.87,0.18
9950,5.36,0.2129,-5.32,0.18
9951,10.24,358206.1008,-826.52,0.17
9952,5.68,10.5576,-263.94,0.19
9953,6.84,1674478.211,-1610.15,0.22
9954,6.56,1398007.8487,-1588.77,0.35
9955,7.76,0.1296,-3.24,0.2
9956,8.04,0.0995,-252.47,0.21
9957,7.76,39.3878,-279.32,0.21
9958,5.84,24.5384,-370.99,0.18
9959,7.72,76.5003,-501.75,0.17
9960,7.36,459152.6279,-713.36,0.24
9961,5.88,3.6355,-90.89,0.18
9962,5.4,8.8008,-220.02,0.2
9963,6.12,187869.2974,-675.21,0.26
9964,8.16,38.565,-258.75,0.2
9965,8.44,38.5204,-257.63,0.17
9966,5.28,3.8212,-95.53,0.22
9967,7.68,0.0691,-1.73,0.23
9968,5.48,3.6253,-90.63,0.19
9969,8.28,0.5769,-14.42,0.18
9970,7.76,0.181,-4.53,0.2
9971,4.76,1.8678,-46.69,0.18
9972,7.76,0.7451,-18.63,0.17
9973,6.48,10.5661,-264.15,0.21
9974,7.68,38.3431,-253.2,0.23
9975,8.24,0.013,-1.32,0.18
9976,5.0,7.088,-177.2,0.17
9977,9.88,238162.5448,-500.54,0.16
9978,5.28,12.5078,-312.69,0.19
9979,10.8,119091.74,-511.96,0.16
9980,5.84,3.1682,-79.2,0.18
9981,7.32,0.1833,-4.58,0.21
9982,5.84,8.8943,-222.36,0.2
9983,10.28,0.1072,-2.68,0.15
9984,7.76,38.2849,-251.75,0.16
9985,6.2,120015.6907,-301.39,0.18
9986,6.52,244.0387,-2001.23,0.2
9987,4.96,0.5024,-12.56,0.21
9988,5.6,3.7272,-93.18,0.19
9989,5.32,8.9937,-224.84,0.22
9990,5.48,1.7703,-44.26,0.19
9991,4.72,28.1432,-703.58,0.18
9992,4.92,17.2244,-430.61,0.19
9993,7.28,38.4523,-255.93,0.16
9994,9.56,239121.8547,-1001.77,0.16
9995,8.6,165.3387,-767.54,0.2
9996,8.44,38.7902,-264.38,0.18
9997,5.64,10.683,-267.08,0.18
9998,8.84,1.2216,-30.54,0.19
9999,6.16,0.2124,-5.31,0.19
10000,5.4,8.8944,-222.36,0.2
