episode,avg_pods,avg_latency,reward,execution_time
1,9.04,1.413,-8.0,0.19
2,9.24,56.4519,-13.0,0.2
3,6.56,76.3063,-1.0,0.28
4,7.12,547452.9163,-5.0,0.31
5,8.36,0.045,-10.0,0.22
6,8.24,5.0587,-7.0,2.06
7,9.56,168.4857,-9.0,0.26
8,10.76,12.4696,-10.0,0.3
9,9.44,0.0355,-9.0,0.27
10,11.24,716701.7335,-12.0,0.28
11,7.0,673099.8676,-3.0,1.4
12,10.76,33739.1602,-10.0,0.28
13,6.88,56493.471,-5.0,0.47
14,8.44,2786.1266,-10.0,0.4
15,12.6,5.9256,-14.0,0.41
16,10.84,473197.6872,-11.0,1.46
17,8.76,33904.2702,-9.0,0.3
18,11.44,74.5282,-17.0,0.28
19,7.96,1.5087,-11.0,0.22
20,6.76,4.5645,-9.0,0.22
21,8.56,819003.6186,-1.0,1.18
22,7.8,335731.6689,-8.0,0.24
23,6.6,67849.0251,-12.0,0.22
24,7.52,40.1718,-3.0,0.23
25,6.72,67849.2698,-9.0,0.24
26,12.56,252.5331,-12.0,1.16
27,10.12,622.7776,-6.0,0.28
28,10.76,359392.7943,-8.0,0.24
29,8.32,21.4196,-8.0,0.24
30,9.48,2.4902,-2.0,0.26
31,10.8,96.5156,-10.0,1.13
32,8.84,3.5654,-15.0,0.31
33,9.0,120013.6992,-5.0,0.22
34,7.92,0.7688,-5.0,0.23
35,9.16,2703.7816,-19.0,0.22
36,10.56,118947.8515,-13.0,1.01
37,8.48,722387.8119,-8.0,0.27
38,7.4,236129.4163,7.0,0.27
39,8.88,1.4915,-6.0,0.3
40,9.36,1040399.1261,-9.0,0.23
41,5.72,5.9171,-2.0,1.19
42,8.28,2683.8556,-3.0,0.25
43,7.28,153919.7109,-5.0,0.29
44,9.08,505370.4186,-10.0,0.23
45,8.88,362502.0617,-12.0,0.23
46,9.12,1.4726,-5.0,0.22
47,10.04,671604.1043,-14.0,1.12
48,7.08,839367.9888,-6.0,0.23
49,11.12,421.2339,-9.0,0.19
50,8.32,119111.2113,-7.0,0.19
51,9.72,201519.3757,-8.0,0.22
52,8.68,361044.3092,-5.0,1.1
53,10.64,0.3146,-10.0,0.25
54,6.96,336540.0136,-8.0,0.25
55,9.76,199128.6876,-10.0,0.27
56,9.2,0.3981,-3.0,0.21
57,11.36,22.6994,-11.0,1.24
58,9.28,120014.0349,-5.0,0.28
59,7.36,16.4208,3.0,0.23
60,8.72,851356.5187,-8.0,0.3
61,9.12,719978.1604,-7.0,0.28
62,9.88,459446.3584,-6.0,1.11
63,8.24,84.7141,-13.0,0.27
64,10.12,32657.7465,-13.0,0.22
65,7.8,0.2291,-9.0,0.21
66,7.92,1165.0515,-8.0,0.25
67,6.04,120.7056,-2.0,0.94
68,6.88,1.7774,-3.0,0.25
69,8.96,1.1772,-4.0,0.24
70,9.24,119081.7621,4.0,0.2
71,5.36,339266.9754,0.0,0.23
72,7.56,1.2259,-7.0,1.08
73,9.72,168366.3037,-2.0,0.23
74,7.76,0.2148,5.0,0.25
75,10.52,827597.6955,-7.0,0.23
76,9.32,756.396,-8.0,0.25
77,6.72,380.9746,-6.0,1.24
78,8.8,52.3004,-8.0,0.24
79,6.56,360076.1544,-7.0,0.3
80,8.52,134206.0369,-8.0,0.24
81,7.0,364491.0023,-2.0,0.21
82,6.32,120041.4322,7.0,0.96
83,9.08,18.1249,-7.0,0.22
84,7.72,18.3538,-6.0,0.28
85,8.64,2.7227,-2.0,0.21
86,11.0,475902.9287,-10.0,0.21
87,6.36,1.2618,0.0,0.2
88,6.96,10.3047,-5.0,0.24
89,6.32,458159.2972,-3.0,0.23
90,6.24,65958.3864,-3.0,0.28
91,8.68,1008.0685,-4.0,0.25
92,7.8,100142.3066,-8.0,0.2
93,5.16,80.1384,0.0,1.02
94,7.0,359779.322,-3.0,0.23
95,9.48,119.1944,0.0,0.29
96,9.6,1175.7092,-7.0,0.26
97,9.52,2.5903,-6.0,0.26
98,11.56,119133.0966,-4.0,1.14
99,8.56,479993.4045,3.0,0.28
100,7.24,359712.8575,-6.0,0.25
101,6.96,185.2257,-1.0,0.23
102,9.72,33879.8204,-3.0,0.22
103,9.48,359852.3094,-2.0,1.14
104,8.36,462477.8282,5.0,0.23
105,5.32,11.8149,10.0,0.22
106,7.96,0.3328,1.0,0.2
107,5.76,12.0911,1.0,0.24
108,5.4,2.3578,7.0,1.37
109,8.08,780930.7385,-3.0,0.3
110,3.36,45.6572,10.0,0.2
111,4.8,2694.3762,7.0,0.21
112,5.84,19.44,2.0,0.2
113,4.08,9.6847,-1.0,1.16
114,7.2,364724.4929,3.0,0.34
115,9.72,931.3875,-8.0,0.28
116,7.88,755.8149,2.0,0.28
117,7.92,33879.4284,6.0,0.34
118,8.36,65947.5994,-6.0,1.43
119,10.96,5.6802,-2.0,0.22
120,6.04,359704.9202,1.0,0.25
121,4.84,0.0213,-4.0,0.23
122,3.52,36.0864,18.0,0.21
123,5.76,3061.5435,6.0,1.92
124,4.88,427725.0708,2.0,0.2
125,7.12,2.1783,-1.0,0.21
126,6.8,483595.2828,4.0,0.27
127,5.36,1.8034,3.0,0.38
128,3.56,1.7614,6.0,0.3
129,7.48,440.236,0.0,0.24
130,3.4,8.8378,13.0,0.37
131,7.0,359754.7047,-5.0,0.33
132,4.68,120028.8942,5.0,0.26
133,3.2,359711.2908,9.0,0.37
134,5.84,2848.6635,0.0,1.16
135,4.88,120023.6393,3.0,0.25
136,10.72,337782.7923,-9.0,0.19
137,4.92,119937.7486,3.0,0.2
138,5.56,67890.5808,-2.0,0.19
139,8.24,32387.7944,-4.0,1.29
140,6.56,22.7477,9.0,0.36
141,8.76,0.2626,1.0,0.23
142,8.64,1007.4481,-3.0,0.23
143,8.52,1258.3116,2.0,0.23
144,4.2,359777.506,1.0,1.02
145,7.72,0.0234,1.0,0.22
146,6.52,2.1251,14.0,0.25
147,7.44,76487.3862,4.0,0.22
148,7.16,699066.1571,-1.0,0.26
149,8.92,66952.9378,0.0,1.24
150,5.12,359703.0608,9.0,0.26
151,12.2,354258.3693,-3.0,0.25
152,5.36,359713.0277,11.0,0.27
153,8.88,120498.0348,-1.0,0.29
154,10.96,4.9319,1.0,1.18
155,6.36,32245.0561,2.0,0.22
156,5.4,67871.2632,0.0,0.23
157,8.84,699196.8798,-3.0,0.22
158,7.8,359703.3464,5.0,0.23
159,4.72,62.8289,22.0,1.32
160,8.92,1030.5729,-3.0,0.34
161,7.52,373139.8965,2.0,0.31
162,8.52,431.6668,6.0,0.35
163,5.56,4.3262,25.0,0.33
164,9.64,66933.2805,-1.0,1.52
165,7.0,1084930.5676,1.0,0.2
166,12.28,118939.596,0.0,0.2
167,12.68,360083.9422,-3.0,0.2
168,8.32,566.4133,-9.0,0.19
169,5.84,10.703,15.0,1.08
170,9.36,123.8092,-3.0,0.27
171,11.56,24.1199,-6.0,0.29
172,4.64,67902.2476,13.0,0.27
173,11.0,880.1934,-10.0,0.24
174,6.32,120143.4255,3.0,0.21
175,6.64,97.498,-3.0,1.03
176,7.4,240034.8486,11.0,0.25
177,4.12,120031.2508,16.0,0.2
178,13.48,74.5255,-3.0,0.22
179,8.36,360229.5128,2.0,0.21
180,3.72,0.022,-3.0,1.23
181,9.24,0.3488,-3.0,0.24
182,8.32,1467.4805,-1.0,0.24
183,2.88,0.0244,2.0,0.22
184,7.8,5.0812,-10.0,0.24
185,6.28,40.7959,-4.0,1.14
186,3.84,28.1554,20.0,0.22
187,5.28,45.3621,-5.0,0.19
188,3.52,0.0807,13.0,0.21
189,8.44,41921.0844,-1.0,0.2
190,5.0,359714.1893,6.0,1.03
191,7.32,22.1858,-4.0,0.29
192,5.0,39.5459,22.0,0.22
193,6.68,9.3333,-10.0,0.21
194,4.96,719503.6231,-5.0,0.21
195,4.52,19.5098,20.0,1.81
196,7.8,0.0201,4.0,0.32
197,4.56,1.9161,11.0,0.34
198,3.68,5.4617,15.0,0.23
199,8.08,240041.0971,15.0,0.23
200,10.8,0.7314,-9.0,1.22
201,8.08,145.8826,-2.0,0.22
202,7.88,106.7681,2.0,0.21
203,9.4,4854.6986,3.0,0.22
204,5.12,28.2133,25.0,0.23
205,5.88,307766.652,12.0,1.01
206,10.16,430.1489,-3.0,0.27
207,7.44,120436.3745,3.0,0.27
208,4.28,119974.9576,13.0,0.21
209,12.76,755.7982,-1.0,0.2
210,5.6,0.618,13.0,1.08
211,11.6,335727.0241,-4.0,0.22
212,5.96,0.224,-2.0,0.2
213,5.72,13.2685,17.0,0.22
214,8.0,547573.0653,2.0,0.23
215,7.52,145.4826,1.0,0.22
216,11.16,0.5093,4.0,0.27
217,7.84,240031.2552,5.0,0.21
218,5.8,710564.1724,11.0,0.19
219,7.72,2.1478,-7.0,0.22
220,6.6,5957.4695,5.0,0.27
221,10.48,354258.6842,-6.0,1.05
222,9.08,4889.5139,-2.0,0.25
223,9.84,1065.1489,-5.0,0.19
224,8.36,909.2597,-2.0,0.21
225,9.68,119081.4505,1.0,0.22
226,8.44,356123.2845,-1.0,1.05
227,6.48,120048.7479,9.0,0.25
228,7.08,10.6721,17.0,0.23
229,6.68,480092.9312,18.0,0.33
230,8.04,460.8058,3.0,0.24
231,9.32,0.1744,-2.0,1.21
232,6.0,67878.6026,18.0,0.29
233,10.32,35347.4337,0.0,0.25
234,9.96,1292.3486,-4.0,0.23
235,6.16,407093.1522,-1.0,0.23
236,6.8,4.8791,1.0,1.54
237,7.08,154366.1324,2.0,0.27
238,11.4,153876.8324,-2.0,0.5
239,3.92,119901.7324,3.0,0.4
240,7.72,169439.8067,-5.0,0.37
241,5.0,359713.3829,-3.0,1.06
242,5.88,359774.521,-8.0,0.22
243,10.0,421.282,0.0,0.42
244,3.96,427561.8036,4.0,0.24
245,11.0,64473.5046,-2.0,0.41
246,9.0,901.9108,-5.0,1.46
247,6.16,9.0206,22.0,0.27
248,5.24,28.2354,22.0,0.32
249,9.16,185998.9154,-2.0,0.23
250,3.48,8.93,9.0,0.18
251,10.24,3104.8079,-4.0,1.15
252,5.08,359711.3686,10.0,0.36
253,7.28,3.2632,-1.0,0.8
254,7.68,2.9586,3.0,0.48
255,4.4,340067.768,-1.0,0.29
256,5.76,26.7832,15.0,0.37
257,7.04,120508.6455,1.0,0.33
258,4.6,54.5526,19.0,0.3
259,3.68,10.8245,17.0,0.25
260,5.6,1178553.4905,1.0,0.26
261,10.4,1272.7747,-13.0,0.26
262,11.68,0.143,3.0,1.72
263,11.96,5.8361,3.0,0.19
264,6.72,1.4744,1.0,0.21
265,4.68,289411.3002,2.0,0.2
266,8.88,422.4114,-2.0,0.2
267,3.12,0.1309,12.0,1.08
268,3.76,1.9207,24.0,0.22
269,11.4,4855.4444,-5.0,0.18
270,5.6,11.4354,15.0,0.2
271,10.84,421.1173,-4.0,0.21
272,4.88,720513.2062,-1.0,1.21
273,5.08,359879.287,4.0,0.19
274,3.56,38.2544,20.0,0.2
275,5.96,766796.4854,-2.0,0.21
276,6.0,364473.8108,2.0,0.21
277,5.88,3.5904,16.0,1.23
278,8.28,90.3447,4.0,0.3
279,2.88,0.16,-1.0,0.27
280,7.24,437.0483,-2.0,0.27
281,7.4,120036.5761,17.0,0.3
282,8.52,119081.3576,-6.0,2.13
283,6.04,29.9081,16.0,0.39
284,10.28,32236.7408,0.0,0.32
285,7.52,2.8047,-2.0,0.42
286,7.24,120028.2205,10.0,0.57
287,3.6,17.6904,13.0,1.6
288,7.4,0.2561,-8.0,0.27
289,5.68,5.9671,-4.0,0.24
290,6.12,148.9558,-3.0,0.26
291,4.64,10.6645,19.0,0.35
292,4.6,119905.6789,-4.0,2.01
293,11.56,33545.9568,-1.0,0.56
294,6.32,798501.1166,4.0,0.45
295,5.72,6.8188,-2.0,0.45
296,5.52,382.0927,22.0,0.47
297,5.4,67851.2115,6.0,1.46
298,6.04,27.0202,22.0,0.27
299,9.12,184.6096,-3.0,0.39
300,4.96,21.0998,23.0,0.32
301,11.0,116682.0298,-5.0,0.39
302,5.08,5.3982,24.0,0.32
303,6.4,9.3562,12.0,1.29
304,11.76,0.0313,-4.0,0.26
305,6.04,288286.1858,20.0,0.25
306,5.48,26.5191,20.0,0.21
307,6.04,120026.9867,22.0,0.19
308,4.08,10.5865,24.0,1.04
309,10.6,3136.2549,0.0,0.28
310,6.08,32.2292,18.0,0.3
311,7.96,19.355,10.0,0.22
312,11.08,420.9952,-4.0,0.27
313,6.96,459270.6296,13.0,1.43
314,5.36,449.6138,17.0,0.28
315,9.8,169866.1286,-6.0,0.32
316,3.52,26.5048,18.0,0.24
317,3.32,19.3813,30.0,0.25
318,11.64,901.4702,-8.0,1.27
319,7.96,23.0203,13.0,0.2
320,8.84,459.4597,-3.0,0.3
321,5.8,480065.3734,13.0,0.23
322,8.36,0.8636,0.0,0.24
323,3.92,26.4126,13.0,1.72
324,9.64,33880.0367,2.0,0.25
325,9.32,38.2461,-1.0,0.28
326,9.04,843.0005,0.0,0.31
327,10.8,531305.588,-3.0,0.29
328,8.52,0.4479,0.0,1.42
329,5.12,22.4515,22.0,0.31
330,7.76,1219727.7531,-2.0,0.25
331,3.36,19.3801,11.0,0.19
332,11.52,477358.5776,0.0,0.21
333,8.84,339345.938,-3.0,1.24
334,9.52,170506.1765,-4.0,0.26
335,7.64,329735.7406,0.0,0.25
336,7.6,32237.6226,2.0,0.21
337,9.6,354258.133,3.0,0.19
338,4.24,28.1348,26.0,1.23
339,7.68,7.7686,-5.0,0.21
340,7.64,12.3746,-2.0,0.2
341,7.12,3.2433,2.0,0.2
342,6.56,4.397,4.0,0.19
343,4.72,12.4392,18.0,0.26
344,7.4,3.5604,1.0,0.2
345,3.48,8.8576,5.0,0.19
346,6.64,2690.3683,-3.0,0.21
347,7.0,32483.1768,4.0,0.19
348,4.16,0.1109,2.0,0.19
349,9.32,423.4761,-3.0,1.21
350,3.92,10.8719,7.0,0.18
351,8.76,56486.7913,-1.0,0.18
352,13.36,0.6882,-5.0,0.21
353,7.68,146.3376,-2.0,0.21
354,4.68,1.9706,-5.0,1.21
355,7.16,359842.4096,1.0,0.28
356,11.08,901.8966,-4.0,0.19
357,7.52,291.459,-2.0,0.2
358,8.04,32236.7305,5.0,0.23
359,2.92,8.8452,1.0,1.0
360,8.88,119081.314,0.0,0.17
361,6.84,5.2466,1.0,0.19
362,9.64,239124.845,3.0,0.18
363,4.88,17.6108,20.0,0.2
364,3.52,29.9005,16.0,0.95
365,3.64,0.4934,21.0,0.18
366,8.2,475313.0716,-2.0,0.18
367,7.4,240042.8744,11.0,0.2
368,13.08,1410317.8926,-6.0,0.21
369,3.52,10.6562,22.0,1.08
370,9.2,5.7205,-2.0,0.19
371,6.52,441.1956,20.0,0.25
372,13.64,2569.3614,-8.0,0.34
373,5.64,20.7513,21.0,0.4
374,6.56,10.9428,22.0,1.16
375,10.36,459.1915,-6.0,0.22
376,4.2,10.6734,25.0,0.21
377,4.12,17.5972,28.0,0.22
378,11.6,421.0043,-8.0,0.24
379,7.04,613400.5602,8.0,1.05
380,6.12,17.6475,23.0,0.2
381,12.2,354354.4303,-2.0,0.25
382,8.8,1075197.5718,-3.0,0.26
383,7.44,340490.613,-3.0,0.28
384,4.6,10.743,27.0,0.27
385,9.08,2.4731,5.0,0.21
386,11.88,0.1966,1.0,0.26
387,8.72,42.6645,-1.0,0.26
388,11.36,34786.0432,-3.0,0.25
389,7.08,436.1924,-3.0,0.25
390,6.72,480617.406,-3.0,1.13
391,9.96,38.2723,-9.0,0.23
392,5.28,375612.6577,-3.0,0.23
393,6.52,359722.8795,0.0,0.23
394,7.4,14.4928,-1.0,0.25
395,8.72,24.3029,3.0,1.26
396,10.64,0.0414,0.0,0.33
397,7.56,1.8056,-1.0,0.19
398,4.36,21.1587,17.0,0.24
399,7.0,10.6742,4.0,0.27
400,7.8,42.2543,0.0,1.62
401,9.28,0.0916,0.0,0.23
402,4.4,474940.6206,-3.0,0.18
403,8.84,59.0628,0.0,0.21
404,5.04,17.6906,28.0,0.22
405,8.36,461.6717,-2.0,1.04
406,6.12,33882.4835,14.0,0.24
407,5.68,5.4247,-2.0,0.2
408,4.36,4.9986,13.0,0.22
409,3.84,67849.5678,4.0,0.19
410,8.2,459.718,-2.0,1.05
411,6.12,8.8253,21.0,0.25
412,3.4,17.6311,16.0,0.2
413,7.72,1.7118,-1.0,0.21
414,4.88,719406.7089,5.0,0.2
415,7.48,79.2045,-2.0,1.12
416,9.84,0.3322,1.0,0.21
417,7.52,120050.5888,20.0,0.33
418,12.44,362450.003,-5.0,0.26
419,13.64,148.5009,-12.0,0.3
420,3.88,2.0218,4.0,1.43
421,6.16,420.9777,-2.0,0.18
422,5.24,19.4511,23.0,0.21
423,10.0,459.222,-2.0,0.2
424,4.76,120022.9401,13.0,0.2
425,5.72,6.5592,-1.0,1.17
426,9.76,23.5584,-3.0,0.25
427,9.2,67855.1198,2.0,0.18
428,7.52,4.9001,-6.0,0.17
429,13.24,720787.6858,1.0,0.19
430,8.28,7.6557,8.0,0.2
431,4.2,8.9549,19.0,1.05
432,6.8,365600.4099,1.0,0.2
433,7.48,2.7351,-2.0,0.19
434,6.04,120014.873,17.0,0.2
435,7.44,10.1442,-3.0,0.19
436,5.28,120033.4496,18.0,0.95
437,7.24,0.4335,6.0,0.21
438,7.32,647122.0906,11.0,0.2
439,10.4,170971.3727,0.0,0.22
440,7.96,147.1102,-1.0,0.19
441,8.96,119081.3733,2.0,1.68
442,7.36,4827.2755,2.0,0.38
443,5.24,0.9664,2.0,0.28
444,9.12,0.5858,-1.0,0.23
445,5.28,120024.2572,12.0,0.2
446,9.56,170564.6246,2.0,0.97
447,7.64,798506.7446,-1.0,0.24
448,13.16,0.0372,-5.0,0.22
449,10.12,64477.4746,0.0,0.21
450,4.68,0.2322,19.0,0.2
451,9.2,239124.2764,2.0,1.18
452,3.28,29.9304,14.0,0.18
453,8.4,5007.8134,0.0,0.19
454,8.52,939566.2233,-5.0,0.18
455,6.84,2.2332,-6.0,0.22
456,6.92,27.8611,18.0,0.94
457,5.16,21.119,26.0,0.2
458,9.84,1031.0153,-7.0,0.22
459,3.92,33879.2448,11.0,0.2
460,5.92,28.145,18.0,0.21
461,8.0,291.1308,-1.0,1.0
462,7.48,11.4565,14.0,0.32
463,10.28,0.0992,-2.0,0.22
464,8.8,566.5569,-3.0,0.19
465,13.28,0.3794,-3.0,0.23
466,11.4,5.998,4.0,0.92
467,3.72,10.5695,21.0,0.23
468,2.76,17.633,8.0,0.21
469,3.52,10.7783,5.0,0.27
470,2.84,17.6258,15.0,0.23
471,4.96,10.6285,19.0,0.2
472,7.92,0.0266,-5.0,0.2
473,2.8,8.8488,11.0,0.2
474,6.44,6.6144,-6.0,0.21
475,3.64,8.8336,11.0,0.2
476,5.48,1079323.6875,-1.0,0.27
477,8.52,432.131,-4.0,0.9
478,3.32,8.8331,21.0,0.17
479,3.96,1.7336,-5.0,0.19
480,8.72,0.3301,-3.0,0.26
481,6.68,5.315,0.0,0.22
482,3.52,10.7777,13.0,0.95
483,7.72,37.0317,18.0,0.19
484,11.4,119077.2342,0.0,0.22
485,8.68,2131.0872,-2.0,0.29
486,4.88,678487.4888,-2.0,0.24
487,5.24,11.9788,26.0,1.0
488,10.64,119084.1256,-4.0,0.18
489,8.52,0.7243,-1.0,0.2
490,6.68,4.9474,-2.0,0.19
491,3.4,17.7302,16.0,0.21
492,7.84,2.2706,1.0,1.19
493,2.72,2.471,0.0,0.18
494,5.96,615424.3242,2.0,0.27
495,6.08,12.2552,18.0,0.21
496,3.08,17.8178,9.0,0.2
497,6.96,359790.5394,-1.0,0.95
498,6.72,12.4144,20.0,0.23
499,5.16,0.1325,24.0,0.27
500,13.96,360709.0142,-1.0,0.26
501,10.0,64479.0271,0.0,0.23
502,6.68,120023.066,23.0,0.94
503,7.08,4.9674,15.0,0.23
504,5.84,1178553.4164,4.0,0.22
505,7.08,7.189,1.0,0.2
506,7.68,260.4918,1.0,0.22
507,6.08,240047.6081,20.0,1.24
508,8.36,0.6946,-1.0,0.3
509,3.32,38.8015,18.0,0.21
510,13.44,3.8531,-7.0,0.26
511,8.6,191660.2261,-2.0,0.25
512,11.16,671453.1905,-1.0,0.26
513,11.6,120040.551,3.0,0.29
514,7.76,2.7242,-4.0,0.34
515,9.6,422.0839,0.0,0.24
516,10.0,842.2226,-4.0,0.24
517,3.56,19.4521,23.0,0.26
518,7.48,119902.8387,0.0,1.36
519,3.12,8.9507,27.0,0.47
520,3.88,52.8275,28.0,0.38
521,9.6,420.981,-3.0,0.37
522,7.36,40.4468,-2.0,0.31
523,7.48,0.0862,1.0,2.14
524,4.68,359810.619,2.0,0.27
525,2.76,8.8657,18.0,0.26
526,5.4,10.6786,24.0,0.22
527,5.2,120059.4922,27.0,0.22
528,9.64,459.4924,-1.0,0.9
529,6.52,1305870.3615,2.0,0.19
530,10.52,1.1037,-2.0,0.23
531,4.44,579984.832,-1.0,0.39
532,12.44,340581.276,-5.0,0.19
533,5.28,479742.4902,19.0,0.86
534,10.6,421.0928,-4.0,0.2
535,4.48,407097.1521,4.0,0.18
536,10.84,1262.8894,-3.0,0.21
537,14.2,5206.2299,-6.0,0.18
538,6.6,35.6526,20.0,0.91
539,6.6,886871.7816,1.0,0.19
540,10.36,0.0765,-3.0,0.19
541,9.8,170623.6671,-5.0,0.19
542,7.12,16.644,-5.0,0.2
543,7.72,2.7677,-2.0,0.85
544,6.48,818979.1233,16.0,0.2
545,4.04,0.1275,17.0,0.17
546,3.0,0.0804,9.0,0.16
547,6.4,4.9378,3.0,0.2
548,3.56,0.0459,19.0,0.84
549,7.08,124919.7321,3.0,0.2
550,3.64,0.1685,27.0,0.18
551,13.2,360100.3622,1.0,0.2
552,11.2,392403.4113,-2.0,0.22
553,6.92,35.7884,21.0,0.89
554,3.64,10.5629,22.0,0.26
555,4.52,17.705,19.0,0.23
556,6.92,0.6546,-1.0,0.17
557,12.48,77.1335,0.0,0.19
558,7.72,0.5618,1.0,0.19
559,10.44,0.7416,-1.0,1.59
560,3.2,17.6554,19.0,0.19
561,5.4,27.7902,28.0,0.23
562,6.76,408340.9974,-2.0,0.18
563,4.8,3.5949,23.0,0.2
564,4.32,0.1292,15.0,0.89
565,10.92,9721.872,-2.0,0.19
566,10.2,0.5727,-7.0,0.19
567,3.44,28.2458,32.0,0.19
568,5.56,12.8573,11.0,0.25
569,4.52,359706.9526,3.0,0.88
570,6.68,0.0354,-4.0,0.2
571,12.48,6.0232,-2.0,0.23
572,4.64,766854.3248,-9.0,0.26
573,4.88,28.6258,21.0,0.26
574,2.64,8.8644,6.0,0.93
575,8.8,1155.9314,-2.0,0.19
576,8.52,423.5808,-2.0,0.19
577,8.32,6.0018,-7.0,0.2
578,4.12,355281.7594,1.0,0.16
579,6.04,5.9683,-8.0,0.98
580,6.28,14.1085,22.0,0.21
581,3.16,8.8172,9.0,0.22
582,3.68,10.6974,21.0,0.21
583,3.08,19.3716,9.0,0.21
584,8.64,359845.2434,-2.0,1.11
585,10.44,421.0216,-5.0,0.23
586,9.68,0.1458,-3.0,0.17
587,7.04,41.5868,-3.0,0.24
588,4.16,10.5737,17.0,0.18
589,8.84,1.4039,-1.0,1.05
590,5.92,7.0452,-2.0,0.22
591,5.44,0.0315,18.0,0.21
592,8.24,0.2768,-1.0,0.22
593,5.2,459260.5984,-5.0,0.2
594,10.88,421.37,-7.0,0.95
595,8.92,12.0744,0.0,0.26
596,6.56,47.041,21.0,0.25
597,7.12,20.777,22.0,0.22
598,3.52,26.496,25.0,0.24
599,4.24,26.4678,29.0,0.21
600,7.48,694529.2236,1.0,0.22
601,6.56,1.8253,19.0,0.22
602,4.76,1.2148,5.0,0.2
603,3.56,19.3608,15.0,0.18
604,11.0,0.1762,-6.0,0.23
605,5.36,27.6889,15.0,0.94
606,6.12,12.312,19.0,0.17
607,11.12,421.3031,-5.0,0.18
608,4.92,10.1176,26.0,0.19
609,9.72,1181.4835,-3.0,0.18
610,3.48,8.8278,19.0,1.03
611,3.2,8.8316,16.0,0.19
612,7.2,0.0082,-8.0,0.21
613,8.76,433.8143,0.0,0.26
614,7.84,38.2297,-3.0,0.21
615,4.28,1.7016,16.0,1.05
616,5.8,3.0895,21.0,0.21
617,4.8,698946.1104,11.0,0.2
618,8.88,497.4502,-3.0,0.2
619,5.96,14.1171,16.0,0.2
620,9.92,0.0628,-1.0,1.05
621,4.6,21.1151,23.0,0.2
622,6.68,1.4114,-1.0,0.2
623,9.84,53.9104,-4.0,0.19
624,3.28,9.1116,11.0,0.23
625,4.16,1.8667,19.0,1.04
626,5.48,16.4668,12.0,0.18
627,6.0,359762.5012,-6.0,0.18
628,10.0,11.7861,-3.0,0.23
629,10.16,0.1256,-6.0,0.22
630,7.08,1.2172,1.0,0.92
631,4.56,47.5468,23.0,0.19
632,4.76,24.7043,27.0,0.19
633,12.36,0.2424,-4.0,0.19
634,4.6,339243.3196,4.0,0.2
635,7.6,0.6994,-5.0,0.96
636,5.72,7.5844,-11.0,0.16
637,7.0,120026.4512,7.0,0.19
638,2.64,26.4054,10.0,0.19
639,6.32,4.343,-1.0,0.16
640,5.48,33.8074,5.0,0.16
641,7.12,14.066,1.0,0.21
642,10.0,38734.0415,1.0,0.2
643,8.04,0.8749,2.0,0.21
644,7.64,3.3495,-5.0,0.22
645,8.32,0.1026,8.0,0.23
646,3.16,10.6088,22.0,1.49
647,8.64,121278.5777,-2.0,0.18
648,6.52,240037.8784,24.0,0.19
649,9.0,0.5882,0.0,0.19
650,8.36,120446.8428,5.0,0.19
651,7.96,0.2932,-3.0,1.08
652,9.72,1277.8448,-5.0,0.22
653,6.88,40.4509,3.0,0.17
654,5.24,13.1678,27.0,0.22
655,12.16,1031623.1583,-3.0,0.24
656,7.0,32353.596,-3.0,1.02
657,10.24,0.6189,-6.0,0.25
658,11.32,119229.793,-6.0,0.25
659,8.28,120744.7483,0.0,0.21
660,7.16,6.2212,16.0,0.26
661,8.28,120030.4652,7.0,0.88
662,7.48,1.4377,0.0,0.18
663,3.84,8.9636,21.0,0.17
664,7.52,10.2938,11.0,0.19
665,3.8,17.7267,20.0,0.19
666,5.8,239918.0212,4.0,0.87
667,7.52,13.1986,11.0,0.19
668,13.92,0.4095,-5.0,0.18
669,3.6,36.91,31.0,0.16
670,10.76,153780.5587,-1.0,0.23
671,8.2,8.8628,6.0,0.97
672,7.92,0.6243,2.0,0.24
673,8.32,140.8792,2.0,0.21
674,7.04,17.6047,23.0,0.22
675,7.68,3.8374,2.0,0.19
676,11.04,421.0768,-9.0,1.09
677,5.04,8.9489,13.0,0.36
678,5.32,26.489,16.0,0.41
679,3.68,14.2629,28.0,0.25
680,3.0,0.1498,19.0,0.21
681,7.2,1102.5748,1.0,1.15
682,7.92,699961.8186,-4.0,0.28
683,9.48,842.4709,-5.0,0.27
684,3.88,187872.8767,10.0,0.24
685,6.8,6.5136,-5.0,0.2
686,12.12,121647.6928,-5.0,0.23
687,3.48,17.7666,10.0,0.97
688,7.12,69113.4929,2.0,0.22
689,10.28,2568.7868,1.0,0.21
690,3.12,0.0692,5.0,0.19
691,2.92,1.9726,2.0,0.2
692,6.96,359696.9344,-1.0,1.02
693,9.44,422.8966,-1.0,0.19
694,6.24,120028.599,25.0,0.22
695,8.36,2685.4567,-2.0,0.26
696,8.2,2.4622,-1.0,0.3
697,5.32,37.2264,5.0,1.02
698,11.32,119084.0851,0.0,0.21
699,5.52,19.7852,26.0,0.21
700,3.04,26.4052,22.0,0.17
701,6.4,38.7562,15.0,0.2
702,7.08,2.2334,-1.0,1.19
703,5.08,1.7854,24.0,0.29
704,3.44,9.0328,13.0,0.21
705,5.36,10.3269,23.0,0.21
706,4.84,31.9266,25.0,0.21
707,10.8,880.4902,-5.0,1.35
708,7.68,0.6677,0.0,0.22
709,7.04,42.032,-2.0,0.22
710,6.76,3.2603,0.0,0.21
711,7.08,120026.1069,18.0,0.29
712,11.04,240728.9104,0.0,0.95
713,7.64,339396.9804,3.0,0.21
714,6.0,5.5349,-2.0,0.17
715,6.28,15.9535,20.0,0.22
716,8.72,360166.6021,-3.0,0.19
717,3.96,1.9767,15.0,1.11
718,7.52,120028.2964,1.0,0.22
719,10.88,880.1849,-8.0,0.22
720,6.68,120024.232,20.0,0.32
721,12.12,1802.867,-9.0,0.2
722,7.36,120018.1769,15.0,1.39
723,9.56,0.0235,1.0,0.46
724,6.32,120028.2425,11.0,0.92
725,10.64,0.3851,-7.0,0.44
726,11.36,0.1891,-9.0,0.62
727,5.24,13.9204,22.0,0.38
728,7.44,618933.4067,-1.0,0.34
729,6.04,13.8817,22.0,0.24
730,8.56,0.3304,-3.0,0.22
731,7.44,255602.3265,0.0,0.2
732,5.68,339253.5005,6.0,0.21
733,9.32,0.9689,-2.0,1.02
734,6.8,12.121,21.0,0.23
735,3.12,17.7302,14.0,0.19
736,3.96,19.349,17.0,0.23
737,10.52,0.0758,-4.0,0.23
738,6.36,9.2884,26.0,1.07
739,5.16,364558.7474,0.0,0.29
740,6.92,3.319,-2.0,0.2
741,8.2,0.0151,-2.0,0.2
742,6.44,479722.9159,2.0,0.23
743,5.08,1038190.7513,7.0,1.16
744,7.24,2.2567,-1.0,0.36
745,9.44,95.9893,-4.0,0.28
746,7.56,38.955,0.0,0.31
747,9.84,842.249,-1.0,0.54
748,4.32,19.4508,24.0,1.28
749,6.52,0.0245,22.0,0.33
750,6.76,359890.7951,-1.0,0.26
751,4.0,19.3626,13.0,0.19
752,9.16,9.2067,0.0,0.2
753,6.2,5.0498,-2.0,1.06
754,6.64,2.734,7.0,0.17
755,7.8,13.0502,0.0,0.2
756,3.68,3.5372,4.0,0.21
757,7.28,359696.6586,3.0,0.19
758,8.16,151318.0734,4.0,0.99
759,6.8,3.3193,2.0,0.2
760,6.16,120034.3548,19.0,0.2
761,11.72,1814.299,-6.0,0.19
762,9.08,843.5514,-5.0,0.2
763,7.08,39.4232,1.0,0.99
764,4.56,359705.1394,2.0,0.18
765,7.44,86.43,-1.0,0.21
766,5.24,21.2563,23.0,0.19
767,8.04,1038529.5038,-4.0,0.2
768,8.2,1.6592,-1.0,0.21
769,5.96,120041.7918,16.0,0.22
770,3.32,17.7728,21.0,0.19
771,4.04,17.6157,21.0,0.21
772,3.92,33880.9632,22.0,0.2
773,8.48,0.4823,0.0,0.21
774,4.6,120040.5548,15.0,1.12
775,3.2,8.836,15.0,0.18
776,8.32,0.0598,-9.0,0.18
777,6.68,5.4801,0.0,0.21
778,6.04,13.2603,-4.0,0.22
779,10.72,360083.9362,-1.0,1.13
780,5.2,1.3594,17.0,0.25
781,4.04,2.3021,0.0,0.27
782,4.12,33888.0338,20.0,0.2
783,4.8,359742.4441,4.0,0.2
784,3.32,0.0958,8.0,0.95
785,7.76,3.3174,-2.0,0.2
786,7.24,0.356,-5.0,0.18
787,5.72,240048.6579,13.0,0.19
788,5.28,17.5802,24.0,0.23
789,4.88,240044.8936,16.0,0.94
790,2.84,26.3815,14.0,0.18
791,10.96,842.0025,-6.0,0.24
792,7.72,1.1846,-2.0,0.42
793,6.56,3.9132,-1.0,0.4
794,13.52,11.4654,1.0,1.31
795,12.0,768.6546,3.0,0.25
796,9.68,2722.63,0.0,0.23
797,6.8,185964.7087,-1.0,0.24
798,10.16,5000.3876,-1.0,0.28
799,9.4,5976.9789,-2.0,1.82
800,4.56,0.0308,21.0,0.3
801,11.36,360166.6238,-2.0,0.21
802,6.6,724342.0105,6.0,0.21
803,9.68,360194.0931,3.0,0.24
804,10.04,0.5894,-3.0,1.08
805,8.96,1.6892,-4.0,0.21
806,9.4,38.3032,-3.0,0.19
807,2.88,19.3837,4.0,0.18
808,11.92,74.2544,1.0,0.24
809,8.56,240873.054,-1.0,1.06
810,2.96,10.6161,14.0,0.2
811,4.12,5.3905,26.0,0.19
812,4.24,323448.5922,-9.0,0.19
813,4.4,339245.8548,6.0,0.22
814,8.28,422.3413,0.0,0.24
815,8.36,39.1278,-2.0,1.06
816,10.32,119086.5257,0.0,0.22
817,8.92,0.0648,-10.0,0.19
818,4.0,8.9475,17.0,0.28
819,5.16,1.879,25.0,0.33
820,7.56,0.9008,2.0,0.99
821,5.56,119927.0438,14.0,0.22
822,3.88,8.9262,24.0,0.34
823,6.64,48.8078,23.0,0.26
824,4.28,8.9162,16.0,0.28
825,11.2,2104.8723,-1.0,1.07
826,8.48,0.132,-4.0,0.2
827,7.72,423.8359,-3.0,0.21
828,4.24,19.3548,28.0,0.24
829,5.64,0.2142,23.0,0.24
830,7.96,0.3499,0.0,1.26
831,8.6,239121.8231,3.0,0.23
832,3.52,19.4708,14.0,0.26
833,8.48,170599.664,0.0,0.28
834,11.24,335726.6034,-7.0,0.27
835,9.2,0.0474,-1.0,1.42
836,5.32,1126501.2343,7.0,0.23
837,4.72,239917.8814,-4.0,0.24
838,9.68,1591984.4038,0.0,0.34
839,8.24,340088.069,-5.0,0.35
840,3.84,9.0205,24.0,1.12
841,6.64,114732.4057,11.0,0.23
842,10.44,0.3081,-2.0,0.19
843,6.76,18.9368,22.0,0.22
844,6.52,0.0665,21.0,0.22
845,8.44,1.1295,1.0,0.96
846,2.88,28.1546,11.0,0.19
847,6.88,3.1678,-1.0,0.19
848,3.24,17.6055,12.0,0.17
849,7.4,835061.2891,1.0,0.21
850,8.0,174868.3796,-4.0,0.95
851,7.6,1054565.4735,0.0,0.21
852,9.52,433.2903,-1.0,0.23
853,10.6,421.0399,-4.0,0.22
854,10.2,421.2858,-3.0,0.22
855,7.84,423.265,-1.0,0.22
856,7.08,1957246.6274,-2.0,0.2
857,6.56,16.7884,22.0,0.19
858,6.48,1.8953,19.0,0.21
859,12.28,0.4916,-3.0,0.18
860,8.12,13.2217,1.0,0.19
861,4.28,19.8468,22.0,1.09
862,10.12,5020.0273,-3.0,0.25
863,10.08,421.2787,-3.0,0.27
864,6.56,4.3967,2.0,0.25
865,5.0,39.523,17.0,0.27
866,3.64,29.579,24.0,1.06
867,7.76,145.4066,-1.0,0.19
868,5.92,36.987,20.0,0.19
869,4.08,26.3894,15.0,0.28
870,10.76,120043.1228,3.0,0.24
871,5.2,19.3501,22.0,1.12
872,3.44,26.3876,19.0,0.19
873,5.92,7.5858,-9.0,0.2
874,10.36,0.6569,1.0,0.2
875,5.28,4.9205,16.0,0.24
876,3.2,17.631,3.0,1.78
877,5.56,9099.7338,22.0,0.3
878,4.52,10.7786,30.0,0.38
879,6.32,12.3533,22.0,0.25
880,9.92,421.2715,-3.0,0.3
881,7.24,2722.3186,-1.0,1.3
882,3.96,19.3461,25.0,0.22
883,3.08,10.5753,17.0,0.23
884,7.32,9.3261,22.0,0.29
885,6.2,4.4533,3.0,0.35
886,7.8,38.2866,-1.0,1.17
887,8.28,120020.4736,14.0,0.27
888,6.12,33887.9993,27.0,0.29
889,4.76,21.301,29.0,0.22
890,4.36,31.1799,31.0,0.2
891,9.4,5018.3104,2.0,1.13
892,10.36,842.3226,1.0,0.4
893,7.32,819133.5723,-1.0,0.26
894,11.12,0.3808,-9.0,0.23
895,11.12,239122.5588,2.0,0.36
896,6.32,120031.0781,19.0,0.36
897,7.64,1.106,3.0,0.29
898,5.2,19.3419,26.0,0.26
899,8.84,120857.8638,-4.0,0.26
900,10.64,459.522,-2.0,0.24
901,8.12,32236.7392,4.0,0.29
902,3.64,17.7119,23.0,1.66
903,7.56,120025.5923,5.0,0.35
904,4.64,359702.5137,2.0,0.25
905,4.84,67848.6754,3.0,0.35
906,5.88,5.4786,3.0,0.29
907,6.8,0.5055,21.0,1.18
908,9.12,0.3118,-1.0,0.22
909,5.12,69.054,1.0,0.22
910,5.48,1554052.297,3.0,0.21
911,7.0,120018.2167,16.0,0.26
912,7.84,529247.3317,4.0,1.07
913,3.72,28.4229,27.0,0.21
914,3.04,17.6272,17.0,0.19
915,5.44,547567.6892,3.0,0.26
916,8.32,120024.8058,12.0,0.2
917,4.2,19.3747,27.0,0.97
918,4.24,19.452,24.0,0.21
919,3.12,19.3826,18.0,0.2
920,10.2,421.0061,-1.0,0.25
921,6.48,3.857,1.0,0.2
922,13.24,361323.4824,1.0,1.1
923,8.4,423.7258,-1.0,0.19
924,4.88,359703.3661,-4.0,0.21
925,4.68,19.4696,13.0,0.2
926,13.44,0.101,-7.0,0.29
927,4.48,10.5766,23.0,1.28
928,6.44,142818.3563,-5.0,0.25
929,7.88,240040.9468,15.0,0.32
930,3.8,8.8306,26.0,0.31
931,4.96,120040.1823,17.0,0.35
932,11.48,0.0642,-4.0,1.44
933,3.64,28.1277,23.0,0.29
934,8.96,0.0293,0.0,0.29
935,9.64,0.0412,-2.0,0.27
936,4.6,10.6702,25.0,0.27
937,8.08,2.3751,-8.0,1.17
938,11.64,0.4953,-3.0,0.22
939,6.28,17.3467,-6.0,0.29
940,5.4,0.0232,28.0,0.31
941,7.96,32236.741,-7.0,0.24
942,5.28,0.2297,24.0,0.27
943,5.76,359742.1916,-3.0,1.34
944,9.96,0.7208,5.0,0.41
945,5.8,6.5608,-3.0,0.83
946,7.44,1.0023,1.0,0.25
947,3.92,28.1388,21.0,0.3
948,8.72,422.8038,0.0,1.37
949,6.64,120029.5616,17.0,0.27
950,11.68,6.0303,2.0,0.29
951,7.92,360987.2982,-2.0,0.25
952,5.96,6.5047,-5.0,0.25
953,8.36,120018.2059,9.0,1.31
954,6.88,834999.674,-1.0,0.36
955,10.32,880.421,-7.0,0.36
956,10.48,421.0388,-5.0,0.37
957,3.72,26.469,32.0,0.35
958,13.76,360717.4828,-4.0,1.36
959,9.6,2.5086,1.0,0.24
960,4.88,135699.6033,7.0,0.24
961,8.32,0.5862,0.0,0.22
962,7.28,120025.5645,15.0,0.27
963,9.8,880.2992,-1.0,1.01
964,11.32,0.6572,2.0,0.21
965,10.6,0.1138,-2.0,0.21
966,7.24,2.5264,0.0,0.19
967,2.56,0.0643,2.0,0.21
968,11.28,2.8507,-7.0,1.06
969,3.08,10.7796,11.0,0.21
970,8.04,475295.7611,-2.0,0.2
971,8.04,12.4841,1.0,0.21
972,9.08,421.0961,-1.0,0.22
973,5.12,9.0172,26.0,1.07
974,9.08,420.9938,-1.0,0.23
975,7.44,2.7725,-1.0,0.25
976,8.76,120439.0452,-5.0,0.22
977,4.0,26.4797,28.0,0.21
978,10.48,842.2265,-5.0,1.09
979,12.0,4855.4986,-4.0,0.34
980,6.96,4.347,-1.0,0.31
981,5.0,8.9018,21.0,0.27
982,8.16,241722.7529,-3.0,0.27
983,10.08,0.5993,-1.0,0.3
984,10.08,432.7437,-4.0,0.27
985,10.96,1262.8694,-6.0,0.37
986,13.2,6.0842,0.0,0.33
987,9.4,171592.2048,-3.0,0.34
988,4.64,33905.5694,18.0,0.24
989,5.56,5.7912,25.0,1.55
990,8.04,0.4214,-5.0,0.26
991,5.52,120050.1396,21.0,0.29
992,8.76,421.7967,0.0,0.28
993,5.68,0.0278,22.0,0.3
994,7.24,579691.6455,3.0,1.08
995,2.72,1.8274,7.0,0.2
996,2.88,19.3815,6.0,0.19
997,3.68,8.9064,29.0,0.2
998,7.04,41.0438,-1.0,0.29
999,9.08,421.0808,-2.0,0.99
1000,3.32,8.8508,7.0,0.21
1001,4.12,17.7119,26.0,0.22
1002,5.12,8.3089,26.0,0.22
1003,8.2,3.3277,-3.0,0.2
1004,5.96,17.5808,25.0,1.02
1005,6.24,14.0859,22.0,0.21
1006,7.6,120022.4707,21.0,0.25
1007,4.84,10.5557,29.0,0.19
1008,3.44,0.158,6.0,0.18
1009,10.52,421.5727,-4.0,1.04
1010,2.92,26.3909,16.0,0.19
1011,9.48,96713.6041,7.0,0.23
1012,4.64,120026.0086,29.0,0.22
1013,10.28,421.3046,-4.0,0.23
1014,4.44,14.0656,22.0,1.09
1015,4.08,10.6688,19.0,0.34
1016,8.0,423.9151,-1.0,0.26
1017,7.44,459678.2332,-3.0,0.82
1018,10.52,0.0538,1.0,0.22
1019,5.0,0.0137,20.0,1.35
1020,10.0,880.1227,-3.0,0.25
1021,7.52,30.3652,14.0,0.25
1022,9.6,896.0476,-1.0,0.32
1023,7.56,12.8657,11.0,0.27
1024,4.64,19.462,30.0,0.37
1025,3.28,8.9303,9.0,0.3
1026,4.92,10.6685,8.0,0.25
1027,6.76,42.349,-3.0,0.29
1028,9.0,459.797,-2.0,0.34
1029,6.04,6.0189,-1.0,0.31
1030,4.36,339247.1026,-6.0,1.34
1031,3.16,26.4286,10.0,0.27
1032,6.68,1476875.9635,1.0,0.33
1033,4.12,67851.2817,0.0,0.25
1034,8.28,39.5993,-1.0,0.3
1035,2.92,17.632,22.0,1.51
1036,13.48,0.1222,0.0,0.28
1037,7.12,955494.981,1.0,0.46
1038,8.28,4.1012,-4.0,0.37
1039,5.04,120016.7711,-5.0,0.36
1040,7.72,13.5333,19.0,1.46
1041,9.0,1265.1187,-5.0,0.28
1042,10.8,5.9231,0.0,0.2
1043,9.92,119081.3106,1.0,0.22
1044,2.64,17.6292,13.0,0.28
1045,6.04,407094.8166,3.0,1.19
1046,9.72,173623.4279,-3.0,0.31
1047,8.32,424.8049,-7.0,0.27
1048,6.72,5.4857,-5.0,0.26
1049,8.24,150.9324,-3.0,0.28
1050,3.68,8.9263,20.0,1.45
1051,5.4,8.8476,25.0,0.25
1052,5.24,119905.5252,-1.0,0.34
1053,7.36,5.9912,-8.0,0.33
1054,2.4,8.8455,1.0,0.29
1055,5.32,719516.5019,1.0,1.03
1056,9.28,752573.2886,2.0,0.21
1057,4.12,19.349,26.0,0.3
1058,5.8,68269.6492,1.0,0.21
1059,4.92,37.1644,13.0,0.23
1060,4.0,19.3678,25.0,1.08
1061,5.64,114755.1929,25.0,0.2
1062,5.12,10.5657,23.0,0.21
1063,3.64,1.8175,17.0,0.24
1064,7.76,3.1516,16.0,0.32
1065,5.6,19.4079,25.0,1.8
1066,9.4,39.0795,-2.0,0.26
1067,7.08,3.1827,19.0,0.22
1068,4.84,10.7552,28.0,0.28
1069,7.16,2.1784,0.0,0.25
1070,6.92,600214.7994,1.0,0.22
1071,5.16,0.1106,26.0,1.13
1072,5.68,4.8277,25.0,0.26
1073,10.4,842.2356,-3.0,0.31
1074,7.6,20.7738,15.0,0.32
1075,7.2,26.5337,16.0,0.31
1076,11.16,842.0234,-5.0,1.35
1077,3.84,8.8132,20.0,0.25
1078,7.52,240044.8916,22.0,0.28
1079,6.4,428393.9204,0.0,0.31
1080,7.88,720164.353,1.0,0.38
1081,4.44,17.6379,26.0,1.88
1082,9.68,238168.5851,3.0,0.42
1083,11.84,671453.2342,-4.0,0.39
1084,3.0,8.8194,10.0,0.43
1085,3.52,0.0863,31.0,0.53
1086,5.08,120013.6675,29.0,1.63
1087,2.92,0.0597,19.0,0.3
1088,6.08,735316.0606,-1.0,0.29
1089,3.72,19.5021,19.0,0.19
1090,5.84,427671.9202,-2.0,0.21
1091,5.52,26.3668,23.0,1.0
1092,6.68,986365.8733,-1.0,0.18
1093,6.64,11.9955,23.0,0.21
1094,10.88,360084.1062,1.0,0.2
1095,4.84,8.8148,29.0,0.31
1096,9.6,421.5584,-2.0,1.25
1097,5.88,33914.3256,27.0,0.2
1098,7.56,39.9074,-2.0,0.2
1099,5.96,6.0302,-2.0,0.26
1100,8.68,0.6964,-4.0,0.28
1101,8.36,0.9831,1.0,1.07
1102,6.4,10.7278,24.0,0.19
1103,4.52,10.773,26.0,0.23
1104,5.6,19.391,27.0,0.2
1105,5.0,8.9022,28.0,0.22
1106,5.8,28.1469,23.0,1.05
1107,13.28,7920.7406,-9.0,0.19
1108,5.32,19.0164,18.0,0.24
1109,7.0,1207146.7041,-1.0,0.19
1110,6.76,120013.6483,24.0,0.21
1111,5.96,4.9395,0.0,0.2
1112,4.72,37.003,26.0,0.24
1113,11.0,32240.16,-1.0,0.33
1114,3.28,10.5711,21.0,0.24
1115,5.8,8.8092,26.0,0.33
1116,10.36,239124.8253,2.0,0.21
1117,8.28,19.0542,10.0,0.99
1118,5.12,17.811,25.0,0.2
1119,7.36,3.3437,-1.0,0.2
1120,8.2,120050.6842,17.0,0.21
1121,6.92,719688.9614,1.0,0.23
1122,7.24,4.8859,-3.0,1.12
1123,9.32,2285.6415,0.0,0.28
1124,9.24,853.7284,0.0,0.32
1125,8.08,422.0424,2.0,0.25
1126,4.36,21.2082,21.0,0.25
1127,8.2,120435.9988,-3.0,1.02
1128,9.32,392403.3358,-3.0,0.18
1129,5.52,3.6278,20.0,0.22
1130,9.04,0.0439,-1.0,0.22
1131,4.68,8.909,22.0,0.27
1132,4.12,28.2668,20.0,1.03
1133,6.88,886985.9324,2.0,0.2
1134,7.0,2.2394,2.0,0.28
1135,7.6,11.9421,-1.0,0.28
1136,5.96,11.0308,27.0,0.34
1137,5.44,359874.7726,4.0,1.08
1138,3.4,10.6006,14.0,0.21
1139,7.88,14.5852,13.0,0.21
1140,5.6,40.5999,25.0,0.21
1141,4.8,47.4521,28.0,0.19
1142,10.64,420.9903,-7.0,0.97
1143,13.08,2640.2452,-4.0,0.24
1144,7.16,41.2151,0.0,0.19
1145,4.28,12.5158,28.0,0.2
1146,6.64,4.9563,-1.0,0.18
1147,9.6,32236.745,1.0,0.97
1148,5.12,19.4377,23.0,0.21
1149,8.76,1.1556,-1.0,0.21
1150,10.36,901.2622,2.0,0.21
1151,7.6,15.8586,11.0,0.22
1152,13.48,2566.0122,-3.0,0.23
1153,10.16,842.1973,-4.0,0.28
1154,5.0,495403.3648,5.0,0.36
1155,6.6,14.3252,14.0,0.32
1156,8.84,360888.8317,-2.0,0.9
1157,6.2,120025.6435,24.0,0.32
1158,12.32,0.3318,0.0,1.37
1159,13.28,0.3779,-3.0,0.32
1160,4.92,120031.2558,25.0,0.22
1161,4.08,17.8754,27.0,0.24
1162,5.92,0.5074,16.0,0.2
1163,4.72,120022.5935,18.0,0.99
1164,8.8,145.74,0.0,0.2
1165,8.12,0.6978,1.0,0.19
1166,4.64,21.2242,18.0,0.21
1167,6.04,7.0998,-6.0,0.21
1168,3.52,17.7071,23.0,1.07
1169,7.08,240037.4307,23.0,0.2
1170,4.28,18.074,30.0,0.2
1171,3.72,8.8109,4.0,0.18
1172,9.6,421.5251,-4.0,0.22
1173,9.48,1969.8854,-4.0,1.03
1174,7.48,21.179,23.0,0.21
1175,5.56,11.9804,24.0,0.24
1176,8.08,120037.9344,1.0,0.2
1177,9.88,0.665,-3.0,0.33
1178,13.32,0.3762,-6.0,1.07
1179,6.08,4.9381,-2.0,0.2
1180,8.12,21.2562,6.0,0.22
1181,3.28,21.1151,21.0,0.21
1182,11.4,357246.8749,4.0,0.21
1183,7.4,375611.7914,-1.0,1.09
1184,4.76,12.4136,25.0,0.26
1185,6.0,10.6539,21.0,0.26
1186,3.68,10.6007,8.0,0.23
1187,9.88,421.3371,1.0,0.23
1188,7.88,13.4288,15.0,1.02
1189,8.6,4992.264,0.0,0.2
1190,6.68,12.5979,19.0,0.21
1191,4.64,594842.2976,3.0,0.22
1192,8.16,0.9572,1.0,0.26
1193,4.2,1.7819,23.0,1.07
1194,4.08,13.6332,31.0,0.21
1195,3.48,10.5696,15.0,0.21
1196,9.44,423.7028,-9.0,0.22
1197,10.88,1262.8567,-9.0,0.21
1198,7.28,18.9749,14.0,0.23
1199,5.56,459261.3286,2.0,1.12
1200,4.2,120025.5179,8.0,0.2
1201,8.44,0.0701,2.0,0.22
1202,6.96,5.7152,-3.0,0.2
1203,7.72,3.1438,-2.0,0.26
1204,8.44,461.3667,0.0,1.11
1205,7.64,845.2086,-2.0,0.21
1206,4.56,26.3776,27.0,0.21
1207,3.08,17.6172,12.0,0.21
1208,3.36,26.4199,21.0,0.21
1209,8.24,2.7993,-3.0,1.03
1210,3.16,28.5399,26.0,0.2
1211,6.88,4.8907,0.0,0.23
1212,3.92,1.9997,19.0,0.23
1213,8.08,16.1645,-7.0,0.22
1214,8.32,530217.257,-3.0,1.18
1215,3.44,9.0266,19.0,0.23
1216,6.36,3.8155,0.0,0.21
1217,3.0,17.7273,13.0,0.25
1218,9.04,386494.8484,0.0,0.26
1219,8.24,459.7785,-1.0,1.08
1220,9.96,461.9238,-3.0,0.25
1221,8.04,3.5136,2.0,0.23
1222,4.68,17.5906,27.0,0.2
1223,5.0,14.0695,23.0,0.25
1224,7.44,120023.8766,16.0,1.03
1225,9.24,120435.7414,-7.0,0.28
1226,10.6,853.7208,-6.0,0.23
1227,8.96,579159.9966,-2.0,0.23
1228,10.4,0.368,-2.0,0.25
1229,9.36,160.1476,-5.0,1.21
1230,3.6,28.1764,21.0,0.27
1231,5.88,12.3407,23.0,0.27
1232,9.0,241712.4345,-10.0,0.23
1233,5.04,10.8471,22.0,0.24
1234,8.56,12.861,1.0,1.73
1235,7.52,2.7752,-1.0,0.21
1236,6.8,339665.115,1.0,0.22
1237,6.76,534012.8082,4.0,0.27
1238,6.92,120015.4782,22.0,0.25
1239,3.52,28.1493,23.0,0.24
1240,5.92,12.3087,20.0,0.24
1241,9.08,38.5839,-1.0,0.23
1242,8.56,121194.5882,-2.0,0.26
1243,8.4,120040.594,11.0,0.42
1244,10.6,0.0246,-2.0,0.27
1245,8.64,4911.7436,1.0,1.44
1246,4.72,120041.8585,26.0,0.3
1247,8.04,240049.712,16.0,0.43
1248,5.92,135701.5724,10.0,0.33
1249,3.88,12.3287,23.0,0.25
1250,7.36,240031.0213,18.0,1.25
1251,7.88,120045.8591,12.0,0.22
1252,7.12,3.3713,-1.0,0.26
1253,9.68,1265.0489,-7.0,0.26
1254,7.24,3.5458,4.0,0.25
1255,10.52,0.3794,-5.0,1.12
1256,6.0,819382.9944,3.0,0.23
1257,4.96,19.3533,24.0,0.25
1258,6.28,1.7739,26.0,0.31
1259,11.24,38739.4725,-3.0,0.25
1260,5.32,1.7737,21.0,1.19
1261,11.24,5.7575,2.0,0.45
1262,5.68,33880.9551,21.0,0.34
1263,8.56,416162.0311,0.0,0.24
1264,4.28,28.2244,24.0,0.22
1265,3.8,12.3396,16.0,1.53
1266,7.64,6.2121,-5.0,0.22
1267,9.6,4860.2214,1.0,0.22
1268,6.48,120020.5888,19.0,0.22
1269,3.92,21.0982,22.0,0.31
1270,7.64,1.1539,0.0,1.14
1271,5.72,255602.7616,1.0,0.25
1272,4.12,0.9296,-1.0,0.24
1273,6.96,120040.0012,19.0,0.27
1274,10.32,728226.2108,0.0,0.26
1275,6.52,3.3172,3.0,1.1
1276,8.16,241180.8995,-2.0,0.24
1277,10.92,506532.5739,2.0,0.22
1278,6.72,359875.4819,1.0,0.24
1279,12.04,121647.2787,-3.0,0.22
1280,9.32,360882.8155,-7.0,0.26
1281,6.8,1.7694,23.0,0.28
1282,4.96,42.4184,23.0,0.22
1283,8.08,0.6317,1.0,0.21
1284,5.8,12.3078,26.0,0.25
1285,6.88,427.453,-8.0,0.21
1286,7.36,51.4543,19.0,1.27
1287,4.8,19.4371,24.0,0.19
1288,8.08,424.7478,-4.0,0.22
1289,8.16,1.1711,0.0,0.2
1290,10.96,420.9914,-7.0,0.28
1291,8.68,13.8922,1.0,1.32
1292,9.08,120013.6641,-7.0,0.34
1293,13.96,2640.6618,-9.0,0.21
1294,6.88,8.8421,23.0,0.28
1295,9.52,1101.1441,-1.0,0.27
1296,9.92,11.8408,-1.0,1.15
1297,9.56,39.0126,2.0,0.22
1298,8.28,145.8253,3.0,0.19
1299,9.64,38.8386,-2.0,0.22
1300,10.6,0.1839,4.0,0.21
1301,10.24,0.033,-5.0,1.03
1302,8.76,360262.8986,1.0,0.2
1303,8.2,1.6731,0.0,0.28
1304,10.04,5276.399,0.0,0.82
1305,3.92,8.8264,28.0,0.23
1306,9.52,11.7926,-1.0,1.14
1307,8.96,3558.5124,3.0,0.21
1308,6.08,1497506.4448,0.0,0.22
1309,8.16,32236.7305,0.0,0.18
1310,5.16,407094.5667,2.0,0.2
1311,5.48,15.527,19.0,1.07
1312,5.36,26.6914,26.0,0.21
1313,11.44,1808.5454,-4.0,0.2
1314,5.36,359870.9488,1.0,0.2
1315,9.56,421.0034,0.0,0.23
1316,4.64,67857.4556,15.0,1.11
1317,10.12,0.3123,-2.0,0.22
1318,8.12,443.2289,-1.0,0.2
1319,3.96,388.6374,21.0,0.19
1320,8.12,421.6391,-1.0,0.23
1321,10.4,239124.2634,1.0,1.12
1322,3.16,17.6085,29.0,0.19
1323,7.48,38.1382,1.0,0.25
1324,7.32,425.8315,-2.0,0.21
1325,7.32,23788.1702,0.0,0.18
1326,7.84,120036.5474,15.0,0.21
1327,9.32,0.3338,2.0,1.07
1328,4.72,67871.8524,-2.0,0.18
1329,3.44,28.1703,19.0,0.26
1330,8.72,3.3993,0.0,0.18
1331,7.24,2.1774,-2.0,0.25
1332,12.0,238239.2378,-1.0,1.08
1333,5.88,6.8932,-4.0,0.19
1334,10.76,0.1476,-2.0,0.2
1335,3.88,1.4196,13.0,0.18
1336,10.04,0.791,6.0,0.18
1337,8.6,2.4903,0.0,0.94
1338,3.72,19.5438,19.0,0.19
1339,7.84,2.4874,1.0,0.19
1340,6.08,240030.3708,20.0,0.24
1341,10.44,32236.7415,4.0,0.19
1342,8.36,2.484,-2.0,1.0
1343,9.36,12.0736,-2.0,0.21
1344,11.16,841.9973,-4.0,0.19
1345,9.16,38.2662,1.0,0.21
1346,9.96,0.3434,-4.0,0.28
1347,7.12,40.7661,4.0,0.99
1348,4.16,8.8137,18.0,0.21
1349,7.04,39.9083,3.0,0.18
1350,5.56,26.4807,25.0,0.21
1351,12.52,119230.4558,0.0,0.2
1352,6.16,19.353,20.0,0.93
1353,7.28,2.2541,0.0,0.19
1354,6.56,120018.5201,17.0,0.21
1355,7.92,1.7502,0.0,0.19
1356,8.52,843.0616,1.0,0.19
1357,3.32,28.1796,19.0,0.97
1358,8.92,38.2762,-2.0,0.2
1359,3.64,8.9351,17.0,0.18
1360,7.2,40.395,1.0,0.2
1361,8.48,0.0407,0.0,0.22
1362,2.88,8.8367,10.0,1.03
1363,5.2,359749.6644,1.0,0.21
1364,2.76,1.826,5.0,0.18
1365,4.28,22.9538,30.0,0.2
1366,6.28,1.871,20.0,0.23
1367,8.8,461.388,0.0,0.2
1368,4.44,28.121,30.0,0.19
1369,8.76,422.0572,-2.0,0.21
1370,5.96,9.1002,25.0,0.22
1371,10.64,841.9848,-3.0,0.21
1372,4.32,17.6005,28.0,0.19
1373,7.32,12.0436,17.0,0.94
1374,10.16,842.2481,-4.0,0.19
1375,9.16,50.7166,1.0,0.23
1376,6.16,52.4006,18.0,0.19
1377,9.6,0.6825,-2.0,0.19
1378,6.68,3.3165,-1.0,0.92
1379,4.76,10.76,27.0,0.2
1380,9.08,480310.3879,-3.0,0.2
1381,7.16,0.0366,21.0,0.21
1382,8.52,5999.0385,0.0,0.23
1383,3.16,17.6036,15.0,0.96
1384,3.88,359714.8177,10.0,0.19
1385,3.2,19.3889,18.0,0.18
1386,11.08,1262.9102,-7.0,0.2
1387,6.28,33.5499,23.0,0.22
1388,7.32,130.4055,1.0,0.9
1389,3.04,1.9214,18.0,0.84
1390,6.72,42.834,-3.0,0.2
1391,4.64,17.5825,28.0,0.24
1392,5.16,954546.5541,2.0,0.19
1393,3.8,10.5828,17.0,1.02
1394,6.28,1074561.1448,2.0,0.19
1395,6.16,5.644,-3.0,0.18
1396,12.04,1889565.7391,-1.0,0.23
1397,9.2,335726.5862,-1.0,0.19
1398,8.28,0.2981,-1.0,1.29
1399,9.12,4848.1246,-4.0,0.23
1400,9.0,421.3374,-3.0,0.24
1401,5.64,7.5855,-3.0,0.18
1402,7.08,120021.5964,9.0,0.22
1403,7.12,16.9835,-6.0,1.04
1404,10.36,0.3448,-1.0,0.17
1405,6.76,1246512.4185,3.0,0.24
1406,3.84,17.8062,25.0,0.24
1407,3.0,26.3996,22.0,0.18
1408,8.72,579692.9777,-5.0,0.2
1409,12.6,0.0876,-5.0,0.24
1410,8.36,1.9298,-2.0,0.23
1411,4.08,3.5551,22.0,0.19
1412,13.36,2566.0827,-1.0,0.21
1413,7.68,4.2612,-3.0,0.2
1414,10.84,357246.2578,2.0,1.02
1415,10.28,459.5045,-1.0,0.24
1416,9.0,1.109,0.0,0.22
1417,10.36,6.3419,6.0,0.18
1418,7.36,1.7512,-3.0,0.23
1419,5.28,495404.7754,2.0,0.96
1420,7.24,2.7855,0.0,0.26
1421,9.88,0.107,-3.0,0.2
1422,2.84,1.8212,16.0,0.18
1423,8.4,422.5877,-1.0,0.23
1424,8.04,0.0699,-8.0,0.95
1425,9.44,843.1178,-1.0,0.2
1426,4.12,8.8265,12.0,0.21
1427,4.92,120024.3824,27.0,0.22
1428,4.0,19.3783,28.0,0.18
1429,5.68,9.7465,-13.0,0.97
1430,3.24,8.8379,13.0,0.17
1431,7.8,40.2467,0.0,0.18
1432,3.96,27.3362,20.0,0.19
1433,4.0,17.6905,9.0,0.29
1434,6.72,4.3432,0.0,1.15
1435,3.32,19.3722,25.0,0.27
1436,6.88,479724.2368,3.0,0.25
1437,8.68,1.9168,-4.0,0.23
1438,13.72,2714.5779,-5.0,0.24
1439,8.88,120043.0271,0.0,1.06
1440,6.84,15.9277,17.0,0.2
1441,4.68,0.2309,20.0,0.24
1442,3.04,17.6209,22.0,0.2
1443,2.96,8.8446,19.0,0.25
1444,7.32,177.5493,-4.0,0.93
1445,12.16,386494.8948,-1.0,0.2
1446,7.16,2.888,0.0,0.23
1447,9.68,0.5158,-1.0,0.21
1448,7.36,1.1588,0.0,0.2
1449,4.8,527106.5529,1.0,0.97
1450,7.2,11.0405,23.0,0.2
1451,8.92,0.5792,2.0,0.2
1452,7.92,1658723.9717,-2.0,0.18
1453,7.64,647011.2956,-2.0,0.21
1454,6.96,3.8552,-2.0,0.27
1455,11.12,432.8504,-6.0,0.97
1456,8.48,1080523.8712,-2.0,0.2
1457,7.16,153902.1312,23.0,0.25
1458,3.4,19.3431,22.0,0.18
1459,10.4,422.892,-3.0,0.24
1460,5.72,579272.3109,2.0,1.0
1461,8.52,2.2658,-4.0,0.2
1462,4.56,10.5834,24.0,0.25
1463,3.24,19.3656,19.0,0.27
1464,12.0,170346.2826,-3.0,0.27
1465,5.92,975117.0701,3.0,1.45
1466,6.48,495400.208,1.0,0.39
1467,7.48,41.1457,1.0,0.41
1468,9.04,0.3055,-2.0,0.34
1469,5.56,35.2685,20.0,0.42
1470,7.6,2.2634,-1.0,1.83
1471,2.68,0.1786,13.0,0.26
1472,6.72,3.317,1.0,0.24
1473,3.04,28.1619,19.0,0.25
1474,7.16,27.1166,-3.0,0.23
1475,8.24,460.3145,-1.0,1.16
1476,12.76,335726.601,-3.0,0.2
1477,10.68,1262.8696,-3.0,0.2
1478,8.64,170744.5108,1.0,0.24
1479,3.04,17.7167,12.0,0.2
1480,10.16,33879.6141,-1.0,1.04
1481,8.04,38.9398,0.0,0.21
1482,6.36,5.9625,-4.0,0.19
1483,6.16,36.905,25.0,0.24
1484,6.04,33879.4214,22.0,0.24
1485,4.16,10.8573,20.0,1.01
1486,7.24,38.2996,18.0,0.22
1487,11.2,119087.5048,-1.0,0.21
1488,6.16,787430.3327,3.0,0.21
1489,8.28,3.8394,-6.0,0.23
1490,9.72,0.1806,-2.0,1.16
1491,10.44,0.3232,-8.0,0.24
1492,6.0,33896.8617,23.0,0.24
1493,4.92,67852.181,5.0,0.19
1494,6.6,168270.5793,19.0,0.19
1495,13.76,360093.0126,-4.0,0.25
1496,8.04,120032.6122,14.0,0.21
1497,10.4,420.9805,-4.0,0.25
1498,7.72,22.494,11.0,0.21
1499,4.92,20.7691,25.0,0.22
1500,9.6,114.9904,-2.0,0.23
1501,12.6,124213.239,-8.0,1.01
1502,10.68,0.3474,-3.0,0.21
1503,10.76,354258.1662,2.0,0.23
1504,8.52,423.9765,-1.0,0.19
1505,3.52,8.9232,17.0,0.19
1506,13.0,0.068,-2.0,1.08
1507,4.2,9.0152,30.0,0.22
1508,6.8,5.993,-10.0,0.22
1509,3.64,8.82,21.0,0.21
1510,5.52,16634.6168,25.0,0.24
1511,3.24,114728.7703,5.0,1.15
1512,7.24,3.9133,-1.0,0.19
1513,6.4,0.3675,-13.0,0.18
1514,3.2,17.6002,21.0,0.19
1515,3.2,19.3958,15.0,0.19
1516,6.72,2.2902,1.0,1.02
1517,4.64,3.5388,24.0,0.24
1518,7.72,40.6716,-1.0,0.21
1519,13.2,7772.5637,0.0,0.23
1520,6.36,360008.3752,-3.0,0.21
1521,6.12,5.9628,-4.0,1.08
1522,3.72,8.8605,18.0,0.28
1523,7.48,40.9351,1.0,0.22
1524,3.96,0.0367,11.0,0.24
1525,6.96,5.8089,1.0,0.23
1526,7.68,0.9519,0.0,1.13
1527,3.96,17.7114,29.0,0.24
1528,4.28,8.9509,30.0,0.25
1529,11.12,689988.07,3.0,0.25
1530,3.4,17.7161,26.0,0.19
1531,8.4,0.5763,0.0,1.22
1532,8.0,2.1818,-3.0,0.23
1533,8.08,29.9853,15.0,0.22
1534,12.52,122680.8567,-3.0,0.23
1535,4.12,17.7178,28.0,0.27
1536,10.64,421.0912,-3.0,0.22
1537,11.16,1262.9022,-4.0,0.22
1538,12.0,360170.0226,1.0,0.23
1539,7.72,21.2622,19.0,0.24
1540,11.0,1262.928,-2.0,0.25
1541,7.24,13.3333,16.0,0.32
1542,10.92,241762.0774,5.0,1.21
1543,6.92,5.4989,17.0,0.24
1544,5.56,120015.4136,25.0,0.26
1545,7.88,0.678,0.0,0.23
1546,10.6,421.0667,-3.0,0.29
1547,5.96,15.6015,11.0,1.57
1548,7.64,227.8766,4.0,0.28
1549,7.6,120017.5877,0.0,0.21
1550,8.52,120030.3827,3.0,0.21
1551,11.28,841.9816,-7.0,0.22
1552,4.52,28.1764,29.0,1.05
1553,3.68,17.7972,31.0,0.23
1554,7.96,3.8923,-3.0,0.22
1555,4.72,28.1333,20.0,0.2
1556,9.92,0.0498,-2.0,0.23
1557,7.84,0.0713,0.0,0.99
1558,7.56,23.7884,16.0,0.2
1559,6.08,6.1003,-3.0,0.18
1560,10.96,0.3328,3.0,0.2
1561,4.84,35.1567,28.0,0.21
1562,11.44,0.5009,5.0,1.11
1563,7.56,3.0078,3.0,0.23
1564,8.48,421.3054,-2.0,0.26
1565,6.96,240038.7947,21.0,0.25
1566,4.32,19.4761,21.0,0.2
1567,7.88,360043.2646,-2.0,1.15
1568,8.36,1167.4372,-3.0,0.29
1569,6.56,2.8861,0.0,0.18
1570,8.24,1.7243,-3.0,0.19
1571,7.24,360814.5556,-1.0,0.37
1572,3.32,10.6831,4.0,1.21
1573,10.56,33942.5057,-3.0,0.23
1574,9.8,2.5246,-1.0,0.21
1575,10.12,169445.2574,-1.0,0.23
1576,11.24,1050199.7164,1.0,0.24
1577,5.8,1.9786,22.0,1.05
1578,8.84,38.8,-1.0,0.26
1579,5.48,11.9032,11.0,0.23
1580,3.72,10.7961,19.0,0.19
1581,3.96,10.5838,20.0,0.24
1582,7.72,18.1198,9.0,0.31
1583,8.36,0.1469,-3.0,1.21
1584,10.4,841.915,-5.0,0.21
1585,9.88,0.0501,-2.0,0.21
1586,3.56,12.4589,23.0,0.19
1587,8.84,76.4568,1.0,0.3
1588,7.52,120036.9596,22.0,1.16
1589,7.96,1534058.4111,-1.0,0.22
1590,4.0,9.0147,28.0,0.22
1591,11.08,752569.974,1.0,0.21
1592,8.88,38.5114,0.0,0.24
1593,7.4,0.2426,-2.0,1.03
1594,7.28,164.6562,2.0,0.21
1595,10.52,880.1786,-1.0,0.24
1596,11.24,121647.6342,2.0,0.24
1597,7.6,120019.8468,18.0,0.27
1598,6.36,11.5418,19.0,1.08
1599,7.76,25.1548,14.0,0.19
1600,3.76,8.93,14.0,0.2
1601,9.56,0.0599,1.0,0.2
1602,8.16,8.8869,5.0,0.19
1603,7.28,1.7488,-1.0,1.13
1604,4.0,168280.7388,21.0,0.2
1605,8.72,1.1783,1.0,0.22
1606,9.2,27.5702,4.0,0.23
1607,4.28,8.8198,23.0,0.24
1608,5.44,0.0601,16.0,1.16
1609,9.2,1.6433,0.0,0.21
1610,8.8,0.0733,5.0,0.21
1611,8.8,12.1586,0.0,0.21
1612,9.0,121277.7112,-1.0,0.23
1613,8.84,359843.0224,-2.0,1.21
1614,4.76,21.1199,17.0,0.29
1615,3.2,8.9242,14.0,0.26
1616,4.84,1.7897,24.0,0.26
1617,5.88,902735.8612,0.0,0.27
1618,5.76,359900.8934,-3.0,1.29
1619,3.48,0.9044,-7.0,0.3
1620,5.44,199.2308,3.0,0.37
1621,2.92,0.0535,10.0,0.36
1622,5.16,187865.0148,0.0,0.4
1623,3.28,19.3796,14.0,0.33
1624,4.08,1.7482,1.0,0.22
1625,10.08,57367.3504,-4.0,0.21
1626,5.4,14.2083,20.0,0.25
1627,7.76,42.1138,-2.0,0.25
1628,8.84,0.2982,2.0,0.23
1629,8.16,13.4916,2.0,1.14
1630,5.8,120031.4524,22.0,0.22
1631,4.52,12.436,21.0,0.22
1632,6.92,6.0022,-4.0,0.19
1633,2.76,0.0946,5.0,0.26
1634,3.52,17.6078,28.0,1.17
1635,6.68,0.372,-4.0,0.21
1636,6.08,475774.1265,11.0,0.28
1637,7.32,0.0158,-3.0,0.23
1638,8.72,422.3408,-5.0,0.25
1639,10.4,238165.5873,1.0,1.41
1640,6.44,4.3406,-1.0,0.31
1641,5.08,3.5271,24.0,0.26
1642,5.76,526995.384,0.0,0.29
1643,7.96,1.9756,3.0,0.44
1644,4.44,21.4982,10.0,1.27
1645,9.64,421.8197,-1.0,0.31
1646,11.8,901.7682,-3.0,0.25
1647,10.08,0.0158,2.0,0.25
1648,10.28,420.9863,-2.0,0.24
1649,4.76,10.7602,26.0,1.38
1650,4.6,17.6073,27.0,0.26
1651,10.68,421.0579,1.0,0.31
1652,3.08,17.6378,20.0,0.32
1653,9.28,459.8326,-4.0,0.33
1654,6.56,120029.0708,22.0,1.06
1655,2.56,17.634,14.0,0.21
1656,4.56,12.4033,28.0,0.21
1657,6.08,8.8133,22.0,0.21
1658,8.2,24.1912,0.0,0.26
1659,9.6,0.5013,1.0,0.97
1660,6.36,5.2233,2.0,0.19
1661,6.64,16.8865,21.0,0.21
1662,3.24,3.5863,16.0,0.17
1663,3.72,28.2334,26.0,0.23
1664,5.92,495466.3901,-1.0,0.23
1665,5.84,307764.8715,4.0,0.18
1666,10.08,4.9375,2.0,0.24
1667,5.64,17.5934,29.0,0.23
1668,7.0,11.9399,12.0,0.25
1669,5.72,459263.2426,0.0,0.22
1670,10.44,0.3114,-5.0,1.0
1671,4.32,1.8066,24.0,0.23
1672,7.92,39.9108,0.0,0.33
1673,5.2,17.6047,23.0,0.29
1674,6.64,4.3976,-1.0,0.27
1675,7.64,6.8332,12.0,1.06
1676,4.16,0.1216,29.0,0.19
1677,8.44,360166.6117,3.0,0.26
1678,13.48,360703.9612,-3.0,0.35
1679,8.6,101.9213,-3.0,0.38
1680,6.36,2.8872,-1.0,1.57
1681,3.44,17.6084,23.0,0.24
1682,3.8,10.771,24.0,0.25
1683,11.56,1262.885,-12.0,0.35
1684,4.96,14.1722,25.0,0.33
1685,13.08,5208.6818,-5.0,1.1
1686,9.8,120046.0165,-2.0,0.24
1687,3.2,17.595,17.0,0.17
1688,2.76,8.8508,3.0,0.3
1689,3.32,17.7458,14.0,0.3
1690,3.28,8.9337,14.0,1.14
1691,4.6,10.5735,28.0,0.26
1692,2.88,35.1757,21.0,0.18
1693,3.76,14.0777,23.0,0.21
1694,6.8,4.6193,-2.0,0.19
1695,3.08,10.5874,25.0,1.59
1696,2.8,0.0845,14.0,0.18
1697,10.68,841.9175,-3.0,0.32
1698,14.16,360707.5372,-3.0,0.24
1699,3.28,19.4833,2.0,0.21
1700,10.24,335750.6867,1.0,1.1
1701,11.44,238165.5709,3.0,0.2
1702,10.16,918.383,-3.0,0.23
1703,7.52,1.7032,0.0,0.2
1704,7.76,0.5571,1.0,0.19
1705,7.76,120017.3482,20.0,1.01
1706,10.68,421.009,-4.0,0.22
1707,7.8,4.889,21.0,0.26
1708,10.36,358206.4363,3.0,0.21
1709,4.0,26.4815,24.0,0.21
1710,5.72,120027.7012,24.0,0.24
1711,4.88,120017.2163,4.0,1.13
1712,3.2,10.6781,17.0,0.21
1713,4.88,26.4758,28.0,0.23
1714,10.24,432.7377,-1.0,0.26
1715,3.56,26.4997,19.0,0.24
1716,10.0,421.0343,-4.0,1.25
1717,10.52,0.152,-1.0,0.23
1718,9.04,422.3272,-2.0,0.21
1719,7.08,959493.9289,4.0,0.25
1720,6.08,950238.6956,2.0,0.27
1721,9.24,32240.1701,6.0,1.09
1722,11.52,421.1095,-5.0,0.21
1723,9.4,0.9292,-1.0,0.23
1724,8.16,34.3754,15.0,0.23
1725,7.92,8.4747,4.0,0.23
1726,8.96,1.7495,-6.0,1.05
1727,3.2,26.4172,16.0,0.2
1728,8.32,30.8776,14.0,0.2
1729,9.36,842.7937,0.0,0.28
1730,8.56,2207.2858,0.0,0.24
1731,8.56,14.6518,6.0,1.26
1732,6.08,120041.7861,23.0,0.21
1733,13.0,2569.4049,-9.0,0.19
1734,9.16,119081.32,1.0,0.23
1735,2.8,8.8418,5.0,0.23
1736,5.28,10.6064,20.0,1.22
1737,8.24,2.2409,2.0,0.22
1738,5.24,392.1639,28.0,0.23
1739,12.16,360087.4898,2.0,0.29
1740,2.88,26.427,14.0,0.22
1741,9.96,3.3812,-5.0,1.21
1742,6.88,120017.6378,18.0,0.23
1743,3.64,28.2394,28.0,0.2
1744,4.52,17.6788,30.0,0.22
1745,9.36,421.5538,0.0,0.21
1746,6.44,11.8827,19.0,1.1
1747,4.88,0.0314,28.0,0.25
1748,9.32,38.5534,-2.0,0.23
1749,9.52,459.2008,-1.0,0.23
1750,6.64,19.4005,23.0,0.24
1751,6.08,2.3775,18.0,0.22
1752,3.84,12.3278,23.0,0.2
1753,4.12,17.7206,24.0,0.23
1754,9.6,421.2473,-1.0,0.23
1755,12.68,631.2652,2.0,0.25
1756,9.8,0.0455,-2.0,0.25
1757,11.88,3.546,4.0,1.03
1758,10.4,0.0756,-2.0,0.24
1759,3.12,19.3839,19.0,0.19
1760,7.16,0.107,3.0,0.25
1761,13.8,5206.2269,-3.0,0.24
1762,8.88,3221.4158,2.0,1.1
1763,7.0,2.7759,2.0,0.23
1764,6.12,120035.3188,17.0,0.22
1765,7.24,11.4543,16.0,0.24
1766,7.32,33883.4222,17.0,0.21
1767,14.08,0.1734,-1.0,1.24
1768,9.88,39.0938,-2.0,0.24
1769,13.88,27.7138,-1.0,0.27
1770,5.96,10.5955,22.0,0.22
1771,7.8,1.1308,0.0,0.25
1772,3.28,21.1523,22.0,1.84
1773,6.88,165.0012,-7.0,0.24
1774,3.32,8.8482,24.0,0.26
1775,5.92,5.4791,1.0,0.19
1776,6.04,11.0308,23.0,0.23
1777,8.8,115.9003,-1.0,0.99
1778,9.16,119081.3265,0.0,0.25
1779,9.2,424.3584,0.0,0.24
1780,9.36,239124.255,2.0,0.23
1781,10.08,880.4117,-4.0,0.28
1782,3.84,19.3895,25.0,1.15
1783,10.76,444.8321,-1.0,0.27
1784,9.48,119083.803,3.0,0.23
1785,9.52,421.8195,-2.0,0.21
1786,10.6,421.0069,-6.0,0.28
1787,9.96,433.0372,1.0,1.25
1788,7.4,38.9076,2.0,0.3
1789,4.96,28.6364,12.0,0.3
1790,3.16,0.1595,20.0,0.29
1791,6.68,4.7332,-2.0,0.3
1792,11.08,476333.6402,1.0,0.27
1793,6.4,4.3986,0.0,0.24
1794,8.28,0.0154,2.0,0.3
1795,7.16,120039.172,15.0,0.3
1796,4.24,8.9122,25.0,0.27
1797,8.64,32236.7523,0.0,0.33
1798,6.96,123.7121,4.0,1.21
1799,7.48,0.0082,-6.0,0.22
1800,7.32,4.8902,-6.0,0.25
1801,3.52,9.0152,21.0,0.21
1802,7.96,28.5478,19.0,0.23
1803,4.28,355281.6153,-6.0,1.28
1804,5.4,10.5747,16.0,0.39
1805,10.24,360166.6914,5.0,0.33
1806,6.8,427.4528,-5.0,0.25
1807,4.52,0.0479,22.0,0.3
1808,11.48,1025714.682,2.0,1.35
1809,8.92,32240.1706,0.0,0.22
1810,6.6,12.1677,3.0,0.24
1811,8.32,1.2499,0.0,0.36
1812,7.04,79.1644,1.0,0.42
1813,6.04,54.4726,25.0,1.54
1814,8.36,62.0365,0.0,0.29
1815,9.28,420.9998,-2.0,0.27
1816,9.56,0.3432,1.0,0.2
1817,9.32,0.3228,-5.0,0.31
1818,3.84,10.6962,17.0,1.36
1819,8.32,431.6332,8.0,0.22
1820,6.04,10.1464,20.0,0.27
1821,7.76,240040.9988,19.0,0.27
1822,12.92,0.0438,-6.0,0.28
1823,6.92,120027.4906,19.0,1.2
1824,14.28,620.037,-2.0,0.21
1825,11.12,459.191,-10.0,0.26
1826,10.36,120043.0171,6.0,0.28
1827,8.6,596037.5708,-3.0,0.23
1828,9.72,421.0716,-6.0,1.08
1829,2.6,8.8424,20.0,0.18
1830,10.56,421.25,-5.0,0.29
1831,8.64,0.0753,0.0,0.29
1832,6.8,67852.4399,-1.0,0.28
1833,9.6,120857.7997,-8.0,1.22
1834,5.88,17.7938,21.0,0.29
1835,7.68,4.4263,-5.0,0.31
1836,3.6,19.4584,16.0,0.25
1837,9.16,119083.7478,-2.0,0.28
1838,3.12,17.6462,10.0,0.25
1839,10.0,0.6257,-4.0,1.92
1840,7.52,0.7228,1.0,0.18
1841,3.6,19.3727,18.0,0.23
1842,2.6,8.8612,5.0,0.19
1843,8.52,0.0545,-8.0,0.29
1844,4.56,359706.8309,4.0,1.45
1845,4.88,17.6076,21.0,0.29
1846,2.96,8.8398,7.0,0.25
1847,6.36,145.4244,-9.0,0.24
1848,6.4,4.8834,-2.0,0.33
1849,7.6,0.7251,0.0,1.53
1850,9.16,0.0549,-5.0,0.2
1851,2.84,17.643,18.0,0.21
1852,6.4,4.5615,-1.0,0.25
1853,5.76,7.586,-3.0,0.22
1854,5.96,1325383.174,1.0,1.22
1855,12.0,386498.2421,-2.0,0.27
1856,8.0,424.3476,-3.0,0.21
1857,5.6,19.0637,25.0,0.2
1858,3.6,14.0904,15.0,0.2
1859,6.68,4.1349,-2.0,1.19
1860,7.88,120018.5738,6.0,0.27
1861,8.36,2.7279,-4.0,0.2
1862,9.92,842.2199,-1.0,0.22
1863,3.4,35.1771,31.0,0.21
1864,5.0,12.4229,23.0,1.28
1865,6.56,1.4564,15.0,0.24
1866,6.12,10.1246,25.0,0.22
1867,10.56,11.8273,-1.0,0.21
1868,8.96,881.2383,1.0,0.2
1869,9.76,0.0247,-2.0,1.21
1870,4.12,0.0432,18.0,0.21
1871,5.2,67849.6269,4.0,0.21
1872,11.6,0.3667,-4.0,0.27
1873,7.8,0.5618,0.0,0.23
1874,6.16,5.9638,-1.0,1.18
1875,7.24,38.2886,-1.0,0.23
1876,9.44,477284.359,4.0,0.24
1877,4.36,0.041,9.0,0.21
1878,8.96,752569.9163,-3.0,0.26
1879,5.0,8.8362,23.0,0.27
1880,5.24,67852.4656,4.0,0.22
1881,7.2,719636.7402,4.0,0.24
1882,4.32,9.0935,25.0,0.22
1883,6.04,120025.2571,16.0,0.2
1884,12.8,119156.2942,-5.0,0.23
1885,10.76,421.0157,-6.0,1.17
1886,3.72,19.4682,25.0,0.23
1887,6.32,4.9372,4.0,0.22
1888,9.92,43600.736,0.0,0.28
1889,2.88,0.1551,17.0,0.32
1890,11.08,1262.9507,-3.0,1.19
1891,2.68,8.8384,3.0,0.29
1892,3.76,26.3857,23.0,0.24
1893,5.28,9.0019,22.0,0.33
1894,9.48,120046.358,2.0,0.28
1895,11.24,0.1376,1.0,1.36
1896,12.64,360095.3124,-3.0,0.26
1897,8.72,0.9338,-2.0,0.3
1898,3.68,10.5942,15.0,0.28
1899,3.72,9.0427,31.0,0.34
1900,7.52,4951.2673,5.0,1.4
1901,11.16,0.381,2.0,0.24
1902,9.72,3.4501,8.0,0.3
1903,8.68,240031.8567,-2.0,0.32
1904,5.68,8.8125,23.0,0.32
1905,10.48,0.0988,-5.0,1.56
1906,7.4,22.521,22.0,0.29
1907,2.76,8.8482,19.0,0.23
1908,9.84,0.0554,-3.0,0.86
1909,6.2,359901.0723,1.0,0.24
1910,8.36,3.3807,-2.0,1.16
1911,9.12,240336.5528,-7.0,0.29
1912,8.0,120019.4368,7.0,0.28
1913,9.0,0.1169,-4.0,0.25
1914,10.56,0.0984,-3.0,0.28
1915,7.44,3.2692,-1.0,1.21
1916,11.04,119084.3032,2.0,0.19
1917,12.4,124287.4774,-2.0,0.2
1918,7.56,120029.093,20.0,0.19
1919,5.24,4.1862,22.0,0.19
1920,8.0,799764.2296,-3.0,0.23
1921,8.24,7826.7496,-2.0,0.22
1922,12.32,0.3472,1.0,0.19
1923,6.36,4.9369,-4.0,0.2
1924,6.96,4.5439,21.0,0.21
1925,13.52,5.6793,-2.0,0.21
1926,5.8,135699.1054,2.0,1.25
1927,11.4,0.052,-11.0,0.22
1928,7.64,887293.1033,-5.0,0.22
1929,8.76,9.0573,0.0,0.19
1930,12.64,1044339.1001,-1.0,0.2
1931,12.28,119155.5445,1.0,1.23
1932,11.92,1802.744,-4.0,0.3
1933,7.52,22.1006,20.0,0.27
1934,9.04,120858.3525,-7.0,0.22
1935,11.56,842.2829,-11.0,0.24
1936,7.48,1.1534,0.0,1.07
1937,5.72,8.8956,21.0,0.25
1938,6.88,5.3516,12.0,0.25
1939,9.28,422.1136,0.0,0.28
1940,7.84,8.9568,11.0,0.33
1941,7.6,11.0107,16.0,1.29
1942,6.32,44.1522,25.0,0.3
1943,7.08,29.9654,20.0,0.29
1944,7.44,361922.5494,2.0,0.25
1945,10.8,74.6423,-3.0,0.23
1946,8.24,1.9254,1.0,1.21
1947,14.2,5.9338,-2.0,0.26
1948,6.08,28.1359,21.0,0.41
1949,8.16,1.7166,1.0,0.28
1950,7.28,4.344,-6.0,0.3
1951,3.72,1.8089,24.0,1.05
1952,4.88,27.8128,31.0,0.19
1953,8.2,120858.453,-1.0,0.21
1954,7.44,120016.8851,19.0,0.21
1955,2.56,8.8437,13.0,0.2
1956,7.12,3.3182,1.0,1.04
1957,8.2,77.0458,0.0,0.25
1958,7.92,13.1944,-1.0,0.23
1959,4.88,4.9586,26.0,0.24
1960,8.08,13.1944,1.0,0.21
1961,8.32,9.3918,14.0,1.17
1962,7.88,188284.1798,-2.0,0.25
1963,4.28,10.5749,29.0,0.2
1964,10.6,32236.8045,0.0,0.21
1965,3.88,8.8234,16.0,0.26
1966,10.96,115149.7056,-8.0,0.31
1967,7.44,1315002.1854,-1.0,1.47
1968,5.04,3.625,25.0,0.33
1969,6.08,11.5182,-4.0,0.23
1970,3.0,8.8168,11.0,0.28
1971,4.52,33891.486,18.0,0.32
1972,4.36,8.9376,18.0,1.36
1973,7.76,120044.48,16.0,0.24
1974,7.52,18.6315,18.0,0.27
1975,6.68,3.9147,1.0,0.23
1976,6.56,13.7741,21.0,0.32
1977,11.0,421.1047,-3.0,1.26
1978,3.44,10.5744,24.0,0.25
1979,10.84,359687.9495,-5.0,0.85
1980,3.56,0.1273,27.0,0.19
1981,4.8,10.6682,28.0,0.21
1982,8.36,360166.6668,5.0,1.08
1983,3.36,35.2006,25.0,0.21
1984,7.4,120018.6209,15.0,0.3
1985,8.16,360054.1806,14.0,0.21
1986,10.52,3173.2241,-10.0,0.22
1987,6.84,3.3238,-1.0,1.26
1988,2.96,17.6442,17.0,0.24
1989,9.88,842.219,0.0,0.31
1990,3.8,10.6142,20.0,0.25
1991,9.4,843.0306,0.0,0.24
1992,9.08,1.9734,-1.0,1.32
1993,3.8,1.8136,28.0,0.27
1994,6.88,42.0381,3.0,0.27
1995,5.88,7.9203,-9.0,0.3
1996,7.6,2.9023,2.0,0.29
1997,7.4,719698.9841,2.0,1.4
1998,4.24,10.8673,24.0,0.26
1999,3.88,0.0322,8.0,0.28
2000,3.12,19.3888,15.0,0.25
2001,2.96,0.0484,6.0,0.51
2002,3.72,8.9276,8.0,1.9
2003,6.44,5.4784,-1.0,0.3
2004,4.68,1.7958,15.0,0.32
2005,7.36,39.425,-1.0,0.4
2006,6.88,3.8569,-2.0,0.36
2007,4.52,0.3188,25.0,0.33
2008,8.84,64473.4575,1.0,0.32
2009,3.2,19.3819,17.0,0.4
2010,6.08,7.5858,-4.0,0.34
2011,7.96,145.7485,-6.0,0.34
2012,6.84,3.8592,0.0,0.49
2013,6.0,19.3499,22.0,1.25
2014,6.2,498973.0272,-6.0,0.2
2015,7.8,5985.2781,-1.0,0.21
2016,6.4,886980.3782,2.0,0.3
2017,6.2,20.3608,22.0,0.33
2018,8.88,361303.8358,-4.0,1.2
2019,4.64,0.1359,20.0,0.2
2020,11.32,420.9982,-10.0,0.2
2021,7.44,120033.0126,18.0,0.22
2022,6.84,3.8005,-1.0,0.22
2023,4.2,17.5932,21.0,1.11
2024,4.56,114764.2559,23.0,0.21
2025,11.0,0.0388,1.0,0.21
2026,4.36,17.7974,31.0,0.25
2027,8.04,2.324,0.0,0.27
2028,9.16,1.0902,2.0,1.13
2029,7.2,427976.022,-4.0,0.19
2030,6.88,3.6209,21.0,0.24
2031,4.4,3.6366,29.0,0.24
2032,9.64,0.0142,-5.0,0.25
2033,4.44,12.4174,19.0,1.37
2034,3.88,17.6896,26.0,0.33
2035,9.12,120856.622,-6.0,0.24
2036,11.28,740756.423,1.0,0.27
2037,10.28,421.2638,-2.0,0.3
2038,10.4,901.7928,-2.0,1.33
2039,6.2,43.9614,24.0,0.29
2040,10.44,0.0624,-1.0,0.35
2041,7.68,120031.3402,20.0,0.28
2042,3.0,8.8293,23.0,0.24
2043,8.36,359875.0108,-2.0,1.82
2044,5.24,542791.3358,0.0,0.33
2045,3.04,17.6135,18.0,0.24
2046,10.64,38.292,-8.0,0.26
2047,9.24,0.3109,2.0,0.27
2048,6.72,340102.058,22.0,0.26
2049,5.6,5.2826,23.0,0.27
2050,9.48,421.0198,-1.0,0.23
2051,7.24,33909.0613,18.0,0.21
2052,4.88,10.5855,15.0,0.23
2053,7.28,13.7836,16.0,0.29
2054,6.36,10.565,25.0,1.1
2055,6.8,11.5846,19.0,0.28
2056,5.28,14.5614,20.0,0.23
2057,11.16,0.0748,-11.0,0.26
2058,5.4,76.9753,7.0,0.32
2059,10.56,0.3948,-7.0,1.13
2060,3.8,21.1441,26.0,0.25
2061,6.12,5.7087,3.0,0.31
2062,4.0,14.275,25.0,0.41
2063,6.28,359932.4182,2.0,0.36
2064,8.4,2.182,-1.0,1.3
2065,3.28,0.1334,21.0,0.24
2066,10.72,393729.2762,-4.0,0.31
2067,7.08,16.6511,17.0,0.3
2068,8.28,2.1922,0.0,0.44
2069,9.64,422.056,-6.0,1.58
2070,7.52,305975.9696,-4.0,0.32
2071,5.08,26.9117,19.0,0.25
2072,7.36,120044.0528,20.0,0.28
2073,7.44,240032.6265,22.0,0.33
2074,7.24,2.2342,2.0,1.33
2075,3.52,10.6964,14.0,0.19
2076,3.08,335726.6377,16.0,0.22
2077,4.12,1.215,-1.0,0.19
2078,10.48,33885.163,-1.0,0.21
2079,8.28,32236.7381,1.0,1.02
2080,10.8,120053.7504,4.0,0.19
2081,8.2,120029.5695,21.0,0.25
2082,14.4,15.9408,-4.0,0.2
2083,2.8,0.0635,19.0,0.25
2084,3.72,19.4404,23.0,1.17
2085,8.16,2.7378,-3.0,0.22
2086,7.52,240074.7018,23.0,0.26
2087,10.88,0.1146,-5.0,0.22
2088,6.8,579271.5119,2.0,0.27
2089,2.84,8.8263,12.0,1.09
2090,2.6,0.0312,2.0,0.2
2091,7.28,56484.5576,1.0,0.18
2092,5.96,5.4237,24.0,0.21
2093,7.8,56465.428,-8.0,0.22
2094,10.04,842.4964,-1.0,0.25
2095,4.32,8.8627,24.0,1.05
2096,10.08,421.5316,-4.0,0.22
2097,6.72,28.6242,21.0,0.22
2098,8.28,120017.0798,-1.0,0.23
2099,7.32,1.4325,2.0,0.25
2100,9.48,459.22,0.0,1.04
2101,13.08,0.035,-5.0,0.2
2102,11.04,421.0353,-8.0,0.23
2103,9.16,120435.7339,-5.0,0.21
2104,5.8,114750.202,22.0,0.3
2105,5.04,14.2613,25.0,1.02
2106,7.52,40.9355,-1.0,0.23
2107,10.12,38.5348,-3.0,0.22
2108,10.68,433.0699,-5.0,0.25
2109,8.88,420.9701,0.0,0.3
2110,6.68,423136.3992,4.0,1.12
2111,8.88,38.8565,-1.0,0.22
2112,3.44,26.3932,21.0,0.21
2113,9.52,386494.8671,1.0,0.24
2114,4.2,0.1281,28.0,0.22
2115,12.04,1.1603,4.0,1.6
2116,7.32,78.0659,1.0,0.2
2117,10.2,842.224,-2.0,0.24
2118,4.6,19.4417,30.0,0.2
2119,6.92,3.859,0.0,0.23
2120,4.08,8.8715,14.0,1.0
2121,6.64,4.8788,-5.0,0.18
2122,11.84,1.1282,0.0,0.19
2123,3.0,8.8586,16.0,0.2
2124,8.44,3.5442,-5.0,0.31
2125,5.44,10.2872,-12.0,0.98
2126,13.0,0.0337,-2.0,0.21
2127,7.2,12.3616,21.0,0.2
2128,4.36,0.8906,7.0,0.19
2129,8.84,418731.5794,2.0,0.2
2130,3.52,36.9274,23.0,1.2
2131,8.56,423.989,-1.0,0.25
2132,10.24,841.9162,-4.0,0.22
2133,6.8,80.2854,-1.0,0.19
2134,3.4,8.9116,14.0,0.23
2135,8.12,120026.0676,14.0,0.23
2136,3.88,21.2102,19.0,0.23
2137,8.32,3.2849,-7.0,0.2
2138,6.76,2.837,3.0,0.2
2139,7.28,39.6462,2.0,0.19
2140,6.04,23.3269,25.0,0.22
2141,8.0,424.2613,-9.0,1.08
2142,8.68,2.2387,1.0,0.23
2143,5.68,31.6618,24.0,0.21
2144,6.72,3.9096,-2.0,0.28
2145,10.28,0.0874,-3.0,0.25
2146,7.92,835172.0885,0.0,0.94
2147,8.44,5.4434,-5.0,0.23
2148,11.84,0.3715,3.0,0.22
2149,10.32,421.001,-3.0,0.22
2150,6.88,120034.2889,22.0,0.23
2151,3.76,14.1628,27.0,0.96
2152,14.04,9.0251,-2.0,0.21
2153,11.28,901.4988,-4.0,0.21
2154,10.52,842.2399,-2.0,0.24
2155,4.84,359707.5963,7.0,0.22
2156,7.4,3.5577,1.0,1.02
2157,9.84,42889.1329,4.0,0.2
2158,8.64,434.4474,1.0,0.19
2159,12.56,0.914,-4.0,0.19
2160,7.72,647121.9561,-2.0,0.2
2161,6.52,8.8958,18.0,0.97
2162,3.4,35.2064,18.0,0.2
2163,3.88,17.655,21.0,0.22
2164,11.36,2566.0095,2.0,0.21
2165,4.2,10.571,21.0,0.24
2166,3.48,8.951,9.0,1.25
2167,5.16,17.778,26.0,0.23
2168,5.2,47.5559,26.0,0.25
2169,5.28,359834.3284,-8.0,0.19
2170,5.52,0.3068,23.0,0.37
2171,3.28,26.5013,16.0,1.28
2172,5.84,187866.0763,6.0,0.28
2173,4.16,19.4586,27.0,0.25
2174,9.44,3.063,-6.0,0.21
2175,3.92,45.7118,32.0,0.23
2176,9.24,422.0762,0.0,0.24
2177,7.12,647319.8112,0.0,0.2
2178,3.64,19.4578,20.0,0.2
2179,3.48,8.9106,22.0,0.27
2180,4.28,26.6016,24.0,0.21
2181,10.2,38.5575,-3.0,0.25
2182,3.52,26.4959,25.0,1.24
2183,7.08,38.7083,24.0,0.22
2184,9.52,12.3632,-2.0,0.24
2185,5.24,0.1166,27.0,0.37
2186,11.32,360089.3256,-4.0,0.25
2187,5.32,14.1137,28.0,1.4
2188,6.48,4.9372,-1.0,0.22
2189,6.24,4.938,1.0,0.21
2190,5.48,37.8777,22.0,0.22
2191,3.92,24.8041,24.0,0.24
2192,6.36,4.3975,-2.0,1.26
2193,8.28,13.4608,-3.0,0.83
2194,9.8,339900.1191,-2.0,0.25
2195,4.52,474943.1747,4.0,0.23
2196,8.48,1.6472,1.0,0.44
2197,7.28,1.7524,3.0,1.16
2198,8.28,461.3515,-1.0,0.34
2199,7.48,120034.9003,17.0,0.67
2200,3.04,10.5775,13.0,0.55
2201,4.52,19.5388,27.0,0.36
2202,4.2,17.6891,20.0,1.27
2203,10.44,2.565,-3.0,0.2
2204,7.68,0.4971,2.0,0.19
2205,4.04,1.9066,22.0,0.22
2206,3.2,17.615,12.0,0.21
2207,8.44,2.5092,-4.0,1.04
2208,10.84,842.3261,-3.0,0.21
2209,9.64,12.0765,-2.0,0.21
2210,5.88,0.0117,25.0,0.22
2211,8.56,359705.3154,-4.0,0.26
2212,6.76,120031.2158,25.0,1.14
2213,10.68,421.2886,-5.0,0.21
2214,12.72,7.9099,-2.0,0.19
2215,11.4,1683.8537,-7.0,0.25
2216,14.24,11.3011,-5.0,0.27
2217,10.84,0.3243,5.0,1.06
2218,9.56,0.6163,2.0,0.19
2219,7.56,2.1794,-3.0,0.22
2220,10.72,842.0021,-3.0,0.24
2221,7.28,25.6761,20.0,0.21
2222,10.76,432.8271,-3.0,0.23
2223,11.32,421.0348,-7.0,1.04
2224,8.8,119083.7653,-4.0,0.21
2225,10.56,0.6832,-4.0,0.2
2226,12.64,119158.5525,-4.0,0.2
2227,10.64,433.0352,-1.0,0.26
2228,8.64,422.255,2.0,1.21
2229,7.88,48.1185,0.0,0.2
2230,8.76,11.8241,2.0,0.21
2231,4.8,10.7488,23.0,0.23
2232,7.36,13.004,18.0,0.21
2233,5.64,1.8691,26.0,1.2
2234,9.88,422.6945,-8.0,0.3
2235,5.44,307876.928,6.0,0.21
2236,9.92,0.3427,-2.0,0.2
2237,7.96,33.0722,16.0,0.22
2238,10.36,421.2614,-6.0,1.18
2239,4.4,21.2117,25.0,0.25
2240,9.0,0.9631,0.0,0.26
2241,6.32,120744.5281,6.0,0.22
2242,3.44,21.1158,23.0,0.23
2243,3.4,3.5718,19.0,1.13
2244,9.24,1.9393,-5.0,0.22
2245,3.0,8.8465,15.0,0.21
2246,8.88,509.2894,-1.0,0.23
2247,6.68,0.02,-6.0,0.18
2248,6.84,359896.9534,1.0,1.09
2249,7.92,32236.7292,-4.0,0.19
2250,4.64,28.129,29.0,0.22
2251,7.04,27.321,13.0,0.21
2252,4.32,187864.9372,-4.0,0.21
2253,6.16,6.5049,-1.0,1.03
2254,3.36,29.9157,23.0,0.28
2255,3.6,17.5963,23.0,0.2
2256,4.16,30.6875,27.0,0.21
2257,4.88,12.325,25.0,0.23
2258,6.0,7.5862,-5.0,1.02
2259,9.2,238165.0095,1.0,0.2
2260,7.04,4.3983,-3.0,0.2
2261,5.04,26.3704,29.0,0.2
2262,5.44,886810.694,-2.0,0.2
2263,3.2,8.8364,17.0,0.19
2264,9.84,1263.4034,-1.0,0.25
2265,7.2,217.915,-2.0,0.23
2266,5.48,19.843,28.0,0.2
2267,6.0,7.0434,-4.0,0.19
2268,8.4,1.6464,1.0,0.21
2269,3.28,28.1644,24.0,1.83
2270,8.36,32236.7856,3.0,0.18
2271,9.44,421.5962,2.0,0.22
2272,13.52,2.8313,-3.0,0.22
2273,4.44,2.0722,-7.0,0.19
2274,4.92,359800.6322,-3.0,1.2
2275,8.12,360054.5981,11.0,0.21
2276,11.12,421.069,-5.0,0.25
2277,6.76,1.3704,21.0,0.21
2278,7.84,0.6972,1.0,0.22
2279,8.24,1170241.8967,-3.0,1.16
2280,8.44,96710.2417,5.0,0.18
2281,12.88,360703.4474,0.0,0.22
2282,10.04,506.1119,0.0,0.21
2283,4.96,10.7498,26.0,0.27
2284,10.32,0.3384,7.0,1.16
2285,5.28,120026.569,25.0,0.18
2286,8.0,11.9921,11.0,0.19
2287,7.0,938864.1286,2.0,0.22
2288,10.24,420.9946,-4.0,0.22
2289,7.4,17.1673,16.0,0.92
2290,5.76,19.8154,20.0,0.19
2291,3.16,10.5844,15.0,0.19
2292,2.76,169444.999,12.0,0.22
2293,7.64,3.0,-2.0,0.22
2294,8.08,1.723,2.0,1.13
2295,9.52,4.9711,3.0,0.2
2296,8.28,0.0723,5.0,0.2
2297,5.84,21.6333,17.0,0.21
2298,8.48,0.5004,-1.0,0.25
2299,4.0,33.7276,21.0,1.08
2300,4.32,19.63,21.0,0.2
2301,8.0,424.7794,0.0,0.21
2302,3.36,10.5942,15.0,0.2
2303,9.68,2.4899,2.0,0.21
2304,13.4,148.9393,-3.0,0.21
2305,3.84,8.9545,20.0,0.18
2306,5.6,6.614,1.0,0.17
2307,12.8,74.6258,1.0,0.21
2308,4.24,8.9933,22.0,0.21
2309,4.64,359706.0203,7.0,0.18
2310,12.4,0.033,-3.0,1.1
2311,10.84,1.0996,2.0,0.24
2312,9.04,0.0575,2.0,0.2
2313,4.96,8.831,18.0,0.23
2314,8.0,38.3425,-1.0,0.25
2315,7.08,360851.36,3.0,1.3
2316,6.24,19.958,13.0,0.2
2317,9.28,881.2513,1.0,0.2
2318,10.12,842.2549,-3.0,0.21
2319,4.24,9.0044,22.0,0.23
2320,12.96,2566.3391,-2.0,1.03
2321,10.56,421.346,-3.0,0.22
2322,8.24,240060.2879,7.0,0.2
2323,12.64,0.8001,2.0,0.2
2324,10.88,12.1505,-1.0,0.24
2325,9.88,0.8942,-5.0,1.12
2326,4.12,14.072,30.0,0.19
2327,10.84,420.9814,-6.0,0.19
2328,5.52,12.3144,25.0,0.22
2329,6.28,19.3362,26.0,0.25
2330,6.8,9.3139,24.0,1.09
2331,7.48,0.0149,0.0,0.18
2332,7.36,3.3183,1.0,0.2
2333,9.92,459.2046,-3.0,0.23
2334,7.68,35.7214,17.0,0.23
2335,4.84,120013.707,23.0,1.22
2336,5.04,9.2901,12.0,0.21
2337,6.92,527527.4022,3.0,0.18
2338,4.88,67862.6123,11.0,0.2
2339,8.2,460100.34,-3.0,0.21
2340,11.2,0.0616,3.0,1.28
2341,14.56,360095.6801,-3.0,0.24
2342,6.4,120025.5168,25.0,0.26
2343,11.32,120114.818,-1.0,0.23
2344,6.2,1.9796,25.0,0.24
2345,10.8,38.3128,-4.0,1.21
2346,6.32,1.7717,22.0,0.25
2347,10.52,3.8525,-1.0,0.31
2348,7.0,120018.476,15.0,0.22
2349,9.32,431530.6407,4.0,0.2
2350,7.84,40.1899,0.0,0.25
2351,12.76,11.8968,0.0,1.24
2352,6.6,19.4483,20.0,0.23
2353,6.8,3.3154,0.0,0.19
2354,6.64,120025.1982,20.0,0.29
2355,5.08,12.3175,24.0,0.21
2356,6.56,2.8318,3.0,1.06
2357,10.68,1.3844,-3.0,0.2
2358,3.72,9.0078,23.0,0.2
2359,7.44,24.6677,14.0,0.2
2360,9.24,38.8094,-1.0,0.22
2361,6.52,3.3706,1.0,1.01
2362,9.68,0.5064,3.0,0.18
2363,7.28,360098.4995,22.0,0.2
2364,8.08,14.0238,1.0,0.19
2365,6.48,120014.1825,17.0,0.19
2366,8.56,422.951,0.0,0.93
2367,3.8,10.6918,15.0,0.2
2368,6.96,5.7108,-5.0,0.2
2369,7.88,424.7858,3.0,0.2
2370,2.88,17.6167,19.0,0.2
2371,7.6,0.892,1.0,0.94
2372,3.92,19.4674,27.0,0.19
2373,8.0,461.9388,0.0,0.19
2374,8.72,420.971,-1.0,0.19
2375,6.68,3.3722,-1.0,0.26
2376,6.24,4.938,-1.0,1.03
2377,9.56,0.4502,-1.0,0.26
2378,8.24,360049.3783,13.0,0.18
2379,5.0,10.6782,25.0,0.22
2380,8.32,12.941,2.0,0.22
2381,7.64,240037.5233,17.0,0.88
2382,3.76,8.8503,19.0,0.2
2383,8.08,188285.785,-4.0,0.19
2384,8.72,56470.9394,0.0,0.21
2385,5.44,364584.9644,-4.0,0.27
2386,6.48,3.9132,-1.0,1.19
2387,4.0,17.7088,28.0,0.29
2388,3.8,67849.5538,3.0,0.44
2389,3.64,37.0078,30.0,0.31
2390,11.72,5.8588,3.0,0.27
2391,2.76,35.2055,12.0,0.19
2392,3.36,1.8007,12.0,0.2
2393,6.68,4.397,-2.0,0.21
2394,6.04,4.5092,1.0,0.24
2395,2.68,17.6176,10.0,0.3
2396,8.24,40.4773,1.0,0.21
2397,6.64,120020.7346,19.0,1.21
2398,8.12,2.529,-9.0,0.22
2399,3.56,17.5987,20.0,0.27
2400,6.28,6.0186,-3.0,0.23
2401,3.16,8.8265,18.0,0.24
2402,4.04,43.9426,31.0,1.08
2403,4.6,24.8117,15.0,0.21
2404,3.64,19.3962,17.0,0.24
2405,7.64,19.468,19.0,0.24
2406,6.32,359696.6654,-1.0,0.24
2407,9.52,120046.0034,6.0,1.0
2408,3.48,19.3792,21.0,0.19
2409,3.68,21.2151,14.0,0.19
2410,9.88,0.3638,-4.0,0.24
2411,3.84,1.8088,19.0,0.2
2412,5.84,10.654,26.0,1.14
2413,5.52,19.4732,22.0,0.28
2414,8.92,12.6418,3.0,0.26
2415,8.6,50.0032,1.0,0.39
2416,5.16,10.652,26.0,0.27
2417,6.32,425.981,2.0,1.11
2418,7.04,14.1075,24.0,0.23
2419,5.36,46.1759,26.0,0.22
2420,8.52,0.059,-1.0,0.22
2421,3.8,26.4184,11.0,0.2
2422,12.12,119084.3911,-1.0,0.99
2423,10.64,0.9723,-6.0,0.19
2424,6.96,145.7599,3.0,0.23
2425,8.04,5.3858,11.0,0.24
2426,7.48,11.4695,19.0,0.29
2427,10.68,497.7302,-5.0,1.61
2428,4.92,14.0672,27.0,0.3
2429,9.48,0.8946,1.0,0.25
2430,8.52,120056.3662,7.0,0.23
2431,4.8,7.0847,23.0,0.23
2432,8.68,360771.7744,-3.0,0.27
2433,11.2,0.1272,-6.0,0.24
2434,8.56,360069.5463,14.0,0.26
2435,8.68,120029.5686,0.0,0.22
2436,8.2,120033.4723,7.0,0.24
2437,10.44,841.9208,-4.0,0.28
2438,11.28,841.979,-11.0,1.11
2439,4.32,26.3892,31.0,0.23
2440,7.4,120026.4779,10.0,0.19
2441,5.52,5.384,25.0,0.2
2442,11.6,421.0468,-15.0,0.22
2443,11.44,842.1824,-8.0,1.11
2444,13.04,720171.2813,0.0,0.26
2445,11.12,842.4787,-5.0,0.28
2446,8.28,4.9813,6.0,0.33
2447,8.68,421.0774,-1.0,0.3
2448,8.44,120032.215,7.0,1.58
2449,7.76,240032.661,12.0,0.26
2450,9.8,32260.8344,0.0,0.29
2451,7.44,360052.7849,19.0,0.37
2452,8.4,423.171,1.0,0.25
2453,6.16,19.539,26.0,1.41
2454,8.72,16.9376,3.0,0.25
2455,7.32,0.372,0.0,0.27
2456,7.36,1.4358,0.0,0.28
2457,3.04,8.8267,12.0,0.23
2458,6.44,9.276,23.0,1.54
2459,9.68,0.1302,-2.0,0.26
2460,8.4,38.7944,0.0,0.29
2461,4.64,8.825,17.0,0.28
2462,10.6,841.9304,-6.0,0.29
2463,8.16,339248.2336,-1.0,1.42
2464,4.36,1.9105,20.0,0.29
2465,5.72,1.9656,23.0,0.23
2466,3.72,38.7652,34.0,0.18
2467,6.88,364678.0883,3.0,0.22
2468,7.28,26.4588,21.0,1.03
2469,9.48,0.0904,-1.0,0.19
2470,3.32,8.8818,15.0,0.22
2471,7.72,100.9166,-3.0,0.19
2472,2.8,26.4529,24.0,0.2
2473,3.0,26.4205,16.0,0.93
2474,8.88,0.0768,-1.0,0.2
2475,11.68,360089.3299,2.0,0.2
2476,4.36,407095.2852,0.0,0.31
2477,5.0,719482.0406,1.0,0.26
2478,7.64,0.0702,-1.0,0.28
2479,9.04,421.8057,0.0,1.32
2480,6.92,26.3899,23.0,0.24
2481,6.68,4.4541,-3.0,0.19
2482,7.76,4.1426,-4.0,0.22
2483,9.48,1.1945,-2.0,0.41
2484,10.72,360089.9246,0.0,1.1
2485,6.64,2.3462,1.0,0.21
2486,7.44,67853.3058,1.0,0.23
2487,4.44,18.1164,20.0,0.19
2488,9.96,5.8217,0.0,0.29
2489,5.64,359706.9315,18.0,1.03
2490,4.36,38.6898,26.0,0.19
2491,8.6,7.7772,-3.0,0.19
2492,11.68,0.0762,1.0,0.23
2493,5.24,547454.8024,6.0,0.25
2494,6.2,11.5539,20.0,1.12
2495,10.8,120117.2385,3.0,0.18
2496,6.72,3.8016,0.0,0.19
2497,4.04,12.4243,21.0,0.24
2498,6.4,8.9069,22.0,0.23
2499,5.16,8.833,23.0,1.75
2500,9.96,170562.6057,-7.0,0.25
2501,9.76,38.8391,-2.0,0.21
2502,10.84,119372.3834,-3.0,0.25
2503,5.52,1027457.3773,1.0,0.22
2504,5.84,6.669,-3.0,1.22
2505,4.44,12.3226,25.0,0.25
2506,2.88,0.0459,8.0,0.18
2507,10.88,0.144,-5.0,0.25
2508,6.76,5.7096,-2.0,0.22
2509,3.64,17.6074,16.0,1.11
2510,4.44,67851.5198,2.0,0.2
2511,7.0,120026.4904,19.0,0.21
2512,4.48,2.6766,-1.0,0.22
2513,6.96,763216.4818,-4.0,0.25
2514,7.8,360065.1744,13.0,1.05
2515,6.0,29.9876,24.0,0.22
2516,12.6,2648.4271,-2.0,0.21
2517,4.12,28.219,28.0,0.23
2518,3.64,0.2418,20.0,0.21
2519,5.72,407093.6514,6.0,0.22
2520,8.72,0.5887,-1.0,0.2
2521,9.76,2.4938,0.0,0.21
2522,3.48,9.0284,27.0,0.21
2523,6.72,3.3176,0.0,0.21
2524,10.0,38.5997,-5.0,0.26
2525,2.84,0.1001,-5.0,0.96
2526,3.76,26.49,26.0,0.2
2527,4.56,67852.3026,-1.0,0.19
2528,9.92,32264.2082,2.0,0.21
2529,10.2,0.0282,-9.0,0.21
2530,3.56,8.8476,10.0,0.97
2531,6.2,8.1257,-10.0,0.19
2532,4.88,8.8084,23.0,0.21
2533,4.6,359830.5862,-1.0,0.19
2534,3.72,339244.164,-4.0,0.17
2535,2.92,0.0738,2.0,0.99
2536,4.12,8.8056,18.0,0.21
2537,6.6,43.6369,-5.0,0.21
2538,2.8,10.5869,19.0,0.19
2539,10.28,0.6538,-4.0,0.19
2540,6.36,6.6238,-6.0,0.99
2541,2.72,0.0607,8.0,0.3
2542,3.04,26.3931,20.0,0.19
2543,3.08,17.6342,8.0,0.2
2544,5.96,7.586,-4.0,0.2
2545,6.8,5.4786,-5.0,0.98
2546,4.04,26.6912,24.0,0.2
2547,13.96,631.1842,-4.0,0.21
2548,10.84,0.2562,-4.0,0.19
2549,3.72,33896.7926,22.0,0.21
2550,8.52,0.0067,3.0,0.95
2551,3.92,0.8823,-4.0,0.19
2552,9.12,0.0595,-17.0,0.21
2553,7.48,714855.0618,-3.0,0.27
2554,6.6,5.2161,-2.0,0.24
2555,7.76,3.3177,-1.0,0.98
2556,4.44,33909.4338,26.0,0.2
2557,7.84,1.1716,0.0,0.21
2558,6.24,18.1542,24.0,0.22
2559,3.6,19.3812,20.0,0.19
2560,7.8,1.0132,2.0,0.22
2561,7.48,2194.4732,1.0,0.18
2562,6.16,8.9093,24.0,0.23
2563,9.88,0.1515,4.0,0.27
2564,3.4,8.833,15.0,0.21
2565,3.28,26.5133,25.0,0.2
2566,6.64,1.8118,23.0,0.99
2567,7.76,1.0986,2.0,0.2
2568,9.56,0.8919,-2.0,0.3
2569,7.04,4.1964,-2.0,0.22
2570,14.92,12.4972,-5.0,0.21
2571,10.28,33499.6586,-1.0,1.13
2572,9.8,0.1358,4.0,0.19
2573,9.32,169434.4061,-3.0,0.23
2574,4.12,8.8683,13.0,0.23
2575,6.2,1945519.1863,2.0,0.23
2576,13.68,2640.6691,-2.0,1.04
2577,10.48,359850.0949,0.0,0.2
2578,10.6,11.81,-3.0,0.23
2579,10.2,2.8417,3.0,0.22
2580,8.32,6.3161,-2.0,0.23
2581,7.04,529231.9135,5.0,1.6
2582,5.6,8.126,-4.0,0.23
2583,6.36,0.0331,21.0,0.24
2584,5.84,866349.7735,-6.0,0.23
2585,6.28,7.1013,-5.0,0.23
2586,2.32,8.8573,-4.0,0.98
2587,2.68,0.1067,8.0,0.17
2588,5.64,9.7465,-10.0,0.18
2589,4.84,1.8325,13.0,0.2
2590,2.76,8.8256,16.0,0.19
2591,12.6,11.4026,0.0,1.03
2592,2.64,8.8146,3.0,0.19
2593,8.2,1.2514,0.0,0.21
2594,9.28,32236.8037,2.0,0.21
2595,7.12,5.4248,-6.0,0.26
2596,5.6,135700.158,-3.0,1.1
2597,2.76,1.8105,-2.0,0.2
2598,10.96,841.9971,-5.0,0.26
2599,3.52,0.1348,13.0,0.18
2600,11.08,421.0353,-9.0,0.23
2601,4.64,10.6119,17.0,1.17
2602,10.28,842.245,0.0,0.36
2603,14.08,360084.5447,-3.0,0.22
2604,14.12,2732.9946,-6.0,0.25
2605,4.24,10.7601,22.0,0.23
2606,10.16,421.0015,0.0,0.29
2607,9.08,386494.8515,4.0,1.18
2608,6.0,120018.4802,25.0,0.25
2609,5.8,9.4045,23.0,0.25
2610,2.6,8.8498,1.0,0.27
2611,4.2,1.8908,14.0,0.21
2612,9.32,120045.5026,4.0,0.91
2613,10.48,6.3002,0.0,0.28
2614,7.4,120038.2918,18.0,0.25
2615,8.84,25.1519,-6.0,0.2
2616,9.96,1263.1719,-4.0,0.31
2617,11.36,238165.5792,2.0,1.07
2618,6.64,42.6134,0.0,0.19
2619,9.2,853.2718,-3.0,0.25
2620,10.32,853.686,-2.0,0.25
2621,7.68,40.6742,1.0,0.23
2622,10.52,420.9906,-2.0,1.14
2623,10.68,841.9135,-3.0,0.21
2624,2.96,19.3764,23.0,0.21
2625,2.92,8.8436,12.0,0.18
2626,9.44,119083.7618,-7.0,0.25
2627,8.88,0.8119,-1.0,1.26
2628,8.04,169684.7972,3.0,0.24
2629,4.6,3.629,21.0,0.28
2630,10.24,5.5427,0.0,0.29
2631,8.6,843.5425,1.0,0.29
2632,4.76,67852.0772,-3.0,1.03
2633,10.76,0.0878,-2.0,0.25
2634,6.0,120034.73,24.0,0.26
2635,7.68,52.153,-2.0,0.22
2636,6.64,3.6014,3.0,0.26
2637,7.08,2.833,2.0,1.14
2638,11.12,421.0563,-6.0,0.26
2639,8.2,819135.394,0.0,0.4
2640,8.6,459.1792,-2.0,0.31
2641,11.2,358227.1851,4.0,0.28
2642,6.68,120037.8818,14.0,1.4
2643,5.12,17.691,27.0,0.32
2644,4.72,1.8498,7.0,0.26
2645,5.72,28.2171,24.0,0.3
2646,7.04,8310.7751,19.0,0.33
2647,8.92,39.3215,-1.0,0.34
2648,8.36,475718.8264,-2.0,0.24
2649,7.84,27.6769,19.0,0.27
2650,9.92,0.0817,-1.0,0.26
2651,7.76,40.9906,-1.0,0.3
2652,9.36,422.3435,-1.0,0.34
2653,2.56,1.8225,3.0,1.61
2654,4.04,10.6817,22.0,0.8
2655,2.88,8.8674,3.0,0.23
2656,6.88,2.834,0.0,0.32
2657,7.36,5.4309,-5.0,0.29
2658,5.72,359934.9366,-2.0,1.5
2659,4.68,17.5988,14.0,0.26
2660,3.52,9.3238,8.0,0.32
2661,2.68,17.6167,3.0,0.2
2662,3.28,17.7011,26.0,0.2
2663,8.88,56465.425,-4.0,1.18
2664,5.96,8.6663,-11.0,0.3
2665,3.04,17.6149,12.0,0.28
2666,9.32,0.0942,-2.0,0.26
2667,3.84,8.9291,5.0,0.27
2668,7.36,0.2152,-5.0,1.18
2669,3.92,780.0955,27.0,0.2
2670,6.68,4.4003,-2.0,0.27
2671,9.68,38.2753,0.0,0.42
2672,4.24,339243.3281,13.0,0.26
2673,5.68,121.984,-8.0,1.37
2674,5.36,479717.0109,0.0,0.28
2675,7.12,0.3641,5.0,0.32
2676,9.68,459.5094,-4.0,0.22
2677,4.16,8.8253,17.0,0.26
2678,7.48,38.8654,19.0,1.15
2679,3.8,17.6967,21.0,0.22
2680,7.04,5.9704,-3.0,0.24
2681,3.96,10.5694,24.0,0.19
2682,7.68,1.0995,-1.0,0.22
2683,4.24,423130.9823,2.0,1.08
2684,7.48,27.6918,19.0,0.21
2685,4.0,17.6289,27.0,0.21
2686,9.12,120013.6588,-5.0,0.19
2687,7.04,2.2999,3.0,0.2
2688,5.96,120018.9916,20.0,0.22
2689,5.68,0.0204,25.0,0.25
2690,8.2,0.8521,1.0,0.21
2691,10.52,841.9439,-4.0,0.21
2692,11.08,841.9814,-3.0,0.26
2693,8.32,15.4606,6.0,0.24
2694,11.44,5.866,-4.0,1.14
2695,8.64,359696.6614,0.0,0.21
2696,5.72,8308.5982,23.0,0.26
2697,14.44,360096.9531,-2.0,0.25
2698,8.64,843.5558,1.0,0.22
2699,3.56,37.0154,27.0,0.98
2700,3.32,8.9798,12.0,0.19
2701,7.56,13.9402,-3.0,0.21
2702,6.36,5.4796,-3.0,0.18
2703,7.72,423.6707,1.0,0.2
2704,8.4,0.22,-2.0,1.14
2705,5.76,7.1562,-4.0,0.25
2706,10.96,841.9404,-4.0,0.35
2707,3.4,8.935,15.0,0.27
2708,10.28,421.2787,-3.0,0.31
2709,5.96,17.7114,23.0,1.29
2710,8.12,0.5568,0.0,0.35
2711,2.96,26.5188,21.0,0.26
2712,10.6,421.0073,-3.0,0.34
2713,8.56,120039.2742,7.0,0.35
2714,9.6,4855.0317,1.0,1.36
2715,10.52,842.3206,1.0,0.29
2716,4.72,33889.7732,26.0,0.28
2717,10.44,0.0522,1.0,0.26
2718,8.08,422.5265,0.0,0.31
2719,11.32,392427.421,-4.0,1.29
2720,4.4,2.0032,23.0,0.32
2721,11.24,1683.8059,-6.0,0.27
2722,2.72,8.8551,7.0,0.23
2723,5.28,339245.8994,-3.0,0.37
2724,6.28,3.8558,1.0,2.1
2725,6.44,4.3427,-1.0,0.27
2726,5.64,19.374,23.0,0.29
2727,2.76,17.6504,12.0,0.28
2728,3.32,0.1275,17.0,0.23
2729,5.08,10.5901,22.0,1.47
2730,10.28,754482.2567,0.0,0.27
2731,6.4,2.0041,18.0,0.28
2732,11.4,841.9325,-9.0,0.24
2733,8.48,0.1292,-1.0,0.28
2734,7.0,25.9606,20.0,0.29
2735,6.48,4.9389,-5.0,1.21
2736,9.4,0.0262,0.0,0.29
2737,5.36,10.1595,22.0,0.26
2738,5.36,1126497.7596,3.0,0.21
2739,5.72,7.5853,-1.0,0.28
2740,6.04,4.9375,5.0,1.38
2741,10.48,0.02,-8.0,0.3
2742,9.0,1008.6759,-2.0,0.28
2743,9.4,120043.1748,2.0,0.26
2744,8.28,424.2385,-1.0,0.42
2745,9.72,421.2729,2.0,1.3
2746,5.48,92.041,-6.0,0.23
2747,7.6,1.6775,0.0,0.34
2748,4.04,427552.0322,1.0,0.33
2749,7.76,2.777,-1.0,0.42
2750,3.28,8.8212,20.0,1.65
2751,5.2,24.7185,25.0,0.31
2752,7.68,8.0102,22.0,0.33
2753,3.88,3.5434,21.0,0.35
2754,6.8,204.986,-9.0,0.28
2755,7.12,120035.7868,13.0,1.32
2756,3.28,17.7109,22.0,0.22
2757,5.12,1.8668,26.0,0.24
2758,10.08,1.4349,3.0,0.23
2759,5.8,1.9615,23.0,0.29
2760,8.44,881.8163,0.0,1.44
2761,8.56,461.3845,-4.0,0.27
2762,3.76,19.5713,29.0,0.25
2763,10.64,0.5152,6.0,0.27
2764,9.0,0.3106,1.0,0.29
2765,3.36,8.8246,22.0,1.37
2766,7.76,424.7638,-2.0,0.28
2767,8.44,0.087,7.0,0.27
2768,3.32,8.8412,27.0,0.29
2769,3.12,1.8084,24.0,0.24
2770,10.36,119081.6366,-2.0,1.37
2771,5.08,10.8482,24.0,0.26
2772,7.36,359746.5821,-4.0,0.25
2773,4.24,49.9369,-14.0,0.24
2774,6.68,7.7841,-7.0,0.27
2775,3.04,8.9665,16.0,0.28
2776,6.48,4.3418,-1.0,0.26
2777,6.8,42.0676,1.0,0.25
2778,9.96,0.0215,-2.0,0.27
2779,9.68,0.0187,6.0,0.28
2780,8.36,0.076,-8.0,0.22
2781,2.76,17.6234,-3.0,1.25
2782,13.92,0.4102,0.0,0.26
2783,7.68,3.5919,0.0,0.27
2784,10.88,0.152,-1.0,0.23
2785,4.84,28.1453,24.0,0.32
2786,9.96,119081.3323,6.0,1.97
2787,4.16,17.7759,29.0,0.23
2788,8.4,32236.7854,2.0,0.19
2789,4.24,19.4656,29.0,0.21
2790,6.96,23.7342,21.0,0.23
2791,7.72,240040.4362,14.0,1.13
2792,8.32,959777.7396,-3.0,0.25
2793,6.96,2.5164,1.0,0.22
2794,9.04,421.8531,0.0,0.25
2795,5.48,0.2094,24.0,0.22
2796,7.12,1.5434,2.0,1.1
2797,9.0,2.5218,4.0,0.19
2798,6.96,3.5901,22.0,0.23
2799,10.68,5187.4234,-2.0,0.27
2800,8.6,340506.1233,-3.0,0.24
2801,6.16,788013.0088,1.0,1.32
2802,6.08,120015.5291,24.0,0.25
2803,3.6,26.4049,24.0,0.23
2804,10.72,38.2616,-9.0,0.2
2805,4.92,8.8449,19.0,0.23
2806,9.12,38.265,-3.0,1.22
2807,8.8,0.0923,-4.0,0.24
2808,3.8,2.732,-8.0,0.19
2809,4.92,45.6914,27.0,0.22
2810,5.8,3.5548,22.0,0.3
2811,9.76,0.3826,2.0,1.55
2812,9.48,0.076,-3.0,0.27
2813,4.2,8.8668,21.0,0.29
2814,2.8,8.8477,8.0,0.21
2815,5.24,1106042.2181,5.0,0.25
2816,3.88,2.6588,-3.0,0.24
2817,3.84,3.6702,26.0,0.23
2818,2.76,0.0862,13.0,0.22
2819,5.4,359728.4055,1.0,0.18
2820,8.36,0.0752,-12.0,0.26
2821,9.52,5.5232,-1.0,0.23
2822,11.64,119081.9944,3.0,1.14
2823,9.92,0.0332,-4.0,0.19
2824,8.48,39.4255,-1.0,0.2
2825,9.12,0.7535,3.0,0.21
2826,5.88,11.9065,17.0,0.24
2827,7.52,25.9802,15.0,1.08
2828,4.48,3.5495,22.0,0.23
2829,3.8,14.2964,15.0,0.23
2830,9.56,32236.791,3.0,0.21
2831,3.68,9.0113,14.0,0.23
2832,9.12,119081.3323,1.0,1.25
2833,11.48,32240.1769,-3.0,0.2
2834,8.64,120040.5805,2.0,0.19
2835,6.88,2.3518,1.0,0.22
2836,12.28,2566.0896,-1.0,0.24
2837,7.68,13.2836,10.0,1.1
2838,8.08,547625.7689,-2.0,0.24
2839,9.08,121279.8119,-5.0,0.28
2840,4.36,1.8106,17.0,0.25
2841,8.32,23.9567,3.0,0.22
2842,8.12,819300.364,1.0,1.05
2843,13.04,0.5197,1.0,0.18
2844,11.6,0.7117,-3.0,0.21
2845,7.6,120036.1228,19.0,0.19
2846,5.68,8.8973,22.0,0.22
2847,8.2,120030.8498,12.0,0.99
2848,3.52,8.9674,23.0,0.18
2849,11.32,421.0748,-7.0,0.19
2850,11.28,1262.9026,-7.0,0.2
2851,7.16,120017.2937,20.0,0.23
2852,6.2,12.4633,23.0,1.16
2853,7.04,120016.8662,17.0,0.23
2854,5.96,0.0269,24.0,0.23
2855,7.96,12.8127,18.0,0.2
2856,2.88,8.864,22.0,0.21
2857,4.88,1.8852,27.0,1.14
2858,11.84,1050151.3062,-1.0,0.25
2859,4.0,339245.8786,0.0,0.2
2860,4.12,35.1653,28.0,0.2
2861,7.04,3.2621,-1.0,0.22
2862,10.8,421.2988,-9.0,0.25
2863,6.64,1800560.8478,5.0,1.62
2864,3.84,0.1831,12.0,0.25
2865,6.4,3.678,20.0,0.28
2866,5.08,152827.6346,22.0,0.24
2867,5.36,9.1745,24.0,0.25
2868,6.8,120029.0158,23.0,1.14
2869,9.0,0.0718,1.0,0.3
2870,3.96,5.4019,26.0,0.21
2871,7.72,0.1261,1.0,0.25
2872,10.68,421.0491,-3.0,0.27
2873,3.44,17.6298,17.0,1.1
2874,5.92,10.7503,22.0,0.26
2875,7.88,2.4648,-3.0,0.26
2876,5.32,1.7879,22.0,0.28
2877,3.52,35.3036,25.0,0.19
2878,2.84,8.8338,2.0,1.03
2879,3.72,12.5407,20.0,0.25
2880,5.88,32.9959,21.0,0.26
2881,3.24,19.3959,18.0,0.28
2882,8.48,40.7652,-2.0,0.25
2883,6.88,41.5282,-3.0,1.08
2884,10.52,421.0555,-2.0,0.21
2885,2.68,0.0865,21.0,0.19
2886,10.04,880.7236,-2.0,0.24
2887,8.72,39.4581,1.0,0.19
2888,9.2,96710.2267,0.0,1.03
2889,3.04,0.0663,7.0,0.19
2890,5.12,719462.0747,1.0,0.18
2891,4.16,0.1422,13.0,0.18
2892,4.04,26.6012,14.0,0.21
2893,6.12,6.5596,-3.0,1.08
2894,3.24,10.7748,10.0,0.21
2895,4.24,26.3827,25.0,0.21
2896,8.04,3.4569,-2.0,0.21
2897,6.44,4.397,-7.0,0.27
2898,6.32,4.3978,2.0,1.1
2899,9.76,239127.2716,1.0,0.26
2900,9.88,0.3387,-1.0,0.26
2901,5.12,8.9217,20.0,0.25
2902,10.92,842.0258,-4.0,0.27
2903,6.68,14.9819,20.0,0.31
2904,5.96,32.1235,27.0,0.22
2905,8.04,1.941,-2.0,0.24
2906,10.68,1860.2304,-7.0,0.27
2907,4.76,240032.1752,11.0,0.28
2908,9.04,3.3065,-6.0,0.29
2909,3.56,29.9073,16.0,1.08
2910,7.8,0.0158,-1.0,0.18
2911,7.64,715214.0594,0.0,0.26
2912,8.32,479894.3826,-2.0,0.26
2913,7.0,120043.1289,17.0,0.2
2914,7.04,1617238.6712,1.0,1.08
2915,9.16,0.5871,-1.0,0.26
2916,3.52,17.7138,20.0,0.18
2917,4.76,8.8209,11.0,0.36
2918,5.56,120043.0711,26.0,0.23
2919,6.32,5.0489,-2.0,1.12
2920,3.44,10.6048,25.0,0.19
2921,3.48,30.0474,25.0,0.25
2922,8.72,1.4106,0.0,0.23
2923,3.8,10.5722,23.0,0.21
2924,2.72,0.0654,8.0,1.0
2925,8.48,0.0798,-3.0,0.18
2926,8.68,38.7955,-1.0,0.28
2927,11.64,119081.745,1.0,0.24
2928,6.12,10.6567,25.0,0.26
2929,3.8,19.3555,11.0,1.02
2930,3.24,17.6044,22.0,0.23
2931,2.44,0.0641,5.0,0.23
2932,6.36,3.4283,-3.0,0.2
2933,3.12,8.9364,9.0,0.23
2934,5.92,7.1006,-1.0,0.98
2935,5.36,3.1799,-5.0,0.21
2936,7.6,3.3941,-4.0,0.34
2937,7.28,3.3344,-5.0,0.18
2938,10.12,360166.6375,2.0,0.23
2939,9.44,0.067,1.0,1.09
2940,11.44,6.0678,3.0,0.77
2941,6.64,4.454,-3.0,0.3
2942,4.08,10.6793,29.0,0.54
2943,6.44,414.9581,23.0,0.83
2944,6.92,10.1377,21.0,0.65
2945,4.4,10.7536,27.0,0.29
2946,4.56,3.5269,21.0,0.45
2947,4.6,17.8297,22.0,0.79
2948,6.96,120014.9673,24.0,0.85
2949,5.48,26.3748,25.0,0.44
2950,8.4,0.354,0.0,1.64
2951,6.84,120019.8218,17.0,0.3
2952,8.2,38.8832,0.0,0.27
2953,4.16,21.4147,26.0,0.34
2954,7.12,7.1279,22.0,0.25
2955,6.28,647009.1898,1.0,1.08
2956,10.96,420.9895,-6.0,0.24
2957,9.84,432.7504,-2.0,0.24
2958,3.52,8.9531,22.0,0.19
2959,6.76,1.8133,21.0,0.24
2960,6.92,120029.9487,11.0,1.19
2961,8.8,421.7884,-1.0,0.3
2962,3.36,8.8536,20.0,0.35
2963,9.68,421.2967,-5.0,0.33
2964,6.84,3.3142,2.0,0.29
2965,6.0,114.7398,3.0,1.09
2966,3.88,0.0649,22.0,0.18
2967,9.04,120043.0282,0.0,0.21
2968,5.4,19.3415,24.0,0.23
2969,7.4,0.6141,0.0,0.19
2970,4.48,8.9648,16.0,1.22
2971,6.8,2.7763,-2.0,0.29
2972,8.8,421.0454,-2.0,0.3
2973,7.96,144.6394,0.0,0.44
2974,4.76,33889.9426,15.0,0.37
2975,6.96,2.7761,3.0,1.13
2976,4.96,19.4535,23.0,0.22
2977,3.0,17.6556,22.0,0.16
2978,3.88,10.5842,20.0,0.18
2979,7.28,3.5664,22.0,0.19
2980,7.44,120044.0868,19.0,1.13
2981,3.76,10.5868,23.0,0.3
2982,4.04,8.8033,25.0,0.23
2983,7.4,0.5691,21.0,0.24
2984,10.84,0.1664,-1.0,0.27
2985,5.28,907155.3099,7.0,0.95
2986,4.16,1.8061,26.0,0.21
2987,3.84,63.4045,31.0,0.23
2988,3.76,17.609,21.0,0.19
2989,8.96,119081.3252,1.0,0.21
2990,6.28,5.9724,-2.0,0.19
2991,6.36,939152.2206,2.0,1.29
2992,8.8,120043.0331,1.0,0.17
2993,12.72,1068682.8684,-5.0,0.31
2994,5.72,67851.5388,5.0,0.22
2995,5.8,7.6415,-7.0,0.19
2996,9.32,844.1664,-6.0,1.44
2997,10.48,1120581.4733,2.0,0.26
2998,10.08,171452.0319,-3.0,0.21
2999,11.24,580131.316,0.0,0.32
3000,6.56,120015.4623,19.0,0.22
3001,10.44,901.533,1.0,1.21
3002,4.24,407093.6716,2.0,0.22
3003,4.32,67849.5621,3.0,0.18
3004,7.6,120016.8349,14.0,0.24
3005,3.72,37.3986,14.0,0.21
3006,3.8,21.2066,19.0,1.55
3007,4.36,21.1496,22.0,0.2
3008,8.32,38.2306,-1.0,0.22
3009,4.68,1.7807,25.0,0.41
3010,6.08,5.5348,-3.0,0.24
3011,6.72,4.9378,1.0,1.25
3012,13.16,360083.9385,2.0,0.3
3013,7.24,0.0674,-1.0,0.21
3014,3.28,10.5868,10.0,0.29
3015,9.76,843.2768,-2.0,0.36
3016,3.04,8.9331,20.0,1.16
3017,10.76,0.349,-5.0,0.23
3018,7.24,15.4082,16.0,0.21
3019,7.6,14.6053,16.0,0.18
3020,8.08,0.2182,-2.0,0.19
3021,4.36,17.591,21.0,1.42
3022,9.0,162.043,-1.0,0.22
3023,8.2,2.5582,2.0,0.28
3024,7.56,9.3978,18.0,0.25
3025,11.28,421.0784,-7.0,0.23
3026,9.6,0.3086,0.0,0.97
3027,2.76,19.3945,18.0,0.21
3028,12.76,240728.5373,-6.0,0.22
3029,6.6,4.4072,1.0,0.18
3030,7.2,1.1545,1.0,0.19
3031,7.48,128337.5039,10.0,0.28
3032,2.8,8.8493,10.0,0.19
3033,2.64,1.8139,-1.0,0.17
3034,8.04,1.7076,0.0,0.2
3035,6.68,7.0436,-9.0,0.19
3036,2.76,8.8134,9.0,0.2
3037,4.4,99.8536,-15.0,0.86
3038,6.88,5.9802,-4.0,0.22
3039,3.4,1.9191,19.0,0.21
3040,7.12,240044.6358,20.0,0.26
3041,2.72,0.0591,0.0,0.19
3042,2.76,1.8149,14.0,1.07
3043,4.56,8.8441,21.0,0.25
3044,5.6,3.7433,17.0,0.2
3045,3.04,8.8717,15.0,0.2
3046,10.64,0.0667,-5.0,0.19
3047,5.32,339244.2229,3.0,0.94
3048,10.08,0.1806,-9.0,0.2
3049,3.52,0.0528,26.0,0.21
3050,4.56,17.589,25.0,0.19
3051,3.16,10.6114,10.0,0.19
3052,6.72,6.0476,-4.0,0.94
3053,4.8,119903.5529,8.0,0.21
3054,9.08,11.901,1.0,0.2
3055,3.24,10.6954,6.0,0.18
3056,6.92,28.1325,22.0,0.2
3057,13.68,21.2119,-3.0,0.99
3058,5.48,30.544,24.0,0.19
3059,13.44,2643.3474,-6.0,0.19
3060,5.64,120062.7227,26.0,0.19
3061,6.64,595196.0578,-2.0,0.18
3062,7.4,2.515,-1.0,0.98
3063,9.64,0.3065,-2.0,0.22
3064,8.92,120015.9155,-1.0,0.19
3065,10.56,1683.8203,-4.0,0.2
3066,7.92,120044.8904,5.0,0.19
3067,10.76,1262.8923,-3.0,0.96
3068,11.56,0.4514,4.0,0.23
3069,3.24,8.8229,26.0,0.19
3070,6.96,40.9331,-1.0,0.2
3071,2.6,10.5986,5.0,0.2
3072,6.72,359840.9287,5.0,0.2
3073,4.72,30.3736,27.0,0.22
3074,10.12,5.493,-3.0,0.2
3075,9.16,38.2311,-2.0,0.22
3076,2.96,8.9461,6.0,0.21
3077,6.44,526994.3822,0.0,0.23
3078,10.08,6657.1261,-3.0,0.99
3079,4.76,28.218,26.0,0.21
3080,10.4,841.9386,0.0,0.22
3081,12.08,0.376,-2.0,0.19
3082,4.84,20.6563,29.0,0.21
3083,9.32,422.0975,-2.0,0.86
3084,6.12,6.6152,-7.0,0.19
3085,8.08,364699.5619,-1.0,0.26
3086,8.72,459.4838,-1.0,0.29
3087,4.28,10.6726,18.0,0.28
3088,14.08,4.4596,-5.0,1.56
3089,8.52,596153.9301,-5.0,0.24
3090,9.84,433.0195,-2.0,0.25
3091,7.2,163.0416,2.0,0.19
3092,12.8,238236.8096,-8.0,0.2
3093,4.92,120029.2548,21.0,0.91
3094,11.0,421.0817,-7.0,0.21
3095,7.12,24.1638,18.0,0.2
3096,13.96,360708.0322,-3.0,0.21
3097,8.4,38.7906,0.0,0.22
3098,8.32,432.7789,-1.0,0.92
3099,6.84,120033.4887,17.0,0.21
3100,7.2,3.0531,-2.0,0.22
3101,6.76,14.2143,19.0,0.18
3102,7.64,13.7174,15.0,0.22
3103,10.04,842.243,0.0,1.1
3104,8.84,12.6686,-1.0,0.24
3105,7.0,594961.6282,-1.0,0.2
3106,5.0,818847.4625,-2.0,0.17
3107,13.0,9.2621,1.0,0.19
3108,6.4,339669.3603,-1.0,0.98
3109,7.2,3.883,-1.0,0.21
3110,7.72,12.7984,11.0,0.19
3111,6.92,0.0164,2.0,0.16
3112,8.4,0.0875,-8.0,0.19
3113,5.52,240027.3296,15.0,0.94
3114,2.8,10.652,9.0,0.17
3115,2.6,0.0822,14.0,0.16
3116,3.8,19.4561,25.0,0.2
3117,7.08,42.6106,-7.0,0.18
3118,3.24,10.5809,20.0,0.17
3119,2.64,17.6327,15.0,0.82
3120,9.12,33879.6498,1.0,0.24
3121,4.92,17.6789,30.0,0.21
3122,2.88,8.8494,10.0,0.19
3123,9.32,422.651,-1.0,0.19
3124,3.6,31.6683,21.0,0.88
3125,10.8,1683.8069,-3.0,0.19
3126,6.16,543146.6503,-1.0,0.21
3127,9.72,422.3915,-2.0,0.2
3128,3.08,17.6609,25.0,0.24
3129,8.72,421.4094,1.0,0.89
3130,5.52,8.9929,23.0,0.22
3131,11.24,421.0212,-11.0,0.18
3132,7.12,240042.6916,18.0,0.2
3133,8.48,2.1836,1.0,0.19
3134,10.72,880.196,-11.0,0.95
3135,7.56,30.4107,19.0,0.19
3136,8.36,955187.1866,-2.0,0.21
3137,7.76,120026.0218,12.0,0.18
3138,6.0,120017.1825,22.0,0.18
3139,10.36,853.6928,-3.0,0.89
3140,5.32,9.3366,24.0,0.2
3141,6.28,10.568,24.0,0.23
3142,4.04,10.5707,21.0,0.2
3143,10.08,0.9666,6.0,0.18
3144,6.04,12.4075,23.0,0.95
3145,8.44,2.2154,-3.0,0.17
3146,9.64,842.8376,-2.0,0.19
3147,11.08,842.3154,-7.0,0.18
3148,5.96,120031.6963,23.0,0.2
3149,3.92,26.4166,29.0,0.95
3150,7.96,421.7838,0.0,0.2
3151,7.6,2.2355,2.0,0.19
3152,6.36,5.4224,0.0,0.18
3153,6.84,4.4674,2.0,0.19
3154,10.4,2.4889,-5.0,0.86
3155,3.12,8.9544,-2.0,0.18
3156,2.68,8.8496,6.0,0.17
3157,3.8,19.4456,30.0,0.18
3158,4.8,10.6707,21.0,0.2
3159,7.2,40.9875,-2.0,0.22
3160,2.44,8.8886,5.0,0.21
3161,8.48,0.0467,-2.0,0.26
3162,10.56,0.345,3.0,0.26
3163,6.64,16.979,-4.0,0.22
3164,6.0,6.5606,-4.0,0.17
3165,6.68,16.9772,-4.0,0.86
3166,3.44,36.9388,23.0,0.2
3167,5.0,8.8229,13.0,0.27
3168,3.4,8.9411,22.0,0.28
3169,8.92,420.9601,-2.0,0.27
3170,7.88,12.9728,-1.0,1.11
3171,3.92,0.1874,11.0,0.28
3172,5.52,427554.6854,-3.0,0.35
3173,4.56,0.5063,17.0,0.22
3174,7.6,5.735,-8.0,0.2
3175,3.64,24.9511,27.0,1.03
3176,8.56,422.1845,1.0,0.76
3177,7.16,3.6662,-3.0,0.21
3178,10.96,0.1311,-8.0,0.23
3179,4.84,855104.0539,3.0,0.25
3180,7.6,75.298,1.0,1.04
3181,3.04,2.1378,12.0,0.25
3182,2.68,0.1032,15.0,0.24
3183,6.2,5.4797,-3.0,0.28
3184,5.68,835000.2773,1.0,0.35
3185,4.76,2.6475,-6.0,1.16
3186,5.76,7.5863,-7.0,0.19
3187,6.84,866350.9024,3.0,0.2
3188,6.08,6.5589,-5.0,0.17
3189,5.4,1194345.5471,-1.0,0.23
3190,4.88,8.9221,18.0,0.92
3191,6.8,3.8041,0.0,0.25
3192,11.2,907.0316,-2.0,0.2
3193,7.04,120027.437,19.0,0.23
3194,8.28,38.5165,-1.0,0.23
3195,10.84,433.0132,-6.0,1.21
3196,7.24,0.5627,2.0,0.18
3197,7.88,18.1464,13.0,0.18
3198,10.68,3.051,3.0,0.21
3199,7.24,4.3459,1.0,0.2
3200,3.52,1.7977,15.0,0.22
3201,6.44,391.7022,22.0,0.23
3202,5.08,9.011,24.0,0.21
3203,4.6,26.5716,25.0,0.2
3204,3.64,8.8238,12.0,0.23
3205,6.88,5.9638,-3.0,0.22
3206,4.76,10.8854,26.0,0.93
3207,10.44,0.0676,-1.0,0.19
3208,7.6,0.4921,3.0,0.19
3209,6.28,383.3574,25.0,0.2
3210,8.2,2.3076,2.0,0.2
3211,8.04,2.307,-1.0,0.99
3212,8.32,0.4445,0.0,0.22
3213,8.0,548159.6685,-3.0,0.23
3214,6.28,119.8412,4.0,0.2
3215,5.0,12.5058,25.0,0.25
3216,8.84,0.5823,-1.0,1.07
3217,9.64,0.0549,-1.0,0.18
3218,8.28,51.7174,1.0,0.19
3219,7.48,364624.6837,1.0,0.19
3220,9.48,119081.3471,7.0,0.18
3221,8.52,459990.0278,-5.0,1.01
3222,6.24,234753.0079,22.0,0.19
3223,8.32,240031.2296,-1.0,0.25
3224,4.6,12.3734,26.0,0.2
3225,6.64,187864.0456,-2.0,0.2
3226,3.4,10.6838,17.0,0.88
3227,6.44,4.023,-4.0,0.16
3228,8.48,0.8052,0.0,0.18
3229,9.76,0.8952,-1.0,0.21
3230,9.4,0.0645,-3.0,0.18
3231,10.88,38.3205,-9.0,0.99
3232,7.08,3.1255,26.0,0.2
3233,8.44,0.0824,-4.0,0.16
3234,5.72,12.897,22.0,0.19
3235,10.52,34791.8109,-1.0,0.22
3236,9.2,1185.1294,-1.0,0.94
3237,8.08,13.7294,18.0,0.22
3238,9.8,3.4427,0.0,0.2
3239,9.84,420.9902,0.0,0.21
3240,7.8,240054.3855,19.0,0.25
3241,7.6,15.0759,11.0,1.12
3242,7.12,1.639,3.0,0.27
3243,9.08,460.3315,-2.0,0.3
3244,6.0,26.9818,22.0,0.3
3245,9.44,38.3453,-1.0,0.27
3246,9.72,77.78,-7.0,0.21
3247,12.32,0.1178,1.0,1.11
3248,7.68,120060.7147,20.0,0.21
3249,6.16,0.7114,25.0,0.2
3250,6.52,0.6006,20.0,0.2
3251,3.68,8.911,18.0,0.22
3252,10.12,2.6696,-2.0,1.09
3253,4.32,9.0537,22.0,0.17
3254,9.0,39.3963,-2.0,0.2
3255,7.6,120044.8552,11.0,0.22
3256,9.04,5.6579,-4.0,0.2
3257,4.68,17.7002,23.0,0.88
3258,3.08,0.0491,14.0,0.17
3259,3.44,8.8536,23.0,0.17
3260,3.0,17.7393,22.0,0.17
3261,5.4,719580.7708,5.0,0.21
3262,4.8,120023.0669,0.0,1.09
3263,3.52,0.8855,-12.0,0.17
3264,11.08,0.6563,2.0,0.23
3265,7.16,6.0017,-5.0,0.18
3266,6.12,6.5607,-7.0,0.19
3267,3.88,8.8554,21.0,1.07
3268,4.72,2.6588,-2.0,0.22
3269,3.6,33888.0168,4.0,0.18
3270,2.88,26.5054,15.0,0.22
3271,7.0,5.4465,-3.0,0.26
3272,4.16,10.6801,14.0,1.01
3273,10.24,119081.3144,-4.0,0.18
3274,7.88,1.6397,0.0,0.18
3275,4.4,67850.4502,6.0,0.16
3276,7.32,1.9232,0.0,0.26
3277,6.2,4.8835,-2.0,0.99
3278,3.04,17.6275,17.0,0.17
3279,3.44,8.854,19.0,0.19
3280,3.92,359705.1219,-4.0,0.21
3281,4.44,67852.887,1.0,0.2
3282,8.56,1.3847,1.0,1.32
3283,8.16,2.728,-2.0,0.28
3284,3.2,19.4075,11.0,0.18
3285,8.24,0.3623,-8.0,0.23
3286,3.0,0.0503,0.0,0.25
3287,8.92,120043.0576,-2.0,0.19
3288,5.36,10.6618,25.0,0.26
3289,4.92,26.3765,21.0,0.25
3290,9.84,38.5846,-7.0,0.2
3291,6.0,6.0182,-2.0,0.41
3292,9.92,1.295,0.0,0.28
3293,8.36,422.3948,-1.0,1.41
3294,8.36,5.9318,0.0,0.19
3295,10.96,841.9564,-4.0,0.28
3296,10.4,1683.8329,-6.0,0.33
3297,12.72,5286.4767,-1.0,0.27
3298,5.76,19.0252,26.0,1.12
3299,6.84,4.1351,-4.0,0.16
3300,8.04,14.4874,-4.0,0.23
3301,6.72,4.1318,0.0,0.17
3302,5.72,798389.0075,-2.0,0.17
3303,8.04,40.1374,0.0,1.11
3304,10.08,0.4957,-2.0,0.19
3305,2.76,8.8309,16.0,0.17
3306,3.04,340075.823,6.0,0.18
3307,10.72,0.3169,2.0,0.2
3308,4.0,17.5989,25.0,0.99
3309,8.08,340086.3073,-4.0,0.18
3310,9.28,421.0007,-2.0,0.19
3311,11.0,0.1813,3.0,0.27
3312,7.16,15.4098,22.0,0.26
3313,6.24,54.0316,21.0,1.15
3314,7.0,120045.8087,22.0,0.2
3315,13.32,360707.1436,2.0,0.3
3316,11.64,238162.6286,3.0,0.3
3317,4.08,0.8861,14.0,0.23
3318,3.4,10.5802,13.0,1.22
3319,7.28,120033.0002,21.0,0.22
3320,9.68,433.0704,-1.0,0.21
3321,8.92,0.3752,-2.0,0.21
3322,6.24,3.6497,24.0,0.27
3323,2.8,1.8093,12.0,1.03
3324,7.68,120032.5731,15.0,0.21
3325,8.84,720758.5933,-4.0,0.21
3326,5.08,29.975,26.0,0.2
3327,12.28,0.9772,1.0,0.2
3328,3.44,1.7913,21.0,0.24
3329,7.76,33.4248,12.0,0.25
3330,7.52,120021.2151,17.0,0.23
3331,7.92,496835.8779,-9.0,0.2
3332,5.92,97.2524,1.0,0.19
3333,8.4,120018.6988,10.0,0.2
3334,10.92,841.9478,-5.0,1.16
3335,10.52,0.931,-9.0,0.21
3336,8.0,7.3929,9.0,0.18
3337,9.72,854.2883,-5.0,0.2
3338,8.24,480312.6402,-4.0,0.19
3339,10.84,421.035,-10.0,1.75
3340,12.48,1050154.6584,-5.0,0.22
3341,13.24,2566.0237,-4.0,0.22
3342,7.4,120020.3773,13.0,0.19
3343,11.56,0.106,-11.0,0.22
3344,12.24,119155.5309,-6.0,1.11
3345,10.28,32236.8566,5.0,0.26
3346,4.72,3.6242,25.0,0.24
3347,10.68,6.0893,-2.0,0.2
3348,10.32,11.8418,-4.0,0.22
3349,5.08,427556.4696,6.0,1.01
3350,9.36,49.9973,-1.0,0.27
3351,10.2,433.345,-6.0,0.22
3352,6.24,123.7328,7.0,0.2
3353,8.04,17.2916,18.0,0.27
3354,3.56,15.8411,13.0,1.19
3355,8.32,50.048,0.0,0.26
3356,7.48,120056.471,20.0,0.24
3357,5.36,8.919,19.0,0.28
3358,4.52,17.6304,21.0,0.24
3359,7.8,12.3782,14.0,1.28
3360,10.52,0.0645,-2.0,0.24
3361,10.2,2.6437,-3.0,0.25
3362,5.12,22.5616,21.0,0.21
3363,5.28,26.6253,27.0,0.23
3364,4.44,29.895,27.0,0.94
3365,9.24,241291.2607,-6.0,0.19
3366,11.2,239124.2503,3.0,0.22
3367,6.24,18.2792,24.0,0.22
3368,11.08,842.0221,-7.0,0.21
3369,6.56,10.6118,16.0,1.02
3370,13.0,4.3826,2.0,0.22
3371,11.56,0.0368,-12.0,0.21
3372,10.32,0.1956,9.0,0.17
3373,7.28,2.578,3.0,0.21
3374,8.04,120038.943,13.0,0.22
3375,11.48,1262.8986,-6.0,1.09
3376,7.56,14.2638,15.0,0.18
3377,7.32,1079618.4052,1.0,0.26
3378,11.96,77.3101,2.0,0.25
3379,6.08,4.8819,-4.0,0.21
3380,4.24,10.7803,27.0,0.97
3381,2.72,8.8279,1.0,0.18
3382,10.04,367966.7315,0.0,0.18
3383,7.64,359704.226,-4.0,0.23
3384,4.52,474941.4856,1.0,0.18
3385,8.96,0.15,-3.0,0.86
3386,13.88,360089.3392,1.0,0.21
3387,10.24,714428.0884,-2.0,0.19
3388,6.32,6.0201,-3.0,0.2
3389,4.76,29.9008,30.0,0.23
3390,4.88,120033.02,14.0,1.23
3391,8.0,1.6404,1.0,0.23
3392,5.04,8.8326,26.0,0.28
3393,6.4,120016.831,21.0,0.31
3394,7.08,13.6366,18.0,0.31
3395,3.88,8.9502,23.0,1.16
3396,5.68,10.5829,23.0,0.21
3397,5.2,152.7659,4.0,0.19
3398,9.2,38.2425,-2.0,0.24
3399,6.6,26.8439,25.0,0.26
3400,4.92,17.6947,25.0,1.32
3401,8.08,699368.9066,0.0,0.26
3402,4.6,10.6236,12.0,0.2
3403,5.76,8310.7578,22.0,0.3
3404,6.2,28.1478,24.0,0.24
3405,8.72,0.3238,-1.0,1.24
3406,7.8,1274103.1384,-4.0,0.21
3407,7.68,798503.9286,-1.0,0.22
3408,8.6,1.3822,3.0,0.18
3409,7.56,19.1481,19.0,0.2
3410,7.16,3.3184,0.0,0.97
3411,9.24,0.5945,1.0,0.23
3412,8.2,459568.3581,-3.0,0.2
3413,12.56,74.283,0.0,0.2
3414,10.12,12.123,-1.0,0.25
3415,6.32,1.7714,24.0,0.25
3416,3.08,8.8388,18.0,0.17
3417,3.92,10.6738,17.0,0.2
3418,3.96,8.8331,20.0,0.78
3419,9.48,12.0698,0.0,0.2
3420,10.56,695896.5542,1.0,0.25
3421,6.28,6.0187,-3.0,0.97
3422,6.24,426.3853,-1.0,0.18
3423,6.28,4.9363,0.0,0.21
3424,6.52,1.9673,23.0,0.26
3425,8.68,423.1567,-3.0,0.2
3426,6.36,6.5059,0.0,1.02
3427,3.44,17.6364,24.0,0.23
3428,7.24,2.5123,1.0,0.19
3429,2.88,17.7114,19.0,0.18
3430,7.16,3.053,-2.0,0.22
3431,6.0,7.1011,-10.0,1.03
3432,6.12,0.0165,23.0,0.2
3433,8.48,119086.1971,-14.0,0.25
3434,3.24,8.8204,18.0,0.18
3435,4.36,17.7222,17.0,0.21
3436,7.0,120028.6452,14.0,0.99
3437,6.32,547568.7046,5.0,0.28
3438,3.48,17.6566,20.0,0.19
3439,3.68,17.5931,15.0,0.17
3440,3.24,12.3796,19.0,0.22
3441,4.64,19.4742,28.0,0.97
3442,9.12,3.0368,-2.0,0.18
3443,8.0,0.6108,1.0,0.28
3444,3.88,28.1493,16.0,0.24
3445,6.8,8.8232,21.0,0.25
3446,10.52,23.8759,-8.0,1.03
3447,5.4,239914.5134,-3.0,0.2
3448,6.12,5.4791,-3.0,0.16
3449,10.8,2.4984,-6.0,0.18
3450,3.08,8.8258,10.0,0.23
3451,8.04,89.5659,-1.0,1.06
3452,6.4,28.4951,22.0,0.24
3453,7.76,39.6243,14.0,0.24
3454,8.04,423.1339,-1.0,0.2
3455,6.24,42.2548,23.0,0.27
3456,3.44,1.823,19.0,0.23
3457,12.28,32236.7434,-6.0,0.24
3458,6.28,120045.1462,22.0,0.24
3459,10.2,422.1503,-2.0,0.26
3460,5.8,11.5217,25.0,0.22
3461,10.28,1119.0686,-7.0,0.2
3462,10.64,421.3079,-2.0,1.05
3463,10.76,497.4699,-6.0,0.22
3464,12.08,4.3597,2.0,0.24
3465,7.52,11.9055,13.0,0.23
3466,6.04,0.1145,25.0,0.23
3467,7.6,1187.243,-5.0,0.95
3468,7.72,4.9025,-4.0,0.21
3469,5.52,8.9012,24.0,0.22
3470,6.4,4.9375,-2.0,0.16
3471,3.92,37.1173,31.0,0.21
3472,3.68,12.3459,13.0,0.88
3473,7.28,3.3741,0.0,0.18
3474,9.84,1263.9688,-1.0,0.21
3475,7.16,907864.0001,3.0,0.23
3476,4.96,67852.6434,-1.0,0.27
3477,5.12,8.8324,26.0,1.11
3478,10.96,5.6852,3.0,0.23
3479,8.32,2.786,-2.0,0.18
3480,6.32,42.723,-3.0,0.17
3481,4.64,10.6573,24.0,0.19
3482,3.4,8.8268,14.0,0.93
3483,7.32,424.8048,-1.0,0.18
3484,9.0,119083.7643,-5.0,0.16
3485,6.16,3.1801,15.0,0.18
3486,2.92,26.4153,24.0,0.18
3487,7.12,40.7274,1.0,1.11
3488,4.6,10.6529,28.0,0.2
3489,10.04,5.8528,1.0,0.16
3490,9.8,841.9828,-6.0,0.22
3491,5.64,19.3856,25.0,0.22
3492,7.96,3.3427,-4.0,1.09
3493,8.16,422.1308,1.0,0.22
3494,13.56,5131.9822,-1.0,0.26
3495,8.84,421.576,2.0,0.19
3496,3.2,21.1402,16.0,0.25
3497,11.76,0.2054,3.0,0.92
3498,10.56,0.3366,-1.0,0.16
3499,5.92,120052.3383,24.0,0.18
3500,4.08,17.6174,22.0,0.19
3501,6.68,0.028,23.0,0.19
3502,11.12,1695.617,-3.0,0.18
3503,8.24,0.3114,0.0,1.92
3504,3.0,17.7409,10.0,0.26
3505,6.48,120015.5437,21.0,0.27
3506,11.88,335729.9818,-3.0,0.25
3507,6.24,1174002.5353,2.0,0.23
3508,5.68,2.067,24.0,1.41
3509,4.16,0.0472,19.0,0.23
3510,4.28,8322.0711,29.0,0.22
3511,9.2,38.3348,-1.0,0.24
3512,10.56,12.0978,-7.0,0.3
3513,2.72,17.6099,11.0,1.38
3514,6.4,4.3974,2.0,0.18
3515,6.0,29.5606,25.0,0.24
3516,11.8,367966.7646,-1.0,0.25
3517,11.36,842.0325,-5.0,0.23
3518,7.96,422.5827,1.0,1.14
3519,6.8,0.0256,-5.0,0.23
3520,5.2,359800.6447,-4.0,0.21
3521,7.88,459261.6606,2.0,0.18
3522,3.68,17.6961,17.0,0.19
3523,5.4,1033768.3751,-2.0,1.05
3524,8.84,145.7492,1.0,0.21
3525,6.16,7.0441,-6.0,0.17
3526,6.96,2.3462,1.0,0.2
3527,7.44,0.012,-8.0,0.19
3528,4.2,12.3452,15.0,1.12
3529,3.24,26.388,15.0,0.26
3530,8.96,1.3877,-2.0,0.4
3531,2.8,8.8646,21.0,0.17
3532,8.2,360056.8581,21.0,0.19
3533,6.6,41.5872,3.0,1.37
3534,8.96,51.2709,0.0,0.27
3535,6.6,17.7484,17.0,0.22
3536,3.76,10.6119,30.0,0.24
3537,3.28,8.935,12.0,0.19
3538,8.08,120026.0742,13.0,0.93
3539,11.48,0.5898,4.0,0.2
3540,8.48,0.6434,0.0,0.19
3541,7.84,30.869,19.0,0.22
3542,8.4,7.9192,-2.0,0.23
3543,7.04,11.7065,10.0,0.26
3544,4.84,17.61,23.0,0.27
3545,10.8,420.9918,-7.0,0.19
3546,9.04,422.6451,-7.0,0.2
3547,3.48,8.9385,24.0,0.2
3548,8.92,0.1129,-1.0,0.31
3549,8.04,2.2354,0.0,1.21
3550,3.96,33889.8622,25.0,0.21
3551,10.48,853.9608,-1.0,0.19
3552,7.32,0.7246,2.0,0.18
3553,7.16,120170.9464,20.0,0.25
3554,3.76,10.5941,13.0,0.94
3555,6.52,5.4789,-3.0,0.2
3556,5.68,474945.7016,3.0,0.2
3557,6.84,3.4282,1.0,0.22
3558,6.64,4.9945,-5.0,0.18
3559,3.68,9.0293,14.0,0.95
3560,7.36,1.7214,3.0,0.21
3561,5.52,0.1111,25.0,0.23
3562,6.12,6.5041,1.0,0.19
3563,3.24,8.8051,11.0,0.19
3564,11.04,5.55,2.0,1.01
3565,8.04,1122.3679,-1.0,0.22
3566,5.68,407093.9448,4.0,0.19
3567,3.72,10.5647,28.0,0.17
3568,5.0,766797.014,6.0,0.19
3569,5.52,28.2668,21.0,1.21
3570,9.08,421.5673,1.0,0.25
3571,13.16,720167.9848,1.0,0.18
3572,6.88,2.8869,-2.0,0.21
3573,3.6,10.6964,23.0,0.18
3574,3.2,10.6004,14.0,1.0
3575,5.04,22.8572,26.0,0.18
3576,4.96,37.0033,27.0,0.18
3577,6.64,724346.2044,3.0,0.17
3578,4.72,19.4857,25.0,0.22
3579,4.16,3.7324,29.0,1.0
3580,4.24,12.334,19.0,0.77
3581,9.6,0.0445,7.0,0.17
3582,5.32,120043.5426,25.0,0.19
3583,3.84,17.6198,29.0,0.18
3584,6.92,120033.11,19.0,0.25
3585,10.84,901.6915,-4.0,0.2
3586,6.76,22.898,23.0,0.24
3587,8.32,240042.2923,11.0,0.24
3588,7.32,3.0003,-1.0,0.22
3589,11.36,120040.7122,0.0,0.2
3590,3.24,8.943,17.0,0.9
3591,8.48,38.2387,-1.0,0.22
3592,3.48,8.9392,24.0,0.18
3593,5.12,255601.6433,6.0,0.19
3594,9.64,38.2592,-1.0,0.21
3595,9.16,422.1028,-1.0,0.94
3596,4.0,26.4956,32.0,0.17
3597,3.48,26.4848,27.0,0.16
3598,6.4,12.3353,22.0,0.19
3599,7.52,3.2626,-3.0,0.19
3600,10.4,901.7194,-3.0,0.83
3601,11.04,619.67,-4.0,0.17
3602,6.88,120037.8473,19.0,0.19
3603,9.2,33879.7625,-1.0,0.17
3604,5.52,12.616,20.0,0.2
3605,6.04,4.9942,2.0,0.9
3606,2.8,17.6543,13.0,0.18
3607,8.0,39.3695,-1.0,0.18
3608,9.16,1.7806,-1.0,0.19
3609,5.96,5.421,-8.0,0.17
3610,7.72,32236.7258,-7.0,0.79
3611,7.4,359844.3252,-1.0,0.19
3612,6.84,16.717,-1.0,0.18
3613,5.96,120042.2695,20.0,0.18
3614,6.88,3.7986,-4.0,0.16
3615,7.76,112931.6652,-5.0,1.04
3616,9.4,4859.7062,1.0,0.36
3617,6.72,19.9648,21.0,0.24
3618,5.08,8.7992,26.0,0.2
3619,4.4,0.8937,3.0,0.3
3620,6.6,4.8803,-4.0,0.94
3621,3.2,17.5992,10.0,0.17
3622,10.0,0.1782,6.0,0.19
3623,6.08,7.3244,-4.0,0.18
3624,10.8,65947.1672,-1.0,0.17
3625,5.6,7.5842,-4.0,1.04
3626,4.08,8.8205,17.0,0.19
3627,6.96,3.1665,-1.0,0.22
3628,8.36,841.9244,-4.0,0.22
3629,3.4,17.7122,21.0,0.19
3630,4.68,120040.0578,26.0,0.17
3631,5.8,0.2342,23.0,1.02
3632,6.32,4.8835,4.0,0.2
3633,2.84,8.8587,12.0,0.19
3634,9.52,1056060.1817,-7.0,0.22
3635,3.84,8.8201,17.0,0.17
3636,9.48,4.9433,1.0,1.13
3637,9.72,19.9386,-1.0,0.26
3638,13.4,14.867,-1.0,0.39
3639,7.52,2.2344,1.0,0.23
3640,15.08,360099.9623,-3.0,0.21
3641,7.04,423552.9079,0.0,1.17
3642,7.92,120030.0836,12.0,0.19
3643,8.72,120040.5666,0.0,0.19
3644,4.36,17.7887,26.0,0.18
3645,12.28,354258.2263,-2.0,0.22
3646,8.08,120035.6852,7.0,0.95
3647,8.2,120401.8551,9.0,0.18
3648,9.28,0.3153,0.0,0.24
3649,4.84,19.5584,30.0,0.19
3650,9.04,128946.9964,1.0,0.18
3651,9.2,459.8098,-3.0,0.95
3652,10.64,841.9709,-5.0,0.23
3653,11.4,841.9943,-3.0,0.27
3654,6.48,10.6774,19.0,0.39
3655,5.4,12.3094,25.0,0.24
3656,8.08,1.1822,1.0,1.01
3657,6.04,240449.093,0.0,0.18
3658,3.36,0.1555,22.0,0.18
3659,10.64,38734.1976,0.0,0.24
3660,7.88,32236.7345,5.0,0.21
3661,5.56,33925.3806,22.0,1.24
3662,10.04,0.3074,1.0,0.34
3663,3.8,26.5764,29.0,0.27
3664,7.16,17.6102,20.0,0.4
3665,7.4,359851.4916,4.0,0.23
3666,6.04,1153780.2892,0.0,1.76
3667,6.32,19.5767,16.0,0.34
3668,10.68,119081.6707,-7.0,0.25
3669,7.8,61.8092,-1.0,0.19
3670,9.24,1112736.5083,3.0,0.19
3671,9.28,1.7128,-2.0,0.22
3672,3.8,8.9729,15.0,0.25
3673,8.44,0.0862,-4.0,0.19
3674,10.16,0.0711,-1.0,0.29
3675,6.32,3.5533,19.0,0.31
3676,4.6,8.8142,16.0,0.3
3677,5.96,10.6639,25.0,1.23
3678,6.28,954657.9039,-4.0,0.29
3679,5.92,36.9241,27.0,0.35
3680,10.8,421.1074,-4.0,0.23
3681,10.4,421.317,-5.0,0.36
3682,12.6,695893.3769,-7.0,1.6
3683,10.0,360166.6182,0.0,0.26
3684,6.8,2.7738,4.0,0.26
3685,6.36,120033.0273,20.0,0.27
3686,10.48,421.3201,-3.0,0.26
3687,8.16,77.3309,0.0,1.33
3688,10.36,119081.3633,1.0,0.31
3689,9.28,39.4054,-1.0,0.27
3690,9.52,12.3944,0.0,0.41
3691,9.2,71510.149,3.0,0.36
3692,3.72,17.689,27.0,1.63
3693,7.0,426.3712,-5.0,0.39
3694,5.88,12.0114,23.0,0.37
3695,7.52,1.6942,0.0,0.34
3696,4.76,67850.4048,7.0,0.32
3697,3.92,0.0336,24.0,1.59
3698,5.48,8.8036,24.0,0.38
3699,3.52,10.5891,15.0,0.37
3700,7.24,42.0144,0.0,0.44
3701,6.32,4.9953,0.0,0.32
3702,4.56,120016.294,-3.0,1.31
3703,7.6,240033.0263,22.0,0.28
3704,9.48,1046.9626,-1.0,0.25
3705,2.92,17.6205,13.0,0.19
3706,2.76,8.8381,10.0,0.19
3707,3.0,17.7147,13.0,0.95
3708,10.48,11.8411,-1.0,0.24
3709,7.04,15.4183,5.0,0.2
3710,9.08,2.4878,-2.0,0.18
3711,10.6,746661.4587,2.0,0.18
3712,5.6,10.2614,21.0,0.24
3713,3.68,8.9213,19.0,0.21
3714,6.68,120025.6217,15.0,0.21
3715,5.48,21.1149,24.0,0.19
3716,2.88,17.8198,19.0,0.18
3717,8.56,0.0238,0.0,0.18
3718,9.04,12.0877,-2.0,0.94
3719,4.2,28.336,22.0,0.19
3720,4.48,3.6079,7.0,0.19
3721,5.28,17.6933,27.0,0.24
3722,8.76,0.0648,8.0,0.19
3723,3.28,19.3722,24.0,0.96
3724,3.92,10.7765,27.0,0.17
3725,5.6,11.1338,12.0,0.22
3726,4.24,20.6772,19.0,0.23
3727,4.24,12.0776,19.0,0.19
3728,7.84,1.7002,-2.0,0.84
3729,9.72,11.7836,-3.0,0.21
3730,13.76,74.3524,-5.0,0.2
3731,10.88,32236.7734,-6.0,0.21
3732,4.24,52.8441,25.0,0.17
3733,7.48,3.6043,20.0,0.89
3734,11.0,842.2588,-4.0,0.19
3735,4.84,28.2531,25.0,0.18
3736,6.76,2.2912,3.0,0.18
3737,5.72,17.7763,25.0,0.21
3738,7.16,120028.6618,13.0,1.53
3739,8.84,1.6491,0.0,0.18
3740,4.0,17.7152,27.0,0.18
3741,5.12,31.8032,21.0,0.23
3742,8.8,0.5816,-1.0,0.2
3743,6.6,725329.393,1.0,0.92
3744,7.4,7.507,20.0,0.21
3745,11.72,6.162,2.0,0.2
3746,2.56,8.8818,2.0,0.18
3747,3.12,17.6038,13.0,0.17
3748,5.4,17.6954,25.0,0.87
3749,6.24,719538.644,4.0,0.2
3750,7.08,39.106,2.0,0.18
3751,3.4,17.7334,21.0,0.21
3752,2.88,8.9578,6.0,0.18
3753,6.48,4.3416,-3.0,0.81
3754,6.04,19.4507,24.0,0.23
3755,7.44,0.0075,-6.0,0.22
3756,3.28,8.8558,10.0,0.23
3757,2.6,17.6278,6.0,0.22
3758,8.96,34786.2669,-5.0,0.24
3759,6.6,120025.134,21.0,1.0
3760,6.24,119905.95,3.0,0.25
3761,3.44,0.2368,17.0,0.17
3762,9.64,459.1808,-2.0,0.2
3763,4.12,17.696,27.0,0.22
3764,7.76,56465.6942,3.0,0.83
3765,7.8,120040.0659,20.0,0.2
3766,6.72,11.9284,20.0,0.23
3767,3.36,9.1065,16.0,0.22
3768,7.76,240047.5078,21.0,0.2
3769,11.32,842.0387,-9.0,0.93
3770,14.92,633.5906,-8.0,0.21
3771,6.88,120023.8602,24.0,0.19
3772,7.64,9.3147,17.0,0.24
3773,8.76,0.0468,2.0,0.18
3774,10.6,0.4232,-5.0,0.95
3775,4.08,14.0954,23.0,0.17
3776,12.6,360166.6167,-2.0,0.21
3777,3.04,10.606,8.0,0.17
3778,4.44,18.2036,26.0,0.25
3779,9.16,56483.511,0.0,0.96
3780,13.32,119084.3026,-8.0,0.18
3781,7.76,39.0569,1.0,0.27
3782,9.16,12.3383,-1.0,0.21
3783,6.92,7.942,15.0,0.23
3784,10.92,841.9423,-8.0,0.89
3785,10.76,842.6297,-3.0,0.17
3786,5.6,21.1588,26.0,0.2
3787,9.4,119083.7871,0.0,0.2
3788,10.6,3.1204,2.0,0.18
3789,9.4,121277.6402,-7.0,0.9
3790,10.48,421.0112,-4.0,0.2
3791,7.96,120037.84,19.0,0.19
3792,8.04,240032.1912,18.0,0.18
3793,12.36,0.7125,1.0,0.19
3794,9.04,480732.959,-8.0,0.91
3795,6.08,724302.1046,5.0,0.17
3796,8.64,360349.469,-4.0,0.18
3797,10.12,842.4748,-7.0,0.21
3798,10.08,0.1881,0.0,0.23
3799,8.68,120029.1416,6.0,0.2
3800,5.08,19.4368,27.0,0.23
3801,9.96,1262.8936,-2.0,0.2
3802,5.2,1022506.2322,4.0,0.18
3803,8.32,120026.053,13.0,0.19
3804,5.52,11.9049,18.0,0.19
3805,11.72,689988.2469,2.0,0.93
3806,7.8,8.8365,9.0,0.22
3807,5.32,10.6641,28.0,0.18
3808,10.76,4854.9882,0.0,0.21
3809,13.76,74.2833,-4.0,0.2
3810,9.64,33884.7992,-1.0,0.91
3811,5.84,13.2994,13.0,0.17
3812,10.16,421.3135,-1.0,0.19
3813,6.68,188286.7278,2.0,0.17
3814,14.12,7846.4436,-6.0,0.18
3815,11.68,0.7908,-3.0,0.95
3816,7.04,10.6076,18.0,0.19
3817,3.84,10.668,20.0,0.17
3818,10.36,842.2614,-1.0,0.19
3819,5.48,719405.8339,6.0,0.2
3820,6.68,135703.9891,1.0,1.13
3821,3.36,26.5028,21.0,0.2
3822,7.08,4.6774,-3.0,0.19
3823,7.24,39.9085,1.0,0.21
3824,4.16,8.9021,30.0,0.17
3825,4.96,10.5674,14.0,0.92
3826,7.8,41.223,-2.0,0.23
3827,9.44,0.0172,-7.0,0.18
3828,7.96,29.5115,17.0,0.2
3829,5.68,36.9103,26.0,0.86
3830,7.68,423.6471,-2.0,1.03
3831,3.16,10.6006,21.0,0.21
3832,4.48,17.8738,27.0,0.2
3833,5.88,1043027.6109,4.0,0.27
3834,4.28,19.5389,29.0,0.24
3835,4.8,14.1736,25.0,1.12
3836,6.92,3.2636,4.0,0.21
3837,9.48,12.6007,-1.0,0.27
3838,10.44,421.0153,0.0,0.24
3839,7.64,22.9974,17.0,0.22
3840,10.04,7029.7414,-9.0,0.19
3841,10.16,35681.7592,-3.0,0.23
3842,6.72,12.4629,22.0,0.2
3843,9.64,459.7951,-2.0,0.18
3844,8.28,240063.4089,6.0,0.18
3845,6.0,8.993,24.0,0.24
3846,3.12,17.6313,15.0,1.17
3847,9.2,0.8878,-3.0,0.19
3848,9.56,0.3188,2.0,0.22
3849,8.96,907.0384,-3.0,0.25
3850,3.16,26.4136,24.0,0.16
3851,8.16,12.9372,1.0,1.1
3852,8.08,0.4129,-1.0,0.18
3853,5.04,8.8093,27.0,0.19
3854,6.08,10.5527,23.0,0.19
3855,10.28,421.259,-3.0,0.22
3856,4.12,21.2946,19.0,1.02
3857,3.04,35.1594,29.0,0.16
3858,5.6,8.1256,-4.0,0.24
3859,3.28,8.8901,18.0,0.24
3860,12.2,119081.2914,-1.0,0.2
3861,4.44,19.5395,25.0,1.06
3862,3.16,17.6391,14.0,0.2
3863,10.24,841.929,-3.0,0.22
3864,9.04,0.0748,2.0,0.18
3865,9.96,841.9841,-1.0,0.22
3866,8.52,11.9006,-1.0,1.15
3867,7.6,120027.3051,12.0,0.19
3868,8.2,422.5838,-1.0,0.21
3869,9.36,0.5869,-1.0,0.19
3870,2.64,8.8511,12.0,0.21
3871,4.12,19.4447,27.0,0.94
3872,10.28,841.961,-3.0,0.19
3873,10.48,433.109,0.0,0.22
3874,10.56,3.3954,2.0,0.19
3875,13.28,2.0641,-8.0,0.18
3876,8.68,38.5177,1.0,0.97
3877,10.88,32236.7433,-1.0,0.19
3878,6.6,19.98,19.0,0.24
3879,10.2,907.5241,3.0,0.24
3880,10.4,444.5027,0.0,0.27
3881,6.2,12.436,20.0,1.24
3882,3.16,19.4601,15.0,0.17
3883,3.28,1.8148,11.0,0.17
3884,10.28,5761.4893,-2.0,0.2
3885,7.04,40.4484,4.0,0.24
3886,12.0,119081.302,0.0,0.3
3887,4.56,19.5612,20.0,1.02
3888,7.72,2.7229,1.0,0.18
3889,10.08,239127.2744,4.0,0.18
3890,7.12,3.3266,4.0,0.19
3891,8.76,272.1578,0.0,0.19
3892,9.56,3.3827,-4.0,0.85
3893,3.96,0.0253,18.0,0.18
3894,2.96,8.9628,20.0,0.16
3895,3.28,28.1603,28.0,0.16
3896,9.2,0.5943,-1.0,0.19
3897,9.48,0.0803,-8.0,0.9
3898,9.8,841.9744,-3.0,0.21
3899,4.96,495402.3863,6.0,0.18
3900,8.24,33887.0721,2.0,0.18
3901,6.56,3.3164,-2.0,0.21
3902,10.4,880.166,-3.0,1.06
3903,3.84,9.1858,26.0,0.24
3904,7.56,39.3672,-1.0,0.17
3905,5.8,6.5599,-3.0,0.17
3906,5.24,28.1352,19.0,0.23
3907,11.88,5.5557,-6.0,1.12
3908,5.84,14.0827,22.0,0.19
3909,7.52,23.7634,21.0,0.2
3910,4.16,26.4848,25.0,0.18
3911,7.88,0.4856,1.0,0.21
3912,3.76,21.1408,28.0,1.54
3913,4.76,8.8075,29.0,0.26
3914,10.4,5.6758,-2.0,0.26
3915,12.76,714424.7263,-2.0,0.2
3916,4.56,37.0042,25.0,0.23
3917,3.16,26.3987,20.0,1.06
3918,5.36,359834.441,-4.0,0.19
3919,13.24,631.15,-1.0,0.19
3920,7.6,145.9609,2.0,0.19
3921,9.08,3.0631,2.0,0.19
3922,4.08,19.5332,25.0,1.23
3923,10.68,421.2888,-3.0,0.18
3924,9.68,459.2358,-2.0,0.23
3925,7.72,240032.2481,14.0,0.18
3926,4.16,22.505,22.0,0.18
3927,6.24,719531.859,4.0,0.18
3928,5.16,10.5544,27.0,0.19
3929,10.8,841.9863,-2.0,0.21
3930,8.44,1179059.9552,-5.0,0.2
3931,12.6,2703.8712,-10.0,0.17
3932,12.12,2703.842,-13.0,0.26
3933,10.72,421.3143,-6.0,1.24
3934,4.36,360101.3957,29.0,0.21
3935,7.88,40.4736,1.0,0.2
3936,8.12,163.6778,-1.0,0.19
3937,12.8,691269.7933,-4.0,0.21
3938,12.84,2640.2556,-4.0,1.07
3939,6.4,20.7418,23.0,0.19
3940,8.08,50.1015,-1.0,0.21
3941,8.2,1122249.2928,0.0,0.22
3942,7.12,359708.077,0.0,0.18
3943,7.28,120029.4717,13.0,0.99
3944,7.0,2.658,17.0,0.19
3945,10.2,38.5548,-3.0,0.19
3946,11.28,421.1595,-10.0,0.18
3947,9.12,0.8518,-2.0,0.17
3948,9.64,849.7454,-5.0,0.92
3949,10.12,420.9858,-1.0,0.24
3950,9.0,38.5178,-1.0,0.22
3951,3.68,9.0276,20.0,0.21
3952,10.4,357243.8322,0.0,0.21
3953,9.12,39.8283,-1.0,0.94
3954,6.84,2720.3038,20.0,0.18
3955,9.92,386494.9021,1.0,0.17
3956,10.8,0.3409,-4.0,0.18
3957,5.6,8.8162,20.0,0.22
3958,10.48,842.0116,-4.0,0.96
3959,9.68,239121.8678,-2.0,0.21
3960,3.36,3.6482,19.0,0.17
3961,9.12,56465.3088,-3.0,0.19
3962,8.36,3.386,-4.0,0.16
3963,6.6,32236.7713,25.0,0.94
3964,8.28,120028.2439,18.0,0.23
3965,10.36,119084.3062,1.0,0.18
3966,6.8,4.3987,2.0,0.17
3967,10.52,1722.0463,-4.0,0.26
3968,10.12,1262.9361,1.0,0.2
3969,9.2,0.1022,0.0,0.2
3970,6.0,240027.4027,4.0,0.18
3971,8.28,120326.2144,1.0,0.18
3972,8.76,0.08,5.0,0.16
3973,9.6,482.7336,-1.0,0.24
3974,11.12,0.318,0.0,0.97
3975,11.16,48.2421,5.0,0.19
3976,6.44,17.7199,25.0,0.2
3977,7.84,68270.4897,-1.0,0.17
3978,12.68,119084.3064,-1.0,0.23
3979,4.12,5.327,18.0,1.05
3980,3.32,0.0697,13.0,0.16
3981,11.36,1056059.8038,3.0,0.23
3982,6.16,35.1721,24.0,0.18
3983,7.32,360045.3939,2.0,0.23
3984,5.48,10.7165,17.0,0.93
3985,11.08,746661.538,0.0,0.19
3986,3.48,29.9008,15.0,0.17
3987,2.96,19.4376,22.0,0.16
3988,9.96,170487.9046,-6.0,0.19
3989,5.48,13.9722,21.0,0.92
3990,7.56,120025.6834,18.0,0.18
3991,5.4,28.3154,24.0,0.21
3992,7.88,13.2237,20.0,0.18
3993,10.48,459.242,-6.0,0.19
3994,7.44,31.3122,14.0,1.13
3995,10.8,842.2151,-8.0,0.26
3996,7.24,480075.2324,20.0,0.18
3997,7.16,21.2567,21.0,0.19
3998,8.64,120437.3518,-5.0,0.17
3999,3.04,17.6068,22.0,1.58
4000,11.48,906.8105,-6.0,0.17
4001,8.8,120043.005,2.0,0.17
4002,5.0,527105.7055,3.0,0.18
4003,10.0,0.063,-3.0,0.22
4004,7.88,0.0193,5.0,0.84
4005,4.88,10.5636,22.0,0.19
4006,3.4,35.1707,30.0,0.24
4007,7.44,120045.8863,15.0,0.18
4008,3.48,1.9582,15.0,0.17
4009,13.6,7.7972,-2.0,0.88
4010,5.6,120024.3217,21.0,0.2
4011,6.08,4.3985,3.0,0.24
4012,11.16,421.0339,-9.0,0.2
4013,3.84,5.302,22.0,0.18
4014,11.32,842.0675,-8.0,0.19
4015,12.36,2566.3972,5.0,0.95
4016,10.2,239121.86,4.0,0.18
4017,6.92,2.8312,0.0,0.18
4018,12.6,5.8226,0.0,0.2
4019,6.6,4.8917,2.0,0.17
4020,5.92,7.5858,-9.0,0.89
4021,6.2,1002406.2132,3.0,0.18
4022,8.32,0.0057,-7.0,0.16
4023,8.32,0.4429,0.0,0.18
4024,3.04,17.6179,6.0,0.16
4025,3.56,8.8117,20.0,0.91
4026,7.56,32236.7286,-5.0,0.16
4027,6.0,5.4381,-3.0,0.16
4028,3.28,8.827,11.0,0.19
4029,4.6,36.922,26.0,0.2
4030,7.84,8.35,1.0,0.89
4031,9.52,459.7452,0.0,0.24
4032,4.24,339243.3219,-1.0,0.17
4033,5.2,1606101.9744,3.0,0.17
4034,3.6,30.3045,18.0,0.18
4035,5.36,120037.509,23.0,0.94
4036,5.28,0.2094,25.0,0.2
4037,8.24,39.8527,0.0,0.18
4038,8.88,240869.1873,-2.0,0.17
4039,6.88,11.9414,18.0,0.22
4040,9.08,1.9427,0.0,0.88
4041,10.4,360505.3662,-4.0,0.23
4042,13.6,121795.9773,-5.0,0.2
4043,6.92,26.4612,22.0,0.19
4044,7.16,33.0264,16.0,0.18
4045,6.84,120015.4292,23.0,0.8
4046,6.08,12.4587,21.0,0.22
4047,8.68,475717.7825,-4.0,0.26
4048,7.8,8.9715,8.0,0.22
4049,9.88,901.6899,0.0,0.24
4050,11.2,420.9931,-9.0,0.89
4051,3.44,3.5384,27.0,0.18
4052,7.64,39.3153,1.0,0.17
4053,2.56,8.8449,1.0,0.2
4054,10.32,0.1527,10.0,0.17
4055,6.48,0.5038,20.0,0.19
4056,7.44,120037.7998,18.0,0.18
4057,6.4,3.5378,22.0,0.19
4058,7.92,843.1017,1.0,0.2
4059,4.68,719504.8092,-6.0,0.17
4060,3.6,17.7329,28.0,0.18
4061,6.44,4.456,1.0,0.93
4062,7.56,527106.5022,0.0,0.17
4063,6.68,339249.1381,1.0,0.2
4064,8.76,421.8077,3.0,0.24
4065,6.96,3.3227,-3.0,0.18
4066,10.24,23.5538,-2.0,1.06
4067,12.64,335726.6046,-4.0,0.19
4068,6.84,30.4239,17.0,0.18
4069,3.68,12.5408,19.0,0.17
4070,7.4,721637.7248,-3.0,0.18
4071,3.72,28.2546,20.0,1.01
4072,7.24,40.3542,22.0,0.26
4073,7.4,120405.0882,18.0,0.18
4074,11.92,5.7094,1.0,0.17
4075,10.6,1285.4216,-3.0,0.19
4076,6.64,364583.0402,-2.0,0.99
4077,10.92,671477.2814,4.0,0.24
4078,4.68,17.788,29.0,0.28
4079,9.24,433.2897,1.0,0.26
4080,6.48,63.813,-1.0,0.21
4081,4.56,42.4241,20.0,0.88
4082,6.36,17.7564,26.0,0.21
4083,4.36,1.808,6.0,0.24
4084,6.8,240039.6426,21.0,0.19
4085,7.96,699597.9643,-1.0,0.19
4086,3.64,26.5938,27.0,0.86
4087,4.76,17.826,30.0,0.19
4088,9.56,12.6243,-3.0,0.21
4089,11.32,1262.9029,-8.0,0.2
4090,8.4,392403.3168,4.0,0.16
4091,3.08,8.8806,26.0,1.54
4092,7.6,120015.5377,17.0,0.18
4093,3.08,17.6121,11.0,0.16
4094,4.12,8.8276,16.0,0.18
4095,11.48,5.7224,4.0,0.17
4096,7.76,0.0753,-1.0,0.16
4097,4.92,907157.9562,4.0,0.16
4098,4.88,17.7937,30.0,0.17
4099,7.8,77.0413,1.0,0.19
4100,8.4,0.1096,-6.0,0.16
4101,10.0,0.8932,-5.0,0.2
4102,3.08,0.1575,6.0,0.83
4103,7.52,40.9331,2.0,0.21
4104,8.32,424.2392,-5.0,0.2
4105,9.6,2.5174,3.0,0.19
4106,9.68,120042.9994,4.0,0.18
4107,4.96,10.5696,23.0,0.91
4108,4.64,17.8725,28.0,0.18
4109,5.64,120023.9021,19.0,0.17
4110,3.96,10.594,30.0,0.17
4111,6.68,7.0871,-7.0,0.2
4112,4.92,33888.0676,23.0,1.05
4113,7.6,15.002,21.0,0.25
4114,9.64,11.7853,-1.0,0.22
4115,7.36,240029.1023,23.0,0.21
4116,6.0,6.5607,-3.0,0.17
4117,10.8,421.3713,-4.0,0.97
4118,11.16,841.9703,-3.0,0.18
4119,9.16,240450.9109,-9.0,0.17
4120,9.08,12.9229,-1.0,0.18
4121,10.2,0.3842,-3.0,0.21
4122,10.32,3189.8284,-5.0,0.95
4123,7.64,120027.4265,10.0,0.22
4124,14.88,1.0107,-5.0,0.2
4125,15.52,620.0357,-12.0,0.19
4126,8.36,120028.6945,12.0,0.22
4127,10.8,0.3872,-10.0,1.06
4128,9.16,842.4799,1.0,0.18
4129,13.96,5206.2403,-2.0,0.22
4130,6.44,2.8873,4.0,0.22
4131,10.0,459.2454,-4.0,0.18
4132,8.72,240451.6768,-1.0,1.05
4133,5.12,21.1297,20.0,0.18
4134,9.52,3369.7881,-8.0,0.16
4135,8.72,120014.0566,-4.0,0.18
4136,9.92,421.0082,-1.0,0.2
4137,9.28,11.7853,-1.0,1.04
4138,10.2,38740.1469,-1.0,0.24
4139,7.72,0.0091,-2.0,0.17
4140,4.48,28.1378,22.0,0.23
4141,8.0,120038.2604,15.0,0.18
4142,2.88,17.6489,16.0,0.2
4143,10.52,841.9555,2.0,1.24
4144,13.88,11.2151,-2.0,0.23
4145,6.92,141299.0722,25.0,0.19
4146,3.0,8.8316,11.0,0.17
4147,3.92,12.4299,22.0,0.21
4148,6.56,41.0013,0.0,1.14
4149,12.6,3.7084,0.0,0.17
4150,10.44,3.4446,-3.0,0.19
4151,5.6,542789.2665,5.0,0.21
4152,7.84,1.6431,2.0,0.19
4153,3.2,0.3454,19.0,1.06
4154,8.4,274.3811,-1.0,0.18
4155,8.88,0.9132,0.0,0.25
4156,5.72,1.8282,26.0,0.24
4157,10.28,1262.8736,-1.0,0.21
4158,8.28,819862.5115,-3.0,0.9
4159,11.32,0.4908,5.0,0.22
4160,9.12,421.323,-1.0,0.26
4161,6.6,18.1841,25.0,0.25
4162,9.84,358203.0971,-1.0,0.21
4163,6.6,1.8376,22.0,1.02
4164,2.96,8.853,28.0,0.16
4165,5.36,10.1346,20.0,0.21
4166,9.68,421.5416,-1.0,0.22
4167,10.2,842.2168,-2.0,0.2
4168,6.36,0.0144,22.0,1.05
4169,6.96,8.8678,20.0,0.26
4170,7.72,360062.9549,15.0,0.24
4171,8.24,497.456,0.0,0.19
4172,9.4,358203.0966,2.0,0.21
4173,11.0,1683.836,-5.0,0.92
4174,7.48,798388.5172,0.0,0.21
4175,4.68,10.6739,22.0,0.22
4176,7.48,120015.4882,17.0,0.25
4177,6.76,474942.8542,2.0,0.19
4178,9.92,239121.8115,3.0,1.61
4179,7.72,120015.5898,21.0,0.18
4180,13.52,2640.5933,-4.0,0.21
4181,3.24,19.3782,19.0,0.18
4182,8.68,38.8548,1.0,0.21
4183,3.56,17.6017,23.0,0.2
4184,8.64,600743.8444,0.0,0.28
4185,8.52,119081.3348,-4.0,0.17
4186,7.68,0.5488,0.0,0.16
4187,9.04,238165.0287,-4.0,0.19
4188,4.44,14.1721,15.0,0.18
4189,3.76,17.6057,15.0,1.04
4190,4.08,8.8374,20.0,0.17
4191,5.24,934200.6373,4.0,0.17
4192,3.04,10.6754,17.0,0.16
4193,6.84,5.4294,-7.0,0.17
4194,3.24,8.8853,21.0,0.93
4195,6.48,3.9128,1.0,0.21
4196,8.04,64473.4641,2.0,0.16
4197,4.04,37.0584,16.0,0.2
4198,10.68,1416226.562,2.0,0.19
4199,6.92,307766.4352,0.0,1.1
4200,11.48,239201.5158,2.0,0.19
4201,9.92,0.4096,1.0,0.22
4202,6.88,120028.6331,21.0,0.17
4203,8.12,15.8476,8.0,0.17
4204,7.16,2.2971,2.0,1.18
4205,10.08,432.748,-4.0,0.26
4206,7.36,17.5824,21.0,0.21
4207,12.28,119155.9613,1.0,0.21
4208,3.8,17.7033,29.0,0.17
4209,10.52,841.9834,-2.0,1.16
4210,2.76,19.377,19.0,0.18
4211,10.96,841.9746,-6.0,0.21
4212,11.72,1802.4453,-6.0,0.19
4213,8.6,1.508,4.0,0.18
4214,3.4,9.0368,29.0,0.91
4215,4.76,8.8245,27.0,0.19
4216,3.32,10.5999,7.0,0.16
4217,7.56,1.8072,1.0,0.17
4218,6.68,2.8298,0.0,0.23
4219,9.52,38.7937,0.0,1.02
4220,5.72,1.9203,28.0,0.18
4221,10.2,0.4655,-4.0,0.19
4222,12.12,0.0273,0.0,0.21
4223,8.08,2.5404,-2.0,0.21
4224,5.48,36.9056,27.0,0.21
4225,7.68,25.1196,19.0,0.24
4226,4.88,21.6682,27.0,0.19
4227,10.04,0.0402,-1.0,0.22
4228,11.32,421.07,-7.0,0.17
4229,11.96,1740135.9724,-3.0,0.19
4230,12.0,121647.2784,0.0,1.04
4231,7.08,9.2988,26.0,0.26
4232,8.28,120029.5494,10.0,0.2
4233,11.36,841.9236,-11.0,0.18
4234,7.12,4.0708,18.0,0.2
4235,8.16,169669.1376,2.0,0.97
4236,4.32,427552.9388,4.0,0.18
4237,8.96,120857.0053,-5.0,0.2
4238,7.36,14.5142,16.0,0.27
4239,12.64,119158.5424,-2.0,0.26
4240,10.0,11.8382,-3.0,1.04
4241,6.12,10.5674,23.0,0.26
4242,4.56,339248.4315,0.0,0.19
4243,4.2,32.0308,15.0,0.23
4244,9.76,459.1894,-3.0,0.21
4245,2.84,26.4454,25.0,0.82
4246,7.92,14.6878,14.0,0.18
4247,12.88,1.0412,0.0,0.18
4248,9.88,12.354,-1.0,0.21
4249,5.04,11.0289,29.0,0.17
4250,9.0,291.2539,4.0,0.86
4251,4.72,1079167.3445,-4.0,0.17
4252,7.4,120019.9526,15.0,0.29
4253,5.24,120015.4504,2.0,0.19
4254,6.36,120015.5679,24.0,0.19
4255,8.88,360298.4916,-8.0,1.02
4256,7.0,2.2585,20.0,0.2
4257,8.4,12.1691,0.0,0.22
4258,12.12,354258.1359,-3.0,0.18
4259,5.52,21.1083,26.0,0.21
4260,6.52,240037.9315,21.0,1.0
4261,9.6,7.1751,-1.0,0.17
4262,12.16,906.8697,-8.0,0.2
4263,6.44,11.8698,22.0,0.23
4264,4.6,19.3555,23.0,0.19
4265,7.24,8.9511,12.0,1.62
4266,8.0,41.782,13.0,0.18
4267,6.84,5.4802,-2.0,0.17
4268,9.52,3.0956,-7.0,0.19
4269,10.44,0.063,4.0,0.17
4270,9.0,96710.2198,-2.0,0.17
4271,3.88,8317.3138,23.0,0.93
4272,10.88,0.0343,-2.0,0.22
4273,6.76,5.4951,-1.0,0.17
4274,8.8,360597.8046,-2.0,0.18
4275,3.84,19.3567,23.0,0.21
4276,6.28,68273.8704,1.0,0.88
4277,2.76,8.8549,9.0,0.16
4278,3.4,8.8586,32.0,0.17
4279,8.32,12.3283,1.0,0.19
4280,3.76,9.1066,23.0,0.17
4281,7.0,17.5946,22.0,1.0
4282,6.8,715158.1501,0.0,0.19
4283,11.04,421.0562,-7.0,0.21
4284,10.72,0.0465,-7.0,0.18
4285,3.84,12.5226,23.0,1.94
4286,4.64,3.5493,9.0,1.06
4287,8.44,392427.4143,5.0,0.16
4288,8.36,986981.5091,-3.0,0.17
4289,7.88,120027.8004,14.0,0.18
4290,9.76,32236.8054,-6.0,0.2
4291,10.44,38.3458,-1.0,0.94
4292,6.04,12.3528,24.0,0.19
4293,5.28,19.3563,20.0,0.2
4294,8.12,1.4926,-1.0,0.19
4295,6.36,3.9132,2.0,0.17
4296,3.24,35.2696,28.0,0.94
4297,12.52,695893.1933,-5.0,0.18
4298,3.6,26.4988,15.0,0.16
4299,10.6,11.8795,-2.0,0.18
4300,8.6,0.6098,-1.0,0.19
4301,8.56,145.5406,-1.0,0.93
4302,6.16,6.0191,-4.0,0.2
4303,6.32,120024.329,23.0,0.2
4304,8.08,12.3845,0.0,0.18
4305,6.52,120015.4327,22.0,0.19
4306,5.32,33888.2149,19.0,0.95
4307,3.6,19.4814,25.0,0.17
4308,4.92,36.9272,29.0,0.19
4309,3.84,19.3732,20.0,0.21
4310,4.64,35.3565,22.0,0.25
4311,3.84,67851.1681,8.0,0.19
4312,8.56,2.4897,-2.0,0.26
4313,4.76,8.8152,30.0,0.18
4314,7.6,240057.2676,17.0,0.18
4315,6.04,120045.4781,28.0,0.18
4316,3.8,8.9161,21.0,0.25
4317,9.36,120436.8572,-7.0,1.06
4318,10.88,421.3336,-4.0,0.19
4319,6.4,4.342,2.0,0.16
4320,8.08,240047.934,11.0,0.17
4321,10.16,0.0843,-1.0,0.24
4322,7.88,14.6266,12.0,0.94
4323,7.36,120041.8127,18.0,0.21
4324,11.16,841.9927,-8.0,0.18
4325,8.56,427.2393,-5.0,0.18
4326,9.8,12.0938,-1.0,0.19
4327,8.4,422.0775,2.0,0.9
4328,6.88,40.9339,1.0,0.18
4329,10.72,432.8371,-4.0,0.28
4330,6.2,10.5674,26.0,0.2
4331,5.92,18.1834,25.0,0.23
4332,9.88,842.0104,1.0,0.87
4333,8.2,120030.9992,11.0,0.17
4334,7.88,15.4904,16.0,0.21
4335,7.0,4.8979,-1.0,0.17
4336,6.16,359912.6118,4.0,0.24
4337,7.32,767134.7499,-1.0,1.03
4338,3.96,54.4999,25.0,0.18
4339,3.44,21.3187,16.0,0.17
4340,11.32,1683.8776,-7.0,0.19
4341,7.52,120018.9947,13.0,0.2
4342,10.76,841.9684,-2.0,0.89
4343,8.8,422.874,-3.0,0.18
4344,11.48,7.3866,-2.0,0.21
4345,8.16,2.4586,1.0,0.22
4346,5.96,4.9688,-1.0,0.17
4347,8.72,1.6689,2.0,0.9
4348,3.4,17.6377,21.0,0.17
4349,12.48,5132.3184,-2.0,0.18
4350,8.64,103.9643,1.0,0.25
4351,10.48,335750.6878,-4.0,0.21
4352,9.6,2.5121,-1.0,0.18
4353,9.88,38.2882,-2.0,0.2
4354,3.56,28.127,24.0,0.19
4355,2.96,10.6269,14.0,0.21
4356,10.08,68270.74,-6.0,0.2
4357,11.96,7558.3945,-2.0,0.18
4358,11.04,0.175,1.0,1.0
4359,2.88,17.6214,14.0,0.16
4360,4.24,1.0952,-4.0,0.16
4361,5.48,15.9756,24.0,0.18
4362,3.32,10.6748,16.0,0.24
4363,13.24,0.4084,-1.0,1.07
4364,7.52,6843.5622,0.0,0.17
4365,3.68,22.8623,24.0,0.17
4366,3.88,67849.535,-4.0,0.16
4367,7.52,2.2394,1.0,0.27
4368,9.36,459.7412,0.0,1.05
4369,8.08,459569.7574,0.0,0.2
4370,3.2,17.7174,30.0,0.19
4371,3.44,8.9172,23.0,0.22
4372,11.28,842.2614,-9.0,0.19
4373,6.92,4.6321,1.0,1.16
4374,7.64,425.8302,-3.0,0.24
4375,7.68,1.2132,1.0,0.23
4376,4.44,678488.2853,-1.0,0.22
4377,7.44,11.4266,23.0,0.22
4378,8.12,145.8758,2.0,1.02
4379,6.84,3.5972,22.0,0.21
4380,8.88,0.039,2.0,0.17
4381,4.68,28.2198,26.0,0.19
4382,3.36,12.4294,19.0,0.18
4383,11.24,1133156.307,1.0,1.04
4384,11.88,1802.8931,-3.0,0.19
4385,4.24,10.6052,12.0,0.19
4386,3.84,21.1467,23.0,0.18
4387,6.84,120026.2298,22.0,0.18
4388,5.24,1038190.8185,2.0,0.87
4389,7.96,120024.6856,4.0,0.22
4390,10.6,358208.5504,1.0,0.19
4391,12.32,1803.1042,-11.0,0.22
4392,7.32,0.351,2.0,0.19
4393,10.84,421.3453,-4.0,0.95
4394,7.84,0.1275,-1.0,0.18
4395,5.48,0.1306,24.0,0.2
4396,11.52,120114.855,2.0,0.23
4397,11.0,421.0386,-4.0,0.25
4398,7.72,1.7025,3.0,0.26
4399,8.2,187864.1344,-2.0,0.99
4400,8.0,0.0739,-1.0,0.19
4401,7.4,181.9184,-3.0,0.22
4402,4.08,19.4695,16.0,0.17
4403,6.24,3.5284,24.0,0.22
4404,13.32,360083.8026,-3.0,0.91
4405,12.72,720357.3075,-5.0,0.17
4406,12.16,0.3365,3.0,0.2
4407,5.4,19.4526,26.0,0.22
4408,9.48,425925.1045,5.0,0.2
4409,9.76,360295.632,-9.0,0.88
4410,5.44,9.0634,25.0,0.18
4411,10.44,471.2667,-6.0,0.18
4412,8.44,33.6002,8.0,0.16
4413,12.36,901.6194,-14.0,0.17
4414,4.72,8.8311,20.0,0.88
4415,5.96,8.9087,24.0,0.21
4416,15.2,1867.2231,-7.0,0.23
4417,6.4,120015.5164,23.0,0.19
4418,12.16,360166.6718,-3.0,0.27
4419,8.0,162.4534,0.0,0.82
4420,10.0,433.0493,-1.0,0.21
4421,11.28,4855.331,-2.0,0.21
4422,7.2,3.3166,0.0,0.21
4423,12.44,5.8592,-2.0,0.23
4424,8.72,1210.057,-1.0,0.9
4425,6.16,10.7488,22.0,0.21
4426,6.0,8.1252,-12.0,0.17
4427,10.08,432.7703,-4.0,0.2
4428,4.36,120015.0008,10.0,0.27
4429,8.12,40.7296,-1.0,0.98
4430,4.6,67852.1608,2.0,0.18
4431,5.36,186382.1662,-6.0,0.2
4432,6.24,6.5601,-9.0,0.17
4433,7.56,3.3255,2.0,0.2
4434,4.6,19.3367,17.0,0.9
4435,8.84,841.924,-2.0,0.18
4436,8.96,0.3004,-1.0,0.2
4437,6.8,2.2904,1.0,0.17
4438,3.84,28.2172,30.0,0.19
4439,4.48,36.9106,22.0,0.2
4440,8.64,1.6809,0.0,0.18
4441,12.84,360090.1968,2.0,0.19
4442,3.64,1.8958,25.0,0.76
4443,5.6,8.9957,26.0,0.2
4444,3.24,10.5935,12.0,0.21
4445,6.56,13.6668,24.0,0.97
4446,9.0,423.2357,-4.0,0.23
4447,9.16,77.015,0.0,0.19
4448,9.64,0.0133,-1.0,0.18
4449,10.76,841.9532,-6.0,0.23
4450,6.0,5.4793,-3.0,1.07
4451,5.04,10.6712,21.0,0.21
4452,9.48,386494.8476,-1.0,0.18
4453,6.24,134.2554,6.0,0.19
4454,11.64,0.3428,1.0,0.23
4455,5.24,187752.1179,1.0,1.07
4456,8.0,120033.2027,13.0,0.19
4457,10.56,842.1279,-3.0,0.23
4458,5.6,11.0804,26.0,0.24
4459,4.92,19.4349,28.0,0.25
4460,7.28,120040.0649,23.0,1.15
4461,7.92,0.6267,0.0,0.21
4462,12.32,3605.0284,-11.0,0.18
4463,9.64,0.1614,-3.0,0.2
4464,3.48,22.8912,27.0,0.21
4465,5.44,17.5863,24.0,1.15
4466,10.72,2.5549,2.0,0.19
4467,7.8,120024.7395,14.0,0.17
4468,13.08,0.0572,-2.0,0.17
4469,10.88,880.1526,-8.0,0.18
4470,9.12,421.5462,-1.0,0.96
4471,14.08,360703.703,-2.0,0.23
4472,3.8,21.1056,27.0,0.23
4473,9.72,56611.2454,0.0,0.19
4474,5.48,1.77,25.0,0.22
4475,7.84,12.3915,13.0,0.99
4476,6.76,12.3088,21.0,0.25
4477,5.64,33888.0782,25.0,0.22
4478,4.44,407096.4853,6.0,0.22
4479,9.12,0.6543,1.0,0.23
4480,6.92,359712.7577,-1.0,0.19
4481,3.68,0.0441,15.0,0.23
4482,8.64,1404409.3882,-1.0,0.21
4483,11.92,119084.3203,0.0,0.23
4484,5.08,8.8438,27.0,0.25
4485,12.24,0.6122,-9.0,0.23
4486,4.64,0.0611,20.0,1.17
4487,3.08,0.0822,18.0,0.17
4488,4.48,8.9331,19.0,0.19
4489,2.84,10.5853,2.0,0.21
4490,5.24,359771.2055,1.0,0.18
4491,8.4,360885.8508,0.0,1.04
4492,9.2,842.5501,-1.0,0.19
4493,3.24,8.8356,9.0,0.2
4494,3.96,1.8179,14.0,0.17
4495,3.64,0.1293,16.0,0.19
4496,6.6,17.7354,19.0,0.9
4497,5.8,1079208.1822,4.0,0.16
4498,8.12,0.1393,3.0,0.17
4499,10.48,841.9818,-3.0,0.21
4500,6.56,3.5263,23.0,0.24
4501,9.76,470.9579,0.0,0.98
4502,12.92,708516.2398,-5.0,0.18
4503,4.04,26.4871,29.0,0.17
4504,11.76,33879.7511,-5.0,0.23
4505,12.16,119089.7552,0.0,0.24
4506,6.8,119900.8577,-3.0,1.09
4507,9.64,32236.7991,1.0,0.23
4508,6.6,22.554,24.0,0.19
4509,10.6,841.9709,-6.0,0.21
4510,5.84,459150.6426,4.0,0.2
4511,8.8,38.5994,-3.0,1.17
4512,8.72,153922.1814,4.0,0.24
4513,10.92,1263.2274,-4.0,0.19
4514,5.6,427556.2422,3.0,0.18
4515,6.0,15.3965,23.0,0.22
4516,6.76,6.0626,-3.0,1.11
4517,13.36,360084.6192,0.0,0.22
4518,3.92,10.6217,20.0,0.19
4519,9.44,42889.4798,-8.0,0.17
4520,10.28,880.4711,-6.0,0.25
4521,10.76,1695.5896,-3.0,1.23
4522,9.24,120040.5549,-3.0,0.2
4523,12.52,360089.8498,2.0,0.18
4524,12.8,119081.3667,-1.0,0.25
4525,7.24,427889.6601,2.0,0.21
4526,12.4,119081.6384,-1.0,0.77
4527,12.72,354258.1447,-1.0,1.17
4528,7.64,1.4334,4.0,0.23
4529,7.76,239920.0604,-1.0,0.24
4530,11.68,360190.7071,-4.0,0.2
4531,7.08,120025.6626,21.0,0.26
4532,9.6,0.3723,-2.0,1.18
4533,3.84,10.57,14.0,0.21
4534,3.2,1.852,17.0,0.19
4535,4.64,10.5646,25.0,0.21
4536,2.88,17.6363,12.0,0.21
4537,4.24,3.5506,16.0,1.02
4538,3.16,26.506,26.0,0.19
4539,6.76,16.6988,-2.0,0.17
4540,4.68,17.6133,19.0,0.2
4541,7.12,4.0801,1.0,0.21
4542,8.28,0.9122,3.0,0.98
4543,2.92,8.8428,17.0,0.18
4544,6.08,120020.1708,7.0,0.17
4545,9.0,420.996,0.0,0.18
4546,11.2,421.0202,-4.0,0.19
4547,8.32,423.414,0.0,0.94
4548,9.56,24.1481,3.0,0.2
4549,11.12,841.9694,-6.0,0.22
4550,5.64,16.0528,25.0,0.2
4551,4.84,19.4104,25.0,0.17
4552,9.04,421.5465,-2.0,0.98
4553,5.8,120036.117,22.0,0.27
4554,4.52,35.1496,25.0,0.22
4555,3.12,67868.0474,22.0,0.22
4556,7.52,240032.615,21.0,0.22
4557,5.08,10.583,22.0,1.1
4558,13.2,360099.995,-3.0,0.18
4559,6.16,1481779.1057,1.0,0.19
4560,4.44,10.847,15.0,0.18
4561,10.44,920.4202,-4.0,0.19
4562,9.48,0.0831,6.0,1.03
4563,3.28,26.4902,27.0,0.22
4564,3.44,28.1522,10.0,0.27
4565,7.6,56761.6039,2.0,0.22
4566,10.0,148.5811,-5.0,0.19
4567,10.24,238163.2434,1.0,0.24
4568,8.6,0.8382,1.0,0.2
4569,8.6,421.8827,3.0,0.18
4570,8.44,459680.6843,-2.0,0.18
4571,3.96,19.3805,25.0,0.17
4572,3.32,10.5787,22.0,0.16
4573,7.84,120034.7519,23.0,0.85
4574,7.96,1367290.6144,-2.0,0.19
4575,7.12,5.1696,0.0,0.2
4576,3.8,8.8577,25.0,0.18
4577,3.2,0.0552,16.0,0.17
4578,7.88,527108.4111,0.0,0.97
4579,5.56,120061.9606,21.0,0.23
4580,4.88,3.5385,28.0,0.2
4581,6.36,12.3258,20.0,0.21
4582,9.84,421.0094,-1.0,0.19
4583,14.84,8.0274,-3.0,1.06
4584,4.92,9.0051,25.0,0.18
4585,10.0,0.0951,-2.0,0.18
4586,5.64,240032.3435,25.0,0.23
4587,10.2,421.2726,1.0,0.19
4588,11.88,24.1536,0.0,1.1
4589,7.04,120034.8128,21.0,0.23
4590,7.48,77.3757,0.0,0.23
4591,9.92,459.4704,-1.0,0.24
4592,6.16,49.3939,22.0,0.2
4593,6.2,23.8236,23.0,1.15
4594,9.56,421.8407,-1.0,0.19
4595,8.04,461.3425,0.0,0.18
4596,2.92,17.6448,17.0,0.19
4597,7.8,41.5035,2.0,0.18
4598,6.52,4.9419,-1.0,0.99
4599,2.84,8.8574,16.0,0.18
4600,6.32,4.3975,1.0,0.16
4601,6.28,4.417,2.0,0.16
4602,5.96,120017.0547,1.0,0.23
4603,2.52,0.0514,-8.0,1.02
4604,6.04,5.9627,-4.0,0.16
4605,6.32,6.2428,-4.0,0.19
4606,3.6,1.8096,18.0,0.17
4607,3.08,8.8492,11.0,0.23
4608,6.4,6.5581,-6.0,0.22
4609,3.6,1.7868,10.0,0.19
4610,3.08,8.9588,17.0,0.77
4611,9.12,0.018,-17.0,0.21
4612,8.16,0.6348,-1.0,0.2
4613,3.64,21.2342,16.0,0.21
4614,8.08,240044.4733,13.0,1.14
4615,3.88,17.6336,11.0,0.21
4616,9.88,0.3435,3.0,0.17
4617,10.36,3.4726,6.0,0.23
4618,11.2,1802.7848,-3.0,0.23
4619,7.76,120037.0407,19.0,1.1
4620,5.68,127.6497,-2.0,0.16
4621,10.48,1262.9064,-5.0,0.2
4622,5.48,26.4929,28.0,0.22
4623,6.76,33885.052,25.0,0.2
4624,10.52,841.9821,-2.0,1.09
4625,3.12,19.3697,20.0,0.22
4626,7.0,307766.855,2.0,0.21
4627,7.24,6.0698,-7.0,0.18
4628,8.4,845.2119,-4.0,0.2
4629,7.4,220.1495,2.0,1.28
4630,6.92,359696.6865,4.0,0.25
4631,5.16,25.9634,21.0,0.21
4632,4.28,1.8755,27.0,0.2
4633,10.64,746661.5051,2.0,0.19
4634,3.92,3.6635,15.0,1.22
4635,12.36,0.6118,-7.0,0.16
4636,10.6,421.334,-3.0,0.2
4637,8.48,0.3505,1.0,0.24
4638,12.76,714424.7638,-1.0,0.19
4639,6.12,13.1996,24.0,1.22
4640,9.76,0.3126,0.0,0.23
4641,10.48,0.5993,-5.0,0.22
4642,11.0,841.953,-3.0,0.19
4643,7.84,56466.0958,-2.0,0.16
4644,10.08,421.2943,-1.0,0.84
4645,7.24,40.9345,3.0,0.19
4646,7.24,67851.9331,5.0,0.22
4647,4.6,19.4496,19.0,0.23
4648,7.0,33900.6091,17.0,0.19
4649,7.24,120035.6326,17.0,0.89
4650,6.84,6.5121,-7.0,0.17
4651,4.88,8.9073,27.0,0.19
4652,7.08,986256.9292,0.0,0.19
4653,7.08,120033.6114,25.0,0.22
4654,7.36,1.8107,3.0,0.18
4655,6.36,787428.9128,3.0,1.03
4656,10.12,0.3318,-9.0,0.17
4657,3.76,340359.408,4.0,0.16
4658,11.44,119906.6441,3.0,0.2
4659,10.08,421.0111,-1.0,0.19
4660,5.44,845.2992,-7.0,0.99
4661,8.24,0.8979,1.0,0.21
4662,9.16,0.0651,0.0,0.17
4663,8.68,424.2262,-3.0,0.2
4664,8.52,119083.7843,-2.0,0.18
4665,5.88,480138.0087,1.0,0.88
4666,4.36,8.8098,14.0,0.19
4667,11.52,752569.9696,1.0,0.28
4668,10.32,335781.5114,6.0,0.2
4669,4.36,0.0384,0.0,0.22
4670,4.96,35.2461,29.0,0.93
4671,4.24,10.7493,23.0,0.19
4672,4.2,187752.0704,1.0,0.19
4673,5.12,14.2642,26.0,0.18
4674,6.4,2.7207,4.0,0.17
4675,4.04,0.0382,1.0,1.12
4676,8.08,1027344.7802,0.0,0.2
4677,9.0,38.7969,1.0,0.2
4678,11.36,0.1757,4.0,0.21
4679,7.6,1.4377,2.0,0.18
4680,3.72,8.9685,17.0,1.01
4681,6.12,17.5965,27.0,0.21
4682,8.28,461.399,-1.0,0.22
4683,8.0,819299.5289,0.0,0.24
4684,7.0,41.1723,-2.0,0.18
4685,11.48,841.9317,-11.0,1.08
4686,10.96,421.036,-4.0,0.19
4687,3.8,14.2828,25.0,0.19
4688,8.0,32236.7384,4.0,0.17
4689,3.8,28.1286,24.0,0.19
4690,8.32,15.0559,-2.0,1.01
4691,6.84,3.8009,2.0,0.19
4692,8.04,24.7483,15.0,0.18
4693,4.76,547568.2778,9.0,0.19
4694,8.16,21.2577,14.0,0.18
4695,7.92,38.5148,0.0,0.19
4696,4.36,12.3221,23.0,0.17
4697,7.24,221.1982,3.0,0.18
4698,2.76,8.8486,19.0,0.16
4699,3.64,8.9367,21.0,0.17
4700,5.56,33888.0664,23.0,0.19
4701,5.28,187752.114,0.0,1.05
4702,6.4,6.0188,-5.0,0.17
4703,6.68,120023.782,24.0,0.18
4704,7.36,0.0132,-6.0,0.19
4705,6.92,18.5775,26.0,0.27
4706,4.6,184.5467,-4.0,0.84
4707,8.68,0.0556,-4.0,0.25
4708,3.04,8.9428,19.0,0.16
4709,2.96,8.9681,11.0,0.16
4710,5.2,29.8816,27.0,0.19
4711,6.8,2.7036,20.0,1.04
4712,5.8,526998.496,7.0,0.25
4713,10.64,841.9892,-3.0,0.19
4714,7.44,39.4245,2.0,0.22
4715,10.48,0.076,-5.0,0.19
4716,4.6,9.002,28.0,0.9
4717,6.12,120022.4485,25.0,0.18
4718,2.76,8.8392,15.0,0.16
4719,5.52,818848.2234,-2.0,0.17
4720,3.36,36.962,29.0,0.19
4721,11.28,32264.2311,-1.0,0.97
4722,9.68,421.2525,-1.0,0.19
4723,5.6,8.8005,24.0,0.21
4724,9.4,0.3085,0.0,0.2
4725,11.08,1274.6231,-6.0,0.2
4726,7.96,32236.7434,2.0,1.02
4727,8.92,13.4318,-1.0,0.19
4728,7.68,42.9161,-3.0,0.22
4729,5.24,29.8779,27.0,0.26
4730,7.44,29.4484,14.0,0.22
4731,2.64,0.0729,17.0,0.9
4732,9.6,0.4912,2.0,0.18
4733,6.44,6.5044,-8.0,0.17
4734,6.76,2.7746,3.0,0.17
4735,3.08,0.0602,19.0,0.17
4736,3.52,19.4582,22.0,0.18
4737,3.96,19.3496,30.0,0.23
4738,9.44,0.4981,-5.0,0.19
4739,7.08,4.9655,-1.0,0.16
4740,6.72,4.3984,-3.0,0.17
4741,2.56,8.9431,3.0,0.19
4742,8.88,392406.7115,3.0,0.88
4743,6.92,43.0971,-2.0,0.19
4744,6.76,14.9394,21.0,0.21
4745,5.08,1.87,24.0,0.2
4746,7.56,78.0676,1.0,0.19
4747,5.16,120035.6328,22.0,0.93
4748,7.96,2.4194,-1.0,0.18
4749,9.48,0.8616,-5.0,0.19
4750,10.84,421.0029,-7.0,0.21
4751,6.92,120017.2213,24.0,0.2
4752,3.6,52.7335,31.0,0.91
4753,8.96,1685.9908,-7.0,0.18
4754,7.52,40.5239,3.0,0.22
4755,7.64,720111.2604,2.0,0.18
4756,6.16,120023.9215,20.0,0.18
4757,5.6,17.582,26.0,0.87
4758,8.48,120026.1598,6.0,0.24
4759,10.88,841.9606,-1.0,0.2
4760,6.48,12.3248,24.0,0.25
4761,8.24,120019.8645,6.0,0.17
4762,7.28,6.172,14.0,1.05
4763,9.68,433.2952,-1.0,0.19
4764,4.36,1.9029,19.0,0.17
4765,7.72,0.0717,0.0,0.21
4766,10.24,841.9797,-1.0,0.23
4767,10.0,842.5367,-4.0,0.95
4768,9.08,0.0742,-2.0,0.18
4769,9.44,0.3148,-1.0,0.24
4770,3.76,0.1562,21.0,0.17
4771,7.76,38.3428,0.0,0.18
4772,12.28,478891.0576,-1.0,1.04
4773,7.48,1.9771,1.0,0.19
4774,8.72,1.7251,0.0,0.26
4775,4.2,0.0644,28.0,0.2
4776,11.32,0.8104,-3.0,0.18
4777,7.0,21.7554,25.0,0.95
4778,10.76,421.013,-5.0,0.2
4779,4.0,0.0659,13.0,0.17
4780,5.68,19.5637,24.0,0.19
4781,8.84,421.3655,1.0,0.19
4782,5.88,120040.0972,25.0,0.25
4783,7.36,819272.2024,0.0,1.02
4784,8.52,0.0339,-2.0,0.18
4785,10.24,421.5693,-4.0,0.23
4786,7.2,145.752,3.0,0.17
4787,7.32,2.7198,1.0,0.29
4788,2.52,8.8382,8.0,1.55
4789,4.92,407093.5629,-6.0,0.17
4790,10.12,4855.1762,0.0,0.18
4791,4.68,28.2379,23.0,0.33
4792,3.88,47.5435,33.0,0.2
4793,6.8,8309.0344,21.0,1.1
4794,2.64,8.8588,14.0,0.19
4795,9.72,0.1838,2.0,0.19
4796,14.24,635.5978,-3.0,0.21
4797,4.52,19.3896,20.0,0.21
4798,5.68,13.6328,19.0,1.02
4799,5.08,1189923.6805,7.0,0.23
4800,9.84,3.0851,3.0,0.16
4801,3.96,10.6678,19.0,0.17
4802,9.08,152818.8332,2.0,0.24
4803,3.8,17.6114,28.0,0.95
4804,8.88,120857.8138,-1.0,0.19
4805,12.2,0.0409,1.0,0.17
4806,7.84,360166.6122,-1.0,0.17
4807,10.92,0.0274,4.0,0.17
4808,7.8,422.696,1.0,0.84
4809,3.4,17.7234,24.0,0.17
4810,6.4,18.9256,24.0,0.23
4811,5.84,31.633,26.0,0.25
4812,10.08,1297.4173,0.0,0.26
4813,14.24,5428.9641,-7.0,0.86
4814,2.8,1.8349,9.0,0.16
4815,4.08,8.8244,19.0,0.19
4816,9.56,38.2815,-1.0,0.21
4817,4.28,1.9318,12.0,0.21
4818,9.64,854.7965,0.0,0.96
4819,6.16,10.1179,22.0,0.18
4820,6.12,120013.6622,27.0,0.18
4821,2.68,17.6254,9.0,0.2
4822,7.32,1.3312,0.0,0.19
4823,7.04,3.8029,-1.0,0.18
4824,10.36,38.315,-2.0,0.23
4825,7.92,1123029.9398,-1.0,0.23
4826,6.84,36.9291,23.0,0.2
4827,3.76,35.2672,21.0,0.18
4828,13.44,6.0306,0.0,0.2
4829,6.6,42.0152,3.0,0.83
4830,8.28,120022.0541,7.0,0.21
4831,3.4,19.3832,21.0,0.19
4832,11.88,1802.4445,-2.0,0.18
4833,4.52,14.2719,24.0,0.19
4834,5.2,10.5847,20.0,0.92
4835,3.16,8.8584,17.0,0.17
4836,7.28,426.1165,1.0,0.21
4837,3.4,0.0519,5.0,0.16
4838,4.96,19.3537,24.0,0.23
4839,9.56,0.3399,-5.0,1.34
4840,2.92,8.935,11.0,0.21
4841,6.16,162.2482,-5.0,0.22
4842,9.8,38.5702,-1.0,0.21
4843,5.0,10.126,18.0,0.22
4844,6.48,4.621,-1.0,0.97
4845,9.88,842.2094,1.0,0.24
4846,5.4,495403.619,3.0,0.2
4847,8.32,151.3339,2.0,0.17
4848,5.96,120023.0352,19.0,0.18
4849,8.88,880.1819,0.0,0.98
4850,8.32,239919.4532,0.0,0.18
4851,3.4,8.9302,16.0,0.19
4852,7.44,423.7004,1.0,0.19
4853,10.8,421.0081,-8.0,0.27
4854,3.32,0.2034,-2.0,1.01
4855,4.88,28.1223,28.0,0.27
4856,10.6,1301.3627,-2.0,0.4
4857,4.08,35.2007,26.0,0.21
4858,2.84,0.0686,14.0,0.32
4859,4.12,0.1344,14.0,1.22
4860,4.16,17.782,26.0,0.22
4861,3.96,42.3756,29.0,0.24
4862,6.24,35.2468,23.0,0.21
4863,11.08,0.6534,8.0,0.22
4864,10.92,1722.0744,-6.0,0.2
4865,7.16,3.8982,3.0,0.19
4866,8.44,32236.738,4.0,0.19
4867,3.08,1.8204,18.0,0.16
4868,6.64,1.8633,1.0,0.23
4869,10.08,12.078,-1.0,0.25
4870,2.64,17.6274,3.0,1.89
4871,3.24,17.5924,20.0,0.23
4872,8.16,39.109,1.0,0.22
4873,8.6,0.6503,2.0,0.23
4874,7.28,1174133.4388,0.0,0.2
4875,7.44,0.0035,-5.0,1.14
4876,3.04,10.5882,5.0,0.2
4877,6.4,6.0203,-3.0,0.16
4878,3.92,8.9546,9.0,0.18
4879,9.68,0.3447,1.0,0.18
4880,8.6,901.1999,-6.0,1.13
4881,8.36,3.3852,-1.0,0.17
4882,4.0,9.1287,27.0,0.17
4883,8.24,13.4054,-1.0,0.18
4884,3.08,10.6177,17.0,0.17
4885,6.84,5.9669,-4.0,1.12
4886,3.44,19.3833,31.0,0.17
4887,5.28,67854.0646,-4.0,0.2
4888,6.0,599732.3658,0.0,0.19
4889,7.48,0.0081,-3.0,0.18
4890,9.16,433.3444,2.0,1.06
4891,6.68,4.1382,0.0,0.16
4892,10.68,0.3834,-4.0,0.19
4893,3.6,21.7874,17.0,0.18
4894,6.84,2.3476,2.0,0.16
4895,4.4,359705.9639,6.0,0.92
4896,7.0,41.5847,-4.0,0.16
4897,11.72,64477.0825,-2.0,0.2
4898,7.04,2.2912,2.0,0.2
4899,5.72,20.2812,20.0,0.18
4900,8.2,25.069,17.0,0.85
4901,6.16,13.6487,20.0,0.18
4902,5.16,30.1308,27.0,0.18
4903,5.52,1.6208,24.0,0.19
4904,7.56,35.8855,12.0,0.23
4905,6.56,11.9129,23.0,0.92
4906,9.12,0.2982,0.0,0.22
4907,6.4,10.5561,24.0,0.26
4908,4.64,698947.4854,7.0,0.17
4909,5.92,10.2645,21.0,0.21
4910,5.8,1.7845,27.0,0.26
4911,4.24,19.3593,30.0,1.08
4912,7.96,120022.1576,12.0,0.17
4913,6.04,110.3057,6.0,0.17
4914,6.8,1633452.4021,1.0,0.19
4915,7.72,3.4279,-4.0,0.18
4916,9.88,0.3157,-1.0,1.09
4917,4.2,0.1027,2.0,0.17
4918,3.48,9.0376,27.0,0.17
4919,3.32,0.0552,15.0,0.19
4920,6.8,3.8562,1.0,0.23
4921,9.48,841.9556,1.0,1.15
4922,5.48,0.1117,25.0,0.19
4923,9.84,421.2714,1.0,0.2
4924,11.6,122617.85,-3.0,0.2
4925,6.4,8341.106,19.0,0.19
4926,9.72,119084.7258,-2.0,1.06
4927,10.84,238162.6361,-6.0,0.18
4928,4.28,11.4835,9.0,0.18
4929,4.68,67849.5653,0.0,0.22
4930,2.88,8.8522,14.0,0.19
4931,5.76,8.665,-9.0,0.97
4932,7.8,40.3934,2.0,0.2
4933,5.88,19.5138,27.0,0.19
4934,3.88,10.7476,26.0,0.18
4935,10.88,2.5542,-4.0,0.18
4936,3.32,21.3125,12.0,0.88
4937,6.4,426.9122,-3.0,0.19
4938,5.88,719580.1265,2.0,0.17
4939,7.36,42.5624,-3.0,0.18
4940,2.88,8.841,4.0,0.17
4941,7.48,40.4506,0.0,0.96
4942,3.44,26.507,30.0,0.22
4943,3.2,17.598,16.0,0.19
4944,8.36,0.6317,-4.0,0.18
4945,5.6,0.0173,25.0,0.27
4946,3.52,8.8556,9.0,1.05
4947,4.0,10.6611,17.0,0.21
4948,3.48,17.6186,18.0,0.18
4949,6.64,120043.1966,19.0,0.19
4950,13.08,0.0117,0.0,0.17
4951,5.08,19.3744,26.0,0.22
4952,6.08,67849.8805,1.0,0.17
4953,6.28,8.7958,25.0,0.19
4954,5.84,11.9573,10.0,0.18
4955,6.92,120015.7482,18.0,0.18
4956,9.6,12.4156,-2.0,0.19
4957,10.2,0.0144,1.0,0.95
4958,3.36,35.1688,30.0,0.22
4959,6.28,10.1256,26.0,0.82
4960,8.96,0.0787,-3.0,0.2
4961,11.56,841.9695,-11.0,0.21
4962,12.76,77.3019,0.0,1.03
4963,7.0,42.3502,-5.0,0.17
4964,9.92,842.7482,-2.0,0.18
4965,11.16,0.0898,-8.0,0.22
4966,14.4,5.9249,-3.0,0.21
4967,9.08,76.4504,1.0,0.93
4968,7.8,50.6113,3.0,0.18
4969,10.4,119081.4046,-2.0,0.2
4970,10.28,421.2534,-5.0,0.27
4971,8.04,120056.7074,13.0,0.24
4972,3.36,8.8534,30.0,0.93
4973,8.0,1.0622,1.0,0.25
4974,7.96,2.0942,2.0,0.25
4975,7.96,3.0027,-2.0,0.2
4976,7.28,39.1384,21.0,0.26
4977,12.44,360166.654,-3.0,0.96
4978,8.36,360169.974,4.0,0.16
4979,4.32,2.0374,11.0,0.16
4980,6.12,4.5632,0.0,0.16
4981,7.4,3.0538,-1.0,0.17
4982,7.68,39.3118,0.0,0.85
4983,6.52,4.397,-2.0,0.16
4984,9.76,421.287,0.0,0.21
4985,6.88,3.3214,0.0,0.2
4986,5.84,934087.6058,2.0,0.18
4987,8.64,240450.0062,-4.0,0.87
4988,10.64,0.0218,-2.0,0.17
4989,13.4,74.2794,0.0,0.19
4990,3.04,8.8412,13.0,0.16
4991,4.12,0.2365,21.0,0.21
4992,3.4,17.62,19.0,0.18
4993,4.52,10.9438,29.0,0.18
4994,7.28,120415.4111,21.0,0.18
4995,5.48,8.8276,25.0,0.19
4996,11.2,853.7393,-8.0,0.21
4997,6.68,2.4024,2.0,0.23
4998,14.12,2566.0134,-6.0,0.92
4999,10.68,432.783,-9.0,0.21
5000,8.0,1.1005,0.0,0.21
5001,5.08,17.683,26.0,0.19
5002,7.92,120019.1495,7.0,0.2
5003,15.08,628.1938,-5.0,1.0
5004,6.92,19.8259,24.0,0.2
5005,4.52,8.8178,24.0,0.17
5006,8.2,421.5755,1.0,0.2
5007,10.76,0.4203,-4.0,0.22
5008,11.08,1262.8781,-6.0,1.01
5009,6.12,3.9692,5.0,0.16
5010,6.12,28.1553,25.0,0.18
5011,4.92,8.8451,18.0,0.18
5012,11.08,0.0171,-2.0,0.22
5013,7.32,120023.8562,14.0,0.91
5014,7.56,145.7602,1.0,0.23
5015,7.84,32236.7893,3.0,0.17
5016,6.64,42.5552,-1.0,0.17
5017,10.0,49.9952,-2.0,0.2
5018,2.68,0.0597,0.0,0.92
5019,7.16,15.8421,0.0,0.18
5020,8.28,0.0851,0.0,0.17
5021,4.2,20.6815,23.0,0.17
5022,10.88,841.9379,-5.0,0.2
5023,2.8,17.6814,25.0,1.1
5024,7.36,15.8471,-2.0,0.29
5025,8.52,459.2588,0.0,0.22
5026,4.44,10.6622,27.0,0.26
5027,9.16,38.8018,2.0,0.2
5028,7.72,0.407,-1.0,1.11
5029,8.36,340509.9892,-3.0,0.2
5030,13.28,0.0351,-10.0,0.23
5031,11.32,239.2976,1.0,0.19
5032,6.04,975115.9422,2.0,0.23
5033,12.4,0.0419,-2.0,1.08
5034,9.96,842.792,1.0,0.21
5035,8.84,120013.7308,-2.0,0.23
5036,7.4,120027.4627,17.0,0.21
5037,9.16,12.1534,1.0,0.2
5038,7.12,26.4788,23.0,0.21
5039,9.48,239124.2817,6.0,1.03
5040,7.76,239918.6702,-1.0,0.19
5041,12.32,6.1356,-8.0,0.17
5042,4.72,5.2842,27.0,0.21
5043,9.52,421.0509,0.0,0.22
5044,8.16,38.8076,1.0,0.99
5045,12.48,1.7726,-5.0,0.19
5046,7.24,120036.9189,10.0,0.21
5047,8.2,0.0126,2.0,0.17
5048,9.28,433.8068,-1.0,0.19
5049,11.28,1056059.8644,3.0,1.52
5050,8.76,120027.3576,3.0,0.18
5051,11.0,421.0317,-2.0,0.19
5052,7.44,1.6385,3.0,0.21
5053,8.0,424.2071,-1.0,0.24
5054,3.28,3.5778,19.0,1.14
5055,3.8,17.7307,25.0,0.26
5056,9.12,239124.327,2.0,0.23
5057,7.04,120057.6778,20.0,0.2
5058,6.4,240042.2673,20.0,0.23
5059,4.2,13.6464,27.0,1.01
5060,3.12,17.7121,15.0,0.2
5061,5.88,2.0266,25.0,0.25
5062,9.72,0.0323,-1.0,0.28
5063,7.12,2.7751,-1.0,0.36
5064,9.52,421.5361,-1.0,1.06
5065,5.88,20.8095,17.0,0.22
5066,4.48,26.511,19.0,0.2
5067,6.56,4.0862,4.0,0.27
5068,6.76,2076603.8298,2.0,0.23
5069,12.48,124287.8932,1.0,1.14
5070,5.88,10.6792,26.0,0.27
5071,7.2,120033.0304,19.0,0.31
5072,6.24,4.5081,0.0,0.17
5073,11.0,841.9364,0.0,0.28
5074,9.96,0.1024,0.0,1.16
5075,10.16,842.2671,-1.0,0.21
5076,9.52,0.6004,0.0,0.28
5077,6.96,120024.3766,19.0,0.26
5078,8.36,240062.5782,9.0,0.28
5079,11.0,1684.1599,-3.0,0.26
5080,10.28,421.2662,-3.0,0.23
5081,5.44,8.1809,-1.0,0.2
5082,7.0,12.8507,25.0,0.2
5083,6.0,131.4381,1.0,0.18
5084,6.76,1.7962,23.0,0.24
5085,7.56,2.2954,0.0,0.94
5086,3.84,8.8438,10.0,0.2
5087,6.2,7.585,-5.0,0.21
5088,11.36,11.0626,4.0,0.18
5089,9.4,0.0392,-1.0,0.17
5090,10.28,0.0641,-3.0,0.9
5091,6.68,120027.3622,19.0,0.22
5092,7.56,424.271,2.0,0.22
5093,7.76,39.646,1.0,0.18
5094,11.76,238162.8972,2.0,0.21
5095,6.0,139.8164,1.0,1.05
5096,3.64,8.8361,17.0,0.25
5097,9.32,0.1803,-1.0,0.2
5098,3.8,26.405,24.0,0.19
5099,3.64,8.9292,14.0,0.19
5100,10.96,1262.9229,-2.0,1.03
5101,8.52,14.2485,2.0,0.23
5102,4.32,19.4544,28.0,0.25
5103,3.2,10.6139,20.0,0.18
5104,4.36,10.575,31.0,0.19
5105,9.16,880.7015,2.0,1.08
5106,7.04,120435.7312,1.0,0.22
5107,14.76,619.9396,-6.0,0.23
5108,4.28,1.8842,25.0,0.29
5109,4.64,67850.4059,7.0,0.2
5110,11.24,0.1236,-6.0,1.18
5111,6.6,40.0739,4.0,0.19
5112,13.16,24.1486,-7.0,0.22
5113,8.84,844.2603,-4.0,0.21
5114,11.16,841.9978,-2.0,0.25
5115,6.08,120025.9582,25.0,1.07
5116,5.52,37.0189,26.0,0.23
5117,11.0,421.0028,-6.0,0.2
5118,5.84,19.8449,18.0,0.2
5119,11.92,392403.9034,0.0,0.2
5120,13.4,2640.3273,-6.0,0.19
5121,7.6,846.2358,-1.0,0.18
5122,3.64,8.9116,17.0,0.2
5123,7.52,3.6126,-2.0,0.19
5124,9.56,359874.6744,6.0,0.2
5125,9.68,843.3136,-3.0,0.21
5126,8.0,120017.7837,13.0,0.98
5127,11.8,0.3464,5.0,0.19
5128,8.32,6.3674,0.0,0.22
5129,4.52,0.1243,22.0,0.83
5130,9.64,422.1176,-3.0,0.2
5131,9.08,240451.1281,-2.0,1.06
5132,4.96,15.9505,19.0,0.2
5133,8.16,120026.1108,16.0,0.24
5134,11.04,714424.8186,0.0,0.21
5135,5.08,37.0164,28.0,0.21
5136,9.2,38.5375,-3.0,1.01
5137,4.84,19.3428,26.0,0.22
5138,9.0,19.4802,0.0,0.23
5139,3.36,8.8538,12.0,0.28
5140,9.72,459.5009,-2.0,0.19
5141,6.6,4.5637,-2.0,1.1
5142,10.24,421.005,0.0,0.2
5143,7.88,0.009,0.0,0.21
5144,9.32,0.6519,1.0,0.21
5145,6.4,114750.3912,19.0,0.22
5146,4.52,119900.8818,1.0,1.25
5147,5.4,13.6642,7.0,0.22
5148,9.76,38.2613,-3.0,0.21
5149,9.28,0.307,0.0,0.25
5150,5.48,33898.5069,27.0,0.22
5151,11.56,421.1057,-11.0,0.99
5152,4.84,11.2429,29.0,0.18
5153,9.36,38.2538,0.0,0.21
5154,7.92,14.2614,10.0,0.18
5155,4.36,21.1306,31.0,0.18
5156,6.04,14.7518,25.0,1.12
5157,6.6,170605.3818,6.0,0.17
5158,3.48,17.6215,27.0,0.18
5159,4.76,17.7068,22.0,0.18
5160,3.64,28.1559,28.0,0.18
5161,11.0,5.55,3.0,0.98
5162,6.68,46.0609,25.0,0.25
5163,9.04,146.0456,0.0,0.17
5164,3.52,8.9466,16.0,0.19
5165,5.2,1.8929,26.0,0.2
5166,5.88,7.5841,-6.0,0.2
5167,6.88,77.7121,-1.0,0.9
5168,12.8,0.079,-5.0,0.22
5169,11.2,841.9866,-5.0,0.2
5170,6.84,240049.2886,19.0,0.18
5171,6.48,1.8251,21.0,0.2
5172,11.28,841.9527,-8.0,0.92
5173,14.72,15.1869,-3.0,0.18
5174,11.04,1859.8981,-7.0,0.22
5175,9.24,356122.7744,-6.0,0.18
5176,8.32,1.3908,1.0,0.21
5177,10.32,841.9673,-5.0,1.13
5178,14.24,360093.0361,-3.0,0.19
5179,11.04,421.0864,-7.0,0.19
5180,5.96,6.5605,2.0,0.18
5181,4.92,10.5528,24.0,0.25
5182,4.88,29.9804,27.0,1.24
5183,5.6,47.439,25.0,0.25
5184,7.36,3.8591,0.0,0.19
5185,8.32,64473.4621,2.0,0.18
5186,9.6,170642.9428,-4.0,0.3
5187,10.6,0.1643,-6.0,1.16
5188,4.6,17.6102,20.0,0.2
5189,2.6,8.8424,8.0,0.2
5190,10.88,67758.8712,0.0,0.21
5191,3.4,19.3772,16.0,0.22
5192,9.48,459.1951,1.0,1.06
5193,5.64,9.755,-13.0,0.19
5194,3.76,8.8321,19.0,0.19
5195,3.76,8.8379,18.0,0.21
5196,11.44,33879.2707,-1.0,0.18
5197,7.88,120026.0403,14.0,1.07
5198,7.52,35.2009,23.0,0.2
5199,6.64,5.9673,-3.0,0.17
5200,11.64,420.99,-9.0,0.18
5201,8.8,0.2505,-4.0,0.18
5202,10.2,853.6919,0.0,1.22
5203,11.4,842.0445,-6.0,0.22
5204,6.72,120038.3203,15.0,0.17
5205,8.88,355701.9009,-4.0,0.19
5206,7.28,9.3681,20.0,0.21
5207,5.96,3.7209,21.0,0.21
5208,10.28,421.0077,-2.0,0.19
5209,9.0,38.5594,2.0,0.2
5210,11.16,435.0192,-4.0,0.21
5211,5.52,7.1554,0.0,0.16
5212,7.92,120032.5722,12.0,0.21
5213,3.32,0.0509,9.0,1.47
5214,7.48,4973.0417,4.0,0.18
5215,11.08,0.4072,3.0,0.17
5216,3.04,1.7966,18.0,0.17
5217,10.84,0.1667,-6.0,0.18
5218,2.84,8.8881,11.0,0.94
5219,5.88,407092.8244,6.0,0.29
5220,4.72,10.6014,17.0,0.22
5221,5.4,19.4397,27.0,0.25
5222,9.0,0.8604,-1.0,0.26
5223,10.2,421.0895,-1.0,0.96
5224,7.64,22.0765,20.0,0.23
5225,4.68,35.2502,32.0,0.18
5226,4.64,12.4436,9.0,0.17
5227,7.92,20.3921,14.0,0.2
5228,13.08,360092.0695,-4.0,1.05
5229,4.28,12.4216,22.0,0.29
5230,7.88,1258603.4863,0.0,0.25
5231,5.4,21.1801,21.0,0.23
5232,5.12,21.388,26.0,0.21
5233,7.08,1.7007,5.0,0.95
5234,9.76,32236.7951,4.0,0.18
5235,4.4,21.107,28.0,0.19
5236,10.56,5901.7333,0.0,0.18
5237,8.84,0.6612,-2.0,0.24
5238,4.0,8.9304,27.0,0.93
5239,7.92,0.6192,2.0,0.22
5240,7.56,240053.7322,19.0,0.25
5241,11.08,841.9554,-3.0,0.18
5242,5.24,33898.6068,27.0,0.24
5243,5.56,35.26,27.0,1.23
5244,6.36,120046.6327,23.0,0.32
5245,9.64,38.9664,-1.0,0.26
5246,8.0,1.4909,2.0,0.31
5247,3.72,29.2871,27.0,0.28
5248,7.96,424.4981,0.0,0.23
5249,4.88,18.0699,25.0,0.21
5250,5.96,120018.5058,20.0,0.21
5251,5.88,12.3488,24.0,0.21
5252,3.68,8.9234,21.0,0.24
5253,7.56,3.359,1.0,0.23
5254,3.28,8.8386,9.0,0.98
5255,11.28,6.6613,-2.0,0.22
5256,4.0,10.5827,23.0,0.18
5257,9.28,0.9348,-1.0,0.24
5258,3.92,26.5979,21.0,0.25
5259,8.32,4.3826,-9.0,1.44
5260,4.92,8.9797,22.0,0.24
5261,11.12,6657.5504,-5.0,0.23
5262,3.56,26.4833,21.0,0.28
5263,8.04,4.3803,-2.0,0.27
5264,3.72,45.6961,32.0,1.14
5265,4.0,26.3931,31.0,0.23
5266,7.16,424.8123,2.0,0.28
5267,5.12,35.2805,25.0,0.32
5268,7.32,21.141,23.0,0.31
5269,5.72,240041.0732,24.0,1.16
5270,4.8,21.0951,27.0,0.3
5271,3.48,8.9357,20.0,0.23
5272,6.44,240039.7203,23.0,0.29
5273,3.24,17.6066,18.0,0.26
5274,8.92,1.6931,-1.0,1.22
5275,9.36,239124.2754,2.0,0.24
5276,3.24,0.0184,21.0,0.24
5277,7.4,68275.0425,0.0,0.24
5278,3.92,19.8304,20.0,0.26
5279,3.32,0.8863,23.0,1.13
5280,6.72,120028.2495,22.0,0.28
5281,10.12,421.2852,-3.0,0.21
5282,12.16,695917.3071,0.0,0.2
5283,9.84,841.9701,-3.0,0.19
5284,7.6,14.2798,1.0,0.89
5285,9.08,843.0502,-4.0,0.18
5286,11.16,0.0593,2.0,0.2
5287,4.56,17.6261,24.0,0.22
5288,8.96,38.857,1.0,0.21
5289,10.88,421.0351,-6.0,1.79
5290,2.44,0.1016,10.0,0.27
5291,6.32,475185.1531,3.0,0.21
5292,8.2,422.1252,2.0,0.24
5293,8.72,361878.035,0.0,0.24
5294,9.56,0.1185,0.0,0.32
5295,3.72,0.0366,19.0,1.23
5296,8.0,423.78,-1.0,0.26
5297,4.88,339244.1685,9.0,0.22
5298,9.6,842.5812,0.0,0.25
5299,5.36,0.0676,24.0,0.25
5300,6.48,8.81,24.0,1.02
5301,11.84,3.7832,0.0,0.2
5302,6.72,0.0441,24.0,0.23
5303,4.8,427552.7923,-1.0,0.21
5304,5.16,240047.9761,24.0,0.25
5305,10.68,0.1548,1.0,1.0
5306,3.92,0.0544,11.0,0.25
5307,10.12,421.0256,1.0,0.29
5308,6.04,4.4528,4.0,0.23
5309,4.0,29.9191,21.0,0.19
5310,9.44,0.3116,-1.0,1.04
5311,10.2,0.0886,-3.0,0.25
5312,8.6,0.3654,0.0,0.21
5313,3.68,0.0608,17.0,0.23
5314,9.52,12.9291,0.0,0.23
5315,5.56,2.0173,20.0,1.1
5316,4.8,17.7087,24.0,0.29
5317,3.72,26.4048,31.0,0.25
5318,7.08,5.8822,19.0,0.24
5319,11.12,0.1396,-2.0,0.25
5320,10.92,842.27,-2.0,1.29
5321,7.8,120029.1074,15.0,0.24
5322,9.96,0.8659,-1.0,0.43
5323,5.2,28.3276,27.0,0.26
5324,8.04,579159.3684,0.0,0.28
5325,6.68,8.8956,22.0,1.35
5326,7.68,4.1482,13.0,0.23
5327,10.44,843.5876,-2.0,0.22
5328,4.24,26.55,30.0,0.2
5329,7.68,39.5989,1.0,0.21
5330,8.28,2.826,-2.0,1.14
5331,2.68,8.8555,1.0,0.2
5332,10.0,0.3611,-1.0,0.21
5333,6.44,169482.3258,3.0,0.21
5334,6.36,719584.4742,3.0,0.19
5335,4.88,10.7955,22.0,0.22
5336,5.48,719515.2376,1.0,0.19
5337,6.84,5.4243,-2.0,0.21
5338,6.88,3.3241,-3.0,0.18
5339,8.04,3.8514,-5.0,0.2
5340,6.04,5.5349,0.0,0.18
5341,8.76,0.0433,5.0,0.96
5342,3.72,21.1241,19.0,0.17
5343,10.48,0.0568,-1.0,0.24
5344,5.68,67851.3048,3.0,0.19
5345,5.2,4.9035,24.0,0.21
5346,10.64,420.9788,-4.0,1.17
5347,9.08,902.0572,1.0,0.21
5348,6.36,28.1372,22.0,0.21
5349,3.72,9.0163,29.0,0.18
5350,5.64,479720.6926,7.0,0.23
5351,6.2,18.92,25.0,1.04
5352,8.92,0.093,2.0,0.2
5353,5.4,187757.3374,2.0,0.19
5354,8.52,3.4419,0.0,0.19
5355,4.76,1.9226,14.0,0.18
5356,7.4,4.3708,-1.0,1.02
5357,8.96,11.8346,0.0,0.24
5358,7.96,240036.5744,15.0,0.2
5359,4.44,427554.0746,-3.0,0.21
5360,6.92,187864.309,2.0,0.2
5361,4.92,17.6085,24.0,1.18
5362,8.04,2.2608,0.0,0.26
5363,9.44,0.0187,-3.0,0.23
5364,9.92,0.6928,0.0,0.26
5365,7.36,8.8634,24.0,0.34
5366,7.64,3.3711,-7.0,1.81
5367,6.16,120019.4856,5.0,0.24
5368,5.72,17.5993,25.0,0.24
5369,6.92,4.3988,2.0,0.23
5370,6.12,0.0386,24.0,0.36
5371,7.6,1.9821,-1.0,1.11
5372,8.32,0.2956,0.0,0.29
5373,11.08,1683.8569,-8.0,0.25
5374,9.4,0.3082,0.0,0.31
5375,6.8,359832.8839,-5.0,0.25
5376,6.64,1022863.7343,1.0,0.23
5377,8.28,719691.2102,0.0,0.29
5378,8.12,1.2316,2.0,0.22
5379,12.92,5132.6475,-2.0,0.24
5380,8.4,120019.832,10.0,0.27
5381,9.84,0.6246,0.0,0.3
5382,3.8,3.543,22.0,1.14
5383,4.88,120022.4576,13.0,0.18
5384,3.0,8.8788,25.0,0.16
5385,9.2,119083.7697,5.0,0.22
5386,3.2,17.5974,14.0,0.23
5387,2.64,8.8752,23.0,1.02
5388,8.32,480312.0668,0.0,0.19
5389,10.64,1031623.1199,3.0,0.18
5390,6.2,766795.6047,2.0,0.17
5391,12.32,620.0482,0.0,0.2
5392,6.0,18.9572,25.0,1.13
5393,6.56,12.4406,23.0,0.2
5394,10.48,0.376,-1.0,0.22
5395,2.84,8.8434,13.0,0.16
5396,8.36,1.6405,1.0,0.23
5397,6.92,5.7097,-5.0,1.11
5398,8.52,422.1093,0.0,0.25
5399,11.24,0.6483,2.0,0.21
5400,3.88,8.8209,13.0,0.21
5401,8.72,120858.4517,-1.0,0.3
5402,9.84,0.076,-1.0,1.09
5403,7.68,3.8018,-1.0,0.2
5404,10.64,420.9997,-4.0,0.2
5405,6.36,6.027,0.0,0.21
5406,8.88,2.2303,0.0,0.19
5407,3.56,8.855,20.0,1.0
5408,4.32,49.9574,-13.0,0.22
5409,7.44,0.0211,-4.0,0.17
5410,6.52,10.6745,21.0,0.26
5411,5.04,359779.1112,-4.0,0.18
5412,10.16,420.9951,-1.0,1.09
5413,3.96,1171.8598,21.0,0.18
5414,14.2,2566.0163,-7.0,0.2
5415,7.68,14.5373,-1.0,0.21
5416,3.04,19.4922,20.0,0.19
5417,7.24,3.8602,3.0,1.08
5418,10.08,421.3565,-1.0,0.19
5419,6.28,766968.3377,3.0,0.22
5420,3.48,1.7928,12.0,0.28
5421,5.56,120028.5914,22.0,0.28
5422,8.16,77.5338,-1.0,0.29
5423,2.6,17.6174,-1.0,1.31
5424,6.96,11.1127,21.0,0.22
5425,6.56,4.9374,-1.0,0.23
5426,6.4,4.9356,-4.0,0.21
5427,4.52,12.4159,23.0,0.27
5428,4.28,12.5228,22.0,1.04
5429,8.92,1292.7039,-2.0,0.17
5430,10.88,420.974,-5.0,0.23
5431,8.88,77.0146,-1.0,0.26
5432,12.04,901.3799,-6.0,0.28
5433,3.4,17.8085,27.0,1.21
5434,12.96,0.0595,-7.0,0.28
5435,11.56,1683.9167,-7.0,0.24
5436,9.72,1122.0488,-3.0,0.26
5437,6.8,2.7764,5.0,0.26
5438,5.84,663044.6,3.0,1.29
5439,4.48,1.7935,24.0,0.25
5440,11.0,1262.8894,-3.0,0.27
5441,9.4,17.2618,0.0,0.28
5442,7.88,12.94,2.0,0.29
5443,10.72,151.0533,-2.0,1.78
5444,7.44,2.7512,4.0,0.31
5445,2.68,0.0923,11.0,0.29
5446,6.32,8.9248,22.0,0.24
5447,6.72,4.9462,-1.0,0.24
5448,4.92,26.4819,29.0,1.17
5449,12.68,153.1852,3.0,0.19
5450,7.72,14.3379,2.0,0.27
5451,4.56,0.1351,18.0,0.24
5452,6.6,181.8895,5.0,0.24
5453,3.88,28.1621,19.0,1.25
5454,4.48,495400.6751,7.0,0.22
5455,12.28,1075876.3845,-2.0,0.2
5456,5.96,4.994,3.0,0.18
5457,5.04,120022.557,22.0,0.2
5458,3.08,19.3832,21.0,1.17
5459,7.44,14.4782,-1.0,0.22
5460,9.88,0.0152,3.0,0.22
5461,3.36,0.0574,22.0,0.22
5462,6.52,4.9938,-4.0,0.24
5463,6.16,120027.2724,23.0,0.28
5464,6.48,4.7336,-3.0,0.29
5465,5.52,28.1621,23.0,0.31
5466,11.16,841.9865,-6.0,0.28
5467,5.52,28.3595,25.0,0.4
5468,10.36,0.9076,-3.0,0.29
5469,6.88,120027.73,19.0,1.13
5470,5.68,3.5378,20.0,0.21
5471,6.92,1.8619,1.0,0.21
5472,11.28,421.0339,-8.0,0.22
5473,10.04,421.2415,-2.0,0.23
5474,11.12,0.089,-4.0,1.21
5475,8.12,32236.7376,7.0,0.2
5476,9.96,459.1945,-3.0,0.23
5477,8.44,0.0185,0.0,0.21
5478,7.64,0.357,2.0,0.24
5479,5.68,1.8513,23.0,1.1
5480,6.92,3.8005,0.0,0.2
5481,8.16,2.4681,0.0,0.23
5482,9.6,0.6137,-1.0,0.25
5483,4.44,834644.7853,4.0,0.22
5484,5.76,6.5752,4.0,1.14
5485,10.08,420.971,0.0,0.22
5486,4.0,526995.3986,-6.0,0.21
5487,2.6,0.0758,11.0,0.19
5488,7.2,425.8882,-2.0,0.19
5489,12.2,360084.1087,3.0,1.13
5490,2.92,0.0755,10.0,0.21
5491,9.04,64500.9636,4.0,0.25
5492,4.12,10.6002,12.0,0.19
5493,4.84,2.6149,3.0,0.2
5494,6.8,699119.8475,2.0,0.9
5495,10.56,359842.4302,0.0,0.18
5496,11.0,7.7958,-2.0,0.16
5497,6.0,104.1812,-1.0,0.19
5498,4.92,1.8105,23.0,0.2
5499,3.08,0.2046,8.0,1.07
5500,6.96,120018.4892,19.0,0.24
5501,8.64,33886.9004,2.0,0.18
5502,5.96,17.6916,27.0,0.19
5503,11.84,0.4211,1.0,0.19
5504,11.36,1100919.6218,2.0,0.21
5505,6.88,3.8579,-1.0,0.22
5506,3.4,21.2147,17.0,0.25
5507,5.56,2.5389,26.0,0.24
5508,5.72,0.1132,26.0,0.23
5509,10.76,421.0457,-3.0,0.22
5510,5.08,19.5337,27.0,1.28
5511,3.8,28.1524,23.0,0.23
5512,10.84,0.1098,-3.0,0.19
5513,5.72,120025.8408,25.0,0.19
5514,14.44,360089.7053,0.0,0.26
5515,8.12,360046.2851,17.0,0.94
5516,11.6,901.3481,-4.0,0.22
5517,8.48,38.8503,0.0,0.21
5518,3.24,26.4894,19.0,0.25
5519,9.0,24.16,3.0,0.21
5520,7.96,39.3365,2.0,2.13
5521,9.56,421.5672,2.0,0.29
5522,3.2,10.6048,21.0,0.22
5523,8.52,0.5862,-1.0,0.36
5524,5.16,26.4815,26.0,0.28
5525,8.44,460.0604,2.0,1.12
5526,4.28,21.1968,25.0,0.24
5527,6.68,10.681,22.0,0.19
5528,3.6,14.0989,19.0,0.3
5529,3.84,407092.0257,-4.0,0.2
5530,7.4,40.4519,0.0,1.27
5531,13.4,360084.0484,-1.0,0.18
5532,6.76,35.6248,24.0,0.23
5533,6.52,1977050.3735,5.0,0.21
5534,5.88,7.6411,-4.0,0.25
5535,5.08,399.3387,24.0,1.27
5536,11.4,1683.8658,-5.0,0.2
5537,10.16,6.759,0.0,0.24
5538,7.28,19.3779,20.0,0.22
5539,9.08,38.5183,2.0,0.21
5540,12.08,335826.2821,-2.0,1.23
5541,3.6,28.1544,30.0,0.19
5542,8.16,120039.194,5.0,0.19
5543,8.16,839591.1909,-1.0,0.23
5544,5.68,26.455,28.0,0.23
5545,5.64,21.3033,23.0,0.94
5546,8.12,1038613.0837,-2.0,0.19
5547,8.0,0.67,1.0,0.21
5548,4.32,10.5997,30.0,0.24
5549,7.64,240051.4956,18.0,0.19
5550,6.52,4.1358,3.0,0.17
5551,6.96,13.0068,14.0,1.01
5552,5.52,8.7968,27.0,0.21
5553,3.72,26.3768,23.0,0.2
5554,3.24,8.8375,21.0,0.2
5555,2.96,8.9233,20.0,0.17
5556,3.36,28.3354,21.0,0.89
5557,7.72,1.9738,-1.0,0.19
5558,4.2,67850.5075,1.0,0.19
5559,5.8,21.5867,22.0,0.23
5560,13.8,619.6644,0.0,0.24
5561,6.4,3.9127,-1.0,0.91
5562,5.32,17.6835,27.0,0.21
5563,6.76,3.9122,1.0,0.19
5564,4.56,19.39,22.0,0.18
5565,3.32,10.6626,10.0,0.18
5566,9.56,420.9874,-3.0,1.03
5567,7.6,5.8122,16.0,0.19
5568,9.32,0.0452,-2.0,0.25
5569,3.96,26.4681,22.0,0.18
5570,7.8,3.27,-1.0,0.19
5571,14.44,1245.0942,-3.0,0.91
5572,4.84,79.4378,3.0,0.19
5573,6.32,683154.2059,1.0,0.2
5574,8.72,296.418,3.0,0.26
5575,7.96,120046.668,11.0,0.22
5576,9.6,339999.0825,-4.0,0.98
5577,8.48,120017.7982,0.0,0.19
5578,6.88,120018.5558,20.0,0.21
5579,7.8,1.9194,1.0,0.21
5580,5.92,4.7841,24.0,0.21
5581,4.2,359704.2777,4.0,0.92
5582,4.48,339244.2486,-1.0,0.19
5583,3.44,8.9182,30.0,0.18
5584,3.2,1.8197,23.0,0.22
5585,8.52,7051.8712,3.0,0.25
5586,7.56,120026.011,19.0,1.07
5587,4.16,8.8354,24.0,0.19
5588,2.76,17.6332,12.0,0.23
5589,5.56,120027.2978,23.0,0.22
5590,7.44,16.7292,-4.0,0.18
5591,7.96,425.3174,-6.0,0.24
5592,6.28,6.0268,-2.0,0.28
5593,8.6,461.4024,-3.0,0.23
5594,5.12,10.7615,23.0,0.29
5595,2.76,8.9599,10.0,0.28
5596,3.96,2.528,0.0,0.23
5597,6.92,0.0201,-3.0,1.3
5598,6.16,6.0742,-3.0,0.23
5599,7.76,23792.2835,-1.0,0.27
5600,3.72,12.3328,18.0,0.86
5601,6.28,5.4778,-5.0,0.4
5602,3.04,28.1727,21.0,1.21
5603,9.2,421.2459,0.0,0.2
5604,4.0,19.5637,17.0,0.18
5605,8.04,0.8212,2.0,0.19
5606,6.88,3.3172,6.0,0.24
5607,2.88,8.8662,7.0,0.9
5608,7.28,145.615,-7.0,0.22
5609,3.92,339247.5238,-3.0,0.22
5610,9.44,2.5274,1.0,0.28
5611,2.56,8.8651,10.0,0.25
5612,3.04,17.6264,12.0,1.09
5613,3.6,8.9748,11.0,0.18
5614,10.72,119081.3242,5.0,0.23
5615,3.92,28.5457,19.0,0.22
5616,13.16,0.387,0.0,0.22
5617,10.92,853.7702,-3.0,1.03
5618,7.12,359990.0643,-2.0,0.27
5619,11.28,421.0782,-2.0,0.27
5620,2.8,8.8556,13.0,0.21
5621,3.64,12.4345,25.0,0.31
5622,7.28,459259.4838,2.0,1.11
5623,5.12,12.3135,28.0,0.19
5624,8.12,76.5017,0.0,0.2
5625,11.48,2640.2848,-6.0,0.22
5626,9.48,0.5894,1.0,0.19
5627,4.52,1.8686,29.0,1.15
5628,11.68,6.1594,1.0,0.25
5629,9.76,695893.1922,5.0,0.19
5630,6.76,1653665.4956,0.0,0.2
5631,3.8,0.0349,17.0,0.28
5632,3.28,8.8352,21.0,0.22
5633,7.8,79.1715,1.0,0.24
5634,7.04,0.3619,-2.0,0.23
5635,8.04,32236.7509,6.0,0.23
5636,4.48,20.8721,21.0,0.19
5637,8.64,901.6295,-5.0,0.19
5638,4.4,17.78,25.0,1.04
5639,5.48,19.3842,28.0,0.26
5640,6.56,120059.447,25.0,0.26
5641,7.56,120027.3411,19.0,0.25
5642,8.08,12.8543,15.0,0.24
5643,13.36,2714.9106,-1.0,1.14
5644,10.88,841.952,-5.0,0.25
5645,9.2,422.0871,-5.0,0.22
5646,6.56,19.3385,24.0,0.26
5647,6.6,120030.9051,17.0,0.25
5648,10.44,421.2975,-2.0,1.02
5649,10.08,0.6521,-2.0,0.25
5650,7.2,16.7675,18.0,0.23
5651,7.2,120024.7344,21.0,0.27
5652,11.12,432.8435,-5.0,0.26
5653,11.88,119081.6392,2.0,1.02
5654,7.84,76.5559,0.0,0.23
5655,11.12,68281.7622,-6.0,0.2
5656,3.56,29.9235,25.0,0.24
5657,7.56,10.1522,19.0,0.19
5658,7.16,35.2177,25.0,1.04
5659,6.56,33889.2941,23.0,0.22
5660,3.04,17.7252,23.0,0.24
5661,2.84,26.4142,20.0,0.22
5662,14.88,13.6825,-7.0,0.24
5663,3.52,10.6002,13.0,0.94
5664,2.44,8.8468,6.0,0.17
5665,6.64,43.9164,-2.0,0.17
5666,5.08,26.4662,17.0,0.2
5667,4.88,8.9157,15.0,0.24
5668,7.48,77.5781,3.0,1.06
5669,6.16,19.9118,22.0,0.19
5670,5.0,21.6851,22.0,0.19
5671,9.76,357243.8291,4.0,0.2
5672,6.72,356861.0064,0.0,0.23
5673,5.6,8.7213,-2.0,0.87
5674,3.44,17.7233,27.0,0.18
5675,6.64,526996.4216,2.0,0.22
5676,10.44,1262.9041,-2.0,0.2
5677,7.24,3.2811,0.0,0.23
5678,8.8,360166.6484,2.0,0.19
5679,9.24,421.8228,2.0,0.87
5680,3.0,17.6083,22.0,0.75
5681,10.12,38.3204,0.0,0.19
5682,8.4,13.428,1.0,0.2
5683,11.68,0.0315,-4.0,0.2
5684,3.12,17.7187,15.0,0.98
5685,4.76,120040.1211,20.0,0.24
5686,6.4,4.9377,1.0,0.22
5687,11.32,0.3233,2.0,0.23
5688,5.76,20.7216,23.0,0.23
5689,3.44,8.8222,16.0,1.11
5690,3.2,17.598,17.0,0.26
5691,12.6,3.0578,-1.0,0.23
5692,3.2,0.0246,20.0,0.35
5693,7.8,0.0231,2.0,0.29
5694,6.8,3.8567,-3.0,1.13
5695,8.12,3.5616,1.0,0.22
5696,6.92,42.072,1.0,0.18
5697,3.0,8.8188,17.0,0.17
5698,9.84,120040.9218,2.0,0.23
5699,2.96,0.0645,4.0,0.97
5700,2.92,8.8494,11.0,0.16
5701,5.2,855109.4567,8.0,0.18
5702,8.76,843.8325,3.0,0.22
5703,10.0,0.4019,-2.0,0.21
5704,6.28,479607.7758,6.0,1.22
5705,3.36,8.9286,16.0,0.21
5706,4.04,11.8882,24.0,0.25
5707,6.2,13.6804,20.0,0.25
5708,3.08,10.6017,15.0,0.18
5709,9.84,38.2766,-3.0,1.42
5710,10.96,1262.8627,-4.0,0.25
5711,10.72,853.6982,-5.0,0.31
5712,6.4,5.479,4.0,0.25
5713,7.08,1.742,1.0,0.26
5714,5.64,9.4693,27.0,1.22
5715,4.84,10.651,27.0,0.23
5716,5.32,120022.4768,19.0,0.2
5717,3.88,19.3542,26.0,0.18
5718,8.0,240450.9336,1.0,0.2
5719,3.48,0.2362,20.0,0.22
5720,7.76,240044.9584,21.0,0.19
5721,13.48,11.3929,-2.0,0.18
5722,10.76,0.3355,4.0,0.17
5723,3.92,17.6099,24.0,0.18
5724,13.6,7.8127,0.0,0.19
5725,3.88,3.5327,4.0,0.96
5726,3.4,0.0515,24.0,0.2
5727,4.08,21.1344,23.0,0.23
5728,5.24,0.109,26.0,0.21
5729,8.4,120026.992,16.0,0.17
5730,9.24,240870.3103,-7.0,1.11
5731,5.6,120024.189,21.0,0.21
5732,6.32,1006881.2224,2.0,0.31
5733,6.64,4.1375,0.0,0.24
5734,5.0,8.9157,25.0,0.26
5735,7.2,291.0087,7.0,1.02
5736,3.52,8.8598,21.0,0.25
5737,6.32,3.3173,3.0,0.17
5738,3.16,0.2322,10.0,0.16
5739,6.44,6.5044,-6.0,0.25
5740,5.92,7.5854,-9.0,1.09
5741,4.2,2.104,-1.0,0.17
5742,7.0,39.54,-2.0,0.2
5743,3.76,0.9081,-6.0,0.2
5744,3.16,0.0785,18.0,0.27
5745,3.04,0.0826,15.0,1.11
5746,8.04,40.9407,-2.0,0.25
5747,2.64,17.6674,14.0,0.19
5748,7.0,3.3321,1.0,0.24
5749,4.68,9.3201,21.0,0.27
5750,7.68,41.485,-2.0,1.11
5751,9.04,1.4821,-2.0,0.24
5752,7.68,4.8852,-5.0,0.28
5753,8.6,3.2902,-4.0,0.23
5754,6.24,7.0452,-9.0,0.19
5755,3.8,10.6857,23.0,0.96
5756,8.04,3.2363,-3.0,0.24
5757,7.04,424.3185,6.0,0.23
5758,13.24,8.677,0.0,0.29
5759,7.44,407096.575,-1.0,0.26
5760,6.72,3.3426,4.0,0.19
5761,12.0,6.362,2.0,0.18
5762,4.76,14.4433,23.0,0.21
5763,9.44,0.5964,0.0,0.2
5764,5.68,120041.2976,26.0,0.3
5765,7.16,120043.5887,21.0,0.26
5766,8.84,38.8634,-2.0,1.22
5767,13.76,7846.4319,-4.0,0.22
5768,11.08,421.1143,-1.0,0.21
5769,3.08,8.8414,16.0,0.27
5770,6.32,4.4553,0.0,0.25
5771,9.6,470.9428,0.0,1.37
5772,10.68,432.757,-2.0,0.27
5773,8.28,76.5016,2.0,0.25
5774,7.36,14.5555,20.0,0.27
5775,9.48,459.5147,1.0,0.24
5776,11.52,0.4721,3.0,1.3
5777,10.72,421.2777,-5.0,0.31
5778,3.72,17.6463,28.0,0.19
5779,6.8,2.7049,19.0,0.28
5780,8.12,427725.3035,-2.0,0.28
5781,7.48,26.1546,0.0,1.26
5782,7.12,4.9686,-2.0,0.25
5783,6.56,6.0176,-7.0,0.28
5784,3.04,10.5759,16.0,0.28
5785,3.4,10.583,13.0,0.27
5786,8.76,460.8022,-2.0,1.22
5787,2.6,0.0636,17.0,0.24
5788,5.4,37.0032,27.0,0.29
5789,5.52,19.3688,21.0,0.28
5790,3.44,17.6056,14.0,0.29
5791,4.68,698945.7727,-4.0,1.1
5792,3.56,1.8227,27.0,0.18
5793,7.44,41.5331,-1.0,0.21
5794,4.52,407093.6679,10.0,0.18
5795,5.68,6.6527,17.0,0.23
5796,7.0,39.9099,3.0,0.95
5797,5.92,1434260.8694,5.0,0.21
5798,9.08,38.6016,1.0,0.22
5799,4.8,12.4082,27.0,0.24
5800,5.64,3.5351,26.0,0.26
5801,6.96,407094.1371,4.0,1.08
5802,10.68,0.9612,6.0,0.21
5803,3.96,26.388,27.0,0.18
5804,9.84,459.4716,0.0,0.3
5805,4.0,26.503,22.0,0.22
5806,3.64,28.2582,30.0,0.19
5807,7.72,40.6711,0.0,0.93
5808,4.68,0.0786,29.0,0.18
5809,4.08,2.478,26.0,0.17
5810,9.44,420.9948,1.0,0.22
5811,7.8,20.6921,17.0,0.19
5812,3.92,0.0318,16.0,0.91
5813,10.88,1031619.8524,2.0,0.18
5814,6.32,2.8856,2.0,0.17
5815,4.32,17.703,25.0,0.18
5816,4.48,14.0831,22.0,0.19
5817,10.52,360089.5858,-2.0,0.89
5818,7.16,15.0301,1.0,0.21
5819,3.12,8.9575,26.0,0.16
5820,3.04,21.152,20.0,0.19
5821,10.92,38.2616,-10.0,0.18
5822,11.36,0.057,-10.0,1.01
5823,10.8,357247.1704,2.0,0.21
5824,4.12,35.3494,32.0,0.24
5825,7.4,359934.2836,1.0,0.22
5826,6.84,120036.1836,13.0,0.22
5827,10.12,421.0091,-2.0,1.19
5828,11.76,367963.3342,-1.0,0.34
5829,8.48,159.1057,2.0,0.28
5830,9.0,1.1088,0.0,0.25
5831,7.76,0.5576,1.0,0.19
5832,2.8,0.0283,17.0,1.05
5833,4.32,17.6328,25.0,0.19
5834,4.0,17.7121,29.0,0.2
5835,6.64,28.654,25.0,0.2
5836,3.88,21.2147,29.0,0.18
5837,14.0,360097.112,-1.0,0.93
5838,7.04,117.9023,0.0,0.78
5839,7.08,4.6191,-4.0,0.2
5840,5.84,10.5923,21.0,0.2
5841,3.96,0.0376,15.0,0.2
5842,6.04,120024.2464,24.0,0.96
5843,12.52,74.3,1.0,0.24
5844,5.16,13.7475,24.0,0.27
5845,3.28,8.829,24.0,0.22
5846,5.32,1.8673,24.0,0.24
5847,7.72,1.154,0.0,0.2
5848,5.68,1.772,25.0,0.23
5849,9.2,421.7921,1.0,0.21
5850,12.4,689984.7472,0.0,0.21
5851,9.96,38.2724,-2.0,0.22
5852,8.44,422.0814,3.0,0.2
5853,3.84,5.3976,27.0,1.07
5854,9.0,422.5862,-2.0,0.2
5855,3.92,30.0836,31.0,0.2
5856,3.84,8.9363,15.0,0.24
5857,3.92,19.4534,21.0,0.23
5858,13.96,74.6983,-4.0,0.93
5859,5.24,11.0625,22.0,0.22
5860,11.12,420.9836,-7.0,0.2
5861,3.84,0.1564,23.0,0.2
5862,6.84,5.7656,-5.0,0.2
5863,5.12,120032.9947,14.0,1.35
5864,3.04,26.4108,20.0,0.23
5865,10.16,0.3311,-4.0,0.23
5866,9.76,0.4445,0.0,0.31
5867,4.92,19.3837,24.0,0.33
5868,9.6,0.0604,-3.0,1.14
5869,10.0,700.7701,-4.0,0.21
5870,2.84,8.8769,13.0,0.17
5871,8.68,0.5791,1.0,0.22
5872,8.76,4905.0092,-1.0,0.17
5873,9.72,4866.5195,-2.0,1.05
5874,7.64,120029.6052,18.0,0.23
5875,7.88,339665.8562,-1.0,0.32
5876,7.64,422.1047,3.0,0.27
5877,7.24,42.4158,-3.0,0.25
5878,9.8,421.5609,-1.0,1.09
5879,9.68,12.3404,0.0,0.22
5880,5.32,4.0134,24.0,0.19
5881,10.72,0.1188,-2.0,0.19
5882,10.6,459.2213,-2.0,0.2
5883,3.12,0.2078,29.0,0.92
5884,6.36,4930.0387,3.0,0.2
5885,3.92,17.6089,33.0,0.21
5886,7.32,4.6831,-2.0,0.19
5887,6.44,1164.6275,3.0,0.19
5888,8.44,38.2326,1.0,0.26
5889,3.08,0.1665,16.0,0.24
5890,7.24,459680.8337,2.0,0.26
5891,8.6,0.0595,0.0,0.26
5892,9.44,0.3309,-12.0,0.32
5893,8.24,2.19,-3.0,0.22
5894,3.44,10.579,20.0,1.1
5895,7.88,32236.7276,-6.0,0.18
5896,8.2,0.0904,-10.0,0.22
5897,3.24,10.6805,17.0,0.24
5898,2.68,340075.8153,5.0,0.27
5899,4.08,67849.548,-5.0,1.28
5900,3.08,17.6378,18.0,0.21
5901,2.44,0.0934,9.0,0.22
5902,3.48,0.0454,-4.0,0.23
5903,3.84,10.577,17.0,0.21
5904,4.84,1.1602,0.0,1.18
5905,10.48,0.0167,-6.0,0.23
5906,6.68,5.9681,-8.0,0.24
5907,2.84,0.0837,1.0,0.35
5908,6.2,7.5864,-6.0,0.25
5909,4.84,35.1786,28.0,1.24
5910,7.6,3.8034,-2.0,0.25
5911,6.76,4.8818,-3.0,0.21
5912,3.6,1.9074,16.0,0.23
5913,5.52,7.6402,-4.0,0.2
5914,7.84,901.6324,-2.0,1.15
5915,3.2,26.495,12.0,0.27
5916,13.52,631.5281,-1.0,0.24
5917,3.4,1.7939,15.0,0.78
5918,3.8,8.8315,19.0,0.25
5919,2.68,8.8378,0.0,1.05
5920,6.4,6.0222,-5.0,0.2
5921,9.6,459.1798,0.0,0.31
5922,3.52,26.407,17.0,0.3
5923,9.84,0.1357,-2.0,0.28
5924,10.48,0.3428,-2.0,1.19
5925,8.04,0.0716,6.0,0.2
5926,4.48,37.0222,21.0,0.22
5927,3.52,119071.3538,16.0,0.26
5928,7.24,4.1808,-3.0,0.29
5929,5.8,8.7222,-10.0,1.22
5930,3.0,8.8778,16.0,0.29
5931,4.36,1.864,23.0,0.28
5932,7.12,1.2087,2.0,0.25
5933,7.76,0.9485,1.0,0.29
5934,3.84,3.5613,16.0,0.23
5935,7.24,4.4062,-4.0,1.11
5936,12.68,360089.461,2.0,0.26
5937,4.64,17.6806,29.0,0.23
5938,10.52,420.9733,-3.0,0.23
5939,10.16,752569.9184,4.0,0.31
5940,11.24,5.6865,-3.0,1.23
5941,9.12,50.2713,0.0,0.26
5942,6.24,934085.6785,2.0,0.22
5943,4.08,22.8567,22.0,0.27
5944,9.88,459.2191,-2.0,0.27
5945,4.12,33.5371,21.0,1.08
5946,9.92,728129.9167,6.0,0.19
5947,6.92,3.3723,2.0,0.19
5948,3.32,28.253,26.0,0.21
5949,8.28,2.0306,-1.0,0.22
5950,7.12,359791.821,-2.0,1.18
5951,4.36,17.6924,24.0,0.18
5952,6.64,3.3199,0.0,0.29
5953,3.2,0.1389,12.0,0.2
5954,5.92,6.0195,0.0,0.17
5955,5.4,8.8992,28.0,1.17
5956,7.96,422.1002,0.0,0.21
5957,9.24,421.5898,1.0,0.21
5958,4.4,21.2114,28.0,0.18
5959,6.04,33879.283,25.0,0.25
5960,6.24,4.993,0.0,0.93
5961,7.28,65959.11,19.0,0.19
5962,8.04,0.3522,1.0,0.18
5963,8.36,846.5082,-3.0,0.2
5964,9.04,1.1425,-1.0,0.19
5965,5.76,2.3418,26.0,1.29
5966,10.32,238165.5882,0.0,0.2
5967,10.04,392403.3484,1.0,0.21
5968,3.6,355288.5962,17.0,0.2
5969,3.12,10.6785,22.0,0.24
5970,8.84,0.2957,1.0,1.3
5971,9.32,479202.8852,7.0,0.23
5972,7.6,28.3878,21.0,0.21
5973,7.8,38.5123,-3.0,0.2
5974,12.0,0.1129,0.0,0.21
5975,5.28,547567.4122,2.0,0.18
5976,8.12,1.7348,1.0,0.21
5977,3.96,10.7657,14.0,0.26
5978,13.4,360704.0746,0.0,0.2
5979,11.04,853.6869,-4.0,0.21
5980,9.72,38.3168,-3.0,0.26
5981,7.92,0.6296,2.0,1.13
5982,9.44,421.2498,1.0,0.27
5983,7.36,423.8684,2.0,0.23
5984,9.92,424643.5417,5.0,0.26
5985,8.88,0.1496,0.0,0.21
5986,7.36,79.9703,-2.0,1.06
5987,10.96,906.7842,0.0,0.21
5988,3.92,10.5706,17.0,0.17
5989,3.48,1.7939,15.0,0.19
5990,5.84,1.909,25.0,0.2
5991,6.88,9.3587,24.0,1.01
5992,2.8,0.0608,5.0,0.21
5993,4.84,563252.9013,12.0,0.2
5994,10.28,1.0501,1.0,0.81
5995,2.84,8.8537,12.0,0.23
5996,4.92,187867.423,11.0,0.95
5997,10.6,0.1541,-7.0,0.2
5998,5.52,21.223,27.0,0.27
5999,7.04,4.8858,-4.0,0.25
6000,8.52,119081.3397,-8.0,0.22
6001,6.96,3.3325,-1.0,1.06
6002,3.24,26.5192,24.0,0.24
6003,9.12,120040.6194,8.0,0.18
6004,4.24,10.6634,28.0,0.2
6005,6.48,783006.5142,2.0,0.24
6006,2.92,26.435,20.0,1.04
6007,8.24,38.3007,16.0,0.22
6008,9.8,1176.8636,-2.0,0.23
6009,5.56,187790.5588,6.0,0.2
6010,13.08,24.1517,-6.0,0.21
6011,8.4,120856.7434,-2.0,1.14
6012,4.84,17.7888,27.0,0.24
6013,13.8,148.532,-3.0,0.33
6014,10.64,880.4582,-5.0,0.32
6015,6.2,120024.0134,24.0,0.31
6016,4.12,28.5166,31.0,0.27
6017,9.8,0.1841,-6.0,0.22
6018,5.92,114739.2777,25.0,0.25
6019,3.44,26.406,25.0,0.22
6020,5.36,12.3108,27.0,0.29
6021,5.16,19.3503,26.0,0.26
6022,9.28,359164.8112,3.0,1.18
6023,6.2,26.4921,24.0,0.34
6024,8.48,3.2981,-1.0,0.24
6025,4.4,12.431,18.0,0.25
6026,6.52,4.9944,-1.0,0.27
6027,2.92,17.6392,16.0,1.04
6028,5.04,120023.8873,22.0,0.24
6029,8.2,120028.7353,15.0,0.23
6030,4.36,114746.6193,26.0,0.18
6031,5.04,8.9031,28.0,0.19
6032,5.56,17.6044,28.0,0.93
6033,7.08,120032.6296,22.0,0.22
6034,8.6,34929.4108,6.0,0.22
6035,8.12,50.6069,0.0,0.21
6036,3.88,8.9062,23.0,0.24
6037,7.76,27.7052,20.0,1.48
6038,5.72,19.338,21.0,0.22
6039,7.28,19.3779,20.0,0.25
6040,3.48,19.5543,22.0,0.23
6041,6.28,4.9936,-1.0,0.35
6042,6.48,4.343,3.0,1.37
6043,6.68,120034.4689,23.0,0.26
6044,8.24,170685.7899,0.0,0.22
6045,7.56,0.0154,1.0,0.28
6046,5.2,112.0008,-1.0,0.25
6047,10.92,34786.1921,-1.0,1.13
6048,9.96,120040.6657,6.0,0.21
6049,6.04,724243.4331,7.0,0.22
6050,9.2,33545.9502,4.0,0.26
6051,5.12,10.6618,24.0,0.29
6052,3.76,8.8531,22.0,1.31
6053,10.44,12.0767,-6.0,0.26
6054,10.12,421.3105,-3.0,0.25
6055,8.6,153.0802,1.0,0.28
6056,7.2,1.9752,2.0,0.23
6057,12.96,2640.2434,-5.0,1.22
6058,10.28,421.3062,-6.0,0.27
6059,10.88,1263.2035,-2.0,0.26
6060,7.72,24.189,20.0,0.31
6061,6.16,8.8022,24.0,0.28
6062,6.12,0.2981,25.0,0.29
6063,3.04,26.3945,18.0,1.18
6064,4.24,17.7025,26.0,0.26
6065,4.68,17.6893,27.0,0.22
6066,3.88,3.6407,17.0,0.25
6067,7.24,767216.2924,3.0,0.29
6068,12.88,119081.2867,0.0,1.84
6069,6.76,8.8518,24.0,0.29
6070,10.88,0.5007,2.0,0.21
6071,6.92,120013.6879,24.0,0.26
6072,8.56,0.5582,0.0,0.32
6073,13.44,124405.3965,-5.0,1.15
6074,3.44,37.0129,29.0,0.2
6075,12.4,0.1423,-4.0,0.24
6076,5.32,10.556,27.0,0.27
6077,8.08,15.0475,15.0,0.25
6078,11.48,5282.9115,-2.0,1.15
6079,5.64,5.9897,25.0,0.27
6080,6.6,11.0551,21.0,0.27
6081,7.84,13.2444,16.0,0.32
6082,8.72,120856.6818,-4.0,0.27
6083,10.68,432.7673,-2.0,1.27
6084,5.2,8.8973,26.0,0.31
6085,11.68,901.468,0.0,0.28
6086,10.56,432.8126,-1.0,0.28
6087,6.2,26.3768,24.0,0.27
6088,9.28,0.2962,-3.0,1.23
6089,6.0,1705657.0948,4.0,0.23
6090,3.36,8.9225,18.0,0.19
6091,10.72,841.9392,0.0,0.24
6092,5.96,986139.4734,4.0,0.27
6093,7.44,0.1298,-1.0,1.05
6094,3.2,8.8126,21.0,0.2
6095,7.16,1461497.14,1.0,0.2
6096,4.4,3.7331,24.0,0.21
6097,11.16,239122.201,2.0,0.2
6098,8.88,119083.8282,2.0,1.07
6099,8.0,10.4311,0.0,0.22
6100,8.8,1.4394,2.0,0.22
6101,7.0,3.2579,-3.0,0.27
6102,10.28,0.2606,-3.0,0.28
6103,9.04,120856.913,-4.0,0.26
6104,10.52,34024.5745,0.0,0.24
6105,10.12,0.5113,-2.0,0.31
6106,7.8,40.6803,2.0,0.32
6107,3.08,17.6086,20.0,0.38
6108,14.08,625.4723,0.0,0.31
6109,4.44,12.3082,30.0,1.25
6110,9.4,752569.9147,5.0,0.24
6111,6.76,14.2259,22.0,0.25
6112,9.24,841.9505,2.0,0.2
6113,6.48,4.858,20.0,0.23
6114,8.56,1.3835,-1.0,1.0
6115,8.76,422.1456,3.0,0.23
6116,7.16,359841.6703,8.0,0.26
6117,10.04,238162.5586,2.0,0.23
6118,3.76,8.847,24.0,0.18
6119,8.16,38.2915,0.0,1.17
6120,10.56,5.6731,-2.0,0.22
6121,6.6,0.0992,-6.0,0.29
6122,6.32,5.4795,-5.0,0.27
6123,5.92,7.5861,-2.0,0.25
6124,9.16,120040.5861,-8.0,1.26
6125,9.04,239127.2218,0.0,0.27
6126,5.16,109.8538,-10.0,0.24
6127,10.0,0.0332,-2.0,0.29
6128,6.28,6.8396,-6.0,0.24
6129,6.52,0.031,-8.0,1.2
6130,6.08,1.897,13.0,0.25
6131,2.84,0.1621,5.0,0.28
6132,3.28,8.8253,5.0,0.25
6133,4.24,10.5989,18.0,0.23
6134,2.96,308.4929,19.0,1.24
6135,2.88,26.3924,15.0,0.23
6136,6.12,3.0848,18.0,0.28
6137,8.28,0.0417,-14.0,0.26
6138,6.68,4967.355,4.0,0.23
6139,7.36,4.4063,-4.0,1.93
6140,3.36,17.6999,19.0,0.18
6141,10.28,119081.3149,0.0,0.26
6142,7.28,13.6387,21.0,0.27
6143,7.12,41.0461,-2.0,0.25
6144,7.88,0.8935,1.0,0.3
6145,8.56,845.3574,1.0,0.23
6146,5.24,120033.0274,27.0,0.24
6147,3.96,10.6001,26.0,0.26
6148,9.76,5.5072,2.0,0.27
6149,7.44,23.0191,14.0,0.41
6150,11.48,842.0007,-8.0,1.36
6151,12.24,6308.8877,-8.0,0.25
6152,6.44,19.3484,26.0,0.32
6153,8.56,459682.1416,-3.0,0.26
6154,7.8,4.9463,16.0,0.25
6155,9.88,76.7334,-1.0,1.23
6156,6.2,5.9864,0.0,0.24
6157,8.12,120036.5516,11.0,0.33
6158,8.12,1122251.8346,-3.0,0.28
6159,3.8,10.6728,19.0,0.21
6160,5.92,1027059.7942,4.0,1.04
6161,8.12,120859.4183,-5.0,0.24
6162,6.52,120017.2036,21.0,0.25
6163,9.88,2132.8277,-5.0,0.39
6164,10.6,421.0151,-7.0,0.25
6165,14.96,360703.704,-4.0,1.3
6166,13.88,148.863,-3.0,0.22
6167,7.68,120035.1757,14.0,0.23
6168,2.72,10.6197,1.0,0.36
6169,4.92,17.8862,28.0,0.31
6170,10.52,421.0119,-3.0,1.26
6171,7.08,887117.9602,1.0,0.2
6172,7.48,1.9776,-1.0,0.21
6173,8.16,1.4401,2.0,0.21
6174,3.6,45.8094,26.0,0.2
6175,9.48,901.9335,-1.0,1.0
6176,3.76,10.6899,27.0,0.17
6177,8.44,32236.7382,0.0,0.17
6178,8.12,39.5927,3.0,0.19
6179,8.68,845.1601,-5.0,0.21
6180,6.36,17.6768,24.0,1.08
6181,10.92,841.9992,-1.0,0.25
6182,12.96,360092.317,1.0,0.23
6183,4.68,19.3934,15.0,0.3
6184,9.0,422.8189,0.0,0.31
6185,10.56,841.9535,-1.0,1.27
6186,6.88,11.0662,23.0,0.24
6187,6.36,4.5072,0.0,0.28
6188,6.36,45.7848,23.0,0.24
6189,8.68,2.0542,2.0,0.23
6190,8.04,462.4302,2.0,0.25
6191,4.72,3.6758,20.0,1.31
6192,2.6,8.8482,12.0,0.28
6193,6.88,3.625,19.0,0.28
6194,3.12,8.9482,25.0,0.29
6195,9.92,38.3241,-1.0,0.28
6196,6.72,359803.0772,-6.0,1.07
6197,8.72,359842.6855,-1.0,0.24
6198,7.36,3.8011,-4.0,0.25
6199,3.36,17.7216,7.0,0.23
6200,5.92,6.1045,-2.0,0.2
6201,2.8,0.0487,17.0,0.99
6202,8.92,76.7468,-1.0,0.26
6203,6.08,7.6406,-4.0,0.17
6204,9.2,32264.1981,6.0,0.2
6205,4.2,203548.6008,5.0,0.24
6206,10.36,451016.5079,0.0,1.03
6207,5.64,27.8897,27.0,0.23
6208,4.8,1.7733,5.0,0.21
6209,4.64,10.6697,17.0,0.27
6210,7.16,427974.0748,0.0,0.23
6211,5.2,33898.5331,19.0,1.83
6212,4.16,21.1051,27.0,0.21
6213,10.84,0.2968,2.0,0.19
6214,7.2,12.3719,22.0,0.23
6215,3.04,0.1526,23.0,0.24
6216,6.32,359796.6854,1.0,1.23
6217,3.68,35.3675,25.0,0.25
6218,7.16,2.0932,1.0,0.25
6219,6.28,3.9695,0.0,0.3
6220,13.56,119155.5458,-3.0,0.35
6221,9.48,119081.3431,0.0,1.33
6222,5.16,17.6966,29.0,0.27
6223,7.48,240039.722,26.0,0.3
6224,8.2,1.1528,0.0,0.3
6225,7.32,39.422,2.0,0.27
6226,5.6,28.6393,26.0,1.41
6227,5.92,120040.0932,13.0,0.27
6228,7.12,599731.6652,0.0,0.22
6229,9.12,64473.4511,3.0,0.22
6230,8.88,901.1718,5.0,0.28
6231,9.8,433.0224,0.0,0.35
6232,5.24,4823.5364,-2.0,0.18
6233,12.84,0.0726,-6.0,0.23
6234,4.92,1.8856,29.0,0.27
6235,9.08,360885.0751,-6.0,0.27
6236,6.6,166.5274,-3.0,0.28
6237,8.72,480079.6354,12.0,1.34
6238,11.0,11.8653,-4.0,0.29
6239,7.72,10.6384,20.0,0.28
6240,8.04,240035.7443,19.0,0.3
6241,11.28,336568.5582,-5.0,0.3
6242,7.32,12.4297,16.0,1.3
6243,4.68,26.547,30.0,0.22
6244,8.76,422.6661,1.0,0.27
6245,5.16,719407.943,5.0,0.17
6246,4.16,10.8513,27.0,0.21
6247,5.24,17.6534,28.0,1.08
6248,4.0,14.0878,22.0,0.22
6249,9.84,0.024,-4.0,0.18
6250,8.44,32236.7485,4.0,0.2
6251,3.96,12.3274,28.0,0.24
6252,7.92,13.1394,1.0,0.94
6253,4.92,120015.5478,27.0,0.18
6254,8.6,423.6955,-3.0,0.18
6255,3.32,8.842,19.0,0.17
6256,7.04,2.7749,-1.0,0.18
6257,6.0,3.6418,20.0,1.19
6258,3.52,17.639,17.0,0.19
6259,3.72,17.7007,31.0,0.2
6260,10.84,38.3432,-5.0,0.26
6261,10.28,239121.8427,7.0,0.27
6262,8.56,0.549,0.0,1.13
6263,11.6,119158.5484,3.0,0.21
6264,9.28,32333.0329,2.0,0.2
6265,6.16,0.2103,23.0,0.32
6266,9.2,0.0162,0.0,0.29
6267,6.36,364517.4366,2.0,1.21
6268,13.08,2714.5039,-3.0,0.22
6269,7.48,1.7137,4.0,0.19
6270,7.4,423.3499,0.0,0.2
6271,9.36,24.1392,1.0,0.24
6272,7.16,1637980.8895,1.0,0.22
6273,5.68,8.6654,-6.0,0.22
6274,4.52,19.4211,18.0,0.27
6275,7.08,4.4327,-2.0,0.22
6276,3.28,8.8529,11.0,0.25
6277,8.48,115.2272,-1.0,0.25
6278,4.92,8.8104,22.0,1.24
6279,6.24,4.9934,2.0,0.19
6280,7.64,2.8379,1.0,0.2
6281,10.48,1.4225,0.0,0.19
6282,7.2,2.7205,-1.0,0.2
6283,7.12,886809.887,0.0,1.69
6284,4.84,10.7604,27.0,0.3
6285,6.8,35.1462,24.0,0.25
6286,3.48,10.7006,29.0,0.26
6287,11.12,841.942,-5.0,0.27
6288,7.44,14.4907,3.0,1.35
6289,10.32,0.0742,4.0,0.24
6290,6.36,10.5791,23.0,0.28
6291,7.16,40.3961,2.0,0.21
6292,7.12,579468.2854,2.0,0.24
6293,6.64,1.4808,24.0,1.21
6294,7.84,38.8382,1.0,0.25
6295,9.4,238162.5764,4.0,0.25
6296,7.48,0.8914,3.0,0.24
6297,7.08,0.029,-1.0,0.24
6298,13.36,0.532,0.0,1.2
6299,8.0,14.1987,10.0,0.21
6300,10.6,421.0241,-2.0,0.24
6301,11.32,421.0954,-6.0,0.21
6302,10.12,1104.9827,-3.0,0.23
6303,10.48,239124.8405,3.0,1.05
6304,11.16,849.9924,-3.0,0.25
6305,11.24,0.0485,-12.0,0.23
6306,9.52,120855.5577,-8.0,0.18
6307,11.64,901.5272,-4.0,0.19
6308,9.68,38.232,-1.0,1.17
6309,7.24,38.454,1.0,0.23
6310,9.44,38.8068,0.0,0.26
6311,5.68,8.8976,27.0,0.23
6312,8.68,0.5584,-1.0,0.23
6313,11.56,2566.0428,0.0,1.19
6314,13.72,360704.0746,-2.0,0.19
6315,9.08,0.3061,-1.0,0.26
6316,10.36,910.0125,0.0,0.23
6317,9.72,497.3924,-3.0,0.32
6318,8.92,359930.8648,-3.0,0.27
6319,7.88,0.5813,0.0,1.18
6320,6.56,6.3057,19.0,0.19
6321,5.48,359818.9003,5.0,0.26
6322,3.36,45.8207,29.0,0.28
6323,8.44,0.0726,5.0,0.25
6324,6.0,111.8904,-1.0,1.04
6325,8.64,0.0283,2.0,0.29
6326,6.0,8.1262,-3.0,0.23
6327,6.52,2.2912,2.0,0.23
6328,7.96,24.1007,-7.0,0.26
6329,5.28,28.136,27.0,1.24
6330,7.0,101.4221,0.0,0.21
6331,6.84,3.8593,5.0,0.22
6332,9.4,0.0378,1.0,0.25
6333,3.68,10.5863,22.0,0.21
6334,2.64,0.0488,1.0,0.86
6335,3.28,10.5758,15.0,0.18
6336,11.92,0.7894,4.0,0.24
6337,7.4,1.7551,1.0,0.23
6338,2.76,8.8524,9.0,0.24
6339,8.68,13.6959,-1.0,1.15
6340,3.76,17.6155,24.0,0.21
6341,6.2,5.4242,3.0,0.2
6342,7.12,38.8206,21.0,0.21
6343,7.84,14.6726,1.0,0.21
6344,8.6,368059.6426,-6.0,1.22
6345,6.64,120018.9188,21.0,0.2
6346,12.56,6.7291,1.0,0.26
6347,6.76,43.6314,26.0,0.26
6348,10.44,2146.8504,-7.0,0.25
6349,11.76,0.0666,-1.0,0.98
6350,9.96,421.2822,-1.0,0.19
6351,6.16,22.9598,24.0,0.19
6352,5.6,9.0927,26.0,0.19
6353,4.88,922953.5594,1.0,0.21
6354,6.4,4.9393,-2.0,1.04
6355,6.32,4.9934,2.0,0.2
6356,7.04,0.747,-4.0,0.22
6357,3.24,17.7358,22.0,0.17
6358,7.68,3.3322,-1.0,0.25
6359,3.48,17.702,23.0,0.81
6360,7.08,714857.7459,-5.0,0.23
6361,3.2,8.8279,2.0,0.27
6362,5.52,918289.484,7.0,0.21
6363,3.28,19.372,31.0,0.21
6364,6.8,41.4773,0.0,0.21
6365,11.04,842.2451,-5.0,1.09
6366,10.88,10611.5,-3.0,0.21
6367,11.32,2105.0665,-4.0,0.25
6368,11.04,0.1593,-1.0,0.24
6369,5.24,1.8149,24.0,0.21
6370,3.92,35.2628,30.0,1.09
6371,13.28,11.524,1.0,0.22
6372,9.8,421.0077,-6.0,0.24
6373,10.6,1263.1504,-2.0,0.31
6374,9.72,459.4828,0.0,0.31
6375,13.56,6.0744,-1.0,1.04
6376,11.08,5756.176,-2.0,0.22
6377,3.52,10.6792,27.0,0.18
6378,4.92,24.746,15.0,0.25
6379,6.6,27.7405,24.0,0.24
6380,2.8,17.6093,12.0,1.15
6381,9.88,38.2722,1.0,0.28
6382,3.84,26.4906,29.0,0.23
6383,5.92,479776.488,1.0,0.23
6384,3.88,114728.9847,16.0,0.23
6385,6.76,187864.9456,0.0,1.13
6386,8.44,120324.1747,2.0,0.28
6387,11.6,1263.0408,-6.0,0.24
6388,5.92,15.8233,22.0,0.3
6389,11.08,421.0112,-7.0,0.27
6390,10.76,421.0594,-2.0,1.27
6391,8.4,240044.9395,13.0,0.24
6392,7.44,240046.3303,13.0,0.33
6393,8.16,120032.1995,8.0,0.32
6394,6.36,10.6543,22.0,0.31
6395,8.52,120025.1687,0.0,1.04
6396,7.44,120020.2977,19.0,0.25
6397,11.16,0.1272,-6.0,0.21
6398,6.0,3.68,23.0,0.25
6399,7.44,23.7876,19.0,0.21
6400,6.92,359874.831,1.0,0.25
6401,9.28,433.5519,1.0,0.31
6402,8.24,360303.093,0.0,0.31
6403,10.8,0.4934,0.0,0.33
6404,8.12,38.8846,2.0,0.3
6405,9.36,1683.8184,-5.0,0.26
6406,10.04,421.2857,2.0,1.34
6407,8.88,2.2082,-1.0,0.19
6408,4.28,17.6119,18.0,0.22
6409,6.76,4.4147,16.0,0.25
6410,7.36,1294428.7544,2.0,0.31
6411,6.6,0.5132,26.0,1.02
6412,3.64,1.8008,24.0,0.19
6413,6.24,5.4818,0.0,0.22
6414,7.6,2.2448,1.0,0.26
6415,5.68,120016.7631,20.0,0.23
6416,4.56,1.8123,15.0,1.2
6417,9.24,12.0632,0.0,0.21
6418,8.48,0.1862,0.0,0.22
6419,6.84,10.5525,18.0,0.25
6420,14.2,0.6348,-1.0,0.26
6421,8.6,360173.3391,0.0,1.23
6422,7.32,4.1439,2.0,0.28
6423,9.28,32236.7422,-1.0,0.18
6424,4.36,44.1388,31.0,0.2
6425,7.16,0.3618,0.0,0.17
6426,10.04,421.2818,1.0,1.0
6427,8.76,2.4912,-10.0,0.18
6428,6.84,120017.212,23.0,0.22
6429,9.2,392403.3254,4.0,0.2
6430,13.6,6.1647,-1.0,0.36
6431,9.56,0.0265,-1.0,1.79
6432,9.4,392403.4005,8.0,0.22
6433,4.72,28.1337,28.0,0.24
6434,10.28,359697.7473,-2.0,0.2
6435,8.88,2183.0448,2.0,0.23
6436,11.44,901.7175,-5.0,1.35
6437,4.84,26.4775,23.0,0.33
6438,9.24,0.3538,1.0,0.25
6439,7.6,180.6187,-2.0,0.25
6440,6.24,17.6108,24.0,0.3
6441,3.16,10.6796,9.0,1.16
6442,7.12,21.5855,21.0,0.23
6443,14.72,0.2468,-5.0,0.22
6444,7.32,11.0702,21.0,0.2
6445,9.2,119083.7588,2.0,0.17
6446,10.32,433.0457,-1.0,0.3
6447,10.72,433.0232,-4.0,0.96
6448,10.24,2138.4664,-10.0,0.23
6449,11.0,842.0123,-4.0,0.37
6450,7.48,19.6696,2.0,0.25
6451,7.2,5.3187,19.0,0.28
6452,5.28,2.2905,20.0,1.24
6453,7.8,2.2637,0.0,0.17
6454,9.32,0.5756,-2.0,0.28
6455,3.56,19.3738,20.0,0.25
6456,7.44,4.4053,-2.0,0.26
6457,8.88,0.0616,0.0,0.84
6458,9.08,76.7555,1.0,0.19
6459,4.8,0.1168,20.0,0.26
6460,8.76,40.7226,0.0,0.24
6461,6.76,120025.5456,23.0,0.25
6462,3.88,0.0461,28.0,1.02
6463,7.64,3.3246,-4.0,0.2
6464,4.64,10.5797,25.0,0.22
6465,2.96,8.8571,14.0,0.17
6466,6.2,2.6957,5.0,0.2
6467,7.68,2.5732,2.0,1.16
6468,4.84,19.3448,23.0,0.26
6469,10.04,120043.642,3.0,0.22
6470,5.92,40.4017,25.0,0.34
6471,5.0,120040.0266,18.0,0.22
6472,11.32,119081.3175,3.0,1.1
6473,7.08,4.4795,-2.0,0.22
6474,4.68,0.1105,21.0,0.2
6475,4.12,26.3988,27.0,0.18
6476,5.72,3.6246,24.0,0.22
6477,7.28,120043.0689,22.0,0.99
6478,4.24,19.4526,28.0,0.2
6479,7.04,10.138,16.0,0.18
6480,4.4,21.1202,27.0,0.21
6481,9.04,843.0469,0.0,0.2
6482,6.52,0.5866,26.0,0.85
6483,5.08,33889.7426,25.0,0.22
6484,4.08,26.3942,14.0,0.2
6485,7.68,425.2974,-4.0,0.16
6486,3.6,8.9121,18.0,0.19
6487,8.84,1.3843,0.0,0.19
6488,7.12,4.461,-5.0,0.18
6489,7.4,22.9489,12.0,0.22
6490,4.96,10.5882,24.0,0.23
6491,5.28,3.6251,26.0,0.23
6492,3.96,26.6737,24.0,0.22
6493,6.4,18.0329,14.0,0.97
6494,14.68,6.3092,-1.0,0.18
6495,12.8,0.1072,0.0,0.18
6496,9.36,62.331,1.0,0.2
6497,7.76,889975.5625,3.0,0.22
6498,8.04,11.8402,2.0,0.96
6499,7.76,29.5272,22.0,0.2
6500,4.64,21.5883,22.0,0.18
6501,5.44,38.2446,25.0,0.22
6502,9.56,459.5059,0.0,0.21
6503,8.72,5.8238,6.0,0.86
6504,7.4,424.747,0.0,0.18
6505,4.08,8.8214,30.0,0.18
6506,6.32,120022.5841,24.0,0.21
6507,3.64,64.7111,13.0,0.22
6508,3.84,19.3681,22.0,0.91
6509,7.76,3.8387,-2.0,0.18
6510,7.92,0.0268,-2.0,0.17
6511,8.68,120041.9305,10.0,0.18
6512,9.8,0.4253,-5.0,0.22
6513,8.52,421.1582,1.0,1.46
6514,8.4,2.5213,-9.0,0.21
6515,7.08,4.892,-1.0,0.22
6516,7.44,847.3314,-6.0,0.25
6517,10.04,421.0666,1.0,0.25
6518,6.32,459147.2327,-1.0,0.99
6519,10.08,2.5597,3.0,0.22
6520,6.72,2.7213,2.0,0.22
6521,6.16,6.6232,-5.0,0.17
6522,5.32,579272.3545,2.0,0.19
6523,9.64,0.0824,-6.0,1.03
6524,3.88,8.8195,19.0,0.19
6525,6.12,6.0755,-4.0,0.18
6526,9.28,0.1026,1.0,0.22
6527,2.88,17.6191,16.0,0.17
6528,3.2,10.6804,21.0,0.22
6529,7.56,3.063,1.0,0.2
6530,2.52,17.6504,8.0,0.17
6531,7.36,119074.0676,24.0,0.31
6532,3.72,26.4648,27.0,0.19
6533,8.04,240045.005,14.0,0.29
6534,7.04,26.3642,23.0,1.43
6535,8.64,422.3268,0.0,0.25
6536,8.0,56616.6128,-5.0,0.37
6537,7.96,120037.0202,16.0,0.27
6538,11.08,1056083.9119,2.0,0.26
6539,5.04,26.395,29.0,1.41
6540,7.72,240058.5172,18.0,0.33
6541,10.6,119084.088,1.0,0.29
6542,8.64,11.8439,1.0,0.29
6543,11.04,392403.3311,2.0,0.27
6544,6.92,120051.8806,19.0,1.21
6545,6.16,839595.2479,2.0,0.19
6546,4.04,37.2036,31.0,0.22
6547,6.8,10.4473,15.0,0.23
6548,3.24,19.3822,26.0,0.18
6549,6.96,3.618,22.0,1.42
6550,12.84,0.026,1.0,0.27
6551,5.88,120043.9909,25.0,0.3
6552,3.64,24.6118,23.0,0.36
6553,12.56,0.0372,0.0,0.32
6554,13.76,19.9574,-4.0,1.54
6555,5.56,8.6662,-2.0,0.34
6556,9.28,0.0546,0.0,0.27
6557,4.04,17.8206,25.0,0.27
6558,13.12,630.7131,2.0,0.29
6559,3.64,0.0536,14.0,1.07
6560,2.76,17.8225,11.0,0.17
6561,7.28,3.1186,-3.0,0.17
6562,2.92,8.8732,12.0,0.17
6563,4.2,3.7447,25.0,0.24
6564,6.36,6.6156,-6.0,1.14
6565,3.52,0.0484,-1.0,0.23
6566,7.12,187869.2276,0.0,0.24
6567,9.04,12.0576,0.0,0.21
6568,3.28,19.3735,11.0,0.18
6569,5.96,6.0194,1.0,0.98
6570,5.2,1.8442,26.0,0.21
6571,7.96,40.1387,-1.0,0.19
6572,11.56,2.4837,0.0,0.22
6573,8.76,0.0191,-1.0,0.21
6574,5.24,17.5951,28.0,0.23
6575,3.08,8.8302,21.0,1.09
6576,4.04,19.3741,24.0,0.2
6577,3.84,9.0097,28.0,0.24
6578,8.96,359844.6486,5.0,0.18
6579,6.8,23.7948,19.0,0.21
6580,3.84,21.3238,28.0,0.93
6581,7.96,2.4596,-2.0,0.21
6582,3.92,26.4132,32.0,0.19
6583,10.2,0.0874,-4.0,0.2
6584,9.2,0.0244,0.0,0.32
6585,4.4,67852.1733,8.0,1.08
6586,7.64,79.203,-4.0,0.18
6587,8.6,38.7912,-1.0,0.2
6588,6.72,7.1924,21.0,0.21
6589,8.52,2.7366,-4.0,0.21
6590,7.04,120049.7154,10.0,1.61
6591,6.24,4.9392,0.0,0.21
6592,7.68,3.2616,0.0,0.21
6593,4.12,31.1962,32.0,0.27
6594,4.76,10.658,24.0,0.24
6595,6.96,339665.3679,-4.0,1.02
6596,2.92,26.4034,24.0,0.2
6597,2.64,0.0485,-3.0,0.19
6598,3.68,9.0977,4.0,0.18
6599,3.0,17.6395,7.0,0.21
6600,6.52,5.9646,-7.0,0.98
6601,6.4,5.477,-4.0,0.17
6602,5.52,7.5848,3.0,0.17
6603,6.96,1.9727,2.0,0.19
6604,6.4,43.1536,1.0,0.18
6605,4.36,10.6844,24.0,1.0
6606,13.2,0.4918,1.0,0.19
6607,12.08,695917.278,1.0,0.18
6608,3.0,0.047,25.0,0.16
6609,7.6,1.7024,1.0,0.2
6610,2.8,17.6389,12.0,1.04
6611,7.12,1.7491,0.0,0.23
6612,12.52,119155.5306,0.0,0.2
6613,7.08,41.5865,2.0,0.2
6614,9.12,0.0628,7.0,0.23
6615,4.52,18.1267,20.0,0.22
6616,5.8,1382095.8779,3.0,0.19
6617,3.32,8.8256,20.0,0.19
6618,5.92,359833.3463,-3.0,0.24
6619,8.72,0.114,5.0,0.17
6620,3.08,35.1909,19.0,0.19
6621,9.8,0.3274,-1.0,1.1
6622,9.0,0.3798,0.0,0.22
6623,8.52,0.5771,2.0,0.25
6624,8.68,423.2128,-3.0,0.27
6625,10.72,880.1974,-4.0,0.27
6626,10.36,842.299,-3.0,1.16
6627,6.96,40.4503,0.0,0.2
6628,7.72,16.1227,-3.0,0.26
6629,7.0,3.269,0.0,0.2
6630,7.92,32236.7493,1.0,0.18
6631,4.76,187865.8117,5.0,1.06
6632,7.12,0.4224,-5.0,0.21
6633,7.68,0.3122,1.0,0.22
6634,5.0,339247.5334,-2.0,0.18
6635,10.12,0.0866,-2.0,0.25
6636,3.12,10.682,16.0,1.11
6637,9.72,12.1273,-3.0,0.19
6638,6.84,1158265.9747,2.0,0.22
6639,9.16,0.3189,2.0,0.22
6640,6.4,1258130.5497,1.0,0.19
6641,5.08,17.5982,23.0,1.11
6642,9.08,360463.005,-3.0,0.18
6643,7.2,719627.9014,2.0,0.19
6644,3.96,10.6756,25.0,0.21
6645,14.16,0.3982,-4.0,0.25
6646,3.28,26.3815,26.0,1.09
6647,7.32,4.3489,-4.0,0.21
6648,3.88,28.2528,29.0,0.18
6649,4.16,10.5645,23.0,0.19
6650,9.36,77.0253,0.0,0.28
6651,10.2,421.041,1.0,1.26
6652,9.84,421.2989,-1.0,0.18
6653,3.16,17.624,24.0,0.2
6654,10.72,32236.8052,2.0,0.18
6655,3.12,0.0572,22.0,0.26
6656,7.8,0.7444,1.0,0.18
6657,4.44,120034.3076,20.0,0.18
6658,11.44,119081.2998,4.0,0.24
6659,8.36,43035.0315,2.0,0.26
6660,9.16,0.5782,0.0,0.28
6661,5.12,359800.6361,2.0,0.2
6662,10.44,842.2012,-3.0,1.06
6663,2.72,17.6397,14.0,0.18
6664,5.68,1022505.429,1.0,0.19
6665,10.08,0.3075,0.0,0.23
6666,8.92,0.6339,2.0,0.21
6667,4.32,2809.9597,30.0,0.86
6668,5.4,28.1332,27.0,0.19
6669,3.08,26.4051,16.0,0.19
6670,8.72,0.066,-2.0,0.18
6671,3.92,26.3996,21.0,0.2
6672,3.32,26.5101,19.0,1.56
6673,5.28,5.4787,24.0,0.21
6674,3.2,10.7015,21.0,0.17
6675,6.72,3.2578,2.0,0.17
6676,8.48,0.119,-8.0,0.16
6677,12.52,1239.9339,-3.0,0.92
6678,6.96,975005.364,-2.0,0.18
6679,11.28,842.0075,-5.0,0.22
6680,10.0,421.1018,0.0,0.21
6681,3.12,17.7359,24.0,0.2
6682,6.88,3.372,0.0,1.23
6683,9.52,421.5367,0.0,0.18
6684,8.64,1.6705,1.0,0.22
6685,4.84,17.7759,25.0,0.19
6686,3.68,26.3756,28.0,0.2
6687,4.72,19.4522,26.0,1.09
6688,7.68,41.8104,-4.0,0.2
6689,9.24,0.0908,2.0,0.24
6690,4.56,19.4509,23.0,0.21
6691,9.6,38.5537,0.0,0.2
6692,9.88,1947.7405,2.0,1.05
6693,13.36,6.2398,0.0,0.21
6694,9.4,354258.1318,4.0,0.25
6695,7.12,120035.8026,21.0,0.21
6696,6.2,21.4823,19.0,0.25
6697,3.76,10.8672,25.0,1.2
6698,12.24,2566.3498,2.0,0.28
6699,3.56,8.8197,21.0,0.19
6700,4.84,17.6955,24.0,0.2
6701,7.8,145.849,5.0,0.17
6702,7.44,4.9455,19.0,0.29
6703,10.92,0.4898,-3.0,1.02
6704,2.96,0.0759,17.0,0.16
6705,3.16,0.0692,17.0,0.21
6706,3.24,19.3437,17.0,0.19
6707,9.84,0.4372,-4.0,0.21
6708,3.8,17.7017,25.0,0.97
6709,6.2,120015.9877,-5.0,0.21
6710,7.08,42.0716,-3.0,0.19
6711,3.72,26.393,26.0,0.25
6712,5.24,698947.4826,7.0,0.26
6713,6.28,7.0452,-5.0,0.96
6714,9.32,0.4092,2.0,0.18
6715,6.2,44.9995,-3.0,0.17
6716,2.72,17.6108,11.0,0.18
6717,4.08,16.6023,26.0,0.21
6718,3.0,35.2071,15.0,0.96
6719,3.76,0.0658,6.0,0.22
6720,3.52,0.1618,19.0,0.21
6721,3.36,8.8312,18.0,0.18
6722,4.96,17.597,28.0,0.2
6723,8.28,78.9401,0.0,0.93
6724,5.16,128351.5602,28.0,0.18
6725,10.88,841.9568,-4.0,0.19
6726,10.48,0.1854,7.0,0.18
6727,6.4,16.8313,16.0,0.18
6728,6.68,3.3712,0.0,0.83
6729,9.52,0.041,0.0,0.28
6730,7.64,13.8359,1.0,0.23
6731,10.96,1274.6764,-5.0,0.25
6732,6.44,120024.2877,24.0,0.2
6733,6.8,10.5811,21.0,0.99
6734,10.6,119081.3187,1.0,0.26
6735,8.96,188285.0182,-9.0,0.2
6736,3.92,8.9228,25.0,0.31
6737,9.32,2153.8154,-2.0,0.23
6738,11.64,1.5635,1.0,1.16
6739,7.96,2.1819,0.0,0.19
6740,8.36,425.6968,0.0,0.19
6741,3.6,0.0294,17.0,0.2
6742,10.72,841.9701,-4.0,0.22
6743,7.24,8.0044,18.0,0.2
6744,6.84,4.1924,1.0,0.18
6745,7.4,120027.3432,20.0,0.2
6746,9.08,0.5765,1.0,0.24
6747,5.32,0.0383,17.0,0.28
6748,12.52,1.1072,3.0,0.23
6749,6.0,10.5905,25.0,0.9
6750,7.8,120025.6286,15.0,0.18
6751,9.36,421.5231,-1.0,0.23
6752,4.4,12.3476,27.0,0.23
6753,6.24,5.3244,22.0,0.35
6754,7.0,6.7088,18.0,1.21
6755,10.6,432.7986,-2.0,0.27
6756,9.72,0.6084,2.0,1.07
6757,5.8,1214807.7268,5.0,0.22
6758,5.72,5.4789,4.0,0.26
6759,8.08,39.3714,-1.0,0.99
6760,5.76,12.1617,20.0,0.21
6761,6.32,4.9944,-3.0,0.17
6762,7.44,15.564,-1.0,0.18
6763,7.0,4.6301,0.0,0.37
6764,7.52,3.2866,0.0,1.25
6765,6.68,136963.6625,-1.0,0.29
6766,4.28,834643.0954,0.0,0.29
6767,8.0,77.8031,1.0,0.25
6768,6.4,1.8162,22.0,0.23
6769,8.88,2.5081,-11.0,1.07
6770,6.68,1.804,0.0,0.25
6771,6.24,6.5609,-4.0,0.22
6772,5.76,5.4784,-4.0,0.22
6773,6.8,42.071,1.0,0.22
6774,2.56,10.6199,0.0,1.22
6775,5.16,10.6497,18.0,0.18
6776,6.48,4.3421,0.0,0.21
6777,3.08,26.4003,12.0,0.19
6778,9.36,38.3939,0.0,0.24
6779,5.48,20.697,24.0,1.37
6780,6.2,120017.7492,24.0,0.27
6781,4.32,19.3543,28.0,0.22
6782,12.6,354261.5725,-5.0,0.23
6783,3.6,19.3797,20.0,0.2
6784,8.2,699173.4654,-3.0,0.25
6785,5.44,20.7804,16.0,0.25
6786,11.16,6.1334,9.0,0.28
6787,7.84,22.6529,11.0,0.19
6788,11.36,420.9716,-9.0,0.19
6789,8.64,28.651,-3.0,0.18
6790,13.28,708516.2615,-8.0,1.08
6791,8.24,527419.4284,-3.0,0.24
6792,4.8,31.6514,28.0,0.26
6793,14.96,360096.0213,-9.0,0.23
6794,6.84,12.0277,19.0,0.34
6795,9.72,420.993,0.0,1.23
6796,6.28,120033.1416,24.0,0.24
6797,8.64,0.0815,0.0,0.29
6798,11.0,459.2222,-6.0,0.31
6799,7.92,240055.928,20.0,0.27
6800,10.0,0.3423,-1.0,1.22
6801,9.24,4855.954,1.0,0.26
6802,11.2,1262.9443,-6.0,0.25
6803,11.28,386518.9829,0.0,0.24
6804,9.4,459.2512,-3.0,0.25
6805,13.36,0.0489,-7.0,1.3
6806,10.96,841.9516,-4.0,0.3
6807,4.12,0.0354,28.0,0.18
6808,3.12,1.793,15.0,0.18
6809,3.8,10.5906,24.0,0.2
6810,4.04,21.1552,23.0,0.99
6811,2.92,8.853,21.0,0.22
6812,6.2,28.2244,24.0,0.21
6813,3.96,10.5995,25.0,0.26
6814,8.2,360064.7775,15.0,0.23
6815,3.88,10.5709,26.0,1.06
6816,10.4,459.4958,-1.0,0.23
6817,8.64,0.4765,2.0,0.2
6818,8.96,422.9028,1.0,0.19
6819,10.2,367963.3254,2.0,0.23
6820,7.24,424.8662,-3.0,1.13
6821,7.68,1.6408,0.0,0.18
6822,2.76,8.8558,11.0,0.17
6823,6.6,4.3432,4.0,0.19
6824,2.8,17.6279,13.0,0.17
6825,5.64,120437.2412,-2.0,1.0
6826,5.84,9.2066,-11.0,0.16
6827,10.32,6.1478,-3.0,0.23
6828,5.88,7.6414,-4.0,0.16
6829,4.04,17.7064,24.0,0.18
6830,3.8,0.6072,19.0,0.18
6831,3.32,8.8488,16.0,1.08
6832,14.2,5.5488,-3.0,0.71
6833,7.56,1.7516,0.0,0.18
6834,9.56,0.8929,0.0,0.21
6835,3.28,28.1509,13.0,0.17
6836,4.0,9.0418,16.0,0.92
6837,9.24,96713.546,1.0,0.18
6838,4.8,24.61,26.0,0.23
6839,10.08,842.2402,0.0,0.18
6840,3.92,21.1406,24.0,0.22
6841,8.8,1.2402,-1.0,0.87
6842,3.56,8.966,15.0,0.19
6843,6.08,26.4756,25.0,0.21
6844,4.76,0.0704,1.0,0.22
6845,4.28,10.8452,30.0,0.19
6846,4.44,0.0439,2.0,0.87
6847,7.2,422.6442,3.0,0.18
6848,5.4,17.7786,27.0,0.19
6849,6.52,1606388.796,4.0,0.18
6850,13.4,121798.8023,-4.0,0.17
6851,6.56,20.6509,24.0,1.05
6852,4.6,0.1175,26.0,0.17
6853,3.36,1.8133,21.0,0.19
6854,3.48,8.8396,17.0,0.19
6855,7.08,40.785,0.0,0.19
6856,6.24,0.0171,24.0,1.0
6857,8.64,0.021,3.0,0.16
6858,13.72,5132.0502,-3.0,0.22
6859,5.68,17.7764,26.0,0.23
6860,7.48,13.3322,18.0,0.2
6861,8.68,1207.5596,-1.0,1.09
6862,5.52,10.7524,25.0,0.2
6863,6.6,30.0166,19.0,0.18
6864,6.44,475298.5676,3.0,0.18
6865,7.52,13.7586,20.0,0.22
6866,9.96,432.8167,1.0,0.87
6867,6.56,4.3993,-3.0,0.24
6868,3.6,0.0652,5.0,0.22
6869,10.84,0.0434,0.0,0.22
6870,2.96,10.6098,5.0,0.19
6871,5.08,120024.3797,22.0,0.2
6872,3.24,17.6864,6.0,0.24
6873,11.68,5.8231,0.0,0.26
6874,3.96,26.3925,29.0,0.2
6875,11.8,5.5462,-2.0,0.18
6876,9.0,2.8226,-4.0,0.17
6877,6.2,7.5851,-4.0,1.17
6878,2.76,0.0754,11.0,0.2
6879,8.8,119081.2963,7.0,0.18
6880,3.4,0.1413,10.0,0.19
6881,3.04,1.8186,19.0,0.21
6882,3.84,17.5946,21.0,1.3
6883,6.08,364645.5584,2.0,0.24
6884,3.16,26.4162,21.0,0.22
6885,8.0,835422.03,1.0,0.23
6886,6.92,4.9942,-4.0,0.25
6887,10.08,360166.6384,1.0,1.47
6888,12.04,0.1631,6.0,0.31
6889,5.52,30.0406,24.0,0.36
6890,4.2,17.7909,26.0,0.35
6891,13.88,74.296,-3.0,0.4
6892,7.52,14.5364,1.0,1.12
6893,5.52,4.616,3.0,0.26
6894,10.64,421.0632,-3.0,0.38
6895,12.48,0.3458,1.0,0.2
6896,2.44,0.0925,16.0,0.19
6897,6.68,1.3302,20.0,1.21
6898,12.36,5.6926,-1.0,0.25
6899,7.56,14.6883,1.0,0.22
6900,6.36,20.7053,19.0,0.23
6901,4.56,10.8525,28.0,0.25
6902,9.08,39.3764,1.0,1.22
6903,3.0,1.8562,12.0,0.19
6904,7.24,3.8113,0.0,0.3
6905,5.48,359761.9592,7.0,0.23
6906,5.92,22.4931,23.0,0.21
6907,6.64,27.4118,24.0,1.13
6908,6.12,7.0444,-7.0,0.2
6909,3.08,17.6094,21.0,0.17
6910,6.48,4.3986,-3.0,0.21
6911,4.96,114730.5209,21.0,0.21
6912,9.16,1171.8006,-2.0,0.2
6913,9.0,39.8874,0.0,0.19
6914,5.4,19.338,27.0,0.21
6915,4.24,360177.2569,19.0,0.22
6916,4.64,1.8238,14.0,0.21
6917,11.04,695896.6131,2.0,0.23
6918,10.4,0.3354,0.0,1.21
6919,4.76,19.5319,24.0,0.2
6920,4.64,427552.0075,4.0,0.2
6921,12.04,2566.0012,2.0,0.23
6922,6.36,26.8941,26.0,0.23
6923,6.2,120017.4203,4.0,1.13
6924,5.72,698951.9046,2.0,0.18
6925,5.92,719531.9549,3.0,0.2
6926,9.8,238165.0046,5.0,0.19
6927,8.8,0.5814,0.0,0.22
6928,3.36,10.5981,32.0,1.08
6929,3.76,340067.0265,21.0,0.24
6930,3.56,2.0274,16.0,0.19
6931,9.84,358203.0786,-2.0,0.18
6932,4.08,17.9422,27.0,0.27
6933,5.16,0.0323,19.0,1.12
6934,9.8,421.2971,-3.0,0.19
6935,10.28,842.2034,-3.0,0.24
6936,5.8,33881.0428,24.0,0.23
6937,11.0,421.0726,-1.0,0.21
6938,9.0,842.4954,-2.0,1.11
6939,10.32,842.5504,-4.0,0.23
6940,6.84,11.9457,18.0,0.2
6941,5.64,120019.0204,14.0,0.21
6942,11.08,421.0708,-2.0,0.2
6943,7.08,12.02,17.0,1.21
6944,3.92,10.5905,10.0,0.2
6945,5.8,120022.549,23.0,0.19
6946,4.04,19.4695,28.0,0.17
6947,14.24,360708.9642,-4.0,0.24
6948,4.0,10.6594,26.0,1.17
6949,3.12,10.6907,27.0,0.22
6950,7.44,1313.7127,24.0,0.23
6951,2.88,0.058,16.0,0.36
6952,6.12,18.9521,19.0,0.34
6953,4.64,2.0422,2.0,1.21
6954,10.44,5756.7597,-3.0,0.24
6955,14.76,3.7402,-1.0,0.21
6956,7.96,0.0072,4.0,0.22
6957,8.52,359696.6588,-3.0,0.27
6958,3.48,10.6793,27.0,0.21
6959,9.36,0.0261,0.0,0.94
6960,3.48,1.8332,10.0,0.19
6961,10.52,841.9661,1.0,0.2
6962,4.24,339244.1592,1.0,0.18
6963,9.2,509.1688,0.0,0.22
6964,3.44,19.3615,22.0,1.05
6965,10.24,0.7194,-4.0,0.23
6966,2.36,8.8487,-3.0,0.18
6967,11.36,360197.4356,1.0,0.28
6968,8.6,0.0719,-10.0,0.2
6969,5.6,247.7196,-5.0,0.93
6970,8.4,0.0544,-3.0,0.18
6971,3.76,9.4613,3.0,0.17
6972,10.24,360751.1736,-3.0,0.18
6973,5.16,120024.1261,30.0,0.2
6974,2.72,8.9302,4.0,1.01
6975,3.64,45.6996,28.0,0.25
6976,7.56,120033.5896,22.0,0.24
6977,3.72,12.4182,21.0,0.23
6978,10.04,0.3336,-1.0,0.24
6979,10.6,842.2467,-2.0,0.96
6980,9.64,5.8987,-1.0,0.19
6981,5.96,547564.9314,5.0,0.19
6982,8.36,421.5311,1.0,0.18
6983,7.6,120017.19,16.0,0.19
6984,9.76,0.3012,0.0,0.92
6985,7.0,169635.4661,5.0,0.19
6986,6.76,3.2532,20.0,0.19
6987,14.04,2.0127,-8.0,0.2
6988,5.84,1022508.7037,6.0,0.19
6989,9.24,5001.0036,3.0,1.06
6990,6.08,0.149,24.0,0.24
6991,7.6,120037.4335,18.0,0.3
6992,6.8,0.629,24.0,0.31
6993,11.4,421.0472,-10.0,0.89
6994,12.32,119081.6415,-2.0,1.17
6995,6.76,15.3923,20.0,0.2
6996,10.56,841.9692,-1.0,0.23
6997,9.0,120014.7824,-4.0,0.21
6998,7.96,459260.311,0.0,0.2
6999,8.2,34.4354,8.0,0.21
7000,9.16,422.5886,-2.0,0.28
7001,8.24,361898.7418,-4.0,0.19
7002,4.36,10.7539,29.0,0.2
7003,8.2,360055.0795,18.0,0.28
7004,6.92,39.7746,4.0,0.27
7005,6.72,1267315.8591,1.0,1.14
7006,10.72,239121.8398,1.0,0.21
7007,6.88,120036.973,20.0,0.34
7008,7.16,40.5087,2.0,0.3
7009,6.44,19.3784,12.0,0.26
7010,5.88,120032.9783,27.0,1.09
7011,3.52,0.0596,20.0,0.19
7012,11.12,360084.4138,5.0,0.17
7013,5.04,67852.925,-6.0,0.23
7014,2.72,0.042,2.0,0.24
7015,4.92,120026.0073,21.0,0.96
7016,4.96,17.6934,28.0,0.22
7017,7.16,169460.5458,-1.0,0.22
7018,2.76,0.0929,17.0,0.21
7019,3.4,10.6047,14.0,0.24
7020,2.68,0.1521,9.0,1.1
7021,3.88,10.5798,24.0,0.26
7022,4.6,19.3722,18.0,0.23
7023,4.48,1.9023,25.0,0.21
7024,3.56,17.6222,24.0,0.19
7025,9.48,0.3088,2.0,1.43
7026,11.36,1262.907,-4.0,0.28
7027,7.6,18.5662,14.0,0.28
7028,15.16,619.6691,-11.0,0.24
7029,11.12,432.799,-9.0,0.28
7030,8.08,120033.9081,5.0,1.12
7031,11.2,421.1202,-4.0,0.27
7032,8.32,120021.6595,4.0,0.3
7033,11.2,0.1085,-5.0,0.3
7034,7.36,240051.4868,20.0,0.22
7035,8.48,1226893.2208,-5.0,1.18
7036,5.64,5.2819,25.0,0.29
7037,6.12,0.0141,26.0,0.28
7038,13.48,10338.1661,-6.0,0.28
7039,11.36,421.0464,-10.0,0.34
7040,8.48,694946.0233,-2.0,0.26
7041,5.48,1.426,27.0,0.43
7042,8.96,120437.9769,-2.0,0.4
7043,7.64,73.1785,23.0,0.42
7044,11.64,354258.1672,0.0,0.39
7045,11.4,358203.426,0.0,0.44
7046,4.4,19.539,29.0,2.07
7047,6.12,114764.3797,24.0,0.34
7048,7.72,22.9506,16.0,0.38
7049,7.16,339665.1645,4.0,0.33
7050,10.96,239124.6046,3.0,0.28
7051,11.2,119084.6504,3.0,1.08
7052,6.28,2.5326,24.0,0.23
7053,5.92,120031.3792,26.0,0.27
7054,8.0,4979.7633,3.0,0.22
7055,7.44,2.2523,1.0,0.21
7056,7.88,424.8056,-3.0,1.07
7057,6.88,4.9451,-2.0,0.23
7058,5.04,425.4301,1.0,0.21
7059,8.0,16.8578,10.0,0.25
7060,4.6,28.1262,29.0,0.27
7061,6.64,3.6513,-1.0,1.87
7062,4.4,89.8701,-10.0,0.49
7063,9.68,392403.3548,2.0,0.37
7064,4.84,5.1471,5.0,0.53
7065,2.76,17.6332,11.0,0.37
7066,7.96,3.8109,1.0,1.91
7067,7.08,889008.2663,5.0,0.34
7068,7.24,847.8649,-5.0,0.42
7069,5.84,907267.267,4.0,0.47
7070,4.28,8.8287,12.0,0.43
7071,6.28,17.6221,24.0,1.59
7072,6.56,10.2345,24.0,0.21
7073,6.68,427554.4636,-2.0,0.19
7074,9.84,119081.3043,1.0,0.19
7075,3.64,8.9183,10.0,0.18
7076,6.8,359833.8444,-2.0,0.99
7077,7.44,15.4582,21.0,0.18
7078,4.8,12.3301,24.0,0.19
7079,8.56,0.5678,1.0,0.22
7080,9.64,459.1782,-3.0,0.19
7081,5.44,120027.2786,23.0,1.07
7082,12.2,901.6797,-2.0,0.18
7083,4.36,28.2767,32.0,0.22
7084,8.72,356123.9653,-1.0,0.2
7085,8.44,38.2609,0.0,0.23
7086,7.56,22.038,13.0,0.23
7087,8.08,39.2242,1.0,1.0
7088,7.72,240040.9482,14.0,0.21
7089,4.28,12.5227,29.0,0.17
7090,7.56,11.951,20.0,0.26
7091,4.24,10.5885,27.0,0.22
7092,7.8,5.3216,16.0,0.94
7093,10.2,470.9814,-2.0,0.23
7094,6.96,13.5677,2.0,0.24
7095,4.24,10.6308,18.0,0.19
7096,3.04,8.8659,22.0,0.22
7097,6.88,4.9117,-1.0,0.87
7098,4.96,0.4976,24.0,0.27
7099,5.08,12.4143,20.0,0.2
7100,4.68,0.1191,24.0,0.22
7101,7.04,407095.6081,0.0,0.18
7102,6.72,15.8698,12.0,0.91
7103,6.32,255715.4062,1.0,0.2
7104,3.6,1.8052,19.0,0.18
7105,9.04,902.1456,-1.0,0.21
7106,5.6,803164.5653,4.0,0.19
7107,6.48,17.607,23.0,0.97
7108,4.4,19.4353,29.0,0.18
7109,10.68,0.0544,-3.0,0.2
7110,4.76,4.0132,25.0,0.2
7111,3.44,0.0707,11.0,0.24
7112,3.68,26.3886,23.0,1.05
7113,7.04,146.0896,-2.0,0.21
7114,8.76,2.5248,0.0,0.18
7115,2.76,8.8228,-2.0,0.16
7116,9.04,459.8169,0.0,0.21
7117,7.2,360842.1938,-4.0,0.95
7118,8.64,240029.5392,-1.0,0.23
7119,7.4,1033768.2031,0.0,0.21
7120,9.4,2.8784,-1.0,0.22
7121,9.96,0.4676,0.0,0.2
7122,4.4,359705.0804,4.0,1.11
7123,7.88,0.0066,-6.0,0.18
7124,3.0,8.8651,20.0,0.17
7125,12.04,2703.6007,-4.0,0.19
7126,8.8,433.3838,0.0,0.19
7127,6.8,393.5138,22.0,0.22
7128,6.44,6.5019,-2.0,0.19
7129,6.48,43.1557,0.0,0.22
7130,3.44,21.133,26.0,0.19
7131,4.92,1.7929,25.0,0.25
7132,5.04,359704.2182,9.0,0.21
7133,10.16,1126.6641,-4.0,1.02
7134,10.72,238162.5655,2.0,0.25
7135,9.72,0.0166,-2.0,0.19
7136,5.24,19.6872,24.0,0.19
7137,8.24,2.2441,-2.0,0.2
7138,5.96,26.3673,27.0,1.47
7139,3.8,17.7014,25.0,0.21
7140,7.92,4.4913,15.0,0.27
7141,5.24,14.069,25.0,0.27
7142,6.44,8.8108,24.0,0.24
7143,7.96,423.6824,0.0,0.99
7144,6.36,8338.3899,26.0,0.2
7145,8.12,51.0842,4.0,0.23
7146,10.4,421.5707,-4.0,0.26
7147,4.08,147.2121,-6.0,0.19
7148,3.72,17.6368,15.0,1.02
7149,7.12,2.094,2.0,0.22
7150,11.64,119081.6324,3.0,0.19
7151,3.96,17.6288,25.0,0.25
7152,2.84,8.8964,11.0,0.18
7153,5.0,427554.6362,4.0,0.98
7154,5.28,13.6373,26.0,0.2
7155,6.88,6.2326,-9.0,0.22
7156,7.28,364628.5325,-3.0,0.24
7157,3.88,1.8244,10.0,0.19
7158,6.68,459260.1738,1.0,1.07
7159,8.04,460.3347,3.0,0.25
7160,6.64,0.2215,1.0,0.26
7161,6.68,41.0458,1.0,0.24
7162,4.72,67850.7074,4.0,0.21
7163,10.12,120040.5846,2.0,0.94
7164,3.24,17.632,33.0,0.19
7165,6.2,5.0513,1.0,0.17
7166,10.88,6.0595,1.0,0.23
7167,9.0,238162.5693,5.0,0.19
7168,3.36,17.5906,21.0,0.2
7169,7.6,24.2682,21.0,0.21
7170,5.44,459258.0008,0.0,0.24
7171,5.72,21.2506,29.0,0.23
7172,7.6,3.2825,-1.0,0.2
7173,9.4,854.231,2.0,0.23
7174,4.08,28.1614,23.0,0.93
7175,5.0,427555.5225,8.0,0.23
7176,13.4,6.1578,0.0,0.19
7177,5.8,24.2766,21.0,0.25
7178,6.44,5.4782,-2.0,0.19
7179,11.2,842.0159,-9.0,0.9
7180,7.56,289484.0888,14.0,0.19
7181,10.96,752569.9405,3.0,0.25
7182,5.44,1.7733,26.0,0.18
7183,10.92,386685.9626,-5.0,0.19
7184,5.88,7.586,-6.0,1.02
7185,6.64,120019.4905,21.0,0.21
7186,4.96,1058650.8722,1.0,0.23
7187,6.24,33882.7948,23.0,0.23
7188,3.48,407091.9514,-7.0,0.18
7189,14.2,360092.2476,-7.0,0.98
7190,3.04,26.3947,24.0,0.19
7191,8.2,2.4848,0.0,0.2
7192,7.56,0.3557,-1.0,0.18
7193,5.8,0.0204,23.0,0.19
7194,3.0,0.0467,15.0,0.97
7195,8.08,0.4141,0.0,0.21
7196,6.16,7.5422,22.0,0.19
7197,5.08,29.455,25.0,0.19
7198,4.52,8.9069,19.0,0.21
7199,8.0,120026.8728,13.0,1.05
7200,7.56,425.2895,-3.0,0.18
7201,7.76,668001.1938,-3.0,0.21
7202,3.44,17.5971,31.0,0.18
7203,8.72,24.117,2.0,0.17
7204,6.88,3.5625,22.0,0.94
7205,4.88,21.1104,27.0,0.18
7206,4.72,8.8293,22.0,0.2
7207,4.64,67851.581,2.0,0.17
7208,3.2,35.177,35.0,0.17
7209,11.36,0.4646,3.0,0.93
7210,4.52,0.8953,4.0,0.17
7211,6.32,6.5052,-2.0,0.16
7212,7.76,3.8182,0.0,0.17
7213,7.24,424.7769,3.0,0.18
7214,11.48,0.0797,1.0,0.19
7215,6.12,3.9693,3.0,1.01
7216,9.64,359162.3298,1.0,0.17
7217,2.92,19.3626,23.0,0.18
7218,6.28,4.9399,2.0,0.19
7219,6.6,3.3151,-1.0,0.21
7220,2.72,17.6221,13.0,1.07
7221,2.92,0.0711,-2.0,0.16
7222,6.64,6.5604,-7.0,0.18
7223,6.6,1.8792,24.0,0.25
7224,12.56,0.0417,3.0,0.28
7225,10.6,0.0293,-2.0,1.5
7226,10.48,120040.5574,1.0,0.22
7227,9.12,364697.4698,0.0,0.21
7228,9.48,0.8797,0.0,0.21
7229,5.4,240039.6132,18.0,0.26
7230,9.2,720333.2002,3.0,0.97
7231,10.04,0.0407,5.0,0.19
7232,3.16,8.8528,20.0,0.23
7233,6.08,4.8834,0.0,0.22
7234,10.12,520.9392,-4.0,0.21
7235,2.92,17.6201,15.0,0.92
7236,8.76,443.3951,-2.0,0.18
7237,12.44,119156.2111,1.0,0.21
7238,7.72,18.6441,16.0,0.26
7239,10.16,509.2545,-1.0,0.21
7240,5.0,87.0526,0.0,1.02
7241,10.16,238165.6097,0.0,0.25
7242,10.28,420.9694,-2.0,0.2
7243,7.08,3.1672,23.0,0.23
7244,8.52,0.0141,1.0,0.2
7245,10.6,240081.0914,2.0,0.95
7246,3.72,10.6875,12.0,0.17
7247,12.2,360097.2276,2.0,0.19
7248,7.92,461.9372,2.0,0.19
7249,8.68,2.4779,-1.0,0.18
7250,6.64,5.4787,-7.0,1.1
7251,3.8,28.2382,24.0,0.27
7252,7.16,423.9998,-1.0,0.19
7253,5.72,20.8884,22.0,0.21
7254,10.96,76.9412,3.0,0.23
7255,7.12,42.0713,-5.0,0.25
7256,10.04,12.0855,1.0,0.24
7257,8.0,2.5424,-2.0,0.25
7258,8.64,77.3515,0.0,0.2
7259,10.28,421.2545,-4.0,0.21
7260,10.0,841.9256,-1.0,0.27
7261,5.56,25.4879,21.0,1.12
7262,7.92,119902.6774,1.0,0.29
7263,10.08,6.0807,0.0,0.22
7264,10.56,420.9756,-8.0,0.19
7265,11.68,842.2464,-10.0,0.29
7266,11.32,421.0212,-7.0,1.07
7267,10.24,170575.3538,-9.0,0.18
7268,14.12,0.5454,0.0,0.19
7269,11.64,0.4308,-2.0,0.23
7270,5.28,12.4006,26.0,0.22
7271,8.16,2.2363,-2.0,1.13
7272,13.52,620.0543,0.0,0.22
7273,7.48,240047.6707,23.0,0.2
7274,11.48,421.2862,-12.0,0.26
7275,10.28,459.499,-1.0,0.31
7276,3.64,10.6025,26.0,1.02
7277,4.2,17.705,24.0,0.18
7278,4.72,4.3676,5.0,0.21
7279,3.8,8.903,11.0,0.18
7280,7.32,5.8898,-1.0,0.18
7281,10.32,119081.3347,2.0,0.87
7282,2.72,8.8406,13.0,0.16
7283,10.28,0.1759,0.0,0.23
7284,2.72,11.3071,12.0,0.17
7285,7.32,3.6546,1.0,0.21
7286,3.24,10.5892,9.0,1.02
7287,6.76,425.8854,-3.0,0.23
7288,4.28,26.3797,21.0,0.18
7289,10.56,361475.7854,4.0,0.19
7290,7.52,425.3551,-3.0,0.2
7291,7.52,120038.278,16.0,1.18
7292,6.24,184.8617,5.0,0.21
7293,9.92,1263.424,-2.0,0.18
7294,11.4,841.9384,-10.0,0.22
7295,10.32,880.1395,-4.0,0.22
7296,7.48,120026.8319,17.0,0.25
7297,11.52,0.0301,5.0,0.19
7298,5.2,19.4716,27.0,0.19
7299,3.56,8.8316,27.0,0.22
7300,3.56,26.3743,26.0,0.18
7301,4.48,10.5696,21.0,0.2
7302,5.68,68272.2597,2.0,1.01
7303,3.24,0.1328,7.0,0.2
7304,10.32,880.1288,-2.0,0.24
7305,3.28,28.166,28.0,0.21
7306,8.08,2.2069,-2.0,0.23
7307,11.24,151.556,-1.0,1.15
7308,3.0,0.0582,20.0,0.73
7309,4.16,10.5823,23.0,0.23
7310,6.96,240042.307,18.0,0.22
7311,9.64,38.2949,-3.0,0.24
7312,4.32,8.8068,22.0,1.04
7313,4.36,17.7834,17.0,0.19
7314,5.56,6.504,6.0,0.18
7315,7.52,15.1262,18.0,0.23
7316,7.68,240067.2723,20.0,0.3
7317,5.92,13.8297,8.0,1.0
7318,4.16,21.0956,19.0,0.18
7319,8.2,64473.5017,-1.0,0.21
7320,3.2,26.3876,25.0,0.19
7321,5.28,2.2937,18.0,0.25
7322,3.12,17.7162,19.0,1.07
7323,5.32,120037.8968,25.0,0.23
7324,4.56,0.2131,29.0,0.24
7325,9.08,421.0197,-2.0,0.24
7326,10.12,421.0513,-3.0,0.26
7327,7.6,120028.1472,21.0,0.98
7328,10.88,0.7282,-1.0,0.23
7329,9.32,2476.9641,-4.0,0.18
7330,5.48,0.2086,26.0,0.22
7331,3.36,17.7346,22.0,0.26
7332,10.08,421.8544,0.0,1.08
7333,8.76,50.0716,1.0,0.21
7334,7.0,120034.7979,24.0,0.28
7335,11.04,33880.5176,-1.0,0.2
7336,9.64,38.2401,2.0,0.26
7337,4.4,12.4275,26.0,1.1
7338,8.04,360055.4566,18.0,0.23
7339,10.56,0.8992,-1.0,0.19
7340,14.76,620.5305,-6.0,0.18
7341,4.88,10.6778,27.0,0.19
7342,10.64,421.0463,0.0,0.22
7343,10.56,842.2216,-4.0,1.04
7344,10.8,11.8479,-3.0,0.2
7345,10.68,841.9428,-2.0,0.21
7346,4.76,427726.6643,4.0,0.2
7347,7.64,1.979,-1.0,0.18
7348,7.44,678490.5761,0.0,0.99
7349,3.36,8.9281,18.0,0.19
7350,3.72,0.0488,17.0,0.25
7351,7.28,1.9169,0.0,0.23
7352,4.76,17.776,19.0,0.28
7353,2.72,0.1044,17.0,1.19
7354,3.48,17.7016,17.0,0.21
7355,2.88,17.6269,6.0,0.19
7356,7.32,2.7838,1.0,0.18
7357,6.48,46.0062,24.0,0.23
7358,4.92,21.11,21.0,0.99
7359,4.68,3.5393,27.0,0.18
7360,7.76,38.8882,1.0,0.18
7361,8.04,120324.763,1.0,0.22
7362,8.64,1.6508,0.0,0.19
7363,6.08,4.9928,1.0,0.89
7364,10.0,38.8169,-2.0,0.25
7365,5.88,17.7044,27.0,0.2
7366,4.28,8.8279,29.0,0.18
7367,11.0,0.0756,-6.0,0.23
7368,8.28,335726.5985,3.0,0.95
7369,9.32,38.5357,2.0,0.24
7370,9.12,240083.5504,3.0,0.18
7371,6.92,3.5953,2.0,0.17
7372,5.68,17.6112,24.0,0.21
7373,3.24,19.3754,25.0,0.95
7374,5.48,21.1196,28.0,0.22
7375,11.72,0.0403,-3.0,0.22
7376,5.16,8.9024,28.0,0.19
7377,7.12,120025.57,20.0,0.21
7378,4.2,8.9188,26.0,0.96
7379,12.96,5135.0586,-3.0,0.21
7380,6.76,21.2473,26.0,0.21
7381,11.36,5.716,-2.0,0.2
7382,11.4,0.1416,-6.0,0.17
7383,11.12,3605.1496,-3.0,0.16
7384,3.6,1.9005,20.0,0.23
7385,7.64,120016.8913,22.0,0.2
7386,6.36,4.4835,-2.0,0.17
7387,5.4,3.5292,24.0,0.21
7388,7.44,866351.5587,1.0,0.23
7389,6.56,5.9636,-3.0,0.88
7390,6.4,6.5059,-2.0,0.18
7391,3.4,1.9218,2.0,0.19
7392,7.48,4.4276,-2.0,0.18
7393,6.12,6.6148,-8.0,0.19
7394,4.48,834643.9346,7.0,1.68
7395,5.36,1.7717,25.0,0.24
7396,3.72,10.141,26.0,0.22
7397,3.24,19.4587,17.0,0.17
7398,8.48,2.5054,-6.0,0.23
7399,4.0,12.4126,23.0,1.17
7400,6.68,4.3986,0.0,0.19
7401,2.72,8.8413,6.0,0.23
7402,3.8,9.0253,21.0,0.24
7403,6.36,2.8321,1.0,0.22
7404,9.6,421.2751,0.0,1.36
7405,3.64,14.2026,14.0,0.26
7406,6.0,8.8005,25.0,0.25
7407,3.32,0.1106,5.0,0.24
7408,12.52,0.2009,7.0,0.38
7409,9.0,0.5814,1.0,1.12
7410,4.32,21.1126,22.0,0.18
7411,5.92,6.5594,-4.0,0.23
7412,11.28,0.0557,0.0,0.26
7413,6.12,662696.4196,2.0,0.25
7414,6.96,3.5395,-2.0,1.11
7415,10.6,238165.0904,2.0,0.18
7416,6.12,6.8405,-1.0,0.24
7417,9.16,119086.7504,3.0,0.21
7418,6.72,10.5683,23.0,0.22
7419,4.68,8.9594,20.0,1.07
7420,11.08,0.0679,-1.0,0.24
7421,10.76,421.0703,-2.0,0.22
7422,4.36,26.4741,28.0,0.22
7423,6.24,10.6656,24.0,0.28
7424,7.52,424.7551,-2.0,0.25
7425,6.28,120043.538,24.0,0.2
7426,11.0,337231.623,-5.0,0.2
7427,11.0,841.9844,-5.0,0.19
7428,4.0,10.5708,26.0,0.18
7429,10.8,901.7161,-2.0,0.2
7430,9.16,421.8194,2.0,1.03
7431,8.72,286.1597,0.0,0.22
7432,9.0,0.1359,2.0,0.18
7433,10.0,32236.7658,6.0,0.39
7434,6.8,38.7111,18.0,0.29
7435,2.88,8.842,18.0,1.22
7436,8.6,0.6114,-2.0,0.25
7437,6.84,0.0268,-2.0,0.26
7438,6.6,0.0165,25.0,0.22
7439,10.16,0.1461,5.0,0.23
7440,6.16,5.8172,23.0,1.0
7441,6.2,120033.0694,25.0,0.2
7442,9.64,0.0198,3.0,0.18
7443,10.0,0.312,0.0,0.27
7444,6.24,0.6032,23.0,0.2
7445,7.92,421.9002,1.0,1.09
7446,8.72,38.821,0.0,0.27
7447,6.6,4.4722,3.0,0.18
7448,7.4,1.7521,1.0,0.22
7449,6.52,11.9002,20.0,0.25
7450,10.28,238165.567,5.0,1.33
7451,3.52,3.5818,24.0,0.19
7452,3.84,3.6534,10.0,0.23
7453,2.64,17.6234,11.0,0.17
7454,3.4,28.1492,26.0,0.19
7455,5.64,407092.8105,10.0,1.14
7456,5.76,8.6662,-6.0,0.2
7457,5.96,570.9872,24.0,0.26
7458,6.6,3.9116,-5.0,0.21
7459,3.44,19.3708,14.0,0.21
7460,6.24,6.5042,-7.0,1.34
7461,9.48,2.492,-2.0,0.2
7462,9.76,238162.9958,-2.0,0.26
7463,12.56,3.7176,1.0,0.32
7464,7.0,436.5237,-3.0,0.29
7465,3.28,0.1629,7.0,1.18
7466,10.52,0.086,0.0,0.25
7467,10.44,12.1003,-2.0,0.26
7468,10.08,2.8246,4.0,0.36
7469,7.12,416309.6188,1.0,0.81
7470,5.0,19.38,21.0,0.26
7471,7.04,1.973,5.0,1.48
7472,6.44,4.5072,-2.0,0.27
7473,7.28,240045.3415,23.0,0.29
7474,10.8,842.2221,-2.0,0.32
7475,5.0,3.5396,24.0,0.25
7476,8.6,0.5304,2.0,1.04
7477,3.68,28.4192,23.0,0.27
7478,4.24,2.1005,19.0,0.3
7479,6.16,4.4046,2.0,0.25
7480,6.6,3.2255,20.0,0.34
7481,4.52,21.1052,23.0,1.24
7482,5.12,19.5084,21.0,0.21
7483,8.28,1.101,3.0,0.23
7484,4.64,37.0035,28.0,0.26
7485,7.88,13.9507,0.0,0.2
7486,10.64,842.2455,-1.0,1.1
7487,4.56,24.1757,28.0,0.2
7488,7.72,120023.3816,12.0,0.2
7489,8.44,360056.9145,12.0,0.21
7490,7.56,359798.5798,-6.0,0.2
7491,11.12,420.9852,-9.0,1.15
7492,7.28,6.641,-1.0,0.29
7493,9.2,2299.4749,1.0,0.25
7494,6.28,120017.2983,24.0,0.22
7495,8.16,240037.0488,13.0,0.26
7496,4.2,19.1127,24.0,1.02
7497,8.28,120020.38,12.0,0.19
7498,9.88,56465.9076,0.0,0.22
7499,7.56,39.6489,0.0,0.2
7500,3.72,19.4701,23.0,0.19
7501,4.24,35.1753,22.0,1.06
7502,3.08,10.5897,4.0,0.18
7503,6.04,5.5346,-5.0,0.18
7504,6.32,7.5875,-10.0,0.2
7505,3.56,1.821,26.0,0.21
7506,2.92,8.8618,2.0,0.91
7507,5.24,37.0057,27.0,0.19
7508,6.08,3.6219,19.0,0.19
7509,6.6,7.0454,-5.0,0.22
7510,6.12,28.1431,27.0,0.2
7511,9.0,902.1418,-3.0,0.22
7512,4.96,7.049,25.0,0.22
7513,6.48,44.2059,-4.0,0.21
7514,7.44,0.3674,-1.0,0.17
7515,4.2,8.8077,28.0,0.26
7516,7.04,3.2607,-2.0,0.21
7517,7.68,3.3296,-5.0,1.0
7518,3.36,0.0484,10.0,0.17
7519,4.68,766795.5553,6.0,0.21
7520,7.48,423.7793,1.0,0.19
7521,6.76,14.4816,0.0,0.19
7522,5.0,9.3063,22.0,1.04
7523,6.36,120028.7163,23.0,0.18
7524,4.16,10.662,13.0,0.19
7525,8.6,2.4957,-8.0,0.16
7526,3.72,21.1158,32.0,0.21
7527,12.12,0.3742,1.0,1.28
7528,8.36,38.231,1.0,0.28
7529,4.12,359704.2336,5.0,0.19
7530,11.32,853.7274,-7.0,0.24
7531,8.0,18.084,6.0,0.22
7532,4.92,17.6821,28.0,1.17
7533,9.44,459.4662,0.0,0.28
7534,10.88,421.2975,-8.0,0.22
7535,13.44,360084.1755,-2.0,0.24
7536,10.52,0.38,-7.0,0.23
7537,7.48,1142712.0949,-1.0,1.09
7538,9.8,0.1663,2.0,0.18
7539,7.12,120031.8022,23.0,0.23
7540,5.84,120032.6727,23.0,0.18
7541,6.12,359877.6602,6.0,0.18
7542,10.92,421.2672,-6.0,1.14
7543,5.76,547628.6156,3.0,0.19
7544,10.04,0.3126,-3.0,0.21
7545,3.08,8.8381,30.0,0.18
7546,6.4,1486376.5562,5.0,0.19
7547,9.68,421.5645,0.0,1.63
7548,9.64,360166.605,1.0,0.17
7549,6.2,6.5055,-3.0,0.16
7550,6.28,19.8286,26.0,0.18
7551,12.04,2.5303,-1.0,0.2
7552,2.96,17.621,13.0,0.2
7553,7.52,120018.9667,17.0,0.19
7554,9.84,32236.7398,-5.0,0.22
7555,7.72,115.7935,2.0,0.2
7556,10.32,1575.5009,-1.0,0.22
7557,9.64,239124.8487,3.0,0.21
7558,7.76,240036.1382,15.0,0.97
7559,9.64,38.8298,2.0,0.23
7560,6.08,5.4214,0.0,0.18
7561,9.72,5002.1018,0.0,0.2
7562,3.12,8.8354,20.0,0.16
7563,4.4,12.4329,21.0,0.91
7564,6.68,3.7067,-1.0,0.19
7565,7.16,40.4483,0.0,0.18
7566,10.56,432.8052,-4.0,0.2
7567,11.84,0.0509,0.0,0.19
7568,11.2,421.0275,-8.0,0.96
7569,11.64,841.9663,-10.0,0.19
7570,8.4,120047.1382,8.0,0.22
7571,10.8,0.1107,0.0,0.23
7572,8.44,480197.5951,-1.0,0.19
7573,11.28,421.026,-9.0,0.87
7574,8.28,0.84,3.0,0.23
7575,10.56,12.1124,-2.0,0.25
7576,11.44,841.9749,-9.0,0.18
7577,4.36,7.1374,29.0,0.19
7578,10.96,421.0536,-5.0,1.02
7579,9.36,4860.4928,0.0,0.19
7580,8.28,767132.9864,0.0,0.2
7581,9.0,845.156,-3.0,0.21
7582,10.72,901.3567,-3.0,0.19
7583,11.28,0.045,4.0,1.14
7584,5.52,0.1202,25.0,0.23
7585,7.92,13.9419,-2.0,0.17
7586,3.76,26.4101,29.0,0.19
7587,6.6,20.0933,26.0,0.22
7588,4.12,67852.1113,7.0,1.01
7589,10.4,0.1068,-2.0,0.19
7590,7.52,145.9484,0.0,0.18
7591,3.88,28.2424,27.0,0.17
7592,12.28,1050151.4589,-4.0,0.21
7593,12.48,119081.317,3.0,1.02
7594,4.6,9.014,27.0,0.2
7595,2.8,0.0758,2.0,0.19
7596,4.44,1.8171,23.0,0.18
7597,6.64,30.4511,25.0,0.2
7598,3.36,26.3918,30.0,0.19
7599,9.72,335847.0091,0.0,0.94
7600,6.8,40.933,5.0,0.18
7601,8.8,595730.229,-4.0,0.23
7602,11.68,0.0767,0.0,0.24
7603,5.2,19.3707,22.0,0.21
7604,3.4,17.8958,24.0,1.06
7605,8.44,1.7144,2.0,0.21
7606,4.12,17.581,27.0,0.19
7607,4.36,787256.2474,3.0,0.16
7608,7.04,12.7997,23.0,0.27
7609,6.2,615588.264,5.0,0.91
7610,3.56,26.417,25.0,0.21
7611,11.76,119084.0814,-1.0,0.19
7612,8.32,51.6371,0.0,0.19
7613,6.2,17.7068,26.0,0.27
7614,5.68,6.5592,2.0,1.0
7615,7.28,1246512.7887,1.0,0.21
7616,10.16,392430.8009,-1.0,0.24
7617,6.2,114730.6478,23.0,0.22
7618,6.4,19.3511,24.0,0.26
7619,4.12,8.8216,23.0,1.03
7620,10.4,1263.467,-4.0,0.2
7621,7.52,7.1929,4.0,0.2
7622,10.92,842.2299,-3.0,0.2
7623,7.76,12.4022,16.0,0.18
7624,9.2,240081.1072,-1.0,0.9
7625,10.68,4855.5736,0.0,0.21
7626,6.6,120039.6203,25.0,0.21
7627,11.24,119084.0704,1.0,0.23
7628,4.92,359840.5498,-1.0,0.17
7629,11.4,841.9096,-8.0,0.9
7630,5.0,17.8855,29.0,0.18
7631,5.28,1.8719,25.0,0.2
7632,10.88,421.0815,-2.0,0.19
7633,11.08,842.0377,-3.0,0.22
7634,7.04,120014.9794,23.0,1.46
7635,3.12,8.9471,24.0,0.17
7636,3.12,17.7439,24.0,0.18
7637,6.4,4.941,1.0,0.19
7638,4.72,4.5662,2.0,0.2
7639,9.6,38.2468,0.0,0.22
7640,9.96,119081.721,0.0,0.19
7641,6.16,5.9632,0.0,0.19
7642,9.72,0.1844,1.0,0.22
7643,3.28,0.0753,21.0,0.19
7644,5.24,192.8092,2.0,0.19
7645,8.48,0.077,-1.0,0.9
7646,12.12,8.0983,0.0,0.19
7647,6.52,3.2617,-1.0,0.17
7648,2.92,0.0669,8.0,0.22
7649,3.28,8.9225,24.0,0.18
7650,3.88,8.8264,25.0,0.91
7651,7.2,4.3426,-6.0,0.19
7652,4.84,17.7589,29.0,0.19
7653,3.16,17.6166,15.0,0.21
7654,6.8,3.6731,20.0,0.2
7655,4.56,114741.1575,28.0,0.98
7656,7.8,0.0189,-1.0,0.19
7657,4.2,1.7995,19.0,0.21
7658,8.52,1265.6449,1.0,0.19
7659,7.2,1.265,2.0,0.19
7660,5.76,17.613,23.0,1.06
7661,10.4,354261.555,4.0,0.22
7662,6.28,4.9458,5.0,0.21
7663,5.64,0.2086,26.0,0.19
7664,4.12,12.524,22.0,0.22
7665,4.96,19.5327,27.0,1.01
7666,7.08,248345.9554,17.0,0.31
7667,6.76,422.7118,3.0,0.2
7668,6.84,3.6567,0.0,0.25
7669,5.88,5.508,3.0,0.21
7670,7.88,0.127,0.0,1.1
7671,2.68,17.6495,16.0,0.2
7672,3.24,43.9698,29.0,0.19
7673,8.44,0.3011,2.0,0.23
7674,5.84,7.5856,0.0,0.2
7675,9.16,0.6513,0.0,1.02
7676,8.56,422.1125,2.0,0.18
7677,4.8,10.6635,27.0,0.22
7678,6.76,5.9623,-9.0,0.19
7679,4.48,10.6637,30.0,0.25
7680,6.44,6.7884,-6.0,0.2
7681,8.96,4855.7138,1.0,0.28
7682,3.92,17.732,28.0,0.2
7683,3.08,17.7166,18.0,0.22
7684,7.44,425.2892,-1.0,0.22
7685,6.6,41.5868,-2.0,0.2
7686,8.12,240061.1201,7.0,1.0
7687,7.08,240065.367,22.0,0.2
7688,10.28,38.2788,-3.0,0.21
7689,6.36,12.8217,25.0,0.22
7690,9.36,421.5465,0.0,0.21
7691,6.48,479607.0756,2.0,1.05
7692,10.76,421.0643,-3.0,0.26
7693,12.04,714424.7355,-1.0,0.3
7694,3.64,28.2409,27.0,0.22
7695,9.0,459.2461,-2.0,0.19
7696,10.8,0.0777,-5.0,0.96
7697,8.92,240028.4834,-6.0,0.18
7698,10.8,841.9464,-1.0,0.24
7699,13.76,74.357,-4.0,0.23
7700,10.72,0.0646,-4.0,0.21
7701,8.0,90.7325,-2.0,0.94
7702,10.8,1.0557,-4.0,0.2
7703,9.0,1.0425,4.0,0.22
7704,6.24,119902.6469,1.0,0.18
7705,9.6,119081.3426,6.0,0.23
7706,6.96,11.6114,17.0,0.84
7707,9.56,234769.2835,7.0,0.2
7708,9.88,239127.2873,4.0,0.18
7709,4.4,67849.5343,8.0,0.17
7710,6.8,21.3454,16.0,0.21
7711,10.96,0.0294,-1.0,0.93
7712,3.88,8.8489,16.0,0.17
7713,4.2,0.1317,23.0,0.19
7714,7.44,3.9909,2.0,0.17
7715,3.92,8.9238,31.0,0.18
7716,8.08,39.6806,3.0,0.94
7717,10.32,2.5035,1.0,0.18
7718,10.08,0.0566,-1.0,0.25
7719,8.2,600635.7014,0.0,0.19
7720,8.12,240043.7878,17.0,0.19
7721,10.6,0.3626,-2.0,1.03
7722,5.88,219.4481,-3.0,0.21
7723,5.6,29.529,14.0,0.2
7724,5.36,8.8955,26.0,0.26
7725,10.36,0.1191,0.0,0.22
7726,4.52,19.4696,21.0,0.23
7727,2.88,8.8552,14.0,1.0
7728,10.84,0.7812,3.0,0.19
7729,5.8,7.6413,-5.0,0.16
7730,4.44,1.8857,26.0,0.19
7731,5.84,359840.206,3.0,0.19
7732,4.48,67853.7444,6.0,0.96
7733,5.84,3.6828,25.0,0.21
7734,5.32,423130.0622,-2.0,0.2
7735,6.0,762374.3186,1.0,0.25
7736,3.84,339243.2942,-4.0,0.18
7737,11.4,4854.8945,-2.0,1.01
7738,7.32,120013.673,26.0,0.2
7739,3.72,12.3373,26.0,0.24
7740,6.16,4.8823,-2.0,0.18
7741,5.6,407094.8297,2.0,0.22
7742,9.28,4856.1206,1.0,0.99
7743,4.48,3.513,6.0,0.16
7744,6.4,3.625,21.0,0.27
7745,10.28,1274.6356,-1.0,0.26
7746,4.56,20.753,27.0,0.21
7747,8.2,32236.737,2.0,0.92
7748,7.0,120034.7388,25.0,0.2
7749,5.28,1.781,27.0,0.22
7750,5.56,8.9074,28.0,0.27
7751,7.6,1.4305,1.0,0.19
7752,11.08,841.9851,-3.0,0.91
7753,7.24,10.1964,20.0,0.22
7754,9.2,0.9178,-1.0,0.2
7755,5.48,447.4583,24.0,0.21
7756,9.28,1193.3165,0.0,0.25
7757,5.08,120017.2696,28.0,1.08
7758,9.0,119081.3318,1.0,0.19
7759,8.72,392403.3402,-3.0,0.18
7760,8.08,1.1643,1.0,0.27
7761,4.04,1.9034,30.0,0.21
7762,6.48,3.4265,4.0,1.04
7763,9.76,5.906,2.0,0.2
7764,6.24,202.9082,3.0,0.18
7765,3.52,20.7597,16.0,0.2
7766,7.72,41.0099,0.0,0.19
7767,8.12,240038.7476,2.0,0.22
7768,3.12,33888.0072,9.0,0.19
7769,5.72,751001.665,4.0,0.18
7770,3.36,17.6954,16.0,0.19
7771,5.24,1.8699,25.0,0.21
7772,6.28,6.7826,-6.0,0.21
7773,6.84,4.629,-2.0,1.09
7774,7.96,423.8773,-6.0,0.19
7775,6.0,7.6403,-9.0,0.17
7776,7.24,425.0288,-3.0,0.19
7777,4.04,17.6026,24.0,0.2
7778,6.24,5.4795,-2.0,1.02
7779,4.16,21.0991,31.0,0.17
7780,8.48,50.5904,0.0,0.21
7781,10.4,2.5001,-7.0,0.17
7782,7.4,0.2448,3.0,0.19
7783,8.08,41.0824,-3.0,0.92
7784,11.16,1683.8731,-4.0,0.23
7785,5.84,120041.3559,25.0,0.18
7786,11.16,842.0367,-4.0,0.19
7787,6.68,120025.1431,25.0,0.23
7788,6.32,3.802,3.0,1.18
7789,5.88,662806.4172,1.0,0.26
7790,10.24,32240.2074,4.0,0.24
7791,3.64,28.3472,17.0,0.23
7792,6.48,5.9625,-3.0,0.22
7793,6.4,43.208,0.0,1.29
7794,7.12,427.1987,-6.0,0.18
7795,10.76,0.0661,2.0,0.19
7796,9.2,33884.712,4.0,0.21
7797,6.88,2.2361,3.0,0.2
7798,4.96,100.3141,-4.0,1.21
7799,3.68,12.3389,25.0,0.17
7800,10.28,392403.3343,5.0,0.18
7801,9.56,33885.0644,2.0,0.18
7802,9.36,115.5261,0.0,0.21
7803,7.04,4.0836,-1.0,1.06
7804,7.8,1.084,0.0,0.2
7805,3.24,10.6262,24.0,0.18
7806,3.88,19.4463,19.0,0.26
7807,5.0,8.919,22.0,0.2
7808,3.16,28.3664,26.0,0.73
7809,12.64,240728.9302,0.0,0.21
7810,7.56,2.2367,2.0,0.18
7811,8.16,423.4074,0.0,0.19
7812,4.28,10.6682,25.0,0.22
7813,5.96,359864.8695,2.0,0.21
7814,7.48,719805.6763,0.0,0.87
7815,3.28,36.9346,10.0,0.2
7816,9.76,421.7908,1.0,0.21
7817,6.72,1138381.2251,0.0,0.23
7818,10.28,38.3028,-5.0,0.22
7819,8.88,2.614,-3.0,1.14
7820,6.44,1.3298,22.0,0.26
7821,5.68,10.5455,15.0,0.21
7822,7.44,240032.6399,22.0,0.2
7823,10.44,0.6713,-4.0,0.21
7824,8.16,422.046,1.0,1.13
7825,7.96,473.7514,-3.0,0.21
7826,14.12,0.3738,-10.0,0.19
7827,6.32,31.0028,18.0,0.21
7828,8.84,422.0999,0.0,0.2
7829,10.8,2.5781,2.0,1.14
7830,9.28,38.5396,0.0,0.19
7831,9.12,77.578,-2.0,0.21
7832,11.92,714424.8202,2.0,0.23
7833,13.44,354258.1386,-11.0,0.24
7834,3.6,19.3662,21.0,1.07
7835,8.16,844.669,-2.0,0.29
7836,12.6,15.5612,-7.0,0.2
7837,8.28,480070.4533,11.0,0.18
7838,7.48,120030.0197,17.0,0.18
7839,7.32,2.748,1.0,1.09
7840,11.2,6.1483,2.0,0.18
7841,12.76,625.6556,-1.0,0.19
7842,9.28,39.3584,-1.0,0.25
7843,11.48,33879.8492,-2.0,0.2
7844,6.96,843.5492,-9.0,1.14
7845,9.2,0.0472,-1.0,0.2
7846,7.88,0.8405,3.0,0.26
7847,10.28,892.196,1.0,0.28
7848,10.04,0.6496,7.0,0.25
7849,4.92,8.798,23.0,1.14
7850,8.32,0.0597,-3.0,0.18
7851,4.04,23788.066,17.0,0.19
7852,4.0,8.8427,18.0,0.18
7853,7.84,2.3791,0.0,0.21
7854,2.8,8.8616,7.0,0.17
7855,6.6,248.5226,1.0,0.91
7856,9.6,901.5155,0.0,0.18
7857,7.48,135702.2835,1.0,0.25
7858,6.76,425.2899,4.0,0.19
7859,4.12,19.3533,24.0,0.25
7860,6.32,3.8008,4.0,1.01
7861,3.64,11.8824,3.0,0.17
7862,8.88,1046.9536,3.0,0.17
7863,9.0,0.0586,-7.0,0.28
7864,8.52,13.141,0.0,0.26
7865,7.44,0.0531,-2.0,1.09
7866,6.28,44.176,-1.0,0.18
7867,4.92,359769.1045,4.0,0.18
7868,7.88,14.3844,-4.0,0.26
7869,6.6,3.3738,3.0,0.24
7870,4.36,8.8377,21.0,1.14
7871,4.0,1.8708,11.0,0.19
7872,7.36,425.3759,-1.0,0.2
7873,12.52,148.568,-3.0,0.17
7874,5.28,3.6241,26.0,0.23
7875,8.56,38.8037,0.0,0.95
7876,10.6,842.2276,-1.0,0.21
7877,7.68,9.726,13.0,0.22
7878,11.12,421.0785,-2.0,0.19
7879,10.72,421.5768,-4.0,0.21
7880,11.6,69111.6164,-8.0,1.07
7881,6.64,29.8396,22.0,0.2
7882,6.32,183.5687,3.0,0.22
7883,6.4,5.3801,22.0,0.21
7884,10.28,11.8021,-2.0,0.24
7885,6.88,22.9429,22.0,0.93
7886,6.96,2.7774,2.0,0.18
7887,4.04,26.4601,26.0,0.21
7888,9.36,489113.4923,-2.0,0.27
7889,6.52,41.5852,2.0,0.18
7890,3.64,31.1904,28.0,1.46
7891,2.76,8.8574,2.0,0.17
7892,8.16,2.749,0.0,0.19
7893,4.28,8.82,9.0,0.19
7894,4.84,11.08,25.0,0.17
7895,6.12,5.423,0.0,0.17
7896,4.04,17.6165,20.0,0.26
7897,6.4,2.3474,4.0,0.19
7898,7.36,360871.5235,4.0,0.19
7899,3.12,10.8004,10.0,0.18
7900,5.56,8.6662,-4.0,0.19
7901,9.08,433.0118,2.0,1.17
7902,4.64,4.8435,23.0,0.2
7903,7.0,4.6221,-2.0,0.2
7904,8.96,843.0494,-1.0,0.23
7905,11.16,420.979,-7.0,0.22
7906,11.8,38385.1786,-6.0,0.98
7907,4.32,17.6787,21.0,0.18
7908,10.28,0.0306,1.0,0.19
7909,12.52,354258.181,-1.0,0.2
7910,10.64,841.9728,0.0,0.23
7911,8.12,359774.3638,0.0,0.97
7912,8.64,32236.7339,-5.0,0.27
7913,3.44,3.64,25.0,0.28
7914,8.6,0.0702,4.0,0.23
7915,3.64,21.1064,26.0,0.23
7916,5.16,1.8809,24.0,1.08
7917,7.96,2.7436,1.0,0.23
7918,6.72,3.7994,-2.0,0.2
7919,7.2,42.5596,0.0,0.23
7920,6.72,5.4242,-3.0,0.41
7921,5.72,8.1262,-6.0,1.42
7922,3.84,17.5856,14.0,0.25
7923,8.2,0.0731,-2.0,0.22
7924,7.24,3.2688,2.0,0.27
7925,2.68,17.634,9.0,0.26
7926,6.12,8.1824,-11.0,1.32
7927,4.72,17.6237,29.0,0.42
7928,5.72,547454.6066,5.0,0.29
7929,3.4,0.0628,9.0,0.25
7930,3.68,0.1716,7.0,0.26
7931,4.6,67852.1674,9.0,1.18
7932,5.6,12.3721,15.0,0.25
7933,9.52,842.1949,-1.0,0.23
7934,3.64,12.353,17.0,0.28
7935,7.6,4.0814,-1.0,0.29
7936,9.92,3.412,5.0,0.21
7937,3.52,10.5777,17.0,0.2
7938,7.4,0.0169,4.0,0.17
7939,7.4,120031.8017,16.0,0.19
7940,3.76,12.3501,25.0,0.29
7941,7.04,120032.9726,24.0,0.21
7942,6.2,4.3986,1.0,1.15
7943,7.68,3.8792,-2.0,0.22
7944,7.92,4.0836,-2.0,0.23
7945,3.88,0.0543,22.0,0.26
7946,8.12,2.8198,-3.0,0.2
7947,7.04,2.997,-3.0,1.21
7948,5.0,21.1057,25.0,0.18
7949,9.04,241711.1767,-4.0,0.22
7950,8.12,32236.7312,0.0,0.2
7951,8.12,2.2908,-1.0,0.19
7952,7.6,4.3631,-1.0,1.18
7953,2.56,0.1215,12.0,0.22
7954,6.84,1.9304,23.0,0.22
7955,4.32,427552.9345,1.0,0.29
7956,9.4,459.1844,-1.0,0.22
7957,4.16,67996.64,6.0,1.03
7958,13.72,360091.9434,2.0,0.22
7959,9.8,421.2583,1.0,0.2
7960,3.72,17.6035,27.0,0.29
7961,3.56,8.9411,24.0,0.33
7962,4.4,3.6564,19.0,1.15
7963,6.84,3.7328,19.0,0.27
7964,11.48,418731.6563,1.0,0.31
7965,7.28,145.4282,2.0,0.22
7966,7.04,2.5123,2.0,0.27
7967,9.44,1263.9977,-8.0,1.76
7968,9.8,421.2755,-1.0,0.27
7969,2.48,0.0846,10.0,0.18
7970,4.68,28.0882,27.0,0.22
7971,8.24,119016.0534,0.0,0.24
7972,10.68,0.1192,-4.0,1.27
7973,4.2,8.9985,21.0,0.23
7974,11.76,0.088,2.0,0.19
7975,4.0,12.3178,17.0,0.23
7976,6.84,187866.0816,-2.0,0.24
7977,3.96,8.8263,14.0,1.41
7978,2.96,17.638,21.0,0.23
7979,4.48,120015.4005,4.0,0.26
7980,6.44,5.9647,1.0,0.21
7981,3.12,0.0815,7.0,0.26
7982,7.52,360849.6009,-4.0,0.31
7983,6.24,6.5019,-2.0,1.22
7984,6.44,6.5042,-6.0,0.25
7985,3.72,26.5959,24.0,0.22
7986,4.08,67848.6799,-4.0,0.23
7987,6.24,7.0449,-3.0,0.29
7988,7.76,12.8918,18.0,1.54
7989,4.32,33898.6453,23.0,0.26
7990,4.56,21.3018,20.0,0.23
7991,6.76,1.8628,4.0,0.31
7992,3.08,26.5153,15.0,0.27
7993,2.96,0.0528,21.0,1.29
7994,6.12,10.2288,23.0,0.27
7995,11.56,34786.441,-2.0,0.25
7996,7.44,22.5033,18.0,0.24
7997,4.6,339245.0418,9.0,0.22
7998,4.84,459259.5855,3.0,1.11
7999,10.4,0.3519,-8.0,0.5
8000,10.32,38.602,-1.0,0.28
8001,8.32,120023.4241,11.0,0.26
8002,9.8,421.532,-3.0,0.26
8003,5.84,27.7794,23.0,1.18
8004,10.52,0.1515,1.0,0.23
8005,9.32,39.0814,0.0,0.23
8006,7.2,240040.5391,13.0,0.19
8007,6.52,2.9994,0.0,0.27
8008,8.68,0.3826,2.0,1.29
8009,7.84,11.8342,1.0,0.28
8010,8.64,0.0782,2.0,0.26
8011,6.36,762796.0992,1.0,0.31
8012,3.88,8.8253,14.0,0.27
8013,10.64,421.0043,-1.0,1.32
8014,3.08,17.6503,18.0,0.18
8015,7.68,3.273,0.0,0.25
8016,3.0,3.5666,7.0,0.2
8017,8.16,229.9885,0.0,0.23
8018,11.2,1810.1558,-2.0,0.91
8019,5.44,10.654,25.0,0.24
8020,7.04,5.1639,-5.0,0.16
8021,13.48,0.388,-1.0,0.19
8022,6.32,10.6652,23.0,0.26
8023,6.68,0.0433,25.0,0.21
8024,8.8,1207.5123,-2.0,0.17
8025,3.2,19.4021,13.0,0.19
8026,6.92,120034.3586,22.0,0.23
8027,6.64,4.3974,1.0,0.17
8028,5.04,459149.6354,5.0,0.21
8029,7.64,9.3704,21.0,0.99
8030,7.72,4855.1442,4.0,0.22
8031,6.32,12.367,23.0,0.18
8032,3.6,28.1554,22.0,0.16
8033,5.92,35.1631,25.0,0.23
8034,6.24,4.8826,1.0,1.26
8035,3.36,8.9082,22.0,0.23
8036,5.08,28.123,27.0,0.26
8037,7.84,15.0442,-1.0,0.31
8038,4.56,0.1493,25.0,0.33
8039,8.84,284.1689,1.0,1.85
8040,6.68,2.8304,0.0,0.25
8041,7.04,41.8082,0.0,0.23
8042,4.24,17.6364,9.0,0.25
8043,12.84,119155.6108,0.0,0.27
8044,6.28,1.8802,23.0,1.32
8045,12.08,2703.7828,-14.0,0.28
8046,8.52,38.8037,2.0,0.25
8047,7.96,843.0409,-2.0,0.24
8048,10.6,891.8995,-5.0,0.3
8049,7.68,480979.9536,2.0,1.24
8050,10.48,50.3113,-5.0,0.26
8051,6.28,15.3804,21.0,0.28
8052,4.52,0.2086,27.0,0.26
8053,9.72,459.7502,-2.0,0.3
8054,8.16,120021.2066,12.0,1.24
8055,14.12,720167.7265,0.0,0.22
8056,4.56,19.5652,26.0,0.21
8057,13.52,119081.701,-8.0,0.19
8058,4.52,35.2184,25.0,0.27
8059,7.04,11.9227,22.0,1.44
8060,2.48,17.6112,4.0,0.21
8061,3.56,1.8286,22.0,0.33
8062,3.2,36.9101,29.0,0.24
8063,3.76,0.0607,12.0,0.29
8064,6.52,6.5036,-6.0,0.26
8065,7.72,145.7554,1.0,0.23
8066,11.32,74.6401,0.0,0.18
8067,9.48,0.1573,-4.0,0.22
8068,10.28,880.1833,-2.0,0.22
8069,4.76,8.8209,16.0,0.21
8070,5.72,699119.6506,-1.0,1.19
8071,5.8,0.1238,25.0,0.24
8072,10.08,420.9902,-1.0,0.28
8073,8.56,240052.8066,1.0,0.25
8074,7.52,40.187,3.0,0.22
8075,10.8,27.5787,1.0,1.2
8076,10.84,421.3225,-3.0,0.18
8077,5.56,26.4619,28.0,0.25
8078,9.76,0.6172,-4.0,0.21
8079,3.72,10.662,30.0,0.18
8080,4.04,427552.0323,4.0,0.97
8081,2.68,17.6607,18.0,0.17
8082,4.0,26.4185,15.0,0.23
8083,6.8,42.8356,-1.0,0.2
8084,6.76,120015.5367,24.0,0.21
8085,9.0,170524.4271,1.0,1.03
8086,5.08,19.3884,28.0,0.26
8087,7.24,479718.124,5.0,0.22
8088,8.88,119083.7845,2.0,0.22
8089,9.52,3224.51,-1.0,0.23
8090,9.32,146.4758,3.0,0.96
8091,3.76,22.9658,27.0,0.17
8092,11.44,901.5879,-4.0,0.25
8093,8.0,1.6367,0.0,0.2
8094,6.12,1246512.2857,2.0,0.25
8095,8.36,51.3969,3.0,1.25
8096,3.24,10.5919,12.0,0.23
8097,6.92,1079288.0796,1.0,0.24
8098,10.6,1262.9163,-6.0,0.22
8099,2.76,17.7543,7.0,0.24
8100,6.72,11.8675,24.0,1.01
8101,9.84,471.2579,0.0,0.26
8102,3.08,10.5685,6.0,0.22
8103,2.68,0.0585,10.0,0.25
8104,6.52,7.5438,15.0,0.24
8105,2.84,10.607,7.0,0.98
8106,3.28,0.0587,18.0,0.19
8107,2.8,8.9535,10.0,0.21
8108,3.8,1.8073,18.0,0.21
8109,2.84,8.828,8.0,0.26
8110,6.52,3.6508,1.0,0.21
8111,6.84,3.3724,-2.0,1.11
8112,6.72,28.1626,25.0,0.25
8113,5.76,12.4095,24.0,0.77
8114,6.0,33887.9742,25.0,0.21
8115,7.0,2.7754,0.0,0.2
8116,5.92,6.0753,-4.0,1.21
8117,6.08,7.5858,-3.0,0.17
8118,6.56,360024.7288,5.0,0.23
8119,9.52,119083.7599,1.0,0.19
8120,6.64,6.0226,-3.0,0.21
8121,8.68,1185.1714,0.0,1.1
8122,5.44,19.4136,17.0,0.22
8123,3.92,28.1383,30.0,0.22
8124,3.52,17.7296,24.0,0.21
8125,8.84,64497.5737,5.0,0.29
8126,4.88,12.5092,27.0,1.15
8127,7.52,27.7518,15.0,0.2
8128,12.64,354258.1395,-3.0,0.18
8129,9.72,19.8236,0.0,0.23
8130,5.28,120022.6412,25.0,0.28
8131,11.04,15.2044,-10.0,0.99
8132,9.24,33879.8436,0.0,0.19
8133,4.52,0.0467,20.0,0.18
8134,7.08,4.083,3.0,0.18
8135,3.32,8.9056,27.0,0.17
8136,8.48,2.2999,2.0,0.85
8137,8.24,39.661,1.0,0.19
8138,14.48,720793.367,-1.0,0.2
8139,6.52,359932.7744,6.0,0.3
8140,4.72,359703.3724,7.0,0.26
8141,9.44,471.4809,-1.0,1.06
8142,5.84,21.7105,25.0,0.24
8143,10.0,0.4975,5.0,0.18
8144,3.16,0.0298,18.0,0.18
8145,3.32,8.8192,21.0,0.21
8146,6.32,6.5607,-2.0,0.94
8147,9.92,5.8594,-7.0,0.27
8148,2.8,17.6605,6.0,0.22
8149,8.36,32236.7387,0.0,0.23
8150,2.8,8.867,9.0,0.17
8151,3.04,17.651,14.0,0.18
8152,6.28,5.4225,-5.0,0.18
8153,6.24,5.5894,-4.0,0.17
8154,8.92,239124.2844,-10.0,0.18
8155,4.2,67852.1796,-3.0,0.19
8156,4.0,8.8113,23.0,0.19
8157,3.4,28.2464,26.0,0.88
8158,6.96,1.8038,0.0,0.22
8159,3.0,17.6189,21.0,0.17
8160,2.76,17.6493,19.0,0.15
8161,6.8,479721.1404,3.0,0.18
8162,7.56,1002287.9073,1.0,0.99
8163,2.88,0.0634,23.0,0.17
8164,8.16,1.6966,1.0,0.21
8165,8.08,145.9427,4.0,0.17
8166,7.6,1.1557,2.0,0.25
8167,3.32,35.1805,11.0,1.0
8168,9.92,842.2462,-1.0,0.2
8169,6.56,2.9532,5.0,0.16
8170,7.12,3.8632,-1.0,0.24
8171,6.88,3.2608,2.0,0.26
8172,8.36,0.8965,-1.0,1.27
8173,8.6,1264.3323,-4.0,0.29
8174,7.16,2.7228,1.0,0.23
8175,8.68,40.4288,2.0,0.22
8176,11.12,842.1975,-4.0,0.25
8177,10.2,367963.3248,4.0,1.2
8178,3.4,3.55,24.0,0.24
8179,6.44,3.802,3.0,0.23
8180,3.64,19.4755,27.0,0.2
8181,12.2,481385.8493,1.0,0.2
8182,8.08,0.1272,-2.0,1.02
8183,7.6,0.005,-1.0,0.21
8184,9.8,120040.5641,4.0,0.27
8185,11.24,77.2947,3.0,0.21
8186,4.08,17.6046,22.0,0.25
8187,6.12,54.5784,24.0,1.2
8188,8.8,1.7001,-2.0,0.25
8189,3.96,1.8844,26.0,0.25
8190,10.12,421.016,1.0,0.25
8191,5.84,41.3106,23.0,0.26
8192,8.32,33891.9956,3.0,0.29
8193,10.56,841.9647,-4.0,0.23
8194,7.16,4.0834,-3.0,0.76
8195,4.12,0.0318,14.0,0.26
8196,7.28,120018.0754,16.0,0.27
8197,8.68,421.5305,-1.0,0.23
8198,12.88,0.2479,-3.0,1.11
8199,3.56,10.5884,26.0,0.27
8200,7.32,3.3259,0.0,0.24
8201,6.2,5.9656,-1.0,0.29
8202,4.88,135697.6831,4.0,0.27
8203,7.36,120018.1207,18.0,1.19
8204,10.6,459.3117,-7.0,0.24
8205,4.04,5.0341,19.0,0.21
8206,9.92,0.0305,-1.0,0.28
8207,7.24,4.3436,-2.0,0.23
8208,9.36,420.9795,-1.0,1.09
8209,11.4,478243.6102,1.0,0.26
8210,5.8,33.5362,25.0,0.27
8211,7.52,120025.6564,20.0,0.33
8212,3.64,26.3752,30.0,0.27
8213,7.6,0.5914,-1.0,1.08
8214,3.84,22.8846,24.0,0.26
8215,6.96,2.2357,3.0,0.24
8216,5.72,289.6494,-9.0,0.2
8217,4.0,0.8895,6.0,0.21
8218,3.76,1.7981,12.0,1.08
8219,7.48,0.4613,1.0,0.22
8220,11.92,1808.1781,-5.0,0.25
8221,3.32,35.2814,21.0,0.22
8222,7.64,39.9278,1.0,0.19
8223,8.92,7.398,5.0,1.12
8224,4.2,10.6715,26.0,0.3
8225,5.12,10.6533,27.0,0.39
8226,6.88,19.1021,19.0,0.26
8227,8.76,38.5097,0.0,0.23
8228,8.64,694525.7732,-3.0,1.23
8229,9.28,421.28,-2.0,0.31
8230,10.64,880.1657,-7.0,0.27
8231,8.88,497.393,0.0,0.27
8232,8.0,3.6732,20.0,0.21
8233,3.84,10.5814,24.0,1.25
8234,6.0,17.694,24.0,0.25
8235,5.92,120034.7966,18.0,0.24
8236,3.52,10.7892,22.0,0.23
8237,6.4,3.3168,4.0,0.25
8238,5.8,6.5048,0.0,0.28
8239,8.12,1168.2424,-1.0,1.24
8240,7.2,3.2613,4.0,0.25
8241,6.28,196.0816,2.0,0.23
8242,7.48,359844.6818,0.0,0.22
8243,12.24,5135.4792,1.0,0.28
8244,7.52,39.4799,-1.0,1.27
8245,10.96,420.9961,-7.0,0.27
8246,3.56,35.3715,19.0,0.25
8247,7.8,0.4084,1.0,0.27
8248,9.56,0.3083,0.0,0.32
8249,8.88,843.691,-2.0,1.18
8250,5.4,479605.1008,4.0,0.22
8251,4.36,8.8264,28.0,0.21
8252,9.0,422.0589,0.0,0.22
8253,2.88,3.5885,9.0,0.22
8254,3.08,3.579,17.0,1.11
8255,8.52,844.6724,0.0,0.17
8256,6.0,29.4512,26.0,0.21
8257,7.2,365633.178,4.0,0.2
8258,11.0,450968.2956,2.0,0.22
8259,3.32,8.8469,16.0,1.18
8260,10.6,901.5866,-1.0,0.17
8261,3.64,12.3415,21.0,0.16
8262,9.92,421.0315,-3.0,0.23
8263,4.52,3.7346,26.0,0.21
8264,8.6,32236.7869,2.0,1.06
8265,7.52,1158266.5552,-1.0,0.29
8266,5.64,128345.1059,26.0,0.37
8267,6.8,2.233,2.0,0.35
8268,4.08,19.36,28.0,0.86
8269,9.56,0.3245,-1.0,1.13
8270,8.88,2.2914,0.0,0.19
8271,6.56,34.2994,17.0,0.18
8272,6.72,43.4823,24.0,0.28
8273,15.16,1867.0558,-8.0,0.26
8274,5.04,19.4425,25.0,1.12
8275,5.12,67851.085,6.0,0.2
8276,3.04,17.6252,13.0,0.2
8277,4.08,10.6235,28.0,0.23
8278,10.2,358208.5457,5.0,0.3
8279,7.4,40.0226,1.0,0.26
8280,5.52,3.7366,21.0,0.24
8281,7.12,360056.2975,25.0,0.24
8282,5.44,17.67,22.0,0.19
8283,2.84,8.8405,17.0,0.22
8284,8.92,0.3001,0.0,0.22
8285,5.32,8.8963,21.0,1.22
8286,7.28,120035.6992,15.0,0.23
8287,10.24,420.9966,-1.0,0.2
8288,14.8,360709.2626,-5.0,0.29
8289,5.96,17.5814,28.0,0.33
8290,3.64,28.2292,20.0,1.18
8291,4.8,12.6146,28.0,0.26
8292,10.68,0.3412,-4.0,0.24
8293,12.08,5756.0214,-7.0,0.25
8294,9.56,421.5604,-3.0,0.23
8295,8.08,240032.1919,6.0,1.02
8296,6.8,0.0124,24.0,0.26
8297,5.36,10.6572,26.0,0.24
8298,9.4,32264.2027,3.0,0.21
8299,3.64,8.8183,14.0,0.2
8300,2.84,0.0299,11.0,1.0
8301,7.88,13.4561,1.0,0.23
8302,2.92,8.944,6.0,0.22
8303,3.92,17.6957,25.0,0.23
8304,3.28,8.8266,16.0,0.19
8305,10.76,842.0188,-3.0,1.18
8306,9.0,2.7578,-2.0,0.36
8307,10.0,918.4079,-1.0,0.27
8308,7.6,35.6822,21.0,0.24
8309,7.0,120025.5409,20.0,0.26
8310,6.8,42.5523,-2.0,1.11
8311,4.28,359705.1394,3.0,0.21
8312,7.24,3.2614,1.0,0.25
8313,5.92,6.0746,0.0,0.21
8314,4.6,128.2194,-4.0,0.21
8315,4.96,0.0215,27.0,1.39
8316,3.92,43.9643,25.0,0.22
8317,4.88,120025.111,13.0,0.25
8318,8.16,120047.1292,12.0,0.25
8319,10.52,421.2788,0.0,0.3
8320,6.16,20.7514,25.0,0.25
8321,4.16,28.3301,30.0,0.25
8322,10.2,842.4835,-3.0,0.23
8323,11.96,0.0776,-1.0,0.28
8324,5.08,12.3121,27.0,0.28
8325,4.6,28.3274,26.0,0.36
8326,6.28,68270.8395,2.0,1.21
8327,8.28,474.2099,-4.0,0.19
8328,6.92,0.0397,22.0,0.23
8329,7.08,19.9814,19.0,0.22
8330,4.4,21.1993,30.0,0.25
8331,8.04,0.0712,0.0,1.19
8332,10.4,421.0153,0.0,0.24
8333,7.96,425.3038,-6.0,0.22
8334,3.08,17.6508,12.0,0.24
8335,4.08,8.82,18.0,0.21
8336,6.32,5.7578,-4.0,1.23
8337,6.6,1393587.79,3.0,0.18
8338,9.44,0.0453,-1.0,0.19
8339,2.68,8.855,18.0,0.17
8340,10.24,714431.699,2.0,0.19
8341,3.44,8.8989,11.0,1.76
8342,5.16,495401.5809,3.0,0.17
8343,6.96,4.9812,-1.0,0.17
8344,9.24,39.3473,2.0,0.17
8345,6.68,4.5097,-2.0,0.2
8346,5.96,16.5226,21.0,1.23
8347,5.72,10.2398,23.0,0.18
8348,7.68,424.2628,-2.0,0.19
8349,10.32,432.8331,0.0,0.19
8350,10.04,38.2543,-3.0,0.2
8351,4.92,1.9857,27.0,1.17
8352,2.88,17.6016,20.0,0.19
8353,8.12,38.7964,2.0,0.18
8354,11.52,842.0756,-6.0,0.17
8355,7.52,16.325,14.0,0.18
8356,10.6,1276.4425,0.0,1.07
8357,3.4,9.0215,14.0,0.18
8358,9.28,360169.9967,5.0,0.22
8359,4.64,19.6381,23.0,0.2
8360,2.96,8.836,15.0,0.18
8361,3.92,2.6148,0.0,1.07
8362,4.64,67849.552,7.0,0.17
8363,3.4,1.7914,27.0,0.2
8364,4.36,36.9303,24.0,0.17
8365,12.48,119081.2914,0.0,0.18
8366,6.8,4987.6496,2.0,0.21
8367,14.88,8.5549,-5.0,0.99
8368,7.96,38.8852,2.0,0.18
8369,4.76,359840.5797,2.0,0.16
8370,6.44,1685567.0154,3.0,0.23
8371,7.4,4.9574,-2.0,0.18
8372,7.04,1518559.9555,1.0,1.15
8373,7.2,0.1824,0.0,0.2
8374,7.44,1.2187,1.0,0.2
8375,6.32,19.4052,20.0,0.2
8376,8.76,77.4458,2.0,0.32
8377,8.64,423.1834,0.0,1.11
8378,8.56,459.1783,0.0,0.18
8379,7.08,3.2632,2.0,0.21
8380,12.04,238239.2513,-3.0,0.17
8381,4.28,0.0179,23.0,0.21
8382,4.76,132.0094,0.0,1.01
8383,6.08,6.7434,20.0,0.18
8384,7.8,3.1127,0.0,0.2
8385,9.32,421.2481,-1.0,0.22
8386,2.92,8.918,7.0,0.17
8387,7.44,120050.6232,21.0,0.93
8388,8.24,423.6711,-4.0,0.19
8389,3.24,19.4914,24.0,0.18
8390,3.36,44.0756,29.0,0.19
8391,3.52,0.1294,21.0,0.22
8392,6.4,5.702,-4.0,0.95
8393,7.6,1.7722,1.0,0.17
8394,11.64,120042.2547,-4.0,0.18
8395,4.96,599730.7292,5.0,0.17
8396,7.28,52.5573,2.0,0.18
8397,13.96,5.5637,0.0,0.9
8398,3.4,0.0549,22.0,0.22
8399,4.52,118.1008,-8.0,0.15
8400,4.36,28.2188,31.0,0.17
8401,3.92,70.4006,28.0,0.18
8402,3.16,0.0757,19.0,0.91
8403,2.88,1.3969,14.0,0.17
8404,4.32,28.2207,23.0,0.17
8405,9.48,32236.7282,1.0,0.2
8406,6.84,11.8685,24.0,0.19
8407,6.56,3.3888,0.0,0.17
8408,6.6,10.6191,18.0,0.18
8409,15.36,623.7396,-7.0,0.17
8410,6.08,359800.3797,3.0,0.16
8411,6.88,240052.9336,15.0,0.17
8412,12.4,1802.9897,-12.0,0.17
8413,13.48,0.0315,-14.0,1.02
8414,11.48,119983.1875,-3.0,0.2
8415,10.08,421.2808,-3.0,0.2
8416,11.32,1683.9149,-7.0,0.19
8417,8.28,579692.5801,-2.0,0.19
8418,10.8,421.0603,-5.0,0.85
8419,11.6,0.0371,-11.0,0.21
8420,11.24,842.2093,-11.0,0.17
8421,14.64,360719.3427,-8.0,0.18
8422,14.16,2640.2534,-7.0,0.18
8423,10.92,420.9843,-7.0,0.93
8424,13.16,0.4749,-1.0,0.18
8425,6.36,21.336,22.0,0.2
8426,9.36,0.3078,0.0,0.21
8427,9.96,7.2588,-1.0,0.19
8428,8.28,240029.1253,-1.0,1.0
8429,10.44,119081.3612,7.0,0.17
8430,8.04,4.4014,10.0,0.17
8431,7.2,18.0568,17.0,0.75
8432,11.48,335750.7494,0.0,0.21
8433,8.44,1.1045,0.0,1.28
8434,11.36,360095.1552,3.0,0.18
8435,10.76,1802.9974,-2.0,0.19
8436,6.84,240058.5586,26.0,0.18
8437,7.56,14.1581,17.0,0.19
8438,9.92,12.084,-3.0,0.88
8439,7.24,4.3992,1.0,0.18
8440,4.44,19.5321,23.0,0.2
8441,10.12,0.6623,5.0,0.17
8442,7.76,32260.8206,-2.0,0.18
8443,3.0,8.8398,13.0,0.94
8444,6.6,44.7191,-5.0,0.16
8445,3.96,8.924,23.0,0.2
8446,6.36,4.992,-2.0,0.17
8447,7.2,24.2035,19.0,0.18
8448,5.52,719561.7359,-2.0,0.2
8449,6.96,5.4426,-5.0,0.46
8450,6.52,3.8591,0.0,0.42
8451,7.64,600215.0896,1.0,0.47
8452,7.6,2.7418,1.0,0.3
8453,4.28,15.8552,26.0,0.35
8454,5.24,12.8666,15.0,1.3
8455,8.0,240052.4795,13.0,0.23
8456,8.8,38.5102,-1.0,0.23
8457,10.64,421.0318,-2.0,0.23
8458,7.88,228.122,2.0,0.21
8459,14.64,8.4088,-9.0,1.12
8460,9.24,0.0629,-3.0,0.19
8461,7.96,240049.3476,18.0,0.19
8462,6.52,120013.7754,19.0,0.27
8463,7.16,13.3231,20.0,0.26
8464,6.92,120025.2036,20.0,1.07
8465,7.36,120026.0147,13.0,0.21
8466,9.56,421.5245,1.0,0.23
8467,9.04,361138.1407,-3.0,0.27
8468,9.0,120857.0264,-6.0,0.3
8469,7.32,38.283,24.0,1.17
8470,4.44,29.8919,29.0,0.26
8471,10.76,0.1316,-6.0,0.2
8472,3.76,19.577,22.0,0.17
8473,7.88,2.5167,0.0,0.21
8474,10.0,0.0604,0.0,1.1
8475,4.0,1.903,24.0,0.23
8476,3.72,8.8421,15.0,0.24
8477,3.92,17.5974,25.0,0.21
8478,9.12,120043.0761,3.0,0.27
8479,4.56,17.5954,28.0,0.98
8480,12.92,6.4201,1.0,0.22
8481,3.96,0.0519,21.0,0.18
8482,7.12,15.8422,1.0,0.17
8483,9.76,433.0554,-3.0,0.21
8484,3.36,12.4404,9.0,0.96
8485,4.72,28.1612,21.0,0.26
8486,8.4,64473.4553,0.0,0.26
8487,3.68,135699.9639,1.0,0.25
8488,7.2,3.3189,0.0,0.31
8489,6.64,17.677,24.0,1.08
8490,4.76,8.946,17.0,0.2
8491,3.6,8.8541,15.0,0.21
8492,6.52,1298453.5468,2.0,0.19
8493,9.0,1.6639,0.0,0.2
8494,7.48,3.0528,-2.0,0.19
8495,5.04,21.3466,24.0,0.94
8496,4.24,44.1767,30.0,0.23
8497,4.76,17.6989,21.0,0.2
8498,5.56,15.979,20.0,0.19
8499,9.6,33891.9388,0.0,0.19
8500,6.52,120015.4348,26.0,1.02
8501,11.24,2704.9008,-3.0,0.17
8502,7.0,17.6224,24.0,0.23
8503,8.04,120029.9749,11.0,0.21
8504,10.6,2201.6294,-10.0,0.2
8505,5.84,1.7711,25.0,0.99
8506,6.8,14.9441,20.0,0.21
8507,5.88,7.5859,-4.0,0.21
8508,7.48,120035.2898,17.0,0.25
8509,5.0,67850.6673,4.0,0.21
8510,10.24,0.3336,-5.0,1.75
8511,5.32,13.6389,27.0,0.24
8512,10.2,12.138,1.0,0.24
8513,6.04,3.3102,23.0,0.23
8514,7.16,1.8058,4.0,0.2
8515,6.04,10.5555,25.0,1.22
8516,8.0,16.4079,18.0,0.19
8517,11.28,421.0004,-8.0,0.23
8518,9.44,843.0489,-6.0,0.19
8519,9.24,238162.5671,1.0,0.19
8520,6.92,240049.3604,23.0,1.2
8521,7.4,819443.0818,1.0,0.24
8522,6.64,3.1918,0.0,0.18
8523,5.36,37.4739,26.0,0.21
8524,10.56,421.2847,-1.0,0.22
8525,8.08,120016.378,13.0,1.02
8526,8.6,0.6376,2.0,0.19
8527,9.88,32236.7379,4.0,0.17
8528,12.04,5.7812,1.0,0.19
8529,8.4,422.1569,-1.0,0.19
8530,7.32,291.0292,1.0,0.96
8531,11.56,354258.1309,1.0,0.2
8532,11.96,2175510.8865,2.0,0.18
8533,8.2,0.6423,1.0,0.2
8534,7.24,2.1834,2.0,0.21
8535,7.08,6.0267,-7.0,0.21
8536,5.8,427555.1016,6.0,0.23
8537,7.0,3.5808,15.0,0.18
8538,10.76,0.0752,-6.0,0.19
8539,10.12,2.3721,-1.0,0.19
8540,2.88,8.8461,14.0,0.18
8541,3.16,8.951,27.0,1.11
8542,8.64,34025.4432,1.0,0.22
8543,5.48,17.6238,26.0,0.26
8544,7.92,463.2416,-2.0,0.28
8545,5.64,17.79,26.0,0.25
8546,4.12,26.3879,23.0,1.22
8547,8.48,179045.4378,2.0,0.18
8548,6.68,527106.7132,5.0,0.19
8549,9.0,20.5497,0.0,0.2
8550,3.84,2.6259,13.0,0.2
8551,4.8,8.8081,20.0,1.02
8552,9.64,0.2994,0.0,0.2
8553,3.56,17.6077,27.0,0.22
8554,8.96,846.1234,-8.0,0.26
8555,7.36,2.1828,3.0,0.22
8556,7.0,4.082,0.0,1.05
8557,4.36,359703.3626,6.0,0.16
8558,9.0,427.0895,1.0,0.24
8559,6.64,2.8307,2.0,0.16
8560,2.76,8.8701,25.0,0.17
8561,8.76,0.0984,-10.0,1.15
8562,7.64,0.8934,2.0,0.24
8563,12.4,619.8172,1.0,0.2
8564,9.48,360166.6248,1.0,0.21
8565,5.96,8.994,25.0,0.3
8566,3.16,17.6022,16.0,1.16
8567,4.72,12.4202,26.0,0.21
8568,8.04,9.7946,17.0,0.17
8569,9.52,38.2344,0.0,0.21
8570,3.28,19.3966,23.0,0.18
8571,5.76,5.4786,7.0,1.11
8572,10.44,421.8724,-2.0,0.28
8573,9.44,3.4142,4.0,0.23
8574,8.84,120045.4784,-6.0,0.26
8575,3.72,28.2409,24.0,0.19
8576,7.92,1.0995,2.0,0.22
8577,10.48,119084.37,4.0,0.22
8578,9.4,0.4446,2.0,0.19
8579,7.48,33891.1279,21.0,0.25
8580,3.44,29.8998,28.0,0.18
8581,7.72,120019.8465,13.0,0.22
8582,8.12,2.2634,-1.0,1.11
8583,5.48,719510.3274,3.0,0.17
8584,9.16,0.0859,1.0,0.2
8585,11.32,841.9683,-6.0,0.26
8586,8.52,0.018,2.0,0.24
8587,7.0,719517.2263,1.0,1.11
8588,8.48,0.0444,-4.0,0.19
8589,3.96,17.6994,24.0,0.17
8590,10.88,421.043,-5.0,0.27
8591,7.76,1.6992,1.0,0.81
8592,4.8,10.6708,28.0,1.25
8593,7.64,40.6767,0.0,0.21
8594,9.04,422.6384,-4.0,0.17
8595,10.32,360166.6034,0.0,0.18
8596,7.24,120021.6163,21.0,0.23
8597,5.28,1554049.7267,5.0,0.97
8598,6.96,4.0284,19.0,0.18
8599,6.52,1153674.6377,1.0,0.21
8600,6.52,17.7264,1.0,0.17
8601,4.4,17.591,23.0,0.18
8602,10.88,842.0132,-1.0,1.0
8603,9.76,1068682.8342,2.0,0.18
8604,6.96,0.8341,1.0,0.16
8605,9.88,421.03,-2.0,0.19
8606,8.64,33885.5706,2.0,0.21
8607,8.4,424.7514,-4.0,1.1
8608,6.2,6.5069,-3.0,0.18
8609,3.2,0.0571,15.0,0.17
8610,7.48,3.3148,2.0,0.18
8611,8.0,32236.8278,0.0,0.17
8612,4.72,355281.5266,7.0,0.89
8613,4.6,19.4472,29.0,0.19
8614,4.8,594954.258,5.0,0.17
8615,4.48,339245.8856,5.0,0.16
8616,3.48,26.5031,26.0,0.19
8617,7.28,4.9136,-1.0,0.92
8618,4.52,26.4971,23.0,0.19
8619,5.88,8.1272,-8.0,0.23
8620,8.72,14.6793,0.0,0.23
8621,9.32,0.8752,2.0,0.2
8622,3.12,19.3807,21.0,0.2
8623,10.04,0.3438,2.0,0.96
8624,3.52,26.4909,26.0,0.2
8625,5.92,136119.1752,-3.0,0.17
8626,4.8,120016.7824,12.0,0.17
8627,3.68,26.4742,21.0,0.17
8628,6.92,120024.202,25.0,0.97
8629,10.8,0.382,-4.0,0.28
8630,2.76,0.0766,14.0,0.21
8631,7.88,0.8941,0.0,0.24
8632,13.28,625.2288,1.0,0.22
8633,7.48,12.3448,20.0,0.98
8634,8.16,240035.7904,16.0,0.17
8635,4.52,26.6295,24.0,0.19
8636,7.2,120045.3164,22.0,0.21
8637,6.52,120034.3916,18.0,0.19
8638,3.76,8.9503,24.0,1.38
8639,10.76,0.368,-6.0,0.3
8640,6.44,3.4299,0.0,0.24
8641,8.36,360353.2028,-8.0,0.29
8642,11.44,5.8387,-2.0,0.33
8643,7.6,120027.461,17.0,1.77
8644,11.8,238162.5962,-2.0,0.29
8645,4.16,3.5681,21.0,0.22
8646,3.32,17.633,20.0,0.23
8647,10.2,0.088,8.0,0.18
8648,9.64,6.2759,2.0,1.15
8649,4.56,10.1373,27.0,0.21
8650,6.44,6.5616,-8.0,0.2
8651,4.28,1.8789,23.0,0.2
8652,6.72,19.3748,23.0,0.22
8653,6.72,3.8562,-1.0,1.06
8654,3.68,26.5751,27.0,0.19
8655,4.8,21.1308,18.0,0.23
8656,4.0,37.1116,32.0,0.2
8657,6.72,12.4081,13.0,0.19
8658,4.88,17.6818,23.0,1.01
8659,9.04,421.052,-1.0,0.23
8660,7.24,120024.7898,20.0,0.23
8661,6.04,6.3536,-2.0,0.21
8662,7.84,423.2478,2.0,0.3
8663,2.76,8.8436,12.0,0.25
8664,9.92,0.9006,-1.0,0.23
8665,3.0,8.8212,13.0,0.18
8666,9.84,0.3588,-1.0,0.21
8667,3.72,19.3772,19.0,0.23
8668,6.32,120045.218,23.0,0.22
8669,9.24,0.5917,0.0,0.97
8670,4.92,54.6741,24.0,0.21
8671,7.4,15.9709,21.0,0.19
8672,9.16,38.5158,-1.0,0.76
8673,4.68,17.6162,22.0,0.21
8674,7.84,12.4484,10.0,0.96
8675,10.88,714448.8478,2.0,0.28
8676,10.84,421.0439,-2.0,0.24
8677,11.08,0.1284,-6.0,0.27
8678,6.52,240032.677,18.0,0.27
8679,15.04,360719.4458,-10.0,1.21
8680,7.56,12.8272,20.0,0.24
8681,7.68,28.6388,5.0,0.27
8682,13.04,124287.8113,-4.0,0.18
8683,6.72,33884.0393,16.0,0.21
8684,12.6,386498.2906,-10.0,1.0
8685,5.08,8.9073,25.0,0.25
8686,9.92,418731.5657,3.0,0.24
8687,7.4,120036.0548,19.0,0.28
8688,8.12,1.7533,4.0,0.22
8689,11.48,841.9566,-6.0,1.09
8690,4.52,339245.0293,2.0,0.23
8691,3.44,0.219,11.0,0.19
8692,11.48,842.0143,-7.0,0.25
8693,3.08,26.3996,8.0,0.19
8694,12.32,360084.0663,3.0,1.11
8695,7.08,359888.5992,-1.0,0.22
8696,3.0,17.7083,11.0,0.2
8697,5.16,3.0609,2.0,0.2
8698,7.56,3.3451,-6.0,0.2
8699,9.56,400200.0995,-2.0,1.12
8700,3.24,8.8308,11.0,0.18
8701,9.36,0.1852,-4.0,0.22
8702,2.76,0.0618,1.0,0.2
8703,7.68,0.0124,-3.0,0.18
8704,6.52,42.1265,4.0,0.19
8705,6.72,3.8554,-4.0,0.2
8706,6.04,4.9381,5.0,0.23
8707,4.52,39.952,-1.0,0.2
8708,8.48,423.1374,2.0,0.2
8709,4.0,0.129,20.0,0.18
8710,8.32,2.7571,-3.0,1.12
8711,5.24,17.5966,20.0,0.21
8712,5.2,355280.6349,2.0,0.27
8713,2.6,0.0731,2.0,0.21
8714,6.84,3.3185,-1.0,0.24
8715,6.68,2802.1733,3.0,1.0
8716,8.4,3.3832,-4.0,0.26
8717,5.8,120017.192,20.0,0.27
8718,2.52,17.6447,8.0,0.18
8719,3.2,17.6542,21.0,0.18
8720,6.04,120017.2643,0.0,1.17
8721,7.32,40.395,4.0,0.22
8722,5.72,8.1268,-8.0,0.24
8723,7.12,2.0153,14.0,0.29
8724,5.36,10.6772,26.0,0.28
8725,4.32,21.0934,28.0,1.07
8726,3.16,8.9444,20.0,0.2
8727,7.88,0.021,-3.0,0.18
8728,6.16,6.7835,-5.0,0.17
8729,8.8,0.7512,1.0,0.18
8730,3.84,8.8421,5.0,0.96
8731,7.32,4.8836,3.0,0.19
8732,9.64,0.089,3.0,0.17
8733,7.92,425.2893,-1.0,0.22
8734,4.84,28.2292,26.0,0.21
8735,8.28,120030.8483,16.0,1.23
8736,11.24,841.9907,-4.0,0.25
8737,5.4,9.0459,27.0,0.29
8738,4.92,0.0224,21.0,0.24
8739,6.6,45.5956,-9.0,0.24
8740,3.36,8.8162,23.0,0.96
8741,9.84,12.1194,-2.0,0.27
8742,8.0,32236.7856,0.0,0.27
8743,10.92,360266.2873,-1.0,0.26
8744,5.28,4.4288,4.0,0.24
8745,4.96,33898.8018,25.0,1.01
8746,3.92,14.0849,22.0,0.21
8747,3.28,10.612,22.0,0.18
8748,5.48,19.4552,25.0,0.22
8749,6.52,67851.3339,2.0,0.23
8750,5.8,6.6702,-1.0,0.21
8751,6.92,8.5666,16.0,1.54
8752,11.68,2.7769,-1.0,0.31
8753,3.36,28.1442,29.0,0.24
8754,6.92,4.0836,1.0,0.21
8755,3.2,17.6194,22.0,0.23
8756,5.36,10.5568,27.0,1.23
8757,7.08,424.2241,2.0,0.26
8758,8.92,0.0572,-7.0,0.27
8759,10.16,880.1379,-1.0,0.25
8760,5.2,8.974,23.0,0.31
8761,6.08,20.6411,24.0,1.02
8762,4.4,21.094,26.0,0.33
8763,9.68,420.9996,-1.0,0.26
8764,11.36,238174.5754,1.0,0.21
8765,2.84,8.8549,12.0,0.18
8766,6.72,2.8293,-1.0,1.04
8767,3.92,21.1208,31.0,0.18
8768,6.92,27.4126,19.0,0.21
8769,6.2,719511.2544,4.0,0.2
8770,8.88,120857.3746,-5.0,0.2
8771,8.4,460100.335,-3.0,1.19
8772,8.48,529542.2494,-2.0,0.24
8773,10.6,853.6952,-3.0,0.26
8774,3.72,28.2299,24.0,0.21
8775,11.36,1262.9307,-11.0,0.26
8776,7.4,1.6946,1.0,1.15
8777,6.76,3.3739,1.0,0.28
8778,4.44,1.8166,17.0,0.28
8779,12.48,0.0861,-4.0,0.29
8780,5.44,0.2084,26.0,0.32
8781,4.52,766796.9346,4.0,1.81
8782,8.76,4.9471,-7.0,0.23
8783,5.4,8.8127,22.0,0.27
8784,4.92,21.0945,28.0,0.34
8785,3.4,0.0296,22.0,0.23
8786,9.12,42889.2556,-4.0,1.31
8787,5.48,36.4873,20.0,0.26
8788,4.32,7.1368,30.0,0.24
8789,6.64,5.5206,15.0,0.23
8790,11.0,841.978,-6.0,0.22
8791,6.6,0.097,-8.0,0.25
8792,3.52,9.1231,25.0,0.26
8793,7.36,120032.7746,20.0,0.33
8794,10.6,0.4363,-1.0,0.3
8795,3.24,8.9496,17.0,0.25
8796,13.36,2566.0904,-1.0,0.22
8797,6.68,5.4108,20.0,0.99
8798,8.04,120026.4721,18.0,0.24
8799,3.36,26.5005,33.0,0.2
8800,6.96,120021.6187,17.0,0.29
8801,11.04,0.3242,-9.0,0.23
8802,7.96,2.4598,-2.0,1.03
8803,4.4,203547.7004,-1.0,0.21
8804,11.12,33879.4827,0.0,0.2
8805,3.44,19.4562,29.0,0.18
8806,9.96,1136.7685,-7.0,0.19
8807,4.4,33896.8724,25.0,1.08
8808,5.16,19.4402,26.0,0.21
8809,6.24,428.3741,-1.0,0.19
8810,4.72,19.3691,27.0,0.22
8811,3.36,28.2588,29.0,0.19
8812,4.56,0.2261,22.0,0.97
8813,11.76,1.2839,2.0,0.27
8814,12.84,74.2786,-5.0,0.22
8815,3.0,8.9416,23.0,0.17
8816,3.44,36.9498,31.0,0.19
8817,7.2,0.4599,-4.0,1.08
8818,3.48,12.3507,17.0,0.23
8819,13.72,2.3318,-4.0,0.19
8820,7.6,2.5203,1.0,0.21
8821,8.0,527532.0125,-1.0,0.23
8822,9.64,0.0365,3.0,1.25
8823,5.72,7.6963,-6.0,0.16
8824,6.08,4865.5942,6.0,0.23
8825,10.08,0.0259,-2.0,0.18
8826,6.52,43.636,-3.0,0.17
8827,10.68,239124.6215,-3.0,1.66
8828,5.24,1122078.3505,4.0,0.21
8829,6.8,3.1114,0.0,0.17
8830,4.28,19.5742,23.0,0.18
8831,6.68,3.8022,0.0,0.19
8832,6.48,6.5677,-5.0,0.18
8833,10.96,0.6141,2.0,0.21
8834,5.0,9.1005,28.0,0.26
8835,9.32,421.0451,-2.0,0.19
8836,4.4,0.122,27.0,0.19
8837,6.16,834822.6681,3.0,0.18
8838,10.68,841.9524,-8.0,0.94
8839,14.08,125324.0082,-11.0,0.19
8840,11.16,907.3599,-2.0,0.19
8841,8.08,120035.301,13.0,0.22
8842,4.68,3.7967,3.0,0.19
8843,9.88,459.1772,0.0,1.01
8844,4.08,21.1109,26.0,0.2
8845,5.04,15.4854,24.0,0.18
8846,3.24,26.5244,25.0,0.2
8847,8.68,2.5204,-7.0,0.22
8848,12.68,16.5921,1.0,0.94
8849,8.08,120016.785,9.0,0.21
8850,9.8,0.3296,2.0,0.19
8851,8.68,0.3069,1.0,0.21
8852,4.04,19.5433,30.0,0.19
8853,6.72,22.1023,21.0,1.03
8854,7.84,305985.0258,19.0,0.25
8855,6.0,19.3386,25.0,0.23
8856,4.44,9.1001,29.0,0.24
8857,6.96,120023.8054,19.0,0.23
8858,7.08,835001.1076,2.0,0.93
8859,9.36,1.1755,-2.0,0.2
8860,6.6,43.6461,3.0,0.18
8861,9.4,88.2411,-2.0,0.22
8862,2.84,17.6266,21.0,0.25
8863,4.6,17.69,29.0,1.29
8864,3.36,19.3931,18.0,0.25
8865,9.12,1.1577,0.0,0.26
8866,11.4,119081.2987,3.0,0.24
8867,10.12,842.2257,-3.0,0.26
8868,4.44,67853.0555,10.0,1.06
8869,5.0,719551.3106,0.0,0.18
8870,5.08,8.9339,16.0,0.2
8871,3.68,1.8899,20.0,0.23
8872,2.52,8.8328,0.0,0.18
8873,4.08,1.774,1.0,0.92
8874,10.44,119081.4197,-1.0,0.3
8875,5.12,10.6307,18.0,0.26
8876,7.32,359892.4103,3.0,0.21
8877,4.32,0.0453,15.0,0.26
8878,6.92,359842.6875,3.0,0.29
8879,10.6,360190.7081,2.0,0.94
8880,2.8,17.6335,3.0,0.18
8881,6.64,13.7759,22.0,0.22
8882,3.44,26.526,17.0,0.2
8883,3.48,17.8088,27.0,0.19
8884,9.76,119084.3323,1.0,1.01
8885,10.2,2.9418,-3.0,0.22
8886,9.04,39.5911,-5.0,0.21
8887,8.2,120038.0714,7.0,0.2
8888,6.04,21.1026,27.0,0.22
8889,11.72,841.945,-10.0,0.97
8890,12.28,32236.7968,-2.0,0.2
8891,8.16,360055.9303,5.0,0.24
8892,10.44,842.5438,-1.0,0.27
8893,6.48,8.8994,24.0,0.27
8894,7.28,19.4408,23.0,1.14
8895,12.12,150.9814,3.0,0.28
8896,5.92,7.8664,-7.0,0.26
8897,7.32,359843.3218,-1.0,0.22
8898,6.56,22.4243,21.0,0.21
8899,7.0,5.4256,0.0,1.03
8900,10.12,432.756,-2.0,0.29
8901,7.16,2.569,0.0,0.29
8902,7.28,7.4998,-6.0,0.19
8903,9.84,0.2129,-4.0,0.21
8904,7.28,0.1274,-1.0,0.98
8905,8.2,1.1833,4.0,0.19
8906,3.04,17.6108,24.0,0.24
8907,3.64,17.6143,16.0,0.21
8908,3.64,8.8315,27.0,0.2
8909,7.52,360302.3908,1.0,1.53
8910,7.12,424.2656,5.0,0.23
8911,5.8,17.6923,25.0,0.26
8912,2.76,17.6343,2.0,0.18
8913,5.28,79.4668,3.0,0.21
8914,6.88,40.4475,2.0,1.07
8915,9.48,1.7465,-3.0,0.23
8916,9.24,120434.6102,-6.0,0.21
8917,8.84,0.3534,1.0,0.24
8918,3.72,26.4742,23.0,0.26
8919,3.44,10.6036,21.0,0.29
8920,3.96,21.129,9.0,0.5
8921,6.44,975537.7348,3.0,0.27
8922,11.96,0.3404,3.0,0.3
8923,8.92,841.9934,2.0,0.35
8924,11.36,367963.304,0.0,0.4
8925,12.72,3.0408,-4.0,1.24
8926,5.8,543145.4972,2.0,0.25
8927,7.08,10.7375,19.0,0.19
8928,6.6,13.7864,19.0,0.21
8929,7.24,0.078,5.0,0.23
8930,7.16,3.858,0.0,0.98
8931,9.96,0.3346,0.0,0.19
8932,6.56,3.9109,-1.0,0.18
8933,10.68,0.1589,-1.0,0.18
8934,7.08,39.8534,-2.0,0.24
8935,5.76,8.1268,-7.0,0.91
8936,3.64,26.4052,16.0,0.19
8937,5.88,8.7224,-12.0,0.16
8938,2.68,0.0758,8.0,0.21
8939,8.56,2.463,-2.0,0.21
8940,3.12,17.628,16.0,0.98
8941,3.72,8.837,20.0,0.27
8942,2.96,1.8213,7.0,0.19
8943,3.24,28.1624,26.0,0.19
8944,5.88,7.0439,-1.0,0.17
8945,4.16,10.6628,15.0,1.16
8946,6.64,45.0031,-7.0,0.19
8947,3.96,10.6822,18.0,0.21
8948,6.6,67853.0384,3.0,0.2
8949,9.28,0.1876,1.0,0.17
8950,3.0,903.0378,8.0,0.93
8951,8.36,0.3206,0.0,0.21
8952,8.4,120018.3569,0.0,0.21
8953,9.52,0.8973,0.0,0.26
8954,4.12,13.7362,28.0,0.27
8955,7.84,120041.3398,22.0,1.02
8956,9.8,433.0401,1.0,0.25
8957,10.92,0.9712,1.0,0.18
8958,9.92,119083.7576,0.0,0.22
8959,7.84,356124.2657,1.0,0.24
8960,10.0,239121.8704,5.0,0.23
8961,3.32,17.6306,28.0,0.35
8962,6.4,8.8073,24.0,0.44
8963,6.4,4.3426,0.0,0.44
8964,8.32,1.1832,2.0,0.37
8965,5.16,12.3536,25.0,0.27
8966,12.36,671480.6347,-1.0,1.23
8967,4.8,0.0297,29.0,0.2
8968,7.92,0.8943,1.0,0.2
8969,9.0,13.7356,2.0,0.21
8970,5.88,3.7219,23.0,0.27
8971,7.88,240039.6568,14.0,1.06
8972,8.84,228.1393,2.0,0.2
8973,13.68,5.9102,-1.0,0.23
8974,3.88,5.4078,22.0,0.2
8975,6.56,39.6534,23.0,0.21
8976,3.68,3.6866,23.0,0.96
8977,11.12,853.71,-5.0,0.27
8978,3.92,17.6225,24.0,0.33
8979,8.0,0.6348,0.0,0.25
8980,7.72,146.4815,1.0,0.19
8981,4.24,1.7566,6.0,1.0
8982,7.08,3.1703,-2.0,0.26
8983,5.56,0.144,23.0,0.28
8984,5.84,26.4752,26.0,0.2
8985,6.92,5.7041,-2.0,0.21
8986,12.36,358203.1043,-3.0,1.5
8987,6.68,1.8049,5.0,0.21
8988,4.44,17.7305,23.0,0.19
8989,8.32,421.2408,0.0,0.2
8990,7.0,1127090.8957,3.0,0.2
8991,7.2,4.8937,-2.0,1.06
8992,10.84,0.046,-4.0,0.26
8993,9.36,120040.6216,3.0,0.17
8994,11.28,740752.9651,2.0,0.25
8995,8.6,96710.1824,5.0,0.2
8996,4.92,12.3324,21.0,1.11
8997,7.84,38.7711,1.0,0.27
8998,6.08,7.1014,-4.0,0.22
8999,6.28,5.971,-1.0,0.24
9000,6.28,18.9094,23.0,0.25
9001,8.12,120029.9949,19.0,1.05
9002,7.4,1.6392,1.0,0.25
9003,6.52,21.1167,22.0,0.29
9004,7.84,3.2638,-2.0,0.24
9005,12.2,6.1321,3.0,0.34
9006,3.08,26.4886,29.0,0.23
9007,9.68,901.5096,-4.0,1.34
9008,8.6,461.1362,1.0,0.27
9009,10.24,421.3308,-1.0,0.26
9010,4.56,1.8232,26.0,0.28
9011,5.12,0.1718,21.0,0.74
9012,3.88,0.0309,22.0,1.44
9013,4.56,459145.7493,-3.0,0.4
9014,10.32,432.7494,-2.0,0.4
9015,6.36,4.9412,5.0,0.23
9016,6.48,3.9122,-1.0,0.24
9017,8.32,0.8125,-3.0,1.1
9018,4.4,8.9233,22.0,0.2
9019,5.64,12.408,26.0,0.23
9020,4.2,14.177,22.0,0.31
9021,13.04,2640.6063,0.0,0.26
9022,9.08,239121.8596,2.0,0.98
9023,10.8,421.0187,-5.0,0.26
9024,3.68,17.604,19.0,0.2
9025,7.52,2.4588,2.0,0.18
9026,3.24,10.6158,23.0,0.18
9027,3.2,17.7338,25.0,0.96
9028,5.0,719405.9524,2.0,0.21
9029,9.68,420.9866,-1.0,0.21
9030,7.84,5.3649,18.0,0.28
9031,8.64,49.992,0.0,0.23
9032,13.24,119081.3018,-7.0,1.14
9033,13.28,74.2802,-3.0,0.19
9034,3.24,8.9398,27.0,0.21
9035,7.68,39.366,2.0,0.23
9036,8.68,423.667,-1.0,0.2
9037,8.04,169626.3556,1.0,1.14
9038,6.24,12.4399,19.0,0.19
9039,10.16,0.0587,0.0,0.18
9040,4.6,4.3716,12.0,0.2
9041,5.88,6.5594,-3.0,0.24
9042,3.32,10.5892,22.0,1.34
9043,5.68,9.7472,-14.0,0.22
9044,3.28,10.6054,26.0,0.29
9045,4.8,1079219.9142,-6.0,0.27
9046,8.6,0.0798,-4.0,0.26
9047,5.0,3.6244,24.0,0.33
9048,9.04,119083.7664,-2.0,0.28
9049,4.8,8.8488,16.0,0.26
9050,7.64,596153.5149,1.0,0.24
9051,6.04,1.0626,24.0,0.3
9052,7.88,0.016,1.0,0.26
9053,6.32,359844.8946,0.0,1.22
9054,2.6,8.8783,8.0,0.22
9055,7.72,1242682.5337,-1.0,0.21
9056,6.72,5.4596,-1.0,0.28
9057,4.6,5.4773,23.0,0.27
9058,8.56,39.5959,2.0,1.86
9059,6.68,4.4518,-2.0,0.2
9060,13.24,625.5906,2.0,0.31
9061,10.04,420.9787,-3.0,0.54
9062,4.64,10.6582,28.0,0.55
9063,3.08,9.7974,21.0,1.09
9064,8.36,339248.6906,-1.0,0.2
9065,5.0,12.8094,15.0,0.22
9066,7.0,3.1803,20.0,0.28
9067,5.6,28.2349,26.0,0.23
9068,6.52,3.9812,3.0,1.1
9069,5.4,19.5299,18.0,0.22
9070,4.0,3.5606,20.0,0.21
9071,5.68,3.6682,26.0,0.25
9072,6.12,15.4918,22.0,0.21
9073,13.64,620.3284,-1.0,1.15
9074,9.48,842.4712,2.0,0.22
9075,9.12,0.2982,0.0,0.23
9076,9.68,38.2364,0.0,0.24
9077,6.12,10.8288,24.0,0.22
9078,8.72,359845.2322,2.0,1.1
9079,3.6,8.8231,5.0,0.26
9080,7.12,19.6722,1.0,0.21
9081,7.64,2.8325,-1.0,0.33
9082,6.68,3.3137,1.0,0.28
9083,3.76,26.5712,24.0,1.08
9084,6.2,8.1256,-7.0,0.23
9085,4.24,459257.8025,-5.0,0.27
9086,3.84,17.7129,24.0,0.27
9087,5.84,7.6952,-9.0,0.21
9088,10.32,0.3259,-7.0,0.29
9089,3.64,1.043,0.0,0.38
9090,8.0,24.1012,0.0,0.3
9091,2.96,17.6216,16.0,0.29
9092,5.92,8.1256,-8.0,0.37
9093,10.52,0.4639,-5.0,0.48
9094,6.52,4.6762,-2.0,1.19
9095,3.52,13.625,17.0,0.18
9096,6.32,6.5606,-2.0,0.22
9097,7.16,426.3697,-2.0,0.23
9098,2.72,26.4128,15.0,0.21
9099,7.84,0.5529,0.0,1.11
9100,4.12,1.788,13.0,0.19
9101,3.2,8.8316,26.0,0.17
9102,4.8,9.318,19.0,0.21
9103,10.68,841.975,-3.0,0.21
9104,3.4,0.1436,27.0,1.11
9105,8.72,14.2353,0.0,0.21
9106,2.88,1.799,12.0,0.25
9107,3.52,67848.711,3.0,0.18
9108,4.52,0.0329,24.0,0.28
9109,8.0,120041.7998,14.0,0.92
9110,9.88,842.2079,0.0,0.23
9111,8.76,39.3806,0.0,0.21
9112,9.56,0.6198,0.0,0.31
9113,11.76,5.5578,5.0,0.23
9114,6.36,240037.3852,26.0,1.05
9115,8.68,360350.1968,3.0,0.27
9116,7.76,240030.4177,14.0,0.2
9117,9.08,64497.607,0.0,0.21
9118,7.48,12.9058,18.0,0.32
9119,8.44,67850.7211,-4.0,1.17
9120,3.72,19.364,24.0,0.22
9121,11.52,120191.4979,-4.0,0.19
9122,9.04,901.9174,1.0,0.22
9123,7.64,0.7432,1.0,0.3
9124,9.48,422.059,0.0,1.25
9125,7.52,426.3994,-4.0,0.2
9126,3.76,17.7193,24.0,0.17
9127,3.4,19.3729,16.0,0.26
9128,2.76,8.8506,4.0,0.24
9129,6.76,4.4541,-2.0,1.92
9130,6.48,428.0055,-6.0,0.23
9131,5.64,10.2877,-15.0,0.27
9132,6.76,3.8562,0.0,0.24
9133,2.64,8.871,8.0,0.26
9134,2.84,19.3902,3.0,0.19
9135,2.52,8.8538,7.0,1.16
9136,2.88,8.869,15.0,0.19
9137,7.92,4.3556,-6.0,0.19
9138,3.16,359673.1738,2.0,0.26
9139,6.8,5.4819,-2.0,0.26
9140,6.4,5.4239,-1.0,1.38
9141,8.16,0.0272,-4.0,0.21
9142,5.92,5.9632,1.0,0.23
9143,2.84,8.8502,13.0,0.18
9144,6.4,19.6316,-9.0,0.25
9145,4.24,4.5548,5.0,1.03
9146,7.48,5.8822,-9.0,0.17
9147,2.84,17.6232,7.0,0.22
9148,3.16,26.4028,12.0,0.28
9149,2.84,10.5878,8.0,0.3
9150,7.52,0.37,-6.0,1.18
9151,3.48,17.7074,23.0,0.22
9152,3.84,3.6511,19.0,0.38
9153,6.72,5.9727,-3.0,0.32
9154,5.84,7.0452,-3.0,0.26
9155,5.92,7.0452,-4.0,1.07
9156,8.36,459.1781,1.0,0.22
9157,3.32,35.1814,24.0,0.21
9158,3.8,12.4248,26.0,0.27
9159,8.12,4.3743,-5.0,0.22
9160,7.36,41.5339,-3.0,1.13
9161,9.32,38748.0181,0.0,0.2
9162,4.52,359704.3025,4.0,0.18
9163,4.2,19.3558,24.0,0.31
9164,3.24,12.3198,16.0,0.23
9165,4.56,30.3945,14.0,0.92
9166,9.96,64473.4681,-3.0,0.26
9167,8.0,6.7456,9.0,0.23
9168,6.8,3.8566,1.0,0.19
9169,10.6,844.5066,-8.0,0.21
9170,11.12,1683.836,-4.0,0.95
9171,7.72,15.4191,9.0,0.19
9172,11.76,12.1547,2.0,0.19
9173,9.08,0.6613,-1.0,0.23
9174,12.28,0.0152,-3.0,0.42
9175,12.72,119158.9535,-1.0,0.29
9176,5.4,19.4344,28.0,0.26
9177,6.48,719551.8018,5.0,0.18
9178,14.28,634.2578,-1.0,0.19
9179,4.84,10.75,26.0,0.2
9180,10.32,34781.4746,-1.0,0.19
9181,6.96,27.8184,22.0,1.03
9182,3.92,17.697,29.0,0.2
9183,11.12,1050251.0073,3.0,0.24
9184,7.92,120032.1978,13.0,0.22
9185,8.12,1.9494,1.0,0.22
9186,12.68,0.1502,-4.0,0.97
9187,4.4,4.4218,10.0,0.2
9188,7.64,39.7259,3.0,0.19
9189,7.56,459.8298,2.0,0.18
9190,3.32,28.1588,23.0,0.2
9191,9.24,2.2801,-1.0,0.96
9192,7.12,2.2931,4.0,0.21
9193,4.24,19.3664,25.0,0.18
9194,6.08,6.0196,-2.0,0.17
9195,4.52,67855.7707,5.0,0.19
9196,4.08,1.777,-4.0,0.96
9197,8.0,0.0099,-3.0,0.28
9198,5.72,0.1086,26.0,0.21
9199,2.84,8.8699,15.0,0.28
9200,8.04,595796.2559,0.0,0.31
9201,2.6,17.6349,11.0,1.08
9202,6.08,8.1262,-7.0,0.23
9203,6.92,42.6119,-4.0,0.25
9204,5.76,7.1004,-4.0,0.37
9205,4.04,407092.8755,6.0,0.22
9206,6.56,3.3182,5.0,1.15
9207,3.4,17.6984,14.0,0.27
9208,7.48,120023.7865,25.0,0.8
9209,3.52,28.2472,30.0,0.22
9210,6.88,308185.9225,-2.0,0.29
9211,3.84,10.5943,16.0,1.46
9212,3.72,8.8498,20.0,0.33
9213,9.56,12.1091,0.0,0.51
9214,12.32,3.227,-1.0,0.34
9215,5.12,120022.5064,15.0,0.35
9216,7.84,846.804,-3.0,0.42
9217,2.64,8.8722,5.0,0.18
9218,9.72,0.7017,-2.0,0.17
9219,8.12,360049.3582,17.0,0.21
9220,13.08,6.0564,2.0,0.19
9221,5.32,834888.1835,1.0,0.19
9222,3.96,2.6001,8.0,1.14
9223,8.84,2284.6638,2.0,0.2
9224,9.0,240030.0335,-1.0,0.32
9225,7.0,3.5926,19.0,0.26
9226,5.72,17.5952,27.0,0.27
9227,6.92,3.1114,19.0,1.33
9228,8.52,307879.1172,-2.0,0.22
9229,10.52,38740.2674,0.0,0.27
9230,8.36,579691.5018,-3.0,0.26
9231,7.88,39.6306,18.0,0.49
9232,13.12,0.0484,-5.0,1.04
9233,7.8,22.4693,15.0,0.28
9234,11.24,0.1574,-10.0,0.25
9235,7.8,12.0096,20.0,0.21
9236,4.12,1.8077,21.0,0.23
9237,5.84,12.4883,21.0,1.09
9238,8.6,599905.1956,-2.0,0.28
9239,3.84,33880.9915,27.0,0.36
9240,11.88,0.0535,3.0,0.39
9241,8.16,0.0114,-3.0,0.23
9242,8.32,240030.7319,0.0,1.24
9243,6.28,6.0223,-2.0,0.23
9244,9.44,0.6098,0.0,0.22
9245,4.88,10.6638,27.0,0.25
9246,10.36,38.2929,0.0,0.22
9247,9.44,422.0752,-5.0,1.03
9248,10.04,420.9876,-1.0,0.25
9249,4.32,2.6516,3.0,0.22
9250,9.44,0.306,-4.0,0.37
9251,8.36,460.8038,1.0,0.24
9252,4.76,77.0924,2.0,1.03
9253,3.48,27.019,21.0,0.2
9254,2.8,0.0934,22.0,0.25
9255,2.88,1.8373,22.0,0.27
9256,8.2,0.4896,0.0,0.38
9257,4.76,21.1984,26.0,1.24
9258,7.48,15.5652,0.0,0.23
9259,3.76,17.7087,16.0,0.33
9260,8.2,2.8547,0.0,0.25
9261,2.76,0.0594,12.0,0.25
9262,2.64,8.964,15.0,0.31
9263,6.2,7.5934,-4.0,1.55
9264,6.44,3.3719,0.0,0.22
9265,3.92,35.168,31.0,0.19
9266,9.12,695893.1695,1.0,0.28
9267,6.96,4.1916,-3.0,0.29
9268,7.16,0.3691,-11.0,1.09
9269,7.2,1.8612,3.0,0.2
9270,7.6,0.1389,5.0,0.2
9271,2.64,10.5779,3.0,0.19
9272,5.8,8.6674,-10.0,0.21
9273,9.52,421.0802,-1.0,1.21
9274,7.04,1.175,4.0,0.27
9275,5.28,28.2191,25.0,0.27
9276,3.0,17.6266,12.0,0.26
9277,7.92,8308.6012,0.0,0.29
9278,4.56,8.8206,25.0,1.92
9279,8.68,32236.764,3.0,0.19
9280,9.24,120040.588,0.0,0.21
9281,4.32,3.7266,25.0,0.25
9282,5.28,15.8362,26.0,0.26
9283,4.6,19.4436,29.0,1.27
9284,8.68,10.2166,-1.0,0.2
9285,10.92,420.9922,-6.0,0.22
9286,4.24,8.93,18.0,0.28
9287,11.08,360089.4757,1.0,0.22
9288,5.48,28.7524,17.0,1.2
9289,13.2,0.023,-8.0,0.25
9290,4.84,135699.8971,6.0,0.25
9291,11.36,0.1011,-9.0,0.28
9292,4.24,28.3398,30.0,0.22
9293,8.24,38.5762,1.0,1.33
9294,7.72,13.9388,2.0,0.3
9295,5.12,17.6216,26.0,0.22
9296,7.52,10.2242,21.0,0.29
9297,11.0,841.9614,-3.0,0.29
9298,5.28,38.6616,28.0,1.37
9299,7.16,0.0685,19.0,0.25
9300,12.52,714424.8144,-1.0,0.25
9301,6.12,0.1103,25.0,0.34
9302,7.08,240046.7466,20.0,0.4
9303,12.72,0.0688,-6.0,0.31
9304,3.08,0.0884,14.0,0.24
9305,6.84,19.3533,20.0,0.3
9306,2.96,10.6298,10.0,0.36
9307,8.04,32236.7996,4.0,0.33
9308,4.04,10.673,23.0,0.3
9309,6.04,7.1003,-6.0,1.14
9310,7.6,240034.385,17.0,0.27
9311,7.28,152.5713,-1.0,0.23
9312,4.8,8.8293,30.0,0.25
9313,6.72,2.03,3.0,0.23
9314,10.6,778946.3401,2.0,1.1
9315,9.4,0.0432,-3.0,0.43
9316,9.8,119088.6516,6.0,0.3
9317,9.88,420.9871,-3.0,0.31
9318,4.2,10.6797,29.0,0.31
9319,8.28,0.567,1.0,1.38
9320,10.72,841.9967,-1.0,0.29
9321,11.08,841.9122,-8.0,0.26
9322,8.76,0.5553,-1.0,0.31
9323,4.52,17.679,32.0,0.35
9324,10.4,421.3167,-1.0,1.75
9325,7.08,3.3134,0.0,0.32
9326,7.52,3.8702,-2.0,0.31
9327,9.68,120040.594,-2.0,0.26
9328,8.44,51.3663,0.0,0.29
9329,3.04,8.8205,24.0,1.68
9330,9.36,12.342,0.0,0.46
9331,5.12,31.7334,27.0,0.38
9332,9.96,0.0681,0.0,0.44
9333,3.4,1.7943,2.0,0.19
9334,2.84,8.866,27.0,1.14
9335,10.2,421.036,1.0,0.24
9336,5.96,4.4026,23.0,0.24
9337,10.56,2.8387,2.0,0.28
9338,3.8,12.3456,14.0,0.29
9339,3.44,8.9222,16.0,1.06
9340,6.68,22.0953,15.0,0.28
9341,8.28,423.4612,-1.0,0.83
9342,7.56,2.0266,1.0,0.24
9343,4.56,10.772,27.0,0.25
9344,7.6,13.3997,20.0,0.26
9345,7.32,120030.9077,15.0,0.25
9346,3.24,1.8046,25.0,0.32
9347,4.88,12.4135,26.0,0.26
9348,7.4,4.3456,2.0,0.23
9349,2.8,0.0302,14.0,0.25
9350,3.76,10.5626,20.0,1.08
9351,7.36,31.7162,16.0,0.2
9352,3.04,8.8653,22.0,0.21
9353,7.32,2.7774,0.0,0.25
9354,7.52,2.4618,2.0,0.31
9355,4.76,135700.8369,4.0,1.35
9356,3.28,10.6021,9.0,0.2
9357,2.88,17.6218,25.0,0.23
9358,7.68,1.7519,0.0,0.56
9359,6.08,4.9911,2.0,0.39
9360,3.04,17.619,16.0,1.35
9361,5.0,28.1687,22.0,0.24
9362,8.36,120016.3967,-6.0,0.23
9363,3.6,4.9746,11.0,0.26
9364,9.36,1.1574,0.0,0.24
9365,4.4,0.1171,27.0,1.11
9366,4.36,37.0141,28.0,0.26
9367,11.44,0.4856,1.0,0.25
9368,8.52,420.9698,1.0,0.19
9369,8.88,364552.0138,1.0,0.25
9370,10.2,4855.018,2.0,1.19
9371,3.36,8.9228,11.0,0.18
9372,10.68,360516.8158,-1.0,0.28
9373,7.64,1.8338,19.0,0.24
9374,3.0,17.6612,11.0,0.21
9375,8.84,0.0164,1.0,1.07
9376,6.2,5.4231,0.0,0.17
9377,10.64,335730.0126,4.0,0.2
9378,8.64,0.6867,1.0,0.23
9379,12.2,5.9838,2.0,0.22
9380,9.24,0.3257,1.0,1.02
9381,7.0,12.4032,21.0,0.26
9382,10.44,421.5687,-2.0,0.23
9383,6.2,0.7174,24.0,0.2
9384,10.68,421.5738,-5.0,0.23
9385,7.0,1226276.9944,2.0,1.01
9386,7.88,120032.5829,15.0,0.28
9387,6.8,8.0542,15.0,0.22
9388,4.32,10.8684,17.0,0.22
9389,7.64,1.9815,1.0,0.2
9390,4.72,9.1088,23.0,0.19
9391,10.52,0.0802,0.0,0.96
9392,6.76,0.0362,25.0,0.28
9393,8.28,4.9869,14.0,0.22
9394,3.24,8.923,15.0,0.27
9395,7.32,2.8328,3.0,0.23
9396,4.28,10.5823,27.0,0.93
9397,9.64,0.3548,-2.0,0.21
9398,14.2,360091.5724,-2.0,0.21
9399,4.24,1.8798,22.0,0.24
9400,5.12,10.6909,15.0,0.18
9401,4.36,17.578,22.0,1.01
9402,6.96,3.5956,-2.0,0.21
9403,3.64,10.5864,28.0,0.21
9404,4.44,17.6782,28.0,0.19
9405,6.6,19.4066,23.0,0.19
9406,4.36,21.2023,29.0,1.2
9407,5.16,29.8922,27.0,0.31
9408,7.36,6.3714,21.0,0.2
9409,7.04,41.043,-1.0,0.18
9410,2.6,8.876,19.0,0.27
9411,2.8,8.8489,7.0,1.29
9412,12.48,119230.1338,-1.0,0.29
9413,6.48,5.4789,0.0,0.24
9414,12.08,2.4888,1.0,0.28
9415,7.76,3.3195,-3.0,0.31
9416,8.32,88.4855,1.0,1.85
9417,9.2,9709.8122,1.0,0.23
9418,4.04,8.92,25.0,0.25
9419,8.12,530221.5144,0.0,0.24
9420,9.52,432.7894,0.0,0.26
9421,11.04,842.0523,-3.0,1.26
9422,7.52,120021.1482,16.0,0.26
9423,11.04,360169.9756,2.0,0.25
9424,7.76,2.2367,4.0,0.25
9425,8.2,120040.1088,6.0,0.24
9426,8.6,472.1113,3.0,1.26
9427,4.84,359705.1391,4.0,0.2
9428,3.28,0.057,21.0,0.18
9429,6.56,5.7033,1.0,0.22
9430,5.76,5.3452,24.0,0.23
9431,4.72,17.8929,27.0,0.32
9432,6.64,4.3423,2.0,0.27
9433,10.68,114.5424,-6.0,0.26
9434,6.96,120027.4444,15.0,0.27
9435,4.76,10.6794,25.0,0.32
9436,10.68,120046.9228,5.0,0.33
9437,8.0,434.6282,2.0,1.31
9438,10.28,1683.8047,-2.0,0.23
9439,5.88,10.6535,26.0,0.28
9440,7.68,40.141,1.0,0.23
9441,2.88,1.8264,5.0,0.25
9442,9.84,6.356,0.0,1.18
9443,6.56,4.4526,-2.0,0.18
9444,6.2,8.1543,-11.0,0.35
9445,7.28,152.015,-4.0,0.3
9446,3.2,0.1446,8.0,0.29
9447,4.12,0.0257,23.0,1.26
9448,6.04,120024.2409,15.0,0.22
9449,9.44,842.7347,1.0,0.23
9450,9.84,0.6855,4.0,0.24
9451,3.12,19.3898,16.0,0.43
9452,3.16,8.9276,18.0,1.31
9453,3.36,32263.1172,21.0,0.3
9454,3.2,43.9708,29.0,0.21
9455,5.16,12.4548,18.0,0.24
9456,2.56,8.8148,6.0,0.22
9457,10.08,0.0726,-4.0,1.0
9458,8.8,50.6098,0.0,0.22
9459,13.32,74.779,-2.0,0.19
9460,10.68,841.9351,-3.0,0.22
9461,11.12,1298.4208,-1.0,0.19
9462,8.12,0.016,2.0,1.0
9463,8.4,120035.6697,8.0,0.21
9464,8.04,240041.9025,17.0,0.22
9465,8.12,240036.1919,10.0,0.25
9466,13.56,360083.8073,0.0,0.23
9467,7.88,120029.5137,16.0,1.1
9468,10.8,842.016,-4.0,0.33
9469,10.48,0.0289,-1.0,0.34
9470,8.44,359876.1425,-2.0,0.28
9471,14.16,1256.5881,-4.0,0.4
9472,5.6,407093.6731,5.0,0.25
9473,4.16,10.65,28.0,0.26
9474,8.12,423.1988,1.0,0.24
9475,5.0,359817.3074,6.0,0.21
9476,8.88,1.6396,-1.0,0.26
9477,5.88,120027.3154,21.0,0.24
9478,3.48,26.4748,23.0,1.17
9479,9.96,420.9759,-1.0,0.29
9480,5.04,834645.9456,5.0,0.21
9481,7.88,0.2943,2.0,0.24
9482,4.68,8.821,20.0,0.3
9483,7.72,2.1826,0.0,1.26
9484,3.76,14.1876,27.0,0.23
9485,7.72,530363.9916,4.0,0.22
9486,8.96,50.2833,0.0,0.28
9487,8.08,120043.6152,16.0,0.35
9488,12.04,1802.4149,-3.0,1.95
9489,3.72,36.9298,24.0,0.31
9490,5.4,29.4495,28.0,0.39
9491,5.4,1.8812,28.0,0.36
9492,4.36,8.8249,19.0,0.29
9493,4.96,0.0237,24.0,1.01
9494,10.48,38.2841,-4.0,0.22
9495,4.0,19.3549,23.0,0.23
9496,10.8,4855.9675,-2.0,0.27
9497,6.44,120027.3086,25.0,0.25
9498,6.88,307766.6043,1.0,1.07
9499,10.72,841.9362,-2.0,0.33
9500,6.4,10.5785,23.0,0.32
9501,7.8,425.3239,-2.0,0.3
9502,4.92,12.506,27.0,0.33
9503,7.12,120024.2232,19.0,1.22
9504,5.96,1.7952,24.0,0.25
9505,7.48,32236.7313,2.0,0.2
9506,6.76,11.9145,16.0,0.3
9507,12.8,5135.0601,0.0,0.27
9508,4.44,120025.9983,25.0,1.43
9509,5.48,10.6712,24.0,0.26
9510,4.44,187750.4379,0.0,0.21
9511,2.52,0.088,16.0,0.24
9512,5.56,1214807.6072,4.0,0.26
9513,4.16,10.6815,16.0,1.13
9514,5.44,1.7864,25.0,0.25
9515,5.32,29.8802,28.0,0.25
9516,10.6,34786.329,1.0,0.21
9517,8.32,64497.5548,3.0,0.22
9518,2.72,0.0706,19.0,0.22
9519,5.32,42.3084,23.0,1.19
9520,3.52,1.8173,18.0,0.26
9521,8.88,56616.2981,2.0,0.23
9522,8.72,0.5889,0.0,0.26
9523,4.88,21.0988,28.0,0.24
9524,8.72,689984.6925,3.0,1.31
9525,6.96,8317.7901,23.0,0.24
9526,6.72,424.8093,-1.0,0.22
9527,10.12,0.9387,-3.0,0.21
9528,7.88,882385.3276,2.0,0.27
9529,8.28,120036.1257,9.0,0.99
9530,13.08,121647.6697,-2.0,0.24
9531,14.52,119088.0652,-14.0,0.24
9532,13.12,0.4602,-4.0,0.26
9533,4.32,28.2203,24.0,0.27
9534,12.08,714448.8086,0.0,1.12
9535,10.76,841.9903,-3.0,0.27
9536,10.28,853.9688,0.0,0.24
9537,10.4,459.513,-3.0,0.22
9538,11.08,335726.6422,1.0,0.36
9539,3.44,9.0525,25.0,1.26
9540,3.04,28.132,15.0,0.28
9541,6.44,3.8571,-3.0,0.34
9542,6.08,33896.7836,25.0,0.23
9543,7.92,25.9461,14.0,0.2
9544,12.36,620.097,3.0,1.02
9545,7.72,2.2381,0.0,0.2
9546,3.32,35.1837,22.0,0.19
9547,5.84,114748.1813,26.0,0.29
9548,8.68,433.0612,-1.0,0.33
9549,7.88,2.5204,-2.0,1.17
9550,3.88,17.5984,16.0,0.23
9551,8.48,0.0783,0.0,0.21
9552,2.72,0.0416,-3.0,0.17
9553,3.36,17.6292,2.0,0.18
9554,9.84,456876.7687,2.0,0.97
9555,3.24,28.2823,20.0,0.18
9556,6.8,5.9726,-5.0,0.21
9557,7.24,359844.3605,0.0,0.23
9558,6.04,6.0192,-2.0,0.21
9559,6.6,7.0459,-6.0,0.19
9560,9.0,471.0904,-1.0,0.21
9561,11.36,360194.1343,1.0,0.23
9562,8.16,423.2096,2.0,0.21
9563,9.24,64473.455,4.0,0.19
9564,10.28,12.2363,2.0,0.28
9565,7.8,5.6219,-4.0,0.91
9566,4.64,886696.1215,2.0,0.2
9567,3.84,8.8482,22.0,0.18
9568,4.04,10.5882,29.0,0.19
9569,10.72,421.2668,-4.0,0.21
9570,6.4,17.6392,24.0,1.24
9571,8.32,425.3468,-7.0,0.24
9572,8.8,32236.7694,-1.0,0.18
9573,7.24,120018.0731,24.0,0.21
9574,9.88,119081.6374,-1.0,0.19
9575,4.24,17.6966,16.0,0.92
9576,5.64,11.5519,23.0,0.28
9577,6.88,41.2688,0.0,0.26
9578,3.48,14.1133,21.0,0.23
9579,10.16,38.5832,0.0,0.29
9580,5.72,29.9092,27.0,1.06
9581,7.32,2.2346,5.0,0.24
9582,9.72,238165.0168,4.0,0.2
9583,6.28,27.812,24.0,0.23
9584,7.56,8311.679,20.0,0.23
9585,3.68,21.3352,24.0,1.06
9586,5.04,12.7978,25.0,0.22
9587,8.2,0.3552,1.0,0.22
9588,8.6,1.742,1.0,0.23
9589,9.68,1.1476,-2.0,0.31
9590,10.28,853.6915,-2.0,1.4
9591,4.8,9.1084,27.0,0.36
9592,5.88,949883.291,4.0,0.31
9593,6.72,120026.5465,23.0,0.36
9594,5.24,427552.0589,5.0,0.36
9595,2.84,17.6469,22.0,1.69
9596,5.32,40.4358,26.0,0.36
9597,9.24,1.013,-8.0,0.26
9598,7.84,1.7238,2.0,0.27
9599,7.12,719596.6066,0.0,0.27
9600,3.6,17.6143,28.0,0.37
9601,7.44,14.7615,0.0,0.22
9602,7.0,42.5652,-3.0,0.2
9603,6.32,3.9127,-1.0,0.19
9604,3.4,8.8296,9.0,0.2
9605,8.52,0.0414,-10.0,0.23
9606,11.08,0.1111,0.0,0.94
9607,3.48,21.1187,10.0,0.3
9608,3.64,10.7765,23.0,0.21
9609,7.08,120028.5747,21.0,0.21
9610,8.4,120040.7963,3.0,0.23
9611,6.44,28.2187,26.0,0.91
9612,4.92,3.7273,27.0,0.21
9613,11.16,842.0195,-7.0,0.21
9614,9.12,120435.727,-4.0,0.22
9615,11.24,746661.4891,4.0,0.24
9616,4.52,766795.6313,3.0,0.95
9617,10.2,1263.2618,-4.0,0.2
9618,4.0,8.8545,22.0,0.23
9619,11.0,421.0402,-7.0,0.23
9620,4.28,19.3694,30.0,0.21
9621,8.4,13.6892,2.0,0.97
9622,13.72,624.5392,-7.0,0.18
9623,10.92,0.3387,3.0,0.19
9624,15.0,628.0458,-7.0,0.17
9625,11.92,1.4244,3.0,0.2
9626,4.84,17.9983,19.0,0.96
9627,11.8,0.704,3.0,0.24
9628,5.52,359860.9213,1.0,0.17
9629,9.72,120334.156,0.0,0.21
9630,7.12,0.491,23.0,0.19
9631,9.52,0.0232,2.0,0.95
9632,4.6,120041.8517,19.0,0.2
9633,5.16,35.2456,27.0,0.19
9634,3.6,10.6801,29.0,0.19
9635,6.68,8.8094,25.0,0.2
9636,11.0,4860.5812,-1.0,0.93
9637,8.16,1.6478,-1.0,0.8
9638,5.76,8.6664,-6.0,0.21
9639,6.64,18.2762,19.0,0.19
9640,3.16,26.4209,24.0,0.24
9641,6.44,173.6315,-2.0,1.09
9642,5.44,1.9674,24.0,0.26
9643,7.96,23.816,15.0,0.18
9644,10.48,421.0182,-1.0,0.2
9645,4.32,67849.5493,3.0,0.29
9646,8.36,459259.1903,1.0,0.24
9647,5.64,1.8153,27.0,1.04
9648,6.12,1.8781,25.0,0.25
9649,7.56,120059.3864,15.0,0.28
9650,8.36,120034.8076,14.0,0.22
9651,11.56,119081.705,3.0,0.23
9652,7.96,120028.7054,17.0,1.05
9653,10.6,854.0109,-6.0,0.22
9654,5.64,1.9648,26.0,0.21
9655,6.16,5.965,2.0,0.18
9656,6.6,886808.049,1.0,0.21
9657,7.68,359987.4994,4.0,1.13
9658,9.96,854.2167,-4.0,0.18
9659,14.28,0.4017,-5.0,0.27
9660,6.96,1.8052,1.0,0.25
9661,6.88,15.4478,19.0,0.3
9662,7.28,1.9182,3.0,1.15
9663,7.12,39.3145,2.0,0.23
9664,5.52,766797.9986,7.0,0.22
9665,10.72,119081.6414,0.0,0.23
9666,5.44,719545.1924,4.0,0.18
9667,5.76,2.3976,25.0,1.0
9668,6.96,4.4767,2.0,0.22
9669,9.4,1.1569,-2.0,0.2
9670,7.36,480367.0707,2.0,0.27
9671,14.4,24.0597,-1.0,0.2
9672,5.72,22.5904,24.0,1.01
9673,7.12,54.5988,1.0,0.27
9674,3.56,0.0496,16.0,0.22
9675,8.72,0.3104,-7.0,0.19
9676,2.48,0.126,23.0,0.29
9677,5.6,20.8905,21.0,0.97
9678,8.48,1.1979,0.0,0.19
9679,6.56,10.6539,24.0,0.22
9680,4.16,339246.7788,7.0,0.19
9681,8.48,421.2429,0.0,0.2
9682,9.12,842.0492,-2.0,1.05
9683,7.48,240044.8412,18.0,0.26
9684,8.64,421.5751,0.0,0.18
9685,9.56,0.3584,2.0,0.19
9686,14.04,222.7674,-6.0,0.18
9687,11.04,421.0572,-5.0,0.22
9688,8.08,0.0236,1.0,0.17
9689,3.28,10.7079,25.0,0.19
9690,3.8,28.2528,29.0,0.23
9691,11.04,421.0211,-6.0,0.21
9692,3.88,19.3828,33.0,0.19
9693,5.92,111.8566,-2.0,1.08
9694,7.12,4.6247,2.0,0.18
9695,3.2,0.0838,17.0,0.22
9696,9.2,38.5234,0.0,0.21
9697,7.76,0.3649,-2.0,0.17
9698,10.24,239124.8318,6.0,0.98
9699,9.48,420.9692,1.0,0.25
9700,6.64,4.399,2.0,0.24
9701,3.16,26.3984,29.0,0.17
9702,8.2,2.7201,1.0,0.21
9703,11.56,0.2879,7.0,0.98
9704,10.92,421.0444,-7.0,0.22
9705,5.08,0.0416,22.0,0.24
9706,5.92,17.583,23.0,0.29
9707,10.84,0.0677,-10.0,0.26
9708,7.64,185.6076,0.0,1.11
9709,11.36,421.0325,-8.0,0.2
9710,12.0,119156.2112,2.0,0.19
9711,5.6,120042.075,15.0,0.17
9712,10.96,25050.7969,-4.0,0.28
9713,5.32,5.2466,22.0,1.13
9714,10.8,119084.1033,4.0,0.22
9715,10.2,421.2599,-4.0,0.25
9716,4.8,135699.9763,2.0,0.18
9717,13.8,2788.7382,-4.0,0.28
9718,5.52,120022.6572,20.0,1.0
9719,10.0,841.9274,-1.0,0.79
9720,6.56,699060.3325,3.0,0.19
9721,10.2,841.9536,1.0,0.2
9722,9.28,38.8424,-3.0,0.23
9723,9.8,421.2781,-2.0,0.96
9724,9.36,119081.3113,-1.0,0.21
9725,9.64,0.0678,6.0,0.19
9726,7.4,43.7742,24.0,0.21
9727,10.4,421.2802,-4.0,0.2
9728,4.48,8.9693,20.0,0.19
9729,8.0,2.7963,-2.0,0.21
9730,7.0,1.9182,3.0,0.3
9731,5.12,17.679,28.0,0.24
9732,8.64,355703.4474,-2.0,0.33
9733,8.2,181.287,-4.0,0.2
9734,6.84,11.0292,25.0,2.01
9735,12.88,0.7234,-1.0,0.38
9736,9.84,119081.348,-6.0,0.27
9737,6.64,4.3429,-2.0,0.25
9738,3.64,3.5668,21.0,0.33
9739,5.84,8.1257,-7.0,1.22
9740,6.76,205.2177,0.0,0.21
9741,6.72,5.4832,-4.0,0.18
9742,3.68,12.3508,17.0,0.22
9743,4.24,1.8928,26.0,0.27
9744,10.4,238165.3435,5.0,1.14
9745,6.88,3.609,22.0,0.27
9746,11.48,1050175.4499,0.0,0.25
9747,10.88,1074591.7242,2.0,0.21
9748,9.16,432.7272,1.0,0.37
9749,8.12,120054.967,15.0,1.51
9750,4.56,28.169,23.0,0.3
9751,12.36,708516.2417,0.0,0.28
9752,4.76,2.5111,26.0,0.36
9753,7.2,2.8553,-2.0,0.36
9754,7.2,463.3538,-2.0,1.52
9755,5.48,1.8709,24.0,0.25
9756,5.92,6.6156,-5.0,0.26
9757,6.96,1.1562,2.0,0.24
9758,4.32,12.05,19.0,0.24
9759,8.56,77.3459,0.0,1.16
9760,5.72,17.584,27.0,0.28
9761,8.4,39.6016,1.0,0.27
9762,7.92,2.2934,0.0,0.23
9763,6.08,9.0346,25.0,0.26
9764,5.64,8.1814,-5.0,1.12
9765,2.92,17.6072,17.0,0.24
9766,11.24,10611.2173,-5.0,0.27
9767,5.44,120034.3229,22.0,0.29
9768,11.08,420.9922,-7.0,0.43
9769,10.04,361008.5346,-2.0,1.45
9770,6.0,120034.4177,18.0,0.41
9771,10.76,841.9387,-3.0,0.29
9772,7.32,120016.8732,16.0,0.28
9773,8.6,38.8391,-1.0,0.25
9774,14.8,0.2861,-2.0,0.27
9775,9.88,2145.9293,-3.0,1.25
9776,10.44,3150.0674,-6.0,0.18
9777,8.16,120048.8994,14.0,0.19
9778,7.36,120024.705,23.0,0.22
9779,13.64,0.5587,-14.0,0.24
9780,9.16,1.6905,0.0,0.94
9781,10.28,841.9933,2.0,0.2
9782,10.52,842.0062,-2.0,0.2
9783,8.2,39.216,0.0,0.2
9784,6.36,120034.3145,23.0,0.2
9785,5.72,719619.3948,-1.0,1.09
9786,7.68,120021.6026,18.0,0.2
9787,11.48,1057344.9073,3.0,0.2
9788,8.84,843.5498,1.0,0.19
9789,5.76,19.387,25.0,0.21
9790,11.52,119083.7364,0.0,1.77
9791,3.0,10.5828,19.0,0.22
9792,6.32,5.0493,-5.0,0.3
9793,9.96,50.6114,-2.0,0.32
9794,8.6,5.8859,-2.0,0.23
9795,12.72,5283.8097,-1.0,1.18
9796,6.68,2.8021,1.0,0.42
9797,3.72,19.3428,30.0,0.36
9798,8.36,2.1301,-1.0,0.33
9799,5.6,814191.0695,7.0,0.28
9800,4.32,17.6152,22.0,1.28
9801,3.76,28.1405,20.0,0.22
9802,6.2,5.964,3.0,0.19
9803,6.12,1178.5012,0.0,0.2
9804,3.44,8.8312,23.0,0.22
9805,6.88,4.9963,-5.0,1.07
9806,3.92,10.6755,20.0,0.19
9807,12.28,238236.8398,-3.0,0.23
9808,8.28,360466.3168,0.0,0.35
9809,15.36,11.8659,-8.0,0.25
9810,7.8,120033.5019,17.0,1.15
9811,7.44,339245.398,-4.0,0.26
9812,7.6,9.2581,7.0,0.26
9813,11.04,1262.9377,-4.0,0.19
9814,8.04,120043.9927,11.0,0.23
9815,12.56,360166.6219,0.0,0.27
9816,7.2,19.8412,19.0,0.18
9817,12.12,238314.053,-1.0,0.21
9818,7.88,120027.937,11.0,0.2
9819,12.84,0.067,-4.0,0.19
9820,8.04,120024.789,4.0,0.21
9821,8.28,240042.3013,7.0,0.99
9822,5.88,20.6529,26.0,0.26
9823,8.16,120029.208,4.0,0.26
9824,11.0,0.1152,-6.0,0.25
9825,10.88,421.0564,-4.0,0.31
9826,7.8,120029.1898,12.0,1.22
9827,8.0,120024.256,11.0,0.26
9828,8.28,120020.7656,8.0,0.25
9829,7.48,31.2742,17.0,0.2
9830,8.28,240042.2362,20.0,0.23
9831,6.08,33900.4049,25.0,0.98
9832,6.64,3.446,20.0,0.19
9833,9.48,121276.4945,-10.0,0.27
9834,9.48,5984.3492,-6.0,0.23
9835,6.72,12.4422,21.0,0.26
9836,6.52,46.1935,25.0,1.23
9837,8.2,39.8597,4.0,0.21
9838,3.4,10.9025,24.0,0.27
9839,10.36,0.1151,-2.0,0.33
9840,9.8,111.7325,-2.0,0.21
9841,10.52,842.2225,-4.0,0.97
9842,7.12,14.5296,21.0,0.25
9843,3.04,1.8356,17.0,0.18
9844,8.48,6.0271,0.0,0.18
9845,3.12,0.1352,16.0,0.23
9846,9.68,421.2734,-1.0,1.09
9847,6.32,6.783,-5.0,0.33
9848,13.64,5132.7478,-2.0,0.26
9849,10.64,1683.8484,-5.0,0.34
9850,7.6,239916.5795,-1.0,0.3
9851,8.0,41.2699,-2.0,1.27
9852,7.04,746339.8026,1.0,0.21
9853,5.08,8.8071,20.0,0.32
9854,4.8,9.0905,28.0,0.33
9855,5.2,1.8684,25.0,0.3
9856,15.12,8.477,-5.0,0.28
9857,6.92,3.26,0.0,0.19
9858,10.96,1684.2109,-4.0,0.21
9859,8.12,119905.2303,0.0,0.2
9860,6.08,28.1771,24.0,0.26
9861,7.12,0.367,4.0,0.17
9862,8.12,2.8579,-1.0,1.56
9863,4.8,19.3376,28.0,0.25
9864,2.92,8.8371,18.0,0.23
9865,6.92,4.3976,-4.0,0.25
9866,9.56,0.1541,4.0,0.2
9867,7.2,40.1304,1.0,1.03
9868,11.0,2105.0752,-2.0,0.27
9869,7.64,2.5192,0.0,0.19
9870,8.64,4953.341,1.0,0.21
9871,5.64,120016.8276,25.0,0.24
9872,3.48,0.0604,7.0,1.29
9873,4.16,1.7562,0.0,0.22
9874,7.36,2.5304,1.0,0.29
9875,9.84,0.4102,0.0,0.25
9876,9.04,4861.1689,1.0,0.33
9877,3.28,17.7093,14.0,1.21
9878,6.72,4.9378,-5.0,0.22
9879,7.56,40.4475,0.0,0.27
9880,4.2,12.4303,26.0,0.28
9881,8.16,169590.9228,-1.0,0.22
9882,6.2,240042.2711,18.0,1.16
9883,4.52,10.587,17.0,0.27
9884,3.56,8.929,20.0,0.22
9885,6.68,5.4238,-3.0,0.24
9886,5.76,30.3679,27.0,0.22
9887,9.4,120040.6013,1.0,1.19
9888,7.48,120018.1178,18.0,0.34
9889,10.32,0.3296,0.0,0.4
9890,11.16,0.4395,1.0,0.31
9891,5.48,11.9848,28.0,0.29
9892,10.76,421.4537,-5.0,1.17
9893,9.72,119083.7678,10.0,0.26
9894,7.76,120064.3634,14.0,0.26
9895,4.56,3.6579,21.0,0.3
9896,12.04,0.9683,3.0,0.26
9897,12.92,124219.7542,-1.0,1.26
9898,6.6,3.7063,-1.0,0.29
9899,9.52,843.1122,-1.0,0.29
9900,12.0,0.0347,1.0,0.3
9901,7.24,11.5624,24.0,0.35
9902,8.56,56491.7176,2.0,0.32
9903,6.92,22.4997,25.0,1.33
9904,9.24,0.1277,1.0,0.23
9905,10.0,0.4906,2.0,0.2
9906,4.36,27.7484,15.0,0.25
9907,7.24,43.381,-5.0,0.31
9908,5.0,10.7523,25.0,1.3
9909,3.72,0.0427,0.0,0.3
9910,2.76,9.5378,-9.0,0.22
9911,4.88,17.5972,19.0,0.21
9912,5.04,29.9973,27.0,0.26
9913,2.96,8.8438,13.0,1.17
9914,9.96,0.0212,5.0,0.39
9915,5.96,10.5784,26.0,0.36
9916,10.32,841.9401,-2.0,0.31
9917,5.08,11.0554,14.0,0.33
9918,6.12,850682.3494,3.0,1.25
9919,8.88,169604.7887,0.0,0.24
9920,10.84,0.0444,8.0,0.19
9921,7.84,6.3263,14.0,0.23
9922,4.56,8.9438,26.0,0.3
9923,10.52,421.343,0.0,1.33
9924,9.6,0.0529,3.0,0.29
9925,5.0,766795.2913,-1.0,0.25
9926,4.56,67849.6164,2.0,0.29
9927,9.12,0.1343,3.0,0.31
9928,8.36,115.2236,2.0,1.25
9929,4.36,0.038,21.0,0.22
9930,10.2,0.3858,2.0,0.27
9931,4.6,0.1233,24.0,0.88
9932,9.52,33521.8853,1.0,0.27
9933,11.72,421.1186,-13.0,1.43
9934,4.32,8.935,23.0,0.28
9935,3.24,17.6162,29.0,0.26
9936,5.72,8.1256,-8.0,0.24
9937,7.32,3.0556,3.0,0.27
9938,10.12,752573.3207,10.0,1.14
9939,3.44,10.6915,25.0,0.25
9940,5.96,766795.2682,4.0,0.25
9941,3.96,17.6845,16.0,0.25
9942,6.84,187751.554,5.0,0.28
9943,4.08,19.3551,27.0,0.34
9944,8.0,77.0004,0.0,0.31
9945,8.56,239121.8597,-7.0,0.28
9946,10.28,841.9909,-3.0,0.24
9947,6.04,173.4807,3.0,0.26
9948,4.0,19.4579,20.0,0.33
9949,4.36,379.852,18.0,1.13
9950,4.36,0.0243,21.0,0.29
9951,4.08,14.2793,26.0,0.25
9952,3.68,19.4751,19.0,0.27
9953,3.72,19.3659,25.0,0.33
9954,3.56,17.8255,26.0,1.15
9955,5.28,8.9078,24.0,0.27
9956,11.24,120042.9973,-1.0,0.32
9957,6.24,698947.548,6.0,0.32
9958,7.36,33898.5177,23.0,0.3
9959,4.68,10.5885,19.0,1.65
9960,8.36,10.671,7.0,0.25
9961,6.6,3.2777,4.0,0.17
9962,5.64,0.111,25.0,0.27
9963,7.56,475185.9593,1.0,0.21
9964,3.6,28.1608,29.0,1.33
9965,11.12,421.1121,-4.0,0.28
9966,9.0,0.1492,4.0,0.28
9967,10.84,421.3198,-6.0,0.3
9968,3.12,17.7136,16.0,0.3
9969,11.72,0.1517,0.0,1.45
9970,9.32,0.0199,0.0,0.29
9971,2.92,8.9429,7.0,0.24
9972,3.04,35.1888,21.0,0.22
9973,9.48,0.8946,2.0,0.32
9974,7.52,40.4766,-1.0,1.13
9975,6.6,1.9736,24.0,0.21
9976,9.6,0.6438,1.0,0.19
9977,6.08,17.6779,25.0,0.23
9978,3.32,26.5126,25.0,0.2
9979,6.4,480214.0314,17.0,1.06
9980,5.2,10.5602,20.0,0.22
9981,2.6,17.6448,8.0,0.18
9982,3.92,19.457,29.0,0.27
9983,6.72,2.2896,0.0,0.26
9984,4.28,12.5227,24.0,0.23
9985,3.28,17.7066,24.0,0.22
9986,3.0,8.8301,15.0,0.24
9987,8.08,2.7288,-3.0,0.26
9988,6.04,6.5045,-1.0,0.26
9989,9.0,119081.3896,9.0,0.29
9990,11.96,0.583,-6.0,1.36
9991,6.96,15.9614,14.0,0.23
9992,9.68,714448.8374,2.0,0.27
9993,7.76,2.2424,4.0,0.25
9994,7.48,25.9988,15.0,0.3
9995,11.36,2104.7968,-5.0,1.02
9996,11.24,841.9817,-8.0,0.2
9997,7.84,120021.1366,6.0,0.19
9998,8.36,120045.8228,14.0,0.18
9999,7.8,5.8777,10.0,0.19
10000,11.32,421.092,-6.0,1.48
10001,7.44,120045.7174,18.0,0.27
10002,6.12,18.9106,21.0,0.22
10003,7.76,120033.0272,15.0,0.22
10004,9.48,38.5514,0.0,0.3
