episode,avg_pods,avg_latency,reward,execution_time
1,35.12,1015.1246,-55612.41,1.19
2,50.0,1038.4845,-59543.89,1.14
3,34.0,1012.6676,-49123.08,1.29
4,38.04,1020.0156,-51162.77,1.18
5,52.72,1058.5338,-51454.19,1.18
6,54.16,986.8764,-48812.77,7.74
7,47.72,1014.0346,-51133.59,1.31
8,50.2,1051.7218,-53582.5,1.59
9,37.04,1067.101,-51742.59,1.29
10,54.08,1058.5776,-55442.67,1.25
11,49.68,1037.0555,-53114.93,2.15
12,31.24,1015.9106,-47408.06,1.22
13,53.56,1045.7567,-53377.16,0.6
14,42.0,1022.8248,-55448.65,1.31
15,49.56,1023.2438,-43351.19,1.25
16,62.28,1055.422,-47975.66,2.16
17,51.32,1029.35,-43324.79,1.27
18,54.12,1041.1842,-51921.01,1.24
19,41.04,1047.2171,-49767.02,1.19
20,45.96,1020.6321,-55268.14,1.41
21,45.4,1049.8919,-53659.29,2.12
22,34.8,992.8087,-56879.72,1.26
23,56.72,1025.6988,-49469.12,1.51
24,39.04,995.055,-44926.24,1.37
25,39.8,1061.9586,-49687.63,1.25
26,60.36,1088.7265,-57685.73,1.92
27,60.2,1028.6306,-41591.93,1.4
28,53.08,1039.8843,-50950.19,1.29
29,50.36,1002.5618,-42991.7,1.34
30,52.6,1046.3624,-53984.41,1.25
31,56.32,1021.5176,-41520.68,2.11
32,48.64,1007.1583,-49072.22,1.24
33,53.44,1049.7055,-47783.69,1.08
34,51.48,1035.1732,-45301.67,1.3
35,47.64,1035.4294,-53467.34,0.61
36,45.44,1081.791,-42618.15,2.06
37,47.4,1078.3868,-57431.65,1.1
38,48.8,1006.8738,-55109.96,1.23
39,49.04,1034.185,-51604.48,1.29
40,49.2,1002.632,-53030.97,1.17
41,51.84,1002.6257,-46939.93,2.29
42,45.4,1008.4027,-45260.65,1.19
43,29.64,1010.0758,-47077.53,1.25
44,58.52,1048.4333,-43980.11,1.26
45,44.32,1015.0814,-49384.24,1.18
46,59.08,1019.3811,-55339.91,1.15
47,35.96,1028.77,-49420.25,2.02
48,53.0,1022.5408,-51210.29,1.13
49,57.68,1020.1626,-47480.22,1.26
50,54.2,1034.0502,-47473.59,1.36
51,45.44,1033.3922,-53544.53,1.38
52,50.64,1032.4069,-51171.58,1.89
53,50.2,1049.2109,-55409.97,1.12
54,53.12,1013.2975,-49125.64,1.55
55,46.4,1005.2884,-45098.3,1.22
56,46.56,1015.4406,-46936.65,1.36
57,59.76,1022.2728,-55390.01,1.46
58,50.84,1051.6847,-39877.68,1.17
59,53.64,1081.7018,-44407.27,1.24
60,53.92,1067.8625,-47632.03,1.34
61,65.52,1038.2906,-47609.31,1.13
62,50.36,1023.0424,-51441.18,2.3
63,47.32,1054.6968,-56104.07,1.12
64,47.76,1050.5665,-49713.07,1.29
65,43.96,1039.6175,-51543.99,1.38
66,51.56,1121.3678,-52232.48,1.22
67,59.08,1012.3571,-47152.87,2.16
68,42.12,1013.1937,-43315.76,1.3
69,57.6,1052.222,-53871.98,1.37
70,60.88,1010.6887,-52954.07,1.45
71,40.6,1073.8592,-45770.88,1.26
72,43.0,1078.9308,-50616.12,2.25
73,44.92,1004.1359,-48870.59,1.14
74,43.04,1037.53,-51362.15,1.34
75,52.76,1020.6591,-51439.56,1.19
76,53.12,1036.6938,-49273.13,1.4
77,40.24,1185.7178,-53101.22,2.07
78,56.68,1007.2824,-45199.93,1.31
79,56.56,1032.9666,-47744.98,1.14
80,57.8,1062.4296,-42278.36,0.59
81,56.44,1072.0315,-42590.29,1.32
82,48.16,1037.8621,-51867.71,2.41
83,62.88,1016.8468,-39309.39,1.36
84,41.8,1019.5274,-45065.05,1.28
85,54.48,1037.6969,-43607.72,1.31
86,50.76,1034.2846,-55326.78,1.21
87,47.08,1046.9153,-43928.85,1.32
88,47.84,1021.9339,-49142.03,1.25
89,51.72,1044.0925,-41604.53,1.29
90,46.76,1087.6168,-52154.36,1.22
91,42.96,1058.8155,-51723.26,1.32
92,45.0,1025.5608,-47464.97,1.27
93,51.0,1064.5449,-40518.11,2.23
94,43.2,1013.0948,-51150.26,1.28
95,49.52,1060.3192,-52137.1,1.23
96,51.04,1013.9808,-47153.95,1.29
97,52.4,1066.3043,-48287.77,1.27
98,47.56,1097.9991,-53845.0,2.05
99,44.32,1006.2028,-33100.22,1.26
100,43.48,984.7204,-54820.34,1.26
101,37.52,1003.9614,-48959.71,1.46
102,38.16,1021.4198,-49167.31,0.64
103,59.8,1051.732,-45574.32,2.26
104,54.32,1035.3462,-51294.18,1.27
105,39.76,1014.8283,-47180.87,1.26
106,48.04,1040.427,-47331.27,1.26
107,57.52,1055.5918,-50079.78,1.31
108,41.44,1002.1206,-51068.87,2.17
109,44.84,1067.7736,-43882.14,1.29
110,29.96,1018.4796,-55148.65,1.29
111,48.0,1066.9359,-51526.17,1.18
112,44.16,1043.7481,-47898.6,1.27
113,31.92,1070.6805,-59604.61,2.29
114,41.6,1030.1499,-41511.6,1.24
115,48.96,1078.5002,-51168.56,1.21
116,47.24,1002.0654,-41186.97,1.18
117,51.0,1059.2864,-45925.83,1.34
118,39.92,1040.2923,-49511.41,2.05
119,52.4,1007.7231,-59089.77,1.05
120,38.32,1040.1125,-45556.18,1.2
121,34.16,992.4466,-48950.9,1.28
122,55.84,1017.9295,-47412.81,1.37
123,46.84,992.6674,-52749.0,1.39
124,44.28,1019.9529,-49056.43,1.39
125,64.2,1016.5715,-43388.22,1.28
126,47.4,1045.1712,-47602.24,1.26
127,37.24,1052.1217,-47666.7,1.37
128,64.24,1059.9558,-49546.32,1.26
129,57.96,1069.589,-42268.34,1.15
130,38.76,1031.6626,-59595.1,1.11
131,59.0,1046.5963,-47612.45,1.25
132,38.0,1007.5335,-51193.21,1.29
133,48.0,1115.8542,-51725.54,1.31
134,47.32,1001.1958,-42918.28,2.05
135,30.56,1016.4641,-55254.46,1.21
136,60.32,1149.1648,-45416.82,1.26
137,55.36,1026.8986,-49354.35,1.23
138,47.0,1001.6016,-49032.74,1.25
139,55.24,1062.9692,-47614.94,2.07
140,53.28,1007.3789,-47048.55,1.14
141,60.28,1039.0385,-51399.65,1.22
142,47.64,1067.4503,-45856.94,1.25
143,45.32,1040.6049,-49425.75,1.31
144,50.64,1023.5985,-53163.71,2.13
145,42.56,1011.7259,-43145.63,1.25
146,54.12,1088.4393,-52199.78,0.69
147,41.4,1020.2202,-45535.23,1.26
148,41.6,1015.0796,-51218.62,1.08
149,50.0,1003.19,-51153.18,2.52
150,52.0,1036.1079,-43624.17,1.27
151,39.16,1010.3875,-47296.79,1.28
152,40.28,1076.6198,-42387.38,1.26
153,45.76,1030.8941,-55409.93,1.26
154,55.48,1025.1602,-39343.02,2.24
155,37.6,1060.6122,-51763.63,1.25
156,55.6,1044.137,-57267.7,1.32
157,43.24,1045.8328,-49563.65,1.35
158,49.92,1065.0938,-44032.12,1.3
159,55.76,1011.3338,-41167.08,2.3
160,33.32,1028.4984,-49025.41,1.25
161,43.92,1108.0114,-46768.19,1.23
162,43.6,1051.3964,-47822.03,1.21
163,58.24,1093.3476,-44420.0,1.25
164,61.36,1100.5373,-54127.84,2.26
165,53.2,1022.1748,-49258.54,1.08
166,51.88,1033.3028,-45459.54,1.42
167,50.56,981.9172,-54833.84,1.25
168,61.92,991.005,-50927.0,0.63
169,44.2,1014.2834,-57211.14,2.21
170,55.6,1024.0295,-43434.4,1.26
171,45.76,1034.9734,-47628.7,1.27
172,52.64,1016.5391,-41335.92,1.27
173,56.52,1034.7458,-49479.23,1.29
174,39.12,1024.2724,-45537.7,1.31
175,59.0,1054.8764,-43679.67,2.14
176,52.56,1069.3476,-51428.61,1.14
177,47.28,1032.4068,-45621.07,1.2
178,53.32,1017.5071,-41356.75,1.27
179,43.4,1038.9198,-47519.81,1.37
180,43.72,1019.2855,-45451.6,2.13
181,49.96,1022.3283,-45042.68,1.04
182,28.08,984.0643,-48876.11,1.26
183,57.08,1025.9445,-53192.31,1.26
184,46.04,1002.4456,-53148.27,1.31
185,36.88,1003.8256,-56977.94,2.11
186,59.8,1047.0285,-43477.74,1.2
187,49.88,1022.589,-47111.17,1.38
188,52.8,1010.763,-55197.11,1.29
189,51.8,1008.2667,-45031.6,1.57
190,49.48,1029.8603,-51353.11,1.81
191,47.84,1074.0976,-46222.56,1.22
192,47.4,1033.1447,-45546.5,1.33
193,48.48,1024.5312,-43409.38,1.31
194,52.12,1017.4121,-49046.63,1.62
195,45.04,998.4242,-46929.52,2.35
196,58.6,1069.0893,-43839.26,1.36
197,28.64,1038.3211,-53707.39,1.35
198,39.52,1042.3912,-41613.88,1.43
199,43.92,1050.2956,-49426.87,1.48
200,49.36,1037.4849,-51248.69,2.28
201,34.44,1011.3278,-50847.27,1.32
202,41.44,1031.7218,-43338.81,1.44
203,50.56,1045.8134,-41406.35,1.36
204,50.56,1066.2232,-55697.41,1.32
205,51.6,1018.441,-43566.89,2.57
206,42.84,1043.733,-49443.5,1.38
207,54.72,1042.148,-49475.9,1.33
208,47.96,1033.3541,-49523.33,1.31
209,55.28,1044.6276,-51279.97,1.18
210,43.8,1014.929,-41127.36,1.6
211,43.2,1060.7481,-43854.71,1.31
212,42.8,1049.2064,-47770.51,1.3
213,51.52,1082.9587,-42334.79,1.38
214,46.36,1044.7217,-55598.61,1.27
215,42.76,1029.251,-45716.31,1.45
216,49.24,1054.835,-45531.69,1.3
217,57.0,1020.8034,-47291.31,1.25
218,59.44,1022.1797,-53512.01,1.31
219,40.36,1028.0387,-53575.58,1.29
220,52.96,1089.073,-52147.87,1.17
221,41.52,1050.6945,-49838.92,2.22
222,49.92,1038.6605,-49897.35,1.14
223,58.72,1006.3936,-54964.99,1.32
224,43.6,1041.0662,-47855.94,1.21
225,57.28,1039.6996,-41473.12,1.29
226,42.6,1022.5668,-49380.68,2.24
227,51.24,1067.7848,-48366.9,1.4
228,49.08,1069.271,-51505.92,1.24
229,46.16,1076.0278,-54429.17,1.41
230,49.52,1042.1118,-47457.36,1.38
231,55.24,1009.9733,-49067.42,1.49
232,45.28,1011.1247,-47200.65,1.24
233,50.92,1019.4145,-49631.17,1.19
234,33.76,1002.763,-53092.73,1.19
235,42.2,993.5591,-44913.69,1.25
236,42.52,1029.3746,-45422.75,2.23
237,46.68,985.9079,-42816.37,1.23
238,49.16,1012.8032,-47023.78,1.21
239,43.0,1025.8252,-47171.6,1.3
240,47.84,1117.685,-43320.01,1.25
241,56.96,1027.7364,-57467.55,2.12
242,48.4,996.0895,-51039.51,1.24
243,51.64,1038.4123,-45499.27,1.29
244,43.84,1033.2834,-49157.69,1.43
245,28.08,1035.0507,-49404.9,1.54
246,45.48,1063.896,-53903.16,2.08
247,41.44,1038.8797,-47235.16,1.22
248,44.44,1023.1697,-53389.11,1.12
249,43.56,1037.8068,-43402.51,1.26
250,39.12,1010.9337,-45260.13,1.27
251,56.64,1044.494,-51811.87,2.19
252,37.12,1019.4306,-51094.25,1.31
253,52.96,1036.2404,-45473.71,1.18
254,49.04,1031.6207,-49665.15,0.66
255,51.6,1034.6511,-47530.74,1.32
256,48.24,1015.3816,-55259.95,1.32
257,48.36,1005.7965,-47152.27,1.27
258,42.48,1035.2478,-45362.08,1.25
259,51.16,997.345,-49062.01,1.14
260,27.4,997.9632,-54915.37,1.28
261,50.0,1048.3629,-51330.16,1.27
262,47.68,1007.0091,-45083.4,2.18
263,43.24,1018.2243,-43333.41,1.24
264,60.04,1085.8029,-55763.54,1.16
265,41.88,1012.2234,-47295.01,1.27
266,55.52,1036.9599,-54946.58,1.23
267,46.16,1032.4644,-45580.68,1.98
268,46.92,1045.7692,-57238.88,0.97
269,54.04,999.3079,-48836.46,1.31
270,50.56,1046.6722,-46213.53,1.34
271,60.24,993.5736,-44911.89,1.33
272,53.24,1026.7582,-53196.72,2.2
273,42.68,1049.742,-55314.23,1.19
274,40.28,1026.0579,-43677.64,1.26
275,47.68,1032.6297,-59136.63,1.15
276,58.0,1070.9657,-45879.74,0.57
277,38.84,1003.1064,-45052.42,2.09
278,48.88,1038.8038,-49761.87,1.3
279,49.8,990.3151,-40866.96,1.3
280,49.08,1005.9416,-45134.01,1.27
281,56.24,1049.7072,-45915.78,1.29
282,48.6,1015.0118,-51182.37,2.16
283,44.28,1002.9414,-48846.31,1.13
284,54.04,1058.5348,-51801.37,1.24
285,42.36,1017.8476,-50845.72,1.24
286,48.52,1029.4368,-37284.28,1.25
287,54.2,1054.4368,-45545.11,2.11
288,49.2,1032.1401,-57031.44,1.13
289,43.2,1045.2189,-51773.66,1.18
290,52.24,1103.2793,-56030.37,1.45
291,46.44,985.587,-44772.03,1.3
292,44.8,1022.1654,-45261.81,2.02
293,45.32,1022.9566,-51563.91,1.24
294,50.48,1029.5646,-49426.83,1.2
295,45.4,1155.7866,-54876.97,1.05
296,33.92,1012.8296,-53219.43,1.2
297,48.52,1002.5254,-48934.15,2.27
298,50.2,1036.8796,-55215.02,0.6
299,27.28,1070.5406,-46040.29,1.17
300,48.8,1051.3305,-47685.43,1.31
301,40.12,1045.15,-55224.15,1.38
302,53.4,1082.5796,-47706.06,1.35
303,39.52,997.901,-45058.58,1.91
304,50.76,1051.8188,-43751.07,1.24
305,41.48,995.1039,-38781.87,1.36
306,55.44,1025.7309,-45448.23,1.18
307,55.32,1027.878,-53114.12,1.17
308,64.08,1035.1722,-53334.38,2.2
309,58.28,1059.4236,-40161.2,1.32
310,48.48,1011.1156,-43265.77,1.32
311,48.16,1025.6912,-49338.43,1.42
312,42.64,1025.6992,-49198.2,1.45
313,53.16,1056.236,-47965.96,2.22
314,48.52,1027.0475,-45449.66,1.33
315,57.36,1017.0842,-37197.1,1.4
316,49.16,1048.7769,-51522.3,1.95
317,62.44,1054.9875,-45713.45,1.34
318,55.8,1010.3719,-45229.7,2.12
319,56.92,1040.1818,-45664.31,1.22
320,52.28,1002.9235,-47105.94,0.63
321,31.96,1010.5126,-43325.51,1.45
322,53.0,1031.4994,-53190.13,1.3
323,40.68,1014.6552,-41370.72,2.18
324,40.96,1035.5044,-49472.13,1.17
325,55.64,1057.6356,-45619.61,1.32
326,46.76,1094.8841,-48269.24,1.24
327,52.8,1031.619,-49115.63,1.31
328,38.6,1032.1319,-59139.95,1.97
329,43.8,1092.1812,-52140.64,1.35
330,56.96,1025.9725,-43340.52,1.32
331,45.8,1042.712,-52207.14,1.17
332,42.84,1065.2068,-44067.53,1.47
333,43.08,1009.1386,-47042.92,2.27
334,41.96,1015.1969,-43244.09,1.27
335,55.96,1078.5483,-55506.73,1.32
336,36.44,1089.4002,-54161.51,1.04
337,50.88,1057.0763,-49461.89,1.14
338,44.6,992.0945,-50969.41,2.2
339,48.28,1048.0442,-47765.46,1.35
340,39.72,1067.5021,-50092.11,1.33
341,49.6,1042.8025,-51452.36,1.4
342,61.4,1059.7034,-59820.26,0.68
343,52.76,1017.5135,-45263.97,1.32
344,30.08,1033.7826,-49377.74,1.21
345,55.2,990.7813,-50895.49,1.15
346,60.52,1057.6247,-43302.13,1.29
347,45.88,1047.4544,-51645.43,1.2
348,39.8,1017.4679,-49102.41,1.29
349,38.6,1044.9883,-49479.93,2.14
350,54.96,1048.6693,-51422.81,1.28
351,46.12,1075.1708,-49807.02,1.33
352,47.72,1001.4381,-46940.55,1.53
353,46.44,1044.6666,-53593.27,1.34
354,53.36,1047.6694,-45215.34,2.17
355,47.4,1055.0854,-51393.05,1.34
356,48.64,1133.6181,-54823.41,1.2
357,36.72,1046.229,-55524.84,1.33
358,43.72,1028.6416,-41290.41,1.34
359,47.12,1091.5015,-55926.15,2.12
360,37.68,1026.9856,-53432.87,1.24
361,40.72,1011.8163,-49375.52,1.27
362,47.44,1035.3859,-51429.98,1.31
363,53.72,1043.1069,-49572.57,1.29
364,50.48,1043.9806,-51878.29,1.49
365,57.56,1003.6948,-55245.89,1.07
366,39.68,1008.1958,-39084.5,1.24
367,35.04,1062.3702,-47980.49,1.47
368,54.72,1042.7228,-43300.55,1.3
369,39.96,1015.1547,-56954.64,2.13
370,49.96,1040.056,-49495.38,1.26
371,39.84,1035.4021,-47866.54,1.24
372,42.0,1048.6991,-45286.1,1.26
373,44.44,1026.0423,-45414.69,1.48
374,53.72,1058.0184,-50039.42,2.1
375,48.12,1027.4813,-54974.54,1.04
376,49.88,998.3268,-44787.11,1.36
377,42.32,1049.8169,-47860.51,1.26
378,45.6,1045.6265,-59105.01,1.2
379,50.64,1035.4956,-45370.89,2.07
380,33.24,1045.9888,-45490.07,1.2
381,55.76,1024.6864,-51564.95,1.16
382,44.88,1015.1586,-47354.35,1.19
383,57.24,1030.1282,-47333.38,1.39
384,38.6,1108.155,-55172.68,1.46
385,46.6,1032.0864,-37664.6,0.62
386,54.6,1053.0712,-49266.28,1.24
387,47.84,1005.199,-50881.2,1.16
388,53.48,1034.138,-51814.22,1.37
389,39.96,1028.9996,-41345.03,1.33
390,40.52,1031.9673,-49441.99,2.3
391,55.4,1012.9452,-47292.6,1.31
392,51.0,1070.5739,-47748.76,1.31
393,42.8,1014.1588,-51295.48,1.39
394,50.24,1017.0154,-47140.13,1.56
395,51.16,1116.1283,-50462.14,2.07
396,50.44,1072.4979,-52328.93,1.24
397,48.48,1011.1916,-54940.92,1.33
398,51.76,1029.9581,-49302.96,1.4
399,48.96,1060.1662,-47532.05,1.29
400,50.04,1029.5758,-55253.62,2.04
401,42.8,1039.0699,-49183.23,1.12
402,46.6,1021.3125,-51093.42,1.29
403,53.32,1027.6884,-49092.02,1.16
404,47.2,995.2672,-47062.73,1.26
405,55.6,1057.5152,-44386.15,1.99
406,57.56,1049.9143,-53211.94,1.13
407,56.8,1060.5716,-50009.16,1.1
408,44.76,1019.52,-51037.31,0.56
409,40.16,1068.927,-42133.28,1.36
410,50.36,1002.5362,-43085.45,2.19
411,56.2,1037.2422,-45530.72,1.22
412,49.84,1046.5499,-49750.88,1.18
413,51.84,1091.6162,-47889.05,1.22
414,49.56,1015.4815,-51093.8,1.26
415,50.84,1043.92,-43762.45,2.42
416,47.24,1034.8789,-45669.59,1.15
417,60.52,1124.5325,-50205.94,1.3
418,35.56,1041.0161,-45570.36,1.17
419,52.24,996.5568,-49027.69,1.21
420,45.0,1039.0221,-49801.37,2.24
421,54.2,1038.9564,-47617.19,1.22
422,63.4,1058.1459,-53680.88,1.31
423,54.6,1050.0257,-57259.91,1.27
424,46.16,1039.0576,-51221.47,1.32
425,24.92,1003.1294,-47125.17,2.14
426,62.0,996.4013,-42993.97,1.26
427,51.16,1031.6431,-47002.4,1.15
428,43.92,1046.2108,-51504.83,1.29
429,44.2,1145.61,-46882.77,1.29
430,48.68,1066.3923,-47691.19,0.52
431,43.72,997.347,-47106.35,2.32
432,40.72,1015.13,-47187.83,1.31
433,40.96,1017.0109,-51483.95,1.31
434,48.44,1009.0775,-46943.22,1.22
435,52.12,1090.6148,-38789.6,1.24
436,46.56,1040.4659,-49498.01,2.1
437,46.52,1020.688,-50976.03,1.15
438,50.56,1020.7618,-45010.06,1.23
439,56.96,981.9292,-48832.1,1.14
440,42.84,1025.0768,-55061.22,1.29
441,44.44,1007.7271,-40876.31,2.25
442,37.68,998.8816,-42898.86,1.25
443,42.16,1038.8967,-57587.5,1.16
444,52.2,1042.0652,-45543.15,1.31
445,52.36,1046.4346,-43684.68,1.38
446,54.32,1039.355,-41324.15,2.31
447,58.0,1050.2844,-41898.33,1.32
448,42.84,1063.9078,-42431.89,1.25
449,45.0,1057.9769,-45738.18,1.26
450,37.84,1025.8319,-57528.09,0.99
451,56.52,1083.7888,-51969.18,2.33
452,47.08,1046.4875,-47368.23,0.63
453,47.84,1055.1766,-55715.55,1.13
454,61.08,1042.445,-55493.55,1.03
455,49.04,1068.2938,-43806.07,1.24
456,46.76,1021.928,-43370.2,2.26
457,53.0,991.3691,-46921.97,1.47
458,50.36,1122.7834,-50827.78,1.26
459,46.4,1073.4182,-49592.01,1.22
460,56.2,1029.2184,-55442.35,1.2
461,50.92,1027.829,-45475.15,2.22
462,46.4,1036.2481,-53418.27,1.3
463,49.0,1005.9654,-45231.98,1.24
464,39.48,1010.5384,-51078.14,1.22
465,43.24,1019.2499,-47326.44,1.27
466,45.12,1052.9506,-51814.13,2.49
467,50.16,1005.5193,-49052.27,1.27
468,44.0,992.6574,-52788.57,1.1
469,49.8,1042.5057,-53529.75,1.32
470,49.28,1011.4848,-45211.48,1.2
471,48.0,1062.2154,-53781.82,1.27
472,61.64,1016.4332,-47173.66,1.19
473,51.64,1078.3696,-53789.74,1.23
474,36.56,1017.993,-39377.29,0.66
475,56.72,1029.1234,-55135.85,1.03
476,50.52,1074.8975,-44215.85,1.14
477,49.52,1035.7382,-39473.69,2.27
478,43.4,1018.8475,-41452.3,1.38
479,54.32,1016.0407,-39527.16,1.25
480,53.88,1030.5777,-49280.36,1.21
481,35.76,1056.5696,-39981.72,1.39
482,45.88,992.4462,-38881.77,2.37
483,34.36,1019.3051,-47112.8,1.16
484,40.28,1013.9418,-57223.81,1.18
485,55.48,1057.835,-45999.64,1.25
486,43.44,1026.6861,-47165.17,1.22
487,53.04,1109.0818,-47968.04,2.06
488,42.32,1054.3726,-49600.45,1.37
489,61.2,1003.0011,-37059.02,1.42
490,42.2,1015.1458,-47280.32,1.29
491,39.44,1030.9512,-49274.26,1.32
492,57.28,986.3886,-52874.38,2.15
493,45.52,1012.6725,-55232.4,1.18
494,49.16,1034.9606,-49414.54,1.31
495,51.48,1028.3564,-45520.06,1.33
496,51.36,1012.0861,-43279.23,0.64
497,52.6,1036.2885,-45507.02,2.35
498,44.68,1022.0629,-49359.55,1.28
499,52.96,1024.1976,-49219.31,1.42
500,45.28,1023.9624,-43515.16,1.34
501,38.8,1060.2083,-53444.7,1.35
502,60.4,1049.3212,-55526.03,2.32
503,35.6,973.2572,-48695.42,1.1
504,41.36,998.4655,-56767.77,1.07
505,45.6,1014.3289,-47209.65,1.28
506,55.92,1070.7924,-47635.53,1.31
507,49.4,1049.7186,-49223.32,2.25
508,46.92,1011.0206,-43134.92,1.16
509,49.4,1032.6476,-55495.84,1.19
510,51.44,1034.2229,-51082.69,1.34
511,54.92,1084.7374,-50265.8,1.21
512,53.24,1003.4036,-59002.46,1.43
513,47.04,1039.3051,-37389.51,1.3
514,62.72,1071.5961,-50017.74,1.21
515,49.84,1185.6875,-45386.92,1.26
516,53.56,1047.9788,-48145.9,1.26
517,52.16,1005.8604,-39138.15,1.34
518,48.44,1017.696,-49182.86,1.49
519,48.4,1035.3002,-41554.13,1.45
520,37.44,1015.9352,-49089.49,1.2
521,41.76,1029.19,-43557.99,1.28
522,54.68,1019.7319,-41288.41,1.28
523,58.6,1063.0883,-49573.17,2.48
524,40.64,1027.6369,-59180.27,1.23
525,57.72,1028.8748,-41335.88,1.08
526,54.72,1011.3388,-45119.44,1.29
527,59.36,1015.8289,-51423.37,1.23
528,52.0,1028.1045,-47357.51,2.31
529,32.08,1072.1462,-44553.87,1.13
530,46.88,1041.6053,-47676.31,1.32
531,44.68,1058.5248,-44104.25,1.21
532,56.52,1013.6405,-47480.78,1.09
533,38.8,1052.0414,-53835.38,2.06
534,64.24,1003.9059,-48960.85,1.2
535,51.52,1208.2921,-50119.16,1.19
536,48.96,1043.7539,-50009.05,1.24
537,50.6,982.7436,-40685.75,1.24
538,45.88,1036.4638,-51447.61,2.24
539,49.8,1077.4036,-55675.69,1.22
540,44.96,1043.4638,-43669.83,0.92
541,44.68,1041.8819,-53627.15,1.3
542,52.4,1007.4342,-51154.44,1.21
543,44.76,1027.6246,-57199.08,2.35
544,41.16,974.3777,-58891.56,1.03
545,46.6,1019.1348,-39324.18,1.39
546,54.52,1037.5422,-49548.83,1.18
547,48.04,1051.567,-49819.65,1.29
548,60.16,1095.3596,-52083.62,2.16
549,34.28,1001.2205,-53052.82,1.23
550,55.96,1057.9889,-41833.22,1.19
551,51.04,1022.7946,-55544.62,1.26
552,50.04,1043.2859,-49405.97,1.2
553,54.0,1017.0157,-43212.6,2.42
554,44.36,1053.6507,-49819.1,1.34
555,36.44,1016.378,-37397.15,1.33
556,56.72,1107.2742,-48584.68,1.27
557,50.4,1017.0005,-45128.68,1.34
558,53.08,1039.5264,-45824.19,1.18
559,40.2,1073.971,-50079.44,2.15
560,43.68,1064.1586,-55487.8,1.28
561,46.24,1113.4806,-59969.52,1.38
562,43.8,1027.9617,-37665.3,0.7
563,39.68,1026.8319,-51075.88,1.14
564,52.08,1053.9504,-47642.44,2.29
565,58.12,1021.8757,-45381.79,1.29
566,45.88,1023.268,-45224.99,1.3
567,50.48,1046.4241,-47401.03,1.38
568,55.32,1046.2551,-51327.87,1.32
569,55.84,1052.574,-47553.07,2.1
570,53.96,1027.3918,-43649.29,1.22
571,49.52,1006.1293,-51029.53,1.36
572,46.6,1041.6228,-51477.68,1.27
573,48.76,1025.5273,-47138.33,1.19
574,43.2,1050.7228,-45982.4,2.28
575,53.44,1024.4546,-43441.21,1.25
576,48.16,1033.3311,-55233.15,1.21
577,44.36,1023.916,-45383.6,1.25
578,33.6,1045.1442,-39632.59,1.25
579,40.64,1000.5842,-42869.16,2.16
580,40.44,1024.2174,-47422.18,1.32
581,55.72,1019.6838,-51205.41,1.23
582,37.36,1058.813,-53923.56,1.31
583,50.16,1046.4954,-63213.73,1.01
584,59.36,1033.7307,-57580.38,1.46
585,33.6,1021.4306,-41410.82,1.26
586,59.52,1059.0426,-55887.68,1.18
587,40.4,1008.5551,-51177.36,1.29
588,57.08,1029.3499,-43474.77,1.34
589,57.32,1052.4524,-39903.61,2.21
590,42.08,1021.4049,-49122.28,1.2
591,39.04,1053.747,-47417.87,1.21
592,51.52,1026.6051,-43452.04,1.17
593,55.08,1008.9685,-53054.9,1.07
594,24.8,1008.2612,-47235.23,2.19
595,48.88,1166.8227,-52109.02,1.26
596,53.52,1037.0249,-45414.81,1.23
597,43.48,1015.1307,-53048.32,1.18
598,50.88,1016.2941,-51032.37,1.38
599,58.28,1006.555,-49206.01,1.01
600,36.24,1016.0578,-49484.17,1.27
601,50.76,1054.5566,-45901.49,1.25
602,41.28,988.696,-42806.31,1.18
603,35.24,1040.1729,-55771.96,1.3
604,45.64,1009.8319,-41180.12,1.46
605,45.0,1028.2915,-45536.06,2.12
606,52.28,1030.757,-45682.55,0.58
607,44.24,1056.007,-53711.97,1.28
608,48.24,1042.3441,-47493.16,1.35
609,46.64,1049.7446,-47359.9,1.3
610,50.76,1005.6886,-51133.17,2.3
611,56.28,1024.8682,-45457.43,1.27
612,51.6,1017.2937,-55346.94,1.26
613,45.6,989.7684,-51062.3,1.22
614,55.8,1113.7506,-51946.87,1.18
615,48.6,1019.1107,-40861.42,2.26
616,40.16,1031.022,-49578.79,1.43
617,39.16,1007.475,-56945.73,1.15
618,49.8,1012.8056,-49256.96,1.32
619,47.6,1070.7881,-57731.4,1.2
620,38.16,1042.4032,-45714.81,2.17
621,30.16,993.8029,-46991.49,1.25
622,46.04,1030.7466,-49372.63,1.2
623,53.48,1004.099,-47059.87,1.26
624,57.0,1012.31,-45077.21,1.4
625,51.44,1058.2852,-55796.69,1.97
626,48.4,1117.1134,-44989.28,1.28
627,45.56,1029.3721,-45270.44,1.29
628,41.08,1118.3416,-48788.81,0.52
629,45.12,1008.5696,-53055.61,1.36
630,62.88,1014.1578,-47091.48,2.15
631,42.48,1004.8922,-51266.64,1.14
632,52.04,1000.9929,-47090.81,1.29
633,56.76,1062.8062,-61135.95,1.13
634,55.92,1040.4334,-49139.3,1.33
635,46.36,1020.4404,-53415.43,2.16
636,40.0,1038.2976,-43568.44,1.02
637,56.6,1030.4254,-37460.2,1.32
638,45.72,1037.1594,-45551.33,1.29
639,29.04,1068.4767,-44388.9,1.28
640,45.16,1068.1454,-47876.33,1.4
641,50.12,1045.3531,-49670.13,1.18
642,53.52,1067.6206,-36478.38,1.24
643,55.56,1010.432,-39282.71,1.31
644,51.0,1039.5034,-49697.24,1.38
645,33.52,1021.0949,-51079.03,1.3
646,45.44,1006.782,-45055.11,2.17
647,49.48,1156.2183,-56190.81,1.19
648,50.08,1028.5814,-55254.56,1.2
649,58.32,1012.0224,-41260.38,1.21
650,34.64,1033.8517,-41334.25,1.26
651,63.88,1163.3755,-56400.88,1.19
652,43.4,999.3972,-47026.9,1.25
653,55.76,1042.7096,-49456.76,1.39
654,43.6,1032.349,-39409.22,1.22
655,49.8,1046.9914,-43965.32,1.27
656,52.72,1045.4668,-45616.63,2.12
657,38.32,1021.0616,-51346.67,1.13
658,48.64,1163.9704,-51115.97,1.24
659,50.96,1044.5815,-41728.47,1.42
660,43.84,1026.8423,-41563.26,1.3
661,46.04,1025.78,-51483.55,2.27
662,56.48,1007.1404,-47378.38,1.33
663,44.56,1026.4605,-54911.24,1.4
664,43.24,1050.2567,-55560.58,1.31
665,54.0,1014.1425,-51065.18,1.23
666,42.84,1027.2147,-39534.76,2.32
667,40.68,1073.5526,-53606.71,1.17
668,48.68,990.7718,-50927.99,1.22
669,54.08,1051.2927,-36197.31,1.29
670,44.92,1074.4978,-50177.35,1.27
671,49.32,1034.7236,-43505.79,2.22
672,46.92,1006.4643,-38947.59,0.55
673,51.88,1060.0584,-45986.77,1.31
674,41.32,1024.0406,-46902.57,1.33
675,36.4,1042.3064,-53420.8,1.16
676,48.44,1048.1606,-49452.19,2.08
677,36.8,1004.7816,-44957.75,1.3
678,56.2,1019.0683,-57253.56,1.32
679,34.64,1055.2008,-51533.16,1.43
680,44.84,1057.8076,-47905.34,1.24
681,58.56,1047.1344,-43934.58,2.32
682,47.8,1068.1679,-55747.93,1.26
683,48.24,1038.6503,-41176.27,1.24
684,56.12,1080.8171,-56308.16,1.28
685,57.44,1045.5739,-43839.17,1.33
686,55.64,1019.5168,-53205.71,1.3
687,47.8,1023.3392,-55192.49,2.16
688,56.88,1084.74,-57889.61,1.07
689,40.32,1040.5112,-57117.6,1.21
690,36.04,1021.0142,-58992.75,1.08
691,45.28,1012.3047,-53172.4,1.18
692,38.28,1012.4829,-51137.5,2.13
693,61.8,1004.6471,-46837.8,1.19
694,52.44,1035.4772,-59206.76,1.2
695,30.6,1052.8002,-59569.49,0.56
696,50.8,1024.6365,-45491.07,1.31
697,42.76,1022.5223,-49381.46,2.19
698,36.04,1069.6621,-49990.69,1.12
699,55.96,1016.9854,-41384.35,1.37
700,46.0,1024.2381,-48925.21,1.29
701,46.76,989.8233,-44856.07,1.36
702,45.12,1019.2336,-47180.29,2.32
703,31.08,1036.0729,-53524.72,1.35
704,45.92,1017.6004,-49179.29,1.23
705,43.84,1011.7542,-49328.9,1.23
706,59.2,1045.8734,-47528.0,1.32
707,53.96,1023.9761,-45430.99,2.12
708,43.04,1012.4892,-45303.97,1.38
709,49.92,1066.7818,-45539.35,1.29
710,52.8,1008.7019,-46894.45,1.33
711,50.92,993.6097,-46883.33,1.47
712,55.48,1014.0648,-47434.1,2.06
713,45.12,1060.209,-46029.48,1.2
714,30.72,1017.5165,-49113.42,1.31
715,48.36,1048.1792,-49647.9,1.34
716,46.08,1006.7907,-46866.99,1.3
717,42.88,1060.7975,-47393.27,1.57
718,48.52,1041.6784,-53490.7,1.17
719,46.44,993.6284,-46872.23,1.28
720,49.08,1029.5753,-59182.36,1.24
721,54.56,1009.086,-50915.43,1.25
722,53.76,1027.1266,-57181.87,2.08
723,55.76,1125.7168,-50129.79,1.18
724,52.0,1028.4484,-47296.87,1.17
725,43.56,1097.6488,-57796.98,1.25
726,52.04,1064.8489,-45589.72,1.05
727,50.12,1023.1931,-51314.09,1.15
728,55.56,1072.0346,-52370.69,1.28
729,49.4,1057.4164,-49249.09,1.54
730,44.72,1009.0055,-53156.49,1.41
731,52.24,1050.4488,-47089.53,1.29
732,47.08,1114.2233,-48345.83,1.19
733,51.4,1088.9624,-50334.98,2.21
734,60.48,995.6772,-64880.56,1.83
735,46.52,1075.8183,-53754.28,1.26
736,35.96,999.3527,-43015.7,1.31
737,55.04,1040.6362,-45366.9,1.34
738,41.12,1081.9562,-54433.89,1.53
739,63.32,1043.8435,-51332.67,1.18
740,42.8,1020.1661,-49314.26,1.35
741,45.56,1173.9735,-51399.28,1.2
742,51.16,1043.6984,-49591.39,1.32
743,35.2,1053.5091,-55390.87,1.97
744,43.36,1102.8358,-45905.2,1.18
745,53.04,1010.0476,-51137.41,1.2
746,48.2,1039.8188,-43528.01,1.28
747,49.72,1029.4358,-47680.86,1.19
748,46.88,1022.5587,-57222.06,2.24
749,49.4,1011.9673,-53051.51,1.22
750,39.2,1031.1446,-49343.22,1.38
751,53.4,992.5526,-54917.01,1.29
752,40.2,1013.8562,-41165.51,1.23
753,45.24,1039.2229,-49359.1,2.05
754,38.56,1013.9456,-45091.34,1.26
755,49.0,1039.5197,-49622.72,1.31
756,53.32,1063.0686,-55706.47,1.27
757,40.72,1038.061,-55521.76,1.33
758,40.12,1078.3041,-52594.34,2.14
759,57.96,1035.4857,-57618.24,1.13
760,52.64,1045.1892,-37893.83,1.23
761,50.4,1040.9517,-41610.68,0.7
762,49.16,1178.4175,-55045.86,1.28
763,45.16,1028.2936,-45437.66,2.15
764,43.28,997.5598,-47023.96,1.29
765,36.44,1053.0153,-45257.5,1.19
766,49.96,1085.7428,-48095.46,1.34
767,45.64,1056.1278,-50172.56,1.27
768,50.96,1055.5582,-40047.6,1.24
769,44.48,1048.6767,-43957.79,1.24
770,41.48,1038.6182,-41883.61,1.3
771,51.84,1033.4133,-51198.49,1.26
772,47.64,1039.4102,-43853.25,1.34
773,31.8,1015.3786,-57083.04,1.18
774,35.8,990.3318,-52965.77,2.05
775,38.64,1068.6551,-49501.54,1.32
776,36.76,1000.3216,-55084.48,1.26
777,32.72,1092.1484,-44581.55,1.44
778,54.2,1055.6391,-59411.15,1.04
779,37.12,1006.905,-49208.78,2.0
780,37.68,1049.5036,-51634.32,1.1
781,47.04,1026.2068,-41377.4,1.27
782,40.28,1088.1854,-56109.32,1.14
783,61.04,1030.2226,-45544.09,0.7
784,42.56,1018.971,-41545.13,2.39
785,45.08,1024.7764,-48986.76,1.29
786,48.36,1010.3339,-41040.55,1.23
787,58.44,1009.8234,-53141.68,1.28
788,37.96,1049.5662,-46035.39,1.24
789,55.32,1033.7155,-53060.88,2.09
790,33.12,999.432,-58984.06,1.17
791,50.36,1005.0702,-55179.52,1.24
792,44.04,1020.0594,-46971.75,1.38
793,47.64,1063.9564,-49782.84,1.42
794,43.52,1078.356,-51844.98,2.11
795,39.2,1088.8449,-45939.11,1.27
796,39.84,1020.4518,-43248.19,1.35
797,50.84,1095.4178,-50127.52,1.14
798,49.28,1015.9643,-49352.71,1.37
799,50.76,1019.0592,-41093.9,2.27
800,52.92,1028.4426,-45361.14,1.15
801,39.92,1021.8133,-45463.88,1.36
802,37.28,1041.3733,-53518.83,1.06
803,53.08,1026.3967,-51325.63,1.46
804,28.6,1034.1026,-49570.11,2.22
805,56.88,1044.2257,-59464.24,0.48
806,50.16,1020.7484,-45189.58,1.16
807,48.92,1014.3966,-45239.23,1.17
808,44.4,1035.5274,-45612.41,1.28
809,56.12,1011.8691,-47199.03,2.23
810,54.08,1001.6964,-51250.16,1.25
811,44.0,1051.8931,-37094.7,1.14
812,50.04,1026.5418,-33533.89,1.22
813,47.52,1023.3793,-43554.9,1.3
814,41.0,1038.6951,-43846.28,1.43
815,50.8,1013.4827,-42937.58,2.03
816,37.56,994.9073,-48915.57,1.21
817,43.4,1014.439,-51334.34,1.32
818,27.92,1014.5691,-47348.2,1.23
819,45.48,1005.6306,-51146.29,1.38
820,44.0,1042.7656,-47508.59,2.15
821,46.04,1091.3856,-44438.14,1.27
822,27.8,996.9704,-45129.5,1.29
823,54.48,1048.1571,-47321.87,1.15
824,51.76,1043.2634,-53461.81,1.28
825,50.0,987.03,-50971.47,2.15
826,47.92,1066.4144,-47578.24,1.21
827,37.16,1014.1632,-49029.23,0.59
828,45.68,1037.9981,-51476.69,1.35
829,43.08,1030.8448,-47214.02,1.39
830,43.32,988.6581,-50852.01,2.14
831,37.84,1026.3944,-39579.11,1.29
832,48.8,1073.6662,-54044.43,1.25
833,57.4,1014.3958,-57249.44,1.42
834,53.0,1079.8808,-61649.24,1.61
835,45.64,1028.5178,-50986.58,2.0
836,46.4,1021.8956,-55208.79,1.02
837,56.84,1024.2814,-45422.25,1.37
838,46.8,1063.725,-49863.59,1.32
839,39.12,1041.0816,-47729.29,1.19
840,51.6,1039.6241,-49893.96,2.26
841,48.84,1038.459,-59160.51,1.09
842,48.88,1027.064,-53614.39,1.22
843,53.52,1022.5317,-49485.85,1.2
844,46.24,1029.1149,-49375.21,1.14
845,60.28,1107.814,-48324.71,2.05
846,50.76,1020.1056,-45325.75,1.26
847,55.64,1050.9408,-48077.99,1.27
848,49.24,1056.8123,-49890.17,1.39
849,51.2,1054.5284,-47802.94,1.24
850,50.76,1029.4116,-41498.62,1.62
851,52.6,1048.1182,-47806.08,1.19
852,45.88,1049.0646,-53473.69,1.04
853,38.24,1035.1361,-55360.97,1.3
854,41.72,1013.184,-48975.72,1.26
855,49.88,1030.1017,-49267.35,1.24
856,53.4,1019.3748,-47240.96,1.15
857,46.0,1011.2119,-51267.21,1.38
858,45.76,1004.096,-43010.64,1.24
859,53.2,1034.563,-53157.1,1.28
860,49.24,1021.5183,-47435.78,1.43
861,44.36,1010.0242,-44994.9,2.07
862,44.52,996.0642,-55049.79,1.11
863,58.44,1078.7031,-50055.01,1.29
864,50.08,1044.3071,-39870.6,1.23
865,50.12,1022.2219,-31440.48,1.32
866,29.6,1016.6311,-57030.06,1.96
867,42.6,1032.9564,-45770.17,1.3
868,49.56,996.41,-43043.61,1.18
869,44.36,1082.2594,-48335.47,1.24
870,49.28,1047.477,-51772.29,1.31
871,53.48,1053.4532,-48110.3,1.5
872,60.88,1181.2476,-52781.37,1.21
873,51.56,1043.7306,-41480.04,1.31
874,47.28,1039.8264,-53271.38,1.16
875,49.96,1012.0016,-51291.48,1.14
876,55.56,1035.823,-51586.84,2.28
877,60.6,1073.9371,-50000.79,1.2
878,51.88,1089.9849,-53759.0,1.28
879,39.64,1025.0708,-49379.47,1.3
880,42.24,1002.3902,-55029.08,1.1
881,42.12,1018.055,-47279.63,2.12
882,43.04,1036.3491,-47828.17,1.2
883,45.84,1001.9856,-43133.02,1.27
884,61.52,1040.222,-45676.12,1.33
885,40.96,1109.6321,-48483.62,1.23
886,45.44,1046.6924,-37949.58,2.34
887,51.28,1028.7085,-53465.37,1.26
888,45.68,1004.0695,-42994.51,1.28
889,49.24,1018.7675,-49303.89,1.16
890,56.48,1015.929,-49016.93,1.16
891,56.04,1028.8572,-49245.41,2.13
892,51.12,1032.3103,-51708.21,1.25
893,43.04,1036.1488,-55671.37,1.34
894,47.44,1034.0024,-47628.17,0.43
895,38.16,998.3877,-47061.91,1.23
896,43.0,1012.5346,-49175.23,1.27
897,57.4,1064.6057,-49973.72,1.41
898,41.0,1030.1304,-37585.23,1.26
899,54.2,1034.4004,-51345.69,1.21
900,43.84,1006.3719,-49021.94,1.32
901,45.28,1029.824,-45552.3,1.65
902,52.24,1076.7038,-48034.5,2.28
903,44.76,1115.8616,-44212.23,1.16
904,49.08,1079.3032,-53649.12,1.25
905,50.04,1032.7592,-47649.53,1.17
906,50.92,1017.1443,-45506.22,1.2
907,57.08,1021.7746,-49174.88,2.13
908,53.2,1047.1166,-49779.06,1.51
909,54.56,1031.4483,-59513.75,1.35
910,58.92,1036.2572,-55413.39,1.28
911,45.24,1024.285,-47436.99,1.26
912,49.64,993.7444,-58969.58,1.89
913,35.56,1042.8485,-47869.57,1.24
914,51.04,990.3716,-52698.12,1.23
915,50.04,1057.0622,-45982.32,1.37
916,53.8,1014.2292,-47081.43,0.66
917,54.6,1053.5009,-53347.66,2.18
918,54.04,1096.5031,-48256.34,1.53
919,39.84,1019.2761,-53306.64,1.6
920,52.8,1049.2917,-44110.51,1.44
921,52.6,1071.2871,-47929.9,1.98
922,40.88,1022.9618,-47546.85,2.38
923,28.76,997.9745,-52886.19,1.33
924,34.68,1041.1488,-49784.38,1.3
925,51.2,1024.1368,-51097.78,1.28
926,45.2,1050.5426,-49532.41,1.68
927,54.36,1020.421,-51059.81,2.42
928,48.76,1011.7156,-41309.55,1.35
929,29.12,1010.9245,-57143.64,1.26
930,43.84,1053.2496,-51448.43,1.34
931,51.36,1024.1321,-47570.86,1.21
932,49.04,1013.2173,-47112.98,1.96
933,48.0,1026.5605,-43194.4,1.16
934,46.44,1029.4018,-65057.28,1.16
935,43.28,1039.2232,-43502.84,1.3
936,56.4,1044.2187,-49379.65,1.28
937,43.88,1039.6176,-41873.23,1.84
938,56.2,1078.0208,-46291.8,1.57
939,40.12,998.5952,-45027.83,1.63
940,39.6,1035.4214,-51282.14,1.85
941,39.4,1035.6941,-47855.47,1.86
942,38.56,1097.333,-51996.03,1.35
943,54.6,1048.3333,-44045.07,2.13
944,52.8,1053.964,-49783.15,1.18
945,52.72,1040.8338,-53436.36,1.2
946,46.96,1064.2228,-50215.08,1.34
947,54.32,1054.3339,-48006.61,1.37
948,42.56,1011.0241,-51106.8,2.14
949,36.24,1002.0637,-53256.43,1.15
950,47.36,1019.3317,-57103.53,1.14
951,47.48,1006.3054,-45068.55,1.21
952,53.0,1029.9692,-50970.0,1.22
953,60.56,1060.1525,-58061.6,2.19
954,59.32,1035.6782,-47699.89,1.66
955,50.68,1015.3038,-47254.68,1.48
956,52.0,1032.863,-51658.6,1.41
957,41.2,1018.2001,-61454.56,1.49
958,55.8,1025.143,-51322.39,1.91
959,43.04,1000.6399,-42844.15,1.14
960,47.36,1011.2002,-49027.62,1.23
961,39.56,1000.2533,-48989.58,1.3
962,50.92,1045.4739,-53833.79,1.17
963,50.0,1044.8901,-45844.72,2.16
964,51.8,1094.6423,-55973.43,1.13
965,44.6,1052.7577,-44036.03,1.18
966,49.72,1056.5382,-51774.49,1.16
967,62.24,1058.5612,-41875.68,1.35
968,60.0,1093.9632,-55885.03,2.8
969,50.28,1023.812,-45565.8,1.35
970,42.88,1034.9008,-43582.03,1.32
971,50.4,1062.4848,-44450.36,1.51
972,44.88,1032.1539,-55032.52,1.6
973,50.12,993.47,-42975.26,2.02
974,40.24,1024.1947,-47617.81,1.35
975,43.16,1045.7244,-53800.72,1.48
976,43.36,1025.2938,-45249.27,1.37
977,54.0,1017.3936,-47214.5,0.83
978,62.28,997.2456,-39014.85,2.07
979,51.32,1067.098,-50075.98,1.4
980,45.16,1050.789,-50136.97,1.29
981,43.04,1025.765,-47182.71,1.32
982,48.76,1058.6274,-49999.66,1.3
983,49.72,1036.2827,-45521.06,1.43
984,53.6,1060.6463,-49753.8,1.27
985,42.92,1049.7411,-43728.58,1.29
986,38.92,995.5005,-48913.99,1.2
987,53.8,1045.6207,-53392.79,1.15
988,53.96,1033.1848,-43494.89,1.37
989,43.96,1035.3886,-44955.2,2.04
990,56.96,1032.5673,-59084.4,1.14
991,46.96,1000.7444,-53070.63,1.4
992,36.12,1011.4363,-51048.85,1.25
993,57.76,1001.1774,-48965.5,1.4
994,41.56,992.0923,-45040.37,2.38
995,45.2,1016.0153,-45391.42,1.28
996,62.16,1024.2074,-45392.58,1.29
997,51.64,1091.2637,-54436.2,1.39
998,53.68,1065.5351,-45899.42,1.41
999,43.4,997.8522,-42789.59,1.58
1000,52.24,1008.0659,-53190.12,1.18
1001,49.68,1007.6964,-47336.75,1.25
1002,57.28,1051.5909,-51721.87,1.37
1003,49.44,1039.3164,-47439.95,1.18
1004,41.4,1022.5809,-41162.83,2.46
1005,59.44,1001.0901,-61075.85,1.54
1006,58.64,1077.6063,-48490.62,1.37
1007,49.2,1033.6379,-47420.21,1.27
1008,39.64,1018.2782,-43552.99,1.41
1009,54.88,1058.858,-45887.29,2.26
1010,53.08,1036.2181,-43418.7,1.25
1011,57.12,1022.2294,-47272.68,1.28
1012,47.12,1028.122,-51309.6,1.28
1013,58.0,999.5659,-47001.33,1.39
1014,50.64,1058.6066,-54024.91,2.14
1015,55.48,1046.1586,-51336.67,1.13
1016,47.8,1057.4947,-63378.15,1.44
1017,59.12,1023.7461,-49411.97,1.98
1018,36.4,1000.0194,-48832.94,1.36
1019,43.48,1029.5276,-55261.58,1.52
1020,58.8,1009.2334,-50912.15,1.24
1021,40.4,1033.0765,-49378.45,1.48
1022,38.56,1009.269,-47327.93,1.4
1023,48.48,1020.8336,-49312.83,1.35
1024,47.76,1068.7875,-51349.43,1.17
1025,48.16,1010.4648,-53144.53,1.19
1026,40.8,1058.8346,-49702.17,1.29
1027,48.0,1006.9548,-45118.32,1.25
1028,47.6,1037.9885,-47166.92,1.25
1029,35.6,1030.6832,-53203.94,1.45
1030,43.56,1026.8396,-47286.56,2.4
1031,53.4,1058.2102,-49902.14,1.18
1032,50.16,1017.5121,-53069.08,1.23
1033,54.04,1012.6223,-45182.07,1.44
1034,45.96,1031.2222,-47377.5,1.38
1035,44.92,1014.5084,-53258.79,2.38
1036,54.88,1013.4362,-53089.14,1.15
1037,45.24,1037.3925,-47311.79,1.33
1038,42.36,1019.7828,-51338.73,1.41
1039,54.04,1074.1294,-48447.48,1.53
1040,53.12,1055.6693,-55549.46,1.77
1041,58.16,1011.1231,-45068.05,1.36
1042,49.08,1090.531,-46432.74,1.33
1043,54.12,994.3486,-44885.94,1.41
1044,56.48,1040.2481,-37941.1,1.32
1045,55.04,1070.4027,-45901.6,1.98
1046,39.44,1000.617,-56958.14,1.08
1047,45.48,1055.9484,-46057.77,1.24
1048,43.52,1075.0805,-45847.88,1.32
1049,47.6,1017.0954,-47624.5,1.27
1050,47.84,1001.8726,-41128.32,2.17
1051,54.48,1019.0758,-45294.53,1.07
1052,55.72,1072.4592,-52085.73,1.21
1053,56.8,1016.2726,-45155.33,1.36
1054,50.12,1016.4051,-49309.57,1.58
1055,46.68,999.9596,-47010.38,2.16
1056,52.6,1080.8505,-51735.72,1.15
1057,38.52,1049.2029,-47936.77,1.42
1058,52.84,1039.9009,-53342.26,1.22
1059,41.88,1043.7709,-51518.94,1.59
1060,28.12,987.7995,-54995.52,2.42
1061,58.0,1038.1297,-51499.97,1.3
1062,31.52,999.3916,-46932.32,1.76
1063,50.52,1053.5552,-51580.33,1.27
1064,47.68,1027.1934,-45421.55,1.24
1065,52.36,1041.5909,-45729.32,2.06
1066,60.76,1017.0426,-51179.82,1.48
1067,50.64,1119.8716,-45431.95,1.41
1068,54.48,1024.0142,-51132.82,1.08
1069,52.0,1197.4131,-54971.64,1.22
1070,51.08,1030.152,-47507.22,1.15
1071,49.04,993.6512,-44889.49,2.48
1072,37.16,1027.2471,-41696.84,1.21
1073,44.28,1079.1507,-51805.2,1.37
1074,49.84,1026.2338,-55376.86,1.34
1075,45.96,1016.2088,-42985.38,1.39
1076,46.36,1121.1894,-54307.41,1.94
1077,44.08,1035.9093,-49553.54,1.39
1078,47.2,1047.5365,-49726.56,1.3
1079,54.2,1022.3708,-51505.91,1.32
1080,42.28,1058.8101,-47448.83,1.2
1081,47.32,1032.0588,-51340.22,2.21
1082,38.84,1035.7276,-61459.07,1.09
1083,34.88,997.2071,-51114.76,0.4
1084,42.2,1045.0986,-47664.59,1.34
1085,56.68,985.4663,-50906.61,1.38
1086,59.52,1021.562,-53345.58,2.53
1087,44.28,1019.9668,-37508.93,2.18
1088,38.68,1007.9274,-54863.35,1.71
1089,49.16,1031.2655,-47632.86,1.67
1090,53.88,1066.6832,-55511.13,1.42
1091,45.04,1013.5705,-47176.52,2.29
1092,55.4,1061.9337,-50299.27,1.27
1093,61.52,1036.1421,-51618.07,1.36
1094,50.24,1007.6649,-57191.68,1.63
1095,53.6,1019.4786,-37371.86,1.3
1096,54.48,1015.0913,-49233.64,2.38
1097,41.24,1036.2005,-51427.88,1.26
1098,51.48,1015.188,-55414.11,1.38
1099,44.4,1023.8725,-45416.09,1.27
1100,41.92,1049.3137,-59560.09,1.18
1101,42.4,1048.2022,-48072.44,2.51
1102,42.08,1020.9844,-49079.32,1.36
1103,63.12,1040.6014,-49592.92,0.62
1104,42.08,1023.6875,-51524.06,1.4
1105,42.04,1058.8577,-43867.92,1.27
1106,34.48,1009.4522,-45176.63,2.24
1107,52.04,1035.969,-47587.94,1.19
1108,44.08,1038.6744,-59231.21,1.47
1109,55.2,986.1176,-50879.05,1.37
1110,40.08,1040.0449,-45406.9,1.42
1111,36.12,1007.5146,-50922.78,1.64
1112,47.76,1032.6663,-49716.55,2.01
1113,34.92,1047.8946,-50414.53,1.67
1114,46.4,1010.538,-53028.33,1.4
1115,51.36,1045.406,-53263.31,1.74
1116,54.28,1037.5702,-55684.87,1.47
1117,43.52,1023.1545,-43463.87,2.68
1118,43.16,1025.7201,-49208.72,1.41
1119,49.28,1025.0796,-57316.23,1.09
1120,48.76,1034.8867,-51584.12,1.7
1121,54.36,1033.2318,-51299.5,1.42
1122,41.64,1017.8284,-47259.26,1.36
1123,49.24,1000.4255,-45002.94,1.42
1124,50.2,1072.3206,-51818.68,1.29
1125,42.08,1023.9283,-59340.77,1.35
1126,65.64,1015.3029,-49190.31,1.48
1127,45.24,1013.426,-59054.53,2.04
1128,52.24,1042.0838,-49286.82,1.46
1129,56.08,1031.4557,-51541.82,1.28
1130,48.28,1041.1965,-49854.31,1.57
1131,51.0,1083.505,-40623.97,1.24
1132,44.92,1030.91,-45759.81,2.17
1133,42.64,1016.551,-42996.33,1.37
1134,47.68,1030.1595,-51870.66,1.51
1135,57.64,1023.428,-47352.86,1.72
1136,46.96,1033.0756,-55135.38,1.36
1137,51.0,1037.782,-39873.9,2.13
1138,54.4,1000.9219,-41070.39,2.03
1139,43.84,1067.5934,-53860.99,1.19
1140,45.16,1038.5828,-43594.23,1.59
1141,43.44,1083.8008,-49858.01,1.26
1142,49.76,1053.5362,-39983.06,1.75
1143,47.64,994.5646,-42955.27,1.37
1144,47.6,1020.1252,-43225.27,1.97
1145,43.28,1041.5701,-49560.5,1.71
1146,43.4,1020.8258,-37393.74,1.39
1147,47.0,1017.3696,-53118.61,2.19
1148,47.08,999.9609,-52930.37,1.22
1149,47.6,1012.5903,-47193.85,1.13
1150,31.84,1000.8808,-53178.38,1.14
1151,61.6,981.3767,-58833.15,1.16
1152,50.2,1044.0201,-45627.74,1.22
1153,43.24,1023.5926,-43345.83,1.45
1154,48.44,1042.8278,-47302.32,1.55
1155,41.44,1008.5014,-45132.41,1.23
1156,54.8,1013.3384,-45389.02,1.86
1157,48.84,1036.2965,-51269.27,1.35
1158,35.44,1021.9354,-47279.75,2.39
1159,53.6,1034.0586,-53424.4,1.53
1160,46.24,1011.4124,-47149.16,1.4
1161,50.6,998.0688,-39006.24,1.38
1162,60.52,999.5331,-47156.81,1.21
1163,41.8,1003.2836,-53013.6,1.56
1164,51.48,1001.3475,-46969.64,1.9
1165,65.12,1098.4057,-52168.13,1.37
1166,41.0,1031.0289,-43053.95,1.29
1167,45.88,1021.7392,-55472.5,1.1
1168,47.08,1027.3325,-47401.18,2.33
1169,47.88,1012.663,-53085.75,1.6
1170,48.28,1100.1776,-50261.96,1.42
1171,62.16,1001.0626,-46810.99,1.3
1172,38.08,1061.4662,-49880.31,1.68
1173,42.2,1027.2454,-51230.4,2.28
1174,36.8,1032.6324,-48991.57,1.39
1175,50.24,998.6296,-47117.86,1.38
1176,42.64,1038.9063,-41910.9,1.33
1177,52.0,1014.7593,-45025.68,1.28
1178,48.44,1021.9076,-43366.77,2.02
1179,43.52,1047.4639,-51641.66,1.45
1180,40.0,1053.9408,-55231.97,1.29
1181,33.84,1019.918,-49351.2,1.29
1182,56.76,1020.5733,-56956.97,1.27
1183,37.44,1025.5514,-45292.53,1.92
1184,48.6,1103.1082,-57883.79,1.12
1185,64.16,1032.8354,-49666.04,1.26
1186,41.64,1017.8438,-39414.93,1.77
1187,51.44,1020.262,-45593.12,1.24
1188,48.8,1061.0544,-42176.27,2.2
1189,43.8,1020.5416,-55167.02,1.66
1190,55.32,1007.8436,-57309.69,1.42
1191,45.04,1034.051,-47383.83,1.52
1192,50.52,1001.3781,-44916.22,1.42
1193,47.76,1014.0012,-47279.1,2.24
1194,54.52,1029.6315,-49074.29,1.36
1195,43.24,1021.9685,-46932.23,1.54
1196,54.72,1024.4669,-49209.64,2.04
1197,49.44,1024.1381,-43376.45,1.56
1198,50.08,1026.2441,-43367.96,1.81
1199,54.08,1020.8768,-45136.75,2.42
1200,39.36,1030.4048,-49546.08,1.52
1201,48.84,1040.3809,-44007.22,1.25
1202,47.4,996.3514,-46995.91,0.74
1203,46.24,1065.7275,-49573.26,1.3
1204,56.88,1023.2868,-53049.78,2.06
1205,44.32,1062.3036,-51069.71,1.29
1206,55.6,1022.6679,-47272.05,1.45
1207,42.12,1010.6495,-43198.61,1.62
1208,57.4,1109.7738,-50052.71,1.37
1209,59.24,1067.0894,-49537.92,2.32
1210,37.4,1034.804,-53545.61,1.11
1211,40.24,995.5783,-50998.35,1.74
1212,43.72,1010.9129,-45071.87,1.42
1213,50.08,1079.6409,-51921.43,1.25
1214,53.36,1052.1751,-51822.35,2.1
1215,48.72,1020.499,-43359.14,1.94
1216,51.12,1004.3481,-50946.18,1.5
1217,47.36,1118.3143,-48126.38,1.42
1218,58.64,1100.8991,-59627.37,1.19
1219,46.04,1015.2648,-49520.7,2.14
1220,56.24,1034.0294,-49539.81,1.45
1221,53.4,1031.0433,-51350.71,1.34
1222,43.48,1051.6262,-51368.75,1.27
1223,35.28,1018.1016,-49154.67,0.61
1224,51.48,1029.3433,-35515.52,2.11
1225,51.16,1031.0403,-51094.41,1.28
1226,46.52,999.9473,-51177.64,1.28
1227,59.48,1022.9587,-53122.23,1.36
1228,53.32,1042.3763,-57122.89,1.6
1229,44.2,996.5813,-49043.8,2.52
1230,55.36,1092.3276,-46059.15,1.37
1231,49.4,1022.1843,-51435.69,1.35
1232,48.56,1000.7262,-55161.91,1.14
1233,55.32,1044.36,-53439.72,1.34
1234,51.16,1013.6497,-51070.97,2.41
1235,40.88,1040.9494,-49752.55,1.44
1236,42.92,1072.5159,-46145.16,1.24
1237,51.76,1021.0965,-51214.82,1.3
1238,46.96,1022.0261,-43197.97,1.38
1239,47.32,1085.7129,-57896.03,1.49
1240,39.88,1053.8692,-55596.53,1.26
1241,45.28,1093.8002,-53727.92,1.37
1242,50.0,1027.7847,-47443.72,1.33
1243,55.36,1032.0413,-49620.62,1.02
1244,58.2,1077.9223,-47770.39,1.2
1245,44.6,1039.2053,-53221.3,2.49
1246,51.16,1029.2765,-39236.09,1.48
1247,41.84,1015.045,-43461.99,1.28
1248,49.0,1056.0932,-49866.45,1.19
1249,46.84,1030.8294,-41330.55,1.48
1250,40.04,1021.5989,-39412.61,2.45
1251,52.04,1075.3691,-55871.17,1.37
1252,37.56,1018.6592,-51308.3,1.28
1253,54.28,1027.4764,-37684.57,1.18
1254,31.64,986.1343,-52856.94,1.28
1255,51.52,1028.3494,-47328.41,2.72
1256,47.96,1032.1808,-57188.97,2.17
1257,47.44,1036.7234,-43382.79,1.37
1258,49.8,1011.9792,-49262.63,1.15
1259,48.96,1006.1527,-41046.0,1.43
1260,55.32,1028.617,-49390.28,2.17
1261,49.76,1168.8269,-41887.87,1.22
1262,68.36,1026.063,-49347.93,1.25
1263,51.4,1012.2784,-51185.09,0.92
1264,57.32,980.1348,-46780.67,1.77
1265,55.36,1051.0105,-44094.87,2.72
1266,48.4,1003.9193,-45190.98,1.65
1267,57.52,1060.214,-44404.81,1.56
1268,57.04,1000.6043,-46990.16,1.46
1269,55.16,1051.2024,-55280.84,1.46
1270,54.84,1022.6192,-57223.56,2.24
1271,61.8,1019.0722,-47642.61,1.24
1272,52.36,1029.3758,-55111.07,1.46
1273,43.56,989.4487,-46805.35,1.36
1274,44.76,1034.6008,-41503.49,1.52
1275,38.4,1036.3788,-43690.94,2.24
1276,49.4,1068.3946,-48066.82,1.4
1277,47.84,1042.5417,-45333.51,1.33
1278,52.36,1054.263,-48203.95,1.28
1279,54.96,1030.2002,-51473.7,1.64
1280,35.4,1133.4862,-50835.04,1.27
1281,55.12,1048.4179,-39375.0,1.48
1282,38.6,1040.0669,-59238.65,0.76
1283,48.92,1030.3378,-47401.55,1.61
1284,54.0,1040.6532,-55290.86,1.63
1285,27.6,1007.0105,-41136.07,1.59
1286,47.56,1023.8244,-51729.77,2.54
1287,50.48,1040.2912,-55502.31,1.29
1288,46.96,1062.1415,-44235.41,1.43
1289,52.6,1036.8997,-49181.56,1.3
1290,45.04,1039.5396,-47623.26,1.56
1291,54.16,1056.4628,-53306.05,2.07
1292,58.88,999.3599,-53099.24,1.1
1293,45.56,1069.5252,-45927.52,1.31
1294,58.48,1029.7558,-47674.8,1.39
1295,58.8,1035.1694,-43544.75,1.41
1296,53.76,1024.2969,-45632.65,2.32
1297,66.72,1030.79,-57409.53,1.05
1298,55.28,1040.5506,-55535.89,1.23
1299,47.52,1009.61,-49050.04,1.2
1300,48.68,1009.1947,-39326.7,1.46
1301,43.2,1042.1682,-61219.19,2.21
1302,57.64,1007.1768,-45134.86,1.27
1303,43.2,1022.1032,-47028.59,0.73
1304,44.44,1047.4339,-43561.95,1.54
1305,44.64,1041.3548,-45476.43,1.51
1306,44.68,1017.144,-49363.94,2.5
1307,37.6,1046.0702,-43593.38,1.36
1308,59.56,1054.7899,-47840.77,1.23
1309,48.44,1042.1725,-53387.75,1.16
1310,39.36,1023.7136,-54889.84,1.41
1311,52.24,1031.6462,-47312.05,2.47
1312,39.36,1028.3575,-49660.72,1.23
1313,51.2,1053.8526,-50324.13,1.19
1314,49.12,1085.7316,-51806.78,2.06
1315,44.8,1051.6555,-53624.28,1.39
1316,48.16,1025.2719,-49707.16,2.11
1317,55.08,1076.7011,-46215.21,1.45
1318,49.96,1058.9144,-42386.48,1.75
1319,41.8,1022.6139,-47354.82,1.09
1320,53.2,1063.165,-49807.87,1.38
1321,53.44,1038.1766,-47555.7,2.34
1322,49.96,991.0547,-51075.1,1.26
1323,53.04,1044.6243,-41805.89,0.59
1324,64.36,1029.163,-43291.42,1.36
1325,53.24,1042.2576,-48087.38,1.29
1326,46.16,1007.231,-53009.79,1.15
1327,36.48,1023.5288,-57406.37,1.87
1328,38.32,1026.9023,-39589.38,1.32
1329,53.8,1005.266,-53153.1,1.4
1330,53.8,1069.1057,-49923.99,1.52
1331,46.56,1012.526,-41451.24,1.64
1332,56.92,1072.1571,-49760.16,3.09
1333,36.52,1035.0389,-51219.2,1.53
1334,48.84,1050.095,-49935.86,1.56
1335,43.64,1039.7239,-43827.83,1.41
1336,43.48,1007.1971,-49071.51,1.8
1337,43.16,1030.0748,-53212.95,2.39
1338,45.0,1018.4769,-43312.88,1.62
1339,40.88,1023.7604,-45189.85,1.22
1340,51.04,1013.9257,-47409.78,1.28
1341,33.88,1048.177,-51657.58,1.24
1342,45.32,1059.9766,-45866.19,2.64
1343,44.12,1005.6272,-47173.81,0.77
1344,54.84,1003.4968,-48991.62,1.3
1345,50.88,1030.3664,-45543.69,1.3
1346,51.28,1047.2357,-43881.62,1.45
1347,50.12,1040.0828,-51329.99,2.28
1348,39.96,1020.9548,-45266.5,1.69
1349,47.16,1033.0197,-47406.85,1.34
1350,46.84,1073.8733,-57856.35,1.3
1351,52.96,1035.8601,-47468.86,1.67
1352,38.88,1001.1904,-45138.02,2.22
1353,56.12,1037.6206,-43186.2,1.69
1354,44.16,1028.8946,-55250.52,1.81
1355,34.16,1003.6632,-50892.16,1.3
1356,50.48,1063.9958,-49990.54,1.41
1357,46.8,1089.3391,-48254.97,2.99
1358,54.48,1014.7714,-49479.58,1.21
1359,49.6,1067.9213,-48324.7,1.28
1360,55.28,1004.6625,-54853.83,1.37
1361,53.24,1004.544,-45202.72,1.61
1362,46.2,1042.101,-45454.27,1.82
1363,47.68,1068.0973,-44306.61,1.4
1364,48.72,1060.5875,-45550.64,1.44
1365,50.32,1066.2456,-51227.95,1.42
1366,51.28,1017.9614,-57187.02,1.42
1367,50.6,1022.3453,-51209.42,1.3
1368,51.44,1017.2746,-45408.53,1.41
1369,47.92,1013.0523,-51171.13,1.39
1370,53.52,1009.4747,-54972.29,1.29
1371,51.96,1099.3593,-53949.72,1.18
1372,55.64,1050.5165,-42077.87,1.93
1373,50.04,1023.3064,-55175.62,2.34
1374,38.68,1021.6038,-51394.83,1.57
1375,55.12,1016.2946,-48902.9,1.57
1376,58.4,1035.5827,-57639.9,1.27
1377,48.2,1029.9095,-45734.18,1.44
1378,33.84,1069.4174,-54089.77,2.46
1379,53.12,1024.8621,-47687.74,1.41
1380,45.4,1050.8637,-41773.15,1.74
1381,43.44,1019.0382,-39278.84,1.7
1382,55.92,1049.7227,-51400.36,0.74
1383,55.44,1054.7892,-47443.21,2.39
1384,45.88,1007.7835,-55125.86,1.13
1385,59.52,1042.7294,-51240.41,1.44
1386,53.88,1001.1074,-45072.79,1.31
1387,48.92,1006.0132,-50919.67,1.12
1388,43.76,1040.4118,-55439.28,2.03
1389,29.72,1059.7286,-49755.99,1.19
1390,52.08,1026.3144,-52929.63,1.55
1391,57.64,1055.6129,-49722.12,1.39
1392,46.4,1005.1527,-45188.23,1.46
1393,44.88,1069.1209,-41614.91,2.32
1394,48.72,1041.0962,-39643.99,1.56
1395,49.12,1009.8428,-47394.01,1.3
1396,45.52,1032.8429,-53308.52,1.23
1397,43.72,1029.8784,-49326.79,1.31
1398,37.2,1028.9944,-49708.89,2.25
1399,48.6,1031.3827,-41623.61,1.37
1400,50.56,1031.9054,-58948.42,1.14
1401,61.16,1099.8162,-55491.63,1.2
1402,50.4,1086.5272,-56057.01,1.2
1403,53.48,1044.3244,-53752.09,1.57
1404,47.32,1039.5294,-47684.95,1.21
1405,48.64,1051.6032,-45910.64,1.15
1406,54.84,1035.8572,-53552.84,1.15
1407,54.84,1003.9488,-53009.3,1.18
1408,53.12,1047.9194,-49393.6,1.11
1409,49.92,1026.5525,-43272.26,1.33
1410,54.56,1013.7488,-43101.33,1.14
1411,48.56,1021.0016,-43386.91,1.13
1412,56.96,1011.7152,-50944.65,1.2
1413,44.4,985.7319,-50833.23,1.19
1414,37.36,994.9542,-44921.08,2.17
1415,47.8,1034.3127,-55458.57,1.14
1416,58.6,1039.2792,-53481.11,1.17
1417,48.4,1043.4237,-57306.07,1.16
1418,45.76,1037.0058,-55285.42,1.19
1419,44.48,1012.5702,-55073.9,2.21
1420,57.72,1040.8036,-43755.66,1.46
1421,50.04,1020.8363,-47130.74,1.36
1422,47.76,1036.3474,-47418.69,1.28
1423,51.68,1046.4488,-45773.32,1.28
1424,51.04,1181.7362,-47697.11,2.2
1425,52.08,1042.6167,-47655.91,0.49
1426,51.84,1044.2626,-49751.72,1.2
1427,46.32,1038.7443,-49383.39,1.25
1428,47.08,1026.1836,-53255.96,1.26
1429,37.6,1012.702,-41285.1,2.16
1430,54.2,1009.0627,-52963.62,1.17
1431,37.24,1008.3246,-56971.95,1.13
1432,40.96,1013.4248,-39265.21,1.3
1433,45.24,1116.688,-50705.83,1.26
1434,37.16,1033.9842,-47503.18,2.11
1435,46.64,1020.1358,-45185.25,1.17
1436,58.6,1042.216,-45918.15,1.29
1437,60.0,1019.5136,-53236.65,1.11
1438,41.48,1041.7107,-51383.27,1.34
1439,41.04,1030.5464,-55733.41,2.04
1440,63.2,1023.2446,-45211.74,1.16
1441,45.08,1041.2396,-51430.35,1.18
1442,54.48,1047.601,-47616.39,1.17
1443,52.84,1023.0212,-47139.19,1.34
1444,44.2,1033.3154,-51631.01,2.33
1445,53.32,1081.0898,-55876.68,1.25
1446,49.76,1031.2416,-45580.42,1.24
1447,36.96,997.7802,-48942.65,1.2
1448,38.16,1120.5794,-58263.88,0.51
1449,47.0,1017.7612,-55317.55,1.86
1450,47.72,1013.164,-37414.81,1.42
1451,56.12,1024.8438,-43048.97,1.19
1452,39.92,1025.886,-47382.25,1.28
1453,41.36,1025.3364,-47739.91,1.19
1454,63.0,1038.8263,-55375.93,1.26
1455,55.92,1074.2486,-53661.92,2.0
1456,46.28,1062.6129,-43758.74,1.14
1457,44.64,1039.5197,-49417.86,1.45
1458,56.76,1018.8854,-53325.48,1.58
1459,50.04,1047.9851,-42014.83,1.74
1460,53.08,1030.6359,-51165.56,2.2
1461,34.16,1050.9598,-49975.88,1.67
1462,34.4,1034.9656,-55437.73,1.7
1463,45.08,1041.3016,-47281.27,1.6
1464,57.12,1069.8868,-49985.74,1.33
1465,49.48,1033.5309,-45384.21,2.18
1466,50.16,1002.1056,-49157.87,1.4
1467,60.52,1005.1988,-49029.34,1.64
1468,56.4,1030.1104,-45290.21,1.45
1469,49.08,1046.274,-47942.36,0.95
1470,48.76,1010.1835,-50986.32,2.38
1471,41.32,1078.598,-49525.46,1.53
1472,41.24,1055.2328,-53674.32,1.28
1473,34.64,1046.1744,-49352.91,1.66
1474,50.6,1015.1726,-53063.38,1.71
1475,53.64,1009.8035,-43355.2,3.09
1476,43.8,1027.9058,-45558.32,2.17
1477,52.64,1011.6081,-53014.08,3.37
1478,46.92,1036.2728,-41275.96,2.64
1479,63.88,1057.3608,-39729.54,3.15
1480,50.68,1016.3679,-55309.53,2.98
1481,51.4,1073.0735,-50272.57,2.83
1482,45.88,1068.2561,-52133.21,1.65
1483,33.4,1010.9754,-49306.58,2.45
1484,47.48,1052.7413,-51262.96,2.43
1485,50.72,1050.4078,-51513.94,4.26
1486,52.28,1051.3123,-51808.8,2.62
1487,57.76,1041.2692,-51145.63,1.86
1488,47.72,1041.0411,-41727.08,2.36
1489,46.88,994.5206,-45092.28,2.9
1490,50.36,998.5351,-40902.81,2.45
1491,46.28,1000.108,-48855.44,1.23
1492,40.0,1015.2499,-53172.04,1.36
1493,53.16,1042.0985,-51877.76,1.62
1494,40.16,1007.0086,-51123.29,1.35
1495,39.2,1036.4276,-45535.1,1.41
1496,55.04,1068.852,-38209.41,1.37
1497,45.4,1054.9612,-45997.21,1.22
1498,41.72,1019.3351,-49141.3,1.36
1499,54.64,1039.6129,-45708.14,1.56
1500,46.44,987.9083,-42827.47,1.6
1501,54.04,1053.9262,-44252.76,2.31
1502,51.56,1035.958,-45753.85,1.41
1503,51.0,1016.4748,-41341.87,1.26
1504,42.04,1002.513,-55100.13,1.35
1505,43.96,1025.813,-53370.95,1.28
1506,57.64,1003.0895,-49024.63,2.46
1507,51.56,1083.799,-47640.75,1.88
1508,55.0,1063.0286,-46172.65,1.61
1509,61.64,1095.9255,-48478.91,1.31
1510,52.24,1053.3191,-47740.16,1.19
1511,51.8,1034.448,-51460.17,2.13
1512,51.36,1040.8723,-49378.99,1.99
1513,40.36,1053.4688,-46016.37,1.26
1514,42.72,1035.7238,-49174.78,1.29
1515,36.68,992.8004,-51112.79,1.07
1516,44.68,1065.3002,-49794.74,2.17
1517,48.4,1045.7907,-47395.1,1.71
1518,48.04,1068.2184,-47292.79,1.35
1519,46.52,1034.9144,-47478.33,1.49
1520,46.4,1044.6358,-51399.14,1.33
1521,39.4,1009.7074,-44953.02,2.14
1522,52.0,1029.2474,-45346.27,1.21
1523,50.08,1024.2754,-51559.22,1.22
1524,45.72,1010.3038,-45100.38,1.17
1525,57.24,1038.4583,-51424.93,1.03
1526,55.96,1048.6107,-43781.15,1.96
1527,56.6,1040.8328,-41312.89,1.4
1528,47.16,1006.4141,-50894.75,1.14
1529,50.28,1085.119,-51958.88,1.19
1530,41.52,1043.4627,-43687.5,1.17
1531,68.48,1056.2033,-51734.09,2.07
1532,53.52,1044.2965,-41659.68,1.15
1533,54.2,1025.4195,-47414.56,1.24
1534,46.08,989.5542,-40826.16,1.09
1535,49.4,1109.4509,-44500.13,1.31
1536,51.52,1041.7048,-39863.08,1.07
1537,53.28,1028.692,-53366.99,1.24
1538,45.52,1023.2616,-47538.39,1.2
1539,47.0,1018.5569,-47299.5,0.61
1540,43.88,1034.6576,-43583.63,1.22
1541,51.32,1049.5855,-49849.64,1.56
1542,45.6,1028.8143,-53307.84,1.99
1543,47.92,1013.1916,-47274.49,1.24
1544,52.24,1073.2933,-52006.47,1.2
1545,41.04,1006.2788,-39141.98,1.28
1546,53.36,1064.1441,-55727.77,1.17
1547,44.32,1042.5225,-53358.01,2.29
1548,42.84,1002.1792,-56884.97,1.02
1549,45.68,1046.1603,-49643.25,1.22
1550,55.12,1038.0668,-47639.72,1.19
1551,45.96,1082.1302,-53992.22,1.03
1552,44.84,1017.3884,-56984.17,2.24
1553,36.76,1115.7306,-48569.56,1.17
1554,45.76,1011.6393,-55083.58,1.32
1555,42.08,1072.573,-48364.41,1.29
1556,40.84,1017.8468,-47206.44,1.24
1557,39.64,1028.7997,-51532.24,1.98
1558,53.36,1062.9014,-46194.81,1.18
1559,46.64,1041.984,-51611.9,1.21
1560,44.44,1018.2547,-50993.63,1.17
1561,47.56,1022.23,-51349.39,1.07
1562,47.76,1036.683,-47572.44,1.3
1563,48.24,1021.1419,-49560.03,1.29
1564,47.4,1024.1831,-51151.14,1.24
1565,40.16,997.5309,-40894.44,1.14
1566,57.72,1050.7563,-57747.75,1.15
1567,54.52,1041.1181,-43530.1,2.08
1568,45.8,1024.6414,-53066.12,1.18
1569,47.72,1004.5475,-45204.75,1.29
1570,45.08,1036.5896,-37749.95,1.22
1571,50.44,1072.9735,-51807.7,1.32
1572,55.84,1068.8149,-51936.72,2.11
1573,51.04,1000.802,-47106.44,1.13
1574,55.4,1006.0477,-55399.4,1.02
1575,44.2,1034.4958,-49577.98,1.3
1576,48.96,1030.3505,-43474.94,1.26
1577,55.44,1044.2422,-47587.18,2.07
1578,57.88,1028.5235,-47167.57,1.23
1579,44.44,1002.4741,-41222.71,1.23
1580,47.4,1001.7837,-50964.36,1.2
1581,57.16,1009.9056,-47075.47,1.27
1582,48.08,1069.1984,-55993.59,1.3
1583,48.8,1023.8307,-51142.38,2.05
1584,57.24,1048.9784,-49899.44,1.23
1585,37.24,1017.5342,-45184.25,0.61
1586,42.8,1047.8677,-45610.24,1.16
1587,53.6,1018.1365,-45407.69,1.26
1588,46.68,1018.8586,-39429.59,2.9
1589,51.2,1043.9933,-36111.81,2.06
1590,47.84,1042.8478,-49518.52,1.64
1591,50.44,1053.3298,-57890.32,1.39
1592,38.48,1015.7497,-38924.19,1.74
1593,54.52,1032.5138,-55587.32,2.29
1594,50.88,1028.7394,-51118.85,1.46
1595,49.6,1039.9119,-43960.25,1.24
1596,51.16,1037.3158,-41767.72,1.34
1597,54.12,1063.4693,-46046.63,1.35
1598,51.2,1053.8783,-47807.93,2.53
1599,49.64,1018.3168,-57195.68,1.48
1600,51.8,1035.3119,-53385.77,1.31
1601,40.08,1039.0474,-49423.39,1.34
1602,55.16,1060.9896,-47887.5,1.47
1603,45.2,1046.0853,-57551.43,2.27
1604,43.76,1043.478,-40031.06,0.55
1605,46.76,1028.553,-45334.19,1.32
1606,54.92,1019.6929,-39289.97,1.21
1607,48.8,1042.3118,-47547.52,1.4
1608,45.12,1029.3732,-47470.83,2.32
1609,43.2,1034.5567,-57124.55,1.11
1610,48.8,1011.3698,-43373.27,1.36
1611,41.72,1027.0348,-55046.98,1.36
1612,29.24,1021.5456,-55296.05,1.04
1613,34.8,1028.1229,-53066.21,2.58
1614,58.68,1015.0998,-52998.19,1.31
1615,53.24,1011.9692,-43173.12,1.8
1616,44.76,1059.4278,-47886.14,1.38
1617,45.32,1072.4927,-48163.08,1.35
1618,47.88,1001.8412,-40899.61,2.68
1619,47.68,1003.012,-49320.43,1.23
1620,54.48,1060.7253,-51373.31,1.57
1621,38.44,1053.1365,-46223.05,1.52
1622,49.72,1071.2161,-49680.82,1.28
1623,51.68,1013.0317,-41373.67,1.59
1624,46.68,1054.0052,-41808.33,0.68
1625,53.88,1042.1215,-51601.16,1.62
1626,50.8,1014.1791,-43034.69,1.36
1627,40.88,1015.0492,-49251.91,1.54
1628,52.12,1024.7052,-55558.43,1.54
1629,43.88,1068.6596,-52182.86,2.58
1630,46.16,1029.1202,-47450.24,1.42
1631,49.36,1023.1639,-45275.25,1.54
1632,46.48,1034.5234,-49838.56,1.58
1633,42.04,1056.4527,-43941.49,1.6
1634,44.04,1038.5172,-53732.05,3.48
1635,57.84,1040.385,-49361.22,1.94
1636,48.68,1006.6053,-44858.57,2.03
1637,47.92,985.0717,-48820.28,1.98
1638,42.52,1030.001,-49328.28,1.44
1639,60.12,1040.5294,-47265.78,2.53
1640,43.0,1017.4251,-41410.1,1.41
1641,49.04,1027.4378,-51294.0,1.27
1642,60.04,1052.0626,-53440.56,0.62
1643,55.04,1026.4629,-55387.43,1.28
1644,41.48,1046.7212,-39911.38,2.45
1645,49.48,1093.7623,-52124.73,1.34
1646,53.08,1022.4945,-47201.07,1.57
1647,48.24,1017.3219,-47261.48,1.38
1648,55.08,1042.7052,-53677.55,1.48
1649,36.52,1065.3014,-50993.4,2.36
1650,54.88,1031.1207,-53363.62,1.17
1651,59.72,1063.5202,-55641.81,1.09
1652,51.56,1037.7714,-43548.92,1.25
1653,46.32,1028.7492,-49346.18,1.2
1654,42.04,1067.6444,-57437.25,2.07
1655,52.2,1003.982,-50881.45,1.54
1656,53.12,1049.4762,-43671.31,1.39
1657,47.12,1086.0939,-55415.34,1.57
1658,39.44,1025.0846,-49208.26,1.42
1659,47.76,995.4395,-50916.33,2.17
1660,43.04,1059.7029,-48054.1,1.32
1661,59.04,1048.4337,-45664.31,1.21
1662,50.36,1058.1034,-47638.01,1.5
1663,53.2,1072.0633,-48077.09,1.32
1664,49.6,1017.6187,-47468.72,1.47
1665,43.48,1030.6792,-47405.29,1.49
1666,44.8,1029.1796,-51792.74,1.33
1667,38.64,1012.9719,-54961.56,1.24
1668,47.68,1084.0354,-52045.23,1.32
1669,67.88,1071.5895,-50354.11,1.31
1670,33.4,1187.6152,-56888.27,2.3
1671,38.08,997.4306,-52877.37,1.26
1672,43.72,999.6059,-42956.9,1.34
1673,49.28,1052.4092,-44167.31,1.51
1674,43.16,1054.4361,-51621.8,1.45
1675,54.08,1070.714,-44197.53,2.5
1676,36.88,1019.0184,-45146.02,1.26
1677,45.76,1011.6122,-51226.64,1.37
1678,53.16,1014.9102,-53216.4,1.33
1679,37.24,1043.0658,-55414.04,1.55
1680,43.2,1034.9177,-47428.67,2.94
1681,48.08,1018.9722,-46965.48,1.78
1682,45.44,1043.4012,-51641.27,0.79
1683,44.44,1006.2251,-51156.02,1.4
1684,48.6,984.2833,-58892.13,1.31
1685,53.92,1021.1302,-47292.81,2.84
1686,43.72,1036.4463,-43641.21,1.5
1687,54.04,1018.7598,-49300.78,2.75
1688,50.6,1009.2469,-47004.11,1.64
1689,42.08,999.7395,-44837.95,1.41
1690,46.36,1032.3704,-47574.25,2.25
1691,42.64,997.7027,-57207.84,1.15
1692,36.48,1001.96,-49144.74,1.37
1693,52.96,1026.8696,-47346.12,1.4
1694,40.32,1054.7338,-49905.48,1.26
1695,60.16,1041.9112,-39956.53,2.42
1696,44.2,1030.9457,-55233.74,1.52
1697,52.68,1016.9685,-41472.28,1.56
1698,62.0,1015.77,-59227.04,1.28
1699,54.96,985.6317,-48778.86,1.3
1700,39.44,1003.4148,-50790.06,2.47
1701,43.8,1025.9294,-49400.26,0.53
1702,48.64,985.2486,-38886.29,1.54
1703,49.88,1058.4243,-46124.33,1.37
1704,55.6,1029.6623,-47527.83,1.35
1705,47.16,1041.0605,-55686.58,2.44
1706,45.68,1014.9167,-41133.23,1.49
1707,50.52,1057.1593,-51571.99,1.24
1708,47.92,1061.8735,-48444.01,1.25
1709,53.0,1008.3172,-39072.51,1.37
1710,52.44,1038.2576,-51419.45,1.31
1711,45.56,1011.7582,-51232.79,2.36
1712,49.04,1041.5162,-43603.26,1.35
1713,45.72,1110.8825,-51691.08,1.29
1714,42.84,1002.4098,-53145.41,1.41
1715,42.2,1015.2958,-47055.01,1.47
1716,33.96,1034.4258,-53751.66,2.37
1717,43.24,1104.5676,-46979.67,1.44
1718,29.52,1063.7379,-55477.41,1.23
1719,41.68,992.1938,-55004.18,1.46
1720,57.04,1006.5236,-47096.68,1.27
1721,36.16,1011.7035,-42949.7,1.8
1722,44.8,1038.3889,-53277.15,1.13
1723,51.8,1027.2272,-45707.92,1.42
1724,51.76,1014.3887,-59032.06,1.39
1725,46.32,1024.227,-49004.73,1.56
1726,64.8,1083.3406,-52413.96,2.32
1727,47.6,1020.4373,-51009.88,1.28
1728,58.2,1038.63,-53733.18,1.45
1729,55.68,1039.9849,-55176.17,1.35
1730,57.2,994.2844,-56977.21,1.32
1731,57.72,1021.5786,-49068.58,2.26
1732,46.32,1049.3677,-49598.41,1.31
1733,33.4,1007.8747,-53081.33,1.33
1734,50.16,1035.3385,-39448.51,1.42
1735,38.12,999.6666,-44994.32,1.34
1736,49.88,1039.0276,-49530.78,2.4
1737,45.16,1049.2978,-51703.42,1.31
1738,49.32,1044.3586,-39716.39,1.37
1739,50.76,1069.0495,-52161.08,1.27
1740,37.36,1038.8357,-53078.51,1.36
1741,55.72,1041.2776,-53286.11,2.39
1742,36.04,1007.7214,-49168.4,0.57
1743,45.64,1037.0867,-49400.75,1.33
1744,56.88,1011.1453,-47211.51,1.38
1745,41.28,999.4611,-43085.94,1.4
1746,65.64,1045.8481,-51425.15,2.19
1747,47.4,1008.9732,-49202.94,1.1
1748,44.88,1014.4508,-58973.06,1.49
1749,53.68,1034.0219,-49262.96,1.49
1750,61.96,1062.9274,-50222.47,1.22
1751,50.92,1029.352,-53174.67,1.36
1752,40.04,1027.292,-53128.54,1.33
1753,45.48,1027.2965,-49415.92,1.18
1754,44.2,1047.2934,-50048.54,1.39
1755,57.04,1040.28,-45716.39,1.45
1756,46.08,1032.5148,-45518.9,1.43
1757,49.4,1048.1698,-45747.45,2.14
1758,58.88,1065.1298,-43966.03,1.42
1759,37.68,1039.9484,-49719.91,1.4
1760,38.68,1026.1454,-48903.69,1.48
1761,38.0,1060.2433,-45473.4,1.53
1762,52.48,1031.7732,-51334.96,1.51
1763,44.8,1030.2227,-49444.22,1.37
1764,52.16,1040.585,-47764.17,1.41
1765,44.04,1028.1061,-47079.16,1.67
1766,48.48,1034.7584,-47442.68,1.54
1767,43.0,1021.272,-47553.95,2.44
1768,44.84,1082.4939,-49652.61,1.35
1769,49.56,1041.8011,-49708.72,1.3
1770,44.8,1011.2688,-51079.19,1.56
1771,48.84,1038.3101,-47604.05,1.45
1772,32.2,1064.6074,-55729.57,2.18
1773,42.24,1047.011,-45639.73,1.32
1774,42.24,1025.4686,-45526.08,1.4
1775,56.4,1021.2491,-51169.24,1.5
1776,42.16,1034.4766,-57125.16,1.48
1777,47.32,984.7809,-52831.66,2.36
1778,48.0,1094.2416,-50298.92,1.39
1779,50.16,984.5096,-62913.0,1.26
1780,54.88,1066.9124,-51444.37,1.47
1781,49.04,1063.9765,-45829.55,1.44
1782,52.6,1035.6139,-49301.56,1.68
1783,48.88,1026.3177,-51150.02,1.24
1784,49.72,1039.758,-49735.99,1.44
1785,54.44,1020.562,-55149.6,1.27
1786,42.84,986.0192,-48939.99,1.35
1787,45.2,1079.9964,-40885.82,2.42
1788,43.64,1004.9453,-49075.92,1.27
1789,52.36,1017.7859,-56906.82,1.2
1790,56.68,1065.8229,-46326.01,1.44
1791,53.8,1045.197,-51393.04,1.47
1792,60.56,1021.4734,-49458.95,1.32
1793,51.32,1119.8132,-59862.15,1.22
1794,57.64,1034.0804,-52891.68,1.17
1795,41.08,1033.6778,-45408.15,1.29
1796,57.72,1033.2713,-43485.45,1.3
1797,51.8,1017.2533,-41395.13,1.51
1798,47.04,1034.6897,-49625.65,2.3
1799,52.24,1077.0695,-47494.16,1.51
1800,43.04,1026.1279,-43646.07,1.33
1801,40.76,1008.9383,-49347.32,1.31
1802,43.08,1074.9127,-43978.15,1.4
1803,42.28,1056.9015,-51396.35,2.12
1804,43.84,1053.2878,-34066.75,1.43
1805,50.0,995.1651,-46782.8,1.47
1806,58.84,1016.1013,-45392.94,1.35
1807,38.12,1048.3824,-45839.08,1.41
1808,46.4,989.9168,-48889.1,2.19
1809,52.04,1072.8203,-48362.26,1.42
1810,48.56,1048.0428,-47301.79,1.39
1811,60.52,1045.6251,-51452.24,1.27
1812,48.72,1010.1169,-45337.57,1.27
1813,47.52,1054.5948,-39816.28,1.45
1814,47.68,1065.7399,-55394.41,1.28
1815,58.04,1025.6067,-45233.49,1.46
1816,44.64,1026.2764,-41359.15,1.43
1817,47.0,997.5859,-39085.61,1.52
1818,45.92,1042.2767,-48061.77,2.44
1819,51.76,1010.8226,-55124.38,1.21
1820,40.6,1108.7921,-50560.26,1.35
1821,30.84,994.2835,-53183.3,1.23
1822,48.2,1027.9231,-51448.66,1.43
1823,44.0,1022.2281,-49481.12,2.36
1824,42.4,1022.5402,-39023.59,1.34
1825,47.64,1046.2655,-44189.77,1.38
1826,49.4,1085.7028,-57499.17,1.22
1827,53.2,1016.2831,-39116.97,1.45
1828,51.52,1054.2867,-43893.2,2.39
1829,39.4,1018.6146,-43321.93,1.34
1830,44.0,1029.826,-53243.08,1.26
1831,47.04,1003.7325,-43226.46,1.43
1832,53.04,995.0114,-51033.69,1.41
1833,50.48,1000.1923,-51022.95,1.59
1834,47.52,1053.9577,-55485.17,1.19
1835,54.48,1052.52,-51722.68,1.16
1836,51.76,1036.0086,-53048.83,1.44
1837,45.56,1040.8008,-49309.36,1.41
1838,51.0,1009.699,-49088.81,1.46
1839,33.36,1029.6917,-51023.24,2.41
1840,45.84,992.4972,-52989.63,1.2
1841,53.6,1084.7706,-49584.48,1.32
1842,43.76,1048.2419,-49561.18,1.4
1843,37.56,1038.713,-45900.55,1.22
1844,43.4,1012.4111,-47242.37,2.19
1845,48.56,1093.1074,-44473.99,1.32
1846,50.04,1010.2817,-49205.34,1.37
1847,51.8,1022.8849,-43512.88,1.32
1848,64.96,1023.0172,-43280.79,1.43
1849,50.6,1036.3976,-49432.34,2.38
1850,46.2,1022.7234,-51327.21,1.24
1851,41.16,1025.3838,-45687.03,1.27
1852,40.96,1000.033,-55008.05,1.36
1853,49.36,1037.89,-51282.24,1.34
1854,48.0,996.2795,-47047.81,1.71
1855,44.92,1062.2458,-57430.7,1.19
1856,51.64,1020.7295,-55504.07,1.34
1857,46.36,1030.1903,-41733.9,1.49
1858,51.52,1069.1937,-47701.16,1.56
1859,43.48,1043.8158,-45618.65,2.53
1860,56.48,1048.3324,-47538.06,1.33
1861,37.48,1009.4798,-47369.22,1.27
1862,37.48,995.187,-46955.58,1.6
1863,39.32,1036.6854,-43511.21,1.38
1864,52.84,1050.3892,-45563.54,2.17
1865,49.68,1030.2346,-45287.4,1.36
1866,50.48,1041.2133,-49587.33,1.17
1867,46.08,1021.9739,-47427.85,1.35
1868,55.96,1048.3012,-53492.13,1.3
1869,48.16,1025.3927,-49110.91,2.25
1870,42.96,1039.3594,-39959.84,1.32
1871,33.52,1045.5937,-49681.97,1.36
1872,44.6,1018.2908,-55299.9,1.23
1873,44.48,998.2252,-59016.08,1.28
1874,52.0,1018.588,-43055.9,2.25
1875,43.4,1001.9306,-50998.77,0.67
1876,51.96,1021.2879,-57203.62,1.22
1877,45.44,1035.668,-45633.8,1.37
1878,47.96,1029.3354,-51000.29,1.51
1879,42.6,1025.4133,-49178.07,1.29
1880,51.44,1044.6488,-53604.98,1.37
1881,49.8,1034.074,-49513.7,1.41
1882,58.6,1054.7807,-47465.24,1.4
1883,44.56,1067.7434,-47842.56,1.38
1884,44.6,1027.3242,-49408.27,1.29
1885,50.96,1012.7488,-51136.64,2.27
1886,51.56,1017.8396,-49116.28,1.32
1887,59.2,1089.284,-46317.62,1.34
1888,45.8,1044.6696,-49512.91,1.33
1889,38.28,1017.9139,-39430.73,1.41
1890,53.04,996.7228,-46913.46,2.11
1891,47.56,1057.5561,-47743.93,1.2
1892,43.72,1000.6357,-49000.4,1.22
1893,45.52,1024.7575,-49434.86,1.36
1894,40.96,1196.6824,-52905.64,1.3
1895,48.08,1103.302,-44226.9,2.32
1896,49.68,1018.8736,-51307.08,0.7
1897,58.6,1027.5584,-50919.24,1.47
1898,42.76,1032.4752,-51418.25,1.4
1899,49.8,1060.4243,-42225.07,1.49
1900,50.08,1065.8078,-44298.16,2.3
1901,32.84,1019.9324,-51097.46,1.26
1902,52.24,1051.0275,-47691.23,1.47
1903,50.32,1014.3036,-47299.42,1.38
1904,49.16,1050.968,-47863.58,1.31
1905,40.12,1012.092,-43262.02,2.15
1906,42.04,1033.8108,-51687.5,1.24
1907,43.48,1046.0065,-55505.47,1.26
1908,47.08,1031.7019,-43781.54,1.61
1909,52.88,1034.8145,-53240.09,1.4
1910,32.68,1006.243,-51076.82,3.22
1911,52.08,1041.0613,-51395.87,1.44
1912,62.36,1055.5221,-44020.62,1.45
1913,35.92,1010.5289,-49021.91,1.86
1914,47.84,1029.1408,-49333.75,1.66
1915,37.32,1025.9194,-39382.3,1.87
1916,51.48,1062.6026,-46167.55,1.35
1917,54.96,999.7715,-51142.83,1.4
1918,52.48,1033.3977,-47416.11,1.31
1919,33.28,1052.7098,-39750.25,1.48
1920,57.24,1010.1824,-53317.28,1.43
1921,50.44,1014.4648,-51130.5,1.23
1922,55.2,1007.481,-39237.04,1.42
1923,45.08,1015.3992,-48994.56,1.37
1924,54.8,1025.6785,-53240.5,1.3
1925,46.88,1003.0988,-39230.64,1.56
1926,41.16,1045.3571,-51416.02,1.99
1927,50.56,1051.0142,-45865.29,1.19
1928,44.2,1011.6089,-53019.19,1.31
1929,48.4,1173.1473,-45223.85,1.33
1930,56.72,1017.0576,-45260.86,1.28
1931,55.36,1014.429,-53273.4,2.03
1932,43.24,1020.677,-43279.45,1.28
1933,31.92,1015.4531,-43354.78,1.4
1934,37.24,1069.6173,-49933.19,1.47
1935,50.36,1006.3749,-49282.63,1.28
1936,50.48,1057.2378,-51293.84,2.27
1937,55.36,1046.2943,-47857.46,1.32
1938,37.96,1023.2506,-49326.4,1.4
1939,56.04,1093.7567,-54487.07,1.26
1940,53.8,1056.5786,-47581.61,1.42
1941,52.88,1018.7228,-59310.19,2.17
1942,53.4,1049.9952,-49606.28,1.42
1943,48.68,1011.05,-51180.65,1.09
1944,50.84,1045.4637,-43408.2,1.46
1945,43.2,1070.466,-49862.12,1.35
1946,51.8,1022.5535,-45354.24,1.5
1947,52.96,1026.1112,-47205.23,1.32
1948,30.24,1023.6673,-43509.28,1.42
1949,54.8,1206.2322,-46873.12,1.09
1950,45.56,1015.8881,-51189.41,1.42
1951,46.08,1022.6856,-46904.95,2.49
1952,38.52,1151.3849,-43609.95,1.23
1953,41.84,1022.6447,-49176.67,1.43
1954,57.76,1010.4472,-63206.78,1.47
1955,46.76,1018.9651,-47204.46,1.58
1956,63.44,1020.2098,-47518.79,2.28
1957,48.28,1006.8343,-51071.31,1.16
1958,55.28,1081.5928,-46311.08,1.3
1959,49.76,1050.0833,-49612.34,1.26
1960,40.84,1071.6504,-48524.28,1.39
1961,37.72,1029.2688,-49257.07,2.27
1962,42.48,1041.3253,-37569.21,1.32
1963,50.88,1040.174,-45643.95,1.33
1964,51.28,1055.3624,-47982.72,1.36
1965,50.48,1065.799,-48433.54,1.46
1966,49.68,1055.0446,-53556.05,1.3
1967,49.76,1019.312,-53178.11,1.59
1968,51.68,1021.8071,-49191.38,1.33
1969,54.32,1030.0898,-49354.29,1.41
1970,57.12,1020.2617,-49217.12,1.36
1971,55.08,1055.7777,-48192.12,1.28
1972,55.76,1019.771,-51364.1,2.01
1973,48.4,1015.3045,-57148.46,1.22
1974,42.04,1037.1533,-53611.01,1.26
1975,46.28,1012.7311,-49121.49,1.49
1976,51.76,1075.9219,-46525.32,1.36
1977,49.84,1034.7833,-43672.07,2.3
1978,44.08,1051.0874,-44013.22,1.45
1979,50.52,1055.9518,-45675.88,1.41
1980,50.88,1064.5743,-48021.03,1.35
1981,54.16,1030.1622,-47364.1,1.39
1982,57.08,1013.5066,-49264.17,2.48
1983,41.64,1025.5841,-51312.09,1.37
1984,50.76,1005.2558,-45174.1,1.34
1985,38.2,1073.1209,-48205.67,1.33
1986,25.64,1023.0802,-45236.06,1.35
1987,50.84,1056.3434,-49996.95,2.38
1988,43.36,1079.5331,-48065.09,1.62
1989,46.72,1029.3851,-39789.27,1.9
1990,45.88,1002.5502,-53001.83,1.59
1991,40.28,1072.9713,-46163.4,1.45
1992,52.04,981.1787,-52804.4,2.36
1993,54.32,1032.4468,-49599.18,1.32
1994,42.88,1082.6484,-50373.85,1.56
1995,45.4,1006.0081,-43225.11,1.35
1996,40.64,1044.3652,-53347.26,1.3
1997,53.04,997.2154,-39003.64,1.32
1998,49.72,1020.8096,-47169.77,1.23
1999,36.56,1060.0914,-42057.35,1.55
2000,48.84,998.5338,-62991.83,1.09
2001,45.76,1040.0848,-45831.61,1.5
2002,40.52,1048.4084,-45498.79,2.32
2003,57.4,1032.2838,-45505.34,1.25
2004,61.8,1022.5478,-57200.61,1.33
2005,42.6,1032.5209,-55427.29,1.43
2006,49.92,1047.4757,-44163.85,1.42
2007,46.2,1037.6998,-47576.04,1.42
2008,45.48,1032.8539,-45687.63,1.27
2009,43.6,1077.0142,-48553.43,1.44
2010,44.72,1027.2284,-47105.8,1.38
2011,50.48,1033.0885,-49119.26,1.22
2012,50.84,1041.8657,-47586.71,1.41
2013,49.32,1043.3102,-49568.24,2.4
2014,43.72,1036.4518,-43789.72,1.32
2015,35.48,1007.6187,-53306.13,1.31
2016,46.2,1024.104,-41484.51,1.33
2017,52.16,1022.417,-53298.4,0.78
2018,55.52,1081.8128,-40947.91,2.3
2019,39.52,1069.0659,-52259.53,1.41
2020,48.48,1023.9,-41143.32,1.39
2021,56.76,1038.4844,-55347.85,1.32
2022,46.08,1091.8088,-47975.64,1.43
2023,63.52,1091.2199,-49929.88,2.22
2024,46.12,1025.429,-45673.17,1.4
2025,44.56,1025.7706,-46978.71,1.42
2026,59.12,1013.5878,-47070.89,1.41
2027,38.68,1001.8307,-57069.24,1.34
2028,52.4,1049.0251,-47715.89,2.25
2029,48.16,1026.4026,-47145.92,1.27
2030,33.76,1009.8409,-53181.87,1.41
2031,57.32,1019.4997,-39439.69,1.35
2032,44.0,1021.9773,-53037.0,1.23
2033,45.92,1027.8542,-53542.54,2.3
2034,38.68,1070.8108,-51827.24,1.28
2035,52.76,1037.6236,-43718.19,1.4
2036,52.8,1005.0906,-47057.67,1.38
2037,36.68,1018.0256,-45405.42,1.35
2038,58.48,1118.298,-50064.32,1.52
2039,37.4,1069.7003,-44139.94,1.39
2040,38.72,987.6237,-50799.19,1.29
2041,42.24,1011.1142,-45093.17,1.36
2042,42.28,1122.0725,-49208.74,1.26
2043,47.76,1012.8531,-43123.79,2.29
2044,39.16,1042.5945,-51104.04,1.2
2045,50.68,1018.7474,-47255.92,1.35
2046,60.0,1079.1444,-57790.69,1.53
2047,50.88,1017.6702,-49178.18,1.35
2048,45.52,1023.3032,-47059.27,1.21
2049,47.6,1026.0087,-47422.6,1.25
2050,45.36,1024.0276,-51380.69,1.36
2051,39.4,1035.9468,-45466.3,1.36
2052,49.68,1076.4078,-49908.1,1.44
2053,60.88,1035.6619,-47495.21,1.47
2054,42.28,1017.8113,-49275.34,2.22
2055,43.44,1053.1936,-53652.53,1.35
2056,49.76,1029.3567,-49220.11,1.27
2057,58.6,1020.3017,-45376.25,1.1
2058,46.16,1023.8178,-43339.92,1.37
2059,62.44,1075.111,-55927.34,1.68
2060,54.6,1089.6145,-47481.25,1.32
2061,48.52,1062.689,-45903.61,1.35
2062,53.8,1039.4226,-45373.15,1.45
2063,41.68,1016.4808,-47066.25,1.42
2064,52.6,1040.5539,-47546.97,2.28
2065,39.12,1054.0203,-47601.59,1.38
2066,36.84,1030.6663,-47119.21,1.45
2067,58.88,1006.8868,-49107.97,1.44
2068,51.8,1117.0236,-52033.16,1.44
2069,51.76,1066.9489,-51747.71,2.37
2070,45.76,1038.9895,-53240.4,1.34
2071,45.72,1011.9374,-50923.74,1.34
2072,43.6,1075.237,-59747.97,1.52
2073,58.12,1054.2504,-41904.08,1.47
2074,41.04,1009.4765,-43137.03,2.24
2075,54.04,1018.4967,-41301.52,1.28
2076,52.88,1011.3655,-49110.67,1.27
2077,57.6,993.2145,-55121.62,1.19
2078,58.2,1030.7702,-45477.39,1.41
2079,38.88,1031.2681,-55071.96,1.78
2080,63.28,1047.6604,-59001.54,1.21
2081,50.72,1079.2893,-44074.21,1.5
2082,50.52,1035.0096,-43402.24,1.51
2083,52.68,1027.8252,-53097.72,1.53
2084,44.88,1026.7065,-45570.38,2.33
2085,51.92,1018.7,-47268.7,1.28
2086,59.52,1024.7071,-53424.15,1.34
2087,51.72,1090.7286,-44671.53,1.4
2088,49.08,1038.869,-47297.75,1.32
2089,48.28,1000.4468,-47110.24,2.45
2090,58.48,1030.9384,-45347.43,1.39
2091,49.48,1075.6328,-57711.25,1.47
2092,46.32,1025.8486,-45070.06,1.37
2093,49.2,1023.1575,-61144.88,1.15
2094,49.04,1051.3054,-41909.07,1.53
2095,35.2,1040.6702,-59213.42,2.36
2096,57.68,1016.259,-49314.32,1.14
2097,45.16,1107.2296,-52269.74,1.32
2098,60.92,1020.765,-47451.79,1.41
2099,48.16,1007.5841,-45036.4,1.3
2100,47.36,1000.903,-53030.96,1.84
2101,45.6,1005.6854,-53209.3,1.24
2102,56.32,1038.1798,-39799.22,1.41
2103,49.8,1037.45,-43646.77,1.29
2104,46.68,1015.5646,-45651.14,1.43
2105,35.0,1022.2033,-53454.47,2.15
2106,48.68,1053.7948,-51934.07,1.12
2107,55.96,1024.8477,-45414.03,1.32
2108,38.16,1015.919,-45347.16,1.31
2109,57.24,1127.6182,-58047.61,1.32
2110,50.36,1127.0383,-54349.58,2.15
2111,61.84,1016.4857,-41415.15,1.48
2112,43.92,1049.0794,-49554.71,1.43
2113,49.32,1065.2716,-45844.25,1.23
2114,38.72,1024.8443,-33536.43,1.29
2115,50.96,1114.7238,-41975.25,2.23
2116,33.0,1033.481,-51417.38,1.38
2117,46.88,1032.4572,-51450.9,1.35
2118,44.96,1044.1749,-53532.68,1.24
2119,50.36,1068.4073,-48187.35,1.37
2120,46.84,997.6222,-45069.4,2.19
2121,42.32,1085.9278,-56153.22,0.58
2122,53.52,1009.5807,-44970.01,1.34
2123,57.2,1067.1324,-53684.33,1.36
2124,55.88,1103.9561,-48003.55,1.34
2125,51.72,997.6717,-40972.41,2.21
2126,57.72,1034.3713,-41431.69,1.29
2127,50.96,1017.8359,-39424.05,1.36
2128,47.68,1123.4898,-46926.0,1.42
2129,48.72,1124.3259,-57992.05,1.26
2130,48.4,1035.8454,-53095.24,2.32
2131,46.76,1019.8122,-45240.13,1.52
2132,34.8,1028.972,-41398.82,1.24
2133,38.24,1034.84,-55364.37,1.44
2134,42.28,1003.4884,-55105.3,1.36
2135,45.04,1059.8628,-44158.71,1.49
2136,46.2,1031.4216,-51558.16,1.16
2137,49.36,1008.8471,-39162.81,1.35
2138,37.28,1061.4801,-47998.87,1.4
2139,45.2,995.6922,-52921.33,1.37
2140,43.48,1018.7026,-51065.49,1.58
2141,33.2,1068.1698,-57426.11,1.57
2142,48.68,1017.4385,-51389.96,1.4
2143,40.28,1027.0796,-55171.17,1.37
2144,50.8,1016.4596,-47092.83,1.42
2145,57.32,1056.6966,-53611.47,1.49
2146,35.2,1036.4521,-49474.94,2.24
2147,53.32,1109.9607,-50269.43,1.2
2148,42.52,1027.7871,-47453.46,1.41
2149,36.36,1035.2193,-51282.46,1.42
2150,45.52,1063.1431,-57316.08,1.18
2151,58.6,992.0154,-44887.38,2.21
2152,44.72,1082.0199,-59789.39,1.18
2153,41.56,1031.0392,-45555.44,1.43
2154,62.36,1126.6836,-48261.74,1.35
2155,35.2,1013.2758,-52782.87,1.34
2156,41.92,1097.5975,-46319.18,2.21
2157,60.04,1004.0991,-47437.53,1.32
2158,62.92,1031.1512,-57205.96,1.15
2159,46.64,1029.6862,-45350.42,1.54
2160,60.56,1043.6737,-53372.52,1.35
2161,49.64,1042.625,-45726.26,2.21
2162,46.92,1034.3439,-51210.12,1.3
2163,50.28,1039.5603,-49347.15,1.21
2164,45.16,994.9434,-54933.68,1.34
2165,47.24,1054.0384,-51738.4,1.35
2166,49.0,1044.2177,-49809.88,2.21
2167,40.52,1023.0243,-43314.9,1.42
2168,48.12,1020.1604,-53185.42,1.42
2169,47.8,1021.4771,-55344.28,1.32
2170,49.4,1019.496,-45192.65,1.4
2171,50.08,1070.3628,-46266.1,2.41
2172,52.08,1001.3792,-42953.41,1.44
2173,47.56,1054.9896,-57404.59,1.29
2174,50.6,1076.5642,-51807.0,1.2
2175,51.48,1025.5408,-51214.98,1.39
2176,58.24,1084.5114,-51937.16,1.24
2177,52.0,1069.3141,-48229.78,1.2
2178,51.24,1015.3544,-47271.96,1.28
2179,64.88,1061.8727,-45944.16,1.38
2180,46.52,1017.3612,-41333.1,1.42
2181,46.96,1022.4872,-47300.84,1.3
2182,46.56,975.3526,-48672.89,2.19
2183,50.96,1014.826,-37203.25,1.43
2184,49.76,1045.482,-45321.78,1.45
2185,49.12,1031.8719,-51276.73,1.3
2186,49.56,1016.6306,-47193.35,0.32
2187,49.2,986.6133,-42920.05,2.39
2188,42.24,1022.2754,-44890.31,1.39
2189,51.96,1023.3349,-47265.57,1.44
2190,36.76,1026.612,-51256.25,1.46
2191,51.28,1075.3794,-53623.64,1.48
2192,48.76,1037.5576,-39736.06,2.31
2193,43.92,1010.5237,-50934.01,1.33
2194,58.04,1079.3994,-45855.38,1.2
2195,36.04,991.6961,-48870.46,1.34
2196,51.16,1026.4416,-55702.89,1.42
2197,45.4,1050.5874,-50134.79,2.36
2198,51.4,1033.4571,-45467.82,1.26
2199,59.24,1052.9795,-53683.52,1.38
2200,61.84,1125.0597,-44703.3,1.46
2201,45.88,1029.1844,-39502.98,1.47
2202,49.88,1008.5835,-43066.76,2.31
2203,41.92,1029.3171,-49153.9,1.31
2204,47.84,1007.3239,-43227.66,1.41
2205,49.28,1059.754,-46093.93,1.37
2206,36.96,1017.8235,-47245.01,0.86
2207,55.2,1009.5891,-43260.12,2.55
2208,41.36,993.0928,-52861.55,1.15
2209,37.0,1009.5656,-49133.63,1.49
2210,48.56,1052.3756,-49507.55,1.45
2211,55.88,1026.3462,-41507.31,1.28
2212,50.4,1031.204,-51293.13,2.21
2213,42.48,1016.1679,-47389.49,1.3
2214,44.24,1025.6908,-61350.87,1.05
2215,44.72,1065.5656,-49662.6,1.19
2216,57.48,1052.3113,-47590.09,1.52
2217,45.24,1012.392,-37097.37,2.32
2218,32.44,979.3018,-42700.92,1.29
2219,50.04,1029.3278,-51344.54,1.41
2220,44.04,1045.6377,-45848.42,1.35
2221,43.56,1021.3832,-53086.01,1.31
2222,62.36,1005.2011,-52988.0,1.28
2223,51.6,1020.0781,-41424.28,2.25
2224,56.64,1060.5541,-47739.19,1.26
2225,40.04,1013.1571,-51277.56,1.27
2226,40.52,1092.6427,-42521.02,1.43
2227,54.68,1030.7454,-49267.36,0.8
2228,47.52,1046.0957,-43990.69,2.21
2229,49.8,1026.9252,-47228.27,1.5
2230,50.08,1038.7226,-45684.61,1.51
2231,57.72,1030.1178,-49495.74,1.29
2232,54.64,1019.2538,-45409.24,1.41
2233,56.2,1017.2428,-37276.71,2.42
2234,58.04,1018.6203,-47261.66,1.39
2235,53.24,1056.2808,-51624.73,1.44
2236,51.92,1028.3358,-47550.42,1.36
2237,61.08,1061.028,-53373.7,1.32
2238,54.08,1137.7378,-45093.25,2.27
2239,43.4,1039.5672,-49572.85,1.2
2240,42.4,1007.031,-40960.71,1.37
2241,58.68,1089.9352,-53602.34,1.38
2242,42.04,1096.5437,-46351.88,1.44
2243,45.0,1079.1175,-45855.35,2.34
2244,46.2,1044.1897,-45388.53,1.42
2245,41.8,1006.3406,-43133.64,1.33
2246,47.4,1088.1665,-48196.59,1.4
2247,39.84,1002.0097,-44975.78,0.87
2248,51.24,1030.5902,-35413.55,2.41
2249,57.72,1042.4734,-43733.74,1.33
2250,53.08,1050.8926,-42030.86,1.43
2251,36.68,1011.3764,-53325.68,1.39
2252,36.56,1010.4371,-43035.95,1.35
2253,57.64,1029.2056,-49455.81,2.14
2254,41.08,1012.0678,-61077.26,1.15
2255,55.04,1021.7915,-53303.87,1.15
2256,44.76,1008.3966,-47216.13,1.38
2257,36.76,1031.0799,-47642.81,1.39
2258,59.12,991.0076,-58846.69,2.16
2259,51.52,1082.8504,-51676.11,1.29
2260,43.24,1008.041,-54930.17,1.26
2261,41.16,988.0018,-50824.21,1.28
2262,42.92,1008.3355,-51054.0,1.33
2263,44.92,1049.699,-49593.83,1.41
2264,54.56,1050.3915,-42097.36,1.22
2265,61.2,1022.9274,-57140.65,1.37
2266,53.32,1052.5743,-45496.34,1.46
2267,41.72,1044.9765,-51164.73,1.33
2268,60.32,1020.0006,-45217.89,0.93
2269,52.48,1020.1313,-57192.84,2.14
2270,45.04,1040.5948,-51825.48,1.45
2271,37.24,1092.5606,-46440.97,1.35
2272,30.64,1012.2169,-49510.68,1.49
2273,42.04,1032.4588,-51639.5,1.42
2274,41.84,1027.2531,-47397.89,2.21
2275,45.68,995.4018,-45006.9,1.23
2276,63.24,1060.1667,-44129.19,1.29
2277,55.04,1031.3156,-59193.06,1.29
2278,49.48,1036.1095,-59237.15,1.17
2279,50.04,1052.3571,-47573.46,2.38
2280,51.04,994.48,-51055.12,1.41
2281,57.92,1016.1225,-49175.81,1.32
2282,38.6,1040.935,-57556.12,1.3
2283,51.4,1026.5346,-57076.17,1.23
2284,48.0,1044.9249,-49203.52,2.1
2285,52.88,1070.1172,-53637.02,1.27
2286,43.88,1020.191,-52990.97,1.23
2287,42.6,1025.7342,-49431.81,1.42
2288,39.32,998.284,-45148.21,1.34
2289,53.04,1032.7521,-51350.45,1.79
2290,57.76,1033.1303,-51312.01,1.27
2291,58.84,1007.821,-53241.32,1.36
2292,51.92,1004.69,-49172.96,1.39
2293,37.2,1040.1395,-57599.23,1.19
2294,50.4,1084.374,-38164.7,2.35
2295,37.88,1014.012,-41216.62,1.22
2296,45.0,1064.3684,-59706.98,1.35
2297,41.04,1030.109,-43623.42,1.38
2298,62.28,1074.6066,-49957.36,1.33
2299,38.12,1030.0615,-50914.06,2.35
2300,41.36,1024.0539,-41240.05,1.34
2301,58.28,990.3622,-50782.45,1.37
2302,54.08,1065.2717,-36514.73,1.58
2303,53.72,1024.0136,-45101.49,1.45
2304,57.96,1046.5882,-51542.67,1.28
2305,61.12,1085.5424,-50143.63,1.33
2306,46.12,1027.7479,-57037.3,1.3
2307,56.12,1034.9477,-49443.64,1.4
2308,39.88,1029.8367,-43537.9,1.52
2309,39.0,1046.6454,-50103.69,1.48
2310,42.76,1085.6372,-50296.15,1.57
2311,44.56,1021.7116,-46998.09,1.26
2312,48.12,1009.7752,-44876.16,1.18
2313,59.8,1027.9877,-47263.52,1.39
2314,50.6,1035.3906,-45576.19,1.42
2315,43.36,1054.4314,-49645.93,2.15
2316,48.88,1014.2121,-41467.06,1.43
2317,54.32,1020.2038,-47300.56,1.38
2318,27.36,1044.6474,-49603.81,1.39
2319,55.0,1020.6758,-51057.46,1.4
2320,39.64,1001.3762,-54973.75,2.11
2321,55.68,1013.6392,-39198.28,1.35
2322,61.52,1067.4832,-50027.01,1.43
2323,61.28,1057.6556,-51555.06,1.39
2324,56.28,1013.9267,-43045.66,1.46
2325,55.36,1066.7927,-47834.91,2.2
2326,43.04,995.7892,-43133.34,1.2
2327,51.16,1062.4744,-45980.89,1.57
2328,50.92,1094.1939,-52051.93,1.47
2329,61.44,1036.187,-43517.5,1.3
2330,54.72,1075.1041,-49581.51,1.64
2331,42.56,1014.7586,-53163.1,1.44
2332,51.0,1013.1835,-49240.98,1.31
2333,44.2,1047.2469,-47765.04,1.3
2334,45.52,1051.9938,-53659.14,1.26
2335,41.72,1000.6544,-48942.45,2.12
2336,44.68,1044.419,-49665.8,1.44
2337,43.28,1019.0786,-49327.61,1.35
2338,42.4,1036.9793,-43475.6,1.49
2339,52.72,1047.618,-57240.59,1.15
2340,57.88,1142.1254,-44926.94,2.08
2341,61.2,1055.9915,-52084.91,1.4
2342,54.68,1058.1755,-45715.26,1.3
2343,48.56,1015.4309,-49316.42,1.22
2344,48.28,1100.4845,-56311.53,1.22
2345,48.04,1036.4857,-45941.04,2.29
2346,49.48,1039.1498,-49117.69,1.32
2347,38.36,1060.3627,-55896.84,1.18
2348,48.84,1020.0095,-47327.08,1.53
2349,45.44,1047.5189,-43578.12,1.33
2350,44.08,1013.5138,-49263.97,1.42
2351,50.16,1027.7569,-51389.28,1.61
2352,44.76,1010.3172,-43319.28,1.37
2353,57.72,1018.6785,-45229.85,1.45
2354,48.24,1006.7263,-37230.02,1.37
2355,48.0,1058.5944,-47873.58,1.4
2356,42.04,984.7703,-56891.55,2.09
2357,48.08,1044.0126,-45807.79,1.27
2358,52.24,1029.8846,-55248.52,1.33
2359,45.88,1011.6927,-51036.12,1.21
2360,45.72,984.3268,-48795.87,1.4
2361,52.72,1028.8269,-51817.6,2.2
2362,43.84,1032.5546,-43359.79,1.33
2363,52.84,1041.4471,-47956.87,1.47
2364,46.12,1011.8856,-45293.02,1.17
2365,58.12,1022.4563,-45551.34,1.35
2366,48.52,1021.3987,-51255.4,2.31
2367,58.4,1070.5984,-51229.07,1.5
2368,47.28,1022.0875,-49515.96,1.29
2369,52.84,1040.8906,-49385.79,1.26
2370,46.12,1033.2245,-51538.22,1.3
2371,57.48,1000.617,-51022.24,2.24
2372,47.12,1047.4007,-47411.3,0.95
2373,48.56,1045.2016,-51724.03,1.2
2374,43.36,1084.7037,-42252.41,1.28
2375,43.2,1009.6972,-55158.19,1.14
2376,45.96,1038.7651,-57453.61,2.21
2377,49.16,1010.3926,-52994.08,1.4
2378,35.68,1013.4407,-47251.21,1.44
2379,51.32,1027.4735,-57365.04,1.42
2380,32.88,999.9488,-56973.97,1.2
2381,43.84,1052.505,-50282.48,2.21
2382,48.16,1032.4261,-51392.25,1.33
2383,50.92,1066.3469,-42090.33,1.43
2384,50.2,1048.9989,-46018.91,1.42
2385,45.92,1114.0496,-48678.92,1.43
2386,37.4,1092.6172,-50190.23,2.27
2387,45.48,1062.8535,-49291.22,1.52
2388,44.96,1035.1152,-53189.41,1.3
2389,50.6,995.0819,-49057.85,1.28
2390,54.56,1080.9663,-48045.68,1.35
2391,28.08,996.8192,-42871.05,1.49
2392,45.56,1042.6549,-43764.63,1.33
2393,57.84,1039.8043,-45601.97,0.77
2394,57.64,1046.6745,-53781.89,1.33
2395,36.36,1022.2189,-43415.15,1.43
2396,47.8,1017.6323,-55112.83,1.28
2397,47.84,1026.8375,-37377.9,2.14
2398,49.12,1023.7414,-49295.91,1.34
2399,48.0,1045.5035,-47824.16,1.45
2400,56.68,1020.2566,-51341.33,1.34
2401,37.64,1025.9432,-47400.52,1.45
2402,54.96,1014.7978,-53086.2,2.22
2403,42.72,1000.4316,-49062.93,1.32
2404,42.28,1033.905,-51415.23,1.38
2405,59.48,1065.541,-55471.75,1.29
2406,53.0,1119.7774,-60115.21,1.27
2407,62.16,1010.1778,-53170.31,2.37
2408,64.92,1026.8405,-59216.89,1.21
2409,49.36,1037.4323,-53361.09,1.34
2410,48.56,1044.0619,-51330.08,1.44
2411,52.64,1031.8465,-43667.27,1.47
2412,45.4,1035.5266,-45621.66,2.28
2413,47.04,988.4704,-46837.61,1.19
2414,33.28,1025.3254,-51579.79,0.68
2415,63.16,1027.1607,-55096.14,1.43
2416,40.28,1045.7074,-45548.23,1.26
2417,43.2,1043.9715,-53628.8,2.05
2418,58.88,1044.0664,-47380.93,1.41
2419,49.52,1036.7541,-45749.67,1.32
2420,47.64,1002.209,-47016.61,1.62
2421,51.12,1032.7544,-47300.6,1.44
2422,48.16,1032.7608,-45542.39,2.05
2423,49.6,1033.865,-45420.03,1.36
2424,59.28,1028.9601,-47358.49,1.29
2425,53.96,1043.516,-37942.65,1.41
2426,34.96,997.6481,-40891.71,1.54
2427,54.8,1125.0111,-42699.25,2.37
2428,47.72,1005.1768,-51126.21,1.34
2429,51.0,996.3422,-48910.7,1.36
2430,33.64,1019.2374,-51489.44,1.27
2431,52.4,1023.4606,-51501.69,1.46
2432,49.6,1000.1262,-48853.71,1.32
2433,45.52,1029.1668,-47729.63,1.32
2434,44.44,1017.6245,-53163.96,1.27
2435,49.56,992.3386,-42988.1,0.61
2436,52.52,1039.7156,-43640.51,1.4
2437,44.2,1017.1875,-51460.07,1.43
2438,57.24,1039.6066,-49673.76,2.25
2439,45.92,1020.6858,-47462.15,1.39
2440,39.68,998.747,-46978.57,1.13
2441,50.28,1114.8238,-49113.72,1.38
2442,58.16,1032.0141,-63271.46,1.26
2443,38.52,1018.7343,-54979.13,2.06
2444,50.96,1035.8844,-51503.25,1.35
2445,56.68,1018.8242,-53194.79,1.35
2446,50.12,1024.7228,-47380.39,1.43
2447,46.6,1027.7909,-43340.15,1.56
2448,47.4,1009.0564,-45185.22,2.09
2449,43.88,1087.0222,-43578.29,1.38
2450,37.36,1016.0728,-45525.45,1.46
2451,57.96,1038.36,-51379.82,1.27
2452,46.16,1004.477,-51158.75,1.26
2453,67.04,1074.4265,-57720.68,2.08
2454,54.72,1055.7348,-49939.81,1.24
2455,48.84,1012.0781,-53339.63,1.33
2456,40.36,983.9132,-42870.05,0.87
2457,32.84,1026.5937,-53293.11,1.3
2458,39.04,1071.8962,-61499.44,2.22
2459,43.12,1035.8299,-44038.47,1.37
2460,45.0,1000.3129,-40836.02,1.45
2461,36.44,1023.937,-49686.71,1.23
2462,59.44,997.5074,-48913.29,1.35
2463,59.52,1071.8707,-42810.6,2.34
2464,33.72,1010.0341,-43122.1,1.4
2465,50.68,1015.9036,-49187.16,1.48
2466,50.32,1035.1555,-57759.57,1.32
2467,39.16,1010.1409,-57040.89,1.42
2468,34.32,1026.4719,-54965.86,2.46
2469,33.28,997.6003,-50988.11,1.15
2470,54.6,1056.2523,-39896.99,1.37
2471,55.36,1024.7285,-45620.24,1.45
2472,38.08,1007.9044,-53308.07,1.4
2473,46.36,1047.514,-45409.88,2.45
2474,53.32,1015.4389,-49096.58,1.38
2475,54.12,1012.3515,-49291.24,1.3
2476,60.08,1050.4025,-54926.46,1.08
2477,64.16,1069.7393,-57889.06,0.7
2478,55.48,1036.7968,-47762.41,1.35
2479,43.8,1015.127,-47229.49,2.12
2480,47.64,1025.7636,-53270.4,1.36
2481,54.04,1004.7382,-47073.22,1.31
2482,47.64,1018.8218,-59112.14,1.37
2483,54.8,1056.4341,-47842.22,1.32
2484,58.44,1007.2518,-43159.21,2.32
2485,47.76,1079.6512,-47845.41,1.38
2486,53.8,1020.0821,-49133.05,1.47
2487,35.88,1181.5369,-45042.3,1.38
2488,59.16,1010.4943,-43126.86,1.41
2489,47.72,1038.1756,-47832.76,2.02
2490,44.56,1020.7078,-47198.77,1.37
2491,51.76,999.4303,-53211.07,1.4
2492,49.48,1020.0492,-47404.04,1.29
2493,52.24,1058.0907,-43746.72,1.45
2494,43.32,1043.1347,-49671.6,2.09
2495,42.96,1004.6628,-37085.61,1.38
2496,38.96,1037.6854,-45604.47,1.42
2497,52.32,1033.8293,-49754.21,0.85
2498,46.76,1029.9104,-45390.57,1.41
2499,46.08,1030.8764,-55460.37,2.13
2500,54.36,1016.465,-43244.96,1.27
2501,43.76,1083.3974,-53141.55,1.34
2502,50.68,1025.4939,-57118.26,1.45
2503,48.16,1043.8682,-47561.41,1.54
2504,48.68,1064.2719,-50260.85,2.33
2505,51.32,1045.6907,-49694.49,1.29
2506,54.72,994.5351,-44859.96,1.48
2507,43.8,1016.5155,-43435.18,1.41
2508,49.48,1008.313,-49184.55,1.37
2509,47.44,1040.4406,-55629.57,2.24
2510,44.12,1019.5893,-45063.86,1.44
2511,51.72,1001.3441,-61072.32,1.36
2512,35.76,1034.0965,-43314.0,1.29
2513,49.8,1020.7397,-57401.04,1.28
2514,57.36,1056.2199,-47690.03,2.43
2515,56.88,1072.6103,-53947.58,1.31
2516,44.64,999.3942,-48894.11,1.37
2517,39.28,1021.4708,-57208.32,1.51
2518,48.2,1080.2025,-46323.44,0.86
2519,45.36,1034.4828,-51676.94,1.27
2520,45.36,1051.6319,-49623.85,1.15
2521,55.0,1078.7282,-52328.74,1.11
2522,51.92,1023.053,-53494.86,1.26
2523,44.0,1013.7067,-51133.98,1.37
2524,37.56,1024.5944,-53213.33,1.41
2525,34.4,990.685,-50964.23,2.26
2526,50.04,1020.0203,-51317.59,1.41
2527,41.4,1017.2909,-41238.73,1.32
2528,38.68,1020.158,-53348.56,1.51
2529,54.52,1071.1224,-48567.93,1.34
2530,52.6,1021.7618,-37385.96,2.2
2531,35.52,995.298,-48841.02,1.31
2532,58.4,1026.8112,-47332.05,1.27
2533,41.08,1131.7864,-52809.28,1.39
2534,46.4,1062.7718,-46319.53,1.48
2535,52.6,1037.8739,-43505.96,2.23
2536,40.28,1013.0422,-53193.63,1.28
2537,49.96,1050.8738,-43735.36,1.35
2538,49.52,1020.6658,-49147.45,1.41
2539,44.64,1044.52,-41541.5,0.86
2540,50.16,1032.7962,-49413.06,2.14
2541,50.96,1057.7657,-53644.54,1.48
2542,46.16,1049.4756,-53224.02,1.43
2543,50.72,1020.4052,-53174.56,1.47
2544,48.48,1033.878,-53270.81,1.41
2545,52.04,1038.4043,-45832.49,2.32
2546,53.6,1031.801,-49314.33,1.35
2547,50.2,1043.732,-49660.36,1.26
2548,55.4,1041.8106,-47684.85,1.47
2549,48.68,1040.4854,-49461.64,1.45
2550,42.08,1039.9896,-47481.65,2.18
2551,48.92,1052.7186,-59129.83,1.16
2552,51.68,1026.2405,-41692.31,1.36
2553,52.88,1053.3109,-43881.2,1.49
2554,55.12,1036.7209,-47476.84,1.36
2555,58.84,1052.1556,-55292.13,2.29
2556,45.96,1116.0095,-43130.42,1.38
2557,45.44,1037.5022,-43666.19,1.25
2558,48.4,1050.7166,-38160.78,1.52
2559,48.16,1047.7457,-46092.46,0.89
2560,57.2,1117.3152,-50573.91,1.52
2561,33.28,1008.2584,-55229.31,1.21
2562,60.28,1067.2563,-47593.68,1.23
2563,45.64,1064.9408,-53876.64,1.32
2564,48.6,1066.5977,-45806.3,1.5
2565,33.08,995.4454,-51005.35,1.48
2566,55.32,1053.5203,-57488.67,2.33
2567,48.4,1031.0761,-37605.15,1.36
2568,54.16,1194.3303,-56389.33,1.39
2569,66.68,1045.9067,-51149.97,1.36
2570,49.24,1036.4106,-45902.14,1.39
2571,41.56,1053.9794,-45825.36,2.31
2572,55.36,1012.3843,-43168.02,1.37
2573,34.04,986.4894,-50754.71,1.47
2574,47.6,1037.0426,-58975.27,1.37
2575,49.64,1069.5604,-45532.87,1.32
2576,37.6,1040.1671,-41735.99,2.27
2577,52.64,1024.336,-51395.25,1.29
2578,36.92,1017.354,-53479.74,1.29
2579,49.16,1038.9835,-47667.6,1.43
2580,46.76,1020.0846,-49268.62,0.78
2581,53.0,1039.735,-45585.44,2.14
2582,42.68,1010.2019,-37306.95,1.43
2583,41.2,984.2356,-52812.63,1.39
2584,54.8,1065.1454,-49749.07,1.53
2585,39.84,1164.1291,-52898.35,1.3
2586,60.2,1049.4407,-45373.55,2.41
2587,44.84,991.7646,-44855.01,1.33
2588,51.44,1054.6916,-53439.04,1.33
2589,47.8,1020.9582,-43379.28,1.52
2590,50.52,1038.9395,-45751.25,1.34
2591,41.72,1009.8408,-47297.61,2.31
2592,41.88,1039.9401,-47373.98,1.27
2593,51.04,1021.7444,-49201.17,1.39
2594,44.04,1113.6295,-61833.96,0.91
2595,47.16,1024.4205,-45285.16,1.46
2596,54.28,1033.8182,-43358.21,2.3
2597,43.72,1015.2915,-47272.69,1.19
2598,43.12,1037.623,-47853.83,1.34
2599,43.32,1044.8906,-49857.04,1.26
2600,53.92,1061.1163,-51785.47,1.27
2601,43.8,1012.9233,-43100.35,1.63
2602,61.4,1027.6647,-41402.56,1.36
2603,53.64,1023.904,-57353.3,1.4
2604,48.4,1013.991,-45165.6,1.44
2605,56.6,1079.0072,-49896.45,1.3
2606,60.76,1071.6401,-57540.48,1.26
2607,38.36,1078.5844,-47807.42,2.32
2608,45.32,1041.8236,-43700.83,1.48
2609,49.36,1007.6176,-51178.49,1.42
2610,60.52,1028.3485,-47485.59,1.46
2611,55.44,1050.7571,-55316.91,1.26
2612,51.12,1013.9618,-43092.38,2.28
2613,53.84,1018.3657,-57179.84,1.28
2614,39.8,1018.6904,-43286.96,1.31
2615,50.36,1040.0332,-47512.42,1.24
2616,46.6,1021.0924,-45143.78,1.38
2617,55.12,1055.6617,-49609.2,2.26
2618,44.08,1062.0577,-44295.48,1.24
2619,45.84,1013.4786,-43073.66,1.46
2620,29.8,998.8626,-59066.64,1.3
2621,32.56,1002.2537,-51415.54,1.32
2622,58.04,1021.2816,-39466.52,1.7
2623,58.88,1029.7528,-49523.94,1.43
2624,54.12,1001.7407,-49010.19,1.4
2625,43.52,1014.0109,-51073.91,1.41
2626,40.36,1025.9574,-45275.96,1.3
2627,59.44,1015.2252,-51482.14,2.06
2628,45.92,1007.1286,-41161.82,1.34
2629,49.16,1032.4271,-43640.83,1.39
2630,44.16,1018.1334,-47210.1,1.44
2631,52.44,998.4316,-48939.01,1.37
2632,63.68,1084.5542,-52006.05,2.27
2633,52.76,1006.5014,-51125.94,1.34
2634,44.76,1043.051,-53635.69,1.27
2635,43.84,1029.6672,-51423.75,1.2
2636,44.72,1038.5025,-49270.88,1.37
2637,58.24,999.7251,-42946.58,2.31
2638,40.56,1022.4778,-53376.52,1.29
2639,45.36,997.6951,-47030.01,1.42
2640,42.68,1009.8437,-49017.12,1.36
2641,47.36,1013.0465,-49026.9,1.29
2642,45.0,989.7944,-48923.86,1.58
2643,48.2,994.4517,-44927.72,1.42
2644,40.08,1054.8273,-43874.7,1.42
2645,43.0,1049.6832,-49706.38,1.34
2646,41.48,1010.8066,-51096.24,1.36
2647,49.8,1003.7656,-55242.84,1.14
2648,48.16,1035.2695,-43526.88,1.32
2649,56.48,1017.6233,-55071.5,1.4
2650,46.4,1040.4751,-55296.08,1.3
2651,43.84,1037.5739,-47448.05,1.44
2652,40.76,999.1584,-45028.04,1.27
2653,53.84,1085.9533,-50608.48,2.2
2654,39.04,1029.7,-45145.75,1.42
2655,58.56,1030.4003,-43457.34,1.68
2656,35.12,996.8596,-42713.5,1.38
2657,61.56,1083.5414,-48111.27,1.2
2658,49.36,1017.4262,-43003.89,2.27
2659,47.52,1028.3248,-35510.04,1.33
2660,58.32,1011.6945,-42981.06,1.49
2661,52.8,1020.3426,-47309.37,1.5
2662,46.04,1020.5926,-51149.05,1.44
2663,60.28,1075.5118,-51831.75,1.56
2664,50.08,1050.962,-47830.86,1.28
2665,53.48,1005.3251,-41089.01,1.33
2666,57.2,1039.296,-47485.62,1.36
2667,36.96,1039.5279,-53507.25,1.39
2668,41.88,1049.1228,-48048.53,2.26
2669,51.52,1040.6975,-49412.19,1.32
2670,48.04,1010.9904,-49182.72,1.24
2671,35.2,985.9694,-48690.65,1.42
2672,55.6,1017.3342,-41351.4,1.27
2673,50.52,1016.8319,-45050.55,2.2
2674,58.32,1028.6678,-55038.48,1.26
2675,40.12,1025.4467,-49304.17,1.5
2676,51.2,1047.5094,-53923.7,1.09
2677,46.88,1035.1691,-55040.81,1.32
2678,50.08,1070.9988,-45971.65,2.3
2679,52.8,1025.1356,-49437.46,1.33
2680,45.28,1029.2936,-41301.3,1.42
2681,54.96,1105.8945,-51809.21,1.16
2682,43.0,1005.3034,-45011.7,1.42
2683,52.76,1033.3044,-39491.04,1.96
2684,27.56,1031.302,-53337.37,1.32
2685,52.64,994.0624,-50846.95,1.34
2686,48.76,1003.5005,-42871.42,1.44
2687,42.48,1076.5366,-52287.75,1.22
2688,45.56,1003.5409,-45023.23,1.43
2689,40.12,1061.0368,-45791.48,1.19
2690,54.4,1020.8484,-43295.81,1.3
2691,49.6,1011.1551,-43245.05,1.45
2692,46.4,1090.6156,-44352.42,1.3
2693,47.2,1011.5104,-43008.73,1.33
2694,37.92,1017.6357,-49227.29,2.3
2695,38.56,1011.9211,-44958.76,1.4
2696,53.0,1087.9097,-46313.5,1.37
2697,37.56,1006.5833,-57069.09,1.26
2698,60.32,1035.6799,-51283.89,1.44
2699,52.52,1065.0592,-47701.08,2.16
2700,38.68,1026.4621,-49403.93,1.31
2701,49.4,1001.2797,-53105.85,1.44
2702,45.56,1039.5107,-59475.39,1.47
2703,49.48,1051.5732,-42145.83,1.41
2704,57.24,1045.1899,-43572.07,1.7
2705,51.92,1070.3986,-41985.37,1.4
2706,53.92,1040.6515,-49386.39,1.39
2707,34.72,1006.9711,-59004.79,1.13
2708,45.72,1021.6306,-53321.47,1.26
2709,56.48,1031.3813,-49283.71,2.3
2710,48.04,1034.5286,-45115.74,1.39
2711,61.76,1002.4328,-46975.82,1.13
2712,52.92,1066.8839,-45992.09,1.47
2713,46.48,1024.0377,-45330.07,1.37
2714,49.52,1045.8653,-43944.8,2.39
2715,42.08,1080.1065,-43744.85,1.28
2716,42.84,1034.0479,-43345.89,1.3
2717,63.08,1018.9969,-51323.54,1.47
2718,50.4,1004.4287,-55013.45,1.42
2719,42.36,1115.0222,-52112.24,2.3
2720,56.68,1041.4426,-47766.03,1.32
2721,46.44,1074.7685,-59219.99,1.21
2722,48.4,1040.1052,-49510.35,1.55
2723,42.32,1060.3728,-47874.23,1.48
2724,44.6,1032.0667,-47236.1,2.46
2725,47.2,1101.5265,-52306.33,0.64
2726,50.4,1067.39,-57511.76,1.37
2727,40.4,988.0173,-46975.41,1.35
2728,51.72,1015.5167,-45122.07,1.24
2729,52.36,1080.8486,-49883.61,2.49
2730,36.4,1012.39,-53040.98,1.3
2731,44.36,1110.2595,-51817.32,1.4
2732,43.88,1096.0784,-44512.5,1.41
2733,45.92,1009.226,-43225.47,1.39
2734,50.32,1039.1957,-57211.72,1.1
2735,42.04,1037.9172,-43453.74,2.31
2736,46.04,1039.5913,-47628.35,1.34
2737,43.8,1027.8583,-57268.57,1.41
2738,46.04,1121.6916,-54135.39,1.19
2739,51.32,1055.5731,-46177.14,1.41
2740,51.92,1063.6289,-42245.52,2.14
2741,47.52,1033.8861,-49693.68,1.42
2742,46.92,1036.112,-51250.03,1.45
2743,40.2,1011.2596,-57108.4,1.32
2744,35.08,998.538,-44933.57,1.41
2745,46.96,1047.5072,-41776.53,2.28
2746,56.6,1014.7464,-49151.77,0.62
2747,58.04,986.8212,-52856.95,1.32
2748,57.6,1022.4572,-52971.7,1.15
2749,49.4,1002.1917,-54944.14,1.5
2750,48.16,1068.4697,-47975.3,2.26
2751,45.84,1015.127,-43366.51,1.37
2752,45.44,1027.7666,-47557.58,1.41
2753,48.04,1026.4502,-45376.34,1.38
2754,47.16,1051.8942,-43805.02,1.33
2755,43.4,1007.8339,-41274.29,2.31
2756,49.24,1022.5096,-47223.98,1.27
2757,43.44,1001.8553,-35017.02,1.39
2758,41.12,992.904,-42728.59,1.27
2759,54.4,1053.0872,-49776.64,1.36
2760,57.08,1008.9282,-48980.63,2.31
2761,44.64,1005.368,-50932.62,1.53
2762,37.52,1010.1983,-45286.26,1.23
2763,43.32,1086.041,-46186.47,1.46
2764,50.0,1049.5825,-53480.7,1.32
2765,48.04,1067.5439,-50159.22,2.38
2766,44.76,1038.3537,-43278.67,0.79
2767,54.92,1051.2957,-49897.72,1.38
2768,56.24,1028.2716,-53278.35,1.4
2769,45.6,1042.1666,-49232.27,1.39
2770,50.84,1020.9691,-53423.82,2.37
2771,47.08,1055.2829,-39961.13,1.27
2772,65.08,1066.1159,-54108.74,1.3
2773,59.68,1016.6896,-47416.42,1.4
2774,48.24,1039.246,-51390.52,1.28
2775,49.2,1123.912,-45554.37,1.32
2776,33.92,1021.6316,-41286.89,1.32
2777,53.52,1050.5741,-51566.09,1.25
2778,57.24,1058.6114,-45474.92,1.33
2779,54.32,1006.247,-45037.11,1.18
2780,45.2,1017.1642,-47025.82,1.32
2781,49.6,1043.6267,-43720.95,2.47
2782,50.76,1056.207,-57436.14,1.26
2783,46.64,999.6778,-43141.89,1.39
2784,49.0,1028.4941,-43300.66,1.41
2785,48.32,1048.7988,-49563.1,1.35
2786,48.8,1008.941,-39274.44,2.29
2787,46.04,1014.5136,-59078.09,0.7
2788,40.56,1025.4306,-49438.03,1.4
2789,42.28,999.0214,-40975.44,1.19
2790,48.72,1064.345,-43859.55,1.33
2791,44.64,1023.1807,-49260.66,2.09
2792,39.96,1020.2108,-53492.42,1.28
2793,52.48,1027.3421,-45508.28,1.27
2794,41.6,1001.5114,-48978.42,1.42
2795,37.12,1042.3585,-51327.04,1.22
2796,45.6,1032.5801,-49389.57,2.19
2797,41.76,1068.4176,-49799.99,1.54
2798,51.64,1025.5474,-53297.94,1.4
2799,56.24,1031.5675,-49421.44,1.42
2800,34.4,1032.908,-46941.71,1.35
2801,52.32,1024.1641,-45313.17,2.27
2802,43.28,1033.1016,-51504.72,1.25
2803,45.92,1094.5576,-61351.54,1.21
2804,31.12,1008.7444,-54989.59,1.28
2805,47.56,1060.9563,-38212.03,1.39
2806,53.6,1015.6044,-55113.33,2.24
2807,44.24,1060.9709,-46243.75,1.34
2808,42.44,1032.871,-47498.05,0.77
2809,56.44,1054.5346,-49585.1,1.29
2810,51.28,1053.6505,-51322.73,1.41
2811,56.16,1043.3136,-38019.49,2.24
2812,42.28,1027.6403,-49511.84,1.29
2813,45.92,1025.213,-45537.12,1.38
2814,41.6,1115.5032,-49717.75,1.46
2815,54.76,1034.9058,-50954.84,1.35
2816,50.84,1020.6224,-49222.39,1.38
2817,49.96,1050.4892,-47654.89,1.17
2818,35.16,1009.6478,-49041.64,1.29
2819,56.72,1046.7613,-42090.45,1.34
2820,47.92,995.0626,-50970.04,1.36
2821,50.4,1080.8975,-44368.93,1.51
2822,52.8,1023.3052,-39071.31,2.31
2823,45.68,1119.2969,-56610.38,1.0
2824,45.2,1025.7466,-49284.42,1.36
2825,51.4,1034.3914,-47151.11,1.39
2826,52.48,1033.801,-41385.22,1.39
2827,53.52,1000.4487,-47087.25,2.08
2828,47.8,1043.4121,-41791.69,1.38
2829,53.28,1036.0269,-53600.54,1.32
2830,42.56,1016.3823,-47418.83,0.56
2831,53.76,1031.3315,-43518.53,1.45
2832,59.08,1027.8004,-50980.75,2.21
2833,47.2,1030.6802,-45392.1,1.4
2834,47.08,1072.193,-45894.03,1.38
2835,50.32,1013.5006,-51447.9,1.33
2836,57.32,1041.4076,-45566.03,1.42
2837,54.12,1001.6233,-51252.18,2.22
2838,43.72,1025.7137,-41077.86,1.34
2839,46.4,1007.9956,-51041.81,1.27
2840,45.28,1090.1424,-46533.73,1.42
2841,48.76,1013.9385,-47132.15,1.38
2842,58.72,1029.238,-49518.91,2.21
2843,46.6,1044.1936,-61585.92,1.34
2844,54.68,1056.7967,-53260.86,1.38
2845,48.4,1059.0528,-49248.39,1.44
2846,36.24,1012.8622,-50972.7,1.31
2847,45.6,1045.5325,-49837.88,2.24
2848,57.68,1052.8076,-49493.32,1.28
2849,34.44,1026.8006,-51532.56,1.14
2850,46.72,1039.1264,-51325.69,1.29
2851,52.48,1004.3078,-47062.27,0.68
2852,46.48,1072.8616,-47955.46,2.34
2853,53.24,1002.7808,-47110.34,1.32
2854,55.8,1072.6717,-53704.81,1.34
2855,46.88,1013.6351,-53094.5,1.34
2856,36.16,980.7589,-44734.24,1.38
2857,52.52,1052.9494,-45684.62,2.34
2858,49.64,1016.8578,-45236.38,1.16
2859,53.64,1066.8125,-47798.2,1.33
2860,58.96,1045.1709,-47559.58,1.38
2861,45.04,991.412,-52820.87,1.47
2862,43.52,1001.6486,-53077.03,1.39
2863,41.32,998.0248,-51036.61,2.4
2864,43.04,1084.9025,-41950.45,1.37
2865,43.88,1049.3853,-47367.39,1.45
2866,53.96,1073.8068,-55669.11,1.4
2867,49.6,1010.6462,-51252.35,1.21
2868,58.16,1009.8138,-57184.76,2.17
2869,44.72,1015.2695,-48870.96,1.2
2870,62.04,1215.1716,-58990.63,1.3
2871,49.04,984.3037,-50955.46,1.37
2872,54.28,1042.1404,-47479.22,1.38
2873,50.8,1023.5957,-43511.15,2.3
2874,48.32,1038.6319,-45351.43,1.34
2875,40.36,1060.1699,-53428.41,1.26
2876,39.36,1022.0728,-53366.74,1.2
2877,48.6,1023.3286,-43481.2,1.29
2878,64.68,1016.9178,-49313.92,2.18
2879,43.68,1002.7169,-41011.57,1.44
2880,63.68,1052.262,-43820.78,1.57
2881,54.84,1061.8188,-51913.82,1.46
2882,49.52,1048.5516,-55326.61,1.32
2883,47.44,1040.6156,-51946.08,2.57
2884,45.76,1029.3351,-47539.98,1.35
2885,47.4,1076.7093,-49838.53,1.38
2886,63.2,1062.524,-43882.66,1.34
2887,53.56,1067.0568,-49653.07,1.49
2888,45.8,1007.5154,-45179.01,2.5
2889,50.28,1003.1834,-51054.22,1.55
2890,53.68,1017.4182,-55312.18,1.42
2891,53.64,1053.9501,-47223.74,1.31
2892,58.4,1050.125,-49549.14,0.79
2893,41.76,1009.1194,-56933.36,2.32
2894,42.08,1040.0076,-49367.24,1.22
2895,47.04,1044.554,-54147.22,1.39
2896,48.2,1042.2899,-45713.13,1.47
2897,57.96,991.113,-55206.86,1.24
2898,51.8,1031.911,-45346.26,2.24
2899,41.28,1034.6108,-47802.53,1.5
2900,44.88,1031.5478,-57022.48,1.29
2901,55.16,1029.0584,-51432.41,1.45
2902,35.64,1024.905,-45623.35,1.33
2903,60.2,1059.3127,-48030.74,1.26
2904,52.72,1053.525,-55821.68,1.29
2905,56.92,1015.092,-45211.86,1.39
2906,58.52,1022.3628,-53055.76,1.34
2907,58.96,1005.5187,-49277.46,1.31
2908,52.88,1068.6762,-47780.58,1.32
2909,39.32,1036.3821,-41523.29,2.2
2910,54.36,1038.897,-41668.43,1.25
2911,41.64,1061.9931,-55665.18,1.41
2912,52.8,1036.4917,-43198.17,1.32
2913,47.8,1041.4871,-41830.0,0.72
2914,50.44,990.8098,-48807.16,2.15
2915,49.88,1025.0463,-43243.42,1.4
2916,42.64,1049.7955,-49805.1,1.23
2917,53.28,1059.2393,-50018.33,1.39
2918,42.52,1022.2078,-43558.55,1.44
2919,51.24,1034.2208,-45019.21,2.41
2920,47.48,993.5414,-56911.39,1.14
2921,51.04,1041.6026,-47604.03,1.36
2922,50.04,1030.133,-55504.92,1.37
2923,59.64,1017.227,-43315.01,1.39
2924,53.84,1023.856,-43077.12,2.11
2925,50.12,1041.016,-41945.63,1.44
2926,37.16,1025.281,-55124.35,1.37
2927,53.04,1075.7732,-52054.62,1.29
2928,35.0,1017.8295,-47291.99,1.36
2929,40.64,1022.8113,-49553.87,2.28
2930,39.4,1006.458,-52993.89,1.27
2931,31.0,1050.4555,-53678.97,1.3
2932,43.2,1080.1999,-50610.43,1.34
2933,52.52,1012.8779,-57085.51,1.28
2934,38.8,1074.1484,-42396.74,1.72
2935,45.52,1036.8549,-41617.24,1.43
2936,53.04,1024.8356,-55290.61,1.22
2937,42.72,1040.1972,-47685.89,1.57
2938,43.64,1028.6199,-55282.69,1.33
2939,51.24,1014.8268,-41238.38,2.64
2940,54.72,1054.3749,-49306.5,1.33
2941,47.24,1004.2308,-57077.31,1.23
2942,59.64,1022.386,-39341.62,1.37
2943,44.88,1005.9246,-43384.33,1.43
2944,43.8,1011.5757,-45188.16,1.35
2945,42.24,989.9076,-44901.34,1.22
2946,54.8,985.6751,-50927.79,1.27
2947,55.56,1020.2366,-49160.63,1.23
2948,58.44,1020.0518,-43391.42,1.24
2949,57.8,1027.7942,-57443.59,1.32
2950,47.08,1006.9041,-41259.31,2.14
2951,49.4,1006.6183,-50963.58,1.24
2952,40.16,1011.2677,-57007.19,1.42
2953,45.52,1070.2049,-50030.31,1.32
2954,35.36,1032.6603,-43397.07,0.58
2955,49.48,1003.7482,-42939.37,2.35
2956,48.52,1046.7001,-45532.83,1.34
2957,51.28,1100.3779,-54194.57,1.35
2958,56.12,1062.2587,-51417.77,1.28
2959,49.88,1053.6902,-43413.75,1.56
2960,44.6,1076.0012,-54039.6,2.22
2961,51.52,1018.6237,-61388.8,0.97
2962,49.2,1022.5052,-47637.63,1.29
2963,40.8,1024.1572,-53537.23,1.36
2964,26.92,1012.6542,-53237.04,1.19
2965,59.56,1039.0946,-45850.95,2.41
2966,42.4,999.5776,-59196.89,1.26
2967,55.72,1024.2774,-41496.89,1.48
2968,45.96,1063.2383,-46468.33,1.33
2969,61.64,1039.8571,-51658.43,1.35
2970,48.04,1037.2196,-57055.28,2.4
2971,53.32,1059.5977,-48069.23,1.32
2972,61.52,1020.6639,-51360.66,1.46
2973,45.2,993.4336,-46868.32,1.46
2974,38.6,1041.2678,-45757.04,1.42
2975,53.64,1076.8515,-44127.98,1.61
2976,51.28,1011.4139,-41254.59,1.31
2977,52.28,1044.317,-47424.38,1.29
2978,43.56,1006.8621,-53053.88,1.34
2979,44.96,992.7022,-46881.5,1.5
2980,48.0,1061.1746,-49528.03,2.33
2981,51.64,1020.7035,-47219.65,1.38
2982,48.12,1125.4519,-60113.59,1.47
2983,51.32,1032.3912,-51487.2,1.22
2984,26.88,1020.0878,-51229.66,1.34
2985,44.12,1082.3694,-53908.14,2.16
2986,43.56,1025.2002,-43479.18,1.42
2987,44.36,1048.5209,-41857.41,1.28
2988,53.52,1052.673,-46094.7,1.44
2989,50.84,1101.9994,-52144.76,1.43
2990,40.44,1051.8549,-53340.8,1.2
2991,48.72,1068.1449,-42050.46,1.99
2992,43.4,1007.728,-43334.26,1.2
2993,47.8,1023.0331,-31526.75,1.41
2994,51.6,1150.7564,-47155.53,1.28
2995,55.04,1004.8023,-47079.61,1.25
2996,49.4,1036.8208,-50977.71,1.48
2997,61.2,1009.938,-50812.29,1.08
2998,50.2,1069.6428,-45907.42,1.32
2999,65.4,1047.345,-51561.91,1.55
3000,44.72,1031.8074,-49017.61,1.24
3001,54.92,1004.0099,-53312.77,2.2
3002,37.72,1027.3065,-47382.16,1.26
3003,48.32,1055.2336,-37871.76,1.4
3004,43.76,1018.383,-61090.76,1.37
3005,49.0,1113.2916,-56209.02,1.33
3006,36.96,1069.8332,-53938.2,2.15
3007,34.64,1008.2638,-53169.64,1.35
3008,48.44,993.4066,-52752.67,1.23
3009,47.88,1037.2832,-51197.6,1.32
3010,34.56,1009.358,-47200.31,1.32
3011,46.12,1028.1783,-51610.57,2.48
3012,41.56,990.58,-50859.35,1.29
3013,35.32,986.326,-52893.5,1.3
3014,38.44,1018.4349,-41205.75,1.39
3015,51.2,1016.8938,-45264.44,1.47
3016,46.08,1084.9396,-57580.66,2.2
3017,60.96,996.3358,-49022.88,0.56
3018,39.44,1001.3664,-41129.76,1.36
3019,44.04,1020.4645,-53176.98,1.48
3020,47.04,995.8014,-41041.59,1.41
3021,54.08,1034.8676,-51306.49,2.21
3022,42.24,997.6808,-43141.86,1.32
3023,57.6,1018.601,-47350.1,1.38
3024,48.56,1021.5456,-49081.43,1.33
3025,45.44,1030.094,-57373.58,1.23
3026,49.8,1016.6215,-51241.72,2.37
3027,49.0,1029.8291,-37425.05,1.45
3028,50.24,1006.9552,-49120.69,1.49
3029,38.16,1048.3137,-51427.21,1.16
3030,59.44,1012.1171,-51058.23,1.52
3031,45.32,1002.7233,-48869.59,1.44
3032,42.96,1027.6571,-47510.28,1.41
3033,42.72,1034.3224,-45214.17,1.32
3034,42.16,1030.8215,-51411.71,1.34
3035,44.4,1012.9784,-45203.33,1.49
3036,44.08,1039.2546,-43457.83,1.33
3037,35.48,1031.7404,-49484.82,1.97
3038,44.68,1024.9885,-49387.6,0.76
3039,57.56,1033.286,-47472.56,1.32
3040,71.12,1006.4756,-46953.28,1.16
3041,51.52,1046.2132,-41928.68,1.36
3042,47.56,1009.1987,-47052.89,2.24
3043,37.8,1020.3296,-43198.98,1.4
3044,51.48,1042.3619,-55350.34,1.25
3045,44.68,1032.9025,-45652.21,1.29
3046,48.72,1019.2032,-41398.52,1.52
3047,50.76,1023.3039,-41210.38,2.1
3048,55.56,1053.367,-48076.85,1.32
3049,39.32,1032.1159,-57135.78,1.41
3050,53.44,1038.5038,-49531.81,1.32
3051,57.12,999.6066,-51045.26,1.4
3052,57.6,1043.9765,-51487.19,2.18
3053,57.36,1031.7151,-51479.96,1.23
3054,41.64,1038.5693,-41839.49,1.37
3055,39.32,1012.87,-49306.83,1.4
3056,46.8,1149.3091,-54395.75,1.41
3057,36.4,1023.6298,-53198.5,2.35
3058,49.36,1021.5271,-51058.19,1.56
3059,49.32,1070.4436,-46381.06,0.59
3060,49.16,1004.5645,-51159.17,1.26
3061,37.04,1030.1346,-51272.56,1.14
3062,56.88,1028.5863,-43629.63,2.43
3063,55.08,1037.2179,-43636.43,1.32
3064,43.84,1016.6788,-49352.64,1.27
3065,49.76,1052.1253,-55810.3,1.42
3066,51.72,1031.7198,-51577.45,1.36
3067,51.84,1003.1793,-49071.85,2.59
3068,42.2,1040.5796,-47157.9,1.25
3069,38.88,1035.9592,-57314.49,1.22
3070,58.04,1056.7973,-43506.78,1.41
3071,50.2,1038.0907,-45789.23,1.32
3072,64.24,1054.4969,-57630.07,1.51
3073,61.08,1024.3772,-41663.26,1.17
3074,46.16,1016.1949,-49013.12,1.51
3075,33.16,1059.8952,-59146.1,1.04
3076,40.2,1022.7038,-55439.14,1.3
3077,44.84,1018.8079,-51368.54,1.41
3078,40.6,1002.0617,-47159.99,2.36
3079,46.44,1009.9213,-51250.73,1.27
3080,56.68,1033.7075,-49586.3,0.6
3081,57.88,1031.366,-51325.92,1.39
3082,50.72,1110.3326,-54050.76,1.32
3083,51.12,1019.8225,-49061.84,2.27
3084,56.72,993.887,-44926.99,1.39
3085,50.44,1016.5147,-49186.03,1.43
3086,35.96,1023.7932,-49120.79,1.35
3087,55.0,1040.8214,-47851.92,1.39
3088,51.64,1032.5716,-59342.02,2.11
3089,42.6,1046.3412,-45676.46,1.41
3090,41.8,1012.9103,-53238.18,1.45
3091,40.28,1017.4437,-51510.75,1.39
3092,29.6,996.088,-52911.85,1.36
3093,44.2,1013.3246,-53343.12,2.19
3094,53.48,1018.171,-43200.8,1.28
3095,45.04,1037.9389,-47398.75,1.32
3096,48.56,994.5935,-48964.68,1.35
3097,55.12,1065.9528,-53522.34,1.34
3098,53.0,1040.5156,-53516.8,2.35
3099,41.2,1051.7867,-51750.32,1.36
3100,41.16,1020.7608,-41498.69,0.93
3101,55.48,989.4205,-46872.65,1.27
3102,60.12,1051.214,-49949.03,1.27
3103,53.36,1055.8358,-47723.04,2.57
3104,44.68,1034.6912,-47170.84,1.28
3105,59.28,994.9948,-49005.02,1.27
3106,49.32,1087.8947,-48077.81,1.55
3107,42.76,1044.6036,-52024.33,1.36
3108,50.0,992.9389,-51016.04,2.52
3109,57.2,1040.3903,-53490.71,1.22
3110,38.12,1123.0428,-53661.56,1.25
3111,41.6,1016.2692,-53090.97,1.43
3112,48.24,1055.3924,-51826.96,1.26
3113,48.28,1004.8686,-39089.68,2.34
3114,50.96,1001.3044,-49129.94,1.45
3115,53.28,1081.6211,-48055.56,1.43
3116,55.08,1006.8081,-53100.66,1.27
3117,46.4,1014.5543,-49222.85,1.51
3118,43.28,1029.4217,-53109.12,1.32
3119,43.52,1030.6643,-53376.02,2.24
3120,43.44,1028.8755,-53283.41,1.49
3121,52.12,1074.789,-48368.81,0.77
3122,36.72,1019.2544,-43389.21,1.45
3123,43.24,1006.9641,-51137.99,1.24
3124,55.6,1053.8429,-53719.04,2.25
3125,53.96,1012.3446,-45291.36,1.38
3126,49.44,1039.179,-47501.32,1.33
3127,44.88,1085.3854,-49964.69,1.24
3128,60.84,1049.8781,-43914.78,1.43
3129,56.6,1023.1855,-51227.06,2.28
3130,54.4,1009.5066,-41159.07,1.45
3131,61.72,1029.2556,-55220.15,1.38
3132,43.68,1108.4065,-50229.0,1.37
3133,41.28,1023.1858,-45352.52,1.37
3134,58.08,1046.2445,-45510.79,2.53
3135,49.68,1006.7359,-50976.54,1.29
3136,44.0,998.3798,-53157.29,1.35
3137,38.2,1025.7402,-47167.73,1.49
3138,40.52,1137.3978,-58353.9,1.24
3139,30.24,1031.734,-45659.63,2.32
3140,41.28,1054.4754,-53227.45,1.32
3141,36.24,1060.9666,-51912.39,0.69
3142,50.12,1020.2633,-39399.32,1.42
3143,52.36,997.8564,-42950.49,1.33
3144,50.2,1030.5581,-47142.48,2.34
3145,38.96,1012.1248,-45220.78,1.32
3146,55.4,1079.9004,-44102.52,1.4
3147,51.6,1011.3744,-47279.82,1.44
3148,57.8,1066.8281,-51486.76,1.3
3149,44.48,1033.4098,-51693.18,2.26
3150,58.44,1025.7543,-53317.71,1.18
3151,48.32,1071.1231,-49609.26,1.24
3152,34.6,1012.6667,-51285.31,1.37
3153,44.68,1070.39,-44447.12,1.43
3154,56.44,1049.8661,-51856.56,2.34
3155,59.68,1066.2349,-48028.52,1.34
3156,46.24,1040.8619,-53377.1,1.39
3157,52.88,1035.1023,-39239.77,1.39
3158,46.2,1101.3106,-46244.78,1.24
3159,29.88,1002.4204,-48953.52,1.45
3160,49.84,1048.207,-47720.45,1.25
3161,56.52,996.9923,-42821.34,1.38
3162,51.52,1072.566,-45785.13,0.84
3163,68.32,1004.8665,-42906.43,1.38
3164,49.68,1033.1571,-51651.21,1.29
3165,37.08,1046.4052,-51731.35,2.39
3166,54.72,1015.8112,-53235.92,1.29
3167,45.96,1051.369,-45915.0,1.28
3168,53.04,1008.4127,-51001.36,1.35
3169,52.28,1036.7036,-43260.59,1.57
3170,34.68,1096.4168,-52281.09,2.23
3171,46.92,1041.2562,-53316.07,1.28
3172,50.84,1034.564,-39445.7,1.4
3173,50.76,1039.93,-43625.18,1.41
3174,45.24,1040.9448,-47738.44,1.51
3175,51.96,1076.3226,-57329.6,2.46
3176,44.24,1090.3171,-51798.33,1.31
3177,35.96,1006.5318,-43246.83,1.34
3178,47.32,1006.83,-44752.21,1.28
3179,47.64,1039.9114,-52957.51,1.37
3180,55.92,1040.4419,-43605.37,2.42
3181,43.04,1038.6499,-41200.76,1.44
3182,49.24,1086.7161,-52329.15,0.65
3183,49.76,1001.4914,-44987.96,1.42
3184,42.44,1045.782,-53584.96,1.24
3185,45.72,1039.5803,-43946.81,2.15
3186,46.32,1053.5899,-49524.41,1.38
3187,40.16,994.3802,-51029.31,1.13
3188,41.64,1028.5385,-47580.52,1.29
3189,56.8,1088.8874,-50341.27,1.47
3190,52.64,1054.9865,-55582.84,2.27
3191,60.84,1033.5707,-41398.94,1.26
3192,47.2,1022.756,-42979.85,1.36
3193,58.4,1021.693,-47405.86,1.32
3194,34.8,1001.2933,-50857.78,1.36
3195,59.52,1028.4449,-47647.16,2.46
3196,51.28,1016.2245,-41265.57,1.35
3197,47.96,1056.5598,-49829.4,1.29
3198,56.96,1095.473,-44614.91,1.42
3199,45.04,1042.0144,-51402.44,1.4
3200,49.96,1019.2486,-51259.25,1.28
3201,44.48,969.1471,-52646.65,1.33
3202,37.6,1004.9487,-47066.64,1.37
3203,31.96,999.8525,-52922.02,0.8
3204,54.84,1050.439,-53128.64,1.37
3205,38.68,1013.2616,-53140.07,1.52
3206,43.16,1019.0356,-55214.38,2.22
3207,46.4,1134.5756,-53468.82,1.29
3208,50.84,1047.8633,-49665.05,1.42
3209,41.6,1042.8122,-47869.53,1.39
3210,46.44,1064.9917,-45544.93,1.24
3211,50.16,1052.811,-53115.49,1.96
3212,45.8,1030.3233,-41530.81,1.45
3213,57.16,991.8732,-53005.54,1.4
3214,42.04,1007.9243,-41163.43,1.32
3215,51.56,1083.4322,-60046.94,1.61
3216,36.32,1039.2737,-43944.85,2.26
3217,43.36,1022.7692,-37316.75,1.36
3218,46.28,1078.6875,-42421.03,1.21
3219,45.16,1017.4638,-37367.83,1.52
3220,44.52,1018.5673,-53229.13,1.24
3221,47.56,1051.1485,-45646.78,2.23
3222,56.0,1040.4892,-47792.32,1.29
3223,47.8,1016.4936,-64901.0,1.24
3224,39.04,1038.1608,-41752.18,0.84
3225,45.36,1034.988,-47285.83,1.28
3226,43.8,1030.0817,-51232.41,2.27
3227,56.28,1019.3887,-49409.82,1.3
3228,60.88,1074.7273,-51892.83,1.32
3229,48.96,1036.855,-49032.54,1.44
3230,51.8,1021.1536,-57331.56,1.43
3231,54.84,1000.675,-50795.84,2.27
3232,47.0,1041.36,-51409.43,1.48
3233,51.28,1020.8363,-51209.37,1.13
3234,53.8,1009.9489,-47057.71,1.45
3235,41.88,1030.0818,-43533.59,1.23
3236,52.56,1084.8455,-59258.47,2.24
3237,54.88,1010.0158,-49190.29,1.4
3238,52.4,1005.1648,-43119.01,1.49
3239,56.84,1054.0771,-37980.53,1.47
3240,46.88,999.1418,-49077.55,1.4
3241,49.76,1045.5024,-43819.16,2.39
3242,56.96,1013.1654,-53236.87,1.15
3243,37.68,1021.4651,-51234.46,1.36
3244,49.32,1036.6962,-49512.86,1.31
3245,50.2,1014.1122,-41126.16,0.83
3246,58.4,1049.779,-41855.35,1.4
3247,43.68,1043.0446,-47743.91,2.36
3248,53.48,1008.4041,-53217.65,1.0
3249,48.0,1039.1048,-45836.48,1.31
3250,62.24,1034.4296,-49697.98,1.42
3251,59.24,1032.8984,-51507.53,1.35
3252,54.0,1007.1435,-49161.07,2.34
3253,47.04,1076.0475,-46125.61,1.34
3254,50.88,1050.5688,-46178.61,1.54
3255,52.92,1083.4308,-47814.26,1.29
3256,59.88,1021.9337,-43304.98,1.48
3257,45.76,1075.8208,-51747.1,2.04
3258,64.84,1069.2593,-48044.02,1.3
3259,52.68,1028.3972,-51352.05,1.38
3260,62.68,1154.9639,-58285.29,1.23
3261,49.72,1096.0109,-48210.35,1.28
3262,47.2,1051.0985,-57154.03,2.5
3263,46.28,1100.7731,-44248.22,1.39
3264,57.64,1076.5099,-49863.81,1.44
3265,52.12,1046.1871,-48057.44,0.7
3266,56.76,1045.5911,-53630.73,1.51
3267,43.84,1006.4807,-35125.17,2.31
3268,52.24,1020.3389,-47472.33,1.33
3269,57.0,1022.4923,-43454.86,1.41
3270,52.88,1039.4749,-51551.31,1.32
3271,57.48,1031.4962,-53362.3,1.21
3272,39.48,1032.8173,-43540.31,2.31
3273,54.76,1014.471,-47255.69,1.44
3274,39.64,1002.6884,-43137.05,1.49
3275,40.28,999.2022,-51085.57,1.43
3276,41.32,1081.6195,-53697.71,1.4
3277,51.92,1062.742,-48206.46,2.3
3278,42.6,1039.3442,-55856.89,1.29
3279,52.92,1024.6702,-57109.77,1.15
3280,54.72,1055.7822,-49659.66,1.4
3281,55.72,1030.3368,-47389.9,1.47
3282,51.8,1057.0139,-43509.94,2.33
3283,53.92,993.9796,-51181.47,1.26
3284,54.88,1022.3392,-47283.13,1.31
3285,52.8,1022.9395,-41182.88,1.38
3286,54.64,1042.1376,-53529.48,0.6
3287,50.4,1020.2911,-41095.0,1.43
3288,37.72,989.4371,-52855.04,1.2
3289,48.72,1041.4952,-43416.54,1.27
3290,50.44,1021.7411,-53271.23,1.23
3291,50.6,1063.1688,-51776.08,1.27
3292,47.8,1041.4445,-50003.28,1.37
3293,43.04,1074.9843,-44294.8,2.41
3294,48.76,1008.281,-37153.02,1.35
3295,55.64,1033.3054,-45366.95,1.49
3296,54.4,1061.6021,-40320.6,1.43
3297,51.44,1011.172,-49366.41,1.49
3298,52.48,1026.7956,-55301.26,2.33
3299,47.2,1020.513,-47484.9,1.39
3300,55.68,1110.6045,-46104.09,1.34
3301,50.76,1088.1127,-58022.68,1.2
3302,45.04,991.8448,-40835.79,1.22
3303,58.56,1025.3142,-47294.57,2.21
3304,51.16,1014.5385,-48829.13,1.24
3305,50.2,1042.209,-49718.67,1.4
3306,54.04,1057.0312,-41768.96,1.39
3307,48.72,1009.9956,-46864.43,0.66
3308,46.16,1081.2456,-45774.17,2.4
3309,38.72,1016.3113,-49224.58,1.41
3310,40.44,1009.7591,-53014.24,1.52
3311,43.48,1019.3967,-51548.33,1.25
3312,47.48,1025.4179,-55667.23,1.44
3313,46.52,1049.1571,-52030.15,2.38
3314,35.4,1033.239,-57284.09,1.37
3315,44.4,1037.8439,-45539.13,1.3
3316,52.88,1045.9457,-53061.4,1.27
3317,48.08,1029.0856,-45619.27,1.4
3318,45.6,1057.0353,-48095.8,2.2
3319,38.12,1061.159,-51708.31,1.26
3320,46.12,1058.7654,-53861.49,1.41
3321,53.24,1048.2693,-45456.42,1.31
3322,50.96,1023.3988,-54997.97,1.35
3323,48.12,1031.2726,-51328.2,2.29
3324,48.44,1017.3615,-41436.27,1.37
3325,38.2,1001.2538,-50967.51,1.27
3326,42.12,1001.9178,-48815.03,1.41
3327,54.64,1033.7651,-51223.01,1.23
3328,47.48,1027.8978,-47134.35,0.78
3329,46.24,1021.1913,-49406.31,1.32
3330,50.36,1026.7866,-57145.15,1.2
3331,55.8,1051.7939,-51760.3,1.37
3332,49.44,1025.717,-55396.71,1.52
3333,47.4,1033.3122,-45454.28,1.54
3334,37.36,1021.531,-47140.95,2.29
3335,51.4,1068.9056,-50056.94,1.19
3336,47.48,1008.663,-55274.86,1.32
3337,48.96,1032.9409,-45611.14,1.48
3338,52.28,1029.2951,-49549.48,1.27
3339,52.2,1030.0806,-51265.4,2.23
3340,46.4,1014.7096,-49108.33,1.29
3341,42.48,1017.9186,-51297.83,1.25
3342,43.36,994.2631,-56803.04,1.14
3343,37.52,1038.5094,-49455.21,1.44
3344,44.04,1025.1859,-55361.75,2.1
3345,54.92,1024.3597,-49401.28,1.38
3346,54.64,1053.7961,-47812.75,1.16
3347,56.16,1008.4706,-43175.77,1.4
3348,32.16,1003.0091,-49052.66,1.28
3349,30.92,998.0735,-50999.96,1.63
3350,49.36,1018.8307,-49326.76,1.25
3351,47.64,1032.2126,-59160.04,1.31
3352,48.52,1005.9018,-50782.11,1.38
3353,51.08,1036.4246,-37651.84,1.59
3354,40.32,1034.5188,-49571.19,2.39
3355,53.0,1038.2113,-45593.99,1.38
3356,53.84,1024.0323,-47566.23,1.31
3357,67.48,996.4467,-54930.75,1.46
3358,45.96,1023.4863,-45371.36,1.27
3359,54.36,1017.9584,-49310.7,2.08
3360,51.52,1025.7859,-45370.07,1.39
3361,40.48,1081.0836,-47746.56,1.36
3362,47.4,1051.5586,-57272.61,1.32
3363,34.28,1082.6442,-48222.07,1.49
3364,34.64,1026.6958,-51390.18,2.17
3365,36.6,1057.6662,-55327.46,1.37
3366,53.76,1010.6056,-47070.0,1.42
3367,38.64,1024.7295,-49058.91,1.44
3368,53.84,1077.3594,-52001.09,1.46
3369,51.8,1050.4351,-51571.78,1.56
3370,52.24,1085.8901,-57872.44,1.42
3371,37.16,1052.663,-51367.48,1.37
3372,57.04,1008.4255,-47176.36,1.46
3373,41.56,1014.1042,-45363.85,1.42
3374,46.36,1049.9631,-51757.48,1.2
3375,50.88,1048.8296,-55473.51,1.99
3376,43.48,1020.7234,-39390.97,1.41
3377,56.88,1168.3199,-52430.4,1.37
3378,38.44,1021.6739,-49094.17,1.35
3379,46.56,1011.3095,-50991.04,1.46
3380,52.72,1008.9491,-37238.07,2.21
3381,50.12,1035.9807,-53243.39,1.3
3382,49.68,1029.1751,-55256.37,1.33
3383,36.2,1010.5404,-45204.57,1.3
3384,55.0,1007.7244,-41206.94,1.28
3385,34.44,1029.466,-53274.46,2.22
3386,50.16,1015.8319,-49090.96,1.21
3387,49.4,1015.4004,-45398.76,1.24
3388,48.08,1004.2346,-51093.95,1.43
3389,55.16,1032.9269,-49468.74,1.27
3390,52.44,1061.9124,-51639.63,1.63
3391,45.44,1024.2773,-55184.77,1.3
3392,47.68,1020.7096,-48963.18,1.61
3393,53.4,1056.5502,-49944.49,1.41
3394,53.52,1105.6735,-51880.99,1.42
3395,44.36,1035.4556,-61114.53,2.05
3396,37.88,1004.3834,-56954.01,1.39
3397,37.72,1003.847,-57015.93,1.39
3398,51.84,1036.4072,-51357.99,1.45
3399,51.64,1034.8308,-47719.23,1.52
3400,51.08,1010.883,-43156.04,2.23
3401,50.12,1024.7351,-55128.54,1.23
3402,41.12,1037.4113,-43704.73,1.33
3403,36.4,1026.1762,-47434.4,1.55
3404,42.44,1127.2406,-52667.26,1.36
3405,45.36,1063.3171,-44298.96,2.29
3406,48.52,1011.4232,-49080.97,1.06
3407,48.4,1013.8651,-53319.33,1.42
3408,49.88,1043.5098,-53528.92,1.28
3409,54.92,1017.0368,-51172.21,1.38
3410,41.68,1033.583,-43830.33,2.18
3411,52.92,1036.9777,-43532.33,0.77
3412,47.8,1008.4724,-48873.48,1.51
3413,46.44,1012.188,-49039.49,1.4
3414,45.2,1051.006,-43796.25,1.3
3415,57.04,1027.9076,-55242.03,1.22
3416,43.12,1008.9944,-53073.88,1.39
3417,38.68,1020.3235,-49165.27,1.3
3418,50.16,1003.3299,-51027.1,1.32
3419,47.52,1082.1468,-53998.83,1.27
3420,42.08,1038.376,-41598.74,1.4
3421,56.56,1027.3421,-39270.2,2.26
3422,49.96,1042.9001,-47944.12,1.38
3423,55.0,1005.2906,-51167.44,1.42
3424,54.4,1139.4736,-40991.92,1.42
3425,48.64,1042.4616,-45482.97,1.22
3426,57.12,1058.2156,-57717.93,2.2
3427,46.56,1004.5218,-44994.97,1.35
3428,43.4,1024.5114,-49377.54,1.37
3429,39.92,1018.9366,-47336.26,1.48
3430,52.88,1006.3357,-53347.18,1.42
3431,57.64,1021.4585,-53278.84,2.2
3432,50.6,1034.6081,-53611.64,0.76
3433,52.4,997.9669,-57003.55,1.17
3434,46.64,1083.9543,-50207.35,1.36
3435,54.0,1058.9267,-47878.07,1.45
3436,56.04,1025.835,-43206.56,2.21
3437,44.0,1015.872,-43261.99,1.34
3438,42.2,1035.3538,-53308.55,1.34
3439,48.36,1098.2884,-48128.28,1.33
3440,36.28,997.6672,-49026.89,1.44
3441,45.88,1055.1423,-57717.89,2.18
3442,34.04,1031.2519,-43330.32,1.31
3443,47.76,1110.2796,-55787.66,1.37
3444,45.6,1010.5622,-51204.41,1.38
3445,46.48,1090.3234,-36791.47,1.56
3446,42.0,1025.3508,-43279.83,2.21
3447,62.72,1031.0166,-47461.57,1.28
3448,40.76,1032.6884,-41388.73,1.36
3449,59.68,1036.6193,-39595.8,1.52
3450,43.04,997.352,-50828.06,1.34
3451,53.16,1004.301,-48843.3,2.36
3452,62.92,1025.4846,-57051.47,0.71
3453,50.2,1018.0591,-49315.25,1.3
3454,51.48,1088.8028,-52172.34,1.33
3455,48.36,1028.8067,-41673.28,1.38
3456,46.68,1021.2912,-57078.58,1.34
3457,36.16,991.4808,-50950.25,1.26
3458,39.56,1024.3524,-51316.92,1.46
3459,60.2,1019.9778,-50944.36,1.31
3460,55.08,1049.5762,-43651.92,1.49
3461,54.0,1020.0471,-47373.28,1.43
3462,57.12,1057.1708,-46146.33,2.18
3463,52.56,1150.7614,-52111.87,1.27
3464,57.16,1015.641,-45228.14,1.45
3465,43.6,1082.4771,-52317.74,1.25
3466,48.8,1010.2074,-41195.07,1.44
3467,34.16,1059.368,-43923.96,2.52
3468,35.92,1098.4868,-49602.78,1.4
3469,54.0,1081.3113,-49886.64,1.23
3470,57.52,997.6875,-44888.16,1.36
3471,52.0,1015.9784,-45180.74,1.57
3472,53.52,1020.0612,-39199.06,2.22
3473,54.56,1079.7683,-46230.1,0.75
3474,43.32,1006.9698,-53097.87,1.22
3475,53.32,1061.7863,-55454.68,1.45
3476,54.08,1021.115,-53190.44,1.24
3477,40.92,1215.5048,-46233.5,2.12
3478,35.72,1032.1814,-47839.55,1.11
3479,46.72,1042.3447,-47038.91,1.44
3480,55.36,1051.3951,-41907.48,1.38
3481,38.64,1020.001,-45218.24,1.41
3482,48.8,1026.6993,-47643.38,2.21
3483,39.68,1023.8676,-45548.4,1.24
3484,49.28,1017.9531,-49170.42,1.3
3485,39.92,1051.7338,-49836.42,1.39
3486,50.48,1064.8936,-51772.8,1.28
3487,55.24,1006.6428,-46703.71,2.01
3488,47.76,1027.6059,-49300.51,1.25
3489,55.24,1031.0064,-53166.46,1.26
3490,48.64,1052.6827,-43813.13,1.46
3491,37.12,1013.5462,-53379.71,1.64
3492,44.52,1018.5736,-39473.34,2.55
3493,47.96,1030.6274,-49138.82,1.3
3494,33.96,1006.0484,-47036.39,0.7
3495,45.48,1004.5396,-45039.28,1.5
3496,49.28,1023.2636,-51140.53,1.41
3497,47.24,1018.1347,-51125.82,2.24
3498,47.96,1013.2061,-45173.21,1.29
3499,58.68,1087.2946,-50512.58,1.49
3500,44.16,1040.1095,-55276.82,1.35
3501,47.28,1048.8486,-51354.91,1.32
3502,56.2,1024.5212,-43393.79,1.45
3503,37.4,1074.0572,-53928.78,2.22
3504,49.52,1020.4723,-45285.74,1.4
3505,48.36,1007.758,-51275.26,1.31
3506,49.88,1055.1436,-44283.3,1.37
3507,53.08,1026.636,-47417.87,1.42
3508,46.68,1037.634,-55347.69,2.07
3509,51.12,1076.1049,-48233.98,1.25
3510,55.0,1047.0656,-55577.64,1.19
3511,56.56,1140.3376,-52615.48,1.42
3512,47.68,1027.5226,-47398.69,1.24
3513,44.08,1004.812,-56909.68,2.02
3514,59.56,1031.8366,-53509.55,1.49
3515,38.04,1013.0179,-41118.31,0.79
3516,40.08,1042.8224,-46184.12,1.37
3517,42.92,1008.6983,-49002.19,1.29
3518,53.44,1043.6246,-41474.99,2.23
3519,48.24,1019.3068,-47402.7,1.33
3520,43.32,1020.6412,-49420.67,1.55
3521,42.56,1005.5838,-53121.31,1.38
3522,47.52,1005.1363,-39081.07,1.42
3523,43.68,1020.6253,-49289.45,2.31
3524,43.72,1012.4612,-49053.66,1.45
3525,53.0,1007.0939,-51043.31,1.35
3526,39.64,1029.1385,-39425.29,1.46
3527,52.6,1015.841,-39209.16,1.25
3528,51.68,1045.046,-51625.69,2.45
3529,43.2,988.3693,-56864.38,1.16
3530,62.52,999.7589,-52899.5,1.59
3531,48.32,1062.183,-43221.4,1.4
3532,49.56,1061.8862,-46348.48,1.4
3533,45.32,1033.828,-49547.19,2.31
3534,49.0,1067.3569,-48015.29,1.43
3535,49.44,1045.1401,-49564.53,0.71
3536,59.8,1057.4919,-44044.47,1.4
3537,50.0,1036.485,-41579.93,1.32
3538,36.64,1012.0822,-45264.13,2.66
3539,42.36,1070.9922,-51841.8,1.16
3540,32.2,1040.0159,-49515.74,1.25
3541,46.72,994.9266,-53152.06,1.24
3542,50.92,1042.9561,-59312.64,1.28
3543,45.44,1002.6576,-46917.59,1.41
3544,52.28,1019.2048,-57155.06,1.23
3545,46.6,1049.9539,-55566.43,1.22
3546,54.52,1046.1343,-43933.77,1.5
3547,45.28,1019.8316,-45047.16,1.3
3548,48.0,1016.3745,-49098.34,1.23
3549,49.32,1032.4346,-49175.12,2.41
3550,43.6,1037.8368,-43673.44,1.46
3551,50.12,1027.5378,-51542.99,1.36
3552,52.52,1032.6001,-47757.68,1.41
3553,46.72,1008.9014,-48986.32,1.31
3554,49.64,1009.5636,-59020.48,2.19
3555,51.36,1025.3959,-51495.42,1.33
3556,60.52,1026.3608,-47264.08,0.78
3557,53.08,1035.5162,-41803.31,1.42
3558,40.36,1048.0278,-47542.4,1.18
3559,42.6,1029.8277,-51673.11,2.2
3560,52.64,1006.1723,-46932.65,1.19
3561,49.96,1019.8979,-51528.12,1.2
3562,49.48,1116.2766,-61746.44,1.35
3563,30.64,1011.358,-45297.89,1.26
3564,48.08,1025.9601,-35578.95,2.18
3565,52.96,1054.1909,-47740.59,1.44
3566,58.44,992.676,-44988.29,1.27
3567,37.72,1026.0268,-45423.2,1.47
3568,51.84,1058.0517,-49951.04,1.29
3569,53.4,1042.5936,-55752.36,2.47
3570,54.32,1037.903,-49466.57,1.46
3571,39.92,1058.7275,-47722.55,1.3
3572,52.72,1180.0261,-50881.65,1.35
3573,50.8,1029.62,-39430.68,1.47
3574,49.8,1004.902,-50990.99,2.3
3575,45.08,998.3767,-53099.24,1.29
3576,43.92,1021.81,-55109.22,1.39
3577,51.68,1007.2353,-54940.65,0.7
3578,54.44,1017.5082,-49211.0,1.23
3579,52.28,1024.9815,-45282.55,2.43
3580,51.2,1072.9752,-53635.07,1.15
3581,36.76,1020.4934,-61323.7,1.26
3582,45.76,1018.7113,-41333.64,1.48
3583,64.72,1010.0897,-46947.73,1.58
3584,43.92,1031.334,-41426.44,1.37
3585,33.36,1043.9367,-49921.81,1.22
3586,58.72,1021.3332,-47201.89,1.31
3587,55.52,1019.4125,-47490.6,1.49
3588,47.48,1053.1432,-45853.89,1.44
3589,38.96,1015.8654,-45027.5,1.44
3590,44.68,1023.1071,-54932.73,2.22
3591,50.64,1040.2709,-49533.89,1.43
3592,42.2,1011.3276,-41221.24,1.38
3593,56.0,1030.3199,-41496.09,1.5
3594,46.24,1135.2663,-54490.32,1.19
3595,42.04,1091.2031,-56297.37,2.27
3596,47.64,1049.9887,-53592.61,1.4
3597,36.44,1030.0818,-49236.2,0.9
3598,50.08,1030.448,-56881.98,1.23
3599,51.04,1043.0138,-45716.92,1.55
3600,56.56,1022.1644,-47268.69,2.0
3601,52.16,986.4542,-48910.05,1.25
3602,56.0,1070.8679,-48007.9,1.27
3603,42.52,1030.1764,-49133.5,1.49
3604,40.12,1048.811,-41811.75,1.37
3605,55.16,1022.5639,-51513.87,2.16
3606,51.32,1060.8898,-51671.57,1.22
3607,57.44,1078.9082,-51729.97,1.08
3608,56.96,1032.1775,-51338.63,1.34
3609,38.16,1053.3286,-43759.14,1.58
3610,47.72,1064.3228,-59602.76,2.08
3611,57.4,1030.3872,-41582.74,1.48
3612,40.92,1071.8208,-54273.72,1.36
3613,36.16,1024.6365,-51382.51,1.34
3614,60.76,1062.4037,-50130.54,1.47
3615,50.68,1006.3239,-43195.7,2.22
3616,47.36,1030.0244,-55370.14,1.26
3617,47.24,1052.4123,-49674.24,1.45
3618,54.16,1080.9535,-50340.49,0.81
3619,55.92,999.2972,-45034.92,1.43
3620,55.0,1016.6817,-57154.7,2.18
3621,48.2,1022.7947,-49397.1,1.35
3622,53.0,1044.0295,-51434.19,1.49
3623,51.88,1012.8939,-41314.38,1.39
3624,46.8,1006.9902,-53091.24,1.31
3625,62.16,1084.3486,-48356.62,2.2
3626,55.04,1033.7038,-43483.79,1.33
3627,36.04,1016.5075,-51048.87,1.41
3628,52.68,1046.451,-43882.95,1.48
3629,45.84,1016.0534,-51545.04,1.29
3630,59.32,1035.7911,-47513.95,1.45
3631,44.52,1092.3797,-48340.94,2.21
3632,56.36,1035.0744,-47643.1,1.3
3633,44.6,1037.2083,-43812.91,1.36
3634,52.88,1010.4836,-43120.28,1.39
3635,35.24,1011.3286,-47172.36,1.4
3636,52.2,1019.9736,-57058.91,2.23
3637,39.84,992.949,-46995.19,1.34
3638,48.88,1058.8345,-57525.94,1.36
3639,52.32,1020.3338,-49218.19,0.71
3640,58.76,1009.1864,-49170.43,1.33
3641,55.48,1002.1395,-45038.09,2.34
3642,56.2,991.4877,-48883.47,1.26
3643,42.12,1036.0395,-47423.67,1.34
3644,50.84,1043.8354,-49805.8,1.48
3645,47.32,1053.2059,-45825.24,1.4
3646,42.88,997.8801,-41023.37,2.17
3647,38.12,994.1225,-47062.82,1.29
3648,46.76,1015.2916,-51450.5,1.47
3649,48.48,996.5114,-44962.7,1.43
3650,37.76,1002.0288,-49093.5,1.39
3651,50.36,1015.8768,-55395.08,2.14
3652,50.28,1027.2005,-51170.09,1.31
3653,40.56,1028.477,-49343.73,1.3
3654,52.12,1021.9948,-49179.68,1.4
3655,43.2,1049.0851,-39696.52,1.37
3656,45.12,1052.8474,-53604.92,2.37
3657,46.28,1065.9542,-53659.65,1.35
3658,40.08,994.4507,-42874.04,1.32
3659,40.84,985.3229,-50866.95,1.4
3660,51.4,1098.2816,-48836.61,0.72
3661,47.4,1032.1337,-47297.75,2.32
3662,31.6,1042.7452,-47902.48,1.39
3663,51.08,1022.5245,-43406.18,1.44
3664,56.84,1021.8078,-54979.64,1.27
3665,48.2,1029.8207,-51493.61,1.41
3666,47.16,1100.3166,-40666.56,2.3
3667,43.8,1085.7562,-51960.54,1.42
3668,44.76,1076.9118,-51772.52,1.41
3669,59.96,1006.2395,-43027.38,1.42
3670,44.12,1013.8772,-43240.62,1.49
3671,52.6,1014.5286,-47038.18,1.35
3672,40.28,1006.2574,-51194.21,1.16
3673,52.2,1013.1406,-53046.77,1.37
3674,45.48,1062.859,-57606.65,1.26
3675,37.56,996.3041,-51043.1,1.26
3676,44.32,1034.742,-39970.42,1.46
3677,37.88,1078.6974,-46202.36,2.39
3678,42.72,1024.7507,-45649.77,1.34
3679,58.28,1046.4619,-49602.01,1.23
3680,52.12,1027.2074,-47345.03,0.77
3681,46.44,1043.3916,-55584.8,1.13
3682,46.6,1003.7165,-52788.71,2.3
3683,41.04,1017.8397,-47175.19,1.43
3684,59.6,1033.7512,-51385.01,1.43
3685,57.04,1065.7411,-45856.92,1.5
3686,51.16,1080.9362,-46388.86,1.48
3687,50.2,1022.662,-49147.27,2.43
3688,44.32,986.7645,-42750.7,1.37
3689,40.64,1018.0497,-55158.41,1.35
3690,50.96,1031.2658,-41484.41,1.42
3691,50.68,1076.9229,-53634.68,1.36
3692,39.56,1039.1997,-47888.24,2.28
3693,55.32,1060.8739,-51780.81,1.31
3694,42.88,1018.4546,-47300.81,1.37
3695,40.64,1014.074,-41229.73,1.24
3696,46.8,1031.1386,-53247.3,1.26
3697,49.24,1045.6386,-55683.6,2.3
3698,47.84,1054.2786,-47793.89,1.41
3699,49.12,1079.756,-49857.26,1.36
3700,47.6,1028.2521,-47197.36,1.36
3701,46.08,1015.8067,-46901.6,0.61
3702,55.28,1023.8052,-49143.62,2.11
3703,54.56,1070.3775,-50421.58,1.25
3704,55.84,1008.879,-53260.95,1.31
3705,55.88,1038.0858,-49830.03,1.31
3706,41.44,1014.0329,-55331.78,1.45
3707,48.04,1019.5597,-49199.88,2.37
3708,50.52,1003.8238,-47199.69,1.3
3709,54.64,1102.8965,-46202.18,1.22
3710,38.36,990.3188,-54880.21,1.46
3711,48.04,992.9362,-40958.82,1.41
3712,48.44,1008.7161,-49002.91,1.46
3713,51.56,1037.0768,-47438.27,1.19
3714,50.32,1047.8931,-55952.95,1.46
3715,50.68,1011.8162,-55057.56,1.4
3716,59.36,1011.7673,-51139.3,1.39
3717,46.92,1043.9564,-41960.65,1.45
3718,48.64,1012.1129,-51314.22,2.39
3719,45.88,1045.3161,-45545.37,1.33
3720,57.08,1021.1826,-49106.4,1.36
3721,53.72,1006.5771,-47069.9,0.77
3722,41.68,1009.6688,-51068.98,1.32
3723,50.92,1065.3295,-53293.92,2.39
3724,44.64,1017.6092,-41302.06,1.48
3725,42.32,1012.162,-43335.04,1.42
3726,52.64,999.8256,-48950.14,1.37
3727,44.88,1011.8531,-41286.81,1.4
3728,47.88,1001.2185,-55082.35,2.32
3729,49.92,1002.0181,-52875.31,1.11
3730,46.96,1042.2061,-45542.99,1.38
3731,50.0,1013.1415,-51004.15,1.39
3732,35.88,1025.9556,-41566.11,1.4
3733,54.76,1008.527,-50986.75,2.08
3734,43.0,1023.2865,-55500.67,1.19
3735,58.04,1040.9529,-53088.82,1.28
3736,56.24,981.9869,-44770.32,1.37
3737,41.72,1029.9762,-51414.95,1.34
3738,52.08,1019.6192,-47478.91,2.15
3739,46.12,1016.5744,-45262.79,1.3
3740,42.0,1046.3286,-45656.93,1.42
3741,47.12,1041.9758,-45837.1,1.38
3742,59.64,1040.7794,-53555.78,1.07
3743,48.08,1001.6624,-46833.52,1.45
3744,60.92,1013.515,-51420.12,1.44
3745,54.52,1109.1496,-54166.76,1.43
3746,48.52,1025.4659,-43103.69,1.46
3747,57.8,1175.1774,-47741.31,1.37
3748,50.72,1014.7896,-45455.11,2.24
3749,46.04,1052.098,-47381.23,1.27
3750,40.16,1062.1239,-53995.45,1.44
3751,45.64,1031.3484,-49626.84,1.3
3752,49.8,1020.3733,-53315.07,1.38
3753,57.96,1018.0698,-49364.61,2.23
3754,34.92,1027.2652,-51686.38,1.33
3755,55.32,1016.5595,-53401.08,1.28
3756,45.2,1014.1671,-53218.81,1.25
3757,33.44,1000.424,-48954.36,1.43
3758,55.96,1057.2034,-55815.04,1.12
3759,38.92,1071.5646,-51914.42,2.13
3760,58.16,1049.5725,-49576.84,1.39
3761,45.92,1072.0134,-46350.05,1.45
3762,49.0,1000.6007,-41004.95,1.42
3763,48.2,1046.1184,-45582.09,1.25
3764,64.72,1037.7432,-49326.45,1.84
3765,52.64,1042.424,-47738.0,1.3
3766,45.92,1020.0225,-55311.24,1.4
3767,43.84,1002.0299,-50964.62,1.47
3768,45.88,1036.2682,-47488.4,1.52
3769,47.44,1044.7606,-45532.66,2.13
3770,49.36,996.6328,-48879.78,1.35
3771,43.44,1001.3985,-49191.57,1.38
3772,55.52,1059.0068,-53509.72,1.45
3773,53.84,969.7071,-52632.59,1.36
3774,43.04,1059.7894,-53523.43,2.23
3775,45.44,1013.8145,-47089.72,1.41
3776,48.88,1054.5606,-59718.77,1.37
3777,44.48,999.8947,-56979.18,1.11
3778,48.6,1035.3775,-51431.57,1.26
3779,39.16,1018.3543,-47284.89,2.45
3780,54.36,1032.0844,-57444.64,1.37
3781,41.68,1059.6148,-41749.49,1.46
3782,44.64,1021.2513,-47300.21,1.39
3783,52.28,1015.4248,-50973.17,1.32
3784,44.44,1009.6892,-49348.41,1.64
3785,45.48,1026.3598,-47329.68,1.58
3786,40.8,1015.1769,-49285.23,1.34
3787,50.8,1025.3018,-55054.92,1.36
3788,48.88,1014.7047,-41262.0,1.43
3789,45.92,1018.5612,-48989.59,2.39
3790,45.0,1008.159,-49209.35,1.24
3791,58.44,1054.2992,-51517.16,1.46
3792,44.92,1042.4628,-57546.85,1.23
3793,50.6,1181.9393,-47369.68,1.34
3794,60.6,1057.9028,-55393.66,2.15
3795,52.68,1061.274,-47791.0,1.38
3796,45.28,1012.7367,-47407.86,1.25
3797,55.72,1017.3954,-45072.24,1.39
3798,34.28,1026.1498,-47309.85,1.4
3799,55.36,1014.1499,-41149.08,1.36
3800,51.36,1019.4539,-47574.92,1.23
3801,44.04,1103.9294,-47814.73,1.25
3802,50.96,1059.0526,-43688.52,1.34
3803,48.16,1048.6274,-45714.79,1.32
3804,47.92,1032.1658,-49332.98,1.46
3805,41.92,1036.3262,-53049.23,1.61
3806,46.56,1076.3396,-48394.97,1.34
3807,62.2,1026.907,-49095.33,1.35
3808,48.48,1075.1206,-44236.06,1.31
3809,45.68,1050.6711,-42111.44,1.44
3810,57.6,1031.3249,-47201.07,2.12
3811,47.48,1017.9746,-51345.2,1.13
3812,51.72,1041.9255,-55142.79,1.42
3813,54.44,1026.7161,-43534.87,1.37
3814,54.96,1082.1974,-51733.76,1.21
3815,43.32,1018.9314,-53133.43,2.31
3816,56.52,1038.208,-42038.68,1.41
3817,48.92,1041.0543,-45522.08,1.36
3818,51.68,1041.5786,-49702.48,1.34
3819,52.2,1021.3412,-41296.98,1.4
3820,48.0,1025.9274,-43335.18,2.16
3821,31.48,994.3685,-44894.57,1.23
3822,33.0,1046.2854,-45883.65,1.47
3823,37.36,1029.1415,-37628.57,1.38
3824,52.04,1173.9939,-44024.88,1.29
3825,48.56,1038.9225,-49588.27,1.7
3826,59.28,1004.5743,-53078.61,1.29
3827,42.04,1015.1088,-51148.38,1.37
3828,44.64,1038.4109,-47256.62,1.29
3829,46.6,1037.9701,-51713.97,1.35
3830,40.28,986.8111,-52920.87,2.0
3831,44.56,1008.2056,-53035.31,1.34
3832,43.68,1014.5525,-41238.26,1.46
3833,58.44,1025.8483,-51384.68,1.36
3834,56.84,1012.4256,-57103.41,1.25
3835,50.48,1079.6928,-51412.17,2.19
3836,56.12,1033.8242,-43564.3,1.14
3837,53.88,997.4156,-52931.43,1.28
3838,42.48,1122.5876,-52519.02,1.37
3839,55.28,1012.7521,-51283.39,1.41
3840,48.64,1055.5262,-38300.34,1.36
3841,50.72,1007.2473,-49118.33,1.15
3842,45.28,1043.8587,-53666.55,1.23
3843,44.6,1022.6618,-43379.12,1.31
3844,50.0,1041.111,-49868.76,1.36
3845,59.28,1058.6006,-47783.41,1.44
3846,43.8,1034.1151,-45587.99,2.35
3847,43.08,1026.8886,-45221.22,0.78
3848,58.8,1049.2056,-49728.6,1.34
3849,49.6,1026.351,-49296.69,1.45
3850,46.56,1036.9429,-53523.84,1.38
3851,45.08,1024.257,-55203.62,1.98
3852,55.48,1050.8143,-49882.72,1.4
3853,53.28,1023.58,-59064.53,1.45
3854,42.48,1026.4939,-51488.32,1.41
3855,36.44,1004.3956,-41186.6,1.49
3856,51.52,1152.6874,-49102.52,2.38
3857,57.72,1024.9285,-55149.19,1.47
3858,53.44,1033.2166,-47499.83,1.23
3859,60.88,991.3345,-44989.79,1.32
3860,46.8,1078.9581,-44400.32,1.21
3861,48.16,1059.0398,-45827.52,2.3
3862,54.16,1043.2547,-55105.67,1.17
3863,50.8,994.1504,-51010.87,1.18
3864,56.8,1040.2356,-55652.92,1.39
3865,53.24,1014.8858,-43343.92,1.48
3866,43.12,1065.6698,-45941.84,2.39
3867,48.44,1032.2608,-39689.3,0.69
3868,46.76,1056.0314,-49499.18,1.17
3869,36.8,1052.3018,-53509.35,1.4
3870,51.48,1035.0728,-45707.17,1.37
3871,46.6,1015.4378,-47207.97,2.21
3872,47.96,1002.5599,-51129.64,1.32
3873,52.04,1106.2598,-53735.91,1.32
3874,42.28,1092.6001,-44294.26,1.35
3875,55.08,1002.2802,-48792.97,1.28
3876,52.52,1014.9836,-45029.41,2.29
3877,51.76,1079.7842,-44533.56,1.35
3878,54.24,1003.3472,-52830.77,1.12
3879,52.48,1100.2186,-44656.97,1.47
3880,49.68,1005.926,-44940.09,1.4
3881,49.88,1040.9669,-51655.47,2.2
3882,42.6,991.9418,-40783.41,1.43
3883,39.72,1000.3617,-46948.83,1.38
3884,45.0,1020.5853,-47266.69,1.46
3885,64.28,989.8983,-44899.23,1.37
3886,49.88,1096.1772,-54230.83,1.42
3887,42.04,980.9605,-48787.37,2.15
3888,33.36,1072.0642,-57916.65,0.71
3889,40.6,1011.476,-51347.96,1.5
3890,44.4,1107.648,-56185.84,1.29
3891,59.0,1054.0017,-57788.87,1.25
3892,49.56,1012.6974,-43267.23,2.12
3893,51.92,1097.5359,-48438.42,1.29
3894,53.76,1059.7632,-49825.89,1.42
3895,40.96,1048.8866,-47933.92,1.14
3896,33.08,1049.1596,-51484.53,1.34
3897,50.6,1038.0084,-47332.89,2.14
3898,50.8,1020.6423,-49605.86,1.32
3899,49.24,1061.9274,-45754.18,1.37
3900,46.44,1033.6319,-49563.79,1.42
3901,57.72,1018.9454,-51436.32,1.3
3902,42.84,1021.3309,-45508.08,2.17
3903,48.28,1011.4486,-47024.57,1.33
3904,43.4,1011.6966,-43222.36,1.28
3905,56.0,1023.0856,-47165.77,1.48
3906,54.48,1003.047,-41097.15,1.5
3907,57.24,1007.7144,-53078.1,2.15
3908,39.84,1022.3688,-51000.29,1.44
3909,42.96,1036.1665,-53141.68,1.34
3910,47.32,1054.7716,-35929.77,0.71
3911,45.56,1021.2234,-59167.35,1.38
3912,52.08,1046.8184,-57370.98,2.14
3913,50.8,1004.8803,-39160.07,1.47
3914,47.96,1006.7549,-51241.08,1.34
3915,41.48,1014.8289,-51330.8,1.4
3916,46.36,1022.4664,-49334.32,1.34
3917,56.92,1031.4718,-49178.39,2.15
3918,49.4,1005.59,-45216.92,1.36
3919,55.36,1018.5788,-45392.84,1.5
3920,41.36,1030.5383,-49376.76,1.37
3921,36.96,1015.3088,-51098.18,1.45
3922,43.68,1020.386,-45096.94,2.22
3923,53.04,1023.8544,-51288.05,1.27
3924,42.44,1038.1701,-37908.35,1.48
3925,60.44,1060.6479,-44363.62,1.54
3926,60.72,1023.2757,-47314.06,1.48
3927,32.08,1013.8496,-43122.68,1.41
3928,46.96,1040.6563,-47856.43,1.19
3929,44.4,1034.6805,-43457.85,1.41
3930,38.88,1005.6772,-55106.85,0.7
3931,49.28,1023.9993,-53228.19,1.26
3932,47.36,1035.0348,-49704.98,1.34
3933,67.12,1022.7534,-51163.94,2.07
3934,55.88,1036.4318,-45488.17,1.39
3935,51.12,1011.0248,-47110.18,1.43
3936,61.24,1072.0488,-50029.28,1.44
3937,51.68,1020.9785,-47372.43,1.38
3938,46.92,990.3497,-48932.82,2.16
3939,49.12,1060.1449,-59424.41,1.32
3940,52.36,1039.8029,-51519.73,1.29
3941,56.76,1057.5784,-63156.04,1.15
3942,44.56,1039.0828,-49489.67,1.41
3943,54.76,1068.86,-51496.16,2.17
3944,46.24,1046.8212,-53363.71,1.65
3945,42.84,1018.4084,-45335.23,1.47
3946,52.44,1041.9858,-49272.21,1.39
3947,55.52,1038.8951,-43404.46,1.5
3948,51.64,1095.4634,-46668.64,2.16
3949,45.8,996.6854,-47140.36,1.25
3950,47.2,1056.2892,-43936.56,1.35
3951,45.92,1030.3606,-47708.0,0.73
3952,58.28,1025.035,-45395.57,1.23
3953,52.08,1050.4892,-57630.78,2.12
3954,46.8,1020.4492,-43352.98,1.6
3955,53.04,1123.7604,-52422.89,1.33
3956,30.24,1093.3229,-51770.58,1.36
3957,46.08,1016.147,-53135.32,1.39
3958,51.16,1066.0626,-55221.75,2.28
3959,47.84,1032.9528,-47445.19,1.32
3960,49.28,1028.2028,-51435.39,1.33
3961,48.48,1033.2635,-45804.8,1.45
3962,47.44,1037.3617,-41605.42,1.22
3963,44.92,1050.7561,-42084.33,2.48
3964,45.6,1055.7816,-59150.96,1.13
3965,42.04,1017.646,-49212.51,1.33
3966,44.4,1052.4914,-43824.57,1.4
3967,50.88,1020.9728,-53181.39,1.3
3968,51.84,1069.3998,-46286.22,1.35
3969,46.56,1013.155,-37266.03,1.31
3970,59.4,1069.1947,-44353.31,1.46
3971,50.32,1038.873,-53198.15,1.48
3972,50.36,1077.2468,-40253.17,0.86
3973,44.72,1061.4364,-47836.38,1.3
3974,42.36,1043.2041,-45546.64,2.21
3975,49.6,1052.3682,-49347.78,1.33
3976,50.56,1007.1926,-55112.75,1.3
3977,50.08,1084.169,-57802.51,1.27
3978,57.8,1031.0647,-43474.57,1.38
3979,46.64,1032.4922,-43467.82,2.02
3980,52.0,1024.7352,-45469.02,1.47
3981,53.36,1036.9955,-57343.8,1.27
3982,47.96,1036.2031,-49251.31,1.19
3983,46.84,1017.3056,-47319.06,1.24
3984,50.36,1073.7526,-50470.96,2.34
3985,39.8,1038.6888,-48025.32,1.27
3986,49.16,1046.915,-43705.48,1.44
3987,47.52,1085.8236,-49914.4,1.32
3988,57.28,1055.7512,-39732.25,1.47
3989,41.88,1072.397,-41957.25,2.12
3990,52.52,1003.4872,-47107.5,1.27
3991,49.56,1023.9754,-51082.85,1.41
3992,41.08,1028.0537,-45489.41,1.26
3993,55.92,1063.1594,-53806.12,0.71
3994,54.04,1050.811,-53554.57,2.25
3995,49.04,1108.9886,-48357.65,1.36
3996,48.88,1150.5048,-56365.79,1.3
3997,53.88,1015.723,-45360.84,1.32
3998,56.92,1018.7919,-57037.44,1.27
3999,46.4,1245.0956,-50972.15,2.34
4000,56.68,1082.6815,-61885.13,1.36
4001,43.64,998.5238,-48946.42,1.31
4002,36.44,1072.0052,-42427.52,1.47
4003,48.04,996.6472,-50989.56,1.38
4004,50.92,1005.091,-44907.83,2.27
4005,39.56,1035.796,-43202.07,1.2
4006,47.24,1005.5102,-49183.96,1.36
4007,55.76,1036.1162,-47650.2,1.28
4008,51.24,1083.2341,-47821.85,1.29
4009,51.92,1017.9817,-41235.68,2.37
4010,45.0,995.3171,-40985.36,1.43
4011,55.68,1050.4279,-57538.61,1.04
4012,54.84,1050.0154,-55324.18,1.22
4013,33.12,1028.9033,-51542.37,1.34
4014,54.92,1083.0819,-50066.31,0.67
4015,47.6,1021.1918,-55019.86,2.12
4016,57.12,1040.2095,-47384.73,1.39
4017,55.52,1060.566,-51940.29,1.35
4018,56.68,1026.9552,-45524.46,1.36
4019,54.4,1017.2516,-53330.93,1.42
4020,41.68,1073.0622,-52010.67,2.23
4021,58.56,1028.2651,-51151.51,1.28
4022,43.84,1061.9191,-55359.24,1.45
4023,52.2,1043.8769,-49582.15,1.28
4024,36.24,1014.5301,-50961.92,1.4
4025,63.84,1023.8681,-45288.25,2.26
4026,45.48,1018.831,-41401.72,1.51
4027,60.36,1015.848,-53160.95,1.24
4028,66.64,1027.9324,-53412.53,1.31
4029,40.16,1068.7762,-57746.36,1.19
4030,37.08,1056.8926,-44488.02,2.37
4031,56.12,1021.9555,-53246.14,1.22
4032,45.96,1050.655,-61507.28,1.19
4033,45.2,1041.1676,-45481.69,1.45
4034,52.12,1029.4726,-59414.06,1.44
4035,44.88,1055.1147,-41792.55,1.67
4036,44.44,1026.5732,-55358.64,1.24
4037,55.48,1015.2028,-47327.11,1.38
4038,42.84,1010.6284,-53141.17,1.49
4039,52.48,1018.9736,-47347.38,1.24
4040,49.08,1025.5418,-53168.22,2.14
4041,54.44,997.3529,-48892.3,1.38
4042,45.84,1019.8958,-51122.89,1.31
4043,50.6,1026.1708,-41343.4,1.44
4044,47.6,1019.811,-43296.61,1.58
4045,50.72,1051.7244,-39812.62,2.65
4046,56.56,1088.5433,-50265.77,1.26
4047,44.08,1037.0827,-45967.44,1.41
4048,46.16,1020.4126,-51333.07,1.31
4049,48.48,999.2762,-44936.5,1.31
4050,49.12,1049.7472,-44092.65,2.22
4051,60.68,1030.3293,-49164.15,1.27
4052,57.24,1049.7213,-41627.56,1.36
4053,45.84,1050.6671,-55550.58,1.33
4054,48.36,1060.5273,-47980.01,1.43
4055,45.0,1014.1539,-53198.68,1.27
4056,35.28,1022.9066,-61323.7,1.35
4057,47.6,1042.2091,-47588.0,1.27
4058,48.52,1020.6782,-49221.16,1.36
4059,64.96,1083.4435,-49996.66,1.44
4060,51.0,1020.2817,-49305.81,1.38
4061,61.12,1048.4722,-59624.34,1.9
4062,43.64,1000.7472,-40991.17,1.37
4063,46.76,1032.6018,-37688.04,1.51
4064,43.8,1040.9126,-43895.46,1.38
4065,55.16,1017.2723,-41191.47,1.43
4066,55.64,1023.7976,-43519.83,1.46
4067,43.28,1056.3124,-48005.75,1.33
4068,40.96,1001.5098,-45162.53,1.24
4069,38.48,989.9087,-50720.21,1.32
4070,47.2,1034.627,-39308.12,1.36
4071,50.48,1044.4245,-45622.07,2.32
4072,53.76,1061.8401,-48367.36,1.35
4073,42.16,999.276,-50976.0,1.35
4074,47.56,1019.9751,-49170.12,1.4
4075,42.76,1022.1018,-51497.0,1.33
4076,41.24,1017.6747,-53139.02,2.23
4077,59.64,987.7244,-56919.66,1.37
4078,48.84,1020.898,-45241.15,1.42
4079,44.0,1080.0756,-53514.49,1.32
4080,52.92,1023.1508,-55108.84,1.27
4081,41.72,1055.9016,-51890.0,2.41
4082,46.6,1045.6663,-49498.91,1.2
4083,40.08,1013.4245,-53285.48,1.5
4084,47.36,1025.4231,-53452.94,1.26
4085,43.28,1005.934,-53020.44,1.49
4086,35.64,1009.0104,-45012.63,1.95
4087,41.52,1040.7977,-35596.15,1.27
4088,40.44,1020.6854,-43415.32,1.43
4089,53.6,1044.8875,-53353.25,1.3
4090,56.24,1007.4218,-43165.02,1.55
4091,46.8,1006.6488,-46857.77,2.18
4092,41.8,1024.4559,-41510.72,1.36
4093,49.24,1041.5412,-49386.55,1.46
4094,51.04,1075.1261,-47907.74,1.48
4095,51.24,1046.1213,-51255.53,1.39
4096,54.8,1059.7524,-51847.15,1.3
4097,38.08,998.971,-40980.87,1.28
4098,49.6,1044.6694,-45620.62,1.32
4099,55.68,1041.8323,-51417.05,1.33
4100,32.96,990.197,-62911.93,1.32
4101,52.44,1048.5721,-45736.4,1.5
4102,48.08,1021.2509,-55202.74,2.24
4103,60.8,1035.7383,-55103.35,1.36
4104,50.12,1084.9051,-42374.1,1.47
4105,33.88,1031.5766,-53528.35,1.48
4106,55.16,1038.2545,-51470.15,1.31
4107,48.0,1014.7463,-50963.1,1.56
4108,42.2,1073.1976,-42092.6,1.3
4109,36.56,999.5397,-53147.98,1.41
4110,44.36,998.3251,-50892.43,1.37
4111,42.76,1043.0236,-55294.97,1.38
4112,58.12,1040.261,-51624.49,2.39
4113,41.56,1016.8356,-45290.13,1.34
4114,49.24,1072.2218,-52028.19,1.34
4115,23.12,1044.9478,-57265.62,1.42
4116,52.4,1047.145,-45520.42,1.3
4117,38.84,1018.9684,-55308.1,2.08
4118,43.08,1030.8197,-53101.1,1.37
4119,39.68,1039.051,-49562.72,1.38
4120,48.44,1082.1017,-53830.25,1.35
4121,58.4,1008.9022,-49221.26,1.33
4122,66.16,1002.4445,-49057.05,2.39
4123,50.52,1034.1285,-39783.52,1.39
4124,56.12,1039.4602,-49592.88,1.37
4125,50.92,1050.853,-42082.59,1.39
4126,46.6,1026.9111,-55243.51,1.54
4127,51.0,1075.7849,-49775.41,1.63
4128,40.44,1048.4237,-49531.51,1.27
4129,47.16,1034.5057,-45815.45,1.35
4130,36.32,1053.9066,-55485.13,1.23
4131,41.32,1015.0068,-47254.67,1.38
4132,39.16,1007.1535,-53208.8,2.08
4133,42.72,1013.6929,-51095.94,1.4
4134,48.44,1003.5998,-46958.07,1.34
4135,51.52,1010.1632,-43177.88,1.43
4136,46.56,1089.9802,-47584.33,1.39
4137,53.84,1046.4492,-45639.16,2.3
4138,44.12,1045.676,-49294.31,1.3
4139,47.88,1021.9042,-43002.31,1.46
4140,49.8,1030.9606,-55290.44,1.31
4141,52.24,1049.7332,-45803.78,1.55
4142,48.72,1083.6275,-40512.56,1.5
4143,49.16,1050.6267,-47544.88,2.31
4144,44.44,1022.2755,-49582.12,1.16
4145,48.16,1017.4563,-45344.4,1.36
4146,49.2,1082.2439,-57805.17,1.26
4147,50.2,1028.2774,-39575.48,1.49
4148,47.8,1084.1772,-50144.94,1.84
4149,53.6,1019.8955,-43279.8,1.42
4150,55.08,1014.3156,-57206.03,1.38
4151,55.36,1014.5919,-49385.1,1.25
4152,31.28,1016.4953,-59245.41,1.18
4153,45.12,1019.0709,-41121.92,2.19
4154,52.84,1021.1332,-43339.89,1.37
4155,47.08,1027.3531,-51194.25,1.37
4156,52.84,1052.7339,-45692.92,1.4
4157,33.84,993.8012,-50844.97,1.33
4158,51.16,1088.5992,-46309.45,2.31
4159,52.96,1004.0461,-37220.88,1.37
4160,52.0,1037.9252,-54958.8,1.25
4161,44.28,1075.8181,-41888.3,1.5
4162,49.16,1023.192,-43543.42,1.42
4163,52.44,1043.7663,-49477.54,2.22
4164,53.72,1026.4104,-45423.91,1.32
4165,59.04,1039.0629,-43571.47,1.35
4166,51.28,1008.5921,-53298.21,1.39
4167,62.08,1054.9681,-53375.48,1.28
4168,48.92,1040.5389,-51619.59,1.66
4169,38.76,1054.2058,-48117.49,1.44
4170,64.72,1043.1972,-47923.45,1.46
4171,52.16,1020.0683,-53400.84,1.27
4172,44.76,1020.703,-49304.6,1.44
4173,46.6,1033.7908,-41635.67,2.3
4174,59.64,1042.5851,-43406.69,1.44
4175,44.92,1020.4789,-49448.52,1.32
4176,48.44,1030.71,-51173.98,1.35
4177,44.64,1020.3168,-53506.96,1.37
4178,41.56,1025.9831,-47496.53,2.27
4179,51.32,1054.406,-51623.83,1.13
4180,30.44,997.5228,-42970.0,1.52
4181,51.48,1034.9956,-49227.14,1.47
4182,45.76,1043.6982,-59044.72,1.37
4183,44.8,996.2178,-40858.23,1.3
4184,57.8,1059.674,-53871.14,1.22
4185,41.36,1038.1523,-43735.81,1.4
4186,55.92,1008.7026,-39296.1,1.49
4187,51.04,1026.8098,-41316.05,1.36
4188,41.72,1031.6568,-49362.9,1.61
4189,45.6,1022.7099,-39443.3,1.7
4190,46.32,1085.8756,-46420.47,1.33
4191,50.04,1032.2886,-43601.25,1.51
4192,49.04,1020.2964,-51299.65,1.24
4193,54.24,1022.4722,-49256.73,1.41
4194,40.2,1030.1078,-49808.45,2.31
4195,45.88,1001.5559,-48991.49,1.42
4196,48.88,1001.2328,-61057.55,1.12
4197,55.24,1023.5072,-47180.95,1.4
4198,41.92,1018.9812,-43162.49,1.36
4199,44.08,1025.7622,-49519.93,2.44
4200,51.04,1047.5081,-45504.66,1.3
4201,51.16,1038.5363,-45899.81,1.44
4202,44.8,1032.1361,-47316.4,1.38
4203,57.76,1058.6613,-42163.18,1.4
4204,47.96,1025.6388,-47353.81,2.31
4205,49.24,1028.4186,-43539.29,1.36
4206,37.64,1033.7275,-51407.05,1.28
4207,45.6,1016.2868,-47394.84,1.48
4208,51.52,1103.9763,-56081.82,1.29
4209,49.44,1026.0405,-51595.36,1.66
4210,52.32,1047.3195,-49850.26,1.42
4211,41.76,1012.8597,-47050.83,1.35
4212,45.0,1085.0357,-44886.41,1.27
4213,51.32,1014.4558,-51139.26,1.33
4214,42.52,1062.27,-53495.35,1.97
4215,52.68,1024.6105,-49430.97,1.34
4216,52.08,1035.1319,-45631.63,1.35
4217,55.56,1002.1047,-47129.77,1.38
4218,45.12,1134.6886,-44979.79,1.37
4219,50.76,994.1812,-50795.11,2.37
4220,47.48,1005.0253,-45120.83,1.3
4221,42.64,1035.7354,-43333.67,1.26
4222,60.04,1196.6695,-49343.49,1.36
4223,54.96,1026.5647,-51353.45,1.34
4224,41.56,1053.5383,-40204.72,1.48
4225,48.12,1036.5356,-47579.71,1.06
4226,37.96,1079.6995,-42187.67,1.38
4227,43.4,1002.4528,-49058.5,1.45
4228,58.08,1056.9521,-49727.68,1.32
4229,56.72,1002.9539,-49149.69,1.42
4230,59.88,1053.4907,-45577.15,1.58
4231,64.84,1091.3404,-42697.34,1.4
4232,52.88,1031.6241,-57420.05,1.33
4233,46.48,1050.7199,-43536.29,1.35
4234,43.08,1049.6817,-47761.54,1.46
4235,50.0,1056.6883,-47910.16,2.22
4236,42.2,1051.4088,-45782.36,1.3
4237,49.92,1017.1866,-49191.36,1.37
4238,45.12,1037.8746,-49386.21,1.35
4239,41.36,1023.2586,-47531.15,1.49
4240,53.08,990.7974,-46931.31,2.19
4241,44.84,1018.3616,-57180.11,1.36
4242,40.88,1011.4881,-47311.79,1.23
4243,53.2,1020.5947,-51247.63,1.3
4244,63.64,1015.865,-51141.62,1.44
4245,40.56,986.7346,-50776.78,2.1
4246,47.8,1016.1443,-49245.99,1.27
4247,46.28,1027.5547,-49229.58,1.25
4248,40.96,1098.872,-48155.23,1.39
4249,54.96,1031.8241,-41781.87,1.45
4250,57.24,1015.8344,-51238.27,2.32
4251,40.56,1039.554,-53587.17,0.73
4252,39.08,1058.1196,-53367.16,1.19
4253,52.52,1049.1426,-57638.35,1.2
4254,51.12,1014.2473,-51213.03,1.38
4255,42.04,1035.8361,-47181.78,2.18
4256,51.36,1054.0238,-53300.94,1.1
4257,49.72,1178.4239,-50637.48,1.2
4258,53.24,1091.704,-50127.88,1.39
4259,47.68,1002.0636,-50933.71,1.44
4260,58.48,1005.2522,-49084.59,2.24
4261,58.84,1004.6995,-41116.24,1.44
4262,47.6,1000.2467,-52881.82,1.46
4263,46.12,1006.5684,-49122.13,1.35
4264,53.92,1066.9241,-47713.17,1.3
4265,42.44,1003.6229,-51189.22,2.26
4266,52.6,1046.6729,-45859.14,1.32
4267,49.16,1009.0144,-55102.39,1.28
4268,47.52,1028.3452,-53186.72,1.27
4269,52.0,994.9206,-50889.58,1.21
4270,50.08,1104.6524,-42053.8,1.35
4271,56.32,1068.5882,-51722.7,2.12
4272,51.52,1043.7153,-53621.16,0.73
4273,55.68,1053.3834,-47919.09,1.47
4274,54.36,992.4956,-48905.25,1.44
4275,44.16,1046.4064,-51803.0,1.33
4276,68.8,1167.982,-56279.25,1.96
4277,49.72,1041.3635,-47399.28,1.21
4278,44.0,1030.154,-55134.15,1.22
4279,56.04,982.9368,-50738.6,1.44
4280,38.04,1032.4624,-47368.65,1.59
4281,53.52,1020.3845,-49441.58,2.28
4282,55.44,1033.353,-49733.63,1.34
4283,30.36,1048.4258,-55672.99,1.33
4284,48.8,1039.8076,-53258.65,1.47
4285,34.8,1034.1639,-53456.58,1.21
4286,51.2,1075.1538,-43912.48,2.25
4287,35.8,1007.7395,-43225.47,1.46
4288,46.0,1040.2278,-45466.86,1.41
4289,41.52,1038.4969,-51339.66,1.33
4290,41.0,1050.2392,-45729.6,1.48
4291,48.52,1015.1198,-41235.75,2.22
4292,42.8,1020.2336,-47135.26,1.44
4293,53.36,1094.4865,-54246.57,0.68
4294,38.64,1028.4228,-49479.28,1.42
4295,43.4,1012.5911,-45174.8,1.29
4296,46.6,1009.2581,-55080.8,2.25
4297,57.4,1025.8499,-47462.61,1.32
4298,38.96,1023.1399,-47085.04,1.25
4299,46.32,1010.3892,-53043.3,1.52
4300,48.8,998.8632,-53134.15,1.34
4301,65.36,1058.0856,-53507.02,2.6
4302,49.44,1000.6367,-46959.56,1.27
4303,57.72,1006.8033,-49238.6,1.21
4304,40.72,1045.2105,-41659.63,1.44
4305,49.04,1103.2333,-51478.34,1.29
4306,48.84,1045.2304,-49419.81,2.53
4307,46.84,1015.8154,-45280.91,1.23
4308,53.76,1047.7779,-45370.1,1.44
4309,38.52,1000.2554,-41004.48,1.42
4310,46.92,1011.0032,-44923.43,1.38
4311,52.08,1069.0692,-44354.75,1.38
4312,51.12,986.8406,-40670.58,1.22
4313,58.4,1069.3424,-46263.0,1.16
4314,40.76,1019.0925,-45223.4,0.82
4315,46.24,1045.3556,-53269.46,1.47
4316,34.04,1013.0626,-51030.85,1.37
4317,48.04,1013.7983,-45241.78,2.32
4318,61.08,1020.1613,-54968.59,1.51
4319,39.76,1029.7132,-49374.39,1.31
4320,55.2,1069.8176,-49828.1,1.39
4321,40.68,1016.566,-47521.42,1.49
4322,51.0,1035.1136,-55260.63,2.2
4323,33.8,1016.3261,-53127.51,1.3
4324,56.0,1006.4384,-46917.34,1.37
4325,46.28,1052.3567,-51612.32,1.39
4326,53.08,1081.4769,-46497.43,1.46
4327,61.6,1066.9728,-50030.08,2.46
4328,41.2,1021.3748,-55240.03,1.09
4329,44.0,1027.5729,-39394.17,1.49
4330,39.08,994.115,-46880.02,1.27
4331,43.84,1043.2612,-43686.56,1.37
4332,47.52,1028.9787,-49565.72,2.07
4333,45.52,1042.3502,-59513.89,1.33
4334,49.6,1039.5736,-41555.43,0.81
4335,48.28,1019.7573,-53619.74,1.24
4336,48.36,1045.6151,-51614.61,1.36
4337,47.36,1078.6842,-47856.68,2.28
4338,47.68,1132.0063,-44844.5,1.48
4339,58.8,1017.9804,-43315.12,1.37
4340,55.32,1098.2963,-54081.38,1.45
4341,45.12,1005.5436,-35210.71,1.43
4342,55.44,1061.2671,-47531.19,2.34
4343,60.44,1036.2163,-55885.88,1.45
4344,55.68,1021.071,-53382.78,1.18
4345,43.04,999.6497,-51029.35,1.29
4346,45.08,989.4475,-50842.58,1.3
4347,41.0,1014.1548,-47047.74,2.35
4348,35.88,1047.1436,-43920.24,1.19
4349,47.44,1066.9426,-51383.85,1.31
4350,49.88,1010.6414,-41209.53,1.44
4351,48.96,1006.5538,-37162.97,1.4
4352,52.68,1096.4339,-53972.8,1.39
4353,59.28,1049.4554,-45954.14,1.29
4354,55.32,1074.3622,-59568.06,1.19
4355,40.28,1035.6638,-53242.34,0.7
4356,42.28,1000.187,-51034.35,1.27
4357,52.24,1039.673,-47668.48,1.36
4358,52.76,1007.7525,-55140.07,2.32
4359,59.08,1029.8378,-49420.83,1.23
4360,46.68,1005.2503,-47088.75,1.31
4361,51.6,1029.3185,-43391.8,1.35
4362,49.6,1010.7458,-47000.42,1.36
4363,56.92,1051.6379,-53054.3,2.24
4364,53.96,1028.8164,-39733.74,1.43
4365,46.76,1021.7818,-49391.59,1.38
4366,40.76,1047.2103,-34082.17,1.48
4367,41.6,1044.7375,-37725.51,1.38
4368,34.6,996.1532,-48844.71,2.22
4369,49.12,1017.3841,-49306.95,1.33
4370,51.28,1056.504,-49765.69,1.35
4371,50.0,1026.1578,-45381.79,1.4
4372,52.72,1028.2554,-57019.42,1.26
4373,55.88,1023.6665,-41382.97,2.52
4374,48.32,1076.6973,-50275.29,1.32
4375,33.44,1001.2168,-43001.49,1.38
4376,48.56,1006.2201,-41206.04,0.8
4377,49.52,1043.7015,-49481.56,1.47
4378,47.12,1030.3047,-49675.01,2.43
4379,46.52,1005.925,-41247.78,1.44
4380,39.64,1087.6548,-55831.46,1.29
4381,40.48,1012.8916,-45368.04,1.44
4382,45.2,1045.5473,-47522.29,1.35
4383,51.6,1001.2376,-45142.52,2.43
4384,57.2,1018.4047,-45307.23,1.45
4385,45.88,1025.3954,-45335.05,1.44
4386,37.36,1050.1018,-49412.1,1.32
4387,37.52,1060.8883,-53299.19,1.44
4388,38.24,1040.3662,-47827.32,2.4
4389,47.72,1058.882,-55388.14,1.34
4390,43.16,1014.0366,-41137.16,1.3
4391,37.52,1035.7651,-47537.1,1.14
4392,54.16,1013.9268,-49171.66,1.24
4393,48.36,1001.2326,-47049.23,2.58
4394,57.8,1012.3899,-45262.84,1.28
4395,52.8,1041.6006,-49727.67,1.39
4396,43.16,1050.0345,-51426.45,0.9
4397,41.88,1039.0708,-47461.79,1.4
4398,52.4,1022.6398,-43222.36,1.44
4399,48.08,1035.1555,-61231.24,2.25
4400,41.44,1000.6767,-44990.32,1.35
4401,50.96,1011.1697,-51027.95,1.37
4402,50.04,1066.2706,-47837.29,1.37
4403,54.92,1071.2034,-48185.62,1.26
4404,50.36,1002.7175,-45058.92,2.36
4405,54.56,1070.7114,-44247.21,1.2
4406,38.6,1026.7952,-45281.55,1.43
4407,29.52,1026.3012,-51636.78,1.4
4408,53.84,1043.0866,-41840.06,1.25
4409,45.48,990.3534,-34840.91,2.4
4410,57.4,1069.2869,-50105.45,1.25
4411,47.2,1008.9334,-47049.83,1.3
4412,60.72,1053.5542,-51284.26,1.34
4413,36.36,1019.0033,-53342.64,1.4
4414,49.52,1067.721,-37880.48,2.33
4415,43.88,1027.1131,-37508.55,1.37
4416,41.0,983.99,-36730.58,0.85
4417,42.08,1044.2948,-51792.03,1.34
4418,49.68,1144.578,-49062.92,1.29
4419,51.24,1066.3072,-50114.35,2.58
4420,42.6,1015.7128,-43471.52,1.32
4421,53.24,1012.2395,-51312.8,1.38
4422,34.8,1014.127,-51206.02,1.4
4423,42.92,1034.7317,-55305.1,1.45
4424,49.24,1011.907,-43254.42,2.38
4425,35.96,998.4719,-57075.07,1.37
4426,53.0,1016.0818,-39154.5,1.43
4427,52.2,1027.6548,-51553.05,1.38
4428,44.24,1015.5308,-55016.5,1.42
4429,53.64,1086.7443,-48163.22,2.28
4430,42.04,1103.3912,-51632.31,1.3
4431,54.24,1043.9386,-57278.8,1.37
4432,46.72,1015.2972,-53106.07,1.39
4433,52.4,1016.9202,-45184.33,1.4
4434,52.08,1031.1155,-47352.07,2.42
4435,45.52,1024.2077,-49269.45,1.43
4436,46.12,1021.9741,-39172.45,0.71
4437,53.6,995.3562,-47138.68,1.21
4438,44.8,1001.1328,-48995.31,1.35
4439,55.44,1048.4456,-39928.81,1.46
4440,39.92,1046.9034,-51559.75,1.17
4441,44.88,1093.5137,-46207.75,1.26
4442,49.8,1034.4275,-47362.77,1.29
4443,49.36,1035.0213,-49634.15,1.42
4444,37.16,1052.2046,-53393.36,1.32
4445,49.44,1064.8592,-49814.64,2.22
4446,47.92,1009.6053,-39158.08,1.42
4447,59.96,1066.4504,-42292.21,1.39
4448,52.0,1047.5484,-59419.75,1.39
4449,51.04,1027.8832,-47426.66,1.4
4450,42.16,1055.6495,-44219.89,2.37
4451,42.32,1025.6531,-51496.06,1.25
4452,53.52,1013.3011,-55090.42,1.3
4453,51.92,1059.5134,-45587.42,1.35
4454,57.36,1045.4525,-53619.06,1.45
4455,53.28,1036.1458,-43125.7,2.37
4456,47.24,1026.6079,-55422.19,1.41
4457,53.8,1075.0249,-55770.24,0.75
4458,42.48,1030.7522,-47382.43,1.26
4459,42.08,1054.0308,-43806.38,1.45
4460,51.56,1030.3043,-53561.56,2.17
4461,43.56,997.4129,-52988.83,1.26
4462,52.68,1021.445,-57413.92,1.12
4463,42.08,1029.7181,-49380.34,1.48
4464,46.92,1020.3529,-43518.93,1.56
4465,49.32,1042.9605,-45742.33,2.27
4466,54.16,1025.8957,-57266.78,1.3
4467,50.04,1065.6592,-48174.6,1.32
4468,55.36,1004.6182,-47021.12,1.46
4469,49.16,1039.927,-41845.01,1.53
4470,37.36,999.6858,-51089.95,2.4
4471,35.96,1041.8341,-51895.96,1.38
4472,53.88,1037.8929,-47568.12,1.44
4473,58.0,1051.3781,-51529.12,1.27
4474,49.68,1064.9824,-47534.83,1.58
4475,58.16,1011.1044,-57174.82,2.08
4476,57.08,1015.5168,-53103.21,1.29
4477,33.16,980.2107,-44651.8,1.4
4478,39.84,1009.0342,-45196.95,0.67
4479,46.36,1034.2552,-43726.45,1.31
4480,52.2,1073.6293,-46409.27,1.39
4481,49.08,1004.3366,-47138.78,1.23
4482,67.56,1039.8198,-55072.06,1.38
4483,57.52,1015.381,-58998.82,1.48
4484,49.92,1011.1733,-55071.18,1.22
4485,39.72,1031.9584,-45598.06,1.35
4486,49.04,1010.1232,-47158.28,2.25
4487,32.2,1076.3606,-49837.63,1.51
4488,47.28,1047.2328,-43826.03,1.27
4489,46.68,1006.2943,-45005.03,1.49
4490,52.68,1029.1932,-53098.48,1.45
4491,44.96,1015.5119,-53310.55,2.12
4492,40.72,1023.512,-52902.47,1.32
4493,48.6,1011.9598,-53082.14,1.51
4494,45.36,1033.9983,-47595.75,1.49
4495,56.72,1107.0073,-54604.78,1.31
4496,58.4,1058.611,-53801.89,2.21
4497,57.6,1055.0526,-61416.9,1.18
4498,44.56,1061.6494,-57575.25,1.29
4499,52.4,1063.1244,-48283.69,0.74
4500,40.28,1059.6048,-49664.09,1.36
4501,50.96,1081.9631,-50267.55,2.19
4502,47.24,1044.9071,-53267.36,1.22
4503,44.2,1026.5418,-55625.3,1.35
4504,51.08,1044.6876,-46153.62,1.35
4505,49.44,1093.7814,-46025.59,1.38
4506,54.04,1025.5202,-53321.39,2.11
4507,55.04,1012.3338,-43245.87,1.24
4508,33.04,1023.8297,-47397.49,1.25
4509,42.64,1058.111,-47525.72,1.34
4510,51.32,1042.4983,-49344.53,1.27
4511,50.56,1014.971,-43234.84,2.42
4512,51.0,1133.064,-56433.42,1.34
4513,44.64,1001.8068,-55292.57,1.14
4514,50.84,1003.7678,-41092.57,1.45
4515,40.52,1134.6635,-56060.34,1.16
4516,50.24,1033.3793,-49490.66,2.34
4517,39.52,1034.4403,-41597.01,1.32
4518,43.4,1043.8285,-53366.93,1.35
4519,41.76,1021.2762,-49472.3,1.35
4520,56.4,1014.9786,-43340.82,0.77
4521,56.4,1034.0748,-53444.27,2.48
4522,53.84,1031.12,-49687.99,1.37
4523,39.0,1022.4294,-39357.7,1.37
4524,35.32,1018.7856,-47274.95,1.33
4525,45.64,1011.3084,-49224.95,1.17
4526,48.08,1072.0575,-44192.91,1.32
4527,46.92,1004.7946,-47001.94,2.1
4528,49.72,1013.4285,-51253.06,1.35
4529,54.96,1006.6155,-46901.46,1.23
4530,58.52,1092.6088,-49988.32,1.36
4531,33.12,1025.2746,-47331.67,1.38
4532,47.48,1026.1884,-57276.73,2.22
4533,43.52,1111.3621,-54204.68,1.47
4534,42.68,1048.2166,-51723.67,1.39
4535,58.6,1094.7494,-44391.59,1.45
4536,48.88,1019.1278,-41530.12,1.36
4537,58.92,1060.481,-47675.26,2.11
4538,41.44,1035.872,-49680.58,1.39
4539,47.44,1053.7169,-55560.03,1.28
4540,50.0,1015.6403,-50965.95,1.37
4541,60.72,1044.4439,-57204.98,0.7
4542,42.48,1056.7017,-47334.39,2.28
4543,46.44,1057.4536,-40328.61,1.42
4544,49.92,1002.1814,-45060.89,1.4
4545,58.76,1060.1572,-40345.23,1.29
4546,58.16,1043.588,-57339.3,1.24
4547,44.0,1004.9409,-45076.69,2.09
4548,52.32,1031.2712,-51370.68,1.24
4549,47.52,1000.8761,-57064.21,1.4
4550,58.64,1030.3774,-45784.27,1.46
4551,46.28,1053.0153,-45710.16,1.34
4552,59.96,995.7293,-42963.25,2.18
4553,46.24,995.1954,-44722.64,1.59
4554,46.48,1018.2088,-45267.74,1.38
4555,49.88,1033.3791,-47411.72,1.31
4556,40.16,1031.4678,-39523.75,1.34
4557,34.96,1022.4779,-45379.94,2.25
4558,37.4,996.0587,-46980.66,1.6
4559,39.92,1007.9075,-43295.11,1.26
4560,41.04,1010.9748,-53125.9,1.33
4561,38.96,1046.1053,-47548.91,1.45
4562,46.56,1035.5944,-49352.25,1.69
4563,42.88,1053.9175,-49652.62,1.33
4564,58.08,1021.4775,-58949.63,1.36
4565,59.68,1024.2835,-55282.39,1.36
4566,49.16,1066.1845,-45748.87,1.47
4567,39.68,1047.913,-51217.49,1.27
4568,57.2,1096.2565,-51522.58,1.11
4569,54.2,1010.596,-45165.14,1.38
4570,39.72,1048.1372,-55358.76,1.31
4571,27.44,1043.2826,-51478.74,1.28
4572,49.12,1003.5377,-57072.77,1.3
4573,49.72,1067.1278,-48025.63,2.38
4574,40.96,1008.9222,-47262.46,1.41
4575,50.88,1110.0678,-46832.34,1.36
4576,55.76,1080.5921,-42696.79,1.28
4577,49.8,1005.0956,-45127.19,1.24
4578,44.76,1020.5654,-47238.2,2.15
4579,55.4,1018.6853,-54977.28,1.29
4580,53.28,1071.9403,-53698.57,1.42
4581,52.56,1011.4928,-43449.71,1.47
4582,49.16,1027.8395,-49498.78,1.29
4583,46.04,1036.3452,-42005.63,1.65
4584,60.04,984.9766,-52949.98,1.17
4585,54.68,1020.7721,-51526.2,1.24
4586,36.08,1009.3068,-43339.28,1.45
4587,54.36,1113.2949,-52657.08,1.28
4588,44.96,988.7327,-46865.52,2.37
4589,47.6,1022.725,-47340.5,1.38
4590,51.64,1034.9893,-51264.51,1.34
4591,49.8,1046.7722,-51643.07,1.38
4592,55.64,1005.7786,-57165.71,1.28
4593,44.2,1024.2983,-45373.33,2.42
4594,52.72,1090.227,-49752.34,1.48
4595,35.56,1025.524,-51346.35,1.3
4596,59.64,1031.1707,-55209.36,1.32
4597,42.48,986.6666,-44890.62,1.41
4598,44.04,1008.0528,-46993.54,2.18
4599,41.8,1029.8538,-49519.79,1.2
4600,42.48,1009.6123,-52859.71,1.27
4601,48.32,1005.945,-43174.37,1.47
4602,37.88,1047.9206,-59043.74,1.36
4603,47.64,1042.5857,-47883.56,1.73
4604,56.0,1023.3194,-49393.41,1.59
4605,34.0,1007.3096,-49102.73,1.09
4606,52.88,1025.8913,-47077.27,1.31
4607,48.48,1001.7324,-53228.28,1.29
4608,46.92,1033.1722,-51306.55,1.38
4609,48.52,1060.1691,-49727.58,1.33
4610,61.4,1040.0656,-49529.69,1.37
4611,48.6,1009.8155,-47168.74,1.38
4612,38.72,1027.1699,-53247.78,1.18
4613,45.84,1008.0975,-53290.01,1.5
4614,48.72,1017.5818,-45169.24,2.24
4615,39.4,1060.9465,-43466.53,1.41
4616,45.88,1062.9123,-47741.19,1.46
4617,52.24,1038.7452,-49240.98,1.24
4618,51.76,1027.857,-55223.37,1.35
4619,48.8,1035.0626,-51409.91,2.24
4620,52.64,1020.6415,-43123.62,1.45
4621,58.92,1084.2984,-48186.96,1.45
4622,40.88,1047.8798,-47789.52,1.37
4623,53.28,1026.65,-51647.82,1.33
4624,36.44,1000.8264,-50965.54,1.53
4625,51.0,1099.2322,-48294.58,1.3
4626,34.2,1014.7668,-49211.96,1.43
4627,37.96,1065.6886,-51473.4,1.43
4628,46.92,1061.0324,-50167.86,1.23
4629,61.0,1017.7929,-45408.56,2.29
4630,56.32,1052.1426,-40187.43,1.32
4631,53.2,987.1126,-52810.42,1.33
4632,56.12,1045.9858,-43514.39,1.51
4633,43.88,1021.0218,-47261.74,1.37
4634,45.52,1031.0936,-43773.56,2.31
4635,46.72,1051.2604,-47786.21,1.39
4636,55.8,1137.0956,-43563.95,1.31
4637,40.4,1058.9185,-40155.98,1.43
4638,52.8,992.7166,-44811.6,1.36
4639,38.72,1052.4411,-47644.59,2.24
4640,44.96,998.6496,-36837.54,1.43
4641,35.76,1016.8571,-45124.88,1.39
4642,50.2,1110.0467,-49350.57,1.13
4643,58.44,1049.1917,-27856.84,1.37
4644,42.64,1050.4314,-39594.32,1.62
4645,44.84,1027.5863,-41518.93,1.42
4646,43.68,1027.7716,-49646.8,1.4
4647,37.84,1023.974,-43536.61,1.35
4648,51.0,1033.034,-51221.87,1.43
4649,51.44,1062.7704,-49880.72,2.34
4650,43.04,1034.6029,-47529.95,1.52
4651,43.12,1021.0071,-49467.95,1.56
4652,57.44,1040.8958,-47390.25,1.53
4653,59.24,1010.2942,-44812.79,1.44
4654,44.92,1043.0537,-49821.32,1.44
4655,44.32,1013.5638,-59117.74,2.27
4656,43.64,1010.5622,-43385.77,1.26
4657,43.72,1016.4876,-47033.44,1.41
4658,41.84,1057.0836,-51551.15,1.51
4659,49.88,1016.4712,-37158.39,1.45
4660,41.6,1024.4812,-47297.48,2.18
4661,54.6,1002.5112,-41126.0,1.38
4662,33.36,1026.8556,-49720.97,1.37
4663,47.2,1032.378,-41488.89,1.37
4664,61.44,1094.918,-54181.31,1.42
4665,46.16,1041.8091,-49498.02,1.68
4666,47.32,1082.3698,-46235.77,1.34
4667,45.32,1036.4254,-49626.47,1.4
4668,40.92,1046.6056,-49240.44,1.32
4669,50.16,1058.5516,-52191.93,1.37
4670,53.96,1049.9778,-57538.58,2.2
4671,49.4,1047.5961,-51380.01,1.29
4672,42.16,1063.7964,-44008.57,1.2
4673,50.68,1093.7232,-48240.45,1.38
4674,54.96,1024.6726,-51342.18,1.37
4675,59.6,1079.4521,-42732.3,2.18
4676,47.96,1024.0005,-53340.32,1.28
4677,45.28,1100.9706,-52270.26,1.24
4678,52.12,1028.8303,-45312.82,1.33
4679,47.56,1068.3974,-49114.88,1.25
4680,37.84,1012.3152,-41254.17,2.17
4681,43.24,1058.2813,-48252.47,1.35
4682,44.68,1033.3095,-41550.23,1.38
4683,43.76,1014.1207,-47080.71,1.41
4684,40.04,1020.4292,-47020.16,1.27
4685,51.0,1011.2942,-45563.35,1.42
4686,50.08,1034.8369,-45797.97,1.35
4687,44.96,1042.9459,-51581.04,1.13
4688,55.76,1007.2395,-51064.92,1.55
4689,41.8,1056.936,-46040.16,1.48
4690,45.76,998.4108,-50999.69,2.25
4691,59.76,1058.453,-57536.86,1.37
4692,51.12,1046.7784,-57287.78,1.48
4693,46.08,1094.5166,-52279.6,1.4
4694,54.36,1029.7866,-53154.02,1.16
4695,48.72,1040.9016,-47645.51,1.4
4696,60.12,1013.0766,-49193.41,1.19
4697,60.6,1007.5987,-45126.62,1.32
4698,40.28,1051.53,-47786.98,1.49
4699,42.48,1055.9402,-45681.58,1.66
4700,40.76,1007.1435,-49288.82,1.26
4701,62.64,1003.9063,-47046.3,2.13
4702,46.92,1029.095,-57266.49,1.22
4703,40.92,1000.906,-48936.82,1.3
4704,42.52,1032.1398,-55427.15,1.4
4705,35.48,973.0992,-50640.52,1.41
4706,52.68,994.926,-52924.3,1.56
4707,48.12,1115.6593,-54130.82,1.25
4708,49.8,1030.6942,-53641.9,1.49
4709,44.76,1036.9302,-45559.44,1.53
4710,51.52,996.5362,-49063.16,1.34
4711,57.4,1043.4844,-41832.16,2.34
4712,45.64,1026.8179,-55126.01,1.38
4713,39.4,1061.8992,-44380.25,1.41
4714,37.44,1067.1232,-55796.54,1.28
4715,37.92,1029.1052,-49368.25,1.36
4716,44.72,1053.2837,-47713.61,2.25
4717,35.4,1025.5152,-49212.1,1.26
4718,33.4,1051.81,-59516.93,1.15
4719,42.44,1021.2656,-45475.81,1.31
4720,46.0,1034.0951,-43367.42,1.54
4721,50.68,995.1192,-48909.15,2.11
4722,42.28,1047.4397,-51384.37,1.24
4723,47.28,1041.9838,-49451.41,1.48
4724,39.08,1066.6125,-40244.63,1.45
4725,38.16,1099.7701,-53728.64,1.29
4726,50.92,1026.9892,-51337.36,2.2
4727,56.44,1006.411,-47208.32,0.71
4728,53.92,1070.2136,-55134.61,1.41
4729,36.92,1052.2748,-51823.68,1.43
4730,53.44,1045.2046,-43837.27,1.22
4731,34.76,1053.7041,-42064.65,2.35
4732,34.32,1009.2966,-43041.91,1.37
4733,53.52,1065.6452,-55357.18,1.57
4734,41.72,1040.6746,-51463.78,1.35
4735,28.4,1013.989,-51423.32,1.41
4736,54.04,1019.7536,-49285.42,1.4
4737,48.76,1021.1474,-51362.39,1.14
4738,56.8,1196.398,-55158.06,1.32
4739,58.72,1032.0494,-53127.95,1.34
4740,58.36,1010.8861,-43075.21,1.39
4741,52.96,1023.8076,-51229.75,1.6
4742,47.36,1031.8025,-51132.66,2.18
4743,24.32,1006.2316,-55111.69,1.39
4744,51.48,1046.3911,-40029.87,1.41
4745,50.96,1025.2538,-45379.46,1.27
4746,53.64,1039.4754,-53371.87,1.36
4747,46.68,1033.9945,-49226.25,2.35
4748,35.32,1012.7495,-53103.49,0.76
4749,41.72,1047.2151,-53667.27,1.54
4750,52.92,1019.0026,-49257.81,1.52
4751,32.08,1071.4001,-44341.24,1.38
4752,37.8,1033.9919,-55266.73,2.21
4753,43.92,1040.9212,-49172.32,1.2
4754,41.6,1063.8248,-53619.88,1.4
4755,44.0,987.6148,-50929.84,1.31
4756,49.12,980.0061,-52859.14,1.35
4757,49.6,1031.9904,-39347.73,2.18
4758,41.56,1014.7078,-45466.24,1.47
4759,40.96,1015.7952,-45318.48,1.4
4760,44.92,1060.7025,-43937.03,1.49
4761,58.12,1050.2551,-48028.0,1.34
4762,49.16,993.2386,-44968.54,2.09
4763,43.16,1016.0188,-49195.35,1.35
4764,48.04,1047.171,-48075.42,1.34
4765,50.56,1022.8748,-59118.15,1.22
4766,45.36,1069.879,-49795.99,1.36
4767,51.52,1058.0118,-45574.94,2.11
4768,52.72,1042.2467,-43586.44,0.72
4769,53.68,1220.731,-57438.62,1.43
4770,56.04,1011.5986,-52869.08,1.49
4771,52.64,1017.5855,-47432.5,1.43
4772,55.8,1011.1301,-45211.86,2.22
4773,36.92,1035.624,-53352.03,1.34
4774,51.4,1043.0736,-49645.02,1.25
4775,55.24,1081.1344,-49542.21,1.36
4776,46.64,1013.1626,-45206.75,1.47
4777,52.44,1046.3841,-53815.07,2.29
4778,50.8,1069.63,-55754.26,1.22
4779,59.6,1005.8456,-49148.84,1.36
4780,57.32,1014.4028,-41340.1,1.36
4781,57.12,1033.3109,-43481.73,1.34
4782,51.52,1042.494,-41545.13,1.42
4783,39.48,1038.0611,-49719.9,2.19
4784,47.6,1010.1382,-47151.35,1.27
4785,60.16,997.8644,-55236.79,1.15
4786,46.36,1014.1221,-56989.74,1.29
4787,59.6,1078.3221,-54246.88,1.32
4788,48.44,1118.51,-47029.77,2.24
4789,43.0,1031.5079,-41563.01,1.1
4790,55.52,1040.6556,-53347.47,1.37
4791,49.68,1020.0688,-41325.08,1.36
4792,37.68,1136.6534,-48111.86,1.29
4793,54.6,1041.5152,-51777.92,2.25
4794,45.04,1029.817,-43591.19,1.35
4795,48.76,1015.0382,-49215.44,1.32
4796,48.92,995.9788,-54993.81,1.57
4797,35.36,1060.4321,-49418.01,1.41
4798,41.84,1025.8855,-41512.24,2.24
4799,44.36,1082.7007,-56158.76,1.36
4800,47.84,1035.6862,-41852.13,1.35
4801,42.88,1018.3244,-41374.74,1.37
4802,42.48,1019.3413,-41269.63,1.48
4803,43.8,1028.2517,-55529.7,2.23
4804,51.2,1065.3424,-55700.51,1.39
4805,53.6,1024.2115,-47684.36,1.45
4806,43.12,1000.3474,-43077.73,1.34
4807,44.76,1099.0346,-59343.89,1.25
4808,26.32,1000.0252,-51102.64,2.18
4809,59.52,1050.8931,-45647.78,1.39
4810,43.2,1010.6273,-65079.45,0.35
4811,53.64,1005.8651,-49069.7,1.4
4812,54.92,1011.7256,-43225.14,1.31
4813,47.72,1032.7538,-45522.92,2.21
4814,50.52,1025.6111,-51657.58,1.39
4815,47.08,1005.7546,-47059.93,1.34
4816,49.56,1158.5453,-49415.71,1.46
4817,45.52,1013.0238,-47367.85,1.48
4818,43.6,1066.4112,-45645.57,2.46
4819,38.8,1027.3216,-47525.47,1.41
4820,55.4,1058.0215,-39526.66,1.39
4821,54.16,1014.3674,-53181.94,1.35
4822,53.36,1085.6897,-57514.9,1.3
4823,57.72,1035.1247,-49750.85,1.27
4824,47.0,1055.9682,-49713.94,1.17
4825,52.52,1019.0222,-45133.03,1.37
4826,56.32,1041.4972,-41747.27,1.36
4827,61.0,1039.6658,-49602.1,1.3
4828,35.48,1036.2084,-43727.21,1.38
4829,40.24,1039.1274,-49769.05,2.24
4830,37.4,1024.4338,-47425.18,1.38
4831,31.8,1057.4982,-54037.18,0.74
4832,48.6,1043.5707,-51537.17,1.22
4833,58.0,1033.1046,-51745.26,1.42
4834,40.44,1022.5795,-49372.48,2.4
4835,44.0,1048.1111,-45584.44,1.4
4836,50.24,1008.3926,-42855.59,1.38
4837,56.64,1018.8406,-43219.73,1.45
4838,47.96,1077.6114,-48259.31,1.5
4839,60.16,1058.4248,-55539.47,2.34
4840,45.48,1052.6935,-45564.48,1.28
4841,36.08,1005.6104,-47178.7,1.44
4842,51.72,1005.3166,-46973.85,1.42
4843,49.32,1039.2243,-49575.8,1.25
4844,39.48,1031.9112,-49688.59,2.12
4845,65.44,1047.0395,-47292.69,1.3
4846,42.44,1098.5594,-42459.38,1.42
4847,42.64,1037.238,-51283.56,1.37
4848,59.0,1010.2405,-53006.55,1.42
4849,64.16,1022.1402,-45559.67,2.25
4850,34.52,1000.1787,-49167.3,1.27
4851,41.64,1046.0058,-55533.24,0.83
4852,44.6,1023.645,-55260.8,1.45
4853,51.2,1258.7344,-49253.47,1.27
4854,42.2,1104.859,-59711.55,2.19
4855,40.48,1058.329,-47329.96,1.3
4856,54.92,1056.8642,-46126.62,1.29
4857,52.16,1030.8693,-47537.27,1.37
4858,44.72,1008.4993,-47177.52,1.25
4859,51.8,1089.3929,-59463.89,2.09
4860,59.12,1044.9522,-47908.61,1.26
4861,56.28,1031.2986,-43407.93,1.4
4862,45.72,1001.5563,-51116.63,1.4
4863,46.92,1024.8976,-53405.4,1.44
4864,36.16,988.2206,-52904.78,1.41
4865,47.16,1032.2388,-45272.97,1.24
4866,45.64,1070.4062,-55745.06,1.1
4867,48.16,1032.3616,-49263.92,1.48
4868,43.6,999.7905,-45168.25,1.57
4869,42.16,1008.643,-45170.68,1.37
4870,45.2,1014.6124,-45330.55,2.16
4871,50.48,1000.4078,-60980.7,1.2
4872,52.32,1056.1281,-47743.56,0.78
4873,48.4,1042.831,-45898.48,1.42
4874,33.64,1028.1969,-55160.52,1.23
4875,56.2,1034.1395,-51340.95,2.3
4876,45.8,1020.7895,-51415.37,1.21
4877,54.88,1030.6186,-43377.79,1.29
4878,51.8,1050.085,-53357.23,1.38
4879,36.44,1022.0009,-45359.21,1.33
4880,47.6,1034.7005,-59484.41,1.97
4881,39.32,1040.9766,-47480.93,1.36
4882,34.6,1017.9226,-47212.37,1.36
4883,50.64,1002.1555,-44932.23,1.41
4884,50.28,1032.2919,-41607.55,1.58
4885,39.8,1030.6783,-53148.96,2.16
4886,47.28,1032.0357,-49517.05,1.31
4887,46.32,1045.5155,-53578.25,1.17
4888,43.52,1013.0512,-47206.24,1.57
4889,54.76,1034.3915,-49496.74,1.29
4890,52.92,1015.5526,-53046.54,2.16
4891,48.36,1051.8404,-53690.24,1.27
4892,55.28,1009.6094,-50925.9,1.36
4893,46.16,1021.0246,-50933.05,0.73
4894,50.92,1033.199,-47300.4,1.45
4895,49.6,1017.9162,-41437.77,2.12
4896,48.52,1003.8135,-51167.05,1.4
4897,53.48,1045.7324,-47804.62,1.31
4898,52.32,1014.4127,-39330.76,1.38
4899,42.56,1055.6673,-47574.09,1.48
4900,51.28,1002.7726,-39005.51,2.17
4901,59.6,1071.9226,-49977.6,1.3
4902,55.0,1028.0592,-45410.52,1.35
4903,58.48,1034.4915,-53293.39,1.35
4904,50.08,1053.9908,-51764.83,1.43
4905,48.68,1099.919,-47878.93,2.17
4906,48.28,1049.2023,-51601.95,1.46
4907,46.28,1045.7735,-55369.63,1.22
4908,53.08,1070.8186,-53807.38,1.37
4909,61.6,1043.2744,-43535.36,1.43
4910,47.56,1070.2161,-49878.96,1.47
4911,49.0,1066.3597,-36464.42,2.15
4912,49.44,1071.7194,-50108.09,1.15
4913,45.4,1031.5606,-45608.82,1.37
4914,43.64,1035.9698,-39468.41,0.78
4915,46.52,1039.5297,-49623.88,1.3
4916,54.44,1038.2703,-55429.29,2.16
4917,49.84,999.2348,-44932.68,1.24
4918,48.68,1067.5525,-51549.02,1.45
4919,46.2,1026.2229,-43264.96,1.29
4920,42.4,1053.7355,-51819.79,1.33
4921,53.48,1011.178,-53279.14,2.09
4922,49.76,1023.2743,-57163.83,1.31
4923,50.28,1025.9644,-43443.94,1.51
4924,54.08,1022.1035,-45127.44,1.24
4925,45.16,1016.2877,-45128.21,1.28
4926,55.12,1039.9529,-51722.83,2.24
4927,49.72,1019.2702,-47287.16,1.28
4928,59.36,1031.7513,-49290.8,1.51
4929,51.44,999.6943,-49001.72,1.64
4930,45.48,1047.9302,-57611.61,1.35
4931,38.16,1027.9328,-57027.36,2.09
4932,40.4,1021.5434,-41147.15,1.34
4933,42.4,1038.0442,-37679.89,1.4
4934,40.2,1096.5109,-57482.14,1.36
4935,53.2,1063.9368,-43348.41,0.81
4936,48.12,1028.2091,-51163.32,2.3
4937,45.8,1019.4285,-41460.88,1.34
4938,49.56,1044.8786,-41568.01,1.35
4939,42.52,1001.3733,-51055.12,1.22
4940,44.48,1018.6261,-49142.5,1.48
4941,43.36,1012.3378,-43388.89,2.39
4942,50.08,1051.8481,-49533.37,1.2
4943,31.36,1008.7043,-43195.89,1.42
4944,49.8,1048.5898,-47796.23,1.45
4945,48.28,1011.174,-51344.7,1.33
4946,53.04,1083.0332,-44453.75,2.33
4947,36.72,1004.6185,-39024.01,1.45
4948,39.76,1018.9158,-53288.89,1.22
4949,59.92,1027.2887,-49158.04,1.37
4950,43.08,1023.558,-51334.33,1.35
4951,50.64,1038.5254,-47316.38,1.4
4952,53.16,1054.0304,-55391.57,1.41
4953,47.32,1039.1004,-45403.05,1.26
4954,48.0,1053.6544,-53279.18,1.31
4955,55.4,1026.284,-49139.72,1.37
4956,47.88,1053.3636,-48116.31,0.72
4957,35.12,1049.898,-53973.35,2.15
4958,47.68,1018.5972,-53158.53,1.28
4959,50.2,1011.1406,-47067.87,1.35
4960,48.12,1033.4104,-45318.49,1.56
4961,50.24,1027.6617,-41352.72,1.44
4962,55.36,1052.4684,-53033.43,2.23
4963,48.08,1021.4313,-47338.85,1.42
4964,38.52,1022.8842,-39275.97,1.39
4965,44.44,998.5157,-59033.65,1.37
4966,47.8,1104.5146,-44479.71,1.4
4967,46.56,1054.3508,-49599.45,2.23
4968,48.04,1062.4735,-51077.28,1.09
4969,54.48,1024.8413,-45213.14,1.37
4970,34.84,1026.9576,-45498.59,1.54
4971,46.4,989.8948,-46837.42,1.36
4972,52.32,1127.6148,-52266.32,2.09
4973,34.64,1006.4957,-46895.53,1.39
4974,36.88,1024.7598,-53288.65,1.57
4975,35.68,1033.8426,-49633.84,1.36
4976,59.4,1023.5801,-47264.42,1.38
4977,46.32,1021.4835,-49220.93,1.61
4978,44.28,1106.5956,-48159.43,1.17
4979,46.76,1028.086,-49395.3,1.34
4980,47.56,1013.7974,-54870.05,1.36
4981,38.88,1055.6203,-46184.28,1.42
4982,48.12,1016.8161,-49074.0,2.13
4983,37.12,1029.7042,-51532.96,1.31
4984,49.24,1038.0034,-55283.0,1.25
4985,54.44,1019.3234,-43515.67,1.48
4986,29.36,1011.4299,-52874.03,1.4
4987,58.4,1050.339,-55974.66,2.53
4988,57.2,1053.5197,-49599.81,1.39
4989,25.6,1013.9557,-49248.81,1.36
4990,44.04,1090.0311,-48112.39,1.42
4991,52.24,1068.788,-44348.04,1.42
4992,43.88,1054.6119,-37729.27,1.29
4993,48.76,1081.2289,-45479.36,1.37
4994,49.0,1024.8253,-53311.52,1.24
4995,34.4,1019.6704,-47470.66,1.3
4996,56.16,1033.2093,-51319.63,1.13
4997,55.2,1041.8169,-39741.89,1.3
4998,50.04,1014.5732,-51176.01,1.61
4999,50.0,1056.779,-55458.95,1.18
5000,39.56,1012.8924,-47281.01,1.34
5001,52.6,1032.2214,-43490.78,1.46
5002,56.12,1050.9511,-43834.87,1.45
5003,49.28,1079.1812,-51957.38,2.18
5004,49.84,1054.0638,-48026.25,1.32
5005,52.88,1102.6292,-50248.63,1.39
5006,43.8,1051.2775,-48009.09,1.51
5007,33.44,1024.1343,-57352.9,1.37
5008,54.44,1025.4035,-55410.93,2.03
5009,45.72,1045.1945,-49087.79,1.37
5010,47.0,1013.9362,-41276.91,1.43
5011,59.0,1048.6158,-39894.08,1.35
5012,48.84,1031.4824,-45546.46,1.52
5013,50.24,1066.9123,-55565.91,2.18
5014,43.96,1022.1256,-47419.83,1.31
5015,40.8,1047.4679,-49588.94,1.33
5016,36.56,1062.6414,-45741.12,1.4
5017,48.8,1027.861,-47392.81,1.38
5018,63.2,1015.9505,-49559.11,1.44
5019,29.84,997.0272,-49017.53,1.31
5020,45.6,1020.2945,-51306.87,1.05
5021,35.6,1017.2008,-37436.08,1.42
5022,43.28,1039.9849,-49592.01,1.41
5023,53.64,1013.9024,-55074.88,2.43
5024,37.88,1078.7206,-55591.44,1.28
5025,61.24,1017.5985,-47127.28,1.31
5026,40.96,1024.4631,-49371.19,1.5
5027,53.32,1043.7819,-41994.75,1.33
5028,44.12,996.3326,-50958.04,2.26
5029,35.32,1023.6926,-51128.53,1.32
5030,49.12,1029.3262,-47540.87,1.41
5031,62.84,1084.5657,-45734.88,1.38
5032,41.08,1020.5725,-47057.89,1.42
5033,53.44,1099.7154,-54150.88,2.23
5034,58.4,1041.3936,-55117.18,1.09
5035,36.24,1002.1426,-46895.03,1.36
5036,48.12,1072.6431,-55897.29,1.03
5037,39.44,1037.3003,-45273.83,1.37
5038,58.68,1018.8205,-49211.76,1.4
5039,51.68,986.1735,-44781.29,1.52
5040,39.08,1085.9194,-50581.33,1.25
5041,47.48,1066.2877,-49442.65,1.52
5042,49.52,1044.3928,-39900.41,1.45
5043,48.2,999.691,-35012.29,1.4
5044,56.16,1066.4197,-47830.01,2.22
5045,59.16,1028.8817,-49354.45,1.21
5046,52.52,1009.7876,-37205.12,1.6
5047,44.92,1005.1611,-47110.49,1.34
5048,63.0,1041.007,-39894.78,1.32
5049,49.08,1057.8638,-49538.39,2.29
5050,50.6,1020.4509,-53267.18,1.21
5051,46.72,1010.8405,-45218.98,1.44
5052,46.68,1031.3196,-47582.87,1.37
5053,55.48,1011.0269,-55095.85,1.16
5054,39.68,1080.8218,-47657.73,2.16
5055,47.68,984.0246,-42745.69,1.26
5056,55.08,1005.1449,-54955.85,1.31
5057,43.92,1049.577,-45945.01,1.49
5058,52.04,1013.994,-51057.24,1.34
5059,46.04,1105.1411,-51844.08,2.23
5060,52.44,1121.2378,-55848.0,0.57
5061,49.76,1081.9305,-57854.59,1.36
5062,57.4,1012.8192,-49043.22,1.26
5063,38.2,1094.6357,-52180.21,1.4
5064,47.68,1145.7153,-48743.51,2.23
5065,45.72,1009.7908,-45365.28,1.36
5066,57.6,1059.1003,-59532.61,1.46
5067,44.72,1035.2416,-43417.93,1.38
5068,43.84,1025.7936,-49577.32,1.52
5069,53.0,1048.2018,-53607.03,2.17
5070,48.36,1065.3898,-51498.45,1.36
5071,48.36,1091.1293,-50187.68,1.32
5072,62.68,1052.9921,-49543.54,1.46
5073,53.8,1039.8524,-49859.62,1.32
5074,45.88,1061.5305,-39620.99,2.35
5075,61.0,1008.7641,-41148.71,1.43
5076,54.92,1011.5939,-45199.28,1.39
5077,50.92,1025.2158,-57308.3,1.35
5078,47.52,1027.33,-47098.28,1.42
5079,54.76,1016.4971,-49472.69,1.36
5080,39.76,1062.5418,-49695.18,1.36
5081,48.68,1035.0732,-45404.23,0.69
5082,49.16,1041.1902,-45989.93,1.32
5083,42.64,1018.3516,-47442.73,1.47
5084,48.0,1188.6753,-51454.72,1.36
5085,43.72,1022.4107,-51439.78,2.31
5086,48.44,1001.7752,-47190.57,1.51
5087,47.68,991.1889,-52943.21,1.25
5088,48.4,1023.3656,-49143.68,1.35
5089,40.12,1036.6307,-47445.34,1.49
5090,45.56,1037.8524,-43440.58,2.2
5091,56.52,1071.9117,-55619.46,1.4
5092,50.96,1087.7921,-52318.48,1.46
5093,58.2,1056.9933,-55676.87,1.26
5094,47.64,1061.9188,-40539.68,1.47
5095,45.96,1021.7001,-51270.69,2.06
5096,55.2,1044.9743,-51721.92,1.17
5097,44.24,1049.7155,-42066.85,1.41
5098,58.96,1040.8454,-57310.4,1.36
5099,41.96,1024.7782,-49325.51,1.39
5100,47.52,1020.3532,-43367.78,2.16
5101,53.8,1045.0668,-43892.38,1.21
5102,54.28,1033.3304,-65147.8,0.68
5103,52.32,989.4882,-46864.16,1.34
5104,37.24,1022.425,-60878.44,1.29
5105,44.24,1001.7504,-43000.02,2.35
5106,53.4,1100.8999,-52445.4,1.18
5107,42.4,1069.9302,-46039.43,1.45
5108,49.8,1033.0779,-45676.98,1.26
5109,57.32,1037.9737,-43675.08,1.5
5110,45.36,999.721,-49093.35,2.29
5111,47.52,1042.5253,-49608.69,1.27
5112,32.8,1019.3598,-49346.01,1.24
5113,44.24,1027.0726,-47478.53,1.49
5114,44.72,1019.266,-59079.2,1.31
5115,55.32,1042.7461,-49401.56,2.1
5116,32.92,1049.9956,-43724.74,1.41
5117,36.56,1018.4566,-49288.89,1.47
5118,33.72,1025.286,-53303.61,1.43
5119,53.88,1047.9362,-33734.43,1.39
5120,52.72,1020.4099,-47298.81,1.25
5121,46.56,1047.4904,-42029.69,1.22
5122,60.92,1013.0221,-51226.82,1.22
5123,53.96,1014.3,-45447.79,0.81
5124,48.4,1065.1136,-51333.25,1.18
5125,46.24,1052.6092,-38319.91,1.39
5126,58.28,1097.6805,-50217.67,2.37
5127,46.52,1021.3147,-49326.32,1.4
5128,41.16,1058.5176,-44113.62,1.41
5129,35.0,1050.3396,-46136.03,1.34
5130,53.96,1106.0126,-49652.36,1.33
5131,52.92,1030.07,-59276.7,2.16
5132,53.4,1047.9201,-53017.48,1.26
5133,53.4,1097.5699,-50104.33,1.35
5134,59.8,1055.2183,-43954.84,1.47
5135,35.36,1009.9841,-53470.66,1.33
5136,56.0,1003.5322,-45276.49,2.2
5137,60.04,1016.7467,-47381.27,1.43
5138,35.88,1088.6722,-55475.14,1.39
5139,50.8,1037.1671,-49544.25,1.34
5140,42.52,1016.363,-45287.93,1.4
5141,42.0,1033.5638,-45574.4,2.2
5142,46.6,1033.5027,-51589.23,1.23
5143,57.56,1070.7566,-57617.01,1.22
5144,33.28,1000.0896,-45022.9,0.73
5145,49.84,1030.58,-53473.66,1.47
5146,53.12,1090.7356,-50578.05,2.29
5147,40.36,1022.4825,-45142.13,1.38
5148,49.0,1014.868,-55166.15,1.21
5149,41.72,1024.9485,-43308.41,1.42
5150,56.16,1018.7846,-43226.39,1.3
5151,57.52,1002.0013,-43154.56,2.24
5152,49.16,1076.0922,-46052.74,1.32
5153,49.08,1014.9784,-51102.26,1.37
5154,45.92,1044.4551,-45595.66,1.42
5155,45.56,1040.3038,-51562.67,1.47
5156,42.48,1082.9991,-48681.26,2.3
5157,46.2,1012.1032,-51426.11,1.32
5158,39.2,1034.1225,-55162.82,1.22
5159,51.2,995.8242,-49062.28,1.32
5160,40.4,1030.449,-49509.09,1.57
5161,51.24,992.4729,-50857.57,2.26
5162,49.92,994.2517,-50813.63,1.3
5163,43.92,999.3661,-47056.98,1.29
5164,42.96,1158.0134,-58239.89,1.3
5165,56.04,1007.8886,-43320.5,1.5
5166,41.2,1005.9222,-55160.15,1.35
5167,45.88,1039.8301,-45714.67,2.19
5168,44.6,1017.2178,-59130.26,1.03
5169,48.2,1121.2938,-48529.68,1.37
5170,46.4,1038.055,-49684.57,1.41
5171,49.88,1016.8074,-45275.4,1.37
5172,35.72,1012.5151,-45251.17,2.23
5173,47.0,1058.9826,-47747.79,1.34
5174,52.76,1011.1553,-45158.8,0.5
5175,48.16,1071.9848,-44560.73,1.52
5176,52.44,1015.9668,-55309.45,1.44
5177,57.76,1003.5851,-36985.95,2.18
5178,41.08,1165.3582,-59426.52,1.1
5179,55.24,1091.9313,-54161.82,1.38
5180,46.8,1009.5256,-53104.46,1.41
5181,51.6,1020.9194,-47209.92,1.45
5182,59.48,1015.2562,-43368.14,2.12
5183,49.48,1270.1956,-54246.43,1.19
5184,45.6,1020.3911,-41407.35,1.46
5185,53.92,1066.743,-49601.07,1.46
5186,35.24,1101.7421,-42591.18,1.28
5187,47.76,1069.8483,-47773.15,2.18
5188,45.4,1069.1048,-55735.89,1.19
5189,36.4,1049.592,-51580.67,1.41
5190,45.4,1028.9585,-43528.86,1.43
5191,45.8,1007.8024,-49280.87,1.45
5192,51.56,997.88,-51059.06,2.07
5193,53.96,1059.3938,-49834.31,1.41
5194,52.48,996.9778,-50940.17,1.32
5195,58.36,1008.6364,-43121.31,0.77
5196,63.04,1045.4565,-57313.71,1.32
5197,48.56,1047.725,-51425.74,2.18
5198,45.76,1045.3439,-59230.08,1.2
5199,38.28,992.9394,-45007.32,1.31
5200,52.16,1009.6717,-45163.48,1.45
5201,61.92,1011.9814,-51079.98,1.47
5202,54.2,1036.4947,-45346.15,2.25
5203,56.28,1085.802,-55920.68,1.28
5204,57.96,1025.1003,-51383.67,1.24
5205,59.28,1027.6078,-49384.88,1.46
5206,56.76,1022.6212,-53062.25,1.48
5207,55.0,1014.5037,-41407.34,1.45
5208,35.68,1014.6336,-45212.94,1.36
5209,50.48,1024.0554,-39644.77,1.45
5210,44.0,1014.7743,-47257.0,1.44
5211,45.92,1031.7338,-45345.08,1.43
5212,60.4,1107.8464,-48008.52,1.35
5213,55.52,1003.0725,-55277.79,1.97
5214,39.88,1039.8088,-47523.45,1.46
5215,48.44,1030.1397,-45495.78,1.44
5216,47.88,1028.3206,-57549.98,0.79
5217,49.12,1054.6024,-47658.86,1.28
5218,50.04,988.3889,-40904.2,2.22
5219,42.68,1075.6378,-59685.84,1.19
5220,49.52,1018.0484,-47402.03,1.35
5221,44.2,1054.0258,-53430.59,1.44
5222,54.28,999.752,-53111.93,1.21
5223,49.76,1059.2416,-49597.17,2.21
5224,54.12,1023.5699,-44801.94,1.39
5225,39.56,1063.8134,-46120.44,1.41
5226,51.16,1040.6502,-49842.93,1.28
5227,43.28,1036.0706,-51427.23,1.45
5228,44.4,1151.8762,-52745.87,2.14
5229,49.92,1022.7366,-57179.07,1.46
5230,43.0,1057.9433,-41939.15,1.37
5231,51.0,1011.5688,-49091.65,1.39
5232,33.76,1043.6026,-44261.02,1.33
5233,50.08,1033.3001,-47303.33,2.28
5234,41.32,1000.0582,-45102.2,1.25
5235,43.12,1013.5986,-51100.18,1.32
5236,40.48,1018.4891,-43343.51,1.33
5237,44.88,1025.3742,-41435.69,0.78
5238,40.08,1162.1214,-52715.11,2.17
5239,48.48,1031.0037,-47286.02,1.18
5240,56.8,1036.9096,-57282.53,1.2
5241,46.24,1058.8339,-55861.76,1.29
5242,56.68,1014.3971,-43132.17,1.34
5243,53.16,1118.5108,-45145.7,2.51
5244,47.28,1045.2586,-49670.16,1.51
5245,61.64,1087.5844,-49346.86,1.36
5246,48.68,1020.7836,-43503.07,1.43
5247,56.96,1018.8946,-52766.02,1.28
5248,36.88,1023.1502,-45353.68,1.45
5249,46.08,1034.0268,-47437.58,1.18
5250,37.84,1044.3137,-49622.46,1.28
5251,49.2,1033.4626,-49522.23,1.43
5252,48.44,1032.7637,-45118.54,1.4
5253,56.2,1060.3375,-47669.97,1.59
5254,50.64,1040.334,-49729.01,2.14
5255,36.28,1021.9538,-51265.97,1.27
5256,46.2,996.739,-45010.85,1.31
5257,42.28,1018.7674,-55301.36,1.35
5258,40.2,1026.7503,-49527.31,0.85
5259,47.8,1059.6143,-55983.49,2.18
5260,43.88,1041.5087,-48059.99,1.26
5261,64.6,973.626,-50677.94,1.25
5262,30.12,1039.8711,-49186.57,1.42
5263,41.6,1055.9291,-47639.83,1.4
5264,39.12,992.5309,-46870.51,2.33
5265,43.04,1051.016,-53276.05,1.34
5266,53.96,1107.9308,-56048.4,1.34
5267,43.76,1072.802,-47871.04,1.44
5268,35.84,1035.2167,-57056.16,1.18
5269,35.84,1014.8689,-55004.82,2.09
5270,48.0,1053.8464,-50040.07,1.12
5271,54.16,995.5765,-46902.72,1.34
5272,56.68,1058.6043,-44247.68,1.42
5273,47.96,995.5922,-37024.76,1.56
5274,42.6,1012.292,-51085.21,2.2
5275,41.88,1044.9594,-47410.52,1.42
5276,43.16,1035.2303,-43559.93,1.4
5277,43.88,1041.6618,-49545.7,1.46
5278,46.04,1019.9643,-51205.13,1.43
5279,41.44,1040.9619,-43605.48,1.71
5280,35.24,1021.2222,-47318.79,1.26
5281,63.64,1024.3002,-43231.38,1.38
5282,41.0,1038.2844,-47434.46,1.49
5283,43.12,987.1572,-32713.98,1.51
5284,52.12,1044.9803,-49730.48,2.41
5285,47.96,1061.0761,-53292.25,1.26
5286,55.76,1038.7076,-53429.34,1.34
5287,47.64,1007.5979,-46960.98,1.39
5288,52.64,1004.3103,-53053.12,1.22
5289,41.68,1015.2972,-45279.32,2.25
5290,47.4,1030.2977,-51106.51,1.25
5291,54.32,1027.58,-37415.32,1.42
5292,63.88,1106.0926,-54244.07,1.34
5293,42.16,1016.7404,-51372.37,1.32
5294,67.96,1033.7242,-53146.69,1.36
5295,43.2,990.4284,-54931.96,2.11
5296,34.2,1053.5343,-55395.4,1.08
5297,49.84,1010.3173,-53418.66,1.31
5298,48.4,1033.1849,-53284.19,1.09
5299,47.76,1025.8294,-45233.23,1.42
5300,44.12,1047.4869,-34006.57,1.84
5301,55.4,1099.7747,-50418.39,1.37
5302,40.36,999.5062,-42840.77,1.47
5303,45.92,1045.4347,-47421.49,1.48
5304,43.56,1022.5872,-51329.33,1.29
5305,46.04,1115.359,-54211.22,2.37
5306,55.72,999.1675,-49087.29,1.36
5307,56.56,1020.3176,-49001.2,1.37
5308,44.96,1014.6544,-51317.57,1.46
5309,50.48,1036.3244,-49450.25,1.22
5310,46.08,1057.06,-50148.32,2.35
5311,51.24,1044.8189,-47362.47,1.38
5312,45.32,1013.8705,-39178.85,1.48
5313,55.8,1028.5044,-43547.95,1.43
5314,65.12,1008.9777,-47372.28,1.27
5315,45.92,1018.0289,-59023.5,2.1
5316,43.6,1005.4527,-37027.9,1.43
5317,39.96,1149.3542,-52355.06,1.23
5318,32.16,1032.9868,-45198.67,1.36
5319,39.8,1036.1791,-51262.43,1.38
5320,46.72,1029.0259,-41587.28,1.75
5321,51.48,1067.5236,-45924.59,1.33
5322,56.48,1066.4894,-44207.22,1.34
5323,33.48,1054.6777,-49593.86,1.54
5324,45.8,1074.1933,-59497.0,1.22
5325,37.84,1024.5008,-47592.45,2.38
5326,48.92,1011.1962,-51047.06,1.35
5327,34.76,1026.9924,-49324.44,1.33
5328,38.8,1034.6736,-51911.55,1.43
5329,48.76,1033.6098,-55194.6,1.25
5330,57.04,1053.8104,-51808.91,2.16
5331,33.04,1086.8741,-53892.15,1.25
5332,43.6,1021.6596,-47129.7,1.34
5333,45.56,1012.6242,-48920.31,1.31
5334,66.32,1034.9019,-53259.53,1.31
5335,50.8,1023.4943,-50927.02,1.43
5336,34.2,1000.8938,-47017.91,1.21
5337,36.08,1007.2236,-44990.39,1.29
5338,51.04,1051.1511,-43997.4,1.32
5339,54.64,1026.0736,-49389.08,1.43
5340,51.96,1003.3357,-44997.88,1.37
5341,46.32,1048.0845,-49922.45,1.83
5342,52.6,1140.4235,-56502.06,1.36
5343,38.2,1015.0474,-47324.95,1.47
5344,47.32,1024.1154,-53382.0,1.29
5345,56.12,1012.7489,-54998.42,1.4
5346,58.4,1043.0028,-45665.42,2.3
5347,45.88,992.6812,-57113.24,1.24
5348,42.64,1044.5894,-47760.34,1.26
5349,60.16,999.0256,-48929.86,1.31
5350,51.68,1050.1541,-44195.28,1.38
5351,38.48,1005.0124,-48997.97,2.49
5352,42.12,1024.9115,-43360.47,1.52
5353,49.2,1023.1213,-51138.21,1.44
5354,52.8,1129.2162,-56383.99,1.45
5355,38.72,1073.3673,-44282.78,1.38
5356,37.4,1021.2803,-45369.63,2.42
5357,31.96,1016.5001,-47360.45,1.45
5358,45.6,1041.454,-47640.33,1.54
5359,41.52,1004.3008,-49151.45,1.24
5360,52.04,1029.487,-49395.17,1.2
5361,54.64,1018.9627,-45252.46,1.8
5362,49.88,1164.7458,-54650.97,1.29
5363,48.16,1046.3119,-51564.25,1.23
5364,40.84,1025.6987,-47469.28,1.59
5365,45.44,1000.8518,-43072.99,1.41
5366,55.76,1105.0806,-52462.19,2.2
5367,55.52,1051.2874,-41550.97,1.38
5368,55.72,1035.6495,-51085.97,1.46
5369,41.32,998.7616,-52915.56,1.44
5370,49.56,1075.7081,-52054.21,1.26
5371,46.96,1047.3576,-49594.71,2.18
5372,47.52,1056.7169,-55988.84,1.27
5373,44.72,1064.177,-46626.4,1.48
5374,36.8,1016.6611,-51299.03,1.44
5375,61.16,1016.4052,-45437.54,1.48
5376,55.68,1018.715,-43541.19,1.43
5377,55.36,1036.9872,-53288.53,1.16
5378,41.76,1073.8841,-43354.12,1.33
5379,60.44,1036.3193,-49333.57,1.4
5380,45.52,1041.8852,-49814.02,1.34
5381,51.04,1035.5624,-47489.6,1.57
5382,41.48,989.2396,-48792.33,1.52
5383,38.48,1062.044,-57456.91,1.28
5384,56.36,1055.3405,-53530.45,1.37
5385,46.16,1029.064,-41556.99,1.41
5386,36.16,1040.7585,-47299.58,1.37
5387,37.72,1014.9811,-56977.64,2.4
5388,52.48,1011.9743,-39026.33,1.22
5389,47.12,1056.6277,-51984.43,1.34
5390,40.08,993.7677,-49209.25,1.3
5391,61.4,1039.7816,-59426.16,1.27
5392,44.36,1022.5349,-43397.86,2.55
5393,61.76,1015.3388,-47282.31,1.35
5394,49.48,1034.6244,-53466.79,1.31
5395,53.52,1002.8285,-49103.44,1.22
5396,48.68,1048.3517,-49708.49,1.37
5397,54.28,1056.5426,-50302.56,2.0
5398,40.04,995.5499,-46940.69,1.33
5399,55.44,1023.9421,-53016.26,1.41
5400,43.16,1116.2888,-50443.77,1.4
5401,52.8,1028.3021,-51408.21,1.56
5402,44.68,1058.6356,-44522.18,1.71
5403,49.28,1037.5388,-40046.34,1.38
5404,61.04,1011.3288,-39115.76,1.32
5405,47.4,1000.6419,-41097.76,1.37
5406,48.4,1039.726,-43484.11,1.46
5407,48.04,1022.3266,-51357.91,2.23
5408,55.56,1036.736,-43558.69,1.35
5409,41.48,1033.3885,-57209.9,1.42
5410,52.68,1008.4766,-59186.41,1.28
5411,47.04,1014.6594,-41064.89,1.39
5412,37.28,1064.7247,-49788.35,2.37
5413,47.08,1104.1688,-50062.66,1.29
5414,48.08,992.8962,-57054.43,1.18
5415,40.44,1027.7962,-45663.56,1.42
5416,54.76,1025.731,-55441.02,1.36
5417,41.28,1030.8324,-56922.34,2.3
5418,47.2,984.0785,-46740.97,1.45
5419,50.76,1063.7519,-55557.02,1.32
5420,44.36,1064.7624,-47979.15,1.45
5421,58.24,1044.0462,-47616.21,1.5
5422,44.48,1038.8648,-45934.61,1.41
5423,38.52,1030.6809,-49277.21,1.53
5424,53.88,1097.5346,-48323.19,1.39
5425,47.92,1019.1164,-47587.81,1.31
5426,51.84,1116.618,-52503.89,1.37
5427,53.12,1028.5679,-53349.83,1.32
5428,55.04,1013.1523,-49189.2,2.16
5429,40.68,1032.6741,-47517.82,1.3
5430,37.24,1003.693,-45176.4,1.31
5431,44.92,1056.6407,-46191.51,1.33
5432,38.32,1027.2445,-53385.45,1.34
5433,50.52,1033.1313,-43903.38,2.39
5434,46.84,1047.9252,-49734.93,1.34
5435,36.72,1025.8134,-37697.63,1.51
5436,54.48,1023.5878,-41692.32,1.45
5437,46.6,1084.5444,-45951.24,1.33
5438,55.44,1032.2932,-51346.82,2.13
5439,43.04,1014.3883,-49308.2,1.34
5440,48.48,1051.6415,-42080.87,1.6
5441,52.56,1094.0034,-55776.05,1.16
5442,39.04,1008.0922,-35166.24,1.39
5443,51.12,1014.3293,-47226.25,1.61
5444,49.52,1039.0385,-49871.04,1.18
5445,42.56,1012.9003,-47270.79,1.48
5446,49.12,1077.0158,-49509.45,1.5
5447,41.64,1039.9508,-49703.73,1.48
5448,50.84,1030.459,-39582.83,2.41
5449,39.12,1013.4034,-53225.0,1.29
5450,65.96,1057.4168,-49679.05,1.52
5451,50.16,1037.0786,-53199.81,1.42
5452,52.2,1012.083,-45310.05,1.25
5453,40.44,1005.9102,-45192.94,2.32
5454,47.64,1023.4493,-51334.91,1.39
5455,52.76,1017.3068,-45199.17,1.43
5456,47.28,1008.7408,-55236.99,1.32
5457,60.84,1070.1952,-49837.84,1.19
5458,55.88,1020.8016,-57083.91,2.2
5459,44.0,1074.9183,-44111.58,1.56
5460,40.24,1119.1676,-48396.97,1.23
5461,58.52,1019.7714,-43259.37,1.45
5462,51.36,1050.2562,-49424.26,1.37
5463,48.16,1018.906,-43193.9,1.35
5464,47.64,1017.8584,-49017.85,1.16
5465,66.6,1068.6701,-49691.95,1.29
5466,49.72,1050.5583,-45754.55,1.43
5467,46.84,1000.6488,-65173.68,1.14
5468,51.2,1056.9086,-53701.89,1.4
5469,51.2,1057.6678,-46245.39,2.35
5470,46.92,1084.4707,-55825.66,1.31
5471,56.84,992.648,-58960.08,1.44
5472,46.8,1144.6801,-50341.32,1.26
5473,43.24,1068.2264,-40181.47,1.4
5474,52.44,1075.9546,-57519.59,2.25
5475,53.8,1023.6245,-51517.93,1.3
5476,47.12,1064.065,-50303.44,1.46
5477,42.08,1047.0752,-53308.33,1.36
5478,52.28,1038.572,-51308.78,1.36
5479,56.04,1031.1396,-43459.72,2.35
5480,45.12,1001.3347,-49336.41,1.2
5481,51.4,1104.2183,-42732.32,1.38
5482,32.2,1082.8968,-55098.06,1.36
5483,56.12,1005.6605,-45084.03,1.38
5484,54.36,1017.1603,-51053.65,1.69
5485,47.76,1043.3544,-51722.2,1.3
5486,42.2,1009.5749,-41351.81,1.63
5487,53.56,1035.5146,-41970.38,1.36
5488,55.72,1048.9411,-49531.25,1.44
5489,43.2,1047.746,-47755.73,2.39
5490,53.12,1056.7229,-47767.71,1.42
5491,61.72,1028.9344,-49373.12,1.42
5492,52.88,1004.4704,-51101.14,1.19
5493,60.6,1033.1289,-49501.32,1.42
5494,52.2,1045.0893,-47653.71,2.25
5495,43.92,1038.706,-45544.95,1.38
5496,51.88,1079.7968,-54160.13,1.39
5497,54.76,1036.6098,-43523.23,1.3
5498,45.84,1013.4504,-41187.96,1.58
5499,48.44,1088.0161,-44977.4,2.52
5500,45.64,1046.8958,-51314.42,1.42
5501,51.88,1040.9347,-55360.37,1.15
5502,52.24,1025.2962,-47283.33,1.42
5503,54.84,1055.3496,-41859.11,1.33
5504,46.68,983.5242,-48741.63,1.28
5505,45.32,1027.703,-41351.08,0.66
5506,55.2,1047.8433,-45782.82,1.24
5507,54.92,1033.3299,-49642.54,1.24
5508,50.56,1032.9815,-39766.67,1.28
5509,53.76,1033.6046,-41839.8,1.42
5510,32.52,991.794,-46986.6,2.2
5511,39.2,1042.8813,-53475.91,1.3
5512,41.68,994.069,-45104.26,1.43
5513,64.12,1082.4159,-50065.79,1.37
5514,45.04,1032.8202,-53233.97,1.41
5515,59.0,1096.3737,-63652.67,2.07
5516,54.68,1071.0527,-53657.41,1.41
5517,45.2,1056.1154,-45813.2,1.24
5518,45.96,1065.3,-51676.95,1.6
5519,54.88,1045.1543,-47845.85,1.49
5520,58.8,1032.8812,-55468.49,2.18
5521,50.2,1048.3174,-41387.38,1.27
5522,44.2,1049.3195,-46006.72,1.42
5523,39.76,997.295,-46928.15,1.42
5524,58.56,997.7118,-51034.6,1.27
5525,41.0,1034.4621,-47618.49,2.23
5526,40.84,1053.1767,-44071.46,0.82
5527,40.16,1011.3774,-49132.13,1.45
5528,41.0,1008.5843,-47057.08,1.1
5529,52.0,1073.966,-49936.05,1.33
5530,46.6,1053.6588,-51357.25,2.12
5531,54.96,1067.569,-40025.11,1.26
5532,50.96,1044.9176,-53860.94,1.37
5533,50.96,1053.3485,-38024.51,1.47
5534,49.72,1020.0539,-59219.78,1.21
5535,53.16,1051.6432,-47842.78,2.33
5536,31.6,1006.0974,-53032.7,1.23
5537,59.0,1028.2494,-47439.01,1.32
5538,41.44,1049.4188,-51400.66,1.54
5539,48.8,1062.5363,-51587.33,1.41
5540,47.36,1067.9814,-49132.4,2.19
5541,52.52,1038.4686,-45937.25,1.28
5542,49.24,1040.2872,-47334.48,1.38
5543,43.12,1011.8943,-47389.83,1.47
5544,38.8,1043.3695,-47647.4,1.35
5545,51.16,1030.462,-51453.11,2.33
5546,48.8,996.4724,-40955.05,0.86
5547,65.0,1058.277,-49710.3,1.36
5548,51.68,993.7656,-55065.49,1.33
5549,43.16,1019.2369,-43268.5,1.21
5550,40.0,1034.3964,-47385.08,1.37
5551,46.4,1005.3519,-49161.26,2.15
5552,36.04,1041.1248,-49900.84,1.35
5553,48.6,1018.3795,-49169.81,1.33
5554,56.2,1039.0599,-43416.55,1.44
5555,39.68,1001.1059,-47187.53,1.47
5556,45.52,1044.8117,-61198.6,2.03
5557,43.96,1074.9281,-43936.14,1.5
5558,36.44,996.6844,-57008.37,1.26
5559,47.16,1064.044,-49968.57,1.45
5560,51.36,1033.866,-51597.78,1.44
5561,34.96,985.3832,-46744.91,2.21
5562,48.4,1049.3911,-53506.32,1.35
5563,40.36,1069.2772,-51455.34,1.33
5564,46.48,1025.0054,-43218.05,1.37
5565,45.76,1013.4459,-47170.52,1.29
5566,48.32,1043.7006,-51909.62,2.15
5567,60.2,1041.9126,-53501.26,1.35
5568,43.28,1039.698,-49741.52,1.35
5569,52.44,1007.0191,-45195.13,1.41
5570,51.2,1043.1684,-43723.19,1.41
5571,50.52,1092.1083,-53573.06,2.2
5572,54.12,1082.5734,-44332.22,1.33
5573,48.16,1025.6787,-51167.04,1.38
5574,42.12,1012.2963,-41363.6,1.43
5575,48.68,1013.6383,-54949.37,1.32
5576,37.96,1054.5162,-49757.8,2.35
5577,52.64,1040.4927,-51531.78,1.43
5578,43.88,1039.1243,-41433.98,1.41
5579,38.48,1026.4156,-45459.3,1.37
5580,33.2,1132.3542,-58002.06,1.38
5581,49.24,1045.3892,-57457.85,2.18
5582,56.04,1011.1289,-53171.85,1.19
5583,46.0,994.381,-55070.25,1.28
5584,55.44,1074.5731,-53566.69,1.46
5585,54.64,1060.5724,-51781.92,1.38
5586,50.84,1067.6956,-46248.15,2.33
5587,47.36,1006.6865,-41034.81,1.44
5588,48.68,1051.5666,-39991.83,0.83
5589,54.92,1046.9961,-53570.99,1.56
5590,37.52,1001.1504,-43039.9,1.33
5591,41.88,1035.4414,-47772.19,1.4
5592,39.28,994.2394,-45017.8,1.24
5593,40.8,1027.4875,-47246.87,1.15
5594,53.6,1146.6722,-56346.84,1.33
5595,52.44,1014.3712,-45039.54,1.35
5596,47.64,995.9202,-42916.47,1.29
5597,35.08,1007.2113,-48970.23,2.32
5598,53.76,1064.1608,-42283.88,1.22
5599,49.36,1021.312,-43378.26,1.39
5600,48.44,1002.3446,-47108.17,1.38
5601,48.76,1028.2278,-39551.05,1.34
5602,47.48,1073.1414,-50020.8,2.01
5603,41.04,1004.8918,-39068.4,1.45
5604,52.24,1011.6495,-49231.67,1.45
5605,38.96,1004.0713,-46878.35,1.39
5606,51.12,1039.9842,-53332.43,1.4
5607,53.16,1105.1808,-58138.87,2.21
5608,34.96,1053.9876,-41678.99,1.31
5609,46.12,1044.3135,-51803.9,0.7
5610,44.36,1010.7853,-49222.17,1.36
5611,50.16,1036.9284,-51446.8,1.12
5612,43.96,1033.0851,-53446.58,2.19
5613,51.68,1009.3552,-43052.64,1.28
5614,58.6,1012.9144,-56995.06,1.4
5615,48.88,1034.3244,-47401.92,1.42
5616,41.48,1021.3635,-51217.76,1.27
5617,54.96,982.8936,-48855.1,2.28
5618,48.68,1017.7648,-47501.31,1.35
5619,31.84,1068.0733,-50063.12,1.42
5620,56.64,1042.0123,-45486.14,1.29
5621,47.6,1046.6225,-55455.93,1.32
5622,51.0,1050.0598,-53260.13,2.2
5623,59.36,1048.0572,-55800.24,1.26
5624,48.8,1021.2389,-55551.77,1.43
5625,54.4,1004.6649,-43089.7,1.38
5626,40.6,989.6118,-52795.68,1.3
5627,49.4,1013.1676,-49173.19,2.48
5628,32.52,1031.1465,-35318.65,1.43
5629,48.28,1044.6157,-45499.87,1.42
5630,35.84,999.2657,-45033.51,0.7
5631,39.48,992.2224,-46777.82,1.3
5632,54.24,1019.7622,-47234.98,1.48
5633,55.44,1024.4395,-47619.61,1.27
5634,45.28,1076.1577,-50028.36,1.35
5635,42.56,1030.3133,-49549.8,1.46
5636,49.0,1017.5894,-56990.8,1.37
5637,39.08,1024.8859,-47381.21,1.41
5638,58.44,988.9381,-48742.65,2.12
5639,48.8,1032.557,-47444.63,1.32
5640,56.12,1020.5692,-51199.39,1.35
5641,46.52,1073.5198,-46240.83,1.45
5642,51.24,1040.5089,-41844.88,1.34
5643,41.68,1032.8134,-51349.65,2.28
5644,59.88,1007.5435,-47277.65,1.34
5645,48.44,1062.907,-45802.44,1.38
5646,57.24,1026.6836,-46962.04,1.43
5647,50.48,1009.3574,-47404.26,1.41
5648,50.92,1094.2033,-54059.71,2.23
5649,48.68,1041.5468,-51640.74,1.28
5650,38.48,1032.6674,-51661.05,1.34
5651,43.6,991.0434,-47098.06,0.8
5652,55.52,1019.3265,-45101.6,1.29
5653,34.96,1061.7538,-53601.7,2.21
5654,57.92,1020.6216,-57114.16,1.29
5655,53.32,1017.4831,-53475.42,1.17
5656,52.84,1001.3362,-45110.41,1.49
5657,42.04,989.7326,-46743.51,1.35
5658,60.6,1046.6658,-57668.17,2.16
5659,52.72,1040.0519,-51566.79,1.44
5660,44.12,1019.1901,-49130.43,1.3
5661,38.32,1056.5824,-55640.66,1.44
5662,41.16,1088.0559,-56252.83,1.36
5663,54.76,1021.8741,-45429.66,2.2
5664,54.48,1039.6004,-55268.32,1.33
5665,52.88,1027.2739,-49245.38,1.38
5666,53.04,1037.0157,-51455.62,1.43
5667,40.92,1041.2633,-41737.28,1.47
5668,51.92,1010.597,-47141.4,2.45
5669,60.92,992.5915,-54878.43,1.11
5670,51.4,1001.38,-51060.51,1.3
5671,40.44,993.556,-52990.55,1.36
5672,43.52,1028.5962,-41547.21,1.39
5673,41.64,988.6699,-46804.83,2.43
5674,54.16,1008.8119,-55099.8,1.51
5675,48.6,1005.499,-47142.89,1.48
5676,40.96,994.2008,-40973.56,1.44
5677,50.04,1065.8286,-51751.89,1.5
5678,40.6,1020.4507,-45519.93,1.08
5679,36.44,1023.5004,-49069.28,2.16
5680,40.92,1039.9321,-43476.61,1.32
5681,31.92,1087.5491,-45451.62,1.48
5682,35.32,1008.3194,-50996.74,1.36
5683,56.32,1016.9618,-55038.13,1.28
5684,41.92,1030.2601,-45396.09,2.31
5685,33.4,999.9494,-43099.99,1.42
5686,52.84,1104.3544,-47526.13,1.32
5687,50.8,1083.4457,-53714.39,1.36
5688,58.0,1056.8593,-51925.37,1.3
5689,32.2,1029.5199,-49567.76,2.02
5690,49.64,1044.176,-41467.82,1.46
5691,47.16,1055.7549,-39977.21,1.43
5692,55.52,1038.9535,-56877.95,0.59
5693,48.64,993.1411,-56844.15,1.43
5694,41.08,1030.369,-49354.82,2.13
5695,46.32,1062.0267,-53692.57,1.44
5696,40.76,1041.2948,-42027.33,1.39
5697,45.72,1067.7725,-40232.05,1.39
5698,39.8,1055.7444,-49510.89,1.43
5699,57.32,1032.0272,-43460.04,2.24
5700,45.92,1047.976,-47912.1,1.44
5701,47.52,997.743,-51092.43,1.32
5702,54.64,1095.9775,-48692.1,1.32
5703,45.08,1027.8848,-47569.8,1.57
5704,44.24,1028.9982,-45233.88,2.26
5705,40.28,1009.0974,-47187.34,1.34
5706,55.68,1018.6169,-45266.07,1.37
5707,41.48,1041.0835,-41976.39,1.37
5708,48.24,1039.0777,-45526.74,1.32
5709,50.68,1033.8001,-55324.06,2.2
5710,31.28,1000.8844,-45119.55,1.19
5711,35.2,1011.1869,-39327.72,1.43
5712,51.12,1003.4738,-47337.06,1.47
5713,52.36,1034.8395,-49388.91,0.83
5714,51.92,1020.8162,-49185.38,2.3
5715,54.12,1077.7575,-42164.09,1.43
5716,47.16,1040.6102,-47372.59,1.35
5717,40.16,1062.4348,-53583.92,1.34
5718,45.8,1048.9892,-55256.2,1.43
5719,44.96,1019.3689,-37436.76,1.34
5720,49.48,1033.4294,-41474.84,1.23
5721,37.36,1025.3432,-45235.7,1.59
5722,44.48,1014.4517,-48970.15,1.43
5723,56.24,1013.1224,-45136.36,1.46
5724,48.04,1020.0068,-55383.66,1.22
5725,58.32,1024.8201,-41274.6,2.44
5726,48.24,1009.6005,-45094.6,1.26
5727,43.76,1013.724,-45399.47,1.37
5728,49.4,1045.0641,-49853.11,1.5
5729,35.52,997.447,-50861.5,1.37
5730,49.04,1038.5858,-51586.7,2.11
5731,48.28,1038.4759,-41675.41,1.41
5732,48.68,1022.6947,-51092.96,1.44
5733,59.28,1033.2956,-43738.67,0.73
5734,43.68,1006.2585,-53091.06,1.47
5735,36.12,1033.4388,-57295.7,2.06
5736,56.0,1054.2866,-57316.03,1.34
5737,39.4,1012.9327,-45255.84,1.29
5738,60.76,1060.3126,-55605.13,1.3
5739,39.04,1033.5243,-49591.58,1.26
5740,50.56,1013.4978,-59039.77,1.95
5741,45.96,1026.9597,-47608.09,1.31
5742,53.04,1039.2064,-43099.7,1.25
5743,43.12,1049.9571,-41815.67,1.32
5744,36.64,994.5595,-55068.33,1.3
5745,53.88,1013.1046,-49331.18,2.05
5746,54.84,1034.4099,-45581.99,1.31
5747,47.4,1062.4987,-46080.72,1.2
5748,54.64,1017.9194,-55105.63,1.21
5749,50.88,1057.1866,-34284.55,1.42
5750,52.44,1033.7535,-39272.43,2.26
5751,59.84,1087.1802,-48412.71,1.42
5752,46.4,1037.0204,-37485.42,1.42
5753,42.88,992.7015,-42725.6,1.42
5754,39.4,1019.6242,-45374.06,1.42
5755,34.64,1113.0738,-56075.22,1.99
5756,41.68,1048.3642,-49538.53,1.17
5757,60.04,1069.0072,-55882.54,1.14
5758,45.16,987.6278,-42798.24,1.32
5759,57.36,1017.108,-41190.71,1.29
5760,49.08,1075.283,-36554.13,1.46
5761,50.32,1073.9934,-47661.22,1.22
5762,48.88,1023.6897,-45324.69,1.38
5763,43.72,1019.256,-49288.77,1.38
5764,43.96,1016.988,-51503.18,1.24
5765,55.64,1024.0459,-43266.88,1.44
5766,46.8,1031.4741,-41222.27,2.37
5767,47.96,1020.2424,-57491.2,1.27
5768,36.88,1068.6916,-51443.28,1.12
5769,50.48,1021.6372,-41412.81,1.37
5770,42.48,1015.4115,-51187.64,1.18
5771,47.4,1049.4934,-50128.82,2.2
5772,41.2,1011.9776,-53223.05,1.39
5773,50.28,996.9482,-43100.46,1.4
5774,39.32,972.6369,-48565.72,1.27
5775,55.04,1039.9181,-41335.42,1.56
5776,55.2,1046.1492,-53472.41,1.75
5777,46.8,1025.1085,-51376.42,1.33
5778,53.76,1026.9074,-45404.15,1.29
5779,47.92,1031.7803,-55396.21,1.35
5780,47.0,999.0756,-40973.91,1.59
5781,50.8,1030.7576,-43506.22,2.16
5782,51.08,1052.6582,-36093.27,1.53
5783,55.48,1030.9293,-53348.33,1.34
5784,43.52,1021.4348,-53037.71,1.37
5785,43.64,1027.692,-49131.33,1.44
5786,43.08,1046.5414,-57413.92,2.19
5787,49.32,1024.2933,-47358.3,1.19
5788,43.52,1104.9653,-46791.12,1.43
5789,43.56,1043.0071,-51785.23,1.4
5790,65.2,1035.6463,-47562.54,1.38
5791,42.12,996.8824,-49042.67,2.23
5792,51.16,1046.0084,-49171.13,1.42
5793,56.92,1025.4743,-47365.51,1.37
5794,42.88,1049.6902,-39836.98,1.65
5795,34.32,1004.0203,-50971.38,1.34
5796,39.72,1021.2117,-47184.01,1.78
5797,46.4,1020.7821,-57193.04,1.3
5798,41.8,1032.6688,-47022.46,1.44
5799,61.4,1042.2706,-47399.56,1.36
5800,52.48,1049.8016,-47761.83,1.37
5801,52.48,1048.9689,-40177.9,2.3
5802,38.44,1022.2661,-53457.92,1.3
5803,38.72,1012.2664,-49101.81,1.28
5804,46.84,1026.7761,-45697.45,1.31
5805,63.48,1011.9053,-45155.37,1.37
5806,50.12,1004.3716,-49078.65,1.26
5807,51.6,1020.0911,-47077.79,2.21
5808,55.48,1093.3875,-48009.5,1.29
5809,46.88,998.5313,-46963.31,1.43
5810,36.24,1008.3313,-39222.02,1.49
5811,48.6,1025.2145,-51425.9,1.14
5812,48.32,1035.7702,-49464.77,2.5
5813,53.36,1009.5484,-52971.85,1.39
5814,56.36,1050.9131,-51979.98,1.41
5815,49.2,1035.2962,-47679.13,1.41
5816,60.56,1054.9634,-49427.08,1.44
5817,55.64,1031.2943,-53580.86,1.62
5818,42.72,1058.7734,-43970.25,1.32
5819,53.6,1012.333,-53130.67,1.48
5820,55.2,1049.141,-46029.53,1.44
5821,43.12,1010.4249,-35136.6,1.43
5822,35.44,1030.1206,-45577.9,2.28
5823,44.16,1026.505,-43523.7,1.44
5824,35.64,1053.9924,-49520.81,1.39
5825,52.24,1095.4464,-51887.09,1.26
5826,51.12,1023.3451,-45433.18,1.43
5827,56.6,1015.6401,-49147.58,2.24
5828,54.2,1084.9993,-55551.38,1.4
5829,53.12,988.3734,-40932.58,1.44
5830,44.8,996.124,-46873.38,1.29
5831,43.28,1040.1061,-38077.8,1.3
5832,59.6,1008.1792,-45285.58,2.43
5833,36.48,1029.8054,-45428.18,1.41
5834,43.56,1035.5435,-45379.63,1.4
5835,38.68,1002.1766,-55028.37,1.35
5836,42.16,1071.4286,-42230.04,1.38
5837,42.68,1028.8012,-41523.76,1.83
5838,49.76,1017.8771,-53134.04,1.21
5839,47.0,1013.4304,-59116.61,1.37
5840,44.96,997.4213,-44918.56,1.35
5841,53.48,1000.156,-45066.16,1.42
5842,47.72,1032.9948,-47535.84,2.32
5843,42.4,1044.7454,-53440.95,1.32
5844,48.12,1030.2968,-51103.06,1.28
5845,54.52,1011.5613,-51044.91,1.39
5846,51.24,1061.4031,-43927.11,1.5
5847,53.64,1074.5352,-46454.52,1.42
5848,44.2,1006.6152,-51133.6,1.17
5849,55.96,1038.4932,-43569.41,1.45
5850,37.2,1038.9255,-35597.07,1.45
5851,44.76,1016.6535,-43414.42,1.34
5852,36.6,1003.2696,-45158.92,1.4
5853,46.6,1060.235,-50104.18,2.25
5854,45.88,1010.9949,-52964.39,1.21
5855,60.0,1191.3457,-49288.71,1.24
5856,44.68,994.1949,-47094.33,1.22
5857,36.52,1036.127,-47900.51,1.52
5858,56.72,1052.6125,-41657.06,1.64
5859,55.56,997.2556,-48852.99,1.31
5860,60.76,1025.6838,-49350.28,1.42
5861,53.36,1045.6326,-47956.47,1.33
5862,48.68,1155.846,-48204.59,1.19
5863,55.2,1016.3884,-53512.51,2.15
5864,48.24,1090.1705,-53758.86,1.3
5865,61.0,1040.3907,-41640.44,1.46
5866,41.68,1045.2539,-51678.39,1.41
5867,52.68,1016.4034,-43138.27,1.45
5868,51.92,1026.382,-49401.72,2.36
5869,44.48,1067.1549,-49822.99,1.27
5870,64.2,1072.5152,-53454.58,1.22
5871,50.04,1019.7203,-51095.99,1.22
5872,65.12,1048.8336,-59234.24,1.14
5873,53.04,1045.0011,-53381.78,2.42
5874,41.28,1088.114,-50257.71,1.24
5875,54.76,1036.704,-43757.62,1.28
5876,49.0,1073.7002,-41840.25,1.46
5877,46.4,1024.6598,-43359.53,1.37
5878,44.24,1046.0131,-49549.11,1.7
5879,37.28,1022.3828,-50958.22,1.32
5880,47.84,1012.4456,-49284.26,1.32
5881,45.08,1010.4491,-60909.51,1.2
5882,52.0,1018.4448,-43095.19,1.36
5883,42.84,1023.2232,-49175.34,2.25
5884,57.84,1024.4258,-51103.47,1.32
5885,42.24,1069.9322,-55303.95,1.26
5886,62.36,1242.8376,-54019.12,1.14
5887,48.96,1061.8706,-51920.2,1.44
5888,59.48,1017.0736,-49140.68,1.29
5889,43.44,1011.2347,-53175.77,1.18
5890,43.92,1023.7557,-47367.0,1.46
5891,56.0,1050.1886,-49538.0,1.4
5892,35.88,1014.5812,-57277.72,1.49
5893,51.24,1039.2148,-51366.83,1.44
5894,40.12,1009.3769,-45350.19,2.49
5895,48.6,1082.9382,-43904.77,1.22
5896,34.28,1028.1111,-47385.06,1.36
5897,52.08,1077.9186,-59440.52,1.34
5898,48.24,996.0134,-46875.75,1.37
5899,40.88,1055.2475,-49473.56,1.77
5900,51.2,998.0904,-50771.46,1.47
5901,48.8,1014.6804,-53073.51,1.35
5902,51.44,1059.2207,-49734.04,1.49
5903,51.0,1033.9735,-39577.05,1.46
5904,46.12,1011.8865,-41132.12,2.24
5905,45.8,1024.6942,-45476.07,1.31
5906,41.68,1062.1708,-45471.8,1.4
5907,59.24,1029.7303,-43492.17,1.44
5908,40.84,1158.6382,-48714.25,1.3
5909,53.64,1036.2793,-53353.61,2.28
5910,48.28,1016.8048,-47305.63,1.26
5911,41.24,1008.7586,-51206.75,1.5
5912,40.72,1034.9944,-49410.63,1.51
5913,41.88,1026.3202,-53140.41,1.45
5914,42.36,1017.8074,-49198.03,2.26
5915,51.8,1050.5288,-43592.34,1.28
5916,31.16,1012.5765,-47133.45,1.47
5917,53.56,1107.7354,-50117.07,1.37
5918,40.0,991.7612,-52884.49,1.36
5919,44.08,999.9832,-59308.41,1.64
5920,43.68,1041.3767,-49274.37,1.39
5921,59.0,1033.8174,-53216.16,1.38
5922,47.64,1011.8259,-53207.03,1.24
5923,42.44,1032.5525,-43663.05,1.38
5924,40.76,1006.0306,-51036.35,2.25
5925,63.48,1035.3023,-47457.55,1.3
5926,44.48,1038.7452,-45204.07,1.57
5927,52.0,1064.8205,-51281.68,1.47
5928,40.56,1006.4258,-53032.27,1.42
5929,40.0,988.6858,-52956.94,2.13
5930,41.08,1031.9702,-43216.47,1.5
5931,51.2,1029.8156,-45740.62,1.47
5932,46.68,1043.466,-41578.1,1.34
5933,47.68,1012.4639,-49250.4,1.42
5934,38.76,1033.4808,-49222.06,1.48
5935,47.64,1072.3442,-50014.38,2.12
5936,58.8,1094.8867,-57911.54,1.2
5937,58.52,1047.2624,-45920.28,1.3
5938,48.04,1066.0084,-59022.63,1.23
5939,49.6,1068.8149,-46363.45,1.37
5940,43.76,1020.1876,-49508.91,1.61
5941,43.4,989.5197,-44702.64,1.34
5942,36.96,1008.7001,-31168.4,1.46
5943,51.24,1046.1035,-49453.5,1.36
5944,49.72,1023.5922,-49116.69,1.48
5945,59.76,1220.4964,-51239.66,2.11
5946,50.36,1023.6958,-53240.25,1.3
5947,45.6,1051.4876,-44129.81,1.37
5948,53.28,1057.5664,-51347.59,1.48
5949,48.96,1015.6778,-43188.08,1.26
5950,65.6,1025.6972,-43460.67,2.31
5951,44.72,1020.4985,-47293.21,1.29
5952,56.08,1040.4992,-47880.4,1.47
5953,52.36,1040.4531,-53191.1,1.42
5954,49.92,1040.1274,-47515.02,1.46
5955,39.92,1042.3732,-51352.44,2.27
5956,62.24,1004.5986,-47216.13,1.19
5957,41.68,1034.3761,-41330.54,1.41
5958,48.08,1012.3478,-50935.59,1.34
5959,61.2,1011.0025,-45218.63,1.41
5960,49.24,1007.1845,-43029.35,2.27
5961,50.48,1072.2017,-50070.53,0.77
5962,41.48,1036.2307,-47436.27,1.52
5963,63.92,1020.9799,-43302.13,1.33
5964,48.96,1049.8809,-43877.2,1.37
5965,44.2,994.1847,-52865.83,2.25
5966,54.6,1028.7596,-53125.67,1.39
5967,37.6,1007.393,-53116.95,1.3
5968,44.04,1038.9944,-59110.83,1.15
5969,48.44,1060.5356,-48209.38,1.47
5970,37.48,1015.64,-43288.67,2.6
5971,50.6,1013.125,-43204.52,1.31
5972,48.12,1072.6631,-53514.49,1.43
5973,35.16,1019.1177,-53362.65,1.24
5974,47.36,1006.5044,-47092.66,1.44
5975,51.24,1004.8338,-43295.47,1.33
5976,43.84,1011.8793,-46956.1,1.26
5977,38.04,1003.2295,-51268.63,1.37
5978,43.72,1021.3748,-47162.88,1.47
5979,54.36,1032.82,-49344.2,1.46
5980,55.16,1043.3032,-50978.25,1.15
5981,42.28,1023.7905,-61084.85,1.38
5982,39.2,1036.9337,-53401.11,1.42
5983,43.24,1064.2853,-46057.1,1.38
5984,50.56,1102.4174,-52269.78,1.29
5985,50.6,1038.5218,-49698.95,1.34
5986,58.04,1016.0582,-53148.55,2.46
5987,50.8,1035.9404,-49326.45,1.38
5988,52.16,1020.4952,-41313.43,1.37
5989,56.72,1031.8844,-45448.58,1.37
5990,53.0,1048.9306,-55999.18,1.27
5991,49.24,1114.4128,-50185.24,2.36
5992,47.08,1013.6488,-53085.71,1.27
5993,48.2,1032.768,-45925.97,1.4
5994,38.44,1007.2909,-43225.09,1.59
5995,52.04,1021.6274,-59329.07,1.37
5996,42.28,1104.2018,-48793.21,2.41
5997,45.76,1015.9149,-57216.92,1.23
5998,54.84,1013.328,-45341.6,1.51
5999,46.28,1011.4584,-44893.89,1.33
6000,54.2,1032.488,-45401.18,1.39
6001,51.92,1054.4912,-37973.51,2.24
6002,54.04,1031.3416,-57265.41,0.7
6003,45.52,1058.6148,-43721.91,1.39
6004,42.52,1081.3805,-53566.48,1.4
6005,49.6,1086.983,-46301.87,1.3
6006,52.0,1015.4554,-51182.01,2.36
6007,53.0,1014.9023,-45219.32,1.39
6008,49.12,1032.7368,-61352.67,1.3
6009,48.08,1026.0896,-51543.86,1.55
6010,48.36,1014.3657,-43277.49,1.39
6011,47.2,1031.2201,-59655.04,2.42
6012,49.56,1013.34,-51137.62,1.38
6013,48.84,1038.5227,-43632.72,1.27
6014,54.08,1018.241,-47241.75,1.46
6015,55.84,1050.1559,-57747.03,1.38
6016,55.28,1050.3743,-43835.68,1.47
6017,46.2,1008.8982,-47475.91,1.29
6018,47.36,999.9012,-55003.89,1.27
6019,38.8,1006.3123,-59059.03,1.11
6020,55.08,1067.286,-48031.95,1.51
6021,59.4,1050.9261,-51895.42,1.37
6022,29.2,984.2976,-52825.74,1.7
6023,52.84,1089.4393,-51820.49,1.31
6024,43.76,1005.6529,-51268.1,1.24
6025,44.2,1055.0363,-53645.09,1.3
6026,38.96,1056.4388,-40108.59,1.44
6027,49.92,1027.5268,-53367.36,2.4
6028,54.68,1036.0328,-49543.25,1.52
6029,33.56,1035.7067,-53053.05,1.41
6030,40.88,1033.9636,-51443.81,1.35
6031,41.2,1031.1094,-40923.93,1.38
6032,49.76,1014.7344,-41350.59,2.27
6033,45.28,1021.259,-49271.31,1.35
6034,45.88,1100.9362,-46784.79,1.37
6035,42.12,1022.8669,-49488.19,1.42
6036,38.08,1030.8414,-49502.83,1.28
6037,41.32,1090.6115,-50381.41,2.45
6038,53.12,1042.845,-49772.45,1.25
6039,43.32,1016.1366,-45258.77,1.36
6040,47.48,1020.1726,-47266.39,1.35
6041,48.28,1021.7082,-47051.14,1.53
6042,57.8,1012.5533,-47263.36,1.9
6043,37.0,1015.992,-47465.81,1.43
6044,46.08,1068.9388,-57492.94,1.52
6045,48.4,1003.2223,-51146.39,1.49
6046,57.32,1070.9668,-58375.55,1.31
6047,48.88,1068.7583,-47586.82,2.43
6048,49.24,1060.5416,-47543.12,1.26
6049,62.88,1043.0986,-47576.62,1.22
6050,49.72,1042.7065,-53611.91,1.26
6051,45.56,1038.9879,-49752.21,1.46
6052,52.96,1026.1887,-47377.58,2.26
6053,47.12,1017.9717,-57486.32,1.34
6054,41.68,1050.1392,-47540.83,1.39
6055,51.96,1070.125,-42273.67,1.38
6056,50.56,1036.309,-47613.91,1.47
6057,45.28,1031.1608,-51275.39,2.36
6058,43.8,1014.423,-52975.86,1.34
6059,54.12,1076.3234,-57714.82,1.36
6060,49.4,1064.3965,-46085.71,1.44
6061,59.24,1013.7931,-47213.7,1.36
6062,45.72,1035.7078,-55530.31,1.23
6063,41.72,1040.6044,-51614.09,1.51
6064,55.64,1028.3861,-45419.69,1.29
6065,43.16,997.4873,-44933.9,1.38
6066,35.24,1034.4761,-49035.45,1.33
6067,58.64,1063.8843,-49460.78,1.47
6068,51.32,1030.2952,-41381.4,2.39
6069,57.36,1049.6553,-47746.34,1.21
6070,60.44,1050.2879,-51915.58,1.4
6071,39.04,1087.486,-53767.67,1.2
6072,58.76,1070.0795,-46414.03,1.46
6073,50.52,1130.3967,-43602.88,2.15
6074,53.16,1065.8012,-51503.77,1.32
6075,52.52,1014.5248,-57112.43,1.29
6076,49.08,1023.932,-43432.52,1.46
6077,35.08,1002.7414,-57038.93,1.3
6078,50.48,1018.0614,-51032.92,2.25
6079,51.4,1007.8704,-41158.01,1.4
6080,54.52,1021.1034,-43455.21,1.35
6081,42.92,1017.0836,-55045.99,1.43
6082,49.88,991.0581,-46736.9,1.43
6083,47.08,1029.7982,-43694.19,1.81
6084,58.92,1069.5257,-49835.76,1.35
6085,44.36,1044.4192,-49748.01,1.41
6086,50.52,1016.527,-47125.42,1.52
6087,53.04,1036.5101,-49515.18,1.32
6088,42.24,1023.21,-57129.81,2.06
6089,46.92,1029.0938,-51455.14,1.48
6090,52.6,1050.2206,-41918.93,1.37
6091,45.2,1005.2515,-50994.35,1.36
6092,49.04,1055.9514,-35716.76,1.38
6093,42.92,1040.997,-41826.5,2.52
6094,40.72,1028.6442,-47380.34,1.37
6095,65.36,1023.6773,-45451.63,1.45
6096,47.68,1010.077,-53312.37,1.38
6097,47.08,1010.1673,-47205.56,1.36
6098,40.16,1022.067,-59193.48,2.4
6099,53.24,1010.8171,-47229.58,1.28
6100,54.04,1055.576,-61385.13,1.37
6101,51.76,1029.8523,-51259.18,1.46
6102,45.64,1073.2436,-44312.97,1.17
6103,47.0,1030.881,-43450.42,1.41
6104,41.28,1043.1977,-51768.86,1.15
6105,46.0,1018.129,-53003.78,1.57
6106,58.68,973.3465,-54727.51,1.41
6107,46.28,1036.5856,-49492.63,1.36
6108,47.2,1091.4027,-48431.75,1.46
6109,49.44,1047.5478,-53583.08,2.4
6110,32.2,1001.7992,-49095.88,1.43
6111,37.92,1083.9469,-57604.29,1.32
6112,45.52,1023.9442,-47400.19,1.35
6113,46.4,1031.8171,-49433.08,1.48
6114,60.6,1066.7119,-52212.41,2.36
6115,54.96,1039.1622,-51712.1,1.17
6116,46.0,1025.8215,-43680.76,1.29
6117,40.12,1005.5354,-47048.97,1.36
6118,58.52,1055.986,-61252.44,1.35
6119,44.76,1011.8039,-45357.8,2.36
6120,44.56,1058.824,-47626.6,1.29
6121,48.76,1069.4356,-48232.85,1.41
6122,44.36,1054.9336,-57501.04,1.41
6123,51.16,1010.1701,-49187.88,1.44
6124,47.24,1036.3157,-49544.15,1.72
6125,48.12,1047.4408,-51643.39,1.34
6126,37.44,1009.3428,-53051.39,1.33
6127,57.52,1044.0472,-53597.16,1.2
6128,45.04,1054.7348,-47657.19,1.44
6129,48.24,1031.4931,-45213.88,2.47
6130,56.32,1024.0862,-41021.0,1.25
6131,58.04,1047.5901,-53560.15,1.2
6132,58.92,1051.6644,-63290.91,1.16
6133,44.8,1029.8866,-51412.34,1.44
6134,52.88,1044.7679,-49512.74,2.38
6135,50.28,1034.6822,-51434.44,1.28
6136,56.56,1034.9452,-45477.41,1.39
6137,55.12,1042.6368,-55064.45,1.43
6138,50.72,1061.0976,-43484.33,1.59
6139,49.8,1038.5148,-53294.62,2.29
6140,58.72,1030.0299,-51353.97,1.29
6141,57.56,1014.8973,-41312.36,1.25
6142,58.48,1034.1095,-55066.79,1.42
6143,40.12,1027.2111,-61132.78,1.47
6144,54.44,1016.6418,-53336.74,1.41
6145,39.0,1011.6839,-55385.49,1.22
6146,48.32,995.1843,-42862.71,1.5
6147,43.32,1017.7976,-45250.36,1.39
6148,43.24,1001.1324,-49140.68,1.29
6149,35.56,1005.9965,-59278.72,1.36
6150,49.92,1033.7206,-41300.35,2.31
6151,54.96,1004.0089,-44904.33,1.23
6152,39.56,1042.0672,-49395.42,1.54
6153,44.56,1053.6846,-49312.1,1.39
6154,48.32,1042.067,-45508.81,1.45
6155,45.32,1020.3739,-45071.08,2.29
6156,50.44,1053.8596,-57411.34,1.24
6157,60.44,1078.5902,-48258.29,1.43
6158,61.64,1080.6534,-49503.0,1.39
6159,41.92,1123.2761,-43932.45,1.37
6160,59.92,1012.258,-43262.05,2.17
6161,53.68,1036.928,-47887.13,1.28
6162,50.2,1026.4627,-43145.68,1.33
6163,44.2,1037.842,-51459.18,1.27
6164,49.92,1022.1698,-47459.51,1.63
6165,41.08,1024.342,-41402.49,1.65
6166,57.08,995.11,-58957.13,1.12
6167,45.88,1011.7311,-41182.26,1.37
6168,51.84,1015.3992,-41330.46,1.45
6169,59.04,1022.6736,-47451.65,1.45
6170,45.36,1077.4545,-48056.79,2.12
6171,56.56,1032.2952,-51341.41,1.42
6172,52.96,997.948,-55088.32,1.33
6173,47.76,1013.2757,-52995.4,1.38
6174,46.56,997.4156,-52852.47,1.37
6175,38.4,1063.0452,-51815.05,2.57
6176,53.4,1020.3908,-47452.26,1.32
6177,54.28,1036.9226,-47957.03,1.32
6178,48.48,1040.8294,-55549.09,1.47
6179,39.56,1025.3815,-47370.6,1.43
6180,37.0,1031.0612,-51269.58,2.43
6181,53.96,1033.6461,-49617.99,1.21
6182,51.8,1025.2116,-51167.06,1.33
6183,54.64,1011.1417,-41148.14,1.57
6184,54.52,1046.7085,-39308.76,1.55
6185,40.84,1038.6898,-51346.52,1.78
6186,45.96,1021.2646,-39585.2,1.43
6187,47.76,1016.2113,-41045.11,1.33
6188,41.28,1014.0222,-43289.01,1.31
6189,44.16,1036.9676,-51501.32,1.37
6190,43.12,1001.3887,-39083.52,1.44
6191,51.24,1020.2574,-47472.55,2.34
6192,57.12,1050.6316,-44150.39,1.42
6193,56.72,1033.273,-45782.2,1.46
6194,57.32,1006.0962,-57093.38,1.33
6195,46.2,1104.0291,-53646.17,1.3
6196,50.88,1022.516,-53411.66,2.23
6197,45.84,1005.8784,-41105.3,1.43
6198,54.64,1022.2889,-43546.05,1.47
6199,49.4,1000.1272,-51002.44,1.33
6200,47.44,985.3278,-44884.85,1.46
6201,46.16,1053.4846,-43808.35,2.32
6202,54.2,1044.4372,-51720.03,1.47
6203,54.52,1009.2803,-53149.37,1.37
6204,51.36,1048.2756,-37832.64,1.38
6205,59.68,1001.983,-43040.61,1.46
6206,50.08,992.2713,-58945.16,1.59
6207,50.8,1032.5928,-41512.65,1.4
6208,44.12,1036.4705,-57478.23,1.26
6209,51.08,1057.7581,-41526.55,1.38
6210,43.88,997.1944,-46967.45,1.42
6211,56.4,1029.8451,-49263.07,2.36
6212,36.36,1048.2109,-63186.48,1.24
6213,51.6,1053.1079,-51957.59,1.38
6214,50.0,1014.9184,-39139.24,1.54
6215,49.12,1009.3629,-49039.55,1.19
6216,46.64,1030.6128,-47345.95,2.31
6217,52.28,1027.2761,-53318.82,1.36
6218,50.48,1106.8239,-47158.06,1.42
6219,41.2,1043.8707,-49118.33,1.42
6220,54.08,1005.8194,-47121.65,1.39
6221,52.92,1039.6218,-51572.67,2.42
6222,53.76,1026.356,-45240.57,1.25
6223,48.68,1005.5678,-49235.82,1.44
6224,53.24,1028.6674,-39399.3,1.36
6225,49.64,1011.2357,-51184.38,1.4
6226,47.44,1085.647,-55726.39,1.6
6227,49.16,1038.662,-53440.92,1.31
6228,52.6,1003.3082,-47075.26,1.38
6229,53.96,1052.8596,-55572.21,1.09
6230,50.32,1060.752,-47780.0,1.38
6231,37.92,987.5984,-52759.37,1.35
6232,54.56,1043.0808,-52058.28,1.5
6233,50.0,1052.4924,-55921.38,1.29
6234,50.16,1041.6671,-39586.07,1.53
6235,52.64,1045.67,-51413.38,1.38
6236,46.8,1027.0339,-42992.07,1.41
6237,47.84,1027.9015,-45045.61,2.31
6238,53.36,1039.0385,-45951.91,1.21
6239,51.88,1044.3782,-49381.58,1.41
6240,38.28,1032.7312,-53417.49,1.21
6241,57.32,1044.9182,-49642.54,1.53
6242,36.96,1050.6495,-51557.44,2.35
6243,57.76,1037.9768,-53441.83,1.29
6244,49.24,1015.9989,-49242.65,1.27
6245,42.72,1057.3772,-40029.02,1.34
6246,58.0,1022.2828,-55226.13,1.3
6247,34.48,1051.9406,-49663.32,1.63
6248,47.92,1038.8727,-39809.27,1.41
6249,38.76,999.8294,-49031.85,1.42
6250,57.56,1033.3194,-57368.36,1.35
6251,40.4,1022.6009,-43477.31,1.44
6252,51.36,981.6358,-46729.31,2.2
6253,35.92,1019.9334,-55197.69,1.23
6254,45.48,1091.5726,-56286.32,1.39
6255,46.52,1063.5949,-55888.91,1.34
6256,33.6,1039.4752,-59485.17,1.24
6257,57.88,1001.0876,-42973.91,2.37
6258,44.84,983.1579,-46733.8,1.31
6259,52.08,1025.0219,-51330.46,1.34
6260,56.32,1033.2301,-53478.36,1.4
6261,42.32,1019.4194,-41348.03,1.36
6262,41.92,1017.9232,-43069.38,2.22
6263,53.28,1002.9166,-51230.31,1.48
6264,42.68,1008.5622,-54971.66,1.4
6265,54.04,1022.2118,-45506.58,1.37
6266,45.2,1049.3748,-49566.44,1.39
6267,45.32,1044.1975,-47742.82,1.62
6268,42.44,1028.138,-53269.84,1.35
6269,45.36,1063.0972,-53762.59,1.44
6270,46.84,1102.5267,-54450.97,1.45
6271,53.6,1029.1488,-43647.26,1.54
6272,63.36,1044.5685,-51490.17,1.56
6273,34.04,1062.6918,-61326.3,1.26
6274,48.32,1109.8442,-51942.95,1.29
6275,54.36,1133.2216,-51935.45,1.32
6276,47.0,1026.6261,-52997.36,1.31
6277,61.84,1030.592,-47407.63,1.43
6278,52.4,1053.164,-39909.7,2.29
6279,49.32,1058.4359,-45668.44,1.56
6280,46.6,1101.3847,-50709.02,1.47
6281,41.04,1007.871,-41132.18,1.37
6282,46.6,1034.9538,-49465.12,1.36
6283,49.76,1017.9298,-49138.4,2.19
6284,52.44,1004.809,-56974.68,1.33
6285,42.44,1035.053,-51414.46,1.43
6286,62.24,1010.5464,-49192.92,1.3
6287,47.04,1031.4564,-51385.36,1.44
6288,51.96,1003.3948,-53066.35,1.5
6289,52.56,1088.7989,-47928.94,1.32
6290,42.28,1008.7737,-52968.37,1.39
6291,47.16,1017.6858,-49194.99,1.21
6292,39.16,1035.2265,-50999.43,1.3
6293,39.24,1005.2959,-46978.33,2.24
6294,48.76,1043.3525,-47608.93,1.32
6295,55.08,1041.2234,-49338.61,1.39
6296,52.12,1038.6658,-51721.65,1.41
6297,53.16,1044.3938,-41452.99,1.5
6298,53.8,1036.4476,-41637.19,2.15
6299,56.8,1029.8615,-43383.97,1.52
6300,48.32,1035.1438,-47471.91,1.51
6301,53.56,1008.8559,-46961.68,1.35
6302,41.92,1003.597,-43163.17,1.41
6303,46.96,1017.0421,-39368.29,2.28
6304,52.2,995.7754,-48971.88,1.21
6305,50.2,1019.729,-39584.17,1.43
6306,49.4,1037.168,-43274.72,1.37
6307,44.48,1023.1904,-55579.01,1.35
6308,45.88,1011.8613,-45226.21,1.79
6309,55.92,1041.7649,-51456.46,1.3
6310,46.4,1076.585,-59627.3,1.27
6311,48.28,1035.2741,-45666.67,1.51
6312,44.16,1014.0123,-55247.36,1.39
6313,54.44,1068.1543,-42273.91,2.23
6314,45.68,1074.5411,-50129.2,1.36
6315,52.88,1017.908,-45468.7,1.32
6316,48.76,1039.6668,-47416.72,1.27
6317,46.44,1069.9414,-61943.29,1.26
6318,49.64,1014.0177,-47317.34,1.21
6319,47.84,1030.7275,-49143.81,2.24
6320,40.84,1046.5693,-41539.66,1.3
6321,42.92,1011.2419,-46954.2,1.42
6322,53.52,1036.6342,-51384.87,1.38
6323,36.28,1027.4363,-51163.06,1.16
6324,44.36,1052.5216,-47310.49,2.33
6325,37.68,1056.527,-41928.86,1.53
6326,51.6,1036.2713,-53499.59,1.27
6327,38.76,1021.9023,-55418.45,1.35
6328,55.72,1061.6675,-38467.67,1.48
6329,55.32,1038.5861,-47614.12,1.72
6330,52.24,1054.5852,-57332.08,1.3
6331,46.52,1027.9795,-55217.01,1.13
6332,60.68,1038.2154,-51636.57,1.37
6333,60.6,1024.1414,-47259.46,1.35
6334,48.96,1000.4157,-43129.86,2.24
6335,53.08,1009.3188,-51293.26,1.36
6336,61.72,1026.645,-55149.71,1.48
6337,48.2,1014.6244,-43325.76,1.48
6338,33.12,1028.1158,-55232.83,1.35
6339,52.68,1080.1566,-47878.06,2.51
6340,54.4,1016.9962,-43600.38,1.3
6341,46.36,1024.4948,-49000.92,1.41
6342,39.16,1027.5146,-49340.92,1.47
6343,48.04,1071.1563,-50209.87,1.5
6344,58.12,1023.8533,-45451.32,2.36
6345,57.4,1010.0539,-45167.86,1.41
6346,58.96,1007.6794,-39126.72,1.3
6347,57.56,1061.6625,-47764.63,1.36
6348,48.48,1016.0076,-45377.08,1.36
6349,50.76,1016.8966,-49285.66,1.64
6350,56.16,1059.8515,-55197.49,1.17
6351,40.8,1002.7302,-56981.23,1.38
6352,37.04,1022.9575,-49203.02,1.32
6353,39.72,1036.5692,-51641.78,1.37
6354,58.16,1014.3676,-45188.4,2.33
6355,45.16,1020.3062,-49254.42,1.19
6356,44.88,1021.1687,-41599.9,1.36
6357,47.32,1019.6134,-43163.26,1.42
6358,45.36,1069.0314,-40554.74,1.57
6359,50.8,1026.4291,-47285.83,1.56
6360,46.68,1072.3451,-44530.89,1.26
6361,48.92,1019.8602,-55053.73,1.41
6362,55.88,1027.21,-45446.19,1.25
6363,50.32,1029.2947,-51450.21,1.46
6364,55.0,1069.7026,-59696.26,1.23
6365,37.96,1030.7992,-55243.57,2.39
6366,49.16,1004.5714,-46980.21,1.31
6367,36.68,1015.5078,-41348.71,1.43
6368,45.2,1016.681,-41205.34,1.26
6369,58.52,1011.4716,-45234.67,1.37
6370,49.08,1034.6662,-49464.89,1.75
6371,37.48,1033.4572,-49276.43,1.21
6372,47.96,1016.052,-41341.42,1.42
6373,53.96,1028.7669,-51174.67,1.48
6374,37.96,1042.0562,-49539.69,1.3
6375,44.4,990.8461,-42773.01,2.26
6376,52.4,1043.1167,-49490.56,1.3
6377,46.68,1032.3933,-59239.04,1.32
6378,44.24,990.2515,-46823.88,1.59
6379,37.16,1037.5644,-51004.79,1.46
6380,43.88,1057.1709,-46081.58,2.4
6381,49.48,1045.9694,-41638.5,1.33
6382,37.92,1041.2012,-41763.6,1.34
6383,44.92,1031.852,-37724.75,1.44
6384,43.32,1021.1698,-47048.13,1.35
6385,56.32,1030.7794,-47484.66,2.29
6386,37.0,1004.7488,-48988.29,1.43
6387,53.28,1095.5293,-46105.57,1.23
6388,45.32,1062.8346,-51632.74,1.47
6389,57.88,1057.0582,-53646.93,1.4
6390,39.52,1010.4751,-48974.85,1.51
6391,52.96,1020.0594,-51083.98,1.37
6392,42.44,1044.7774,-51350.41,1.33
6393,52.32,1045.8398,-40124.56,1.4
6394,43.92,1061.0028,-45506.75,1.39
6395,44.32,1027.7373,-45351.37,2.31
6396,43.84,1026.288,-57402.28,1.39
6397,54.04,1135.7972,-50979.48,1.4
6398,41.0,1024.052,-53266.85,1.23
6399,48.72,1087.9233,-57811.1,1.41
6400,63.4,1038.1908,-57316.89,1.35
6401,49.08,1034.7016,-57244.81,1.26
6402,53.8,1041.9372,-41704.97,1.52
6403,47.92,1063.1047,-44026.83,1.4
6404,47.0,1015.5968,-45178.49,1.34
6405,49.04,1092.5457,-44681.9,1.46
6406,42.04,1010.2267,-51181.67,2.22
6407,49.4,1042.697,-43799.65,1.45
6408,39.96,1000.0116,-54931.28,1.26
6409,55.12,1088.9206,-48143.64,1.44
6410,39.36,1016.5096,-45207.39,1.46
6411,49.28,1150.1094,-50555.71,1.51
6412,41.24,1038.1726,-43427.3,1.44
6413,46.72,1014.819,-47256.39,1.47
6414,57.8,1044.0557,-55719.26,1.31
6415,52.4,1088.9306,-50244.82,1.44
6416,49.8,1061.0093,-45808.19,2.47
6417,51.48,1030.9164,-55286.37,1.32
6418,53.04,1065.3112,-54367.13,1.41
6419,40.04,1010.1646,-43026.4,1.57
6420,45.76,1164.975,-50058.3,1.41
6421,53.76,1091.5068,-53800.86,2.02
6422,42.08,1020.3288,-45002.87,1.38
6423,54.6,1073.5356,-53494.29,1.34
6424,45.4,1030.3604,-45613.46,1.46
6425,50.48,1079.3762,-48197.49,1.32
6426,49.52,1060.8028,-45820.91,2.23
6427,47.52,1048.2387,-45823.68,1.44
6428,52.92,1039.8284,-51162.84,1.34
6429,49.72,1058.3954,-51905.59,1.22
6430,55.68,1021.8696,-43425.74,1.41
6431,65.76,1004.598,-51101.45,1.65
6432,48.96,1013.3812,-45088.47,1.3
6433,44.56,1038.8243,-53364.58,1.44
6434,29.08,997.0518,-47107.65,1.44
6435,32.96,1032.28,-47587.86,1.31
6436,51.68,1043.5259,-41690.79,2.56
6437,47.44,1063.3948,-53221.07,1.34
6438,48.04,1006.6189,-49023.16,1.33
6439,46.72,1080.9208,-53910.16,1.31
6440,55.68,1045.4542,-47490.68,1.4
6441,48.48,1010.898,-51132.43,2.13
6442,41.68,1021.9146,-45161.17,1.41
6443,45.56,1083.2212,-46332.51,1.27
6444,64.12,976.1058,-48689.45,1.25
6445,33.32,1037.5562,-47475.9,1.5
6446,39.76,1059.5278,-49762.96,1.31
6447,44.92,1081.4936,-46269.0,2.14
6448,55.6,1016.0773,-45249.67,1.29
6449,52.4,1029.9243,-47553.41,1.52
6450,44.16,1000.1582,-45197.84,1.34
6451,53.64,1074.1658,-59422.55,1.04
6452,50.8,1063.9214,-47342.43,1.73
6453,51.16,1039.6482,-51567.73,1.45
6454,53.16,1003.575,-59021.89,1.4
6455,58.8,1041.3862,-51557.35,1.5
6456,41.28,1017.0106,-45277.29,1.4
6457,48.68,1067.3544,-42375.05,2.26
6458,53.44,1046.5499,-53732.67,1.19
6459,57.8,1051.218,-47975.53,1.47
6460,41.12,1044.2314,-59158.75,1.31
6461,52.4,1034.3022,-51356.36,1.22
6462,46.64,1026.2541,-51373.58,1.98
6463,53.8,1004.6,-49083.55,1.29
6464,59.96,1027.8982,-47299.16,1.34
6465,52.68,1009.7566,-53194.35,1.39
6466,42.44,1000.21,-54931.46,1.67
6467,55.0,1043.6902,-53328.49,2.2
6468,48.2,1022.9097,-49167.57,1.34
6469,60.24,1037.5503,-41317.82,1.33
6470,41.44,1000.4269,-45139.3,1.38
6471,59.24,1140.0662,-52606.29,1.3
6472,45.4,1034.7257,-45205.85,2.17
6473,47.04,1021.9708,-45113.48,0.87
6474,51.28,992.4778,-46891.38,1.42
6475,58.8,1083.6509,-57604.45,1.54
6476,41.48,1033.9118,-49590.65,1.38
6477,39.92,977.3233,-60843.61,2.17
6478,46.48,1017.1922,-45234.69,1.43
6479,57.44,1037.5044,-49488.85,1.38
6480,50.16,1080.8907,-41996.96,1.44
6481,42.68,1009.6743,-53223.7,1.38
6482,54.04,1050.8922,-49668.24,2.33
6483,41.16,1013.1482,-57170.93,1.14
6484,47.88,1011.65,-45310.21,1.3
6485,50.68,1043.4887,-53564.46,1.4
6486,54.76,1033.5352,-47437.39,1.22
6487,47.2,988.7994,-56845.77,1.17
6488,54.2,1029.3893,-55165.23,0.98
6489,50.52,1111.7664,-56464.71,1.47
6490,61.72,1058.7653,-47859.0,1.36
6491,39.24,1025.8914,-53270.39,1.2
6492,59.12,1069.9538,-55659.77,1.24
6493,49.96,1037.1141,-45497.99,1.72
6494,50.52,1041.1458,-49422.88,1.45
6495,53.72,1033.1207,-35638.89,1.56
6496,43.52,1146.0441,-44982.34,1.39
6497,48.48,1019.7647,-46969.15,1.4
6498,46.8,1039.1191,-53346.86,2.3
6499,44.96,1033.3783,-47706.78,1.32
6500,36.8,1109.223,-44528.46,1.32
6501,33.48,1009.3968,-33214.18,1.37
6502,42.56,1019.6063,-47441.66,1.38
6503,42.16,1002.4559,-54990.86,2.17
6504,46.48,1003.062,-45039.95,1.41
6505,36.08,1044.6508,-53154.5,1.48
6506,42.0,1023.0848,-48833.66,1.46
6507,46.48,1036.2216,-55651.53,1.27
6508,45.44,1044.1261,-45616.14,2.28
6509,36.88,1039.7456,-43502.85,1.29
6510,46.08,1038.696,-51796.99,1.59
6511,52.2,1067.6818,-44066.96,1.3
6512,57.68,1042.3087,-59316.45,1.49
6513,53.04,1030.7844,-53413.22,2.34
6514,42.72,1028.076,-41470.47,0.88
6515,50.4,1060.1132,-49758.26,1.3
6516,55.56,1019.6102,-56913.26,1.45
6517,41.72,1025.5525,-43372.87,1.43
6518,58.52,1014.4014,-45190.98,2.28
6519,50.88,1022.5804,-50834.48,1.29
6520,39.08,1041.1881,-45624.86,1.35
6521,51.92,1004.4879,-54963.71,1.25
6522,53.84,1045.9468,-41674.13,1.22
6523,41.84,1066.9914,-57449.44,2.3
6524,48.8,1045.7694,-49852.65,1.39
6525,47.68,1046.1203,-53642.54,1.18
6526,45.36,1038.5234,-49516.28,1.3
6527,40.2,1037.9032,-57287.52,1.44
6528,48.0,1016.8277,-41226.41,1.39
6529,58.52,1067.2618,-34624.92,1.31
6530,50.6,1038.9153,-43606.53,1.46
6531,47.28,1082.5013,-48329.57,1.47
6532,41.52,1037.1934,-47319.02,1.31
6533,41.56,1004.0677,-51177.98,1.35
6534,49.2,1084.6043,-38255.44,1.75
6535,50.92,1015.4996,-51163.81,1.13
6536,50.84,1096.785,-57977.02,1.29
6537,49.76,1046.7574,-43837.43,1.39
6538,35.32,1006.7137,-43232.74,1.34
6539,56.92,1031.2331,-51205.75,2.18
6540,47.0,1007.9716,-39139.39,1.27
6541,41.8,1030.4762,-53256.78,1.43
6542,47.92,1046.1025,-45634.42,1.42
6543,40.64,1030.4087,-51110.81,1.28
6544,51.04,1063.3893,-49814.92,2.36
6545,50.92,1063.8008,-42345.11,1.39
6546,37.04,1012.4742,-51215.35,1.38
6547,45.88,1027.4755,-47567.24,1.32
6548,58.84,1016.8882,-47555.84,1.35
6549,48.24,1054.795,-57618.51,2.29
6550,49.56,1026.4451,-57066.74,1.25
6551,48.64,1037.7693,-49203.76,1.35
6552,43.16,1022.2117,-43307.65,1.44
6553,48.16,1060.0027,-45762.29,1.42
6554,46.56,1028.9643,-47233.62,2.36
6555,60.68,1021.3566,-43452.3,0.68
6556,48.96,1020.4885,-49376.04,1.31
6557,46.04,1046.4118,-50038.17,1.48
6558,59.56,1059.7364,-47914.6,1.45
6559,41.76,1006.7528,-49151.58,2.05
6560,49.2,1024.1246,-47425.33,1.43
6561,63.4,1016.1933,-49226.47,1.18
6562,54.12,1064.3227,-45966.78,1.3
6563,54.36,1059.267,-47991.13,1.45
6564,46.68,1032.2663,-56995.4,2.27
6565,40.64,1060.9011,-47865.02,1.31
6566,57.32,1041.7629,-49822.51,1.45
6567,44.36,1003.5183,-45067.12,1.07
6568,43.16,1024.1833,-48963.72,1.3
6569,35.28,1041.8339,-53449.23,2.35
6570,43.0,1022.4533,-49367.63,1.23
6571,43.28,1042.0919,-41910.65,1.49
6572,49.08,1012.4844,-49362.76,1.37
6573,63.0,1028.2097,-51159.18,1.48
6574,28.88,1055.6949,-61400.93,1.38
6575,48.56,1031.8908,-45417.77,2.11
6576,48.0,1024.774,-51412.26,0.65
6577,42.96,1083.1972,-53913.87,1.28
6578,43.32,1024.3712,-45337.93,1.43
6579,45.16,1051.508,-49812.3,1.42
6580,44.6,1023.7662,-55334.71,2.12
6581,51.8,1016.8308,-47225.18,1.33
6582,46.4,1023.4579,-49519.07,1.42
6583,47.92,1003.9649,-45217.25,1.3
6584,44.0,1043.724,-49465.89,1.41
6585,42.8,1062.955,-47801.95,2.17
6586,47.2,1059.8695,-55344.81,1.33
6587,41.76,1086.2344,-51913.31,1.29
6588,54.12,1022.3718,-45214.51,1.34
6589,38.32,1015.2243,-51188.1,1.39
6590,55.0,1063.7998,-55660.38,2.12
6591,41.44,1041.4289,-53171.16,1.25
6592,49.6,1024.8819,-57064.46,1.34
6593,44.96,1046.7256,-49694.47,1.53
6594,50.16,1040.488,-55697.02,1.49
6595,45.16,1071.3442,-47456.92,2.22
6596,41.12,1046.3174,-46112.08,1.33
6597,49.6,1046.8682,-43647.33,0.75
6598,54.52,1081.0226,-55841.19,1.33
6599,51.24,1006.1362,-62997.21,1.14
6600,52.12,1077.6668,-45948.02,2.42
6601,59.44,1055.1655,-45756.33,1.22
6602,46.52,1106.9771,-48517.02,1.52
6603,50.96,1039.0817,-43764.28,1.48
6604,55.44,1076.0033,-42275.69,1.55
6605,37.48,1023.9873,-46883.11,2.25
6606,56.0,1067.843,-51793.42,1.3
6607,43.2,1016.3466,-47201.99,1.21
6608,60.96,1017.2468,-49223.85,1.33
6609,45.2,1039.8904,-45927.41,1.42
6610,52.76,1059.873,-54144.41,2.21
6611,56.16,1040.6213,-49428.39,1.24
6612,50.52,1063.3808,-55439.94,1.15
6613,62.24,999.6276,-41078.92,1.56
6614,52.48,1049.86,-55145.56,1.31
6615,43.24,1047.0561,-44029.9,1.47
6616,42.4,1046.5422,-61143.28,1.09
6617,48.88,1044.951,-49461.7,1.33
6618,48.36,1024.0402,-45119.09,0.78
6619,53.2,1049.8175,-53402.32,1.36
6620,52.52,1049.1824,-52007.54,1.26
6621,46.12,1004.2309,-47192.74,2.2
6622,41.24,1062.0465,-55684.09,1.48
6623,56.96,1349.5356,-55045.36,1.22
6624,46.8,1041.2613,-57933.66,1.45
6625,45.8,1111.6267,-41083.13,1.47
6626,38.04,1008.2488,-45115.57,2.19
6627,56.08,1010.639,-54911.19,1.42
6628,31.52,1064.7725,-47854.23,1.32
6629,39.44,1056.8699,-49818.86,1.36
6630,43.24,1013.8592,-49303.3,1.48
6631,50.76,1023.7844,-51162.66,2.12
6632,43.0,1049.8908,-46058.03,1.25
6633,47.6,1084.9394,-48124.02,1.48
6634,47.4,1068.422,-55564.3,1.3
6635,53.32,992.634,-46863.94,1.4
6636,56.92,1035.7931,-49513.93,2.09
6637,46.56,1043.1233,-59258.83,1.3
6638,54.24,1041.0538,-47633.06,1.36
6639,56.64,991.6072,-36761.2,0.8
6640,46.76,1024.7188,-55255.93,1.27
6641,47.96,1156.1216,-46957.02,2.08
6642,49.96,1024.0768,-51152.34,1.23
6643,51.92,1046.6976,-59273.73,1.01
6644,49.84,1044.1114,-53464.71,1.37
6645,50.24,1020.8838,-47526.46,1.3
6646,46.72,1055.0622,-39839.58,2.41
6647,43.4,1051.3569,-46410.88,1.58
6648,48.56,1067.4874,-41994.08,1.47
6649,39.92,1044.2833,-45382.9,1.4
6650,49.44,1009.9546,-43104.11,1.31
6651,54.44,1000.2409,-47033.11,2.34
6652,33.28,1000.09,-36925.53,1.5
6653,53.36,1022.4366,-47516.04,1.49
6654,49.72,1006.9684,-46952.93,1.27
6655,48.44,1025.4183,-45303.24,1.38
6656,41.28,1020.991,-45468.19,1.51
6657,42.4,1084.8685,-46387.24,1.35
6658,42.28,1049.8888,-47871.61,1.42
6659,45.16,1048.2277,-44063.18,1.42
6660,47.92,1105.535,-56126.35,1.47
6661,33.72,1136.6295,-54719.23,1.21
6662,47.24,1058.8666,-49971.23,2.12
6663,47.0,1066.5034,-49551.15,1.42
6664,42.44,1011.1899,-43149.1,1.3
6665,45.64,1054.5024,-50007.1,1.42
6666,42.84,1011.716,-55449.77,1.23
6667,51.44,1069.8249,-51716.79,2.26
6668,55.48,1022.2501,-49379.51,1.27
6669,53.0,1044.3549,-49468.52,1.28
6670,41.28,1057.3713,-45599.96,1.46
6671,50.28,1069.6131,-46433.02,1.47
6672,45.92,1102.5513,-54260.71,2.31
6673,50.4,1016.9841,-47231.34,1.35
6674,47.84,1020.9578,-41282.74,1.4
6675,48.92,1026.8596,-49368.3,1.44
6676,53.6,1060.2558,-50043.05,1.36
6677,43.76,1035.7745,-41792.39,2.3
6678,40.32,1030.2611,-47434.7,1.36
6679,65.08,1127.1821,-48304.09,1.28
6680,43.64,1041.7654,-34106.95,0.77
6681,54.8,1023.4371,-65132.03,1.15
6682,51.64,1008.6899,-55133.46,2.01
6683,31.36,1041.5236,-45916.28,1.33
6684,55.68,1044.1747,-43651.93,1.3
6685,57.88,1044.0274,-51378.51,1.2
6686,45.96,1059.9768,-42150.04,1.5
6687,42.44,1027.823,-45277.1,2.32
6688,53.4,1006.7172,-51154.12,1.32
6689,48.64,996.8748,-48792.28,1.32
6690,56.88,1026.4452,-51358.63,1.3
6691,57.96,1025.2614,-51162.06,1.24
6692,54.72,998.7996,-45032.8,2.36
6693,40.4,1032.9877,-51401.68,1.41
6694,54.68,1007.597,-47331.97,1.32
6695,43.32,1048.6153,-47560.7,1.48
6696,51.48,1032.7062,-49575.93,1.33
6697,53.0,1029.4346,-47506.19,2.16
6698,55.32,1038.2442,-49331.61,1.4
6699,44.56,1054.9943,-46295.05,1.5
6700,48.28,1018.0419,-51247.3,1.25
6701,48.16,1062.6021,-53692.51,0.72
6702,47.2,1019.3791,-41438.15,1.33
6703,55.96,1018.8342,-49418.54,2.08
6704,45.12,1019.2543,-44931.99,1.43
6705,51.76,1030.1936,-45298.73,1.43
6706,53.04,1084.8186,-50145.43,1.33
6707,51.4,1059.1121,-47866.86,1.34
6708,48.4,1022.5079,-53213.12,2.31
6709,25.64,1008.6502,-51062.69,1.48
6710,42.28,1037.3486,-51429.96,1.34
6711,45.52,1040.6758,-47866.05,1.5
6712,44.24,1031.0785,-55446.48,1.36
6713,42.12,1042.6192,-55484.51,2.1
6714,44.92,1020.1458,-49302.46,1.27
6715,36.12,1012.5114,-52956.96,1.38
6716,41.12,1014.6456,-51459.85,1.34
6717,38.36,1047.3794,-43978.91,1.56
6718,54.12,1015.8562,-59118.55,2.17
6719,38.68,1040.8453,-55270.23,1.14
6720,52.32,1041.5801,-53334.17,1.32
6721,54.16,1015.0799,-49185.56,1.26
6722,50.12,1056.644,-45769.01,0.86
6723,47.88,1030.2519,-49516.32,2.22
6724,50.12,1057.159,-47764.57,1.34
6725,51.64,1020.1426,-49302.04,1.37
6726,47.2,1027.2806,-45410.11,1.27
6727,37.84,1086.103,-54160.63,1.36
6728,48.6,1092.1084,-54465.08,2.0
6729,38.84,1018.2362,-49129.25,1.31
6730,40.64,1026.3265,-57410.29,1.34
6731,52.4,1037.6918,-53646.56,1.39
6732,43.88,1053.4647,-51808.85,1.54
6733,49.48,1032.4982,-47499.53,2.28
6734,39.56,1085.3832,-44580.0,1.28
6735,46.84,1039.055,-49508.62,1.42
6736,69.12,975.7472,-44655.15,1.35
6737,55.96,1093.4989,-40131.32,1.42
6738,33.28,1020.5063,-47384.33,2.17
6739,39.6,1025.5109,-45408.83,1.51
6740,46.52,1043.635,-45802.85,1.32
6741,35.12,1015.2318,-61258.31,1.26
6742,53.12,1004.5695,-49116.23,1.46
6743,51.68,1053.5188,-51349.66,0.73
6744,42.92,1040.2144,-45426.8,1.24
6745,60.84,1036.3288,-57191.7,1.35
6746,38.92,1080.0875,-55548.09,1.32
6747,38.24,1015.6031,-45169.0,1.41
6748,55.04,1021.3495,-43241.96,1.45
6749,38.8,1125.4092,-52003.05,2.29
6750,46.0,1002.782,-52906.01,1.3
6751,43.08,1057.5746,-42122.68,1.54
6752,49.0,1100.2105,-56192.27,1.25
6753,35.52,1021.5021,-47250.78,1.41
6754,45.0,1029.9499,-45564.48,2.37
6755,56.52,1014.3019,-51019.55,1.24
6756,49.96,1045.1254,-31835.18,1.48
6757,57.0,1060.6316,-51582.02,1.39
6758,46.92,1025.2092,-51317.25,1.37
6759,50.6,1060.5835,-50200.53,2.14
6760,43.76,1075.885,-55795.53,1.28
6761,48.68,1024.7175,-45575.71,1.45
6762,33.4,1015.0981,-47448.51,1.33
6763,38.32,1058.5904,-58976.1,1.23
6764,55.44,1008.1673,-55255.47,1.3
6765,46.2,1078.2493,-55961.2,1.32
6766,51.4,1037.2827,-49519.25,1.51
6767,51.88,1038.6892,-55319.79,1.44
6768,42.56,1011.7224,-49302.68,1.35
6769,49.2,1010.3496,-55320.96,2.14
6770,52.8,1095.9957,-51975.7,1.34
6771,50.8,1038.8012,-49671.75,1.49
6772,37.8,1044.5064,-57354.81,1.32
6773,57.44,1045.6041,-47866.41,1.49
6774,60.48,1053.7622,-45900.32,2.28
6775,52.0,1009.3283,-47126.1,1.07
6776,53.2,1027.4271,-43448.83,1.48
6777,55.88,1030.5432,-51444.15,1.31
6778,51.32,1031.5765,-49383.99,1.33
6779,45.0,988.7381,-44790.33,2.23
6780,47.52,1022.9965,-53484.59,1.38
6781,49.32,1053.7291,-57185.07,1.28
6782,52.6,1030.2345,-53393.2,1.46
6783,38.92,1000.6308,-47017.32,1.39
6784,54.04,1025.0734,-41442.64,1.46
6785,51.32,1078.1402,-43167.48,1.38
6786,59.92,1125.65,-52553.43,1.35
6787,48.72,1018.1856,-41280.47,1.39
6788,48.96,1043.9826,-61025.2,1.35
6789,48.6,1014.9605,-41485.84,1.45
6790,41.72,1018.9595,-47189.38,2.47
6791,53.28,1007.328,-50911.17,1.39
6792,48.84,1008.9193,-48994.72,1.34
6793,55.68,1064.9279,-43823.05,1.41
6794,38.16,1033.0582,-41509.78,1.41
6795,48.12,1045.88,-53615.26,2.21
6796,54.28,1052.0884,-45829.73,1.36
6797,35.72,1019.1912,-41452.15,1.29
6798,54.2,1073.7121,-51685.12,1.41
6799,58.6,1050.9659,-49629.42,1.24
6800,53.64,1030.9939,-41404.8,2.12
6801,50.24,1066.669,-53617.47,1.14
6802,64.96,1028.075,-45263.98,1.3
6803,42.04,1047.5328,-47585.36,1.32
6804,55.04,1005.6822,-45205.48,1.41
6805,43.2,1026.5314,-52916.13,1.57
6806,32.28,1049.8801,-49683.92,1.34
6807,41.56,1024.432,-55144.06,1.46
6808,56.6,1032.1388,-51566.16,1.39
6809,48.28,1053.0481,-37914.39,1.5
6810,52.76,1029.6585,-47201.54,2.36
6811,53.32,1036.354,-49263.05,1.29
6812,51.56,1068.289,-42240.57,1.27
6813,53.56,1023.4313,-45429.05,1.47
6814,53.28,1001.7713,-48962.43,1.37
6815,51.24,1024.7166,-51105.68,2.27
6816,53.48,1010.6578,-47284.8,1.45
6817,46.0,1016.0358,-59100.09,1.2
6818,51.8,1051.6211,-48105.85,1.5
6819,48.16,1079.258,-44262.98,1.45
6820,53.72,1016.8339,-48940.44,2.09
6821,56.88,1005.5892,-49073.13,1.49
6822,42.52,1065.0725,-56155.29,1.32
6823,47.64,1016.0371,-51245.64,1.53
6824,45.52,1000.5148,-51153.92,1.41
6825,42.88,1038.4299,-55513.61,1.52
6826,56.36,1009.9508,-47207.91,1.28
6827,54.44,1030.1869,-45313.86,1.5
6828,47.52,1046.1878,-57679.04,1.33
6829,38.08,1021.1296,-55317.59,1.24
6830,46.48,1023.0873,-51202.85,1.21
6831,42.8,1044.132,-47501.59,2.51
6832,41.64,1024.6475,-49203.31,1.23
6833,46.92,1050.7825,-47790.24,1.45
6834,57.4,998.5951,-37054.31,1.44
6835,51.72,1018.2595,-47437.67,1.31
6836,54.48,1065.455,-44044.74,2.32
6837,50.72,1028.5556,-51266.01,1.31
6838,54.76,1005.5116,-53186.27,1.42
6839,53.8,1042.4238,-49437.73,1.36
6840,37.12,1046.6406,-49482.72,1.25
6841,51.48,1037.8319,-47372.6,2.21
6842,47.8,1112.77,-41511.69,1.45
6843,44.68,1054.9212,-49404.56,1.53
6844,51.72,1061.7664,-51630.45,1.44
6845,49.68,1033.7805,-47693.1,1.41
6846,48.2,1053.6502,-41703.53,1.69
6847,62.56,1064.9267,-47929.7,1.35
6848,54.16,1079.5134,-55433.25,1.36
6849,48.08,1051.697,-49977.41,1.64
6850,54.92,1006.0945,-54834.29,1.23
6851,50.32,1028.0788,-53083.1,2.24
6852,57.84,1049.893,-47878.29,1.28
6853,47.04,1049.0172,-47744.29,1.46
6854,29.92,1007.3619,-57129.17,1.41
6855,51.08,1038.5767,-55405.37,1.33
6856,45.48,1099.3298,-39210.75,2.31
6857,38.24,1034.3821,-59463.8,1.33
6858,48.88,1043.9891,-53600.85,1.3
6859,46.36,1041.1353,-49518.79,1.09
6860,55.16,1069.3382,-43723.98,1.47
6861,51.08,1035.5778,-51002.22,2.39
6862,38.36,1100.696,-51864.83,1.31
6863,47.84,1095.132,-50231.5,1.31
6864,44.32,1032.7605,-47378.12,1.29
6865,53.56,1023.723,-35546.61,1.42
6866,50.24,1020.4328,-47395.78,1.6
6867,54.16,1035.8322,-43481.28,1.29
6868,49.76,1017.6345,-43061.86,1.5
6869,51.28,1013.6026,-49079.37,1.5
6870,60.92,1032.9515,-43775.64,1.37
6871,56.6,980.2034,-44721.47,1.38
6872,57.4,1024.0481,-47252.17,1.31
6873,51.16,1038.9948,-57697.99,1.21
6874,42.04,1033.4339,-49411.48,1.42
6875,46.08,1041.8027,-35962.15,1.45
6876,46.96,1001.836,-43006.5,1.31
6877,44.44,1043.8017,-51130.67,2.14
6878,46.0,1053.1065,-47647.83,1.39
6879,50.52,1012.6974,-45138.18,1.56
6880,44.2,1031.7686,-47379.67,1.41
6881,55.6,1062.6,-47901.09,1.46
6882,55.16,994.1891,-48825.77,2.17
6883,48.0,1027.4794,-43302.97,1.28
6884,54.84,1013.6569,-50890.76,1.37
6885,38.32,1033.8154,-57002.78,1.49
6886,54.96,1009.1481,-52988.15,1.32
6887,54.88,1050.4078,-47270.15,1.61
6888,49.52,1046.1226,-47587.92,1.57
6889,47.0,1002.3707,-50984.31,1.23
6890,45.52,1035.1114,-47613.84,1.32
6891,41.44,996.1102,-54950.39,1.22
6892,50.16,1029.7359,-45333.83,2.11
6893,57.24,1081.1679,-55636.33,1.24
6894,50.52,1070.0376,-43987.76,1.25
6895,42.28,1037.9262,-45632.73,1.35
6896,48.28,1019.6449,-45174.7,1.48
6897,31.24,1023.0787,-49146.54,2.1
6898,55.08,1134.6116,-41085.67,1.4
6899,40.8,1011.5655,-49299.78,1.36
6900,47.36,1000.4313,-41115.85,1.35
6901,52.2,1040.0373,-59178.45,1.31
6902,47.52,1061.4397,-49812.84,2.21
6903,42.16,1038.6786,-59238.96,1.03
6904,50.44,1030.2795,-43447.42,1.37
6905,47.84,1010.9075,-45008.85,1.34
6906,51.32,1005.2307,-49090.3,1.2
6907,44.08,1027.4941,-49606.11,2.23
6908,44.44,1045.5848,-43535.6,0.84
6909,31.04,996.1754,-42921.71,1.43
6910,41.52,1036.1958,-53352.28,1.37
6911,43.04,1026.484,-52968.81,1.3
6912,40.24,1019.9546,-47345.83,1.44
6913,53.16,1090.8672,-44446.86,1.36
6914,55.32,1042.4612,-43661.48,1.51
6915,53.6,1026.3634,-45261.57,1.29
6916,44.48,1001.406,-43101.55,1.3
6917,54.32,1021.0592,-47478.8,1.36
6918,48.64,1006.7225,-49238.72,2.2
6919,51.48,1000.7533,-48897.22,1.21
6920,32.16,1002.1746,-46878.26,1.37
6921,39.24,1000.3179,-44883.7,1.36
6922,34.16,1074.0693,-47473.59,1.53
6923,38.36,1005.8779,-53003.46,2.15
6924,63.12,1050.6596,-51768.76,1.2
6925,47.48,1105.2726,-56231.79,1.26
6926,53.4,1023.7931,-45234.29,1.56
6927,52.44,1115.0862,-46063.5,1.45
6928,38.32,990.2944,-44943.7,2.2
6929,53.76,1031.2074,-45542.47,0.76
6930,58.24,1037.678,-53768.87,1.27
6931,43.16,1018.6942,-55085.7,1.21
6932,51.84,1008.2402,-49354.35,1.38
6933,49.72,1024.219,-51335.61,2.17
6934,44.12,1005.744,-44907.18,1.39
6935,62.08,1011.4342,-49243.9,1.25
6936,53.44,1024.3151,-59647.31,1.35
6937,33.32,1067.6377,-55524.13,1.34
6938,46.4,1021.6596,-47202.55,2.25
6939,61.72,1015.8256,-50951.57,1.25
6940,40.32,1030.6967,-51429.39,1.41
6941,43.6,1026.6148,-47549.34,1.27
6942,52.48,1020.7238,-39393.77,1.36
6943,49.08,1045.4248,-43737.93,2.27
6944,33.52,1005.3374,-43036.77,1.47
6945,46.88,1031.3687,-51313.83,1.27
6946,39.36,1006.0501,-42787.52,1.35
6947,39.04,1119.3529,-54402.2,1.39
6948,48.0,1026.4878,-46928.17,2.37
6949,43.36,1028.7451,-41379.5,1.35
6950,47.12,994.6963,-46751.09,0.55
6951,33.68,1009.1843,-51222.65,1.3
6952,58.2,1076.9603,-40312.54,1.52
6953,51.52,1084.452,-51765.72,2.08
6954,49.68,993.7147,-52926.97,1.26
6955,46.56,1053.0916,-57286.36,1.31
6956,46.68,1050.0012,-47796.63,1.34
6957,58.04,1047.6618,-57301.36,1.22
6958,49.68,1009.6025,-45202.15,1.44
6959,45.4,1029.8057,-45537.2,2.24
6960,36.72,1065.4684,-48222.31,1.24
6961,45.52,1067.216,-43944.19,1.43
6962,51.6,1068.2042,-45875.47,1.4
6963,49.84,1034.6433,-53623.36,1.29
6964,48.16,1024.1138,-51166.68,2.28
6965,40.44,1027.34,-45249.76,1.51
6966,45.72,1028.6421,-41579.34,1.28
6967,41.64,1039.1971,-39942.7,1.54
6968,56.84,1019.7749,-49092.6,1.54
6969,36.0,1027.8885,-49602.57,2.15
6970,43.04,1003.8161,-48859.73,1.31
6971,36.88,1005.0263,-47109.87,0.8
6972,46.88,1052.1942,-57014.01,1.44
6973,59.08,1018.1504,-51325.81,1.44
6974,42.0,1010.9408,-51146.29,2.12
6975,62.0,1014.2048,-55289.81,1.22
6976,57.84,1023.5299,-51218.0,1.31
6977,36.64,1015.1755,-41210.1,1.47
6978,47.84,1020.4736,-53467.19,1.35
6979,50.88,1026.4159,-53408.84,2.25
6980,48.44,1031.0504,-47220.81,1.32
6981,48.92,996.209,-46859.76,1.4
6982,60.68,1046.9443,-55742.67,1.17
6983,49.84,1023.7094,-51193.14,1.33
6984,32.96,1072.4065,-47989.34,2.27
6985,41.68,1049.2808,-51470.03,1.29
6986,37.2,1051.8638,-51963.12,1.35
6987,35.12,1035.0461,-53451.4,1.4
6988,40.16,1026.2088,-51361.07,1.56
6989,47.16,1049.1212,-45538.52,2.2
6990,55.04,1058.4905,-46051.63,1.45
6991,48.32,998.9004,-53001.59,1.47
6992,43.52,1013.7434,-47214.03,0.61
6993,47.08,1031.0992,-47555.85,1.38
6994,51.64,1069.6018,-57446.2,2.01
6995,44.68,997.3206,-46988.35,1.22
6996,40.44,1006.2505,-46968.06,1.31
6997,49.44,995.3696,-52939.28,1.35
6998,50.12,1040.002,-55540.26,1.28
6999,38.24,1054.9602,-45816.49,1.35
7000,42.12,1006.6637,-57048.47,0.95
7001,49.56,1022.504,-49298.02,1.28
7002,35.84,1060.4506,-44166.5,1.38
7003,35.84,1024.791,-55644.15,1.48
7004,43.8,1048.3263,-44048.62,1.55
7005,54.32,1033.9686,-49442.62,2.29
7006,56.68,1026.9652,-45490.9,1.33
7007,58.24,1022.5022,-51306.43,1.4
7008,58.04,1037.9411,-51536.21,1.44
7009,51.2,1164.2268,-51911.58,1.45
7010,42.0,1023.8205,-49379.52,2.24
7011,53.92,1026.3376,-45127.29,1.38
7012,45.84,1034.577,-39670.15,1.49
7013,53.56,1234.9456,-59642.09,0.65
7014,47.88,998.2912,-41115.85,1.25
7015,48.84,1038.605,-43404.94,2.21
7016,49.12,1039.9349,-51765.18,1.26
7017,43.88,1017.2189,-39455.44,1.55
7018,53.72,1016.6765,-43387.57,1.39
7019,53.76,1066.0888,-40010.83,1.39
7020,55.4,1022.124,-47391.45,2.19
7021,40.84,1030.6509,-41462.3,1.45
7022,48.24,1007.7452,-55172.43,1.37
7023,45.08,1048.1107,-47464.76,1.53
7024,48.72,1014.493,-43218.65,1.39
7025,44.6,1103.5936,-58002.23,2.04
7026,51.44,1011.9957,-47163.49,1.49
7027,40.92,1016.8668,-45218.16,1.51
7028,43.76,1039.2101,-49731.61,1.4
7029,33.2,1013.2244,-53030.99,1.37
7030,42.16,1018.3974,-49108.24,2.24
7031,50.68,1024.4365,-51600.64,1.3
7032,55.88,1031.3226,-43182.39,1.32
7033,51.56,1050.8167,-49610.15,0.73
7034,53.24,1038.4705,-47497.06,1.42
7035,54.64,1046.4507,-45589.14,2.13
7036,54.24,1083.0192,-52352.61,1.49
7037,45.6,1016.1781,-37322.15,1.37
7038,39.44,1009.3854,-55086.57,1.31
7039,53.8,992.3512,-52833.6,1.27
7040,37.16,1050.6976,-49422.04,1.47
7041,60.52,1014.6561,-53179.2,1.18
7042,48.76,1040.2175,-43687.29,1.28
7043,51.08,1068.3911,-40342.43,1.45
7044,44.0,1032.881,-45474.33,1.33
7045,52.0,1098.1229,-50244.21,1.32
7046,56.0,974.7725,-46779.29,2.0
7047,47.24,1034.9615,-53426.03,1.49
7048,51.92,1029.0218,-49418.07,1.39
7049,61.2,1025.357,-47265.12,1.32
7050,44.96,1046.9386,-49345.17,1.33
7051,48.0,1006.2382,-56963.83,2.32
7052,56.76,1028.9852,-47497.0,1.19
7053,45.68,1067.5264,-51384.57,1.35
7054,52.2,1006.8188,-49172.12,0.82
7055,34.04,1104.503,-50463.26,1.39
7056,42.76,1016.7877,-41381.72,2.15
7057,45.28,1022.6909,-51380.96,1.33
7058,49.08,1045.9936,-43785.04,1.42
7059,33.32,1032.5088,-51690.14,1.32
7060,51.92,1023.1946,-53207.71,1.26
7061,49.96,1011.2898,-51127.92,2.19
7062,40.96,1196.5106,-49575.31,1.27
7063,50.36,1053.1714,-55458.49,1.41
7064,59.32,1007.5316,-49247.87,1.39
7065,44.64,1048.1944,-47508.56,1.51
7066,52.6,1051.1714,-53629.08,2.44
7067,50.04,1000.1506,-36957.0,1.28
7068,47.56,1052.6969,-47958.79,1.4
7069,54.2,1025.0593,-47248.61,1.36
7070,45.6,1013.2164,-51372.13,1.25
7071,61.72,1002.011,-54967.67,1.89
7072,46.28,1054.1591,-57734.96,1.23
7073,41.64,1020.167,-53305.95,1.33
7074,50.6,992.6011,-42896.58,1.42
7075,46.52,1029.0273,-47531.14,0.7
7076,50.84,1084.7166,-50047.08,2.23
7077,52.0,1100.8092,-48605.79,1.38
7078,45.52,991.8555,-44853.04,1.25
7079,42.88,1024.3484,-45210.7,1.32
7080,56.64,1057.728,-55547.59,1.4
7081,45.08,988.3437,-40728.3,2.48
7082,40.6,1045.7521,-55181.92,1.33
7083,50.16,1011.9287,-49320.04,1.41
7084,37.64,994.6354,-54853.06,1.18
7085,47.88,1029.7329,-57199.46,1.38
7086,43.84,1046.1831,-41994.75,1.3
7087,51.12,1044.96,-47381.18,2.38
7088,49.08,1060.6532,-55546.44,1.13
7089,45.48,1042.1478,-45516.66,1.41
7090,55.96,1059.3974,-49949.49,1.45
7091,43.56,1027.0336,-53265.0,1.39
7092,47.76,1023.7588,-47211.08,2.43
7093,47.96,1009.701,-51189.77,1.37
7094,31.28,1007.3824,-51196.97,1.38
7095,53.28,1023.1988,-43568.37,1.32
7096,59.04,1058.285,-46200.7,0.69
7097,50.84,1038.4066,-49687.13,2.46
7098,47.2,1018.1216,-55308.95,1.33
7099,56.24,1016.1794,-39550.77,1.44
7100,56.68,1130.4222,-53256.11,1.25
7101,41.56,1032.1383,-53489.49,1.32
7102,46.76,996.499,-44769.94,2.34
7103,49.64,1021.0715,-51170.27,1.35
7104,51.12,1060.0296,-47528.6,1.38
7105,50.28,1063.1857,-43702.85,1.31
7106,40.72,1021.6354,-45087.25,1.5
7107,49.84,1093.2329,-44616.93,2.28
7108,56.56,1026.0936,-41443.3,1.45
7109,44.28,1054.4536,-55425.67,1.28
7110,55.84,1019.2277,-41223.03,1.49
7111,57.72,993.09,-49081.16,1.48
7112,35.4,1061.9099,-48154.98,2.3
7113,52.6,1006.1023,-47064.2,1.37
7114,49.8,1060.4882,-44149.21,1.35
7115,45.44,1030.3554,-51455.76,1.44
7116,32.08,1042.6403,-51497.32,0.66
7117,42.16,1014.7228,-49342.17,2.21
7118,50.6,1042.2604,-51233.92,1.34
7119,44.16,1007.0025,-44942.96,1.29
7120,57.36,1012.8639,-51268.91,1.51
7121,53.2,1066.3398,-59548.24,1.4
7122,48.4,1094.667,-46488.65,2.3
7123,54.0,1053.4131,-57459.26,1.39
7124,49.6,1008.605,-53086.57,1.34
7125,44.12,1056.6241,-39956.72,1.63
7126,53.4,985.8472,-42732.87,1.47
7127,40.28,1058.9607,-43721.02,1.45
7128,65.08,1008.031,-53092.89,1.15
7129,49.96,1014.629,-49127.61,1.32
7130,41.96,1069.1316,-55348.73,1.43
7131,48.64,1044.6405,-47677.11,1.23
7132,54.2,1067.5406,-47605.92,1.37
7133,48.8,1070.6117,-45917.38,2.28
7134,45.92,1031.7462,-45640.88,1.29
7135,44.0,1030.1656,-47293.25,1.52
7136,46.76,1045.0384,-49690.18,1.43
7137,52.76,1092.3662,-50215.63,0.76
7138,47.6,1041.8077,-43674.48,2.26
7139,49.76,1037.1406,-45838.65,1.41
7140,44.04,1038.1202,-47631.89,1.47
7141,44.4,1047.8884,-53421.53,1.22
7142,45.72,1016.4561,-52953.55,1.17
7143,38.88,1040.4335,-49758.63,2.15
7144,55.48,1063.5044,-56019.35,1.47
7145,46.56,1049.9748,-45667.94,1.49
7146,48.6,1003.4987,-36887.65,1.54
7147,45.64,1051.4158,-53299.16,1.44
7148,41.12,1053.2281,-51576.41,2.24
7149,48.32,1034.4478,-53561.68,1.21
7150,43.92,1037.3837,-43687.97,1.43
7151,60.72,1011.5868,-53293.12,1.31
7152,45.96,1028.4692,-49558.62,1.28
7153,58.48,1029.4973,-43841.6,2.17
7154,48.16,1029.1712,-43465.08,1.37
7155,49.72,1114.1308,-60093.73,1.24
7156,47.28,1038.3138,-49325.31,1.57
7157,39.76,1000.7512,-43012.13,0.55
7158,52.2,1016.8862,-59288.93,2.25
7159,57.0,1173.1122,-49007.49,1.31
7160,52.44,1068.7942,-55691.72,0.98
7161,34.96,1015.6573,-45330.06,1.33
7162,52.32,1013.2977,-49160.22,1.44
7163,60.72,1016.511,-49148.23,2.44
7164,58.28,1010.0018,-51346.47,1.5
7165,53.68,1045.08,-39769.11,1.4
7166,50.72,1081.262,-56242.28,1.29
7167,46.12,1001.5382,-44806.35,1.43
7168,41.6,1037.3948,-47126.46,1.47
7169,41.92,1037.4616,-39556.71,1.29
7170,38.0,1080.339,-48444.04,1.36
7171,47.56,1041.6339,-49781.62,1.19
7172,52.32,1059.4634,-38310.05,1.49
7173,48.8,1007.3849,-37192.65,1.37
7174,58.08,1010.5555,-55327.83,2.12
7175,49.8,1076.1133,-48366.24,1.3
7176,51.8,1037.4882,-45209.86,1.33
7177,45.88,1078.86,-48271.09,1.5
7178,56.72,1037.7706,-47286.9,0.72
7179,39.24,1013.872,-41152.12,2.13
7180,41.6,1004.6396,-45182.62,1.32
7181,52.84,1037.7422,-51243.1,1.22
7182,56.8,1026.3105,-49509.78,1.33
7183,43.92,1019.5562,-47331.95,1.42
7184,45.92,1040.8897,-51608.34,2.43
7185,51.28,1051.0829,-46279.5,1.27
7186,48.08,1043.9452,-51446.46,1.27
7187,36.24,1003.2606,-51087.89,1.46
7188,52.08,1031.5364,-51644.33,1.4
7189,42.2,1071.8816,-38270.33,2.3
7190,58.24,1049.4321,-45842.83,1.32
7191,51.2,1003.0414,-47062.43,1.37
7192,37.08,1081.435,-42247.83,1.38
7193,44.92,1094.7053,-49993.91,1.29
7194,48.68,1050.2318,-49987.41,2.09
7195,53.32,1036.8891,-51332.36,1.42
7196,51.08,1020.7592,-57036.67,1.3
7197,49.16,1104.9167,-47833.64,1.29
7198,44.8,1041.963,-47445.04,1.28
7199,40.72,986.1542,-40768.11,1.64
7200,40.2,1055.7746,-40162.48,1.38
7201,44.12,1011.2358,-49136.96,1.39
7202,54.6,1008.3332,-55006.61,1.52
7203,50.32,1166.9972,-52109.08,1.25
7204,56.44,1068.3388,-44477.58,2.42
7205,32.64,1005.3707,-45156.86,1.18
7206,51.08,995.4504,-46937.47,1.43
7207,41.48,1034.6385,-51403.49,1.35
7208,55.44,1097.7992,-59478.88,1.21
7209,50.84,1063.0892,-44149.26,2.28
7210,49.28,1045.7651,-45488.2,1.43
7211,54.28,1072.0318,-53688.14,1.07
7212,42.12,1013.9028,-45248.41,1.42
7213,58.0,1040.1562,-47543.06,1.4
7214,44.64,1041.708,-49949.0,1.32
7215,51.08,1042.7866,-51763.63,2.2
7216,48.4,1045.7832,-41691.21,1.39
7217,46.8,999.4264,-53025.66,1.29
7218,50.08,1004.4971,-41172.37,1.42
7219,44.64,1017.0975,-39509.94,1.42
7220,52.48,994.0916,-46763.05,1.72
7221,42.16,1033.9999,-51394.19,1.18
7222,47.68,1032.5753,-53192.52,1.38
7223,46.88,1104.341,-44322.17,1.4
7224,54.36,1019.3817,-53446.65,1.6
7225,53.52,1015.9316,-43131.74,2.09
7226,44.12,994.5815,-44887.53,1.31
7227,43.52,1070.0261,-55526.54,1.2
7228,53.6,987.6184,-48852.18,1.22
7229,52.28,1008.2747,-43201.88,1.47
7230,40.0,1037.664,-41282.04,2.17
7231,31.76,1057.7014,-49704.9,1.32
7232,51.84,1026.6263,-39339.99,1.36
7233,32.48,1028.3176,-51417.02,1.22
7234,48.12,998.2319,-43037.97,1.47
7235,32.72,1014.46,-47338.35,2.22
7236,42.0,1025.9396,-43599.75,1.43
7237,46.6,1020.1074,-47627.5,1.37
7238,41.88,1026.1781,-57266.38,1.36
7239,47.28,1023.3726,-51091.98,1.4
7240,47.28,1005.8281,-47303.39,1.57
7241,54.32,998.4698,-44992.18,1.34
7242,51.2,1038.6169,-49655.97,1.37
7243,39.6,1011.4463,-58885.36,1.39
7244,52.08,1040.858,-45555.02,1.52
7245,52.56,1028.2933,-49163.25,2.28
7246,39.36,1004.9876,-41091.52,1.26
7247,53.4,1006.7293,-49209.62,1.54
7248,46.48,1043.1314,-47923.0,1.38
7249,46.64,1087.7536,-50220.74,1.39
7250,37.88,995.2029,-46898.19,2.24
7251,39.56,1006.0959,-56960.62,1.15
7252,44.56,1019.426,-47161.16,1.34
7253,41.28,1017.4803,-43296.72,1.33
7254,39.84,1024.9278,-49391.5,1.28
7255,39.2,996.057,-36974.48,1.48
7256,56.12,1058.3144,-46042.24,1.25
7257,46.52,1060.6311,-45649.77,1.34
7258,33.12,1038.0101,-51468.51,1.27
7259,43.4,1030.4604,-51485.55,1.33
7260,53.36,1073.6467,-53971.46,1.27
7261,40.72,1045.0623,-51718.5,1.6
7262,41.2,1059.0534,-40060.17,1.33
7263,45.36,1048.9824,-45931.62,1.34
7264,57.4,1014.0071,-45208.62,1.45
7265,54.56,1029.0758,-43495.35,1.29
7266,58.64,1107.3863,-48606.32,2.18
7267,48.84,1014.4255,-57375.94,1.39
7268,38.44,1043.6685,-39961.44,1.36
7269,36.8,1025.9518,-47445.84,1.36
7270,46.04,1045.6373,-45810.54,1.29
7271,40.2,1016.6366,-53252.13,2.12
7272,39.08,1017.7948,-45184.73,1.34
7273,53.76,998.3065,-54828.55,1.31
7274,53.28,1027.4854,-43163.79,1.39
7275,53.24,1064.221,-49941.4,1.29
7276,39.48,1051.0516,-41861.92,2.27
7277,45.36,1035.2486,-43677.08,1.11
7278,58.52,1068.3036,-48385.65,1.31
7279,37.36,1010.6464,-47207.48,1.3
7280,48.72,1048.9719,-51927.73,1.31
7281,51.4,1005.6403,-53169.49,2.13
7282,38.28,1019.9926,-51522.28,1.37
7283,56.08,1044.7619,-53631.8,1.21
7284,56.08,1072.1712,-48046.94,1.57
7285,54.04,1026.6885,-43455.72,1.36
7286,35.92,1044.6268,-57317.27,2.24
7287,40.52,1036.1201,-43491.62,1.49
7288,59.88,1035.3819,-49310.66,1.29
7289,49.4,1029.8019,-49338.73,1.37
7290,38.72,1018.3476,-49119.67,1.21
7291,55.04,1019.6664,-45478.16,2.25
7292,57.48,1062.1172,-45942.99,1.27
7293,54.12,1029.0147,-55257.04,0.39
7294,42.68,1050.5917,-39696.44,1.61
7295,54.16,1011.6402,-55195.0,1.32
7296,49.56,1055.5779,-51863.47,1.41
7297,60.92,1119.6168,-54070.0,1.31
7298,45.76,1142.3019,-48772.51,1.26
7299,32.88,1031.2725,-55268.97,1.3
7300,45.08,1006.6392,-45183.64,1.51
7301,53.6,1006.1225,-39189.31,1.35
7302,52.24,1043.8966,-45573.0,2.35
7303,43.76,1020.7496,-31523.62,1.59
7304,46.0,1037.8796,-57382.9,1.4
7305,49.0,1060.3523,-59571.9,1.46
7306,61.64,1049.8219,-51622.52,1.47
7307,48.76,1062.6137,-44261.7,2.24
7308,51.24,1021.437,-51497.87,1.31
7309,54.0,1009.7784,-49401.5,1.33
7310,67.48,1060.1304,-40265.29,1.42
7311,45.84,1017.9302,-41281.23,1.34
7312,60.92,1046.8999,-45619.25,2.2
7313,36.16,1058.6908,-46134.48,0.76
7314,40.4,1002.5303,-59042.73,1.14
7315,45.0,1027.0071,-47352.51,1.4
7316,62.24,1028.9089,-41469.25,1.43
7317,42.24,1006.0564,-43213.34,2.19
7318,62.6,981.669,-59088.65,1.15
7319,45.08,1027.2854,-47130.96,1.36
7320,34.12,1054.8866,-49885.4,1.32
7321,47.16,1016.2433,-39353.13,1.45
7322,58.04,1119.57,-58050.69,2.15
7323,58.08,1061.2483,-52008.06,1.55
7324,42.44,1013.8953,-51249.1,1.38
7325,53.72,1032.2979,-41688.63,1.51
7326,44.28,1008.103,-45180.04,1.49
7327,49.96,1040.4471,-41584.07,2.25
7328,52.04,1066.1827,-42213.52,1.36
7329,56.72,1012.0898,-47193.35,1.33
7330,50.72,1044.8973,-51449.94,1.29
7331,47.0,997.9171,-47120.52,1.37
7332,45.72,1110.5704,-47863.36,2.28
7333,45.88,1039.9358,-43828.27,1.31
7334,52.6,1031.6976,-39630.07,0.76
7335,49.2,1072.0416,-53812.12,1.29
7336,31.24,1017.4005,-43233.34,1.4
7337,46.8,1007.0568,-49172.64,2.19
7338,53.4,1028.924,-49402.63,1.37
7339,55.24,1041.6187,-45362.66,1.33
7340,36.04,1070.9647,-47720.13,1.47
7341,42.56,1039.6538,-45199.18,1.34
7342,59.44,1033.376,-51388.35,1.22
7343,49.44,1007.6747,-47148.9,2.44
7344,52.28,999.1582,-46833.07,1.39
7345,45.32,1054.0773,-49693.01,1.3
7346,29.24,1002.7831,-51056.93,1.28
7347,41.52,1042.8837,-53031.41,1.35
7348,55.84,1025.8736,-51246.3,2.07
7349,40.2,1017.2488,-43441.04,1.4
7350,50.28,1033.6088,-49290.55,1.52
7351,51.6,1029.6722,-45655.2,1.39
7352,43.28,1041.2306,-57392.9,1.23
7353,55.6,1023.4633,-51246.52,2.08
7354,40.08,1078.2187,-55189.31,1.34
7355,43.52,1025.8362,-43609.32,0.92
7356,51.64,1022.8967,-45292.23,1.33
7357,39.64,998.6769,-51172.04,1.3
7358,48.36,1035.7601,-45253.59,2.39
7359,49.0,1046.724,-49224.0,1.31
7360,59.12,1019.5137,-52947.88,1.11
7361,49.0,1039.1565,-47999.92,1.37
7362,34.48,1017.2591,-45050.42,1.49
7363,36.64,1002.6822,-48968.09,2.42
7364,48.08,1026.6042,-41582.93,1.47
7365,57.24,1045.6456,-57316.14,1.24
7366,53.88,1038.7871,-49410.66,1.47
7367,39.28,1016.7339,-57014.58,1.28
7368,50.52,992.3462,-50911.62,2.29
7369,32.88,1043.572,-45094.34,1.34
7370,36.0,1007.5327,-45079.05,1.39
7371,51.76,1019.6111,-51148.05,1.32
7372,47.92,1286.5604,-54721.36,1.15
7373,34.88,1013.8663,-41264.74,2.53
7374,38.6,1026.3732,-43596.78,1.3
7375,47.16,1036.3638,-49566.79,0.86
7376,54.36,1066.8648,-47936.03,1.11
7377,44.76,1139.7069,-51042.42,1.41
7378,61.16,1029.0892,-49384.62,2.4
7379,48.88,1028.0337,-53018.4,1.16
7380,45.16,1026.2302,-49399.85,1.42
7381,48.72,998.5894,-48976.45,1.42
7382,47.04,995.5016,-49010.27,1.57
7383,45.08,984.8386,-50894.13,1.29
7384,44.64,1034.1608,-41509.57,1.27
7385,54.28,1052.4044,-47761.98,1.34
7386,45.28,1032.7056,-45662.27,1.35
7387,50.24,1009.1675,-51105.4,1.3
7388,45.04,1030.7299,-35774.3,1.6
7389,48.64,1055.1205,-47770.85,2.14
7390,49.84,1046.4948,-53484.54,1.19
7391,44.24,1014.0637,-49082.63,1.0
7392,51.96,1126.9503,-50758.18,1.26
7393,49.56,1030.4849,-51329.78,1.39
7394,44.84,1048.9976,-49645.38,2.31
7395,40.08,1064.2995,-42371.8,1.36
7396,50.56,1030.3688,-41262.18,0.68
7397,48.88,1041.6206,-47592.47,1.46
7398,39.28,1035.5783,-41625.75,1.5
7399,60.2,1019.3104,-45494.66,2.16
7400,34.32,1028.796,-47463.22,1.33
7401,45.8,1012.1185,-45256.99,1.52
7402,48.08,1037.5184,-47784.01,1.62
7403,46.76,1044.5576,-49589.23,1.44
7404,48.28,1046.0351,-53454.37,2.16
7405,44.04,1033.4945,-47668.34,1.39
7406,54.44,1103.4995,-50314.36,1.3
7407,54.64,1072.0624,-49411.33,1.42
7408,46.64,1023.3347,-45191.56,1.38
7409,29.28,1000.9942,-48944.4,2.33
7410,42.32,1002.5303,-49088.26,1.28
7411,45.04,1014.2117,-37441.12,1.34
7412,50.36,987.771,-54985.88,1.25
7413,51.44,1000.9273,-45024.34,1.44
7414,38.88,1016.0499,-51022.06,2.19
7415,67.0,998.515,-56922.72,1.2
7416,33.4,1021.3682,-51379.36,1.44
7417,51.96,1043.0524,-47440.16,0.62
7418,53.28,1048.9228,-47603.63,1.47
7419,49.68,999.9435,-42923.32,2.2
7420,41.48,1029.1612,-49414.52,1.42
7421,57.4,1048.4554,-47314.72,1.51
7422,60.52,1027.4466,-49531.41,1.41
7423,48.72,1023.8876,-51294.22,1.4
7424,58.8,1026.3406,-37349.59,1.39
7425,43.0,1032.065,-43055.02,1.19
7426,59.8,1091.041,-44416.05,1.4
7427,50.96,1022.0998,-55323.66,1.38
7428,56.8,1022.6048,-47386.35,1.38
7429,38.16,1037.154,-51357.62,1.27
7430,38.6,1014.1338,-51353.0,2.24
7431,48.64,1020.5026,-43356.24,1.4
7432,56.32,1004.008,-43177.58,1.32
7433,39.36,1026.8434,-39497.58,1.54
7434,48.08,1019.4339,-49225.81,1.37
7435,43.96,1017.9608,-49269.92,2.27
7436,52.36,1082.6571,-40237.17,1.4
7437,44.2,989.6094,-50768.31,0.87
7438,55.44,1042.3336,-51421.0,1.38
7439,47.04,1085.8989,-48414.81,1.3
7440,33.12,1038.9515,-53579.42,2.27
7441,52.92,1047.0112,-49379.47,1.29
7442,54.88,1020.0932,-47279.77,1.46
7443,47.56,1013.7613,-51105.37,1.44
7444,53.0,1004.7498,-37058.86,1.45
7445,54.52,1080.7226,-49276.26,2.29
7446,45.08,1023.6423,-55113.81,1.28
7447,47.68,993.2401,-46880.99,1.43
7448,48.72,1036.9343,-49551.05,1.24
7449,52.76,1019.6897,-51287.24,1.39
7450,45.52,1069.2311,-49620.71,2.12
7451,53.32,1028.794,-53157.33,1.36
7452,47.04,1088.4343,-44161.45,1.29
7453,44.68,1026.717,-45344.02,1.46
7454,48.96,1041.7666,-47297.46,1.42
7455,50.48,1068.4332,-45634.24,2.1
7456,41.2,1010.8401,-49162.79,1.34
7457,31.48,1080.6639,-53899.76,1.39
7458,47.12,1017.1957,-54959.03,0.71
7459,43.36,1044.2023,-51249.33,1.16
7460,44.52,1047.424,-43783.71,2.46
7461,54.32,1003.4852,-49105.93,1.35
7462,60.0,1051.7291,-44185.96,1.38
7463,51.32,1012.4545,-37242.51,1.49
7464,46.6,997.8212,-49103.83,1.48
7465,51.68,1051.3885,-49891.71,2.29
7466,43.44,1097.0078,-47737.48,1.16
7467,57.68,1046.7381,-43830.42,1.41
7468,54.28,1074.7898,-55486.58,1.28
7469,36.6,1105.1914,-48185.9,1.38
7470,26.32,1054.159,-53484.75,1.32
7471,39.76,1029.5902,-47457.61,2.28
7472,53.16,992.1925,-53076.82,1.24
7473,35.32,1039.4404,-47712.08,1.23
7474,59.48,1021.8719,-45241.94,1.45
7475,42.8,1022.3552,-43626.39,1.38
7476,47.44,1013.3863,-49448.28,2.24
7477,43.72,1040.8584,-45690.56,1.29
7478,44.96,1090.7878,-48187.77,1.45
7479,44.6,1048.2004,-53594.54,0.55
7480,33.56,1011.776,-43250.86,1.56
7481,53.92,1025.1783,-57133.61,2.47
7482,34.68,1015.1283,-45387.0,1.34
7483,55.2,1059.3806,-43528.75,1.32
7484,32.52,1015.0841,-45119.21,1.37
7485,49.52,1028.2469,-51294.09,1.36
7486,46.32,1069.528,-49637.47,2.13
7487,48.36,1046.3331,-43679.93,1.3
7488,54.2,1069.3607,-55778.91,1.38
7489,70.92,1017.6694,-57148.11,1.38
7490,53.6,1049.4741,-49266.12,1.4
7491,52.04,1043.344,-47401.79,2.15
7492,52.92,996.5537,-47198.57,1.26
7493,36.04,1024.9681,-49534.02,1.34
7494,51.12,1053.6926,-44334.0,1.38
7495,38.32,1022.7175,-43714.12,1.44
7496,40.76,993.995,-46979.4,2.27
7497,52.6,999.3484,-51016.43,1.47
7498,53.28,1022.7429,-46810.99,1.4
7499,59.4,1042.4111,-57384.12,1.25
7500,52.56,1079.9317,-46196.21,0.9
7501,52.68,1028.4445,-47606.05,2.15
7502,38.92,1105.5237,-56111.81,1.21
7503,41.6,1036.2306,-55328.54,1.23
7504,38.72,1021.2703,-53527.44,1.26
7505,45.56,1059.4199,-43709.09,1.45
7506,30.44,1022.3478,-55195.48,2.3
7507,56.6,1014.5537,-49317.59,1.33
7508,50.4,1010.0816,-51022.86,1.35
7509,44.24,1033.9023,-53651.48,1.37
7510,38.24,1009.9586,-47360.28,1.48
7511,43.28,1002.269,-51201.36,1.43
7512,54.92,1050.0662,-49589.61,1.27
7513,53.12,1066.8558,-53572.06,1.1
7514,40.88,984.5929,-50800.54,1.25
7515,44.8,1003.2667,-41010.24,1.38
7516,49.16,1033.1498,-51191.9,1.27
7517,41.72,1022.7721,-47261.02,2.17
7518,56.64,1010.9197,-43054.33,1.29
7519,58.92,1027.0705,-53229.46,1.36
7520,48.56,1148.0941,-56477.28,1.48
7521,51.64,1020.8616,-41426.72,0.81
7522,40.28,1026.8206,-39516.9,2.35
7523,52.16,1038.5389,-43558.34,1.42
7524,49.36,1080.922,-59498.61,1.35
7525,58.56,1060.1937,-49656.23,1.45
7526,43.28,1027.0676,-55124.92,1.37
7527,48.88,1030.8228,-49198.44,2.2
7528,23.12,1011.9892,-55125.14,1.45
7529,50.08,1053.2447,-57547.0,1.33
7530,50.2,1020.1729,-51441.01,1.45
7531,45.92,1077.0049,-55619.8,1.21
7532,43.48,1018.2883,-41522.77,2.28
7533,45.28,1011.2096,-48920.48,1.17
7534,49.44,1043.2638,-49794.19,1.15
7535,42.48,1057.09,-43721.26,1.42
7536,49.4,1040.6492,-43858.5,1.26
7537,65.24,1086.6899,-39082.81,2.52
7538,38.04,993.0845,-48923.56,1.28
7539,54.48,1013.897,-47201.0,1.51
7540,52.4,1049.2643,-38063.0,1.36
7541,50.6,1001.3025,-47186.3,0.73
7542,54.08,1045.6451,-55185.89,2.29
7543,58.92,1014.1942,-51044.07,1.32
7544,62.2,1010.8042,-51232.6,1.4
7545,49.32,1053.2936,-47944.07,1.35
7546,37.64,1051.8736,-47915.28,1.34
7547,51.92,1032.6214,-51550.04,2.46
7548,46.64,1016.3032,-45039.78,1.25
7549,47.76,1088.4212,-61322.78,1.26
7550,55.92,1283.8331,-48252.06,1.44
7551,47.24,1069.529,-48615.79,1.4
7552,53.4,1032.1477,-49725.08,1.39
7553,54.48,998.374,-47009.33,1.31
7554,50.28,1076.6341,-49788.16,1.45
7555,63.16,998.7473,-50878.65,1.27
7556,33.04,1053.5158,-47673.12,1.43
7557,54.84,1065.85,-53924.25,1.32
7558,41.32,1007.1186,-48985.93,2.45
7559,48.64,1013.4839,-51337.49,1.46
7560,36.52,1027.4294,-55408.0,1.51
7561,36.64,994.9957,-47006.04,1.43
7562,45.88,1013.3427,-49110.44,1.4
7563,48.8,1038.8169,-47523.06,2.28
7564,49.92,1047.3184,-49957.62,1.3
7565,49.04,1026.537,-51271.11,1.3
7566,39.88,1014.9821,-51021.88,1.34
7567,59.08,1104.0823,-49842.88,1.15
7568,55.72,1001.1627,-52998.42,2.06
7569,38.96,1053.7288,-61222.77,1.24
7570,51.32,1045.5489,-57236.4,1.32
7571,62.44,1015.6354,-39084.15,1.52
7572,60.56,1043.219,-47577.23,0.42
7573,48.52,1056.4225,-57296.64,2.19
7574,49.8,1057.8829,-55631.45,1.41
7575,52.64,1012.8936,-36858.28,1.58
7576,51.4,1022.6154,-49533.45,1.33
7577,39.88,1061.1564,-46530.64,1.27
7578,45.24,1011.0068,-47422.95,2.38
7579,48.48,1065.2628,-55709.83,1.3
7580,48.6,990.5098,-42714.24,1.39
7581,51.12,1023.508,-39566.67,1.4
7582,46.0,1074.7396,-49758.43,1.4
7583,45.48,1059.7648,-47871.49,2.32
7584,43.0,1035.5093,-53115.16,1.29
7585,57.48,1006.9323,-47039.75,1.29
7586,50.52,1032.5175,-45423.56,1.45
7587,51.56,1101.827,-46334.0,1.44
7588,49.16,1001.5308,-50996.71,2.32
7589,42.68,1064.7026,-52126.5,1.25
7590,47.32,1042.0543,-53361.18,1.22
7591,53.76,1053.6107,-40187.69,1.47
7592,29.04,1008.7022,-51452.34,0.81
7593,49.92,1014.4605,-52991.17,2.35
7594,48.08,1040.9022,-43599.21,1.36
7595,41.4,1022.9461,-49054.19,1.29
7596,51.04,997.1291,-46894.45,1.45
7597,48.04,996.3364,-48929.49,1.27
7598,49.56,1093.0499,-43854.09,1.57
7599,45.96,1016.4172,-39408.28,2.27
7600,39.2,1046.2808,-51356.71,1.29
7601,53.72,1004.6798,-41267.19,1.33
7602,56.68,1043.0769,-43570.7,1.4
7603,52.24,1038.8094,-53556.49,1.3
7604,49.76,1026.3735,-51570.37,2.32
7605,39.28,1020.2529,-47409.56,1.33
7606,37.76,1002.363,-43188.47,1.36
7607,33.04,997.1013,-44949.08,1.35
7608,42.76,1026.006,-43106.84,1.51
7609,47.4,1059.8626,-51879.67,2.22
7610,38.52,1019.1184,-49244.99,1.4
7611,35.96,1016.3444,-49223.31,1.42
7612,38.8,1035.0265,-49614.78,1.37
7613,52.32,1044.5602,-49953.26,0.88
7614,45.4,1026.7003,-47360.73,2.16
7615,39.08,1046.2937,-51362.18,1.31
7616,44.96,998.4005,-46959.99,1.37
7617,43.64,1028.0045,-51484.89,1.29
7618,58.64,1068.2078,-40148.66,1.42
7619,48.56,1013.0056,-47434.63,2.05
7620,41.08,1012.4772,-48985.4,1.4
7621,49.76,1040.3579,-43066.78,1.44
7622,51.36,1045.9474,-49657.12,1.28
7623,46.68,1036.1132,-49448.43,1.54
7624,51.48,1055.7269,-49546.2,2.32
7625,44.68,1048.9953,-41840.55,1.25
7626,55.76,1052.419,-47636.03,1.3
7627,51.08,1013.764,-47326.4,1.32
7628,37.32,1067.3473,-50142.43,1.4
7629,52.64,1034.0759,-49647.28,2.23
7630,49.68,1078.4509,-52095.23,1.26
7631,57.16,1035.9703,-55603.4,1.34
7632,48.0,1019.9618,-51337.49,1.44
7633,48.44,1009.9289,-48826.69,0.75
7634,52.4,1024.3667,-43539.06,2.29
7635,42.8,1077.2798,-55334.95,1.08
7636,33.96,1121.9119,-51894.45,1.46
7637,53.64,1014.0185,-43232.92,1.58
7638,50.64,1000.283,-49095.28,1.3
7639,50.04,1111.4234,-48674.96,1.48
7640,49.92,1020.248,-49186.61,1.3
7641,53.48,1028.8387,-47232.3,1.42
7642,38.2,1004.282,-51150.24,1.32
7643,45.6,1002.9647,-40859.5,1.36
7644,41.92,998.0451,-56978.9,1.37
7645,44.48,1014.3524,-41303.06,2.1
7646,56.12,1016.4504,-53221.15,1.43
7647,50.44,1048.3229,-41829.88,1.43
7648,50.32,1006.1105,-43101.59,1.36
7649,42.2,1023.7893,-47351.28,1.45
7650,40.0,1000.8912,-41138.59,2.3
7651,45.64,1011.7961,-57592.58,1.23
7652,54.32,1061.2506,-44107.96,1.4
7653,47.76,1016.9301,-43074.71,1.34
7654,46.96,1069.5416,-53162.22,0.6
7655,49.04,1032.6525,-47535.3,2.25
7656,47.88,994.5769,-52945.07,1.37
7657,57.92,1020.8818,-51044.72,1.52
7658,42.32,1013.544,-45315.57,1.29
7659,49.92,1070.2114,-51728.71,1.41
7660,49.2,1020.1464,-51440.84,2.24
7661,40.96,1019.8076,-53078.78,1.19
7662,44.92,989.7059,-46844.68,1.33
7663,54.92,1035.065,-43436.14,1.34
7664,43.8,1036.5038,-51383.97,1.34
7665,53.16,1019.8553,-49160.71,2.1
7666,59.72,1000.2845,-46967.39,1.18
7667,26.36,974.2941,-48654.67,1.21
7668,51.52,1059.6156,-47738.55,1.68
7669,55.04,1044.5738,-53322.45,1.27
7670,42.76,997.7284,-44835.94,2.5
7671,35.88,1029.1382,-53242.13,1.31
7672,45.16,1026.1714,-47125.09,1.22
7673,44.4,1080.9258,-53845.77,1.21
7674,49.4,1018.8205,-47311.02,1.22
7675,49.08,1014.8446,-57062.62,1.89
7676,48.84,1019.6319,-51127.65,1.32
7677,49.12,1012.9116,-49176.19,1.46
7678,41.76,1011.6337,-51465.63,1.37
7679,40.52,1007.2828,-47052.54,1.47
7680,55.32,1062.4665,-33974.8,1.51
7681,49.16,1066.8933,-46347.03,1.34
7682,61.2,1036.9078,-59309.88,1.48
7683,64.8,1019.5497,-51020.11,1.43
7684,40.44,1031.2443,-57675.64,1.38
7685,53.44,1076.9235,-42248.59,1.35
7686,42.04,984.1737,-54894.37,2.23
7687,57.56,1008.8797,-39223.01,1.27
7688,51.72,1042.1424,-41580.14,1.46
7689,52.84,1119.4868,-50110.74,1.35
7690,54.96,1042.0874,-47554.91,1.36
7691,52.84,1098.7454,-45720.06,2.16
7692,59.08,1018.2814,-43289.99,1.38
7693,44.52,1061.8813,-38270.79,1.46
7694,54.48,1046.8665,-45910.19,1.5
7695,49.44,1002.7903,-50956.65,0.79
7696,36.52,1027.3064,-49106.0,2.4
7697,44.48,1047.7328,-51244.02,1.27
7698,55.52,1024.7274,-41392.72,1.39
7699,50.76,1053.68,-47759.41,1.46
7700,57.8,1010.8185,-37267.03,1.35
7701,63.92,1042.6112,-61228.41,2.25
7702,48.32,990.3787,-59061.7,1.19
7703,46.92,996.0615,-39039.69,1.44
7704,53.56,1029.1576,-53763.73,1.29
7705,39.12,1013.9475,-39286.84,1.47
7706,68.96,1039.4074,-53883.85,2.32
7707,47.6,1027.1084,-51326.31,1.27
7708,50.92,1082.0424,-45920.78,1.36
7709,44.04,1019.7478,-41227.77,1.49
7710,66.24,1000.9416,-49225.26,1.48
7711,53.88,1047.278,-51470.33,2.39
7712,30.08,1001.0788,-51036.52,1.19
7713,46.52,1090.68,-46708.31,1.45
7714,43.44,1082.5248,-51422.29,1.44
7715,51.44,1119.7029,-46121.32,1.16
7716,51.2,997.9487,-50918.61,2.26
7717,47.04,1016.2994,-49432.54,1.37
7718,60.52,1015.1858,-55094.27,1.3
7719,33.96,1040.9709,-51474.83,1.46
7720,47.32,1026.7577,-51292.71,1.33
7721,43.24,1030.6306,-57209.85,2.25
7722,44.24,992.8883,-54878.31,1.19
7723,45.8,1066.2509,-38379.15,1.41
7724,55.64,1021.2826,-49302.93,1.33
7725,37.16,1032.4772,-47351.97,1.43
7726,55.8,1040.1036,-49666.58,1.32
7727,51.44,1023.7164,-41451.8,2.16
7728,51.64,1011.3034,-51191.28,1.43
7729,46.72,1052.2057,-53604.89,1.42
7730,54.6,1025.5812,-35553.4,1.43
7731,47.72,1073.4396,-47751.15,1.47
7732,41.2,1010.0919,-47089.83,2.11
7733,49.28,1030.098,-47529.8,1.27
7734,45.12,1014.8359,-41178.44,1.55
7735,54.48,1015.5991,-51315.0,1.32
7736,39.2,1012.1862,-43145.62,0.86
7737,42.88,1017.0598,-47380.64,2.22
7738,55.68,1085.2032,-44192.71,1.27
7739,49.64,1138.3282,-58133.06,1.2
7740,55.04,1031.7445,-47281.86,1.24
7741,55.84,1056.0586,-43804.34,1.36
7742,49.52,1047.2532,-40149.8,2.13
7743,54.88,984.9219,-62908.3,1.22
7744,45.24,1042.3089,-49889.52,1.45
7745,51.08,1031.0541,-53287.59,1.2
7746,41.0,1027.2176,-41183.38,1.49
7747,52.64,1039.6145,-49396.31,2.13
7748,53.72,1027.9452,-55201.52,1.27
7749,50.96,1033.8155,-45175.9,1.29
7750,53.68,1064.964,-40727.53,1.28
7751,51.4,1067.201,-44578.13,1.4
7752,50.48,1002.804,-55046.58,2.21
7753,39.68,1005.8252,-50823.69,1.32
7754,43.52,991.4571,-52910.79,1.49
7755,41.72,1016.9464,-51097.77,1.33
7756,32.68,1015.7004,-47002.91,1.31
7757,42.72,1100.4996,-50486.94,1.68
7758,49.08,1127.9751,-50678.22,1.27
7759,54.48,1031.6151,-59430.02,1.19
7760,44.16,1036.3214,-53771.59,1.53
7761,55.64,1027.5397,-45434.44,1.34
7762,51.84,1013.6002,-52906.97,2.31
7763,51.44,1048.8097,-49592.58,1.36
7764,44.88,1038.1458,-53477.93,1.32
7765,57.6,1031.2233,-43344.01,1.29
7766,44.44,1062.716,-39799.92,1.43
7767,49.4,999.8388,-45136.83,1.38
7768,42.2,1012.3403,-43209.91,1.38
7769,57.36,1000.9333,-47085.83,1.31
7770,51.72,1046.9086,-47601.12,1.44
7771,51.28,1095.4385,-53833.94,1.14
7772,43.64,1051.4995,-49650.81,1.45
7773,44.2,1034.3839,-45097.62,2.01
7774,44.92,993.8342,-58888.95,1.36
7775,53.72,1023.7688,-55700.3,1.4
7776,49.16,1006.713,-53254.05,1.43
7777,41.6,1046.7181,-42010.95,1.32
7778,40.8,1023.0816,-51360.37,1.49
7779,39.52,1033.8866,-45765.69,1.35
7780,50.64,1043.5719,-41525.03,1.57
7781,44.96,1027.0109,-47155.54,1.48
7782,63.16,1103.6194,-50604.89,1.4
7783,41.32,1070.8982,-48030.14,2.32
7784,51.56,1039.0976,-55282.55,1.32
7785,58.68,1029.921,-45594.09,1.43
7786,62.4,1003.6363,-49232.9,1.32
7787,51.24,1019.3497,-47118.92,1.39
7788,43.96,1038.8431,-37889.58,2.33
7789,53.24,1046.9526,-51366.79,1.42
7790,54.12,1009.0333,-37281.6,1.47
7791,45.52,1020.886,-41394.37,1.46
7792,55.04,1044.7642,-47694.89,1.39
7793,51.8,1054.907,-45620.42,2.28
7794,46.16,1069.9453,-48406.38,1.34
7795,61.88,996.3541,-49042.71,1.38
7796,49.88,1008.3287,-53103.14,1.21
7797,49.68,1034.2949,-51305.5,1.4
7798,43.96,993.5711,-50812.84,1.46
7799,56.6,1043.7116,-47513.61,1.37
7800,41.2,1039.2142,-51403.41,1.4
7801,57.0,1008.882,-39151.59,1.46
7802,62.04,1010.751,-48980.41,1.22
7803,41.64,1001.6434,-48965.66,2.19
7804,57.4,1022.0812,-41589.73,1.38
7805,52.08,1124.8999,-48849.15,1.36
7806,51.0,1034.5367,-43355.69,1.54
7807,46.2,1084.2313,-55723.51,1.47
7808,48.8,1049.9822,-45837.31,1.4
7809,54.2,1031.7823,-47747.62,1.32
7810,59.0,1013.8324,-51339.09,1.22
7811,39.6,1067.564,-53631.33,1.37
7812,33.84,981.9768,-48737.85,1.39
7813,29.88,988.1866,-44861.77,1.5
7814,46.8,1025.7558,-35424.04,2.44
7815,47.24,1054.3698,-47646.02,1.46
7816,46.44,1056.3826,-44080.44,1.4
7817,44.24,1042.3842,-51218.12,1.45
7818,58.44,971.7448,-40548.88,1.34
7819,62.84,989.9153,-44710.09,1.63
7820,48.44,1089.0075,-54452.32,1.41
7821,59.84,998.2595,-47064.6,1.35
7822,49.64,1029.3442,-53476.44,1.21
7823,44.36,1052.4047,-43796.55,1.4
7824,38.52,1021.9686,-47331.98,2.25
7825,46.2,1005.8674,-41023.04,1.34
7826,46.64,1073.0521,-52236.76,1.43
7827,49.0,1025.5597,-49556.33,1.36
7828,52.68,1016.7554,-47282.77,1.45
7829,57.48,981.1722,-46786.71,2.24
7830,47.96,1029.7273,-45221.54,1.38
7831,60.96,1019.942,-51200.99,1.36
7832,52.92,1005.6036,-57060.68,1.5
7833,52.44,1045.8281,-53437.73,1.33
7834,46.72,1038.6983,-43525.24,2.45
7835,39.16,1003.645,-52938.45,1.26
7836,50.68,1048.8308,-51282.74,1.43
7837,41.2,1054.7503,-57342.27,1.28
7838,49.08,1047.8146,-47325.96,1.51
7839,39.2,1039.1061,-57281.34,1.56
7840,45.92,1034.5922,-43338.24,1.36
7841,35.16,1068.7314,-56008.73,1.35
7842,55.8,1021.9312,-49298.21,1.41
7843,48.84,1056.1151,-51492.35,1.4
7844,42.76,1041.3306,-43296.8,2.27
7845,43.04,1009.1286,-51408.31,1.14
7846,56.08,1022.7164,-39438.34,1.28
7847,51.92,1006.049,-51255.03,1.26
7848,42.24,1029.0405,-43811.56,1.28
7849,50.8,1025.7793,-49255.99,2.2
7850,46.96,997.7956,-49117.38,1.22
7851,40.64,1027.8353,-45411.76,1.46
7852,53.36,1056.3457,-39942.95,1.56
7853,46.0,1102.098,-48330.46,1.31
7854,53.92,1011.0932,-54939.16,1.34
7855,40.36,1107.7304,-48397.4,2.14
7856,51.76,1072.9894,-50381.75,1.26
7857,46.64,1025.6298,-49463.63,1.44
7858,42.04,1057.1852,-53572.11,1.4
7859,43.64,1028.5301,-57387.26,1.28
7860,41.36,1026.6718,-47683.04,2.05
7861,50.2,1033.0466,-55430.85,1.32
7862,45.56,1174.3705,-53888.89,1.33
7863,50.88,1033.0121,-49585.26,1.47
7864,43.92,1045.5862,-49400.83,1.32
7865,55.36,1016.6117,-51134.71,2.16
7866,51.28,1016.0695,-43196.73,1.22
7867,50.24,1034.1401,-55180.44,1.28
7868,49.12,999.4729,-51239.96,1.44
7869,37.8,1001.5663,-42975.11,1.43
7870,43.64,1025.5488,-53317.27,1.16
7871,46.36,1185.8434,-50904.51,1.34
7872,52.16,1038.2078,-53370.2,1.5
7873,51.28,1021.9529,-49392.43,1.38
7874,55.24,1071.7536,-43873.94,1.44
7875,47.76,1135.4046,-52216.93,2.14
7876,47.28,1060.5384,-42226.96,1.46
7877,57.28,1018.2893,-50993.29,1.35
7878,37.24,1002.4686,-50953.2,1.39
7879,55.88,1079.3357,-49863.98,1.44
7880,59.16,1013.1676,-43363.18,2.35
7881,53.16,1081.7703,-44584.07,1.3
7882,40.44,1063.4304,-51871.17,1.38
7883,37.8,1157.338,-47362.83,1.36
7884,51.4,1078.8872,-44219.01,1.51
7885,53.68,1022.9914,-55102.12,2.19
7886,47.52,1012.6763,-48810.0,1.17
7887,55.68,1010.1583,-47297.65,1.47
7888,52.2,1017.8727,-45295.57,1.61
7889,51.28,1081.2642,-61307.51,1.01
7890,58.08,997.453,-45030.02,2.36
7891,40.24,1023.0499,-43261.3,0.82
7892,46.88,1009.5783,-49092.79,1.43
7893,44.04,1036.5462,-49470.11,1.4
7894,47.92,1091.9658,-52530.84,1.41
7895,51.36,1024.6059,-49371.56,1.44
7896,57.44,1019.1916,-45185.2,1.22
7897,44.16,1030.6443,-47428.14,1.33
7898,48.88,1057.8265,-47749.05,1.46
7899,45.96,1026.6009,-47497.56,1.41
7900,35.68,1017.8012,-49291.62,1.39
7901,52.36,1075.5654,-46459.06,2.27
7902,50.64,1001.0594,-55031.38,1.23
7903,51.48,1014.5783,-49155.72,1.51
7904,48.72,1066.0162,-45811.43,1.38
7905,49.88,1086.2858,-42038.15,1.34
7906,37.56,1018.7131,-45333.22,2.22
7907,33.8,1017.5978,-49370.46,1.38
7908,54.68,1035.8742,-51501.61,1.36
7909,67.72,1044.5566,-45983.9,1.32
7910,39.48,1037.5776,-53415.09,1.3
7911,55.64,986.8181,-50897.55,1.59
7912,59.84,1038.4326,-49760.51,1.27
7913,47.32,1038.9796,-55415.47,1.3
7914,37.28,1075.7687,-51969.12,1.25
7915,48.4,1018.2274,-41266.47,1.46
7916,55.4,1002.6382,-51070.6,2.14
7917,51.76,1000.4662,-51059.78,1.24
7918,54.24,1128.6672,-45098.11,1.41
7919,39.92,1040.7462,-45612.4,1.36
7920,46.32,994.2698,-48943.2,1.47
7921,56.76,1008.654,-54867.83,2.35
7922,56.04,1026.4592,-47154.55,1.45
7923,64.64,1028.3447,-57840.44,1.2
7924,43.36,1053.6055,-55780.31,1.47
7925,48.16,1024.7666,-47603.62,1.44
7926,54.32,1046.7007,-47712.48,2.38
7927,51.84,1056.2907,-55208.82,1.17
7928,46.08,1010.4186,-43234.18,1.34
7929,35.8,1010.0688,-51063.14,1.29
7930,40.44,1052.1759,-46101.77,1.33
7931,49.72,1077.2532,-55951.67,2.13
7932,48.92,1033.6181,-49594.72,0.54
7933,45.68,1059.5883,-47684.85,1.33
7934,47.16,1010.6074,-50998.51,1.39
7935,49.68,1028.9565,-47547.58,1.24
7936,49.96,1045.33,-51598.98,1.39
7937,42.64,1063.72,-55893.39,1.2
7938,53.48,1030.5636,-53321.05,1.37
7939,48.24,1041.646,-55706.71,1.38
7940,48.04,1006.1846,-51236.7,1.15
7941,36.52,1018.5664,-47475.2,1.37
7942,50.56,1015.9153,-42859.41,2.29
7943,41.88,1014.7284,-43237.92,1.39
7944,51.48,1029.9642,-49553.23,1.44
7945,37.96,1007.1351,-51089.55,1.56
7946,39.76,1007.7147,-48991.95,1.44
7947,51.4,1011.6023,-53215.6,2.16
7948,57.16,1030.1451,-53104.48,1.28
7949,61.56,1082.9777,-50262.61,1.42
7950,44.04,1007.046,-49201.53,1.41
7951,47.4,1054.8486,-53405.78,1.4
7952,36.72,1101.0433,-57831.84,2.18
7953,53.32,1014.7602,-43266.33,0.54
7954,51.24,1091.9104,-52009.73,1.28
7955,50.92,1010.1488,-39146.54,1.47
7956,50.76,1056.7247,-55848.28,1.27
7957,61.24,1036.8908,-53258.78,2.32
7958,56.56,1033.3312,-47303.0,1.2
7959,44.4,1047.9993,-49347.49,1.49
7960,50.44,1032.7739,-45209.74,1.35
7961,52.48,1079.9918,-51696.19,1.37
7962,57.2,1040.4242,-45354.81,2.11
7963,43.28,1022.4338,-59062.21,1.32
7964,41.64,1030.7334,-45531.56,1.43
7965,56.36,1017.4891,-45240.92,1.38
7966,58.44,1007.0128,-47296.53,1.41
7967,58.88,1005.0476,-43073.38,2.4
7968,37.68,1024.6492,-61200.04,1.4
7969,49.92,1073.7725,-49828.47,1.35
7970,53.92,1156.4171,-47419.52,1.34
7971,54.24,996.6518,-39003.28,1.46
7972,54.32,1045.6104,-45654.19,2.23
7973,49.68,1003.7453,-49025.84,1.36
7974,58.04,1030.4281,-43766.59,1.38
7975,28.68,987.488,-52896.25,1.2
7976,45.36,1036.5296,-55122.54,1.21
7977,37.2,1032.5494,-47131.03,2.22
7978,43.84,1003.3744,-53130.83,1.35
7979,36.48,1001.8202,-54941.85,1.17
7980,43.84,1080.8714,-48357.84,1.35
7981,50.32,1025.0187,-53345.68,1.28
7982,38.56,1004.1729,-51114.27,1.32
7983,35.52,1021.0904,-45533.37,2.19
7984,56.4,1047.8908,-49360.13,0.42
7985,39.76,1058.6558,-57645.58,1.34
7986,52.96,1036.7522,-43613.46,1.43
7987,39.44,999.3353,-36963.33,1.31
7988,54.56,1040.702,-51580.09,2.01
7989,54.08,1038.4804,-45475.66,1.46
7990,46.52,1009.0032,-43046.48,1.44
7991,55.76,1041.3342,-47534.31,1.63
7992,49.72,1022.7479,-49393.33,1.64
7993,49.56,1056.0856,-45698.44,2.22
7994,48.0,1007.9456,-54979.99,1.29
7995,45.68,1024.6241,-49426.48,1.53
7996,53.56,1014.2162,-47155.55,1.34
7997,53.52,1051.4122,-55181.94,1.35
7998,56.76,1043.3335,-41743.12,2.27
7999,56.12,1046.259,-47539.51,1.35
8000,57.12,1054.3457,-54299.69,1.2
8001,64.64,1000.8841,-41102.6,1.48
8002,46.52,1024.4426,-43135.42,1.27
8003,61.04,1050.1905,-51433.88,2.22
8004,47.48,1066.1089,-39990.29,1.28
8005,45.84,1067.2401,-47952.23,1.42
8006,44.0,1051.5428,-49516.94,1.35
8007,46.24,1002.7408,-53019.0,1.33
8008,53.48,991.3772,-54892.21,1.99
8009,52.0,1048.8213,-49898.71,1.28
8010,38.64,1006.629,-49141.9,1.47
8011,56.24,1042.2572,-53140.21,1.4
8012,44.32,1037.0403,-45407.41,1.37
8013,51.24,1073.9604,-44394.21,2.12
8014,43.44,1026.7743,-53083.44,1.11
8015,49.32,1133.4231,-45533.46,1.35
8016,40.88,1021.346,-49252.32,1.34
8017,45.0,1047.2008,-55468.56,1.48
8018,42.4,1009.394,-53278.82,1.93
8019,51.24,1003.8406,-45033.45,1.36
8020,37.2,1000.8708,-53156.29,1.23
8021,62.76,1065.2912,-49943.96,1.16
8022,68.92,1019.9257,-51152.65,1.44
8023,49.88,1032.342,-51657.31,1.41
8024,57.2,1024.0896,-59126.55,1.08
8025,57.4,1036.3915,-47484.3,1.12
8026,46.76,989.7301,-46836.94,1.37
8027,45.64,1029.9318,-53559.02,1.13
8028,40.04,1067.5181,-38224.98,1.35
8029,61.52,1017.9215,-41474.88,2.15
8030,34.76,1011.4662,-48791.51,1.42
8031,34.64,1035.7015,-43328.54,1.19
8032,46.16,1034.8152,-41252.65,1.47
8033,59.84,1093.5976,-52104.95,1.42
8034,45.8,1060.7684,-43774.26,2.05
8035,47.24,1063.5273,-49930.76,1.41
8036,43.4,1034.7436,-47752.01,1.34
8037,30.72,1009.719,-59033.26,1.0
8038,50.92,1062.6249,-44162.45,1.36
8039,49.2,1031.2255,-51305.83,2.2
8040,49.28,1025.6953,-43403.3,1.21
8041,57.36,1032.1094,-43218.39,1.39
8042,43.2,1019.6583,-51285.84,1.51
8043,46.04,1030.0863,-55791.2,1.21
8044,56.0,1031.8566,-39896.17,2.29
8045,48.32,1011.6514,-41296.17,1.39
8046,51.28,1037.7474,-41895.25,1.52
8047,55.36,1053.6051,-43658.49,1.36
8048,61.2,1001.3028,-50897.21,1.22
8049,50.56,1037.6557,-55241.29,2.03
8050,48.32,992.3546,-52969.97,1.46
8051,52.44,998.8791,-50859.69,1.37
8052,34.16,1017.2294,-49008.17,1.41
8053,40.28,1010.9612,-51031.61,1.48
8054,44.44,1052.6702,-43851.65,2.29
8055,52.12,1034.6876,-43221.77,1.41
8056,30.76,1056.8828,-49464.64,1.52
8057,42.92,1027.7021,-43474.43,1.3
8058,35.64,1021.3565,-43227.75,1.26
8059,56.44,1053.7284,-48001.64,2.05
8060,41.16,1022.9416,-55019.58,1.13
8061,46.68,1030.973,-55121.05,1.29
8062,53.36,1035.8018,-43600.64,1.34
8063,48.64,1086.429,-44327.06,1.46
8064,34.08,1010.9404,-41173.72,1.37
8065,45.28,1030.3027,-37670.05,1.26
8066,53.08,1053.1857,-49827.58,1.38
8067,46.92,1060.2241,-44047.69,1.25
8068,42.68,1013.2812,-43116.66,1.35
8069,49.68,1065.0448,-44310.68,1.42
8070,51.28,1017.8714,-51254.0,2.2
8071,49.92,1015.6914,-43384.98,1.41
8072,38.36,1020.3177,-55178.58,1.31
8073,59.28,1041.3658,-51617.62,1.19
8074,51.4,1039.2493,-47685.27,1.34
8075,51.0,1130.4706,-50617.42,2.47
8076,48.56,1090.6881,-44902.86,1.32
8077,54.12,1057.5724,-36391.94,1.27
8078,44.52,1005.5193,-43146.14,1.37
8079,61.48,1023.3895,-49189.67,1.36
8080,47.56,1031.3256,-52888.12,2.16
8081,50.12,1040.479,-55399.3,1.2
8082,46.72,1031.2854,-43773.89,1.44
8083,46.44,1102.2505,-48439.44,1.4
8084,51.96,1021.1911,-45271.1,1.33
8085,50.88,1046.735,-53460.54,2.22
8086,42.88,1072.0178,-44073.54,1.28
8087,47.48,1061.7294,-46009.37,1.68
8088,62.28,1053.8018,-51695.48,1.34
8089,53.2,1029.3407,-45560.77,1.61
8090,49.84,1023.4032,-43635.1,2.13
8091,56.04,1024.8659,-51280.19,1.37
8092,48.44,1037.1624,-53361.88,1.29
8093,47.12,1028.5607,-39556.01,1.38
8094,43.32,1018.4972,-41366.8,1.38
8095,44.44,1136.2642,-48655.51,2.16
8096,31.28,1017.1976,-52969.94,1.26
8097,45.04,1041.9805,-45907.38,1.44
8098,45.56,1052.9275,-48091.79,1.35
8099,64.0,1047.8386,-55645.58,1.16
8100,50.52,1031.2321,-43807.16,2.14
8101,41.56,1016.9381,-45337.35,1.28
8102,50.24,1028.0356,-43344.32,1.54
8103,39.04,1019.9448,-55446.86,1.28
8104,50.92,1006.0769,-53296.17,1.41
8105,41.32,990.9831,-44885.49,2.08
8106,39.52,1064.5618,-49950.04,1.23
8107,55.12,1049.0586,-45718.02,1.39
8108,50.0,998.1682,-56907.5,1.31
8109,39.36,1017.6702,-45369.74,1.45
8110,40.64,1059.6051,-53043.04,1.31
8111,54.92,1044.7351,-51733.43,2.18
8112,53.04,1049.5882,-45311.3,1.41
8113,41.12,1043.0603,-45748.75,1.46
8114,43.72,1066.779,-49854.96,1.35
8115,39.64,1022.5811,-41555.09,1.29
8116,46.48,1018.8812,-41536.6,2.03
8117,35.88,1028.4634,-45510.29,1.26
8118,44.08,1023.658,-51379.42,1.26
8119,45.88,1031.8597,-51420.43,1.36
8120,47.64,1067.6072,-40189.94,1.31
8121,52.0,1041.5305,-40022.41,2.14
8122,57.04,1090.3061,-57780.79,1.41
8123,43.6,995.8918,-59272.2,1.21
8124,51.0,987.5123,-44921.88,1.27
8125,57.12,1049.7315,-51273.3,1.36
8126,48.04,1027.4847,-51445.51,2.27
8127,48.6,1034.9665,-57175.78,1.34
8128,45.2,1012.9011,-49463.43,1.49
8129,44.96,998.4248,-54980.33,1.43
8130,51.92,1023.3169,-51527.68,1.24
8131,58.8,1012.439,-47017.84,2.29
8132,43.16,996.9276,-51140.89,1.46
8133,60.44,1048.4388,-47679.1,1.35
8134,49.76,1075.0645,-55775.96,1.19
8135,46.92,1034.8268,-43804.67,1.4
8136,42.96,1035.5304,-39695.14,2.32
8137,49.24,1058.6584,-45501.19,1.53
8138,38.6,1087.2118,-52111.23,1.42
8139,27.36,987.024,-50836.19,1.3
8140,42.84,1037.2176,-45629.94,1.28
8141,51.24,1023.0404,-57153.72,2.38
8142,58.96,1051.6312,-53517.15,1.19
8143,52.56,1049.8653,-46103.03,1.41
8144,45.36,1011.5042,-35291.16,0.87
8145,35.16,1009.3765,-37097.79,1.41
8146,48.04,1047.4276,-47892.03,2.26
8147,45.92,1042.6157,-43207.47,1.48
8148,53.28,1016.218,-39029.12,1.34
8149,50.16,1018.7834,-51102.27,1.4
8150,41.44,1079.646,-44264.01,1.39
8151,55.12,1025.9922,-47486.72,1.42
8152,45.08,1041.8921,-53392.93,1.15
8153,62.12,1000.1967,-57044.48,1.29
8154,35.84,1005.2796,-51008.28,1.24
8155,37.28,1044.714,-47601.12,1.38
8156,54.56,1040.9929,-49086.03,1.38
8157,39.56,1060.5167,-51729.85,2.11
8158,41.0,1032.1714,-45528.03,1.31
8159,42.88,995.1307,-52773.96,1.42
8160,46.56,1031.0361,-43566.57,1.34
8161,57.04,1065.7306,-51768.91,1.36
8162,55.8,1010.3402,-47356.15,2.39
8163,46.16,1045.3326,-45552.79,1.39
8164,62.04,1022.409,-41416.72,0.82
8165,49.28,1020.9982,-49253.08,1.41
8166,51.16,1007.1554,-49207.25,1.31
8167,45.4,1074.7844,-51893.42,2.3
8168,63.52,1022.6725,-53278.89,1.16
8169,33.52,1008.5594,-53310.99,1.33
8170,52.84,1035.9261,-47902.85,1.55
8171,46.16,1012.7294,-53032.05,1.51
8172,42.56,1051.2201,-53202.82,2.31
8173,25.84,1027.3122,-53170.11,1.18
8174,48.68,1025.2169,-45302.55,1.32
8175,44.44,1060.9912,-53626.6,1.43
8176,31.88,1006.6381,-44881.22,1.41
8177,51.52,1053.3397,-53808.53,2.21
8178,47.52,1016.566,-47143.02,1.42
8179,43.92,1017.6848,-49316.55,1.42
8180,49.16,1024.0125,-55348.77,1.27
8181,51.84,1028.6899,-55412.97,1.52
8182,41.64,1002.3958,-53103.46,2.21
8183,57.64,1007.6671,-52947.98,1.17
8184,47.92,1024.6925,-47209.6,1.37
8185,50.0,1025.7935,-47314.93,0.77
8186,33.52,1017.2499,-49376.27,1.27
8187,48.04,992.1013,-46954.9,2.43
8188,62.72,1015.4492,-55216.45,1.17
8189,50.72,1020.1422,-45320.33,1.38
8190,50.32,1028.3805,-55152.47,1.24
8191,59.24,1019.9409,-51175.38,1.39
8192,38.76,1012.7466,-57040.82,1.28
8193,51.28,1112.3502,-42704.65,1.24
8194,53.92,1023.7488,-45154.75,1.38
8195,29.2,1028.323,-55376.57,1.44
8196,48.08,1011.4394,-43147.37,1.37
8197,47.32,1047.3628,-39908.23,1.5
8198,48.96,1007.453,-53059.23,2.22
8199,42.8,1023.8494,-47403.16,1.24
8200,44.4,1033.7787,-49479.27,1.29
8201,49.44,1142.1911,-52751.99,1.42
8202,50.8,990.5449,-46808.72,1.38
8203,42.2,1037.2076,-47432.29,2.38
8204,30.92,1061.5262,-53905.68,1.28
8205,49.48,1084.1034,-38521.52,1.45
8206,49.88,1015.026,-49022.45,0.92
8207,62.6,1014.6082,-51209.98,1.51
8208,47.96,1006.807,-44925.19,2.25
8209,49.12,1023.6714,-53652.47,1.27
8210,52.0,1011.3553,-45222.75,1.41
8211,42.56,1011.3577,-45142.07,1.37
8212,60.76,1015.7839,-45111.5,1.37
8213,61.36,1002.581,-45055.23,2.07
8214,35.6,1000.8414,-56971.35,1.3
8215,54.12,1031.9507,-51356.8,1.11
8216,49.8,1187.9306,-53080.94,1.26
8217,48.24,1048.6348,-51845.4,1.43
8218,54.72,1001.208,-47227.07,2.2
8219,41.12,1011.387,-42908.88,1.44
8220,52.28,1049.5236,-55813.22,1.15
8221,45.6,1027.7316,-41544.48,1.41
8222,52.2,1028.0581,-43386.66,1.45
8223,51.52,1060.8888,-48373.29,2.21
8224,38.68,1023.2007,-47334.64,1.4
8225,47.52,1018.9883,-53281.83,1.23
8226,46.36,1020.58,-43280.15,1.49
8227,42.64,1020.7054,-45375.55,0.99
8228,42.92,1035.6811,-47552.92,2.17
8229,50.12,1052.3246,-47313.19,1.22
8230,64.92,1040.5094,-55507.33,1.18
8231,41.2,1004.0518,-45065.92,1.43
8232,44.0,1023.5306,-45432.99,1.43
8233,41.24,1059.4181,-46047.4,2.44
8234,34.48,1005.8084,-45271.74,1.51
8235,28.68,1026.1874,-51576.75,1.21
8236,53.76,1059.0085,-43894.39,1.42
8237,42.28,1035.5926,-57287.28,1.3
8238,45.24,1012.9876,-57154.67,1.28
8239,62.8,1006.7032,-55144.11,2.11
8240,44.8,986.8502,-44829.7,1.29
8241,54.08,1132.1096,-48597.05,1.27
8242,61.52,1040.5448,-45015.95,1.41
8243,45.84,1009.2311,-46990.69,1.34
8244,43.96,1022.1576,-47327.53,2.27
8245,42.64,1033.35,-43523.99,1.42
8246,42.44,1031.705,-49630.81,1.44
8247,37.6,1049.8876,-43803.31,1.36
8248,52.48,1021.1354,-45294.36,0.94
8249,52.08,1016.7768,-43059.34,2.04
8250,49.08,1089.4571,-53497.21,1.34
8251,58.36,1039.9092,-51076.22,1.29
8252,44.96,1004.2188,-41105.27,1.44
8253,40.6,1026.0987,-45346.72,1.29
8254,45.92,1075.2521,-45963.89,2.25
8255,44.96,1012.7852,-53312.81,1.32
8256,42.8,1034.4201,-35679.93,1.44
8257,41.88,1004.8023,-57079.87,1.26
8258,43.24,1077.9382,-55572.56,1.36
8259,41.6,1026.8738,-41642.65,2.12
8260,35.76,1037.0661,-43815.59,1.39
8261,54.68,1060.9067,-46001.14,1.49
8262,55.44,1042.4332,-55341.57,1.37
8263,43.68,1019.6692,-47324.61,1.33
8264,42.36,1019.2498,-43422.04,2.09
8265,57.28,1025.545,-45320.93,1.32
8266,55.4,1018.3474,-37468.2,1.55
8267,41.6,1019.5062,-43366.19,1.33
8268,52.24,1045.022,-37724.7,1.09
8269,42.64,995.227,-54869.77,2.13
8270,55.96,1021.7607,-47491.14,1.13
8271,52.6,1083.9753,-47820.56,1.25
8272,45.32,1072.9113,-55578.85,1.26
8273,56.56,1045.0771,-49641.98,1.44
8274,45.36,1061.7861,-50107.8,2.14
8275,51.56,1042.6526,-51710.12,1.33
8276,46.0,1017.6044,-53272.33,1.24
8277,57.92,1034.6926,-41826.82,1.58
8278,41.0,1003.9176,-44997.91,1.34
8279,41.36,1022.1332,-48988.76,1.44
8280,43.6,1029.7607,-42986.49,1.29
8281,61.48,1058.5879,-45744.74,1.49
8282,26.88,1015.9358,-51321.44,1.22
8283,58.08,1078.0541,-48059.12,1.25
8284,46.36,1028.244,-45500.28,1.41
8285,56.88,1057.1132,-55416.24,2.36
8286,46.76,1055.3434,-57521.44,1.21
8287,54.44,1041.4306,-51574.67,1.41
8288,35.28,1011.8581,-49270.97,1.43
8289,50.88,1015.7435,-49220.12,0.78
8290,46.48,1043.5635,-43735.62,2.25
8291,50.0,1043.455,-53672.18,1.34
8292,54.4,1018.5274,-51158.09,1.33
8293,43.0,1046.1956,-47922.91,1.51
8294,57.24,1135.9403,-52528.27,1.36
8295,48.6,1048.8434,-53349.12,2.3
8296,43.12,1044.6624,-55545.78,1.39
8297,50.0,1014.2396,-43359.21,1.42
8298,47.88,1048.5505,-44012.71,1.32
8299,43.72,1094.802,-47968.68,1.47
8300,37.24,1021.4668,-47409.01,2.15
8301,32.96,1021.2072,-49101.03,1.22
8302,49.56,1071.3563,-44328.17,1.42
8303,40.32,1013.3912,-51069.06,1.33
8304,46.56,1016.6587,-43438.61,1.46
8305,39.2,1022.227,-47205.18,2.55
8306,50.32,1022.4714,-49303.86,1.31
8307,52.4,1177.9598,-48694.64,1.26
8308,51.04,1045.176,-45963.9,1.49
8309,57.8,1037.5824,-49115.22,1.52
8310,57.6,1068.0788,-51977.32,1.56
8311,29.52,978.6194,-40688.4,1.37
8312,49.28,1111.7455,-45099.39,1.48
8313,52.88,1029.6333,-45049.28,1.43
8314,58.4,1027.225,-57226.02,1.3
8315,44.56,1079.6209,-53362.4,2.08
8316,49.68,1015.9094,-41058.17,1.39
8317,39.2,1013.0666,-45129.86,1.39
8318,34.4,1004.5521,-47254.53,1.41
8319,37.48,1030.2516,-53227.35,1.45
8320,36.28,998.7885,-44926.05,1.42
8321,54.88,1078.4758,-59428.93,1.3
8322,44.6,1050.153,-49573.29,1.29
8323,38.92,1045.6258,-43715.71,1.39
8324,32.48,1024.958,-53256.32,1.47
8325,58.68,995.2956,-48833.35,1.49
8326,47.24,1021.1436,-47356.11,2.21
8327,36.2,995.3607,-54987.23,1.24
8328,57.6,1032.6582,-47355.8,1.45
8329,58.32,1035.255,-45513.96,1.31
8330,50.04,1001.4012,-46977.58,1.18
8331,50.48,1036.1837,-47533.28,1.71
8332,52.56,1029.2149,-47443.8,1.43
8333,59.76,1041.2907,-49278.91,1.38
8334,39.0,1014.1983,-49318.51,1.16
8335,56.64,1040.2452,-51201.6,1.44
8336,56.48,1022.627,-43218.97,2.25
8337,45.72,1026.1531,-43697.02,1.38
8338,40.36,1023.3654,-47391.95,1.35
8339,58.64,997.7414,-41075.25,1.51
8340,56.56,1039.6154,-49295.82,1.43
8341,45.24,995.1261,-54837.94,2.2
8342,40.16,1039.1033,-41653.34,1.45
8343,51.12,1068.2898,-51713.85,1.4
8344,44.04,1015.5994,-49107.41,1.57
8345,51.52,993.5896,-44923.88,1.41
8346,47.16,1078.8246,-55895.07,2.37
8347,38.64,1000.0057,-44951.42,1.32
8348,53.68,1021.0082,-39416.47,1.35
8349,50.2,1098.2026,-49680.07,1.25
8350,48.44,1106.7501,-52360.3,1.31
8351,34.36,996.625,-46824.41,1.7
8352,55.92,1017.588,-45194.08,1.32
8353,56.24,1024.5644,-45401.59,1.36
8354,42.04,1036.5096,-37395.66,1.35
8355,42.32,1034.7066,-49843.2,1.52
8356,55.72,1011.3958,-61114.07,2.14
8357,61.96,1039.9106,-55390.68,1.2
8358,56.84,1031.909,-55491.66,1.36
8359,40.92,1054.2389,-55817.7,1.51
8360,49.8,1050.4486,-51330.71,1.38
8361,46.92,996.4506,-42966.26,2.37
8362,40.64,1004.9166,-42951.94,1.35
8363,57.88,1018.9402,-55060.76,1.3
8364,45.84,1008.2437,-47067.71,1.52
8365,54.4,1031.6879,-51452.66,1.39
8366,63.72,1011.1685,-51112.26,1.35
8367,50.16,1035.1531,-41260.73,2.09
8368,42.44,1017.918,-47213.39,1.22
8369,47.2,1025.4952,-49516.76,1.3
8370,50.68,1049.4954,-45700.32,1.41
8371,34.6,1069.3811,-57495.32,1.37
8372,55.64,1057.2318,-47928.71,1.72
8373,49.44,1041.3704,-45738.8,1.34
8374,41.08,1016.6726,-55084.68,1.22
8375,63.56,1012.0866,-41227.09,1.33
8376,41.4,1023.2866,-45372.02,1.33
8377,45.8,1023.3785,-59195.71,2.2
8378,56.28,1007.7977,-47111.85,1.44
8379,52.4,1012.8118,-45012.35,1.41
8380,41.16,1039.381,-51448.47,1.46
8381,56.68,1022.5552,-49220.57,1.3
8382,38.32,1032.0074,-51478.84,2.25
8383,49.96,1095.9995,-44849.19,1.56
8384,49.04,1037.297,-47439.94,1.36
8385,51.68,1004.8375,-53106.04,1.54
8386,36.72,1023.2234,-53290.1,1.25
8387,56.12,1040.8563,-51566.15,2.23
8388,40.04,1014.5012,-51052.78,1.41
8389,43.0,995.8586,-48819.22,1.43
8390,47.0,1024.7279,-53352.0,1.35
8391,62.12,1018.4344,-61104.93,1.4
8392,48.96,1035.2259,-47544.1,1.62
8393,48.28,1054.5318,-51761.51,1.31
8394,35.68,995.3456,-54900.24,1.23
8395,47.8,1057.8615,-57658.56,1.38
8396,43.88,1058.2428,-49935.66,1.37
8397,46.56,1005.8289,-37134.2,2.5
8398,45.76,1041.8512,-51944.57,1.26
8399,51.92,1071.6975,-50236.66,1.35
8400,39.68,1012.9382,-41334.0,1.36
8401,49.64,1065.9206,-55406.87,1.35
8402,47.04,1020.362,-51003.03,2.31
8403,33.92,1022.8218,-51146.08,1.22
8404,50.64,1020.7803,-43547.22,1.53
8405,45.36,1033.7492,-55382.48,1.44
8406,46.56,1003.2199,-54903.14,1.46
8407,51.36,985.1203,-52798.1,1.24
8408,53.04,1026.1315,-49240.53,1.21
8409,46.92,1021.17,-47495.46,1.34
8410,52.48,1018.8221,-41122.46,1.47
8411,50.12,1031.184,-47222.45,1.42
8412,49.6,1033.455,-45373.62,1.36
8413,49.52,1006.7502,-45229.78,1.76
8414,41.84,1013.5646,-41319.98,1.37
8415,48.24,1070.4115,-49878.28,1.41
8416,35.52,1011.693,-49106.7,1.33
8417,46.96,1022.4776,-47334.27,1.41
8418,42.68,1030.5896,-43165.91,2.48
8419,44.36,1033.2671,-53555.4,1.4
8420,46.92,1030.0866,-45405.18,1.44
8421,56.56,1027.9024,-45567.28,1.5
8422,39.32,1012.4853,-42895.37,1.53
8423,51.56,1022.1776,-51066.03,2.15
8424,58.28,1000.8224,-48892.27,1.41
8425,50.16,1039.2872,-43831.86,1.37
8426,47.4,1082.0718,-53521.92,1.36
8427,44.36,1000.6306,-45088.36,1.32
8428,47.32,1022.1702,-47394.85,2.08
8429,52.88,1062.923,-47908.9,1.29
8430,29.44,1008.8552,-47213.93,1.3
8431,53.32,1046.0414,-51266.9,1.28
8432,52.84,1013.785,-57297.28,1.21
8433,53.2,1024.6308,-49248.11,1.83
8434,59.88,1034.7915,-51463.71,1.08
8435,32.76,1016.3815,-59093.91,1.29
8436,40.84,1059.1613,-49749.62,1.47
8437,43.64,1028.1021,-45420.89,1.49
8438,59.0,1001.2304,-47072.87,2.19
8439,40.16,1006.0845,-45123.75,1.21
8440,49.92,1009.9649,-49173.44,1.33
8441,32.28,1001.1068,-49027.73,1.33
8442,42.4,999.0127,-48939.78,1.47
8443,42.44,1039.7843,-47331.64,2.65
8444,48.8,1019.6405,-51092.9,1.65
8445,40.52,1004.6012,-49092.81,1.6
8446,52.24,1042.5655,-49585.71,1.41
8447,49.6,1047.1784,-43493.23,1.54
8448,54.08,1012.5164,-53044.62,1.23
8449,51.16,1020.5894,-57367.41,1.26
8450,48.04,1034.72,-45374.04,1.33
8451,47.24,1077.9771,-48011.82,1.33
8452,41.4,1008.6353,-45232.96,1.32
8453,34.52,1030.2278,-49245.54,1.3
8454,59.96,1045.689,-49620.37,1.94
8455,46.48,1062.175,-51819.47,1.39
8456,51.36,1041.6195,-47435.77,1.29
8457,46.96,1027.9122,-37333.33,1.47
8458,33.8,1030.0574,-43349.71,1.45
8459,59.56,992.6568,-52888.39,2.32
8460,46.72,1009.3381,-47218.86,1.4
8461,33.8,1029.3593,-41436.98,1.78
8462,55.36,1026.576,-57313.73,1.45
8463,41.16,1009.1611,-50934.09,1.47
8464,48.12,1051.8179,-47476.71,2.09
8465,46.28,1005.828,-43233.06,1.33
8466,56.16,1041.8692,-47694.83,1.41
8467,52.76,1035.605,-45523.55,1.32
8468,49.12,1048.8801,-43677.78,1.42
8469,48.12,1069.4231,-52069.41,2.18
8470,53.28,1013.8464,-55341.29,1.32
8471,54.96,1031.1688,-50867.75,1.37
8472,53.48,1026.8655,-49677.14,1.36
8473,39.08,1025.2612,-53347.04,1.38
8474,42.92,1075.3342,-53643.38,1.91
8475,44.6,1018.6676,-41283.42,1.34
8476,43.8,1074.2976,-48437.39,1.53
8477,53.88,1028.4269,-47618.71,1.5
8478,57.36,1028.5119,-37567.82,1.35
8479,48.24,1041.3374,-51546.72,2.2
8480,52.32,1021.5628,-43245.49,1.3
8481,55.28,1071.5446,-42189.46,1.43
8482,48.08,1058.9648,-49646.97,1.35
8483,43.84,1091.4015,-44750.38,1.33
8484,50.0,990.2459,-46958.71,2.35
8485,27.48,998.2037,-56998.25,0.98
8486,49.24,1012.9636,-47243.67,1.41
8487,53.32,1006.3637,-47166.83,1.26
8488,39.12,1066.2507,-47884.26,1.37
8489,55.4,1037.2243,-51352.34,2.43
8490,49.56,1038.2385,-43588.1,1.42
8491,47.4,1067.8774,-53694.33,1.39
8492,48.12,1038.8334,-41756.63,1.38
8493,52.72,1058.2614,-43646.76,1.37
8494,50.44,1036.9207,-49399.13,1.27
8495,28.6,999.5137,-42963.43,1.67
8496,44.8,1019.4097,-47397.25,1.32
8497,51.2,1060.7524,-45840.32,1.45
8498,26.96,1015.017,-41208.6,1.25
8499,48.08,1073.8155,-49708.19,1.53
8500,51.24,1017.7046,-45370.08,2.37
8501,46.64,1060.7772,-55397.06,1.51
8502,40.48,1063.6928,-46423.14,1.39
8503,63.8,1050.2407,-47881.13,1.31
8504,39.92,1056.7882,-50077.31,1.51
8505,53.64,1047.0291,-46091.68,2.28
8506,49.76,1049.5171,-49601.97,1.27
8507,48.44,1067.2514,-59793.5,1.5
8508,46.48,990.306,-44834.26,1.37
8509,51.68,1011.5484,-51179.58,1.36
8510,48.0,1031.0306,-49360.38,2.33
8511,46.88,1054.3097,-53463.09,1.53
8512,48.92,1048.2611,-45730.08,1.3
8513,46.64,1059.6036,-51601.46,1.34
8514,54.36,1020.8566,-53473.97,1.34
8515,63.2,1102.1962,-52241.74,1.85
8516,47.52,1046.331,-55298.11,1.37
8517,39.8,1030.3592,-47185.5,1.39
8518,48.96,1024.2207,-49228.38,1.52
8519,53.6,1038.5562,-41825.39,1.3
8520,56.64,1087.9533,-57785.03,2.33
8521,39.36,1017.3346,-45322.98,1.42
8522,40.4,998.8943,-41029.66,1.47
8523,48.36,1034.5085,-49625.0,1.42
8524,49.12,1057.8597,-43915.76,1.24
8525,57.96,1068.7372,-44160.33,2.57
8526,48.32,1028.7093,-51217.29,1.31
8527,44.6,1029.332,-51293.53,1.39
8528,46.76,1054.4947,-44161.2,1.44
8529,36.56,1027.6491,-47356.23,1.4
8530,42.12,1037.7308,-45464.82,2.4
8531,56.44,1028.0156,-53106.81,1.15
8532,42.36,1029.2168,-51391.46,1.26
8533,51.6,1053.9,-45684.69,1.53
8534,56.72,1009.4459,-43199.18,1.32
8535,54.0,1083.1306,-42428.29,0.8
8536,47.32,1004.3387,-37221.2,1.27
8537,48.28,1049.5495,-51410.35,1.49
8538,61.12,1035.7407,-55617.29,1.31
8539,51.44,1007.4031,-46981.54,1.39
8540,52.52,1067.3395,-48201.61,1.26
8541,44.48,1033.211,-51412.48,2.18
8542,46.76,1142.1508,-57889.52,1.21
8543,49.16,1079.6458,-50016.5,1.3
8544,59.36,1017.5011,-41134.51,1.51
8545,51.0,1014.8125,-47066.7,1.44
8546,53.08,1011.2746,-45173.3,2.25
8547,55.84,1021.3572,-45351.71,1.24
8548,47.6,1025.494,-49658.65,1.54
8549,51.0,1012.7784,-59049.77,1.32
8550,50.72,1016.5368,-47529.26,1.39
8551,43.68,1002.1203,-48895.19,2.25
8552,57.68,1040.4818,-49616.7,1.31
8553,57.12,1024.9943,-51228.43,1.37
8554,46.04,993.6155,-60993.02,1.19
8555,43.36,998.1176,-50896.55,1.2
8556,52.44,1050.0523,-43692.14,1.8
8557,50.44,1012.6193,-41105.84,1.56
8558,45.36,990.0512,-54967.72,1.16
8559,56.36,1004.3379,-49006.14,1.37
8560,34.72,994.3704,-45052.12,1.27
8561,41.28,1062.1767,-46062.34,2.51
8562,46.6,1048.3076,-45897.22,1.48
8563,52.08,1053.7098,-43840.33,1.41
8564,52.4,1028.6134,-49456.37,1.24
8565,41.2,1029.3427,-49357.36,1.38
8566,52.08,1107.4167,-55805.83,2.38
8567,52.36,999.2372,-48985.91,1.12
8568,48.64,987.4941,-46953.96,1.49
8569,47.8,1072.9144,-48119.94,1.46
8570,63.08,1045.0586,-51689.25,1.43
8571,46.96,1045.1984,-45646.15,2.41
8572,44.16,1004.8231,-54936.61,1.24
8573,56.16,1006.6253,-49088.97,1.3
8574,52.12,1006.9117,-49136.77,1.48
8575,57.0,995.3679,-56889.27,1.25
8576,47.76,1051.4417,-61401.09,0.8
8577,56.8,1041.2195,-41376.44,1.23
8578,51.44,1022.6783,-53154.02,1.31
8579,41.72,1079.0627,-46089.23,1.42
8580,53.6,1036.6868,-43693.86,1.5
8581,37.72,1007.2576,-45135.13,1.38
8582,50.84,1032.678,-47578.06,2.32
8583,45.84,1083.0805,-50115.59,1.29
8584,47.12,1017.3439,-47321.1,1.25
8585,42.28,991.4612,-47036.78,1.25
8586,52.12,1030.5432,-37638.58,1.33
8587,50.84,1011.4355,-47134.36,2.19
8588,48.88,1035.9466,-55340.14,1.16
8589,60.48,1005.5788,-49061.01,1.24
8590,47.76,1019.0458,-35469.31,1.47
8591,48.08,1150.0989,-52438.81,1.44
8592,57.96,1048.7166,-51775.92,2.35
8593,36.76,1012.3634,-45204.16,1.39
8594,52.16,1033.152,-53408.44,1.51
8595,49.2,1070.5573,-51663.49,1.5
8596,37.0,1003.6249,-39076.06,1.45
8597,51.4,1039.4824,-51644.79,1.68
8598,52.8,1029.8804,-47498.11,1.34
8599,35.84,1047.5006,-51286.11,1.42
8600,48.6,1066.5619,-51680.13,1.2
8601,36.24,1019.54,-39427.54,1.37
8602,46.72,1093.5367,-46546.03,2.14
8603,48.76,1052.8169,-40045.68,1.42
8604,49.2,1038.9418,-45311.77,1.47
8605,48.68,1009.5939,-49192.3,1.54
8606,35.48,1004.9293,-49258.3,1.28
8607,59.32,1048.621,-41725.56,2.32
8608,48.04,1043.4609,-43577.7,1.27
8609,45.28,1042.4088,-51563.56,1.16
8610,50.4,1014.1267,-46954.87,1.34
8611,43.44,1023.274,-44947.57,1.38
8612,50.12,1036.4289,-51184.96,2.31
8613,55.96,1002.7865,-49093.31,1.36
8614,44.52,1034.9466,-51289.71,1.39
8615,51.12,1081.5423,-44164.33,1.43
8616,51.04,1071.1749,-57690.19,1.48
8617,48.36,1035.0566,-51425.28,1.77
8618,59.8,1021.3568,-49263.55,1.47
8619,51.08,1033.2391,-49207.11,1.48
8620,54.0,1022.0488,-51283.65,1.33
8621,50.52,1069.4491,-51332.12,1.47
8622,32.16,1018.6953,-45402.97,1.46
8623,44.08,1037.9795,-51582.01,2.41
8624,50.92,1022.9934,-45245.97,1.52
8625,55.68,1032.1918,-45656.16,1.42
8626,52.56,1137.1322,-50360.28,1.26
8627,40.2,1082.2939,-48259.0,1.27
8628,34.2,982.0132,-40684.11,2.42
8629,48.16,1020.9854,-37332.59,1.34
8630,43.92,1032.8904,-47668.39,1.4
8631,54.16,1034.9661,-53578.48,1.29
8632,48.84,990.7753,-44918.16,1.44
8633,50.96,1217.2142,-48273.53,2.03
8634,47.84,1031.2401,-43248.74,1.45
8635,48.68,1049.9737,-51633.99,1.24
8636,46.04,1046.0132,-55403.29,1.17
8637,44.68,1021.1836,-45311.8,1.39
8638,51.84,1092.8262,-46811.64,1.62
8639,38.24,1042.0199,-41721.58,1.27
8640,55.28,1102.7041,-42401.52,1.43
8641,51.04,1016.7983,-45154.36,1.31
8642,44.12,1048.992,-41696.25,1.33
8643,48.16,1098.0555,-46932.25,2.25
8644,49.64,1013.2806,-49272.67,1.33
8645,41.44,1017.989,-41400.15,1.24
8646,57.88,1015.4951,-53118.1,1.38
8647,56.96,994.2988,-50738.48,1.2
8648,44.36,1057.3708,-47632.29,2.14
8649,61.44,1024.1086,-39438.21,1.32
8650,60.2,1024.6429,-45467.43,1.43
8651,48.4,1019.3766,-55283.5,1.32
8652,58.6,1038.8489,-47737.83,1.51
8653,54.56,1011.0829,-47081.56,2.15
8654,52.24,1045.937,-51604.9,1.32
8655,50.64,1015.2007,-39429.29,1.34
8656,40.48,1037.311,-57358.22,1.13
8657,52.16,1080.23,-47973.28,1.16
8658,44.68,1047.433,-43689.93,2.23
8659,41.88,1059.2429,-50133.5,0.92
8660,43.44,1070.1088,-40319.85,1.35
8661,45.6,1065.5796,-51489.16,1.39
8662,50.0,1093.1615,-44614.71,1.33
8663,44.2,1056.0912,-53935.53,1.32
8664,47.04,1005.5524,-47173.44,1.24
8665,45.6,1018.9584,-45199.41,1.18
8666,55.32,1010.9347,-49216.0,1.18
8667,50.36,1018.9509,-51226.84,1.46
8668,47.88,1052.5698,-48121.88,1.31
8669,41.52,1017.1892,-53117.41,2.2
8670,44.84,1008.1955,-45010.26,1.4
8671,56.76,1056.7144,-51710.04,1.28
8672,56.4,1006.2746,-40978.48,1.34
8673,49.24,1079.2096,-38600.08,1.29
8674,39.28,1068.0883,-53844.82,2.17
8675,55.0,1023.8422,-53413.41,1.32
8676,54.08,1030.7482,-47619.04,1.28
8677,42.6,1050.9796,-48155.72,1.38
8678,47.88,1026.0659,-59185.46,1.3
8679,43.8,1000.4638,-50845.88,2.24
8680,49.72,990.4602,-40776.33,0.64
8681,53.48,1102.4032,-46359.29,1.4
8682,49.32,1025.8814,-53503.0,1.41
8683,42.92,1008.2176,-43181.75,1.41
8684,45.56,1062.9615,-49735.64,2.14
8685,51.48,1007.7952,-47363.21,1.36
8686,48.68,1016.2073,-45266.4,1.44
8687,47.96,1016.9145,-47309.36,1.22
8688,51.52,1047.9647,-41614.58,1.49
8689,59.56,1085.3892,-59624.18,2.04
8690,44.72,1003.757,-49065.92,1.53
8691,46.8,1048.7849,-49817.48,1.24
8692,50.56,1011.7674,-53142.48,1.22
8693,53.56,1146.5202,-52752.86,1.34
8694,47.24,1056.4074,-43661.6,2.38
8695,60.16,1018.4772,-51140.05,1.48
8696,46.96,1027.9846,-51421.26,1.35
8697,42.12,1050.6862,-47770.83,1.39
8698,51.2,1030.7978,-45076.18,1.47
8699,53.8,1034.122,-45637.25,2.23
8700,55.56,1014.9149,-45049.87,1.49
8701,42.84,1023.8059,-49352.03,0.74
8702,42.4,1024.1789,-43262.86,1.39
8703,40.4,1038.2553,-49047.77,1.4
8704,59.76,1055.8134,-47978.58,1.47
8705,41.72,1017.4343,-45325.82,1.19
8706,32.92,1015.8236,-53183.3,1.33
8707,44.12,1026.2499,-47026.2,1.23
8708,56.68,1070.4668,-49673.79,1.4
8709,56.48,1028.9516,-49493.97,1.42
8710,49.68,1026.2731,-51145.05,2.24
8711,51.76,1028.8703,-61185.84,1.12
8712,51.92,1030.7884,-55271.44,1.35
8713,42.16,1013.3483,-45225.8,1.53
8714,52.44,1052.5018,-43831.32,1.53
8715,42.92,1051.434,-36045.37,2.52
8716,50.6,1015.4065,-47132.79,1.47
8717,57.2,1037.4794,-47428.93,1.45
8718,51.76,1059.9786,-57431.06,1.29
8719,45.88,1029.0277,-55342.94,1.33
8720,39.32,1015.0196,-54895.82,2.17
8721,61.6,1022.3032,-47170.18,0.74
8722,45.68,1018.3652,-47367.47,1.22
8723,55.96,1030.471,-49637.67,1.19
8724,35.44,1023.1534,-45235.09,1.23
8725,44.68,1000.053,-44961.49,2.34
8726,38.92,1036.117,-49250.41,1.22
8727,37.48,1035.5233,-51736.45,1.35
8728,52.6,1130.232,-51921.91,1.41
8729,46.84,1040.027,-45828.98,1.27
8730,43.56,1025.7942,-51259.79,2.32
8731,45.96,1104.7929,-49060.24,1.47
8732,46.12,1094.2506,-46951.01,1.36
8733,58.56,993.774,-40942.64,1.45
8734,41.76,1034.2428,-51562.68,1.38
8735,42.56,1006.3652,-47384.99,2.62
8736,51.24,1034.569,-49620.05,1.42
8737,34.8,992.4417,-55013.77,1.58
8738,52.28,1026.2632,-47277.43,1.33
8739,42.56,1085.406,-50228.87,1.31
8740,56.24,1020.3257,-57135.39,2.35
8741,56.72,1080.1775,-55045.53,1.22
8742,49.4,1013.942,-53510.93,1.07
8743,53.04,1015.6733,-47216.73,1.44
8744,52.72,979.7413,-44760.79,1.32
8745,44.68,1025.4084,-43462.15,2.41
8746,51.56,1065.9888,-50030.33,1.12
8747,54.36,1045.8714,-51358.47,1.42
8748,41.96,1027.7932,-47470.85,1.29
8749,41.04,1038.6571,-55557.37,1.34
8750,43.12,997.5937,-45061.01,1.39
8751,45.32,1010.3382,-43121.41,2.11
8752,41.04,1028.65,-49216.81,1.24
8753,44.12,1038.1815,-37773.68,1.52
8754,57.36,1012.8385,-61005.61,1.26
8755,52.84,1090.6232,-57742.29,1.17
8756,56.72,1067.7842,-50375.6,2.38
8757,48.24,1008.3844,-49088.49,1.24
8758,58.16,1062.788,-53633.09,1.3
8759,48.56,1046.9069,-51989.71,1.47
8760,45.08,1055.4713,-57531.24,1.32
8761,36.0,1023.8246,-45142.41,2.1
8762,54.52,1074.31,-46032.36,1.29
8763,42.6,1014.8361,-53274.57,0.8
8764,62.64,1052.2541,-45943.06,1.39
8765,56.24,1035.2996,-45831.98,1.49
8766,35.68,1030.5331,-53149.14,2.18
8767,43.8,1007.2202,-53152.29,1.28
8768,58.88,989.1699,-40867.26,1.35
8769,43.92,1007.1297,-51224.69,1.25
8770,50.48,1032.1267,-45401.51,1.33
8771,49.16,1023.3962,-55057.74,2.18
8772,58.12,1019.574,-45288.92,1.47
8773,56.08,1022.9822,-45214.01,1.6
8774,34.08,998.5251,-53147.86,1.23
8775,48.04,1042.4604,-43850.96,1.28
8776,55.44,1041.8324,-41587.81,2.31
8777,54.52,1100.2327,-48877.63,1.41
8778,41.96,1025.9604,-39413.2,1.47
8779,37.56,1042.9303,-49431.0,1.32
8780,48.96,1057.5146,-44117.67,1.25
8781,24.52,1009.617,-53465.21,1.99
8782,46.92,1051.4866,-59453.83,1.31
8783,44.64,992.7128,-50819.8,1.23
8784,51.88,1029.9844,-51406.27,0.66
8785,45.64,1028.0856,-47243.57,1.34
8786,46.84,1028.8674,-41449.32,2.15
8787,29.72,1037.2974,-59423.45,1.17
8788,68.12,1035.4272,-45102.51,1.31
8789,42.36,1017.701,-39493.67,1.37
8790,54.96,998.1908,-45032.65,1.41
8791,39.28,1000.2124,-57148.1,1.23
8792,48.0,1059.5718,-40333.65,1.35
8793,46.52,1036.9988,-43645.74,1.41
8794,52.68,1011.5547,-39287.69,1.37
8795,59.32,1019.2278,-53273.69,1.33
8796,38.0,1011.9778,-45162.11,1.25
8797,55.84,1030.874,-39596.94,2.29
8798,34.52,1003.7384,-53073.92,1.1
8799,53.08,1057.0714,-37990.03,1.32
8800,51.04,1037.3074,-47544.47,1.34
8801,51.28,1032.5896,-41692.68,1.41
8802,53.52,1017.1269,-51209.82,2.05
8803,41.44,1027.766,-51342.95,1.12
8804,42.68,1025.7074,-49343.85,1.31
8805,40.12,992.7898,-54753.86,1.41
8806,49.32,1035.9103,-53556.95,0.78
8807,47.88,1127.9548,-44712.47,2.15
8808,52.72,1025.5366,-51213.91,1.32
8809,35.68,1038.8869,-47584.91,1.34
8810,54.52,998.7043,-44905.71,1.43
8811,43.92,1119.7939,-44950.05,1.38
8812,50.36,980.8759,-46721.67,2.04
8813,43.08,1051.8135,-45529.61,1.36
8814,60.32,1041.2898,-45550.54,1.36
8815,54.44,1024.8726,-49457.41,1.27
8816,57.88,1028.0342,-61391.44,1.27
8817,46.72,1035.9907,-45414.29,2.37
8818,51.08,1003.915,-51027.39,1.27
8819,34.72,1018.854,-55129.9,1.29
8820,39.48,1036.6435,-47516.57,1.56
8821,52.56,1035.7032,-51252.45,1.34
8822,54.8,1027.1444,-45727.03,2.23
8823,49.44,1030.7992,-39751.4,1.34
8824,40.04,984.2311,-54874.32,1.36
8825,50.04,993.1796,-49207.71,1.39
8826,47.92,1058.8062,-47537.5,1.23
8827,40.08,1023.0647,-57149.87,1.64
8828,48.16,1010.818,-49273.21,1.37
8829,56.12,1050.3965,-51610.77,1.3
8830,44.84,1047.8826,-45427.78,1.3
8831,52.16,1084.4547,-47503.97,1.33
8832,57.68,1008.3931,-51027.58,1.27
8833,44.88,1081.4672,-48656.94,1.36
8834,55.88,1065.4484,-49772.74,1.36
8835,45.96,1117.4616,-43272.09,1.4
8836,42.28,1069.9895,-48092.2,1.46
8837,61.28,1081.2646,-46783.22,1.44
8838,44.64,1019.9273,-49244.3,2.12
8839,44.96,998.2728,-52993.35,1.25
8840,45.76,1021.6782,-49651.2,1.25
8841,56.08,1062.9412,-41901.76,1.42
8842,47.68,1085.7554,-58098.72,1.28
8843,50.04,1051.3679,-43701.1,2.34
8844,31.44,1040.9775,-47628.97,1.23
8845,40.12,1023.1697,-49243.18,1.37
8846,29.76,1013.2498,-49295.25,1.34
8847,46.24,1013.8047,-53111.3,1.4
8848,41.92,1027.5506,-41168.81,1.71
8849,44.2,1048.6625,-48114.91,1.3
8850,59.48,1092.5123,-50269.38,1.27
8851,45.36,1032.0836,-51717.15,1.27
8852,34.52,1057.8332,-38398.25,1.41
8853,46.16,998.0681,-40981.29,2.6
8854,30.24,1016.7034,-53211.73,1.24
8855,41.64,1017.1865,-45231.96,1.44
8856,58.28,1055.9206,-49546.54,1.36
8857,50.6,1051.5343,-47679.32,1.43
8858,60.8,1036.1461,-47730.75,2.12
8859,37.96,1050.9314,-42017.68,1.3
8860,57.24,1124.5706,-47421.98,1.25
8861,50.32,1046.649,-45664.41,1.4
8862,38.84,1060.6602,-43387.69,1.35
8863,48.0,976.7459,-46683.71,2.28
8864,25.52,999.6946,-58953.62,1.23
8865,61.0,1082.2354,-52256.58,1.27
8866,59.92,1041.0613,-53468.12,1.36
8867,52.28,1078.168,-44227.61,1.14
8868,51.84,1031.4523,-49219.7,1.82
8869,53.0,1050.0546,-45361.3,1.19
8870,55.44,1037.6415,-49152.87,1.29
8871,49.76,1009.6008,-51272.97,1.17
8872,42.24,1025.0398,-47261.56,1.4
8873,59.28,1063.6617,-45624.0,2.35
8874,30.84,1034.4181,-45202.69,1.32
8875,44.84,1078.5002,-45745.32,1.58
8876,58.52,1024.6204,-47462.68,1.42
8877,44.92,974.966,-48743.33,1.37
8878,45.2,1051.8656,-55991.54,1.42
8879,48.84,1034.4313,-43446.43,2.07
8880,40.72,1002.439,-56929.31,1.34
8881,35.2,1074.8051,-43935.85,1.48
8882,40.36,1009.6781,-51290.58,1.44
8883,63.56,991.1161,-48895.13,1.32
8884,49.28,1038.934,-51253.78,2.23
8885,54.6,1024.157,-51453.08,1.34
8886,42.04,1042.597,-51344.24,1.44
8887,50.84,1046.162,-57388.73,1.3
8888,30.88,995.3724,-42863.44,1.29
8889,38.6,1013.1366,-47295.95,1.53
8890,62.92,1090.3282,-52379.43,1.03
8891,43.24,1044.1448,-45944.62,1.48
8892,55.92,1047.7785,-51554.77,1.27
8893,35.72,1070.4465,-49896.31,1.56
8894,50.24,1091.3525,-51540.0,2.06
8895,61.32,1016.8608,-51153.89,1.29
8896,47.64,1023.5265,-53247.0,1.28
8897,44.92,998.8756,-55213.93,1.37
8898,46.16,1101.5836,-44421.06,1.45
8899,58.8,1047.3338,-51488.95,2.23
8900,47.92,1029.9555,-55288.24,1.18
8901,50.32,1022.7283,-41372.35,1.31
8902,30.4,1022.3491,-43198.05,1.33
8903,43.68,1016.5571,-45275.83,1.31
8904,47.32,1049.7932,-42052.52,2.34
8905,43.84,1009.7429,-55372.86,1.39
8906,55.6,1031.6313,-37821.65,1.46
8907,37.72,1085.1124,-60117.71,1.37
8908,64.24,1013.1896,-51283.09,1.41
8909,48.04,1024.3307,-39411.3,2.29
8910,47.88,1025.3108,-44991.27,0.68
8911,40.16,1077.7605,-51864.87,1.51
8912,50.4,1024.9755,-49165.59,1.4
8913,41.8,1067.5876,-40439.68,1.49
8914,37.44,1063.6907,-55860.81,2.04
8915,46.16,1004.1326,-50946.03,1.29
8916,54.36,1024.3432,-53414.36,1.19
8917,44.52,1008.0548,-47083.04,1.29
8918,54.64,1020.1498,-51252.67,1.48
8919,45.48,1012.7805,-47218.88,1.51
8920,56.28,1067.8326,-48178.51,1.27
8921,46.48,1031.1894,-47496.91,1.36
8922,40.52,1003.5488,-42814.92,1.49
8923,51.04,1076.8778,-47970.42,1.3
8924,50.2,1020.2679,-55561.73,1.46
8925,54.48,1027.199,-49638.76,2.43
8926,57.76,1050.5111,-45498.45,1.34
8927,41.96,1028.0568,-37228.57,1.36
8928,58.92,1023.1408,-47217.1,1.42
8929,52.24,1041.8245,-45805.04,1.48
8930,36.28,1021.4083,-41163.14,1.84
8931,40.8,1019.4879,-45335.2,1.4
8932,43.8,1022.0819,-51276.34,1.36
8933,44.12,1026.6635,-47792.19,1.37
8934,49.8,1029.9597,-53377.53,1.37
8935,51.08,993.9091,-36955.58,2.33
8936,56.44,1019.8156,-47422.93,1.26
8937,43.44,1047.1094,-49662.65,1.21
8938,59.92,1187.7522,-56601.47,1.42
8939,42.4,1056.8794,-42054.21,1.41
8940,40.16,1021.2356,-47191.13,2.26
8941,42.48,1088.8682,-51768.63,1.31
8942,47.92,1055.7557,-49463.13,1.42
8943,56.16,1040.7028,-49036.73,1.47
8944,45.04,1034.4821,-47338.27,1.28
8945,47.8,1056.9394,-45933.38,2.31
8946,34.2,1046.4682,-57182.06,1.22
8947,58.36,1101.2462,-48348.62,1.3
8948,51.04,1021.336,-44986.09,1.36
8949,51.12,1047.1592,-53780.1,1.14
8950,48.36,1042.7026,-57321.8,2.39
8951,50.4,1069.6152,-52176.64,0.71
8952,51.88,1051.312,-50030.34,1.42
8953,42.72,1019.7143,-47097.0,1.27
8954,52.48,985.7689,-55053.26,1.25
8955,50.2,1006.1581,-55053.22,2.59
8956,43.52,1001.1303,-45032.15,1.36
8957,54.48,1027.9496,-47550.99,1.41
8958,52.84,1029.5519,-55433.48,1.36
8959,44.64,1070.9757,-42349.05,1.35
8960,38.16,1040.9017,-49426.5,1.32
8961,52.48,1044.8599,-51395.31,1.22
8962,51.28,1006.7311,-39016.9,1.29
8963,55.6,1049.1144,-47296.57,1.53
8964,45.96,994.1014,-44902.95,1.28
8965,50.24,985.5075,-46797.59,1.22
8966,38.16,1040.6861,-41738.2,2.6
8967,47.68,993.8445,-44939.37,1.29
8968,59.68,1030.412,-47454.26,1.34
8969,45.84,1023.8437,-49317.26,1.39
8970,45.52,1020.4303,-43300.06,1.36
8971,41.0,1015.05,-47189.69,1.7
8972,41.76,1027.5024,-50972.0,1.33
8973,43.72,1017.0085,-47190.69,1.49
8974,38.72,995.3667,-51010.31,1.29
8975,53.04,999.4002,-49028.11,1.46
8976,59.8,1042.5348,-55617.54,2.24
8977,53.76,1104.5119,-48335.22,1.47
8978,29.84,1030.6672,-53187.53,1.27
8979,47.76,1031.9997,-53215.76,1.41
8980,46.44,1027.3381,-47121.44,1.3
8981,41.16,1014.5606,-57185.64,2.18
8982,55.04,1033.2234,-49435.03,1.24
8983,48.32,1084.0841,-49777.78,1.31
8984,41.6,1034.8671,-53450.37,1.49
8985,33.6,1008.3759,-47250.03,1.51
8986,50.08,1023.339,-45333.01,2.37
8987,46.44,1017.0696,-47119.24,1.39
8988,62.24,991.6491,-44888.92,1.31
8989,59.0,1146.7232,-52600.35,1.16
8990,36.64,1026.3622,-51463.27,1.4
8991,51.52,1033.6972,-53614.71,2.38
8992,50.2,1043.3294,-51427.31,0.6
8993,47.2,1097.7514,-53953.7,1.3
8994,53.92,1017.1604,-47344.44,1.41
8995,50.36,1069.7688,-44298.48,1.42
8996,45.68,1000.6027,-51047.99,2.46
8997,48.68,1008.8018,-45297.38,1.36
8998,50.4,1035.8092,-39741.02,1.46
8999,57.56,1019.3208,-53036.98,1.17
9000,52.84,1034.1794,-49626.93,1.38
9001,47.2,1003.5219,-45088.9,2.4
9002,50.36,1085.3303,-58116.46,1.3
9003,50.08,1047.6587,-47747.48,1.43
9004,46.36,1123.5952,-46668.23,1.35
9005,52.16,1016.7266,-43205.54,1.47
9006,57.52,1046.6442,-53493.51,1.41
9007,45.28,1040.9081,-53623.35,2.38
9008,37.64,1040.2731,-57765.97,1.36
9009,37.48,997.471,-52915.47,1.25
9010,55.48,1071.286,-45780.59,1.47
9011,48.16,1066.4536,-47881.69,1.4
9012,39.96,1020.6351,-45020.1,1.75
9013,44.88,1011.214,-49159.27,1.3
9014,47.32,1044.6387,-45431.0,1.49
9015,46.96,1004.5359,-45324.48,1.3
9016,39.6,1006.8095,-52995.2,1.36
9017,53.64,1037.3628,-51357.58,2.46
9018,52.84,1079.375,-48419.01,1.36
9019,50.0,1045.2422,-53929.93,1.16
9020,52.84,1007.3359,-56956.23,1.21
9021,31.56,1040.5522,-45856.97,1.3
9022,45.24,1022.3427,-41208.64,2.31
9023,37.64,990.1903,-50948.35,1.23
9024,53.68,1071.1986,-36381.8,1.44
9025,46.44,1034.4549,-45706.55,1.4
9026,47.08,1040.9887,-49824.76,1.3
9027,47.64,998.7381,-51028.96,2.25
9028,50.12,1021.4464,-49165.94,1.29
9029,45.0,1109.7932,-50325.85,1.57
9030,62.84,1111.3314,-52383.35,1.27
9031,45.2,1032.3875,-47629.25,1.16
9032,39.72,989.5076,-50728.3,2.53
9033,55.44,1078.0077,-50048.77,0.7
9034,46.28,1006.5857,-47036.67,1.4
9035,48.6,1006.5317,-40925.91,1.39
9036,64.32,1026.9444,-47449.29,1.34
9037,46.56,1033.4792,-49612.17,2.54
9038,57.44,1007.1235,-45123.03,1.28
9039,44.0,998.2588,-44950.15,1.37
9040,43.72,1036.338,-47331.34,1.4
9041,53.4,1028.9607,-45306.74,1.25
9042,53.2,1002.3588,-46872.39,2.29
9043,43.68,1045.2805,-48087.72,1.39
9044,43.88,993.0859,-46916.53,1.33
9045,45.52,1024.312,-55720.09,1.37
9046,51.96,1067.3824,-55197.01,1.04
9047,49.92,1053.1279,-47893.04,1.31
9048,49.28,1042.7878,-47438.12,1.2
9049,46.4,1030.7364,-43297.34,1.45
9050,50.44,1038.8063,-45499.82,1.45
9051,47.56,1031.5773,-45811.09,1.2
9052,41.0,1072.6895,-45893.75,1.45
9053,36.52,1107.514,-44630.52,2.49
9054,43.84,1021.2382,-47399.19,0.74
9055,55.64,1048.5986,-49424.32,1.34
9056,42.72,1020.5597,-45170.07,1.29
9057,55.4,1012.9662,-55342.12,1.39
9058,54.76,1015.8688,-45238.71,2.2
9059,45.76,1016.6273,-53348.27,1.33
9060,51.52,1026.2893,-57316.4,1.53
9061,44.64,1028.7341,-47446.87,1.51
9062,43.64,1010.6916,-45218.53,1.43
9063,44.68,1053.0193,-45781.13,2.56
9064,42.28,990.2247,-44942.26,1.27
9065,62.44,1009.9638,-52964.22,1.41
9066,39.08,1022.8943,-45445.04,1.35
9067,57.88,1036.0841,-45641.79,1.31
9068,41.64,1032.0671,-41450.52,2.44
9069,47.32,1050.4362,-51820.9,1.3
9070,49.72,1018.6202,-45177.58,1.3
9071,43.44,1020.9948,-51140.42,1.46
9072,39.08,1002.9718,-49051.25,1.41
9073,47.12,1073.6121,-49843.32,2.31
9074,51.84,1040.5668,-47843.13,0.52
9075,40.68,1035.261,-53327.89,1.28
9076,59.56,985.8449,-44803.91,1.31
9077,50.76,1001.201,-53074.62,1.38
9078,54.84,1037.0034,-55229.15,2.2
9079,56.36,1080.9053,-48134.61,1.34
9080,31.44,1025.6917,-49387.16,1.33
9081,44.64,1047.3847,-43590.47,1.35
9082,50.84,1046.1437,-45710.12,1.36
9083,53.16,1042.8634,-51582.68,2.18
9084,50.44,1025.8505,-43478.31,1.28
9085,42.12,1021.8659,-45307.17,1.33
9086,36.92,1042.521,-43331.99,1.44
9087,58.0,1038.0976,-51472.71,1.35
9088,59.4,988.8166,-40765.54,1.6
9089,46.08,1106.6812,-46459.75,1.36
9090,42.24,1032.3045,-47702.45,1.29
9091,42.0,1076.8006,-53893.62,1.41
9092,44.52,1042.6863,-41947.19,1.46
9093,60.24,1073.1128,-42258.06,1.32
9094,48.92,1084.841,-44255.22,2.15
9095,58.12,1044.655,-43723.43,0.65
9096,38.88,1025.7003,-43666.29,1.44
9097,47.52,1005.122,-41110.3,1.41
9098,49.44,1031.5962,-35793.63,1.38
9099,57.92,1064.6683,-46297.89,2.1
9100,55.44,1058.4755,-47807.46,1.26
9101,48.48,1115.4135,-50018.95,1.3
9102,47.96,1028.5602,-47562.3,1.44
9103,39.28,1045.7127,-43768.82,1.46
9104,50.24,1026.2591,-49323.11,2.02
9105,51.6,1019.8145,-53038.3,1.27
9106,48.44,995.0273,-59022.84,1.33
9107,46.88,1008.3194,-48997.53,1.5
9108,43.8,1068.3443,-46442.61,1.69
9109,50.28,1054.5011,-47660.73,2.44
9110,48.88,1080.3293,-46215.46,1.29
9111,52.44,1015.7832,-53508.58,1.37
9112,47.44,1053.8678,-51504.21,1.43
9113,45.76,1022.8045,-45499.88,1.33
9114,43.64,1008.1598,-50927.52,2.11
9115,54.84,1012.7276,-43231.08,1.22
9116,36.72,986.1152,-44772.65,0.57
9117,37.04,1054.4038,-49535.04,1.43
9118,54.08,1036.7664,-47528.16,1.32
9119,32.92,1026.8929,-49502.58,2.27
9120,38.44,1045.1278,-43591.04,1.34
9121,49.92,1014.6778,-51312.83,1.42
9122,59.6,1027.5059,-52962.32,1.27
9123,29.92,1004.504,-52790.72,1.43
9124,55.48,1059.8689,-50031.86,2.21
9125,39.96,1033.6658,-55203.44,1.16
9126,45.8,1033.2108,-45480.92,1.28
9127,41.52,1043.8736,-43632.31,1.49
9128,35.6,989.6074,-52887.44,1.46
9129,44.84,1074.3814,-44432.09,2.36
9130,60.84,995.0262,-48970.48,1.22
9131,33.4,1017.6642,-41279.29,1.37
9132,49.84,1028.1995,-45262.04,1.49
9133,45.96,1042.0917,-47756.3,1.48
9134,33.12,1066.9169,-55508.54,1.42
9135,41.4,1098.2452,-45013.45,2.24
9136,50.2,1006.9793,-45292.96,0.71
9137,53.64,1014.1501,-41003.4,1.36
9138,45.16,1008.0468,-50947.56,1.32
9139,45.12,1089.0272,-49883.24,1.36
9140,52.76,1023.9787,-49191.66,2.04
9141,52.16,1031.5692,-39455.18,1.2
9142,52.76,1017.4268,-51112.9,1.4
9143,48.64,1018.3604,-55198.25,1.22
9144,53.44,1050.5869,-61535.93,1.38
9145,52.2,1085.6878,-45942.58,2.22
9146,44.92,998.9866,-49008.24,1.28
9147,57.88,1024.9577,-47541.87,1.51
9148,61.28,1050.4122,-55560.34,1.33
9149,47.72,1059.7609,-53776.42,1.41
9150,51.16,1111.7146,-48683.02,1.98
9151,56.04,1007.4224,-41195.98,1.33
9152,47.2,1049.872,-45848.68,1.4
9153,45.32,1093.584,-56519.02,1.15
9154,58.52,1029.4404,-51532.53,1.31
9155,51.96,1047.5068,-51558.51,2.38
9156,30.72,1007.8933,-45346.82,1.5
9157,52.44,1040.4138,-41451.23,1.34
9158,39.84,1050.8201,-55250.82,0.79
9159,47.44,1019.0581,-46964.62,1.43
9160,43.0,1021.9466,-47484.34,2.32
9161,49.0,1035.2518,-53112.17,1.23
9162,43.12,1022.4482,-49658.08,1.3
9163,56.56,1017.2462,-55357.9,1.42
9164,46.6,984.4035,-46669.81,1.28
9165,53.32,1030.3772,-51262.55,2.35
9166,42.6,1018.9587,-47146.61,1.28
9167,37.32,1009.2746,-51158.48,1.5
9168,53.12,1029.1504,-43362.22,1.35
9169,51.88,1037.0884,-37280.18,1.36
9170,34.6,1015.054,-41199.63,2.29
9171,48.88,1047.9824,-55513.64,1.33
9172,57.64,1054.6196,-47628.14,1.31
9173,56.48,1101.0127,-50057.73,1.35
9174,64.28,1063.679,-49910.45,1.51
9175,29.96,991.8787,-49027.68,1.3
9176,49.92,1058.7339,-39752.66,1.31
9177,57.92,1038.1231,-55346.7,1.16
9178,59.88,1059.0388,-44175.85,0.84
9179,38.8,990.5522,-54946.82,1.37
9180,58.36,1094.8044,-50344.08,1.34
9181,43.32,1010.3438,-43319.46,2.41
9182,41.92,1034.0433,-53735.64,1.23
9183,64.6,1033.8958,-45387.01,1.34
9184,45.72,1003.9484,-59000.17,1.34
9185,45.44,1015.7995,-47271.76,1.36
9186,52.52,1031.8859,-45650.91,2.52
9187,49.88,1006.0871,-45201.32,1.36
9188,48.6,1020.9309,-49355.34,1.33
9189,35.8,1033.28,-49457.57,1.2
9190,52.84,1004.6269,-53053.45,1.38
9191,54.28,1009.7696,-45133.59,2.41
9192,48.28,1041.7313,-49669.99,1.26
9193,55.04,1007.8074,-41211.48,1.39
9194,55.72,1027.883,-51254.91,1.37
9195,60.16,1031.8106,-45412.54,1.41
9196,56.6,1052.3546,-51686.37,2.5
9197,47.6,1045.4941,-51156.16,1.42
9198,53.36,1045.279,-39900.35,1.33
9199,46.48,1022.9726,-53064.38,0.68
9200,51.28,1028.2893,-51432.99,1.27
9201,48.8,1048.0009,-41817.18,2.32
9202,48.44,1007.5202,-45167.4,1.33
9203,53.16,1015.7773,-57057.2,1.57
9204,51.76,1027.583,-41394.91,1.38
9205,49.4,1131.0957,-43498.15,1.38
9206,41.4,999.4221,-51058.41,2.52
9207,38.56,1054.1378,-45810.73,1.43
9208,44.04,1038.3366,-55513.5,1.52
9209,55.72,1046.1646,-53150.97,1.25
9210,44.44,997.5527,-44946.11,1.36
9211,47.16,1031.7684,-43459.14,2.35
9212,51.8,1059.2426,-41852.43,1.35
9213,49.44,1023.2184,-49424.76,1.4
9214,48.76,1027.0031,-51407.0,1.31
9215,52.8,1068.3244,-42040.75,1.47
9216,47.88,993.2974,-51014.23,1.44
9217,47.48,1048.0393,-45723.42,1.31
9218,53.92,1024.8623,-46977.84,1.28
9219,42.88,1049.4938,-43832.75,0.7
9220,51.64,1045.9748,-51675.4,1.29
9221,59.64,1020.4094,-53272.21,1.37
9222,42.56,1022.3221,-47387.31,2.36
9223,43.8,1027.0977,-41461.72,1.4
9224,52.36,1037.0132,-42069.45,1.49
9225,54.92,1092.1861,-54031.88,1.4
9226,50.68,990.5991,-38912.11,1.48
9227,43.52,1006.6086,-43193.37,2.11
9228,33.76,994.6018,-45028.63,1.19
9229,42.32,992.4996,-42854.97,1.41
9230,50.68,1067.3986,-46114.13,1.31
9231,52.6,1097.2743,-54211.45,1.29
9232,52.28,1020.5511,-43332.65,2.25
9233,36.12,1057.5048,-47743.55,1.22
9234,26.36,1041.609,-51779.25,1.29
9235,45.72,1016.7444,-43252.57,1.33
9236,52.32,1071.6852,-51810.27,1.41
9237,53.24,1054.9036,-47671.83,2.24
9238,60.08,1000.3259,-48940.23,1.3
9239,41.32,1076.9135,-61516.25,1.31
9240,44.6,1034.1424,-43721.95,0.67
9241,41.6,1065.2261,-53870.26,1.39
9242,52.32,1058.5085,-51309.01,2.4
9243,44.48,1075.749,-59556.22,1.21
9244,52.24,1030.5032,-53377.09,1.29
9245,56.24,1015.6816,-39208.61,1.55
9246,39.12,1047.8306,-37624.77,1.5
9247,53.44,1028.9937,-43369.58,2.43
9248,38.48,1045.744,-53076.13,1.26
9249,45.04,1064.6409,-35877.93,1.36
9250,61.56,997.2384,-42857.54,1.4
9251,61.92,1031.7322,-51359.92,1.43
9252,51.8,1027.8279,-55495.94,2.49
9253,44.12,991.5038,-44909.39,1.18
9254,47.32,1021.0801,-45363.37,1.28
9255,51.8,1022.759,-49277.83,1.47
9256,45.68,1042.9341,-47522.86,1.43
9257,35.6,1037.0616,-43612.4,2.35
9258,36.56,1024.3371,-49324.97,1.32
9259,53.28,1049.271,-43931.46,1.33
9260,43.84,1012.2742,-63016.84,0.6
9261,53.76,998.4804,-52976.25,1.41
9262,51.72,1000.4602,-54884.12,1.42
9263,50.88,1037.715,-49705.42,2.03
9264,41.0,1038.3353,-49393.03,1.41
9265,48.64,1008.2105,-47209.69,1.35
9266,69.68,1053.7916,-49747.61,1.41
9267,53.52,1048.2584,-49568.44,1.32
9268,45.04,1047.7406,-57381.66,2.06
9269,39.68,972.1636,-42536.43,1.21
9270,36.28,1019.7114,-55202.88,1.17
9271,49.64,1037.208,-49748.61,1.49
9272,38.76,1068.5096,-55822.77,1.21
9273,39.52,1035.2245,-45259.93,2.18
9274,47.96,1033.9475,-43419.53,1.36
9275,39.2,1016.2602,-45315.37,1.38
9276,52.64,1098.6109,-50103.22,1.39
9277,46.52,1030.3298,-39367.61,1.37
9278,53.88,1065.2356,-53542.12,2.21
9279,53.44,1014.1709,-47256.57,1.35
9280,37.08,1002.2752,-51017.1,1.4
9281,45.64,1024.5317,-47474.22,0.77
9282,51.96,1023.0129,-49474.15,1.51
9283,60.24,1010.823,-47069.57,2.16
9284,34.12,1030.2518,-51138.48,1.45
9285,52.96,1033.0209,-37266.53,1.43
9286,53.04,1036.3842,-49731.33,1.41
9287,50.72,1003.8271,-38999.47,1.41
9288,65.84,1020.7007,-47358.55,2.27
9289,50.6,1005.6577,-47088.08,1.24
9290,60.48,1050.5237,-49864.71,1.37
9291,42.28,1034.6154,-43936.4,1.39
9292,42.76,1014.0549,-49093.38,1.44
9293,52.76,1066.4423,-44324.61,2.19
9294,45.84,1027.9554,-43254.73,1.38
9295,61.76,1036.082,-43947.38,1.32
9296,54.84,1040.0973,-49380.68,1.28
9297,41.96,1052.8358,-49739.01,1.26
9298,46.88,988.8176,-56777.92,2.36
9299,55.64,1027.6701,-47132.03,1.45
9300,61.76,1020.1843,-49324.9,1.29
9301,51.96,1018.4728,-59089.16,1.15
9302,41.0,1021.506,-49097.57,0.84
9303,52.32,1032.1392,-47871.74,1.35
9304,50.0,1007.3559,-45275.34,1.43
9305,52.48,1025.6467,-49607.65,1.33
9306,48.92,1040.8442,-55456.4,1.5
9307,40.2,1035.9499,-55583.74,1.22
9308,35.96,1019.0828,-35346.82,1.37
9309,49.72,1041.8911,-55487.25,2.17
9310,55.48,1005.2902,-47120.39,1.36
9311,44.16,1021.7618,-51233.1,1.41
9312,56.24,1029.4566,-51099.25,1.48
9313,41.12,1044.0474,-51502.59,1.32
9314,42.04,1003.2156,-45120.59,2.27
9315,47.44,1010.821,-53045.13,1.21
9316,40.32,999.2298,-50948.46,1.36
9317,51.4,1018.0738,-49387.02,1.36
9318,43.68,1040.9466,-55808.37,1.15
9319,37.52,1007.6203,-53251.25,2.26
9320,55.32,1041.7362,-49588.78,1.22
9321,43.48,1036.6638,-45523.28,1.44
9322,50.04,1058.6111,-42129.04,1.49
9323,54.16,1045.7603,-51471.98,0.62
9324,54.28,1051.5397,-53405.87,2.27
9325,56.68,1020.0498,-51276.77,1.34
9326,54.04,1019.6616,-55304.42,1.36
9327,47.0,1031.912,-45659.91,1.31
9328,55.92,1023.3544,-49007.52,1.2
9329,41.16,1076.0128,-48015.26,2.35
9330,44.48,1026.7585,-57223.4,1.28
9331,41.92,1018.396,-49214.1,1.2
9332,50.52,1083.07,-50589.99,1.38
9333,58.92,997.4021,-52970.79,1.46
9334,44.76,1024.1336,-51318.44,2.2
9335,52.56,1026.0334,-47509.46,1.33
9336,45.56,1004.494,-45127.78,1.26
9337,48.64,1060.9846,-49970.59,1.41
9338,47.28,1012.6342,-49510.36,1.35
9339,52.64,1026.6004,-61421.72,2.22
9340,49.28,1042.0357,-43470.51,1.35
9341,48.76,1044.4772,-49621.92,1.43
9342,54.72,1066.3446,-51959.82,1.4
9343,51.68,1026.9466,-51240.23,1.43
9344,37.2,1022.0275,-39288.06,0.88
9345,40.28,1034.4488,-45577.45,1.42
9346,51.88,1029.9278,-54940.52,1.14
9347,49.84,1052.9797,-46071.37,1.29
9348,42.28,1024.2719,-49156.04,1.38
9349,45.08,1039.6856,-51605.6,1.45
9350,51.96,1098.212,-42617.71,2.32
9351,37.52,1006.2747,-47042.53,1.47
9352,50.32,994.6908,-36818.58,1.45
9353,45.96,1075.9614,-36308.06,1.35
9354,48.28,1054.3208,-53483.69,1.21
9355,47.72,998.5189,-54923.79,2.14
9356,46.64,1038.9788,-51641.22,1.32
9357,41.2,1007.0583,-39252.38,1.42
9358,47.4,1034.0034,-41589.41,1.45
9359,31.76,1027.5886,-45355.44,1.41
9360,44.84,1122.4745,-46719.26,1.99
9361,57.76,1040.2598,-59446.82,1.27
9362,45.64,1020.847,-47238.69,1.48
9363,41.08,1018.0662,-47462.58,1.42
9364,52.96,1011.1283,-61081.51,1.29
9365,38.0,1004.8924,-47091.89,1.5
9366,50.72,1034.773,-51638.59,1.17
9367,51.6,1024.8262,-43239.7,1.33
9368,53.24,1021.7306,-47264.65,1.28
9369,50.52,1049.7705,-45983.2,1.41
9370,32.04,1030.0034,-47326.56,2.23
9371,52.48,1017.0456,-48994.99,1.33
9372,56.92,1028.8511,-55363.0,1.16
9373,44.28,1014.822,-51043.15,1.34
9374,55.64,1082.5561,-48289.34,1.36
9375,57.64,1006.8717,-49105.42,2.21
9376,45.36,1022.588,-51244.47,1.29
9377,50.24,1025.5447,-57301.11,1.31
9378,43.16,1044.2492,-47628.52,1.34
9379,42.04,1010.7578,-57132.14,1.43
9380,55.72,1062.5931,-50066.09,2.13
9381,53.32,1034.4256,-47346.99,1.41
9382,43.52,1053.1991,-42098.6,1.33
9383,44.08,1045.7298,-47856.21,1.53
9384,41.52,997.271,-46966.61,1.37
9385,46.76,1033.7336,-37764.45,1.72
9386,55.36,1023.1084,-53107.47,1.11
9387,53.8,1006.3962,-42888.89,1.51
9388,44.12,1011.6236,-47255.33,1.35
9389,53.0,1058.8722,-46281.21,1.5
9390,36.48,1098.6095,-46371.85,1.44
9391,39.28,1004.6918,-49142.28,2.15
9392,43.24,996.7586,-39005.85,1.25
9393,49.16,1044.1497,-43495.06,1.49
9394,46.8,1007.333,-45232.52,1.37
9395,42.8,1032.3591,-41406.25,1.27
9396,56.04,1046.3625,-43581.43,2.27
9397,51.08,1092.4247,-57692.27,1.17
9398,35.92,1091.0745,-54780.75,1.31
9399,53.16,1023.6176,-39184.42,1.39
9400,54.52,1049.118,-55465.47,1.33
9401,62.08,1033.9312,-51302.23,2.0
9402,52.68,1035.6131,-47480.57,1.22
9403,45.72,1029.4686,-45280.0,1.48
9404,56.24,1061.0174,-51933.21,1.36
9405,45.0,1063.9818,-57696.69,1.26
9406,39.36,1028.7156,-45368.87,1.65
9407,56.52,1044.0733,-49498.89,1.21
9408,63.44,1061.0746,-42300.09,1.4
9409,40.6,1032.3354,-47679.75,1.38
9410,59.24,1006.838,-51070.77,1.38
9411,49.4,1040.1398,-47489.5,2.27
9412,52.24,1064.1374,-59129.41,1.27
9413,47.44,1036.4672,-49486.27,1.26
9414,50.6,1005.4018,-43169.67,1.45
9415,39.8,1076.545,-52207.03,1.32
9416,63.44,1039.5832,-55651.78,2.38
9417,59.04,1014.0849,-51279.86,1.32
9418,43.92,1064.9183,-37864.21,1.45
9419,47.84,1046.3657,-43810.08,1.42
9420,59.44,1024.1702,-53165.08,1.43
9421,53.84,1045.0331,-46231.56,2.39
9422,49.8,1020.6807,-39316.01,1.38
9423,49.64,1009.1101,-53116.07,1.57
9424,57.0,1024.5478,-49475.63,1.47
9425,43.16,1017.3668,-45183.9,1.53
9426,52.68,1021.949,-51199.56,1.61
9427,39.88,1001.9951,-49122.45,1.3
9428,52.52,1035.0764,-53469.86,1.35
9429,47.72,1006.9361,-43403.74,1.43
9430,41.56,1032.2884,-47152.52,1.32
9431,55.44,1018.9389,-47312.33,1.42
9432,61.56,1032.6668,-47066.83,1.22
9433,52.2,1053.0124,-47503.61,1.39
9434,58.6,1034.9728,-51535.07,1.22
9435,36.12,971.2593,-48683.32,1.31
9436,54.92,1025.7587,-53038.28,1.28
9437,53.64,1036.9834,-45701.64,2.49
9438,42.64,1042.6683,-49608.14,1.19
9439,51.04,1004.3816,-53077.32,1.46
9440,49.24,1022.5242,-47286.3,1.38
9441,56.84,1082.676,-49730.44,1.47
9442,54.36,1084.7652,-54473.74,2.62
9443,50.44,1032.294,-47542.52,1.57
9444,52.8,1038.6654,-37492.74,1.9
9445,49.88,1037.2,-47651.53,1.2
9446,46.8,1055.5881,-37740.79,1.5
9447,48.2,1029.8468,-43493.05,1.51
9448,38.8,1071.7436,-50293.44,1.5
9449,52.8,1052.984,-45625.95,1.37
9450,53.24,1073.3051,-49488.62,1.23
9451,41.48,1016.8577,-57317.15,1.28
9452,56.28,1054.2901,-45675.43,2.21
9453,49.16,1176.9962,-47341.97,1.37
9454,56.08,1028.2019,-43476.41,1.4
9455,48.56,1033.9001,-51339.95,1.42
9456,48.28,1079.2466,-44180.09,1.45
9457,55.84,1050.3338,-51283.49,2.25
9458,61.76,1130.7961,-54495.14,1.32
9459,40.52,1025.2999,-45469.32,1.37
9460,53.08,1078.4964,-48625.14,1.31
9461,39.52,998.1951,-53091.99,1.24
9462,43.92,1066.4087,-36546.5,2.41
9463,43.16,1064.7948,-49954.26,1.33
9464,45.32,1017.2734,-43396.37,1.3
9465,63.24,1002.6457,-55200.42,1.16
9466,43.08,1040.416,-51275.19,1.33
9467,48.0,1026.0546,-47670.99,1.36
9468,33.76,1043.9739,-45812.95,1.36
9469,52.12,1025.9216,-47250.22,1.32
9470,49.68,1069.1863,-56043.26,1.31
9471,40.36,1075.0701,-48035.02,1.4
9472,50.6,1117.5262,-62117.38,1.04
9473,50.24,1095.2397,-46252.99,1.23
9474,56.72,1046.1767,-51629.83,1.3
9475,46.28,1099.7165,-52243.3,1.25
9476,51.16,996.6735,-48926.49,1.38
9477,56.64,992.1402,-42959.42,1.52
9478,37.92,1035.4725,-43189.67,2.17
9479,36.72,1073.7644,-46084.55,1.42
9480,49.8,1035.619,-49647.09,1.29
9481,47.68,1089.8574,-40993.06,1.53
9482,47.2,1085.6031,-40200.69,1.42
9483,53.68,1062.4391,-39697.63,2.21
9484,47.16,1028.2264,-45356.09,1.45
9485,52.44,1043.7683,-47571.58,1.37
9486,43.16,1033.9259,-63457.69,1.44
9487,50.76,1046.8246,-57265.79,1.37
9488,56.84,1013.1243,-40984.66,1.57
9489,52.28,1003.834,-49181.29,1.38
9490,36.72,1017.7822,-51213.21,1.29
9491,44.84,1038.8619,-47452.21,1.45
9492,58.24,1005.7542,-61130.46,1.21
9493,52.32,1095.7051,-44637.01,2.22
9494,35.96,1034.7301,-47431.4,1.26
9495,48.96,1024.2987,-53320.14,1.33
9496,56.8,1051.5536,-55599.42,1.49
9497,40.12,1066.0262,-45700.56,1.42
9498,43.44,1039.1207,-53312.11,2.18
9499,61.48,997.7354,-47144.08,1.28
9500,42.28,1028.6696,-43138.21,1.47
9501,45.56,1063.349,-49488.38,1.54
9502,42.68,1019.1917,-61258.22,1.4
9503,56.64,990.8289,-46909.39,2.29
9504,51.92,1042.6203,-43655.13,1.38
9505,41.76,1048.2026,-51392.53,1.31
9506,41.32,1041.0933,-47475.28,1.45
9507,47.64,1028.0333,-41566.4,1.38
9508,61.92,1055.6188,-43999.4,2.17
9509,46.84,1040.4627,-47889.53,0.6
9510,48.08,1067.7221,-47699.67,1.21
9511,35.52,1020.6589,-46972.84,1.42
9512,54.16,1015.4497,-45248.1,1.36
9513,66.12,1016.5547,-47204.1,2.24
9514,47.52,1011.4828,-51022.49,1.28
9515,52.92,1037.1893,-45573.93,1.38
9516,54.24,1016.9858,-55405.71,1.45
9517,45.2,998.9454,-49071.37,1.32
9518,52.08,1024.5769,-51477.18,1.27
9519,45.6,1068.3206,-44062.47,2.14
9520,43.04,999.8469,-45158.87,1.41
9521,26.56,1005.2994,-55302.99,1.35
9522,28.2,1007.1449,-53026.17,1.37
9523,58.16,1286.0284,-54586.95,1.19
9524,50.28,1015.6522,-51251.21,2.27
9525,37.0,1086.8012,-57460.92,1.23
9526,49.64,1025.2275,-49583.88,1.38
9527,61.28,1062.4026,-55686.36,1.39
9528,51.8,1095.0004,-55912.47,1.37
9529,42.36,1085.1076,-54348.38,2.26
9530,45.44,1012.7445,-51179.88,0.68
9531,44.36,1045.9484,-47993.86,1.46
9532,56.84,1026.1535,-43265.2,1.31
9533,63.2,991.7609,-40932.41,1.51
9534,42.0,1045.0203,-55482.05,2.08
9535,32.28,991.8378,-48886.23,1.32
9536,48.8,1021.857,-47275.77,1.28
9537,48.4,1003.8303,-53076.84,1.27
9538,37.88,1034.3994,-51345.75,1.24
9539,47.72,1018.6953,-41319.77,2.2
9540,46.72,1055.3576,-46173.41,1.54
9541,46.4,1011.163,-51022.75,1.47
9542,55.2,1043.4711,-49460.95,1.35
9543,49.08,1040.3753,-43690.99,1.44
9544,56.64,1055.5644,-53315.1,2.26
9545,38.56,1011.6816,-45230.0,1.3
9546,50.64,1040.9269,-47689.52,1.42
9547,64.2,1050.5,-41946.16,1.29
9548,48.96,997.5447,-40906.71,1.43
9549,47.2,1013.6185,-45291.33,2.33
9550,53.96,1020.3108,-45123.23,1.44
9551,37.24,1000.856,-51198.92,0.66
9552,59.2,1000.7862,-36874.0,1.36
9553,40.72,1008.5524,-49067.77,1.14
9554,50.76,1115.9004,-55820.45,2.32
9555,56.24,1036.4373,-43747.77,1.29
9556,50.76,1104.8558,-44739.98,1.44
9557,46.4,1056.4692,-51193.66,1.45
9558,59.84,1039.3975,-47314.69,1.36
9559,44.04,1035.7041,-49582.65,1.32
9560,57.84,989.73,-50918.36,1.34
9561,51.2,998.0297,-50843.66,1.34
9562,50.4,1012.4607,-43202.25,1.27
9563,45.2,1070.6326,-48014.9,1.42
9564,48.64,1019.0836,-49119.26,1.38
9565,50.0,1010.4956,-43199.6,2.26
9566,52.92,1020.3208,-53069.64,1.21
9567,46.72,1064.1329,-43977.77,1.37
9568,48.6,1073.6714,-47928.07,1.42
9569,60.88,1028.9071,-43652.76,1.31
9570,49.72,1048.5062,-53568.12,2.12
9571,52.0,1129.3754,-45013.29,1.28
9572,55.16,1023.1774,-45525.27,0.72
9573,46.24,1022.2093,-45360.27,1.36
9574,56.96,1012.5166,-53123.29,1.35
9575,56.08,1040.7146,-49756.89,2.34
9576,45.4,1031.6376,-54927.73,1.31
9577,50.84,1016.8576,-47332.31,1.35
9578,51.6,1014.2832,-55088.13,1.46
9579,46.76,1057.1451,-37912.53,1.5
9580,44.68,1043.1618,-59542.03,2.33
9581,46.6,1115.0635,-53816.51,1.27
9582,46.84,1026.0406,-41363.27,1.42
9583,54.32,1054.4751,-49605.5,1.32
9584,45.4,1045.8898,-41846.95,1.43
9585,41.12,1002.6427,-47151.71,2.17
9586,53.44,1030.7331,-48969.54,1.41
9587,39.96,1039.5485,-55447.45,1.24
9588,49.8,1025.6256,-51520.05,1.44
9589,30.2,1014.5179,-58929.71,1.25
9590,47.76,1059.5338,-39833.21,2.18
9591,47.36,1007.4767,-49048.62,1.29
9592,57.28,1093.4227,-48329.06,1.22
9593,43.48,1021.7294,-53425.68,0.76
9594,48.44,1015.6645,-49201.7,1.28
9595,51.12,1013.0874,-59091.26,2.08
9596,60.96,1053.4565,-57524.0,1.07
9597,48.68,1020.9217,-43149.44,1.36
9598,47.08,1029.3282,-57152.2,1.24
9599,44.8,1033.1641,-43869.6,1.41
9600,39.04,1027.2743,-50978.2,1.48
9601,48.36,1029.0814,-47559.49,1.28
9602,56.4,1059.9191,-51816.04,1.3
9603,49.92,1022.401,-41556.51,1.45
9604,57.84,1064.295,-45924.92,1.45
9605,38.64,1023.1705,-35516.48,1.45
9606,52.88,998.4819,-42943.29,2.12
9607,51.12,1020.5293,-55356.3,1.23
9608,45.44,1061.6107,-49953.0,1.44
9609,61.4,1002.4932,-46992.67,1.37
9610,46.72,1014.1699,-53074.88,1.29
9611,31.6,981.5757,-46707.07,2.25
9612,47.04,1024.051,-49493.48,1.33
9613,54.72,1063.608,-53984.29,1.3
9614,56.16,1072.5639,-46417.55,0.71
9615,47.72,1047.552,-43417.13,1.37
9616,51.24,1035.6524,-45562.7,2.23
9617,57.84,1051.418,-55241.62,1.27
9618,45.92,1042.2406,-55608.58,1.42
9619,34.08,1000.3612,-55045.8,1.23
9620,45.72,1033.1897,-57149.73,1.46
9621,45.04,1033.6753,-39635.72,2.14
9622,45.4,997.0998,-45044.47,1.3
9623,48.84,1038.8254,-49347.81,1.37
9624,42.72,1021.8416,-45172.24,1.35
9625,32.12,1012.742,-47196.46,1.48
9626,40.64,1038.0381,-45387.28,2.31
9627,46.08,1044.9878,-43884.54,1.39
9628,48.92,1031.1527,-41363.52,1.41
9629,55.64,1007.3234,-51101.81,1.27
9630,51.6,1061.6374,-51568.07,1.44
9631,54.36,994.5532,-40985.45,2.17
9632,53.44,1016.4464,-59128.0,1.23
9633,45.96,1048.5411,-49372.88,1.39
9634,33.44,1012.1625,-49172.25,1.43
9635,58.08,1007.9997,-51112.69,1.41
9636,43.88,1325.246,-55046.7,2.18
9637,47.0,1019.9016,-41413.32,1.33
9638,40.64,1071.749,-59280.26,1.39
9639,36.84,1005.6473,-35136.24,1.65
9640,42.12,1048.2539,-47563.84,1.4
9641,45.56,1006.9425,-49143.25,2.25
9642,52.72,1056.1608,-51723.63,1.32
9643,31.8,987.8844,-52787.53,1.37
9644,56.48,1076.6321,-46327.91,1.45
9645,42.12,1026.6984,-43063.29,1.44
9646,48.56,1016.4736,-47101.13,1.3
9647,44.88,1047.442,-47821.15,2.22
9648,49.72,1047.2146,-41850.72,1.42
9649,44.72,1052.4643,-47591.49,1.44
9650,50.28,1123.3574,-51035.23,1.46
9651,40.48,1015.4962,-53122.55,1.24
9652,47.44,996.1437,-49076.68,2.32
9653,46.72,1007.5856,-46905.73,1.4
9654,53.04,1015.9798,-55382.08,1.15
9655,44.96,1084.451,-43948.94,0.74
9656,43.36,1028.8695,-47268.38,1.35
9657,46.96,1108.0737,-46828.63,2.19
9658,52.2,1019.0892,-55386.39,1.22
9659,41.08,1008.6584,-53273.75,1.58
9660,39.12,1056.9892,-44203.93,1.49
9661,48.48,1026.309,-47731.12,1.42
9662,40.76,1027.3989,-49354.86,2.25
9663,49.16,1046.8224,-43631.49,1.44
9664,46.52,1016.034,-47238.83,1.43
9665,47.36,1042.1712,-47677.55,1.4
9666,43.72,1020.0327,-55382.75,1.37
9667,55.32,1029.6478,-53473.67,2.35
9668,47.32,1059.9012,-47698.14,1.35
9669,44.12,1009.2714,-41122.09,1.38
9670,43.96,1035.092,-41548.96,1.44
9671,50.88,1048.6229,-47841.51,1.53
9672,54.72,1026.4763,-47090.89,2.2
9673,46.12,977.4375,-42685.08,1.34
9674,48.76,1053.3226,-49491.84,1.41
9675,48.6,1044.5797,-47575.68,0.72
9676,46.32,1049.0072,-55708.46,1.39
9677,38.32,1031.7834,-43792.34,2.56
9678,41.68,1053.0423,-39795.61,1.56
9679,47.0,1056.0313,-43750.44,1.36
9680,52.8,1036.2667,-49371.78,1.47
9681,61.44,1031.7121,-51626.23,1.18
9682,50.32,1071.7878,-48196.36,2.49
9683,53.52,1058.9564,-53478.57,1.18
9684,42.52,1034.403,-45515.85,1.39
9685,48.52,1133.4272,-43275.45,1.47
9686,49.16,1054.261,-45710.48,1.41
9687,44.6,981.7481,-52812.32,1.33
9688,39.28,1013.8952,-49057.23,1.14
9689,50.64,1075.462,-51940.54,1.33
9690,36.88,995.5242,-61309.29,1.39
9691,54.84,1024.6369,-39403.12,1.38
9692,57.76,1072.6224,-57768.95,1.18
9693,41.64,1004.1362,-51046.51,2.36
9694,48.08,1202.5909,-55102.72,1.06
9695,51.04,1013.1591,-49099.9,1.46
9696,46.96,1026.1231,-45415.14,0.76
9697,48.16,1015.9167,-49152.0,1.3
9698,47.16,1061.578,-46192.95,2.34
9699,42.68,1058.3514,-53476.34,1.39
9700,49.12,1042.3801,-47613.68,1.42
9701,42.2,1019.9617,-45248.39,1.36
9702,43.48,1022.5861,-52867.78,1.16
9703,56.48,1008.9603,-49244.66,2.37
9704,51.56,1032.475,-51560.47,1.21
9705,49.52,992.4191,-50839.65,1.44
9706,52.16,1048.0045,-47715.9,1.43
9707,45.48,1020.8792,-47593.05,1.31
9708,35.96,1017.2298,-59224.35,2.33
9709,48.8,1002.1638,-49219.8,1.14
9710,43.0,1035.3158,-47559.44,1.43
9711,57.52,1010.3722,-44972.22,1.5
9712,41.88,1062.1596,-47994.75,1.43
9713,47.56,1042.0532,-47755.13,2.42
9714,58.68,1001.904,-46998.76,1.33
9715,54.48,1017.9247,-47148.84,1.41
9716,58.84,1023.5534,-47373.69,0.96
9717,45.52,1048.3342,-53131.78,1.49
9718,44.64,1092.5597,-53538.78,1.99
9719,48.6,1033.3944,-47505.99,1.33
9720,53.68,1144.3255,-48532.34,1.28
9721,48.12,993.1241,-45014.86,1.41
9722,51.0,1000.6014,-51074.15,1.34
9723,44.16,1045.7172,-59150.15,2.38
9724,52.88,1034.1525,-47665.2,1.38
9725,31.6,1039.9821,-49495.05,1.19
9726,59.04,995.6643,-49250.73,1.29
9727,56.2,1043.619,-47519.16,1.32
9728,48.24,1016.0355,-55353.57,1.39
9729,30.68,1054.4402,-53374.89,1.2
9730,43.2,1004.6349,-49169.68,1.34
9731,56.64,1053.3593,-41395.42,1.45
9732,41.68,1049.7682,-55794.27,1.35
9733,47.4,1042.9578,-39668.75,1.46
9734,50.84,1035.8465,-39780.71,2.21
9735,48.04,1041.7639,-49982.62,1.27
9736,30.84,1010.1397,-53096.86,1.31
9737,49.84,1085.4751,-49481.67,0.91
9738,50.76,1034.4672,-47386.51,1.5
9739,42.44,1028.8092,-55584.87,2.09
9740,56.88,1025.9644,-47406.2,1.34
9741,55.76,1026.8265,-43402.67,1.42
9742,46.4,1026.7972,-43232.05,1.35
9743,44.8,1023.9184,-43516.62,1.5
9744,52.76,1038.1495,-43646.52,2.17
9745,54.44,1068.6001,-50537.61,1.11
9746,59.36,1025.1345,-41523.45,1.26
9747,55.24,993.2284,-46989.59,1.41
9748,39.12,988.7703,-52795.46,1.23
9749,52.72,1016.1758,-51280.98,2.23
9750,57.2,1029.3697,-41653.84,1.45
9751,56.8,1047.3194,-42199.03,1.34
9752,40.6,996.8731,-56853.15,1.35
9753,44.8,1071.4911,-46332.25,1.25
9754,45.16,1036.5551,-51728.95,2.2
9755,38.04,1119.343,-58168.54,1.14
9756,48.12,1082.9776,-49766.05,1.46
9757,40.76,1013.9822,-48862.03,1.37
9758,47.68,1058.992,-53950.61,0.67
9759,49.56,1049.82,-47612.65,2.26
9760,58.68,1035.9544,-53322.23,1.22
9761,49.92,979.5945,-46672.71,1.18
9762,48.2,1059.3419,-51865.93,1.57
9763,41.28,1052.167,-56130.49,1.34
9764,49.68,1055.325,-44401.13,2.28
9765,61.72,1024.186,-43467.34,1.22
9766,45.72,1056.7273,-43837.52,1.36
9767,63.56,1049.1312,-45879.32,1.2
9768,72.24,996.9333,-56987.23,1.31
9769,48.12,1042.2188,-41588.39,2.41
9770,48.64,1060.5983,-53459.08,1.26
9771,47.52,1020.1069,-49260.78,1.28
9772,46.92,1023.8531,-51263.36,1.43
9773,38.64,1038.7214,-41462.06,1.39
9774,41.96,1033.4007,-49539.39,1.3
9775,36.12,1028.1297,-49445.03,2.26
9776,48.12,1008.6604,-55371.75,1.25
9777,52.52,1036.2131,-45281.09,1.45
9778,61.44,1026.2242,-47463.97,1.3
9779,46.92,1028.5905,-47333.29,0.79
9780,48.68,1027.3386,-45330.49,2.23
9781,53.48,1030.6423,-45425.09,1.17
9782,47.84,1030.9456,-51487.42,1.35
9783,59.0,1036.4741,-53205.01,1.23
9784,55.44,1024.2986,-45522.69,1.39
9785,51.0,1019.8396,-45384.87,2.07
9786,55.52,1008.4012,-43344.45,1.27
9787,44.12,1036.0967,-53441.68,1.14
9788,58.96,1050.8006,-49301.51,1.37
9789,51.64,1051.787,-36167.23,1.37
9790,35.64,1064.2654,-42071.66,2.19
9791,51.76,1023.9152,-51592.29,1.25
9792,51.64,1027.1294,-43458.95,1.46
9793,53.36,1098.1316,-50117.63,1.38
9794,49.28,1185.7412,-60086.02,1.29
9795,56.96,1059.4187,-43890.37,2.07
9796,43.36,986.7764,-34723.51,1.47
9797,63.8,1056.1527,-47869.16,1.58
9798,50.52,1017.7404,-45423.22,1.41
9799,39.28,1090.6976,-55721.03,1.21
9800,47.12,1091.7151,-48381.01,1.69
9801,53.04,1034.6703,-53498.9,1.19
9802,48.4,1081.8725,-44162.79,1.29
9803,45.04,1047.5904,-45913.27,1.16
9804,32.56,1018.7496,-51075.28,1.47
9805,53.96,1022.1371,-49285.79,2.21
9806,41.96,1009.2067,-51213.83,1.32
9807,41.0,1042.3576,-59651.75,1.52
9808,45.0,1052.8265,-47859.64,1.41
9809,53.76,1093.5358,-54286.43,1.36
9810,33.4,1037.3004,-38976.4,2.18
9811,45.04,1019.2048,-41338.44,1.35
9812,49.2,1012.1605,-47177.59,1.45
9813,39.28,1068.5575,-47931.06,1.43
9814,59.28,1049.5882,-41587.26,1.31
9815,55.04,975.701,-50716.47,1.43
9816,39.2,1022.9862,-51321.46,1.31
9817,52.4,1148.288,-42898.42,1.37
9818,61.04,1041.7117,-48146.15,1.37
9819,57.12,994.6206,-44919.86,1.37
9820,48.0,1030.0026,-53265.05,1.46
9821,44.88,1062.0226,-47423.68,1.81
9822,40.32,1028.2804,-41657.31,1.37
9823,43.32,1032.8606,-57510.41,1.32
9824,55.08,1036.3891,-39745.38,1.43
9825,39.6,1004.7932,-40973.14,1.36
9826,55.24,1026.1299,-55486.69,2.16
9827,37.28,1033.635,-45654.37,1.41
9828,54.64,1061.2186,-47897.31,1.46
9829,45.6,1049.1918,-47930.22,1.4
9830,49.4,1027.6064,-51471.51,1.43
9831,65.36,1044.3108,-65119.88,1.98
9832,54.4,1014.6795,-37163.5,1.34
9833,41.08,1011.9662,-41339.77,1.51
9834,43.44,1063.108,-53597.89,1.29
9835,38.8,1021.2558,-41567.79,1.37
9836,52.92,1190.5984,-55049.76,2.2
9837,51.56,1005.9268,-48792.22,1.24
9838,49.12,1019.3284,-49418.41,1.55
9839,40.92,1023.3225,-59210.11,1.22
9840,61.44,1045.2818,-49669.81,1.43
9841,41.64,1019.3775,-49208.61,1.56
9842,49.04,1031.0692,-55558.48,1.23
9843,53.88,1083.1452,-48371.96,1.28
9844,59.28,1038.7557,-41585.9,1.3
9845,51.92,1022.7917,-51190.41,1.39
9846,57.28,1001.7336,-46936.26,2.11
9847,44.52,989.9523,-54855.85,1.31
9848,54.44,1045.8603,-39803.78,1.37
9849,52.12,1020.9469,-43354.27,1.31
9850,63.0,1068.2756,-40197.15,1.43
9851,40.24,1024.3537,-49549.15,2.21
9852,42.88,999.8044,-56906.41,1.24
9853,54.24,1019.4253,-45228.21,1.41
9854,46.84,1018.896,-46980.99,1.58
9855,47.0,1076.3986,-55763.11,1.22
9856,46.84,1045.5864,-51625.3,1.5
9857,52.6,1028.0248,-41374.19,1.22
9858,40.04,1019.4981,-51248.69,1.35
9859,59.76,1023.338,-47092.43,1.51
9860,42.6,1058.8376,-51684.96,1.42
9861,41.76,1044.5548,-47290.73,1.4
9862,52.6,1020.2327,-59156.21,1.39
9863,46.08,1107.1538,-53524.77,1.2
9864,42.6,992.8613,-50751.13,1.27
9865,44.32,1065.2192,-44268.33,1.28
9866,42.48,1016.9012,-45132.82,1.33
9867,37.68,977.5388,-48823.49,2.24
9868,44.28,1029.7817,-51176.22,1.38
9869,47.72,1034.0189,-47387.54,1.43
9870,39.52,1038.3168,-51179.03,1.4
9871,48.36,1053.4916,-51235.47,1.23
9872,46.36,1024.7448,-50985.1,2.16
9873,62.84,1053.9906,-47863.88,1.41
9874,47.8,1066.6375,-55905.76,1.34
9875,44.4,1019.5759,-41356.85,1.42
9876,55.32,1063.82,-51743.94,1.37
9877,48.0,1010.8675,-53094.59,2.23
9878,41.72,1042.7506,-49517.28,1.43
9879,38.56,1014.8182,-43354.68,1.49
9880,43.32,1102.623,-42676.7,1.38
9881,40.12,1006.2095,-47046.28,1.38
9882,50.48,1001.8052,-51142.71,2.09
9883,48.6,1001.1512,-53208.12,0.57
9884,48.24,1043.8284,-55286.88,1.17
9885,48.4,1026.172,-53065.66,1.4
9886,43.76,1016.9364,-53004.88,1.26
9887,49.92,999.8388,-48974.76,2.11
9888,33.56,1003.7517,-54989.48,1.24
9889,44.68,1078.6868,-52162.64,1.23
9890,35.68,1040.2134,-51230.9,1.31
9891,50.24,1037.0091,-45563.75,1.43
9892,50.52,1021.9545,-47265.37,2.08
9893,56.24,1059.8971,-47153.35,1.22
9894,34.92,1012.9592,-49138.87,1.38
9895,46.44,1029.0406,-47461.23,1.38
9896,44.84,1037.2088,-57385.45,1.23
9897,49.64,1028.8842,-47697.5,2.29
9898,53.48,1015.7919,-49430.29,1.31
9899,47.32,1027.026,-41682.27,1.26
9900,40.12,1027.9799,-53476.6,1.52
9901,44.24,1086.7263,-56368.06,1.29
9902,48.36,1053.7731,-51790.6,1.41
9903,41.2,1057.8845,-53677.96,2.29
9904,50.52,1068.2383,-56042.99,1.19
9905,34.24,1033.3329,-49217.22,0.67
9906,45.96,1045.9534,-45472.05,1.32
9907,47.6,1093.0011,-44228.21,1.39
9908,53.6,1031.953,-45441.59,2.28
9909,57.8,1047.9747,-49691.56,1.25
9910,36.88,1050.8813,-53954.82,1.29
9911,38.12,999.4366,-51044.49,1.4
9912,52.36,1027.5604,-53438.96,1.37
9913,53.72,1013.5873,-56938.79,2.16
9914,53.76,1044.8173,-53470.29,1.19
9915,42.96,1016.679,-51288.7,1.3
9916,51.6,1036.1031,-45563.0,1.4
9917,60.96,1018.9805,-53203.65,1.43
9918,41.6,1029.1066,-47352.59,2.19
9919,41.12,1064.8095,-52114.87,1.38
9920,45.96,1045.428,-45471.41,1.25
9921,53.12,1031.6589,-49694.14,1.29
9922,45.0,1039.1967,-45508.18,1.37
9923,42.8,1023.5522,-41285.38,2.27
9924,51.16,1101.9861,-51831.93,1.13
9925,47.28,1050.5852,-55371.43,1.33
9926,58.64,986.0762,-44705.03,0.66
9927,57.6,1041.7874,-37947.8,1.41
9928,44.68,1065.9952,-43740.44,2.32
9929,46.92,1065.7942,-51707.2,1.3
9930,48.12,1017.1214,-45271.54,1.18
9931,45.04,1104.5613,-40731.86,1.36
9932,54.24,1007.3428,-45056.79,1.36
9933,47.28,992.9069,-40888.61,2.25
9934,51.04,1012.1346,-53074.02,1.34
9935,42.48,1010.2441,-52998.18,1.32
9936,44.48,995.0576,-50884.83,1.51
9937,55.08,1052.4496,-43796.92,1.3
9938,47.72,1049.1056,-49294.08,2.43
9939,41.48,1065.2663,-55414.78,1.26
9940,51.08,1015.6129,-43085.64,1.37
9941,39.08,1051.0422,-42107.34,1.38
9942,53.48,1023.912,-51428.16,1.27
9943,46.0,1012.0184,-51132.38,1.41
9944,56.52,1008.1442,-51040.32,1.22
9945,52.6,1036.9651,-47674.46,1.26
9946,50.8,1060.5563,-49217.11,1.52
9947,57.16,1007.3635,-43226.59,0.82
9948,44.96,1060.886,-53493.77,1.19
9949,47.36,1045.8745,-59516.12,2.12
9950,49.56,1026.0368,-53321.95,1.32
9951,44.52,1038.0642,-39976.58,1.43
9952,37.88,1022.4859,-39536.62,1.36
9953,50.32,1072.1939,-52259.02,1.47
9954,60.16,1005.7484,-44993.95,2.23
9955,53.44,1042.4867,-49692.48,1.38
9956,48.0,1002.8133,-50847.19,1.43
9957,46.0,1017.9428,-45432.44,1.42
9958,41.08,1025.144,-45574.97,1.33
9959,50.32,1056.4426,-47786.09,2.12
9960,36.28,1028.2393,-51296.84,1.23
9961,61.08,1075.2822,-53542.44,1.32
9962,59.68,994.2033,-54921.81,1.34
9963,61.44,1026.5125,-53297.79,1.37
9964,55.16,1013.9529,-51140.32,2.16
9965,54.24,1056.0526,-47343.34,1.38
9966,60.28,1003.1046,-49174.93,1.24
9967,49.44,1024.2616,-45280.62,1.36
9968,40.8,1017.779,-45316.48,1.39
9969,51.44,1052.3172,-43644.71,2.23
9970,49.44,1059.3142,-42046.04,1.38
9971,41.08,1031.8268,-43426.81,1.39
9972,51.32,1027.8393,-51300.18,1.44
9973,53.68,1030.2259,-47397.36,1.33
9974,50.32,1035.9471,-49342.53,2.38
9975,46.88,998.3374,-48985.88,1.54
9976,50.8,1033.3872,-45436.3,1.3
9977,49.32,1110.7983,-50340.04,0.5
9978,45.96,1031.882,-53237.69,1.42
9979,52.6,1024.5945,-49078.09,2.47
9980,56.32,1046.4748,-49659.46,1.27
9981,57.64,1036.9387,-43689.9,1.45
9982,54.28,1033.644,-43590.42,1.43
9983,51.8,1012.1842,-47268.83,1.44
9984,35.32,1020.6494,-47328.27,1.29
9985,37.32,1031.0994,-49826.33,1.25
9986,53.48,1045.4319,-45549.82,1.34
9987,55.8,999.3006,-46930.65,1.29
9988,51.16,1031.3352,-47614.16,1.33
9989,53.8,1000.9458,-50951.15,1.31
9990,56.56,1045.4146,-35807.37,2.1
9991,42.52,1015.5955,-43241.9,1.27
9992,50.8,1029.581,-47506.93,1.2
9993,45.8,1008.1134,-48994.55,1.54
9994,51.12,1090.607,-62129.39,1.29
9995,43.92,1008.6891,-49241.11,2.32
9996,51.0,1034.5315,-43687.17,1.4
9997,57.76,1041.227,-59471.25,1.44
9998,55.12,1045.3843,-49752.33,0.66
9999,49.44,1018.8898,-43339.26,1.42
10000,46.88,1037.8175,-49309.43,2.19
10001,48.68,1023.7374,-41186.23,1.28
10002,52.44,995.485,-55126.85,1.27
10003,49.64,997.7741,-47044.82,1.37
10004,51.76,1032.6858,-47429.65,1.36
