episode,avg_pods,avg_latency,reward,execution_time
1,9.04,1.4124,-8.0,1.14
2,8.16,1079579.6997,-10.0,0.23
3,7.76,1.4575,-5.0,0.24
4,6.96,1.4802,-5.0,0.34
5,8.48,241836.9546,-11.0,0.26
6,9.08,360430.5247,-6.0,0.21
7,8.88,3.4521,-3.0,0.27
8,8.48,750.3301,-10.0,0.29
9,6.36,65946.7722,-9.0,0.24
10,11.04,361.4177,-16.0,0.22
11,7.12,768298.3385,-9.0,0.18
12,10.76,33739.1609,-10.0,0.19
13,6.24,56487.0592,1.0,0.23
14,7.24,356861.9601,-1.0,0.21
15,8.28,160.7394,-12.0,0.18
16,9.12,172111.309,-14.0,0.19
17,9.12,42.1872,-7.0,0.2
18,11.76,905.8677,-12.0,0.22
19,8.92,0.6566,-13.0,0.19
20,6.32,16618.6449,-6.0,0.24
21,8.72,714158.518,-8.0,0.3
22,8.32,120040.6071,-13.0,0.28
23,7.92,187075.3725,-11.0,0.29
24,7.8,489118.1561,-9.0,0.22
25,7.0,765887.6075,-9.0,0.23
26,9.64,120665.6354,-10.0,0.21
27,9.2,3323.4686,-12.0,0.23
28,8.0,65952.4946,-3.0,0.2
29,6.68,14.7161,-3.0,0.21
30,5.8,1036962.0248,-10.0,0.22
31,8.56,71364.0106,-3.0,0.22
32,6.04,120079.9086,-10.0,0.23
33,6.16,4.9052,2.0,0.23
34,6.52,479752.6001,-3.0,0.21
35,7.48,19.7305,-16.0,0.2
36,6.04,122.7888,-5.0,0.23
37,9.28,229457.5161,-12.0,0.24
38,8.28,4857.2879,-5.0,0.23
39,9.36,361203.2775,-5.0,0.2
40,7.92,2.758,-7.0,0.2
41,5.16,120019.1158,1.0,0.22
42,6.32,1158.1293,-7.0,0.23
43,5.12,150.351,-1.0,0.21
44,11.2,8.9969,-4.0,0.23
45,6.44,2799.3198,-8.0,0.23
46,8.28,64595.8657,-9.0,0.2
47,8.12,714279.5643,-4.0,0.21
48,7.04,29.9155,-3.0,0.2
49,8.68,118961.4522,-11.0,0.2
50,5.56,362387.4578,-10.0,0.2
51,4.6,145.7327,-8.0,0.22
52,9.6,76.099,-4.0,0.23
53,6.2,442254.0557,11.0,0.21
54,6.68,1.535,-1.0,0.2
55,7.16,359697.912,-10.0,0.22
56,7.76,359843.0343,-10.0,0.21
57,5.76,456561.9758,8.0,0.23
58,7.36,119948.3703,-3.0,0.22
59,8.6,2.7128,-6.0,0.2
60,6.2,895.8267,-5.0,0.24
61,8.84,335754.3475,-6.0,0.32
62,7.6,428016.6872,-2.0,0.3
63,5.84,29.857,-4.0,0.3
64,5.72,0.7242,-5.0,0.3
65,6.68,291.6199,-7.0,0.23
66,6.24,9.176,-4.0,0.25
67,5.4,359880.8838,0.0,0.24
68,5.72,55.3414,5.0,0.22
69,4.96,1472083.8956,1.0,0.21
70,7.36,67891.9043,2.0,0.21
71,4.08,145.4205,9.0,0.22
72,3.24,18.7852,-5.0,0.32
73,4.2,26.389,6.0,0.36
74,4.52,18.3553,8.0,0.33
75,4.04,1.8959,6.0,0.22
76,5.56,86.8863,-2.0,0.24
77,4.24,27.5837,-2.0,0.29
78,4.12,479614.173,3.0,0.24
79,4.64,26.3834,12.0,0.31
80,8.4,0.5639,-4.0,0.25
81,3.84,17.5874,7.0,0.22
82,6.12,359846.1316,-8.0,0.2
83,4.28,35.1537,12.0,0.22
84,8.92,0.1747,-4.0,0.2
85,5.2,21.0822,-2.0,0.21
86,4.88,1.8876,17.0,0.21
87,4.6,19.338,12.0,0.26
88,6.56,14.4246,-2.0,0.24
89,3.8,12.4101,5.0,0.24
90,4.92,43.9454,13.0,0.24
91,5.56,169344.7844,12.0,0.26
92,5.0,14.2596,6.0,0.2
93,4.96,359744.6142,5.0,0.21
94,6.88,117.3698,-2.0,0.21
95,5.96,12.3034,14.0,0.2
96,6.16,42.9968,5.0,0.21
97,8.04,0.529,-4.0,0.22
98,5.28,67851.6923,4.0,0.25
99,4.72,67859.2011,-2.0,0.22
100,5.96,65995.9977,3.0,0.28
101,4.96,0.9874,4.0,0.24
102,9.24,65949.5153,5.0,0.22
103,3.8,27.5647,6.0,0.2
104,6.56,719662.7443,3.0,0.26
105,4.4,135710.3668,4.0,0.23
106,4.92,8.9791,19.0,0.32
107,4.4,0.6071,16.0,0.29
108,6.48,0.6306,8.0,0.26
109,5.6,67902.6889,1.0,0.26
110,5.92,339244.1559,8.0,0.23
111,4.36,8.8612,17.0,0.32
112,4.68,84.2069,5.0,0.3
113,3.08,26.3744,-2.0,0.27
114,8.16,391984.4971,1.0,0.27
115,7.0,458217.9862,13.0,0.25
116,7.04,359748.445,4.0,0.25
117,7.36,10.0872,2.0,0.24
118,5.92,85.1034,0.0,0.26
119,4.0,1.8002,5.0,0.28
120,6.28,169.292,2.0,0.23
121,6.4,356820.884,4.0,0.36
122,4.36,8.994,16.0,0.28
123,4.32,168323.5654,12.0,0.29
124,4.48,67911.6114,2.0,0.31
125,3.88,1058.8022,5.0,0.32
126,5.92,0.8962,1.0,0.27
127,3.8,168296.3567,11.0,0.32
128,7.4,365736.5385,0.0,0.26
129,6.32,2922.5991,-3.0,0.29
130,9.12,0.4939,-2.0,0.36
131,6.36,433896.9032,5.0,0.31
132,4.68,17.5823,15.0,0.21
133,4.52,11.9708,16.0,0.22
134,6.32,0.5966,4.0,0.24
135,8.48,1281.2776,-3.0,0.23
136,7.12,1.1934,-7.0,0.2
137,9.04,119963.3456,-5.0,0.2
138,5.68,9.3924,2.0,0.23
139,9.08,23873.2864,0.0,0.19
140,11.24,24.8044,-2.0,0.25
141,5.48,30.366,14.0,0.23
142,5.32,26.3692,22.0,0.26
143,6.36,3.1004,22.0,0.24
144,6.6,542789.2782,2.0,0.23
145,9.24,32236.778,-5.0,0.19
146,11.04,360834.7572,3.0,0.24
147,8.72,44.719,0.0,0.22
148,5.52,787257.9501,3.0,0.2
149,8.96,0.399,0.0,0.22
150,4.88,359722.6394,10.0,0.2
151,4.68,155.594,14.0,0.24
152,5.12,8.8027,29.0,0.2
153,5.92,1.3579,18.0,0.28
154,7.92,359860.5475,3.0,0.25
155,4.48,17.5938,13.0,0.28
156,6.24,0.0126,7.0,0.34
157,11.96,45457.542,-2.0,0.26
158,8.32,120052.7147,1.0,0.25
159,5.4,23.2196,12.0,0.23
160,5.04,362563.4624,1.0,0.22
161,6.8,67920.4699,6.0,0.19
162,10.4,32272.5275,0.0,0.22
163,9.04,0.7732,3.0,0.2
164,9.44,0.3243,1.0,0.21
165,9.64,444.4993,-3.0,0.28
166,10.76,0.0631,-1.0,0.24
167,10.76,0.2874,-2.0,0.24
168,7.68,359703.7045,-1.0,0.21
169,8.28,359697.6528,-1.0,0.21
170,9.36,5814.6367,-1.0,0.23
171,5.64,84.884,11.0,0.25
172,6.4,174.5292,12.0,0.25
173,6.64,10.2595,19.0,0.28
174,6.32,3.8192,10.0,0.23
175,6.72,798501.3199,7.0,0.25
176,6.68,19.0615,11.0,0.21
177,6.92,359782.2328,1.0,0.2
178,9.2,30.9331,1.0,0.23
179,12.6,0.3709,-1.0,0.22
180,7.2,0.9008,7.0,0.21
181,9.36,0.4244,-3.0,0.26
182,10.52,0.0482,-2.0,0.22
183,5.4,19.4484,16.0,0.75
184,7.56,1.7061,2.0,0.25
185,7.6,1082592.5301,0.0,0.31
186,7.28,2.3992,9.0,0.3
187,8.36,432527.943,3.0,0.35
188,5.08,17.5907,19.0,0.33
189,7.04,459297.2085,13.0,0.3
190,10.12,842.9002,-4.0,0.24
191,6.64,17.1889,6.0,0.26
192,7.72,120023.4125,15.0,0.24
193,6.2,8.9898,15.0,0.25
194,5.0,67857.4605,15.0,0.22
195,13.44,2566.0167,-1.0,0.21
196,4.8,35.3417,26.0,0.23
197,8.28,11.9912,0.0,0.23
198,9.0,13.0942,-1.0,0.26
199,7.72,240052.8796,18.0,0.25
200,4.36,135714.9083,15.0,0.21
201,5.6,0.0842,16.0,0.21
202,6.16,153903.5143,25.0,0.22
203,11.52,0.1882,-2.0,0.22
204,7.84,240039.8333,18.0,0.24
205,6.36,14.2187,21.0,0.22
206,10.6,1262.9284,-4.0,0.23
207,6.88,0.1368,18.0,0.22
208,7.64,31.2424,17.0,0.25
209,11.76,619.6646,-11.0,0.2
210,10.2,38.3528,-3.0,0.21
211,12.88,360166.6606,-2.0,0.2
212,6.76,11.0594,22.0,0.22
213,7.64,26.3986,12.0,0.2
214,10.36,0.396,-6.0,0.2
215,6.2,1246515.932,4.0,0.23
216,5.28,20.259,21.0,0.2
217,10.72,1262.9514,-9.0,0.2
218,7.32,6.7218,13.0,0.22
219,6.0,29.0363,14.0,0.22
220,5.92,766972.5852,7.0,0.23
221,5.8,3.5365,20.0,0.25
222,5.88,0.2224,20.0,0.24
223,7.36,12.3572,15.0,0.21
224,5.32,3.0726,23.0,0.22
225,4.0,33898.612,17.0,0.21
226,8.32,0.3089,-1.0,0.24
227,12.0,456077.349,0.0,0.23
228,8.32,360178.9538,14.0,0.21
229,6.12,3.5405,18.0,0.25
230,10.72,119081.6404,5.0,0.23
231,9.32,52.7594,7.0,0.24
232,8.84,33967.7172,1.0,0.22
233,10.24,0.3774,-3.0,0.25
234,6.88,20.679,15.0,0.21
235,8.6,0.0334,-2.0,0.22
236,7.96,1598132.1724,-3.0,0.2
237,11.4,427.27,-3.0,0.24
238,6.96,120018.5676,15.0,0.23
239,6.0,17.6105,24.0,0.27
240,6.48,10.1119,21.0,0.25
241,12.96,0.0468,-5.0,0.22
242,4.44,239914.6038,9.0,0.22
243,12.36,3605.2356,-11.0,0.24
244,6.16,120034.316,24.0,0.26
245,10.32,2723.3908,-6.0,0.23
246,10.56,842.2368,-5.0,0.22
247,11.48,420.9872,-9.0,0.22
248,11.4,0.0764,-7.0,0.22
249,10.96,432.8036,-8.0,0.25
250,9.4,360165.9223,-2.0,0.26
251,10.8,11.816,-2.0,0.24
252,8.96,39.0806,-1.0,0.23
253,6.36,339247.5473,3.0,0.21
254,8.0,421.6169,1.0,0.23
255,5.24,20.8542,27.0,0.28
256,8.48,164.0902,-1.0,0.25
257,4.48,10.6659,19.0,0.24
258,3.4,8.9209,24.0,0.2
259,7.24,139.1657,5.0,0.25
260,7.92,9638.5446,4.0,0.22
261,5.12,12.3165,28.0,0.24
262,4.24,168296.6442,32.0,0.22
263,6.68,3.6528,0.0,0.25
264,11.84,0.1082,0.0,0.25
265,11.84,6.4428,3.0,0.23
266,8.36,422.0955,0.0,0.23
267,7.6,1.4086,3.0,0.21
268,12.8,74.6256,-1.0,0.21
269,15.28,16.6619,-7.0,0.19
270,5.44,1194517.7366,2.0,0.22
271,6.84,120018.4757,23.0,0.21
272,8.84,0.0776,3.0,0.23
273,8.28,1.7402,4.0,0.22
274,7.36,1.6938,2.0,0.2
275,7.64,46.1953,0.0,0.21
276,5.8,1079206.9954,8.0,0.19
277,8.2,3.0322,-4.0,0.23
278,4.08,31.742,31.0,0.21
279,3.0,8.8304,8.0,0.25
280,5.04,1.9225,27.0,0.25
281,5.64,120040.1945,26.0,0.26
282,5.84,479718.6854,4.0,0.26
283,7.88,1126497.806,-3.0,0.28
284,10.48,64569.8302,1.0,0.26
285,9.92,432.7553,-3.0,0.28
286,6.92,17.6763,22.0,0.29
287,5.96,120024.2218,28.0,0.32
288,8.4,0.0459,-2.0,0.27
289,10.44,1263.0192,2.0,0.32
290,9.04,174327.1218,-3.0,0.27
291,7.4,360187.2711,16.0,0.31
292,10.24,842.265,0.0,0.28
293,12.16,703689.8982,-2.0,0.26
294,7.32,11.066,16.0,0.24
295,10.52,0.698,-3.0,0.25
296,9.88,420.994,-2.0,0.21
297,6.48,19.3419,21.0,0.24
298,13.08,2640.2465,-3.0,0.23
299,10.92,842.3101,-2.0,0.23
300,5.4,9.396,22.0,0.24
301,13.48,74.7307,-3.0,0.22
302,6.32,19.9403,24.0,0.24
303,13.88,10338.5841,-6.0,0.23
304,6.4,120022.5226,22.0,0.27
305,6.72,16.3831,16.0,0.28
306,4.92,120022.4917,23.0,0.19
307,14.44,720167.8094,-2.0,0.77
308,4.24,29.8834,28.0,0.22
309,3.28,0.0651,31.0,0.25
310,5.2,1.353,18.0,0.25
311,10.12,841.9374,1.0,0.25
312,9.68,497.4299,-1.0,0.25
313,12.24,354258.208,-3.0,0.23
314,4.28,1058837.9972,22.0,0.26
315,10.52,842.0058,-5.0,0.28
316,7.52,4898.8714,3.0,0.29
317,10.0,784903.0366,5.0,0.22
318,5.04,13.6182,28.0,0.22
319,3.88,17.7011,29.0,0.23
320,3.76,19.476,27.0,0.21
321,7.08,14.537,4.0,0.2
322,12.2,0.9173,3.0,0.27
323,5.24,12.5304,28.0,0.25
324,12.04,119084.3144,2.0,0.23
325,9.52,38.5235,0.0,0.22
326,9.8,841.9248,-4.0,0.24
327,7.04,360047.1876,16.0,0.21
328,3.84,26.4792,33.0,0.22
329,9.72,0.3017,-2.0,0.21
330,5.44,32.9378,27.0,0.22
331,8.8,0.1016,0.0,0.22
332,7.24,120041.3681,23.0,0.24
333,6.2,0.1097,23.0,0.23
334,15.24,361943.3668,-12.0,0.31
335,5.88,22.4583,23.0,0.22
336,9.36,459.7824,-4.0,0.25
337,10.76,841.9606,-6.0,0.24
338,5.6,0.1119,26.0,0.23
339,5.2,1054228.1459,13.0,0.22
340,9.44,11.7993,0.0,0.3
341,7.44,45.2713,22.0,0.25
342,10.32,1168.5551,-2.0,0.29
343,6.08,12.1728,24.0,0.31
344,9.8,1166.0076,0.0,0.32
345,9.04,77.0052,0.0,0.28
346,5.48,40.4049,27.0,0.32
347,9.24,434.1178,-2.0,0.26
348,10.16,853.7247,-1.0,0.3
349,6.92,120016.3879,18.0,0.34
350,5.72,1.8741,26.0,0.33
351,6.16,8.7958,22.0,0.25
352,7.24,26.4751,14.0,0.27
353,12.4,1074591.3133,-2.0,0.28
354,12.76,0.0657,-6.0,0.29
355,4.16,33.4885,31.0,0.26
356,12.4,241913.5815,-2.0,0.24
357,11.24,421.069,-4.0,0.27
358,13.88,148.5313,-3.0,0.23
359,8.24,12.0616,-1.0,0.28
360,14.48,360089.9658,-3.0,0.28
361,4.76,28.123,29.0,0.28
362,12.84,119229.8622,-2.0,0.27
363,5.04,10.7502,27.0,0.29
364,9.64,420.9924,1.0,0.26
365,7.56,33888.3107,6.0,0.26
366,14.96,720167.9365,-8.0,0.25
367,9.88,421.585,0.0,0.25
368,7.88,337.1052,-1.0,0.21
369,8.56,13.983,1.0,0.27
370,5.24,0.4045,25.0,0.28
371,6.04,33879.2796,22.0,0.36
372,3.56,26.393,26.0,0.26
373,9.36,12.1203,0.0,0.3
374,4.4,17.6952,28.0,0.29
375,8.32,1178.4116,1.0,0.25
376,3.52,1.8612,20.0,0.25
377,8.48,420.9724,0.0,0.36
378,5.68,1017732.3153,6.0,0.31
379,9.64,151.4351,1.0,0.27
380,4.76,29.962,30.0,0.27
381,12.96,756.5157,-1.0,0.24
382,13.56,619.7991,-3.0,0.32
383,11.04,0.0456,1.0,0.3
384,4.88,17.5992,29.0,0.31
385,10.6,392403.3409,2.0,0.35
386,4.68,8.9112,24.0,0.26
387,5.88,359872.9203,13.0,0.26
388,4.12,22.4047,25.0,0.23
389,11.32,720333.1893,-2.0,0.42
390,5.12,19.4611,29.0,0.43
391,12.72,360262.9255,-3.0,0.32
392,4.0,26.5595,26.0,0.33
393,5.08,20.7498,28.0,0.31
394,4.96,33.582,27.0,0.3
395,5.16,17.7781,27.0,0.43
396,4.08,19.3618,27.0,0.38
397,7.32,4897.1846,4.0,0.36
398,5.68,67852.1613,6.0,0.49
399,6.04,201.9851,9.0,0.39
400,7.08,866352.7322,0.0,0.39
401,5.72,0.108,24.0,0.35
402,5.08,17.7016,24.0,0.37
403,4.8,203548.2324,8.0,0.28
404,4.44,37.4374,29.0,0.28
405,12.4,118939.5896,-2.0,0.31
406,4.56,10.1348,22.0,0.37
407,8.52,0.5849,1.0,0.38
408,4.64,168280.5469,28.0,0.24
409,4.96,1173889.883,8.0,0.21
410,4.76,19.3406,28.0,0.22
411,12.04,0.3646,1.0,0.28
412,4.92,17.6796,23.0,0.74
413,4.2,12.4068,30.0,0.33
414,14.48,619.6941,-1.0,0.31
415,15.08,11.5076,-10.0,0.27
416,12.16,1050151.8369,1.0,0.23
417,9.28,0.8683,0.0,0.22
418,6.72,931373.0694,3.0,0.21
419,6.04,54.5909,23.0,0.25
420,5.68,19.4388,24.0,0.21
421,6.52,240798.009,22.0,0.23
422,10.04,421.2574,-5.0,0.24
423,6.36,120402.4076,24.0,0.21
424,4.32,120015.43,24.0,0.28
425,13.92,0.7805,-1.0,0.2
426,5.76,36.9074,24.0,0.21
427,8.96,0.3058,-1.0,0.23
428,5.2,19.3454,28.0,0.22
429,6.08,10.8032,26.0,0.34
430,11.12,842.2604,-4.0,0.26
431,9.44,0.0599,0.0,0.22
432,5.92,11.5756,27.0,0.26
433,5.36,12.4113,25.0,0.23
434,10.84,421.3692,-3.0,0.21
435,9.96,0.3294,-2.0,0.21
436,9.68,459.2505,0.0,0.23
437,10.76,1.0471,2.0,0.3
438,13.12,716990.7138,-5.0,0.2
439,5.96,8338.6939,28.0,0.2
440,4.28,19.3602,28.0,0.18
441,8.04,76.781,-1.0,0.21
442,5.96,407096.2967,3.0,0.2
443,5.36,114732.2546,25.0,0.2
444,4.64,24.8029,28.0,0.21
445,8.88,459.4586,0.0,0.2
446,5.24,1126498.6172,7.0,0.21
447,8.56,0.353,-1.0,0.2
448,8.36,38.513,-1.0,0.2
449,5.8,899665.8191,4.0,0.19
450,8.36,0.8465,1.0,0.21
451,7.0,0.6703,0.0,0.2
452,7.88,38.7724,1.0,0.2
453,9.84,392503.0507,1.0,0.22
454,4.88,120022.6968,29.0,0.21
455,11.08,386518.9353,6.0,0.22
456,4.08,28.2208,27.0,0.25
457,7.36,0.1264,1.0,0.26
458,8.52,0.5835,2.0,0.22
459,3.92,8.8028,24.0,0.29
460,6.96,359899.8262,5.0,0.22
461,10.52,64473.4858,-1.0,0.21
462,4.36,17.874,30.0,0.2
463,11.48,32275.0098,1.0,0.22
464,8.96,427.2975,1.0,0.23
465,4.32,8.8282,30.0,0.2
466,4.44,36.9331,31.0,0.21
467,3.96,52.8243,25.0,0.2
468,7.8,11.7762,2.0,0.22
469,4.4,2.5277,26.0,0.29
470,4.68,31.2318,26.0,0.25
471,4.36,9.3897,31.0,0.22
472,5.28,4.8318,27.0,0.24
473,4.88,26.3764,25.0,0.23
474,4.2,17.6499,24.0,0.23
475,12.72,119081.3016,0.0,0.34
476,4.72,35.2463,31.0,0.3
477,7.64,194.6739,2.0,0.3
478,8.48,0.8991,1.0,0.23
479,5.0,10.6742,25.0,0.26
480,9.92,77.0733,-2.0,0.23
481,4.56,17.6967,29.0,0.21
482,8.68,0.637,0.0,0.25
483,5.56,8.8018,23.0,0.27
484,9.04,459.4622,-2.0,0.2
485,5.08,28.1445,26.0,0.21
486,9.32,12.0754,-1.0,0.21
487,6.72,1153671.2012,1.0,0.21
488,8.92,437.638,-3.0,0.23
489,6.6,19.3367,24.0,0.23
490,6.24,33888.0884,22.0,0.24
491,6.52,594846.1598,0.0,0.22
492,9.68,38.516,0.0,0.29
493,4.48,26.3653,28.0,0.2
494,9.08,459.4822,1.0,0.23
495,7.08,381.6511,23.0,0.23
496,4.16,17.5905,25.0,0.32
497,6.12,1653492.3212,1.0,0.24
498,10.36,459.2606,-1.0,0.29
499,14.6,9.8568,-1.0,0.25
500,4.8,22.3976,28.0,0.22
501,9.36,38.3,0.0,0.26
502,4.36,10.583,28.0,0.24
503,9.16,0.3868,0.0,0.33
504,8.64,38.5102,0.0,0.22
505,4.56,3.6241,29.0,0.26
506,5.8,8.9071,23.0,0.21
507,14.0,5132.0534,-8.0,0.21
508,4.36,12.6138,28.0,0.2
509,5.96,427727.8139,4.0,0.2
510,14.96,640.9721,-8.0,0.2
511,5.0,14.0696,27.0,0.21
512,9.92,24.8872,1.0,0.28
513,9.56,0.039,0.0,0.23
514,8.52,11.777,2.0,0.23
515,8.6,38.5651,1.0,0.26
516,6.28,542789.3891,0.0,0.23
517,13.04,5.9302,0.0,0.29
518,7.12,362773.5866,1.0,0.21
519,3.4,26.4256,26.0,0.21
520,7.24,0.1859,-2.0,0.22
521,8.76,416162.0007,2.0,0.28
522,8.44,0.2962,1.0,0.24
523,10.12,392403.3603,1.0,0.22
524,7.08,1.2127,5.0,0.21
525,6.96,2.2363,3.0,0.22
526,3.48,35.2321,27.0,0.21
527,9.6,32236.775,4.0,0.21
528,3.36,17.7315,33.0,0.2
529,6.88,1.7502,3.0,0.22
530,7.92,0.4639,2.0,0.21
531,3.48,19.3776,27.0,0.21
532,4.48,20.7002,24.0,0.2
533,4.28,19.4467,26.0,0.2
534,6.0,120022.5945,25.0,0.23
535,7.0,371480.2389,2.0,0.21
536,4.04,17.9334,28.0,0.26
537,4.36,427560.8074,16.0,0.3
538,7.28,895.9356,1.0,0.25
539,4.72,986379.4716,7.0,0.77
540,11.56,119232.2474,4.0,0.23
541,9.32,96710.1988,5.0,0.26
542,7.04,1.6386,2.0,0.22
543,7.92,0.669,0.0,0.24
544,8.08,0.0724,-2.0,0.22
545,4.8,474944.0196,6.0,0.21
546,12.28,5.9896,-2.0,0.24
547,5.08,359772.4056,6.0,0.22
548,7.56,40.132,1.0,0.25
549,11.24,119081.6372,2.0,0.26
550,4.16,19.3546,29.0,0.43
551,8.12,0.0761,0.0,0.2
552,7.4,0.5577,2.0,0.2
553,7.32,0.1302,1.0,0.21
554,4.6,21.1507,22.0,0.24
555,4.0,35.1594,30.0,0.2
556,9.0,421.2467,0.0,0.24
557,7.84,0.0722,2.0,0.22
558,4.28,19.3546,29.0,0.2
559,8.04,422.7268,-1.0,0.22
560,4.24,19.4069,27.0,0.2
561,7.56,178.419,2.0,0.23
562,11.8,0.403,2.0,0.21
563,8.2,0.2946,0.0,0.22
564,3.84,28.2267,24.0,0.2
565,3.8,26.4331,32.0,0.21
566,8.12,421.5058,0.0,0.2
567,4.96,17.6029,30.0,0.25
568,8.56,119085.9301,3.0,0.19
569,3.92,17.6092,25.0,0.23
570,3.88,17.7104,18.0,0.2
571,12.08,120770.1751,3.0,0.24
572,4.56,26.377,29.0,0.24
573,8.12,1079235.3231,5.0,0.22
574,7.56,1.7497,2.0,0.28
575,7.16,119902.4623,2.0,0.22
576,4.08,8.8153,29.0,0.21
577,3.4,28.1556,23.0,0.2
578,6.92,1.2889,-3.0,0.2
579,8.88,0.0756,8.0,0.28
580,7.08,0.6671,3.0,0.2
581,6.88,2.1802,2.0,0.23
582,9.56,32239.276,3.0,0.2
583,3.32,26.513,18.0,0.21
584,10.68,755.8965,9.0,0.19
585,9.52,64473.7241,4.0,0.23
586,3.76,0.0713,12.0,0.2
587,3.72,26.3818,28.0,0.23
588,6.64,2.7751,5.0,0.2
589,4.12,8.8046,27.0,0.21
590,11.2,0.4732,5.0,0.23
591,10.0,2.5171,2.0,0.19
592,11.28,756.2186,5.0,0.24
593,3.68,8.9263,28.0,0.2
594,8.72,32236.7509,5.0,0.23
595,7.16,1.0954,1.0,0.22
596,7.2,0.469,1.0,0.22
597,3.84,17.656,29.0,0.21
598,3.24,17.6703,21.0,0.21
599,4.2,55.7948,31.0,0.21
600,3.4,8.8816,19.0,0.2
601,4.84,28.2334,27.0,0.2
602,3.72,35.2138,27.0,0.2
603,3.96,0.1379,21.0,0.2
604,3.68,43.9664,27.0,0.23
605,4.0,28.1767,29.0,0.21
606,3.72,168270.0927,27.0,0.21
607,5.76,19.4919,26.0,0.23
608,4.44,28.1274,27.0,0.22
609,8.2,0.0191,0.0,0.22
610,8.28,421.5069,3.0,0.21
611,4.8,168271.8204,28.0,0.21
612,9.0,0.0205,-1.0,0.24
613,7.0,943459.356,1.0,0.2
614,9.2,420.9672,-3.0,0.23
615,7.96,0.5547,0.0,0.22
616,9.32,0.0183,-3.0,0.28
617,9.72,0.0529,-2.0,0.27
618,10.88,0.3586,-3.0,0.27
619,13.64,756.0845,-2.0,0.23
620,9.24,420.9966,-1.0,0.28
621,12.64,1.055,-4.0,0.24
622,4.76,19.3597,31.0,0.23
623,8.6,0.1591,-2.0,0.24
624,11.44,0.7308,4.0,0.25
625,5.08,17.5821,27.0,0.23
626,7.96,0.5858,1.0,0.23
627,9.6,3.0069,5.0,0.25
628,7.84,0.617,3.0,0.25
629,4.08,10.1911,29.0,0.21
630,4.04,35.1717,29.0,0.21
631,3.88,33.5862,25.0,0.23
632,7.76,0.1292,0.0,0.22
633,3.36,17.6272,32.0,0.2
634,4.44,0.0468,24.0,0.21
635,7.88,1.482,4.0,0.21
636,7.8,719393.9804,3.0,0.2
637,5.2,135698.194,7.0,0.21
638,3.28,11.4792,21.0,0.2
639,6.64,3.2608,4.0,0.22
640,4.76,359882.8869,0.0,0.22
641,7.2,0.6131,0.0,0.26
642,7.68,1.1536,2.0,0.21
643,7.12,2.7764,2.0,0.21
644,9.44,96710.2937,6.0,0.28
645,3.72,67875.9025,12.0,0.2
646,6.76,3.2609,3.0,0.2
647,8.24,19.6088,-1.0,0.22
648,3.96,168296.3589,21.0,0.26
649,7.28,1.6396,0.0,0.22
650,7.28,1.152,2.0,0.21
651,5.44,719675.8439,5.0,0.21
652,3.68,10.5715,23.0,0.21
653,10.28,119083.74,3.0,0.21
654,10.16,0.0624,5.0,0.26
655,4.2,8.8664,31.0,0.27
656,6.92,4.3432,-2.0,0.26
657,3.68,17.6403,25.0,0.23
658,10.52,5.2859,2.0,0.33
659,7.08,1.6375,0.0,0.26
660,3.76,43.9439,30.0,0.22
661,7.48,1.1818,1.0,0.23
662,3.84,26.3825,24.0,0.24
663,7.76,0.0195,-1.0,0.34
664,3.6,52.7246,34.0,0.51
665,4.28,168287.6399,29.0,0.37
666,5.36,135700.76,8.0,0.3
667,7.04,2.1777,1.0,0.71
668,4.04,17.6607,30.0,0.26
669,10.28,0.0656,4.0,0.21
670,4.16,8.7963,30.0,0.23
671,10.44,2.8273,6.0,0.22
672,3.12,26.409,16.0,0.23
673,6.44,3.3716,5.0,0.27
674,3.48,17.7267,26.0,0.22
675,5.36,519505.0387,2.0,0.26
676,8.32,1079110.1971,2.0,0.2
677,7.96,0.5858,0.0,0.27
678,3.6,8.8156,22.0,0.24
679,4.92,1117654.0579,7.0,0.24
680,4.72,18.0689,32.0,0.25
681,3.72,17.6512,20.0,0.22
682,3.96,8.8889,33.0,0.21
683,7.36,1.0983,2.0,0.21
684,7.0,1.6965,4.0,0.23
685,5.48,815008.402,4.0,0.22
686,4.24,35.2017,33.0,0.25
687,6.88,1.6384,3.0,0.22
688,6.92,2.7196,3.0,0.19
689,9.84,0.0961,4.0,0.25
690,6.04,72.1075,3.0,0.21
691,3.24,19.4785,19.0,0.28
692,7.76,0.0154,-1.0,0.39
693,3.88,26.4942,30.0,0.39
694,7.52,1.0975,2.0,0.37
695,7.44,0.0154,-1.0,0.21
696,3.28,35.1814,30.0,0.22
697,7.64,421.507,0.0,0.22
698,7.12,1.098,2.0,0.22
699,7.28,2.1799,6.0,0.26
700,3.12,26.4997,27.0,0.19
701,3.72,17.6008,19.0,0.21
702,5.12,1101619.2948,4.0,0.2
703,5.44,1438960.3604,7.0,0.24
704,8.04,19.6048,5.0,0.33
705,3.88,8.9102,35.0,0.32
706,3.92,17.6505,32.0,0.22
707,3.92,26.4392,23.0,0.26
708,11.52,1.0992,6.0,0.23
709,7.28,1.1062,0.0,0.28
710,7.24,423.1824,2.0,0.25
711,5.08,35.149,28.0,0.26
712,7.8,0.0745,0.0,0.23
713,7.28,0.0714,2.0,0.22
714,3.88,28.1875,32.0,0.33
715,8.4,0.0202,0.0,0.29
716,7.88,0.6165,1.0,0.28
717,10.28,392403.4864,7.0,0.24
718,8.24,0.409,-2.0,0.22
719,8.56,0.328,1.0,0.28
720,7.36,0.5551,1.0,0.26
721,7.76,0.557,1.0,0.2
722,10.04,2.519,9.0,0.21
723,4.84,67849.5454,3.0,0.2
724,6.6,2.2351,2.0,0.19
725,3.96,8.8774,33.0,0.24
726,3.88,36.9228,30.0,0.27
727,7.16,1.1535,2.0,0.25
728,7.32,67102.6256,3.0,0.31
729,5.92,1248868.3711,11.0,0.26
730,3.12,0.093,20.0,0.24
731,4.84,135701.6806,5.0,0.2
732,7.8,359697.1975,6.0,0.22
733,4.04,26.4451,27.0,0.21
734,5.24,180.3875,5.0,0.2
735,3.72,17.6171,23.0,0.2
736,3.52,26.4592,32.0,0.2
737,11.76,1511.9498,4.0,0.21
738,3.24,17.7377,29.0,0.2
739,4.0,28.1377,26.0,0.22
740,10.36,2.8404,5.0,0.21
741,10.64,751.0018,6.0,0.23
742,4.76,135700.8747,7.0,0.19
743,7.0,1.6948,1.0,0.22
744,7.16,2.7182,3.0,0.22
745,4.24,168270.0696,30.0,0.2
746,4.12,19.4172,28.0,0.33
747,8.24,0.3022,0.0,0.32
748,8.2,0.0197,5.0,0.29
749,3.76,26.4995,33.0,0.25
750,6.84,2.2921,4.0,0.24
751,6.92,4.0402,3.0,0.22
752,3.44,17.7102,30.0,0.22
753,6.44,4.3418,4.0,0.22
754,3.08,8.9241,24.0,0.25
755,6.64,2.7754,4.0,0.25
756,4.36,120040.0844,29.0,0.25
757,8.56,0.0352,6.0,0.21
758,3.2,26.4012,26.0,0.23
759,6.28,3.3176,8.0,0.21
760,5.92,719543.5075,6.0,0.24
761,4.32,35.158,30.0,0.23
762,3.92,17.7009,30.0,0.23
763,7.08,1.1532,3.0,0.24
764,3.56,17.597,32.0,0.2
765,4.08,45.7349,31.0,0.28
766,7.08,56465.5079,8.0,0.28
767,5.36,694523.9126,6.0,0.28
768,5.08,815010.8889,5.0,0.26
769,3.76,28.1408,33.0,0.22
770,3.96,26.3768,30.0,0.19
771,9.76,2.556,7.0,0.2
772,3.92,0.0786,34.0,0.2
773,3.6,26.4891,32.0,0.22
774,3.68,8.8785,33.0,0.21
775,7.68,0.1282,0.0,0.22
776,7.36,0.611,1.0,0.22
777,7.4,0.6114,3.0,0.23
778,3.92,35.1538,33.0,0.26
779,3.6,28.1455,30.0,0.23
780,4.16,19.3383,33.0,0.25
781,8.48,1438932.6417,0.0,0.27
782,4.64,26.3916,32.0,0.23
783,3.8,17.6159,30.0,0.2
784,7.68,0.1838,0.0,0.26
785,4.16,114763.8993,26.0,0.2
786,7.36,0.4463,-1.0,0.23
787,4.24,38.6638,33.0,0.24
788,5.12,423133.4752,10.0,0.23
789,4.2,35.3385,31.0,0.2
790,8.64,719538.6814,2.0,0.19
791,7.92,0.0722,-2.0,0.71
792,4.04,19.3369,30.0,0.23
793,8.08,0.0725,1.0,0.22
794,7.48,0.556,1.0,0.22
795,3.64,36.9682,33.0,0.22
796,7.52,0.0711,0.0,0.22
797,8.36,0.0439,0.0,0.22
798,4.24,17.5803,32.0,0.22
799,3.84,35.1678,32.0,0.19
800,4.32,35.1663,31.0,0.2
801,7.68,0.1865,1.0,0.23
802,7.6,0.0728,-1.0,0.24
803,5.28,4.3562,8.0,0.22
804,7.76,359872.0136,4.0,0.2
805,9.68,32240.2034,5.0,0.22
806,6.16,340070.389,3.0,0.22
807,7.84,0.0164,0.0,0.29
808,4.88,10.7496,27.0,0.27
809,9.48,0.0749,0.0,0.3
810,4.2,35.1488,33.0,0.24
811,4.84,397.4052,29.0,0.25
812,4.08,26.3808,32.0,0.24
813,5.08,11.8753,29.0,0.25
814,4.84,36.9089,30.0,0.31
815,5.32,1170294.0215,6.0,0.29
816,5.96,474944.1712,6.0,0.25
817,11.48,1.0512,2.0,0.25
818,4.0,26.3766,30.0,0.23
819,7.44,0.2961,0.0,0.29
820,6.04,702470.7055,5.0,0.26
821,7.76,0.0141,0.0,0.27
822,10.92,3.058,4.0,0.23
823,7.68,359838.7909,5.0,0.25
824,3.88,45.7765,31.0,0.22
825,11.4,238162.5681,1.0,0.37
826,4.68,26.3767,28.0,0.36
827,11.56,32236.7396,2.0,0.36
828,5.12,19.3522,28.0,0.37
829,5.08,10.5553,28.0,0.37
830,6.24,120402.8739,25.0,0.36
831,10.88,753975.3616,-1.0,0.4
832,9.12,38.2326,0.0,0.37
833,7.92,206.653,3.0,0.36
834,5.52,35.2791,26.0,0.43
835,4.88,19.3391,29.0,0.56
836,6.64,22.914,23.0,0.4
837,4.8,40.4194,29.0,0.42
838,8.44,38.2885,-2.0,0.58
839,11.04,720360.7166,3.0,0.48
840,12.0,0.9193,2.0,0.33
841,4.4,3.7209,29.0,0.26
842,5.16,19.3431,25.0,0.33
843,13.08,5.6822,-1.0,0.34
844,4.88,29.8777,29.0,0.24
845,11.16,119081.3067,3.0,0.21
846,4.92,45.6893,30.0,0.21
847,4.36,38.6621,32.0,0.22
848,4.0,31.6916,31.0,0.3
849,4.76,32.9381,29.0,0.21
850,4.56,43.9327,31.0,0.22
851,4.72,36.9061,30.0,0.2
852,5.64,1257775.7188,3.0,0.21
853,3.92,28.246,31.0,0.22
854,4.56,168278.8293,30.0,0.21
855,13.32,767.2664,-2.0,0.2
856,11.12,32333.0497,5.0,0.22
857,3.92,26.528,34.0,0.21
858,7.84,0.0162,1.0,0.23
859,4.2,19.3961,30.0,0.21
860,4.36,43.9626,33.0,0.23
861,10.92,0.0341,4.0,0.34
862,3.36,10.5862,32.0,0.21
863,3.88,19.4042,33.0,0.25
864,6.24,134.1577,7.0,0.24
865,4.08,26.3742,32.0,0.21
866,4.2,29.5351,31.0,0.2
867,11.0,0.0799,5.0,0.25
868,4.36,19.0152,30.0,0.29
869,4.04,30.7404,34.0,0.31
870,4.04,38.6764,32.0,0.29
871,3.76,28.175,31.0,0.26
872,7.2,1.0972,2.0,0.25
873,3.76,28.9831,33.0,0.22
874,7.52,0.5788,1.0,0.28
875,4.2,26.3735,33.0,0.22
876,9.64,64473.6354,3.0,0.22
877,11.88,0.0345,5.0,0.28
878,4.52,19.396,30.0,0.22
879,6.0,778412.6144,7.0,0.22
880,3.76,45.7651,33.0,0.25
881,3.88,168287.6358,32.0,0.29
882,7.64,0.6117,1.0,0.22
883,9.96,1285.225,6.0,0.25
884,4.08,40.8017,31.0,0.24
885,8.76,0.695,4.0,0.22
886,7.84,0.6151,1.0,0.24
887,3.48,17.657,33.0,0.21
888,3.68,26.4886,31.0,0.22
889,4.32,26.4199,32.0,0.2
890,4.6,747161.4026,8.0,0.2
891,10.08,0.0493,6.0,0.21
892,6.96,2.2338,4.0,0.23
893,6.48,3.262,8.0,0.2
894,3.56,19.4544,32.0,0.21
895,10.68,751.3196,5.0,0.22
896,4.52,120041.767,31.0,0.2
897,7.08,1.0976,4.0,0.22
898,7.84,421.5596,1.0,0.21
899,3.76,43.9439,32.0,0.22
900,7.96,775859.1199,4.0,0.2
901,3.52,17.6163,26.0,0.2
902,4.28,168287.5838,29.0,0.26
903,3.68,26.4522,33.0,0.21
904,4.04,28.5885,29.0,0.74
905,4.32,168278.8138,30.0,0.19
906,5.0,747161.3057,6.0,0.22
907,8.96,4.9719,3.0,0.19
908,10.12,4.9406,6.0,0.21
909,3.76,26.4362,34.0,0.24
910,4.0,36.9981,23.0,0.21
911,5.76,1079420.4197,8.0,0.2
912,6.8,3.2598,2.0,0.19
913,3.64,17.5914,28.0,0.24
914,7.16,2.2353,2.0,0.19
915,7.96,689430.7135,4.0,0.25
916,6.92,2.7192,3.0,0.19
917,3.16,17.6047,29.0,0.2
918,5.44,719464.9883,6.0,0.19
919,3.88,8.8101,24.0,0.2
920,7.08,1.6394,4.0,0.22
921,3.6,26.4245,30.0,0.23
922,4.28,35.1555,33.0,0.21
923,5.12,1170291.5374,7.0,0.34
924,4.4,36.9054,29.0,0.27
925,3.16,35.1948,35.0,0.32
926,4.44,35.1565,32.0,0.29
927,9.96,0.0653,7.0,0.29
928,3.56,19.4662,28.0,0.25
929,6.72,3.3157,3.0,0.26
930,3.6,17.635,31.0,0.29
931,4.12,26.3836,32.0,0.27
932,6.88,2.2345,5.0,0.21
933,9.04,3.5358,9.0,0.19
934,6.16,4.3431,6.0,0.21
935,6.72,2.7211,6.0,0.23
936,5.2,67849.5532,7.0,0.36
937,3.32,27.233,27.0,0.25
938,6.84,2.1782,4.0,0.23
939,6.12,719717.9511,7.0,0.25
940,7.44,359697.0088,6.0,0.24
941,6.76,3.2587,2.0,0.22
942,6.72,2.7182,3.0,0.27
943,6.8,2.2334,4.0,0.25
944,6.16,719474.2325,7.0,0.26
945,6.64,3.8013,3.0,0.27
946,3.96,17.6349,32.0,0.26
947,3.72,26.3935,27.0,0.25
948,6.68,2.1799,5.0,0.2
949,3.48,8.832,33.0,0.24
950,6.68,3.6347,5.0,0.25
951,6.04,11.0292,12.0,0.26
952,3.28,8.9538,26.0,0.26
953,3.56,26.4204,34.0,0.23
954,7.16,2.2373,4.0,0.27
955,6.52,3.802,5.0,0.27
956,4.2,8.9318,28.0,0.24
957,7.0,21.3928,3.0,0.27
958,6.96,2.7215,5.0,0.23
959,6.84,3.8005,5.0,0.22
960,3.48,26.3998,28.0,0.22
961,4.12,37.2859,27.0,0.24
962,5.36,710565.498,7.0,0.21
963,7.12,1.6375,3.0,0.27
964,6.56,4.3407,8.0,0.31
965,8.6,96710.2809,6.0,0.28
966,3.44,8.9162,35.0,0.3
967,3.56,17.764,29.0,0.28
968,6.96,2.1785,4.0,0.27
969,3.24,17.6682,29.0,0.22
970,3.24,8.8376,27.0,0.23
971,6.84,2.2364,5.0,0.22
972,8.68,128946.998,7.0,0.36
973,7.0,2.72,5.0,0.29
974,6.8,2.2352,4.0,0.27
975,6.2,4.883,8.0,0.26
976,3.72,35.1605,31.0,0.28
977,3.32,8.8736,30.0,0.22
978,3.84,8.8236,33.0,0.24
979,6.44,4.3422,4.0,0.22
980,3.64,17.6688,29.0,0.22
981,6.28,3.802,9.0,0.27
982,3.28,35.2521,31.0,0.29
983,6.8,2.7181,5.0,0.28
984,3.48,26.4535,33.0,0.24
985,3.32,17.6587,30.0,0.24
986,6.52,3.2606,7.0,0.29
987,10.16,0.3336,11.0,0.23
988,6.72,2.7758,3.0,0.25
989,3.52,8.8087,37.0,0.28
990,3.4,26.4656,33.0,0.21
991,8.64,64473.5525,9.0,0.22
992,5.68,290.868,11.0,0.21
993,11.04,0.9728,8.0,0.19
994,6.76,2.236,3.0,0.23
995,6.6,3.8012,5.0,0.28
996,11.44,0.797,7.0,0.24
997,3.8,26.3876,33.0,0.27
998,4.2,28.1194,30.0,0.29
999,7.88,359696.9947,6.0,0.22
1000,4.0,45.7471,29.0,0.23
1001,3.72,35.4114,33.0,0.23
1002,4.72,203548.5682,7.0,0.22
1003,6.44,2.7752,6.0,0.21
1004,3.44,44.012,33.0,0.22
1005,7.64,0.5584,2.0,0.24
1006,3.24,0.0576,33.0,0.24
1007,9.8,4.963,7.0,0.23
1008,3.72,26.4386,37.0,0.24
1009,9.36,2.5156,8.0,0.25
1010,5.08,815010.1068,6.0,0.21
1011,3.8,0.0429,30.0,0.22
1012,5.16,21.8889,30.0,0.26
1013,7.08,0.6681,2.0,0.27
1014,3.8,21.1234,35.0,0.25
1015,4.0,19.4074,32.0,0.4
1016,11.28,756.2307,9.0,0.32
1017,8.36,32236.81,7.0,0.19
1018,6.56,3.801,5.0,0.19
1019,3.52,8.921,31.0,0.21
1020,3.68,19.355,34.0,0.25
1021,6.16,4.8819,6.0,0.21
1022,4.36,67852.1151,15.0,0.23
1023,9.92,4.9686,6.0,0.23
1024,6.48,3.8009,7.0,0.76
1025,4.84,474943.1714,10.0,0.3
1026,5.72,359885.0307,11.0,0.24
1027,9.68,2.5012,3.0,0.29
1028,3.52,17.674,32.0,0.26
1029,4.68,135700.8267,9.0,0.26
1030,3.6,8.8203,30.0,0.27
1031,6.84,1.6393,5.0,0.27
1032,6.68,1.6948,5.0,0.25
1033,3.8,26.4476,29.0,0.25
1034,7.12,1.0972,3.0,0.22
1035,3.48,10.6632,31.0,0.24
1036,4.52,29.9608,31.0,0.23
1037,3.48,17.7237,33.0,0.29
1038,3.68,19.4548,32.0,0.31
1039,9.12,2.8496,8.0,0.26
1040,3.52,8.9972,35.0,0.28
1041,6.32,4.3435,8.0,0.22
1042,3.8,26.4253,25.0,0.3
1043,3.24,19.4376,31.0,0.23
1044,6.44,4.541,7.0,0.22
1045,3.72,17.6927,34.0,0.27
1046,6.8,2.7186,5.0,0.29
1047,3.72,26.4474,29.0,0.19
1048,3.52,26.3763,28.0,0.21
1049,9.4,0.0958,7.0,0.18
1050,3.72,44.0094,34.0,0.26
1051,4.28,8.9146,10.0,0.25
1052,6.72,3.2614,6.0,0.31
1053,3.96,43.9902,32.0,0.31
1054,3.72,44.0262,35.0,0.35
1055,6.64,2.7203,5.0,0.25
1056,6.64,2.7212,6.0,0.25
1057,6.56,3.3168,5.0,0.32
1058,3.36,10.6142,30.0,0.26
1059,6.72,3.2599,6.0,0.24
1060,6.4,3.7998,5.0,0.21
1061,9.68,0.0325,9.0,0.26
1062,3.24,26.3993,36.0,0.37
1063,3.72,17.6212,34.0,0.25
1064,6.32,4.3423,8.0,0.22
1065,6.68,3.2612,7.0,0.24
1066,9.84,2.545,7.0,0.27
1067,3.36,17.6717,31.0,0.26
1068,6.64,3.2595,6.0,0.26
1069,3.48,8.8785,32.0,0.22
1070,3.36,17.6118,32.0,0.25
1071,3.72,45.7531,34.0,0.33
1072,7.04,1.1538,2.0,0.35
1073,3.52,17.6774,34.0,0.29
1074,6.88,2.5862,4.0,0.3
1075,8.84,0.1153,6.0,0.25
1076,3.48,8.8669,33.0,0.26
1077,6.8,4.3518,5.0,0.29
1078,3.52,10.5806,32.0,0.23
1079,3.6,26.3948,33.0,0.38
1080,6.6,2.7767,2.0,0.28
1081,8.12,32236.7473,8.0,0.32
1082,8.96,4.9583,5.0,0.31
1083,3.28,10.5956,30.0,0.33
1084,3.56,20.6634,34.0,0.42
1085,3.76,114763.9941,32.0,0.3
1086,3.56,283016.357,33.0,0.36
1087,3.44,17.6424,33.0,0.25
1088,6.28,4.8815,7.0,0.19
1089,3.72,17.6146,33.0,0.2
1090,6.36,3.8007,8.0,0.23
1091,4.8,762374.262,8.0,0.21
1092,3.12,26.461,33.0,0.23
1093,4.16,1.8362,13.0,0.21
1094,3.72,39.0649,35.0,0.24
1095,10.24,0.3383,10.0,0.21
1096,4.08,36.9112,34.0,0.23
1097,7.4,56485.2985,8.0,0.22
1098,6.52,2.1805,6.0,0.23
1099,3.04,17.6776,32.0,0.23
1100,6.36,4.3414,8.0,0.22
1101,3.8,0.0523,33.0,0.22
1102,8.2,64473.4759,10.0,0.22
1103,6.4,3.8022,7.0,0.19
1104,6.0,4.8829,10.0,0.23
1105,6.0,5.4233,10.0,0.2
1106,8.8,2.482,8.0,0.22
1107,6.4,3.8562,7.0,0.2
1108,6.56,4.8834,7.0,0.22
1109,6.44,4.341,6.0,0.21
1110,5.96,4.3978,8.0,0.24
1111,5.96,5.9644,9.0,0.23
1112,8.0,359697.3328,6.0,0.28
1113,5.96,4.8834,10.0,0.25
1114,3.68,168301.9453,31.0,0.22
1115,3.28,0.104,33.0,0.21
1116,3.04,8.8522,33.0,0.19
1117,5.96,4.8826,11.0,0.18
1118,4.08,67848.6894,13.0,0.2
1119,3.48,8.8232,28.0,0.2
1120,6.4,4.3422,8.0,0.2
1121,9.2,0.0694,15.0,0.18
1122,3.44,8.8589,34.0,0.28
1123,3.04,8.8938,34.0,0.29
1124,5.08,108.1257,8.0,0.26
1125,6.24,4.3427,8.0,0.25
1126,3.44,17.6191,33.0,0.35
1127,5.92,5.4233,10.0,0.22
1128,6.96,56465.6944,11.0,0.25
1129,3.44,8.8529,32.0,0.24
1130,3.16,8.887,35.0,0.22
1131,5.76,5.9642,10.0,0.21
1132,6.24,5.4241,7.0,0.19
1133,3.12,8.8512,32.0,0.18
1134,3.56,17.6405,29.0,0.2
1135,3.16,17.6372,35.0,0.19
1136,5.12,490982.1715,8.0,0.21
1137,8.0,0.018,8.0,0.21
1138,3.64,168296.4122,32.0,0.25
1139,3.4,17.6726,34.0,0.19
1140,6.2,4.8842,9.0,0.25
1141,3.04,0.1069,31.0,0.22
1142,3.4,35.1959,34.0,0.8
1143,6.08,4.8824,8.0,0.22
1144,3.16,26.4025,34.0,0.27
1145,6.12,4.3967,9.0,0.24
1146,6.6,3.3158,6.0,0.19
1147,3.16,17.6053,29.0,0.21
1148,5.84,5.4249,12.0,0.18
1149,6.0,5.4245,10.0,0.22
1150,5.96,4.8834,11.0,0.19
1151,9.88,0.0306,13.0,0.27
1152,8.72,2.5327,10.0,0.27
1153,10.08,0.1743,12.0,0.29
1154,4.4,0.9944,10.0,0.21
1155,4.36,694523.8826,12.0,0.19
1156,5.24,108.5943,7.0,0.2
1157,6.04,4.3422,9.0,0.18
1158,6.0,4.9385,9.0,0.24
1159,5.76,5.9642,10.0,0.2
1160,4.76,746336.2005,10.0,0.23
1161,2.88,19.4051,37.0,0.25
1162,4.08,67851.1468,13.0,0.25
1163,6.04,5.4242,10.0,0.29
1164,2.84,8.8401,30.0,0.22
1165,6.04,4.8826,10.0,0.24
1166,10.52,0.3421,12.0,0.22
1167,3.76,8.846,34.0,0.25
1168,2.84,17.6393,31.0,0.26
1169,10.04,0.1968,11.0,0.24
1170,5.88,5.9644,9.0,0.25
1171,3.0,8.8692,32.0,0.26
1172,3.24,17.6306,33.0,0.22
1173,4.04,3.0472,15.0,0.21
1174,2.88,8.8901,29.0,0.19
1175,4.08,67849.5305,15.0,0.18
1176,9.4,2.8917,12.0,0.2
1177,3.0,0.1073,34.0,0.2
1178,3.2,8.8751,34.0,0.24
1179,2.84,8.8462,34.0,0.21
1180,8.0,32236.7253,11.0,0.22
1181,6.2,5.4232,10.0,0.28
1182,6.04,5.4238,10.0,0.23
1183,9.72,0.0222,11.0,0.2
1184,4.68,407095.2883,14.0,0.2
1185,3.04,0.1141,34.0,0.23
1186,6.0,6.0194,5.0,0.2
1187,4.08,339243.2997,17.0,0.21
1188,6.04,5.4789,8.0,0.21
1189,5.96,5.964,9.0,0.23
1190,5.88,6.7266,10.0,0.21
1191,2.64,8.8678,30.0,0.3
1192,5.96,4.9389,10.0,0.26
1193,5.88,5.4237,11.0,0.28
1194,2.88,8.8791,31.0,0.29
1195,2.8,26.4349,34.0,0.26
1196,6.04,5.4232,10.0,0.27
1197,3.16,0.0727,31.0,0.27
1198,2.92,17.6202,36.0,0.28
1199,4.08,67851.3019,17.0,0.29
1200,9.44,2.524,9.0,0.26
1201,8.6,2.5139,9.0,0.21
1202,5.92,5.4238,10.0,0.25
1203,6.08,4.8829,9.0,0.26
1204,5.96,4.8831,10.0,0.23
1205,2.96,20.7431,37.0,0.22
1206,4.04,2.5121,14.0,0.24
1207,8.12,0.0187,13.0,0.21
1208,2.92,17.6232,31.0,0.21
1209,6.44,5.423,7.0,0.21
1210,10.04,0.0217,14.0,0.22
1211,5.8,5.4232,12.0,0.2
1212,2.92,8.8836,30.0,0.23
1213,3.88,0.8938,19.0,0.22
1214,4.0,67849.5363,13.0,0.22
1215,6.36,360088.6591,9.0,0.21
1216,3.08,0.161,34.0,0.25
1217,9.32,0.176,10.0,0.21
1218,5.92,5.4236,10.0,0.23
1219,5.88,5.4235,11.0,0.23
1220,2.92,0.0566,33.0,0.2
1221,5.88,5.4238,11.0,0.18
1222,6.2,4.9383,5.0,0.2
1223,5.64,7.0443,11.0,0.2
1224,5.92,5.4234,9.0,0.19
1225,2.88,0.0935,30.0,0.24
1226,2.72,17.6687,32.0,0.19
1227,7.48,0.0093,15.0,0.24
1228,2.68,0.0706,31.0,0.18
1229,2.88,8.9043,33.0,0.19
1230,3.36,0.0552,33.0,0.34
1231,2.88,0.0938,31.0,0.22
1232,3.88,0.886,19.0,0.27
1233,6.0,5.4237,10.0,0.26
1234,5.76,5.9845,11.0,0.24
1235,6.08,5.4796,8.0,0.27
1236,8.88,2.5036,9.0,0.22
1237,2.68,0.0927,33.0,0.21
1238,3.28,8.8782,30.0,0.24
1239,2.96,8.8671,31.0,0.25
1240,3.84,0.9013,19.0,0.21
1241,2.84,0.1091,36.0,0.24
1242,7.48,32236.7305,16.0,0.26
1243,6.0,5.4234,10.0,0.24
1244,5.12,719444.9096,8.0,0.27
1245,6.0,5.4241,10.0,0.23
1246,6.0,4.883,9.0,0.2
1247,3.8,67848.6878,17.0,0.19
1248,3.88,0.0386,23.0,0.18
1249,7.88,0.0254,11.0,0.22
1250,2.88,8.8506,32.0,0.18
1251,4.36,407092.814,16.0,0.19
1252,3.04,8.8811,35.0,0.21
1253,7.88,0.0199,14.0,0.21
1254,6.0,5.4244,10.0,0.19
1255,6.44,4.9391,9.0,0.19
1256,5.96,4.8828,10.0,0.18
1257,2.88,0.0896,32.0,0.19
1258,5.8,5.4238,12.0,0.24
1259,5.92,4.9388,9.0,0.19
1260,2.72,8.9032,32.0,0.23
1261,5.96,5.4235,10.0,0.21
1262,6.0,5.4241,10.0,0.23
1263,5.96,5.9641,9.0,0.18
1264,2.6,0.1351,33.0,0.2
1265,2.92,0.1594,36.0,0.21
1266,6.04,5.4241,11.0,0.2
1267,5.8,5.4402,12.0,0.21
1268,7.92,32236.733,12.0,0.18
1269,5.92,5.4234,11.0,0.21
1270,2.88,0.0849,34.0,0.19
1271,9.72,0.1869,15.0,0.22
1272,2.88,0.119,34.0,0.69
1273,2.92,8.8805,33.0,0.22
1274,6.0,5.424,10.0,0.3
1275,8.0,0.0283,13.0,0.31
1276,3.88,2.5049,18.0,0.23
1277,2.84,0.1135,28.0,0.28
1278,8.48,0.118,7.0,0.22
1279,5.8,5.4233,12.0,0.21
1280,6.0,5.4231,10.0,0.25
1281,2.96,8.8402,32.0,0.26
1282,2.84,0.0905,34.0,0.28
1283,5.88,5.4243,11.0,0.21
1284,5.36,72.0782,7.0,0.22
1285,2.92,0.091,34.0,0.19
1286,2.68,8.8556,33.0,0.21
1287,5.8,5.4232,12.0,0.21
1288,3.36,28.5497,33.0,0.24
1289,3.12,8.8564,30.0,0.22
1290,4.0,2.6501,17.0,0.18
1291,2.68,0.0956,34.0,0.18
1292,7.4,0.0196,13.0,0.2
1293,6.04,5.4234,10.0,0.19
1294,2.56,8.8564,34.0,0.19
1295,3.04,0.1171,31.0,0.21
1296,6.12,5.4236,8.0,0.21
1297,3.28,8.868,31.0,0.25
1298,4.8,359752.4166,7.0,0.27
1299,3.12,0.0897,31.0,0.21
1300,3.12,8.8901,30.0,0.19
1301,4.88,102.1549,7.0,0.23
1302,3.88,1.7974,19.0,0.19
1303,2.88,8.8839,31.0,0.21
1304,6.04,5.4234,10.0,0.2
1305,2.92,0.1239,34.0,0.28
1306,2.8,0.0875,30.0,0.24
1307,3.08,0.0578,33.0,0.22
1308,3.0,0.0662,31.0,0.27
1309,2.72,17.6467,36.0,0.26
1310,2.88,0.135,32.0,0.28
1311,2.88,0.1077,34.0,0.26
1312,3.88,339244.1488,18.0,0.27
1313,2.92,0.1481,31.0,0.21
1314,2.68,0.0652,32.0,0.27
1315,8.48,0.0602,11.0,0.26
1316,8.0,0.0144,14.0,0.29
1317,4.04,339244.16,16.0,0.24
1318,6.92,0.3662,12.0,0.21
1319,2.68,0.0787,34.0,0.18
1320,5.8,5.4238,12.0,0.18
1321,3.04,17.6468,32.0,0.24
1322,8.2,32236.7444,12.0,0.2
1323,2.96,0.0776,32.0,0.19
1324,6.76,0.3637,13.0,0.19
1325,3.24,33888.0331,29.0,0.22
1326,2.68,0.1114,33.0,0.18
1327,3.0,8.8707,28.0,0.21
1328,9.6,0.1804,10.0,0.19
1329,2.76,0.0546,32.0,0.19
1330,7.16,0.0321,11.0,0.24
1331,5.96,5.4235,11.0,0.22
1332,6.0,5.424,10.0,0.22
1333,8.56,0.0816,8.0,0.2
1334,5.8,5.4238,12.0,0.26
1335,5.92,5.4235,10.0,0.23
1336,3.0,112428.0493,32.0,0.23
1337,2.8,0.1122,32.0,0.21
1338,4.2,67852.1638,14.0,0.25
1339,8.4,0.03,11.0,0.23
1340,3.12,8.8572,32.0,0.22
1341,3.08,8.8618,32.0,0.22
1342,8.32,0.0252,12.0,0.26
1343,2.72,8.8898,32.0,0.22
1344,6.76,0.0198,13.0,0.22
1345,6.44,4.9113,9.0,0.25
1346,5.84,5.9628,11.0,0.18
1347,10.2,0.3917,11.0,0.23
1348,2.76,9.066,34.0,0.2
1349,4.24,407091.9533,11.0,0.19
1350,10.08,0.4676,11.0,0.19
1351,6.0,5.4234,10.0,0.19
1352,5.88,5.4237,10.0,0.24
1353,5.8,5.4234,11.0,0.25
1354,3.32,0.0839,31.0,0.29
1355,6.0,5.4232,10.0,0.21
1356,2.76,8.896,32.0,0.27
1357,7.88,0.0099,13.0,0.29
1358,5.92,5.4238,10.0,0.31
1359,5.84,5.9637,10.0,0.27
1360,2.76,0.0653,31.0,0.26
1361,10.0,5.5494,9.0,0.26
1362,6.0,5.423,10.0,0.25
1363,6.04,5.4234,10.0,0.3
1364,2.8,8.9097,31.0,0.3
1365,8.84,2.496,13.0,0.25
1366,2.92,0.0999,32.0,0.2
1367,6.0,5.4239,10.0,0.19
1368,2.68,0.2623,35.0,0.2
1369,5.8,5.4228,11.0,0.2
1370,8.2,0.0376,13.0,0.22
1371,6.96,0.3517,10.0,0.21
1372,6.0,5.4235,10.0,0.19
1373,5.8,5.4234,12.0,0.24
1374,6.16,4.8834,9.0,0.22
1375,8.88,0.0504,10.0,0.18
1376,3.04,0.095,32.0,0.2
1377,2.88,8.8504,32.0,0.18
1378,5.84,5.4234,9.0,0.21
1379,4.08,2.7115,18.0,0.19
1380,5.88,5.4234,11.0,0.19
1381,6.0,5.4243,10.0,0.2
1382,4.08,0.0275,16.0,0.2
1383,2.8,0.0821,30.0,0.21
1384,2.88,0.0822,34.0,0.2
1385,6.16,4.8843,9.0,0.2
1386,5.8,5.425,11.0,0.2
1387,3.52,0.1196,32.0,0.2
1388,2.8,8.8852,33.0,0.24
1389,9.96,0.3562,10.0,0.19
1390,3.12,0.079,32.0,0.21
1391,8.36,0.0778,7.0,0.18
1392,7.68,352336.0371,15.0,0.19
1393,3.16,8.8915,32.0,0.19
1394,5.84,5.4238,11.0,0.22
1395,4.08,0.877,14.0,0.18
1396,5.8,5.4236,12.0,0.21
1397,3.88,407093.5689,17.0,0.2
1398,6.08,5.424,8.0,0.21
1399,3.16,0.0349,26.0,0.23
1400,7.56,0.0272,13.0,0.18
1401,2.92,0.0781,33.0,0.2
1402,5.84,5.9645,10.0,0.18
1403,2.88,8.8625,33.0,0.22
1404,3.48,0.0209,17.0,0.28
1405,2.68,0.0907,35.0,0.25
1406,6.0,5.4234,10.0,0.24
1407,3.28,0.0626,33.0,0.2
1408,5.8,5.4241,12.0,0.2
1409,2.8,8.8724,31.0,0.19
1410,3.04,0.1136,33.0,0.2
1411,2.68,0.1006,34.0,0.18
1412,2.68,8.9238,37.0,0.18
1413,3.24,0.0966,33.0,0.2
1414,3.08,8.8922,34.0,0.19
1415,6.0,5.4238,10.0,0.22
1416,3.8,2.6552,21.0,0.2
1417,2.68,8.8661,32.0,0.18
1418,6.96,0.3699,9.0,0.22
1419,2.92,0.0983,33.0,0.23
1420,2.92,0.0328,33.0,0.19
1421,5.92,5.4242,10.0,0.18
1422,4.0,1.656,19.0,0.18
1423,4.0,67851.3115,17.0,0.19
1424,5.8,5.4456,12.0,0.23
1425,3.08,0.1006,32.0,0.22
1426,2.88,8.8923,35.0,0.28
1427,9.28,0.0622,6.0,0.22
1428,5.56,5.9633,11.0,0.24
1429,5.8,5.4651,12.0,0.23
1430,5.88,5.4239,11.0,0.22
1431,2.92,8.8623,32.0,0.28
1432,6.4,425.8305,9.0,0.2
1433,6.0,5.4237,10.0,0.23
1434,3.88,339243.2996,17.0,0.2
1435,6.04,7.118,10.0,0.22
1436,5.72,5.4235,12.0,0.18
1437,5.76,5.981,9.0,0.21
1438,8.84,0.064,9.0,0.22
1439,6.0,5.4238,10.0,0.25
1440,4.6,49.9415,9.0,0.2
1441,5.96,5.9639,9.0,0.26
1442,2.64,8.8855,33.0,0.22
1443,4.2,67848.683,12.0,0.21
1444,3.08,0.0899,33.0,0.23
1445,9.32,0.8186,12.0,0.21
1446,3.16,8.8553,30.0,0.19
1447,5.88,5.4236,11.0,0.22
1448,5.88,5.4238,10.0,0.2
1449,5.96,352341.4473,10.0,0.19
1450,5.88,5.9638,11.0,0.19
1451,2.8,0.1126,33.0,0.27
1452,8.0,0.025,11.0,0.27
1453,6.0,5.4231,10.0,0.2
1454,5.84,5.9637,8.0,0.21
1455,2.88,8.877,29.0,0.21
1456,2.88,8.8719,30.0,0.21
1457,5.88,5.4232,11.0,0.31
1458,6.0,5.9644,9.0,0.23
1459,4.16,67849.5486,18.0,0.19
1460,2.76,8.8671,33.0,0.23
1461,2.88,0.129,32.0,0.2
1462,6.2,5.4241,10.0,0.19
1463,2.76,8.8926,36.0,0.19
1464,3.32,0.0726,31.0,0.21
1465,5.8,4.9395,8.0,0.21
1466,5.8,5.4238,11.0,0.21
1467,6.0,5.4234,10.0,0.21
1468,3.88,2.6504,18.0,0.21
1469,3.12,0.0728,32.0,0.22
1470,6.0,5.4235,10.0,0.3
1471,3.88,407093.573,16.0,0.24
1472,2.8,0.102,34.0,0.32
1473,5.88,5.4231,11.0,0.29
1474,2.68,0.1006,33.0,0.24
1475,3.12,8.8912,32.0,0.26
1476,2.68,0.0835,33.0,0.25
1477,2.68,8.8889,31.0,0.25
1478,5.64,5.9631,13.0,0.23
1479,7.76,32236.7303,15.0,0.26
1480,6.0,5.4234,10.0,0.24
1481,5.8,5.4242,12.0,0.24
1482,9.08,0.5213,10.0,0.31
1483,2.68,8.8796,35.0,0.28
1484,8.12,0.0323,12.0,0.25
1485,2.88,0.0722,32.0,0.26
1486,6.2,5.4241,10.0,0.26
1487,2.88,8.8769,29.0,0.28
1488,7.88,0.0276,16.0,0.26
1489,7.56,32236.7351,13.0,0.24
1490,5.84,5.4238,11.0,0.22
1491,6.16,5.4235,10.0,0.26
1492,2.8,8.9149,34.0,0.28
1493,3.88,0.8866,17.0,0.28
1494,2.76,0.0893,33.0,0.27
1495,2.88,8.9003,30.0,0.27
1496,8.0,32236.7354,10.0,0.27
1497,6.52,0.2178,13.0,0.24
1498,6.0,5.4233,10.0,0.2
1499,5.88,5.4229,11.0,0.24
1500,3.12,8.8626,31.0,0.25
1501,2.68,0.0816,32.0,0.29
1502,2.88,8.8782,31.0,0.21
1503,8.52,0.0742,9.0,0.27
1504,5.84,5.4236,11.0,0.23
1505,5.92,5.4236,10.0,0.27
1506,6.0,5.4238,9.0,0.26
1507,6.92,0.3554,13.0,0.25
1508,2.92,0.0764,29.0,0.25
1509,2.8,8.8952,31.0,0.23
1510,6.0,5.4234,10.0,0.27
1511,9.6,0.027,11.0,0.27
1512,3.6,0.8877,19.0,0.22
1513,2.84,8.8868,35.0,0.2
1514,2.88,8.8388,30.0,0.21
1515,3.04,8.874,33.0,0.19
1516,5.8,5.435,12.0,0.26
1517,8.76,0.0494,10.0,0.3
1518,3.12,0.0905,32.0,0.24
1519,2.8,0.1056,31.0,0.24
1520,9.08,2.521,6.0,0.23
1521,6.04,5.4237,10.0,0.24
1522,2.96,8.8664,30.0,0.28
1523,6.88,0.3692,10.0,0.25
1524,9.32,0.1898,13.0,0.28
1525,2.76,8.8568,34.0,0.24
1526,3.88,67849.5464,18.0,0.24
1527,8.56,0.0901,7.0,0.27
1528,2.68,8.8215,32.0,0.27
1529,6.0,5.4234,10.0,0.21
1530,3.12,0.0959,32.0,0.75
1531,2.92,0.0924,33.0,0.28
1532,2.88,8.8675,32.0,0.25
1533,4.08,2.7018,13.0,0.23
1534,2.68,0.0936,32.0,0.28
1535,4.08,67849.5411,19.0,0.25
1536,3.96,339244.1491,18.0,0.25
1537,2.88,8.9128,32.0,0.28
1538,2.92,8.8744,33.0,0.28
1539,7.04,0.362,10.0,0.27
1540,6.0,5.4235,10.0,0.29
1541,4.0,67849.5401,18.0,0.3
1542,6.04,5.4232,10.0,0.28
1543,5.8,5.424,12.0,0.26
1544,6.04,5.4235,10.0,0.24
1545,2.88,0.1086,35.0,0.23
1546,6.0,5.4227,10.0,0.26
1547,8.12,0.0177,13.0,0.31
1548,6.0,5.4235,10.0,0.28
1549,6.2,5.4238,10.0,0.26
1550,3.04,0.0942,30.0,0.26
1551,6.08,5.4227,10.0,0.23
1552,7.72,0.0189,17.0,0.19
1553,3.92,339243.2989,16.0,0.24
1554,10.0,0.1875,11.0,0.26
1555,9.92,0.3548,12.0,0.28
1556,2.8,8.8608,31.0,0.3
1557,2.88,0.1297,33.0,0.25
1558,3.92,0.0261,14.0,0.2
1559,5.96,5.9647,11.0,0.21
1560,8.92,0.0598,6.0,0.27
1561,3.04,8.8626,33.0,0.2
1562,3.12,8.8154,29.0,0.22
1563,2.88,8.8707,29.0,0.19
1564,6.0,5.4237,10.0,0.26
1565,4.2,339244.1611,19.0,0.26
1566,3.2,0.1128,32.0,0.25
1567,8.68,2.5242,8.0,0.23
1568,3.12,8.8614,29.0,0.3
1569,5.8,5.4234,11.0,0.34
1570,2.76,0.0722,33.0,0.31
1571,5.96,5.4238,11.0,0.31
1572,2.92,8.8515,34.0,0.23
1573,3.12,0.0912,33.0,0.29
1574,2.8,8.8561,32.0,0.25
1575,4.84,72.0672,5.0,0.25
1576,8.6,0.1185,10.0,0.28
1577,7.56,146.5881,5.0,0.25
1578,4.2,3.4891,16.0,0.27
1579,7.6,32236.7308,12.0,0.22
1580,4.08,67851.1537,14.0,0.25
1581,3.88,0.0374,18.0,0.34
1582,4.08,407091.9517,16.0,0.22
1583,3.12,8.8863,33.0,0.31
1584,6.84,0.0216,12.0,0.31
1585,6.0,5.4239,10.0,0.21
1586,7.76,32236.7449,11.0,0.25
1587,2.88,17.6753,35.0,0.3
1588,5.96,4.3431,10.0,0.22
1589,3.12,8.8587,32.0,0.19
1590,6.0,5.4237,10.0,0.2
1591,2.68,8.9236,33.0,0.24
1592,2.8,8.8612,31.0,0.23
1593,3.32,0.1038,33.0,0.35
1594,2.88,0.1134,34.0,0.27
1595,2.76,0.129,33.0,0.27
1596,5.8,5.4232,12.0,0.25
1597,3.04,8.8433,28.0,0.23
1598,2.88,8.9135,33.0,0.26
1599,9.52,0.0981,10.0,0.27
1600,2.88,0.1057,31.0,0.25
1601,6.36,4.3991,8.0,0.22
1602,6.0,4.9387,9.0,0.19
1603,5.8,5.4242,12.0,0.27
1604,2.68,0.0908,36.0,0.26
1605,2.8,0.1027,35.0,0.18
1606,6.4,425.8304,9.0,0.24
1607,7.96,0.015,15.0,0.23
1608,5.8,5.4233,11.0,0.22
1609,2.88,8.8663,31.0,0.21
1610,5.92,5.4232,10.0,0.22
1611,5.8,5.5515,12.0,0.26
1612,2.88,0.119,34.0,0.24
1613,3.04,8.8967,32.0,0.27
1614,2.92,8317.3559,34.0,0.26
1615,3.04,0.1167,29.0,0.21
1616,5.68,6.5042,12.0,0.19
1617,6.0,5.4236,10.0,0.19
1618,2.88,0.0702,29.0,0.19
1619,4.08,67848.681,15.0,0.18
1620,2.88,8.8718,30.0,0.2
1621,2.68,0.1278,31.0,0.19
1622,3.88,407091.9694,20.0,0.22
1623,5.88,5.4236,11.0,0.19
1624,3.12,0.1018,32.0,0.23
1625,8.64,0.0576,11.0,0.26
1626,9.48,0.1714,10.0,0.24
1627,6.76,0.0265,12.0,0.27
1628,8.04,0.015,11.0,0.25
1629,2.88,0.0955,33.0,0.26
1630,6.0,5.424,10.0,0.26
1631,2.76,8.8355,36.0,0.27
1632,8.68,0.0548,9.0,0.23
1633,2.68,8.845,31.0,0.22
1634,8.72,0.0642,7.0,0.33
1635,3.2,0.0721,31.0,0.21
1636,5.96,5.9641,9.0,0.21
1637,5.88,5.424,11.0,0.22
1638,9.68,0.1797,9.0,0.19
1639,3.8,0.8793,18.0,0.2
1640,2.96,8.8909,32.0,0.22
1641,3.36,0.0785,32.0,0.24
1642,2.88,8.8794,33.0,0.25
1643,7.88,0.0202,15.0,0.19
1644,3.04,8.8611,31.0,0.2
1645,2.92,0.0722,32.0,0.23
1646,2.68,0.0912,37.0,0.23
1647,6.76,0.024,12.0,0.2
1648,6.0,5.4233,10.0,0.2
1649,5.8,5.4239,11.0,0.76
1650,6.04,5.4239,10.0,0.24
1651,6.04,5.434,10.0,0.23
1652,5.8,5.4396,9.0,0.23
1653,2.92,8.8737,33.0,0.27
1654,7.56,0.0134,15.0,0.21
1655,9.24,0.0643,10.0,0.21
1656,3.96,67848.6782,14.0,0.18
1657,5.8,5.4237,11.0,0.18
1658,2.88,8.8862,34.0,0.3
1659,3.64,0.0279,18.0,0.26
1660,6.0,5.4238,10.0,0.32
1661,3.12,8.851,31.0,0.25
1662,5.8,5.4233,12.0,0.28
1663,3.32,8.8851,32.0,0.27
1664,2.88,8.862,32.0,0.28
1665,2.84,8.8798,31.0,0.25
1666,3.04,17.6302,34.0,0.28
1667,10.08,5.8654,8.0,0.26
1668,2.68,8.8788,34.0,0.21
1669,2.88,0.0836,32.0,0.21
1670,2.88,0.0836,32.0,0.21
1671,5.88,4.8834,11.0,0.22
1672,2.92,8.8625,33.0,0.26
1673,6.0,5.4241,10.0,0.25
1674,6.04,5.9826,10.0,0.27
1675,5.8,5.4387,12.0,0.2
1676,8.64,0.0443,13.0,0.26
1677,5.84,5.4237,11.0,0.29
1678,6.12,5.423,10.0,0.28
1679,8.88,0.0634,11.0,0.24
1680,2.72,0.0706,30.0,0.23
1681,5.88,5.4228,11.0,0.3
1682,2.92,8.9074,32.0,0.27
1683,9.16,0.0908,7.0,0.26
1684,6.0,5.4242,10.0,0.32
1685,6.76,0.3586,12.0,0.29
1686,5.88,5.4239,11.0,0.27
1687,2.88,8.8626,33.0,0.27
1688,3.0,8.8848,32.0,0.24
1689,5.8,5.424,12.0,0.25
1690,5.88,4.9386,10.0,0.22
1691,3.08,8.8854,34.0,0.24
1692,5.8,5.4242,12.0,0.26
1693,2.68,0.0724,33.0,0.27
1694,6.0,5.424,10.0,0.28
1695,5.88,5.4245,11.0,0.25
1696,5.72,5.9632,12.0,0.23
1697,2.88,0.0656,31.0,0.21
1698,4.8,79.89,11.0,0.25
1699,5.8,5.4232,12.0,0.29
1700,6.0,5.4234,10.0,0.24
1701,3.04,8.8734,31.0,0.22
1702,2.68,8.8702,37.0,0.23
1703,2.8,0.0906,34.0,0.2
1704,5.92,5.4242,10.0,0.2
1705,2.92,0.0606,31.0,0.21
1706,2.84,8.8795,34.0,0.19
1707,9.4,0.344,9.0,0.24
1708,4.08,2.644,16.0,0.24
1709,6.76,0.0208,11.0,0.22
1710,2.68,8.884,33.0,0.2
1711,3.12,8.862,32.0,0.22
1712,8.08,360166.6072,11.0,0.18
1713,3.24,0.0727,31.0,0.18
1714,2.76,0.1007,33.0,0.2
1715,2.68,8.9129,34.0,0.21
1716,4.72,359752.4142,9.0,0.31
1717,6.0,5.4242,11.0,0.29
1718,3.88,67848.7511,18.0,0.26
1719,5.84,5.4231,10.0,0.28
1720,7.52,0.0139,13.0,0.23
1721,2.96,0.117,32.0,0.21
1722,7.32,0.0185,11.0,0.23
1723,5.68,6.504,12.0,0.29
1724,3.12,0.073,31.0,0.22
1725,6.0,5.4235,10.0,0.28
1726,5.8,5.4242,12.0,0.31
1727,3.08,894.2484,30.0,0.29
1728,4.08,67848.6827,17.0,0.24
1729,2.88,0.0836,32.0,0.24
1730,7.92,32236.7381,14.0,0.27
1731,5.72,6.5037,12.0,0.21
1732,5.76,5.9625,11.0,0.22
1733,6.0,5.4233,10.0,0.18
1734,2.68,0.1205,29.0,0.19
1735,5.76,5.9639,10.0,0.18
1736,5.8,5.4239,11.0,0.2
1737,3.2,0.046,33.0,0.22
1738,9.52,0.1888,13.0,0.32
1739,2.92,0.1058,32.0,0.28
1740,3.52,8.8772,31.0,0.33
1741,2.92,0.0684,31.0,0.25
1742,2.8,0.078,32.0,0.22
1743,3.72,67848.6791,17.0,0.22
1744,6.96,359696.9957,10.0,0.24
1745,9.8,5.8678,14.0,0.26
1746,2.76,0.1423,36.0,0.3
1747,6.0,5.4234,10.0,0.33
1748,3.0,2.4184,33.0,0.23
1749,2.92,0.0844,33.0,0.25
1750,5.88,5.4237,11.0,0.21
1751,6.0,5.4241,10.0,0.24
1752,2.88,8.8589,36.0,0.25
1753,6.08,5.4234,9.0,0.26
1754,9.6,0.6603,11.0,0.25
1755,7.12,0.3577,11.0,0.21
1756,4.08,67850.4474,16.0,0.22
1757,3.12,0.0791,32.0,0.22
1758,2.68,8.8866,37.0,0.21
1759,2.92,8.8447,31.0,0.22
1760,5.88,5.4241,11.0,0.24
1761,5.96,4.9383,9.0,0.21
1762,3.0,8.8634,34.0,0.24
1763,5.8,5.4328,12.0,0.2
1764,7.48,0.0273,15.0,0.22
1765,4.0,67849.5379,14.0,0.21
1766,6.0,5.4232,10.0,0.19
1767,2.92,0.0616,34.0,0.22
1768,4.84,121.9956,9.0,0.22
1769,5.92,5.8935,10.0,0.21
1770,2.88,8.8852,33.0,0.19
1771,5.88,5.4242,11.0,0.73
1772,3.12,0.091,33.0,0.2
1773,2.88,0.066,30.0,0.19
1774,2.72,0.076,30.0,0.23
1775,6.16,5.4283,10.0,0.25
1776,6.0,5.4238,10.0,0.26
1777,3.2,8.8392,32.0,0.23
1778,2.68,0.0906,35.0,0.26
1779,4.2,1.7852,13.0,0.26
1780,2.68,8.874,32.0,0.22
1781,4.04,67852.9155,17.0,0.24
1782,10.04,0.1678,12.0,0.21
1783,8.0,0.0182,14.0,0.28
1784,8.84,0.2243,10.0,0.22
1785,2.8,0.1121,32.0,0.24
1786,7.04,56465.3094,9.0,0.23
1787,7.6,0.0139,16.0,0.26
1788,6.64,0.0202,11.0,0.19
1789,2.88,8.9207,34.0,0.23
1790,2.92,0.1297,33.0,0.28
1791,3.0,8.8848,30.0,0.3
1792,6.0,5.4234,10.0,0.25
1793,8.84,0.0624,6.0,0.27
1794,2.92,0.1125,33.0,0.18
1795,2.88,8.8536,32.0,0.26
1796,5.96,5.9642,7.0,0.2
1797,3.12,0.1008,31.0,0.23
1798,5.84,6.505,4.0,0.22
1799,3.8,0.8848,22.0,0.2
1800,2.68,8.9978,34.0,0.19
1801,3.72,339243.2984,19.0,0.18
1802,5.76,5.9638,8.0,0.2
1803,2.8,0.1078,34.0,0.18
1804,2.76,0.0792,33.0,0.23
1805,2.8,8.918,31.0,0.26
1806,2.88,0.061,32.0,0.21
1807,5.96,5.4242,9.0,0.24
1808,2.68,8.862,34.0,0.22
1809,2.76,8.8452,34.0,0.21
1810,3.88,67849.5389,19.0,0.28
1811,9.32,0.067,12.0,0.24
1812,2.68,8.8675,33.0,0.24
1813,6.0,5.4231,10.0,0.23
1814,2.92,8.8832,31.0,0.18
1815,6.0,5.4232,10.0,0.22
1816,5.88,5.4241,11.0,0.32
1817,2.76,0.1069,34.0,0.22
1818,3.04,0.0546,29.0,0.27
1819,3.88,339244.159,18.0,0.31
1820,2.84,8.8289,33.0,0.2
1821,2.96,0.1194,34.0,0.2
1822,2.92,0.1009,32.0,0.22
1823,5.96,5.4232,10.0,0.23
1824,2.8,0.1129,33.0,0.25
1825,6.0,5.4229,9.0,0.25
1826,7.92,0.0133,13.0,0.2
1827,2.68,0.2111,32.0,0.23
1828,7.64,0.0206,14.0,0.19
1829,3.12,8308.5706,30.0,0.19
1830,4.08,339244.1442,15.0,0.2
1831,6.0,5.4232,10.0,0.21
1832,6.0,5.4239,10.0,0.26
1833,5.8,5.4237,12.0,0.22
1834,10.0,0.5102,12.0,0.21
1835,2.88,8.8574,34.0,0.26
1836,3.12,0.1183,32.0,0.28
1837,2.88,8.8676,32.0,0.28
1838,2.92,0.084,29.0,0.2
1839,3.0,0.0881,27.0,0.27
1840,3.12,8.8855,32.0,0.22
1841,6.0,5.4233,10.0,0.23
1842,9.92,0.3633,10.0,0.26
1843,3.0,0.0773,30.0,0.27
1844,5.8,5.4242,9.0,0.24
1845,5.72,5.9643,8.0,0.21
1846,2.88,0.0608,32.0,0.2
1847,6.44,4.9115,8.0,0.27
1848,5.76,5.9642,11.0,0.23
1849,10.24,5.8614,7.0,0.2
1850,2.68,0.0736,32.0,0.18
1851,9.88,6.0246,12.0,0.18
1852,3.08,0.0907,28.0,0.2
1853,9.16,0.0721,7.0,0.21
1854,6.0,5.4237,10.0,0.23
1855,6.76,0.3565,10.0,0.33
1856,7.28,0.764,11.0,0.27
1857,6.76,0.3603,11.0,0.3
1858,5.96,5.4239,10.0,0.22
1859,5.56,5.9636,13.0,0.2
1860,5.32,140.2456,7.0,0.22
1861,8.52,0.1162,6.0,0.21
1862,2.88,0.0526,28.0,0.23
1863,3.0,8.847,35.0,0.23
1864,2.68,0.0736,36.0,0.21
1865,6.0,5.424,10.0,0.24
1866,6.0,5.424,10.0,0.3
1867,6.08,4.9384,8.0,0.2
1868,2.68,8.8682,33.0,0.24
1869,4.08,339244.2218,18.0,0.27
1870,2.8,8.8916,34.0,0.28
1871,3.72,2.644,17.0,0.2
1872,6.0,5.4236,9.0,0.22
1873,2.8,0.0785,33.0,0.21
1874,3.0,8.8406,29.0,0.28
1875,4.6,69.9124,9.0,0.25
1876,6.0,5.4239,10.0,0.26
1877,6.0,5.4229,10.0,0.25
1878,6.0,5.4236,10.0,0.22
1879,9.72,0.0276,15.0,0.22
1880,2.92,8.863,34.0,0.25
1881,2.92,8.8508,32.0,0.23
1882,5.8,5.4234,12.0,0.31
1883,2.96,0.2064,30.0,0.27
1884,4.0,339339.5896,18.0,0.22
1885,6.08,5.424,10.0,0.19
1886,7.6,0.0198,13.0,0.21
1887,5.92,5.4237,10.0,0.26
1888,2.76,8.8682,34.0,0.24
1889,7.48,0.0203,13.0,0.33
1890,2.68,0.1051,32.0,0.25
1891,5.8,5.424,9.0,0.24
1892,5.88,5.4233,11.0,0.29
1893,10.2,0.3454,10.0,0.27
1894,6.2,3.428,7.0,0.27
1895,4.08,339243.3009,17.0,0.29
1896,3.04,0.1015,32.0,0.81
1897,6.08,5.4468,10.0,0.29
1898,3.72,0.026,18.0,0.32
1899,3.0,8.8902,33.0,0.33
1900,5.8,5.4227,12.0,0.25
1901,6.16,5.4238,10.0,0.28
1902,6.0,5.4233,10.0,0.27
1903,5.8,5.4244,11.0,0.24
1904,2.88,8.838,30.0,0.25
1905,6.2,5.4233,10.0,0.27
1906,2.68,8.8436,32.0,0.21
1907,6.0,5.4237,10.0,0.24
1908,3.12,0.0715,29.0,0.21
1909,2.88,0.0432,31.0,0.23
1910,2.76,0.1045,30.0,0.26
1911,5.8,5.4241,12.0,0.3
1912,6.12,5.4235,10.0,0.24
1913,2.88,8.9035,34.0,0.26
1914,2.76,0.0886,32.0,0.24
1915,3.96,0.03,17.0,0.24
1916,2.88,8.8776,30.0,0.24
1917,2.92,0.0953,32.0,0.23
1918,2.92,8.9154,36.0,0.22
1919,6.2,5.4234,10.0,0.22
1920,2.68,0.0892,34.0,0.21
1921,2.88,8.8924,35.0,0.23
1922,9.68,0.3532,14.0,0.23
1923,6.16,5.4236,10.0,0.24
1924,2.92,8.8781,32.0,0.21
1925,6.0,4.883,9.0,0.27
1926,8.68,0.3958,11.0,0.21
1927,2.68,0.0741,36.0,0.19
1928,4.52,89.87,10.0,0.19
1929,2.88,8.8736,33.0,0.23
1930,2.88,0.0722,32.0,0.21
1931,3.24,0.0674,32.0,0.27
1932,3.12,0.0663,30.0,0.32
1933,4.08,67851.1618,19.0,0.35
1934,2.68,8.8987,38.0,0.22
1935,2.88,16.3691,33.0,0.2
1936,8.32,32236.7438,13.0,0.24
1937,6.92,0.0234,12.0,0.22
1938,5.88,5.4345,11.0,0.21
1939,2.88,0.0906,34.0,0.21
1940,6.12,5.424,10.0,0.21
1941,2.8,0.0838,32.0,0.21
1942,2.72,8.8502,32.0,0.24
1943,3.28,33888.0349,32.0,0.23
1944,6.0,5.423,10.0,0.23
1945,4.72,49.9381,9.0,0.24
1946,2.68,8.8627,34.0,0.22
1947,3.0,8.886,34.0,0.22
1948,9.36,2.5106,5.0,0.22
1949,6.04,5.424,10.0,0.25
1950,6.92,0.0239,12.0,0.21
1951,2.68,0.0666,33.0,0.21
1952,2.68,0.0906,33.0,0.23
1953,4.08,1.7928,15.0,0.22
1954,5.92,5.4237,10.0,0.22
1955,9.2,0.0789,6.0,0.22
1956,8.44,0.0629,14.0,0.23
1957,9.36,0.1404,8.0,0.24
1958,2.84,8.8642,34.0,0.26
1959,8.52,0.066,8.0,0.25
1960,8.76,0.0815,3.0,0.26
1961,5.8,5.4235,12.0,0.23
1962,9.8,0.467,6.0,0.26
1963,3.32,0.0838,31.0,0.22
1964,6.0,5.4237,9.0,0.21
1965,6.0,5.4234,10.0,0.23
1966,3.32,8.8628,31.0,0.25
1967,5.96,5.4242,11.0,0.25
1968,4.0,67851.3074,16.0,0.24
1969,3.0,8.8579,34.0,0.23
1970,6.0,5.4239,9.0,0.26
1971,3.0,8.8619,32.0,0.29
1972,5.32,359821.0802,8.0,0.26
1973,2.88,0.0886,31.0,0.23
1974,2.68,0.0994,32.0,0.21
1975,5.8,5.424,12.0,0.2
1976,2.84,9.3932,31.0,0.23
1977,6.84,0.0119,11.0,0.19
1978,7.64,0.0095,14.0,0.18
1979,2.88,8.8965,32.0,0.19
1980,2.88,8.8569,33.0,0.22
1981,3.52,120022.5154,33.0,0.2
1982,6.08,5.4231,9.0,0.2
1983,5.48,5.9633,12.0,0.25
1984,3.76,0.024,15.0,0.21
1985,3.92,0.882,16.0,0.25
1986,2.88,0.0942,31.0,0.25
1987,2.88,0.0845,33.0,0.25
1988,4.72,359762.392,8.0,0.23
1989,2.96,8.8442,30.0,0.21
1990,7.12,0.0138,10.0,0.25
1991,2.92,0.4551,35.0,0.24
1992,2.76,0.0617,35.0,0.27
1993,2.92,8.8451,33.0,0.22
1994,5.44,359774.539,7.0,0.19
1995,5.96,5.423,11.0,0.26
1996,2.88,8.8217,31.0,0.24
1997,6.04,5.4238,10.0,0.21
1998,7.84,32236.7264,14.0,0.27
1999,6.12,5.4231,10.0,0.25
2000,5.8,5.4236,11.0,0.25
2001,5.88,5.4235,10.0,0.29
2002,4.0,0.0358,15.0,0.23
2003,2.92,8.8972,34.0,0.26
2004,8.64,120043.048,5.0,0.23
2005,6.96,0.1391,11.0,0.26
2006,3.08,8.9088,34.0,0.22
2007,5.8,5.4238,12.0,0.26
2008,3.0,8.852,33.0,0.2
2009,2.68,0.0426,32.0,0.21
2010,2.84,8.85,32.0,0.21
2011,8.68,0.0491,11.0,0.19
2012,4.0,2.6438,15.0,0.2
2013,6.0,5.4229,10.0,0.22
2014,6.0,5.4232,10.0,0.21
2015,10.2,0.6616,5.0,0.21
2016,6.0,5.4233,10.0,0.19
2017,6.0,5.4238,10.0,0.19
2018,5.8,5.4239,12.0,0.21
2019,2.88,0.0958,33.0,0.19
2020,5.8,5.4237,12.0,0.18
2021,3.12,0.096,32.0,0.7
2022,5.88,5.4232,11.0,0.22
2023,2.88,0.0486,31.0,0.2
2024,8.08,0.0193,15.0,0.2
2025,2.88,8.8733,32.0,0.19
2026,2.92,8.8732,32.0,0.19
2027,4.08,0.8773,14.0,0.19
2028,6.2,5.4324,10.0,0.19
2029,2.68,0.0897,35.0,0.18
2030,9.08,2.8415,9.0,0.24
2031,2.68,8.835,28.0,0.2
2032,3.12,0.0906,32.0,0.21
2033,6.0,5.4229,10.0,0.19
2034,2.92,8.8852,34.0,0.2
2035,6.08,5.4234,10.0,0.2
2036,5.8,5.4232,12.0,0.18
2037,2.92,0.1294,35.0,0.2
2038,7.12,0.3643,11.0,0.2
2039,5.92,5.4239,10.0,0.2
2040,2.92,0.0672,33.0,0.22
2041,2.88,8.8769,29.0,0.19
2042,10.24,0.1758,8.0,0.19
2043,3.88,339243.3033,15.0,0.18
2044,5.8,5.4232,12.0,0.18
2045,4.92,59.9185,9.0,0.21
2046,2.88,8.8959,32.0,0.18
2047,3.04,355288.5661,32.0,0.24
2048,2.68,8.8795,35.0,0.19
2049,3.12,8.886,32.0,0.22
2050,6.0,5.4233,10.0,0.2
2051,6.04,5.4246,10.0,0.22
2052,2.92,0.0851,34.0,0.26
2053,3.24,8.8385,29.0,0.31
2054,2.68,8.8675,32.0,0.29
2055,3.0,0.0956,33.0,0.22
2056,3.92,407091.9542,18.0,0.2
2057,6.96,0.3586,10.0,0.19
2058,2.92,0.0836,32.0,0.22
2059,2.76,0.0853,34.0,0.2
2060,2.92,0.0722,32.0,0.21
2061,2.68,0.0615,35.0,0.2
2062,2.88,8.8566,33.0,0.21
2063,3.12,8.9074,30.0,0.22
2064,2.68,8.9186,34.0,0.21
2065,3.92,67850.4429,15.0,0.21
2066,8.8,0.0578,12.0,0.33
2067,4.68,89.8796,14.0,0.26
2068,6.0,5.4236,10.0,0.22
2069,9.04,2.2536,6.0,0.23
2070,4.52,69.9221,9.0,0.22
2071,2.96,9.8125,32.0,0.26
2072,5.8,5.4242,12.0,0.37
2073,7.8,32236.7338,12.0,0.19
2074,2.72,0.061,33.0,0.22
2075,2.92,8.9086,34.0,0.18
2076,2.76,0.0828,32.0,0.23
2077,2.88,0.1072,33.0,0.22
2078,6.0,5.4239,10.0,0.18
2079,2.68,8.9214,38.0,0.19
2080,6.16,5.4236,10.0,0.28
2081,7.68,0.0053,12.0,0.22
2082,2.88,8.8378,30.0,0.18
2083,5.88,5.4232,11.0,0.2
2084,2.76,8.9062,32.0,0.2
2085,2.76,8.8694,36.0,0.2
2086,5.8,5.4438,12.0,0.23
2087,2.88,359533.8151,32.0,0.2
2088,5.88,5.4236,11.0,0.25
2089,2.68,8.8618,34.0,0.26
2090,4.16,0.8784,15.0,0.22
2091,3.8,0.0341,17.0,0.24
2092,9.52,0.1862,15.0,0.19
2093,6.0,5.4241,10.0,0.18
2094,2.68,8.9181,33.0,0.19
2095,2.76,8.8845,32.0,0.23
2096,2.92,8.8402,33.0,0.19
2097,5.8,5.4238,11.0,0.2
2098,8.84,0.069,8.0,0.22
2099,5.04,112.0076,9.0,0.19
2100,6.08,5.4228,10.0,0.23
2101,9.04,0.0824,8.0,0.26
2102,2.88,0.1083,35.0,0.21
2103,3.88,0.0299,18.0,0.2
2104,2.92,0.0616,33.0,0.25
2105,3.12,0.0899,32.0,0.27
2106,5.88,5.4235,11.0,0.33
2107,2.88,0.0887,31.0,0.54
2108,6.16,4.3979,8.0,0.45
2109,2.88,8.8904,32.0,0.35
2110,2.92,0.0622,34.0,0.36
2111,2.76,0.0888,32.0,0.29
2112,6.96,0.0227,10.0,0.19
2113,7.2,145.7482,11.0,0.18
2114,6.0,5.424,10.0,0.2
2115,2.84,2.4014,33.0,0.21
2116,6.0,5.4232,10.0,0.22
2117,4.08,339243.374,17.0,0.23
2118,3.12,0.0793,32.0,0.25
2119,5.88,5.7281,11.0,0.23
2120,2.8,0.1008,32.0,0.27
2121,3.0,0.1164,30.0,0.23
2122,9.92,0.3085,10.0,0.24
2123,2.8,8.884,31.0,0.21
2124,6.0,5.4232,10.0,0.2
2125,5.44,140.24,9.0,0.22
2126,3.12,0.0573,34.0,0.21
2127,5.8,5.4233,12.0,0.27
2128,6.0,5.424,10.0,0.21
2129,10.44,5.8617,11.0,0.27
2130,2.88,0.0776,31.0,0.25
2131,10.36,0.1722,11.0,0.24
2132,5.88,5.4233,11.0,0.22
2133,2.88,8.8436,31.0,0.21
2134,5.8,5.4232,12.0,0.2
2135,5.8,5.4228,11.0,0.25
2136,5.8,5.4239,12.0,0.26
2137,5.44,82.0584,6.0,0.27
2138,9.68,0.4958,12.0,0.17
2139,9.8,0.194,14.0,0.2
2140,8.44,0.5958,9.0,0.2
2141,9.6,0.5011,9.0,0.21
2142,2.92,0.0958,33.0,0.23
2143,4.08,339244.1538,19.0,0.2
2144,8.08,0.0158,14.0,0.19
2145,2.92,0.0951,32.0,0.31
2146,2.68,8.844,32.0,0.24
2147,2.68,0.0775,32.0,0.17
2148,3.12,0.0915,33.0,0.17
2149,2.68,0.1126,34.0,0.19
2150,2.76,8.8638,34.0,0.17
2151,5.68,6.5036,12.0,0.18
2152,2.76,0.1404,33.0,0.23
2153,6.0,5.4229,10.0,0.26
2154,5.8,5.4235,11.0,0.29
2155,2.88,0.1112,31.0,0.28
2156,2.68,0.0893,34.0,0.19
2157,6.0,5.4241,10.0,0.28
2158,2.88,0.1458,32.0,0.21
2159,5.8,5.4235,12.0,0.22
2160,4.24,407093.0705,11.0,0.21
2161,6.0,5.4234,10.0,0.18
2162,2.88,8.8398,33.0,0.18
2163,3.88,2.6487,17.0,0.18
2164,2.76,0.0616,34.0,0.21
2165,6.0,5.4229,10.0,0.2
2166,6.84,0.0261,11.0,0.19
2167,5.88,5.4232,11.0,0.19
2168,6.2,5.4242,10.0,0.24
2169,2.88,8.9144,34.0,0.2
2170,3.0,8.8916,33.0,0.18
2171,6.0,5.4237,10.0,0.21
2172,2.76,8.8583,36.0,0.22
2173,5.8,5.4234,12.0,0.2
2174,9.04,0.055,13.0,0.18
2175,8.2,32236.7304,10.0,0.18
2176,5.8,5.4233,11.0,0.18
2177,2.88,8.8549,30.0,0.19
2178,6.92,0.021,13.0,0.19
2179,2.68,0.1084,37.0,0.18
2180,3.12,0.1061,32.0,0.34
2181,6.0,5.4231,10.0,0.23
2182,2.88,0.0949,32.0,0.19
2183,6.0,5.4239,10.0,0.19
2184,5.8,5.4238,12.0,0.18
2185,8.08,32236.7321,11.0,0.22
2186,2.76,8.8342,34.0,0.18
2187,2.88,0.0913,35.0,0.18
2188,3.12,0.0792,32.0,0.21
2189,3.0,8.8907,32.0,0.19
2190,9.28,2.5114,8.0,0.18
2191,3.96,339244.1613,18.0,0.26
2192,5.8,5.4232,12.0,0.22
2193,8.52,0.0564,10.0,0.22
2194,5.8,5.4235,11.0,0.2
2195,6.12,5.4234,10.0,0.18
2196,3.88,67848.7455,16.0,0.18
2197,2.92,0.0617,32.0,0.19
2198,2.88,8.9142,34.0,0.19
2199,5.88,5.963,11.0,0.19
2200,2.88,0.1196,35.0,0.18
2201,6.0,5.4226,10.0,0.24
2202,3.0,8.8643,35.0,0.21
2203,5.88,5.4233,10.0,0.2
2204,2.76,0.05,34.0,0.21
2205,8.76,0.0429,12.0,0.2
2206,2.88,0.1064,32.0,0.21
2207,2.92,0.0908,32.0,0.21
2208,2.92,8.8918,34.0,0.23
2209,5.8,8.1258,-3.0,0.31
2210,2.88,0.0738,29.0,0.25
2211,2.88,8.9206,34.0,0.42
2212,2.76,8.868,34.0,0.22
2213,2.92,8.8632,33.0,0.24
2214,3.04,8.8852,31.0,0.25
2215,2.88,8.886,34.0,0.38
2216,2.88,8.8658,29.0,0.25
2217,2.76,0.1121,33.0,0.2
2218,3.04,8.859,36.0,0.21
2219,6.12,5.4255,9.0,0.38
2220,2.68,8.8499,33.0,0.21
2221,5.8,5.4238,9.0,0.21
2222,7.16,0.0203,10.0,0.19
2223,5.56,6.5048,13.0,0.2
2224,2.68,0.1119,34.0,0.29
2225,2.8,0.0824,30.0,0.46
2226,3.88,339243.3569,17.0,0.53
2227,6.0,5.4237,10.0,0.4
2228,3.12,8.8917,32.0,0.4
2229,7.68,0.0201,11.0,0.23
2230,7.04,56465.2995,10.0,0.26
2231,9.32,0.3523,17.0,0.21
2232,3.12,0.0725,31.0,0.22
2233,4.04,339244.1563,16.0,0.22
2234,5.8,5.4622,11.0,0.21
2235,2.92,8317.4553,33.0,0.25
2236,4.08,67850.3078,16.0,0.19
2237,5.8,5.4232,11.0,0.19
2238,8.56,0.0635,14.0,0.25
2239,6.0,5.424,10.0,0.27
2240,2.96,8.9242,33.0,0.24
2241,2.88,8.903,34.0,0.21
2242,2.68,8.8451,33.0,0.19
2243,6.0,5.4236,10.0,0.26
2244,2.88,8.9251,33.0,0.21
2245,6.2,5.4235,10.0,0.21
2246,3.12,0.0265,31.0,0.23
2247,2.8,0.1121,32.0,0.26
2248,5.8,5.5431,11.0,0.26
2249,6.0,5.4241,10.0,0.23
2250,9.64,0.3466,13.0,0.2
2251,3.84,1.7904,19.0,0.2
2252,2.68,0.0785,35.0,0.23
2253,6.76,19.2706,12.0,0.35
2254,6.04,5.424,10.0,0.47
2255,7.88,32236.7868,15.0,0.4
2256,2.68,0.0483,32.0,0.34
2257,2.88,0.0551,32.0,0.35
2258,6.0,5.4236,11.0,0.24
2259,3.0,8.8975,34.0,0.24
2260,2.76,8.833,31.0,0.25
2261,3.04,8.8825,29.0,0.24
2262,5.88,5.4232,11.0,0.29
2263,3.0,8.8787,32.0,0.27
2264,2.92,8.8978,32.0,0.29
2265,8.08,0.0264,13.0,0.27
2266,8.72,0.0892,7.0,0.29
2267,3.32,0.1008,31.0,0.28
2268,6.0,5.424,10.0,0.29
2269,3.0,8.9315,34.0,0.3
2270,3.12,0.0976,34.0,0.22
2271,6.0,5.4232,10.0,0.23
2272,9.88,0.4966,8.0,0.28
2273,5.8,5.424,12.0,0.28
2274,2.88,8.8605,30.0,0.73
2275,4.24,2.6484,13.0,0.23
2276,2.76,0.1023,36.0,0.19
2277,4.08,339243.298,17.0,0.21
2278,3.12,8.8524,33.0,0.23
2279,2.88,0.1051,30.0,0.18
2280,6.2,5.4236,10.0,0.21
2281,2.68,8.8493,32.0,0.19
2282,4.24,2.5012,15.0,0.18
2283,5.88,5.4241,11.0,0.24
2284,3.04,0.136,35.0,0.19
2285,3.04,8.8673,32.0,0.2
2286,5.88,5.424,11.0,0.2
2287,2.88,8.8603,30.0,0.21
2288,6.0,5.4234,10.0,0.2
2289,9.04,0.0752,6.0,0.19
2290,3.32,0.5491,32.0,0.2
2291,5.8,5.4231,12.0,0.17
2292,3.88,407091.9404,15.0,0.23
2293,6.0,5.4242,10.0,0.2
2294,2.8,8.8899,31.0,0.21
2295,5.8,5.5956,11.0,0.23
2296,3.12,8.8686,32.0,0.22
2297,2.88,0.1012,33.0,0.2
2298,3.12,8.8742,32.0,0.34
2299,5.88,5.4244,10.0,0.22
2300,5.92,5.4235,10.0,0.25
2301,2.92,8.8636,35.0,0.25
2302,5.8,5.4565,11.0,0.29
2303,5.8,5.4242,11.0,0.38
2304,6.0,5.4234,10.0,0.35
2305,2.8,8.8782,31.0,0.28
2306,8.08,0.0224,13.0,0.25
2307,6.04,5.4234,10.0,0.2
2308,2.88,8.8685,32.0,0.22
2309,6.12,5.4244,10.0,0.26
2310,6.2,4.8838,11.0,0.22
2311,5.32,102.019,8.0,0.19
2312,2.76,8.8901,32.0,0.23
2313,2.88,0.1184,33.0,0.2
2314,2.88,0.1061,32.0,0.18
2315,6.24,5.4238,10.0,0.22
2316,2.68,8.8963,34.0,0.32
2317,2.88,0.1538,35.0,0.24
2318,7.96,0.0166,13.0,0.24
2319,5.92,5.424,10.0,0.18
2320,5.88,5.4242,11.0,0.18
2321,3.0,8.8798,33.0,0.19
2322,2.76,0.1178,32.0,0.19
2323,5.88,5.4244,12.0,0.24
2324,5.8,5.4244,12.0,0.21
2325,8.64,0.0505,11.0,0.25
2326,5.8,5.4241,11.0,0.21
2327,2.88,8.8784,31.0,0.21
2328,5.92,5.4236,10.0,0.19
2329,10.24,359670.8126,11.0,0.19
2330,9.8,6.0068,9.0,0.18
2331,6.12,5.4245,10.0,0.2
2332,3.64,0.0276,17.0,0.19
2333,3.88,339245.7698,20.0,0.18
2334,5.8,5.4241,12.0,0.22
2335,5.8,5.4238,12.0,0.19
2336,2.68,0.1176,31.0,0.2
2337,2.92,8.9192,33.0,0.24
2338,3.56,0.8862,21.0,0.23
2339,5.92,5.4533,10.0,0.24
2340,7.04,19.2672,10.0,0.26
2341,3.96,1.6496,15.0,0.23
2342,9.28,0.0701,6.0,0.25
2343,2.68,8.8833,34.0,0.19
2344,7.68,32236.7337,16.0,0.22
2345,5.8,5.5119,12.0,0.18
2346,5.88,5.4234,11.0,0.21
2347,7.76,0.0225,16.0,0.18
2348,5.8,5.4234,11.0,0.21
2349,5.96,5.9644,9.0,0.2
2350,3.0,8.8852,32.0,0.19
2351,4.08,1.7893,15.0,0.21
2352,6.0,5.4236,10.0,0.18
2353,3.0,901.2391,31.0,0.19
2354,8.44,0.041,12.0,0.28
2355,3.16,176487.8034,31.0,0.27
2356,5.8,5.423,12.0,0.23
2357,9.84,0.1787,10.0,0.26
2358,5.2,102.0427,8.0,0.27
2359,5.8,5.5821,12.0,0.28
2360,5.8,5.4238,12.0,0.19
2361,2.68,8.9099,37.0,0.19
2362,8.84,0.0469,11.0,0.23
2363,6.2,5.4242,10.0,0.19
2364,2.68,0.112,33.0,0.19
2365,2.84,0.0782,33.0,0.18
2366,4.08,2.6408,15.0,0.23
2367,2.92,8.9464,33.0,0.19
2368,2.8,8.8688,34.0,0.3
2369,5.88,5.4233,11.0,0.24
2370,5.8,5.4236,11.0,0.23
2371,5.8,5.5688,9.0,0.22
2372,6.08,329738.9276,10.0,0.26
2373,2.88,8.8674,31.0,0.18
2374,4.72,59.9224,8.0,0.21
2375,5.88,5.4231,11.0,0.18
2376,2.68,0.097,37.0,0.2
2377,6.0,5.4238,9.0,0.21
2378,5.24,359774.5518,6.0,0.19
2379,2.92,0.0848,35.0,0.21
2380,3.92,67850.4479,14.0,0.19
2381,6.04,5.4786,8.0,0.19
2382,7.72,0.0187,13.0,0.23
2383,7.88,32236.7254,11.0,0.2
2384,2.88,0.0772,30.0,0.24
2385,2.76,8.872,32.0,0.35
2386,6.0,5.4235,9.0,0.26
2387,5.8,5.4239,12.0,0.3
2388,2.68,8.932,36.0,0.16
2389,6.16,5.423,10.0,0.2
2390,5.88,5.4234,11.0,0.17
2391,5.8,5.424,12.0,0.19
2392,5.76,5.9643,9.0,0.18
2393,5.0,72.075,5.0,0.19
2394,4.12,67849.5294,16.0,0.2
2395,3.12,0.1062,31.0,0.19
2396,6.0,5.4241,10.0,0.18
2397,2.76,0.1555,35.0,0.19
2398,3.72,0.8852,20.0,0.19
2399,7.48,0.0232,15.0,0.18
2400,6.0,5.4237,10.0,0.2
2401,5.96,5.9635,9.0,0.18
2402,2.92,8.8397,33.0,0.18
2403,3.0,8.9294,31.0,0.2
2404,3.96,67850.4545,17.0,0.18
2405,3.0,0.0782,32.0,0.2
2406,5.04,92.0446,10.0,0.24
2407,8.56,0.0628,10.0,0.26
2408,6.76,0.3591,12.0,0.2
2409,2.68,0.084,34.0,0.8
2410,2.68,8.8612,32.0,0.17
2411,6.84,0.3548,11.0,0.2
2412,2.76,0.1006,33.0,0.21
2413,7.48,0.0231,16.0,0.2
2414,4.6,69.9189,9.0,0.24
2415,5.84,359707.899,10.0,0.21
2416,2.88,8.8781,31.0,0.21
2417,2.68,8.9016,31.0,0.21
2418,6.0,5.4227,9.0,0.24
2419,2.76,8.8669,30.0,0.22
2420,6.0,5.4231,9.0,0.19
2421,4.08,2.6477,18.0,0.21
2422,6.04,5.424,10.0,0.19
2423,5.92,5.4237,10.0,0.27
2424,2.84,0.0913,35.0,0.2
2425,2.88,0.083,31.0,0.21
2426,9.28,0.0618,10.0,0.21
2427,6.96,0.0161,10.0,0.22
2428,6.04,5.4227,10.0,0.27
2429,5.8,5.5111,12.0,0.24
2430,5.88,5.4233,11.0,0.17
2431,2.68,3.1098,35.0,0.17
2432,2.68,0.0673,32.0,0.17
2433,7.92,0.0102,15.0,0.17
2434,5.92,5.4237,10.0,0.21
2435,5.84,5.4233,11.0,0.21
2436,5.2,359804.4924,9.0,0.32
2437,5.76,14.207,11.0,0.26
2438,4.28,0.0254,15.0,0.3
2439,2.68,8.9226,35.0,0.31
2440,3.88,3.4063,16.0,0.32
2441,9.6,0.1895,14.0,0.37
2442,2.68,8.8965,34.0,0.3
2443,2.68,8.8612,33.0,0.19
2444,2.8,0.0899,33.0,0.25
2445,2.88,0.0781,32.0,0.19
2446,2.72,0.1141,34.0,0.25
2447,3.0,28.5263,32.0,0.19
2448,3.56,0.1286,20.0,0.18
2449,2.76,8.882,37.0,0.21
2450,8.72,0.0791,7.0,0.18
2451,7.56,0.0146,15.0,0.22
2452,6.12,5.4232,10.0,0.22
2453,6.24,5.4234,10.0,0.2
2454,8.64,0.4245,10.0,0.18
2455,2.68,8.8631,33.0,0.21
2456,2.76,8.9075,33.0,0.18
2457,3.96,0.0268,17.0,0.2
2458,4.08,339244.152,16.0,0.2
2459,5.24,92.0496,6.0,0.21
2460,6.0,5.4239,10.0,0.18
2461,5.84,5.423,11.0,0.17
2462,2.92,394.5599,33.0,0.19
2463,8.84,0.0888,8.0,0.22
2464,4.2,0.0974,13.0,0.2
2465,2.92,8.934,33.0,0.2
2466,5.88,5.9643,9.0,0.21
2467,2.8,0.1019,34.0,0.19
2468,5.88,5.4238,11.0,0.2
2469,5.08,49.9338,7.0,0.21
2470,2.88,8.8504,32.0,0.2
2471,6.0,5.4234,10.0,0.2
2472,5.8,5.4242,12.0,0.18
2473,6.0,5.4234,10.0,0.19
2474,2.68,8.8656,30.0,0.37
2475,5.8,5.4237,12.0,0.26
2476,3.08,0.1429,36.0,0.23
2477,8.08,0.0095,15.0,0.2
2478,5.84,5.4234,11.0,0.19
2479,2.92,0.0833,33.0,0.27
2480,2.68,0.0999,34.0,0.2
2481,2.68,8.898,37.0,0.18
2482,3.12,8.8799,31.0,0.24
2483,2.68,8.9237,32.0,0.2
2484,2.92,0.1058,32.0,0.22
2485,4.08,339245.7744,18.0,0.2
2486,2.92,8.8916,34.0,0.29
2487,2.68,0.0824,32.0,0.21
2488,2.92,0.095,32.0,0.3
2489,8.6,0.0899,7.0,0.26
2490,2.92,8.8955,31.0,0.32
2491,5.8,5.423,12.0,0.26
2492,7.8,0.0255,10.0,0.26
2493,7.04,0.3632,11.0,0.23
2494,6.0,5.424,10.0,0.21
2495,2.68,0.1033,37.0,0.2
2496,3.56,0.8738,17.0,0.22
2497,9.08,0.4222,7.0,0.2
2498,9.08,0.0524,11.0,0.22
2499,4.08,339244.925,16.0,0.19
2500,3.12,8.8306,29.0,0.21
2501,2.68,0.0998,33.0,0.4
2502,4.08,0.8907,20.0,0.21
2503,4.16,67848.6817,16.0,0.18
2504,3.12,8.904,34.0,0.2
2505,2.92,8.8675,32.0,0.2
2506,3.04,0.09,31.0,0.24
2507,6.76,19.6007,12.0,0.3
2508,2.68,8.8866,37.0,0.19
2509,4.68,359762.398,11.0,0.19
2510,2.6,8.8634,37.0,0.27
2511,5.88,5.4234,11.0,0.27
2512,8.36,0.0629,12.0,0.22
2513,6.24,5.4237,10.0,0.29
2514,5.8,5.423,11.0,0.4
2515,3.2,118939.6519,32.0,0.27
2516,8.12,0.0126,11.0,0.27
2517,3.0,8.8615,31.0,0.29
2518,3.12,0.103,34.0,0.45
2519,8.88,0.0703,9.0,0.23
2520,5.8,5.4238,12.0,0.19
2521,2.68,0.2781,35.0,0.35
2522,3.0,8.8799,33.0,0.45
2523,5.8,5.4241,12.0,0.51
2524,6.16,3.8578,7.0,0.33
2525,2.88,0.1056,31.0,0.37
2526,2.76,8.884,32.0,0.37
2527,7.16,0.356,10.0,0.51
2528,2.88,8.8706,28.0,0.4
2529,2.76,0.0914,36.0,0.39
2530,4.16,67848.6939,19.0,1.05
2531,7.48,0.0251,12.0,0.29
2532,2.88,8.8512,33.0,0.33
2533,4.28,67850.5054,14.0,0.31
2534,2.88,0.1083,33.0,0.25
2535,5.96,5.4242,12.0,0.29
2536,5.8,5.4241,12.0,0.26
2537,9.28,0.3995,6.0,0.25
2538,4.08,407091.956,18.0,0.23
2539,5.8,5.4236,12.0,0.29
2540,2.76,8.8763,30.0,0.26
2541,8.32,0.0443,14.0,0.23
2542,3.0,8.8677,31.0,0.24
2543,2.68,8.8613,34.0,0.23
2544,8.64,0.0852,6.0,0.26
2545,2.92,8.888,29.0,0.27
2546,3.0,0.0911,33.0,0.29
2547,8.12,32236.7348,11.0,0.32
2548,3.96,67851.3002,17.0,0.29
2549,8.36,1.1522,14.0,0.28
2550,3.16,8.8635,33.0,0.25
2551,2.96,8.8518,33.0,0.22
2552,2.68,8.9087,36.0,0.24
2553,3.56,0.0338,18.0,0.24
2554,7.88,33525.1674,13.0,0.25
2555,2.68,8.8902,33.0,0.24
2556,2.76,0.1183,34.0,0.22
2557,2.88,0.0491,33.0,0.19
2558,3.88,67851.1581,17.0,0.19
2559,3.12,8.8504,30.0,0.23
2560,2.88,0.112,32.0,0.24
2561,2.92,0.0662,31.0,0.22
2562,2.68,0.1018,34.0,0.21
2563,5.8,5.4234,12.0,0.2
2564,6.0,5.4236,10.0,0.25
2565,2.88,0.0773,31.0,0.23
2566,3.04,65946.8066,31.0,0.22
2567,6.04,5.4236,10.0,0.24
2568,8.12,0.1514,11.0,0.25
2569,2.92,8.8276,32.0,0.24
2570,6.0,5.4238,10.0,0.23
2571,3.0,8.8396,32.0,0.24
2572,5.8,5.4238,12.0,0.24
2573,5.8,5.4241,12.0,0.25
2574,9.68,0.3177,11.0,0.2
2575,8.76,0.0636,10.0,0.22
2576,2.88,8.8639,35.0,0.23
2577,5.48,5.9635,12.0,0.19
2578,6.76,0.0152,10.0,0.19
2579,3.92,67851.3007,16.0,0.2
2580,2.88,0.0851,34.0,0.27
2581,6.0,5.4237,10.0,0.28
2582,2.92,8.8326,32.0,0.28
2583,3.88,1.654,17.0,0.24
2584,2.88,8.9023,33.0,0.3
2585,2.76,0.078,33.0,0.31
2586,3.0,0.1183,32.0,0.3
2587,6.0,5.4238,10.0,0.24
2588,6.0,5.4233,10.0,0.23
2589,3.12,0.1196,33.0,0.25
2590,7.12,0.0322,10.0,0.24
2591,6.0,5.4235,10.0,0.22
2592,3.88,1.7958,17.0,0.23
2593,6.0,5.4237,10.0,0.21
2594,10.0,5.571,11.0,0.23
2595,6.0,5.4243,10.0,0.21
2596,2.88,0.1008,32.0,0.21
2597,5.92,5.4237,10.0,0.21
2598,5.92,5.4233,11.0,0.22
2599,4.08,67852.0632,15.0,0.23
2600,3.12,0.0674,31.0,0.22
2601,4.12,0.9474,15.0,0.23
2602,2.8,0.0866,28.0,0.22
2603,6.64,0.027,12.0,0.21
2604,9.08,0.0767,9.0,0.22
2605,2.92,0.0786,33.0,0.21
2606,3.08,8.8841,30.0,0.22
2607,5.8,5.4235,12.0,0.24
2608,3.32,0.0999,30.0,0.2
2609,7.68,0.0228,14.0,0.24
2610,7.48,32236.7316,14.0,0.21
2611,3.68,0.0272,17.0,0.22
2612,9.08,2.8364,8.0,0.25
2613,9.2,0.0649,8.0,0.25
2614,5.2,102.0243,8.0,0.24
2615,9.8,0.4943,13.0,0.25
2616,2.88,8.8852,33.0,0.24
2617,2.88,0.0957,33.0,0.24
2618,5.88,5.4233,11.0,0.22
2619,2.88,0.0669,33.0,0.25
2620,2.68,8.9067,33.0,0.23
2621,10.24,0.4934,14.0,0.25
2622,6.0,5.4233,10.0,0.22
2623,6.0,5.4234,10.0,0.21
2624,9.28,0.078,7.0,0.21
2625,5.2,92.0465,6.0,0.27
2626,2.88,8.8952,31.0,0.24
2627,5.96,5.5138,10.0,0.22
2628,4.28,339244.912,15.0,0.26
2629,2.88,8.8335,32.0,0.23
2630,4.48,67849.5423,16.0,0.22
2631,5.96,5.4238,10.0,0.23
2632,3.72,339243.3719,16.0,0.24
2633,5.8,5.423,12.0,0.23
2634,2.92,8.8727,31.0,0.23
2635,2.76,8.8732,33.0,0.24
2636,3.12,8.868,31.0,0.25
2637,3.88,339244.2107,16.0,0.23
2638,4.08,407091.9517,15.0,0.23
2639,2.68,0.0942,33.0,0.23
2640,2.92,0.0893,32.0,0.25
2641,3.04,8.8749,32.0,0.22
2642,2.84,0.0716,31.0,0.36
2643,5.92,5.4234,10.0,0.28
2644,5.8,5.5118,12.0,0.25
2645,3.0,0.1182,32.0,0.33
2646,2.92,0.1488,34.0,0.32
2647,2.68,8.8681,35.0,0.23
2648,2.68,0.1076,36.0,0.26
2649,2.88,0.1234,32.0,0.33
2650,2.68,0.1359,36.0,0.71
2651,5.8,5.423,11.0,0.3
2652,5.48,5.968,11.0,0.28
2653,6.76,0.3687,13.0,0.32
2654,3.64,0.0308,18.0,0.27
2655,3.96,0.0257,16.0,0.25
2656,5.84,5.4235,10.0,0.31
2657,8.12,32236.7316,13.0,0.3
2658,6.96,0.3538,10.0,0.34
2659,4.08,0.0463,18.0,0.35
2660,3.96,2.653,17.0,0.32
2661,2.92,8.8461,34.0,0.38
2662,4.8,29.9678,6.0,0.4
2663,5.8,5.4236,11.0,0.33
2664,2.68,0.0495,34.0,0.3
2665,7.56,0.0133,15.0,0.32
2666,7.68,0.0093,14.0,0.3
2667,6.0,5.4232,10.0,0.35
2668,5.8,5.4237,11.0,0.3
2669,9.12,0.0529,11.0,0.31
2670,8.44,0.0429,15.0,0.29
2671,2.88,0.153,35.0,0.3
2672,6.0,5.4234,10.0,0.26
2673,6.0,5.4242,10.0,0.31
2674,5.4,359824.4621,11.0,0.35
2675,5.8,5.4241,11.0,0.32
2676,8.4,2.5352,5.0,0.31
2677,2.96,0.1073,34.0,0.28
2678,8.36,0.0746,8.0,0.32
2679,5.8,5.4236,12.0,0.3
2680,5.84,5.9638,10.0,0.32
2681,3.88,1.787,14.0,0.39
2682,4.24,1.6386,13.0,0.41
2683,4.12,3.4061,15.0,0.32
2684,3.72,0.8727,15.0,0.29
2685,8.48,0.0578,6.0,0.3
2686,5.8,5.4235,12.0,0.37
2687,6.8,0.0231,11.0,0.46
2688,6.0,5.4242,10.0,0.36
2689,7.4,0.0104,14.0,0.29
2690,2.88,8.842,28.0,0.31
2691,5.88,5.6519,11.0,0.31
2692,3.96,0.0299,17.0,0.34
2693,2.68,0.0794,36.0,0.31
2694,6.12,5.4242,10.0,0.33
2695,2.8,8.8917,34.0,0.36
2696,3.12,0.0798,33.0,0.38
2697,4.92,359804.503,8.0,0.39
2698,9.28,0.0441,11.0,0.31
2699,6.0,5.4238,10.0,0.24
2700,2.92,8.8692,35.0,0.28
2701,5.96,5.4233,10.0,0.27
2702,3.04,8.8501,31.0,0.29
2703,6.0,5.4241,10.0,0.29
2704,2.88,0.1108,30.0,0.37
2705,6.0,5.4241,10.0,0.26
2706,5.88,5.4237,11.0,0.23
2707,4.12,750.2506,16.0,0.23
2708,8.64,0.0808,8.0,0.24
2709,5.48,5.9679,11.0,0.23
2710,2.92,8.8978,35.0,0.23
2711,7.96,32236.7433,12.0,0.22
2712,5.92,5.4233,10.0,0.29
2713,2.68,0.0653,32.0,0.23
2714,6.0,5.4242,10.0,0.2
2715,3.04,0.0562,32.0,0.23
2716,4.52,59.9205,9.0,0.23
2717,6.04,5.4238,10.0,0.22
2718,9.64,0.4937,13.0,0.23
2719,6.08,5.425,10.0,0.2
2720,5.8,5.4238,11.0,0.22
2721,6.0,5.4237,10.0,0.23
2722,5.88,5.4238,11.0,0.25
2723,5.48,6.5038,13.0,0.28
2724,2.68,0.1128,35.0,0.23
2725,5.88,5.4233,11.0,0.24
2726,7.88,32236.7247,14.0,0.23
2727,5.8,5.4234,12.0,0.23
2728,2.88,8.8428,29.0,0.22
2729,3.0,8.8507,33.0,0.22
2730,3.12,8.8732,31.0,0.23
2731,8.36,0.0484,15.0,0.23
2732,5.88,5.4238,11.0,0.24
2733,8.8,0.0759,8.0,0.24
2734,3.12,0.0746,33.0,0.22
2735,4.08,1.7848,13.0,0.26
2736,3.12,0.0946,30.0,0.22
2737,10.0,5.8604,8.0,0.24
2738,6.0,5.4234,10.0,0.23
2739,5.84,5.4237,11.0,0.22
2740,9.0,894.5798,8.0,0.24
2741,2.84,0.1114,31.0,0.23
2742,2.68,0.112,34.0,0.23
2743,6.96,0.0264,10.0,0.23
2744,8.44,0.0841,10.0,0.21
2745,2.68,0.1007,33.0,0.22
2746,9.8,6.0165,12.0,0.2
2747,5.8,5.4236,12.0,0.19
2748,3.92,2.6494,18.0,0.21
2749,9.8,0.287,12.0,0.22
2750,2.88,0.1175,32.0,0.24
2751,3.12,8.8503,32.0,0.21
2752,2.88,0.0793,34.0,0.19
2753,2.88,0.0426,30.0,0.19
2754,2.68,0.095,34.0,0.22
2755,2.76,8.8626,33.0,0.24
2756,5.8,5.4241,12.0,0.24
2757,3.84,67848.753,16.0,0.72
2758,6.12,5.4236,10.0,0.25
2759,4.08,1.8625,17.0,0.22
2760,7.92,0.0155,15.0,0.22
2761,5.8,5.4232,10.0,0.19
2762,2.72,0.0624,35.0,0.21
2763,2.92,0.0896,34.0,0.19
2764,5.8,5.5028,12.0,0.19
2765,2.68,0.0664,33.0,0.22
2766,9.28,0.4141,9.0,0.24
2767,5.88,5.4234,11.0,0.22
2768,3.0,8.8626,33.0,0.21
2769,5.8,5.4238,12.0,0.21
2770,5.8,5.4233,11.0,0.19
2771,6.0,5.4231,10.0,0.26
2772,6.0,5.4238,10.0,0.18
2773,3.04,8.8864,33.0,0.22
2774,6.12,4.882,10.0,0.23
2775,2.8,8.8497,31.0,0.22
2776,3.84,0.0356,22.0,0.18
2777,3.88,407092.8012,17.0,0.19
2778,6.0,5.4235,9.0,0.19
2779,3.04,8.8725,29.0,0.19
2780,2.92,8.8847,32.0,0.22
2781,3.0,8.8863,33.0,0.2
2782,2.68,8.8446,34.0,0.21
2783,3.56,0.0331,17.0,0.24
2784,5.88,5.4234,11.0,0.22
2785,5.88,5.4231,11.0,0.2
2786,7.68,0.0175,14.0,0.21
2787,5.92,5.4233,10.0,0.26
2788,2.76,0.1317,36.0,0.22
2789,2.76,0.0793,35.0,0.23
2790,7.56,32236.7396,15.0,0.21
2791,2.76,8.8733,32.0,0.22
2792,2.92,0.0992,31.0,0.2
2793,5.92,5.4239,10.0,0.25
2794,2.68,0.1002,33.0,0.2
2795,3.12,0.0685,33.0,0.22
2796,5.8,5.4233,11.0,0.27
2797,5.8,5.4239,11.0,0.2
2798,4.88,79.895,10.0,0.2
2799,6.84,19.6096,11.0,0.37
2800,9.2,0.0846,7.0,0.22
2801,3.12,0.1015,32.0,0.23
2802,2.88,8.8795,33.0,0.23
2803,2.92,0.124,34.0,0.33
2804,5.64,5.9632,13.0,0.42
2805,3.88,407092.8086,17.0,0.34
2806,2.88,0.1305,34.0,0.39
2807,6.0,5.4241,10.0,0.28
2808,10.08,0.1981,8.0,0.24
2809,7.68,0.022,14.0,0.21
2810,3.44,8.85,29.0,0.3
2811,6.0,5.4234,10.0,0.27
2812,5.88,5.4232,11.0,0.25
2813,9.64,0.1541,15.0,0.23
2814,2.96,8.8861,32.0,0.25
2815,6.0,5.5497,10.0,0.3
2816,5.88,5.426,11.0,0.29
2817,9.72,0.5103,12.0,0.26
2818,2.92,0.1269,34.0,0.25
2819,2.92,8.8681,33.0,0.29
2820,8.64,0.0616,12.0,0.25
2821,6.44,425.8302,9.0,0.29
2822,6.0,5.4231,10.0,0.29
2823,2.68,8.9007,33.0,0.24
2824,6.52,0.0181,13.0,0.27
2825,2.92,0.1125,33.0,0.27
2826,2.88,0.0906,34.0,0.23
2827,5.8,5.4234,12.0,0.22
2828,2.68,0.0914,37.0,0.24
2829,2.92,8.8618,32.0,0.27
2830,5.8,5.4234,12.0,0.28
2831,9.44,120013.6562,7.0,0.26
2832,3.0,8.879,32.0,0.25
2833,6.0,5.4232,10.0,0.27
2834,6.0,5.4232,10.0,0.23
2835,2.88,8.8745,34.0,0.3
2836,2.92,0.098,32.0,0.31
2837,2.92,8.8726,31.0,0.32
2838,3.12,8.8345,32.0,0.25
2839,3.88,1.7959,17.0,0.25
2840,2.68,0.071,33.0,0.29
2841,2.68,0.0679,36.0,0.36
2842,9.84,0.0205,10.0,0.22
2843,2.72,0.095,33.0,0.27
2844,2.88,0.1641,32.0,0.22
2845,5.8,5.4233,11.0,0.27
2846,2.88,0.0949,32.0,0.29
2847,2.92,8.9129,33.0,0.31
2848,2.76,8.8639,36.0,0.3
2849,7.48,0.022,14.0,0.3
2850,8.44,0.064,13.0,0.28
2851,2.88,0.0772,31.0,0.26
2852,2.88,8.8625,33.0,0.22
2853,7.72,0.0093,16.0,0.25
2854,3.0,8.8916,33.0,0.29
2855,5.88,5.4236,11.0,0.26
2856,5.8,5.4237,11.0,0.22
2857,4.36,0.0278,14.0,0.23
2858,6.0,5.4236,10.0,0.22
2859,3.92,0.0272,16.0,0.49
2860,6.0,5.423,10.0,0.24
2861,2.96,0.0955,31.0,0.25
2862,2.68,8.8867,37.0,0.25
2863,3.0,0.091,33.0,0.23
2864,6.88,56465.6438,10.0,0.26
2865,6.0,5.4233,10.0,0.24
2866,2.68,0.0742,37.0,0.17
2867,4.08,0.8938,16.0,0.19
2868,2.68,0.0614,35.0,0.19
2869,2.88,0.0949,32.0,0.24
2870,2.88,8.9029,34.0,0.24
2871,6.0,5.4235,10.0,0.33
2872,9.12,2.5105,8.0,0.23
2873,7.0,0.027,10.0,0.24
2874,6.76,0.3639,13.0,0.22
2875,2.76,0.1164,31.0,0.81
2876,6.0,5.4234,10.0,0.21
2877,6.16,5.4238,10.0,0.21
2878,3.96,67850.4386,14.0,0.22
2879,8.36,0.0766,9.0,0.19
2880,6.0,5.423,10.0,0.22
2881,2.68,0.1018,35.0,0.27
2882,5.8,5.9626,11.0,0.24
2883,3.12,0.063,33.0,0.19
2884,3.08,0.0871,34.0,0.22
2885,2.68,0.1114,33.0,0.24
2886,6.24,5.4232,10.0,0.19
2887,9.52,0.1801,10.0,0.19
2888,7.12,0.3562,10.0,0.21
2889,3.32,8.8633,33.0,0.19
2890,5.8,5.4452,12.0,0.2
2891,5.88,5.4234,11.0,0.22
2892,6.0,5.4235,10.0,0.23
2893,2.92,0.1191,34.0,0.19
2894,5.76,5.963,11.0,0.22
2895,3.0,0.0632,36.0,0.22
2896,2.88,8.8723,31.0,0.19
2897,4.68,79.892,14.0,0.2
2898,6.08,5.4232,10.0,0.19
2899,6.0,5.4236,10.0,0.3
2900,6.0,5.4228,10.0,0.21
2901,2.88,8.8788,32.0,0.19
2902,2.68,8.896,34.0,0.25
2903,5.8,5.4231,12.0,0.19
2904,7.36,0.0197,10.0,0.2
2905,3.36,8.88,32.0,0.19
2906,3.88,0.9552,18.0,0.2
2907,5.44,88.621,4.0,0.2
2908,5.8,5.4237,12.0,0.21
2909,3.88,67849.5452,21.0,0.24
2910,4.52,69.905,10.0,0.19
2911,2.76,8.8561,33.0,0.21
2912,2.88,0.1006,32.0,0.21
2913,6.0,5.4238,10.0,0.19
2914,2.76,8.8664,31.0,0.25
2915,5.68,6.1626,10.0,0.2
2916,5.8,5.4236,11.0,0.18
2917,2.88,0.3219,30.0,0.22
2918,5.8,5.4242,12.0,0.21
2919,2.84,0.083,31.0,0.21
2920,3.08,8.8837,30.0,0.19
2921,5.04,359794.516,7.0,0.19
2922,8.44,0.0715,8.0,0.2
2923,2.88,8.8794,33.0,0.2
2924,4.76,59.9209,10.0,0.24
2925,3.2,0.0703,31.0,0.22
2926,6.0,5.4231,10.0,0.19
2927,5.88,5.4234,11.0,0.21
2928,4.08,67852.0646,14.0,0.21
2929,6.4,4.9118,9.0,0.2
2930,2.88,0.0773,31.0,0.2
2931,2.88,0.124,33.0,0.23
2932,2.84,0.083,32.0,0.19
2933,8.36,0.0763,9.0,0.34
2934,2.68,0.112,35.0,0.26
2935,8.36,0.054,8.0,0.21
2936,2.68,0.1196,37.0,0.23
2937,6.96,0.3506,10.0,0.24
2938,2.68,0.0704,32.0,0.27
2939,5.88,5.4237,11.0,0.24
2940,2.6,0.0651,32.0,0.22
2941,10.12,0.0242,12.0,0.24
2942,4.28,1.7915,17.0,0.29
2943,3.0,0.0665,31.0,0.32
2944,5.8,5.4238,11.0,0.22
2945,6.96,0.3615,10.0,0.25
2946,4.88,39.9607,6.0,0.39
2947,5.92,5.424,10.0,0.26
2948,4.2,339244.1478,15.0,0.24
2949,3.0,0.0614,32.0,0.24
2950,6.72,56465.3047,-2.0,0.3
2951,6.08,5.424,10.0,0.28
2952,6.0,5.4239,10.0,0.31
2953,6.4,4.9115,9.0,0.27
2954,6.0,5.4235,10.0,0.22
2955,8.56,0.0676,11.0,0.24
2956,6.2,5.4236,10.0,0.2
2957,4.28,67850.4438,17.0,0.24
2958,5.8,5.4242,12.0,0.2
2959,2.68,0.0666,33.0,0.2
2960,3.08,0.0566,30.0,0.2
2961,6.96,0.3663,10.0,0.2
2962,2.68,8.8833,32.0,0.22
2963,2.88,8.9079,33.0,0.19
2964,9.92,0.4722,11.0,0.28
2965,7.96,0.0129,14.0,0.19
2966,8.12,0.0226,13.0,0.23
2967,2.76,0.0887,32.0,0.26
2968,7.64,0.0106,15.0,0.31
2969,5.8,5.4234,11.0,0.35
2970,3.32,8.8876,33.0,0.23
2971,10.32,6.3572,10.0,0.22
2972,3.2,8.9028,32.0,0.21
2973,5.88,5.9644,9.0,0.22
2974,5.88,5.4241,11.0,0.22
2975,5.8,5.4238,11.0,0.2
2976,3.0,0.0674,33.0,0.2
2977,5.88,5.4236,11.0,0.24
2978,3.2,0.0732,32.0,0.26
2979,2.88,8.8958,32.0,0.22
2980,3.96,339243.3696,17.0,0.32
2981,2.68,0.1013,35.0,0.37
2982,5.88,5.4238,12.0,0.31
2983,2.76,0.112,33.0,0.35
2984,8.52,0.0424,12.0,0.41
2985,9.92,0.4606,9.0,0.26
2986,6.0,5.424,10.0,0.33
2987,2.88,8.9173,33.0,0.33
2988,2.76,0.0906,35.0,0.34
2989,4.08,67848.7456,16.0,0.26
2990,2.88,0.0779,32.0,0.3
2991,2.92,8.8845,32.0,0.41
2992,2.68,0.095,34.0,0.42
2993,2.76,8.9306,34.0,0.46
2994,5.32,359841.024,11.0,0.43
2995,4.48,0.0274,15.0,1.11
2996,2.92,0.0829,32.0,0.48
2997,8.44,0.0683,11.0,0.41
2998,3.24,8.8752,33.0,0.24
2999,2.88,8.8638,35.0,0.34
3000,6.0,5.424,10.0,0.24
3001,6.2,5.4234,10.0,0.26
3002,6.4,425.83,9.0,0.24
3003,9.32,0.1717,15.0,0.23
3004,7.48,0.0252,18.0,0.28
3005,2.76,8.8719,32.0,0.26
3006,8.36,0.0067,13.0,0.22
3007,3.0,0.0789,33.0,0.21
3008,2.8,356828.7738,33.0,0.19
3009,4.08,0.0403,19.0,0.21
3010,6.0,5.4238,10.0,0.2
3011,5.88,24.6688,10.0,0.5
3012,9.32,0.4887,9.0,0.2
3013,2.72,0.1021,32.0,0.19
3014,2.76,8.8684,33.0,0.2
3015,5.8,5.4238,12.0,0.27
3016,5.8,5.4238,11.0,0.21
3017,5.8,5.4229,10.0,0.22
3018,2.96,0.097,35.0,0.22
3019,5.6,170.1958,11.0,0.29
3020,9.6,0.4967,10.0,0.23
3021,6.0,5.4235,11.0,0.25
3022,5.8,5.4234,11.0,0.25
3023,8.88,0.4155,9.0,0.31
3024,4.04,339243.2946,13.0,0.25
3025,6.8,0.0246,10.0,0.2
3026,10.12,0.1913,12.0,0.22
3027,7.84,32260.849,15.0,0.26
3028,5.92,5.4239,10.0,0.22
3029,3.2,8.8474,34.0,0.25
3030,2.88,0.0936,30.0,0.33
3031,5.92,5.4232,10.0,0.22
3032,5.88,5.4236,11.0,0.2
3033,4.24,339244.9157,16.0,0.29
3034,5.6,5.9676,10.0,0.32
3035,5.8,5.423,11.0,0.28
3036,2.68,0.1523,34.0,0.22
3037,2.8,0.0656,30.0,0.23
3038,6.04,5.4226,10.0,0.24
3039,6.0,5.4228,10.0,0.2
3040,5.88,5.4238,11.0,0.2
3041,5.92,5.4242,10.0,0.21
3042,4.08,0.8754,14.0,0.2
3043,5.92,5.4239,10.0,0.2
3044,3.12,0.1076,32.0,0.21
3045,6.12,5.4231,10.0,0.21
3046,3.12,0.062,32.0,0.23
3047,7.88,0.0164,14.0,0.21
3048,2.88,0.1442,34.0,0.21
3049,6.72,19.2625,10.0,0.21
3050,5.8,5.4234,12.0,0.22
3051,3.28,0.1109,29.0,0.21
3052,2.68,0.0736,35.0,0.23
3053,2.92,0.0717,31.0,0.2
3054,3.12,8.8966,33.0,0.23
3055,4.64,69.9056,7.0,0.35
3056,2.76,8.8712,30.0,0.29
3057,2.64,9.7236,33.0,0.25
3058,2.96,8.8563,32.0,0.19
3059,3.2,0.1135,32.0,0.21
3060,7.88,0.0296,16.0,0.24
3061,7.88,32236.7293,13.0,0.21
3062,5.8,5.4238,12.0,0.29
3063,3.12,8.8869,34.0,0.21
3064,6.04,5.4248,10.0,0.21
3065,3.16,8.8758,35.0,0.21
3066,5.88,5.4245,11.0,0.22
3067,8.56,0.0596,10.0,0.2
3068,4.08,2.7215,18.0,0.2
3069,2.96,0.0612,33.0,0.21
3070,3.12,0.1186,33.0,0.22
3071,5.8,5.423,12.0,0.2
3072,3.12,8.851,31.0,0.24
3073,3.12,8.885,31.0,0.22
3074,2.88,0.095,32.0,0.2
3075,3.2,0.0961,32.0,0.2
3076,5.8,5.5059,12.0,0.23
3077,2.8,0.0419,29.0,0.19
3078,2.72,0.0879,31.0,0.2
3079,4.88,359772.382,10.0,0.2
3080,3.36,8.8714,30.0,0.3
3081,6.0,5.423,10.0,0.23
3082,10.52,0.0174,12.0,0.23
3083,9.36,120043.0317,7.0,0.22
3084,3.12,0.1018,32.0,0.48
3085,2.92,8.9154,36.0,0.36
3086,2.68,0.0963,36.0,0.28
3087,2.68,8.9058,31.0,0.21
3088,2.88,0.0996,30.0,0.2
3089,2.92,8.8543,30.0,0.21
3090,3.08,0.0567,35.0,0.21
3091,7.56,0.0108,13.0,0.2
3092,2.68,8.8612,33.0,0.21
3093,5.84,5.9627,11.0,0.2
3094,2.68,8.8924,37.0,0.21
3095,5.88,5.4239,11.0,0.2
3096,2.92,8.8712,30.0,0.19
3097,5.8,5.4408,12.0,0.22
3098,6.0,5.4238,10.0,0.19
3099,7.04,0.0205,10.0,0.21
3100,6.08,5.4237,10.0,0.2
3101,4.84,359784.5268,8.0,0.25
3102,2.88,0.127,32.0,0.2
3103,5.92,5.4244,10.0,0.2
3104,5.88,5.4235,10.0,0.2
3105,2.88,8.8272,31.0,0.23
3106,9.48,0.0872,7.0,0.21
3107,6.0,5.4236,10.0,0.2
3108,3.88,407092.8365,19.0,0.2
3109,7.92,0.0162,13.0,0.21
3110,2.68,8.9599,35.0,0.21
3111,5.8,5.4239,11.0,0.22
3112,9.96,0.4912,8.0,0.23
3113,2.6,0.085,36.0,0.21
3114,5.88,5.4236,11.0,0.21
3115,5.2,359794.5257,6.0,0.23
3116,2.68,9.7124,32.0,0.21
3117,6.12,5.4242,10.0,0.2
3118,2.68,8.8916,36.0,0.21
3119,5.88,5.4239,11.0,0.21
3120,2.76,0.0886,32.0,0.21
3121,5.8,5.4232,11.0,0.71
3122,8.04,32236.7349,12.0,0.21
3123,2.88,0.1062,32.0,0.22
3124,2.68,8.9306,35.0,0.2
3125,3.16,0.0557,32.0,0.22
3126,2.76,8.8833,31.0,0.2
3127,2.8,0.0718,28.0,0.22
3128,2.88,8.8556,31.0,0.21
3129,2.76,0.1119,33.0,0.24
3130,2.88,8.8447,32.0,0.19
3131,2.68,0.1126,34.0,0.21
3132,8.44,0.0525,16.0,0.19
3133,3.0,0.0858,34.0,0.22
3134,6.04,5.4237,10.0,0.2
3135,6.0,5.4227,10.0,0.22
3136,2.8,8.897,34.0,0.22
3137,6.0,5.4236,10.0,0.21
3138,6.88,0.0251,10.0,0.23
3139,2.68,8.9381,34.0,0.2
3140,9.08,0.0577,9.0,0.22
3141,2.84,8.8857,32.0,0.22
3142,3.0,8.8965,33.0,0.2
3143,2.72,0.1462,32.0,0.21
3144,5.88,4.8834,10.0,0.2
3145,3.04,168270.0681,31.0,0.2
3146,7.96,32236.7403,11.0,0.19
3147,6.2,4.8839,10.0,0.21
3148,5.88,5.423,11.0,0.21
3149,2.68,0.1063,35.0,0.31
3150,9.12,0.064,6.0,0.28
3151,2.68,0.1572,34.0,0.3
3152,2.92,359844.3884,33.0,0.2
3153,2.92,8.8676,32.0,0.22
3154,6.28,4.9116,10.0,0.23
3155,6.08,5.4238,10.0,0.23
3156,9.56,240086.0146,10.0,0.23
3157,2.88,0.1127,33.0,0.23
3158,6.24,3.913,7.0,0.22
3159,4.92,72.0674,6.0,0.3
3160,5.96,4.8832,10.0,0.18
3161,2.88,8.8902,32.0,0.24
3162,3.04,0.1006,30.0,0.28
3163,7.68,0.0118,11.0,0.19
3164,5.96,5.4238,11.0,0.22
3165,5.8,5.4234,9.0,0.22
3166,6.0,5.4238,10.0,0.2
3167,2.68,0.0482,31.0,0.2
3168,2.88,8.8562,32.0,0.22
3169,2.68,8.8774,32.0,0.2
3170,2.88,0.0843,33.0,0.22
3171,7.6,0.0237,13.0,0.19
3172,2.68,8.8844,33.0,0.21
3173,3.88,0.9487,20.0,0.2
3174,6.0,5.424,10.0,0.23
3175,2.8,0.1277,30.0,0.21
3176,6.08,5.4237,10.0,0.19
3177,6.96,0.5532,10.0,0.19
3178,8.68,0.1068,16.0,0.2
3179,2.88,8.8631,34.0,0.27
3180,2.88,8.8485,29.0,0.24
3181,2.88,0.0662,31.0,0.32
3182,6.0,5.4233,10.0,0.2
3183,6.4,4.3995,8.0,0.32
3184,6.0,5.4234,10.0,0.24
3185,3.08,8.8722,31.0,0.24
3186,8.92,0.0804,4.0,0.3
3187,6.08,5.4235,10.0,0.21
3188,6.28,4.8904,9.0,0.25
3189,2.88,8.8958,32.0,0.29
3190,5.84,5.4233,11.0,0.31
3191,5.8,5.4242,12.0,0.24
3192,5.96,5.4239,10.0,0.24
3193,5.8,5.4232,12.0,0.21
3194,5.8,5.446,12.0,0.26
3195,3.96,0.0309,16.0,0.34
3196,9.52,0.5142,17.0,0.29
3197,2.88,8.8922,35.0,0.23
3198,3.88,67851.3022,19.0,0.3
3199,5.8,5.4237,11.0,0.23
3200,5.92,5.4232,10.0,0.23
3201,3.28,8.8673,31.0,0.22
3202,9.16,2.5143,8.0,0.31
3203,3.16,0.095,31.0,0.25
3204,2.88,8.8788,32.0,0.27
3205,9.48,0.3284,14.0,0.27
3206,4.08,1.6517,16.0,0.2
3207,4.04,3.4142,15.0,0.28
3208,3.88,67851.2925,16.0,0.23
3209,6.16,5.4238,10.0,0.28
3210,5.8,5.424,12.0,0.22
3211,2.8,8.8732,32.0,0.22
3212,2.68,8.9304,34.0,0.25
3213,2.88,8.9143,33.0,0.26
3214,3.0,340075.7507,30.0,0.24
3215,6.0,5.4232,10.0,0.21
3216,3.32,0.1198,34.0,0.27
3217,10.24,5.8709,8.0,0.24
3218,2.84,8.8733,33.0,0.27
3219,2.68,0.055,33.0,0.23
3220,5.8,5.4238,12.0,0.23
3221,2.88,8.897,34.0,0.24
3222,5.8,5.4238,9.0,0.23
3223,5.64,6.5036,10.0,0.24
3224,5.92,5.4309,11.0,0.27
3225,6.0,5.423,9.0,0.35
3226,9.24,120040.9534,12.0,0.28
3227,2.72,8.8626,34.0,0.36
3228,9.6,240083.5548,8.0,0.29
3229,3.0,0.1253,34.0,0.29
3230,2.88,8.8625,33.0,0.3
3231,3.28,0.1142,34.0,0.25
3232,2.92,8.8967,33.0,0.26
3233,6.04,4.453,9.0,0.21
3234,3.12,8.88,32.0,0.24
3235,5.8,5.4236,12.0,0.21
3236,2.76,0.1064,33.0,0.29
3237,2.92,8.8568,33.0,0.23
3238,6.24,4.939,9.0,0.32
3239,3.0,0.0885,30.0,0.28
3240,2.88,8.8911,33.0,0.3
3241,5.8,5.4238,10.0,0.22
3242,3.04,8.8792,31.0,0.27
3243,5.88,5.4301,11.0,0.77
3244,9.08,4.9437,8.0,0.28
3245,5.88,4.8828,10.0,0.26
3246,3.0,0.077,30.0,0.25
3247,5.24,82.0841,7.0,0.29
3248,2.88,8.9305,33.0,0.26
3249,6.84,0.0203,11.0,0.2
3250,3.88,67850.4538,16.0,0.21
3251,7.16,0.3546,12.0,0.25
3252,2.88,8.8505,32.0,0.24
3253,2.88,8.8867,35.0,0.24
3254,6.08,5.424,10.0,0.24
3255,2.88,8.886,34.0,0.23
3256,2.88,8.908,33.0,0.24
3257,5.88,5.4237,11.0,0.27
3258,5.88,5.4243,11.0,0.29
3259,3.24,8.8389,30.0,0.24
3260,2.68,0.1282,32.0,0.31
3261,2.88,8.8753,30.0,0.24
3262,3.96,0.8845,19.0,0.23
3263,7.04,0.3627,9.0,0.26
3264,7.0,0.3542,10.0,0.28
3265,5.88,5.4237,11.0,0.22
3266,5.92,5.4233,10.0,0.25
3267,5.88,5.4245,11.0,0.32
3268,6.0,5.4236,10.0,0.35
3269,3.96,67852.0635,16.0,0.24
3270,5.8,5.4235,12.0,0.25
3271,4.08,339243.3542,14.0,0.25
3272,5.08,359794.5103,8.0,0.24
3273,5.92,5.4242,10.0,0.24
3274,6.0,5.4241,10.0,0.27
3275,2.68,8.8791,34.0,0.23
3276,5.92,5.4233,10.0,0.24
3277,2.68,0.061,33.0,0.3
3278,5.48,6.5038,14.0,0.26
3279,7.0,0.0309,11.0,0.24
3280,6.04,5.4232,10.0,0.28
3281,5.88,5.424,11.0,0.38
3282,2.92,0.0795,34.0,0.39
3283,8.72,0.0743,7.0,0.38
3284,2.68,8.8492,31.0,0.37
3285,3.52,19.7494,32.0,0.31
3286,3.04,0.1022,32.0,0.28
3287,5.8,5.4239,12.0,0.28
3288,6.0,5.4238,10.0,0.27
3289,2.96,0.0736,33.0,0.31
3290,6.0,5.4232,10.0,0.29
3291,2.68,8.8958,33.0,0.28
3292,5.8,5.4237,12.0,0.32
3293,3.04,0.1106,30.0,0.27
3294,2.8,0.0565,31.0,0.37
3295,2.92,8.8431,31.0,0.32
3296,6.08,5.7629,10.0,0.32
3297,2.92,0.1254,35.0,0.32
3298,3.0,0.1234,32.0,0.26
3299,9.8,0.5421,10.0,0.24
3300,6.2,5.4237,10.0,0.23
3301,5.88,5.4354,10.0,0.2
3302,7.68,32236.7422,12.0,0.36
3303,4.2,339243.3089,16.0,0.36
3304,5.8,5.4234,9.0,0.25
3305,8.44,0.0548,10.0,0.39
3306,7.4,32236.7288,13.0,0.2
3307,3.88,339243.3124,15.0,0.23
3308,5.8,5.4237,11.0,0.23
3309,5.88,5.4234,11.0,0.28
3310,2.88,8.8548,31.0,0.33
3311,5.92,5.4239,10.0,0.24
3312,6.04,5.4244,10.0,0.3
3313,3.12,0.0504,32.0,0.2
3314,6.0,5.4235,10.0,0.29
3315,5.8,5.5062,12.0,0.21
3316,2.68,8.882,29.0,0.2
3317,5.8,5.4231,12.0,0.2
3318,6.08,5.8,10.0,0.23
3319,5.8,5.4235,12.0,0.2
3320,3.64,0.8916,22.0,0.23
3321,3.0,8.8737,33.0,0.22
3322,5.96,5.4241,11.0,0.21
3323,2.92,0.1057,31.0,0.22
3324,8.04,3.3879,14.0,0.19
3325,2.68,8.9188,34.0,0.21
3326,3.12,8.8942,30.0,0.19
3327,2.92,0.0674,33.0,0.21
3328,6.96,0.3588,10.0,0.2
3329,3.0,0.0676,33.0,0.2
3330,3.88,0.0352,20.0,0.22
3331,5.44,92.0582,7.0,0.2
3332,6.0,5.4242,10.0,0.28
3333,2.92,8.8862,34.0,0.3
3334,8.36,0.0715,8.0,0.28
3335,2.68,0.0943,33.0,0.26
3336,2.88,8.8965,33.0,0.25
3337,2.92,8.8679,29.0,0.24
3338,2.68,8.8649,31.0,0.22
3339,3.12,8.8461,32.0,0.21
3340,6.08,5.4233,10.0,0.2
3341,5.88,5.423,11.0,0.22
3342,9.88,0.4872,9.0,0.2
3343,3.0,0.0896,32.0,0.2
3344,7.84,32236.7433,13.0,0.19
3345,2.88,8.8694,35.0,0.21
3346,3.0,0.0958,33.0,0.26
3347,2.92,8.8621,32.0,0.21
3348,6.0,5.4236,10.0,0.18
3349,6.2,5.4236,10.0,0.22
3350,2.68,0.131,37.0,0.2
3351,4.92,359774.5413,7.0,0.22
3352,2.88,8.8568,33.0,0.2
3353,6.0,5.4236,10.0,0.22
3354,5.92,5.4236,10.0,0.2
3355,9.04,2.4841,10.0,0.25
3356,3.92,0.0356,19.0,0.2
3357,2.92,8.867,32.0,0.23
3358,2.68,0.0667,31.0,0.24
3359,5.8,5.424,12.0,0.72
3360,9.04,2.5192,8.0,0.2
3361,5.56,5.9635,13.0,0.22
3362,4.08,0.0303,15.0,0.22
3363,2.88,8.8795,33.0,0.19
3364,2.68,8.857,35.0,0.23
3365,6.0,5.4235,10.0,0.19
3366,4.76,39.9574,6.0,0.25
3367,3.76,0.8858,18.0,0.2
3368,7.68,32236.7334,14.0,0.2
3369,3.96,1.8048,19.0,0.19
3370,6.04,5.4242,10.0,0.19
3371,9.32,0.4925,13.0,0.2
3372,2.72,8.8847,33.0,0.19
3373,3.04,0.066,29.0,0.22
3374,8.56,0.065,9.0,0.19
3375,9.8,0.3372,13.0,0.22
3376,10.0,5.5598,11.0,0.2
3377,4.12,0.8838,13.0,0.2
3378,5.88,5.4236,11.0,0.22
3379,7.84,32236.734,12.0,0.19
3380,2.88,0.1161,30.0,0.19
3381,3.12,8.8513,31.0,0.19
3382,6.88,0.0198,10.0,0.2
3383,3.92,0.0256,14.0,0.21
3384,2.76,0.0659,32.0,0.2
3385,6.24,5.4238,10.0,0.19
3386,2.88,8.8854,33.0,0.21
3387,2.88,119090.1731,31.0,0.23
3388,6.0,5.4242,10.0,0.23
3389,3.12,8.8448,29.0,0.21
3390,7.72,32236.7356,15.0,0.25
3391,8.0,0.0198,11.0,0.22
3392,5.88,5.4237,9.0,0.24
3393,6.6,359696.9957,12.0,0.22
3394,4.04,67849.5306,13.0,0.21
3395,5.8,5.4236,9.0,0.21
3396,9.12,2.5077,6.0,0.25
3397,7.04,359696.6536,10.0,0.22
3398,3.04,0.0791,30.0,0.2
3399,3.88,0.0278,17.0,0.19
3400,2.68,8.8617,33.0,0.2
3401,5.8,5.4231,9.0,0.19
3402,9.24,0.0694,9.0,0.2
3403,2.96,0.1009,33.0,0.2
3404,8.72,2.5004,9.0,0.23
3405,2.88,0.1302,34.0,0.28
3406,5.8,5.4235,12.0,0.33
3407,5.8,5.4239,12.0,0.31
3408,2.8,0.0843,32.0,0.31
3409,2.68,0.1246,35.0,0.21
3410,6.88,0.0235,11.0,0.25
3411,6.0,5.4236,10.0,0.19
3412,3.12,0.0973,34.0,0.19
3413,5.8,5.4239,9.0,0.19
3414,10.24,0.6478,9.0,0.2
3415,3.32,0.1014,30.0,0.19
3416,2.88,0.0723,32.0,0.24
3417,6.04,5.4255,10.0,0.21
3418,5.8,5.4242,12.0,0.27
3419,2.92,8.8515,31.0,0.34
3420,5.88,5.424,11.0,0.3
3421,5.8,5.4236,12.0,0.21
3422,5.8,5.4227,9.0,0.24
3423,2.6,0.1057,33.0,0.36
3424,2.68,8.8928,33.0,0.35
3425,2.88,0.095,32.0,0.27
3426,3.08,8.8805,31.0,0.2
3427,6.32,4.9118,8.0,0.21
3428,5.96,5.4232,10.0,0.23
3429,3.12,8.9233,30.0,0.28
3430,3.96,0.8834,18.0,0.25
3431,2.88,8.9094,35.0,0.44
3432,7.48,0.363,8.0,0.39
3433,6.44,359844.3319,12.0,0.31
3434,8.2,32236.7438,12.0,0.24
3435,2.8,0.0773,31.0,0.21
3436,2.92,0.0838,30.0,0.2
3437,8.36,0.2308,9.0,0.23
3438,2.92,8.834,32.0,0.24
3439,9.04,0.0529,10.0,0.28
3440,5.92,5.4239,9.0,0.25
3441,6.0,5.4242,10.0,0.22
3442,6.16,5.4235,10.0,0.23
3443,2.84,8.8547,29.0,0.38
3444,4.2,2.6484,17.0,0.35
3445,5.84,5.423,9.0,0.3
3446,7.84,0.0133,11.0,0.24
3447,9.52,0.4989,11.0,0.25
3448,2.92,8.8558,32.0,0.35
3449,5.76,5.9636,11.0,0.35
3450,3.0,0.0732,34.0,0.29
3451,4.28,0.1035,18.0,0.37
3452,9.4,0.0344,15.0,0.22
3453,4.08,340251.8998,17.0,0.28
3454,5.88,5.4237,11.0,0.23
3455,3.0,8.8862,34.0,0.24
3456,2.68,0.1051,31.0,0.3
3457,3.84,0.0317,18.0,0.25
3458,9.04,0.0457,11.0,0.28
3459,2.68,0.0896,34.0,0.25
3460,8.76,120043.0116,8.0,0.21
3461,2.88,0.107,33.0,0.26
3462,2.96,17.611,31.0,0.34
3463,8.84,0.0165,3.0,0.39
3464,6.28,4.3436,10.0,0.26
3465,5.8,5.4233,11.0,0.21
3466,3.12,8.8971,32.0,0.24
3467,5.92,5.4236,10.0,0.23
3468,8.92,120043.3803,9.0,0.29
3469,6.0,5.4235,10.0,0.28
3470,8.96,0.0529,8.0,0.2
3471,3.12,8.8515,32.0,0.26
3472,10.28,0.331,12.0,0.23
3473,2.8,0.1071,33.0,0.25
3474,5.88,5.4235,11.0,0.27
3475,2.68,0.1114,33.0,0.28
3476,2.68,0.1128,35.0,0.21
3477,6.0,5.4242,10.0,0.23
3478,8.68,37091.4113,6.0,0.24
3479,2.76,8.8543,30.0,0.79
3480,2.84,8.9236,33.0,0.27
3481,5.92,5.4242,10.0,0.24
3482,2.76,0.1034,37.0,0.22
3483,5.8,5.4232,12.0,0.23
3484,5.8,5.4227,12.0,0.25
3485,5.92,5.4241,10.0,0.31
3486,3.92,0.8936,20.0,0.24
3487,3.0,0.1024,32.0,0.26
3488,5.96,5.6024,10.0,0.29
3489,2.68,0.0723,34.0,0.25
3490,7.36,0.3574,9.0,0.3
3491,6.0,5.4235,9.0,0.28
3492,2.68,0.1057,33.0,0.27
3493,6.0,5.4238,10.0,0.27
3494,6.84,0.3602,12.0,0.33
3495,5.08,102.0245,8.0,0.23
3496,2.96,0.0958,33.0,0.33
3497,10.28,0.3279,11.0,0.27
3498,4.64,49.9467,7.0,0.32
3499,3.4,8.8923,33.0,0.28
3500,10.56,0.0188,7.0,0.28
3501,6.48,4.4266,8.0,0.28
3502,5.88,5.4238,11.0,0.27
3503,3.36,619.7341,31.0,0.26
3504,9.44,2.4964,6.0,0.28
3505,6.08,4.9388,9.0,0.29
3506,3.88,0.0287,17.0,0.21
3507,6.2,5.4226,10.0,0.26
3508,9.68,0.4919,13.0,0.22
3509,7.08,360083.8077,11.0,0.23
3510,8.64,0.0846,13.0,0.31
3511,5.88,5.4232,9.0,0.28
3512,4.24,67848.7396,12.0,0.23
3513,3.2,8.8689,32.0,0.26
3514,5.88,5.4236,11.0,0.21
3515,6.04,5.4232,10.0,0.21
3516,8.88,0.0613,7.0,0.26
3517,4.12,67848.6813,15.0,0.26
3518,6.96,0.0281,10.0,0.23
3519,3.04,8.8548,29.0,0.27
3520,4.08,67848.7452,14.0,0.3
3521,6.0,5.4241,10.0,0.19
3522,4.08,1.6423,13.0,0.22
3523,3.0,8.8635,32.0,0.26
3524,2.96,0.0653,30.0,0.3
3525,6.0,5.4234,9.0,0.26
3526,6.0,5.4236,10.0,0.2
3527,2.68,0.0446,35.0,0.2
3528,2.68,0.0484,32.0,0.19
3529,10.08,0.1913,13.0,0.22
3530,5.8,5.4233,9.0,0.27
3531,5.8,5.5018,11.0,0.23
3532,2.8,0.0894,33.0,0.22
3533,6.76,0.3557,11.0,0.21
3534,5.8,5.4234,12.0,0.22
3535,2.68,8.8958,34.0,0.2
3536,5.8,5.423,12.0,0.32
3537,5.8,5.4233,9.0,0.19
3538,5.72,5.4232,11.0,0.2
3539,3.12,0.0906,32.0,0.19
3540,2.76,8.8954,32.0,0.21
3541,6.96,0.4244,11.0,0.24
3542,3.0,0.1025,32.0,0.21
3543,4.04,1.6477,13.0,0.19
3544,5.84,5.424,9.0,0.28
3545,3.88,67850.5116,16.0,0.2
3546,8.44,0.076,9.0,0.21
3547,2.68,0.0662,34.0,0.19
3548,3.12,0.0668,31.0,0.21
3549,2.8,0.0779,31.0,0.21
3550,2.68,0.0824,32.0,0.24
3551,6.04,5.424,10.0,0.19
3552,3.36,18.1172,28.0,0.22
3553,2.92,0.1023,34.0,0.2
3554,7.48,0.022,17.0,0.19
3555,5.88,5.4234,11.0,0.21
3556,2.84,8.9094,34.0,0.19
3557,10.32,0.4807,13.0,0.29
3558,8.12,0.0277,15.0,0.23
3559,5.8,5.4243,11.0,0.22
3560,2.76,0.083,32.0,0.2
3561,4.08,67849.5344,14.0,0.25
3562,3.88,67849.5307,16.0,0.23
3563,7.48,0.0167,9.0,0.22
3564,6.12,5.4238,10.0,0.22
3565,6.76,0.3591,9.0,0.22
3566,2.92,8.9009,31.0,0.2
3567,2.88,8.8463,34.0,0.22
3568,4.24,0.9439,13.0,0.19
3569,6.12,5.4237,10.0,0.22
3570,6.0,5.4241,9.0,0.22
3571,6.04,1159.6527,10.0,0.22
3572,7.76,0.0107,16.0,0.22
3573,2.76,0.085,35.0,0.2
3574,4.0,67852.073,16.0,0.2
3575,3.0,0.0909,34.0,0.2
3576,5.8,5.4404,11.0,0.21
3577,4.08,2.6548,18.0,0.27
3578,3.92,0.8822,16.0,0.22
3579,5.04,92.0312,9.0,0.2
3580,2.88,0.061,32.0,0.21
3581,4.84,359824.4638,11.0,0.2
3582,2.68,8.9028,36.0,0.22
3583,2.92,8.8806,35.0,0.2
3584,2.68,0.1008,31.0,0.21
3585,5.96,5.9646,9.0,0.2
3586,2.68,0.0902,34.0,0.21
3587,4.24,0.9237,18.0,0.2
3588,2.88,8.8454,33.0,0.2
3589,2.68,8.8838,32.0,0.21
3590,2.88,0.0724,32.0,0.23
3591,3.12,0.0682,33.0,0.24
3592,4.08,0.033,15.0,0.24
3593,6.16,5.424,10.0,0.22
3594,3.16,0.0388,31.0,0.24
3595,3.08,8.849,32.0,0.21
3596,5.04,359794.5182,8.0,0.2
3597,6.0,5.4232,10.0,0.2
3598,8.4,32236.732,8.0,0.2
3599,4.08,2.6486,16.0,0.19
3600,9.0,0.053,4.0,0.25
3601,5.8,5.4232,12.0,0.2
3602,4.68,49.9461,7.0,0.22
3603,2.88,8.9151,36.0,0.27
3604,5.88,5.4237,11.0,0.88
3605,3.92,339244.1447,15.0,0.39
3606,7.08,0.7662,11.0,0.35
3607,2.68,8.8831,32.0,0.23
3608,9.92,0.4894,8.0,0.31
3609,3.2,8.8907,28.0,0.27
3610,5.8,5.9598,10.0,0.24
3611,6.0,5.4239,10.0,0.21
3612,6.0,5.4241,10.0,0.2
3613,6.76,0.03,12.0,0.2
3614,4.72,59.9262,7.0,0.25
3615,2.88,0.1354,33.0,0.19
3616,5.88,5.4239,11.0,0.23
3617,3.04,8.8497,32.0,0.19
3618,6.12,4.8922,8.0,0.22
3619,5.08,359804.4954,10.0,0.23
3620,8.84,0.0594,8.0,0.29
3621,5.8,5.4236,12.0,0.22
3622,5.8,5.4233,9.0,0.22
3623,6.0,5.4234,10.0,0.22
3624,7.12,0.026,10.0,0.22
3625,2.76,0.0842,32.0,0.26
3626,5.8,5.423,9.0,0.23
3627,2.76,0.0968,36.0,0.24
3628,2.68,0.0842,35.0,0.24
3629,2.76,9.84,32.0,0.21
3630,2.92,8.8391,32.0,0.21
3631,10.04,0.1608,9.0,0.31
3632,5.24,359822.9501,7.0,0.24
3633,5.92,5.4239,10.0,0.26
3634,5.8,5.424,12.0,0.3
3635,6.0,5.424,10.0,0.22
3636,2.92,8.8811,36.0,0.26
3637,2.88,0.1049,30.0,0.25
3638,5.0,359772.3815,9.0,0.26
3639,3.0,8.8624,32.0,0.21
3640,2.84,8.8971,34.0,0.34
3641,2.88,0.0777,31.0,0.27
3642,5.72,5.4232,12.0,0.32
3643,4.08,339243.2878,14.0,0.24
3644,5.92,5.423,10.0,0.21
3645,9.08,0.0859,8.0,0.3
3646,3.16,8.8645,32.0,0.22
3647,6.08,5.4231,10.0,0.2
3648,2.88,0.0899,33.0,0.22
3649,6.0,5.4241,10.0,0.25
3650,2.8,0.0766,30.0,0.21
3651,2.92,0.0917,36.0,0.22
3652,9.32,0.3428,15.0,0.21
3653,5.8,5.4229,11.0,0.21
3654,2.88,8.8618,32.0,0.25
3655,3.12,8.8794,31.0,0.24
3656,2.68,0.1241,34.0,0.21
3657,2.84,8.8787,32.0,0.25
3658,5.88,5.4237,11.0,0.2
3659,5.88,5.4243,11.0,0.25
3660,3.12,0.0964,33.0,0.2
3661,7.76,32236.7289,14.0,0.22
3662,4.6,359752.418,12.0,0.2
3663,2.92,8.8896,28.0,0.24
3664,6.6,0.0269,10.0,0.23
3665,7.56,0.0119,16.0,0.23
3666,3.72,0.8826,19.0,0.27
3667,5.88,5.4244,11.0,0.29
3668,2.92,0.0911,35.0,0.25
3669,5.88,5.4238,11.0,0.21
3670,3.92,76158.9362,14.0,0.21
3671,3.92,0.8855,18.0,0.25
3672,10.24,5.6999,9.0,0.25
3673,10.0,0.3154,9.0,0.25
3674,3.88,0.0287,16.0,0.3
3675,2.68,0.0794,36.0,0.34
3676,5.8,5.424,9.0,0.28
3677,6.0,5.4237,10.0,0.2
3678,10.04,0.0217,13.0,0.25
3679,3.28,8.833,30.0,0.23
3680,5.88,5.4238,11.0,0.22
3681,2.88,0.0893,31.0,0.19
3682,2.92,8.929,31.0,0.24
3683,2.76,8.8904,33.0,0.2
3684,3.12,8.8579,33.0,0.22
3685,9.52,0.1804,14.0,0.2
3686,6.0,5.4237,10.0,0.19
3687,2.64,0.0959,29.0,0.22
3688,8.56,0.0756,7.0,0.25
3689,6.0,5.4238,10.0,0.31
3690,2.68,0.095,33.0,0.23
3691,2.76,0.1078,33.0,0.25
3692,8.84,0.101,7.0,0.24
3693,5.96,5.4238,9.0,0.22
3694,3.0,8.8608,29.0,0.21
3695,5.88,5.4234,11.0,0.22
3696,6.08,5.4252,10.0,0.21
3697,2.92,8.881,35.0,0.36
3698,2.88,8.9741,29.0,0.23
3699,2.68,0.1057,33.0,0.27
3700,3.08,0.0646,31.0,0.45
3701,2.88,8.8682,32.0,0.27
3702,2.68,0.107,35.0,0.26
3703,5.96,5.4227,9.0,0.27
3704,2.88,8.872,29.0,0.29
3705,6.04,5.4235,10.0,0.41
3706,5.88,5.4235,9.0,0.22
3707,2.68,8.9428,36.0,0.24
3708,6.0,5.4237,10.0,0.23
3709,3.2,8.8564,31.0,0.21
3710,2.92,8.8737,33.0,0.23
3711,8.36,0.0528,14.0,0.21
3712,2.68,0.0553,31.0,0.19
3713,9.16,0.0554,10.0,0.27
3714,5.8,5.4228,12.0,0.21
3715,4.08,2.5022,17.0,0.19
3716,3.12,8.8589,33.0,0.23
3717,2.88,8.8782,31.0,0.2
3718,9.0,0.048,15.0,0.19
3719,7.16,0.369,12.0,0.21
3720,6.16,5.4233,10.0,0.2
3721,3.0,8.8918,35.0,0.23
3722,7.84,0.1684,13.0,0.21
3723,4.04,67851.2978,16.0,0.19
3724,3.04,8.8713,28.0,0.19
3725,2.96,9.0424,33.0,0.75
3726,3.12,0.1259,34.0,0.24
3727,5.8,5.4234,12.0,0.2
3728,3.12,8.8438,30.0,0.2
3729,4.16,2.7139,18.0,0.23
3730,6.0,5.4238,10.0,0.23
3731,6.0,5.4237,10.0,0.2
3732,2.68,0.1113,30.0,0.19
3733,3.88,1.649,16.0,0.23
3734,6.0,5.4235,10.0,0.2
3735,2.8,0.0553,32.0,0.2
3736,9.12,120043.035,10.0,0.22
3737,3.24,19.766,33.0,0.2
3738,5.0,72.1,6.0,0.24
3739,3.28,0.0776,31.0,0.23
3740,3.0,9.4205,32.0,0.26
3741,5.96,4.397,9.0,0.2
3742,5.92,5.4237,10.0,0.21
3743,6.12,4.9386,9.0,0.22
3744,8.92,0.0532,13.0,0.21
3745,2.96,0.072,31.0,0.22
3746,3.12,8.8971,33.0,0.21
3747,5.88,5.4236,11.0,0.29
3748,3.12,8.8632,33.0,0.21
3749,5.8,5.4233,12.0,0.22
3750,6.0,5.4232,10.0,0.2
3751,4.0,67848.6864,15.0,0.2
3752,2.76,8.886,35.0,0.2
3753,2.88,0.1148,36.0,0.2
3754,2.8,8.8732,32.0,0.23
3755,2.68,8.9129,31.0,0.23
3756,6.2,425.83,11.0,0.28
3757,4.12,339244.1491,16.0,0.24
3758,9.28,0.0768,10.0,0.27
3759,6.76,0.3528,9.0,0.21
3760,3.12,0.0733,31.0,0.22
3761,3.16,8.8912,32.0,0.19
3762,2.92,114728.7948,30.0,0.26
3763,5.8,5.4235,11.0,0.2
3764,2.68,8.85,30.0,0.21
3765,5.96,5.424,9.0,0.22
3766,2.88,8.8498,30.0,0.21
3767,2.88,0.1402,32.0,0.23
3768,5.44,120.2671,9.0,0.21
3769,6.0,5.4237,10.0,0.22
3770,5.8,5.4232,12.0,0.22
3771,6.84,0.0262,11.0,0.23
3772,2.68,8.8675,34.0,0.22
3773,2.68,8.8612,30.0,0.2
3774,2.76,8.8782,30.0,0.23
3775,6.0,5.4236,9.0,0.19
3776,2.88,0.0893,32.0,0.23
3777,3.88,67851.3004,18.0,0.21
3778,5.8,5.4236,12.0,0.2
3779,2.92,8.8682,32.0,0.2
3780,6.0,5.4237,9.0,0.22
3781,3.12,0.1254,34.0,0.2
3782,2.88,0.1177,32.0,0.22
3783,2.76,8.9009,32.0,0.23
3784,3.16,0.0836,33.0,0.21
3785,6.16,5.4283,10.0,0.22
3786,2.92,0.0779,31.0,0.2
3787,7.16,0.019,11.0,0.21
3788,2.68,0.1084,37.0,0.2
3789,9.24,2.5388,10.0,0.23
3790,9.56,0.0795,12.0,0.19
3791,2.88,0.1183,34.0,0.25
3792,6.48,2.2371,3.0,0.21
3793,6.6,0.2413,1.0,0.21
3794,2.88,0.1013,33.0,0.2
3795,2.68,0.0842,35.0,0.2
3796,6.32,3.3725,6.0,0.21
3797,5.88,4.8969,11.0,0.22
3798,5.72,5.424,12.0,0.22
3799,2.68,8.8688,33.0,0.22
3800,6.08,5.4234,11.0,0.24
3801,8.68,4.9527,10.0,0.25
3802,3.32,0.0318,29.0,0.25
3803,8.76,2.5335,11.0,0.21
3804,9.32,0.339,12.0,0.2
3805,2.68,8.8801,36.0,0.26
3806,2.68,0.1426,36.0,0.21
3807,6.04,5.4231,10.0,0.21
3808,2.96,0.1004,30.0,0.22
3809,2.8,8.8172,32.0,0.28
3810,2.92,8.8381,29.0,0.27
3811,5.8,5.4237,9.0,0.21
3812,8.68,2.5252,4.0,0.22
3813,5.88,5.4234,9.0,0.19
3814,9.8,0.4922,10.0,0.2
3815,9.48,0.5017,10.0,0.23
3816,10.36,0.1928,9.0,0.24
3817,9.52,0.0308,9.0,0.25
3818,2.68,8.8809,36.0,0.25
3819,3.12,0.0223,29.0,0.21
3820,2.92,8.9419,33.0,0.23
3821,6.04,5.4239,10.0,0.24
3822,6.0,5.4244,10.0,0.23
3823,8.28,0.0058,10.0,0.22
3824,5.8,5.4234,12.0,0.23
3825,8.36,0.0732,9.0,0.23
3826,7.08,5.8878,11.0,0.2
3827,3.12,0.0782,31.0,0.23
3828,4.08,339245.7684,14.0,0.24
3829,6.0,5.4239,9.0,0.23
3830,2.8,8.8959,31.0,0.23
3831,2.96,8308.5618,35.0,0.22
3832,2.6,0.0722,33.0,0.21
3833,4.08,1.8051,17.0,0.22
3834,2.68,0.085,36.0,0.24
3835,6.0,5.4232,9.0,0.21
3836,7.88,32236.7394,14.0,0.2
3837,5.88,5.4232,11.0,0.19
3838,3.12,0.1074,32.0,0.2
3839,3.84,407092.7993,16.0,0.23
3840,5.8,5.4242,12.0,0.21
3841,5.8,5.4236,11.0,0.21
3842,6.76,0.0282,10.0,0.26
3843,3.12,8.8919,32.0,0.22
3844,9.68,0.0143,7.0,0.2
3845,2.88,8.8866,34.0,0.22
3846,4.08,1.6544,17.0,0.2
3847,7.92,0.0214,13.0,0.21
3848,4.08,0.8755,14.0,0.25
3849,3.12,8.9013,29.0,0.22
3850,6.84,0.3581,12.0,0.22
3851,6.16,5.4247,10.0,0.22
3852,3.16,0.0457,33.0,0.2
3853,2.68,8.9078,32.0,0.21
3854,2.84,0.0721,27.0,0.19
3855,3.0,8.8756,35.0,0.24
3856,2.88,0.1134,34.0,0.21
3857,5.8,5.424,12.0,0.24
3858,5.8,5.4235,9.0,0.74
3859,2.68,0.107,34.0,0.25
3860,7.6,0.0048,14.0,0.22
3861,6.04,5.4225,10.0,0.28
3862,2.88,8.8682,33.0,0.22
3863,5.8,5.4234,12.0,0.23
3864,9.84,0.5049,12.0,0.21
3865,2.8,0.0622,34.0,0.2
3866,6.0,5.4241,10.0,0.22
3867,2.84,568.7242,33.0,0.22
3868,5.88,5.4234,10.0,0.22
3869,6.0,5.4237,10.0,0.2
3870,2.68,0.078,33.0,0.23
3871,2.88,8.8512,33.0,0.21
3872,7.72,0.0184,15.0,0.22
3873,8.36,0.0398,13.0,0.2
3874,2.76,0.0717,32.0,0.22
3875,4.24,1.7936,14.0,0.2
3876,2.68,0.0785,32.0,0.27
3877,7.36,56465.3089,8.0,0.25
3878,2.76,8.8625,34.0,0.27
3879,3.0,0.085,34.0,0.22
3880,6.92,0.5666,11.0,0.23
3881,7.68,0.0155,9.0,0.22
3882,9.16,120043.0058,12.0,0.2
3883,5.88,5.4236,11.0,0.23
3884,5.8,5.4232,12.0,0.23
3885,2.92,8.8562,31.0,0.25
3886,2.92,8.8863,35.0,0.2
3887,3.12,8.8578,34.0,0.22
3888,5.8,5.424,12.0,0.27
3889,2.88,0.1075,34.0,0.22
3890,4.08,1.8536,14.0,0.2
3891,6.92,0.3563,11.0,0.2
3892,5.92,5.424,10.0,0.23
3893,6.92,0.02,11.0,0.21
3894,3.8,0.8872,18.0,0.27
3895,5.92,5.4238,9.0,0.31
3896,3.0,8.8956,32.0,0.24
3897,2.68,8.8688,37.0,0.27
3898,7.88,0.0245,11.0,0.25
3899,8.92,0.0698,8.0,0.39
3900,2.96,8.8897,31.0,0.29
3901,5.88,5.4242,11.0,0.3
3902,6.44,0.0291,11.0,0.33
3903,2.68,8.891,35.0,0.35
3904,2.72,24.8473,32.0,0.35
3905,6.6,0.3687,14.0,0.23
3906,5.8,5.424,9.0,0.27
3907,8.56,0.0592,6.0,0.27
3908,2.68,0.0891,31.0,0.3
3909,2.88,8.8618,31.0,0.25
3910,3.16,0.0932,28.0,0.21
3911,3.12,0.0616,33.0,0.27
3912,2.88,8.8568,33.0,0.23
3913,5.96,5.4237,9.0,0.27
3914,2.68,0.1122,33.0,0.22
3915,8.8,0.0649,10.0,0.2
3916,6.0,5.4235,9.0,0.24
3917,2.88,8.8789,32.0,0.21
3918,4.16,67849.5338,14.0,0.25
3919,2.76,0.1128,34.0,0.23
3920,2.76,8.8733,31.0,0.22
3921,9.84,0.1814,11.0,0.23
3922,3.12,8.8744,32.0,0.25
3923,6.0,5.4241,10.0,0.31
3924,2.88,8.8776,30.0,0.21
3925,2.92,8.8581,35.0,0.23
3926,6.96,0.3549,11.0,0.21
3927,5.8,5.4234,9.0,0.2
3928,2.76,0.1183,34.0,0.2
3929,5.8,5.424,9.0,0.2
3930,2.96,0.0836,32.0,0.22
3931,3.12,0.0877,29.0,0.24
3932,5.8,5.4235,12.0,0.2
3933,2.76,8.8725,32.0,0.19
3934,2.8,0.1227,30.0,0.21
3935,3.12,8.876,34.0,0.21
3936,3.16,0.0751,32.0,0.23
3937,3.24,0.0778,29.0,0.21
3938,6.92,0.3522,9.0,0.2
3939,2.92,8.8516,35.0,0.2
3940,9.8,0.3452,9.0,0.22
3941,3.0,8.8826,29.0,0.21
3942,5.0,52.0988,8.0,0.25
3943,6.0,5.4239,10.0,0.24
3944,2.88,0.0886,31.0,0.21
3945,6.0,5.4237,10.0,0.2
3946,3.72,339244.1503,17.0,0.2
3947,6.0,5.4239,10.0,0.19
3948,4.64,69.9124,6.0,0.19
3949,6.12,5.4241,10.0,0.23
3950,2.8,0.056,33.0,0.24
3951,3.08,0.1096,31.0,0.24
3952,9.8,0.3306,10.0,0.21
3953,5.8,5.4234,12.0,0.21
3954,5.8,5.4235,12.0,0.22
3955,4.16,0.8828,17.0,0.2
3956,4.92,82.0508,8.0,0.19
3957,3.12,0.101,31.0,0.25
3958,6.96,0.5644,10.0,0.25
3959,6.0,5.4239,9.0,0.21
3960,2.8,8.8681,33.0,0.18
3961,3.2,8.903,32.0,0.2
3962,2.88,8.9115,30.0,0.23
3963,3.12,8.854,32.0,0.23
3964,3.0,8.8459,32.0,0.23
3965,6.0,5.4241,10.0,0.19
3966,3.0,0.1178,32.0,0.23
3967,5.8,5.5949,12.0,0.22
3968,6.0,5.423,10.0,0.2
3969,2.68,8.892,36.0,0.2
3970,3.2,8.8458,32.0,0.2
3971,4.08,67849.5431,18.0,0.19
3972,3.0,8.8297,34.0,0.21
3973,3.48,0.0331,17.0,0.2
3974,5.8,5.4234,11.0,0.2
3975,3.88,1.649,16.0,0.21
3976,5.96,169401.2807,10.0,0.23
3977,2.68,8.8896,33.0,0.25
3978,2.8,8.8574,34.0,0.28
3979,4.8,59.93,5.0,0.27
3980,2.68,8.8854,34.0,0.23
3981,6.0,5.4277,11.0,0.3
3982,5.8,5.4233,12.0,0.35
3983,5.96,5.423,10.0,0.33
3984,5.8,5.4238,12.0,0.81
3985,4.08,339243.3021,18.0,0.27
3986,4.68,59.9304,9.0,0.31
3987,5.8,5.4239,12.0,0.3
3988,3.0,8.8733,32.0,0.33
3989,2.76,0.1126,34.0,0.28
3990,2.76,8.8732,33.0,0.28
3991,6.12,5.4237,10.0,0.31
3992,3.12,8.8697,33.0,0.49
3993,3.28,0.1297,32.0,0.33
3994,2.88,0.1126,33.0,0.33
3995,4.0,0.0308,17.0,0.31
3996,2.68,8.8668,33.0,0.19
3997,6.0,5.4236,10.0,0.2
3998,5.8,5.4242,12.0,0.19
3999,6.0,5.4236,10.0,0.24
4000,2.72,0.0836,29.0,0.19
4001,2.88,0.1158,30.0,0.23
4002,2.68,8.8625,35.0,0.22
4003,2.92,0.1057,31.0,0.23
4004,2.8,0.0711,30.0,0.23
4005,5.88,4.8832,10.0,0.22
4006,6.0,5.424,10.0,0.2
4007,6.0,5.4239,10.0,0.27
4008,5.72,6.5039,12.0,0.22
4009,6.6,0.3659,12.0,0.22
4010,3.28,0.0394,31.0,0.2
4011,5.8,5.4238,12.0,0.19
4012,2.68,8.9666,34.0,0.2
4013,2.92,8.8684,33.0,0.23
4014,2.88,8.8623,32.0,0.34
4015,2.88,0.0907,34.0,0.33
4016,3.04,0.0894,31.0,0.33
4017,6.2,5.4241,10.0,0.35
4018,3.88,67849.5354,18.0,0.3
4019,2.88,0.1076,34.0,0.25
4020,6.2,5.4291,10.0,0.28
4021,6.24,5.4238,10.0,0.24
4022,2.92,0.0566,34.0,0.28
4023,5.0,92.0498,7.0,0.23
4024,3.36,0.0618,32.0,0.23
4025,3.16,0.097,32.0,0.19
4026,2.84,0.1197,35.0,0.24
4027,3.0,0.1354,32.0,0.2
4028,5.8,5.4237,11.0,0.22
4029,3.04,8.8922,35.0,0.32
4030,2.68,0.0893,35.0,0.2
4031,8.92,0.4071,5.0,0.2
4032,5.88,5.4237,11.0,0.21
4033,2.92,0.0508,33.0,0.32
4034,6.96,0.3616,9.0,0.25
4035,2.72,0.0711,32.0,0.19
4036,9.52,0.0248,15.0,0.18
4037,4.08,2.5012,15.0,0.2
4038,2.92,8.8696,35.0,0.19
4039,6.0,5.4233,10.0,0.21
4040,3.0,8.839,30.0,0.2
4041,8.72,0.0462,10.0,0.21
4042,7.8,0.0149,16.0,0.28
4043,6.76,0.3596,12.0,0.36
4044,3.12,0.0957,31.0,0.35
4045,3.0,0.1065,32.0,0.31
4046,7.92,32236.7267,13.0,0.24
4047,2.88,0.0822,31.0,0.22
4048,8.08,0.0103,12.0,0.2
4049,6.0,5.4232,10.0,0.2
4050,2.68,8.8344,35.0,0.22
4051,6.76,0.0196,13.0,0.22
4052,8.44,0.0635,10.0,0.2
4053,5.88,5.4232,11.0,0.2
4054,6.84,0.3603,11.0,0.28
4055,9.2,0.0744,6.0,0.3
4056,5.88,5.4234,11.0,0.22
4057,2.88,8.8625,33.0,0.21
4058,8.04,0.0505,13.0,0.2
4059,2.88,8.8664,31.0,0.21
4060,5.8,5.4233,12.0,0.2
4061,2.92,0.0839,33.0,0.21
4062,7.24,0.0273,10.0,0.26
4063,2.88,0.107,33.0,0.22
4064,3.12,0.0558,32.0,0.2
4065,8.88,0.0827,8.0,0.19
4066,9.64,0.1936,16.0,0.19
4067,2.88,8.8676,32.0,0.19
4068,3.12,0.1195,33.0,0.22
4069,3.16,8.8296,33.0,0.2
4070,7.88,0.0232,15.0,0.2
4071,2.88,8.8636,35.0,0.2
4072,5.8,5.4241,12.0,0.22
4073,3.96,0.8853,16.0,0.19
4074,5.88,5.4238,11.0,0.18
4075,8.44,0.0763,6.0,0.2
4076,8.68,0.4221,10.0,0.19
4077,2.6,0.111,33.0,0.25
4078,2.76,8.8631,35.0,0.2
4079,2.68,0.1115,33.0,0.21
4080,2.88,8.8669,31.0,0.18
4081,3.08,0.0804,32.0,0.2
4082,8.56,0.0681,6.0,0.23
4083,6.24,5.4233,10.0,0.2
4084,2.88,0.1068,33.0,0.21
4085,4.2,360168.2385,17.0,0.23
4086,9.68,0.3187,16.0,0.21
4087,3.0,8.869,33.0,0.22
4088,2.76,0.0657,32.0,0.2
4089,2.68,8.9206,36.0,0.2
4090,7.12,0.031,11.0,0.21
4091,2.92,8.855,31.0,0.21
4092,5.8,5.4235,9.0,0.37
4093,4.08,0.8789,16.0,0.25
4094,2.88,8.891,33.0,0.21
4095,5.92,5.4239,10.0,0.25
4096,2.68,8.8739,35.0,0.22
4097,5.88,5.4236,11.0,0.25
4098,6.16,5.4228,10.0,0.2
4099,6.2,5.4234,10.0,0.23
4100,3.24,0.0908,33.0,0.2
4101,5.96,5.424,10.0,0.23
4102,5.8,5.4232,11.0,0.19
4103,3.88,339244.156,18.0,0.25
4104,5.96,5.4232,10.0,0.23
4105,2.76,8.8631,34.0,0.25
4106,6.88,0.364,11.0,0.28
4107,7.68,0.0372,13.0,0.75
4108,3.08,0.0902,34.0,0.19
4109,5.8,5.4237,12.0,0.22
4110,7.92,32236.7374,14.0,0.2
4111,5.8,5.4229,12.0,0.24
4112,3.8,407091.9441,13.0,0.2
4113,2.88,0.1171,31.0,0.25
4114,9.76,0.1826,9.0,0.19
4115,2.88,8.8921,35.0,0.23
4116,7.8,0.0282,12.0,0.22
4117,3.32,0.1122,31.0,0.2
4118,2.68,0.0573,37.0,0.18
4119,2.88,8.8619,32.0,0.22
4120,3.12,8.866,29.0,0.26
4121,2.88,8.8548,30.0,0.2
4122,6.0,5.4231,10.0,0.28
4123,10.0,0.1674,12.0,0.33
4124,6.08,5.4233,10.0,0.28
4125,7.12,0.3584,10.0,0.44
4126,3.12,8.8462,32.0,0.36
4127,2.6,0.1173,32.0,0.3
4128,5.04,102.0448,10.0,0.2
4129,5.96,5.9646,11.0,0.21
4130,5.76,5.9646,11.0,0.21
4131,8.68,0.0527,9.0,0.35
4132,3.16,8.8455,31.0,0.44
4133,5.92,5.424,10.0,0.31
4134,6.0,5.4236,10.0,0.21
4135,3.36,0.0842,32.0,0.21
4136,2.88,0.134,31.0,0.25
4137,5.88,5.4241,11.0,0.21
4138,5.8,5.4238,11.0,0.21
4139,7.56,0.019,17.0,0.18
4140,2.92,9.3307,33.0,0.23
4141,6.0,5.424,10.0,0.25
4142,5.8,5.4239,11.0,0.24
4143,5.72,5.4232,9.0,0.23
4144,6.0,5.4236,10.0,0.21
4145,6.0,5.423,10.0,0.22
4146,10.0,0.6679,12.0,0.24
4147,3.92,19.788,13.0,0.22
4148,7.0,359844.3234,12.0,0.24
4149,6.0,5.4243,10.0,0.25
4150,2.92,8.874,31.0,0.27
4151,3.08,0.1023,33.0,0.2
4152,6.04,5.4237,10.0,0.19
4153,9.04,2.492,10.0,0.24
4154,5.92,5.4699,10.0,0.22
4155,5.92,5.4388,10.0,0.27
4156,6.0,5.4238,10.0,0.22
4157,2.88,0.0842,33.0,0.21
4158,5.8,5.4242,12.0,0.22
4159,3.84,0.0204,11.0,0.22
4160,6.0,5.9634,8.0,0.2
4161,6.0,5.4234,10.0,0.21
4162,8.0,32236.7258,14.0,0.24
4163,2.68,0.0787,35.0,0.19
4164,8.64,0.0804,6.0,0.2
4165,9.8,5.869,14.0,0.22
4166,2.8,8.8846,32.0,0.25
4167,3.08,8.881,35.0,0.21
4168,2.88,8.8986,33.0,0.2
4169,2.92,8.8692,35.0,0.25
4170,9.52,0.8763,10.0,0.2
4171,2.76,8.8435,31.0,0.2
4172,5.8,5.4233,11.0,0.19
4173,5.92,5.4238,10.0,0.26
4174,3.84,8.832,25.0,0.3
4175,3.12,0.0783,31.0,0.3
4176,5.8,5.424,12.0,0.32
4177,2.72,0.1247,34.0,0.22
4178,3.92,67851.3037,16.0,0.19
4179,3.12,8.85,29.0,0.25
4180,10.12,0.0156,7.0,0.19
4181,4.28,2.0274,17.0,0.2
4182,3.0,0.1026,34.0,0.22
4183,3.12,8.8704,27.0,0.23
4184,10.24,0.183,8.0,0.27
4185,2.76,0.0893,33.0,0.2
4186,3.12,8.8666,30.0,0.19
4187,6.0,5.4229,10.0,0.19
4188,2.76,8.8257,30.0,0.22
4189,2.88,0.112,32.0,0.21
4190,5.8,5.4233,12.0,0.22
4191,4.72,59.9177,7.0,0.34
4192,5.8,5.4234,12.0,0.27
4193,2.8,0.1513,31.0,0.28
4194,8.48,0.0244,13.0,0.24
4195,5.8,5.5953,11.0,0.25
4196,3.88,2.7022,15.0,0.35
4197,7.08,0.024,10.0,0.22
4198,2.88,8.8737,33.0,0.19
4199,2.76,8.8909,34.0,0.19
4200,2.68,8.892,34.0,0.24
4201,2.88,8.8965,33.0,0.28
4202,2.88,0.0956,33.0,0.21
4203,3.96,67848.6834,16.0,0.22
4204,2.88,0.0618,32.0,0.26
4205,8.6,0.0429,14.0,0.25
4206,6.0,5.4239,9.0,0.25
4207,5.8,5.4235,11.0,0.18
4208,6.16,5.4239,10.0,0.31
4209,4.68,59.9197,12.0,0.25
4210,3.04,0.0732,32.0,0.23
4211,6.16,5.4236,10.0,0.2
4212,2.84,0.1126,33.0,0.19
4213,5.8,5.4234,11.0,0.22
4214,2.76,8.8789,31.0,0.26
4215,3.76,0.0234,15.0,0.22
4216,3.28,0.0902,34.0,0.18
4217,2.68,8.8746,36.0,0.28
4218,3.64,0.0364,19.0,0.43
4219,2.84,8.874,32.0,0.34
4220,3.04,8.8791,33.0,0.29
4221,5.8,5.4239,12.0,0.29
4222,2.8,8.8694,34.0,0.28
4223,3.88,0.0885,15.0,0.37
4224,2.88,0.1043,34.0,0.26
4225,8.2,0.0621,12.0,0.26
4226,3.16,0.0916,33.0,0.24
4227,4.84,92.0312,8.0,0.21
4228,5.8,5.4241,9.0,0.23
4229,6.28,4.882,8.0,0.74
4230,3.72,0.8837,16.0,0.19
4231,2.8,0.0905,34.0,0.24
4232,7.4,0.0132,14.0,0.22
4233,5.88,5.4237,11.0,0.3
4234,6.0,5.4234,10.0,0.19
4235,3.44,0.5255,29.0,0.23
4236,2.92,0.0679,34.0,0.21
4237,10.04,0.3305,12.0,0.2
4238,3.36,0.095,30.0,0.21
4239,3.12,8.8545,28.0,0.2
4240,2.92,8.8574,34.0,0.22
4241,5.92,5.4236,10.0,0.23
4242,2.68,8.8429,32.0,0.23
4243,2.68,0.0966,36.0,0.18
4244,2.76,8.8455,32.0,0.22
4245,2.76,0.1121,34.0,0.26
4246,3.92,339243.2972,17.0,0.34
4247,6.0,5.4234,9.0,0.31
4248,6.0,5.4239,10.0,0.27
4249,5.8,5.4238,12.0,0.27
4250,2.76,0.0993,31.0,0.3
4251,5.84,5.4236,9.0,0.33
4252,2.68,0.0674,33.0,0.3
4253,6.0,5.4242,10.0,0.23
4254,6.56,2.311,10.0,0.24
4255,2.92,8.8458,34.0,0.24
4256,5.68,6.5041,10.0,0.19
4257,6.96,359696.6526,10.0,0.22
4258,3.88,407092.8082,16.0,0.28
4259,2.68,0.1062,34.0,0.33
4260,3.04,0.1064,32.0,0.26
4261,3.24,0.0685,33.0,0.35
4262,2.88,8.901,31.0,0.27
4263,6.04,5.4239,10.0,0.3
4264,6.16,5.424,10.0,0.35
4265,5.88,5.4234,11.0,0.22
4266,2.68,0.1191,37.0,0.2
4267,7.0,359696.6534,11.0,0.2
4268,5.92,5.4239,10.0,0.21
4269,3.68,0.0279,16.0,0.23
4270,5.8,5.4415,12.0,0.23
4271,5.8,5.4236,9.0,0.28
4272,5.0,102.1039,9.0,0.31
4273,3.12,359673.203,34.0,0.28
4274,6.96,0.3627,10.0,0.3
4275,2.88,0.0605,31.0,0.41
4276,5.88,5.4239,11.0,0.31
4277,5.8,5.4239,12.0,0.27
4278,5.68,6.164,10.0,0.25
4279,6.0,5.4236,10.0,0.31
4280,3.68,0.0308,15.0,0.4
4281,6.76,0.3654,12.0,0.36
4282,2.68,8.8682,34.0,0.26
4283,2.92,8.8508,33.0,0.22
4284,9.52,0.1796,10.0,0.21
4285,4.16,67848.6957,16.0,0.21
4286,2.8,0.1184,32.0,0.21
4287,6.2,5.4233,9.0,0.27
4288,7.16,0.3647,11.0,0.32
4289,3.12,8.891,31.0,0.31
4290,4.32,67850.515,18.0,0.28
4291,8.6,0.0502,8.0,0.28
4292,6.76,0.0278,12.0,0.35
4293,2.88,0.0821,30.0,0.36
4294,5.84,12.5868,10.0,0.22
4295,5.88,5.4237,11.0,0.2
4296,2.76,9.2673,34.0,0.2
4297,6.0,5.4239,10.0,0.21
4298,4.12,67848.6825,14.0,0.2
4299,5.36,359754.5981,3.0,0.23
4300,8.96,0.0941,8.0,0.2
4301,6.0,5.4231,10.0,0.28
4302,3.88,2.6376,15.0,0.36
4303,6.08,5.4233,10.0,0.27
4304,5.44,108.6173,5.0,0.29
4305,7.88,0.0331,12.0,0.31
4306,4.12,0.9481,17.0,0.33
4307,2.88,8.8568,33.0,0.32
4308,3.12,8.886,31.0,0.23
4309,5.8,5.4236,9.0,0.24
4310,5.8,5.4241,9.0,0.18
4311,10.04,5.7108,10.0,0.31
4312,8.56,0.0591,10.0,0.27
4313,2.76,0.1065,33.0,0.29
4314,2.68,0.0956,35.0,0.24
4315,2.92,0.1231,35.0,0.33
4316,2.88,0.0609,31.0,0.33
4317,2.76,0.0871,28.0,0.34
4318,6.2,4.9112,11.0,0.49
4319,4.08,0.9532,17.0,0.33
4320,6.36,359696.66,11.0,0.47
4321,4.08,407092.8039,17.0,0.36
4322,2.68,0.0964,35.0,0.26
4323,2.84,32245.5748,31.0,0.23
4324,2.76,0.0897,33.0,0.22
4325,8.84,0.0501,11.0,0.21
4326,6.0,5.4237,10.0,0.19
4327,6.0,5.4239,10.0,0.25
4328,2.76,0.0843,34.0,0.27
4329,6.4,4.9115,9.0,0.35
4330,2.68,8.8954,32.0,0.24
4331,5.8,5.4245,11.0,0.24
4332,5.8,5.4232,9.0,0.24
4333,4.08,3.415,16.0,0.33
4334,2.88,0.0832,32.0,0.21
4335,2.88,8.8794,32.0,0.24
4336,4.08,339243.2918,15.0,0.33
4337,6.0,5.4234,10.0,0.3
4338,2.68,8.9034,37.0,0.79
4339,6.08,5.4235,9.0,0.25
4340,4.2,407092.8092,16.0,0.22
4341,2.68,8.8783,31.0,0.26
4342,3.24,0.1009,31.0,0.28
4343,10.24,0.1861,8.0,0.25
4344,3.16,0.1027,34.0,0.23
4345,5.8,5.424,12.0,0.24
4346,5.88,5.4237,9.0,0.23
4347,9.92,5.8399,11.0,0.24
4348,5.8,5.4236,12.0,0.24
4349,6.72,0.3618,8.0,0.21
4350,5.8,5.4233,9.0,0.31
4351,2.76,0.0957,32.0,0.23
4352,2.92,8.8681,33.0,0.23
4353,4.08,1.647,16.0,0.21
4354,5.88,5.4236,11.0,0.26
4355,6.6,0.2223,13.0,0.24
4356,2.92,8.8814,36.0,0.25
4357,2.68,8.9029,36.0,0.24
4358,6.0,5.4236,10.0,0.24
4359,3.12,8.8463,32.0,0.28
4360,3.12,8.881,33.0,0.25
4361,6.0,5.4239,10.0,0.23
4362,3.12,8.8274,30.0,0.23
4363,3.88,2.6588,20.0,0.24
4364,5.72,5.4235,12.0,0.25
4365,5.88,5.4238,11.0,0.25
4366,5.8,5.4235,11.0,0.23
4367,6.0,5.4242,10.0,0.27
4368,6.76,0.0227,13.0,0.25
4369,5.92,5.4238,10.0,0.22
4370,5.8,5.424,9.0,0.21
4371,2.68,0.1133,36.0,0.26
4372,5.8,5.4232,11.0,0.2
4373,6.72,0.0279,11.0,0.2
4374,6.2,4.9118,10.0,0.25
4375,3.04,11.3116,30.0,0.19
4376,5.0,102.0364,8.0,0.2
4377,2.92,0.2563,32.0,0.22
4378,9.28,0.0515,12.0,0.2
4379,2.6,0.097,37.0,0.19
4380,5.88,5.4236,11.0,0.2
4381,2.88,8.9067,30.0,0.2
4382,2.88,0.078,31.0,0.19
4383,5.88,5.4241,11.0,0.2
4384,3.0,8.9014,31.0,0.24
4385,5.8,5.4238,12.0,0.21
4386,2.68,8.8859,33.0,0.19
4387,4.08,339245.7682,17.0,0.22
4388,2.88,8.9249,33.0,0.2
4389,3.2,8.846,33.0,0.21
4390,3.12,8.8802,31.0,0.19
4391,6.04,5.4242,10.0,0.19
4392,3.12,0.0979,34.0,0.21
4393,6.0,5.4228,10.0,0.19
4394,4.08,339243.2925,15.0,0.19
4395,5.92,5.4238,9.0,0.2
4396,2.68,8.862,34.0,0.19
4397,2.76,8.8618,33.0,0.21
4398,7.92,32236.7357,12.0,0.19
4399,5.84,5.9638,10.0,0.19
4400,6.76,0.0246,10.0,0.21
4401,6.08,5.4243,10.0,0.22
4402,5.92,5.4239,10.0,0.22
4403,2.92,8.8956,31.0,0.19
4404,5.92,5.4228,10.0,0.2
4405,2.6,0.0719,33.0,0.19
4406,2.76,8.8745,35.0,0.2
4407,6.16,5.4243,10.0,0.19
4408,2.88,0.093,29.0,0.22
4409,4.08,407094.4254,16.0,0.24
4410,3.32,8.8699,33.0,0.21
4411,5.92,5.4232,10.0,0.2
4412,4.28,407092.8752,15.0,0.2
4413,5.92,5.4237,10.0,0.19
4414,5.8,5.4238,11.0,0.2
4415,7.8,0.0192,12.0,0.22
4416,7.04,0.0202,10.0,0.27
4417,2.68,8.9331,35.0,0.2
4418,3.0,8.9025,32.0,0.2
4419,2.76,0.083,31.0,0.21
4420,2.92,8.873,30.0,0.22
4421,2.96,9.0823,34.0,0.2
4422,5.88,5.424,11.0,0.2
4423,2.88,8.8565,32.0,0.19
4424,3.12,8.8425,27.0,0.21
4425,8.72,0.0492,10.0,0.27
4426,4.84,112.0204,11.0,0.24
4427,4.88,69.914,8.0,0.24
4428,6.0,5.4235,10.0,0.32
4429,4.6,49.9458,9.0,0.24
4430,2.92,0.1075,34.0,0.22
4431,4.68,359782.3664,12.0,0.31
4432,3.08,8.9147,33.0,0.42
4433,4.08,67850.4515,16.0,0.38
4434,6.0,5.4237,10.0,0.27
4435,2.88,8.8719,31.0,0.26
4436,2.76,0.1255,36.0,0.22
4437,2.8,8.879,32.0,0.25
4438,2.88,0.1176,32.0,0.22
4439,2.88,0.1176,32.0,0.26
4440,2.92,8.8752,36.0,0.31
4441,6.04,5.4236,10.0,0.26
4442,5.76,5.423,10.0,0.46
4443,3.12,8.8168,30.0,0.6
4444,2.88,0.065,30.0,0.52
4445,6.08,5.4229,10.0,0.33
4446,2.68,0.078,31.0,0.31
4447,7.44,0.0331,11.0,0.25
4448,5.88,5.424,9.0,0.24
4449,2.68,8.9067,33.0,0.29
4450,5.76,6.0916,11.0,0.3
4451,2.92,8.875,34.0,0.24
4452,2.84,8.8568,32.0,0.38
4453,2.88,8.8796,33.0,0.39
4454,5.8,5.4238,9.0,0.36
4455,6.0,5.4237,10.0,0.32
4456,6.0,5.4234,10.0,0.41
4457,3.0,0.1006,31.0,0.89
4458,3.88,407092.8723,21.0,0.34
4459,6.0,5.4236,9.0,0.31
4460,5.88,5.4233,11.0,0.32
4461,6.04,5.4244,9.0,0.24
4462,9.8,0.3463,15.0,0.23
4463,6.0,5.4237,10.0,0.22
4464,3.12,8.8502,30.0,0.21
4465,2.88,8.8681,33.0,0.23
4466,2.88,8.8809,35.0,0.33
4467,2.96,0.15,30.0,0.33
4468,8.44,0.3468,11.0,0.31
4469,5.96,5.9636,9.0,0.39
4470,6.0,5.4239,10.0,0.22
4471,6.0,5.4237,10.0,0.31
4472,2.68,8.8456,34.0,0.25
4473,5.04,102.0286,7.0,0.32
4474,5.8,5.4236,9.0,0.43
4475,5.92,5.4235,10.0,0.3
4476,3.12,8.8592,35.0,0.27
4477,8.32,0.0243,11.0,0.37
4478,3.0,8.9007,30.0,0.31
4479,7.6,0.0186,12.0,0.34
4480,2.92,0.0545,31.0,0.23
4481,2.8,0.1234,32.0,0.26
4482,3.16,1.0294,32.0,0.2
4483,8.84,2.5221,8.0,0.23
4484,8.52,0.0935,8.0,0.25
4485,3.0,0.083,31.0,0.25
4486,2.92,8.8354,36.0,0.27
4487,6.0,5.4238,11.0,0.39
4488,6.0,5.4235,10.0,0.34
4489,3.32,8.8603,29.0,0.23
4490,9.64,0.197,16.0,0.31
4491,3.96,0.0201,13.0,0.25
4492,6.0,5.4231,9.0,0.25
4493,5.8,5.4241,9.0,0.27
4494,8.84,0.0546,12.0,0.25
4495,6.0,5.4232,10.0,0.22
4496,5.8,5.4388,12.0,0.43
4497,6.0,5.4226,10.0,0.25
4498,4.0,0.0958,17.0,0.27
4499,2.92,8.8939,28.0,0.22
4500,6.0,5.4238,9.0,0.23
4501,7.96,32236.7328,12.0,0.23
4502,2.68,0.1428,34.0,0.23
4503,5.88,5.424,11.0,0.23
4504,3.12,0.0669,30.0,0.23
4505,2.92,0.1366,35.0,0.25
4506,2.72,0.1098,36.0,0.22
4507,2.8,8.8776,30.0,0.21
4508,5.88,6.5045,6.0,0.24
4509,2.88,0.0887,30.0,0.24
4510,2.64,8.8878,26.0,0.21
4511,2.64,0.058,21.0,0.25
4512,3.88,0.881,19.0,0.22
4513,2.88,0.0792,34.0,0.23
4514,5.96,5.9639,8.0,0.29
4515,2.72,8.8574,36.0,0.19
4516,9.16,0.3998,3.0,0.19
4517,2.84,0.0858,33.0,0.19
4518,3.08,0.0509,30.0,0.21
4519,4.08,2.6659,19.0,0.19
4520,6.0,5.423,10.0,0.18
4521,9.12,0.0566,7.0,0.21
4522,2.72,0.1277,30.0,0.22
4523,8.56,0.0404,13.0,0.19
4524,2.76,8.8776,29.0,0.19
4525,6.0,5.4238,10.0,0.3
4526,5.8,5.4231,11.0,0.21
4527,6.0,5.4236,9.0,0.2
4528,2.84,21266.5595,35.0,0.23
4529,5.88,5.4233,9.0,0.28
4530,6.28,4.8888,8.0,0.26
4531,6.0,5.4233,10.0,0.23
4532,8.36,0.0484,12.0,0.21
4533,3.12,8.846,32.0,0.2
4534,3.64,0.8834,17.0,0.32
4535,3.04,17.7218,32.0,0.21
4536,2.92,0.0754,28.0,0.21
4537,5.76,5.9635,11.0,0.24
4538,3.12,0.0862,34.0,0.26
4539,6.08,5.424,9.0,0.24
4540,9.84,5.9918,9.0,0.27
4541,3.12,8.8679,31.0,0.23
4542,4.2,2.5004,15.0,0.21
4543,2.68,8.9614,33.0,0.23
4544,3.08,8.8531,32.0,0.22
4545,5.92,5.4242,9.0,0.24
4546,3.0,0.113,34.0,0.22
4547,3.12,8.8815,33.0,0.24
4548,6.0,5.4236,10.0,0.26
4549,2.92,8.9068,32.0,0.2
4550,6.04,5.4242,10.0,0.22
4551,4.08,2.6574,16.0,0.22
4552,5.8,5.4238,12.0,0.21
4553,2.88,8.8606,30.0,0.19
4554,2.72,8.8584,34.0,0.25
4555,4.84,59.9298,8.0,0.22
4556,2.64,0.0593,29.0,0.21
4557,6.52,359844.3281,14.0,0.2
4558,5.92,5.4235,10.0,0.22
4559,6.08,5.4226,9.0,0.2
4560,5.88,5.4237,10.0,0.19
4561,5.8,5.4235,12.0,0.24
4562,6.0,5.4233,10.0,0.19
4563,2.68,0.1058,30.0,0.21
4564,6.72,0.0088,9.0,0.22
4565,5.88,5.4232,11.0,0.19
4566,5.8,5.4538,12.0,0.2
4567,5.04,359794.5202,8.0,0.2
4568,4.08,67851.3145,17.0,0.23
4569,5.92,5.4233,10.0,0.2
4570,4.08,0.0309,17.0,0.23
4571,2.88,8.861,31.0,0.22
4572,6.64,0.0168,12.0,0.2
4573,3.96,339243.3567,14.0,0.2
4574,2.88,0.0992,29.0,0.2
4575,2.76,0.0609,31.0,0.2
4576,3.28,8.9026,32.0,0.19
4577,5.84,5.4241,9.0,0.8
4578,3.12,0.1171,29.0,0.22
4579,2.96,0.0544,28.0,0.22
4580,5.2,102.0161,6.0,0.25
4581,5.8,5.4234,9.0,0.21
4582,6.84,0.028,12.0,0.21
4583,6.0,5.4237,10.0,0.19
4584,3.16,17.6482,29.0,0.24
4585,7.6,0.0185,14.0,0.2
4586,2.88,0.9518,31.0,0.2
4587,5.88,5.4236,11.0,0.21
4588,3.92,407094.5159,12.0,0.23
4589,6.92,0.014,11.0,0.22
4590,3.12,8.8776,32.0,0.21
4591,5.84,5.4236,9.0,0.22
4592,8.08,0.0153,14.0,0.22
4593,6.16,5.4237,9.0,0.24
4594,6.76,0.0236,11.0,0.2
4595,2.68,8.9288,29.0,0.31
4596,3.88,67852.9195,13.0,0.26
4597,2.96,8.8846,31.0,0.29
4598,2.92,8.8562,31.0,0.2
4599,2.76,340075.7434,34.0,0.19
4600,3.16,0.1081,32.0,0.22
4601,3.16,0.0455,32.0,0.21
4602,7.88,32236.7426,14.0,0.19
4603,5.8,5.4232,11.0,0.21
4604,2.84,8.8728,28.0,0.21
4605,9.72,0.5077,10.0,0.19
4606,3.72,67848.6755,12.0,0.17
4607,7.88,32236.7335,12.0,0.23
4608,6.2,4.8839,11.0,0.22
4609,2.68,0.1158,31.0,0.17
4610,2.96,8.8682,33.0,0.19
4611,2.68,8.9596,31.0,0.18
4612,3.12,8.8479,35.0,0.19
4613,3.0,0.1222,30.0,0.18
4614,9.44,0.0203,9.0,0.19
4615,9.68,0.0364,15.0,0.2
4616,5.8,5.4236,12.0,0.19
4617,2.88,0.1284,32.0,0.25
4618,2.76,8.8675,31.0,0.21
4619,3.16,0.118,30.0,0.21
4620,6.0,5.423,9.0,0.24
4621,5.84,5.4236,12.0,0.17
4622,3.08,0.0677,30.0,0.21
4623,2.88,8.8789,31.0,0.18
4624,2.88,0.1177,31.0,0.18
4625,6.0,5.4234,9.0,0.18
4626,3.04,0.1008,30.0,0.18
4627,5.8,5.4556,9.0,0.18
4628,3.32,8.8868,34.0,0.19
4629,7.12,0.0174,10.0,0.18
4630,2.6,0.0722,33.0,0.21
4631,7.56,32236.725,15.0,0.22
4632,10.12,0.3346,9.0,0.35
4633,2.76,8.8781,32.0,0.2
4634,3.12,8.8516,31.0,0.38
4635,3.24,0.1576,33.0,0.24
4636,7.84,0.0343,10.0,0.25
4637,4.0,3.4193,16.0,0.19
4638,3.12,33879.2245,28.0,0.17
4639,2.88,8.8914,33.0,0.2
4640,3.72,1.7918,17.0,0.18
4641,2.76,8.8394,31.0,0.19
4642,2.8,0.1,30.0,0.22
4643,5.04,359784.521,6.0,0.21
4644,6.0,5.4238,9.0,0.2
4645,2.88,8.9255,34.0,0.25
4646,2.8,0.1277,30.0,0.2
4647,5.88,5.4238,9.0,0.21
4648,5.96,5.4249,9.0,0.19
4649,8.44,0.0874,10.0,0.22
4650,5.8,5.424,9.0,0.21
4651,2.68,0.0936,32.0,0.2
4652,6.84,0.0308,10.0,0.23
4653,2.88,0.1011,33.0,0.26
4654,5.88,5.4232,9.0,0.23
4655,3.0,0.1121,32.0,0.25
4656,3.08,0.1064,32.0,0.2
4657,5.88,5.4238,10.0,0.18
4658,2.68,8.8619,31.0,0.19
4659,2.84,8.9144,34.0,0.2
4660,2.68,8.8932,31.0,0.19
4661,2.8,0.083,31.0,0.2
4662,3.16,8.8891,29.0,0.25
4663,3.0,8.8571,32.0,0.25
4664,5.96,5.4237,9.0,0.25
4665,3.12,0.0848,31.0,0.26
4666,7.56,0.0146,12.0,0.21
4667,3.56,0.0327,18.0,0.2
4668,6.04,5.4237,9.0,0.23
4669,5.8,5.4237,9.0,0.2
4670,5.96,5.4238,9.0,0.23
4671,2.92,0.0855,34.0,0.22
4672,5.92,5.4239,9.0,0.22
4673,3.12,8.8948,28.0,0.24
4674,6.84,0.0157,12.0,0.2
4675,7.28,56465.3135,8.0,0.21
4676,5.8,5.4234,12.0,0.19
4677,5.8,5.4234,9.0,0.21
4678,2.8,8.8555,31.0,0.25
4679,6.04,5.4233,10.0,0.21
4680,6.04,4.8832,9.0,0.2
4681,6.0,5.4237,10.0,0.21
4682,6.0,5.4234,9.0,0.2
4683,2.64,0.0897,31.0,0.2
4684,2.92,0.0719,32.0,0.19
4685,2.88,8.8606,31.0,0.2
4686,4.12,1.7949,15.0,0.2
4687,3.0,0.0556,30.0,0.21
4688,3.0,8.9166,31.0,0.26
4689,5.88,5.4239,11.0,0.22
4690,3.28,10.5858,33.0,0.21
4691,2.92,0.0718,29.0,0.23
4692,5.56,5.9633,10.0,0.24
4693,4.72,359782.373,8.0,0.19
4694,3.24,0.1365,31.0,0.21
4695,2.92,0.0849,31.0,0.19
4696,2.88,8.8795,35.0,0.19
4697,3.48,0.0578,22.0,0.24
4698,6.0,5.4241,10.0,0.2
4699,3.2,0.0859,34.0,0.21
4700,3.12,0.109,34.0,0.2
4701,2.68,0.1013,32.0,0.21
4702,8.32,32236.731,11.0,0.23
4703,2.92,8.8668,30.0,0.19
4704,2.92,8.875,32.0,0.21
4705,2.88,8.8791,31.0,0.2
4706,3.0,0.137,33.0,0.21
4707,6.0,5.4237,10.0,0.2
4708,6.04,5.4237,9.0,0.26
4709,9.76,0.0183,6.0,0.2
4710,3.88,67848.6886,16.0,0.22
4711,2.88,0.1083,34.0,0.19
4712,6.0,5.4256,11.0,0.2
4713,3.96,0.8775,17.0,0.23
4714,5.88,5.4235,9.0,0.21
4715,2.92,0.0787,30.0,0.78
4716,5.8,5.4229,9.0,0.22
4717,5.88,5.424,11.0,0.23
4718,3.12,8.8677,30.0,0.22
4719,6.12,5.4298,9.0,0.38
4720,7.16,0.5585,9.0,0.26
4721,8.64,0.0548,7.0,0.3
4722,2.76,0.0602,30.0,0.22
4723,6.08,5.4255,10.0,0.26
4724,3.92,67848.6932,15.0,0.24
4725,6.0,5.424,9.0,0.23
4726,2.92,0.1003,29.0,0.23
4727,3.88,67851.1608,17.0,0.25
4728,2.88,0.0842,32.0,0.24
4729,7.48,0.0122,13.0,0.28
4730,6.0,5.4242,10.0,0.25
4731,6.08,5.4231,9.0,0.26
4732,5.88,5.4234,9.0,0.34
4733,5.8,5.4233,12.0,0.24
4734,2.88,8.9338,38.0,0.26
4735,7.72,0.0193,12.0,0.23
4736,5.88,5.4237,10.0,0.24
4737,6.0,5.4242,9.0,0.24
4738,2.76,8.8533,26.0,0.28
4739,2.68,0.0963,36.0,0.26
4740,2.68,0.0985,28.0,0.28
4741,5.8,5.4233,9.0,0.29
4742,3.08,8.851,31.0,0.25
4743,6.0,5.4234,9.0,0.31
4744,2.84,0.0718,31.0,0.25
4745,5.88,5.4251,9.0,0.27
4746,5.8,5.4237,9.0,0.31
4747,3.84,1.8144,15.0,0.25
4748,4.0,67849.5469,15.0,0.24
4749,5.88,5.424,9.0,0.23
4750,6.0,5.4241,9.0,0.23
4751,2.76,8.8576,33.0,0.21
4752,5.88,5.4237,9.0,0.24
4753,5.8,5.4234,9.0,0.26
4754,6.04,5.4231,9.0,0.28
4755,6.0,5.4237,9.0,0.4
4756,6.0,5.424,9.0,0.33
4757,4.04,0.8875,12.0,0.2
4758,10.24,0.0254,10.0,0.22
4759,10.28,0.1829,9.0,0.25
4760,3.56,0.0954,29.0,0.32
4761,5.88,5.4236,9.0,0.23
4762,7.68,0.0224,12.0,0.2
4763,6.0,5.4233,10.0,0.21
4764,7.12,0.0213,9.0,0.25
4765,6.0,5.9644,9.0,0.21
4766,5.8,5.4235,9.0,0.28
4767,2.8,0.0617,32.0,0.29
4768,9.28,0.0817,9.0,0.36
4769,6.16,5.4406,9.0,0.28
4770,7.04,0.0166,10.0,0.28
4771,6.32,4.8896,8.0,0.29
4772,6.96,0.032,9.0,0.19
4773,5.52,7.1436,11.0,0.23
4774,2.76,8.8682,32.0,0.23
4775,2.76,8.8733,31.0,0.22
4776,8.44,0.0709,6.0,0.27
4777,4.68,89.8788,11.0,0.23
4778,3.12,0.1092,33.0,0.23
4779,9.84,0.185,12.0,0.25
4780,5.8,5.4242,9.0,0.24
4781,6.0,5.4233,10.0,0.19
4782,5.76,5.9638,6.0,0.19
4783,6.2,5.4243,9.0,0.22
4784,2.68,8.8916,34.0,0.24
4785,2.92,8.8802,34.0,0.24
4786,5.84,5.424,9.0,0.24
4787,5.76,5.9636,10.0,0.26
4788,5.76,6.5052,3.0,0.2
4789,9.4,0.0264,11.0,0.25
4790,5.72,7.5858,-1.0,0.24
4791,3.12,8.8467,24.0,0.26
4792,3.0,0.0902,33.0,0.26
4793,6.0,5.4232,9.0,0.22
4794,7.56,32236.7377,14.0,0.24
4795,3.08,0.0722,31.0,0.21
4796,10.12,0.4954,10.0,0.23
4797,2.76,0.1044,28.0,0.26
4798,7.96,32236.7514,10.0,0.24
4799,5.76,5.9638,6.0,0.25
4800,8.64,0.073,7.0,0.19
4801,5.88,5.4232,9.0,0.23
4802,10.24,0.1902,10.0,0.22
4803,5.8,5.425,9.0,0.24
4804,10.0,5.8627,6.0,0.23
4805,5.8,5.4236,9.0,0.25
4806,6.0,5.4233,9.0,0.27
4807,8.48,0.0638,10.0,0.22
4808,6.92,0.3686,9.0,0.39
4809,3.88,2.5051,16.0,0.24
4810,2.88,0.0565,33.0,0.22
4811,7.68,0.0119,13.0,0.21
4812,2.8,0.1084,34.0,0.22
4813,8.08,0.0162,12.0,0.22
4814,9.32,0.4209,10.0,0.21
4815,2.68,0.0736,33.0,0.2
4816,2.96,8.8684,32.0,0.25
4817,6.0,5.4243,9.0,0.2
4818,5.8,5.4455,9.0,0.19
4819,5.8,5.4239,9.0,0.2
4820,2.68,0.0818,28.0,0.19
4821,2.84,8.9014,30.0,0.22
4822,2.8,0.1065,32.0,0.19
4823,6.12,5.4236,9.0,0.21
4824,2.88,8.9206,34.0,0.21
4825,6.12,68.3071,9.0,0.25
4826,7.88,32236.7364,10.0,0.25
4827,2.88,8.8548,30.0,0.21
4828,2.88,0.0967,33.0,0.22
4829,7.8,335726.5808,13.0,0.23
4830,4.08,339243.3558,12.0,0.25
4831,5.8,5.4238,9.0,0.24
4832,3.04,0.0833,29.0,0.24
4833,2.92,8.9146,32.0,0.24
4834,6.08,5.4237,9.0,0.24
4835,6.0,5.4238,9.0,0.79
4836,2.76,8.8322,29.0,0.23
4837,2.92,33888.0455,32.0,0.24
4838,5.8,5.4234,12.0,0.28
4839,2.68,8.8744,33.0,0.25
4840,9.32,0.3385,12.0,0.22
4841,5.88,5.4239,9.0,0.27
4842,8.72,0.0794,12.0,0.24
4843,5.8,5.4243,9.0,0.21
4844,5.88,5.425,9.0,0.19
4845,3.88,67849.5438,18.0,0.22
4846,2.68,8.8902,32.0,0.23
4847,6.0,5.423,10.0,0.22
4848,9.4,4.9535,4.0,0.23
4849,5.88,5.4236,11.0,0.22
4850,3.12,0.09,30.0,0.22
4851,6.0,5.4241,9.0,0.23
4852,6.0,5.4232,9.0,0.22
4853,5.8,5.4243,9.0,0.19
4854,3.04,0.0946,30.0,0.2
4855,8.92,2703.5624,5.0,0.19
4856,9.84,0.3438,10.0,0.25
4857,8.64,0.0793,9.0,0.19
4858,2.76,8.8556,32.0,0.22
4859,3.12,8.8804,32.0,0.23
4860,2.88,8.8385,30.0,0.21
4861,6.96,0.3648,9.0,0.2
4862,2.76,0.0595,29.0,0.2
4863,9.48,0.3342,5.0,0.21
4864,2.76,0.1047,28.0,0.22
4865,6.76,0.0195,12.0,0.23
4866,2.84,8.8672,32.0,0.23
4867,2.8,8.8794,32.0,0.25
4868,4.2,67848.6827,13.0,0.21
4869,6.32,4.3412,8.0,0.2
4870,10.72,5.6711,10.0,0.26
4871,5.88,5.4235,9.0,0.2
4872,3.16,0.1136,29.0,0.22
4873,4.08,0.0346,15.0,0.2
4874,2.76,8.8848,33.0,0.23
4875,10.48,0.3296,8.0,0.21
4876,4.36,339244.152,12.0,0.22
4877,6.6,3.3727,6.0,0.27
4878,2.96,8.8848,32.0,0.21
4879,6.24,4.3975,8.0,0.21
4880,6.0,5.4232,10.0,0.19
4881,2.92,0.126,32.0,0.21
4882,2.64,8.8512,32.0,0.22
4883,6.0,5.4238,9.0,0.21
4884,5.92,5.4236,9.0,0.26
4885,2.88,8.8894,30.0,0.26
4886,6.04,5.4235,10.0,0.31
4887,2.88,0.1383,29.0,0.31
4888,2.88,12.2652,32.0,0.24
4889,5.8,5.4242,9.0,0.22
4890,3.72,1.7881,13.0,0.23
4891,2.8,8.8904,31.0,0.36
4892,3.08,8.8628,33.0,0.26
4893,2.92,8.8588,36.0,0.25
4894,2.88,0.0844,33.0,0.27
4895,5.48,6.5042,14.0,0.25
4896,2.68,0.097,29.0,0.24
4897,3.88,339244.148,17.0,0.23
4898,6.8,359697.0012,10.0,0.27
4899,7.68,0.0097,13.0,0.34
4900,6.0,5.424,9.0,0.31
4901,3.28,8.8385,29.0,0.25
4902,6.0,5.4236,9.0,0.31
4903,5.88,5.424,9.0,0.34
4904,5.8,5.4233,9.0,0.32
4905,3.6,388.6324,24.0,0.23
4906,3.8,339244.1503,19.0,0.2
4907,6.0,5.4245,9.0,0.22
4908,7.88,32236.7303,10.0,0.21
4909,5.88,5.424,11.0,0.21
4910,5.88,5.4255,10.0,0.2
4911,4.88,359752.4176,9.0,0.19
4912,5.8,5.4238,9.0,0.22
4913,5.88,5.4236,9.0,0.24
4914,5.8,5.424,9.0,0.4
4915,5.8,5.4232,9.0,0.24
4916,2.68,0.095,31.0,0.21
4917,2.68,0.0887,30.0,0.24
4918,4.44,339245.7705,17.0,0.19
4919,5.88,5.4241,9.0,0.2
4920,5.92,5.4234,9.0,0.2
4921,3.12,8.8749,33.0,0.21
4922,6.04,5.4238,9.0,0.18
4923,6.0,5.424,10.0,0.22
4924,2.72,11.9016,30.0,0.2
4925,6.0,5.4234,9.0,0.2
4926,2.72,0.1193,33.0,0.19
4927,7.68,0.0195,15.0,0.19
4928,2.8,8.8678,33.0,0.19
4929,7.72,0.0241,12.0,0.23
4930,2.68,8.8272,33.0,0.3
4931,6.76,56465.3012,9.0,0.26
4932,5.88,5.4236,9.0,0.29
4933,5.88,5.4237,9.0,0.25
4934,5.8,5.4242,11.0,0.24
4935,2.88,0.1127,32.0,0.27
4936,7.76,32236.7422,14.0,0.22
4937,5.04,359784.5223,6.0,0.27
4938,10.08,0.3234,8.0,0.35
4939,2.88,8.8788,31.0,0.34
4940,3.84,339243.287,11.0,0.23
4941,2.68,8.8794,33.0,0.39
4942,6.0,5.4234,9.0,0.31
4943,5.72,5.4236,12.0,0.29
4944,6.0,5.4242,10.0,0.28
4945,8.56,0.0615,11.0,0.29
4946,5.84,5.4246,9.0,0.46
4947,6.0,5.4236,10.0,0.4
4948,6.0,5.424,9.0,0.25
4949,3.88,67848.6792,13.0,0.22
4950,3.24,8.839,29.0,0.24
4951,6.96,0.3578,10.0,0.25
4952,2.68,8.8916,36.0,0.24
4953,5.8,5.4233,9.0,0.21
4954,6.04,5.423,9.0,0.23
4955,6.0,5.4234,9.0,0.2
4956,5.88,5.4232,11.0,0.77
4957,5.88,5.4238,11.0,0.22
4958,6.2,5.4235,9.0,0.19
4959,6.0,5.4232,9.0,0.26
4960,2.88,0.1034,35.0,0.34
4961,6.0,5.4229,9.0,0.32
4962,3.2,0.0967,32.0,0.23
4963,4.36,407091.9448,12.0,0.19
4964,3.2,8.8635,33.0,0.21
4965,8.6,120040.5808,9.0,0.21
4966,3.12,0.0792,31.0,0.22
4967,6.6,0.0278,10.0,0.25
4968,4.04,0.9471,17.0,0.23
4969,2.88,8.8676,31.0,0.21
4970,3.32,8.9012,30.0,0.24
4971,2.92,8.8969,33.0,0.2
4972,4.08,0.0263,13.0,0.34
4973,7.68,0.0109,13.0,0.22
4974,5.92,5.424,9.0,0.2
4975,8.92,120040.6021,5.0,0.2
4976,8.44,0.0284,2.0,0.25
4977,2.68,0.0964,36.0,0.25
4978,4.48,2.647,13.0,0.23
4979,2.76,0.0652,29.0,0.22
4980,7.28,145.4086,7.0,0.21
4981,2.8,0.078,31.0,0.25
4982,8.04,0.0155,8.0,0.21
4983,6.0,5.4236,9.0,0.2
4984,2.68,9.0926,32.0,0.24
4985,2.76,8.8745,34.0,0.23
4986,5.8,5.4231,9.0,0.19
4987,3.12,0.081,34.0,0.21
4988,6.44,4.8837,8.0,0.2
4989,6.16,4.8928,8.0,0.21
4990,6.04,5.4282,10.0,0.18
4991,6.6,0.0203,11.0,0.19
4992,3.12,10.2015,31.0,0.24
4993,3.96,67849.5306,13.0,0.37
4994,6.16,5.4239,9.0,0.24
4995,2.96,0.3047,34.0,0.26
4996,2.88,0.0786,32.0,0.2
4997,2.88,8.8399,33.0,0.2
4998,2.68,8.8853,32.0,0.21
4999,2.88,8.8787,31.0,0.22
5000,5.8,5.4237,9.0,0.19
5001,3.16,18.9705,35.0,0.24
5002,4.92,69.9065,7.0,0.23
5003,4.08,0.0338,16.0,0.2
5004,5.8,5.4241,12.0,0.2
5005,2.76,8.8776,29.0,0.21
5006,2.68,8.868,32.0,0.19
5007,2.68,0.0856,34.0,0.19
5008,3.12,0.125,31.0,0.2
5009,5.8,5.4244,9.0,0.3
5010,9.08,2.5231,4.0,0.3
5011,2.96,0.3341,32.0,0.25
5012,9.64,0.0299,11.0,0.31
5013,5.88,5.4234,9.0,0.26
5014,4.08,67850.4444,15.0,0.23
5015,3.28,17.6731,33.0,0.33
5016,2.88,8.8922,34.0,0.29
5017,9.52,0.5029,9.0,0.36
5018,8.68,0.0801,7.0,0.3
5019,2.68,8.8834,29.0,0.32
5020,4.52,59.9165,7.0,0.38
5021,9.8,0.6697,9.0,0.26
5022,5.8,5.4243,9.0,0.21
5023,8.36,0.0653,5.0,0.23
5024,5.76,5.9646,8.0,0.22
5025,4.36,0.0487,15.0,0.25
5026,4.24,2.6436,15.0,0.21
5027,2.92,8.9026,34.0,0.23
5028,3.12,8.8835,30.0,0.21
5029,2.68,0.0893,31.0,0.21
5030,5.88,5.4234,11.0,0.22
5031,2.68,8.8959,34.0,0.21
5032,9.56,0.0711,6.0,0.22
5033,7.76,0.0302,12.0,0.25
5034,5.88,5.4454,9.0,0.24
5035,2.76,8.891,32.0,0.23
5036,3.88,2.5045,16.0,0.22
5037,5.72,5.4239,9.0,0.28
5038,3.12,0.0612,30.0,0.28
5039,8.96,0.1246,8.0,0.24
5040,8.68,120040.5764,5.0,0.24
5041,2.88,0.1057,30.0,0.22
5042,2.84,8.886,34.0,0.2
5043,3.96,2.4982,15.0,0.2
5044,7.36,359696.9906,9.0,0.23
5045,3.88,0.8981,18.0,0.24
5046,2.68,8.8612,30.0,0.23
5047,3.88,339244.1521,15.0,0.21
5048,5.92,5.4237,10.0,0.25
5049,3.12,0.0733,32.0,0.21
5050,9.52,120047.982,9.0,0.3
5051,6.08,4.9386,8.0,0.2
5052,2.88,8.8682,32.0,0.25
5053,2.68,8.8655,32.0,0.24
5054,2.8,0.1021,34.0,0.23
5055,7.2,359988.2352,6.0,0.25
5056,2.92,8.8678,30.0,0.26
5057,9.32,120050.3963,8.0,0.24
5058,8.72,0.0189,1.0,0.22
5059,9.36,240081.0758,8.0,0.21
5060,3.4,8.8883,31.0,0.28
5061,6.16,4.3986,8.0,0.26
5062,6.64,2.7771,4.0,0.23
5063,2.76,0.1301,33.0,0.22
5064,2.76,8.8675,33.0,0.27
5065,9.4,5.0016,8.0,0.22
5066,9.68,10.7694,7.0,0.25
5067,4.24,3.4161,17.0,0.26
5068,8.64,0.0226,0.0,0.23
5069,2.8,8.8656,28.0,0.26
5070,6.2,2.8324,7.0,0.28
5071,2.76,8.8745,33.0,0.29
5072,8.36,32236.7403,-1.0,0.26
5073,6.64,1.2122,1.0,0.24
5074,10.88,6.1731,7.0,0.22
5075,4.04,4.3583,16.0,0.34
5076,2.68,0.112,31.0,0.28
5077,6.24,4.9379,8.0,0.28
5078,3.04,8308.5665,34.0,0.92
5079,10.36,0.3308,7.0,0.33
5080,3.32,8.9027,32.0,0.39
5081,3.0,8.9073,31.0,0.23
5082,6.32,3.373,5.0,0.24
5083,3.88,67848.7088,13.0,0.23
5084,2.76,8.8747,33.0,0.24
5085,2.88,8.9037,35.0,0.27
5086,6.48,3.9683,7.0,0.22
5087,6.28,3.9714,6.0,0.29
5088,2.92,0.0794,33.0,0.24
5089,9.6,120045.4684,7.0,0.21
5090,6.04,4.3429,7.0,0.22
5091,2.96,8.898,32.0,0.26
5092,3.56,120022.5002,34.0,0.28
5093,3.12,24.7923,28.0,0.21
5094,3.2,0.1196,33.0,0.22
5095,3.08,0.1242,32.0,0.23
5096,6.04,3.969,6.0,0.41
5097,2.88,8.8403,33.0,0.31
5098,2.92,8.8634,33.0,0.23
5099,2.68,8.8625,34.0,0.2
5100,4.08,67848.7424,14.0,0.25
5101,2.68,8.88,33.0,0.25
5102,7.44,19.6089,8.0,0.28
5103,6.16,4.3987,7.0,0.27
5104,9.48,240086.0942,12.0,0.22
5105,6.12,3.9684,8.0,0.26
5106,3.32,0.532,33.0,0.22
5107,6.2,4.8839,8.0,0.2
5108,2.68,0.1631,34.0,0.19
5109,3.8,2.6511,16.0,0.19
5110,2.88,8.8788,31.0,0.21
5111,2.8,8.8658,29.0,0.2
5112,4.16,339245.7642,14.0,0.2
5113,6.16,4.8836,9.0,0.24
5114,2.72,0.1246,33.0,0.23
5115,6.44,425.83,8.0,0.21
5116,2.8,8.883,34.0,0.22
5117,2.8,0.1298,32.0,0.21
5118,3.96,2.7083,15.0,0.2
5119,4.2,4.2678,18.0,0.24
5120,4.0,2.651,18.0,0.23
5121,3.96,67848.6812,12.0,0.2
5122,2.92,0.0731,30.0,0.24
5123,6.12,4.8824,8.0,0.22
5124,2.88,0.0842,33.0,0.2
5125,2.76,0.0728,34.0,0.22
5126,2.76,8.8698,36.0,0.2
5127,6.0,5.4239,9.0,0.2
5128,2.68,0.0722,34.0,0.21
5129,3.0,0.0436,29.0,0.21
5130,7.64,0.0371,11.0,0.21
5131,8.6,0.0823,10.0,0.24
5132,7.76,0.0141,11.0,0.25
5133,2.68,8.9025,33.0,0.22
5134,5.8,5.4242,9.0,0.2
5135,5.92,5.4235,9.0,0.2
5136,6.2,2571.3951,10.0,0.22
5137,5.8,5.4236,9.0,0.24
5138,7.68,32236.7306,10.0,0.2
5139,3.92,339243.2914,15.0,0.23
5140,4.92,49.9422,5.0,0.21
5141,10.52,0.354,8.0,0.21
5142,5.88,5.4237,9.0,0.2
5143,7.68,0.0146,12.0,0.23
5144,6.04,5.4238,9.0,0.2
5145,2.76,8.8797,33.0,0.22
5146,6.0,5.424,9.0,0.21
5147,2.76,0.1077,35.0,0.2
5148,2.88,0.1064,32.0,0.2
5149,2.76,0.0602,32.0,0.23
5150,6.0,5.4244,9.0,0.2
5151,3.12,0.0738,31.0,0.23
5152,4.0,339244.2098,17.0,0.21
5153,2.68,0.0925,29.0,0.33
5154,2.88,0.1067,31.0,0.22
5155,6.28,4.3425,7.0,0.23
5156,2.76,8.8682,32.0,0.21
5157,10.16,0.1918,10.0,0.25
5158,2.68,8.8974,33.0,0.2
5159,2.68,0.1282,30.0,0.23
5160,3.04,8.8895,29.0,0.22
5161,2.8,8.874,32.0,0.25
5162,6.16,5.4237,10.0,0.22
5163,9.92,0.3554,11.0,0.23
5164,2.88,0.0914,34.0,0.2
5165,3.92,407092.8009,17.0,0.23
5166,3.04,1.8516,30.0,0.3
5167,3.92,67848.6872,15.0,0.26
5168,3.92,0.8858,18.0,0.2
5169,5.2,359824.4833,9.0,0.2
5170,6.0,5.4227,9.0,0.22
5171,5.8,5.4471,9.0,0.23
5172,4.8,359742.4262,5.0,0.21
5173,6.76,0.3573,9.0,0.19
5174,6.08,5.4242,9.0,0.24
5175,5.88,5.4243,9.0,0.22
5176,5.88,5.4232,9.0,0.22
5177,2.88,0.1076,33.0,0.26
5178,2.96,0.0528,34.0,0.21
5179,3.32,0.085,30.0,0.23
5180,4.08,2.6442,16.0,0.21
5181,6.32,4.8828,8.0,0.2
5182,3.08,42897.9865,34.0,0.2
5183,5.8,5.4233,11.0,0.2
5184,2.96,0.0588,28.0,0.23
5185,2.88,0.0954,32.0,0.23
5186,7.92,0.0119,10.0,0.2
5187,2.88,8.8901,32.0,0.21
5188,6.0,5.4238,9.0,0.2
5189,3.56,0.0343,18.0,0.19
5190,2.72,8.8704,39.0,0.2
5191,2.88,8.8598,28.0,0.22
5192,2.92,8.9028,31.0,0.21
5193,2.84,8.8555,32.0,0.2
5194,2.76,8.8845,31.0,0.22
5195,5.8,5.4242,9.0,0.22
5196,6.0,5.4242,9.0,0.18
5197,6.76,0.3588,9.0,0.22
5198,5.8,5.4232,9.0,0.22
5199,5.8,5.4226,9.0,0.25
5200,3.88,67850.447,15.0,0.23
5201,2.92,0.1072,32.0,0.21
5202,3.56,0.0365,18.0,0.19
5203,7.72,32236.7336,13.0,0.22
5204,2.8,8.8563,31.0,0.22
5205,2.92,8.9926,32.0,0.24
5206,7.48,32236.7359,13.0,0.8
5207,7.56,0.019,15.0,0.21
5208,3.88,1.6468,17.0,0.2
5209,6.76,0.0229,9.0,0.21
5210,2.76,0.0981,29.0,0.21
5211,5.88,5.4556,11.0,0.2
5212,3.12,8.8521,33.0,0.24
5213,2.68,0.0938,33.0,0.23
5214,2.88,0.073,35.0,0.22
5215,9.0,2.5089,8.0,0.2
5216,8.44,2.5182,7.0,0.23
5217,6.04,5.4238,9.0,0.21
5218,2.68,0.2406,32.0,0.22
5219,2.88,0.0488,30.0,0.19
5220,2.92,8.8464,32.0,0.21
5221,5.88,5.4239,9.0,0.2
5222,6.0,5.4233,9.0,0.28
5223,5.04,359794.509,5.0,0.27
5224,6.0,5.4236,9.0,0.25
5225,6.84,0.3664,10.0,0.34
5226,7.08,0.3591,10.0,0.34
5227,7.72,360166.6006,13.0,0.24
5228,6.08,5.4244,9.0,0.26
5229,9.28,0.0506,9.0,0.21
5230,9.32,0.0613,6.0,0.24
5231,3.04,0.105,30.0,0.19
5232,3.08,0.1233,31.0,0.35
5233,5.48,6.504,11.0,0.23
5234,2.8,8.9231,31.0,0.3
5235,5.28,130.2643,5.0,0.4
5236,3.12,8.898,32.0,0.38
5237,3.12,0.0961,31.0,0.29
5238,3.32,0.0672,28.0,0.3
5239,6.36,4.8917,8.0,0.33
5240,3.0,8.8614,28.0,0.49
5241,4.8,359752.4213,8.0,0.28
5242,5.88,5.4233,9.0,0.23
5243,3.12,0.0896,30.0,0.2
5244,5.8,5.4242,9.0,0.23
5245,6.04,5.4241,9.0,0.19
5246,2.68,8.8734,31.0,0.23
5247,6.0,5.4242,9.0,0.21
5248,5.88,5.4233,9.0,0.23
5249,5.8,5.4236,9.0,0.2
5250,5.8,5.4242,9.0,0.22
5251,5.84,5.4246,9.0,0.24
5252,7.76,32236.7287,12.0,0.2
5253,3.88,339244.2098,12.0,0.19
5254,3.12,0.1057,29.0,0.2
5255,2.68,8.8663,29.0,0.2
5256,2.8,38.3313,30.0,0.19
5257,5.88,5.4235,9.0,0.24
5258,3.12,0.118,31.0,0.19
5259,5.8,5.5674,9.0,0.22
5260,9.24,2.5145,6.0,0.26
5261,9.4,120040.6382,12.0,0.31
5262,2.92,33879.2147,31.0,0.32
5263,5.8,5.423,9.0,0.3
5264,3.04,0.0854,33.0,0.23
5265,5.92,5.424,9.0,0.24
5266,3.88,0.0405,17.0,0.21
5267,9.32,240081.1304,8.0,0.22
5268,2.68,8.9004,31.0,0.26
5269,3.96,0.8731,14.0,0.21
5270,3.88,0.9097,15.0,0.21
5271,6.16,4.9389,8.0,0.2
5272,2.76,0.061,31.0,0.2
5273,6.0,5.4236,9.0,0.24
5274,5.88,5.4232,9.0,0.21
5275,5.8,5.4241,11.0,0.23
5276,2.84,0.0881,29.0,0.21
5277,9.16,360124.4236,8.0,0.22
5278,5.88,5.4244,9.0,0.2
5279,3.96,339244.7956,15.0,0.21
5280,4.04,0.0325,14.0,0.21
5281,2.76,0.1327,31.0,0.21
5282,2.88,0.0786,33.0,0.23
5283,7.04,0.5666,8.0,0.2
5284,6.08,5.6456,9.0,0.28
5285,6.68,0.0206,11.0,0.22
5286,5.8,5.4232,9.0,0.19
5287,2.92,8.8509,30.0,0.24
5288,3.16,8.8681,30.0,0.23
5289,5.84,5.9648,9.0,0.23
5290,2.68,0.095,34.0,0.25
5291,2.88,8.9029,33.0,0.22
5292,8.08,0.0162,12.0,0.24
5293,5.8,5.4233,9.0,0.22
5294,8.08,32236.7327,11.0,0.22
5295,2.88,0.0962,33.0,0.23
5296,3.0,0.054,29.0,0.24
5297,2.84,8.8902,30.0,0.21
5298,2.68,0.1178,31.0,0.24
5299,2.72,0.0875,28.0,0.23
5300,2.84,8.8634,33.0,0.25
5301,5.8,5.4232,9.0,0.21
5302,3.08,0.0837,31.0,0.22
5303,3.0,8.8922,34.0,0.2
5304,9.68,0.0356,13.0,0.26
5305,5.8,5.4233,9.0,0.23
5306,7.12,0.0372,9.0,0.21
5307,5.92,5.4237,9.0,0.22
5308,3.96,2.6506,17.0,0.2
5309,8.68,56465.3713,12.0,0.22
5310,2.84,0.0808,35.0,0.22
5311,3.6,8.827,23.0,0.23
5312,5.72,5.424,9.0,0.22
5313,2.88,8.8689,34.0,0.21
5314,2.88,8.8731,31.0,0.22
5315,2.84,8.874,33.0,0.22
5316,6.0,5.4238,9.0,0.22
5317,6.0,5.4235,9.0,0.21
5318,5.8,5.4234,9.0,0.21
5319,3.08,0.0634,33.0,0.2
5320,2.88,0.1006,31.0,0.24
5321,2.68,8.8612,30.0,0.25
5322,6.4,4.8835,8.0,0.27
5323,5.8,5.4239,9.0,0.21
5324,3.96,407093.5659,12.0,0.23
5325,8.2,32236.7356,11.0,0.21
5326,5.92,5.4237,9.0,0.22
5327,6.96,0.3601,9.0,0.28
5328,5.8,5.4243,9.0,0.22
5329,2.84,0.0682,34.0,0.22
5330,2.6,8.8801,33.0,0.22
5331,6.0,5.423,9.0,0.81
5332,8.68,2.5197,10.0,0.21
5333,4.08,67850.442,15.0,0.23
5334,3.48,0.1249,33.0,0.22
5335,3.88,1.645,12.0,0.3
5336,2.68,8.9117,34.0,0.27
5337,2.8,0.1115,32.0,0.26
5338,6.0,5.4243,9.0,0.23
5339,9.56,360128.9335,4.0,0.28
5340,6.08,4.884,8.0,0.23
5341,10.0,0.485,11.0,0.21
5342,8.68,0.0611,13.0,0.22
5343,8.52,0.0436,9.0,0.21
5344,2.68,8.8909,32.0,0.2
5345,4.8,39.9651,4.0,0.2
5346,3.72,67850.5074,15.0,0.19
5347,6.0,5.4232,9.0,0.22
5348,9.8,5.6711,9.0,0.19
5349,5.8,5.4232,9.0,0.23
5350,7.68,0.0116,11.0,0.2
5351,6.04,5.4234,9.0,0.2
5352,5.88,5.4309,9.0,0.19
5353,3.72,1.7868,14.0,0.19
5354,10.04,0.1912,12.0,0.24
5355,2.72,8.857,35.0,0.2
5356,10.04,0.5284,4.0,0.22
5357,3.04,8.9265,31.0,0.2
5358,5.8,5.4235,9.0,0.25
5359,3.12,0.0512,31.0,0.19
5360,3.12,0.0733,31.0,0.21
5361,5.52,121.9866,10.0,0.22
5362,2.88,8.8632,33.0,0.23
5363,3.0,0.0621,33.0,0.2
5364,5.88,5.4232,9.0,0.2
5365,2.8,0.1354,32.0,0.2
5366,10.28,0.2099,8.0,0.24
5367,2.68,0.1162,29.0,0.22
5368,2.8,8.8458,30.0,0.2
5369,5.8,5.4232,9.0,0.19
5370,3.96,4.2675,15.0,0.21
5371,6.0,5.4239,9.0,0.22
5372,2.88,8.8732,31.0,0.2
5373,5.8,5.4238,9.0,0.21
5374,2.68,8.901,30.0,0.2
5375,3.0,0.1205,34.0,0.21
5376,5.88,5.4239,11.0,0.25
5377,9.48,0.6558,11.0,0.22
5378,2.92,33888.0375,29.0,0.21
5379,9.36,0.3316,7.0,0.2
5380,2.8,0.1112,31.0,0.21
5381,5.8,5.4238,9.0,0.21
5382,2.72,0.1067,32.0,0.2
5383,6.0,5.4238,9.0,0.2
5384,3.12,8.8682,30.0,0.22
5385,6.0,5.4237,9.0,0.2
5386,2.76,8.8383,30.0,0.19
5387,7.2,0.3575,10.0,0.2
5388,5.8,5.4233,9.0,0.21
5389,3.72,0.8741,13.0,0.21
5390,9.28,0.3907,8.0,0.22
5391,3.92,407091.9581,13.0,0.33
5392,2.68,8.8612,31.0,0.38
5393,3.08,0.1012,31.0,0.31
5394,5.88,5.424,9.0,0.22
5395,6.0,5.4268,10.0,0.23
5396,7.88,32236.7312,12.0,0.21
5397,5.8,5.4234,9.0,0.19
5398,3.04,0.0903,31.0,0.2
5399,9.28,0.0696,5.0,0.21
5400,3.0,0.0792,32.0,0.21
5401,3.92,67848.6915,16.0,0.22
5402,3.04,8.8514,31.0,0.21
5403,9.16,0.0622,5.0,0.2
5404,2.88,8.8498,30.0,0.28
5405,6.0,5.4231,9.0,0.21
5406,5.8,5.5992,9.0,0.22
5407,3.12,0.0978,33.0,0.22
5408,3.12,8.8691,31.0,0.29
5409,2.76,0.0791,33.0,0.34
5410,7.56,0.3568,8.0,0.34
5411,7.48,0.0143,15.0,0.2
5412,6.0,5.4231,10.0,0.21
5413,5.96,5.9645,10.0,0.24
5414,2.92,0.0742,32.0,0.23
5415,5.8,5.4234,9.0,0.21
5416,2.92,8.8589,35.0,0.22
5417,5.8,5.4234,9.0,0.25
5418,2.88,0.0335,28.0,0.2
5419,2.8,8.8912,30.0,0.23
5420,2.88,8.8912,30.0,0.23
5421,9.64,5.5442,9.0,0.31
5422,2.88,8.8965,32.0,0.23
5423,9.32,0.345,11.0,0.27
5424,6.0,5.4239,9.0,0.22
5425,2.68,0.1241,32.0,0.26
5426,3.96,135699.104,6.0,0.21
5427,9.48,0.6366,8.0,0.27
5428,3.12,8.8503,29.0,0.23
5429,4.04,1.7868,11.0,0.28
5430,9.6,0.1892,5.0,0.22
5431,9.8,0.3294,11.0,0.24
5432,6.72,0.0176,11.0,0.24
5433,8.32,0.0175,10.0,0.24
5434,5.88,5.423,9.0,0.22
5435,3.16,8.8547,27.0,0.21
5436,2.88,8.8741,32.0,0.22
5437,2.64,8.8754,34.0,0.21
5438,8.88,71364.0624,5.0,0.23
5439,2.88,0.0829,30.0,0.23
5440,2.72,8.8452,34.0,0.23
5441,6.96,0.3554,9.0,0.2
5442,6.0,5.4238,9.0,0.21
5443,3.12,0.1015,31.0,0.21
5444,2.92,0.114,34.0,0.21
5445,2.88,0.1229,28.0,0.23
5446,2.76,355279.8131,26.0,0.25
5447,3.04,8.8468,32.0,0.21
5448,3.12,8.8645,33.0,0.21
5449,7.48,0.0077,14.0,0.22
5450,2.76,8.8832,31.0,0.21
5451,6.28,4.9116,8.0,0.21
5452,6.96,0.027,10.0,0.19
5453,2.56,0.0731,32.0,0.19
5454,3.12,0.0662,28.0,0.23
5455,4.68,59.9185,6.0,0.28
5456,5.8,5.424,9.0,0.25
5457,2.8,8.8902,31.0,0.23
5458,2.88,8.8618,32.0,0.22
5459,6.04,5.423,9.0,0.2
5460,6.0,5.423,9.0,0.21
5461,5.0,49.9371,5.0,0.19
5462,2.68,0.0887,30.0,0.78
5463,2.92,0.1082,34.0,0.22
5464,2.8,8.8845,31.0,0.22
5465,5.8,5.4236,9.0,0.22
5466,2.68,8.8435,29.0,0.21
5467,8.72,0.041,11.0,0.21
5468,9.32,0.4984,13.0,0.23
5469,2.92,8.8639,32.0,0.24
5470,5.88,5.4238,9.0,0.2
5471,9.32,0.1787,14.0,0.21
5472,5.76,5.9642,8.0,0.19
5473,2.92,8.8342,31.0,0.21
5474,5.76,5.9641,8.0,0.19
5475,6.0,5.9636,8.0,0.21
5476,2.68,8.8792,28.0,0.21
5477,7.32,0.3637,8.0,0.19
5478,5.88,5.4232,9.0,0.23
5479,2.68,8.8846,31.0,0.22
5480,2.64,8.9074,32.0,0.21
5481,2.76,8.8746,33.0,0.19
5482,5.8,5.4242,9.0,0.31
5483,6.76,0.02,9.0,0.22
5484,6.0,5.4234,9.0,0.22
5485,7.88,0.0171,12.0,0.23
5486,3.08,0.0862,33.0,0.24
5487,9.92,0.317,6.0,0.2
5488,2.88,8.85,27.0,0.2
5489,2.92,0.1147,33.0,0.23
5490,4.12,67851.3001,13.0,0.19
5491,7.08,0.0202,9.0,0.2
5492,3.72,0.8834,15.0,0.21
5493,2.92,8.8973,31.0,0.24
5494,3.0,0.0476,28.0,0.21
5495,3.08,8.8574,31.0,0.23
5496,3.84,0.889,19.0,0.22
5497,3.12,0.0977,33.0,0.2
5498,2.84,0.1179,31.0,0.2
5499,5.84,5.964,9.0,0.18
5500,2.92,8.9728,29.0,0.25
5501,6.4,4.8843,8.0,0.19
5502,6.2,5.4237,9.0,0.2
5503,5.96,5.423,9.0,0.2
5504,6.08,5.4241,9.0,0.2
5505,5.8,5.7072,9.0,0.24
5506,2.68,8.9853,31.0,0.19
5507,5.72,5.4238,11.0,0.21
5508,2.88,8.937,33.0,0.22
5509,2.88,0.0843,32.0,0.2
5510,3.12,0.1188,31.0,0.22
5511,8.72,0.0651,8.0,0.21
5512,2.92,0.0953,30.0,0.21
5513,6.0,5.4234,9.0,0.22
5514,2.92,8.8622,30.0,0.21
5515,2.64,8.8854,32.0,0.2
5516,5.92,5.423,9.0,0.2
5517,6.68,0.0317,12.0,0.18
5518,6.0,6.505,7.0,0.24
5519,2.92,17.6406,32.0,0.21
5520,5.84,5.9639,8.0,0.22
5521,9.08,0.0641,4.0,0.19
5522,9.48,0.0141,9.0,0.21
5523,5.76,5.9637,10.0,0.23
5524,5.88,5.4232,9.0,0.21
5525,7.6,0.0088,15.0,0.24
5526,2.88,8.8972,34.0,0.19
5527,6.16,5.4235,9.0,0.21
5528,3.12,8.8621,30.0,0.23
5529,6.0,5.4232,9.0,0.18
5530,3.2,114746.4486,34.0,0.28
5531,2.88,0.08,35.0,0.24
5532,6.0,5.424,9.0,0.22
5533,2.68,8.896,33.0,0.19
5534,2.84,8.8783,30.0,0.2
5535,2.76,0.0659,30.0,0.19
5536,5.88,5.964,11.0,0.22
5537,5.84,5.4228,9.0,0.25
5538,2.64,8.8964,30.0,0.21
5539,2.88,0.0943,30.0,0.2
5540,5.88,5.4236,9.0,0.22
5541,2.96,17.7954,35.0,0.19
5542,5.84,5.4242,9.0,0.22
5543,6.96,0.0221,9.0,0.2
5544,8.64,0.069,9.0,0.21
5545,3.08,8.8454,32.0,0.22
5546,5.88,5.9641,8.0,0.22
5547,2.68,0.124,32.0,0.2
5548,4.08,339245.7761,17.0,0.22
5549,5.8,5.424,9.0,0.24
5550,2.68,8.9112,28.0,0.19
5551,5.8,5.4243,12.0,0.2
5552,6.04,5.4243,9.0,0.23
5553,2.68,8.9036,34.0,0.2
5554,7.36,0.3676,8.0,0.21
5555,3.16,17.6141,32.0,0.25
5556,7.72,32237.6843,13.0,0.21
5557,5.72,5.9644,10.0,0.25
5558,5.8,5.4236,9.0,0.2
5559,2.84,3.1593,33.0,0.23
5560,5.88,5.4238,9.0,0.21
5561,4.12,0.0916,15.0,0.24
5562,2.8,17.6688,31.0,0.21
5563,3.44,8.8454,30.0,0.21
5564,3.04,0.103,34.0,0.29
5565,5.8,5.4236,9.0,0.27
5566,2.68,8.8957,31.0,0.24
5567,3.16,8.8464,33.0,0.24
5568,3.12,0.1185,31.0,0.26
5569,10.08,0.8012,8.0,0.41
5570,6.04,5.424,9.0,0.24
5571,4.08,339243.2933,15.0,0.31
5572,5.96,5.4227,9.0,0.42
5573,5.96,5.9644,10.0,0.31
5574,2.92,8.8515,31.0,0.31
5575,4.8,122.2636,13.0,0.37
5576,9.16,0.0805,3.0,0.32
5577,3.88,339244.2165,16.0,0.47
5578,5.96,5.964,10.0,0.24
5579,2.68,0.0923,35.0,0.24
5580,2.64,8.8685,32.0,0.24
5581,5.96,24.9382,9.0,0.24
5582,6.2,5.4232,9.0,0.24
5583,5.8,5.4235,9.0,0.22
5584,8.8,0.0351,11.0,0.21
5585,5.92,5.4238,9.0,0.24
5586,5.8,5.4235,9.0,0.22
5587,5.92,5.4242,9.0,0.21
5588,3.96,0.0248,16.0,0.2
5589,3.72,0.8865,19.0,0.19
5590,3.28,8.8254,26.0,0.23
5591,6.52,0.024,9.0,0.21
5592,2.68,8.886,33.0,0.2
5593,2.84,0.0864,36.0,0.19
5594,3.0,0.1122,32.0,0.24
5595,3.88,3.4272,13.0,0.2
5596,5.92,5.4234,9.0,0.21
5597,7.68,32236.7423,13.0,0.23
5598,4.24,4.272,19.0,0.25
5599,6.84,0.3605,9.0,0.21
5600,2.68,8.8561,31.0,0.27
5601,6.76,0.4856,10.0,0.2
5602,6.12,5.4236,10.0,0.22
5603,3.08,0.0815,28.0,0.25
5604,6.4,4.9115,8.0,0.21
5605,2.96,901.2801,32.0,0.2
5606,2.84,17.831,34.0,0.24
5607,2.76,0.0658,30.0,0.22
5608,5.96,5.9646,10.0,0.27
5609,6.0,5.4237,9.0,0.2
5610,3.2,0.0737,31.0,0.27
5611,2.64,0.0902,32.0,0.21
5612,5.8,5.4236,9.0,0.24
5613,6.0,5.4231,9.0,0.2
5614,3.04,8.8692,33.0,0.23
5615,2.8,0.1134,34.0,0.2
5616,5.92,5.4235,10.0,0.23
5617,6.84,0.36,10.0,0.24
5618,6.52,0.0293,11.0,0.28
5619,6.08,5.4236,9.0,0.22
5620,2.88,8.8866,34.0,0.25
5621,2.68,8.901,30.0,0.24
5622,3.0,0.0592,27.0,0.25
5623,5.44,359784.5502,7.0,0.23
5624,6.0,5.4232,10.0,0.27
5625,2.96,8.8971,34.0,0.25
5626,6.04,5.4236,9.0,0.25
5627,3.12,0.0791,31.0,0.26
5628,5.8,5.4242,9.0,0.26
5629,2.88,8.8682,32.0,0.26
5630,5.8,5.4391,9.0,0.24
5631,5.88,5.4235,9.0,0.25
5632,7.6,32236.738,14.0,0.25
5633,6.0,5.4234,9.0,0.24
5634,7.56,0.0114,10.0,0.25
5635,8.56,0.051,10.0,0.28
5636,2.92,8.857,33.0,0.23
5637,2.88,8.9021,32.0,0.26
5638,6.92,0.0211,9.0,0.29
5639,2.84,8.8623,31.0,0.23
5640,3.04,8.8701,33.0,0.26
5641,2.64,8.8672,31.0,0.3
5642,3.04,0.1136,32.0,0.35
5643,6.0,5.4242,9.0,0.26
5644,4.52,339244.2159,12.0,0.34
5645,2.96,0.0951,31.0,0.36
5646,3.88,67848.6893,17.0,0.29
5647,4.76,359774.8257,8.0,0.34
5648,3.2,8.9863,32.0,0.32
5649,6.6,0.023,10.0,0.43
5650,3.36,0.114,31.0,0.25
5651,6.96,0.014,9.0,0.22
5652,8.28,0.0183,12.0,0.23
5653,5.88,6.5055,9.0,0.24
5654,3.04,0.0846,32.0,0.25
5655,2.84,8.9072,31.0,0.31
5656,6.2,5.4235,9.0,0.24
5657,2.92,8.83,33.0,0.23
5658,9.32,0.6689,14.0,0.22
5659,8.12,392403.3245,12.0,0.21
5660,9.52,0.1808,10.0,0.2
5661,2.88,0.0453,33.0,0.21
5662,7.64,0.0406,13.0,0.22
5663,5.76,5.9646,8.0,0.23
5664,2.72,0.0669,31.0,0.25
5665,6.96,0.0195,9.0,0.25
5666,5.8,6.5046,9.0,0.22
5667,2.8,10.1594,25.0,0.26
5668,5.84,5.9648,10.0,0.21
5669,5.88,7.0448,12.0,0.28
5670,5.8,15.2882,9.0,0.24
5671,5.96,5.964,10.0,0.27
5672,2.72,17.6314,31.0,0.25
5673,4.04,67852.2317,11.0,0.22
5674,3.84,0.8846,16.0,0.26
5675,6.04,5.9646,10.0,0.23
5676,3.08,0.0946,30.0,0.26
5677,2.68,8.838,30.0,0.25
5678,2.64,0.119,33.0,0.22
5679,5.96,5.9638,8.0,0.23
5680,5.96,5.9637,11.0,0.19
5681,5.8,8.1258,-3.0,0.19
5682,2.84,9.0647,33.0,0.23
5683,3.24,8.8663,34.0,0.3
5684,2.68,8.9142,33.0,0.25
5685,2.64,8.8739,32.0,0.28
5686,3.2,8.8567,30.0,0.24
5687,2.88,0.0603,30.0,0.25
5688,4.88,39.9577,4.0,0.25
5689,6.0,6.5056,7.0,0.19
5690,6.24,5.9642,10.0,0.23
5691,2.96,0.079,31.0,0.21
5692,3.04,17.6567,30.0,0.26
5693,5.52,6.5044,11.0,0.21
5694,5.92,7.0458,-10.0,0.19
5695,4.92,359814.4829,8.0,0.21
5696,8.52,0.0846,5.0,0.2
5697,7.96,32236.7781,13.0,0.21
5698,2.88,0.0858,34.0,0.2
5699,7.6,0.0183,13.0,0.21
5700,7.4,0.0785,14.0,0.19
5701,5.76,5.9639,10.0,0.24
5702,5.88,6.0194,11.0,0.21
5703,7.0,1.7912,9.0,0.28
5704,6.92,0.5606,10.0,0.2
5705,5.64,7.5855,13.0,0.23
5706,2.88,8.8469,33.0,0.22
5707,2.72,8.8698,34.0,0.25
5708,9.6,0.0324,11.0,0.2
5709,6.04,5.4227,9.0,0.22
5710,6.0,7.0452,8.0,0.21
5711,5.84,7.5852,13.0,0.21
5712,5.84,7.5857,2.0,0.71
5713,2.76,0.0946,25.0,0.21
5714,3.8,0.1037,1.0,0.22
5715,2.88,17.6107,28.0,0.19
5716,2.52,0.0708,33.0,0.2
5717,2.92,8.8687,32.0,0.2
5718,2.96,0.0743,29.0,0.2
5719,2.88,8.8399,31.0,0.27
5720,8.88,0.072,7.0,0.22
5721,4.2,0.879,10.0,0.2
5722,2.72,8.8526,35.0,0.21
5723,3.32,8.8696,31.0,0.21
5724,2.92,8.8924,33.0,0.2
5725,5.8,6.5041,11.0,0.21
5726,10.08,1.6714,9.0,0.28
5727,5.8,5.9642,10.0,0.23
5728,5.84,7.5859,-1.0,0.21
5729,8.36,0.0646,8.0,0.21
5730,8.52,32236.7501,8.0,0.2
5731,2.92,8.8357,34.0,0.22
5732,5.72,6.5041,11.0,0.2
5733,9.16,0.0644,9.0,0.2
5734,6.32,5.4247,5.0,0.25
5735,5.92,6.5048,7.0,0.22
5736,6.08,7.0446,12.0,0.2
5737,4.0,407093.671,7.0,0.25
5738,2.84,1.0282,30.0,0.22
5739,2.72,8.8688,32.0,0.21
5740,5.68,7.0456,8.0,0.19
5741,3.12,0.0559,30.0,0.2
5742,2.8,8.9036,33.0,0.2
5743,3.16,0.0678,32.0,0.24
5744,3.92,0.8848,17.0,0.21
5745,2.84,0.1186,32.0,0.19
5746,3.08,0.0572,32.0,0.22
5747,5.84,7.5854,-2.0,0.22
5748,3.2,8.8575,31.0,0.2
5749,5.88,7.587,9.0,0.19
5750,6.68,5.4739,9.0,0.22
5751,5.76,6.5331,2.0,0.21
5752,9.08,2.8492,1.0,0.22
5753,2.84,8.8433,35.0,0.21
5754,2.68,8.8523,35.0,0.23
5755,3.08,0.0796,31.0,0.22
5756,2.8,8.88,28.0,0.27
5757,4.0,1.808,10.0,0.19
5758,6.16,5.9631,10.0,0.2
5759,5.64,7.5856,13.0,0.21
5760,2.72,8.8721,27.0,0.21
5761,2.96,8.848,35.0,0.24
5762,9.64,0.186,6.0,0.25
5763,5.76,5.964,10.0,0.23
5764,2.92,8.8535,34.0,0.21
5765,3.84,407091.9626,15.0,0.22
5766,3.68,0.0367,16.0,0.19
5767,4.6,99.8543,0.0,0.21
5768,5.68,8.1261,1.0,0.19
5769,5.84,7.5852,13.0,0.21
5770,2.48,8.8497,36.0,0.21
5771,6.04,7.5859,10.0,0.21
5772,7.96,32236.7296,13.0,0.22
5773,3.96,67850.4702,2.0,0.22
5774,7.96,0.0242,15.0,0.25
5775,5.84,7.5858,6.0,0.2
5776,2.6,0.0814,35.0,0.21
5777,5.76,8.6669,7.0,0.19
5778,5.92,7.0442,8.0,0.23
5779,2.72,0.0607,30.0,0.19
5780,8.64,0.4171,7.0,0.21
5781,2.84,0.1148,35.0,0.21
5782,2.8,0.0621,32.0,0.2
5783,5.68,8.1261,10.0,0.2
5784,5.84,7.5856,9.0,0.19
5785,2.96,0.0835,30.0,0.2
5786,5.8,8.1256,14.0,0.21
5787,8.96,0.0624,5.0,0.19
5788,2.56,0.5152,37.0,0.21
5789,5.72,9.2072,-5.0,0.19
5790,2.72,0.0844,31.0,0.25
5791,5.92,8.1254,5.0,0.2
5792,2.76,0.0962,32.0,0.19
5793,4.04,1.6553,8.0,0.21
5794,3.6,67850.4461,5.0,0.24
5795,5.84,8.6667,10.0,0.21
5796,2.8,8.9456,29.0,0.22
5797,5.88,7.0452,3.0,0.22
5798,2.8,0.1034,35.0,0.23
5799,2.88,8.8878,33.0,0.21
5800,3.04,0.1219,33.0,0.21
5801,2.88,8.8271,28.0,0.22
5802,8.56,0.0594,9.0,0.21
5803,8.84,2.8471,4.0,0.22
5804,2.52,0.0757,35.0,0.19
5805,2.8,0.1194,30.0,0.21
5806,5.84,7.0454,8.0,0.2
5807,7.6,1.3203,14.0,0.2
5808,2.56,8.8648,35.0,0.26
5809,7.72,0.0046,14.0,0.27
5810,2.8,0.0789,32.0,0.23
5811,8.92,0.0749,7.0,0.23
5812,5.72,7.5857,13.0,0.24
5813,2.76,8.8822,35.0,0.21
5814,2.76,8.8772,36.0,0.25
5815,2.92,8.8819,34.0,0.23
5816,2.76,8.8809,32.0,0.24
5817,2.68,17.6442,35.0,0.22
5818,2.52,0.0633,33.0,0.23
5819,2.88,8.8594,34.0,0.2
5820,3.56,24.771,33.0,0.22
5821,6.88,0.5464,11.0,0.21
5822,5.96,8.1256,12.0,0.2
5823,10.04,5.8608,7.0,0.2
5824,6.72,0.3721,12.0,0.2
5825,5.84,7.586,9.0,0.2
5826,5.6,8.1261,10.0,0.22
5827,4.04,0.8909,6.0,0.21
5828,9.24,0.335,8.0,0.26
5829,2.56,0.0983,35.0,0.22
5830,5.56,8.1251,10.0,0.22
5831,2.56,0.0801,33.0,0.25
5832,7.56,0.0112,15.0,0.19
5833,2.96,8.8191,32.0,0.21
5834,2.8,8.9039,34.0,0.21
5835,5.8,8.1254,10.0,0.24
5836,5.92,8.1256,10.0,0.2
5837,3.4,9.3348,34.0,0.2
5838,8.36,2.5052,7.0,0.22
5839,5.68,8.1264,10.0,0.2
5840,2.48,0.0762,35.0,0.21
5841,7.36,0.01,13.0,0.19
5842,5.64,7.5862,9.0,0.19
5843,5.68,7.0448,12.0,0.22
5844,3.0,0.102,32.0,0.21
5845,2.68,0.05,31.0,0.2
5846,5.64,7.5854,13.0,0.19
5847,3.92,1.7964,6.0,0.21
5848,2.68,0.0638,34.0,0.22
5849,10.12,0.5118,6.0,0.2
5850,3.68,0.04,14.0,0.79
5851,2.64,0.0886,36.0,0.19
5852,2.72,8.8671,32.0,0.2
5853,2.68,0.0868,34.0,0.22
5854,3.04,0.098,34.0,0.2
5855,5.84,7.585,13.0,0.2
5856,5.84,7.5854,9.0,0.21
5857,6.8,0.0218,13.0,0.22
5858,2.76,8.8482,35.0,0.22
5859,2.56,0.063,33.0,0.24
5860,6.88,0.366,10.0,0.19
5861,2.68,8.8444,37.0,0.22
5862,5.68,8.1259,10.0,0.22
5863,3.0,0.095,32.0,0.2
5864,2.64,8.8795,31.0,0.2
5865,2.76,8.871,35.0,0.19
5866,2.76,8.8724,35.0,0.21
5867,3.8,0.0291,4.0,0.19
5868,2.72,0.093,33.0,0.21
5869,5.84,7.586,13.0,0.23
5870,3.8,339243.3689,11.0,0.2
5871,2.68,8.8646,34.0,0.23
5872,8.4,0.0592,5.0,0.24
5873,3.68,0.0444,1.0,0.3
5874,5.92,7.045,12.0,0.32
5875,4.08,0.0378,3.0,0.34
5876,2.96,0.0655,34.0,0.28
5877,5.68,8.6668,11.0,0.23
5878,2.68,0.0597,31.0,0.25
5879,5.64,8.666,11.0,0.23
5880,5.6,8.1264,14.0,0.19
5881,9.08,0.3932,10.0,0.26
5882,3.08,8.8304,31.0,0.24
5883,5.84,7.5856,13.0,0.24
5884,8.36,0.039,11.0,0.24
5885,3.36,9.3422,33.0,0.24
5886,2.56,0.106,36.0,0.24
5887,4.08,67851.1649,5.0,0.23
5888,2.72,8.8484,34.0,0.24
5889,3.0,8.8612,38.0,0.22
5890,2.76,8.859,34.0,0.23
5891,2.56,8.895,36.0,0.25
5892,2.92,0.0948,36.0,0.23
5893,4.68,89.872,-3.0,0.21
5894,3.36,2.4488,36.0,0.24
5895,5.88,7.5857,9.0,0.25
5896,3.04,8.8567,34.0,0.22
5897,5.84,7.585,13.0,0.2
5898,5.84,7.5853,13.0,0.24
5899,9.8,0.1696,1.0,0.22
5900,2.72,0.0802,33.0,0.23
5901,2.8,0.0856,31.0,0.2
5902,5.8,8.1262,10.0,0.26
5903,5.92,7.5858,9.0,0.22
5904,2.4,0.0593,35.0,0.23
5905,3.8,0.8886,11.0,0.25
5906,2.72,0.0797,36.0,0.24
5907,2.92,0.0464,27.0,0.22
5908,7.96,32236.7343,13.0,0.23
5909,5.88,7.5857,13.0,0.19
5910,5.76,8.6668,-2.0,0.2
5911,2.76,8.8939,34.0,0.23
5912,2.76,0.0637,32.0,0.22
5913,6.88,0.3677,8.0,0.21
5914,2.68,8.9772,36.0,0.2
5915,3.76,339244.1527,6.0,0.22
5916,5.52,8.1258,5.0,0.22
5917,5.68,8.667,11.0,0.23
5918,3.04,0.0706,29.0,0.22
5919,2.68,0.0839,35.0,0.22
5920,9.8,0.0141,-11.0,0.29
5921,5.64,7.7778,11.0,0.22
5922,2.68,0.0756,35.0,0.22
5923,2.84,8.8251,33.0,0.21
5924,2.64,0.0976,34.0,0.27
5925,2.84,0.0691,33.0,0.22
5926,2.96,8.8387,35.0,0.2
5927,5.72,7.5864,12.0,0.24
5928,2.6,8.8818,34.0,0.3
5929,2.44,8.8855,30.0,0.3
5930,8.68,0.0462,8.0,0.24
5931,2.68,17.6659,31.0,0.21
5932,3.68,0.0372,9.0,0.19
5933,2.56,8.8416,33.0,0.21
5934,3.92,67849.5368,-2.0,0.19
5935,8.56,0.0686,-9.0,0.21
5936,2.64,8.883,32.0,0.22
5937,2.8,0.083,35.0,0.27
5938,2.48,8.8585,33.0,0.19
5939,9.04,2.5018,5.0,0.26
5940,8.48,0.0604,9.0,0.21
5941,5.64,7.5855,13.0,0.19
5942,5.48,8.6672,15.0,0.23
5943,2.8,0.0766,34.0,0.23
5944,4.72,151.9449,1.0,0.26
5945,2.8,8.8646,32.0,0.28
5946,3.4,0.0527,33.0,0.27
5947,5.76,7.0452,14.0,0.26
5948,2.84,8.8589,34.0,0.22
5949,5.68,7.0452,12.0,0.2
5950,5.6,8.1254,14.0,0.21
5951,2.76,0.0516,33.0,0.22
5952,5.64,7.5846,13.0,0.21
5953,2.52,8.8705,34.0,0.22
5954,2.64,0.0794,27.0,0.22
5955,5.8,8.1264,10.0,0.25
5956,3.88,67851.3052,7.0,0.28
5957,2.88,8.8614,35.0,0.2
5958,5.72,8.1256,5.0,0.22
5959,2.56,8.8643,32.0,0.25
5960,2.56,8.8589,33.0,0.2
5961,5.68,8.6669,3.0,0.23
5962,2.64,8.866,28.0,0.19
5963,3.0,0.0749,32.0,0.2
5964,2.92,0.0831,36.0,0.2
5965,5.6,8.1258,10.0,0.2
5966,2.8,8.8567,37.0,0.21
5967,7.6,0.0166,17.0,0.2
5968,2.76,8.8974,37.0,0.25
5969,5.56,8.666,11.0,0.21
5970,6.52,0.24,15.0,0.22
5971,5.84,8.1264,10.0,0.2
5972,2.64,0.0833,37.0,0.19
5973,5.8,8.1267,10.0,0.23
5974,9.88,0.4996,3.0,0.19
5975,5.56,8.6666,7.0,0.2
5976,6.84,359844.3599,14.0,0.19
5977,2.52,0.0925,30.0,0.22
5978,4.12,0.0342,13.0,0.23
5979,2.48,8.8494,36.0,0.22
5980,10.24,5.8773,-3.0,0.78
5981,8.84,0.0818,-13.0,0.23
5982,2.44,8.8626,39.0,0.24
5983,6.36,0.0186,12.0,0.23
5984,4.0,0.1058,5.0,0.2
5985,6.84,0.2195,12.0,0.19
5986,8.0,96.3132,13.0,0.21
5987,5.68,8.1261,10.0,0.2
5988,2.76,8.8748,40.0,0.23
5989,5.76,8.6661,-2.0,0.21
5990,7.56,0.0299,6.0,0.21
5991,2.84,8.8534,33.0,0.21
5992,2.84,388.6431,33.0,0.26
5993,5.64,7.5854,13.0,0.21
5994,3.52,0.8923,12.0,0.21
5995,5.88,8.126,10.0,0.19
5996,4.52,89.882,-1.0,0.21
5997,7.4,32236.9102,12.0,0.22
5998,5.6,8.1265,6.0,0.2
5999,5.84,7.5852,13.0,0.19
6000,5.84,6.5044,9.0,0.2
6001,5.8,8.1258,10.0,0.2
6002,2.48,8.8512,31.0,0.21
6003,2.8,114737.5621,33.0,0.23
6004,3.72,339243.3104,8.0,0.22
6005,5.6,8.1254,14.0,0.22
6006,2.72,0.2628,37.0,0.24
6007,5.8,8.1263,14.0,0.21
6008,8.4,0.0625,6.0,0.24
6009,2.8,8.8294,30.0,0.21
6010,4.28,71423.8981,1.0,0.23
6011,5.48,128.5728,6.0,0.24
6012,2.68,8.846,28.0,0.28
6013,5.64,7.5852,9.0,0.26
6014,8.32,32236.7479,9.0,0.22
6015,2.76,8.8446,36.0,0.19
6016,3.72,4.2683,13.0,0.18
6017,5.64,7.5853,13.0,0.18
6018,3.8,67849.7365,16.0,0.19
6019,9.84,0.3346,4.0,1.5
6020,5.32,359832.7344,3.0,0.2
6021,9.56,4.9715,-2.0,0.22
6022,8.88,0.1463,0.0,0.19
6023,3.76,407092.029,8.0,0.24
6024,2.76,0.1311,33.0,0.26
6025,7.44,32236.7471,13.0,0.23
6026,2.52,0.0739,32.0,0.22
6027,2.6,0.075,34.0,0.23
6028,9.8,0.1829,8.0,0.36
6029,6.68,19.6088,13.0,0.25
6030,2.96,8.806,29.0,0.26
6031,2.64,8.8235,31.0,0.22
6032,2.76,8.8893,35.0,0.2
6033,2.6,0.0866,34.0,0.21
6034,3.0,0.046,31.0,0.22
6035,2.56,0.1107,36.0,0.26
6036,3.72,339244.1583,11.0,0.21
6037,8.28,32236.7388,11.0,0.22
6038,3.8,339244.1586,15.0,0.35
6039,3.92,0.8922,14.0,0.31
6040,5.72,6.5049,11.0,0.28
6041,2.72,8.8432,34.0,0.2
6042,3.0,0.0684,31.0,0.27
6043,8.48,0.077,3.0,0.26
6044,6.84,750.5849,13.0,0.26
6045,5.8,8.1259,14.0,0.24
6046,2.8,0.0787,34.0,0.23
6047,2.6,8.8641,33.0,0.2
6048,5.6,8.1267,12.0,0.24
6049,2.92,0.0831,35.0,0.26
6050,5.64,7.5858,16.0,0.2
6051,2.72,0.0396,30.0,0.21
6052,3.88,1.7493,13.0,0.21
6053,5.8,8.1262,14.0,0.23
6054,3.04,8.8536,32.0,0.23
6055,5.88,8.4068,14.0,0.22
6056,2.84,8.8788,36.0,0.23
6057,2.92,8.8277,33.0,0.21
6058,8.24,0.077,4.0,0.24
6059,2.68,0.072,37.0,0.25
6060,6.72,0.3634,9.0,0.2
6061,4.48,79.8874,1.0,0.2
6062,2.76,8.849,34.0,0.21
6063,5.76,8.666,7.0,0.21
6064,5.48,8.6655,15.0,0.22
6065,2.64,0.0738,31.0,0.23
6066,9.6,0.0126,8.0,0.26
6067,2.64,8.8616,37.0,0.23
6068,9.28,0.0682,1.0,0.26
6069,2.68,0.0361,25.0,0.22
6070,3.64,0.0426,-2.0,0.23
6071,3.72,3.4201,2.0,0.23
6072,5.76,8.6662,7.0,0.2
6073,2.6,10.5932,30.0,0.2
6074,2.88,0.0786,34.0,0.21
6075,2.8,0.0749,32.0,0.21
6076,2.64,8.83,30.0,0.23
6077,2.76,8.8479,34.0,0.21
6078,2.8,8.8479,33.0,0.21
6079,2.56,0.0774,36.0,0.21
6080,2.88,8.8387,32.0,0.23
6081,2.6,8.8618,37.0,0.22
6082,2.72,0.0427,30.0,0.21
6083,3.92,339243.3031,9.0,0.2
6084,5.6,8.1267,14.0,0.25
6085,2.72,8.8528,31.0,0.19
6086,3.92,339244.158,2.0,0.23
6087,3.64,0.8956,11.0,0.2
6088,6.16,8.1261,10.0,0.23
6089,8.28,0.1174,1.0,0.19
6090,2.76,8.8677,36.0,0.2
6091,5.68,8.1256,16.0,0.25
6092,8.4,2.5026,4.0,0.19
6093,2.64,8.8551,37.0,0.24
6094,2.52,8.8621,34.0,0.21
6095,6.76,0.692,13.0,0.19
6096,5.56,8.6662,11.0,0.22
6097,6.72,0.415,14.0,0.21
6098,2.72,0.0751,34.0,0.21
6099,2.68,0.0591,33.0,0.2
6100,5.8,8.1264,14.0,0.19
6101,3.76,1.8674,-2.0,0.36
6102,5.68,8.1266,14.0,0.22
6103,6.64,56465.3068,14.0,0.2
6104,10.2,0.5128,0.0,0.28
6105,2.56,0.0465,33.0,0.19
6106,2.92,8.8708,33.0,0.77
6107,5.84,7.5851,13.0,0.24
6108,2.52,0.0779,31.0,0.22
6109,3.68,0.8857,13.0,0.23
6110,2.84,0.0634,31.0,0.26
6111,3.12,0.0591,34.0,0.21
6112,8.72,0.067,-13.0,0.23
6113,2.8,0.0344,32.0,0.19
6114,3.08,0.0728,36.0,0.21
6115,2.72,8.847,33.0,0.21
6116,2.72,8.8439,36.0,0.19
6117,7.52,0.0266,5.0,0.22
6118,2.88,0.0899,33.0,0.21
6119,5.16,118.5753,0.0,0.26
6120,2.52,0.0877,30.0,0.2
6121,2.92,8.8588,34.0,0.2
6122,2.64,8.9223,32.0,0.19
6123,2.4,8.8596,35.0,0.23
6124,9.8,0.1905,-11.0,0.22
6125,5.96,8.1266,10.0,0.23
6126,2.64,0.0579,27.0,0.24
6127,5.8,8.1258,14.0,0.21
6128,5.8,8.1262,14.0,0.25
6129,2.64,8.8672,33.0,0.37
6130,7.0,359697.0093,6.0,0.32
6131,4.96,131.9686,7.0,0.21
6132,3.92,0.044,11.0,0.23
6133,5.68,8.1265,14.0,0.2
6134,2.68,0.0711,36.0,0.22
6135,3.76,67848.6907,13.0,0.22
6136,6.0,8.1256,14.0,0.2
6137,8.36,0.0587,7.0,0.19
6138,5.76,8.6662,11.0,0.26
6139,5.6,8.1258,10.0,0.37
6140,8.44,2.5489,6.0,0.25
6141,5.68,8.125,14.0,0.24
6142,2.44,0.06,36.0,0.32
6143,3.08,8.8731,36.0,0.26
6144,5.6,8.1259,14.0,0.24
6145,2.72,0.0696,34.0,0.23
6146,8.56,0.089,8.0,0.26
6147,8.0,0.019,6.0,0.26
6148,5.68,8.1296,14.0,0.22
6149,6.8,19.6,13.0,0.28
6150,2.56,8.9172,38.0,0.23
6151,2.48,0.0826,36.0,0.31
6152,2.72,0.0761,33.0,0.31
6153,2.48,8.8477,34.0,0.25
6154,2.68,0.0758,35.0,0.28
6155,5.76,8.6659,11.0,0.23
6156,5.6,8.1264,14.0,0.23
6157,9.52,0.1776,10.0,0.23
6158,8.88,0.0862,5.0,0.29
6159,6.48,0.0402,16.0,0.4
6160,5.8,8.1259,6.0,0.25
6161,5.8,8.1262,14.0,0.25
6162,5.76,8.6661,11.0,0.23
6163,5.6,8.1262,14.0,0.27
6164,5.72,8.126,14.0,0.22
6165,2.48,0.0741,33.0,0.32
6166,2.72,0.1093,34.0,0.28
6167,2.96,0.0649,31.0,0.25
6168,2.92,8.8547,34.0,0.24
6169,6.04,7.586,13.0,0.3
6170,8.24,0.087,-2.0,0.24
6171,5.6,8.1264,14.0,0.22
6172,10.44,0.0262,3.0,0.22
6173,7.28,0.0176,18.0,0.2
6174,8.88,0.6105,-2.0,0.21
6175,7.4,0.0062,15.0,0.25
6176,2.52,0.1489,35.0,0.33
6177,5.0,102.0159,1.0,0.23
6178,2.56,0.0919,34.0,0.32
6179,2.68,8.8435,29.0,0.29
6180,5.8,8.1263,10.0,0.25
6181,2.44,8.8658,36.0,0.33
6182,3.88,67852.0631,0.0,0.26
6183,2.56,8.8375,32.0,0.23
6184,8.64,0.0732,1.0,0.27
6185,6.6,0.0312,12.0,0.25
6186,2.72,8.8608,34.0,0.3
6187,2.44,8.8567,34.0,0.4
6188,2.56,0.0938,37.0,0.24
6189,2.6,0.0761,35.0,0.19
6190,9.52,0.2774,-4.0,0.19
6191,3.88,0.0264,-2.0,0.19
6192,2.92,0.038,36.0,0.21
6193,2.6,8.8723,36.0,0.23
6194,5.8,8.1256,10.0,0.22
6195,5.72,8.1265,14.0,0.21
6196,3.92,339244.9204,10.0,0.23
6197,5.56,8.7256,13.0,0.19
6198,5.84,8.1256,15.0,0.2
6199,5.8,8.6659,11.0,0.21
6200,2.84,8.8642,29.0,0.2
6201,7.96,0.0143,16.0,0.35
6202,2.44,8.8332,34.0,0.35
6203,5.76,8.6665,11.0,0.41
6204,5.52,8.1258,14.0,0.35
6205,2.84,8.8372,33.0,0.3
6206,7.56,32236.7279,16.0,0.34
6207,7.48,0.0191,14.0,0.29
6208,2.48,8.86,35.0,0.22
6209,7.2,0.0144,11.0,0.3
6210,9.68,0.191,-20.0,0.2
6211,4.32,79.8843,4.0,0.21
6212,2.96,0.078,33.0,0.23
6213,5.72,7.585,13.0,0.2
6214,8.88,4.9461,-5.0,0.2
6215,3.0,8.8365,33.0,0.23
6216,2.84,9.026,36.0,0.22
6217,5.8,8.1256,14.0,0.21
6218,10.56,5.6837,5.0,0.22
6219,2.88,0.065,34.0,0.21
6220,2.48,0.0859,33.0,0.23
6221,5.76,8.6663,11.0,0.22
6222,2.72,0.0634,32.0,0.22
6223,7.96,0.0125,15.0,0.2
6224,7.8,32236.7285,13.0,0.23
6225,6.84,0.3664,10.0,0.78
6226,6.24,0.0745,16.0,0.2
6227,3.12,0.0912,36.0,0.21
6228,5.72,8.1262,10.0,0.22
6229,3.12,8.8724,36.0,0.21
6230,5.84,7.5856,13.0,0.23
6231,5.8,8.1259,10.0,0.19
6232,5.68,8.1264,14.0,0.22
6233,2.92,8.8702,32.0,0.24
6234,6.0,8.1257,14.0,0.25
6235,2.68,8.8536,30.0,0.21
6236,6.88,0.3666,14.0,0.22
6237,5.6,8.1265,14.0,0.2
6238,5.24,180.1673,1.0,0.2
6239,9.92,5.5569,10.0,0.22
6240,5.76,8.6669,11.0,0.2
6241,2.72,8.9462,38.0,0.2
6242,7.52,0.0039,16.0,0.21
6243,2.48,8.8847,38.0,0.35
6244,5.76,8.6664,3.0,0.33
6245,5.6,8.126,14.0,0.25
6246,5.8,8.1255,6.0,0.25
6247,2.64,8.8652,34.0,0.21
6248,2.68,0.0852,32.0,0.22
6249,6.44,359696.6715,10.0,0.2
6250,5.8,8.1262,10.0,0.23
6251,5.44,112.0197,4.0,0.26
6252,3.88,407092.0252,8.0,0.23
6253,7.76,0.0105,13.0,0.25
6254,5.72,8.1261,14.0,0.22
6255,4.52,129.819,8.0,0.22
6256,3.12,0.5232,31.0,0.23
6257,6.2,7.6143,13.0,0.22
6258,6.44,0.0288,16.0,0.2
6259,2.48,0.0748,30.0,0.19
6260,6.0,8.1262,14.0,0.22
6261,5.6,8.1265,14.0,0.2
6262,5.8,8.1261,14.0,0.2
6263,7.04,0.3696,13.0,0.22
6264,6.44,0.0273,17.0,0.2
6265,3.88,67848.6973,11.0,0.22
6266,2.92,0.1333,33.0,0.23
6267,3.88,0.0446,9.0,0.23
6268,4.48,89.8744,3.0,0.23
6269,2.72,8.8528,33.0,0.22
6270,2.96,8.8374,33.0,0.28
6271,3.08,8.8453,37.0,0.38
6272,5.8,8.1265,14.0,0.32
6273,5.64,7.5852,13.0,0.32
6274,2.76,8.8174,31.0,0.25
6275,5.64,7.5858,13.0,0.24
6276,9.64,0.497,-2.0,0.24
6277,5.76,7.5857,13.0,0.23
6278,3.16,0.1055,34.0,0.22
6279,5.84,7.5854,13.0,0.37
6280,2.52,8.8453,30.0,0.43
6281,2.88,8.8533,32.0,0.29
6282,2.88,0.0749,32.0,0.3
6283,2.92,0.0416,33.0,0.17
6284,2.52,8.8608,36.0,0.19
6285,5.68,7.6378,12.0,0.25
6286,3.0,0.0641,32.0,0.2
6287,2.92,0.0422,33.0,0.25
6288,9.88,5.5454,11.0,0.27
6289,3.56,2.6652,17.0,0.33
6290,2.8,0.0931,33.0,0.26
6291,2.88,0.0532,34.0,0.25
6292,2.68,8.8706,34.0,0.27
6293,2.92,0.0475,33.0,0.25
6294,2.72,8.8868,33.0,0.26
6295,5.68,8.126,14.0,0.25
6296,5.68,8.1254,14.0,0.25
6297,5.8,8.1266,14.0,0.3
6298,7.48,0.0184,14.0,0.28
6299,2.76,8.8407,32.0,0.22
6300,5.6,8.1258,14.0,0.22
6301,5.8,8.1266,14.0,0.23
6302,3.12,0.0599,31.0,0.25
6303,9.16,0.4337,3.0,0.24
6304,2.52,8.8539,38.0,0.2
6305,3.88,67851.3754,8.0,0.23
6306,2.96,0.0517,32.0,0.2
6307,5.68,8.1262,14.0,0.2
6308,5.6,8.1255,14.0,0.19
6309,2.44,8.8326,36.0,0.22
6310,4.24,339244.1579,5.0,0.21
6311,2.8,0.0484,34.0,0.22
6312,5.76,8.6669,7.0,0.22
6313,3.72,0.8916,0.0,0.23
6314,2.48,0.0697,34.0,0.25
6315,2.68,8.861,36.0,0.38
6316,5.56,8.6663,13.0,0.31
6317,8.56,0.0374,5.0,0.49
6318,5.76,8.6668,11.0,0.27
6319,2.76,0.0696,35.0,0.29
6320,6.04,8.1501,14.0,0.35
6321,2.76,0.0949,38.0,0.24
6322,8.48,0.0571,4.0,0.19
6323,8.4,0.0731,4.0,0.2
6324,2.6,0.0953,38.0,0.26
6325,5.64,8.6661,11.0,0.21
6326,2.8,8.8438,35.0,0.2
6327,3.88,1.6638,11.0,0.2
6328,5.76,8.6666,11.0,0.21
6329,5.8,8.1264,14.0,0.2
6330,2.84,8.868,35.0,0.23
6331,9.76,1.3247,9.0,0.21
6332,6.72,0.3549,12.0,0.21
6333,5.8,8.1266,10.0,0.3
6334,5.6,8.1257,14.0,0.34
6335,5.76,8.6664,15.0,0.26
6336,2.6,8.8302,33.0,0.31
6337,5.56,8.6663,9.0,0.22
6338,5.6,8.1264,10.0,0.22
6339,5.76,7.5847,9.0,0.23
6340,8.68,0.0491,1.0,0.24
6341,2.56,8.8446,38.0,0.3
6342,5.8,8.1257,14.0,0.21
6343,2.6,8.8711,35.0,0.2
6344,5.68,8.6667,11.0,0.22
6345,2.92,0.0656,35.0,0.75
6346,5.8,8.126,14.0,0.2
6347,3.16,0.0715,35.0,0.2
6348,9.32,0.31,9.0,0.2
6349,5.92,8.666,11.0,0.19
6350,2.64,0.0533,34.0,0.2
6351,9.68,0.0199,8.0,0.19
6352,8.6,0.0591,8.0,0.21
6353,2.64,8.8419,33.0,0.27
6354,3.72,0.9018,12.0,0.22
6355,8.36,0.0717,5.0,0.2
6356,5.6,8.1262,10.0,0.19
6357,2.44,8.8674,37.0,0.22
6358,4.76,89.8747,4.0,0.21
6359,2.44,8.8439,36.0,0.27
6360,2.76,10.1494,32.0,0.19
6361,2.76,8.8492,36.0,0.2
6362,2.76,8.853,33.0,0.2
6363,5.64,8.667,7.0,0.21
6364,2.6,0.0832,37.0,0.22
6365,6.04,7.5851,13.0,0.25
6366,3.88,339243.3586,0.0,0.19
6367,2.8,0.0534,33.0,0.21
6368,3.04,8.8452,37.0,0.23
6369,5.72,8.126,10.0,0.21
6370,2.92,0.0541,34.0,0.21
6371,5.92,8.667,15.0,0.24
6372,9.0,2.4892,6.0,0.22
6373,2.4,8.8696,32.0,0.21
6374,8.24,0.0754,4.0,0.24
6375,2.64,0.0542,36.0,0.22
6376,2.56,8.8544,32.0,0.21
6377,8.44,0.0672,0.0,0.25
6378,2.52,0.0893,37.0,0.22
6379,2.92,8.8785,35.0,0.23
6380,9.88,0.0223,10.0,0.2
6381,7.6,0.0124,16.0,0.23
6382,2.8,0.0357,28.0,0.29
6383,6.48,0.0274,15.0,0.28
6384,2.92,8.8665,35.0,0.24
6385,5.8,8.1256,14.0,0.22
6386,2.96,0.0506,37.0,0.19
6387,2.68,0.0464,33.0,0.2
6388,5.6,8.1261,14.0,0.21
6389,3.48,0.0284,0.0,0.23
6390,2.68,0.0634,33.0,0.19
6391,5.64,8.6658,13.0,0.22
6392,2.68,8.8558,37.0,0.19
6393,2.88,8.8799,34.0,0.2
6394,5.64,8.6665,9.0,0.21
6395,4.6,359802.3292,7.0,0.2
6396,2.52,0.0946,37.0,0.22
6397,7.28,32236.8585,15.0,0.24
6398,2.44,0.0453,31.0,0.2
6399,5.6,8.1262,14.0,0.21
6400,3.88,0.0399,6.0,0.23
6401,5.68,8.1256,14.0,0.21
6402,5.76,8.667,7.0,0.23
6403,5.8,8.1266,14.0,0.2
6404,2.64,0.0663,37.0,0.21
6405,5.6,8.126,14.0,0.23
6406,8.24,0.1006,5.0,0.22
6407,6.76,0.0254,14.0,0.21
6408,2.64,0.087,34.0,0.2
6409,5.76,8.666,11.0,0.19
6410,9.84,5.6934,11.0,0.23
6411,3.04,0.0665,32.0,0.22
6412,3.88,1.8083,12.0,0.26
6413,6.76,0.0299,11.0,0.24
6414,5.64,8.6666,13.0,0.25
6415,2.64,8.8361,33.0,0.22
6416,5.8,8.6673,15.0,0.21
6417,5.72,8.667,11.0,0.21
6418,5.68,8.1257,14.0,0.21
6419,2.68,8.8896,37.0,0.27
6420,2.52,0.0828,36.0,0.24
6421,2.44,8.8516,39.0,0.23
6422,5.72,8.126,10.0,0.2
6423,3.64,407094.4328,7.0,0.19
6424,2.84,8.842,33.0,0.2
6425,2.76,8.8838,35.0,0.19
6426,4.8,79.8896,-2.0,0.2
6427,7.84,0.3888,13.0,0.19
6428,2.84,8.878,35.0,0.24
6429,5.8,8.1266,14.0,0.21
6430,8.08,0.0078,15.0,0.22
6431,2.56,8.843,35.0,0.23
6432,3.76,339243.3058,10.0,0.21
6433,2.64,8.859,34.0,0.2
6434,6.68,0.3649,13.0,0.22
6435,3.68,0.064,3.0,0.2
6436,5.8,8.1258,14.0,0.2
6437,5.64,8.6672,11.0,0.25
6438,5.92,8.1258,13.0,0.22
6439,5.6,8.1638,14.0,0.2
6440,2.68,8.8502,35.0,0.24
6441,3.68,67851.1588,10.0,0.24
6442,2.52,8.8766,34.0,0.22
6443,5.56,8.6661,7.0,0.21
6444,5.64,7.6042,12.0,0.24
6445,2.56,0.071,36.0,0.2
6446,4.72,359804.4908,-2.0,0.21
6447,9.0,0.077,0.0,0.2
6448,2.64,0.0737,31.0,0.23
6449,2.84,8.8657,34.0,0.23
6450,5.6,8.1255,10.0,0.19
6451,5.96,8.6662,11.0,0.2
6452,5.2,359804.4905,0.0,0.22
6453,5.6,8.126,14.0,0.28
6454,7.76,0.0144,15.0,0.22
6455,5.68,8.126,14.0,0.23
6456,6.28,0.0439,17.0,0.3
6457,8.28,0.092,1.0,0.23
6458,3.08,8.8778,32.0,0.24
6459,5.96,8.1262,14.0,0.19
6460,5.76,8.6658,11.0,0.2
6461,5.8,4862.8013,14.0,0.22
6462,2.44,0.0862,33.0,0.21
6463,5.56,8.2237,10.0,0.23
6464,8.36,0.0322,13.0,0.23
6465,2.64,8.8659,35.0,0.23
6466,2.44,0.048,35.0,0.22
6467,2.64,0.0896,38.0,0.23
6468,5.6,8.2709,14.0,0.23
6469,8.04,32236.731,13.0,0.23
6470,10.08,0.0413,0.0,0.2
6471,5.88,8.1264,14.0,0.21
6472,8.72,0.078,4.0,0.25
6473,9.12,0.0196,2.0,0.29
6474,5.56,8.6659,11.0,0.27
6475,5.88,8.1255,14.0,0.24
6476,2.72,0.0655,34.0,0.26
6477,5.64,8.7243,7.0,0.24
6478,3.88,339243.3102,1.0,0.2
6479,3.68,0.8877,7.0,0.8
6480,5.96,8.1255,14.0,0.22
6481,8.2,0.0715,7.0,0.24
6482,5.28,152.2242,9.0,0.22
6483,3.88,67851.3012,9.0,0.21
6484,5.64,8.667,11.0,0.22
6485,8.28,0.0613,5.0,0.22
6486,2.44,8.8492,35.0,0.22
6487,7.44,0.0121,16.0,0.22
6488,5.64,8.666,13.0,0.48
6489,2.64,0.0883,36.0,0.3
6490,5.76,8.667,11.0,0.3
6491,2.8,0.0873,33.0,0.38
6492,9.52,0.3467,-3.0,0.21
6493,7.72,32236.731,6.0,0.17
6494,2.68,8.888,35.0,0.19
6495,5.92,8.1255,14.0,0.19
6496,2.8,8.8481,34.0,0.25
6497,2.44,8.8666,39.0,0.22
6498,5.68,8.1264,12.0,0.18
6499,2.84,8.8662,35.0,0.2
6500,2.88,8.8486,29.0,0.23
6501,10.08,6.3536,7.0,0.28
6502,4.88,141.9527,6.0,0.35
6503,6.52,0.363,7.0,0.46
6504,5.64,8.6665,11.0,0.41
6505,7.76,0.0114,14.0,0.3
6506,5.6,8.2051,14.0,0.29
6507,2.72,8.8524,30.0,0.34
6508,5.6,8.1257,14.0,0.27
6509,2.64,1.8375,29.0,0.2
6510,6.84,0.3603,14.0,0.24
6511,2.72,8.9349,32.0,0.2
6512,3.72,67860.508,11.0,0.2
6513,9.12,0.0911,7.0,0.19
6514,3.64,339243.3268,1.0,0.21
6515,2.92,8.8447,36.0,0.28
6516,5.64,7.5859,13.0,0.22
6517,2.64,0.0807,33.0,0.18
6518,8.36,0.0468,10.0,0.24
6519,2.64,8.8615,37.0,0.24
6520,5.64,8.6669,11.0,0.22
6521,2.68,8.837,34.0,0.2
6522,5.8,8.1256,14.0,0.2
6523,2.76,8.8536,34.0,0.2
6524,10.04,5.8591,8.0,0.2
6525,2.72,0.0784,34.0,0.2
6526,6.04,8.1253,14.0,0.18
6527,5.8,8.1262,14.0,0.18
6528,5.84,8.1262,10.0,0.2
6529,9.08,0.0969,0.0,0.2
6530,9.6,0.0282,7.0,0.23
6531,5.88,8.1259,14.0,0.22
6532,2.64,8.848,34.0,0.25
6533,5.68,8.1258,14.0,0.2
6534,2.44,8.8514,35.0,0.22
6535,7.76,0.0065,13.0,0.24
6536,2.68,50.9682,34.0,0.23
6537,2.76,0.0885,34.0,0.2
6538,2.88,0.0545,33.0,0.19
6539,2.88,8.8428,31.0,0.21
6540,8.24,0.0646,4.0,0.22
6541,5.6,8.1265,10.0,0.19
6542,6.0,7.5852,13.0,0.24
6543,5.72,7.5854,13.0,0.21
6544,2.8,8.8658,35.0,0.21
6545,5.88,8.1252,14.0,0.2
6546,2.64,8.837,31.0,0.24
6547,2.52,154.241,30.0,0.22
6548,5.72,8.1263,14.0,0.34
6549,5.8,8.1265,14.0,0.55
6550,5.64,8.6661,11.0,0.37
6551,2.8,8.8458,37.0,0.38
6552,5.68,8.1256,14.0,0.29
6553,2.52,0.0707,35.0,0.25
6554,2.48,8.8411,32.0,0.28
6555,5.8,8.1256,14.0,0.22
6556,5.8,8.1264,14.0,0.16
6557,9.8,0.4708,5.0,0.22
6558,8.12,0.0143,13.0,0.17
6559,2.56,0.0627,32.0,0.18
6560,2.52,17.634,39.0,0.18
6561,4.88,359824.4676,5.0,0.16
6562,2.44,0.0901,33.0,0.19
6563,2.56,8.8814,33.0,0.26
6564,5.68,8.1257,14.0,0.24
6565,2.64,8.8654,34.0,0.2
6566,5.72,7.5852,13.0,0.2
6567,5.4,8.1252,14.0,0.2
6568,4.04,407094.4195,2.0,0.19
6569,5.8,8.1266,14.0,0.18
6570,7.8,0.011,13.0,0.2
6571,2.48,8.8814,33.0,0.19
6572,2.52,0.6236,32.0,0.18
6573,2.64,8.8576,32.0,0.19
6574,2.6,0.0995,36.0,0.21
6575,3.68,0.9072,18.0,0.19
6576,2.56,0.0824,36.0,0.21
6577,2.4,8.8623,38.0,0.2
6578,5.6,8.1257,14.0,0.2
6579,5.76,8.6669,13.0,0.18
6580,2.8,0.1094,35.0,0.2
6581,9.04,0.4178,1.0,0.49
6582,7.72,0.0068,15.0,0.21
6583,5.64,7.586,13.0,0.24
6584,2.84,0.0871,35.0,0.32
6585,2.96,8.8714,34.0,0.21
6586,2.68,8.8699,33.0,0.26
6587,2.6,0.045,31.0,0.21
6588,8.08,0.0098,13.0,0.23
6589,4.08,67848.6926,9.0,0.23
6590,5.88,7.589,12.0,0.22
6591,2.68,8.8642,37.0,0.23
6592,5.6,8.1518,14.0,0.24
6593,2.52,0.1046,31.0,0.2
6594,2.52,0.084,38.0,0.21
6595,4.0,0.0416,11.0,0.21
6596,5.72,7.5854,13.0,0.21
6597,8.88,0.0524,5.0,0.22
6598,2.44,8.8743,34.0,0.21
6599,5.72,8.4632,14.0,0.21
6600,5.8,8.1256,14.0,0.22
6601,2.48,8.8524,33.0,0.29
6602,5.88,8.1252,14.0,0.26
6603,2.52,0.0834,37.0,0.83
6604,2.64,8.8886,31.0,0.23
6605,2.8,8.8432,35.0,0.24
6606,2.84,0.0695,33.0,0.24
6607,2.52,0.0776,37.0,0.25
6608,8.2,0.0125,12.0,0.2
6609,5.6,8.1259,14.0,0.29
6610,6.0,7.5934,13.0,0.2
6611,4.16,0.0294,10.0,0.3
6612,4.8,121.9841,7.0,0.22
6613,4.88,359824.4643,8.0,0.25
6614,2.52,8.889,36.0,0.28
6615,2.6,8.837,35.0,0.33
6616,4.8,82.0464,-1.0,0.33
6617,5.16,142.246,7.0,0.25
6618,2.68,0.0847,31.0,0.31
6619,5.88,7.0448,12.0,0.27
6620,2.72,8.9045,34.0,0.23
6621,10.84,0.3367,7.0,0.27
6622,5.52,359862.6746,7.0,0.24
6623,8.72,32236.7482,-12.0,0.22
6624,3.0,8.8204,25.0,0.19
6625,5.96,7.5856,13.0,0.2
6626,9.6,0.5038,5.0,0.31
6627,2.96,8.8577,30.0,0.27
6628,5.64,7.5858,13.0,0.26
6629,2.96,8.8656,33.0,0.3
6630,4.96,359736.2305,7.0,0.23
6631,5.72,7.5854,15.0,0.22
6632,3.48,48.7683,17.0,0.22
6633,3.52,0.0352,6.0,0.18
6634,4.44,359792.3492,2.0,0.18
6635,2.6,8.8444,22.0,0.23
6636,3.2,0.0476,12.0,0.23
6637,2.8,379.9187,37.0,0.32
6638,2.96,8.8458,16.0,0.28
6639,2.92,0.0913,32.0,0.26
6640,5.8,8.1266,12.0,0.19
6641,6.36,0.0344,13.0,0.29
6642,9.16,0.0661,1.0,0.21
6643,9.24,0.1826,8.0,0.2
6644,5.72,8.126,14.0,0.21
6645,9.12,0.1958,11.0,0.22
6646,6.44,3.2715,10.0,0.2
6647,7.92,0.0128,16.0,0.18
6648,7.2,0.1314,16.0,0.21
6649,2.8,8.8478,33.0,0.19
6650,9.32,2.5138,7.0,0.22
6651,3.88,2.7313,14.0,0.28
6652,8.68,0.4068,6.0,0.24
6653,5.76,8.6668,13.0,0.32
6654,2.48,0.07,31.0,0.34
6655,5.8,8.1257,14.0,0.25
6656,5.8,8.1262,14.0,0.2
6657,2.88,9.0163,33.0,0.19
6658,2.44,0.0935,35.0,0.2
6659,2.68,10.6098,25.0,0.21
6660,2.44,0.1039,34.0,0.2
6661,5.8,8.1256,14.0,0.25
6662,2.44,8.8653,34.0,0.22
6663,2.84,8.944,34.0,0.26
6664,5.76,8.6662,13.0,0.22
6665,5.04,359834.4526,6.0,0.22
6666,3.8,2.5031,4.0,0.26
6667,2.52,0.0758,35.0,0.24
6668,2.88,0.0929,33.0,0.26
6669,5.8,8.126,14.0,0.23
6670,2.96,8.8583,29.0,0.27
6671,5.76,8.6664,9.0,0.24
6672,2.72,0.0754,34.0,0.22
6673,2.8,0.0449,37.0,0.22
6674,2.6,8.863,32.0,0.24
6675,6.56,0.0435,14.0,0.27
6676,2.68,8.892,37.0,0.26
6677,8.2,0.0467,10.0,0.24
6678,2.64,8.871,34.0,0.31
6679,2.92,8.8604,34.0,0.22
6680,2.68,8.8921,32.0,0.27
6681,5.68,8.1265,14.0,0.27
6682,2.64,8.856,37.0,0.34
6683,8.52,0.0736,4.0,0.26
6684,2.84,8.8485,33.0,0.22
6685,2.84,8.8477,32.0,0.25
6686,5.6,8.1263,14.0,0.25
6687,5.6,8.1261,14.0,0.23
6688,2.88,8.838,34.0,0.24
6689,5.8,8.1258,14.0,0.25
6690,5.6,8.6666,7.0,0.26
6691,8.92,0.0523,3.0,0.26
6692,5.88,7.5846,13.0,0.21
6693,9.16,120045.5035,-9.0,0.25
6694,2.44,0.0628,32.0,0.24
6695,8.2,96.313,-1.0,0.27
6696,5.6,8.1266,14.0,0.28
6697,2.76,0.0636,33.0,0.25
6698,6.4,0.0311,15.0,0.28
6699,2.64,8.8615,37.0,0.23
6700,5.68,8.1265,14.0,0.31
6701,3.0,0.1667,35.0,0.27
6702,2.64,0.0686,33.0,0.26
6703,10.24,0.3159,12.0,0.3
6704,2.64,0.0428,36.0,0.23
6705,2.44,0.0584,26.0,0.25
6706,5.68,8.6664,11.0,0.33
6707,2.52,8.8729,37.0,0.22
6708,8.32,0.0689,6.0,0.37
6709,8.64,0.0471,6.0,0.24
6710,2.76,8.8543,30.0,0.35
6711,8.68,0.06,5.0,0.25
6712,2.92,0.0436,35.0,0.25
6713,2.44,0.0889,34.0,0.25
6714,5.8,8.1256,14.0,0.21
6715,2.8,0.0696,32.0,0.49
6716,2.44,8.8534,29.0,0.24
6717,2.76,0.0643,34.0,0.31
6718,5.72,9.2518,10.0,0.28
6719,2.96,0.0363,34.0,0.22
6720,5.76,8.6671,11.0,0.23
6721,2.6,19.6094,37.0,0.3
6722,5.8,8.1265,14.0,0.34
6723,7.8,32236.7516,16.0,0.27
6724,2.68,0.097,33.0,0.2
6725,3.88,0.0342,8.0,0.21
6726,5.6,8.1261,14.0,0.19
6727,8.32,0.0708,2.0,0.22
6728,5.92,8.128,14.0,0.28
6729,2.6,0.077,30.0,0.29
6730,2.88,0.0961,31.0,0.23
6731,2.92,0.0746,32.0,0.22
6732,2.48,0.1035,34.0,0.27
6733,2.56,8.8247,33.0,0.22
6734,5.8,8.1263,14.0,0.23
6735,3.48,67849.5514,12.0,0.26
6736,3.92,339244.1511,7.0,0.22
6737,6.84,19.2643,11.0,0.22
6738,3.72,67851.1748,12.0,0.2
6739,9.52,0.1857,1.0,0.23
6740,5.6,8.1258,14.0,0.21
6741,2.44,0.9386,36.0,0.18
6742,6.4,428.5324,13.0,0.19
6743,5.6,8.1252,14.0,0.19
6744,2.68,8.8784,37.0,0.19
6745,5.8,8.1253,14.0,0.21
6746,3.88,407093.574,7.0,0.18
6747,5.96,8.6671,11.0,0.21
6748,5.6,8.1259,14.0,0.18
6749,4.36,99.8739,11.0,0.19
6750,2.96,8.8288,30.0,0.2
6751,2.52,8.8462,31.0,0.18
6752,5.72,8.126,14.0,0.2
6753,5.8,8.1259,10.0,0.2
6754,9.88,5.5476,10.0,0.23
6755,2.48,112419.2754,36.0,0.2
6756,3.52,0.0381,7.0,0.21
6757,5.6,8.1264,14.0,0.2
6758,2.68,0.0995,36.0,0.23
6759,3.76,67848.6798,0.0,0.37
6760,5.64,8.6666,11.0,0.45
6761,3.84,0.9,3.0,0.2
6762,9.64,5.5508,9.0,0.18
6763,5.88,8.6733,14.0,0.22
6764,2.56,0.0717,36.0,0.22
6765,2.44,0.1067,38.0,0.25
6766,2.44,0.0587,34.0,0.22
6767,2.44,0.072,37.0,0.18
6768,6.96,0.3569,13.0,0.25
6769,5.72,8.6667,7.0,0.23
6770,5.72,8.126,14.0,0.27
6771,3.68,0.0449,11.0,0.22
6772,3.84,339244.1663,15.0,0.19
6773,5.8,8.1264,14.0,0.2
6774,5.56,8.6666,11.0,0.26
6775,2.88,0.0756,34.0,0.17
6776,2.76,8.866,35.0,0.27
6777,5.72,8.1267,13.0,0.2
6778,5.76,8.666,11.0,0.25
6779,8.44,0.0784,2.0,0.25
6780,2.88,33879.2057,33.0,0.23
6781,2.84,0.0466,33.0,0.29
6782,2.72,0.0652,35.0,0.18
6783,8.68,0.0505,7.0,0.19
6784,2.64,8.8545,35.0,0.18
6785,9.56,0.1728,9.0,0.23
6786,7.88,32236.7246,18.0,0.26
6787,8.12,0.0359,9.0,0.19
6788,5.8,8.1307,9.0,0.19
6789,2.68,8.9293,35.0,0.2
6790,2.44,8.8565,38.0,0.18
6791,5.6,8.1256,14.0,0.21
6792,5.76,8.6664,11.0,0.21
6793,5.56,8.6662,11.0,0.18
6794,7.32,0.039,16.0,0.17
6795,3.0,8.8831,35.0,0.18
6796,8.52,2.7109,6.0,0.21
6797,2.44,0.0641,34.0,0.19
6798,5.8,8.1255,14.0,0.22
6799,5.64,8.1257,14.0,0.2
6800,6.6,0.0088,13.0,0.21
6801,5.72,16.9096,14.0,0.19
6802,2.52,0.0883,36.0,0.18
6803,2.44,0.0836,38.0,0.18
6804,5.72,8.1263,14.0,0.19
6805,2.56,8.8623,37.0,0.2
6806,2.92,0.0929,33.0,0.22
6807,9.68,0.4671,10.0,0.22
6808,6.0,8.1262,14.0,0.18
6809,5.68,8.1266,14.0,0.23
6810,3.56,339243.2932,1.0,0.2
6811,2.8,71.7148,34.0,0.17
6812,6.76,0.0162,14.0,0.21
6813,5.84,7.5851,13.0,0.18
6814,9.76,0.3349,10.0,0.2
6815,5.6,8.1265,14.0,0.18
6816,5.04,359834.4516,7.0,0.19
6817,9.72,5.831,7.0,0.22
6818,2.72,0.0542,32.0,0.19
6819,2.44,9.3834,35.0,0.21
6820,6.44,4.8831,14.0,0.2
6821,2.64,8.8571,39.0,0.19
6822,2.64,0.0889,37.0,0.19
6823,2.44,0.0946,37.0,0.19
6824,6.56,0.3693,1.0,0.36
6825,2.64,0.0836,37.0,0.46
6826,5.52,9.2067,-2.0,0.33
6827,5.84,8.1257,14.0,0.32
6828,3.16,8.843,18.0,0.36
6829,2.64,0.1066,34.0,0.24
6830,5.6,8.126,14.0,0.22
6831,7.32,32236.7308,18.0,0.19
6832,9.24,0.1776,11.0,0.25
6833,5.56,8.6659,11.0,0.28
6834,7.36,0.006,13.0,0.26
6835,5.28,130.2591,1.0,0.24
6836,6.56,0.032,14.0,0.32
6837,5.88,8.6669,11.0,0.37
6838,9.68,0.1834,8.0,0.28
6839,5.6,8.2116,14.0,0.22
6840,6.84,0.0285,15.0,0.33
6841,6.76,0.3668,10.0,0.29
6842,2.84,0.0928,32.0,0.19
6843,2.88,0.1053,37.0,0.19
6844,7.96,32236.7377,13.0,0.17
6845,3.72,0.8892,13.0,0.22
6846,3.72,2.6471,5.0,0.29
6847,5.6,8.1264,14.0,0.17
6848,2.8,8.855,36.0,0.2
6849,3.88,0.0338,4.0,0.22
6850,5.76,352344.1507,14.0,0.79
6851,2.44,0.0827,36.0,0.17
6852,5.6,8.1264,14.0,0.16
6853,5.6,8.126,12.0,0.18
6854,5.68,8.1262,14.0,0.22
6855,2.64,8.8527,32.0,0.18
6856,2.72,8.8544,33.0,0.17
6857,5.6,8.1261,14.0,0.18
6858,5.68,8.1259,14.0,0.17
6859,2.8,0.0424,34.0,0.18
6860,2.64,8.8313,34.0,0.3
6861,5.76,8.6668,15.0,0.19
6862,2.64,0.0636,33.0,0.19
6863,2.64,8.8723,36.0,0.19
6864,5.56,8.667,11.0,0.19
6865,4.76,102.0224,0.0,0.2
6866,2.84,8.8384,35.0,0.22
6867,5.6,8.126,14.0,0.21
6868,4.04,1.6598,7.0,0.2
6869,9.76,0.355,9.0,0.22
6870,3.08,8.8612,35.0,0.24
6871,2.88,8.8608,34.0,0.18
6872,3.88,2.6649,11.0,0.22
6873,3.12,0.0481,30.0,0.21
6874,5.76,7.5854,12.0,0.21
6875,7.96,32236.8113,13.0,0.23
6876,2.68,0.052,33.0,0.22
6877,7.92,32236.7277,15.0,0.19
6878,2.68,8.8784,37.0,0.21
6879,2.44,8.8531,33.0,0.22
6880,6.24,7.6141,11.0,0.18
6881,5.8,8.126,14.0,0.18
6882,5.6,8.1258,14.0,0.2
6883,9.28,0.1729,11.0,0.2
6884,2.64,0.0414,34.0,0.19
6885,9.72,0.6551,13.0,0.19
6886,2.56,0.0539,35.0,0.2
6887,6.32,0.0521,11.0,0.21
6888,2.76,0.0827,36.0,0.2
6889,2.8,8.865,30.0,0.19
6890,2.92,0.0356,32.0,0.2
6891,6.4,359697.0088,15.0,0.21
6892,5.92,8.1262,14.0,0.26
6893,2.44,0.0834,37.0,0.22
6894,5.04,359794.5162,1.0,0.25
6895,2.48,8.8588,33.0,0.21
6896,5.8,8.126,14.0,0.33
6897,5.68,8.1267,14.0,0.21
6898,3.8,67851.3019,9.0,0.2
6899,2.96,0.0602,35.0,0.18
6900,2.48,0.0703,35.0,0.24
6901,5.6,8.1265,17.0,0.2
6902,5.6,8.1266,14.0,0.2
6903,2.64,0.072,37.0,0.2
6904,8.16,359696.6513,13.0,0.19
6905,8.12,0.0852,-6.0,0.19
6906,5.6,8.2812,14.0,0.2
6907,2.48,8.8792,38.0,0.19
6908,4.48,359762.3964,-2.0,0.17
6909,9.12,0.1773,5.0,0.24
6910,5.8,8.1264,14.0,0.19
6911,5.68,8.1257,16.0,0.29
6912,5.52,9.2065,16.0,0.18
6913,4.36,99.8628,6.0,0.21
6914,2.52,0.1016,39.0,0.2
6915,8.08,0.0926,-1.0,0.19
6916,5.68,8.1263,14.0,0.21
6917,2.96,8.86,34.0,0.18
6918,6.72,0.03,10.0,0.2
6919,2.72,8.8416,33.0,0.18
6920,2.72,8.8897,35.0,0.22
6921,2.64,0.0947,37.0,0.25
6922,9.64,0.0318,11.0,0.25
6923,5.44,9.7464,17.0,0.23
6924,5.8,8.126,14.0,0.21
6925,2.52,8.8666,36.0,0.19
6926,5.88,7.0461,11.0,0.19
6927,9.64,5.5438,8.0,0.23
6928,5.8,8.1255,13.0,0.26
6929,3.76,0.0233,7.0,0.27
6930,7.72,32236.7236,15.0,0.23
6931,8.48,0.0694,-3.0,0.24
6932,5.6,8.1257,14.0,0.22
6933,2.64,0.0826,36.0,0.18
6934,5.76,8.6664,11.0,0.2
6935,2.44,8.8609,36.0,0.2
6936,5.72,8.1263,14.0,0.25
6937,5.96,8.1258,14.0,0.25
6938,2.84,0.0347,32.0,0.23
6939,5.68,8.1266,14.0,0.2
6940,2.84,8.8574,25.0,0.22
6941,5.76,8.6663,11.0,0.18
6942,2.64,8.8616,37.0,0.19
6943,5.76,8.667,11.0,0.19
6944,5.6,8.126,14.0,0.2
6945,5.68,8.6661,15.0,0.19
6946,2.52,0.0706,35.0,0.23
6947,5.84,8.1256,14.0,0.23
6948,3.08,8.8584,36.0,0.29
6949,2.92,8.838,34.0,0.25
6950,4.44,59.9253,0.0,0.23
6951,2.64,0.0644,34.0,0.26
6952,5.68,8.6667,11.0,0.2
6953,3.0,0.0358,32.0,0.2
6954,2.68,8.8892,36.0,0.26
6955,5.56,8.6668,3.0,0.39
6956,6.52,0.0298,12.0,0.4
6957,5.76,8.6667,7.0,0.29
6958,2.44,0.0544,36.0,0.2
6959,5.76,8.667,15.0,0.16
6960,8.92,0.0685,6.0,0.26
6961,8.68,0.4128,1.0,0.2
6962,8.36,0.0616,8.0,0.19
6963,6.04,15.8909,14.0,0.3
6964,9.2,0.0173,15.0,0.32
6965,3.08,119071.388,35.0,0.28
6966,5.6,8.1255,14.0,0.23
6967,2.52,3.1242,38.0,0.22
6968,2.56,8.854,34.0,0.22
6969,5.48,9.2062,16.0,0.21
6970,3.6,0.0513,13.0,0.23
6971,2.76,8.86,34.0,0.22
6972,2.68,0.055,37.0,0.22
6973,8.88,0.0883,-3.0,0.24
6974,8.4,0.0776,2.0,0.24
6975,2.52,0.0714,36.0,0.23
6976,2.84,8.8336,36.0,0.31
6977,3.76,67850.3076,-1.0,0.22
6978,5.6,8.1409,14.0,0.27
6979,2.6,8.8577,36.0,0.3
6980,2.88,8.8577,31.0,0.32
6981,4.48,89.8699,2.0,0.31
6982,3.88,67851.3075,8.0,0.29
6983,5.88,8.1262,9.0,0.8
6984,5.8,8.1263,14.0,0.22
6985,2.64,0.0934,35.0,0.19
6986,2.64,0.0762,35.0,0.2
6987,5.56,8.6665,15.0,0.21
6988,5.76,8.1263,14.0,0.18
6989,7.64,0.0077,16.0,0.22
6990,4.88,92.0501,5.0,0.24
6991,5.84,8.6668,11.0,0.24
6992,6.88,0.406,13.0,0.25
6993,3.04,0.0472,33.0,0.21
6994,5.64,7.5854,13.0,0.28
6995,3.72,339244.9119,8.0,0.27
6996,2.68,0.0691,33.0,0.24
6997,8.56,0.0731,12.0,0.2
6998,6.2,2.2005,13.0,0.18
6999,5.84,7.5857,13.0,0.28
7000,2.44,0.0588,34.0,0.16
7001,2.52,0.048,35.0,0.16
7002,2.64,8.868,38.0,0.17
7003,3.88,67850.4502,7.0,0.19
7004,5.68,8.1266,13.0,0.26
7005,5.72,7.5872,13.0,0.21
7006,5.6,8.1261,14.0,0.26
7007,3.0,8.8662,31.0,0.22
7008,2.44,0.0594,35.0,0.19
7009,8.72,2.4938,10.0,0.18
7010,2.8,8.9018,36.0,0.19
7011,4.92,112.0092,4.0,0.21
7012,3.56,0.0426,12.0,0.2
7013,4.36,59.9288,-3.0,0.19
7014,5.92,8.6676,11.0,0.18
7015,3.76,67849.5475,9.0,0.19
7016,5.64,7.5859,16.0,0.22
7017,5.84,7.5855,13.0,0.29
7018,5.92,7.586,13.0,0.25
7019,5.84,7.5859,13.0,0.22
7020,2.48,8.86,35.0,0.19
7021,2.8,8.8406,32.0,0.25
7022,5.72,7.5855,13.0,0.21
7023,5.84,7.5848,13.0,0.21
7024,4.64,359782.3702,6.0,0.19
7025,2.96,8.8501,36.0,0.2
7026,5.72,7.5862,13.0,0.21
7027,3.72,0.0322,8.0,0.2
7028,5.8,8.1255,14.0,0.22
7029,5.6,8.126,14.0,0.2
7030,5.8,8.1257,14.0,0.22
7031,2.68,0.0933,35.0,0.23
7032,5.72,355287.8626,14.0,0.18
7033,2.64,0.0836,37.0,0.18
7034,5.8,8.1262,14.0,0.21
7035,5.8,8.1263,14.0,0.18
7036,2.52,0.0816,35.0,0.2
7037,5.56,8.6657,11.0,0.21
7038,8.92,2.8264,8.0,0.2
7039,3.04,0.0863,33.0,0.22
7040,5.6,8.1438,14.0,0.21
7041,2.6,0.0511,32.0,0.2
7042,5.92,8.1248,14.0,0.24
7043,8.08,0.0265,15.0,0.26
7044,3.68,0.044,10.0,0.23
7045,2.44,0.077,36.0,0.18
7046,5.64,8.6665,11.0,0.18
7047,2.64,0.0665,38.0,0.21
7048,5.8,8.1264,14.0,0.22
7049,3.76,407094.435,7.0,0.21
7050,2.52,8.8748,35.0,0.19
7051,2.88,8.8384,31.0,0.2
7052,7.32,0.3518,12.0,0.19
7053,3.08,0.0808,33.0,0.2
7054,2.52,0.0638,33.0,0.2
7055,5.68,8.126,14.0,0.18
7056,3.12,8.8304,32.0,0.23
7057,2.76,8.9162,33.0,0.19
7058,2.44,8.8708,34.0,0.19
7059,2.68,8.8876,34.0,0.24
7060,5.6,8.1253,14.0,0.19
7061,2.64,8.8955,37.0,0.19
7062,8.68,0.0731,1.0,0.21
7063,6.64,0.3618,15.0,0.21
7064,5.8,8.1262,14.0,0.19
7065,5.8,8.1267,14.0,0.21
7066,3.88,407091.9557,10.0,0.2
7067,5.8,8.1259,14.0,0.27
7068,2.96,0.0539,33.0,0.19
7069,7.44,32236.731,17.0,0.2
7070,5.64,8.666,7.0,0.18
7071,2.64,8.8615,37.0,0.19
7072,2.48,8.877,35.0,0.2
7073,9.84,0.1819,12.0,0.23
7074,5.76,8.6658,15.0,0.19
7075,2.44,0.0625,34.0,0.25
7076,5.6,8.1262,14.0,0.26
7077,2.52,8.8641,32.0,0.2
7078,2.44,0.0889,37.0,0.22
7079,2.44,8.8501,37.0,0.19
7080,5.6,8.1259,17.0,0.21
7081,2.44,8.8497,36.0,0.18
7082,7.8,0.0053,17.0,0.18
7083,5.72,10.5694,13.0,0.21
7084,2.64,0.0776,35.0,0.2
7085,2.72,8.8503,36.0,0.23
7086,5.68,8.6663,11.0,0.19
7087,2.44,0.1052,36.0,0.25
7088,5.76,8.6665,11.0,0.25
7089,2.84,19.7812,36.0,0.29
7090,2.64,8.859,29.0,0.21
7091,5.6,8.1258,14.0,0.18
7092,3.68,1.646,2.0,0.2
7093,5.68,8.6664,15.0,0.21
7094,5.76,8.6664,11.0,0.18
7095,7.52,372303.6022,14.0,0.22
7096,2.52,0.0934,31.0,0.19
7097,2.44,8.8533,33.0,0.21
7098,6.24,427.9928,12.0,0.19
7099,2.56,0.0883,36.0,0.19
7100,2.48,0.0697,37.0,0.22
7101,3.64,0.0446,19.0,0.19
7102,5.48,8.1256,14.0,0.21
7103,5.8,8.1265,14.0,0.21
7104,7.72,0.0094,14.0,0.2
7105,2.68,0.0869,34.0,0.22
7106,2.88,0.0574,33.0,0.22
7107,7.48,0.0212,16.0,0.2
7108,3.04,0.0458,30.0,0.24
7109,2.72,8.8776,35.0,0.2
7110,5.8,8.1262,14.0,0.25
7111,5.68,8.1263,14.0,0.21
7112,6.76,0.368,15.0,0.26
7113,2.56,8.8402,39.0,0.2
7114,3.8,4.272,7.0,0.2
7115,8.16,0.0476,7.0,0.22
7116,7.4,0.0134,18.0,0.2
7117,8.6,0.0655,10.0,0.2
7118,5.2,359842.7127,2.0,0.2
7119,5.72,8.1258,14.0,0.24
7120,2.44,0.0885,39.0,0.23
7121,2.64,0.0997,36.0,0.2
7122,3.8,1.8065,12.0,0.77
7123,2.64,0.0909,40.0,0.19
7124,3.68,0.0402,7.0,0.19
7125,5.72,8.1262,10.0,0.19
7126,2.92,8.8414,31.0,0.21
7127,5.6,8.1257,14.0,0.2
7128,4.96,140.2296,0.0,0.2
7129,5.8,8.1263,14.0,0.21
7130,2.92,0.0457,32.0,0.26
7131,7.96,0.0234,14.0,0.27
7132,2.44,8.8319,35.0,0.2
7133,2.88,0.075,33.0,0.2
7134,3.24,0.0662,35.0,0.19
7135,7.52,32236.7279,17.0,0.18
7136,5.6,8.1252,14.0,0.19
7137,5.72,7.586,13.0,0.18
7138,5.84,7.5853,13.0,0.21
7139,6.96,0.3576,13.0,0.21
7140,2.64,0.092,33.0,0.22
7141,7.44,0.0047,16.0,0.18
7142,2.96,8.86,33.0,0.18
7143,5.8,8.1262,14.0,0.2
7144,3.76,339244.1671,9.0,0.18
7145,5.84,7.5854,13.0,0.19
7146,3.92,2.5064,9.0,0.18
7147,5.48,8.1246,14.0,0.19
7148,8.6,0.0874,4.0,0.2
7149,4.96,359834.4479,7.0,0.21
7150,5.72,359789.1439,13.0,0.2
7151,9.16,2.4881,8.0,0.21
7152,2.68,0.0661,37.0,0.22
7153,8.48,2.515,-3.0,0.21
7154,9.0,0.0863,6.0,0.21
7155,8.92,0.0742,1.0,0.23
7156,5.88,8.6664,11.0,0.19
7157,5.6,8.1266,14.0,0.21
7158,2.92,0.0943,35.0,0.22
7159,2.64,8.8766,34.0,0.21
7160,2.72,8.8517,29.0,0.2
7161,5.8,8.1264,14.0,0.2
7162,8.2,0.0912,7.0,0.22
7163,2.64,0.0657,30.0,0.18
7164,2.92,8.842,33.0,0.22
7165,7.4,32236.7278,14.0,0.18
7166,9.68,5.8421,11.0,0.23
7167,2.48,8.8728,37.0,0.21
7168,2.6,0.0873,32.0,0.19
7169,2.68,0.0756,34.0,0.19
7170,5.64,7.5859,13.0,0.21
7171,6.36,0.025,16.0,0.19
7172,9.68,0.4815,13.0,0.21
7173,9.64,0.0259,10.0,0.2
7174,2.92,0.0816,33.0,0.19
7175,5.8,8.1258,14.0,0.21
7176,5.8,8.1263,14.0,0.21
7177,3.72,407091.9545,9.0,0.21
7178,5.6,8.1255,14.0,0.19
7179,5.6,8.1258,14.0,0.21
7180,2.44,8.8597,34.0,0.2
7181,2.72,8.8791,36.0,0.18
7182,5.8,8.1262,14.0,0.21
7183,2.92,8.8334,36.0,0.21
7184,3.68,67852.9264,8.0,0.18
7185,5.92,8.1262,14.0,0.2
7186,5.92,8.1259,14.0,0.2
7187,5.44,9.7469,17.0,0.22
7188,8.6,0.0784,0.0,0.22
7189,4.2,0.8903,4.0,0.22
7190,3.88,0.8976,8.0,0.19
7191,2.6,0.092,33.0,0.22
7192,7.64,32236.8739,15.0,0.18
7193,2.72,0.0711,38.0,0.22
7194,7.96,0.0181,14.0,0.18
7195,2.84,16.0205,33.0,0.24
7196,5.88,7.586,12.0,0.31
7197,5.68,8.1258,14.0,0.3
7198,5.8,8.1269,14.0,0.32
7199,2.44,8.8438,36.0,0.2
7200,5.6,8.1262,14.0,0.19
7201,5.76,8.6666,11.0,0.22
7202,9.04,2.5054,7.0,0.33
7203,2.36,0.0877,35.0,0.34
7204,9.92,0.3581,10.0,0.23
7205,2.76,8308.5694,34.0,0.22
7206,9.84,32242.7348,7.0,0.21
7207,9.4,0.3157,3.0,0.18
7208,2.64,0.0812,34.0,0.21
7209,6.72,65947.0551,13.0,0.21
7210,6.68,0.0359,14.0,0.25
7211,3.88,0.9528,6.0,0.22
7212,2.52,8.8849,38.0,0.24
7213,2.88,112410.4633,35.0,0.27
7214,5.92,8.1267,14.0,0.24
7215,8.44,0.046,9.0,0.24
7216,5.84,8.1262,14.0,0.23
7217,2.68,8.8667,36.0,0.21
7218,5.8,8.1267,14.0,0.18
7219,2.64,8.8566,38.0,0.2
7220,9.32,0.0191,10.0,0.22
7221,2.72,0.0806,36.0,0.2
7222,2.68,0.0658,36.0,0.22
7223,5.6,8.1262,14.0,0.19
7224,5.68,8.126,14.0,0.22
7225,6.4,7.6136,9.0,0.19
7226,2.92,0.1055,35.0,0.22
7227,5.88,7.5853,13.0,0.18
7228,2.56,8.8298,28.0,0.2
7229,9.48,0.508,4.0,0.2
7230,7.24,0.0174,16.0,0.19
7231,3.88,67851.1614,2.0,0.24
7232,2.64,8.8262,35.0,0.24
7233,2.56,8.8567,31.0,0.27
7234,6.04,8.126,14.0,0.18
7235,2.52,0.0757,30.0,0.2
7236,2.92,0.0786,37.0,0.22
7237,2.52,0.0756,34.0,0.46
7238,2.72,8.8557,35.0,0.41
7239,2.64,8.8607,36.0,0.44
7240,4.04,2.651,8.0,0.25
7241,9.48,0.0243,6.0,0.23
7242,5.68,8.1259,14.0,0.28
7243,5.68,8.1255,14.0,0.26
7244,6.4,0.2358,17.0,0.2
7245,2.92,0.0468,32.0,0.19
7246,9.16,0.3856,5.0,0.2
7247,2.44,0.0494,34.0,0.2
7248,2.52,0.0814,34.0,0.22
7249,5.92,8.6854,11.0,0.21
7250,5.6,8.1255,14.0,0.23
7251,5.76,8.126,14.0,0.23
7252,5.68,8.1268,14.0,0.23
7253,2.84,0.0808,32.0,0.18
7254,5.68,8.1261,14.0,0.18
7255,2.92,0.0477,34.0,0.19
7256,5.6,8.1262,14.0,0.18
7257,2.64,0.1046,35.0,0.74
7258,2.8,0.087,34.0,0.19
7259,5.6,8.1266,14.0,0.24
7260,2.44,8.8842,37.0,0.2
7261,5.8,8.7866,11.0,0.2
7262,8.0,0.0247,12.0,0.2
7263,2.56,8.8318,35.0,0.24
7264,2.68,388.6966,35.0,0.21
7265,5.8,8.1254,14.0,0.18
7266,2.72,0.0713,32.0,0.21
7267,2.48,8.8698,33.0,0.19
7268,3.12,9.3435,34.0,0.2
7269,2.52,8.8709,34.0,0.18
7270,2.44,8.8305,33.0,0.21
7271,6.6,3.478,15.0,0.19
7272,3.64,339244.1693,6.0,0.2
7273,5.6,8.1255,14.0,0.21
7274,3.8,339244.1478,6.0,0.18
7275,6.4,3.3049,15.0,0.19
7276,5.6,8.1256,14.0,0.19
7277,5.6,8.1258,14.0,0.2
7278,5.64,8.6668,11.0,0.2
7279,2.52,0.085,35.0,0.19
7280,2.44,8.8626,39.0,0.19
7281,2.44,8.8937,35.0,0.21
7282,8.08,32236.7349,12.0,0.22
7283,3.12,0.0414,16.0,0.28
7284,3.76,339244.2788,8.0,0.24
7285,5.72,7.5856,13.0,0.26
7286,6.76,0.2209,13.0,0.2
7287,2.44,0.0643,35.0,0.31
7288,4.0,0.0332,8.0,0.24
7289,2.6,0.087,35.0,0.24
7290,3.68,3.5026,12.0,0.21
7291,6.56,0.3675,15.0,0.22
7292,5.68,8.1256,14.0,0.2
7293,2.56,0.1007,37.0,0.2
7294,5.84,8.1262,14.0,0.21
7295,6.08,3.2798,14.0,0.29
7296,2.64,0.0749,33.0,0.24
7297,5.92,8.1258,14.0,0.22
7298,5.56,8.7604,11.0,0.21
7299,3.04,8.8887,35.0,0.2
7300,3.76,1.8048,4.0,0.19
7301,6.0,8.1257,14.0,0.18
7302,6.64,0.0248,10.0,0.19
7303,2.64,0.0806,33.0,0.2
7304,6.08,7.5858,13.0,0.23
7305,6.76,0.0211,14.0,0.2
7306,2.92,28.5648,35.0,0.27
7307,3.92,1.7952,9.0,0.21
7308,7.56,32236.7283,13.0,0.2
7309,3.56,407091.9445,1.0,0.2
7310,2.8,8.8664,35.0,0.26
7311,2.92,8.8484,33.0,0.2
7312,5.76,8.6666,11.0,0.18
7313,2.52,8.8426,34.0,0.2
7314,2.44,0.0573,28.0,0.32
7315,5.6,8.1258,14.0,0.22
7316,2.6,0.0464,32.0,0.18
7317,2.92,8.8724,35.0,0.19
7318,5.76,8.126,14.0,0.19
7319,5.56,8.6662,11.0,0.21
7320,5.6,8.1259,14.0,0.19
7321,2.68,8.8376,35.0,0.18
7322,2.44,0.0897,38.0,0.18
7323,5.72,8.1262,14.0,0.21
7324,4.08,67850.5198,10.0,0.19
7325,2.64,8.8425,34.0,0.27
7326,5.68,8.126,14.0,0.19
7327,8.24,0.1004,3.0,0.18
7328,5.68,8.6656,11.0,0.2
7329,2.8,379.8944,32.0,0.24
7330,3.68,67849.6082,6.0,0.18
7331,3.88,0.8827,5.0,0.19
7332,4.32,79.8937,4.0,0.21
7333,2.72,8.8839,38.0,0.2
7334,2.56,0.5475,34.0,0.23
7335,2.56,8.8596,34.0,0.19
7336,5.84,8.1261,14.0,0.2
7337,2.64,8.8501,37.0,0.31
7338,2.6,8.8432,32.0,0.28
7339,6.8,0.3558,14.0,0.23
7340,9.68,0.03,9.0,0.21
7341,2.68,0.0709,36.0,0.19
7342,2.4,0.0723,38.0,0.19
7343,5.6,8.1258,14.0,0.18
7344,3.32,0.0328,2.0,0.18
7345,5.48,8.6673,11.0,0.19
7346,5.84,8.1262,14.0,0.2
7347,3.88,0.8899,10.0,0.19
7348,4.0,2.6672,10.0,0.25
7349,2.72,0.0504,31.0,0.19
7350,8.44,0.1018,5.0,0.22
7351,6.6,0.0263,14.0,0.2
7352,4.08,2.5129,8.0,0.22
7353,8.28,0.0774,3.0,0.19
7354,5.6,8.1264,14.0,0.19
7355,5.68,8.1258,14.0,0.2
7356,3.6,67850.4577,11.0,0.2
7357,5.68,8.1262,14.0,0.19
7358,5.8,8.1257,14.0,0.2
7359,3.68,3.4158,7.0,0.21
7360,5.6,8.1409,14.0,0.18
7361,8.48,4.1361,0.0,0.19
7362,5.56,8.6664,11.0,0.23
7363,2.76,0.0877,36.0,0.19
7364,8.6,0.0698,3.0,0.18
7365,5.8,8.126,14.0,0.2
7366,5.8,8.1265,14.0,0.18
7367,2.72,8.8678,39.0,0.18
7368,8.32,32236.7297,12.0,0.19
7369,5.72,8.1255,14.0,0.19
7370,5.92,8.1266,14.0,0.22
7371,6.52,0.0385,11.0,0.2
7372,2.68,0.0528,34.0,0.18
7373,2.48,0.0944,40.0,0.21
7374,2.64,8.84,30.0,0.2
7375,2.52,8.8906,38.0,0.2
7376,5.8,8.126,14.0,0.19
7377,2.52,38.283,32.0,0.21
7378,6.0,8.1263,14.0,0.2
7379,2.76,0.0723,33.0,0.21
7380,5.56,8.6826,7.0,0.21
7381,5.96,8.1259,14.0,0.26
7382,7.32,0.0083,16.0,0.25
7383,2.76,8.862,37.0,0.21
7384,2.92,8.848,32.0,0.2
7385,2.64,8.8559,37.0,0.22
7386,7.24,0.3668,15.0,0.2
7387,6.0,15.7523,14.0,0.19
7388,2.92,0.1001,36.0,0.21
7389,3.04,8.8567,36.0,0.2
7390,7.56,32236.7284,16.0,0.19
7391,3.12,0.0838,37.0,0.2
7392,5.6,8.1262,14.0,0.19
7393,2.44,0.0889,37.0,0.21
7394,5.6,8.1255,14.0,0.23
7395,2.76,8.8649,29.0,0.23
7396,5.72,8.1255,14.0,0.23
7397,2.56,8.8293,31.0,0.76
7398,3.88,0.0357,4.0,0.24
7399,2.64,0.065,35.0,0.2
7400,3.8,0.882,6.0,0.24
7401,5.84,7.5862,13.0,0.18
7402,2.56,0.0887,37.0,0.2
7403,2.68,8.8473,33.0,0.19
7404,9.2,0.4242,2.0,0.2
7405,7.68,32236.7345,15.0,0.23
7406,8.32,0.0945,4.0,0.27
7407,2.8,0.0538,34.0,0.2
7408,2.48,8.8827,35.0,0.24
7409,5.8,8.1268,14.0,0.31
7410,3.0,0.0886,35.0,0.22
7411,8.32,0.0806,0.0,0.27
7412,5.24,9.7468,17.0,0.21
7413,5.8,8.1265,10.0,0.31
7414,5.8,8.1259,14.0,0.25
7415,5.68,8.1266,14.0,0.29
7416,2.72,0.0766,34.0,0.25
7417,2.44,8.893,36.0,0.29
7418,2.88,8.8439,31.0,0.23
7419,2.64,8.8296,31.0,0.22
7420,2.84,0.0758,34.0,0.27
7421,5.04,148.5374,6.0,0.23
7422,2.44,8.8483,30.0,0.25
7423,2.84,8.8619,36.0,0.32
7424,2.44,0.2348,27.0,0.25
7425,5.8,8.1262,14.0,0.28
7426,5.8,8.1266,14.0,0.26
7427,7.56,0.0179,15.0,0.21
7428,2.68,8.8296,32.0,0.29
7429,2.72,0.0762,35.0,0.21
7430,2.44,0.0637,34.0,0.23
7431,5.8,8.1256,14.0,0.2
7432,2.72,8.8443,35.0,0.29
7433,3.08,8.8304,32.0,0.26
7434,5.68,8.1262,14.0,0.18
7435,3.84,339244.9243,3.0,0.21
7436,5.88,8.4632,14.0,0.19
7437,2.52,8.8772,35.0,0.25
7438,10.12,5.8472,16.0,0.19
7439,2.64,0.104,34.0,0.24
7440,2.64,0.0996,37.0,0.26
7441,2.44,8.8905,38.0,0.23
7442,2.44,8.8405,31.0,0.24
7443,4.44,125.903,-6.0,0.24
7444,5.92,8.6666,11.0,0.18
7445,4.56,69.907,3.0,0.21
7446,5.72,7.586,13.0,0.28
7447,5.8,8.1266,14.0,0.25
7448,2.44,0.094,36.0,0.26
7449,5.6,8.1258,14.0,0.28
7450,5.68,8.1256,10.0,0.27
7451,2.44,0.1184,36.0,0.27
7452,2.44,8.8617,37.0,0.28
7453,2.68,25.404,36.0,0.24
7454,3.68,407093.5732,4.0,0.24
7455,3.52,0.8954,14.0,0.24
7456,2.44,0.0744,32.0,0.24
7457,2.68,0.0686,29.0,0.2
7458,3.52,2.6594,11.0,0.3
7459,5.6,8.1262,14.0,0.25
7460,5.8,8.1262,14.0,0.22
7461,2.92,8.8412,31.0,0.28
7462,5.32,11.0316,15.0,0.21
7463,7.52,32236.7279,15.0,0.2
7464,5.6,8.1256,14.0,0.24
7465,5.68,8.1255,14.0,0.23
7466,2.44,8.839,37.0,0.22
7467,6.56,0.3665,14.0,0.2
7468,2.92,0.0656,34.0,0.19
7469,3.16,120013.7182,35.0,0.21
7470,2.44,0.0594,32.0,0.2
7471,5.8,8.1257,14.0,0.24
7472,8.28,0.0636,5.0,0.49
7473,3.04,8.8289,14.0,0.55
7474,4.0,67849.5538,6.0,0.31
7475,2.92,0.08,31.0,0.27
7476,9.52,0.0235,8.0,0.3
7477,3.8,67849.547,7.0,0.29
7478,2.48,8.8651,35.0,0.36
7479,2.92,8.8451,22.0,0.4
7480,3.84,0.895,13.0,0.41
7481,2.92,43.9992,35.0,0.35
7482,6.28,3.8049,-8.0,0.26
7483,2.52,8.8451,30.0,0.22
7484,5.96,7.5986,13.0,0.29
7485,3.72,339243.3629,8.0,0.18
7486,9.08,0.4079,-1.0,0.23
7487,6.2,428.5333,13.0,0.26
7488,6.8,169395.878,11.0,0.23
7489,2.68,8.8722,36.0,0.2
7490,5.8,8.1254,14.0,0.18
7491,5.72,356828.0322,16.0,0.22
7492,3.32,8.8068,7.0,0.23
7493,5.6,8.1254,14.0,0.22
7494,5.68,8.1262,14.0,0.19
7495,5.08,359852.7008,6.0,0.23
7496,5.6,8.1261,14.0,0.2
7497,5.08,359824.5357,4.0,0.2
7498,2.84,0.0988,33.0,0.19
7499,2.68,8.8707,34.0,0.19
7500,5.8,8.126,14.0,0.18
7501,2.72,0.0821,36.0,0.22
7502,2.48,0.1228,37.0,0.21
7503,2.72,0.0941,37.0,0.21
7504,6.0,8.1261,14.0,0.27
7505,7.52,0.0124,17.0,0.23
7506,3.68,1.8088,7.0,0.24
7507,5.76,8.6669,9.0,0.2
7508,2.68,8.8366,34.0,0.19
7509,9.48,0.8098,13.0,0.21
7510,8.12,0.0106,15.0,0.23
7511,3.8,1.8066,13.0,0.21
7512,5.72,2691.9362,14.0,0.21
7513,3.88,2.5069,5.0,0.2
7514,2.92,8.854,33.0,0.27
7515,5.56,8.6661,14.0,0.2
7516,4.72,99.8597,10.0,0.22
7517,2.88,0.0998,37.0,0.25
7518,8.36,0.0655,9.0,0.19
7519,5.6,8.1256,14.0,0.21
7520,2.68,0.0861,33.0,0.21
7521,7.96,32236.7289,14.0,0.2
7522,7.4,0.0268,17.0,0.21
7523,2.48,0.0937,36.0,0.18
7524,5.8,8.1258,14.0,0.2
7525,5.6,8.1263,14.0,0.19
7526,10.08,0.1769,13.0,0.27
7527,6.32,0.0182,15.0,0.22
7528,3.68,67848.6905,7.0,0.22
7529,8.12,0.1643,7.0,0.21
7530,4.64,151.9368,7.0,0.2
7531,2.64,0.0516,32.0,0.23
7532,5.56,8.6668,11.0,0.19
7533,5.8,8.1259,14.0,0.19
7534,5.84,8.5336,13.0,0.24
7535,5.8,8.1255,12.0,0.19
7536,2.52,8.8666,36.0,0.21
7537,3.88,339244.1587,8.0,0.2
7538,6.28,7.895,13.0,0.2
7539,6.88,0.051,3.0,0.19
7540,5.64,8.6667,11.0,0.23
7541,2.96,28.385,32.0,0.21
7542,4.64,180.3884,-5.0,0.21
7543,4.48,136.0101,-2.0,0.23
7544,2.8,8.8495,37.0,0.22
7545,7.52,32236.7238,16.0,0.19
7546,2.64,8.8142,34.0,0.21
7547,5.64,8.6661,11.0,0.21
7548,2.84,0.0699,32.0,0.22
7549,5.8,8.126,14.0,0.2
7550,4.32,0.0334,9.0,0.22
7551,2.44,8.849,35.0,0.2
7552,5.52,8.6666,11.0,0.21
7553,2.44,8.868,38.0,0.2
7554,4.68,69.9066,1.0,0.21
7555,5.8,8.1261,14.0,0.18
7556,5.84,8.1266,14.0,0.21
7557,4.2,407092.8094,3.0,0.19
7558,5.16,112.0106,5.0,0.24
7559,5.76,8.667,11.0,0.2
7560,5.68,8.1264,14.0,0.18
7561,2.92,0.0633,31.0,0.21
7562,5.6,8.1265,14.0,0.2
7563,2.4,0.048,35.0,0.18
7564,3.08,8.8773,34.0,0.19
7565,3.32,0.044,32.0,0.18
7566,2.52,0.0932,36.0,0.2
7567,2.68,1.746,33.0,0.2
7568,2.84,0.1511,35.0,0.2
7569,2.92,8.8202,33.0,0.18
7570,5.8,8.1266,14.0,0.19
7571,6.88,19.2776,10.0,0.18
7572,5.6,8.1263,14.0,0.19
7573,7.32,0.0083,15.0,0.18
7574,2.68,0.0937,35.0,0.19
7575,7.76,0.0154,16.0,0.19
7576,6.6,19.2689,15.0,0.18
7577,10.04,0.2025,5.0,0.24
7578,5.8,8.1266,14.0,0.24
7579,5.8,8.1257,14.0,0.25
7580,2.8,0.0701,33.0,0.25
7581,5.76,8.6661,15.0,0.19
7582,2.64,8.8722,36.0,0.21
7583,2.64,8.8242,32.0,0.2
7584,5.8,8.1264,14.0,0.21
7585,3.72,0.9036,15.0,0.96
7586,6.68,0.0252,15.0,0.19
7587,8.4,2.4969,8.0,0.2
7588,5.56,8.6658,9.0,0.23
7589,7.28,0.013,19.0,0.2
7590,6.76,0.0287,14.0,0.19
7591,2.96,8.8487,33.0,0.19
7592,3.92,0.0266,6.0,0.18
7593,2.72,8.8645,33.0,0.26
7594,5.12,359852.698,4.0,0.18
7595,5.88,8.1262,14.0,0.18
7596,2.68,8.8561,34.0,0.21
7597,2.68,0.0711,34.0,0.22
7598,2.56,8.8794,30.0,0.23
7599,2.92,8.8496,34.0,0.23
7600,2.64,0.077,36.0,0.18
7601,5.64,8.6666,11.0,0.18
7602,2.64,0.0473,34.0,0.18
7603,3.88,0.0392,8.0,0.21
7604,2.92,0.0469,32.0,0.3
7605,2.68,8.8472,33.0,0.19
7606,5.24,9.7467,16.0,0.26
7607,3.76,0.0381,11.0,0.2
7608,2.36,168278.8245,37.0,0.28
7609,3.68,67849.5482,14.0,0.21
7610,8.64,0.082,0.0,0.31
7611,2.72,8.8724,35.0,0.43
7612,5.96,8.6667,15.0,0.29
7613,2.52,0.0757,34.0,0.2
7614,7.96,32240.0986,15.0,0.2
7615,5.6,8.1254,14.0,0.22
7616,3.12,0.0976,32.0,0.26
7617,5.56,8.6661,10.0,0.2
7618,2.64,0.0926,34.0,0.2
7619,5.96,8.1261,13.0,0.24
7620,7.16,0.0051,16.0,0.4
7621,2.36,0.1012,37.0,0.29
7622,2.52,8.8319,34.0,0.27
7623,5.68,8.126,14.0,0.29
7624,5.8,8.1267,14.0,0.3
7625,6.84,0.0223,11.0,0.24
7626,10.08,0.0179,5.0,0.33
7627,2.96,8.8723,35.0,0.29
7628,5.8,8.1256,14.0,0.26
7629,5.8,8.1263,14.0,0.35
7630,3.56,67849.5536,14.0,0.3
7631,3.52,1.7861,3.0,0.34
7632,2.72,8.8834,32.0,0.23
7633,2.88,0.0893,36.0,0.23
7634,5.84,8.6669,9.0,0.19
7635,9.24,0.07,4.0,0.21
7636,3.68,0.0338,10.0,0.21
7637,2.8,8.8831,31.0,0.2
7638,2.68,8.9341,31.0,0.23
7639,9.8,0.0298,10.0,0.22
7640,2.88,0.0836,36.0,0.21
7641,9.92,0.1438,11.0,0.2
7642,8.56,0.0835,7.0,0.3
7643,5.76,8.6667,11.0,0.2
7644,3.6,0.0275,1.0,0.21
7645,6.68,0.3662,11.0,0.22
7646,7.52,0.0069,15.0,0.19
7647,2.64,8.8481,34.0,0.21
7648,5.84,8.1262,14.0,0.19
7649,2.64,0.0832,37.0,0.21
7650,2.92,0.0644,33.0,0.21
7651,2.96,0.0613,36.0,0.23
7652,2.44,0.0882,39.0,0.18
7653,2.92,0.0816,33.0,0.19
7654,5.92,8.6666,7.0,0.18
7655,9.0,0.0632,1.0,0.22
7656,3.8,339243.3656,3.0,0.19
7657,5.84,8.6703,11.0,0.26
7658,2.6,0.1096,37.0,0.22
7659,5.76,8.667,11.0,0.19
7660,5.8,8.1255,14.0,0.19
7661,8.16,0.0866,3.0,0.17
7662,5.28,8.1294,8.0,0.16
7663,5.68,8.1263,10.0,0.17
7664,5.96,8.1253,14.0,0.19
7665,2.64,0.0763,35.0,0.22
7666,7.92,0.014,16.0,0.25
7667,2.36,0.0929,38.0,0.24
7668,2.92,0.0927,33.0,0.18
7669,3.88,67848.6945,10.0,0.22
7670,2.52,0.072,37.0,0.23
7671,3.72,339244.1606,12.0,0.3
7672,5.8,8.1264,13.0,0.18
7673,5.88,8.1254,14.0,0.23
7674,5.84,8.6606,14.0,0.22
7675,5.96,8.1256,14.0,0.22
7676,4.84,359824.483,6.0,0.21
7677,5.56,8.6663,11.0,0.22
7678,5.84,8.6667,11.0,0.28
7679,3.28,120022.4826,32.0,0.2
7680,5.56,8.6668,15.0,0.29
7681,2.64,8.8615,37.0,0.26
7682,2.84,0.0554,37.0,0.24
7683,2.48,8.8362,33.0,0.22
7684,5.8,8.1262,14.0,0.25
7685,5.6,8.1258,14.0,0.28
7686,2.44,8.883,35.0,0.33
7687,2.72,8.8365,32.0,0.24
7688,7.6,0.0216,17.0,0.29
7689,5.68,8.1261,14.0,0.22
7690,5.24,359854.4392,9.0,0.27
7691,2.96,8.8438,33.0,0.23
7692,2.92,8.8664,34.0,0.23
7693,2.44,8.8842,37.0,0.25
7694,2.44,8.8623,38.0,0.25
7695,5.24,102.0169,1.0,0.24
7696,2.44,0.0765,38.0,0.21
7697,5.68,8.1254,14.0,0.18
7698,5.92,8.667,11.0,0.25
7699,2.44,8.8912,39.0,0.26
7700,3.88,339244.166,9.0,0.21
7701,9.96,5.8648,8.0,0.21
7702,5.68,8.1257,14.0,0.2
7703,5.8,8.1254,14.0,0.2
7704,5.72,8.1258,14.0,0.18
7705,5.72,356828.0324,14.0,0.21
7706,3.68,407092.809,8.0,0.19
7707,3.88,67850.4359,0.0,0.19
7708,2.56,0.0776,36.0,0.27
7709,3.76,339245.7754,8.0,0.25
7710,5.56,8.6665,7.0,0.23
7711,2.68,0.0812,34.0,0.21
7712,2.64,8.8362,33.0,0.84
7713,5.8,8.1265,14.0,0.3
7714,5.6,8.1257,14.0,0.23
7715,2.8,8.8503,36.0,0.22
7716,2.48,0.0954,38.0,0.22
7717,7.92,32236.7278,16.0,0.19
7718,5.76,8.1262,14.0,0.28
7719,5.76,8.6665,11.0,0.24
7720,5.6,8.1258,14.0,0.23
7721,6.68,0.3635,14.0,0.28
7722,5.64,8.6663,11.0,0.31
7723,6.0,7.6134,9.0,0.34
7724,5.8,8.1261,14.0,0.25
7725,2.84,8.8554,31.0,0.29
7726,5.8,8.1266,14.0,0.24
7727,3.64,67851.3065,6.0,0.28
7728,5.64,8.6665,13.0,0.24
7729,3.76,0.0287,2.0,0.26
7730,2.64,8.873,37.0,0.18
7731,5.6,8.1262,14.0,0.2
7732,4.8,69.9008,3.0,0.25
7733,5.6,8.126,14.0,0.24
7734,2.92,33879.2282,32.0,0.19
7735,5.6,8.1265,14.0,0.22
7736,5.84,8.1263,14.0,0.18
7737,2.88,0.0592,34.0,0.22
7738,2.44,0.1532,38.0,0.18
7739,2.56,8.8302,33.0,0.26
7740,9.48,0.3461,12.0,0.46
7741,2.92,0.087,34.0,0.34
7742,2.68,8.8722,35.0,0.27
7743,2.92,8.8838,35.0,0.26
7744,9.08,0.0783,-4.0,0.23
7745,5.8,8.1256,14.0,0.22
7746,3.04,191.1378,34.0,0.19
7747,2.44,0.0713,36.0,0.25
7748,2.64,0.1165,36.0,0.22
7749,5.6,8.1259,14.0,0.2
7750,5.56,8.6664,13.0,0.18
7751,2.76,0.061,37.0,0.19
7752,5.96,8.1263,14.0,0.18
7753,6.0,8.1266,14.0,0.2
7754,5.56,8.6668,11.0,0.22
7755,8.6,0.0501,3.0,0.21
7756,2.84,8.8668,37.0,0.21
7757,4.12,339245.7728,0.0,0.21
7758,2.52,0.0713,36.0,0.2
7759,2.92,8.8552,35.0,0.21
7760,3.72,339244.9178,8.0,0.2
7761,2.64,0.0643,34.0,0.21
7762,2.6,0.0667,38.0,0.21
7763,2.56,0.0528,33.0,0.23
7764,2.64,0.0656,36.0,0.19
7765,2.92,8.8366,33.0,0.18
7766,5.8,8.1259,14.0,0.19
7767,3.68,2.7838,4.0,0.21
7768,2.64,8.8567,38.0,0.19
7769,2.72,8.8718,34.0,0.18
7770,2.64,0.072,37.0,0.18
7771,5.84,8.6667,11.0,0.2
7772,5.6,8.126,10.0,0.2
7773,5.6,8.126,14.0,0.2
7774,6.72,359697.0015,17.0,0.19
7775,3.64,747159.6744,7.0,0.22
7776,5.8,8.1263,14.0,0.18
7777,4.28,99.8556,6.0,0.19
7778,2.52,0.0669,34.0,0.18
7779,5.84,8.1264,14.0,0.19
7780,5.84,8.1266,14.0,0.19
7781,4.36,69.9105,1.0,0.26
7782,3.04,0.0696,33.0,0.25
7783,4.08,67925.5388,2.0,0.18
7784,5.68,8.1258,14.0,0.19
7785,3.96,67848.753,5.0,0.18
7786,2.72,8.8529,33.0,0.2
7787,2.52,8.8816,34.0,0.18
7788,5.32,8.666,15.0,0.18
7789,5.8,7.5892,12.0,0.23
7790,5.68,8.1269,14.0,0.19
7791,2.52,0.0644,34.0,0.2
7792,2.72,0.0876,34.0,0.18
7793,6.88,359844.3288,15.0,0.19
7794,5.56,8.1259,14.0,0.2
7795,5.68,8.126,14.0,0.22
7796,3.32,0.0421,10.0,0.24
7797,2.92,0.0759,35.0,0.2
7798,2.92,8.832,34.0,0.2
7799,3.76,0.8928,7.0,0.24
7800,5.76,8.6671,13.0,0.23
7801,2.64,8.8836,36.0,0.29
7802,2.8,8.8492,33.0,0.23
7803,8.4,2.5161,3.0,0.23
7804,2.52,8.8446,37.0,0.21
7805,5.6,8.1266,14.0,0.27
7806,5.6,27.824,14.0,0.24
7807,9.52,359708.1776,14.0,0.22
7808,2.56,0.0549,37.0,0.19
7809,6.32,0.0376,18.0,0.2
7810,3.6,67850.4583,10.0,0.2
7811,3.44,0.0374,12.0,0.19
7812,2.92,8.8522,30.0,0.18
7813,2.44,8.8547,35.0,0.18
7814,5.68,8.1262,14.0,0.21
7815,5.24,9.7471,13.0,0.23
7816,7.92,0.0153,13.0,0.22
7817,2.6,8.8541,34.0,0.23
7818,5.8,8.1263,14.0,0.22
7819,7.44,32236.7394,14.0,0.18
7820,3.44,0.0314,3.0,0.19
7821,3.04,8.8544,34.0,0.19
7822,2.64,8.8646,33.0,0.2
7823,5.6,8.1257,17.0,0.4
7824,7.44,0.0038,18.0,0.32
7825,2.8,0.082,36.0,0.28
7826,2.76,0.0812,34.0,0.19
7827,7.56,0.0103,16.0,0.24
7828,8.44,0.0799,1.0,0.18
7829,2.44,8.8476,33.0,0.18
7830,5.72,8.1263,14.0,0.26
7831,3.04,8.8656,34.0,0.17
7832,5.96,8.1258,14.0,0.16
7833,5.72,8.1259,14.0,0.22
7834,7.96,0.021,4.0,0.21
7835,7.0,0.3824,12.0,0.23
7836,3.96,339245.7753,13.0,0.2
7837,5.72,8.1256,14.0,0.18
7838,5.88,8.1265,14.0,0.21
7839,2.52,0.0888,37.0,0.21
7840,3.92,2.6562,9.0,0.23
7841,5.8,8.1254,14.0,0.19
7842,2.68,8.8638,33.0,0.18
7843,6.56,0.3636,14.0,0.25
7844,5.72,8.1254,14.0,0.26
7845,5.56,8.666,11.0,0.22
7846,3.12,8.8751,37.0,0.22
7847,2.56,0.0774,34.0,0.28
7848,5.6,8.126,14.0,0.23
7849,5.64,8.6663,11.0,0.17
7850,8.08,32236.7338,13.0,0.19
7851,2.8,8.8479,31.0,0.24
7852,2.72,8.8902,35.0,0.21
7853,3.76,407091.9618,9.0,0.17
7854,7.2,0.0116,17.0,0.17
7855,2.4,8.8668,32.0,0.2
7856,2.84,8.8724,35.0,0.21
7857,2.76,0.0754,38.0,0.24
7858,5.64,8.6664,10.0,0.18
7859,4.4,0.0694,11.0,0.17
7860,2.84,0.0694,29.0,0.17
7861,5.76,8.6662,7.0,0.38
7862,2.52,8.8665,38.0,0.25
7863,2.88,0.0415,32.0,0.25
7864,2.64,8.851,38.0,0.18
7865,5.56,8.6661,11.0,0.23
7866,5.92,8.1252,13.0,0.25
7867,5.68,129.1272,11.0,0.2
7868,8.24,0.0613,5.0,0.23
7869,2.52,0.072,37.0,0.22
7870,2.44,0.1054,36.0,0.24
7871,9.04,2.5039,6.0,0.24
7872,5.6,8.1265,14.0,0.24
7873,3.12,0.0864,34.0,0.25
7874,2.64,8.8724,36.0,0.27
7875,6.56,0.0264,12.0,0.17
7876,6.84,0.5712,14.0,0.21
7877,6.6,0.3615,14.0,0.17
7878,3.32,120022.4496,28.0,0.18
7879,5.6,8.1255,14.0,0.18
7880,2.72,0.0606,36.0,0.27
7881,5.04,92.0331,-2.0,0.2
7882,8.32,0.0626,6.0,0.29
7883,6.76,56465.6516,14.0,0.17
7884,2.96,0.0645,34.0,0.18
7885,2.72,0.0521,31.0,0.18
7886,2.72,0.0902,34.0,0.21
7887,6.56,0.0287,14.0,0.2
7888,2.48,0.0671,31.0,0.19
7889,5.68,8.1262,14.0,0.19
7890,5.6,9.2063,16.0,0.19
7891,5.84,8.1266,14.0,0.17
7892,2.6,8.8611,36.0,0.19
7893,8.56,0.0571,1.0,0.21
7894,5.6,8.1414,14.0,0.24
7895,7.44,0.0125,16.0,0.24
7896,6.8,0.3668,13.0,0.2
7897,2.44,0.0586,34.0,0.21
7898,2.64,8.8515,39.0,0.25
7899,7.28,0.0141,17.0,0.18
7900,3.24,8.8297,13.0,0.22
7901,5.08,359804.4927,6.0,0.22
7902,7.48,32236.723,17.0,0.18
7903,3.72,1.8633,12.0,0.2
7904,5.8,7.5862,13.0,0.19
7905,5.84,7.5854,13.0,0.19
7906,3.92,2.6473,4.0,0.22
7907,2.72,0.0528,33.0,0.21
7908,6.0,7.5863,13.0,0.2
7909,2.76,0.0947,38.0,0.2
7910,9.68,0.0228,11.0,0.21
7911,5.68,8.6666,11.0,0.2
7912,10.16,0.3485,9.0,0.21
7913,9.84,5.7065,9.0,0.31
7914,5.6,8.3361,14.0,0.27
7915,5.8,8.1258,14.0,0.28
7916,2.44,8.8566,38.0,0.27
7917,5.6,8.1256,14.0,0.2
7918,7.48,32236.735,8.0,0.18
7919,5.8,8.1255,14.0,0.2
7920,2.92,0.1133,38.0,0.2
7921,2.44,0.0764,35.0,0.21
7922,6.76,0.0259,14.0,0.21
7923,4.32,99.863,4.0,0.2
7924,2.44,8.849,36.0,0.23
7925,3.56,0.0456,14.0,0.2
7926,2.88,0.0766,35.0,0.24
7927,6.24,428.5325,9.0,0.27
7928,2.68,0.0604,31.0,0.28
7929,8.32,0.0647,6.0,0.34
7930,5.64,8.6664,7.0,0.27
7931,2.56,8.8553,36.0,0.27
7932,5.64,8.6668,11.0,0.27
7933,5.76,8.6665,11.0,0.22
7934,7.28,32236.7288,17.0,0.28
7935,3.68,0.8916,-2.0,0.23
7936,5.8,8.1259,14.0,0.28
7937,2.6,0.0593,35.0,0.26
7938,2.64,0.0594,35.0,0.29
7939,5.44,9.7466,17.0,0.23
7940,3.12,8.8848,37.0,0.19
7941,2.6,0.0479,35.0,0.16
7942,5.6,8.126,14.0,0.18
7943,2.8,8.8605,34.0,0.21
7944,5.56,8.6662,11.0,0.22
7945,3.76,0.8922,8.0,0.2
7946,5.04,92.0389,-4.0,0.16
7947,5.64,8.6663,15.0,0.17
7948,2.72,0.1671,37.0,0.2
7949,2.52,0.0777,37.0,0.23
7950,8.04,32236.7412,17.0,0.26
7951,5.92,8.6663,11.0,0.25
7952,7.48,32236.7326,16.0,0.23
7953,2.56,8.8553,36.0,0.21
7954,2.56,0.0551,37.0,0.23
7955,3.52,0.0317,2.0,0.23
7956,3.68,8.0528,8.0,0.27
7957,2.64,8.8672,37.0,0.28
7958,2.72,8.8527,31.0,0.23
7959,2.44,8.8816,33.0,0.24
7960,2.52,8.8786,39.0,0.23
7961,6.56,0.0299,15.0,0.26
7962,2.64,0.1123,38.0,0.28
7963,5.8,8.1266,14.0,0.22
7964,2.92,8.8383,35.0,0.23
7965,5.96,12.3626,11.0,0.23
7966,5.76,8.6662,15.0,0.27
7967,5.56,8.6667,11.0,0.26
7968,7.72,32236.7292,15.0,0.25
7969,2.92,8.8361,32.0,0.26
7970,2.52,0.0952,38.0,0.22
7971,2.44,0.0882,39.0,0.28
7972,2.64,0.0645,34.0,0.24
7973,2.72,0.086,31.0,0.24
7974,5.76,8.6667,11.0,0.22
7975,3.92,67851.156,5.0,0.19
7976,3.68,26.3821,31.0,0.79
7977,5.44,9.7466,17.0,0.26
7978,5.8,8.126,14.0,0.27
7979,5.64,8.6668,15.0,0.23
7980,2.68,0.0714,36.0,0.25
7981,2.96,0.0479,33.0,0.29
7982,5.64,8.6661,11.0,0.38
7983,5.6,8.1889,14.0,0.26
7984,6.12,4.8916,15.0,0.21
7985,9.08,0.027,16.0,0.22
7986,6.56,0.5404,11.0,0.25
7987,5.68,8.667,5.0,0.23
7988,5.8,8.1264,14.0,0.25
7989,4.08,0.041,7.0,0.32
7990,5.8,8.1262,14.0,0.26
7991,2.72,0.0548,35.0,0.24
7992,8.52,0.08,1.0,0.24
7993,5.6,8.126,14.0,0.27
7994,6.2,7.5864,13.0,0.25
7995,2.76,8.8829,36.0,0.26
7996,5.08,359864.4004,10.0,0.23
7997,5.6,8.126,14.0,0.24
7998,5.6,8.126,14.0,0.19
7999,2.72,0.0722,36.0,0.2
8000,6.6,0.0284,13.0,0.18
8001,5.44,9.7467,17.0,0.24
8002,2.64,0.0543,36.0,0.23
8003,8.32,32236.7256,14.0,0.25
8004,2.44,0.0813,34.0,0.24
8005,2.92,0.0977,32.0,0.26
8006,5.76,8.1263,14.0,0.3
8007,2.44,0.0821,35.0,0.27
8008,2.56,0.0832,37.0,0.28
8009,2.64,8.8596,34.0,0.24
8010,3.72,0.029,5.0,0.23
8011,2.92,8.8903,36.0,0.38
8012,2.44,8.8595,34.0,0.29
8013,2.52,0.0834,37.0,0.29
8014,5.76,8.6666,13.0,0.32
8015,2.92,8.8829,34.0,0.58
8016,2.64,8.8716,35.0,0.32
8017,2.64,8.8652,34.0,0.21
8018,2.8,8.8723,35.0,0.27
8019,5.8,8.1257,14.0,0.24
8020,7.16,0.0076,16.0,0.18
8021,2.44,8.9625,35.0,0.22
8022,5.76,8.6666,15.0,0.25
8023,5.68,8.1255,14.0,0.3
8024,2.44,0.1712,35.0,0.33
8025,7.72,0.0093,17.0,0.37
8026,6.72,0.3724,11.0,0.22
8027,2.64,0.0753,37.0,0.24
8028,2.44,8.8269,36.0,0.21
8029,5.6,8.1254,14.0,0.22
8030,5.8,8.1258,14.0,0.26
8031,5.6,8.1264,14.0,0.22
8032,9.88,0.3416,-3.0,0.24
8033,6.52,0.0382,16.0,0.2
8034,7.72,0.0108,14.0,0.21
8035,3.4,120031.2688,33.0,0.23
8036,2.76,0.0646,35.0,0.22
8037,5.76,8.6664,11.0,0.26
8038,2.44,0.0807,33.0,0.22
8039,2.52,8.8526,32.0,0.26
8040,2.72,0.0878,34.0,0.22
8041,6.0,8.6664,7.0,0.2
8042,5.68,8.126,14.0,0.23
8043,5.92,8.6667,11.0,0.24
8044,2.76,388.6434,36.0,0.23
8045,2.76,0.0512,30.0,0.4
8046,5.8,8.1264,14.0,0.3
8047,3.56,8.8137,16.0,0.28
8048,2.48,0.0693,34.0,0.29
8049,2.44,8.839,38.0,0.25
8050,2.44,0.0593,35.0,0.23
8051,2.72,8.862,36.0,0.21
8052,2.8,8.8841,35.0,0.23
8053,2.64,8.8376,35.0,0.21
8054,5.84,8.6661,11.0,0.26
8055,2.72,0.2334,33.0,0.22
8056,8.72,0.4496,0.0,0.25
8057,8.28,0.0665,14.0,0.25
8058,5.68,8.1265,14.0,0.22
8059,2.92,0.0664,36.0,0.22
8060,2.84,0.0939,34.0,0.26
8061,5.8,335734.154,13.0,0.3
8062,7.48,32236.7315,14.0,0.29
8063,6.6,0.026,17.0,0.29
8064,2.48,8.8651,34.0,0.29
8065,4.16,29.9849,3.0,0.24
8066,2.76,8.8551,35.0,0.27
8067,6.76,0.6167,14.0,0.26
8068,7.52,32236.7275,15.0,0.27
8069,2.44,0.0529,34.0,0.26
8070,5.6,8.1261,14.0,0.29
8071,3.88,0.8919,12.0,0.25
8072,2.76,16.649,36.0,0.28
8073,3.76,0.0255,4.0,0.3
8074,6.2,0.0277,15.0,0.23
8075,3.8,0.8805,7.0,0.24
8076,10.24,0.3427,-1.0,0.24
8077,2.84,8.8846,36.0,0.28
8078,2.72,0.1034,34.0,0.27
8079,2.6,8.87,34.0,0.26
8080,2.88,8.8732,37.0,0.23
8081,2.68,0.0858,33.0,0.25
8082,2.88,0.082,36.0,0.27
8083,3.52,0.1014,15.0,0.21
8084,5.64,7.585,13.0,0.29
8085,5.72,7.5854,13.0,0.26
8086,2.52,0.0987,35.0,0.32
8087,2.96,8.8368,34.0,0.25
8088,2.64,8.851,31.0,0.23
8089,7.96,0.0091,13.0,0.24
8090,8.2,0.0137,14.0,0.22
8091,2.52,0.0853,32.0,0.23
8092,2.92,8.8247,31.0,0.24
8093,2.48,0.0768,38.0,0.27
8094,6.12,427.992,12.0,0.24
8095,4.0,339244.1621,10.0,0.22
8096,5.72,7.5851,13.0,0.19
8097,2.48,8.8361,33.0,0.19
8098,2.96,8.8665,36.0,0.19
8099,5.68,8.1262,14.0,0.19
8100,2.92,0.0658,35.0,0.21
8101,5.8,8.1264,14.0,0.2
8102,5.6,8.1264,10.0,0.19
8103,5.6,8.1255,14.0,0.2
8104,8.32,0.0818,8.0,0.19
8105,2.48,8.8246,33.0,0.19
8106,5.28,131.987,7.0,0.19
8107,6.56,0.3601,18.0,0.19
8108,4.48,79.8945,3.0,0.21
8109,7.4,34940.2006,17.0,0.22
8110,5.8,8.1253,14.0,0.2
8111,6.52,0.0687,16.0,0.25
8112,2.76,8.8446,21.0,0.2
8113,5.68,8.1257,13.0,0.2
8114,5.6,8.1257,14.0,0.19
8115,5.92,8.1258,14.0,0.2
8116,2.64,8.8608,36.0,0.19
8117,3.52,0.0581,8.0,0.19
8118,3.52,1.8064,9.0,0.21
8119,2.64,0.0838,38.0,0.19
8120,6.6,424.2156,14.0,0.21
8121,5.56,8.6664,11.0,0.21
8122,3.68,67850.4565,10.0,0.22
8123,5.84,8.1258,14.0,0.19
8124,5.76,8.1257,14.0,0.21
8125,7.64,0.0132,17.0,0.19
8126,6.2,0.0323,13.0,0.21
8127,2.72,0.1765,34.0,0.2
8128,2.44,0.0811,37.0,0.2
8129,3.68,0.033,9.0,0.19
8130,2.96,8.8584,34.0,0.24
8131,5.6,8.1264,17.0,0.21
8132,2.6,0.0642,34.0,0.19
8133,2.64,0.0718,36.0,0.19
8134,5.76,8.6667,15.0,0.2
8135,2.64,0.0886,32.0,0.19
8136,9.08,0.0605,6.0,0.2
8137,5.6,8.1258,14.0,0.22
8138,2.84,0.0708,36.0,0.19
8139,2.68,8.8713,35.0,0.21
8140,9.8,0.1616,6.0,0.19
8141,2.4,2.4176,32.0,0.19
8142,5.8,8.1261,14.0,0.19
8143,5.84,8.1258,14.0,0.22
8144,2.44,8.8841,40.0,0.21
8145,2.64,8.8665,36.0,0.2
8146,4.56,359792.3501,4.0,0.2
8147,2.76,0.1096,35.0,0.19
8148,3.0,0.0751,30.0,0.23
8149,7.36,32236.7286,14.0,0.19
8150,5.68,8.1268,12.0,0.22
8151,6.0,8.1264,14.0,0.21
8152,2.72,8.8658,35.0,0.2
8153,3.68,2.7135,6.0,0.22
8154,5.68,8.1262,17.0,0.24
8155,5.8,8.1262,14.0,0.19
8156,2.68,8.8605,36.0,0.21
8157,9.28,0.0216,14.0,0.22
8158,2.84,8.8534,32.0,0.2
8159,8.6,622.7618,-1.0,0.21
8160,2.64,8.8382,36.0,0.22
8161,6.72,0.0258,15.0,0.19
8162,2.72,0.0534,33.0,0.2
8163,6.04,8.1264,14.0,0.2
8164,8.32,0.0668,4.0,0.26
8165,3.76,0.9589,10.0,0.25
8166,2.52,8.8383,36.0,0.26
8167,2.56,0.1816,34.0,0.22
8168,6.72,0.3671,14.0,0.24
8169,5.8,8.1262,14.0,0.27
8170,7.88,32236.7283,15.0,0.24
8171,2.44,8.8723,39.0,0.26
8172,5.84,8.6668,11.0,0.2
8173,3.68,67849.5462,7.0,0.23
8174,5.68,8.1255,16.0,0.21
8175,5.6,8.1258,14.0,0.21
8176,2.44,8.8382,36.0,0.2
8177,2.64,8.8459,39.0,0.36
8178,5.8,8.1262,14.0,0.38
8179,5.6,8.1257,14.0,0.23
8180,5.6,8.1264,14.0,0.19
8181,3.88,67849.6078,10.0,0.22
8182,2.64,8.8368,34.0,0.24
8183,2.64,0.0883,36.0,0.23
8184,5.56,8.667,7.0,0.25
8185,5.8,8.1262,14.0,0.22
8186,4.44,2.6523,9.0,0.28
8187,3.88,0.8854,3.0,0.21
8188,2.64,8.8868,32.0,0.21
8189,4.84,121.9842,3.0,0.19
8190,5.88,8.126,14.0,0.22
8191,2.84,8.8266,34.0,0.24
8192,5.6,8.1264,14.0,0.23
8193,8.4,0.0712,-1.0,0.22
8194,2.8,8.8254,32.0,0.19
8195,2.72,0.0706,34.0,0.23
8196,4.0,2.6622,5.0,0.19
8197,5.56,8.667,11.0,0.19
8198,2.92,114737.5881,34.0,0.19
8199,6.8,0.0285,14.0,0.22
8200,2.52,8.8779,36.0,0.2
8201,5.72,8.1254,14.0,0.19
8202,5.92,8.1263,14.0,0.2
8203,2.64,8.8253,34.0,0.23
8204,2.92,0.0878,33.0,0.19
8205,5.56,8.6664,11.0,0.21
8206,2.64,0.0941,37.0,0.19
8207,3.6,1.7961,6.0,0.21
8208,2.52,8.8833,36.0,0.2
8209,2.64,0.0939,36.0,0.25
8210,9.72,0.1549,-3.0,0.33
8211,2.72,8.8886,34.0,0.2
8212,7.36,0.0028,18.0,0.21
8213,9.6,0.1546,9.0,0.23
8214,2.56,8.8431,32.0,0.21
8215,6.8,0.5646,12.0,0.28
8216,2.44,0.067,38.0,0.31
8217,4.64,359834.4478,9.0,0.21
8218,2.8,8.8557,37.0,0.21
8219,5.68,8.1261,14.0,0.24
8220,2.44,8.8273,37.0,0.3
8221,5.6,8.1264,17.0,0.25
8222,2.52,8.8779,36.0,0.2
8223,5.6,8.1265,14.0,0.27
8224,3.92,0.887,2.0,0.21
8225,2.44,0.0644,34.0,0.21
8226,2.8,8.8622,37.0,0.77
8227,5.76,8.6667,3.0,0.21
8228,5.72,9.2071,-2.0,0.19
8229,2.52,8.8539,34.0,0.21
8230,2.64,0.0537,35.0,0.21
8231,7.68,0.3827,12.0,0.19
8232,2.44,0.0828,36.0,0.19
8233,5.56,8.7562,-1.0,0.24
8234,2.52,8.8594,29.0,0.2
8235,2.48,8.8738,34.0,0.19
8236,2.64,8.842,33.0,0.19
8237,2.92,0.0664,36.0,0.2
8238,5.56,8.6665,7.0,0.22
8239,4.12,23788.8639,0.0,0.23
8240,8.32,0.0806,-2.0,0.2
8241,10.04,5.537,11.0,0.2
8242,2.64,8.8812,33.0,0.21
8243,5.12,130.2446,0.0,0.2
8244,5.6,8.238,16.0,0.2
8245,2.56,0.0409,33.0,0.22
8246,4.4,119.8241,5.0,0.22
8247,2.36,8.8544,35.0,0.2
8248,2.84,0.069,26.0,0.41
8249,5.56,8.6668,9.0,0.24
8250,7.24,0.0078,17.0,0.26
8251,5.64,8.1259,14.0,0.2
8252,5.64,8.667,11.0,0.24
8253,2.72,0.0841,33.0,0.25
8254,8.48,0.3932,4.0,0.19
8255,2.8,0.1011,37.0,0.2
8256,7.04,0.2065,16.0,0.2
8257,2.44,0.0637,33.0,0.2
8258,8.84,0.3961,9.0,0.21
8259,5.76,8.6666,11.0,0.22
8260,2.44,8.8286,31.0,0.21
8261,2.72,8.8762,31.0,0.28
8262,5.68,8.1259,14.0,0.23
8263,5.8,8.1259,14.0,0.21
8264,3.64,407092.8702,3.0,0.26
8265,5.84,8.126,14.0,0.22
8266,9.0,0.1027,4.0,0.26
8267,2.52,0.0707,36.0,0.24
8268,7.96,32236.7352,15.0,0.25
8269,2.64,0.1003,37.0,0.24
8270,2.48,0.0982,37.0,0.25
8271,8.52,2.5452,6.0,0.24
8272,5.8,8.1263,14.0,0.34
8273,2.72,8.8432,35.0,0.24
8274,2.56,8.854,34.0,0.23
8275,9.84,0.3387,-2.0,0.23
8276,2.64,0.094,36.0,0.52
8277,2.64,0.0898,38.0,0.24
8278,2.44,0.0947,37.0,0.31
8279,2.44,0.1672,38.0,0.26
8280,2.44,8.8772,35.0,0.46
8281,2.44,0.0593,35.0,0.37
8282,2.64,0.0536,35.0,0.34
8283,3.88,339243.3066,4.0,0.23
8284,2.52,8.8396,38.0,0.28
8285,2.72,0.102,38.0,0.22
8286,8.56,0.0495,9.0,0.24
8287,2.64,8.9013,37.0,0.26
8288,6.0,7.586,13.0,0.28
8289,4.76,112.0079,2.0,0.26
8290,2.44,0.0825,36.0,0.23
8291,3.84,2.5091,-2.0,0.24
8292,5.8,8.1256,14.0,0.25
8293,2.92,0.0877,34.0,0.25
8294,2.64,8.8826,35.0,0.26
8295,5.56,8.666,11.0,0.23
8296,5.6,8.1258,14.0,0.27
8297,2.56,8.8596,34.0,0.27
8298,2.48,0.0725,37.0,0.21
8299,3.72,0.0416,4.0,0.21
8300,5.76,337239.3535,14.0,0.2
8301,2.64,0.0788,38.0,0.2
8302,5.6,8.1265,17.0,0.19
8303,5.6,8.1258,16.0,0.21
8304,2.72,8.8612,35.0,0.22
8305,2.8,8.8436,34.0,0.24
8306,2.92,8.8548,34.0,0.24
8307,2.8,8.8423,34.0,0.29
8308,5.36,122.0047,4.0,0.23
8309,5.56,8.6661,11.0,0.25
8310,5.44,8.6663,15.0,0.23
8311,2.64,8.8548,35.0,0.26
8312,2.56,0.1063,37.0,0.23
8313,3.68,67849.6106,8.0,0.2
8314,2.8,8.8488,35.0,0.22
8315,2.64,8.8656,35.0,0.21
8316,2.44,0.0558,30.0,0.19
8317,2.64,0.0938,35.0,0.23
8318,2.64,8.8513,36.0,0.19
8319,6.56,0.3795,14.0,0.22
8320,9.28,0.0355,10.0,0.25
8321,5.6,8.1266,14.0,0.19
8322,5.84,8.1257,14.0,0.22
8323,2.56,0.0658,37.0,0.2
8324,2.64,8.8672,37.0,0.23
8325,2.92,8.8255,31.0,0.2
8326,5.4,8.3272,4.0,0.2
8327,2.44,8.8538,30.0,0.19
8328,2.56,0.0956,34.0,0.21
8329,2.44,8.8538,30.0,0.23
8330,5.68,8.1265,13.0,0.19
8331,8.84,0.409,2.0,0.2
8332,2.44,8.8488,38.0,0.22
8333,3.76,0.0377,8.0,0.19
8334,9.96,0.184,2.0,0.22
8335,6.2,7.6139,13.0,0.21
8336,5.6,8.1257,17.0,0.21
8337,5.04,102.0205,1.0,0.21
8338,6.56,0.0238,15.0,0.21
8339,7.52,0.0174,15.0,0.2
8340,7.56,32236.728,14.0,0.19
8341,2.84,0.0743,32.0,0.22
8342,6.8,0.3539,14.0,0.22
8343,2.8,8.8772,33.0,0.21
8344,8.08,0.0106,13.0,0.2
8345,2.72,11.917,33.0,0.21
8346,2.8,0.048,35.0,0.2
8347,5.56,8.6664,11.0,0.21
8348,2.64,0.0526,33.0,0.24
8349,8.6,2.4799,8.0,0.23
8350,5.12,82.3406,-4.0,0.29
8351,9.72,0.0172,10.0,0.24
8352,9.12,2.5003,6.0,0.79
8353,2.64,8.847,32.0,0.23
8354,2.56,0.083,36.0,0.25
8355,2.52,0.0896,38.0,0.24
8356,2.64,0.0889,37.0,0.25
8357,2.8,0.049,35.0,0.26
8358,7.52,0.0127,17.0,0.25
8359,5.6,8.1954,14.0,0.24
8360,5.8,8.1258,14.0,0.22
8361,2.44,8.8546,35.0,0.21
8362,5.64,8.126,14.0,0.27
8363,8.08,32236.7279,14.0,0.33
8364,2.44,8.8728,37.0,0.28
8365,2.72,8.8282,36.0,0.21
8366,4.0,0.0347,9.0,0.26
8367,3.84,67850.3088,6.0,0.25
8368,2.64,0.0954,38.0,0.19
8369,5.8,8.1257,14.0,0.26
8370,3.88,0.034,9.0,0.21
8371,2.48,0.0931,38.0,0.23
8372,8.44,0.0617,4.0,0.29
8373,2.76,8.8778,35.0,0.24
8374,2.72,0.0732,31.0,0.25
8375,2.56,8.8711,35.0,0.25
8376,5.8,8.1261,14.0,0.26
8377,2.68,0.0536,36.0,0.24
8378,5.8,7.5858,13.0,0.26
8379,5.8,8.126,14.0,0.21
8380,3.68,0.0363,6.0,0.22
8381,5.6,8.1264,14.0,0.23
8382,5.76,8.6671,11.0,0.19
8383,5.72,8.1262,14.0,0.19
8384,4.44,359772.3766,3.0,0.19
8385,5.6,8.1633,16.0,0.21
8386,2.44,8.8709,34.0,0.19
8387,5.6,8.1264,14.0,0.23
8388,3.52,0.032,6.0,0.23
8389,5.56,8.6665,11.0,0.19
8390,2.92,8.8426,33.0,0.22
8391,2.56,8.8596,34.0,0.19
8392,5.28,160.2025,3.0,0.2
8393,2.44,8.8243,32.0,0.21
8394,4.36,359782.3686,6.0,0.23
8395,2.68,0.0542,33.0,0.25
8396,6.2,0.0434,16.0,0.27
8397,5.56,8.8247,11.0,0.24
8398,2.72,0.0575,33.0,0.21
8399,2.72,8.8554,35.0,0.19
8400,5.76,8.6666,11.0,0.22
8401,9.8,5.55,9.0,0.22
8402,2.36,0.1288,37.0,0.24
8403,2.88,8.8462,37.0,0.23
8404,3.96,339244.2148,1.0,0.2
8405,2.44,8.8696,37.0,0.22
8406,5.72,7.5855,13.0,0.21
8407,2.88,0.0886,34.0,0.28
8408,5.8,8.1258,14.0,0.26
8409,5.68,8.1254,14.0,0.22
8410,2.48,0.0585,34.0,0.42
8411,3.88,0.0286,2.0,0.31
8412,5.8,8.1255,14.0,0.31
8413,5.8,8.126,14.0,0.23
8414,2.44,8.855,36.0,0.24
8415,6.96,0.0281,14.0,0.24
8416,5.76,8.6661,13.0,0.34
8417,5.24,112.0279,3.0,0.36
8418,2.68,0.0654,30.0,0.35
8419,2.68,0.0764,27.0,0.3
8420,8.96,0.0844,6.0,0.25
8421,4.16,0.8934,2.0,0.38
8422,3.88,339243.3242,13.0,0.3
8423,8.36,0.082,4.0,0.29
8424,5.76,8.6663,11.0,0.23
8425,5.6,8.126,14.0,0.24
8426,2.44,0.086,33.0,0.21
8427,3.68,1.7933,3.0,0.21
8428,7.16,0.0374,13.0,0.22
8429,5.96,8.1267,14.0,0.23
8430,3.88,339244.1558,6.0,0.21
8431,5.0,102.0202,1.0,0.23
8432,3.04,8.8664,29.0,0.35
8433,2.56,0.0703,34.0,0.34
8434,7.36,0.0052,17.0,0.28
8435,5.76,8.1256,14.0,0.3
8436,6.84,0.3581,15.0,0.31
8437,2.56,8.8659,35.0,0.29
8438,5.72,8.126,14.0,0.31
8439,2.88,0.0497,33.0,0.33
8440,4.48,79.8855,4.0,0.33
8441,9.96,0.6269,8.0,0.3
8442,5.52,8.126,14.0,0.28
8443,2.56,0.0883,36.0,0.26
8444,9.04,0.3868,8.0,0.26
8445,5.8,8.1258,14.0,0.25
8446,5.04,118.5898,2.0,0.3
8447,5.6,8.1496,14.0,0.26
8448,4.68,109.84,8.0,0.29
8449,2.64,0.0587,34.0,0.28
8450,5.8,8.1255,14.0,0.25
8451,6.92,0.0267,13.0,0.25
8452,2.44,0.0764,35.0,0.23
8453,2.44,8.8532,35.0,0.25
8454,2.56,0.0849,31.0,0.29
8455,8.4,0.0995,5.0,0.26
8456,5.76,8.1255,14.0,0.27
8457,5.6,8.1256,14.0,0.21
8458,3.0,8.8734,36.0,0.24
8459,2.44,0.0593,35.0,0.25
8460,7.32,32236.7322,18.0,0.35
8461,5.24,359824.4797,5.0,0.22
8462,2.88,0.1052,35.0,0.19
8463,5.68,8.1257,14.0,0.26
8464,9.64,0.6291,14.0,0.27
8465,3.88,1.8683,8.0,0.23
8466,2.88,8.8275,32.0,0.2
8467,5.84,8.1266,14.0,0.19
8468,5.68,8.126,14.0,0.74
8469,3.52,0.0476,10.0,0.24
8470,2.92,8.8659,33.0,0.24
8471,5.6,8.126,14.0,0.21
8472,5.64,8.6661,11.0,0.2
8473,8.12,0.0759,1.0,0.2
8474,2.84,8.8386,35.0,0.23
8475,7.96,0.0224,15.0,0.21
8476,4.08,67852.0719,4.0,0.22
8477,5.8,8.1264,14.0,0.2
8478,2.8,0.0809,34.0,0.2
8479,5.72,8.126,14.0,0.22
8480,2.64,8.832,35.0,0.19
8481,9.96,5.699,12.0,0.2
8482,2.68,8.8675,36.0,0.2
8483,2.44,0.0945,37.0,0.2
8484,5.4,359824.4836,6.0,0.21
8485,2.68,0.0757,34.0,0.23
8486,8.44,0.0675,6.0,0.3
8487,3.56,67851.3116,16.0,0.26
8488,2.64,0.0764,35.0,0.26
8489,6.0,8.1258,14.0,0.23
8490,8.28,3.3854,5.0,0.24
8491,3.68,339244.9128,5.0,0.24
8492,7.24,0.0122,17.0,0.21
8493,2.84,8.8781,36.0,0.21
8494,2.72,0.0713,35.0,0.2
8495,5.76,8.6669,11.0,0.37
8496,2.72,8.876,35.0,0.21
8497,5.8,8.1264,14.0,0.22
8498,2.52,0.0763,36.0,0.19
8499,5.6,8.1266,14.0,0.2
8500,5.8,8.1263,14.0,0.19
8501,7.72,0.013,15.0,0.18
8502,7.88,0.0086,17.0,0.22
8503,2.52,8.8793,38.0,0.23
8504,2.64,8.8334,37.0,0.25
8505,2.8,8.8764,32.0,0.22
8506,5.8,8.1258,14.0,0.18
8507,2.8,8.8621,36.0,0.19
8508,2.68,8.8403,31.0,0.23
8509,3.64,1.7934,3.0,0.21
8510,2.92,0.0642,33.0,0.26
8511,5.6,8.1263,17.0,0.2
8512,3.0,8.8455,36.0,0.19
8513,2.72,0.0828,35.0,0.18
8514,8.4,0.0707,7.0,0.17
8515,2.44,0.0876,38.0,0.19
8516,5.6,8.1256,14.0,0.17
8517,2.56,0.0636,33.0,0.17
8518,5.72,8.6668,11.0,0.2
8519,7.68,32236.7239,17.0,0.17
8520,2.44,8.8482,34.0,0.21
8521,2.92,8.8492,34.0,0.18
8522,8.32,0.0556,9.0,0.18
8523,5.68,8.1271,14.0,0.21
8524,5.72,8.1263,13.0,0.2
8525,5.76,8.126,14.0,0.22
8526,3.6,1.7901,2.0,0.2
8527,2.96,8.85,35.0,0.19
8528,3.6,2.6454,6.0,0.21
8529,2.72,0.0406,33.0,0.2
8530,4.36,79.8868,4.0,0.19
8531,5.6,8.1257,17.0,0.19
8532,2.36,2.51,35.0,0.23
8533,6.08,428.5312,13.0,0.2
8534,5.88,8.126,14.0,0.23
8535,2.64,0.0763,35.0,0.23
8536,3.92,339243.3019,10.0,0.22
8537,2.44,8.8781,40.0,0.22
8538,5.92,8.1264,14.0,0.19
8539,3.52,0.8933,7.0,0.19
8540,5.76,8.667,15.0,0.24
8541,2.72,8.8424,33.0,0.22
8542,5.64,8.1261,13.0,0.24
8543,6.04,8.1264,14.0,0.22
8544,9.64,5.5423,10.0,0.26
8545,2.84,8.8363,32.0,0.28
8546,5.96,8.126,14.0,0.25
8547,2.44,0.0712,39.0,0.24
8548,2.64,0.0932,36.0,0.22
8549,3.76,0.8855,3.0,0.21
8550,2.48,8.9002,36.0,0.24
8551,2.64,0.0543,36.0,0.22
8552,8.68,0.0835,3.0,0.2
8553,8.76,0.0649,7.0,0.24
8554,3.44,8.848,28.0,0.21
8555,2.44,0.0474,35.0,0.28
8556,6.0,6.0198,1.0,0.32
8557,3.68,2.5073,8.0,0.21
8558,4.68,121.9886,9.0,0.22
8559,2.68,0.0843,39.0,0.2
8560,2.92,8.854,33.0,0.27
8561,8.36,0.0555,2.0,0.2
8562,8.0,0.0148,11.0,0.26
8563,2.76,8.8646,34.0,0.23
8564,5.8,356828.0319,14.0,0.28
8565,2.48,8.848,37.0,0.23
8566,2.56,0.0825,36.0,0.22
8567,2.64,8.8843,37.0,0.28
8568,8.44,2.5077,-2.0,0.21
8569,5.6,8.1261,16.0,0.28
8570,2.64,8.8772,35.0,0.18
8571,2.92,0.0786,37.0,0.18
8572,5.8,8.1266,14.0,0.25
8573,5.8,8.1256,14.0,0.24
8574,2.64,0.0777,37.0,0.23
8575,5.8,8.1266,14.0,0.2
8576,2.44,8.837,36.0,0.18
8577,2.68,8.8469,32.0,0.18
8578,3.76,2.505,5.0,0.23
8579,4.28,129.8111,10.0,0.28
8580,3.08,8.8604,34.0,0.22
8581,5.56,8.6666,14.0,0.23
8582,2.64,0.0532,34.0,0.22
8583,2.92,8.8265,34.0,0.21
8584,9.68,0.3154,7.0,0.5
8585,5.72,7.5855,15.0,0.27
8586,3.8,0.0369,3.0,0.3
8587,5.76,49.683,13.0,0.27
8588,2.8,8.8538,34.0,0.26
8589,2.68,8.8833,36.0,0.23
8590,2.72,8.8892,35.0,0.22
8591,8.12,0.0421,13.0,0.42
8592,8.72,0.0467,10.0,0.25
8593,5.8,8.1259,14.0,0.22
8594,2.44,0.0722,40.0,0.18
8595,4.76,112.0044,4.0,0.17
8596,4.08,1.7946,-4.0,0.19
8597,5.68,8.1882,14.0,0.17
8598,2.72,8.8487,36.0,0.19
8599,2.96,0.0582,32.0,0.19
8600,3.88,0.8947,9.0,0.72
8601,5.8,8.1263,10.0,0.19
8602,2.36,0.1662,27.0,0.17
8603,2.44,8.8617,40.0,0.2
8604,4.64,359752.4088,-2.0,0.17
8605,7.52,0.0128,14.0,0.18
8606,2.56,8.8673,37.0,0.23
8607,2.44,0.2674,38.0,0.19
8608,2.68,9.9671,37.0,0.21
8609,5.6,8.1263,17.0,0.19
8610,3.88,2.6636,11.0,0.21
8611,2.72,8.8848,38.0,0.19
8612,5.72,8.1262,14.0,0.22
8613,3.0,0.0411,33.0,0.2
8614,5.92,8.1352,15.0,0.23
8615,5.56,8.6666,14.0,0.22
8616,5.6,8.1262,16.0,0.19
8617,3.64,67848.6907,7.0,0.2
8618,5.76,8.1258,14.0,0.19
8619,2.92,114728.7885,36.0,0.23
8620,5.6,8.1259,17.0,0.21
8621,2.64,8.8426,30.0,0.2
8622,4.36,79.8852,5.0,0.19
8623,7.36,32236.7278,19.0,0.2
8624,5.8,8.1258,14.0,0.19
8625,2.76,0.0573,33.0,0.24
8626,2.6,0.0529,35.0,0.28
8627,2.64,8.8559,37.0,0.27
8628,5.72,8.6665,11.0,0.22
8629,2.56,0.0633,32.0,0.23
8630,2.92,8.8768,33.0,0.19
8631,3.68,1.8085,9.0,0.22
8632,3.72,0.8806,1.0,0.22
8633,5.96,8.126,14.0,0.24
8634,5.68,8.1265,16.0,0.19
8635,2.64,8.8544,35.0,0.24
8636,5.76,8.2832,14.0,0.2
8637,3.52,0.033,8.0,0.21
8638,2.44,0.07,37.0,0.21
8639,5.6,8.1262,15.0,0.22
8640,2.44,0.0714,38.0,0.2
8641,2.72,0.076,35.0,0.22
8642,5.8,8.1262,14.0,0.2
8643,7.4,359534.1053,9.0,0.2
8644,2.44,0.0656,39.0,0.24
8645,5.84,8.666,11.0,0.19
8646,2.64,8.8837,36.0,0.2
8647,2.72,8.847,33.0,0.2
8648,2.84,0.1005,36.0,0.23
8649,2.52,0.1173,39.0,0.2
8650,2.52,8.8539,36.0,0.22
8651,2.92,0.071,35.0,0.22
8652,2.92,0.0594,34.0,0.21
8653,2.64,0.0683,40.0,0.22
8654,2.8,8.8877,32.0,0.21
8655,2.56,0.0664,33.0,0.21
8656,5.8,8.1262,14.0,0.19
8657,3.76,339244.1603,8.0,0.21
8658,2.84,0.0531,33.0,0.2
8659,2.64,0.0845,39.0,0.2
8660,4.92,82.0613,0.0,0.21
8661,2.84,8.8262,34.0,0.23
8662,2.72,11.9397,36.0,0.21
8663,6.0,8.1266,14.0,0.19
8664,5.6,8.1264,17.0,0.19
8665,2.84,0.0915,41.0,0.22
8666,5.6,8.1261,17.0,0.2
8667,5.64,8.6663,13.0,0.2
8668,5.68,8.1256,16.0,0.21
8669,5.2,121.9944,3.0,0.2
8670,2.52,8.8771,37.0,0.2
8671,8.72,0.0953,3.0,0.2
8672,3.76,0.0295,1.0,0.22
8673,5.76,8.6663,11.0,0.19
8674,2.36,8.8791,40.0,0.21
8675,9.16,0.017,18.0,0.19
8676,2.52,8.8608,38.0,0.21
8677,5.8,8.1264,14.0,0.2
8678,2.44,8.8548,35.0,0.2
8679,8.88,0.0883,4.0,0.25
8680,2.64,0.06,36.0,0.19
8681,7.16,0.0088,18.0,0.22
8682,4.44,109.8432,10.0,0.2
8683,3.88,1.803,6.0,0.21
8684,5.96,8.125,14.0,0.18
8685,2.64,8.8703,33.0,0.2
8686,2.64,0.053,34.0,0.21
8687,5.56,8.667,9.0,0.19
8688,2.72,0.1217,34.0,0.2
8689,7.48,0.0177,15.0,0.19
8690,7.6,0.0183,18.0,0.2
8691,4.92,359844.4372,3.0,0.21
8692,6.64,0.3679,15.0,0.24
8693,2.84,8.8706,32.0,0.22
8694,8.84,0.0522,6.0,0.22
8695,4.04,1.8016,5.0,0.21
8696,5.6,8.1261,17.0,0.22
8697,3.0,8.8555,36.0,0.22
8698,6.84,0.033,15.0,0.21
8699,2.64,8.8435,38.0,0.2
8700,2.4,0.0546,39.0,0.21
8701,7.6,0.0063,17.0,0.22
8702,5.6,8.126,17.0,0.22
8703,2.52,8.8844,39.0,0.2
8704,2.36,0.0867,34.0,0.24
8705,2.64,0.0834,37.0,0.22
8706,2.64,8.8421,33.0,0.22
8707,4.04,0.9064,10.0,0.21
8708,8.12,32236.7334,14.0,0.21
8709,2.44,8.8666,39.0,0.19
8710,6.72,0.3806,9.0,0.2
8711,2.68,8.8437,36.0,0.2
8712,2.52,0.05,40.0,0.22
8713,8.56,0.054,7.0,0.2
8714,2.64,0.0608,37.0,0.19
8715,3.0,8.8641,31.0,0.22
8716,5.44,102.295,-1.0,0.23
8717,2.88,8.8709,38.0,0.21
8718,7.52,0.0073,19.0,0.19
8719,2.76,8.8593,34.0,0.2
8720,10.28,0.0149,11.0,0.27
8721,2.84,0.0657,36.0,0.2
8722,6.52,0.3706,13.0,0.19
8723,2.44,8.8799,41.0,0.2
8724,5.64,8.6664,13.0,0.2
8725,9.72,0.4408,12.0,0.21
8726,5.8,8.1262,14.0,0.21
8727,2.44,8.863,42.0,0.23
8728,2.48,0.0706,34.0,0.2
8729,6.28,359707.4139,-1.0,0.2
8730,8.88,0.0508,10.0,0.19
8731,9.08,0.0158,8.0,0.2
8732,5.6,8.126,16.0,0.19
8733,2.84,13.0987,36.0,0.21
8734,3.76,2.6691,9.0,0.2
8735,2.72,0.0532,36.0,0.2
8736,2.64,8.8698,32.0,0.22
8737,4.04,750.2609,6.0,0.21
8738,5.68,8.126,16.0,0.2
8739,8.12,2.517,4.0,0.23
8740,7.16,0.0296,9.0,0.2
8741,5.24,148.5272,-3.0,0.75
8742,5.56,8.6661,14.0,0.2
8743,5.84,67856.7789,14.0,0.23
8744,2.64,8.8622,34.0,0.19
8745,2.8,0.0466,33.0,0.21
8746,2.44,8.8682,33.0,0.2
8747,2.72,0.0994,38.0,0.22
8748,5.8,8.1256,14.0,0.22
8749,2.8,8.8903,38.0,0.22
8750,8.68,0.0608,3.0,0.22
8751,2.84,8.8728,37.0,0.22
8752,5.8,8.1258,14.0,0.22
8753,2.8,8.871,35.0,0.24
8754,2.52,8.8526,32.0,0.32
8755,2.36,0.069,30.0,0.23
8756,2.44,8.8596,37.0,0.22
8757,6.8,0.3723,5.0,0.21
8758,3.88,0.896,9.0,0.2
8759,2.68,8.8476,33.0,0.21
8760,5.72,8.1258,14.0,0.21
8761,3.68,67848.6882,7.0,0.22
8762,2.56,0.0893,38.0,0.22
8763,5.72,8.1264,14.0,0.23
8764,5.76,8.6666,11.0,0.23
8765,5.56,9.7463,17.0,0.21
8766,4.8,359794.5103,2.0,0.23
8767,5.8,8.1258,14.0,0.21
8768,2.52,0.0744,32.0,0.21
8769,2.56,8.8721,36.0,0.21
8770,2.48,8.8644,32.0,0.22
8771,2.52,8.8362,35.0,0.24
8772,2.72,1.9277,38.0,0.29
8773,5.6,8.1267,17.0,0.24
8774,5.68,8.1259,14.0,0.23
8775,2.68,8.8408,30.0,0.21
8776,5.8,8.1255,14.0,0.2
8777,9.0,0.0517,7.0,0.23
8778,5.92,8.1259,14.0,0.2
8779,2.52,0.0784,38.0,0.24
8780,8.16,0.0908,7.0,0.22
8781,2.72,0.0829,38.0,0.26
8782,5.76,8.1258,14.0,0.21
8783,5.04,128.5696,5.0,0.25
8784,5.6,8.1259,14.0,0.22
8785,6.76,0.3666,15.0,0.23
8786,8.88,2.4849,12.0,0.2
8787,8.68,0.0922,4.0,0.22
8788,5.6,8.1254,16.0,0.25
8789,7.92,32236.7284,13.0,0.24
8790,5.8,8.1266,14.0,0.21
8791,2.64,8.8596,34.0,0.23
8792,6.88,0.3672,13.0,0.19
8793,2.52,8.8447,39.0,0.21
8794,2.44,0.1114,36.0,0.2
8795,5.8,8.1259,14.0,0.21
8796,6.84,0.0187,15.0,0.19
8797,5.8,8.1264,14.0,0.2
8798,5.6,8.1258,16.0,0.19
8799,2.44,0.0776,37.0,0.19
8800,5.56,8.6661,11.0,0.2
8801,2.48,8.8663,39.0,0.19
8802,5.68,8.125,14.0,0.23
8803,2.56,8.8835,36.0,0.23
8804,2.76,0.0634,36.0,0.22
8805,4.36,89.8751,6.0,0.22
8806,2.44,8.8834,39.0,0.22
8807,5.8,8.1263,14.0,0.36
8808,2.36,0.3093,32.0,0.36
8809,3.88,0.0427,13.0,0.26
8810,5.8,8.1265,14.0,0.21
8811,7.84,360166.603,14.0,0.2
8812,4.8,359834.4474,9.0,0.2
8813,5.8,8.1257,14.0,0.2
8814,5.68,8.1264,16.0,0.19
8815,5.68,8.1258,14.0,0.22
8816,7.48,0.0124,18.0,0.2
8817,4.68,59.9188,0.0,0.19
8818,5.6,8.1255,17.0,0.2
8819,2.92,8.8554,35.0,0.23
8820,5.96,8.1265,14.0,0.2
8821,3.68,67848.6873,2.0,0.21
8822,8.72,0.3948,6.0,0.2
8823,5.6,8.1253,14.0,0.21
8824,7.08,0.0226,13.0,0.2
8825,2.64,8.8596,34.0,0.19
8826,5.8,8.1257,14.0,0.19
8827,8.96,0.0626,-2.0,0.22
8828,5.76,8.1252,14.0,0.19
8829,2.44,8.8892,36.0,0.22
8830,5.72,8.1267,14.0,0.2
8831,5.64,8.667,13.0,0.22
8832,5.52,9.2064,16.0,0.23
8833,7.76,0.0064,16.0,0.22
8834,4.68,79.8863,-1.0,0.31
8835,2.68,8.8555,35.0,0.25
8836,2.72,0.0532,36.0,0.32
8837,5.8,8.1261,14.0,0.26
8838,2.72,8.8867,34.0,0.3
8839,2.96,26.384,34.0,0.3
8840,2.96,0.0821,34.0,0.29
8841,5.64,7.6042,16.0,0.28
8842,2.8,8.8293,32.0,0.26
8843,8.4,0.054,8.0,0.27
8844,2.88,8.842,33.0,0.27
8845,7.68,0.0169,6.0,0.24
8846,4.44,99.8553,11.0,0.28
8847,5.64,7.5846,15.0,0.27
8848,2.48,0.0938,39.0,0.26
8849,2.56,0.0812,36.0,0.2
8850,4.36,99.8589,7.0,0.25
8851,2.92,0.0634,32.0,0.26
8852,2.52,8.8905,38.0,0.22
8853,3.68,2.6476,5.0,0.22
8854,2.64,8.8429,35.0,0.21
8855,5.6,8.1262,14.0,0.29
8856,5.56,8.6661,11.0,0.2
8857,6.2,0.0286,19.0,0.24
8858,6.96,0.0243,14.0,0.25
8859,2.68,8.8532,33.0,0.28
8860,4.2,0.1296,8.0,0.23
8861,8.36,0.0657,8.0,0.26
8862,2.52,0.0213,31.0,0.26
8863,2.56,0.07,34.0,0.3
8864,2.76,8.8443,37.0,0.3
8865,2.64,8.8502,37.0,0.19
8866,2.44,8.8313,37.0,0.24
8867,5.8,8.1257,14.0,0.2
8868,2.48,0.0697,34.0,0.19
8869,5.68,8.1263,16.0,0.77
8870,3.88,2.66,7.0,0.29
8871,5.96,8.1258,14.0,0.3
8872,2.64,8.8715,35.0,0.36
8873,5.6,8.1263,16.0,0.27
8874,5.8,8.1264,14.0,0.27
8875,3.76,67849.5364,7.0,0.31
8876,2.64,8.837,34.0,0.24
8877,5.76,8.6661,11.0,0.23
8878,9.68,0.4933,8.0,0.28
8879,4.84,122.008,1.0,0.23
8880,2.84,8.8377,33.0,0.33
8881,3.72,67851.3028,8.0,0.51
8882,5.84,7.5854,13.0,0.42
8883,2.52,8.8482,36.0,0.41
8884,8.36,0.0833,9.0,0.17
8885,5.72,4.8828,16.0,0.16
8886,9.04,0.0465,8.0,0.18
8887,2.68,0.0874,35.0,0.2
8888,3.84,0.0332,9.0,0.21
8889,2.84,0.0927,35.0,0.24
8890,5.72,7.5852,13.0,0.23
8891,2.88,8.8329,27.0,0.31
8892,2.72,8.8654,35.0,0.2
8893,5.68,8.126,16.0,0.21
8894,5.6,8.1258,17.0,0.22
8895,8.0,0.0092,15.0,0.33
8896,5.8,8.1262,14.0,0.26
8897,5.6,8.1261,17.0,0.27
8898,2.52,8.8396,40.0,0.28
8899,2.92,0.0362,33.0,0.21
8900,5.6,8.1262,16.0,0.24
8901,2.64,0.0828,36.0,0.21
8902,2.76,0.082,35.0,0.36
8903,2.68,0.101,37.0,0.22
8904,2.92,8.867,35.0,0.28
8905,2.64,8.8728,37.0,0.26
8906,2.44,8.9348,35.0,0.28
8907,2.72,0.045,26.0,0.26
8908,3.64,0.0446,5.0,0.2
8909,6.76,0.3719,15.0,0.2
8910,2.44,8.866,35.0,0.22
8911,2.44,0.0943,37.0,0.19
8912,2.92,8.8429,34.0,0.19
8913,7.08,0.0318,13.0,0.2
8914,5.96,8.126,14.0,0.22
8915,2.8,0.0418,35.0,0.28
8916,6.64,0.0105,17.0,0.32
8917,5.8,8.1255,14.0,0.36
8918,7.52,32236.732,18.0,0.34
8919,5.6,8.1264,14.0,0.32
8920,5.68,8.1262,16.0,0.37
8921,5.68,8.126,14.0,0.33
8922,6.68,0.0487,14.0,0.3
8923,2.92,8.855,36.0,0.28
8924,7.24,32236.7267,19.0,0.25
8925,3.76,1.7999,6.0,0.25
8926,6.0,7.5867,16.0,0.23
8927,5.76,8.6665,13.0,0.24
8928,2.64,8.8588,34.0,0.24
8929,5.8,8.1257,14.0,0.23
8930,2.8,8.8523,28.0,0.19
8931,5.76,8.1264,16.0,0.23
8932,7.6,32236.7276,16.0,0.19
8933,5.88,8.3277,14.0,0.25
8934,2.52,0.0656,36.0,0.28
8935,6.72,0.0303,11.0,0.23
8936,3.88,339243.301,3.0,0.19
8937,5.6,8.126,16.0,0.24
8938,2.6,11.2946,36.0,0.22
8939,5.68,8.1266,16.0,0.23
8940,5.24,359824.7396,5.0,0.22
8941,8.32,0.092,8.0,0.2
8942,2.64,0.0487,36.0,0.22
8943,2.44,8.89,40.0,0.2
8944,2.64,0.1223,36.0,0.21
8945,2.6,8.8475,33.0,0.23
8946,3.08,8.8349,25.0,0.22
8947,2.72,0.0947,39.0,0.21
8948,2.56,0.0875,32.0,0.22
8949,2.8,8.8599,35.0,0.23
8950,2.76,0.0825,37.0,0.2
8951,5.68,8.1256,16.0,0.24
8952,2.56,0.1111,36.0,0.2
8953,2.92,8.8559,35.0,0.21
8954,5.8,8.1264,14.0,0.19
8955,5.8,8.1264,14.0,0.22
8956,2.56,8.8383,36.0,0.2
8957,5.84,8.1265,14.0,0.2
8958,5.6,8.1263,16.0,0.21
8959,5.6,8.1254,16.0,0.21
8960,5.88,8.1266,14.0,0.2
8961,8.24,0.0821,3.0,0.25
8962,3.56,8.8654,24.0,0.21
8963,2.44,0.0505,26.0,0.24
8964,9.16,0.0253,5.0,0.21
8965,6.56,0.0288,14.0,0.21
8966,2.68,8.8547,35.0,0.25
8967,2.64,8.8906,38.0,0.22
8968,6.72,0.3771,14.0,0.21
8969,5.88,360174.7151,14.0,0.21
8970,2.72,8.8724,37.0,0.19
8971,2.8,8.8608,35.0,0.26
8972,4.84,359814.4822,1.0,0.23
8973,5.6,8.1258,14.0,0.22
8974,6.76,0.025,15.0,0.22
8975,2.6,8.89,37.0,0.27
8976,3.68,0.0369,8.0,0.36
8977,2.56,0.0983,34.0,0.23
8978,2.44,8.8487,38.0,0.31
8979,2.92,0.0474,33.0,0.26
8980,4.64,359834.444,6.0,0.22
8981,2.8,0.0439,38.0,0.22
8982,2.56,8.8493,36.0,0.29
8983,2.88,26.4268,37.0,0.21
8984,2.72,0.083,38.0,0.26
8985,7.4,0.1664,14.0,0.21
8986,3.92,2.6642,14.0,0.2
8987,6.44,427.9917,12.0,0.19
8988,2.72,0.095,39.0,0.2
8989,8.16,0.054,10.0,0.79
8990,3.68,67848.6766,1.0,0.26
8991,3.48,67849.539,11.0,0.28
8992,4.0,67850.4428,7.0,0.23
8993,2.84,0.0752,32.0,0.26
8994,2.56,8.8366,36.0,0.21
8995,3.68,67850.3093,8.0,0.21
8996,10.08,0.0411,11.0,0.23
8997,5.6,8.1255,16.0,0.27
8998,2.68,8.8908,38.0,0.24
8999,2.8,9.0942,35.0,0.2
9000,2.44,8.8356,35.0,0.26
9001,2.44,0.0524,35.0,0.27
9002,5.8,8.1265,14.0,0.23
9003,2.56,0.0644,34.0,0.22
9004,8.48,0.1385,10.0,0.26
9005,5.68,8.1262,14.0,0.19
9006,5.64,8.6662,11.0,0.19
9007,8.16,0.0196,15.0,0.19
9008,3.68,339243.3286,7.0,0.2
9009,2.44,9.1462,40.0,0.18
9010,2.44,8.8767,37.0,0.19
9011,5.6,8.1259,17.0,0.21
9012,6.92,0.3685,14.0,0.21
9013,9.28,0.339,9.0,0.2
9014,5.72,8.1258,14.0,0.18
9015,5.72,8.126,14.0,0.18
9016,2.92,11.9285,33.0,0.21
9017,2.92,0.0772,35.0,0.21
9018,2.72,0.0899,39.0,0.24
9019,5.8,8.1265,14.0,0.18
9020,7.92,32236.7233,16.0,0.18
9021,2.44,8.8703,37.0,0.2
9022,5.64,8.667,11.0,0.19
9023,6.56,19.2809,14.0,0.2
9024,2.52,8.8392,39.0,0.26
9025,2.72,0.0422,29.0,0.19
9026,5.88,8.6662,1.0,0.2
9027,5.68,8.667,11.0,0.19
9028,5.64,8.6665,7.0,0.22
9029,8.28,0.0575,5.0,0.23
9030,2.68,0.0782,30.0,0.26
9031,5.56,8.667,7.0,0.24
9032,5.92,8.1264,14.0,0.23
9033,5.52,9.207,8.0,0.21
9034,2.52,0.0713,38.0,0.23
9035,7.88,0.0126,15.0,0.21
9036,4.72,151.9504,10.0,0.22
9037,2.52,8.8772,35.0,0.26
9038,2.92,8.872,34.0,0.22
9039,5.64,8.6663,13.0,0.18
9040,5.92,8.1265,14.0,0.19
9041,3.96,2.6506,3.0,0.23
9042,2.64,8.8476,33.0,0.21
9043,2.8,8.872,37.0,0.39
9044,7.64,32236.7301,15.0,0.24
9045,2.72,8.8522,31.0,0.21
9046,5.6,8.1262,14.0,0.21
9047,2.68,8.8354,26.0,0.19
9048,7.16,0.0239,14.0,0.23
9049,2.72,0.0492,38.0,0.19
9050,5.6,8.1253,14.0,0.19
9051,6.28,3.2687,15.0,0.16
9052,3.96,339243.3083,8.0,0.18
9053,2.44,0.2594,36.0,0.18
9054,2.84,0.0862,33.0,0.18
9055,5.0,102.016,-2.0,0.21
9056,5.8,8.1262,14.0,0.22
9057,2.64,8.8612,36.0,0.2
9058,4.28,71404.0984,-3.0,0.2
9059,5.8,8.1257,14.0,0.34
9060,6.8,0.0237,14.0,0.42
9061,5.68,8.1266,16.0,0.28
9062,5.6,8.1256,14.0,0.22
9063,8.36,0.069,3.0,0.32
9064,2.64,0.065,31.0,0.17
9065,8.96,0.089,5.0,0.3
9066,2.8,0.0647,33.0,0.25
9067,2.76,0.0611,37.0,0.25
9068,2.52,0.0686,32.0,0.19
9069,5.68,8.126,14.0,0.26
9070,5.56,8.6666,11.0,0.23
9071,5.68,8.7891,11.0,0.26
9072,2.64,0.058,33.0,0.22
9073,5.84,8.1267,14.0,0.22
9074,5.8,8.1261,14.0,0.27
9075,3.88,67851.3105,14.0,0.26
9076,5.64,8.6651,15.0,0.37
9077,2.44,8.8532,33.0,0.24
9078,2.52,8.8681,32.0,0.28
9079,5.6,8.1256,14.0,0.22
9080,2.68,8.8491,35.0,0.19
9081,8.28,0.0408,10.0,0.21
9082,5.72,8.1262,14.0,0.21
9083,5.6,8.1258,14.0,0.22
9084,3.84,339243.3092,2.0,0.27
9085,6.4,0.033,15.0,0.28
9086,5.96,8.1256,14.0,0.22
9087,3.32,8.836,28.0,0.33
9088,2.68,8.8637,32.0,0.24
9089,2.48,0.0602,38.0,0.23
9090,2.64,0.0559,38.0,0.25
9091,4.08,67850.4596,9.0,0.23
9092,8.32,0.075,4.0,0.24
9093,3.68,0.8915,6.0,0.2
9094,2.92,0.057,35.0,0.23
9095,5.6,8.1255,17.0,0.21
9096,8.4,0.0668,5.0,0.22
9097,5.6,8.1265,14.0,0.28
9098,6.76,19.6124,14.0,0.24
9099,3.76,0.037,3.0,0.26
9100,2.64,0.0774,37.0,0.2
9101,5.8,8.1266,14.0,0.19
9102,9.44,5.992,12.0,0.2
9103,2.44,8.8581,35.0,0.26
9104,2.56,8.8616,37.0,0.29
9105,5.24,359814.4744,3.0,0.22
9106,2.4,0.0939,34.0,0.21
9107,2.72,0.0703,33.0,0.23
9108,5.6,8.1258,14.0,0.22
9109,5.8,8.1265,14.0,0.19
9110,5.8,8.126,14.0,0.22
9111,3.92,339244.1531,-2.0,0.19
9112,8.8,0.0962,3.0,0.22
9113,3.88,67852.0677,4.0,0.25
9114,5.8,8.6666,11.0,0.28
9115,7.48,32236.7283,16.0,0.32
9116,8.6,0.0494,8.0,0.28
9117,4.72,99.8601,8.0,0.82
9118,5.96,8.1264,14.0,0.25
9119,5.6,8.1266,17.0,0.28
9120,5.8,8.126,14.0,0.27
9121,3.68,339243.2983,4.0,0.27
9122,2.48,0.0458,34.0,0.2
9123,2.52,8.825,33.0,0.25
9124,2.92,8.8328,36.0,0.26
9125,5.88,8.1251,14.0,0.28
9126,5.6,8.1258,17.0,0.26
9127,7.96,0.3853,15.0,0.28
9128,2.68,8.8183,32.0,0.26
9129,5.8,8.1258,14.0,0.23
9130,5.8,8.125,14.0,0.25
9131,7.68,32236.7245,17.0,0.31
9132,2.52,0.0745,32.0,0.3
9133,2.72,8.8818,32.0,0.26
9134,2.92,0.0537,34.0,0.21
9135,2.56,0.0986,35.0,0.24
9136,2.44,8.822,37.0,0.31
9137,5.8,8.1266,14.0,0.25
9138,3.08,0.0656,35.0,0.24
9139,5.84,6.5111,14.0,0.3
9140,6.56,56465.3164,14.0,0.23
9141,3.64,339244.16,7.0,0.25
9142,5.68,8.1266,14.0,0.27
9143,7.52,32236.7296,15.0,0.3
9144,2.64,0.1231,37.0,0.26
9145,5.88,8.6664,11.0,0.28
9146,2.72,0.0726,35.0,0.28
9147,5.72,8.1266,14.0,0.29
9148,2.64,8.8564,34.0,0.23
9149,2.44,8.8736,38.0,0.24
9150,2.56,0.0588,34.0,0.23
9151,5.8,8.126,14.0,0.24
9152,2.52,0.0704,35.0,0.19
9153,2.84,7.8477,36.0,0.21
9154,9.96,0.0167,7.0,0.24
9155,8.88,2.503,6.0,0.2
9156,9.08,0.0908,0.0,0.21
9157,2.72,8.8258,33.0,0.29
9158,9.2,0.0537,6.0,0.27
9159,3.56,65946.7472,17.0,0.24
9160,5.8,8.1264,14.0,0.23
9161,2.64,8.8785,37.0,0.3
9162,5.84,67856.779,14.0,0.35
9163,5.64,8.6648,15.0,0.22
9164,5.72,8.1255,14.0,0.3
9165,7.36,0.0124,16.0,0.24
9166,5.68,8.1263,16.0,0.29
9167,2.8,0.117,34.0,0.28
9168,5.68,8.1256,14.0,0.32
9169,5.8,8.1264,14.0,0.24
9170,2.48,0.0763,32.0,0.27
9171,2.68,0.0415,34.0,0.29
9172,2.36,0.0885,36.0,0.21
9173,3.84,67848.7668,2.0,0.25
9174,2.44,0.0637,36.0,0.23
9175,2.52,8.8495,38.0,0.21
9176,3.76,67850.4479,6.0,0.32
9177,5.76,7.5864,12.0,0.28
9178,2.48,8.8808,35.0,0.23
9179,2.64,8.8475,33.0,0.21
9180,2.56,8.8503,37.0,0.27
9181,6.56,0.364,12.0,0.33
9182,5.76,8.1265,14.0,0.36
9183,4.48,99.8552,6.0,0.27
9184,5.92,8.1256,14.0,0.31
9185,2.44,0.1972,40.0,0.23
9186,2.68,0.0766,35.0,0.22
9187,7.52,0.0344,14.0,0.29
9188,3.08,0.0643,31.0,0.25
9189,5.92,8.1259,14.0,0.26
9190,5.8,8.1262,14.0,0.24
9191,6.28,0.2432,18.0,0.25
9192,3.76,0.8946,6.0,0.23
9193,3.68,0.89,13.0,0.27
9194,2.88,0.069,33.0,0.24
9195,2.92,8.8666,35.0,0.22
9196,6.64,56465.315,11.0,0.19
9197,5.68,8.1257,14.0,0.21
9198,2.92,8.826,33.0,0.25
9199,2.52,0.0872,34.0,0.19
9200,5.56,8.667,11.0,0.21
9201,2.44,0.0955,38.0,0.2
9202,2.64,0.0895,38.0,0.32
9203,7.16,19.6078,13.0,0.34
9204,2.68,8.8376,35.0,0.35
9205,5.8,8.126,14.0,0.28
9206,2.44,8.9032,33.0,0.24
9207,5.68,8.6662,11.0,0.25
9208,5.84,8.1262,14.0,0.28
9209,6.2,428.5326,13.0,0.23
9210,5.64,8.6664,17.0,0.19
9211,2.72,8.9305,33.0,0.2
9212,5.56,8.667,15.0,0.21
9213,2.44,0.091,32.0,0.21
9214,7.08,0.3678,13.0,0.25
9215,7.28,0.0338,20.0,0.19
9216,7.88,0.0078,15.0,0.23
9217,3.52,0.0327,10.0,0.22
9218,5.68,8.1258,14.0,0.2
9219,7.44,0.0124,17.0,0.21
9220,5.6,8.126,14.0,0.28
9221,5.84,8.6671,7.0,0.21
9222,2.84,8.847,24.0,0.2
9223,2.52,0.0993,35.0,0.22
9224,2.76,8.8786,37.0,0.23
9225,5.68,8.1265,14.0,0.22
9226,2.44,0.07,34.0,0.23
9227,5.76,8.666,11.0,0.22
9228,2.8,0.0942,38.0,0.21
9229,2.92,8.8524,31.0,0.22
9230,9.08,0.0164,14.0,0.23
9231,2.64,8.8571,39.0,0.21
9232,3.48,67848.6994,12.0,0.23
9233,2.6,8.8836,37.0,0.21
9234,2.92,0.0827,36.0,0.19
9235,5.76,8.6662,11.0,0.76
9236,2.92,0.093,33.0,0.22
9237,3.68,407092.8075,9.0,0.21
9238,5.76,8.6663,11.0,0.19
9239,5.6,8.1263,16.0,0.22
9240,8.76,0.0808,4.0,0.23
9241,2.8,8.8664,35.0,0.21
9242,5.12,158.5066,8.0,0.2
9243,3.72,67851.3749,6.0,0.2
9244,8.24,0.0723,-1.0,0.26
9245,7.8,0.0124,16.0,0.2
9246,2.76,8.8549,35.0,0.25
9247,2.44,8.868,38.0,0.2
9248,7.32,0.0088,15.0,0.21
9249,5.72,8.1264,14.0,0.2
9250,2.8,8.8395,36.0,0.19
9251,2.72,0.0759,33.0,0.23
9252,2.44,8.861,36.0,0.21
9253,4.68,99.8668,6.0,0.19
9254,9.76,0.492,12.0,0.2
9255,2.44,8.85,37.0,0.22
9256,5.92,8.1259,14.0,0.2
9257,5.6,8.1255,14.0,0.2
9258,2.76,8.8949,36.0,0.2
9259,9.28,0.3069,14.0,0.2
9260,2.44,0.0283,28.0,0.2
9261,5.68,46.8813,15.0,0.19
9262,4.52,359792.355,7.0,0.21
9263,2.64,8.8722,36.0,0.2
9264,8.4,0.1008,-5.0,0.19
9265,3.88,2.5194,13.0,0.22
9266,2.64,8.8646,33.0,0.22
9267,5.56,8.6662,18.0,0.2
9268,5.68,8.1258,16.0,0.19
9269,2.8,8.8799,39.0,0.2
9270,6.76,0.0454,13.0,0.22
9271,2.72,0.0603,35.0,0.24
9272,2.52,8.8734,38.0,0.34
9273,5.76,8.6663,11.0,0.29
9274,8.16,0.0532,11.0,0.29
9275,8.84,0.4195,2.0,0.25
9276,7.0,0.2196,12.0,0.26
9277,3.72,0.1024,10.0,0.26
9278,8.28,0.0548,12.0,0.33
9279,5.6,8.1262,17.0,0.28
9280,3.88,407091.9654,13.0,0.25
9281,2.64,8.8553,36.0,0.24
9282,6.76,0.3762,14.0,0.27
9283,5.84,8.1264,14.0,0.27
9284,2.68,8.884,37.0,0.33
9285,5.6,8.1259,14.0,0.3
9286,3.88,407091.9586,8.0,0.27
9287,2.44,0.046,32.0,0.28
9288,5.44,8.132,15.0,0.36
9289,2.64,0.0744,32.0,0.3
9290,5.96,8.126,14.0,0.24
9291,5.72,8.126,14.0,0.23
9292,2.64,0.0776,37.0,0.22
9293,9.32,0.1749,3.0,0.25
9294,2.56,0.06,36.0,0.23
9295,2.6,0.0467,33.0,0.38
9296,6.64,0.0262,17.0,0.35
9297,5.8,8.1262,14.0,0.25
9298,2.44,0.062,39.0,0.23
9299,5.8,8.1264,14.0,0.24
9300,5.68,8.1262,14.0,0.29
9301,5.68,8.1476,14.0,0.27
9302,2.64,8.8879,34.0,0.24
9303,5.8,8.1259,14.0,0.22
9304,9.64,5.9863,11.0,0.25
9305,2.64,0.1237,38.0,0.28
9306,2.64,8.8263,35.0,0.45
9307,5.68,8.1264,16.0,0.34
9308,2.52,8.8414,32.0,0.41
9309,5.76,8.6659,15.0,0.24
9310,5.8,8.1263,14.0,0.23
9311,2.92,8.8442,35.0,0.25
9312,3.88,2.6492,5.0,0.28
9313,5.68,8.1258,14.0,0.26
9314,2.64,0.0594,35.0,0.27
9315,3.6,0.8882,7.0,0.25
9316,2.56,0.0534,34.0,0.26
9317,5.84,8.1256,10.0,0.21
9318,2.8,8.8706,33.0,0.26
9319,2.44,0.089,40.0,0.28
9320,8.56,2.483,10.0,0.25
9321,2.56,0.126,24.0,0.27
9322,2.68,8.8589,33.0,0.29
9323,9.0,2.5443,-2.0,0.22
9324,8.28,0.0131,-10.0,0.28
9325,2.72,8.8449,36.0,0.31
9326,8.64,120043.0339,-4.0,0.56
9327,4.68,89.8732,4.0,0.5
9328,3.28,17.6304,20.0,0.41
9329,2.72,0.0702,35.0,0.25
9330,2.64,8.8592,34.0,0.24
9331,8.52,0.0184,-12.0,0.25
9332,2.8,8.8378,35.0,0.25
9333,7.04,0.0252,13.0,0.24
9334,3.68,1.8624,12.0,0.23
9335,2.68,8.8708,34.0,0.26
9336,2.52,0.0638,34.0,0.23
9337,5.88,5.9646,7.0,0.25
9338,5.8,8.1262,14.0,0.24
9339,5.6,8.1259,16.0,0.28
9340,5.8,8.1262,14.0,0.25
9341,2.8,0.0775,36.0,0.22
9342,5.6,8.1676,14.0,0.27
9343,2.64,0.0948,37.0,0.28
9344,2.44,0.0424,37.0,0.26
9345,2.92,0.0772,35.0,0.22
9346,2.68,8.8183,32.0,0.29
9347,2.48,8.8827,38.0,0.25
9348,8.36,0.0696,2.0,0.26
9349,7.6,0.0121,14.0,0.23
9350,5.96,8.1258,14.0,0.78
9351,8.92,0.0775,4.0,0.26
9352,5.8,8.1258,14.0,0.22
9353,5.8,8.1262,14.0,0.24
9354,8.0,24.109,15.0,0.24
9355,5.76,8.666,11.0,0.21
9356,10.04,0.0236,11.0,0.23
9357,2.52,0.0769,38.0,0.21
9358,2.64,0.079,39.0,0.24
9359,7.16,0.0322,13.0,0.22
9360,2.6,0.0571,32.0,0.2
9361,2.44,0.0594,37.0,0.2
9362,5.96,8.1264,14.0,0.22
9363,8.36,32236.7602,6.0,0.22
9364,2.64,0.084,38.0,0.24
9365,2.52,8.8756,38.0,0.25
9366,8.88,0.395,4.0,0.25
9367,2.6,0.0779,37.0,0.24
9368,6.0,8.1257,14.0,0.21
9369,5.68,8.6662,11.0,0.19
9370,2.96,0.0769,35.0,0.25
9371,5.96,8.1263,14.0,0.18
9372,9.08,0.0633,8.0,0.2
9373,5.8,8.1256,14.0,0.22
9374,2.72,0.0634,31.0,0.2
9375,2.48,0.0802,41.0,0.19
9376,2.72,0.9012,33.0,0.2
9377,2.84,8.843,33.0,0.2
9378,5.76,8.6671,11.0,0.22
9379,2.56,0.0822,35.0,0.18
9380,8.52,0.072,2.0,0.2
9381,5.8,8.1259,14.0,0.27
9382,5.92,8.1248,15.0,0.22
9383,2.56,8.8309,34.0,0.23
9384,2.56,8.8732,40.0,0.22
9385,3.72,339243.3162,6.0,0.21
9386,6.48,0.0272,15.0,0.19
9387,8.32,0.0744,1.0,0.2
9388,6.96,0.0264,17.0,0.2
9389,2.72,8.8449,36.0,0.24
9390,3.24,0.0377,29.0,0.21
9391,2.92,8.848,32.0,0.21
9392,2.88,0.082,34.0,0.23
9393,2.72,8.831,32.0,0.22
9394,5.8,8.1259,14.0,0.2
9395,5.76,8.1261,16.0,0.34
9396,2.44,0.07,35.0,0.39
9397,2.44,0.0599,40.0,0.26
9398,5.6,8.1256,17.0,0.36
9399,5.6,8.1257,16.0,0.23
9400,2.64,8.8178,31.0,0.36
9401,2.44,0.1811,40.0,0.28
9402,2.72,8.9063,37.0,0.25
9403,10.04,6.0075,6.0,0.26
9404,5.8,8.1261,14.0,0.18
9405,2.44,0.0714,38.0,0.23
9406,7.72,32236.7236,16.0,0.25
9407,5.8,8.1258,14.0,0.24
9408,5.68,8.1259,16.0,0.21
9409,4.36,339244.1558,5.0,0.28
9410,3.88,2.7238,10.0,0.27
9411,5.72,8.1721,14.0,0.2
9412,3.68,407093.5762,10.0,0.23
9413,5.84,8.1325,14.0,0.23
9414,2.6,8.8421,33.0,0.23
9415,2.44,0.0831,40.0,0.26
9416,8.32,0.069,4.0,0.21
9417,8.32,0.0562,10.0,0.21
9418,2.88,8.8376,34.0,0.24
9419,5.68,8.1258,14.0,0.25
9420,7.64,32236.7451,16.0,0.23
9421,2.64,8.8388,37.0,0.25
9422,5.6,8.1256,16.0,0.22
9423,2.56,0.0661,38.0,0.27
9424,3.8,1.7937,1.0,0.51
9425,5.8,8.1265,14.0,0.36
9426,5.8,8.1261,14.0,0.36
9427,5.8,8.1265,13.0,0.34
9428,9.6,0.0335,1.0,0.36
9429,3.92,339264.1135,0.0,0.31
9430,2.64,0.0588,34.0,0.23
9431,2.36,8.837,34.0,0.28
9432,6.76,0.4088,14.0,0.35
9433,5.96,9.0395,15.0,0.25
9434,2.44,8.8373,38.0,0.23
9435,2.72,8.8342,31.0,0.23
9436,7.64,0.0118,16.0,0.28
9437,5.76,8.126,16.0,0.23
9438,2.8,0.0478,35.0,0.23
9439,6.64,0.3699,15.0,0.24
9440,5.6,8.1262,16.0,0.24
9441,2.88,8.844,31.0,0.28
9442,2.52,0.0779,38.0,0.27
9443,5.88,8.6661,7.0,0.28
9444,2.92,8.8262,34.0,0.25
9445,2.72,0.0377,35.0,0.21
9446,2.56,0.0717,36.0,0.19
9447,5.96,8.6666,11.0,0.19
9448,5.72,8.1266,14.0,0.22
9449,7.52,0.0042,16.0,0.19
9450,3.04,0.0776,35.0,0.2
9451,4.36,119.8274,8.0,0.2
9452,5.72,8.1263,14.0,0.3
9453,9.68,7.867,5.0,0.25
9454,9.0,0.0546,-7.0,0.2
9455,8.32,0.0704,-3.0,0.21
9456,2.44,8.8364,29.0,0.3
9457,9.8,0.4889,9.0,0.23
9458,5.8,8.1264,14.0,0.2
9459,5.16,359824.7392,5.0,0.25
9460,5.6,8.1258,17.0,0.22
9461,8.96,2.5741,4.0,0.3
9462,8.52,0.1018,-2.0,0.26
9463,8.52,0.0749,-2.0,0.22
9464,5.8,8.1267,14.0,0.2
9465,2.64,0.1014,38.0,0.22
9466,2.52,8.8677,40.0,0.21
9467,6.28,0.0237,18.0,0.19
9468,2.64,0.0495,37.0,0.19
9469,5.6,8.1264,16.0,0.24
9470,2.44,0.0565,31.0,0.26
9471,6.56,0.0334,14.0,0.83
9472,2.44,0.0889,37.0,0.38
9473,5.6,8.1258,14.0,0.26
9474,9.36,0.466,8.0,0.23
9475,5.6,8.1258,14.0,0.21
9476,3.52,0.0474,13.0,0.26
9477,2.72,8.872,33.0,0.21
9478,7.28,0.0144,13.0,0.22
9479,2.52,0.0822,35.0,0.2
9480,2.64,0.065,35.0,0.21
9481,2.44,0.0826,36.0,0.22
9482,2.92,0.0389,29.0,0.19
9483,2.92,0.0707,34.0,0.19
9484,9.48,0.1598,11.0,0.26
9485,3.92,2.2988,-3.0,0.26
9486,2.88,0.0549,32.0,0.24
9487,5.6,8.1258,14.0,0.22
9488,7.68,0.0131,15.0,0.19
9489,2.52,0.0575,34.0,0.22
9490,5.72,8.126,14.0,0.18
9491,6.0,7.6142,13.0,0.19
9492,8.2,0.1049,-1.0,0.19
9493,5.6,8.1258,14.0,0.21
9494,2.8,0.0595,34.0,0.19
9495,5.6,8.186,14.0,0.21
9496,3.72,407092.8132,11.0,0.19
9497,2.52,8.8619,37.0,0.18
9498,9.8,0.0183,12.0,0.2
9499,3.68,67850.3056,7.0,0.19
9500,2.44,8.872,32.0,0.21
9501,2.44,0.0776,40.0,0.19
9502,5.6,8.1256,14.0,0.18
9503,3.08,0.0299,33.0,0.2
9504,2.8,8.8672,37.0,0.21
9505,2.72,8.9338,38.0,0.21
9506,2.72,0.1059,39.0,0.19
9507,3.84,0.9022,3.0,0.21
9508,4.72,359812.3275,10.0,0.18
9509,5.6,8.1256,16.0,0.2
9510,3.04,71.7436,33.0,0.2
9511,3.88,67848.6911,7.0,0.18
9512,2.68,0.124,39.0,0.21
9513,5.56,8.6666,11.0,0.21
9514,5.68,8.1259,14.0,0.24
9515,2.64,0.0713,36.0,0.23
9516,9.0,0.0529,5.0,0.29
9517,3.88,3.4104,4.0,0.21
9518,2.52,8.8696,34.0,0.19
9519,2.8,0.0584,32.0,0.18
9520,5.76,8.6662,11.0,0.18
9521,3.08,2.6038,32.0,0.22
9522,2.52,0.0849,33.0,0.2
9523,6.36,0.0421,19.0,0.2
9524,2.44,0.0895,35.0,0.2
9525,5.68,8.126,14.0,0.19
9526,7.16,0.0076,17.0,0.21
9527,5.8,8.1256,14.0,0.19
9528,2.44,0.0743,34.0,0.18
9529,2.64,8.8692,40.0,0.21
9530,7.72,32236.7464,18.0,0.2
9531,2.56,0.075,33.0,0.2
9532,2.92,0.0611,29.0,0.2
9533,4.52,79.8854,1.0,0.18
9534,2.8,8.8796,39.0,0.19
9535,8.2,0.072,11.0,0.21
9536,2.44,0.0814,34.0,0.28
9537,5.72,8.1358,14.0,0.18
9538,6.76,19.6114,14.0,0.19
9539,3.84,339275.726,10.0,0.18
9540,2.64,8.8597,34.0,0.23
9541,4.64,102.0201,5.0,0.26
9542,6.72,0.0235,15.0,0.26
9543,2.68,0.0981,34.0,0.21
9544,2.84,0.0525,35.0,0.22
9545,5.6,8.126,17.0,0.18
9546,5.64,8.126,14.0,0.2
9547,2.48,0.0627,32.0,0.19
9548,6.76,359844.3246,15.0,0.2
9549,2.44,8.8432,36.0,0.2
9550,6.2,0.0241,17.0,0.21
9551,2.44,0.0858,35.0,0.2
9552,2.64,0.0758,34.0,0.2
9553,3.04,8.8617,36.0,0.21
9554,6.8,0.3623,14.0,0.18
9555,7.52,0.0093,16.0,0.19
9556,5.8,8.1256,14.0,0.18
9557,9.8,0.4754,13.0,0.21
9558,2.44,8.878,39.0,0.18
9559,5.8,8.1258,14.0,0.24
9560,2.84,8.8967,38.0,0.25
9561,2.64,0.0714,36.0,0.18
9562,2.44,0.0587,37.0,0.19
9563,2.8,8.8387,38.0,0.18
9564,2.8,8.8583,38.0,0.18
9565,3.12,8.8663,34.0,0.22
9566,8.12,0.0757,-1.0,0.21
9567,7.04,0.3626,11.0,0.21
9568,5.76,8.667,11.0,0.19
9569,2.52,0.0764,37.0,0.24
9570,2.68,0.0551,37.0,0.19
9571,2.92,0.06,35.0,0.19
9572,3.88,339245.7722,4.0,0.2
9573,8.2,0.0495,11.0,0.19
9574,2.92,8.8846,36.0,0.18
9575,2.64,0.1176,37.0,0.21
9576,6.76,0.3698,15.0,0.2
9577,5.8,8.1263,14.0,0.26
9578,2.56,0.0638,33.0,0.22
9579,5.8,8.1262,14.0,0.2
9580,2.52,0.07,36.0,0.19
9581,5.8,8.1266,14.0,0.23
9582,2.76,0.07,33.0,0.21
9583,2.64,0.079,39.0,0.21
9584,9.72,0.3431,11.0,0.34
9585,5.6,8.1259,17.0,0.47
9586,2.72,0.0567,33.0,0.44
9587,5.72,8.1263,13.0,0.35
9588,5.68,8.1264,16.0,0.21
9589,2.84,0.0884,36.0,0.19
9590,6.64,0.3691,17.0,0.2
9591,2.76,8.8615,37.0,0.24
9592,3.76,2.6511,8.0,0.22
9593,2.52,8.854,36.0,0.22
9594,5.76,8.6665,7.0,0.22
9595,3.88,339243.3131,4.0,0.2
9596,2.56,8.8242,32.0,0.19
9597,5.56,8.6889,11.0,0.22
9598,2.44,8.8717,38.0,0.2
9599,7.72,0.0221,15.0,0.23
9600,3.56,0.0336,11.0,0.21
9601,5.68,8.125,16.0,0.21
9602,2.52,0.1152,34.0,0.21
9603,2.48,8.8678,34.0,0.22
9604,2.64,8.88,39.0,0.2
9605,5.8,8.1258,14.0,0.22
9606,4.44,89.8708,6.0,0.21
9607,2.72,8.8608,36.0,0.2
9608,5.8,8.1257,14.0,0.73
9609,2.72,0.0524,33.0,0.2
9610,5.8,8.1256,14.0,0.21
9611,5.68,8.1264,14.0,0.21
9612,2.92,0.0705,33.0,0.21
9613,2.76,8.8437,35.0,0.25
9614,9.12,0.03,16.0,0.22
9615,5.68,8.6666,13.0,0.19
9616,8.04,0.0488,7.0,0.2
9617,5.6,8.1262,14.0,0.19
9618,2.72,0.0767,37.0,0.22
9619,2.72,0.0613,40.0,0.21
9620,7.44,0.0075,18.0,0.22
9621,5.72,8.126,14.0,0.21
9622,2.44,8.8837,39.0,0.21
9623,9.72,0.3152,11.0,0.21
9624,5.72,8.1264,14.0,0.2
9625,2.44,0.05,39.0,0.19
9626,5.96,8.6665,11.0,0.22
9627,5.76,8.824,11.0,0.22
9628,2.44,8.8785,40.0,0.22
9629,2.64,8.8902,38.0,0.23
9630,2.8,8.8544,33.0,0.22
9631,6.68,359697.0026,14.0,0.21
9632,7.44,0.0124,17.0,0.22
9633,9.64,0.4912,12.0,0.2
9634,9.48,0.0161,7.0,0.2
9635,2.72,0.0818,35.0,0.2
9636,6.56,0.0415,18.0,0.21
9637,5.76,8.1259,14.0,0.21
9638,2.56,0.0706,35.0,0.24
9639,2.44,8.8318,35.0,0.25
9640,7.04,56465.6465,13.0,0.2
9641,7.32,32236.7273,17.0,0.2
9642,2.52,8.842,35.0,0.22
9643,5.56,8.6662,11.0,0.19
9644,2.52,8.8412,34.0,0.23
9645,6.0,8.1266,14.0,0.2
9646,2.68,8.8961,38.0,0.21
9647,7.72,0.0118,17.0,0.22
9648,5.24,112.0042,-1.0,0.2
9649,2.44,8.8312,34.0,0.19
9650,2.72,8.8361,31.0,0.35
9651,5.72,8.1263,14.0,0.28
9652,6.76,0.0803,15.0,0.26
9653,3.72,67849.5511,10.0,0.25
9654,5.84,8.1262,14.0,0.26
9655,2.76,8.8426,34.0,0.25
9656,2.44,0.0757,37.0,0.24
9657,5.72,8.1261,14.0,0.28
9658,2.52,0.0682,31.0,0.27
9659,2.84,8.8612,37.0,0.27
9660,8.96,0.0544,7.0,0.25
9661,2.72,8.8567,37.0,0.3
9662,10.12,0.1536,9.0,0.32
9663,9.64,0.3301,8.0,0.29
9664,2.52,0.0663,39.0,0.28
9665,9.64,0.6561,10.0,0.28
9666,6.96,0.3653,14.0,0.42
9667,2.64,8.8671,37.0,0.33
9668,5.8,8.1256,14.0,0.38
9669,3.88,67848.6878,8.0,0.4
9670,9.28,0.5053,8.0,0.39
9671,2.52,8.8541,35.0,0.37
9672,2.92,8.8478,32.0,0.38
9673,3.12,0.1023,30.0,0.38
9674,5.6,8.1264,17.0,0.34
9675,5.76,8.6668,11.0,0.4
9676,2.6,8.8887,35.0,0.42
9677,5.8,8.1256,14.0,0.32
9678,9.8,0.2982,16.0,0.29
9679,5.76,8.1252,13.0,0.34
9680,9.96,5.6714,8.0,0.3
9681,5.56,8.6662,14.0,0.3
9682,2.8,0.0824,36.0,0.25
9683,2.68,8.8474,33.0,0.37
9684,2.44,0.0784,38.0,0.33
9685,7.48,0.0165,18.0,0.27
9686,2.56,0.0657,36.0,0.25
9687,8.32,0.079,-2.0,0.28
9688,2.72,8.884,39.0,0.22
9689,5.6,8.1255,14.0,0.22
9690,6.72,56465.6541,14.0,0.22
9691,3.64,2.6574,14.0,0.23
9692,5.6,8.1254,14.0,0.23
9693,2.64,8.8396,38.0,0.23
9694,2.56,8.8442,36.0,0.23
9695,2.76,8.858,32.0,0.23
9696,5.88,8.1268,14.0,0.2
9697,8.32,0.0662,3.0,0.23
9698,5.6,8.1256,14.0,0.32
9699,2.64,0.0927,34.0,0.23
9700,5.68,8.1255,14.0,0.23
9701,7.36,0.0024,20.0,0.21
9702,5.68,8.1261,14.0,0.21
9703,2.52,8.8729,37.0,0.22
9704,2.52,8.8473,32.0,0.22
9705,2.44,8.8679,38.0,0.21
9706,2.44,0.0713,39.0,0.21
9707,2.52,8.8956,38.0,0.21
9708,5.68,8.2754,14.0,0.3
9709,2.92,17.6396,35.0,0.23
9710,7.56,0.0126,18.0,0.28
9711,8.12,0.0714,1.0,0.24
9712,2.4,0.0832,35.0,0.2
9713,4.48,89.8742,5.0,0.28
9714,5.56,8.6679,3.0,0.25
9715,2.36,8.8601,22.0,0.19
9716,3.72,339243.3713,-4.0,0.2
9717,2.64,0.0818,33.0,0.18
9718,9.92,0.0326,-1.0,0.24
9719,2.44,8.8698,35.0,0.27
9720,5.72,8.6664,3.0,0.2
9721,3.84,339243.3003,5.0,0.22
9722,2.76,0.0777,37.0,0.19
9723,2.44,0.0997,39.0,0.19
9724,2.64,8.8487,35.0,0.22
9725,5.76,8.6668,11.0,0.2
9726,2.56,8.8476,33.0,0.78
9727,5.6,8.1258,17.0,0.2
9728,5.76,8.1264,14.0,0.19
9729,8.12,32236.7375,14.0,0.23
9730,7.56,0.0126,16.0,0.23
9731,5.6,8.126,17.0,0.19
9732,2.56,8.871,34.0,0.2
9733,10.2,5.5468,7.0,0.2
9734,5.68,8.1258,16.0,0.23
9735,6.2,0.0249,19.0,0.26
9736,7.72,0.0084,15.0,0.22
9737,7.72,0.02,17.0,0.19
9738,2.64,8.8554,36.0,0.22
9739,2.92,8.854,33.0,0.22
9740,2.84,8.8541,33.0,0.2
9741,2.6,0.0791,34.0,0.21
9742,2.44,8.8673,37.0,0.28
9743,5.72,8.1259,14.0,0.29
9744,2.68,8.8245,30.0,0.21
9745,2.64,8.8704,33.0,0.23
9746,3.08,8.8794,26.0,0.26
9747,10.24,0.1811,3.0,0.2
9748,2.64,0.0874,34.0,0.21
9749,2.76,8.8632,31.0,0.19
9750,6.56,0.0201,18.0,0.19
9751,2.56,0.066,36.0,0.2
9752,5.56,8.6664,3.0,0.19
9753,2.52,8.8675,27.0,0.2
9754,5.68,8.6663,3.0,0.24
9755,4.36,170.3999,-23.0,0.22
9756,2.56,8.886,23.0,0.17
9757,2.44,0.0816,23.0,0.19
9758,5.72,9.2072,-2.0,0.18
9759,2.56,0.0844,34.0,0.17
9760,4.44,59.9257,-12.0,0.17
9761,5.6,9.207,-2.0,0.18
9762,8.28,2.5268,-16.0,0.17
9763,2.92,0.0528,21.0,0.18
9764,2.4,0.0448,18.0,0.19
9765,2.84,359542.5982,27.0,0.19
9766,5.88,9.2065,2.0,0.18
9767,3.6,0.891,-11.0,0.18
9768,8.0,0.0081,6.0,0.24
9769,5.76,8.6665,3.0,0.2
9770,9.76,0.0138,-2.0,0.21
9771,5.96,8.6668,-1.0,0.2
9772,7.76,32236.7384,3.0,0.26
9773,4.52,359792.3507,-5.0,0.28
9774,2.68,0.0782,39.0,0.24
9775,2.44,8.856,40.0,0.23
9776,2.72,8.8597,30.0,0.22
9777,5.64,8.6664,-1.0,0.19
9778,5.76,8.6661,-1.0,0.21
9779,3.84,67850.521,-6.0,0.2
9780,2.72,8.8675,36.0,0.2
9781,9.4,0.151,9.0,0.24
9782,2.44,0.0836,37.0,0.2
9783,5.88,8.6662,11.0,0.19
9784,5.8,8.1255,14.0,0.2
9785,2.44,8.8616,40.0,0.2
9786,2.48,359711.3246,36.0,0.19
9787,2.44,8.8299,34.0,0.19
9788,5.6,8.1262,16.0,0.2
9789,8.56,2.4929,-5.0,0.24
9790,2.64,8.8666,36.0,0.22
9791,2.44,8.8589,33.0,0.2
9792,2.76,0.0762,35.0,0.22
9793,3.88,67850.4572,10.0,0.21
9794,5.6,8.1262,14.0,0.29
9795,2.92,8.879,36.0,0.18
9796,8.48,2.5149,-2.0,0.18
9797,5.8,8.1257,14.0,0.19
9798,2.64,8.8432,35.0,0.2
9799,2.72,0.0821,35.0,0.21
9800,5.68,8.1262,16.0,0.19
9801,6.28,0.0413,13.0,0.24
9802,8.36,0.071,0.0,0.21
9803,5.68,8.1258,16.0,0.25
9804,2.92,0.0824,34.0,0.31
9805,5.6,8.1266,17.0,0.37
9806,2.44,0.0636,33.0,0.32
9807,2.6,8.844,36.0,0.28
9808,2.44,8.8603,38.0,0.23
9809,2.88,0.0698,32.0,0.25
9810,7.32,0.0083,17.0,0.25
9811,2.44,8.8602,35.0,0.16
9812,5.8,8.1263,14.0,0.18
9813,2.92,0.049,35.0,0.27
9814,5.68,8.1264,16.0,0.27
9815,3.56,67849.5414,6.0,0.26
9816,3.68,67849.5405,9.0,0.24
9817,2.72,8.8294,31.0,0.39
9818,6.0,8.126,14.0,0.3
9819,2.52,8.8673,37.0,0.28
9820,3.12,120013.6999,34.0,0.35
9821,6.8,359696.6626,14.0,0.27
9822,3.04,8.8602,34.0,0.35
9823,2.64,8.8603,36.0,0.24
9824,5.8,8.1262,14.0,0.21
9825,6.0,8.1253,14.0,0.17
9826,4.84,112.0046,4.0,0.17
9827,5.8,8.1264,14.0,0.17
9828,2.56,8.8624,33.0,0.18
9829,8.96,0.0923,3.0,0.17
9830,5.6,8.1257,17.0,0.19
9831,5.68,8.1255,14.0,0.18
9832,7.4,32236.7309,16.0,0.18
9833,2.88,8.8736,37.0,0.19
9834,8.6,2.8392,6.0,0.17
9835,5.72,8.1252,14.0,0.18
9836,2.96,0.0806,31.0,0.22
9837,2.68,0.0747,33.0,0.17
9838,5.72,7.5863,15.0,0.18
9839,5.64,7.5856,13.0,0.17
9840,4.04,0.0407,8.0,0.19
9841,2.52,0.0974,33.0,0.2
9842,7.44,0.0088,16.0,0.19
9843,2.56,8.8589,35.0,0.2
9844,2.8,42889.1728,29.0,0.2
9845,8.36,0.0812,3.0,0.19
9846,2.68,0.0635,33.0,0.2
9847,3.88,0.0301,1.0,0.18
9848,5.64,7.5855,13.0,0.19
9849,5.88,7.5857,13.0,0.23
9850,3.72,67851.2893,2.0,0.21
9851,6.0,8.1268,14.0,0.21
9852,5.8,8.126,14.0,0.21
9853,7.6,0.0044,16.0,0.21
9854,7.88,0.0177,17.0,0.21
9855,5.56,8.1263,14.0,0.22
9856,5.68,8.1257,14.0,0.18
9857,5.76,9.4418,14.0,0.19
9858,5.6,8.1262,14.0,0.19
9859,5.6,8.1267,14.0,0.19
9860,3.76,0.9009,8.0,0.19
9861,2.8,0.034,31.0,0.21
9862,5.8,8.1262,14.0,0.18
9863,5.72,8.1258,14.0,0.73
9864,5.76,8.1256,14.0,0.21
9865,2.52,8.8616,37.0,0.19
9866,7.32,32236.7234,17.0,0.22
9867,8.24,0.0822,2.0,0.23
9868,5.72,8.1261,14.0,0.35
9869,2.92,8.8358,31.0,0.19
9870,3.68,67851.1672,10.0,0.2
9871,3.36,0.0788,35.0,0.25
9872,6.04,8.1252,14.0,0.23
9873,7.92,0.0057,15.0,0.19
9874,2.88,8.8366,34.0,0.19
9875,5.6,8.1455,14.0,0.19
9876,5.6,8.1262,14.0,0.18
9877,10.04,0.3232,11.0,0.19
9878,4.4,359782.3656,2.0,0.19
9879,2.44,0.0777,37.0,0.21
9880,5.88,8.1262,14.0,0.21
9881,5.72,8.1257,14.0,0.19
9882,6.8,0.0258,15.0,0.25
9883,8.84,0.0555,4.0,0.27
9884,6.12,0.0332,18.0,0.25
9885,8.2,0.0085,17.0,0.19
9886,9.36,0.0282,8.0,0.25
9887,5.56,8.6658,11.0,0.24
9888,5.8,8.6662,11.0,0.2
9889,5.76,8.1254,13.0,0.21
9890,5.52,8.6642,15.0,0.19
9891,2.52,0.07,34.0,0.19
9892,6.56,0.3722,15.0,0.23
9893,5.8,8.1259,14.0,0.21
9894,2.48,8.8738,38.0,0.21
9895,5.6,8.1256,17.0,0.18
9896,4.8,151.9423,7.0,0.22
9897,5.6,8.1257,14.0,0.26
9898,2.72,8.8729,36.0,0.21
9899,6.48,56465.6392,15.0,0.22
9900,5.6,8.1262,14.0,0.2
9901,5.72,8.1264,14.0,0.21
9902,2.56,8.8481,34.0,0.23
9903,5.92,7.5855,13.0,0.21
9904,6.0,8.1264,14.0,0.24
9905,2.56,8.8528,33.0,0.19
9906,7.6,0.018,17.0,0.19
9907,9.84,0.1902,10.0,0.25
9908,2.64,0.087,34.0,0.28
9909,6.76,0.0304,14.0,0.25
9910,5.8,8.1256,14.0,0.28
9911,5.84,8.1255,14.0,0.33
9912,3.16,8.8651,33.0,0.22
9913,2.44,0.065,35.0,0.28
9914,5.6,8.1477,14.0,0.22
9915,2.64,8.8785,37.0,0.22
9916,2.92,8.9181,34.0,0.22
9917,8.0,201681.6522,14.0,0.19
9918,3.8,67852.9201,4.0,0.18
9919,2.72,0.0539,34.0,0.26
9920,5.6,8.1263,14.0,0.22
9921,2.88,0.0717,35.0,0.22
9922,3.6,67848.6944,12.0,0.28
9923,3.64,0.8897,8.0,0.25
9924,5.8,8.1264,14.0,0.27
9925,8.52,0.0748,1.0,0.31
9926,5.6,8.126,14.0,0.2
9927,5.6,8.1265,14.0,0.26
9928,8.12,0.0682,4.0,0.24
9929,2.92,0.0375,35.0,0.21
9930,4.88,131.9761,4.0,0.26
9931,7.6,0.0081,15.0,0.22
9932,5.76,8.666,13.0,0.21
9933,2.56,0.0573,32.0,0.26
9934,5.8,8.126,14.0,0.28
9935,6.32,0.03,17.0,0.25
9936,2.44,8.8882,34.0,0.22
9937,3.84,2.5076,4.0,0.24
9938,5.36,8.6652,15.0,0.23
9939,2.44,0.0493,37.0,0.28
9940,9.44,0.1748,11.0,0.17
9941,2.52,0.06,36.0,0.28
9942,4.28,235.2583,9.0,0.26
9943,3.08,0.0684,27.0,0.18
9944,2.44,0.0947,37.0,0.22
9945,5.8,8.1256,14.0,0.2
9946,3.76,67851.302,8.0,0.17
9947,7.6,0.0096,18.0,0.2
9948,2.88,0.0511,32.0,0.18
9949,5.96,8.1256,14.0,0.18
9950,5.84,8.1256,14.0,0.19
9951,2.64,0.0764,35.0,0.19
9952,5.8,8.1259,14.0,0.2
9953,5.84,8.1267,14.0,0.35
9954,2.44,8.8503,38.0,0.23
9955,5.68,8.1267,14.0,0.22
9956,2.64,0.0776,37.0,0.23
9957,2.64,0.0896,38.0,0.23
9958,5.8,8.1258,14.0,0.28
9959,2.92,8.8614,36.0,0.23
9960,2.64,8.854,35.0,0.27
9961,5.6,8.1258,14.0,0.29
9962,5.88,8.1257,14.0,0.27
9963,5.68,8.126,14.0,0.31
9964,2.64,8.8679,38.0,0.24
9965,5.88,8.5012,14.0,0.25
9966,2.64,8.8368,34.0,0.28
9967,2.72,0.1001,35.0,0.25
9968,8.68,0.0734,-1.0,0.26
9969,5.6,8.126,14.0,0.22
9970,5.84,8.1258,14.0,0.26
9971,2.64,8.8268,36.0,0.19
9972,5.44,9.7469,17.0,0.21
9973,2.88,8.8535,32.0,0.19
9974,3.72,2.656,5.0,0.25
9975,3.52,339244.1576,3.0,0.24
9976,2.52,0.06,36.0,0.24
9977,2.92,8.8725,35.0,0.25
9978,5.72,8.1264,14.0,0.23
9979,5.72,8.1268,14.0,0.23
9980,2.44,0.0622,39.0,0.23
9981,6.08,428.5327,13.0,0.28
9982,5.84,8.133,14.0,0.3
9983,5.8,8.1262,14.0,0.19
9984,3.8,2.725,13.0,0.28
9985,2.56,0.0436,37.0,0.25
9986,5.48,131.9677,6.0,0.22
9987,5.76,8.1259,17.0,0.17
9988,2.92,0.061,36.0,0.19
9989,5.72,8.1256,14.0,0.2
9990,4.36,89.8826,1.0,0.19
9991,2.68,0.0751,33.0,0.78
9992,8.12,0.0088,15.0,0.21
9993,7.32,0.0075,17.0,0.2
9994,5.8,8.1261,14.0,0.22
9995,4.44,79.8903,5.0,0.21
9996,5.88,8.6662,11.0,0.24
9997,3.76,339244.223,10.0,0.26
9998,5.6,8.1268,14.0,0.27
9999,2.64,8.8582,32.0,0.25
10000,9.84,0.1945,9.0,0.24
