episode,avg_pods,avg_latency,reward,execution_time
1,35.12,1029.4496,8.0,2.04
2,50.0,1043.7262,-3.0,1.22
3,35.4,1018.9884,11.0,1.13
4,36.64,1019.1664,29.0,1.32
5,51.56,1037.3185,10.0,1.35
6,61.36,1039.5584,2.0,1.26
7,46.92,996.4093,11.0,1.37
8,46.52,1018.2782,7.0,1.32
9,30.52,1066.7275,25.0,1.21
10,54.44,1027.1816,-7.0,1.28
11,51.92,1073.0438,9.0,1.26
12,22.36,1019.671,29.0,1.2
13,51.56,1011.8967,10.0,1.21
14,39.88,1032.1462,3.0,1.32
15,55.96,993.3714,25.0,1.17
16,54.92,1050.7601,-2.0,1.16
17,52.88,1049.8362,23.0,1.29
18,52.6,1058.4273,8.0,1.47
19,41.32,1064.9017,29.0,1.26
20,43.68,1015.9672,6.0,1.45
21,52.84,1030.451,26.0,1.59
22,42.48,1005.4839,31.0,1.1
23,47.84,1035.2738,27.0,1.42
24,38.36,1004.1017,24.0,1.28
25,34.32,1012.7848,69.0,1.18
26,54.2,1059.4951,-1.0,1.4
27,56.16,1050.4676,17.0,1.35
28,50.0,1058.1645,4.0,1.23
29,37.48,1007.2768,38.0,0.96
30,56.76,1036.5218,30.0,1.29
31,50.72,1037.7383,13.0,1.39
32,52.44,1026.2147,52.0,1.42
33,50.24,1010.3224,4.0,1.35
34,53.0,1047.1622,-1.0,1.16
35,58.64,1042.0761,24.0,1.29
36,50.52,1020.2136,18.0,1.12
37,48.2,1051.7599,30.0,1.2
38,46.44,1017.0062,24.0,1.0
39,50.16,1045.9602,17.0,1.22
40,53.4,1061.2141,34.0,1.29
41,45.92,1033.3949,10.0,1.21
42,47.44,1002.1104,30.0,1.13
43,31.84,1061.7038,34.0,1.33
44,60.08,1019.197,0.0,1.32
45,47.24,1006.0439,20.0,1.19
46,57.8,994.0784,-5.0,1.1
47,36.68,1030.7326,19.0,1.25
48,56.08,1077.2258,51.0,1.1
49,61.08,1011.5768,26.0,1.29
50,54.72,1085.4709,28.0,1.29
51,47.48,1071.2935,-14.0,1.54
52,54.0,1088.9244,9.0,1.23
53,54.44,1033.3672,22.0,1.2
54,62.2,1029.1514,13.0,1.62
55,52.84,991.6852,22.0,1.29
56,55.32,995.1682,4.0,1.54
57,66.96,1029.0569,4.0,1.18
58,59.0,1024.4488,40.0,1.2
59,53.88,1057.1275,18.0,1.13
60,52.88,1039.8156,31.0,1.42
61,70.44,996.5242,25.0,1.42
62,54.04,992.84,14.0,1.36
63,45.24,1031.9733,62.0,1.32
64,51.76,1020.624,43.0,1.43
65,54.44,1055.6822,53.0,1.35
66,57.72,1027.7004,25.0,1.22
67,67.8,1010.7978,-34.0,1.46
68,43.76,990.9878,36.0,1.99
69,63.2,1068.9216,6.0,2.24
70,65.2,1059.3739,-1.0,1.57
71,46.72,1069.0841,13.0,1.61
72,47.68,1031.5722,22.0,1.64
73,46.24,1019.1059,17.0,1.68
74,46.12,1100.6847,18.0,1.56
75,55.24,1045.1682,6.0,1.49
76,52.4,1012.2889,8.0,1.68
77,48.44,997.0966,7.0,1.84
78,53.04,1051.853,60.0,1.49
79,58.16,1038.5902,7.0,1.41
80,50.6,1042.3234,2.0,1.28
81,63.4,1005.3252,11.0,1.42
82,50.44,1029.7422,3.0,1.3
83,59.44,1010.4812,45.0,1.19
84,55.44,1038.2584,28.0,1.46
85,59.4,1142.2177,34.0,1.41
86,53.52,1066.6223,14.0,1.12
87,50.0,1026.0936,21.0,1.53
88,49.72,997.4632,40.0,1.48
89,53.28,1023.8664,37.0,1.33
90,47.76,1056.4984,56.0,1.12
91,49.36,1037.0756,28.0,1.27
92,40.64,1037.1793,28.0,1.16
93,60.36,1031.8896,6.0,1.28
94,45.72,1013.3192,20.0,1.19
95,42.56,1031.9653,6.0,1.33
96,53.2,1093.8108,5.0,1.27
97,52.72,1050.3006,7.0,1.41
98,52.64,1109.9901,-5.0,1.25
99,51.76,1041.4586,20.0,1.19
100,54.48,1012.4671,-4.0,1.28
101,33.56,1003.3658,42.0,1.2
102,49.12,1017.8272,30.0,1.32
103,59.56,1029.4267,9.0,1.55
104,52.12,1030.2004,18.0,1.3
105,37.56,1007.8423,16.0,1.39
106,50.68,1004.6724,-2.0,1.32
107,57.44,1029.889,14.0,1.5
108,44.8,1047.2554,13.0,1.29
109,49.04,1051.9793,32.0,1.3
110,26.96,994.7265,27.0,1.9
111,47.32,1038.2612,30.0,1.8
112,51.24,1000.8518,-13.0,1.96
113,38.88,1026.2701,22.0,1.8
114,50.92,1028.3915,17.0,2.22
115,54.92,1017.2256,43.0,1.7
116,50.24,1005.6281,34.0,1.25
117,50.88,1055.4926,42.0,1.28
118,45.92,1012.3072,13.0,1.26
119,59.0,1030.4969,18.0,1.15
120,41.4,1025.4785,40.0,1.55
121,35.96,1005.2127,66.0,1.19
122,66.92,981.5226,-12.0,1.14
123,56.92,1034.1012,37.0,1.16
124,46.72,1028.1233,19.0,1.15
125,68.32,1014.1716,2.0,1.18
126,48.28,1037.9637,-2.0,1.3
127,55.72,992.378,26.0,1.29
128,61.08,998.2193,25.0,1.36
129,51.6,1106.357,26.0,1.06
130,42.24,1042.8102,21.0,1.31
131,60.16,1070.0721,1.0,1.6
132,43.16,1028.6152,-6.0,1.4
133,49.44,1066.795,9.0,1.7
134,51.76,1022.4218,40.0,1.65
135,27.92,1003.2882,11.0,1.38
136,59.0,1217.8003,39.0,1.54
137,64.0,1010.846,16.0,1.47
138,50.44,1010.2824,14.0,1.41
139,50.28,1032.1394,-13.0,1.67
140,56.68,1040.3996,59.0,1.42
141,69.08,1036.0616,6.0,1.53
142,45.2,1015.602,38.0,1.39
143,46.64,1001.3542,28.0,1.6
144,48.48,1010.5184,40.0,1.53
145,55.4,998.4083,15.0,1.51
146,56.6,1035.0564,39.0,1.59
147,45.92,1003.5974,38.0,1.73
148,51.12,1013.2985,49.0,1.46
149,49.44,1004.89,14.0,1.56
150,58.96,1054.8822,14.0,1.31
151,45.88,996.3149,32.0,1.54
152,37.56,1020.6595,17.0,1.53
153,55.6,1000.9616,43.0,1.43
154,61.8,1040.694,7.0,1.56
155,45.16,1040.7368,-14.0,1.55
156,61.32,1038.6939,2.0,1.82
157,49.2,1052.0739,26.0,2.27
158,68.6,1092.6159,4.0,1.35
159,52.8,1028.9448,38.0,1.38
160,28.0,998.5576,58.0,1.34
161,52.92,1041.3879,28.0,1.59
162,36.56,1050.6737,56.0,1.52
163,43.36,1030.495,33.0,1.35
164,61.24,1036.2075,11.0,1.42
165,51.6,1023.7926,55.0,1.63
166,58.44,997.9141,9.0,2.2
167,56.28,1033.3277,16.0,1.87
168,56.76,1016.4591,1.0,1.35
169,42.36,1029.7533,45.0,1.28
170,63.04,1020.1184,-7.0,1.34
171,51.52,1005.2524,9.0,1.51
172,53.52,992.6909,1.0,1.47
173,66.96,1057.5267,4.0,1.44
174,53.4,1011.1941,15.0,1.45
175,50.32,1067.8354,7.0,1.25
176,55.2,1020.09,21.0,1.41
177,58.64,1024.7062,-22.0,1.4
178,48.56,1037.2688,4.0,1.36
179,44.92,1010.3592,9.0,1.33
180,41.68,1007.5096,33.0,1.63
181,47.48,1051.144,9.0,1.72
182,29.2,1006.3361,64.0,1.92
183,56.36,995.1007,4.0,1.91
184,50.24,1002.4954,30.0,1.53
185,36.92,999.2926,51.0,1.8
186,61.68,1004.6874,50.0,1.59
187,53.8,1008.9025,7.0,1.59
188,59.96,1072.2645,21.0,1.45
189,50.2,1022.8184,6.0,1.5
190,53.92,1042.3967,15.0,1.54
191,42.84,994.7983,21.0,1.54
192,53.52,1022.6362,37.0,1.51
193,62.48,1042.1174,7.0,1.51
194,57.8,1056.8132,33.0,1.66
195,47.72,1014.9311,14.0,2.02
196,65.4,1060.9552,41.0,1.58
197,36.84,983.3892,38.0,1.29
198,35.6,1035.9679,58.0,1.16
199,39.8,1073.0825,-1.0,1.23
200,55.8,1040.435,3.0,1.2
201,42.72,998.1282,27.0,1.21
202,66.72,1024.8074,-8.0,1.14
203,50.12,994.7985,43.0,1.16
204,68.24,1080.7643,-6.0,1.14
205,54.68,1020.4194,10.0,1.3
206,52.44,1027.2458,11.0,1.2
207,64.04,1093.9673,16.0,1.06
208,54.88,1001.9795,37.0,1.07
209,62.32,1025.5702,2.0,1.13
210,49.12,1024.3196,2.0,1.12
211,46.16,1051.8387,28.0,1.1
212,52.64,1024.857,0.0,1.18
213,51.4,1042.5033,4.0,1.21
214,62.28,1034.3061,1.0,1.1
215,49.04,1001.1643,-4.0,1.15
216,53.72,1047.3086,6.0,1.01
217,62.2,1015.5085,0.0,1.23
218,54.44,1069.3417,4.0,1.21
219,37.52,1000.4546,53.0,1.23
220,56.56,1035.4866,14.0,1.3
221,53.12,1019.1508,44.0,1.29
222,60.2,1039.7444,23.0,1.1
223,64.64,1023.9031,44.0,1.17
224,53.0,1028.5316,21.0,1.18
225,57.64,1012.7679,4.0,1.18
226,47.2,1034.559,29.0,1.22
227,52.76,1072.4828,6.0,1.21
228,56.84,1021.7478,13.0,1.12
229,54.6,1095.9591,49.0,1.26
230,56.56,1015.4827,13.0,1.26
231,56.12,1079.0279,20.0,1.33
232,47.52,1054.1148,35.0,1.22
233,62.96,1013.1224,14.0,1.11
234,26.64,999.18,13.0,1.24
235,52.28,1027.406,14.0,1.19
236,55.2,1056.7661,1.0,1.03
237,51.04,1068.6871,4.0,1.22
238,43.96,978.4844,46.0,1.21
239,56.8,1180.6898,-4.0,1.32
240,57.52,1120.4431,19.0,1.4
241,64.52,1011.5111,11.0,1.26
242,57.84,1016.0778,10.0,1.31
243,58.04,1035.4287,28.0,1.21
244,57.4,1027.1463,46.0,1.52
245,30.44,998.487,57.0,1.14
246,48.2,1043.1369,10.0,1.1
247,47.44,1030.12,39.0,1.23
248,49.36,1020.1974,31.0,1.05
249,56.72,1006.6847,23.0,1.13
250,53.36,1017.7442,5.0,1.59
251,71.64,1003.2575,10.0,1.32
252,38.4,1015.798,20.0,1.26
253,63.44,979.6588,21.0,1.53
254,49.08,1056.9364,41.0,1.35
255,52.4,997.5453,48.0,1.5
256,53.2,1019.0743,18.0,1.59
257,60.12,988.501,-2.0,1.35
258,61.4,1072.4713,10.0,1.36
259,56.2,1040.8362,22.0,1.54
260,30.28,1004.4857,82.0,1.58
261,61.36,1108.286,16.0,1.51
262,52.28,1049.9018,33.0,1.6
263,53.32,1066.0844,8.0,1.59
264,68.52,1014.4459,4.0,1.47
265,40.92,1008.2344,49.0,1.8
266,62.6,1045.1704,19.0,1.85
267,58.56,996.4107,55.0,2.02
268,54.08,1072.7076,2.0,1.64
269,60.8,1014.2506,5.0,1.79
270,44.24,1195.4547,35.0,1.74
271,66.28,1093.0288,12.0,1.63
272,53.76,1032.8912,21.0,1.82
273,54.96,1011.9084,19.0,1.41
274,28.12,1006.5449,-20.0,1.83
275,61.12,999.2311,31.0,1.55
276,66.32,1012.8468,4.0,1.71
277,34.44,995.5925,52.0,1.62
278,49.84,1012.658,16.0,1.52
279,46.8,989.0189,0.0,1.64
280,55.6,1032.4087,59.0,1.7
281,63.28,1054.2778,8.0,1.42
282,51.48,1012.4595,22.0,1.56
283,51.64,1029.1515,26.0,1.66
284,58.48,995.2459,35.0,1.64
285,48.72,1019.8478,36.0,1.51
286,44.8,1021.4633,21.0,1.54
287,57.6,1034.8463,9.0,1.44
288,54.28,1047.0224,4.0,1.62
289,48.12,1023.7242,36.0,1.3
290,55.16,1019.5334,11.0,1.53
291,57.16,986.0911,27.0,1.81
292,53.04,999.8722,5.0,1.44
293,48.64,1053.8028,21.0,1.37
294,49.6,1037.8399,15.0,1.42
295,50.24,1088.8354,29.0,1.89
296,31.48,1027.9579,27.0,1.68
297,64.56,1002.0793,11.0,1.67
298,59.04,1009.6066,6.0,1.49
299,31.84,1015.6373,96.0,1.54
300,56.28,1002.4302,0.0,1.52
301,33.16,1007.2428,60.0,1.88
302,46.04,1046.4269,32.0,1.79
303,36.6,1030.5898,19.0,1.5
304,60.32,1044.963,17.0,2.3
305,43.04,1005.0447,8.0,2.02
306,56.24,1031.8562,41.0,2.15
307,66.52,1016.695,20.0,1.53
308,67.24,1050.5329,15.0,2.04
309,70.6,1113.1377,14.0,1.45
310,59.16,1049.3723,26.0,1.62
311,47.28,998.9688,0.0,1.84
312,40.36,1057.1917,-7.0,1.43
313,56.4,1017.1695,15.0,1.44
314,50.44,1042.8963,31.0,1.5
315,62.92,1002.4915,-9.0,1.55
316,50.88,1048.8329,17.0,1.61
317,70.44,992.466,-2.0,1.9
318,57.76,1055.2267,19.0,1.81
319,64.4,1042.015,0.0,1.45
320,65.76,1011.3086,-5.0,1.52
321,32.0,1044.4343,18.0,1.8
322,55.84,1022.8899,-2.0,1.54
323,42.2,1014.1651,50.0,1.27
324,41.72,1014.9424,26.0,1.31
325,49.76,996.8944,40.0,1.5
326,57.76,1029.1124,4.0,1.84
327,60.48,1031.7149,-2.0,1.5
328,47.04,1087.7199,16.0,1.62
329,54.28,1032.3872,28.0,1.37
330,63.04,1015.4639,10.0,1.37
331,53.92,1052.5441,9.0,1.58
332,46.36,1019.2803,-15.0,1.3
333,45.04,1027.643,27.0,1.39
334,50.2,1027.4211,31.0,1.37
335,67.32,1008.5187,9.0,1.35
336,40.52,1051.8623,20.0,1.44
337,55.6,1040.9416,-9.0,1.3
338,45.76,1031.186,18.0,1.83
339,54.12,1064.9998,21.0,1.56
340,55.84,1074.1634,26.0,2.33
341,53.48,1033.887,3.0,1.61
342,66.12,1006.399,33.0,1.63
343,61.52,1017.737,5.0,1.43
344,25.84,1002.9585,56.0,1.47
345,53.04,1018.2692,-3.0,1.68
346,65.96,989.003,-2.0,1.26
347,52.48,1017.8074,20.0,1.39
348,48.04,999.2998,17.0,1.58
349,32.04,1028.243,41.0,1.65
350,51.0,1035.875,-5.0,1.44
351,40.52,1039.084,19.0,1.58
352,57.08,1037.6644,24.0,1.72
353,50.8,1060.4628,55.0,1.53
354,67.12,1053.2533,20.0,1.43
355,57.04,1025.8749,14.0,1.44
356,48.68,1049.2245,33.0,1.58
357,39.92,1018.9528,60.0,1.43
358,71.32,1035.5632,-8.0,1.53
359,53.64,1012.8019,53.0,1.36
360,37.88,1030.7072,26.0,1.96
361,43.8,1024.1994,27.0,1.68
362,51.88,988.1622,19.0,1.76
363,60.56,1062.7591,10.0,1.33
364,58.72,1040.5913,24.0,1.49
365,66.08,1002.488,12.0,1.69
366,43.52,1015.571,13.0,1.44
367,35.88,1015.5902,45.0,1.66
368,65.08,1017.9889,-6.0,1.8
369,53.4,1002.325,4.0,1.7
370,48.56,1022.8088,14.0,1.58
371,49.0,1000.6355,55.0,1.52
372,59.16,1031.7463,39.0,1.49
373,48.56,995.3833,25.0,1.46
374,56.36,1029.026,10.0,1.49
375,52.32,1034.0553,26.0,2.41
376,54.76,1015.4038,5.0,2.62
377,44.88,1015.1599,-5.0,1.68
378,55.68,998.8696,25.0,1.58
379,58.12,1000.757,4.0,2.2
380,43.2,1014.7233,41.0,1.58
381,66.32,987.5565,-1.0,2.2
382,53.08,1019.748,4.0,2.35
383,45.36,1010.4306,53.0,1.67
384,44.36,999.8592,59.0,1.72
385,47.08,1029.3083,19.0,2.0
386,48.0,999.7,25.0,2.85
387,53.16,1083.8647,37.0,2.32
388,56.12,999.3876,26.0,2.02
389,51.04,1064.2676,18.0,2.45
390,41.2,1005.2315,57.0,2.9
391,56.28,1034.5266,12.0,3.05
392,62.04,1057.3372,23.0,2.67
393,41.2,1022.4882,50.0,2.59
394,53.44,1026.7377,22.0,2.53
395,54.88,1116.462,35.0,2.31
396,53.52,1013.8953,31.0,2.03
397,53.92,1001.1608,34.0,2.57
398,55.32,1053.9271,21.0,2.23
399,61.52,1044.8316,6.0,1.65
400,54.68,1013.9882,9.0,1.55
401,50.2,1024.9941,7.0,1.41
402,39.84,1053.9108,31.0,1.59
403,52.04,1020.7792,21.0,1.31
404,55.72,1053.3771,35.0,1.32
405,59.44,1000.8746,21.0,1.52
406,57.56,1014.1518,9.0,1.48
407,58.52,1018.8593,26.0,1.35
408,51.72,1025.6053,8.0,1.36
409,44.4,1041.0262,58.0,1.39
410,69.68,998.6533,-9.0,1.42
411,66.44,1050.3028,5.0,1.85
412,64.16,1034.5458,6.0,1.09
413,59.4,1056.2831,4.0,1.26
414,45.24,1027.9132,26.0,1.21
415,51.48,1048.7158,21.0,1.2
416,53.24,1005.1158,53.0,1.12
417,68.68,1022.8304,-4.0,1.14
418,41.0,996.676,31.0,1.14
419,51.68,1022.4724,12.0,1.18
420,43.6,1032.489,13.0,1.15
421,62.56,989.0732,12.0,0.86
422,70.16,1118.0867,17.0,1.11
423,57.08,1045.0902,0.0,1.32
424,51.84,1052.6102,4.0,1.24
425,27.48,1016.905,68.0,1.34
426,61.76,1005.026,5.0,1.14
427,50.68,999.5942,16.0,1.17
428,40.56,1010.736,52.0,1.19
429,52.64,1001.1851,18.0,1.19
430,62.36,1046.3576,2.0,1.21
431,43.96,1024.2989,22.0,1.15
432,32.68,1004.542,54.0,1.16
433,45.56,1028.9716,64.0,1.18
434,51.04,1006.1245,37.0,1.1
435,52.12,1058.4787,29.0,1.23
436,55.12,1032.8391,17.0,1.39
437,48.84,1061.9044,32.0,1.15
438,50.88,1001.2432,16.0,1.19
439,57.76,1015.9944,9.0,1.21
440,45.24,993.4611,21.0,1.23
441,54.28,1025.6157,45.0,1.2
442,45.2,1072.7926,39.0,1.17
443,48.16,1004.8402,39.0,1.29
444,55.44,1042.678,24.0,1.21
445,45.84,1051.8436,19.0,1.17
446,55.08,1009.7236,7.0,1.15
447,60.6,1030.3662,25.0,1.19
448,44.32,999.397,3.0,1.09
449,58.76,1046.585,-1.0,1.24
450,35.84,1014.2338,3.0,1.17
451,67.64,1073.6004,11.0,1.03
452,53.24,996.0416,7.0,1.12
453,53.84,1012.3058,31.0,1.13
454,60.44,1079.4614,21.0,1.16
455,62.16,1063.4668,11.0,1.18
456,53.32,1030.0281,22.0,1.24
457,53.68,1011.4668,12.0,1.13
458,59.92,1006.773,0.0,1.35
459,50.28,1042.579,32.0,1.54
460,64.32,1003.5756,19.0,1.26
461,64.56,1026.3024,12.0,1.07
462,57.16,1060.9122,-2.0,1.19
463,53.16,1010.4113,31.0,0.95
464,42.44,1063.2437,43.0,0.99
465,49.6,1018.993,20.0,1.18
466,45.96,1018.0159,36.0,1.45
467,62.48,1027.9437,-1.0,1.44
468,49.6,1007.2231,32.0,1.39
469,48.92,1032.0733,-6.0,1.34
470,58.6,1028.2034,22.0,1.5
471,47.12,1031.9814,20.0,1.27
472,60.48,1020.6982,6.0,1.35
473,56.56,1028.5828,-4.0,1.8
474,44.48,1084.9129,35.0,1.8
475,60.84,1045.9619,12.0,1.53
476,44.32,1046.8189,34.0,1.15
477,49.24,1014.8573,30.0,1.22
478,37.36,996.4849,32.0,1.2
479,57.56,1011.0247,64.0,1.37
480,56.16,992.065,17.0,1.38
481,41.4,1021.8062,14.0,1.25
482,51.92,1042.166,21.0,1.44
483,35.04,1010.9573,47.0,1.62
484,42.08,996.634,31.0,1.26
485,65.52,1110.9093,21.0,1.16
486,52.8,1021.8788,15.0,1.3
487,61.92,1034.0581,12.0,1.51
488,42.0,1020.9944,24.0,1.46
489,63.12,1005.719,6.0,1.5
490,45.04,1027.1841,30.0,1.32
491,42.72,990.3348,27.0,1.09
492,62.88,1014.7678,2.0,1.46
493,53.6,1027.4729,43.0,1.4
494,42.88,1040.2288,26.0,1.55
495,53.4,1003.6015,24.0,1.17
496,56.12,1048.6644,7.0,1.42
497,51.8,1024.8312,22.0,1.15
498,46.32,1049.9868,43.0,1.46
499,54.0,1037.624,-6.0,1.21
500,56.24,1028.1938,35.0,1.26
501,42.76,1016.0241,53.0,1.35
502,59.44,1019.7941,20.0,1.5
503,39.68,1001.5601,51.0,1.32
504,52.28,996.8312,8.0,1.27
505,49.04,1000.6077,52.0,1.16
506,61.44,1000.937,8.0,1.21
507,56.08,1012.7203,19.0,1.08
508,50.32,1018.7607,20.0,1.18
509,48.88,1017.902,28.0,1.26
510,56.56,1029.4333,30.0,1.2
511,54.52,1026.7934,0.0,1.17
512,48.8,1019.1992,-7.0,1.24
513,57.56,1067.566,17.0,1.16
514,63.16,1036.7816,7.0,1.12
515,55.64,1064.3826,8.0,1.18
516,53.52,1056.7852,13.0,1.17
517,50.68,997.2611,27.0,1.19
518,48.84,1003.8036,8.0,1.26
519,63.16,1086.7699,0.0,1.15
520,46.16,1041.805,65.0,1.12
521,45.48,995.9786,29.0,1.11
522,47.84,1016.2823,26.0,1.21
523,54.6,1027.1702,24.0,1.19
524,37.4,999.1654,72.0,1.32
525,53.68,1016.0031,-7.0,1.18
526,49.24,1067.7426,6.0,1.19
527,56.72,1011.3737,41.0,1.22
528,56.96,1015.115,22.0,1.19
529,35.04,995.293,40.0,1.26
530,55.52,1033.0138,20.0,1.4
531,44.8,993.214,13.0,1.21
532,60.52,1041.4793,8.0,1.48
533,43.76,1037.149,13.0,1.17
534,67.04,991.2974,5.0,1.25
535,63.52,1023.501,-5.0,1.35
536,48.12,1024.4153,8.0,1.23
537,60.16,997.4404,24.0,1.21
538,50.52,1010.4928,42.0,1.14
539,60.44,1015.8427,7.0,1.5
540,55.04,1040.7173,11.0,1.18
541,44.52,994.2808,6.0,1.27
542,55.24,999.5884,6.0,1.13
543,46.16,1041.8779,38.0,1.12
544,46.36,1002.3061,-3.0,1.18
545,52.4,1015.8682,47.0,1.33
546,55.44,1001.6955,12.0,1.16
547,57.56,987.4335,11.0,1.16
548,54.08,1038.2804,15.0,1.02
549,39.32,1007.2998,33.0,1.3
550,55.84,1031.2389,2.0,1.31
551,62.28,999.628,29.0,1.25
552,62.6,1021.3529,24.0,1.5
553,50.56,1034.7076,63.0,1.98
554,42.0,1029.1373,36.0,1.64
555,40.6,1064.1948,46.0,1.47
556,58.52,1030.2721,2.0,1.63
557,57.2,1053.2302,9.0,1.45
558,54.36,1012.9793,24.0,1.6
559,38.16,1037.2441,41.0,1.41
560,54.16,1068.4966,2.0,1.66
561,60.36,1028.6008,5.0,1.74
562,45.8,1017.2762,0.0,1.44
563,48.4,1040.4004,6.0,1.27
564,59.96,1006.8716,14.0,1.27
565,63.88,1002.8774,-3.0,1.4
566,62.24,981.286,8.0,1.35
567,42.0,1015.1304,64.0,1.34
568,54.12,1022.8012,21.0,1.53
569,58.36,1123.0226,7.0,1.13
570,48.92,991.891,20.0,1.52
571,58.16,1013.7138,20.0,1.45
572,51.32,1004.8859,22.0,1.57
573,58.8,1029.294,1.0,1.38
574,32.68,1016.6468,48.0,1.45
575,53.36,1043.023,28.0,1.35
576,52.72,1021.0964,31.0,1.2
577,38.92,1072.9714,34.0,1.17
578,38.32,1045.9442,36.0,1.21
579,35.84,988.236,61.0,1.15
580,48.24,1045.436,23.0,1.15
581,59.84,1013.4428,7.0,1.05
582,53.56,1035.573,29.0,1.27
583,56.56,1010.7994,33.0,1.23
584,61.24,1014.4029,19.0,1.39
585,37.48,1001.5632,46.0,1.63
586,58.56,990.3329,7.0,1.47
587,46.68,1028.02,30.0,1.51
588,59.84,1029.5123,6.0,1.49
589,59.8,1048.8236,12.0,1.57
590,57.44,1008.4504,20.0,1.28
591,35.8,1006.7365,73.0,1.47
592,54.64,1029.2351,3.0,1.56
593,49.76,1013.518,39.0,1.32
594,28.88,1029.2626,30.0,1.28
595,53.16,1142.982,7.0,1.1
596,64.4,1019.5915,16.0,1.1
597,46.96,1038.7624,38.0,1.01
598,54.52,1020.583,34.0,1.15
599,63.6,984.3476,31.0,1.25
600,36.52,1013.9263,30.0,1.22
601,51.6,989.0505,7.0,1.29
602,44.64,1018.0124,8.0,1.36
603,30.32,1004.8436,62.0,1.24
604,52.0,1001.1442,29.0,1.59
605,61.88,1005.679,10.0,1.29
606,45.28,1032.7992,37.0,1.27
607,44.52,1030.005,25.0,1.36
608,46.72,1016.7308,26.0,1.16
609,43.56,1006.6341,43.0,1.18
610,60.68,1012.7081,18.0,1.13
611,65.56,997.0022,17.0,1.21
612,60.4,1007.1516,14.0,1.23
613,61.4,993.2116,7.0,1.01
614,61.24,973.5641,4.0,1.56
615,64.6,1002.0066,21.0,1.58
616,60.32,1017.1572,21.0,1.19
617,47.08,991.991,45.0,1.72
618,51.76,1039.0573,23.0,1.13
619,58.16,1081.9833,-3.0,1.2
620,49.0,1002.6746,38.0,1.27
621,41.16,1019.0106,31.0,1.57
622,51.24,1043.5172,38.0,1.33
623,51.32,1025.5626,4.0,1.26
624,54.68,1012.9722,28.0,1.73
625,71.4,984.107,0.0,1.58
626,58.12,1035.8815,14.0,1.19
627,67.16,1005.235,-9.0,2.04
628,49.08,1070.8891,41.0,1.77
629,66.52,1015.5726,-1.0,1.34
630,48.6,1010.6561,12.0,1.45
631,46.44,1003.0415,58.0,1.17
632,45.64,1010.3297,10.0,1.28
633,64.6,1100.1435,-5.0,1.2
634,46.24,1027.7815,31.0,1.4
635,57.24,1045.5227,3.0,1.46
636,47.56,1009.726,18.0,1.42
637,58.56,1037.4502,24.0,1.34
638,51.84,1004.463,7.0,1.49
639,33.2,1003.1217,71.0,1.32
640,51.2,985.459,29.0,1.22
641,56.68,993.8521,14.0,1.0
642,58.68,1059.3433,-1.0,1.25
643,62.56,1009.7484,2.0,1.23
644,58.4,1032.557,4.0,1.42
645,46.72,1012.6489,62.0,1.29
646,44.24,979.4799,57.0,1.16
647,47.4,1070.9643,29.0,1.13
648,62.92,1007.168,-4.0,1.18
649,59.48,1011.5827,33.0,1.23
650,44.92,1101.523,54.0,1.07
651,66.84,1020.4269,12.0,1.39
652,43.84,1010.9716,25.0,1.12
653,57.56,993.3272,10.0,1.36
654,46.68,1056.336,32.0,1.5
655,50.36,1008.7322,24.0,1.21
656,61.64,1023.6932,13.0,1.24
657,45.92,1021.5597,36.0,1.16
658,53.68,1016.0712,20.0,1.27
659,39.72,1022.2856,57.0,1.21
660,54.2,993.1751,47.0,1.2
661,57.76,1010.1138,29.0,1.48
662,64.68,1027.0785,10.0,1.17
663,40.64,1002.6822,90.0,1.46
664,45.56,1047.4356,47.0,1.19
665,62.08,997.4691,4.0,1.08
666,48.76,1017.4405,41.0,1.15
667,45.72,1002.6757,55.0,1.21
668,54.32,1008.1186,1.0,1.4
669,55.8,1028.4459,26.0,1.2
670,41.12,992.8232,12.0,1.14
671,54.84,1095.3528,3.0,1.04
672,55.68,1024.2318,11.0,1.12
673,46.04,1007.0928,13.0,1.16
674,39.2,1051.9926,43.0,1.37
675,30.24,1054.6139,52.0,1.85
676,61.6,1051.8786,22.0,1.77
677,31.84,998.1535,60.0,1.24
678,53.56,996.4042,14.0,1.43
679,35.92,994.5595,25.0,1.25
680,41.52,1033.948,2.0,1.14
681,53.0,1068.4952,38.0,1.36
682,46.52,1042.9115,10.0,1.36
683,48.2,1051.0174,14.0,1.53
684,59.44,1026.4276,7.0,1.06
685,61.12,1000.1988,42.0,1.19
686,59.84,1051.6311,25.0,1.41
687,47.36,1023.8117,4.0,1.46
688,62.24,1012.8982,19.0,1.29
689,43.32,995.8792,55.0,1.46
690,38.52,1017.7483,39.0,1.56
691,56.04,1003.5528,43.0,1.27
692,41.0,1023.8875,33.0,1.2
693,54.48,1055.5845,11.0,1.22
694,45.96,1025.3584,34.0,1.48
695,30.68,1007.1957,47.0,1.28
696,44.24,1019.8835,59.0,1.57
697,40.44,998.4142,38.0,1.29
698,35.24,1012.6548,72.0,1.47
699,54.52,1002.1374,22.0,1.24
700,44.24,1067.5177,39.0,1.4
701,47.28,1009.6897,14.0,1.42
702,42.12,1018.8101,36.0,1.37
703,39.48,1011.5592,64.0,1.32
704,34.64,1010.7249,23.0,1.5
705,51.88,1042.6177,27.0,1.45
706,58.56,1044.0087,5.0,1.25
707,50.76,986.9453,41.0,1.21
708,47.2,1008.7636,20.0,1.21
709,56.36,993.9504,19.0,1.16
710,61.0,1003.7781,3.0,1.24
711,48.68,1031.7606,57.0,1.17
712,63.16,988.2125,-2.0,1.11
713,56.6,1051.2006,27.0,1.18
714,30.24,987.1018,60.0,1.31
715,50.8,1031.6825,40.0,1.38
716,58.84,1019.471,16.0,1.16
717,60.2,1021.1735,14.0,1.22
718,60.2,1027.7815,15.0,1.16
719,52.4,1030.9049,37.0,1.27
720,52.04,982.785,27.0,1.14
721,54.68,1017.4148,32.0,1.17
722,62.16,1028.051,28.0,1.21
723,63.12,1054.508,14.0,1.17
724,61.52,978.8141,-3.0,1.19
725,56.52,1030.4164,37.0,1.18
726,57.28,1005.97,6.0,1.17
727,56.6,1006.268,22.0,1.15
728,59.04,1076.7599,14.0,1.23
729,51.68,1038.327,34.0,1.71
730,47.64,1019.8838,44.0,1.12
731,61.28,1010.9901,12.0,1.22
732,52.68,1197.0412,-3.0,1.19
733,48.36,1030.4203,26.0,1.3
734,57.28,1040.3048,11.0,1.27
735,38.44,1031.9912,23.0,1.33
736,35.96,991.4911,74.0,1.15
737,56.6,1045.5688,10.0,1.19
738,43.68,1061.6068,12.0,1.25
739,61.0,1034.4052,-6.0,1.09
740,43.96,1093.228,47.0,1.27
741,40.64,1105.0551,42.0,1.39
742,43.52,1102.8666,51.0,1.26
743,37.0,1035.3099,29.0,1.08
744,42.6,1069.2636,20.0,1.23
745,49.08,1020.4801,51.0,1.05
746,49.44,1012.2539,-2.0,1.11
747,44.24,1018.7373,18.0,1.19
748,44.2,1037.8381,2.0,1.07
749,45.48,1045.4564,32.0,1.21
750,39.64,1004.5935,11.0,1.14
751,50.4,1033.401,20.0,1.21
752,39.08,1019.4604,30.0,1.19
753,39.36,1081.2774,34.0,1.27
754,38.8,1001.3921,48.0,1.34
755,56.64,995.1348,49.0,1.1
756,56.8,1011.0671,5.0,1.43
757,44.96,1003.6158,3.0,1.24
758,35.76,991.0027,11.0,1.1
759,49.64,1024.7516,3.0,1.17
760,56.32,1048.9585,29.0,1.17
761,46.28,1052.5092,57.0,1.3
762,55.04,1053.6862,38.0,1.27
763,55.0,1119.8905,50.0,1.23
764,39.76,1024.7678,62.0,1.24
765,33.44,1070.1798,26.0,1.12
766,49.36,1087.9279,30.0,1.27
767,47.16,1036.7292,91.0,1.32
768,56.52,1168.0911,36.0,1.14
769,51.52,1046.5808,9.0,1.4
770,35.16,1011.5174,28.0,1.41
771,57.4,1006.3862,23.0,1.46
772,55.8,1015.6952,28.0,1.22
773,33.68,1012.2833,32.0,1.26
774,43.08,1009.0626,65.0,1.18
775,38.76,1052.136,18.0,1.37
776,44.68,980.4095,46.0,1.3
777,35.12,1012.5996,36.0,1.5
778,51.84,1044.7941,37.0,1.24
779,35.8,1001.0971,34.0,1.19
780,42.16,992.0919,6.0,1.24
781,43.0,1059.1623,28.0,1.37
782,32.44,1011.0373,32.0,1.45
783,60.24,1020.2645,16.0,1.57
784,33.8,1019.8588,29.0,1.46
785,57.44,1013.5092,12.0,1.26
786,42.76,1067.7989,22.0,1.21
787,50.72,1020.6386,61.0,1.18
788,35.6,1015.3678,33.0,1.31
789,60.88,995.2411,2.0,1.18
790,33.32,1003.2519,78.0,1.2
791,52.44,1034.1942,16.0,1.26
792,47.12,1070.1519,42.0,1.47
793,46.36,1024.2531,46.0,1.23
794,48.76,1074.7076,58.0,1.18
795,41.96,1139.7679,61.0,1.31
796,47.68,1004.4906,26.0,1.24
797,57.84,1335.4585,2.0,0.9
798,56.72,1027.7856,16.0,1.12
799,46.04,1008.5909,21.0,1.17
800,45.8,1003.0595,29.0,1.34
801,35.24,1046.7377,70.0,1.21
802,32.52,1029.3419,54.0,1.18
803,46.48,1015.7214,11.0,1.08
804,22.92,1010.8031,61.0,1.22
805,54.64,1029.2572,20.0,1.37
806,50.08,1079.3927,68.0,1.71
807,40.56,1006.7816,50.0,1.2
808,51.28,1018.8103,31.0,1.33
809,55.92,1012.2357,17.0,1.19
810,42.64,1042.802,58.0,1.34
811,41.68,1282.7893,75.0,1.17
812,39.92,1065.4225,22.0,1.42
813,37.88,999.6408,74.0,1.28
814,39.2,1013.4594,61.0,1.37
815,47.0,1008.917,54.0,1.23
816,38.24,1040.8126,4.0,1.18
817,47.08,1026.1396,19.0,1.26
818,30.64,1004.152,39.0,1.27
819,42.0,1009.4437,-5.0,1.28
820,44.88,1061.3389,34.0,1.55
821,64.6,1138.0204,32.0,1.33
822,29.76,1012.2158,69.0,1.4
823,63.08,1011.2507,22.0,1.86
824,62.36,1018.1327,-6.0,1.69
825,57.8,1036.289,18.0,2.03
826,51.12,1059.536,25.0,1.7
827,29.8,1004.5744,34.0,1.72
828,44.64,1044.7688,52.0,1.65
829,46.48,1020.9951,28.0,1.9
830,43.16,1046.8798,27.0,1.73
831,35.04,1000.9369,34.0,1.65
832,50.52,1030.9494,37.0,1.75
833,60.16,1069.8249,32.0,1.69
834,55.36,1043.4836,9.0,1.76
835,48.48,1043.1716,23.0,1.6
836,43.64,1012.5422,53.0,1.55
837,51.64,1014.5831,7.0,1.65
838,52.52,980.2724,31.0,1.41
839,39.84,1027.9782,0.0,2.38
840,56.8,1010.8578,8.0,1.86
841,51.28,1084.5028,44.0,1.95
842,49.24,1022.9522,72.0,2.08
843,48.76,1041.0202,50.0,1.62
844,43.8,1000.3345,8.0,1.67
845,59.12,1044.903,25.0,1.37
846,39.12,993.4908,10.0,1.5
847,59.44,1013.6215,23.0,1.52
848,54.08,997.6722,31.0,1.83
849,55.96,1078.3622,9.0,1.75
850,57.96,985.2543,7.0,1.41
851,56.52,1018.7419,51.0,1.41
852,45.08,1241.7198,37.0,1.4
853,38.28,1026.9808,25.0,1.73
854,41.08,1020.8149,55.0,1.62
855,51.44,1023.9555,21.0,1.69
856,54.84,1015.7885,9.0,1.62
857,49.68,1019.6233,47.0,1.9
858,36.48,983.8196,26.0,1.64
859,54.92,1011.8826,15.0,1.9
860,48.8,1015.4932,41.0,2.15
861,38.2,1017.1751,40.0,1.7
862,38.72,1006.8187,54.0,1.76
863,46.36,1005.2971,24.0,1.66
864,48.8,1042.1001,40.0,1.69
865,45.92,1081.2834,60.0,1.65
866,25.52,1019.7229,29.0,1.77
867,35.36,1073.7044,19.0,1.87
868,52.48,1001.7589,15.0,1.51
869,46.76,1103.0257,26.0,1.39
870,46.36,1065.7482,29.0,1.35
871,42.68,1032.233,62.0,1.24
872,56.6,1090.0673,42.0,1.31
873,58.16,1041.0697,33.0,1.31
874,46.08,1022.1224,7.0,1.37
875,44.08,994.0413,46.0,1.36
876,44.64,1012.6262,39.0,1.25
877,70.96,1043.7982,0.0,1.1
878,57.56,1018.6242,18.0,1.17
879,49.32,1033.3182,29.0,1.32
880,45.16,1054.4069,9.0,1.18
881,44.32,1028.8462,21.0,1.3
882,43.84,1111.6748,39.0,1.29
883,42.32,976.7194,34.0,1.46
884,60.52,1016.0665,23.0,1.15
885,36.08,1072.0327,11.0,1.25
886,48.64,1024.8717,10.0,1.36
887,54.76,1005.111,12.0,1.27
888,58.12,999.4573,22.0,1.28
889,53.64,1031.7057,43.0,1.46
890,57.96,1021.8761,52.0,1.43
891,51.6,1028.8713,17.0,1.55
892,52.36,1038.0393,49.0,1.54
893,48.28,1055.3092,8.0,1.47
894,48.64,1087.8834,14.0,1.28
895,42.52,1012.3814,28.0,1.46
896,41.24,992.9921,20.0,1.69
897,62.44,1066.6189,14.0,1.69
898,42.92,1030.7062,29.0,1.75
899,62.2,1089.8166,16.0,2.15
900,47.16,1048.453,59.0,1.91
901,54.92,1049.2312,16.0,2.23
902,57.6,1044.8308,13.0,1.64
903,54.36,1039.2986,21.0,1.64
904,49.24,1076.5071,17.0,1.95
905,56.8,1035.5969,7.0,1.6
906,51.68,1012.2196,46.0,1.68
907,51.56,1029.4559,55.0,1.56
908,53.36,1093.5639,42.0,1.81
909,51.92,1048.1042,17.0,1.57
910,59.0,1045.4588,17.0,1.35
911,46.0,979.9528,49.0,2.08
912,41.56,1051.9506,15.0,2.26
913,25.28,1023.6769,49.0,2.11
914,52.72,1041.2204,17.0,1.97
915,55.44,988.1417,4.0,2.37
916,56.56,1004.5806,9.0,1.85
917,48.8,1035.809,30.0,2.17
918,43.0,1089.8688,35.0,1.52
919,36.08,995.8582,21.0,1.68
920,56.56,1051.5073,35.0,1.7
921,51.44,1046.3956,24.0,2.05
922,35.0,1016.0232,28.0,1.92
923,29.24,997.7151,56.0,2.19
924,32.2,977.5499,32.0,2.3
925,55.92,1024.5805,15.0,2.11
926,41.8,1086.4645,29.0,1.76
927,60.76,1094.3718,34.0,1.92
928,45.76,998.3068,41.0,2.03
929,28.72,1014.2563,72.0,2.06
930,47.96,1026.1247,41.0,1.85
931,50.92,1068.3362,22.0,1.71
932,50.2,999.2755,17.0,1.68
933,49.84,1021.3759,44.0,1.72
934,49.12,1034.2561,14.0,1.47
935,38.8,1012.0737,39.0,1.52
936,61.08,1071.2732,8.0,1.42
937,46.16,1002.9491,69.0,1.6
938,62.04,1046.3736,13.0,1.72
939,35.96,1024.2119,46.0,1.72
940,42.88,991.8524,47.0,2.13
941,43.8,1060.4942,4.0,2.21
942,33.76,992.3064,64.0,2.1
943,55.64,1055.5907,60.0,1.72
944,55.24,1054.6008,16.0,1.71
945,50.88,1048.6116,23.0,1.89
946,52.36,1060.4361,27.0,1.86
947,46.76,1009.2694,17.0,1.71
948,51.04,1042.0857,65.0,2.23
949,34.68,1025.2388,43.0,2.08
950,54.84,1036.3663,20.0,2.37
951,52.52,1031.0215,15.0,1.56
952,55.76,1020.0497,47.0,1.62
953,62.92,1091.1771,8.0,1.9
954,60.6,1029.9406,8.0,1.9
955,49.56,996.9077,1.0,2.82
956,56.16,1024.4444,5.0,2.41
957,37.0,1007.5237,24.0,1.98
958,53.48,1026.4288,47.0,2.1
959,46.4,1008.7181,26.0,1.57
960,38.28,1017.8618,52.0,2.43
961,35.16,996.7323,17.0,1.93
962,50.6,1039.465,10.0,2.34
963,63.68,1083.3346,23.0,1.72
964,47.6,1069.3359,43.0,1.71
965,52.8,1020.108,7.0,1.66
966,45.36,1042.4573,15.0,1.59
967,55.16,976.2639,13.0,1.67
968,54.04,1040.5769,11.0,1.69
969,49.2,995.4228,35.0,1.64
970,47.32,1027.6692,76.0,1.63
971,40.4,1035.7709,27.0,2.04
972,48.04,1204.073,80.0,2.14
973,53.16,1028.214,22.0,2.15
974,30.84,984.478,83.0,2.19
975,40.04,1029.1246,49.0,2.37
976,45.88,1007.7788,7.0,1.88
977,50.36,1019.026,23.0,1.6
978,54.68,1018.7366,37.0,1.29
979,48.8,1009.8952,27.0,1.21
980,32.16,1063.2876,108.0,1.24
981,40.44,1034.7702,49.0,1.32
982,48.96,1054.4166,22.0,1.21
983,42.76,1012.558,19.0,1.21
984,49.12,1028.1207,21.0,1.2
985,37.28,1065.8043,69.0,1.23
986,40.52,983.8363,10.0,1.15
987,50.4,1041.227,16.0,1.28
988,53.2,1147.616,64.0,1.18
989,44.08,997.9329,26.0,1.19
990,60.04,1033.054,23.0,1.21
991,43.72,999.0316,13.0,1.74
992,34.0,1013.0718,72.0,1.37
993,62.64,1006.8827,34.0,1.57
994,43.32,1061.4921,40.0,1.29
995,25.12,972.604,46.0,1.2
996,47.0,1009.1817,65.0,1.46
997,59.84,993.7371,28.0,1.29
998,52.52,1221.8394,16.0,1.17
999,37.76,968.3805,44.0,1.19
1000,48.12,1017.2164,31.0,1.17
1001,49.76,1058.9422,27.0,1.4
1002,55.64,1033.9213,1.0,1.55
1003,52.44,1060.4625,68.0,1.32
1004,43.04,1036.6803,35.0,1.35
1005,53.16,1052.4217,12.0,1.38
1006,53.72,1059.1254,67.0,1.21
1007,29.88,1039.0851,49.0,1.13
1008,48.92,1041.8476,14.0,1.13
1009,46.04,1024.7896,30.0,1.34
1010,55.04,1006.7224,-1.0,1.12
1011,51.16,1016.8025,34.0,1.23
1012,31.96,991.1196,43.0,1.35
1013,53.04,1021.7299,21.0,1.49
1014,47.6,1111.3758,35.0,1.64
1015,47.96,1092.0134,17.0,1.36
1016,35.56,1039.4895,81.0,1.39
1017,51.32,1024.5048,40.0,1.51
1018,37.68,1002.6636,12.0,1.7
1019,44.08,1083.2848,23.0,1.38
1020,51.2,1031.9196,16.0,1.26
1021,32.6,1024.64,39.0,1.21
1022,38.68,980.4534,68.0,1.28
1023,42.84,969.4899,73.0,1.28
1024,44.4,1037.177,9.0,1.3
1025,51.08,1047.4269,18.0,1.25
1026,40.48,1032.3986,61.0,1.27
1027,46.08,1018.3131,11.0,1.29
1028,55.08,1021.279,23.0,1.81
1029,32.8,983.5366,78.0,1.55
1030,41.52,1014.2968,45.0,1.73
1031,52.64,1030.6896,21.0,1.71
1032,45.0,1042.0177,19.0,1.42
1033,62.6,1016.3488,9.0,1.21
1034,37.36,1011.2722,68.0,1.32
1035,36.6,1033.6585,22.0,1.36
1036,58.12,1115.6383,3.0,1.25
1037,46.68,1011.7024,11.0,1.44
1038,37.2,1011.308,8.0,1.22
1039,56.56,1055.0843,10.0,1.67
1040,48.6,981.9925,32.0,1.31
1041,61.12,1052.1408,31.0,1.22
1042,61.16,1021.6634,2.0,1.23
1043,55.96,1054.1844,41.0,1.29
1044,54.0,1049.9193,55.0,1.21
1045,47.72,1100.3104,10.0,1.35
1046,43.96,1012.1641,9.0,1.31
1047,50.88,1048.7035,6.0,1.25
1048,40.64,1078.2474,62.0,1.34
1049,49.04,983.2236,26.0,1.22
1050,51.6,1017.9821,25.0,1.39
1051,58.48,1021.9332,17.0,1.15
1052,48.6,977.4358,39.0,1.17
1053,49.64,1007.6729,33.0,1.25
1054,39.2,1002.2049,10.0,1.35
1055,47.96,1019.8411,43.0,1.19
1056,55.8,1031.0698,28.0,1.23
1057,31.72,1016.048,36.0,1.36
1058,48.24,1084.3922,12.0,1.31
1059,45.16,1034.5604,4.0,1.16
1060,31.72,1008.3668,44.0,1.42
1061,59.52,1008.9887,34.0,1.13
1062,37.76,1010.9476,23.0,1.39
1063,47.72,1043.2014,8.0,1.29
1064,47.2,1014.0133,13.0,1.2
1065,53.08,1036.7802,14.0,1.18
1066,64.64,1024.2328,0.0,1.29
1067,50.8,1038.7688,49.0,1.18
1068,54.84,1038.7508,17.0,1.3
1069,54.16,1212.3551,31.0,1.44
1070,48.12,1031.4503,48.0,1.15
1071,45.84,999.7344,14.0,1.31
1072,33.68,992.316,48.0,1.28
1073,47.08,1051.7605,24.0,1.21
1074,49.56,1046.4613,44.0,1.42
1075,48.28,1066.4725,78.0,1.45
1076,47.56,1041.9495,58.0,1.56
1077,42.12,1003.5513,8.0,1.7
1078,50.64,1016.4959,2.0,1.91
1079,54.08,1002.7278,26.0,1.78
1080,45.28,1096.3257,25.0,1.58
1081,49.44,1029.7072,23.0,1.58
1082,40.68,1009.5401,70.0,1.62
1083,30.8,986.4472,38.0,1.8
1084,35.04,1141.6357,22.0,1.65
1085,65.68,1008.6627,16.0,1.71
1086,53.76,1010.1097,18.0,1.61
1087,36.84,1009.0472,98.0,1.42
1088,39.16,1001.8071,39.0,1.66
1089,46.48,1051.2176,21.0,1.58
1090,53.16,1020.3882,21.0,1.47
1091,45.72,1002.4544,19.0,1.57
1092,62.08,1006.91,25.0,1.45
1093,62.52,1019.8086,36.0,1.63
1094,48.88,1024.389,42.0,1.43
1095,39.48,1044.586,31.0,1.43
1096,55.84,1014.109,12.0,1.71
1097,43.36,1025.8545,33.0,1.76
1098,52.4,1034.8372,19.0,1.44
1099,42.64,1024.3613,41.0,1.68
1100,37.44,1049.0374,44.0,1.71
1101,51.84,1180.651,18.0,1.79
1102,39.56,1041.4336,26.0,1.64
1103,55.76,1034.5329,41.0,1.53
1104,41.16,1009.6618,35.0,1.4
1105,40.56,1059.0021,31.0,1.29
1106,30.76,1029.7662,30.0,1.32
1107,48.24,996.6469,30.0,1.38
1108,46.68,1024.292,35.0,1.36
1109,49.88,989.8048,15.0,1.37
1110,49.0,1062.6174,41.0,1.24
1111,36.32,989.3821,20.0,1.11
1112,40.48,1028.124,50.0,1.2
1113,34.04,999.739,33.0,1.26
1114,46.0,1018.7808,60.0,1.34
1115,52.16,1009.4537,20.0,1.09
1116,49.76,1088.5054,26.0,1.4
1117,46.12,1109.5994,48.0,1.42
1118,42.52,987.2249,68.0,1.27
1119,51.8,1046.848,42.0,1.46
1120,50.8,1032.5928,2.0,1.51
1121,56.72,1004.9296,3.0,1.42
1122,48.48,1190.4708,27.0,1.44
1123,50.68,1006.1529,49.0,1.56
1124,53.6,1092.1207,49.0,1.31
1125,49.24,1001.0209,26.0,1.81
1126,50.8,1017.855,39.0,1.94
1127,46.48,1042.2582,65.0,1.6
1128,55.0,1010.2676,44.0,1.46
1129,50.88,1018.9874,53.0,1.54
1130,42.44,1027.1636,48.0,1.58
1131,53.2,998.0092,23.0,1.54
1132,49.28,1022.1998,86.0,1.62
1133,50.12,1055.572,17.0,1.87
1134,41.32,1045.4976,76.0,1.97
1135,58.48,999.7923,5.0,1.61
1136,38.24,1032.1009,53.0,1.59
1137,56.28,995.5616,13.0,1.54
1138,43.6,1002.2977,19.0,1.6
1139,53.92,1115.0017,15.0,1.81
1140,57.12,1022.7412,-2.0,1.7
1141,46.28,1074.4096,5.0,1.73
1142,54.08,1013.7758,57.0,1.56
1143,49.12,1008.3934,36.0,1.49
1144,42.12,997.9732,45.0,1.4
1145,43.0,1101.786,32.0,1.76
1146,39.72,1019.99,61.0,1.5
1147,40.6,1015.7448,42.0,1.52
1148,51.2,984.5909,3.0,1.27
1149,42.08,1038.8016,42.0,1.16
1150,26.52,997.6742,88.0,1.12
1151,58.44,1074.4366,30.0,1.15
1152,51.64,1080.8719,32.0,1.23
1153,44.88,1050.5916,8.0,1.15
1154,46.68,1027.4068,29.0,1.21
1155,35.8,1014.9253,43.0,1.25
1156,51.68,1168.482,65.0,1.28
1157,53.16,1151.8501,40.0,1.37
1158,33.88,1010.1486,33.0,1.43
1159,64.48,1030.2235,25.0,1.42
1160,30.36,978.9324,64.0,1.39
1161,54.52,1107.2544,47.0,1.28
1162,58.36,993.7571,46.0,1.35
1163,39.24,978.6095,11.0,1.29
1164,50.72,1018.8649,34.0,1.25
1165,60.16,1039.4709,11.0,1.22
1166,42.76,1019.869,28.0,1.21
1167,39.24,1001.6619,12.0,1.18
1168,44.0,1009.2621,-8.0,1.27
1169,53.88,1037.9135,36.0,1.19
1170,57.84,1122.1405,15.0,1.08
1171,66.76,1020.6356,4.0,1.32
1172,42.72,981.6843,38.0,1.13
1173,45.84,1027.4611,32.0,1.16
1174,35.2,988.8463,24.0,1.28
1175,52.08,1028.8023,23.0,1.48
1176,47.56,1043.4028,33.0,1.47
1177,56.32,1036.7097,21.0,1.46
1178,45.88,1026.7127,24.0,1.22
1179,42.32,1037.7,41.0,1.83
1180,43.72,1055.7813,23.0,1.28
1181,34.0,1036.615,45.0,1.27
1182,52.36,1038.6926,20.0,1.39
1183,37.44,1017.8626,86.0,1.32
1184,52.56,1098.8189,20.0,1.19
1185,60.08,1031.7685,24.0,1.4
1186,40.84,1008.7326,26.0,1.33
1187,54.64,1021.2247,23.0,1.08
1188,39.28,987.9088,16.0,1.16
1189,49.52,1087.0864,9.0,0.95
1190,58.28,1061.1866,20.0,1.01
1191,46.2,1078.7231,28.0,1.18
1192,49.92,1042.0807,66.0,1.32
1193,45.16,1032.9576,0.0,1.4
1194,59.88,1012.3185,3.0,1.28
1195,40.2,1018.511,33.0,1.3
1196,55.52,1014.8177,23.0,1.21
1197,53.32,1034.812,39.0,1.19
1198,60.4,1008.0834,0.0,1.19
1199,69.76,1018.1887,18.0,1.16
1200,48.52,1057.7869,46.0,1.22
1201,52.0,1031.3092,32.0,1.28
1202,58.08,1072.5481,18.0,1.25
1203,49.72,1021.6968,5.0,1.17
1204,50.84,1043.9842,46.0,1.4
1205,51.24,1027.755,27.0,1.53
1206,61.04,1021.9456,14.0,1.3
1207,44.04,1048.6249,64.0,1.15
1208,62.28,1019.5698,-4.0,1.23
1209,56.68,1081.8689,13.0,1.38
1210,39.24,1040.63,10.0,1.28
1211,41.32,1020.8191,49.0,1.11
1212,47.08,1091.3243,52.0,1.23
1213,56.72,1005.8284,17.0,1.19
1214,50.76,1022.015,68.0,1.04
1215,41.64,1087.1063,42.0,1.27
1216,41.6,1036.1829,50.0,1.09
1217,42.36,1096.0224,48.0,1.12
1218,51.0,1011.9523,62.0,1.19
1219,41.8,1038.9144,65.0,1.15
1220,54.16,1106.9294,47.0,1.15
1221,44.6,1070.7216,6.0,1.28
1222,51.52,1081.0814,22.0,1.06
1223,27.24,991.1804,60.0,1.08
1224,54.0,1021.6608,3.0,1.15
1225,50.44,1040.8909,11.0,1.07
1226,46.12,1019.9584,-2.0,1.14
1227,54.76,1022.5611,34.0,1.2
1228,44.68,1038.7872,16.0,1.28
1229,49.68,1002.0354,49.0,1.19
1230,53.88,1086.1644,18.0,1.2
1231,53.44,1012.0827,4.0,1.07
1232,45.84,1029.9108,33.0,1.22
1233,50.96,1036.0088,37.0,1.34
1234,51.92,1045.2733,32.0,1.27
1235,50.08,1052.2452,4.0,1.01
1236,41.0,1078.7164,59.0,1.15
1237,57.96,1067.7944,14.0,1.11
1238,35.56,1014.1692,34.0,1.09
1239,43.96,1048.3703,17.0,1.24
1240,38.48,1042.6437,23.0,1.21
1241,40.56,1006.3809,60.0,1.13
1242,49.2,1040.5025,24.0,1.18
1243,47.84,1035.4988,15.0,1.21
1244,58.0,1121.0339,19.0,1.13
1245,42.96,1057.8356,27.0,1.25
1246,47.24,1060.3606,20.0,1.25
1247,34.56,1001.2538,38.0,1.18
1248,50.52,1030.1011,29.0,1.18
1249,53.36,1046.2084,20.0,1.18
1250,30.32,1001.049,80.0,1.32
1251,53.4,1197.6894,46.0,1.18
1252,35.0,1029.2525,42.0,1.26
1253,53.16,1097.9403,42.0,1.18
1254,35.08,1002.3572,29.0,1.27
1255,57.8,1103.8563,17.0,1.3
1256,49.68,1003.5901,50.0,1.26
1257,34.16,1041.8152,25.0,1.36
1258,45.44,1002.3387,57.0,1.41
1259,49.28,1023.939,86.0,1.27
1260,48.52,1006.6361,68.0,1.38
1261,47.44,1134.5438,37.0,1.29
1262,67.44,1027.2655,25.0,1.34
1263,46.64,1018.68,50.0,1.31
1264,58.76,1015.9993,20.0,1.49
1265,47.88,1042.4774,18.0,1.55
1266,47.2,1029.7665,26.0,1.48
1267,61.16,1022.0234,24.0,1.54
1268,67.68,1018.7554,14.0,1.59
1269,51.64,1053.5452,23.0,1.38
1270,46.08,1082.8546,68.0,1.59
1271,58.56,1029.4948,0.0,1.64
1272,48.68,1013.7902,13.0,1.54
1273,47.72,1033.0345,46.0,1.34
1274,35.64,1046.437,76.0,1.6
1275,31.4,1043.9153,20.0,1.38
1276,44.12,1035.8787,71.0,1.48
1277,47.72,1044.1662,46.0,1.6
1278,48.52,1033.0207,39.0,1.53
1279,37.92,999.0113,23.0,1.61
1280,35.0,1044.0906,23.0,1.73
1281,60.72,1037.3737,17.0,1.58
1282,37.12,1041.7576,40.0,1.32
1283,50.8,1040.7486,27.0,1.3
1284,57.0,992.3622,26.0,1.36
1285,24.48,968.9946,23.0,1.65
1286,48.04,1047.0005,35.0,1.41
1287,53.56,1070.1448,33.0,1.34
1288,42.48,1053.2464,42.0,1.26
1289,49.32,1060.1271,17.0,1.31
1290,53.04,1038.2948,28.0,1.07
1291,54.08,1026.2826,21.0,1.12
1292,55.32,1012.7638,49.0,1.11
1293,50.88,1035.5197,19.0,1.09
1294,59.12,1040.442,39.0,1.09
1295,59.64,1020.369,15.0,1.02
1296,54.28,1099.2924,13.0,1.14
1297,64.24,1051.9422,31.0,1.07
1298,57.28,1057.4852,16.0,1.08
1299,49.04,1017.737,34.0,1.26
1300,43.08,1021.4355,40.0,1.28
1301,48.56,1052.3167,3.0,1.29
1302,55.24,1018.2581,21.0,1.3
1303,33.52,1022.4162,61.0,1.2
1304,44.32,1027.9318,59.0,1.22
1305,37.8,997.868,51.0,1.11
1306,38.6,1007.2699,85.0,1.07
1307,31.96,1026.5478,61.0,1.14
1308,60.36,1006.8618,6.0,1.16
1309,52.04,1123.6085,54.0,1.08
1310,51.28,996.5226,25.0,1.2
1311,48.08,1096.0735,37.0,1.47
1312,30.04,1175.9752,71.0,1.16
1313,45.96,1020.7113,26.0,1.15
1314,42.52,1282.2671,19.0,1.2
1315,46.0,1033.8702,8.0,1.16
1316,53.44,995.3862,63.0,1.21
1317,61.08,1035.6204,15.0,1.1
1318,49.36,1130.5886,27.0,1.37
1319,38.24,1067.5581,44.0,1.26
1320,46.64,993.6014,83.0,1.49
1321,52.12,1026.5718,12.0,1.95
1322,46.24,996.5785,20.0,1.37
1323,54.12,1052.0477,26.0,1.26
1324,48.68,1009.1174,30.0,1.25
1325,49.2,1022.0889,22.0,1.08
1326,45.64,1035.7111,23.0,1.21
1327,36.08,1014.8797,26.0,1.13
1328,42.52,993.7817,87.0,1.14
1329,56.92,1042.3448,27.0,1.19
1330,59.0,1050.5114,41.0,1.25
1331,33.88,1002.5032,43.0,1.32
1332,56.08,1083.3508,42.0,1.1
1333,31.56,997.4941,18.0,1.21
1334,59.2,1007.9526,14.0,1.23
1335,49.4,1089.2086,17.0,1.06
1336,44.24,1075.3751,24.0,1.34
1337,35.36,1048.8121,103.0,1.14
1338,22.04,990.6711,46.0,0.98
1339,40.56,1058.3961,19.0,1.17
1340,52.16,1020.0916,10.0,1.12
1341,41.76,1131.873,24.0,1.05
1342,47.72,1001.0583,87.0,1.36
1343,42.44,1018.4575,27.0,1.28
1344,49.08,1012.9461,70.0,1.17
1345,57.24,1088.2407,31.0,1.31
1346,35.68,1014.1106,51.0,1.17
1347,50.12,1007.6296,34.0,1.06
1348,43.04,1028.4084,23.0,1.17
1349,38.48,1030.1021,41.0,1.17
1350,43.36,1056.4401,28.0,1.08
1351,65.04,1179.4744,22.0,1.14
1352,43.96,1023.5016,78.0,1.15
1353,52.16,1065.6693,70.0,1.15
1354,42.28,1021.2938,55.0,1.2
1355,35.28,1014.6466,17.0,1.38
1356,47.92,1105.7141,16.0,1.07
1357,47.72,1048.3234,51.0,1.1
1358,54.2,1027.8241,49.0,1.31
1359,49.56,1021.0816,33.0,1.12
1360,54.72,1035.2028,16.0,1.08
1361,61.48,1007.0762,36.0,1.21
1362,41.56,1039.7473,20.0,1.37
1363,39.76,1060.771,40.0,1.3
1364,43.88,1070.4108,52.0,1.08
1365,52.0,1034.6966,3.0,1.12
1366,44.48,1009.1579,25.0,1.04
1367,50.08,1061.799,11.0,1.12
1368,53.84,1049.875,40.0,1.03
1369,46.08,1042.4085,101.0,1.2
1370,48.16,1032.5356,9.0,1.11
1371,48.12,1101.9048,34.0,1.03
1372,47.0,1029.7512,1.0,1.1
1373,48.76,1006.9607,19.0,1.11
1374,41.32,991.1986,68.0,1.19
1375,59.88,999.5511,3.0,1.13
1376,63.4,1045.3274,2.0,1.1
1377,60.56,1038.3547,62.0,1.05
1378,32.96,1025.7192,40.0,1.11
1379,50.0,1022.2491,78.0,1.17
1380,42.36,1010.2528,38.0,1.03
1381,41.28,1031.2137,5.0,1.07
1382,57.68,1118.2283,18.0,1.18
1383,49.0,1024.17,15.0,1.17
1384,38.16,1001.0723,88.0,1.08
1385,52.48,1022.2203,27.0,1.08
1386,56.04,1155.8899,12.0,1.12
1387,49.8,1000.2967,32.0,1.36
1388,44.16,1066.5756,-2.0,1.18
1389,38.0,1024.9992,27.0,1.24
1390,54.64,1140.6659,37.0,1.15
1391,50.52,1057.7535,4.0,1.14
1392,48.92,1012.5262,25.0,1.2
1393,55.16,1001.6262,37.0,1.06
1394,55.64,1057.2797,4.0,1.2
1395,46.0,1014.8497,62.0,1.27
1396,45.92,1094.3854,20.0,1.34
1397,43.6,1011.2037,23.0,1.17
1398,33.36,1055.3082,41.0,1.09
1399,46.92,1017.9761,42.0,1.29
1400,55.64,1034.0184,40.0,1.06
1401,53.48,1017.1446,25.0,1.15
1402,46.88,1085.6222,40.0,1.31
1403,51.0,1022.418,85.0,1.16
1404,48.32,1041.7664,20.0,1.53
1405,54.28,1079.031,29.0,1.21
1406,53.48,1038.193,27.0,1.05
1407,55.72,1103.9538,51.0,1.16
1408,54.04,1096.153,25.0,1.19
1409,36.08,977.2404,60.0,1.22
1410,46.36,1022.3486,50.0,1.05
1411,49.44,1020.2603,43.0,1.13
1412,61.56,997.8093,26.0,1.2
1413,38.56,1001.1345,8.0,1.12
1414,33.68,997.6258,57.0,1.3
1415,51.56,1046.3421,39.0,1.16
1416,54.6,1057.0838,34.0,1.19
1417,51.64,1011.092,22.0,1.06
1418,42.72,1024.1982,14.0,1.2
1419,38.92,1019.1185,6.0,1.12
1420,59.56,1031.25,-2.0,1.28
1421,38.96,987.9921,74.0,1.16
1422,47.88,1022.2953,5.0,1.05
1423,47.88,1016.1593,51.0,1.03
1424,44.24,1029.96,32.0,1.28
1425,41.0,1051.5057,39.0,1.34
1426,55.36,1058.9242,19.0,1.17
1427,49.92,1092.7913,25.0,1.27
1428,50.08,1075.6974,54.0,1.04
1429,29.84,1011.9693,82.0,1.09
1430,51.92,998.3322,39.0,1.07
1431,38.6,997.9127,8.0,1.12
1432,28.4,996.8387,60.0,1.12
1433,43.92,1208.9283,19.0,1.13
1434,40.68,1066.8714,24.0,1.19
1435,48.52,1025.5124,32.0,1.2
1436,59.88,1005.692,26.0,1.19
1437,53.24,1048.739,10.0,1.2
1438,47.6,1008.3056,28.0,1.15
1439,44.96,1072.2376,13.0,1.19
1440,66.12,996.7548,2.0,1.18
1441,50.08,1054.2959,62.0,1.19
1442,54.64,1138.0232,27.0,1.24
1443,48.56,1058.9267,46.0,1.48
1444,44.48,1102.7442,7.0,1.65
1445,64.64,1051.7872,-4.0,1.2
1446,53.08,1011.1134,46.0,1.19
1447,39.48,992.3081,41.0,1.2
1448,31.68,1009.8489,52.0,1.18
1449,45.04,1021.1745,27.0,1.12
1450,50.68,1028.6454,21.0,1.12
1451,56.56,1045.1682,32.0,1.17
1452,35.2,1009.8548,38.0,1.21
1453,36.0,987.4405,50.0,1.17
1454,56.56,1022.4924,10.0,1.19
1455,64.52,1021.0222,2.0,1.1
1456,55.04,1085.3274,47.0,1.1
1457,53.36,1045.2111,46.0,1.18
1458,53.32,1032.7698,30.0,1.73
1459,46.28,970.9997,30.0,1.15
1460,57.36,1129.155,27.0,1.18
1461,27.96,997.342,47.0,1.15
1462,33.48,1023.333,40.0,1.16
1463,40.48,1070.8541,32.0,1.15
1464,60.72,1042.9857,41.0,1.11
1465,42.44,1005.1009,51.0,1.25
1466,53.64,1026.6183,14.0,1.24
1467,49.16,1034.6657,37.0,1.37
1468,48.72,1064.8518,38.0,1.14
1469,37.04,988.1834,86.0,1.19
1470,46.0,1062.2069,29.0,1.06
1471,37.44,1002.3094,43.0,1.14
1472,37.72,1050.398,139.0,1.12
1473,37.88,1063.5826,80.0,1.23
1474,54.8,1065.1762,13.0,1.18
1475,55.12,997.1194,23.0,1.13
1476,53.2,1024.8367,38.0,1.11
1477,56.8,1038.751,31.0,1.14
1478,37.36,967.2436,49.0,1.07
1479,57.56,1035.0861,25.0,1.13
1480,48.16,1016.1122,18.0,1.09
1481,43.0,1031.1382,36.0,1.33
1482,47.52,1088.264,33.0,1.17
1483,27.28,1028.3922,44.0,1.07
1484,55.76,1046.5604,24.0,1.16
1485,52.68,1048.364,35.0,1.2
1486,49.84,1053.5806,13.0,1.19
1487,56.44,1032.4984,31.0,1.06
1488,53.84,1034.2488,53.0,1.21
1489,35.4,1009.0484,28.0,1.12
1490,54.0,997.796,24.0,1.21
1491,45.24,1033.9444,18.0,1.18
1492,36.72,1081.9267,42.0,1.45
1493,55.92,1020.555,21.0,1.26
1494,43.08,1002.3395,76.0,1.36
1495,44.2,998.8224,91.0,1.16
1496,55.4,1014.8006,44.0,1.14
1497,45.08,1082.8444,50.0,1.27
1498,54.32,1062.052,18.0,1.16
1499,54.04,1021.2912,41.0,1.21
1500,48.6,1040.4647,30.0,1.1
1501,55.92,1039.372,15.0,1.17
1502,46.44,998.9641,22.0,1.1
1503,51.6,1047.322,22.0,1.17
1504,49.32,1017.4948,44.0,1.13
1505,49.68,995.532,56.0,1.09
1506,53.32,1025.4218,9.0,0.99
1507,43.52,1012.6692,52.0,1.02
1508,62.72,1067.7387,32.0,1.04
1509,51.36,1048.3665,12.0,1.01
1510,46.48,1019.3481,5.0,1.08
1511,57.92,1047.2504,7.0,1.06
1512,50.08,1021.4346,10.0,1.16
1513,41.6,999.7223,27.0,1.11
1514,49.72,1021.6966,28.0,1.1
1515,31.52,989.4538,55.0,1.01
1516,45.76,1046.0411,9.0,1.14
1517,52.32,1089.4119,41.0,1.07
1518,52.52,1033.6333,56.0,1.17
1519,36.2,1071.7276,60.0,1.13
1520,52.28,994.9317,-1.0,1.06
1521,37.88,1034.8132,39.0,1.14
1522,40.08,1034.001,60.0,1.09
1523,48.16,986.0699,6.0,1.05
1524,34.16,997.0265,53.0,1.04
1525,49.8,1016.3188,27.0,1.09
1526,55.64,1052.063,57.0,1.13
1527,52.52,1120.9935,2.0,1.01
1528,38.72,1025.0529,14.0,1.16
1529,49.72,1065.1772,55.0,1.11
1530,46.4,1059.698,52.0,1.09
1531,65.4,1056.2784,3.0,1.07
1532,55.6,1035.1262,37.0,1.06
1533,51.24,1043.1325,14.0,1.12
1534,44.88,987.0375,38.0,1.14
1535,43.4,1144.679,31.0,1.1
1536,43.28,1021.4418,55.0,1.16
1537,43.0,1016.0932,42.0,1.25
1538,44.08,1019.084,66.0,1.15
1539,46.08,1040.8458,33.0,1.05
1540,46.48,1026.5065,31.0,1.41
1541,48.32,1038.3984,13.0,1.21
1542,51.84,1021.5433,33.0,1.16
1543,51.04,1038.3985,21.0,1.13
1544,53.32,1043.6534,41.0,1.09
1545,49.6,1095.8277,46.0,1.2
1546,57.92,1026.0255,28.0,1.12
1547,45.88,1015.5614,42.0,1.06
1548,34.24,988.3226,57.0,1.03
1549,42.28,1046.7426,18.0,1.1
1550,47.96,1054.7105,11.0,1.01
1551,52.64,1133.0869,31.0,1.26
1552,45.44,1044.7004,38.0,1.18
1553,33.96,1113.3647,40.0,1.06
1554,36.24,1036.441,66.0,1.14
1555,42.56,1058.0446,38.0,1.12
1556,31.64,989.9504,86.0,1.13
1557,33.04,1049.048,18.0,1.21
1558,52.52,1111.4134,18.0,1.22
1559,44.84,991.2072,48.0,1.37
1560,35.6,1004.8205,95.0,1.06
1561,45.76,1001.2518,0.0,1.16
1562,36.68,1012.0543,45.0,1.16
1563,45.4,1018.8193,14.0,1.15
1564,25.12,1030.7811,62.0,1.08
1565,40.04,986.1061,63.0,1.11
1566,59.52,1091.2034,10.0,1.12
1567,56.64,1116.5853,21.0,1.16
1568,41.48,1205.7257,31.0,1.08
1569,46.04,1023.1786,24.0,1.1
1570,48.12,1013.8872,49.0,1.13
1571,45.8,1055.2165,8.0,1.13
1572,54.92,1015.3048,53.0,1.16
1573,50.4,1024.2602,50.0,1.16
1574,46.24,1006.0303,28.0,1.17
1575,42.4,1109.2976,38.0,1.18
1576,45.52,1027.107,47.0,1.21
1577,52.0,1015.2971,59.0,1.31
1578,48.28,1004.8561,95.0,1.17
1579,38.12,987.1357,59.0,1.17
1580,40.84,1019.304,36.0,1.25
1581,51.56,1022.8032,30.0,1.08
1582,51.32,1042.3388,44.0,1.11
1583,58.36,1038.36,32.0,1.24
1584,61.44,1047.1618,25.0,1.4
1585,23.96,1025.549,49.0,1.29
1586,49.88,1010.5118,32.0,1.26
1587,44.12,1039.9746,10.0,1.39
1588,51.24,1064.3273,13.0,1.22
1589,47.12,1031.7788,24.0,1.31
1590,51.64,1047.9416,36.0,1.2
1591,61.24,1058.0831,18.0,1.3
1592,45.72,1160.983,17.0,1.16
1593,52.4,1016.0694,19.0,1.16
1594,44.52,1051.06,48.0,1.14
1595,46.32,1007.3862,34.0,1.16
1596,56.0,1054.4106,29.0,1.17
1597,45.16,1068.5829,47.0,1.22
1598,54.88,1049.3819,50.0,1.2
1599,53.04,1010.4186,35.0,1.05
1600,51.0,1034.5519,38.0,1.27
1601,37.28,1044.9519,62.0,1.38
1602,51.64,1080.6868,39.0,1.14
1603,47.96,1048.526,28.0,1.17
1604,48.12,1038.7785,44.0,1.24
1605,51.72,1027.6514,6.0,1.18
1606,53.48,1034.9876,23.0,1.22
1607,50.64,1011.6103,14.0,1.14
1608,45.08,1037.0512,28.0,1.22
1609,39.64,1039.9534,22.0,1.17
1610,49.24,1052.1316,45.0,1.15
1611,40.44,1052.0156,25.0,1.11
1612,27.52,992.2894,53.0,0.95
1613,25.36,1006.9114,73.0,1.13
1614,57.88,1045.3856,25.0,1.21
1615,42.88,1020.4384,36.0,1.1
1616,52.64,1031.0027,4.0,1.07
1617,40.64,1394.278,26.0,1.11
1618,41.12,1002.2357,68.0,1.15
1619,34.6,988.2046,25.0,1.2
1620,43.2,1099.7074,18.0,1.3
1621,39.4,1041.4363,48.0,1.14
1622,50.32,1022.9271,30.0,1.23
1623,43.2,1018.9646,55.0,1.2
1624,43.96,1077.2636,9.0,1.18
1625,55.76,1039.2316,24.0,1.37
1626,48.04,1020.1482,51.0,1.39
1627,39.44,1036.8167,35.0,1.11
1628,54.0,1014.2237,54.0,1.21
1629,53.2,1033.4738,21.0,1.06
1630,55.52,1049.0887,21.0,1.05
1631,47.72,1034.9569,60.0,1.12
1632,45.84,990.0289,32.0,1.07
1633,48.8,1033.927,9.0,1.14
1634,49.28,1042.7382,40.0,1.22
1635,50.56,999.5991,42.0,1.38
1636,47.76,1028.4946,20.0,1.2
1637,46.76,1051.6632,42.0,1.44
1638,34.72,982.854,43.0,1.29
1639,57.24,1037.7234,23.0,1.3
1640,39.32,987.9814,62.0,1.16
1641,38.12,1022.8838,30.0,1.1
1642,65.28,1052.0408,11.0,1.18
1643,56.68,1025.301,24.0,1.02
1644,33.12,1044.0562,19.0,1.08
1645,51.68,1093.9117,61.0,1.17
1646,57.68,1025.3709,61.0,1.15
1647,62.16,1039.5478,33.0,1.06
1648,50.56,1029.0598,87.0,1.12
1649,27.08,989.4888,48.0,1.14
1650,59.4,1074.6106,43.0,1.03
1651,62.04,1053.3528,40.0,1.28
1652,49.32,1052.8569,18.0,1.14
1653,47.96,1091.5892,37.0,1.11
1654,48.72,1109.92,21.0,1.17
1655,41.68,1034.4968,37.0,1.17
1656,48.88,1019.7251,33.0,1.32
1657,47.16,1031.6935,31.0,1.16
1658,44.24,1158.3017,66.0,1.27
1659,53.08,1014.2254,31.0,1.3
1660,47.04,1047.9926,44.0,1.11
1661,64.32,1060.0111,33.0,1.14
1662,62.28,1001.9918,30.0,1.14
1663,44.16,1080.6365,17.0,1.04
1664,57.36,1080.3166,17.0,1.09
1665,26.24,1015.3692,37.0,1.08
1666,43.48,1002.6145,64.0,1.21
1667,43.68,1027.4382,77.0,1.17
1668,53.76,1060.9556,47.0,1.13
1669,54.64,1084.1861,37.0,1.07
1670,28.84,1001.964,68.0,1.06
1671,41.52,1054.3441,26.0,1.1
1672,37.56,1017.7725,11.0,1.1
1673,43.96,1007.5334,36.0,1.09
1674,37.24,1071.2534,32.0,1.23
1675,53.24,1067.2463,36.0,1.16
1676,42.28,970.1282,25.0,1.12
1677,40.52,987.5075,41.0,1.27
1678,54.48,1019.2036,3.0,1.15
1679,48.6,1040.1479,11.0,1.15
1680,48.08,1045.7476,36.0,1.26
1681,42.56,1000.6508,8.0,0.94
1682,50.4,1014.6771,28.0,1.25
1683,43.6,1076.1527,14.0,1.09
1684,55.28,1081.3933,31.0,0.99
1685,55.08,1065.8624,23.0,1.02
1686,51.92,1035.5236,10.0,1.02
1687,59.28,1018.6642,42.0,1.08
1688,54.6,1016.7024,18.0,1.06
1689,29.2,1018.1916,75.0,1.12
1690,54.2,1034.7638,44.0,1.06
1691,45.6,1003.1437,46.0,1.09
1692,38.16,1012.188,50.0,1.06
1693,53.88,1050.2572,29.0,1.05
1694,38.48,1052.3387,46.0,0.99
1695,54.8,1021.2088,49.0,1.04
1696,43.24,1008.9647,67.0,1.02
1697,48.48,1054.0826,94.0,1.1
1698,58.48,1040.3073,51.0,1.04
1699,47.76,1032.3594,30.0,1.08
1700,39.76,1050.5938,56.0,1.01
1701,33.36,1006.7251,54.0,1.07
1702,50.52,989.0993,38.0,1.12
1703,46.76,1037.3218,28.0,1.23
1704,56.4,1026.3072,52.0,1.04
1705,52.32,1031.7342,33.0,1.06
1706,40.88,1016.3333,42.0,1.1
1707,55.04,1047.382,30.0,1.05
1708,47.84,1028.1416,25.0,1.02
1709,46.12,1024.7283,4.0,0.97
1710,54.76,1016.1148,50.0,1.07
1711,42.8,993.1431,51.0,1.01
1712,42.32,1045.2352,40.0,1.06
1713,45.36,1045.7796,22.0,1.06
1714,42.8,1016.9013,36.0,0.99
1715,39.8,1061.5487,38.0,1.01
1716,30.0,986.1612,62.0,1.08
1717,42.52,1026.6168,50.0,1.03
1718,23.12,1012.671,55.0,1.15
1719,52.52,1018.905,61.0,1.0
1720,57.28,1049.5696,9.0,1.05
1721,40.84,1065.0127,52.0,1.05
1722,48.52,1043.6925,58.0,1.04
1723,48.44,1092.8504,102.0,1.06
1724,54.4,1004.1793,65.0,1.08
1725,54.28,1011.1326,21.0,1.05
1726,61.76,1101.6699,45.0,1.03
1727,48.04,1013.9252,18.0,1.05
1728,32.76,1025.54,43.0,1.14
1729,57.84,1084.8897,1.0,1.18
1730,43.56,1005.9384,60.0,1.09
1731,45.36,1088.4268,48.0,1.21
1732,47.6,1038.7812,32.0,1.01
1733,40.52,1042.9817,39.0,1.06
1734,45.44,1018.0649,50.0,1.13
1735,30.44,1018.2628,37.0,1.23
1736,42.6,1024.6472,16.0,1.05
1737,36.4,983.9255,33.0,1.09
1738,49.04,1036.9502,10.0,0.96
1739,43.68,1026.8134,21.0,1.02
1740,30.48,1026.5656,45.0,0.98
1741,54.48,1027.2848,44.0,1.07
1742,34.56,1038.364,82.0,1.08
1743,48.8,1015.6284,62.0,1.02
1744,52.04,1040.0726,35.0,1.02
1745,38.52,1017.4016,31.0,1.08
1746,66.96,1007.9299,11.0,1.0
1747,43.68,1032.2206,68.0,1.04
1748,46.24,1070.6731,16.0,1.04
1749,47.4,1060.5601,9.0,1.08
1750,55.68,1043.7081,39.0,1.07
1751,61.76,1047.0342,30.0,1.05
1752,41.2,1040.2771,48.0,1.1
1753,51.52,1001.3311,46.0,1.07
1754,48.48,997.0187,47.0,1.08
1755,54.24,1033.8302,0.0,0.96
1756,46.76,1054.2224,41.0,1.12
1757,52.28,1089.8137,48.0,1.02
1758,61.56,1043.7716,2.0,1.23
1759,25.08,978.3111,50.0,1.03
1760,30.76,1042.0499,58.0,1.02
1761,47.68,1016.6301,46.0,1.04
1762,53.24,1012.327,40.0,1.11
1763,46.32,1050.237,12.0,1.04
1764,49.92,1085.091,33.0,1.05
1765,41.4,1067.9645,59.0,1.16
1766,48.2,1127.1987,27.0,0.98
1767,36.08,1019.4261,44.0,1.08
1768,49.6,1089.6908,1.0,1.05
1769,58.72,1092.6209,34.0,1.07
1770,42.0,1029.6347,62.0,1.07
1771,46.2,1024.6741,2.0,1.0
1772,31.32,989.1427,75.0,0.99
1773,50.84,1017.5085,29.0,0.98
1774,44.96,1000.8032,2.0,1.06
1775,58.68,999.3089,48.0,1.03
1776,42.0,1048.6035,57.0,1.24
1777,47.88,1004.6876,42.0,0.98
1778,49.04,1053.6746,31.0,0.98
1779,48.36,1018.0766,46.0,1.05
1780,58.72,1014.1791,42.0,1.02
1781,50.92,1064.1833,44.0,1.06
1782,51.72,1080.2752,26.0,1.02
1783,37.28,1034.8255,83.0,1.12
1784,51.24,1069.4438,42.0,1.09
1785,51.84,1034.7569,41.0,1.01
1786,38.76,1004.6048,1.0,1.12
1787,47.4,1061.8225,25.0,1.01
1788,51.96,1008.498,78.0,1.07
1789,47.12,1010.1378,29.0,0.98
1790,52.0,1104.9117,57.0,1.03
1791,40.4,990.343,72.0,0.98
1792,50.92,1022.4176,35.0,0.99
1793,42.64,1064.1773,37.0,1.03
1794,57.16,1006.6545,24.0,1.01
1795,33.32,991.583,58.0,1.08
1796,55.0,1040.6276,48.0,0.96
1797,51.88,1006.3821,41.0,1.01
1798,53.28,1011.4504,11.0,1.02
1799,50.76,1056.1369,31.0,1.06
1800,38.2,1063.9895,14.0,1.05
1801,36.16,1048.5528,29.0,1.06
1802,45.76,1001.4489,14.0,1.05
1803,41.4,1071.3772,29.0,1.04
1804,47.48,1018.5805,40.0,1.16
1805,53.36,1002.3335,26.0,1.05
1806,55.24,992.89,51.0,1.01
1807,47.24,1132.3514,5.0,1.02
1808,50.84,1045.278,62.0,1.04
1809,46.08,1073.7952,23.0,1.01
1810,41.2,1111.1508,67.0,1.06
1811,58.96,1048.3262,8.0,1.01
1812,50.36,1070.2094,12.0,1.02
1813,39.52,1043.6542,30.0,1.05
1814,55.8,1054.2692,26.0,0.97
1815,50.8,1014.623,19.0,1.1
1816,52.8,1016.0061,26.0,1.0
1817,39.12,1013.6587,44.0,0.99
1818,56.28,1030.9345,54.0,1.1
1819,48.44,1015.4976,53.0,1.01
1820,34.6,1084.8758,20.0,1.26
1821,32.68,973.3179,27.0,0.95
1822,50.92,1014.2621,51.0,1.04
1823,49.36,1016.6798,54.0,0.98
1824,44.76,1002.0108,59.0,1.03
1825,38.76,979.4052,59.0,0.95
1826,47.48,1145.7789,26.0,1.06
1827,48.4,1018.18,26.0,1.06
1828,49.28,1053.6594,23.0,1.04
1829,30.44,1026.1834,41.0,1.06
1830,50.36,1025.3688,37.0,0.97
1831,57.28,1031.893,21.0,1.04
1832,57.2,1064.3608,11.0,1.2
1833,53.36,1030.4876,11.0,1.17
1834,38.08,1042.7728,137.0,1.07
1835,44.72,1045.3701,44.0,1.09
1836,47.12,1026.5844,24.0,1.07
1837,31.12,1121.1179,29.0,1.02
1838,44.36,1051.8469,34.0,1.06
1839,24.8,984.406,66.0,1.03
1840,46.2,986.8024,90.0,0.93
1841,62.44,1070.0588,33.0,1.06
1842,50.76,1032.0233,33.0,1.23
1843,35.72,1004.8673,78.0,0.99
1844,38.36,1014.8592,108.0,0.95
1845,41.24,1050.9095,36.0,1.05
1846,45.24,1007.1371,29.0,1.08
1847,37.0,1020.6779,43.0,1.0
1848,64.0,1035.9142,33.0,1.03
1849,51.44,1023.8134,11.0,1.08
1850,38.16,999.5414,73.0,1.15
1851,35.2,1051.1284,80.0,1.03
1852,31.24,1029.6914,42.0,1.04
1853,44.48,998.1547,79.0,1.02
1854,37.12,1061.6791,54.0,1.04
1855,36.92,1007.9201,102.0,1.07
1856,46.6,1006.6401,1.0,1.02
1857,42.88,1014.5481,46.0,1.08
1858,47.64,1059.4768,23.0,0.95
1859,50.92,1056.1101,44.0,0.99
1860,44.64,1030.5739,48.0,1.25
1861,26.44,1016.1535,78.0,1.22
1862,36.12,1000.9908,88.0,1.06
1863,41.28,1043.9434,16.0,1.21
1864,49.16,1024.997,85.0,0.97
1865,60.92,1048.8747,22.0,1.01
1866,42.96,1038.8511,45.0,1.04
1867,46.48,1130.4818,54.0,1.06
1868,51.04,1044.8446,45.0,1.05
1869,48.36,1012.937,51.0,1.03
1870,42.8,1011.885,31.0,1.22
1871,25.88,1051.6723,82.0,1.02
1872,49.32,1023.2295,12.0,0.99
1873,35.04,1012.2041,30.0,1.05
1874,47.88,1029.4568,14.0,1.03
1875,36.32,1004.1738,47.0,1.03
1876,55.48,1007.3357,28.0,1.05
1877,57.88,1042.0696,11.0,1.05
1878,53.4,1057.0448,50.0,1.05
1879,43.76,1018.5304,36.0,0.95
1880,63.44,1014.0477,22.0,1.05
1881,55.16,1048.187,40.0,0.99
1882,59.92,1032.684,41.0,1.02
1883,44.92,1055.1358,29.0,0.99
1884,41.96,1038.0562,32.0,1.07
1885,43.2,1037.8369,16.0,1.03
1886,51.48,1017.4511,21.0,1.05
1887,54.04,1026.6382,40.0,1.04
1888,56.36,1039.5465,75.0,1.03
1889,34.44,1045.8156,83.0,1.05
1890,56.4,1010.1909,55.0,1.02
1891,54.12,1042.0947,31.0,1.12
1892,38.68,1000.6768,30.0,1.02
1893,54.72,1091.2451,26.0,1.0
1894,39.72,1195.1075,60.0,0.98
1895,39.28,1072.833,68.0,1.06
1896,46.76,1029.9611,45.0,1.04
1897,63.12,1011.5374,2.0,1.05
1898,52.24,1032.5872,28.0,1.12
1899,49.6,1059.4286,45.0,1.08
1900,57.0,1083.0189,31.0,1.03
1901,40.24,1015.1786,50.0,1.02
1902,56.88,1107.5125,26.0,1.0
1903,43.08,1070.003,74.0,1.17
1904,39.92,1076.5591,60.0,1.08
1905,33.2,1017.3284,24.0,1.12
1906,42.96,1029.5802,12.0,1.17
1907,48.28,1037.1002,60.0,1.0
1908,45.52,1094.5816,20.0,1.03
1909,61.24,1063.4133,25.0,0.98
1910,26.12,1012.4283,79.0,1.1
1911,57.24,1204.3663,2.0,1.02
1912,68.96,1061.1027,19.0,1.03
1913,24.28,1009.9185,41.0,1.08
1914,42.84,1019.9007,29.0,1.02
1915,40.8,1036.5657,27.0,1.08
1916,48.08,1005.8388,17.0,1.11
1917,53.08,1012.2492,36.0,1.1
1918,49.04,1030.0403,41.0,1.03
1919,30.04,996.0926,74.0,1.14
1920,58.24,1031.4976,0.0,1.02
1921,48.48,1046.3219,58.0,1.04
1922,52.48,1029.4544,17.0,1.07
1923,44.68,1032.5111,32.0,0.97
1924,53.32,1048.7025,59.0,1.02
1925,51.44,1048.2007,45.0,1.12
1926,42.6,1092.3254,36.0,1.21
1927,48.2,1029.9004,33.0,0.97
1928,48.16,978.919,72.0,1.01
1929,38.32,1234.281,21.0,0.99
1930,51.52,1030.4706,27.0,1.01
1931,51.08,1054.1714,40.0,1.08
1932,32.92,994.8463,33.0,1.02
1933,32.08,981.2926,74.0,1.03
1934,38.76,978.1386,31.0,0.85
1935,50.24,1090.4114,58.0,1.09
1936,48.92,1093.761,17.0,1.01
1937,44.24,1000.9758,15.0,1.03
1938,27.8,1017.9336,70.0,1.08
1939,52.88,1033.7768,46.0,1.08
1940,57.12,1031.9619,16.0,1.08
1941,47.96,1041.4725,47.0,1.06
1942,43.32,1024.9071,48.0,1.06
1943,47.72,1108.9464,35.0,1.03
1944,58.4,1049.0072,44.0,1.1
1945,44.72,1036.9286,66.0,1.08
1946,35.2,976.4382,27.0,0.97
1947,39.04,1078.293,46.0,1.03
1948,31.04,998.3203,56.0,1.02
1949,49.28,1268.362,16.0,1.08
1950,39.48,1039.3877,34.0,1.1
1951,54.96,1020.7094,25.0,1.01
1952,46.04,1118.0608,3.0,1.07
1953,36.6,1023.9753,72.0,1.1
1954,56.0,984.9209,18.0,1.13
1955,34.88,986.5429,44.0,1.26
1956,61.44,1063.0877,8.0,1.04
1957,50.76,1056.0198,11.0,1.02
1958,51.88,1065.4201,38.0,1.03
1959,36.08,1026.1916,98.0,1.03
1960,34.68,1027.7588,53.0,1.04
1961,32.12,1014.7614,22.0,1.04
1962,38.0,1031.158,37.0,1.01
1963,46.36,1018.3832,52.0,1.08
1964,50.28,1061.8348,56.0,1.07
1965,44.2,1066.9845,14.0,1.06
1966,46.36,1066.0709,32.0,1.01
1967,39.16,1020.6149,69.0,1.05
1968,44.2,1028.2079,117.0,1.05
1969,53.24,1058.6874,40.0,1.07
1970,60.24,1000.911,39.0,1.03
1971,49.88,1043.3588,10.0,1.02
1972,51.6,1059.9604,50.0,1.07
1973,46.84,987.1741,70.0,0.96
1974,41.04,1095.7259,96.0,1.01
1975,45.56,1049.9667,67.0,1.07
1976,45.36,1060.6841,32.0,1.07
1977,49.88,1012.196,54.0,1.05
1978,41.28,1023.0701,56.0,1.02
1979,48.56,1012.3381,48.0,0.98
1980,60.28,1078.9495,8.0,1.01
1981,47.56,1009.4089,22.0,1.05
1982,57.52,1106.4333,13.0,1.19
1983,39.32,1014.99,70.0,1.04
1984,47.32,1026.1647,42.0,1.01
1985,38.72,1101.6489,19.0,1.06
1986,27.16,999.7766,52.0,1.04
1987,45.24,1016.2417,74.0,1.09
1988,41.88,993.8844,44.0,1.03
1989,31.08,1008.8113,48.0,1.08
1990,49.32,1040.9951,43.0,1.1
1991,38.6,1053.6204,35.0,1.39
1992,52.76,1000.8926,25.0,1.42
1993,47.56,1048.383,39.0,1.08
1994,41.64,1040.9882,26.0,1.03
1995,44.8,992.3586,24.0,1.03
1996,38.4,999.3806,25.0,1.05
1997,54.24,1024.7872,9.0,1.1
1998,46.6,999.5496,20.0,1.02
1999,39.6,1015.584,53.0,1.03
2000,50.72,1011.9168,56.0,1.03
2001,33.28,1053.7892,32.0,1.08
2002,49.4,1052.9385,34.0,1.03
2003,58.64,1001.1393,25.0,1.18
2004,56.96,1057.725,41.0,1.08
2005,49.52,1076.9797,41.0,1.04
2006,39.72,1040.0331,90.0,1.07
2007,46.16,1033.6537,9.0,1.05
2008,47.24,1076.5389,70.0,1.05
2009,36.2,1069.2061,91.0,1.22
2010,50.16,1030.927,8.0,1.09
2011,55.08,1098.9603,28.0,1.01
2012,43.48,1010.3226,29.0,1.01
2013,51.2,1089.1706,51.0,1.04
2014,48.92,1018.0695,6.0,1.04
2015,38.08,1050.8706,46.0,1.05
2016,41.92,1027.5662,73.0,1.01
2017,51.72,1021.8753,31.0,1.09
2018,62.2,1097.3901,31.0,1.06
2019,35.48,1073.0682,19.0,1.02
2020,44.52,994.8712,8.0,1.02
2021,53.32,1030.1563,34.0,1.04
2022,38.92,1041.0374,64.0,1.04
2023,61.64,1104.3756,21.0,1.01
2024,53.56,1031.9259,81.0,1.01
2025,49.2,1005.6011,44.0,1.02
2026,60.28,1020.6157,-5.0,1.02
2027,36.6,976.9125,55.0,0.95
2028,51.0,1031.8371,7.0,1.1
2029,43.2,1038.9936,33.0,0.96
2030,22.04,1017.6989,41.0,1.07
2031,43.12,1080.5323,62.0,1.06
2032,46.68,996.8252,5.0,0.99
2033,46.4,1024.2218,11.0,0.97
2034,37.28,1012.1923,68.0,1.05
2035,47.24,1073.3378,61.0,1.04
2036,43.8,1019.215,32.0,1.09
2037,41.4,1013.0872,60.0,1.2
2038,58.4,1059.7268,16.0,1.03
2039,36.96,1046.0611,103.0,1.01
2040,34.72,1002.847,103.0,0.99
2041,51.8,1035.346,74.0,1.05
2042,42.68,987.3256,43.0,1.04
2043,54.16,1051.5336,14.0,1.06
2044,24.2,975.7062,76.0,1.03
2045,57.96,979.9086,35.0,1.07
2046,58.4,1046.2558,18.0,1.08
2047,51.12,1028.5823,25.0,1.23
2048,40.76,1024.042,42.0,1.02
2049,56.88,1068.706,10.0,1.09
2050,46.28,1057.6138,39.0,1.06
2051,33.64,1019.3191,39.0,1.09
2052,48.84,1119.2,15.0,1.05
2053,71.24,1034.7687,-1.0,1.02
2054,36.44,1082.3045,13.0,1.07
2055,45.6,1061.5603,75.0,1.13
2056,41.96,1011.2646,44.0,1.08
2057,62.12,1005.5067,20.0,0.98
2058,50.4,1047.2852,13.0,1.0
2059,53.24,1113.3771,32.0,0.95
2060,48.68,1093.4146,13.0,1.04
2061,50.72,1040.5525,40.0,1.09
2062,52.08,1053.9899,50.0,0.98
2063,48.04,1011.9682,34.0,1.02
2064,51.32,1081.9829,54.0,1.08
2065,37.72,1039.048,71.0,1.21
2066,34.6,1048.7113,16.0,1.06
2067,49.0,1039.0535,83.0,0.99
2068,60.88,1157.424,7.0,1.07
2069,48.96,1048.2527,25.0,1.0
2070,43.48,1004.4244,37.0,1.03
2071,41.48,1022.1518,24.0,0.98
2072,44.88,1032.9884,46.0,1.09
2073,53.08,1056.0574,39.0,1.05
2074,35.12,1013.0672,50.0,1.03
2075,51.52,1102.4023,44.0,1.05
2076,49.0,1037.3998,27.0,1.07
2077,55.72,1028.0114,31.0,0.98
2078,55.16,1071.7261,54.0,1.05
2079,34.48,1046.4116,60.0,1.02
2080,55.8,1058.5028,45.0,1.05
2081,50.36,1059.8129,12.0,1.03
2082,38.6,1040.7191,59.0,1.0
2083,57.08,999.7101,21.0,1.06
2084,43.52,1051.0861,74.0,1.1
2085,52.04,988.9713,46.0,1.08
2086,55.72,1021.1995,33.0,1.06
2087,41.84,1039.1706,55.0,1.1
2088,47.2,1125.2655,36.0,1.04
2089,48.68,1016.4803,15.0,0.98
2090,48.0,1063.0016,53.0,1.04
2091,47.0,1025.2802,30.0,1.1
2092,42.36,1018.0615,59.0,1.23
2093,52.6,1079.2952,40.0,1.09
2094,40.72,1056.2231,28.0,1.22
2095,33.56,1022.3341,6.0,1.03
2096,56.72,1037.6997,13.0,1.2
2097,46.16,1138.0114,10.0,1.1
2098,54.28,1084.1434,29.0,1.06
2099,48.72,1065.9956,36.0,1.01
2100,44.76,1030.8748,28.0,1.0
2101,46.08,1019.0019,47.0,0.99
2102,47.52,1116.4472,28.0,1.03
2103,50.92,1099.4628,15.0,1.05
2104,34.88,1017.41,39.0,1.05
2105,26.08,1008.8952,28.0,1.03
2106,43.96,1035.9316,71.0,1.04
2107,51.04,1018.8713,7.0,0.96
2108,40.8,1023.9909,50.0,1.07
2109,50.28,1040.5502,26.0,1.04
2110,49.96,1082.7694,43.0,1.02
2111,53.52,1016.0021,38.0,1.08
2112,35.44,1031.775,58.0,1.04
2113,48.2,1039.1496,47.0,1.03
2114,41.96,1046.8709,33.0,1.05
2115,49.48,1350.8562,63.0,1.06
2116,34.96,1023.1344,32.0,1.02
2117,43.76,1015.0889,45.0,1.02
2118,41.16,1089.6953,46.0,1.05
2119,41.4,1088.1978,64.0,1.07
2120,44.56,1018.6018,55.0,1.21
2121,45.16,1053.8696,8.0,1.03
2122,52.72,1132.2462,61.0,1.02
2123,55.76,1040.3178,17.0,1.12
2124,48.8,1084.8627,34.0,1.08
2125,51.04,1021.182,16.0,1.05
2126,56.68,1056.9232,51.0,1.07
2127,54.44,1016.1421,41.0,1.05
2128,44.32,1079.6514,58.0,1.04
2129,44.96,1073.9846,14.0,1.07
2130,46.32,1031.1596,30.0,1.05
2131,39.44,1041.6074,21.0,1.06
2132,36.56,1006.2824,61.0,1.05
2133,41.12,1043.2167,14.0,1.13
2134,35.48,1021.3803,49.0,0.97
2135,49.96,1070.8413,27.0,1.08
2136,46.08,1044.1894,22.0,1.06
2137,48.2,1092.599,52.0,1.09
2138,25.16,1009.6667,102.0,1.08
2139,36.52,1008.3016,83.0,0.96
2140,42.52,1014.278,20.0,1.09
2141,34.72,1022.8815,26.0,1.15
2142,41.92,1079.6541,32.0,1.1
2143,44.64,1004.7025,112.0,1.05
2144,52.08,1085.2552,14.0,1.09
2145,60.52,1080.84,14.0,0.98
2146,24.16,994.5727,60.0,0.99
2147,51.28,1048.1388,33.0,1.11
2148,38.6,1032.5532,40.0,1.25
2149,27.28,995.3942,77.0,1.04
2150,45.84,1057.7324,21.0,1.02
2151,57.8,1074.588,30.0,1.05
2152,41.44,1073.3158,39.0,1.03
2153,26.72,980.3664,71.0,1.09
2154,60.44,994.0177,2.0,0.99
2155,34.44,1010.9001,43.0,1.1
2156,43.96,996.6017,52.0,1.02
2157,61.36,1058.6366,-4.0,1.0
2158,63.76,1037.5652,33.0,0.97
2159,47.8,1003.9641,49.0,0.99
2160,57.24,1044.7282,19.0,1.1
2161,44.12,1063.9848,63.0,1.12
2162,53.4,1009.7656,28.0,1.06
2163,54.52,1084.0966,70.0,1.12
2164,49.04,1002.4876,35.0,1.09
2165,50.56,1024.163,17.0,1.05
2166,57.88,1037.6115,24.0,0.99
2167,26.28,1006.4657,67.0,1.06
2168,46.36,1070.4109,17.0,1.03
2169,45.2,1035.8771,65.0,1.0
2170,51.6,1023.992,51.0,1.02
2171,39.56,1075.5233,72.0,1.05
2172,41.2,1083.0874,62.0,1.12
2173,51.0,1031.1678,66.0,1.02
2174,57.04,1016.8015,15.0,1.11
2175,44.2,1027.1402,39.0,1.09
2176,46.68,1011.5025,51.0,1.02
2177,55.88,1072.5829,39.0,1.06
2178,40.36,991.0674,22.0,1.08
2179,49.64,1018.3821,28.0,1.03
2180,55.32,1016.1973,16.0,1.07
2181,34.4,1021.3933,91.0,1.07
2182,47.52,1063.5712,34.0,1.1
2183,52.8,1022.0515,27.0,0.96
2184,48.56,1095.7443,61.0,1.25
2185,46.12,1001.2009,84.0,1.06
2186,51.72,1034.4387,57.0,1.03
2187,46.92,1034.8852,29.0,1.07
2188,29.52,1021.7291,101.0,1.06
2189,57.16,1025.1923,35.0,1.06
2190,31.28,999.8885,53.0,1.05
2191,55.6,1094.9285,17.0,1.0
2192,51.12,996.8674,65.0,1.06
2193,41.88,1016.3222,33.0,1.07
2194,67.44,1111.2002,8.0,1.12
2195,25.6,1003.4768,33.0,1.12
2196,47.96,1009.7147,17.0,1.01
2197,53.4,1161.766,27.0,0.94
2198,43.96,1055.5021,40.0,1.09
2199,55.6,1054.0751,28.0,1.05
2200,56.6,1035.3806,60.0,1.08
2201,48.56,1022.5991,26.0,1.02
2202,38.0,1022.568,40.0,1.11
2203,31.68,1023.1534,49.0,1.17
2204,59.52,1063.1838,59.0,1.1
2205,49.52,1021.6981,47.0,1.08
2206,34.2,1013.7844,37.0,1.0
2207,49.64,1015.2096,15.0,1.05
2208,45.16,1051.3814,43.0,1.03
2209,50.04,1069.4787,24.0,1.11
2210,51.52,1121.0929,94.0,1.03
2211,56.64,980.4228,2.0,1.02
2212,47.64,1039.2603,68.0,1.03
2213,43.72,1083.9297,30.0,1.08
2214,48.96,1039.8107,30.0,1.1
2215,37.76,1027.9733,35.0,1.06
2216,57.88,1069.0218,36.0,1.09
2217,44.12,1123.7261,36.0,1.06
2218,31.44,978.2963,52.0,1.09
2219,45.76,971.0284,23.0,1.07
2220,45.36,1061.8483,48.0,1.05
2221,44.68,1069.6634,46.0,1.06
2222,69.8,1025.8524,-3.0,1.05
2223,49.6,1025.2246,40.0,1.07
2224,52.56,1108.1512,55.0,1.11
2225,42.76,998.7052,12.0,0.97
2226,40.96,1029.6297,38.0,1.06
2227,57.04,1044.3142,17.0,1.03
2228,51.52,1127.7469,48.0,1.05
2229,47.88,1056.4147,45.0,1.01
2230,58.44,1028.6473,43.0,1.15
2231,55.48,1011.4988,26.0,1.14
2232,55.16,1041.2439,51.0,1.1
2233,55.24,1034.7552,34.0,1.23
2234,54.04,1057.813,53.0,1.05
2235,39.8,987.9161,54.0,1.05
2236,39.0,990.3436,13.0,0.97
2237,66.32,1111.3852,32.0,1.03
2238,50.52,1060.4823,7.0,1.08
2239,38.04,1023.0467,77.0,1.04
2240,27.16,996.7808,54.0,1.03
2241,53.6,1034.1132,25.0,1.11
2242,46.44,1126.7061,34.0,1.1
2243,46.68,1085.4787,68.0,1.06
2244,47.32,1032.2759,36.0,1.05
2245,38.56,1006.4712,36.0,1.02
2246,42.08,1036.5736,43.0,1.02
2247,33.6,1006.3516,23.0,1.04
2248,39.72,993.7684,23.0,1.11
2249,57.44,1034.8908,34.0,1.02
2250,53.8,1032.3159,21.0,0.98
2251,34.88,1006.3661,43.0,1.06
2252,23.32,983.0082,60.0,1.06
2253,58.84,1084.4873,11.0,1.07
2254,34.92,1046.582,31.0,1.04
2255,56.12,1031.5904,19.0,1.05
2256,39.32,1050.2974,73.0,1.06
2257,30.76,1003.6796,58.0,1.04
2258,62.32,1004.1065,41.0,1.13
2259,58.72,1148.266,22.0,1.0
2260,34.64,1021.6339,38.0,1.04
2261,35.68,984.6582,69.0,1.05
2262,34.16,1007.4764,47.0,1.15
2263,51.52,1075.5626,22.0,1.03
2264,56.72,1131.3198,18.0,0.99
2265,55.68,1061.3226,20.0,1.09
2266,58.16,1049.3004,29.0,1.03
2267,29.68,985.3253,70.0,1.0
2268,52.12,1024.3097,53.0,1.09
2269,50.72,1039.3017,40.0,1.04
2270,35.36,1010.3971,95.0,1.06
2271,39.12,1031.6681,3.0,1.08
2272,32.16,1046.6809,37.0,1.11
2273,35.96,1037.5382,36.0,1.1
2274,39.24,1039.8916,23.0,1.01
2275,33.08,1003.2225,50.0,1.05
2276,63.28,1097.5407,22.0,0.93
2277,54.4,1040.7079,5.0,1.09
2278,49.96,1046.6501,10.0,1.13
2279,44.4,1071.498,47.0,1.07
2280,60.76,1062.6007,22.0,1.07
2281,47.24,1034.2746,6.0,1.01
2282,35.0,1055.949,143.0,1.05
2283,54.52,1007.5957,35.0,1.09
2284,43.28,1042.1147,20.0,1.04
2285,49.2,1048.9514,12.0,1.09
2286,39.12,1073.0408,52.0,1.12
2287,50.32,1014.3752,13.0,1.09
2288,30.6,999.3757,86.0,1.05
2289,46.64,1078.0545,17.0,0.99
2290,48.28,1012.3669,26.0,1.0
2291,54.0,1034.2311,2.0,1.01
2292,48.04,995.3751,37.0,0.99
2293,31.64,993.2133,49.0,1.05
2294,48.28,1045.6694,13.0,0.99
2295,45.2,1019.9087,32.0,1.07
2296,43.4,1173.5003,12.0,1.09
2297,43.04,1005.0517,57.0,1.03
2298,57.56,1058.9412,31.0,1.15
2299,38.68,1122.819,47.0,1.05
2300,39.56,1002.9644,86.0,1.03
2301,57.32,1015.6121,20.0,1.06
2302,39.04,1004.793,93.0,1.0
2303,53.96,1119.8407,49.0,1.14
2304,62.28,1031.366,21.0,1.05
2305,53.6,1138.3275,41.0,0.97
2306,43.6,1016.3265,58.0,1.0
2307,46.36,1051.0935,61.0,1.1
2308,40.36,1046.5966,21.0,1.14
2309,24.96,1012.0495,43.0,1.11
2310,42.24,1009.7893,22.0,1.1
2311,41.08,1035.8224,65.0,1.07
2312,55.56,1084.6679,44.0,1.05
2313,60.2,1063.7426,31.0,1.18
2314,49.68,1058.4154,94.0,1.05
2315,42.64,1031.0444,42.0,0.94
2316,55.16,1058.1633,30.0,1.04
2317,48.2,1039.103,82.0,1.04
2318,29.96,1056.0484,105.0,1.05
2319,55.64,1031.3689,39.0,0.99
2320,23.08,992.1088,30.0,1.03
2321,58.44,1077.5112,69.0,1.03
2322,51.2,1146.7936,33.0,1.04
2323,49.76,1088.1572,42.0,1.18
2324,52.44,1021.0624,17.0,1.06
2325,43.8,1061.9844,53.0,1.11
2326,41.92,1008.487,42.0,1.09
2327,42.12,1022.719,26.0,1.06
2328,40.68,1064.2985,25.0,1.07
2329,58.4,1045.9981,39.0,1.08
2330,51.4,1070.1466,27.0,1.04
2331,41.04,1014.2945,14.0,1.06
2332,37.56,1035.5336,31.0,1.14
2333,39.72,1073.8707,45.0,1.09
2334,37.68,1016.4132,9.0,1.07
2335,39.16,999.7676,56.0,1.09
2336,47.6,1014.4408,10.0,1.05
2337,44.28,1010.2639,50.0,1.08
2338,41.2,999.0513,32.0,1.09
2339,50.16,1028.2578,74.0,1.04
2340,53.44,1037.6812,12.0,1.05
2341,59.44,1035.1829,52.0,1.14
2342,52.36,1027.445,14.0,1.02
2343,41.32,1064.3685,64.0,1.04
2344,46.28,1046.2993,29.0,1.11
2345,47.92,1023.4624,40.0,1.02
2346,41.56,1018.5468,43.0,0.97
2347,40.6,1002.1188,87.0,1.05
2348,39.92,1045.6802,21.0,1.07
2349,46.48,1023.4036,4.0,1.01
2350,44.2,1255.5844,8.0,1.0
2351,49.84,1133.1261,11.0,1.05
2352,36.44,978.7713,68.0,1.03
2353,53.64,1052.8424,25.0,0.92
2354,47.36,1019.6952,57.0,1.07
2355,46.92,1055.1784,37.0,1.02
2356,50.44,1058.6265,73.0,1.01
2357,49.6,1079.822,51.0,1.07
2358,45.84,1033.9112,61.0,1.0
2359,39.08,1034.2539,40.0,1.1
2360,43.8,1007.0554,39.0,1.1
2361,49.4,1125.6925,47.0,1.07
2362,47.4,1061.2145,20.0,1.09
2363,43.0,1043.6743,10.0,1.06
2364,48.64,1006.1881,68.0,1.04
2365,61.72,1021.631,45.0,1.11
2366,63.36,1023.4202,26.0,1.0
2367,38.84,1016.1681,30.0,1.12
2368,39.16,1007.7637,45.0,1.09
2369,54.32,1075.9724,36.0,1.32
2370,44.88,1047.6914,97.0,1.1
2371,51.28,1032.4302,61.0,1.12
2372,46.88,1025.8025,49.0,0.98
2373,46.96,1097.9669,26.0,1.05
2374,39.44,1039.9948,25.0,1.04
2375,41.16,1042.0464,21.0,1.09
2376,41.28,1101.2962,25.0,1.06
2377,34.2,1012.0705,75.0,0.97
2378,38.52,1054.4463,82.0,1.05
2379,45.68,1052.1817,26.0,1.09
2380,40.72,985.4278,20.0,1.03
2381,42.48,1041.3492,96.0,1.05
2382,48.2,1018.906,36.0,1.09
2383,50.56,1039.8443,42.0,1.12
2384,54.12,1094.613,35.0,1.08
2385,51.72,1128.3426,5.0,1.03
2386,36.08,985.3654,81.0,1.02
2387,28.76,1006.2984,54.0,1.1
2388,46.76,1067.9527,60.0,1.03
2389,43.8,1032.7068,53.0,1.04
2390,46.68,1061.6396,29.0,1.09
2391,24.28,996.3362,12.0,1.07
2392,37.76,1080.5218,45.0,1.07
2393,52.64,1028.654,49.0,1.04
2394,55.28,1358.874,12.0,1.09
2395,20.72,990.4833,62.0,1.05
2396,38.6,1024.0949,46.0,1.25
2397,44.44,1000.6539,67.0,1.09
2398,44.12,1097.0627,38.0,1.09
2399,48.52,1085.9795,40.0,1.02
2400,48.76,1020.1232,33.0,1.11
2401,17.88,993.5513,22.0,1.08
2402,48.52,992.2244,56.0,0.99
2403,33.24,1015.6934,32.0,1.06
2404,30.56,1015.2034,57.0,1.05
2405,50.64,1073.9617,32.0,1.1
2406,52.2,1107.6233,34.0,1.02
2407,51.08,1009.7778,24.0,1.07
2408,62.64,1028.3764,33.0,1.09
2409,51.44,1021.9166,30.0,1.07
2410,49.72,1027.2251,11.0,1.09
2411,53.28,1014.8772,45.0,1.02
2412,56.28,1050.4825,15.0,1.09
2413,31.8,1060.289,46.0,1.04
2414,27.44,1028.4277,64.0,1.09
2415,57.12,1015.007,18.0,1.08
2416,40.84,1079.8297,71.0,1.16
2417,46.88,1041.6707,67.0,1.15
2418,48.92,1003.0237,35.0,1.1
2419,43.72,1054.4564,78.0,1.14
2420,46.6,1020.073,35.0,1.07
2421,49.72,1052.429,29.0,1.0
2422,46.8,1032.9712,36.0,1.01
2423,35.64,1029.3432,83.0,1.13
2424,43.0,1107.7319,33.0,1.01
2425,32.36,1030.747,14.0,0.98
2426,43.04,980.912,43.0,1.04
2427,54.04,1009.5281,13.0,1.09
2428,51.64,1031.9434,7.0,1.05
2429,43.6,992.57,13.0,1.11
2430,36.92,1033.195,67.0,1.09
2431,42.16,1013.5776,39.0,0.98
2432,53.4,990.4748,6.0,0.86
2433,31.28,996.2311,45.0,1.04
2434,42.2,1041.4905,65.0,0.98
2435,37.04,1009.9388,74.0,1.06
2436,55.04,1052.3673,49.0,1.06
2437,33.24,1055.7836,52.0,1.04
2438,57.96,1049.9116,39.0,1.02
2439,42.2,1074.6371,18.0,0.99
2440,41.32,1000.7931,72.0,0.96
2441,47.32,1058.3552,28.0,1.08
2442,56.56,1048.613,38.0,1.01
2443,40.96,1038.2936,14.0,1.07
2444,39.8,1017.0794,58.0,1.09
2445,47.28,1062.9493,38.0,1.03
2446,45.04,1011.0185,49.0,1.06
2447,52.24,1078.7423,34.0,1.0
2448,41.24,1059.8033,77.0,0.97
2449,32.48,1013.2654,48.0,1.06
2450,29.72,1065.8092,92.0,1.07
2451,60.56,1028.4235,5.0,1.15
2452,45.04,1012.2978,31.0,1.11
2453,62.16,1040.367,41.0,1.06
2454,42.52,1038.851,36.0,1.05
2455,43.96,1021.2496,28.0,1.07
2456,29.08,1012.3345,36.0,1.09
2457,20.32,1008.8537,88.0,1.05
2458,37.24,1107.6122,33.0,0.91
2459,38.2,1032.3446,35.0,0.99
2460,47.6,1057.0787,40.0,1.1
2461,38.44,994.3443,45.0,1.04
2462,53.04,1026.615,22.0,1.1
2463,51.2,1090.3292,52.0,1.21
2464,25.44,997.9506,2.0,1.08
2465,64.48,1065.1315,19.0,1.03
2466,43.4,1038.2462,35.0,1.01
2467,36.64,1002.9352,68.0,1.05
2468,21.88,1012.3813,42.0,1.11
2469,24.44,989.1024,19.0,1.18
2470,54.0,1011.9198,36.0,1.03
2471,56.24,1001.6211,53.0,1.03
2472,32.04,1034.4318,53.0,1.05
2473,46.08,1036.4623,39.0,1.04
2474,51.92,1008.8332,45.0,1.08
2475,41.44,1056.8962,79.0,1.03
2476,61.2,1130.7476,26.0,1.0
2477,57.04,1043.4461,13.0,1.13
2478,49.04,1067.0914,37.0,1.08
2479,42.44,1032.3539,43.0,1.17
2480,41.72,1028.8031,26.0,1.08
2481,51.68,1011.6935,53.0,1.03
2482,48.48,1041.4451,36.0,1.02
2483,49.16,1017.7486,16.0,1.05
2484,53.16,1035.3996,37.0,0.99
2485,49.36,1063.9476,23.0,1.06
2486,48.0,1036.7902,18.0,1.06
2487,29.48,1010.5008,77.0,1.05
2488,60.52,1032.2394,29.0,0.99
2489,48.92,1098.3396,51.0,0.99
2490,41.16,1005.127,66.0,1.06
2491,52.12,1031.6308,31.0,1.09
2492,42.92,1022.1279,47.0,1.09
2493,46.92,1123.4544,18.0,1.03
2494,32.16,1004.6833,51.0,0.94
2495,44.04,976.5412,9.0,0.86
2496,39.4,1018.7544,72.0,1.08
2497,48.56,1002.8906,51.0,1.07
2498,43.92,1043.3304,6.0,1.07
2499,42.32,1049.6652,22.0,1.05
2500,52.72,1029.561,55.0,1.01
2501,40.28,1139.3135,9.0,1.04
2502,55.68,1021.7548,53.0,1.01
2503,49.76,1029.7688,4.0,1.14
2504,45.88,1083.6,45.0,1.05
2505,54.2,1045.296,55.0,1.03
2506,54.48,1142.0136,38.0,1.04
2507,43.64,1005.2798,57.0,1.18
2508,35.28,1015.5628,31.0,1.05
2509,45.88,1061.8117,37.0,1.08
2510,49.0,995.1214,19.0,1.11
2511,50.4,1050.5095,45.0,1.11
2512,33.6,1016.5522,12.0,1.07
2513,46.12,1067.4617,22.0,1.02
2514,44.48,1100.4908,37.0,1.01
2515,50.36,1062.4569,56.0,1.13
2516,42.52,1012.9919,57.0,1.17
2517,47.6,1014.7031,70.0,1.07
2518,38.32,1072.7653,74.0,1.09
2519,51.56,1013.6284,48.0,1.05
2520,53.64,1008.2603,18.0,0.9
2521,46.56,1037.8612,34.0,1.03
2522,51.44,1033.1397,68.0,1.08
2523,39.16,1065.2909,95.0,1.04
2524,41.12,1029.459,38.0,1.04
2525,32.52,985.8515,15.0,1.05
2526,49.92,1066.2549,68.0,1.05
2527,37.4,998.9525,58.0,1.05
2528,27.2,1023.4795,54.0,1.11
2529,51.12,1068.2482,64.0,1.05
2530,47.32,1000.8297,15.0,1.0
2531,27.88,1018.5546,8.0,1.05
2532,61.08,1009.6127,15.0,1.04
2533,47.12,1026.9401,27.0,1.01
2534,46.12,1183.6382,26.0,1.07
2535,47.6,1066.1386,60.0,1.15
2536,35.92,996.2715,54.0,1.11
2537,47.0,1061.3482,41.0,1.14
2538,46.64,1067.2025,24.0,1.16
2539,48.68,1110.9429,10.0,1.17
2540,62.08,1008.974,36.0,1.08
2541,53.2,1005.0075,51.0,1.05
2542,47.84,1077.8406,11.0,1.2
2543,48.6,1040.6652,39.0,1.12
2544,54.72,1018.9719,41.0,1.71
2545,48.92,1052.2374,29.0,1.15
2546,57.24,1019.1756,22.0,1.0
2547,52.6,1044.3612,46.0,1.07
2548,48.8,1007.3288,27.0,1.01
2549,48.16,1024.1814,34.0,1.23
2550,40.72,1010.2426,47.0,1.28
2551,44.32,1028.4383,18.0,1.13
2552,45.4,1034.5077,62.0,1.08
2553,55.04,1029.0686,38.0,1.16
2554,50.28,1077.4712,19.0,1.24
2555,56.08,1017.0648,8.0,1.09
2556,39.76,1061.0842,70.0,1.02
2557,44.16,1085.9597,25.0,1.17
2558,41.24,1078.0102,57.0,1.04
2559,50.08,1021.5181,102.0,1.13
2560,55.16,1068.4088,49.0,1.17
2561,30.16,1015.9286,52.0,1.03
2562,52.72,1039.4446,44.0,1.07
2563,39.36,1044.3874,53.0,1.07
2564,50.6,1019.0258,43.0,1.05
2565,22.72,997.51,74.0,1.16
2566,48.12,1041.0657,53.0,1.09
2567,54.84,1145.132,17.0,1.13
2568,52.36,1115.8812,46.0,0.97
2569,56.72,1062.6692,60.0,1.17
2570,47.08,1038.1978,45.0,1.1
2571,41.24,1197.0519,41.0,1.17
2572,49.0,998.0864,11.0,1.17
2573,29.76,991.7052,65.0,1.05
2574,36.28,1029.3369,43.0,1.21
2575,51.16,1031.3283,21.0,1.61
2576,31.92,1017.0424,15.0,1.42
2577,34.16,996.3113,45.0,1.11
2578,30.48,976.2638,24.0,1.3
2579,51.36,1115.6405,5.0,1.18
2580,31.6,997.7162,37.0,1.26
2581,43.64,1110.1172,27.0,1.44
2582,41.72,1018.7256,27.0,1.5
2583,44.08,1058.9604,37.0,1.47
2584,57.88,1067.4912,28.0,1.36
2585,38.56,1028.3982,49.0,1.36
2586,62.08,1061.7415,5.0,1.22
2587,34.48,1021.2769,33.0,1.4
2588,45.6,1054.9735,16.0,1.3
2589,43.28,1046.2748,21.0,1.82
2590,39.72,1036.5112,45.0,1.66
2591,30.92,1031.1848,91.0,1.54
2592,25.36,994.3734,85.0,1.2
2593,48.32,1014.8227,43.0,1.33
2594,45.64,1098.5805,51.0,1.07
2595,49.44,1013.3272,52.0,1.36
2596,35.76,994.8937,40.0,1.2
2597,44.48,1030.2463,11.0,1.57
2598,38.84,1040.5031,33.0,1.43
2599,40.32,1022.7896,61.0,1.0
2600,51.52,1166.0965,35.0,1.08
2601,54.96,1033.2049,27.0,1.14
2602,55.84,1079.2967,29.0,1.53
2603,48.36,1046.843,51.0,1.6
2604,37.0,1033.764,35.0,1.29
2605,54.52,1023.1666,52.0,1.25
2606,52.64,1058.1658,46.0,1.56
2607,34.88,1010.3282,41.0,1.34
2608,50.84,1079.766,57.0,1.35
2609,57.36,1019.73,48.0,1.54
2610,49.52,1022.0791,31.0,1.36
2611,56.16,1001.3148,36.0,1.28
2612,49.0,1047.3203,26.0,1.13
2613,40.68,1064.0901,57.0,0.99
2614,31.92,1017.3707,62.0,0.97
2615,39.56,1051.3372,44.0,1.07
2616,46.04,1060.9754,49.0,1.07
2617,52.28,1063.3558,33.0,1.08
2618,35.16,985.2044,53.0,1.25
2619,38.8,987.0891,16.0,1.09
2620,25.24,983.1544,58.0,1.2
2621,34.44,1044.4232,24.0,1.06
2622,49.48,1014.7482,20.0,1.17
2623,57.4,1035.7746,36.0,1.1
2624,46.16,1036.069,22.0,1.13
2625,38.52,1023.546,118.0,1.11
2626,37.64,1053.0686,31.0,1.14
2627,62.92,1007.4286,48.0,1.09
2628,54.52,1056.2641,5.0,1.08
2629,52.28,1059.866,49.0,1.13
2630,37.52,991.9956,58.0,1.07
2631,52.88,1079.7563,94.0,1.19
2632,53.32,1026.0066,29.0,1.05
2633,54.48,990.2424,14.0,1.22
2634,41.76,1021.1028,11.0,1.21
2635,46.52,1016.7886,69.0,1.17
2636,39.24,1042.5906,46.0,1.18
2637,49.6,1048.8254,47.0,1.06
2638,39.12,1131.9138,45.0,1.14
2639,32.56,989.7682,19.0,1.16
2640,36.48,1054.2634,33.0,1.1
2641,50.28,1000.689,9.0,1.07
2642,42.68,1022.5996,47.0,1.03
2643,50.08,1032.9223,36.0,1.08
2644,34.36,1047.5636,43.0,1.17
2645,39.44,1038.8209,15.0,1.06
2646,37.68,971.8652,10.0,1.05
2647,38.92,1050.4868,91.0,0.98
2648,53.44,976.346,25.0,0.99
2649,58.12,1037.182,19.0,1.03
2650,39.32,1011.8081,88.0,1.05
2651,34.84,1027.4734,110.0,1.1
2652,35.64,1022.0118,16.0,1.56
2653,50.16,1012.3723,62.0,1.47
2654,40.68,1009.1083,55.0,1.51
2655,61.88,1041.9618,11.0,1.23
2656,25.92,1009.0368,65.0,1.17
2657,62.52,1055.6804,15.0,1.38
2658,46.64,1015.3784,58.0,1.1
2659,46.88,1072.2307,42.0,0.99
2660,47.64,1048.7178,81.0,1.21
2661,40.36,1089.4006,63.0,1.1
2662,34.56,1035.8538,52.0,1.09
2663,60.28,1065.1551,17.0,0.99
2664,56.24,1059.3051,45.0,1.05
2665,47.36,1020.5141,64.0,1.1
2666,50.2,1029.3837,20.0,1.15
2667,31.8,996.8415,22.0,1.05
2668,38.72,1054.3828,33.0,1.08
2669,49.08,1044.5691,29.0,1.15
2670,44.32,996.2428,43.0,1.04
2671,29.12,1003.6172,39.0,1.02
2672,46.68,1030.6928,44.0,1.11
2673,48.32,998.1842,25.0,1.21
2674,54.52,1040.2757,49.0,1.06
2675,34.4,1006.2048,68.0,1.07
2676,47.68,1048.9826,91.0,1.05
2677,52.8,1040.1795,69.0,1.06
2678,39.68,1019.749,62.0,1.11
2679,48.24,1007.1055,37.0,1.05
2680,47.64,1092.6352,31.0,1.09
2681,55.48,1049.1421,43.0,1.16
2682,36.16,987.0366,52.0,1.09
2683,49.8,1055.9545,49.0,1.15
2684,24.68,998.3745,73.0,1.18
2685,52.08,1017.4338,9.0,1.12
2686,45.76,1138.4443,37.0,1.12
2687,44.6,1054.0289,113.0,1.08
2688,55.2,989.051,7.0,1.07
2689,42.52,1062.8638,32.0,1.07
2690,56.84,1015.0222,29.0,1.05
2691,56.28,1026.6001,16.0,1.1
2692,47.8,1034.8324,26.0,1.03
2693,41.28,991.0492,8.0,1.03
2694,30.76,1038.7532,67.0,1.11
2695,35.6,1026.9776,7.0,1.08
2696,47.16,1018.0543,45.0,1.06
2697,40.92,1044.6309,35.0,1.17
2698,60.84,1013.6523,30.0,1.13
2699,50.72,1018.4826,47.0,1.22
2700,33.36,1004.8391,38.0,1.11
2701,54.04,993.9578,34.0,1.02
2702,39.2,1038.7503,42.0,1.16
2703,38.2,1053.283,36.0,1.12
2704,52.48,1032.8269,55.0,0.98
2705,45.4,1119.7236,59.0,1.05
2706,55.52,1068.4741,19.0,1.12
2707,33.12,1015.0735,63.0,1.08
2708,37.24,1037.3898,61.0,1.14
2709,60.36,1029.2396,53.0,1.11
2710,46.32,1007.4293,35.0,1.45
2711,54.68,1033.3155,29.0,1.11
2712,51.6,1077.1167,32.0,1.02
2713,38.2,1053.5734,42.0,1.07
2714,50.6,1091.0004,50.0,1.03
2715,43.88,1065.3466,69.0,1.06
2716,41.16,1032.7168,46.0,1.13
2717,56.52,1025.8933,48.0,1.05
2718,43.88,1008.8038,12.0,1.16
2719,38.2,1369.0182,-21.0,0.78
2720,57.64,1061.7921,11.0,1.15
2721,41.16,1021.8451,36.0,1.13
2722,44.28,1075.0478,86.0,1.03
2723,42.08,1033.0004,29.0,1.01
2724,52.88,1025.7608,5.0,1.01
2725,47.04,1030.361,41.0,1.07
2726,39.32,1036.5988,29.0,1.07
2727,34.8,992.0888,100.0,1.07
2728,54.52,1058.6196,30.0,1.08
2729,54.6,1029.0473,33.0,1.06
2730,24.84,982.4485,83.0,1.17
2731,39.16,1351.7955,69.0,1.29
2732,48.64,1065.5408,32.0,1.04
2733,45.68,1051.201,44.0,1.12
2734,40.92,1054.7471,5.0,1.31
2735,37.76,1053.9586,53.0,1.31
2736,49.56,1090.0407,52.0,1.37
2737,42.56,1033.3525,60.0,1.18
2738,37.12,1065.3153,48.0,1.52
2739,53.12,1035.7976,46.0,1.35
2740,45.36,1019.7295,29.0,1.5
2741,42.52,1148.6773,22.0,1.71
2742,38.44,1008.9404,37.0,1.32
2743,43.28,1044.3789,114.0,1.89
2744,37.44,999.8966,83.0,1.41
2745,48.48,1012.3084,8.0,1.31
2746,43.72,1021.473,33.0,1.4
2747,61.84,1057.3369,48.0,1.34
2748,51.44,1047.949,79.0,1.53
2749,51.52,1024.4735,26.0,1.37
2750,51.28,1050.4516,64.0,1.37
2751,36.8,1045.8933,58.0,1.46
2752,43.64,1036.3868,38.0,1.46
2753,42.64,1040.2858,20.0,1.3
2754,57.72,1104.302,11.0,1.34
2755,42.92,980.0864,11.0,1.42
2756,52.32,1058.3954,42.0,1.27
2757,33.16,1052.0656,71.0,1.53
2758,39.28,989.7018,68.0,1.35
2759,53.24,994.1125,0.0,1.58
2760,48.88,1011.9314,59.0,1.39
2761,43.16,1003.952,69.0,1.23
2762,22.72,990.0932,30.0,1.33
2763,41.16,1102.6363,63.0,1.38
2764,41.16,1020.1605,76.0,1.64
2765,51.16,1169.5423,-7.0,1.39
2766,35.92,987.3376,54.0,1.4
2767,64.12,1038.957,17.0,1.59
2768,48.64,1062.294,60.0,1.42
2769,37.84,1054.5915,53.0,1.61
2770,44.16,1006.4056,13.0,1.62
2771,59.68,1109.8904,68.0,1.39
2772,64.0,1063.457,31.0,1.82
2773,50.52,1034.9895,34.0,1.69
2774,49.84,1052.7062,32.0,1.77
2775,32.0,1023.4692,59.0,1.39
2776,35.2,1022.1922,47.0,1.58
2777,59.84,1067.9611,17.0,1.41
2778,48.16,1037.6458,45.0,1.26
2779,47.4,1045.8155,38.0,1.48
2780,41.88,1077.3164,39.0,1.32
2781,56.96,1054.3538,19.0,1.3
2782,45.48,1037.7924,66.0,1.4
2783,47.4,1027.7181,66.0,1.41
2784,47.64,1047.7501,34.0,1.18
2785,42.6,1035.8356,41.0,1.27
2786,45.6,1009.5725,12.0,1.13
2787,53.72,994.6909,11.0,1.3
2788,35.32,1041.1014,35.0,1.54
2789,45.36,1018.1142,17.0,1.46
2790,51.68,1053.8412,60.0,1.46
2791,42.68,1033.5672,25.0,1.43
2792,40.2,1060.5608,34.0,1.56
2793,45.12,1077.273,22.0,1.47
2794,41.16,1070.7966,50.0,1.34
2795,36.2,989.0089,101.0,1.36
2796,42.6,1036.2769,36.0,1.39
2797,38.2,992.858,28.0,1.31
2798,50.32,1100.8363,19.0,1.5
2799,53.8,1031.438,40.0,1.41
2800,20.84,1000.7268,71.0,1.29
2801,49.04,1063.766,15.0,1.3
2802,41.68,1068.1118,80.0,1.31
2803,56.52,1124.5588,17.0,1.47
2804,19.28,1015.5647,69.0,1.58
2805,52.08,1077.1858,19.0,1.15
2806,55.88,1064.2927,51.0,1.19
2807,43.12,1117.5838,43.0,1.41
2808,38.16,1020.8457,47.0,1.42
2809,56.44,1042.6211,33.0,1.53
2810,53.24,1029.3046,54.0,1.75
2811,48.92,1104.5265,66.0,1.49
2812,38.68,994.1651,13.0,1.61
2813,49.2,1089.4655,18.0,1.77
2814,35.12,1041.1742,58.0,2.27
2815,49.08,1192.8761,56.0,1.59
2816,59.0,1016.0137,15.0,1.65
2817,45.2,1068.8067,71.0,1.89
2818,23.2,1063.8536,30.0,2.42
2819,40.84,1037.4758,56.0,1.56
2820,31.8,1018.978,51.0,1.34
2821,53.56,1041.6837,43.0,2.09
2822,56.88,1153.5805,13.0,2.05
2823,45.6,1029.8122,63.0,2.55
2824,47.48,1045.487,49.0,2.04
2825,53.52,1053.8453,17.0,1.22
2826,44.72,985.4949,35.0,1.3
2827,49.72,1026.4696,51.0,1.32
2828,44.96,1109.5377,43.0,1.81
2829,49.16,1018.8729,65.0,2.08
2830,38.84,1051.8384,61.0,1.12
2831,62.96,1028.733,13.0,1.2
2832,57.04,1134.4647,44.0,1.3
2833,47.88,1075.118,83.0,1.3
2834,45.28,1057.5777,51.0,1.74
2835,53.56,1009.7459,80.0,1.2
2836,45.84,1091.3763,28.0,1.08
2837,62.6,1047.9156,29.0,1.11
2838,51.52,1034.6286,62.0,1.16
2839,40.84,1036.903,22.0,1.04
2840,51.48,1069.4157,36.0,1.04
2841,42.92,1006.3811,46.0,1.07
2842,52.68,1025.2155,51.0,1.19
2843,44.96,1022.6718,29.0,1.27
2844,46.36,1024.6678,34.0,1.17
2845,43.4,1044.698,47.0,1.2
2846,29.6,996.697,43.0,1.12
2847,51.84,1074.0231,54.0,1.94
2848,51.36,1144.4664,38.0,1.94
2849,34.48,987.8092,109.0,1.22
2850,41.6,1027.187,32.0,1.21
2851,53.08,1019.7504,51.0,1.19
2852,39.72,1059.2157,26.0,1.07
2853,42.4,1026.7654,40.0,1.49
2854,56.92,1044.1799,49.0,1.18
2855,39.0,1032.2064,70.0,1.07
2856,41.8,988.0592,62.0,1.12
2857,54.08,1052.6805,77.0,1.4
2858,46.2,1031.264,37.0,1.57
2859,47.32,999.912,74.0,1.1
2860,56.12,1025.1194,55.0,1.11
2861,43.4,1001.3321,39.0,1.06
2862,49.0,1015.9548,72.0,1.51
2863,37.0,1036.4622,101.0,1.59
2864,43.68,1048.9407,96.0,1.33
2865,43.56,1044.6418,12.0,1.28
2866,49.44,1078.9434,36.0,1.23
2867,47.12,1009.0981,4.0,1.25
2868,51.28,1047.3262,20.0,1.33
2869,38.0,1080.9702,-9.0,1.36
2870,63.4,1002.6431,20.0,1.35
2871,37.52,1019.9646,22.0,1.34
2872,46.0,1035.7994,57.0,1.32
2873,41.68,1107.4535,12.0,1.35
2874,43.64,1021.7412,80.0,1.33
2875,43.08,1062.7275,56.0,1.35
2876,41.72,1082.6873,39.0,1.33
2877,49.96,1095.5334,33.0,1.35
2878,66.8,1032.1863,30.0,1.39
2879,39.48,1039.7592,60.0,1.4
2880,44.92,1031.3576,20.0,1.61
2881,57.96,1066.6054,57.0,1.31
2882,39.52,1021.305,41.0,1.55
2883,45.16,1012.4602,24.0,1.33
2884,43.68,1056.2181,58.0,1.29
2885,45.88,1077.508,49.0,1.34
2886,59.88,1044.924,13.0,1.5
2887,43.84,1210.0112,61.0,1.28
2888,43.6,1041.8051,70.0,1.26
2889,43.28,1138.4047,62.0,1.37
2890,51.16,1007.649,48.0,1.33
2891,56.08,1043.8608,16.0,1.32
2892,60.44,1023.0157,15.0,1.35
2893,30.4,1038.6296,47.0,1.32
2894,36.68,1038.0722,39.0,1.37
2895,34.88,1002.3828,56.0,1.43
2896,39.64,1057.7023,39.0,1.38
2897,57.08,1025.853,14.0,1.49
2898,47.32,1006.3253,47.0,1.33
2899,42.44,1007.4107,12.0,1.09
2900,38.36,1014.8139,19.0,0.97
2901,51.36,1029.7734,43.0,1.07
2902,40.68,1001.6844,26.0,1.25
2903,54.6,1026.0612,28.0,1.12
2904,49.16,1067.4423,68.0,1.04
2905,59.32,1014.6158,38.0,1.13
2906,62.52,985.6409,16.0,1.23
2907,53.24,1021.7968,31.0,1.11
2908,48.32,1148.6389,19.0,1.03
2909,31.04,1053.3685,41.0,1.16
2910,49.52,1034.8843,84.0,1.11
2911,39.68,1027.0869,42.0,1.36
2912,53.2,1055.8156,62.0,1.33
2913,38.68,1012.3858,62.0,1.17
2914,53.44,1031.6434,27.0,1.16
2915,48.32,1008.5665,66.0,1.15
2916,38.56,1026.798,83.0,1.03
2917,53.32,1024.9198,11.0,1.06
2918,45.2,1010.0564,52.0,1.1
2919,43.4,1036.2267,45.0,1.18
2920,47.0,1022.9172,42.0,1.34
2921,50.56,994.2106,42.0,1.37
2922,46.04,1098.6413,36.0,1.15
2923,57.4,1060.4116,59.0,1.23
2924,54.32,1048.6518,25.0,1.16
2925,44.96,1150.0768,57.0,1.04
2926,28.8,1029.877,23.0,1.09
2927,52.04,1043.1118,89.0,1.95
2928,31.0,1011.9832,50.0,2.2
2929,40.72,1013.366,20.0,1.29
2930,38.04,1020.2927,72.0,1.51
2931,24.08,1071.6738,55.0,1.49
2932,48.4,1078.6974,51.0,1.31
2933,51.4,1013.9078,57.0,1.78
2934,38.8,970.2676,14.0,1.39
2935,55.4,1098.5342,54.0,1.42
2936,53.76,1052.3441,58.0,1.51
2937,37.92,1037.6704,60.0,1.68
2938,27.32,968.949,129.0,1.31
2939,48.92,1037.9409,43.0,1.46
2940,47.6,1127.0998,12.0,1.65
2941,37.8,1038.7411,67.0,1.72
2942,58.96,1046.9658,10.0,1.31
2943,49.92,1060.8488,51.0,1.41
2944,45.48,1041.3393,55.0,1.36
2945,47.8,1001.1905,47.0,1.45
2946,43.44,1011.3511,47.0,1.77
2947,51.4,1006.4635,39.0,1.36
2948,58.32,1020.5131,39.0,1.39
2949,56.28,1036.6361,77.0,1.35
2950,41.44,1046.0559,13.0,1.26
2951,50.08,1075.8924,57.0,1.32
2952,33.08,1002.241,74.0,1.25
2953,51.0,1036.5468,16.0,1.57
2954,36.48,1019.9657,43.0,1.43
2955,47.04,1019.7078,64.0,1.38
2956,49.76,1050.7678,41.0,1.47
2957,42.72,1065.3696,51.0,1.47
2958,48.88,1071.4642,22.0,1.34
2959,43.24,1024.9792,67.0,0.96
2960,32.0,1016.9837,92.0,1.1
2961,53.68,1034.4314,30.0,1.06
2962,52.56,1072.8338,48.0,1.1
2963,48.84,1124.1641,22.0,1.02
2964,24.44,995.9798,7.0,1.2
2965,44.68,1059.905,52.0,1.19
2966,42.4,1033.2134,17.0,1.17
2967,48.08,1042.5585,16.0,1.12
2968,46.56,1015.4414,57.0,1.12
2969,54.68,1099.7409,59.0,1.2
2970,53.32,996.1578,31.0,1.28
2971,57.84,1017.1148,46.0,1.63
2972,56.32,1038.6668,46.0,1.53
2973,32.0,1063.889,33.0,1.18
2974,34.44,1007.5426,10.0,1.14
2975,51.16,1018.9214,30.0,1.05
2976,39.44,1006.8264,32.0,1.24
2977,49.72,1035.1569,42.0,1.21
2978,38.8,1010.9151,40.0,1.26
2979,43.44,990.3896,27.0,1.05
2980,41.72,1017.8209,12.0,1.06
2981,39.72,1022.074,41.0,1.17
2982,56.56,1049.1858,39.0,1.16
2983,44.68,1025.6594,35.0,1.22
2984,21.56,997.8161,50.0,1.35
2985,40.12,1050.4354,53.0,1.08
2986,37.4,1004.5784,70.0,1.15
2987,44.48,1083.6926,47.0,1.07
2988,46.6,1104.3863,43.0,1.29
2989,59.76,1066.7474,34.0,1.12
2990,33.44,1004.2364,49.0,1.24
2991,36.72,1011.3531,74.0,1.09
2992,30.24,1014.0719,47.0,1.22
2993,40.44,1073.1657,19.0,1.39
2994,48.0,1040.8724,66.0,1.37
2995,51.64,1042.7162,61.0,1.16
2996,50.48,1026.1541,49.0,1.15
2997,53.88,1077.264,72.0,1.23
2998,51.6,1044.0811,35.0,1.46
2999,57.6,1048.189,59.0,1.32
3000,42.28,1086.6304,53.0,1.19
3001,44.8,1072.0873,44.0,2.42
3002,21.2,992.6045,44.0,1.53
3003,54.12,1035.537,33.0,1.38
3004,47.4,1013.7483,46.0,1.45
3005,53.76,1073.9048,76.0,1.49
3006,28.32,983.324,81.0,1.44
3007,26.2,1020.5252,19.0,1.48
3008,47.4,1130.732,49.0,1.16
3009,48.8,1085.081,28.0,1.38
3010,29.04,1001.2447,93.0,1.51
3011,42.08,1029.3152,75.0,1.41
3012,40.92,1006.8845,34.0,1.41
3013,35.16,982.053,66.0,1.3
3014,34.16,983.4556,88.0,1.6
3015,56.4,1029.4072,31.0,1.54
3016,46.44,986.1907,41.0,1.24
3017,58.16,1016.3691,23.0,1.17
3018,54.12,1074.7338,63.0,1.13
3019,36.36,1001.4124,64.0,1.18
3020,53.44,1063.1522,30.0,1.0
3021,50.92,1031.343,52.0,1.15
3022,34.24,983.4399,31.0,1.11
3023,49.88,1034.6551,20.0,1.07
3024,52.6,1015.3355,45.0,1.12
3025,43.4,1044.1709,52.0,1.27
3026,48.2,1060.4733,66.0,1.05
3027,55.12,1051.8365,93.0,0.84
3028,34.84,1003.7278,35.0,1.08
3029,34.0,1023.2174,55.0,1.16
3030,57.2,1015.513,17.0,1.12
3031,43.68,1038.1954,30.0,1.11
3032,38.76,1106.7733,61.0,1.04
3033,44.36,999.5582,40.0,1.17
3034,34.84,1026.7965,79.0,1.18
3035,43.68,1034.4083,44.0,1.2
3036,49.08,1009.0649,33.0,1.11
3037,29.36,991.6291,54.0,1.01
3038,33.88,1186.1076,59.0,1.05
3039,52.04,1050.9785,53.0,1.11
3040,64.2,1023.4849,10.0,1.32
3041,51.16,1043.8867,30.0,1.12
3042,29.04,1044.4133,63.0,1.03
3043,35.88,996.8882,85.0,0.92
3044,44.4,1037.9151,40.0,1.12
3045,40.8,985.6291,49.0,1.12
3046,54.36,1013.0394,11.0,1.12
3047,56.0,1093.3234,27.0,1.06
3048,48.88,1011.2657,16.0,1.21
3049,29.84,1052.3454,58.0,1.13
3050,56.2,1045.491,83.0,1.08
3051,55.4,1034.7627,42.0,1.12
3052,53.08,1010.9689,28.0,1.11
3053,59.92,1060.0948,23.0,1.13
3054,40.16,1065.845,42.0,1.11
3055,35.96,1054.607,29.0,1.14
3056,50.72,1054.4377,56.0,1.08
3057,30.52,1011.872,48.0,1.06
3058,49.68,1065.4872,34.0,1.11
3059,46.6,1052.205,3.0,1.09
3060,48.36,999.9106,54.0,1.16
3061,26.32,1022.3267,20.0,1.18
3062,48.36,1011.2861,25.0,1.28
3063,54.24,1034.6799,20.0,1.11
3064,44.92,1001.1247,3.0,1.11
3065,39.32,1044.0604,20.0,1.07
3066,49.24,1004.1512,24.0,1.5
3067,56.6,1021.9612,28.0,1.08
3068,38.8,1041.2302,43.0,1.12
3069,38.2,1006.6096,87.0,1.22
3070,56.48,1093.1886,21.0,1.15
3071,49.72,1206.4115,23.0,1.13
3072,54.76,1081.7938,51.0,1.0
3073,54.76,1024.9039,3.0,1.08
3074,47.24,1034.5676,53.0,1.1
3075,29.24,995.3526,37.0,1.23
3076,39.48,1024.7632,48.0,1.11
3077,40.0,1045.3022,45.0,1.17
3078,34.68,1013.6092,33.0,1.18
3079,43.44,1014.1454,47.0,1.45
3080,54.96,1053.2019,29.0,1.26
3081,64.52,1024.6455,7.0,1.31
3082,40.96,1112.6626,57.0,1.36
3083,61.76,1127.9254,49.0,1.46
3084,50.48,988.6751,35.0,1.26
3085,47.92,1018.4842,16.0,1.52
3086,35.64,1045.195,86.0,1.6
3087,48.68,1018.7502,23.0,1.97
3088,54.52,1020.8407,49.0,2.06
3089,41.6,1030.7886,28.0,1.61
3090,26.48,1058.9426,38.0,1.65
3091,36.32,1016.0097,3.0,1.54
3092,27.52,1045.985,43.0,1.48
3093,30.28,1013.1214,116.0,1.59
3094,52.88,1013.7294,32.0,1.49
3095,46.12,1077.314,30.0,1.57
3096,53.64,1052.1228,19.0,1.71
3097,56.36,1106.2462,52.0,1.54
3098,51.76,1058.7744,62.0,1.72
3099,45.04,1033.0687,59.0,1.51
3100,47.72,1055.4234,64.0,1.68
3101,59.64,965.3635,0.0,1.52
3102,56.52,1055.3213,31.0,1.69
3103,51.88,1019.7574,8.0,1.6
3104,43.24,989.8635,24.0,1.62
3105,61.48,993.8431,36.0,2.2
3106,48.48,1073.409,30.0,2.05
3107,42.2,1108.5013,12.0,1.8
3108,52.4,1022.4171,-2.0,1.77
3109,53.36,1068.0875,80.0,1.6
3110,35.8,1042.1902,59.0,1.52
3111,40.48,1042.7248,3.0,1.43
3112,47.68,1037.8111,30.0,1.16
3113,48.44,979.6182,73.0,1.21
3114,55.72,1014.3438,2.0,1.17
3115,61.4,1103.6412,34.0,1.08
3116,53.6,1035.263,14.0,1.11
3117,54.28,1031.2689,9.0,1.09
3118,52.44,1003.9707,50.0,1.08
3119,48.76,1047.417,60.0,1.07
3120,47.84,1026.5536,11.0,1.06
3121,58.68,1061.6856,25.0,1.2
3122,29.0,1021.3999,47.0,1.01
3123,46.52,1087.1168,17.0,1.19
3124,46.8,1009.8317,57.0,1.15
3125,51.4,1084.6722,63.0,1.2
3126,48.28,1071.6775,40.0,1.12
3127,42.32,1057.0509,10.0,1.13
3128,49.84,1078.5032,86.0,1.09
3129,54.32,1001.1078,28.0,1.2
3130,40.4,1013.0494,40.0,1.21
3131,48.24,1061.7285,24.0,1.09
3132,29.32,1017.6436,38.0,1.13
3133,37.56,1078.1565,62.0,1.11
3134,62.44,1048.7828,27.0,1.13
3135,37.96,1042.7906,42.0,1.14
3136,43.68,1009.517,21.0,1.18
3137,34.84,1005.9357,34.0,1.05
3138,40.04,1114.079,36.0,1.09
3139,31.76,1009.5129,67.0,1.06
3140,41.84,1038.0325,24.0,1.19
3141,25.52,1044.3847,91.0,1.35
3142,47.6,1006.0042,28.0,1.5
3143,44.6,1002.7598,31.0,1.39
3144,48.28,1079.9992,6.0,1.2
3145,33.56,1015.7848,79.0,1.22
3146,56.36,1020.6703,20.0,1.34
3147,46.6,1111.985,56.0,1.05
3148,46.76,1083.7337,82.0,0.98
3149,35.28,1009.4452,62.0,0.99
3150,54.84,1038.3958,36.0,1.59
3151,39.6,1164.2958,11.0,1.21
3152,20.68,1001.7501,60.0,1.55
3153,37.24,1015.1008,56.0,1.08
3154,47.88,1046.4306,34.0,1.45
3155,57.8,1074.2211,58.0,1.32
3156,41.12,1040.6303,18.0,1.52
3157,35.8,1020.3363,32.0,1.54
3158,35.68,1015.914,32.0,1.37
3159,28.2,1046.6605,35.0,1.44
3160,50.36,1019.3859,23.0,2.7
3161,52.84,1171.7925,35.0,1.85
3162,53.04,1066.4995,52.0,1.43
3163,53.96,1044.9224,26.0,1.22
3164,47.68,1035.4881,2.0,1.33
3165,32.04,1005.2853,95.0,1.37
3166,50.36,1001.7769,27.0,1.4
3167,46.4,1077.1447,13.0,1.59
3168,48.72,1016.471,105.0,1.42
3169,44.36,1085.8578,49.0,1.46
3170,26.76,1040.4098,39.0,1.38
3171,41.52,1039.595,65.0,1.51
3172,48.44,981.0196,27.0,1.3
3173,39.92,1036.624,63.0,1.46
3174,51.28,1003.5063,27.0,1.42
3175,52.56,1036.4187,51.0,1.46
3176,41.72,1084.1466,69.0,1.48
3177,33.36,1035.4176,103.0,1.35
3178,44.36,1010.486,36.0,1.26
3179,41.16,1139.8525,33.0,1.26
3180,52.8,1019.3679,53.0,1.33
3181,34.52,1033.2534,28.0,1.31
3182,42.8,1035.7841,60.0,1.62
3183,47.44,1027.2107,65.0,1.9
3184,36.96,1015.1197,87.0,1.48
3185,48.68,1121.2052,20.0,1.21
3186,54.52,1028.5086,39.0,1.35
3187,50.28,980.8933,38.0,1.4
3188,33.2,1141.7114,53.0,1.31
3189,52.8,1057.6232,57.0,1.32
3190,54.84,1028.5478,48.0,1.61
3191,60.2,1048.6162,16.0,1.32
3192,48.44,1138.9064,89.0,1.34
3193,49.44,1028.478,38.0,1.36
3194,31.2,1011.4978,54.0,1.41
3195,57.92,992.2388,26.0,1.44
3196,57.16,1042.8252,26.0,1.41
3197,39.64,1009.1286,43.0,1.63
3198,53.08,1061.6472,39.0,1.34
3199,34.32,1040.7942,63.0,1.29
3200,50.4,1047.5993,9.0,1.36
3201,34.68,1026.129,31.0,1.39
3202,31.76,1055.816,43.0,1.59
3203,27.12,1017.4855,72.0,1.36
3204,57.96,1004.1543,20.0,1.46
3205,30.8,1019.4444,71.0,1.44
3206,38.8,1021.0013,47.0,1.33
3207,44.4,1316.0595,80.0,1.3
3208,42.36,1220.3163,24.0,1.37
3209,41.84,1062.9562,47.0,1.29
3210,46.04,1021.1974,10.0,1.34
3211,44.36,1030.0515,36.0,1.21
3212,27.64,1013.557,76.0,1.4
3213,44.36,991.6005,71.0,1.36
3214,25.12,989.415,36.0,1.34
3215,49.52,1029.8152,38.0,1.72
3216,44.4,1014.0244,78.0,1.48
3217,39.36,1065.8997,62.0,1.36
3218,37.24,1201.0018,44.0,1.35
3219,54.76,1019.6868,19.0,1.39
3220,48.36,1063.2245,22.0,1.48
3221,46.96,1040.0824,23.0,1.26
3222,45.0,1019.9764,55.0,1.33
3223,45.4,993.6098,32.0,1.31
3224,43.84,1026.5525,38.0,1.32
3225,37.2,1088.9687,41.0,1.3
3226,49.12,1049.6395,55.0,1.45
3227,51.44,1009.4207,41.0,1.5
3228,61.52,1039.0237,16.0,1.3
3229,57.4,1021.3888,26.0,1.3
3230,50.56,1003.8418,38.0,1.31
3231,48.48,1054.3623,25.0,1.29
3232,46.16,1010.3298,44.0,1.68
3233,48.44,1024.7862,40.0,1.3
3234,52.28,1077.3392,60.0,1.26
3235,45.16,1066.7754,6.0,1.38
3236,55.8,1091.9934,39.0,1.45
3237,52.96,1025.8423,7.0,1.6
3238,51.84,1003.8518,76.0,1.29
3239,41.08,1061.9738,71.0,1.42
3240,38.28,1063.2234,52.0,1.35
3241,47.32,1011.4963,20.0,1.35
3242,52.72,1005.7478,54.0,1.38
3243,22.6,989.872,25.0,1.38
3244,50.6,1062.408,26.0,1.32
3245,47.88,1049.9364,48.0,1.34
3246,51.64,1029.6282,10.0,1.45
3247,54.36,1033.7006,14.0,1.24
3248,51.0,1033.6101,23.0,1.34
3249,47.32,984.1078,17.0,1.29
3250,52.92,1024.249,62.0,1.83
3251,63.6,1024.5721,7.0,1.33
3252,55.24,1020.7836,32.0,1.35
3253,44.32,1063.3096,32.0,1.36
3254,48.72,1157.6868,46.0,1.37
3255,57.2,1114.8207,43.0,1.37
3256,47.84,1041.4583,82.0,1.37
3257,41.56,1141.8578,70.0,1.03
3258,60.32,1077.1237,2.0,1.47
3259,43.8,1020.836,75.0,1.31
3260,62.76,1112.9342,32.0,1.35
3261,47.6,1070.6944,9.0,1.36
3262,39.16,1022.683,21.0,1.26
3263,42.88,1058.647,30.0,1.38
3264,47.24,1061.738,36.0,1.23
3265,50.28,1032.1463,50.0,1.28
3266,58.76,1075.4806,35.0,1.33
3267,53.56,1039.9048,87.0,1.35
3268,35.68,979.8689,116.0,1.29
3269,50.64,1054.0463,32.0,1.31
3270,52.04,1061.006,53.0,1.29
3271,51.88,1030.7078,22.0,1.32
3272,19.2,1012.7198,64.0,1.29
3273,51.6,1019.6733,71.0,1.37
3274,43.64,1007.6327,43.0,1.44
3275,37.68,1021.8266,59.0,1.23
3276,42.08,1075.8599,62.0,1.35
3277,50.52,1032.0903,39.0,1.29
3278,37.56,1012.613,57.0,1.39
3279,45.8,1051.9838,54.0,1.31
3280,53.2,1005.5098,40.0,1.52
3281,63.64,1041.0635,20.0,1.32
3282,45.24,1157.4225,46.0,1.5
3283,55.16,1053.7081,26.0,1.32
3284,50.24,1101.6312,31.0,1.29
3285,57.08,1060.8348,41.0,1.37
3286,55.48,1010.7544,37.0,1.55
3287,42.84,1028.2394,30.0,1.34
3288,35.4,1054.4978,43.0,1.28
3289,46.96,1088.5286,41.0,1.3
3290,46.68,1015.7862,41.0,1.37
3291,54.44,1054.8226,18.0,1.3
3292,44.0,988.4484,12.0,1.4
3293,39.96,1097.3687,12.0,1.61
3294,44.64,1035.3734,65.0,1.35
3295,57.92,1055.8228,28.0,1.35
3296,53.36,1012.467,13.0,1.29
3297,40.56,1007.9979,107.0,1.33
3298,54.24,1069.3896,33.0,1.33
3299,43.88,1019.1911,22.0,1.31
3300,49.44,1107.7444,25.0,1.31
3301,42.0,1047.2973,63.0,1.41
3302,48.6,1028.975,15.0,1.34
3303,60.44,1091.1868,33.0,1.32
3304,48.8,991.2624,80.0,1.69
3305,51.6,988.7867,22.0,1.35
3306,51.56,1102.6289,8.0,1.4
3307,53.4,1101.7612,24.0,1.31
3308,40.72,1060.3162,15.0,1.48
3309,29.96,1004.5104,71.0,1.27
3310,44.92,1119.7932,37.0,1.37
3311,41.52,1038.3461,30.0,1.37
3312,35.92,991.0027,33.0,1.41
3313,47.08,1017.816,58.0,1.5
3314,28.8,1017.1518,51.0,1.34
3315,38.44,1014.0956,64.0,1.39
3316,54.64,1170.8997,24.0,1.32
3317,34.72,1000.8638,67.0,1.57
3318,52.04,1062.7752,17.0,1.37
3319,35.12,1030.9102,98.0,1.45
3320,51.68,1037.1966,27.0,1.41
3321,46.8,1054.3876,32.0,1.33
3322,44.8,977.6634,29.0,1.85
3323,51.56,1013.1084,31.0,1.26
3324,45.36,1026.4548,17.0,1.38
3325,22.52,971.8656,21.0,1.4
3326,35.32,1043.6024,94.0,1.49
3327,45.96,1042.744,19.0,1.41
3328,40.4,1069.0392,58.0,1.54
3329,49.16,1018.6256,52.0,1.28
3330,46.2,1084.6719,39.0,1.41
3331,39.52,1065.6936,27.0,1.39
3332,51.48,1034.9635,29.0,1.56
3333,39.2,1221.9028,21.0,1.53
3334,42.52,1055.7337,58.0,1.36
3335,52.44,1079.9616,44.0,1.49
3336,46.8,1007.0428,60.0,1.31
3337,48.6,1067.2231,70.0,1.42
3338,46.8,985.822,16.0,1.33
3339,48.24,1031.088,27.0,1.45
3340,45.44,1015.322,81.0,1.3
3341,35.16,1047.1078,47.0,1.7
3342,38.52,981.9764,23.0,1.59
3343,41.08,1046.1334,53.0,1.73
3344,46.92,1089.5798,58.0,1.38
3345,56.32,1018.5059,52.0,1.28
3346,55.08,1063.9309,23.0,1.36
3347,49.2,1005.0358,54.0,1.31
3348,28.16,1003.2558,45.0,1.28
3349,23.76,979.255,115.0,1.21
3350,49.84,1020.1724,56.0,1.24
3351,53.72,1096.3056,55.0,1.22
3352,46.76,1077.1846,45.0,1.29
3353,41.84,998.0608,45.0,1.3
3354,39.48,1045.3444,59.0,1.34
3355,50.12,1052.5162,56.0,1.27
3356,40.32,1055.2681,84.0,2.07
3357,64.76,993.378,10.0,1.77
3358,41.8,1062.6617,22.0,1.51
3359,53.32,1032.5262,44.0,2.13
3360,57.04,1057.2192,41.0,2.46
3361,23.64,1018.8115,120.0,1.99
3362,47.44,1024.2696,38.0,2.05
3363,29.12,1025.5976,88.0,2.12
3364,17.48,985.3828,31.0,2.0
3365,40.72,1087.1864,58.0,1.97
3366,51.32,1053.8707,35.0,1.92
3367,39.12,992.6698,27.0,1.93
3368,55.68,1019.6551,8.0,2.14
3369,43.12,1073.323,38.0,1.84
3370,55.04,1049.9939,10.0,1.87
3371,24.32,1000.3211,95.0,2.16
3372,59.48,1074.111,32.0,2.0
3373,39.12,1052.8705,39.0,1.89
3374,46.2,1066.0792,35.0,1.99
3375,53.2,1003.9755,52.0,2.01
3376,41.12,1048.8832,59.0,2.39
3377,55.56,1098.3007,13.0,1.99
3378,30.68,992.2954,76.0,2.14
3379,36.2,1039.4566,67.0,2.03
3380,51.64,1087.5596,8.0,2.21
3381,45.28,1040.6256,28.0,2.2
3382,36.96,1064.7523,58.0,2.03
3383,33.24,1010.699,36.0,1.99
3384,52.4,1010.6631,3.0,2.35
3385,39.28,1052.951,30.0,2.17
3386,63.32,1027.3656,37.0,2.05
3387,49.68,1072.9166,46.0,1.76
3388,40.8,1010.5869,52.0,1.39
3389,50.96,1064.7798,30.0,1.33
3390,51.64,1063.1217,32.0,1.82
3391,40.52,1075.2986,39.0,1.55
3392,43.76,986.8425,65.0,1.08
3393,54.44,1042.5026,17.0,1.25
3394,48.8,1142.4071,73.0,1.02
3395,43.36,1031.809,23.0,1.02
3396,26.2,1007.3906,74.0,1.0
3397,38.2,1074.5547,15.0,1.07
3398,58.16,1086.6079,58.0,1.06
3399,46.56,1040.0872,13.0,1.03
3400,56.24,987.7664,43.0,1.03
3401,57.8,1028.842,17.0,1.07
3402,39.52,1015.2449,33.0,1.06
3403,41.8,1017.4092,86.0,1.03
3404,34.04,1035.8428,70.0,1.12
3405,40.12,1016.3897,27.0,1.03
3406,46.92,999.9464,85.0,1.03
3407,48.44,1039.1688,62.0,1.01
3408,41.08,1045.9861,47.0,0.94
3409,52.24,1014.0894,7.0,0.93
3410,47.64,1145.0102,36.0,1.03
3411,54.36,1001.9546,41.0,1.0
3412,34.36,1042.6923,61.0,1.07
3413,51.12,1036.7502,41.0,1.07
3414,46.04,1218.7175,37.0,1.05
3415,50.88,1056.9862,30.0,1.05
3416,53.44,1045.76,20.0,1.1
3417,29.88,1086.4367,17.0,1.05
3418,43.96,1034.7953,49.0,1.43
3419,41.92,1034.5266,29.0,1.26
3420,29.04,998.5344,128.0,1.14
3421,41.56,1019.9985,54.0,1.09
3422,44.6,1044.9572,33.0,1.01
3423,56.32,993.396,59.0,1.17
3424,43.32,1031.7134,37.0,1.04
3425,32.68,1053.2116,62.0,1.0
3426,47.4,1038.6179,65.0,1.01
3427,40.2,1065.201,73.0,1.22
3428,40.4,993.8929,27.0,1.45
3429,30.16,996.5581,65.0,1.19
3430,46.84,1019.2895,82.0,1.09
3431,53.0,1049.879,24.0,1.09
3432,49.6,1005.1888,7.0,1.07
3433,50.56,1001.6253,21.0,1.06
3434,43.52,1032.66,65.0,1.03
3435,41.88,1043.4759,36.0,1.06
3436,56.76,1044.9699,17.0,1.05
3437,41.16,1059.0174,53.0,1.0
3438,44.84,1020.0283,52.0,1.01
3439,51.84,1122.0909,18.0,1.05
3440,18.88,1005.1135,41.0,1.13
3441,46.2,1030.7037,33.0,1.01
3442,35.36,1046.2409,136.0,0.99
3443,45.96,1105.5147,21.0,1.05
3444,37.44,1023.5656,44.0,0.99
3445,44.92,982.4469,58.0,0.96
3446,46.36,1245.6771,73.0,1.16
3447,53.44,1048.5973,21.0,1.08
3448,37.8,984.4914,98.0,0.98
3449,48.24,1030.8371,48.0,1.07
3450,43.4,1116.447,69.0,1.08
3451,46.8,1009.5552,15.0,1.05
3452,61.04,1008.5128,18.0,1.11
3453,46.4,1050.5699,19.0,1.05
3454,47.48,1171.0897,50.0,0.99
3455,44.44,1037.7589,25.0,1.15
3456,49.88,991.7836,37.0,1.02
3457,31.16,968.569,72.0,0.96
3458,33.88,1034.3358,35.0,1.09
3459,44.8,1048.1376,47.0,1.06
3460,47.04,984.8488,61.0,0.84
3461,48.68,1039.5816,27.0,1.09
3462,44.24,1121.1557,83.0,1.1
3463,51.32,1089.4461,53.0,1.14
3464,57.0,1051.395,61.0,1.13
3465,24.96,1012.1922,57.0,1.13
3466,50.92,1009.4296,80.0,1.31
3467,30.4,1006.099,28.0,1.07
3468,38.04,1030.5435,52.0,1.06
3469,46.84,1018.106,24.0,1.12
3470,57.6,995.2872,37.0,1.04
3471,50.4,1032.2098,38.0,1.17
3472,48.28,983.9616,53.0,1.15
3473,50.28,989.0428,32.0,1.12
3474,41.96,1028.04,27.0,1.15
3475,53.84,1041.1136,28.0,1.18
3476,44.6,1025.2357,86.0,1.17
3477,41.12,1203.3841,92.0,1.1
3478,27.4,1024.4806,94.0,0.97
3479,47.36,1028.4551,37.0,1.14
3480,43.0,1010.1703,75.0,1.07
3481,44.84,977.3471,8.0,1.08
3482,51.88,1006.8989,31.0,1.02
3483,42.28,1044.4442,43.0,1.08
3484,47.36,1033.77,49.0,1.22
3485,29.2,993.188,75.0,1.02
3486,36.8,1006.8072,59.0,1.1
3487,50.52,999.4713,52.0,1.08
3488,38.88,996.5509,16.0,1.08
3489,40.64,1048.6242,65.0,1.02
3490,46.2,1084.6292,56.0,1.07
3491,28.04,1003.7848,44.0,1.06
3492,40.56,1275.3571,28.0,1.2
3493,38.92,997.3408,40.0,1.03
3494,34.0,1001.1381,44.0,1.0
3495,47.4,1053.1785,84.0,1.06
3496,49.4,1022.3566,19.0,1.05
3497,46.44,984.7672,14.0,0.98
3498,41.76,1019.7778,51.0,1.05
3499,55.32,1028.0613,35.0,1.1
3500,44.32,1017.16,53.0,1.21
3501,42.16,1092.1284,36.0,1.09
3502,48.84,1009.2018,51.0,1.11
3503,32.48,1199.8635,43.0,1.06
3504,61.2,1015.3011,39.0,1.1
3505,49.24,990.3833,13.0,1.05
3506,41.4,1023.2584,33.0,1.07
3507,52.92,1043.8628,24.0,1.08
3508,38.24,1004.0392,44.0,1.16
3509,53.08,1003.8896,39.0,1.02
3510,56.8,1064.3204,34.0,1.2
3511,53.24,1027.1378,38.0,1.11
3512,45.36,983.0646,49.0,0.98
3513,44.36,1080.1896,55.0,1.07
3514,61.88,1055.4594,5.0,1.06
3515,27.0,974.7761,1.0,1.05
3516,31.72,1011.9916,42.0,1.14
3517,37.12,996.1727,36.0,1.04
3518,49.84,1032.9962,58.0,1.07
3519,43.6,1024.32,14.0,1.1
3520,33.84,1086.3922,75.0,1.04
3521,44.8,996.3956,85.0,1.0
3522,42.76,997.1331,45.0,1.06
3523,42.68,1080.83,48.0,1.01
3524,47.76,999.6608,27.0,1.06
3525,53.0,1018.6181,6.0,1.12
3526,45.76,1044.7208,48.0,1.06
3527,38.96,1034.4806,59.0,1.09
3528,47.12,1080.1363,63.0,1.1
3529,42.68,1059.936,16.0,1.05
3530,52.84,1067.5578,11.0,1.02
3531,52.64,1006.1935,28.0,1.07
3532,45.44,1073.4172,31.0,1.08
3533,46.68,1022.7731,30.0,1.08
3534,52.16,1070.0864,24.0,1.0
3535,43.36,991.1559,52.0,1.02
3536,55.12,1048.1734,72.0,1.05
3537,56.64,1028.8133,31.0,1.06
3538,24.2,999.7106,7.0,1.07
3539,34.4,1067.855,59.0,0.99
3540,34.76,1038.1954,71.0,1.05
3541,45.12,1026.7005,26.0,1.04
3542,39.92,1050.5203,49.0,1.05
3543,37.68,990.7564,81.0,1.03
3544,37.04,1057.6591,53.0,1.09
3545,42.08,1028.5442,37.0,1.03
3546,49.52,1034.1623,68.0,1.08
3547,37.92,1013.9284,81.0,1.11
3548,46.8,1085.7982,33.0,1.06
3549,39.2,1074.0927,56.0,1.07
3550,44.08,1008.8778,62.0,1.05
3551,36.08,1023.9682,57.0,0.97
3552,55.44,1031.4294,25.0,1.08
3553,47.4,1059.0854,8.0,1.08
3554,51.8,1009.4826,50.0,1.19
3555,46.64,1021.8255,34.0,1.08
3556,71.24,1009.0792,15.0,1.01
3557,49.16,1027.5336,39.0,1.08
3558,31.48,972.6788,39.0,1.0
3559,41.28,1056.9687,19.0,1.04
3560,53.4,1073.5169,51.0,1.04
3561,46.8,979.507,82.0,0.98
3562,45.6,1056.5434,23.0,1.06
3563,24.48,1008.4551,48.0,1.05
3564,46.72,1104.6775,3.0,1.07
3565,54.12,975.4555,16.0,1.07
3566,49.04,1018.1036,100.0,1.05
3567,40.76,1026.2303,60.0,1.02
3568,45.96,1081.1079,9.0,1.08
3569,50.68,1020.0937,29.0,1.08
3570,58.04,1050.8536,45.0,1.09
3571,37.16,1004.0782,80.0,1.02
3572,46.96,1071.808,57.0,1.4
3573,49.2,1039.044,25.0,1.32
3574,44.48,1005.8975,56.0,1.11
3575,44.28,1052.3767,55.0,1.03
3576,45.92,1025.4539,41.0,1.11
3577,47.0,1029.8698,38.0,1.05
3578,50.24,1040.3816,27.0,1.06
3579,43.92,1040.2377,29.0,1.24
3580,45.36,1148.1731,11.0,1.15
3581,35.12,1039.2115,69.0,1.09
3582,47.44,1049.7931,64.0,1.06
3583,56.12,1071.516,29.0,1.15
3584,46.16,1019.2247,42.0,0.95
3585,25.92,1004.5618,62.0,1.05
3586,54.64,1052.1027,33.0,1.13
3587,49.68,1016.5845,28.0,0.99
3588,51.04,1029.4569,29.0,1.06
3589,30.0,1018.117,56.0,1.06
3590,43.96,1039.8118,51.0,1.06
3591,48.12,1026.8859,78.0,0.95
3592,48.8,1077.932,49.0,1.03
3593,52.24,1006.9066,30.0,1.04
3594,47.92,1073.0872,64.0,1.05
3595,37.44,1136.494,72.0,1.04
3596,47.8,1025.4897,23.0,1.08
3597,34.04,985.3184,98.0,1.03
3598,49.28,1018.0302,2.0,1.0
3599,48.04,1061.9167,15.0,1.17
3600,48.36,1019.4058,42.0,1.01
3601,46.48,1038.7272,31.0,0.95
3602,47.36,1048.0497,26.0,1.07
3603,47.64,1028.8485,76.0,1.0
3604,42.12,1092.7232,68.0,1.05
3605,50.68,1026.0613,46.0,1.01
3606,41.4,1117.3416,61.0,1.02
3607,50.8,1038.8819,53.0,1.01
3608,51.32,1028.3123,37.0,1.1
3609,40.16,1049.5118,20.0,1.22
3610,48.36,1066.5959,85.0,1.06
3611,56.04,1011.594,30.0,1.08
3612,42.88,1049.0576,60.0,0.98
3613,31.2,1009.5074,55.0,1.45
3614,45.16,1043.9503,17.0,1.42
3615,38.88,1020.292,53.0,1.08
3616,40.48,998.8948,16.0,1.02
3617,38.2,1048.0748,32.0,1.1
3618,57.88,1055.8955,16.0,1.11
3619,49.64,1048.8717,30.0,1.09
3620,52.04,1074.1163,55.0,1.11
3621,38.56,1034.399,24.0,1.17
3622,55.64,1050.5364,42.0,1.11
3623,54.52,1033.2006,16.0,1.17
3624,39.84,1021.4127,29.0,1.1
3625,58.28,1018.4214,72.0,1.12
3626,62.92,990.1124,7.0,1.1
3627,36.0,975.008,73.0,0.96
3628,50.0,1031.4745,15.0,1.09
3629,45.04,1009.8942,22.0,1.1
3630,52.44,1104.5694,81.0,1.09
3631,35.2,1086.2464,62.0,0.98
3632,54.84,1038.3512,33.0,1.03
3633,23.8,1027.1308,61.0,1.1
3634,44.04,1046.0028,58.0,1.02
3635,22.84,1010.1217,86.0,1.09
3636,46.68,1079.9149,42.0,1.11
3637,31.56,1035.1807,40.0,1.07
3638,43.32,1044.2961,44.0,1.08
3639,53.6,1016.2461,49.0,1.06
3640,43.08,1015.0797,35.0,1.04
3641,58.88,1046.6552,21.0,1.06
3642,49.6,1092.7993,77.0,1.1
3643,44.32,1017.9674,16.0,1.08
3644,50.04,1063.6349,36.0,1.09
3645,47.96,1082.4484,13.0,1.07
3646,39.6,1002.3996,78.0,1.0
3647,38.68,1009.6993,27.0,1.06
3648,50.4,1024.021,72.0,1.0
3649,51.24,1043.069,26.0,1.01
3650,37.44,1015.6516,37.0,1.09
3651,63.36,1010.3174,37.0,1.08
3652,47.84,1038.3142,41.0,1.15
3653,45.44,1077.9144,43.0,1.05
3654,54.88,1020.8447,29.0,1.06
3655,36.48,1035.892,105.0,1.13
3656,46.08,1152.2242,47.0,1.05
3657,54.88,1142.6659,45.0,1.09
3658,35.6,1044.1463,45.0,1.01
3659,46.4,984.763,13.0,1.05
3660,40.96,1066.973,32.0,1.13
3661,52.32,1035.3928,36.0,1.1
3662,19.32,991.2128,102.0,1.2
3663,47.32,1028.9838,20.0,1.17
3664,54.6,1035.0132,37.0,1.07
3665,40.24,1032.7005,60.0,1.14
3666,38.32,1029.4655,16.0,1.02
3667,43.72,1095.106,74.0,1.05
3668,41.52,1110.788,-24.0,0.75
3669,51.72,1002.8156,43.0,1.06
3670,37.28,1030.2004,17.0,1.11
3671,53.76,1085.2737,69.0,1.06
3672,32.68,989.6639,53.0,1.03
3673,49.12,1047.092,22.0,1.0
3674,54.16,1040.3764,25.0,0.98
3675,37.16,1005.7232,71.0,1.01
3676,37.84,999.7177,27.0,0.99
3677,38.24,1043.8438,38.0,1.11
3678,33.68,1012.6774,78.0,1.03
3679,58.68,1059.612,39.0,1.04
3680,54.72,1142.8579,35.0,1.03
3681,36.48,1042.7035,74.0,1.0
3682,44.04,1042.1725,51.0,1.05
3683,41.04,1042.3674,12.0,1.05
3684,57.6,1024.0311,17.0,1.08
3685,47.04,1075.4529,21.0,1.05
3686,49.92,1023.4704,31.0,1.07
3687,57.12,1014.7793,7.0,0.99
3688,45.76,1042.6874,22.0,1.06
3689,31.12,994.3626,23.0,1.04
3690,46.76,1053.2162,38.0,1.09
3691,48.8,1098.09,24.0,1.19
3692,31.24,1011.2752,122.0,1.08
3693,56.28,1083.0228,14.0,1.05
3694,36.04,1028.2173,11.0,1.15
3695,31.24,1011.2831,67.0,1.13
3696,37.96,1045.3206,65.0,1.13
3697,47.84,1013.0612,41.0,1.05
3698,54.96,1135.1345,36.0,1.04
3699,40.12,1102.8502,35.0,1.04
3700,41.36,1027.7067,29.0,1.1
3701,48.6,997.3542,2.0,1.08
3702,54.28,1051.897,14.0,1.09
3703,50.72,1032.7747,74.0,1.06
3704,55.52,1015.5425,54.0,1.05
3705,48.72,1108.0797,36.0,1.01
3706,36.4,1069.3203,67.0,1.45
3707,47.04,1115.6743,17.0,1.52
3708,49.6,1032.8646,45.0,1.63
3709,52.08,1043.2703,20.0,1.46
3710,46.44,980.6449,60.0,1.2
3711,29.88,1005.3018,49.0,0.98
3712,44.04,1019.7361,51.0,1.05
3713,37.36,992.0016,35.0,1.02
3714,35.76,1044.576,34.0,1.1
3715,50.64,1034.6289,54.0,1.06
3716,45.28,1008.9749,31.0,1.27
3717,36.96,1040.2911,75.0,1.13
3718,51.88,1011.0209,19.0,1.06
3719,49.84,1027.4318,15.0,1.01
3720,50.72,1018.5286,10.0,1.07
3721,54.36,994.9506,71.0,1.1
3722,44.72,1017.3679,34.0,1.04
3723,41.52,999.985,73.0,1.03
3724,42.72,1059.4263,13.0,1.1
3725,41.2,1090.2479,63.0,1.07
3726,63.08,976.9115,15.0,0.86
3727,47.16,1022.3195,25.0,1.02
3728,58.8,1045.8471,53.0,1.1
3729,43.16,1021.9041,49.0,1.03
3730,36.0,1096.5708,80.0,1.06
3731,43.56,999.5282,15.0,1.07
3732,37.76,1001.5776,54.0,1.09
3733,57.12,1089.7836,40.0,1.18
3734,41.24,1004.4575,34.0,1.26
3735,44.48,1060.3748,43.0,1.19
3736,54.12,1019.3545,15.0,1.17
3737,40.6,1049.8216,53.0,1.03
3738,50.24,1003.5666,40.0,1.0
3739,56.32,1011.9932,63.0,1.06
3740,55.52,1015.5307,2.0,1.04
3741,45.0,1155.1645,38.0,1.08
3742,59.56,1093.7855,55.0,1.02
3743,45.4,1023.6899,51.0,1.09
3744,58.68,1044.2673,28.0,1.13
3745,50.16,1075.12,58.0,1.08
3746,51.28,1001.8571,2.0,0.96
3747,58.6,1070.3577,48.0,1.0
3748,42.96,1035.5199,33.0,0.99
3749,41.08,1071.6433,9.0,1.09
3750,33.76,1051.5422,32.0,1.02
3751,34.84,1084.9833,117.0,1.06
3752,49.24,1026.2814,34.0,1.02
3753,54.24,1012.813,27.0,1.07
3754,29.4,1028.9698,74.0,1.12
3755,50.0,1060.5368,33.0,1.03
3756,48.68,1016.3895,21.0,1.01
3757,35.48,1037.4453,34.0,1.11
3758,59.24,1055.5996,36.0,1.01
3759,29.96,1019.1969,60.0,1.03
3760,59.32,1030.9978,7.0,1.05
3761,42.04,982.9798,66.0,1.11
3762,44.2,1031.5004,42.0,0.99
3763,38.6,1111.8721,41.0,1.04
3764,61.0,1042.1166,47.0,1.04
3765,60.24,1067.7325,11.0,1.03
3766,43.56,1012.4389,35.0,1.06
3767,44.84,1029.3966,56.0,1.02
3768,37.16,1023.9995,66.0,1.12
3769,45.68,1127.1724,93.0,1.07
3770,42.08,1009.0536,44.0,0.97
3771,47.0,1011.8635,40.0,1.06
3772,41.16,1018.075,30.0,1.14
3773,55.64,993.5698,44.0,1.11
3774,38.0,1035.3336,76.0,1.09
3775,47.8,1001.2639,68.0,0.98
3776,45.08,1029.7129,61.0,1.16
3777,39.76,1009.1573,52.0,0.89
3778,55.0,1101.5417,50.0,1.06
3779,39.08,1041.0401,55.0,1.03
3780,47.36,1043.6147,26.0,1.0
3781,38.96,1052.259,108.0,1.08
3782,44.44,1031.267,24.0,1.07
3783,44.68,1031.1299,38.0,1.07
3784,44.16,1031.1341,42.0,1.04
3785,50.08,1061.6758,65.0,1.06
3786,29.6,1023.9791,58.0,1.01
3787,48.24,1051.4591,34.0,1.05
3788,42.4,1040.0496,35.0,1.01
3789,44.32,1046.0609,55.0,1.05
3790,37.88,1014.324,74.0,1.04
3791,60.16,1064.3463,15.0,1.05
3792,42.28,1018.7733,67.0,1.1
3793,51.2,1304.9713,39.0,0.94
3794,49.32,1059.587,42.0,1.04
3795,52.04,1025.1558,49.0,1.1
3796,40.0,1030.1485,54.0,1.1
3797,59.0,1144.2741,32.0,1.08
3798,27.32,1017.873,128.0,1.14
3799,47.4,1019.1864,47.0,1.1
3800,43.68,1068.7524,62.0,1.14
3801,36.44,1090.4573,30.0,1.13
3802,57.04,1059.119,19.0,1.0
3803,50.12,1037.0972,27.0,1.06
3804,49.48,1111.067,90.0,0.97
3805,43.12,1139.4566,22.0,1.02
3806,45.08,1046.1264,31.0,1.09
3807,59.76,1030.4107,31.0,1.06
3808,36.4,1002.3624,26.0,0.96
3809,51.04,1057.381,28.0,1.04
3810,56.28,1057.7477,46.0,1.08
3811,49.08,1005.557,84.0,1.08
3812,45.4,1087.0034,65.0,1.0
3813,52.2,1016.2768,43.0,1.07
3814,50.88,1068.5358,27.0,1.02
3815,37.48,1009.2372,26.0,1.03
3816,50.2,1102.0821,62.0,0.9
3817,43.2,1053.407,50.0,1.01
3818,53.24,1037.634,39.0,1.09
3819,51.0,1018.5955,40.0,1.1
3820,44.84,1024.1586,30.0,1.08
3821,23.28,980.5936,76.0,1.06
3822,40.32,1027.4643,10.0,1.07
3823,30.04,1013.0869,31.0,1.05
3824,56.24,1050.3932,45.0,1.09
3825,39.08,994.2016,47.0,1.05
3826,48.08,1010.7952,19.0,1.05
3827,40.56,1049.0133,77.0,1.12
3828,46.12,1052.5419,85.0,1.04
3829,50.64,999.4569,49.0,1.02
3830,45.44,992.0187,33.0,1.05
3831,39.68,1007.5184,47.0,1.07
3832,29.88,1030.9598,31.0,1.04
3833,54.64,1003.4356,42.0,1.01
3834,51.64,1044.2556,39.0,1.03
3835,40.12,1014.3868,71.0,1.08
3836,50.04,1031.4537,40.0,1.0
3837,48.36,995.6048,42.0,0.97
3838,34.2,1035.78,67.0,1.08
3839,58.68,1038.3496,58.0,1.07
3840,52.16,1055.4701,38.0,1.06
3841,55.76,995.0976,76.0,0.97
3842,45.24,1019.3124,26.0,1.07
3843,47.4,1036.306,58.0,1.04
3844,44.72,1006.5528,9.0,1.21
3845,54.56,1035.3193,34.0,1.16
3846,51.04,1028.7261,53.0,1.0
3847,37.52,1006.862,95.0,0.91
3848,56.36,1051.6771,18.0,1.05
3849,47.52,1042.2731,64.0,1.05
3850,47.84,1001.5579,47.0,1.09
3851,37.52,1095.657,45.0,1.07
3852,55.32,1053.8053,41.0,0.99
3853,53.56,1016.9697,35.0,1.04
3854,37.4,1038.2064,73.0,1.1
3855,22.92,1006.4364,67.0,1.24
3856,42.72,1048.8081,69.0,1.12
3857,49.92,1033.2446,47.0,1.09
3858,43.88,1055.2544,10.0,1.06
3859,59.8,1015.41,49.0,1.05
3860,48.6,1138.9654,46.0,1.05
3861,54.08,1062.7179,31.0,1.04
3862,48.08,1194.3446,61.0,1.04
3863,47.64,1079.5043,56.0,1.1
3864,59.8,1056.3922,19.0,0.99
3865,56.36,1018.9926,26.0,1.03
3866,42.56,990.7478,51.0,1.12
3867,45.4,1029.5016,64.0,1.07
3868,40.28,1100.2023,46.0,1.09
3869,28.2,1038.0721,16.0,1.04
3870,43.64,1017.946,41.0,1.04
3871,47.92,1057.5626,24.0,1.03
3872,45.92,1039.2402,54.0,1.09
3873,47.64,1109.0519,26.0,1.14
3874,33.6,1020.8247,51.0,1.05
3875,59.64,996.963,-3.0,1.01
3876,47.08,1027.9586,29.0,1.03
3877,39.92,1145.0566,48.0,1.1
3878,56.92,1016.1323,21.0,1.0
3879,48.56,1139.1849,8.0,1.06
3880,39.24,1047.9914,31.0,1.04
3881,47.2,1015.9449,20.0,1.06
3882,25.16,978.3154,95.0,1.17
3883,48.04,1002.4716,19.0,1.03
3884,44.56,1083.7596,69.0,1.12
3885,58.28,990.6884,9.0,1.11
3886,44.72,1142.5058,35.0,1.1
3887,35.56,972.8825,68.0,1.07
3888,29.16,1014.9242,98.0,1.06
3889,24.76,1010.1661,51.0,1.08
3890,41.56,1138.1018,58.0,1.05
3891,48.04,1069.9958,40.0,1.05
3892,52.8,1044.4874,7.0,1.09
3893,51.36,1025.7876,29.0,0.96
3894,38.76,1016.9798,62.0,1.22
3895,35.84,1000.0879,45.0,0.95
3896,28.24,1005.693,33.0,1.0
3897,49.24,1029.3826,17.0,1.05
3898,47.28,1046.0138,66.0,1.04
3899,44.4,1053.0366,36.0,1.08
3900,51.12,1028.2408,41.0,1.01
3901,57.56,1049.9242,21.0,1.12
3902,36.96,976.9312,58.0,1.0
3903,44.16,999.8544,44.0,1.02
3904,40.28,989.5407,44.0,1.03
3905,52.52,1010.9964,36.0,1.1
3906,56.92,1063.0876,44.0,1.07
3907,53.92,1040.1302,79.0,1.04
3908,38.28,973.5132,29.0,0.99
3909,39.88,1018.6054,42.0,1.02
3910,40.96,1063.6249,68.0,1.15
3911,52.16,1053.7447,41.0,1.09
3912,47.76,1023.92,40.0,1.02
3913,36.24,1071.5154,44.0,1.1
3914,44.96,1090.9179,50.0,1.02
3915,43.52,988.3799,82.0,1.02
3916,40.28,1042.532,66.0,0.92
3917,49.4,1018.5496,58.0,1.04
3918,46.24,1005.8986,23.0,1.11
3919,55.52,1026.4557,70.0,1.11
3920,36.64,1057.8939,33.0,1.02
3921,42.4,1047.5577,31.0,1.09
3922,30.8,1032.3336,86.0,1.1
3923,44.52,1016.8468,50.0,1.11
3924,32.76,1036.3098,44.0,1.02
3925,57.0,1035.6183,38.0,1.06
3926,63.6,1021.3142,8.0,1.1
3927,30.6,1018.449,32.0,1.09
3928,44.44,1088.7854,45.0,1.04
3929,46.48,1082.1025,13.0,1.06
3930,34.16,1000.3911,57.0,1.01
3931,44.84,1044.4158,2.0,1.0
3932,28.68,1010.6427,77.0,1.08
3933,60.8,1041.9325,46.0,1.04
3934,59.32,1024.3187,32.0,1.06
3935,49.0,1047.9682,33.0,1.0
3936,57.88,1150.9472,32.0,1.06
3937,55.16,1055.2058,6.0,0.95
3938,57.24,996.6675,28.0,1.2
3939,50.84,1072.3936,6.0,1.04
3940,47.36,1009.1145,5.0,0.99
3941,49.72,1081.4976,13.0,1.0
3942,45.84,1063.4598,87.0,1.04
3943,50.16,1051.4495,18.0,1.24
3944,47.08,1023.1012,16.0,1.02
3945,47.56,1062.8024,30.0,1.03
3946,38.04,975.1452,14.0,1.09
3947,51.2,1030.3391,27.0,1.03
3948,50.12,1051.8277,51.0,1.08
3949,40.32,1005.1892,13.0,1.05
3950,50.2,1036.7599,70.0,1.07
3951,43.68,1035.687,24.0,1.05
3952,51.68,1015.933,64.0,1.06
3953,42.92,1033.7504,67.0,1.1
3954,46.6,1005.9683,12.0,1.02
3955,56.2,1057.534,11.0,1.09
3956,21.52,1052.5584,21.0,1.04
3957,38.48,1010.7517,41.0,1.1
3958,51.76,1061.3152,13.0,1.07
3959,43.0,1043.7238,55.0,1.18
3960,41.32,1061.0906,61.0,1.08
3961,43.12,1044.1076,72.0,1.11
3962,46.84,1067.376,54.0,1.07
3963,40.64,1064.547,41.0,1.02
3964,44.56,1088.8665,10.0,1.03
3965,47.84,1031.6484,5.0,0.85
3966,44.2,1101.2179,49.0,1.09
3967,51.28,1066.0088,36.0,1.03
3968,52.96,1025.9389,21.0,1.05
3969,47.32,1041.5918,33.0,1.06
3970,57.36,1065.0142,30.0,0.99
3971,51.04,1023.573,6.0,1.07
3972,50.68,1050.7913,13.0,1.1
3973,38.88,1045.1079,73.0,1.06
3974,39.64,1040.4972,28.0,1.0
3975,44.04,1086.8538,38.0,1.75
3976,46.12,1012.8952,10.0,1.04
3977,48.76,1058.3466,46.0,1.07
3978,49.76,1083.2664,50.0,1.0
3979,47.44,1039.9169,56.0,1.02
3980,60.88,1016.0681,63.0,1.06
3981,44.2,1059.6162,62.0,1.05
3982,52.48,1048.9084,9.0,0.97
3983,38.56,1082.5524,61.0,1.11
3984,53.04,1053.9962,12.0,0.88
3985,44.32,1112.8844,35.0,1.07
3986,45.52,993.553,25.0,1.08
3987,44.28,1110.3794,75.0,1.06
3988,49.0,1087.6309,47.0,1.02
3989,39.76,1010.6526,12.0,0.97
3990,44.04,1008.6834,54.0,0.99
3991,56.8,1022.8061,36.0,1.35
3992,38.84,1086.4837,68.0,1.07
3993,58.48,1001.5566,29.0,1.18
3994,47.56,1037.2831,52.0,1.04
3995,37.68,1098.5314,67.0,1.06
3996,46.92,1351.0644,69.0,1.08
3997,46.52,1029.8099,28.0,1.07
3998,49.92,1091.0883,47.0,1.07
3999,49.04,1065.2599,26.0,1.02
4000,48.64,1075.4102,76.0,1.06
4001,44.16,991.0102,21.0,1.11
4002,38.24,1016.7194,53.0,1.08
4003,42.92,1005.7201,72.0,1.06
4004,42.12,1013.6321,51.0,1.09
4005,28.8,1028.493,29.0,1.13
4006,47.16,1027.8505,40.0,1.07
4007,53.76,1038.7612,35.0,1.04
4008,43.6,1058.9674,40.0,1.02
4009,56.76,1056.2122,56.0,0.98
4010,29.2,999.6951,63.0,1.02
4011,53.6,1058.5964,27.0,1.05
4012,50.56,1020.2044,54.0,1.06
4013,24.92,975.895,64.0,1.02
4014,62.52,1082.0846,28.0,1.09
4015,45.68,1046.1495,89.0,1.1
4016,46.56,1019.3948,48.0,1.06
4017,54.52,1097.129,34.0,1.01
4018,63.0,1025.0252,-7.0,1.02
4019,51.2,1120.689,44.0,1.09
4020,38.2,1043.8429,42.0,1.18
4021,63.6,1046.7366,14.0,1.06
4022,42.16,1047.3991,82.0,1.03
4023,36.52,1045.6506,82.0,1.09
4024,29.08,1008.5236,43.0,1.1
4025,54.8,1038.8772,49.0,0.98
4026,50.84,1055.998,10.0,1.06
4027,63.84,1028.7505,37.0,1.0
4028,52.36,1060.9184,42.0,1.07
4029,38.72,1044.8997,60.0,1.13
4030,32.48,1045.2417,20.0,1.06
4031,54.72,1019.7748,35.0,1.06
4032,39.64,1056.065,73.0,1.07
4033,56.64,1090.729,44.0,1.07
4034,47.68,1024.0393,54.0,1.07
4035,48.8,1080.1776,36.0,1.0
4036,52.44,1065.3219,73.0,1.08
4037,50.44,1036.258,12.0,1.04
4038,33.8,986.9313,141.0,1.06
4039,54.6,1026.8016,19.0,1.08
4040,42.4,1068.3783,76.0,1.26
4041,40.96,1007.357,49.0,1.07
4042,36.96,1057.5433,41.0,1.05
4043,45.92,1069.982,46.0,1.08
4044,37.28,1015.588,31.0,0.98
4045,40.16,1060.3931,37.0,1.06
4046,55.4,1060.095,33.0,1.06
4047,42.16,996.064,43.0,1.07
4048,50.92,1038.5485,19.0,1.11
4049,54.04,1029.5962,34.0,1.0
4050,48.8,1030.6899,16.0,1.03
4051,51.08,1015.9692,14.0,1.03
4052,61.36,1128.7237,26.0,1.1
4053,40.72,1019.2024,42.0,0.98
4054,50.8,1072.1099,54.0,1.03
4055,41.4,1021.1187,36.0,0.97
4056,34.88,1000.1739,78.0,0.98
4057,40.52,1054.5597,75.0,1.05
4058,48.48,1086.801,33.0,1.03
4059,45.68,1042.0181,56.0,1.06
4060,58.8,1011.0692,28.0,0.97
4061,56.88,1003.8028,25.0,0.99
4062,40.96,990.7873,7.0,0.97
4063,53.88,1042.5204,77.0,0.96
4064,29.0,1014.6933,78.0,1.06
4065,49.84,1051.6916,52.0,1.02
4066,51.32,1006.2884,63.0,1.08
4067,37.88,1058.847,22.0,1.1
4068,35.36,991.7189,3.0,1.01
4069,31.8,994.9646,99.0,1.01
4070,45.48,1040.6229,128.0,1.09
4071,52.12,1084.2841,73.0,1.12
4072,58.96,1177.3832,7.0,1.04
4073,35.4,1018.3888,13.0,1.03
4074,44.8,1025.3753,80.0,1.07
4075,43.84,1097.3085,56.0,1.08
4076,43.72,1032.4905,10.0,1.12
4077,60.04,1002.3388,11.0,1.09
4078,53.44,1073.785,64.0,1.04
4079,43.2,1078.9897,35.0,1.1
4080,54.16,1048.3283,18.0,1.08
4081,35.0,989.2582,63.0,1.08
4082,47.4,1040.9485,23.0,1.12
4083,36.8,1023.8558,67.0,1.07
4084,45.52,1088.4334,11.0,1.07
4085,32.48,1059.0739,49.0,1.08
4086,28.4,968.4412,52.0,1.11
4087,35.72,1097.3371,35.0,1.16
4088,27.92,1046.6647,21.0,1.21
4089,52.08,1060.1731,17.0,1.13
4090,46.84,1102.6831,98.0,1.03
4091,50.4,1098.7776,29.0,1.04
4092,35.92,990.2869,90.0,0.89
4093,42.16,1019.8369,38.0,1.02
4094,54.6,1138.836,55.0,1.09
4095,42.32,1029.3106,43.0,1.07
4096,47.88,1065.9807,31.0,1.06
4097,22.48,987.4224,41.0,1.13
4098,35.92,1056.0494,25.0,1.12
4099,53.28,988.5723,7.0,1.08
4100,30.64,992.1764,20.0,1.04
4101,51.52,1033.6764,62.0,1.0
4102,53.16,1019.1285,44.0,1.02
4103,58.6,1011.3244,9.0,1.26
4104,41.64,1095.8966,32.0,1.05
4105,27.64,1023.3304,66.0,1.13
4106,42.96,1058.681,35.0,1.05
4107,43.6,989.4261,52.0,1.04
4108,41.56,1010.0286,63.0,1.07
4109,29.6,991.7464,69.0,1.04
4110,56.56,1008.009,37.0,1.0
4111,34.44,1027.3744,50.0,1.0
4112,40.24,1016.8283,60.0,1.08
4113,22.56,982.4555,75.0,0.99
4114,44.96,1046.2097,68.0,0.95
4115,23.6,982.3195,108.0,0.93
4116,57.68,1033.9149,12.0,1.01
4117,32.32,1016.0281,14.0,1.03
4118,30.08,1025.2889,50.0,1.06
4119,24.44,998.3941,121.0,1.02
4120,51.32,1008.9443,40.0,1.0
4121,53.44,1023.5958,11.0,1.0
4122,56.0,1091.4532,47.0,1.09
4123,45.6,1009.368,32.0,1.05
4124,49.92,1026.3477,49.0,1.05
4125,46.12,999.7659,34.0,1.03
4126,44.76,1049.2613,53.0,1.12
4127,49.0,1027.9088,54.0,1.02
4128,44.92,1018.2987,64.0,1.11
4129,56.64,1033.732,32.0,1.21
4130,24.16,1000.0535,103.0,0.98
4131,34.96,1003.5192,65.0,1.25
4132,38.0,992.9095,27.0,0.88
4133,34.32,1051.6854,54.0,1.06
4134,57.68,1013.739,39.0,1.03
4135,64.0,1032.3579,34.0,1.03
4136,42.72,1101.264,25.0,1.08
4137,57.88,1040.7663,55.0,1.03
4138,38.96,1017.6389,42.0,1.01
4139,42.52,996.1063,40.0,0.99
4140,56.28,1082.4704,54.0,1.09
4141,49.52,1027.5536,24.0,1.0
4142,42.4,1107.6534,64.0,1.05
4143,44.92,1152.265,44.0,1.09
4144,42.64,1012.3123,20.0,1.07
4145,50.52,1031.1246,38.0,1.06
4146,45.56,1056.1497,36.0,0.98
4147,50.44,1059.6379,48.0,1.05
4148,46.16,1035.2854,39.0,1.08
4149,48.96,1070.8902,22.0,1.02
4150,45.0,1056.3997,55.0,1.14
4151,52.92,1037.1304,55.0,1.01
4152,27.28,1000.4961,45.0,1.11
4153,44.76,1025.0291,46.0,1.09
4154,53.44,1037.2658,39.0,1.12
4155,40.64,1027.3864,26.0,1.08
4156,50.84,1068.4734,37.0,1.07
4157,24.96,979.5789,55.0,1.03
4158,40.8,1042.2382,27.0,0.99
4159,54.16,1049.7914,17.0,1.26
4160,55.88,1025.1065,35.0,1.05
4161,39.04,1018.8525,91.0,1.05
4162,52.96,1026.8056,36.0,1.1
4163,44.16,1039.5437,39.0,1.06
4164,45.04,996.5348,52.0,1.07
4165,56.24,1049.8483,38.0,1.1
4166,57.8,1065.1833,55.0,1.15
4167,49.12,1072.1344,14.0,1.33
4168,38.0,1066.4328,86.0,1.08
4169,30.28,1036.991,30.0,1.07
4170,60.4,1048.2643,33.0,1.06
4171,47.8,1092.5413,3.0,1.09
4172,51.4,987.6693,28.0,0.9
4173,43.24,1047.2624,52.0,1.13
4174,51.44,1034.9231,62.0,0.98
4175,52.04,999.704,68.0,1.25
4176,56.44,1019.3481,16.0,1.11
4177,37.0,996.7002,53.0,1.1
4178,37.4,1063.6683,45.0,1.07
4179,47.52,1131.9755,59.0,1.08
4180,34.76,1030.5893,10.0,1.12
4181,45.64,1009.1977,41.0,1.15
4182,48.2,1109.3076,54.0,1.1
4183,36.8,1000.9418,76.0,0.99
4184,52.96,1052.9527,17.0,1.02
4185,25.4,1060.0326,48.0,1.15
4186,53.8,1120.5666,28.0,1.2
4187,48.88,1091.4637,95.0,1.07
4188,33.96,1016.2689,57.0,1.07
4189,41.6,1083.394,39.0,1.08
4190,45.84,1050.976,56.0,1.04
4191,57.76,1109.7129,12.0,1.1
4192,51.2,997.3794,57.0,0.97
4193,52.16,1050.5688,30.0,1.09
4194,41.32,1003.7582,40.0,1.02
4195,50.96,1026.7336,36.0,1.14
4196,50.44,1007.8836,57.0,1.08
4197,57.52,1033.0452,51.0,1.03
4198,40.36,992.9742,32.0,1.02
4199,44.16,1040.0135,106.0,1.05
4200,43.76,1084.4616,29.0,1.07
4201,47.16,1037.4116,21.0,1.09
4202,45.6,1083.9127,19.0,1.11
4203,49.48,1040.8322,39.0,1.01
4204,32.48,1013.8901,25.0,1.05
4205,39.6,1033.1682,21.0,1.04
4206,25.24,1019.816,53.0,1.07
4207,49.32,1100.0513,58.0,1.12
4208,50.92,1100.7715,35.0,1.04
4209,43.0,1073.5561,36.0,1.09
4210,43.96,1042.9199,12.0,1.07
4211,36.24,1033.0148,51.0,1.04
4212,46.32,1051.8344,52.0,1.06
4213,53.12,1044.9609,26.0,1.29
4214,37.6,1104.5094,12.0,1.07
4215,47.92,1018.6108,39.0,1.11
4216,49.64,1041.5651,60.0,1.04
4217,53.68,1103.3508,13.0,1.07
4218,41.4,1058.7935,29.0,1.03
4219,58.08,981.8595,26.0,1.1
4220,53.36,1044.5814,48.0,0.96
4221,45.48,1042.72,40.0,0.99
4222,55.4,1091.5628,51.0,1.08
4223,49.2,1046.6627,28.0,1.07
4224,36.96,1077.4738,90.0,1.03
4225,43.56,1049.1758,47.0,1.24
4226,41.32,1102.02,28.0,1.07
4227,38.32,1015.5942,53.0,1.08
4228,53.52,1056.574,52.0,1.04
4229,53.64,997.0351,1.0,1.14
4230,58.4,1052.884,37.0,1.03
4231,66.52,1058.8362,-2.0,1.08
4232,57.2,1038.3554,51.0,1.08
4233,40.4,1018.6975,64.0,1.05
4234,31.48,1052.7566,62.0,0.96
4235,51.6,1098.4098,44.0,1.06
4236,47.72,1016.927,22.0,1.04
4237,55.96,1019.2227,10.0,1.05
4238,48.2,1009.6087,40.0,1.02
4239,27.56,1017.518,52.0,1.04
4240,55.76,1002.3954,51.0,1.13
4241,42.12,1041.77,40.0,1.12
4242,43.36,979.1534,48.0,0.89
4243,56.8,1095.6553,2.0,1.06
4244,66.88,1029.293,3.0,1.05
4245,49.2,1025.7844,20.0,1.08
4246,43.8,1049.7906,29.0,1.1
4247,46.84,1015.1304,45.0,0.98
4248,46.6,1308.4186,25.0,0.97
4249,50.4,1064.5249,27.0,0.97
4250,66.04,1055.5158,27.0,0.96
4251,39.88,1059.4654,44.0,1.06
4252,40.96,1042.4292,20.0,1.04
4253,52.68,1056.7993,76.0,1.03
4254,52.88,1021.6744,13.0,1.17
4255,41.52,1048.69,45.0,1.01
4256,47.12,1027.3098,40.0,1.07
4257,53.8,1204.2401,38.0,1.1
4258,53.16,1010.0887,33.0,1.0
4259,49.88,1055.6842,48.0,1.01
4260,62.44,1039.7925,6.0,0.93
4261,55.24,1036.5468,33.0,1.05
4262,48.48,1027.7781,31.0,1.01
4263,50.64,1043.0131,47.0,1.08
4264,46.8,1030.7709,10.0,0.99
4265,48.44,993.1748,68.0,1.11
4266,49.12,991.4127,33.0,1.0
4267,43.84,1049.935,50.0,1.08
4268,47.88,1008.2998,63.0,1.06
4269,52.84,993.5984,64.0,1.09
4270,35.96,1025.9824,106.0,1.06
4271,49.44,1060.5153,11.0,1.06
4272,36.48,1029.0806,41.0,1.22
4273,51.2,1115.7334,28.0,1.06
4274,42.68,999.6968,43.0,1.1
4275,45.76,1034.6088,5.0,1.1
4276,66.16,1081.353,15.0,1.03
4277,45.64,1057.2041,27.0,1.0
4278,44.32,987.7266,59.0,1.0
4279,63.44,1029.133,25.0,1.05
4280,28.84,997.5376,77.0,1.03
4281,47.8,1051.6601,14.0,1.05
4282,44.12,1049.2617,39.0,1.11
4283,32.88,1064.6521,41.0,1.04
4284,47.32,1022.8242,56.0,1.09
4285,31.8,1042.5143,25.0,1.08
4286,45.28,1088.6638,30.0,1.11
4287,28.2,978.6844,56.0,1.02
4288,49.0,1027.3695,14.0,1.0
4289,39.36,1028.26,26.0,1.06
4290,22.6,1043.9993,22.0,1.08
4291,46.36,1010.766,81.0,1.02
4292,49.44,1136.9518,80.0,1.01
4293,42.44,1026.5302,26.0,1.1
4294,24.92,1010.906,25.0,1.02
4295,38.68,998.314,74.0,0.96
4296,42.64,1025.6338,34.0,1.08
4297,52.8,1015.6366,22.0,1.09
4298,29.28,1062.1474,29.0,1.05
4299,41.24,1024.1052,59.0,1.09
4300,38.92,1010.5505,16.0,1.03
4301,53.6,1044.1416,59.0,1.11
4302,46.36,999.3083,20.0,0.99
4303,52.4,1043.0299,52.0,1.03
4304,35.04,1036.1818,16.0,1.03
4305,39.96,1220.1013,19.0,1.05
4306,47.72,1011.6952,37.0,1.01
4307,48.16,1024.6928,36.0,1.11
4308,46.92,1042.2902,5.0,1.04
4309,45.24,1062.8039,36.0,1.03
4310,37.52,1006.9908,24.0,1.04
4311,47.76,1019.7105,80.0,1.03
4312,51.4,975.79,49.0,1.07
4313,54.76,1044.2501,40.0,1.04
4314,41.32,1107.0057,66.0,1.04
4315,49.68,1323.5239,38.0,1.1
4316,32.36,1016.9379,49.0,0.97
4317,48.48,1003.4056,10.0,1.02
4318,44.8,1014.804,50.0,1.03
4319,35.72,997.6499,67.0,1.19
4320,42.52,979.7621,63.0,1.06
4321,36.8,988.4287,26.0,1.1
4322,49.4,1050.0252,46.0,1.08
4323,33.32,1037.7862,26.0,0.99
4324,62.04,1159.6762,27.0,1.07
4325,38.6,1042.9178,48.0,1.0
4326,49.56,1068.0533,31.0,1.11
4327,62.48,1146.0992,22.0,0.98
4328,35.48,1027.2522,52.0,1.04
4329,42.44,1087.2394,62.0,1.09
4330,31.84,1015.4675,79.0,1.04
4331,51.4,1075.7618,39.0,1.0
4332,46.2,1030.0926,34.0,0.99
4333,44.52,1030.874,51.0,1.01
4334,50.76,1044.8589,28.0,1.07
4335,43.2,1068.5321,29.0,1.03
4336,36.64,1014.7815,41.0,1.1
4337,42.28,1207.1021,29.0,1.12
4338,41.2,1014.6441,43.0,1.4
4339,52.68,1021.4764,30.0,1.21
4340,49.08,1068.0677,66.0,1.13
4341,52.64,1074.2074,54.0,1.01
4342,47.56,1106.649,55.0,1.19
4343,51.44,999.5097,75.0,1.4
4344,52.8,1057.5212,16.0,1.09
4345,34.24,1041.3588,79.0,1.17
4346,49.32,1026.0729,43.0,1.06
4347,33.24,1041.1412,79.0,1.29
4348,34.84,1011.8859,38.0,1.19
4349,52.16,1005.4712,49.0,1.1
4350,47.84,1015.9508,40.0,1.11
4351,47.48,1033.4649,37.0,1.08
4352,48.24,1020.2774,44.0,1.05
4353,58.6,1020.7106,42.0,1.11
4354,44.16,1061.6933,13.0,1.04
4355,31.6,1030.2075,68.0,1.03
4356,47.84,996.4047,16.0,1.05
4357,49.92,1015.1684,26.0,1.05
4358,42.16,1074.7012,34.0,1.06
4359,57.6,1021.4252,21.0,1.09
4360,36.08,1043.1694,57.0,0.97
4361,43.24,1043.8509,64.0,1.05
4362,41.52,1077.5733,10.0,1.11
4363,60.92,1031.0933,60.0,1.18
4364,61.28,990.2187,36.0,1.0
4365,37.56,1014.4387,30.0,1.03
4366,45.72,1042.805,28.0,0.96
4367,45.16,1004.7162,34.0,1.06
4368,26.88,1012.4404,37.0,1.0
4369,56.64,1066.5837,16.0,1.08
4370,42.36,1036.1981,40.0,1.06
4371,53.64,1060.7526,82.0,1.03
4372,50.28,1071.1174,51.0,1.01
4373,47.36,1026.6217,35.0,1.05
4374,50.24,1043.0323,52.0,1.06
4375,28.8,1017.5561,69.0,1.08
4376,40.36,1040.0992,57.0,1.15
4377,45.4,1011.786,53.0,0.99
4378,59.96,1038.2351,17.0,1.12
4379,30.12,1025.8308,69.0,1.1
4380,39.88,1200.1504,31.0,1.07
4381,37.96,1066.5705,71.0,1.08
4382,42.92,1026.446,24.0,1.01
4383,46.28,1052.115,46.0,1.06
4384,49.84,1038.7826,62.0,1.1
4385,40.64,1041.0792,11.0,1.17
4386,25.92,998.2071,54.0,1.08
4387,25.52,1023.0446,88.0,0.97
4388,33.16,1018.3082,78.0,1.0
4389,43.16,1026.4044,36.0,1.05
4390,35.04,1027.8915,71.0,1.07
4391,26.08,1016.2551,67.0,1.07
4392,41.0,996.2466,66.0,1.1
4393,50.56,1044.0885,50.0,1.02
4394,49.96,1009.7199,49.0,1.05
4395,51.24,1053.2519,37.0,1.01
4396,53.32,1036.8207,27.0,1.1
4397,48.44,1049.6603,73.0,1.12
4398,38.76,991.2023,96.0,0.97
4399,42.28,1067.8377,53.0,1.05
4400,26.6,1048.9984,119.0,1.1
4401,44.92,1063.455,55.0,1.07
4402,39.32,1003.7173,52.0,1.03
4403,49.56,1027.761,14.0,1.08
4404,37.96,1027.8416,29.0,1.0
4405,54.04,1025.2907,23.0,1.05
4406,20.16,1000.102,71.0,1.17
4407,23.72,1003.4468,34.0,1.11
4408,56.16,1014.3522,29.0,1.07
4409,37.36,1008.5538,17.0,1.24
4410,53.12,1033.5435,30.0,1.01
4411,40.6,1045.1209,42.0,1.09
4412,50.52,1070.7346,40.0,1.03
4413,36.68,1037.3946,57.0,0.99
4414,49.8,1060.4946,47.0,1.09
4415,44.44,1040.7344,30.0,1.07
4416,22.96,987.6008,84.0,1.0
4417,41.6,1051.8626,45.0,1.09
4418,48.76,1025.946,31.0,1.08
4419,44.84,1156.849,36.0,1.1
4420,58.04,1036.0573,32.0,1.06
4421,37.12,1056.4082,74.0,0.9
4422,49.4,1054.7584,73.0,1.06
4423,41.04,1030.5242,41.0,1.1
4424,57.8,1050.9547,31.0,1.08
4425,24.76,1000.63,7.0,1.04
4426,55.56,1022.5891,42.0,1.04
4427,50.88,1038.3695,77.0,1.06
4428,34.12,1089.758,60.0,1.0
4429,52.48,1051.6332,66.0,0.98
4430,35.4,1211.3144,87.0,1.13
4431,56.2,1051.8948,36.0,1.0
4432,29.68,969.8396,60.0,0.97
4433,51.72,1132.6554,35.0,1.12
4434,48.92,1087.3832,25.0,1.16
4435,37.6,1035.8136,20.0,1.12
4436,42.92,1039.5601,53.0,1.01
4437,50.68,1041.5788,40.0,1.04
4438,47.2,1050.4922,62.0,1.07
4439,49.68,1049.8899,23.0,1.03
4440,39.36,1054.8028,11.0,1.13
4441,38.76,1051.1794,35.0,1.06
4442,40.24,1056.1032,57.0,1.06
4443,32.72,1028.182,19.0,1.04
4444,32.36,998.7893,42.0,0.97
4445,43.88,1052.3719,46.0,1.05
4446,53.04,1012.1561,39.0,1.03
4447,47.36,1045.9953,40.0,1.06
4448,45.4,1022.8674,16.0,1.08
4449,45.56,1032.7226,40.0,1.08
4450,42.32,1096.7351,26.0,1.06
4451,37.28,1075.1378,21.0,1.12
4452,54.76,1004.4155,10.0,1.02
4453,48.4,1017.8738,45.0,1.07
4454,51.68,1072.7195,78.0,1.11
4455,47.44,1055.278,38.0,1.16
4456,39.0,1053.5262,18.0,1.06
4457,53.8,1115.0761,58.0,1.08
4458,30.12,998.7562,93.0,1.01
4459,47.52,1109.9038,62.0,0.96
4460,43.96,1039.7166,82.0,1.1
4461,33.76,1028.1875,51.0,1.16
4462,47.04,1026.5567,23.0,0.98
4463,45.6,1029.3263,53.0,0.97
4464,50.2,1017.7722,51.0,1.06
4465,44.92,1053.2799,111.0,1.0
4466,50.76,1053.7143,87.0,1.05
4467,52.2,1050.1162,26.0,1.09
4468,52.88,1044.6942,65.0,1.02
4469,38.32,1000.0487,66.0,1.07
4470,45.04,1048.9214,41.0,0.96
4471,24.08,995.874,55.0,1.03
4472,56.12,1038.6154,36.0,1.2
4473,58.04,999.7432,37.0,1.13
4474,46.48,1104.2468,15.0,1.01
4475,49.76,1034.5931,56.0,1.0
4476,53.84,999.9656,42.0,1.16
4477,26.64,1018.1895,33.0,1.05
4478,39.96,1050.1053,113.0,1.05
4479,39.96,1018.1854,32.0,1.08
4480,52.64,1098.4965,41.0,1.12
4481,54.24,1049.8405,41.0,1.1
4482,62.76,1058.1132,20.0,1.08
4483,42.12,1053.0283,64.0,1.04
4484,40.52,999.9144,44.0,1.11
4485,28.96,1013.0188,73.0,0.99
4486,51.48,1042.0144,26.0,1.16
4487,24.48,981.1382,77.0,1.06
4488,49.32,1104.5525,59.0,0.95
4489,54.8,1051.1942,36.0,1.18
4490,38.08,1014.9265,46.0,1.08
4491,50.08,1058.5183,61.0,1.09
4492,28.08,995.6223,116.0,1.07
4493,45.04,999.1031,37.0,1.16
4494,38.88,1098.0353,89.0,1.02
4495,50.76,1069.2732,56.0,1.09
4496,53.36,1102.6546,10.0,1.01
4497,48.88,1033.045,37.0,0.98
4498,46.04,1037.6888,37.0,1.04
4499,44.96,1040.6226,56.0,1.17
4500,25.24,989.6878,76.0,1.0
4501,48.04,1094.4644,29.0,1.05
4502,42.92,1055.36,53.0,1.09
4503,40.0,1042.6984,54.0,1.05
4504,56.72,1024.1148,49.0,1.03
4505,43.0,1035.9584,64.0,1.11
4506,47.0,1037.5192,61.0,1.03
4507,50.36,1079.5598,34.0,1.06
4508,28.6,1022.454,120.0,1.13
4509,41.24,1002.6004,128.0,0.98
4510,40.0,1013.8156,82.0,1.12
4511,23.64,1015.1216,71.0,1.12
4512,45.48,1009.9201,30.0,1.01
4513,34.32,1006.8947,23.0,1.02
4514,51.84,1115.6134,24.0,0.95
4515,35.84,1178.6935,63.0,1.04
4516,49.28,1026.4008,35.0,1.21
4517,40.52,1051.8445,19.0,1.16
4518,47.88,1027.449,33.0,1.03
4519,33.0,981.2386,96.0,1.06
4520,46.96,1041.5644,38.0,1.07
4521,45.52,1058.3262,77.0,1.05
4522,54.88,1047.2148,36.0,1.08
4523,28.0,977.6672,63.0,1.08
4524,32.44,1027.2304,100.0,1.05
4525,43.6,983.046,84.0,1.71
4526,50.52,1037.2146,26.0,1.15
4527,42.88,1009.2288,46.0,1.05
4528,54.76,985.3804,32.0,0.97
4529,52.72,1027.5724,23.0,0.91
4530,52.04,1036.7616,36.0,1.11
4531,25.12,979.8106,79.0,0.99
4532,36.24,1040.5887,86.0,1.09
4533,49.0,1004.961,55.0,1.14
4534,44.24,1070.9701,46.0,1.03
4535,57.72,1053.9261,55.0,1.07
4536,49.2,1081.3177,52.0,1.1
4537,59.92,1018.4517,49.0,1.09
4538,35.96,1041.1588,50.0,1.14
4539,48.92,1090.9284,71.0,1.07
4540,54.72,1039.5203,15.0,1.0
4541,51.52,1005.7416,32.0,1.24
4542,37.4,1088.1401,91.0,1.07
4543,34.6,1002.8096,64.0,1.2
4544,47.64,1036.4895,48.0,1.05
4545,48.28,1069.5716,49.0,1.01
4546,51.48,1045.9701,36.0,1.08
4547,43.76,990.6334,35.0,1.07
4548,43.76,1028.2661,35.0,1.08
4549,44.28,990.681,62.0,1.07
4550,52.68,1043.4597,49.0,1.1
4551,49.08,1040.4626,45.0,1.08
4552,56.92,993.8038,79.0,1.07
4553,42.96,1130.0544,27.0,1.08
4554,49.28,1078.5639,41.0,1.09
4555,49.64,1053.6886,48.0,1.03
4556,40.32,1013.0678,25.0,1.01
4557,22.24,979.928,89.0,1.0
4558,46.52,997.8897,61.0,1.03
4559,37.64,1127.368,48.0,1.05
4560,41.56,1015.8964,27.0,0.94
4561,38.52,993.622,53.0,1.01
4562,43.16,1043.9325,58.0,1.0
4563,47.04,1059.7063,24.0,1.03
4564,56.44,1024.2582,55.0,0.99
4565,54.84,1068.7843,39.0,1.06
4566,54.6,1094.8069,70.0,1.13
4567,31.36,1013.4773,45.0,1.06
4568,58.04,1142.4057,28.0,1.08
4569,53.64,1156.3826,55.0,1.07
4570,39.16,1047.2314,20.0,1.2
4571,29.04,1038.6385,72.0,1.2
4572,41.84,1039.1214,31.0,1.07
4573,48.88,1069.9939,37.0,1.04
4574,38.52,993.4064,57.0,1.06
4575,43.96,1044.0131,81.0,1.06
4576,52.12,1084.9736,62.0,1.11
4577,39.92,1009.7106,62.0,1.11
4578,55.32,1076.0446,57.0,1.03
4579,47.88,1078.8362,43.0,1.1
4580,41.68,1068.8964,34.0,1.12
4581,52.72,1009.7364,54.0,1.06
4582,40.4,979.7076,83.0,1.09
4583,36.0,1036.6859,122.0,1.07
4584,59.4,1049.3674,19.0,1.05
4585,48.8,983.2022,31.0,1.08
4586,22.88,982.1856,81.0,1.08
4587,54.08,1018.957,8.0,1.01
4588,35.8,994.6402,48.0,1.06
4589,51.52,1002.4491,68.0,1.13
4590,43.6,1021.4576,33.0,1.02
4591,43.32,1036.9792,29.0,1.16
4592,53.08,1038.2814,25.0,1.01
4593,39.32,1025.8538,85.0,1.07
4594,42.8,1041.8301,33.0,1.08
4595,45.32,1030.0795,35.0,1.09
4596,62.84,1025.0199,20.0,1.04
4597,40.36,1043.5098,53.0,1.09
4598,36.88,1058.8202,55.0,1.09
4599,39.8,1096.0056,24.0,1.07
4600,48.24,1064.3655,59.0,1.04
4601,43.04,1019.4924,18.0,1.05
4602,31.16,992.6996,45.0,1.08
4603,40.36,1009.1182,50.0,1.14
4604,59.8,1048.4929,66.0,1.07
4605,30.64,1008.2383,66.0,1.06
4606,43.44,1021.5016,30.0,1.13
4607,36.36,993.6917,58.0,1.0
4608,41.2,1070.8033,44.0,1.08
4609,35.0,1081.485,62.0,1.01
4610,58.16,1054.9685,11.0,1.09
4611,29.64,1042.4008,56.0,1.03
4612,34.68,1035.7096,60.0,1.05
4613,46.8,1036.5788,38.0,1.1
4614,44.68,1031.0245,69.0,1.08
4615,45.2,1042.7505,30.0,1.03
4616,45.64,1027.2392,26.0,1.01
4617,54.84,1073.1563,34.0,1.07
4618,47.04,1021.7565,52.0,1.08
4619,48.92,1062.4547,71.0,1.08
4620,39.56,1057.3907,55.0,1.05
4621,54.08,1089.4995,16.0,1.03
4622,39.32,982.2754,34.0,0.97
4623,54.64,987.2366,70.0,1.09
4624,34.52,1021.6072,16.0,1.03
4625,42.68,1030.6078,50.0,1.21
4626,41.72,1014.9358,20.0,1.0
4627,30.0,982.1548,93.0,1.06
4628,45.52,1056.5594,20.0,1.01
4629,60.4,1030.5143,8.0,1.05
4630,53.76,1052.5828,14.0,1.14
4631,46.68,1047.0485,21.0,1.06
4632,50.8,1053.2558,30.0,1.05
4633,40.64,1024.7548,57.0,1.07
4634,43.24,1055.164,39.0,1.12
4635,57.88,1071.9206,34.0,1.07
4636,52.8,1069.1302,42.0,1.06
4637,35.4,1078.2139,53.0,1.01
4638,47.96,1017.6679,14.0,1.06
4639,47.48,1026.5602,36.0,0.97
4640,49.64,1021.5262,28.0,1.04
4641,30.72,1025.6849,48.0,1.02
4642,43.76,1228.9764,3.0,1.03
4643,50.88,1054.2099,47.0,1.03
4644,46.68,1145.7748,24.0,1.12
4645,46.92,1046.3372,13.0,1.04
4646,35.96,1019.7584,68.0,1.07
4647,26.28,993.2925,78.0,1.04
4648,49.68,1054.1338,28.0,1.07
4649,42.92,1043.4408,31.0,1.09
4650,49.6,1026.7894,96.0,1.09
4651,36.96,981.514,29.0,1.12
4652,60.84,991.4216,40.0,1.04
4653,59.76,1021.5745,17.0,1.18
4654,42.96,1100.6694,59.0,0.93
4655,38.68,1033.0702,41.0,1.09
4656,29.84,1029.5996,46.0,1.04
4657,45.32,974.4194,12.0,1.03
4658,37.64,1093.3083,89.0,1.04
4659,48.32,1053.1292,50.0,1.05
4660,40.6,1063.6229,27.0,0.96
4661,49.76,997.8174,64.0,1.12
4662,26.8,1034.6225,70.0,1.1
4663,43.36,1038.3792,65.0,1.08
4664,61.8,1028.0042,32.0,0.98
4665,40.92,1048.4796,36.0,1.12
4666,37.84,1030.4309,32.0,0.96
4667,47.52,1022.9283,87.0,1.04
4668,35.64,1032.2915,51.0,0.97
4669,34.56,1066.7008,12.0,1.07
4670,46.24,1083.9663,9.0,1.03
4671,42.36,1039.1567,61.0,1.09
4672,47.24,1074.8781,51.0,1.04
4673,52.48,1128.132,46.0,1.0
4674,43.52,1027.9595,37.0,1.09
4675,54.08,1098.9951,50.0,1.1
4676,44.72,1048.1178,49.0,1.07
4677,45.56,1089.9029,55.0,1.1
4678,53.76,1007.6632,31.0,1.06
4679,46.8,1133.8315,56.0,1.2
4680,36.44,1001.9644,39.0,1.12
4681,43.84,1060.0606,35.0,1.13
4682,49.24,1021.6281,35.0,1.09
4683,43.08,998.2436,48.0,1.03
4684,39.24,982.4992,67.0,1.06
4685,45.16,1016.6145,65.0,1.0
4686,58.88,1030.3202,4.0,0.95
4687,46.8,1095.1761,28.0,1.07
4688,55.08,1189.0996,11.0,1.08
4689,40.64,991.7732,70.0,0.99
4690,37.84,1009.7809,59.0,1.07
4691,53.0,1131.861,52.0,1.1
4692,48.48,1029.7022,55.0,1.04
4693,47.52,994.7966,48.0,1.03
4694,50.6,1093.011,39.0,1.07
4695,46.56,1020.198,54.0,1.08
4696,57.28,1049.2173,43.0,1.07
4697,53.68,1012.5358,71.0,1.12
4698,36.88,1028.524,35.0,1.1
4699,50.36,1052.9026,63.0,1.09
4700,25.04,1013.5522,84.0,0.99
4701,62.32,1084.135,6.0,0.99
4702,43.68,1062.9136,29.0,1.02
4703,41.2,1025.0068,38.0,1.11
4704,44.12,1018.144,18.0,1.02
4705,34.08,1048.688,59.0,1.09
4706,46.72,1059.5338,57.0,1.04
4707,45.16,1078.5636,72.0,1.14
4708,39.8,1037.8087,75.0,1.13
4709,39.96,1065.8112,42.0,1.05
4710,44.2,1042.282,63.0,0.98
4711,62.64,996.8277,37.0,1.0
4712,56.52,1036.037,50.0,0.95
4713,29.84,1003.3392,69.0,1.02
4714,27.24,996.0086,71.0,1.06
4715,37.08,1006.6256,63.0,0.92
4716,50.48,1089.7444,62.0,1.0
4717,41.76,1026.9592,21.0,1.0
4718,31.68,1027.3234,57.0,1.12
4719,46.96,1032.4806,56.0,1.04
4720,44.96,1064.2703,54.0,1.21
4721,50.72,1076.4203,62.0,1.22
4722,40.68,1056.7955,15.0,1.12
4723,53.64,1073.3919,36.0,1.08
4724,31.72,1025.9046,57.0,1.07
4725,33.12,1033.1085,39.0,1.05
4726,46.24,1023.005,61.0,1.11
4727,54.96,999.6026,48.0,1.12
4728,50.04,1100.7143,53.0,1.1
4729,22.88,1032.1471,46.0,1.09
4730,54.76,1049.196,28.0,0.97
4731,31.08,1051.3549,101.0,1.1
4732,26.76,989.1315,52.0,1.0
4733,53.6,1032.3102,55.0,1.0
4734,47.0,1028.0927,83.0,1.05
4735,23.76,999.9488,70.0,1.01
4736,47.4,1035.1271,31.0,1.16
4737,51.92,1032.6987,50.0,1.02
4738,54.36,1175.6024,31.0,1.04
4739,55.8,1033.9158,10.0,1.08
4740,53.72,1009.3763,62.0,1.11
4741,42.12,1059.8456,47.0,1.04
4742,39.92,1073.1135,67.0,0.96
4743,23.24,972.9972,88.0,1.0
4744,46.64,1025.1753,5.0,1.02
4745,43.24,1083.5581,24.0,1.09
4746,59.68,1083.3516,4.0,1.04
4747,41.84,995.86,41.0,1.03
4748,25.6,1004.8075,34.0,1.01
4749,37.92,1094.0742,47.0,1.07
4750,46.92,1098.1241,49.0,0.98
4751,29.52,1012.0942,25.0,1.06
4752,31.96,993.8871,79.0,0.98
4753,35.48,1029.176,65.0,1.0
4754,48.44,1009.3704,18.0,1.06
4755,33.6,1002.7066,70.0,1.02
4756,47.6,1023.925,19.0,1.03
4757,43.72,1075.1297,59.0,1.02
4758,35.48,998.051,67.0,0.98
4759,47.28,1118.1213,67.0,1.0
4760,44.76,990.4875,40.0,1.08
4761,51.64,1036.2937,59.0,0.96
4762,50.12,1025.8524,17.0,0.95
4763,29.08,1017.9414,57.0,1.06
4764,52.32,1018.6388,52.0,1.3
4765,45.48,1035.155,47.0,1.05
4766,41.88,1044.9744,36.0,1.14
4767,53.16,1010.2392,42.0,1.04
4768,51.16,1011.9607,40.0,1.06
4769,51.8,1044.9338,12.0,1.03
4770,44.64,989.8461,30.0,0.98
4771,50.72,1097.8703,46.0,1.09
4772,47.84,1028.1902,61.0,1.12
4773,42.04,1295.766,56.0,0.93
4774,48.24,1089.719,67.0,1.04
4775,55.88,1080.0348,35.0,1.08
4776,44.56,1031.759,30.0,1.1
4777,43.6,1048.8465,31.0,1.0
4778,53.32,1049.3047,45.0,1.04
4779,54.68,1042.2071,23.0,1.01
4780,52.0,1065.6528,63.0,1.08
4781,60.92,1073.7274,2.0,1.01
4782,47.0,1053.6896,28.0,1.1
4783,25.36,1018.1545,48.0,1.08
4784,33.08,1005.0908,90.0,1.01
4785,56.12,1021.917,47.0,1.0
4786,47.72,1123.9387,30.0,1.04
4787,51.04,1046.3813,27.0,1.02
4788,38.08,980.4134,56.0,1.19
4789,46.84,1049.1962,34.0,1.03
4790,54.8,1009.822,52.0,0.98
4791,43.56,1040.1308,91.0,1.03
4792,37.96,1065.2629,37.0,1.21
4793,46.92,1042.5002,21.0,1.01
4794,45.2,998.6142,74.0,1.0
4795,42.2,1046.8462,77.0,1.11
4796,40.72,999.9591,52.0,1.08
4797,34.52,1035.5859,117.0,1.04
4798,43.76,1034.3802,29.0,1.04
4799,37.24,1049.89,18.0,1.07
4800,40.08,1017.6721,59.0,1.02
4801,45.6,1035.0079,41.0,1.09
4802,41.96,1047.0068,57.0,1.02
4803,44.48,1058.1705,67.0,1.14
4804,51.04,1058.4048,52.0,1.11
4805,47.68,1027.4372,39.0,1.12
4806,38.52,1038.3836,78.0,1.24
4807,36.04,1062.8433,29.0,0.97
4808,18.76,1021.4048,79.0,1.05
4809,56.04,1026.1612,39.0,1.0
4810,42.76,1064.0997,17.0,1.07
4811,48.68,1001.4725,58.0,0.96
4812,60.88,989.282,51.0,0.96
4813,53.88,1035.7151,59.0,1.02
4814,41.88,980.8005,83.0,1.06
4815,41.88,1060.818,85.0,1.08
4816,46.52,1012.6288,50.0,1.08
4817,50.88,1099.6636,55.0,1.05
4818,45.56,1032.4114,68.0,1.06
4819,32.88,1004.351,48.0,1.07
4820,52.16,1009.4024,41.0,1.17
4821,48.72,1013.674,41.0,1.0
4822,49.08,1065.9234,39.0,1.05
4823,61.92,1020.5697,21.0,1.03
4824,39.0,1012.372,56.0,1.03
4825,55.2,1015.3059,14.0,0.96
4826,44.28,1032.6526,45.0,1.02
4827,70.44,1036.376,16.0,1.1
4828,45.96,1075.0682,50.0,1.01
4829,43.76,1031.5691,38.0,1.05
4830,27.96,1031.0884,100.0,0.91
4831,21.04,1039.4892,76.0,1.03
4832,44.0,1004.0559,50.0,1.05
4833,57.92,996.4367,62.0,0.92
4834,36.76,1006.9992,60.0,1.13
4835,49.96,1032.1132,41.0,1.09
4836,44.64,1082.3953,61.0,1.09
4837,45.96,1144.5226,17.0,0.99
4838,57.12,1166.612,19.0,1.06
4839,57.88,1042.5365,44.0,1.07
4840,39.92,1079.2514,48.0,1.05
4841,44.32,988.269,59.0,0.82
4842,48.32,988.224,57.0,1.1
4843,51.96,1048.3306,40.0,1.06
4844,34.4,1064.1654,41.0,1.03
4845,62.56,1048.4674,47.0,1.06
4846,32.08,1087.7443,38.0,1.05
4847,40.4,1105.4512,58.0,0.97
4848,60.8,992.3468,9.0,1.37
4849,64.36,1093.4933,40.0,1.0
4850,24.96,992.7436,82.0,0.92
4851,35.64,1064.7189,41.0,0.99
4852,32.52,1005.0701,95.0,1.01
4853,54.16,987.3422,31.0,1.03
4854,37.92,1100.364,76.0,1.01
4855,41.52,1144.2712,66.0,1.06
4856,52.76,1078.0746,25.0,1.03
4857,47.92,1028.7134,88.0,1.1
4858,44.76,1034.1353,14.0,1.1
4859,52.8,1286.142,33.0,0.94
4860,63.24,1066.8099,43.0,1.1
4861,56.96,1061.6004,48.0,1.01
4862,44.76,989.2585,56.0,0.99
4863,46.36,1057.6651,58.0,1.03
4864,23.88,979.5115,85.0,1.06
4865,46.08,1047.6126,79.0,1.08
4866,48.92,1101.5404,44.0,1.02
4867,40.92,1006.7841,61.0,1.1
4868,40.6,1042.9942,112.0,1.04
4869,41.24,1016.7566,53.0,1.1
4870,51.28,1041.4836,29.0,1.12
4871,46.72,1021.1668,31.0,1.07
4872,52.64,1023.0988,34.0,1.01
4873,35.64,1009.828,51.0,0.99
4874,27.96,1046.0385,80.0,1.06
4875,51.84,1006.5546,49.0,1.07
4876,45.32,1038.3001,41.0,1.2
4877,63.2,1005.7236,8.0,1.02
4878,51.44,994.0682,64.0,0.94
4879,32.24,1024.2545,65.0,1.02
4880,39.8,1071.171,42.0,1.08
4881,38.8,1035.1898,21.0,1.04
4882,22.0,997.0128,61.0,1.2
4883,39.56,1036.0679,52.0,1.1
4884,38.36,1052.6214,49.0,0.99
4885,33.2,1019.8242,51.0,1.0
4886,43.52,1016.2671,86.0,1.06
4887,40.08,1043.8553,51.0,1.02
4888,31.76,1002.4677,7.0,1.05
4889,60.36,1059.2466,11.0,1.01
4890,53.44,1034.7566,14.0,1.08
4891,47.04,1058.0436,59.0,1.21
4892,54.68,1015.3766,20.0,1.08
4893,46.48,997.842,25.0,1.08
4894,50.96,1037.7996,28.0,0.99
4895,46.72,1008.2409,16.0,1.05
4896,44.72,1083.9189,13.0,1.12
4897,47.56,1048.8206,38.0,1.13
4898,49.6,1015.3169,34.0,1.04
4899,45.16,1004.2276,21.0,1.06
4900,46.56,987.4604,65.0,0.97
4901,50.24,1021.3031,60.0,1.05
4902,56.6,1024.9774,45.0,0.99
4903,56.52,1065.9355,69.0,1.2
4904,37.52,1027.9795,26.0,0.94
4905,43.92,986.0844,23.0,1.09
4906,59.04,1010.6585,49.0,1.06
4907,47.36,978.6616,14.0,1.06
4908,52.8,1106.8157,32.0,0.94
4909,58.08,1030.069,58.0,1.05
4910,42.88,1045.4132,47.0,1.05
4911,51.0,1073.968,44.0,1.05
4912,44.04,1055.5999,48.0,1.05
4913,40.08,1050.3657,39.0,1.02
4914,39.76,1060.9571,87.0,1.01
4915,43.96,1058.8307,81.0,1.17
4916,45.68,1039.3268,36.0,1.03
4917,38.8,1016.7462,36.0,1.1
4918,58.44,1142.253,41.0,1.1
4919,30.64,1024.8084,42.0,1.05
4920,38.52,1069.5028,18.0,1.04
4921,54.76,1157.0913,60.0,1.11
4922,57.52,1052.6829,64.0,1.06
4923,56.36,1043.1151,65.0,0.99
4924,51.92,992.5359,25.0,0.98
4925,49.16,1007.8243,33.0,1.04
4926,48.2,1080.0921,26.0,1.06
4927,50.12,1045.2227,22.0,1.03
4928,66.24,1029.014,12.0,1.07
4929,50.24,998.2025,15.0,1.01
4930,45.24,1053.0359,27.0,1.0
4931,37.92,1014.6771,110.0,1.08
4932,34.52,1002.0812,21.0,1.07
4933,43.64,982.8799,45.0,1.21
4934,42.04,1044.3945,22.0,1.03
4935,52.76,1080.1409,5.0,0.95
4936,49.6,1058.7517,64.0,1.07
4937,43.56,1004.9142,52.0,1.04
4938,41.24,1007.8969,55.0,1.06
4939,46.72,991.9801,11.0,1.07
4940,36.12,1038.3851,141.0,1.02
4941,36.4,1013.4776,54.0,1.0
4942,55.76,1192.5839,25.0,1.02
4943,21.08,996.3095,60.0,1.07
4944,51.12,1000.247,48.0,1.05
4945,45.24,1033.818,8.0,0.98
4946,55.36,1062.701,37.0,1.08
4947,21.16,1005.7178,62.0,1.05
4948,38.52,1001.3301,97.0,1.04
4949,58.0,1049.8434,34.0,1.22
4950,42.08,1051.7455,44.0,1.02
4951,55.36,1067.9734,55.0,1.2
4952,39.12,1040.4759,58.0,1.13
4953,44.36,1088.967,95.0,1.05
4954,48.8,1089.5588,20.0,1.07
4955,55.04,1068.801,60.0,1.13
4956,47.4,995.3201,52.0,1.09
4957,31.6,1016.1556,41.0,1.14
4958,46.48,1008.2016,44.0,1.14
4959,47.32,1056.2754,33.0,1.15
4960,51.6,984.6819,22.0,1.04
4961,50.64,1094.9394,51.0,1.04
4962,54.12,1045.6156,36.0,1.12
4963,58.64,1031.7769,25.0,1.12
4964,39.8,1048.5671,2.0,1.01
4965,44.4,1050.1693,35.0,1.02
4966,47.0,1208.2445,32.0,1.03
4967,45.64,1056.2676,31.0,1.09
4968,38.48,1032.1164,54.0,1.08
4969,55.92,1098.7266,36.0,1.09
4970,33.44,1029.1495,28.0,1.04
4971,43.16,996.4466,24.0,0.97
4972,50.84,1088.6136,39.0,1.03
4973,35.56,1071.8492,97.0,1.03
4974,39.68,1014.2908,36.0,1.11
4975,28.4,1024.9307,54.0,1.07
4976,48.64,1048.9175,32.0,1.08
4977,51.36,1029.3784,42.0,1.08
4978,38.04,1041.3036,37.0,1.08
4979,45.44,998.2999,58.0,1.08
4980,30.04,971.5782,95.0,0.88
4981,36.68,998.2143,34.0,1.04
4982,42.32,1010.7386,49.0,1.21
4983,44.12,1022.1278,27.0,1.13
4984,57.44,1065.8167,40.0,1.01
4985,49.88,1037.7258,27.0,1.02
4986,32.72,1041.1273,20.0,1.22
4987,55.92,997.5633,46.0,1.03
4988,52.48,1095.9772,76.0,1.08
4989,22.6,990.2884,35.0,1.08
4990,45.68,1034.9003,68.0,1.09
4991,53.4,1061.8986,25.0,1.1
4992,39.16,992.8722,60.0,1.08
4993,41.92,1010.8523,36.0,0.95
4994,43.44,1036.8896,36.0,1.09
4995,20.28,1007.4822,66.0,1.02
4996,48.24,1089.9095,42.0,1.0
4997,49.36,1080.6984,72.0,1.09
4998,52.72,1007.6015,44.0,1.08
4999,51.36,1051.3735,14.0,1.06
5000,31.36,995.2135,36.0,1.04
5001,46.0,1042.5372,54.0,1.0
5002,54.28,1043.4892,72.0,1.08
5003,43.64,996.4889,119.0,1.13
5004,59.04,1095.0206,11.0,1.14
5005,55.68,1169.0732,22.0,0.98
5006,49.12,1056.769,27.0,1.08
5007,27.8,980.836,91.0,0.99
5008,57.72,1058.7266,40.0,1.07
5009,36.76,994.5773,42.0,1.01
5010,45.72,1041.9316,40.0,1.01
5011,51.48,1054.1366,5.0,0.99
5012,45.12,1012.7008,47.0,1.05
5013,48.52,1076.8427,24.0,1.1
5014,49.4,1007.4527,39.0,1.14
5015,39.6,1031.496,45.0,0.96
5016,35.32,1024.1867,50.0,1.08
5017,46.32,1039.3346,61.0,1.03
5018,55.52,1074.3846,32.0,1.1
5019,28.96,1001.4774,84.0,1.07
5020,44.16,1063.9083,15.0,1.05
5021,21.68,979.5401,24.0,1.07
5022,42.56,1087.6462,61.0,1.09
5023,52.96,988.3238,25.0,1.03
5024,35.4,993.5554,9.0,1.01
5025,53.08,1038.0794,72.0,1.04
5026,39.84,1020.8617,51.0,1.0
5027,48.88,1063.5481,22.0,1.2
5028,37.36,1031.7852,63.0,1.01
5029,24.12,1009.4987,12.0,1.07
5030,40.08,1082.5116,18.0,1.1
5031,48.68,1094.2756,17.0,1.09
5032,40.36,1029.612,126.0,1.05
5033,47.72,1163.2969,63.0,1.01
5034,50.36,1046.6028,60.0,1.1
5035,31.92,1001.9582,48.0,1.03
5036,40.64,1063.3926,36.0,1.07
5037,40.36,996.3212,23.0,0.98
5038,49.72,1049.8801,62.0,1.11
5039,41.36,990.6931,24.0,0.99
5040,35.84,987.7928,84.0,0.98
5041,46.68,1005.0442,53.0,1.17
5042,49.0,1057.1535,29.0,1.18
5043,33.84,1038.1869,111.0,1.12
5044,53.64,1063.4133,32.0,1.05
5045,53.92,1050.8874,43.0,1.0
5046,52.84,1004.0017,14.0,1.04
5047,41.0,1016.1432,56.0,1.08
5048,55.76,1060.5432,55.0,1.05
5049,48.96,1093.2402,37.0,1.0
5050,53.0,1058.1646,57.0,1.1
5051,42.84,1060.5548,44.0,1.03
5052,44.08,1021.5122,76.0,1.05
5053,57.36,1031.9394,43.0,1.1
5054,40.52,1075.621,66.0,1.07
5055,45.44,1016.6501,13.0,1.03
5056,49.0,1055.1463,47.0,1.0
5057,47.84,1028.26,58.0,1.11
5058,42.52,1029.201,30.0,1.08
5059,39.52,1034.1258,62.0,1.1
5060,50.48,1047.2054,46.0,1.09
5061,45.92,1037.2294,66.0,1.11
5062,54.32,1021.7461,59.0,1.05
5063,37.92,1047.4663,16.0,1.03
5064,50.6,1049.0328,35.0,1.06
5065,30.08,998.4112,67.0,1.06
5066,56.24,1061.4681,52.0,1.04
5067,42.28,1011.2099,13.0,1.04
5068,47.96,1062.0669,24.0,1.08
5069,54.2,1063.9567,27.0,1.16
5070,57.2,1041.9151,59.0,1.06
5071,45.68,1036.6628,41.0,1.03
5072,62.16,1049.6281,24.0,1.11
5073,64.12,1019.2967,5.0,1.05
5074,52.08,1013.7694,33.0,1.01
5075,49.96,984.9869,23.0,1.08
5076,52.72,1099.7269,30.0,1.07
5077,48.44,1034.2256,20.0,1.07
5078,49.24,1048.2097,37.0,1.68
5079,41.24,1030.7608,13.0,1.06
5080,45.72,994.1223,31.0,1.0
5081,43.16,1014.5432,73.0,1.02
5082,40.16,1022.3325,57.0,1.07
5083,39.12,1007.7626,44.0,1.06
5084,47.12,1120.0713,14.0,1.08
5085,43.28,1043.8413,32.0,1.04
5086,48.88,1040.0048,42.0,1.07
5087,37.92,1021.9824,49.0,1.06
5088,37.52,1057.8568,85.0,1.0
5089,31.64,985.7495,24.0,1.01
5090,41.16,1057.5516,61.0,1.04
5091,51.32,1027.0411,11.0,1.01
5092,40.2,1118.883,42.0,1.08
5093,63.08,1069.4812,16.0,0.98
5094,38.84,1033.5485,35.0,1.03
5095,37.32,1014.3824,51.0,1.13
5096,56.56,1026.8766,13.0,1.15
5097,50.4,1022.264,49.0,1.03
5098,50.96,1031.6955,59.0,1.05
5099,42.32,1000.566,52.0,1.05
5100,42.16,1032.9466,28.0,1.1
5101,52.56,1020.9636,47.0,1.08
5102,53.52,1026.5763,44.0,1.03
5103,53.24,1285.1982,44.0,0.97
5104,33.68,1048.7769,36.0,1.04
5105,39.44,1003.5868,70.0,1.05
5106,51.36,1008.0538,8.0,0.99
5107,40.44,1051.6843,34.0,1.0
5108,48.96,1053.0956,53.0,1.14
5109,61.64,1001.6554,50.0,1.03
5110,44.44,1008.6847,27.0,1.05
5111,48.96,1031.4752,53.0,1.12
5112,28.84,998.6898,64.0,0.98
5113,36.68,1026.5386,37.0,1.2
5114,46.92,1017.1692,46.0,1.01
5115,54.72,1073.1402,18.0,1.02
5116,24.16,996.1434,82.0,1.02
5117,34.4,1045.5358,86.0,1.11
5118,35.32,1004.2669,132.0,0.99
5119,53.0,1027.5524,29.0,1.07
5120,51.56,1012.6544,12.0,0.96
5121,39.12,1044.7067,13.0,1.2
5122,57.8,1028.658,49.0,1.1
5123,45.2,1059.7707,41.0,1.05
5124,49.84,1044.605,43.0,1.21
5125,52.6,1014.6566,33.0,1.08
5126,65.6,1149.3844,18.0,1.04
5127,49.16,1049.6183,26.0,1.08
5128,40.32,1038.1281,24.0,1.08
5129,26.6,1003.8633,69.0,1.04
5130,54.72,1030.5935,18.0,0.98
5131,51.64,1038.8852,31.0,1.03
5132,52.32,1036.2003,66.0,1.04
5133,44.8,1025.8238,38.0,1.06
5134,40.72,1008.8531,7.0,1.02
5135,31.28,1033.1122,58.0,1.08
5136,45.08,1003.0512,84.0,1.02
5137,55.24,1022.1818,28.0,1.01
5138,34.36,1073.3978,67.0,1.1
5139,51.72,1050.8284,51.0,1.06
5140,33.0,1028.4302,22.0,1.05
5141,38.72,1029.9555,22.0,1.07
5142,51.88,1052.0422,55.0,1.09
5143,51.36,1034.4022,48.0,1.12
5144,31.4,983.1114,34.0,0.99
5145,46.48,1084.0989,20.0,1.07
5146,41.92,1013.2264,68.0,1.07
5147,42.84,978.4814,63.0,0.83
5148,47.12,996.3965,31.0,1.05
5149,30.68,988.6758,67.0,1.06
5150,54.92,1035.7005,20.0,1.1
5151,52.48,1035.9655,47.0,1.0
5152,48.48,1081.1801,43.0,1.06
5153,51.84,1044.1951,44.0,1.03
5154,43.64,1044.5697,48.0,1.08
5155,42.76,1099.2909,30.0,1.07
5156,44.2,1254.4256,93.0,1.05
5157,42.04,1050.7598,64.0,1.09
5158,30.6,1039.1497,38.0,1.05
5159,42.52,1047.6892,52.0,1.05
5160,40.04,1046.0304,5.0,1.07
5161,44.8,1023.4287,44.0,1.12
5162,42.92,988.3783,57.0,1.02
5163,48.88,1108.2071,64.0,1.05
5164,43.68,1047.175,75.0,1.04
5165,63.24,990.8829,21.0,1.07
5166,44.72,988.8596,81.0,0.95
5167,52.88,1016.8407,41.0,1.04
5168,44.6,1028.4869,29.0,1.02
5169,46.32,1077.903,24.0,1.23
5170,40.36,1037.7047,27.0,1.08
5171,44.48,1016.459,29.0,1.02
5172,33.84,985.3989,35.0,0.99
5173,51.2,1040.1482,22.0,1.07
5174,46.36,1055.2498,26.0,1.02
5175,41.92,1013.378,77.0,1.02
5176,49.92,1146.2999,44.0,1.01
5177,49.68,1083.5508,28.0,1.04
5178,40.4,1142.5177,40.0,1.01
5179,49.8,1038.0781,27.0,1.03
5180,44.88,1031.7497,65.0,1.3
5181,61.2,1018.2774,45.0,1.02
5182,57.36,1015.8924,32.0,1.09
5183,49.56,1353.4764,48.0,1.0
5184,51.4,1019.4783,16.0,1.02
5185,46.08,1065.9144,40.0,1.04
5186,34.36,1097.3092,36.0,1.09
5187,55.16,1154.3297,40.0,1.04
5188,44.36,1018.8988,26.0,1.09
5189,27.2,981.6238,58.0,1.03
5190,59.96,1086.2249,44.0,1.12
5191,42.52,1010.3238,56.0,0.98
5192,52.48,1021.8684,54.0,0.99
5193,52.16,1116.3386,5.0,0.94
5194,57.68,1016.279,33.0,1.17
5195,53.36,1080.0954,6.0,1.01
5196,52.84,1026.7209,20.0,1.01
5197,47.28,1046.7752,63.0,0.96
5198,44.0,1069.4912,8.0,0.99
5199,36.68,1026.0591,57.0,1.05
5200,43.96,1040.8591,8.0,1.11
5201,43.12,1035.4227,56.0,1.14
5202,50.36,1047.0987,48.0,1.1
5203,56.92,1017.7677,29.0,1.06
5204,55.96,1029.3218,42.0,1.0
5205,57.6,1019.0814,28.0,1.07
5206,46.88,1094.3961,6.0,1.06
5207,47.08,1071.1503,26.0,1.04
5208,24.08,994.0672,27.0,1.1
5209,49.04,1148.6074,13.0,1.04
5210,53.08,1130.2147,9.0,0.99
5211,52.92,1024.4824,16.0,1.11
5212,53.96,1016.2074,8.0,1.22
5213,55.2,1006.5354,25.0,1.06
5214,34.96,1004.7153,34.0,1.08
5215,46.16,1013.5036,32.0,1.02
5216,44.84,1049.409,42.0,1.18
5217,49.32,1025.9684,50.0,1.13
5218,45.28,1097.264,40.0,1.06
5219,38.64,1024.722,66.0,1.11
5220,53.92,1120.9931,14.0,0.9
5221,45.96,1033.3116,18.0,1.06
5222,58.52,1024.7891,20.0,1.07
5223,40.52,1133.2608,49.0,0.94
5224,46.88,1119.9404,56.0,1.08
5225,41.28,1047.797,46.0,1.03
5226,47.04,1039.0084,20.0,1.22
5227,45.6,1082.7727,38.0,1.03
5228,42.92,1102.855,31.0,1.0
5229,50.04,1055.3676,43.0,1.03
5230,40.92,1027.8101,67.0,1.05
5231,66.32,1042.0467,30.0,1.01
5232,31.76,1081.2482,51.0,1.02
5233,50.56,1110.7068,21.0,1.1
5234,45.28,1031.558,24.0,1.01
5235,43.16,1009.1155,83.0,1.15
5236,37.44,994.2716,28.0,1.06
5237,48.36,1017.7501,39.0,1.09
5238,39.88,1057.2871,59.0,1.1
5239,46.36,1043.4849,30.0,1.04
5240,51.2,1021.5382,47.0,0.99
5241,42.44,1042.133,8.0,1.08
5242,46.16,1018.8579,49.0,1.05
5243,41.48,1146.2748,17.0,1.05
5244,43.96,1061.1298,26.0,1.12
5245,58.2,1064.5564,31.0,1.0
5246,43.48,992.3862,62.0,1.08
5247,64.92,1023.51,26.0,1.1
5248,39.56,1044.8367,52.0,1.02
5249,47.56,1068.0996,46.0,1.05
5250,30.76,998.7828,41.0,1.05
5251,45.64,1026.8803,46.0,1.09
5252,47.08,1176.9464,54.0,1.04
5253,42.32,1028.099,98.0,1.1
5254,46.76,1047.6516,73.0,1.02
5255,30.16,1030.8386,59.0,1.02
5256,37.4,994.1007,11.0,1.06
5257,41.72,997.6508,88.0,0.99
5258,43.64,1040.7864,51.0,1.08
5259,41.8,1060.852,36.0,1.05
5260,51.84,1057.373,40.0,1.19
5261,57.36,1057.0864,46.0,1.06
5262,28.4,1038.6918,92.0,1.06
5263,38.12,1073.162,61.0,1.2
5264,37.32,984.1802,55.0,1.05
5265,35.28,1069.982,90.0,1.08
5266,47.24,1077.0675,56.0,1.08
5267,46.4,1017.6206,74.0,1.02
5268,32.48,1024.1898,51.0,1.06
5269,27.96,1097.0014,63.0,1.08
5270,48.04,997.097,52.0,1.05
5271,52.8,1033.7971,30.0,1.04
5272,44.12,1008.938,8.0,0.98
5273,36.72,983.6049,40.0,1.1
5274,36.24,976.3288,32.0,0.97
5275,40.48,1026.0108,48.0,1.19
5276,39.68,1016.5753,78.0,1.04
5277,43.48,1021.3404,30.0,0.95
5278,39.76,992.7454,12.0,0.99
5279,46.16,1000.5303,29.0,1.05
5280,33.56,1010.5923,80.0,1.04
5281,57.28,1040.574,67.0,1.08
5282,42.4,1075.9118,32.0,1.09
5283,42.16,1018.5488,44.0,1.07
5284,55.0,1028.6258,13.0,1.06
5285,48.68,1045.8412,13.0,1.01
5286,52.4,1041.6374,27.0,1.16
5287,34.52,1321.1799,74.0,1.04
5288,40.56,1020.8031,45.0,1.08
5289,49.76,1029.5675,27.0,1.06
5290,47.0,1009.5422,52.0,1.06
5291,41.88,1032.1137,18.0,1.14
5292,51.12,1035.8888,81.0,1.08
5293,38.76,1040.4304,100.0,1.08
5294,63.48,1076.3648,49.0,1.09
5295,35.12,1047.4302,85.0,1.06
5296,35.8,1008.9173,53.0,1.07
5297,43.28,1012.5179,33.0,1.07
5298,41.04,986.2511,37.0,1.04
5299,39.64,1068.7226,62.0,1.06
5300,51.64,1081.5035,27.0,1.01
5301,51.6,1046.4255,33.0,1.09
5302,39.64,1018.8832,41.0,1.06
5303,43.2,1005.6487,71.0,1.05
5304,29.88,1009.8147,39.0,1.15
5305,45.48,1194.9592,25.0,1.06
5306,51.72,989.5536,4.0,1.18
5307,48.56,1043.264,11.0,1.1
5308,47.0,1034.9549,46.0,1.03
5309,48.2,1031.5772,32.0,1.05
5310,41.44,1041.8294,61.0,0.99
5311,44.96,1022.6733,38.0,1.07
5312,40.28,1036.6206,30.0,1.02
5313,46.68,1028.9182,55.0,1.09
5314,54.8,992.688,70.0,1.1
5315,43.28,1018.091,44.0,1.05
5316,47.68,1065.905,53.0,1.05
5317,35.56,1028.5429,68.0,1.03
5318,29.2,1025.8683,70.0,1.18
5319,36.72,1077.9946,26.0,1.08
5320,49.76,1035.1433,70.0,0.96
5321,47.8,1045.1361,59.0,1.07
5322,46.16,1027.2399,89.0,1.07
5323,31.08,1020.4448,63.0,1.07
5324,47.64,1057.8382,41.0,1.09
5325,48.56,1018.6054,38.0,1.0
5326,48.44,1033.1783,40.0,1.09
5327,35.48,1041.7885,76.0,1.1
5328,30.8,1030.5262,31.0,1.03
5329,47.56,1051.8465,52.0,1.03
5330,54.2,1012.2152,14.0,1.03
5331,38.24,1074.873,92.0,0.94
5332,36.32,1030.7083,45.0,1.04
5333,51.6,1043.6369,42.0,1.01
5334,61.28,1054.6095,68.0,1.11
5335,51.84,993.428,10.0,1.06
5336,24.68,992.9474,85.0,0.94
5337,31.96,1011.2231,3.0,1.0
5338,56.44,1012.6218,48.0,1.08
5339,55.72,1025.6235,22.0,1.02
5340,60.2,1061.8862,24.0,1.06
5341,47.08,1035.2609,46.0,1.04
5342,58.68,1023.448,29.0,1.1
5343,38.44,1018.5624,47.0,1.04
5344,24.44,993.9162,82.0,1.11
5345,60.08,1023.6391,18.0,1.07
5346,48.92,1041.3129,34.0,1.2
5347,48.44,998.4735,41.0,1.01
5348,37.48,1005.2949,45.0,1.04
5349,58.88,1046.2645,44.0,1.1
5350,49.36,1014.5242,42.0,1.05
5351,39.96,1007.8278,78.0,1.12
5352,32.2,1011.2238,35.0,1.24
5353,61.72,1019.6148,10.0,1.07
5354,55.08,1017.4187,48.0,1.08
5355,28.44,1022.3254,42.0,1.09
5356,28.64,1003.7406,79.0,1.06
5357,17.84,1005.2112,68.0,1.09
5358,40.28,1154.8327,46.0,1.07
5359,36.36,1023.827,54.0,1.01
5360,46.2,1073.0097,20.0,1.06
5361,57.12,1016.295,30.0,1.13
5362,48.0,1157.8074,59.0,1.03
5363,43.76,1046.0251,60.0,1.07
5364,35.4,979.8,20.0,1.05
5365,40.48,1000.8633,-9.0,1.01
5366,50.4,1065.6289,24.0,1.02
5367,40.2,1023.512,77.0,1.09
5368,41.04,1077.5402,66.0,1.03
5369,40.16,1054.8492,30.0,1.0
5370,43.2,1082.5281,71.0,1.09
5371,47.56,1015.6502,48.0,0.99
5372,49.32,1098.062,68.0,1.05
5373,48.64,1099.6929,87.0,1.23
5374,24.6,1016.9743,53.0,1.1
5375,60.68,1024.7121,49.0,1.04
5376,53.16,1025.7842,63.0,1.0
5377,52.24,1056.9787,47.0,1.03
5378,36.8,1062.9487,64.0,1.12
5379,50.48,1045.826,4.0,0.99
5380,53.44,1075.2178,53.0,1.04
5381,39.68,1045.5964,39.0,1.1
5382,34.36,997.5307,46.0,1.11
5383,35.0,997.1946,44.0,1.03
5384,59.48,1074.4022,48.0,1.09
5385,41.6,1044.2182,75.0,0.97
5386,23.8,982.433,91.0,0.98
5387,33.32,969.3011,100.0,1.0
5388,55.16,1045.0707,59.0,1.12
5389,40.88,1055.0988,72.0,1.06
5390,38.36,1014.0269,6.0,1.04
5391,58.2,1060.0218,19.0,1.13
5392,34.96,1048.0981,46.0,1.08
5393,67.2,1066.4743,21.0,1.09
5394,51.4,1049.0426,80.0,1.1
5395,47.68,1042.2279,22.0,1.1
5396,50.04,1027.7396,29.0,0.95
5397,49.8,1011.8074,10.0,1.07
5398,40.92,1015.9054,28.0,1.05
5399,40.28,991.3322,4.0,1.15
5400,40.16,1150.0724,29.0,0.98
5401,55.0,999.3739,54.0,1.18
5402,31.64,1043.4439,67.0,1.06
5403,51.68,1007.1068,16.0,1.05
5404,57.52,1067.7812,10.0,1.05
5405,56.76,1123.3376,18.0,1.13
5406,40.44,1051.7457,61.0,1.11
5407,37.48,998.8539,29.0,1.05
5408,54.8,1060.2053,11.0,1.01
5409,37.8,1050.2268,49.0,1.08
5410,44.4,1048.7968,31.0,0.99
5411,58.48,1037.7292,4.0,1.06
5412,27.24,993.694,52.0,1.03
5413,47.64,1125.0113,3.0,1.11
5414,54.36,1034.7753,74.0,1.06
5415,43.12,1021.9718,34.0,1.07
5416,57.32,1027.7552,17.0,1.09
5417,53.08,1181.5993,26.0,1.01
5418,52.0,1021.992,9.0,1.0
5419,51.56,1043.671,23.0,1.06
5420,40.96,1042.3486,47.0,0.97
5421,62.36,1041.6674,24.0,1.1
5422,46.44,1020.2048,8.0,1.06
5423,36.76,989.3186,78.0,1.03
5424,58.16,1111.0356,29.0,1.09
5425,46.08,972.0774,26.0,0.99
5426,56.6,1034.6803,7.0,1.07
5427,52.36,1166.6049,28.0,0.99
5428,39.4,1011.5017,18.0,1.12
5429,31.64,1015.9416,67.0,1.1
5430,33.08,1015.565,109.0,1.05
5431,44.08,1072.9804,36.0,1.03
5432,43.52,1060.4107,53.0,0.92
5433,55.44,1009.1636,61.0,1.02
5434,42.16,1059.0283,34.0,1.08
5435,41.76,1008.0624,72.0,1.06
5436,64.32,1074.95,30.0,1.01
5437,48.68,1002.7367,38.0,1.04
5438,50.24,1029.5946,32.0,0.99
5439,41.96,1019.385,34.0,1.07
5440,38.2,1048.4244,63.0,1.04
5441,49.68,1056.0304,75.0,1.07
5442,46.6,994.093,48.0,1.08
5443,46.6,1059.5454,28.0,1.08
5444,39.48,1075.0564,40.0,1.11
5445,47.56,1017.7829,30.0,1.26
5446,51.12,1052.3316,68.0,1.02
5447,46.32,1037.6332,48.0,1.15
5448,49.92,1027.8581,32.0,1.0
5449,28.0,1014.5112,65.0,1.15
5450,49.84,1026.7536,68.0,1.08
5451,49.0,1146.7756,50.0,1.04
5452,46.56,1064.7581,40.0,1.08
5453,46.24,1003.8327,20.0,0.99
5454,47.44,1039.9579,78.0,1.06
5455,48.6,1029.2352,26.0,1.07
5456,43.76,1021.8032,26.0,1.18
5457,53.76,1133.0457,81.0,0.89
5458,55.8,1004.5273,10.0,1.09
5459,44.6,1071.9634,50.0,1.05
5460,41.96,1119.9594,16.0,0.98
5461,64.32,1051.5508,23.0,0.97
5462,48.12,1099.0116,49.0,0.96
5463,41.04,1109.7987,73.0,0.87
5464,41.04,1039.7254,23.0,1.12
5465,59.64,1105.3812,51.0,1.07
5466,38.6,1011.5796,59.0,0.93
5467,50.96,1039.7814,55.0,1.05
5468,50.68,1079.0737,60.0,1.01
5469,48.4,1002.894,35.0,1.03
5470,45.2,1084.889,39.0,1.05
5471,54.68,1040.5705,23.0,1.05
5472,47.12,1080.0609,24.0,1.08
5473,42.2,1089.4936,72.0,1.09
5474,46.44,1009.2409,61.0,1.1
5475,52.08,1003.9128,60.0,1.02
5476,36.6,1084.8312,48.0,1.56
5477,43.0,1070.9879,46.0,1.34
5478,54.6,1032.6464,18.0,1.35
5479,63.0,1010.7668,35.0,1.18
5480,46.48,1019.1538,13.0,1.27
5481,36.36,1193.664,27.0,1.16
5482,27.72,1264.019,47.0,1.25
5483,36.44,1040.4995,19.0,1.87
5484,54.72,1016.5441,11.0,1.34
5485,43.6,984.791,16.0,1.08
5486,34.2,1029.9637,48.0,1.49
5487,47.56,1057.9825,26.0,1.95
5488,49.84,1068.9267,54.0,1.84
5489,42.56,1066.094,28.0,1.21
5490,47.88,1016.4096,23.0,1.43
5491,51.48,1020.2725,19.0,1.3
5492,57.72,1023.2455,14.0,1.36
5493,56.24,1052.0148,10.0,0.84
5494,46.44,1020.6356,46.0,1.22
5495,38.28,1020.7373,59.0,1.11
5496,53.92,1068.3049,31.0,1.35
5497,53.08,1155.279,48.0,1.07
5498,56.92,1038.9548,30.0,1.12
5499,50.92,1137.8134,22.0,1.33
5500,41.04,1049.2878,50.0,1.35
5501,40.96,1040.3356,72.0,1.37
5502,47.0,1003.4217,54.0,1.38
5503,47.16,1116.7728,31.0,1.37
5504,41.16,1020.1595,33.0,1.18
5505,33.16,1029.159,15.0,1.35
5506,45.56,1034.9383,58.0,1.16
5507,48.88,1074.2233,61.0,1.37
5508,47.4,1059.5369,61.0,1.01
5509,46.48,1023.068,38.0,1.22
5510,24.64,1002.1882,17.0,1.73
5511,37.44,1129.7603,39.0,1.23
5512,25.84,1040.3256,60.0,1.37
5513,53.36,1025.7972,29.0,1.36
5514,38.64,1022.4504,53.0,1.33
5515,57.16,1128.5907,64.0,1.24
5516,60.64,1033.0282,22.0,1.41
5517,47.52,1084.7692,11.0,1.34
5518,52.12,1068.23,46.0,1.33
5519,52.4,1062.7179,37.0,1.39
5520,51.64,1040.6498,22.0,1.38
5521,41.16,1014.5973,72.0,1.32
5522,42.96,1057.0287,67.0,1.36
5523,31.32,1014.0799,36.0,1.23
5524,53.92,1028.4644,28.0,1.36
5525,37.16,1051.7778,66.0,1.06
5526,26.16,1023.3096,63.0,0.99
5527,46.56,1039.1849,38.0,1.17
5528,39.28,1077.7344,23.0,1.12
5529,50.16,1055.2927,38.0,1.18
5530,39.0,979.0635,19.0,0.84
5531,55.32,1035.6624,19.0,1.0
5532,41.16,1006.6099,30.0,1.3
5533,49.44,1013.2176,55.0,1.1
5534,47.16,1026.4388,49.0,1.12
5535,40.36,1054.1203,40.0,1.1
5536,26.24,1031.4221,72.0,1.17
5537,60.52,1041.7803,22.0,1.31
5538,28.96,1008.1552,26.0,1.66
5539,40.48,1053.3419,100.0,1.3
5540,42.16,1023.9686,15.0,1.42
5541,47.36,1039.652,18.0,1.52
5542,42.32,998.4649,18.0,1.4
5543,20.12,1011.2396,65.0,1.45
5544,31.36,997.3678,50.0,1.46
5545,50.6,1027.6954,49.0,1.49
5546,37.56,1027.2001,15.0,1.42
5547,60.88,1027.3464,13.0,1.44
5548,37.4,1085.9456,17.0,1.44
5549,47.44,1049.4265,17.0,1.37
5550,42.4,1038.2225,68.0,1.63
5551,53.04,1027.2311,36.0,1.42
5552,42.48,1093.6532,39.0,1.32
5553,35.76,1028.2252,29.0,1.27
5554,47.56,1096.3514,5.0,1.32
5555,44.4,1047.618,96.0,1.43
5556,47.56,1037.2892,22.0,1.15
5557,36.24,1045.4144,39.0,1.31
5558,32.56,1039.1248,23.0,1.3
5559,49.4,1020.6634,28.0,1.45
5560,53.28,1012.7353,12.0,1.43
5561,31.28,991.1394,34.0,1.33
5562,40.72,1030.8625,23.0,1.29
5563,36.48,1104.195,30.0,1.36
5564,44.88,1019.7013,79.0,1.08
5565,46.6,1011.6799,40.0,1.04
5566,49.8,1048.2836,50.0,1.18
5567,46.4,1062.3514,69.0,1.07
5568,42.72,1070.7853,32.0,1.06
5569,48.68,1070.6479,70.0,0.98
5570,50.08,1029.7945,19.0,1.06
5571,50.96,1029.0698,14.0,1.04
5572,50.88,1090.3782,16.0,1.57
5573,51.08,1017.4063,73.0,1.68
5574,36.0,1050.1846,71.0,1.42
5575,40.8,1004.7979,57.0,1.21
5576,27.88,1095.7324,46.0,1.16
5577,52.12,1091.24,44.0,1.39
5578,40.12,1025.2456,52.0,1.25
5579,37.64,1047.7627,88.0,1.14
5580,26.64,1045.4807,76.0,1.22
5581,38.32,1023.7425,67.0,1.18
5582,52.4,1002.7077,28.0,1.16
5583,45.28,1025.9711,56.0,1.24
5584,48.88,1009.9437,10.0,1.03
5585,49.24,987.9994,19.0,1.17
5586,49.08,1044.4061,8.0,1.17
5587,53.56,1029.6664,67.0,1.22
5588,50.76,1038.3749,71.0,1.12
5589,45.56,1030.3488,30.0,1.19
5590,34.8,1014.9277,36.0,1.16
5591,45.04,1083.7029,51.0,1.29
5592,34.8,985.3926,63.0,1.06
5593,32.28,1014.3408,105.0,1.16
5594,49.92,1051.1143,40.0,1.25
5595,50.36,1019.9976,48.0,1.26
5596,52.44,996.392,64.0,1.97
5597,26.64,1027.3432,61.0,1.18
5598,50.16,1096.8171,50.0,1.22
5599,45.84,1059.4766,43.0,1.13
5600,44.96,1009.9362,31.0,1.22
5601,45.4,1053.1341,30.0,1.5
5602,44.0,1034.9949,50.0,1.7
5603,36.04,1041.8221,13.0,2.91
5604,35.36,1001.0778,56.0,1.3
5605,45.4,1030.1561,52.0,1.32
5606,51.12,997.7444,8.0,1.28
5607,45.4,1123.2755,16.0,1.31
5608,21.72,996.7403,68.0,1.49
5609,28.04,998.5565,41.0,1.43
5610,42.76,988.9846,53.0,1.0
5611,48.16,1205.9751,36.0,0.99
5612,43.0,1099.4234,67.0,1.06
5613,45.12,1040.3096,30.0,1.11
5614,59.84,1040.9296,67.0,1.06
5615,33.56,1012.7982,49.0,1.05
5616,41.08,1033.6444,71.0,1.08
5617,49.04,1042.9574,8.0,1.0
5618,41.32,1031.4331,38.0,1.05
5619,22.96,1014.4924,49.0,1.22
5620,57.16,1019.7286,18.0,1.19
5621,42.4,1014.7428,69.0,1.08
5622,46.12,1011.4472,8.0,1.26
5623,56.24,1035.3958,64.0,1.46
5624,36.64,1005.9609,31.0,1.16
5625,54.28,1149.276,13.0,1.03
5626,31.88,989.1278,58.0,1.11
5627,38.76,1092.2417,70.0,1.09
5628,21.44,996.2002,91.0,1.09
5629,64.76,1062.6463,14.0,1.06
5630,36.0,1032.6546,61.0,1.02
5631,36.68,1014.6056,70.0,1.02
5632,56.04,1073.9936,73.0,1.04
5633,47.32,998.7142,21.0,1.03
5634,41.04,1045.5332,31.0,1.02
5635,39.64,1070.4591,12.0,1.12
5636,58.72,1010.9368,37.0,1.13
5637,40.04,1036.5024,72.0,1.14
5638,49.0,983.0933,86.0,1.03
5639,48.76,1084.6904,46.0,1.06
5640,59.08,1041.4694,28.0,1.13
5641,53.32,1042.5946,43.0,0.95
5642,47.0,1000.262,29.0,0.96
5643,44.6,1016.9549,58.0,1.15
5644,57.08,1031.0596,24.0,1.07
5645,42.88,999.9873,5.0,1.0
5646,51.2,1109.3147,69.0,1.29
5647,40.76,1030.9862,10.0,1.06
5648,49.96,1175.4546,13.0,1.01
5649,41.6,1069.4944,49.0,1.12
5650,41.24,1048.0587,52.0,1.21
5651,45.88,1041.9402,11.0,1.28
5652,51.8,1028.257,25.0,1.3
5653,28.36,1032.875,104.0,1.3
5654,54.68,1012.0285,36.0,1.21
5655,59.52,1035.6453,42.0,1.14
5656,49.32,1018.1283,16.0,1.12
5657,38.44,1006.2209,50.0,1.05
5658,69.52,1046.5001,7.0,1.08
5659,54.48,1111.9986,16.0,1.85
5660,40.8,1018.4717,34.0,1.38
5661,34.52,1025.6673,40.0,1.22
5662,41.32,1252.1588,47.0,1.12
5663,45.72,1008.0062,59.0,1.17
5664,50.12,1042.7124,24.0,1.1
5665,55.0,1062.7846,25.0,1.11
5666,38.76,1016.9516,10.0,0.99
5667,46.52,1074.9042,46.0,1.05
5668,40.08,1023.6017,57.0,1.18
5669,61.8,999.6668,0.0,1.02
5670,49.92,1000.6054,33.0,1.08
5671,33.32,985.2574,28.0,1.17
5672,39.72,1028.0396,28.0,1.15
5673,45.64,1012.6748,31.0,0.99
5674,58.68,1028.6352,28.0,1.05
5675,54.2,1015.2256,34.0,1.03
5676,25.92,995.7868,28.0,1.11
5677,55.12,1057.7177,3.0,1.03
5678,44.72,1025.8332,20.0,1.04
5679,35.12,1006.0236,34.0,1.03
5680,43.64,1034.4296,37.0,1.05
5681,30.64,1014.8244,48.0,1.0
5682,34.4,1011.4458,28.0,1.1
5683,56.08,1082.4197,69.0,1.01
5684,31.76,1015.9619,86.0,1.05
5685,43.2,1029.4512,9.0,0.99
5686,50.08,1074.4477,38.0,1.06
5687,43.16,1160.8061,37.0,0.97
5688,62.72,1065.6785,4.0,1.17
5689,24.28,996.0443,71.0,1.12
5690,39.12,1033.6052,79.0,1.02
5691,55.0,1035.3259,14.0,1.09
5692,53.4,1028.2306,41.0,1.0
5693,47.92,1032.2913,28.0,1.07
5694,45.72,1048.7513,9.0,1.03
5695,44.6,1047.3695,33.0,1.06
5696,39.76,1036.8863,20.0,1.04
5697,51.52,1055.3908,21.0,0.99
5698,31.92,1008.1824,28.0,1.15
5699,54.6,1038.269,40.0,1.06
5700,49.28,1157.049,42.0,0.97
5701,44.16,1038.5896,34.0,1.01
5702,50.12,1054.6767,29.0,1.07
5703,45.84,1092.3622,4.0,1.03
5704,38.28,1010.9832,35.0,1.05
5705,29.52,1003.181,26.0,0.99
5706,52.72,1015.2962,32.0,1.06
5707,28.08,998.4182,31.0,1.1
5708,42.4,1055.4357,38.0,1.04
5709,51.76,1113.1568,19.0,1.09
5710,31.48,982.1045,11.0,1.05
5711,29.96,1008.866,34.0,1.04
5712,60.24,1010.3438,25.0,1.01
5713,54.2,981.5603,42.0,1.01
5714,51.56,986.2136,77.0,1.05
5715,52.16,1125.2334,88.0,1.18
5716,39.4,1037.634,21.0,1.11
5717,43.48,1026.0526,41.0,1.09
5718,50.12,999.4263,55.0,1.05
5719,40.56,1024.0326,42.0,1.04
5720,47.6,1087.5204,56.0,1.11
5721,37.6,1023.5225,87.0,1.03
5722,40.84,1032.347,28.0,1.06
5723,50.88,1108.2748,26.0,1.04
5724,46.6,1102.407,25.0,1.04
5725,66.48,1046.3657,18.0,1.02
5726,39.52,1008.6552,15.0,1.21
5727,58.04,1073.0971,35.0,1.1
5728,46.36,987.2348,52.0,1.06
5729,34.96,1031.9551,58.0,1.1
5730,51.88,1056.6315,29.0,0.96
5731,56.24,1019.6958,23.0,1.03
5732,53.48,1016.3391,55.0,1.01
5733,65.28,1018.1545,39.0,1.05
5734,43.4,1013.3561,18.0,1.05
5735,38.96,1059.7732,31.0,1.07
5736,49.56,1011.8487,13.0,1.04
5737,41.96,1049.3061,30.0,1.07
5738,61.96,1076.7177,31.0,1.06
5739,32.8,1027.994,74.0,1.04
5740,54.24,1032.631,4.0,1.01
5741,42.28,996.1005,19.0,0.88
5742,61.24,1136.8583,34.0,1.08
5743,42.6,1015.8953,52.0,1.08
5744,42.16,1031.9074,5.0,1.05
5745,61.24,1006.2445,20.0,1.05
5746,49.36,1183.3705,26.0,0.91
5747,49.88,1050.0599,12.0,1.05
5748,59.2,993.6117,2.0,1.0
5749,51.68,1013.219,58.0,1.04
5750,48.76,1047.8563,46.0,1.05
5751,63.36,1169.0003,31.0,1.04
5752,44.88,1053.312,47.0,1.04
5753,41.92,996.1495,44.0,0.99
5754,32.72,986.998,33.0,1.11
5755,31.08,1005.9355,91.0,1.07
5756,45.04,1024.8119,16.0,1.06
5757,61.8,1099.2229,4.0,0.92
5758,43.88,1018.8194,59.0,1.05
5759,63.48,1044.6632,24.0,0.93
5760,59.2,1068.0227,22.0,1.01
5761,54.32,1121.9804,41.0,1.12
5762,39.04,1048.715,27.0,1.08
5763,40.92,1014.4802,27.0,0.96
5764,52.72,1033.8386,6.0,1.13
5765,58.2,1018.9456,13.0,1.04
5766,58.48,1044.3609,32.0,1.06
5767,53.04,1022.3904,20.0,1.07
5768,35.08,1009.5105,9.0,0.99
5769,49.0,1061.3798,29.0,0.96
5770,48.32,1002.1744,19.0,0.99
5771,51.16,1076.5985,-1.0,1.03
5772,43.0,1066.7931,3.0,0.93
5773,47.64,1036.5533,51.0,0.97
5774,51.68,1038.9123,45.0,0.96
5775,57.48,1055.6353,27.0,1.05
5776,61.56,1027.3943,38.0,1.06
5777,50.56,1019.864,54.0,1.04
5778,54.56,1037.5535,50.0,1.22
5779,48.52,1054.6269,36.0,1.15
5780,47.44,1043.5996,37.0,1.19
5781,48.44,1002.639,40.0,1.05
5782,39.56,992.7245,27.0,1.2
5783,56.2,1033.9723,31.0,1.01
5784,37.92,1170.0835,23.0,1.08
5785,46.84,1049.7013,6.0,1.05
5786,39.6,987.4666,66.0,0.92
5787,53.84,1055.7864,4.0,1.2
5788,47.84,978.7457,24.0,1.03
5789,52.12,983.2075,48.0,0.92
5790,51.56,1013.221,76.0,1.05
5791,52.0,1012.8506,63.0,0.96
5792,55.36,1001.3912,25.0,1.08
5793,60.84,1041.5619,33.0,1.07
5794,42.68,1183.0932,34.0,1.03
5795,30.32,996.8901,52.0,1.13
5796,42.32,1018.8092,26.0,1.04
5797,56.2,1015.9158,34.0,1.08
5798,33.72,1010.9608,64.0,1.08
5799,61.88,1038.7904,35.0,1.09
5800,52.04,1055.3565,51.0,1.17
5801,48.2,1029.4536,37.0,1.06
5802,28.08,1006.5851,13.0,1.21
5803,45.64,994.2351,48.0,1.69
5804,48.52,1025.6122,82.0,1.28
5805,69.12,1020.1911,-5.0,1.15
5806,55.0,1016.4457,43.0,1.1
5807,56.92,1077.1456,22.0,1.24
5808,58.08,1060.369,25.0,1.31
5809,45.72,1126.8542,35.0,1.76
5810,34.84,1012.7975,26.0,1.23
5811,53.64,1013.0336,42.0,1.03
5812,43.36,1109.0403,7.0,1.42
5813,57.44,1101.2528,10.0,1.16
5814,50.04,1065.7704,7.0,1.16
5815,45.16,1024.1332,63.0,1.14
5816,65.8,1003.6626,33.0,1.04
5817,56.24,1023.0042,24.0,1.17
5818,49.08,1041.3858,16.0,0.96
5819,45.0,1037.2738,14.0,1.05
5820,59.88,1032.7384,32.0,1.05
5821,44.96,1056.6322,18.0,1.01
5822,44.24,1047.9611,62.0,1.03
5823,40.28,1018.7498,60.0,1.08
5824,33.28,1031.38,90.0,1.1
5825,60.88,1028.3078,3.0,1.05
5826,58.08,1075.1696,44.0,1.08
5827,58.84,1018.1149,2.0,1.09
5828,55.72,1015.1208,55.0,1.02
5829,52.68,999.6223,61.0,1.34
5830,50.88,1024.6259,61.0,1.25
5831,51.96,1019.4302,5.0,1.22
5832,59.56,1024.5443,17.0,1.24
5833,35.12,1057.5784,3.0,1.17
5834,53.16,1036.4968,33.0,1.39
5835,46.12,1020.0299,35.0,1.1
5836,46.68,1079.0626,36.0,1.09
5837,49.0,1018.0132,8.0,1.07
5838,52.52,1017.8722,49.0,0.9
5839,50.4,1004.2052,25.0,0.96
5840,39.16,1034.0806,33.0,1.05
5841,47.44,1024.1658,24.0,1.1
5842,34.88,1036.851,6.0,1.06
5843,42.64,1046.7616,40.0,1.07
5844,46.92,1027.0531,31.0,1.11
5845,54.28,1028.8865,45.0,1.03
5846,45.32,1082.3873,30.0,1.04
5847,45.2,1012.8967,57.0,1.14
5848,47.48,1028.2408,30.0,1.31
5849,53.16,1216.6254,92.0,1.56
5850,34.96,1034.0597,51.0,1.2
5851,40.36,1001.9602,51.0,1.07
5852,38.8,1068.3922,45.0,1.21
5853,49.2,1131.6469,10.0,1.11
5854,43.72,1015.9855,29.0,1.03
5855,60.92,1086.9905,39.0,1.04
5856,46.04,997.2152,58.0,0.99
5857,42.64,1022.2544,52.0,1.06
5858,52.48,1011.3728,49.0,1.0
5859,49.52,1030.238,34.0,1.03
5860,47.72,1055.3643,29.0,1.11
5861,41.48,1102.8167,88.0,1.15
5862,52.28,1107.1092,37.0,1.1
5863,60.84,1017.3544,2.0,1.11
5864,40.92,1024.022,49.0,1.0
5865,63.0,1009.4843,8.0,0.98
5866,44.28,1007.2367,13.0,1.05
5867,42.64,1024.8536,41.0,1.08
5868,47.96,984.7735,17.0,0.92
5869,38.8,1038.014,23.0,1.16
5870,63.4,1048.9359,1.0,0.99
5871,50.56,985.2444,42.0,1.05
5872,63.52,1034.0058,30.0,0.92
5873,49.12,1055.0525,24.0,1.01
5874,41.2,1042.8541,67.0,1.04
5875,52.12,1053.3122,51.0,1.03
5876,40.2,1017.0213,25.0,1.04
5877,32.08,997.4082,66.0,1.08
5878,53.08,1055.0387,43.0,1.06
5879,44.96,1080.3338,65.0,1.15
5880,51.24,1063.4736,39.0,1.04
5881,47.76,1033.1972,2.0,0.98
5882,51.36,1075.9148,41.0,1.07
5883,32.76,992.7178,57.0,1.02
5884,53.64,1030.4224,18.0,1.02
5885,43.28,1052.8269,80.0,1.03
5886,69.36,1244.1179,14.0,1.01
5887,42.4,1069.1514,43.0,1.13
5888,56.08,1050.6437,29.0,1.11
5889,35.64,1007.4604,6.0,1.13
5890,38.52,1057.5254,89.0,1.04
5891,58.92,1027.5573,20.0,1.06
5892,34.28,1036.6163,46.0,1.06
5893,51.4,1014.2286,38.0,1.07
5894,40.0,1003.945,106.0,1.09
5895,60.56,1126.806,52.0,1.04
5896,32.68,983.1773,92.0,1.06
5897,50.84,1030.4059,51.0,1.04
5898,48.16,1035.4276,29.0,1.04
5899,45.08,1048.8524,53.0,1.19
5900,61.24,1014.9777,9.0,1.04
5901,42.64,994.9302,36.0,0.97
5902,61.08,1088.6874,48.0,1.04
5903,38.88,1042.5804,17.0,1.09
5904,52.0,976.07,45.0,0.98
5905,56.12,1019.7148,60.0,1.1
5906,39.32,998.9715,34.0,1.09
5907,66.16,1020.5926,6.0,1.0
5908,48.04,998.5968,10.0,1.06
5909,54.32,1022.2428,19.0,1.03
5910,48.16,1100.3944,29.0,1.0
5911,44.68,1021.8049,8.0,1.06
5912,40.2,1087.7188,126.0,1.08
5913,47.12,1058.1919,51.0,1.03
5914,46.04,1040.077,6.0,1.07
5915,48.76,1086.6098,36.0,1.02
5916,23.44,1039.2431,52.0,1.15
5917,47.96,979.6633,47.0,0.92
5918,32.96,980.1313,89.0,1.09
5919,41.24,1006.9461,34.0,1.01
5920,47.08,1065.5908,58.0,1.04
5921,45.0,1013.0046,21.0,1.02
5922,53.16,1243.0486,43.0,1.01
5923,43.28,1027.8065,38.0,1.08
5924,41.2,1033.8614,28.0,1.07
5925,60.04,1034.174,20.0,1.07
5926,47.6,1031.2508,59.0,1.07
5927,48.48,1012.1344,35.0,1.02
5928,41.8,1023.1838,20.0,0.96
5929,37.36,1021.7676,17.0,1.04
5930,45.48,1138.7564,37.0,1.05
5931,38.44,1029.6761,23.0,1.07
5932,46.04,1037.3316,52.0,0.96
5933,49.04,1023.3652,25.0,1.04
5934,45.48,1040.0195,81.0,1.2
5935,57.84,1058.1348,17.0,1.1
5936,57.64,1048.8767,25.0,1.16
5937,59.12,1045.8126,34.0,1.13
5938,56.6,1039.9984,10.0,1.07
5939,60.08,1000.2486,25.0,1.11
5940,51.96,1013.687,18.0,1.08
5941,41.4,1046.3528,64.0,1.03
5942,22.68,980.7942,59.0,1.07
5943,57.12,1021.4721,17.0,1.05
5944,49.2,1022.7124,22.0,1.42
5945,61.6,1150.8232,31.0,1.04
5946,48.2,1054.4759,38.0,1.02
5947,41.48,1049.1365,18.0,1.01
5948,59.96,1095.5508,35.0,1.09
5949,38.84,1042.9678,77.0,1.02
5950,62.84,1007.1125,45.0,1.03
5951,45.92,1071.9866,48.0,1.06
5952,42.52,1035.2463,72.0,1.07
5953,59.48,1013.3639,36.0,1.12
5954,50.44,1019.1174,16.0,1.03
5955,36.32,1055.2918,9.0,1.01
5956,66.04,994.6658,48.0,1.05
5957,50.6,1008.3054,38.0,1.13
5958,44.88,1069.244,30.0,1.08
5959,59.36,1102.87,32.0,1.05
5960,58.24,1106.2881,3.0,1.01
5961,55.6,1112.1012,67.0,1.2
5962,41.84,1082.7711,55.0,1.03
5963,62.84,1014.1664,1.0,1.01
5964,49.72,1050.6862,23.0,1.12
5965,41.96,1009.8681,16.0,1.03
5966,41.4,1047.9746,68.0,1.02
5967,32.08,1006.0328,50.0,1.01
5968,47.76,1074.7968,21.0,1.0
5969,33.32,1066.7626,8.0,1.07
5970,62.0,1009.613,4.0,1.11
5971,45.52,1037.1854,41.0,1.11
5972,52.6,1025.4218,14.0,1.08
5973,32.6,996.282,54.0,1.08
5974,43.96,1012.3197,56.0,1.07
5975,50.96,998.4952,26.0,1.06
5976,48.76,1051.2189,29.0,1.05
5977,37.32,1033.8262,64.0,1.06
5978,48.56,1022.8698,26.0,1.1
5979,60.56,1098.1864,30.0,1.05
5980,58.92,1023.2377,39.0,1.08
5981,46.88,1050.3521,87.0,1.06
5982,36.96,1041.8386,36.0,1.11
5983,37.76,1034.079,70.0,1.06
5984,47.64,1156.628,43.0,0.96
5985,62.76,1001.1747,28.0,1.07
5986,58.4,1036.641,8.0,1.02
5987,58.56,1129.3534,20.0,1.03
5988,58.68,1043.86,10.0,1.08
5989,49.68,1093.9358,34.0,1.05
5990,49.56,1042.7439,20.0,1.04
5991,42.12,1029.3338,54.0,1.3
5992,40.4,989.6941,2.0,1.1
5993,47.2,963.7019,9.0,1.04
5994,24.84,974.5984,39.0,0.98
5995,54.92,1009.6239,38.0,1.06
5996,45.04,1029.3798,25.0,1.03
5997,47.6,1040.9129,8.0,1.03
5998,45.08,1016.646,13.0,1.1
5999,42.76,1007.7794,69.0,1.28
6000,49.12,1055.8868,22.0,1.12
6001,41.84,1085.0499,62.0,1.11
6002,50.16,1086.0458,41.0,1.03
6003,48.96,1084.1596,35.0,1.16
6004,42.32,1097.7296,28.0,1.06
6005,49.96,1151.3698,33.0,1.08
6006,54.64,1029.3397,51.0,1.05
6007,53.64,1060.1339,54.0,1.06
6008,49.76,1031.7165,50.0,1.09
6009,40.96,1065.065,37.0,1.05
6010,43.32,1036.3848,37.0,1.04
6011,44.04,1003.5125,37.0,1.04
6012,48.76,1029.0976,21.0,1.11
6013,56.52,1100.9816,5.0,1.06
6014,43.88,1009.9094,28.0,1.1
6015,43.52,1092.6493,65.0,1.15
6016,61.12,1072.2899,11.0,1.05
6017,42.6,1097.6449,24.0,1.06
6018,42.04,1021.0438,30.0,1.07
6019,39.16,1006.8215,52.0,1.08
6020,58.68,989.486,7.0,1.05
6021,61.96,1040.2018,55.0,1.1
6022,23.8,969.6588,28.0,0.98
6023,45.84,1058.1518,30.0,1.05
6024,38.48,979.6731,30.0,0.9
6025,42.08,1056.1503,29.0,1.15
6026,37.44,1035.9817,53.0,1.27
6027,51.8,1096.3054,39.0,1.08
6028,63.72,1126.3838,3.0,1.16
6029,29.36,968.8736,50.0,0.96
6030,34.92,1011.205,75.0,1.2
6031,39.72,1021.0428,90.0,1.22
6032,43.8,1095.0766,68.0,1.2
6033,44.48,1071.3435,37.0,1.03
6034,47.12,1287.0936,26.0,1.05
6035,34.68,1015.6684,43.0,1.16
6036,46.52,1048.0706,4.0,1.06
6037,31.28,1004.684,31.0,1.04
6038,50.56,1032.9626,68.0,1.13
6039,44.04,1058.5752,54.0,1.25
6040,41.04,1002.4702,27.0,1.06
6041,52.32,1049.332,13.0,1.19
6042,59.36,1055.4858,31.0,1.05
6043,30.08,1027.4268,51.0,1.16
6044,41.92,1020.8229,59.0,1.08
6045,47.92,1005.3758,61.0,1.1
6046,58.2,1039.502,28.0,1.1
6047,53.8,1021.8383,68.0,1.02
6048,43.72,1015.8781,6.0,1.0
6049,61.2,1071.8998,52.0,1.05
6050,53.12,1015.8059,65.0,1.04
6051,46.84,1028.7666,28.0,1.07
6052,46.2,1039.9276,21.0,1.15
6053,39.6,1077.5616,83.0,1.13
6054,36.8,1068.4473,56.0,1.11
6055,54.04,1017.0165,50.0,1.04
6056,47.24,1141.3173,32.0,0.99
6057,39.52,1021.0922,35.0,1.14
6058,50.2,1004.3527,40.0,1.06
6059,49.92,1029.0628,58.0,1.05
6060,53.88,1070.1743,70.0,1.03
6061,48.6,1055.2949,83.0,1.08
6062,44.08,1066.6221,38.0,1.03
6063,36.84,1027.7446,70.0,1.03
6064,59.4,1047.0591,35.0,1.08
6065,33.36,1030.4456,32.0,0.99
6066,33.24,1012.4202,35.0,1.04
6067,56.6,1071.5009,30.0,1.11
6068,44.24,1046.482,40.0,1.11
6069,58.2,1015.634,49.0,1.06
6070,63.52,1078.0263,36.0,1.08
6071,30.84,1019.0654,41.0,1.11
6072,61.4,1141.7388,29.0,1.03
6073,40.12,1154.0934,39.0,1.03
6074,54.12,1063.6275,24.0,1.01
6075,46.76,1061.734,95.0,1.06
6076,41.64,1017.3183,78.0,1.17
6077,39.48,1014.7252,32.0,1.26
6078,46.08,1029.0632,13.0,1.17
6079,58.64,1016.1228,15.0,1.14
6080,45.32,1025.7924,53.0,1.24
6081,42.8,1044.811,47.0,1.12
6082,49.84,1126.2517,65.0,1.11
6083,60.6,1013.2103,26.0,1.14
6084,60.12,1033.2652,32.0,1.32
6085,45.64,1060.3361,17.0,1.04
6086,62.48,1061.0928,35.0,1.1
6087,48.88,1018.3755,61.0,1.06
6088,41.2,1005.1751,42.0,1.15
6089,45.24,1027.1951,51.0,1.21
6090,36.72,1054.3562,70.0,1.14
6091,40.4,1002.1078,64.0,1.03
6092,42.6,1107.539,80.0,1.07
6093,30.28,1020.348,20.0,1.07
6094,31.0,1008.277,33.0,1.11
6095,63.04,1030.4706,6.0,1.1
6096,54.92,1008.7117,28.0,1.08
6097,49.32,1064.2879,68.0,1.11
6098,29.64,1035.2064,48.0,1.17
6099,56.0,1043.231,56.0,1.12
6100,52.24,1074.2844,42.0,1.15
6101,55.4,1048.1494,26.0,1.14
6102,48.68,1041.8371,6.0,1.09
6103,39.68,1104.4051,28.0,1.06
6104,42.0,1036.1252,24.0,1.06
6105,34.96,1005.0807,38.0,1.05
6106,58.44,984.2992,32.0,1.11
6107,48.68,1008.3488,12.0,1.15
6108,46.84,1053.2041,58.0,1.18
6109,45.2,1069.2189,35.0,1.05
6110,31.8,998.3508,114.0,1.02
6111,36.32,1092.6938,93.0,0.99
6112,38.76,1042.83,69.0,1.08
6113,43.2,1094.3102,44.0,1.02
6114,47.0,1085.0355,35.0,1.03
6115,54.04,1049.7423,25.0,1.08
6116,37.6,988.2918,75.0,1.06
6117,34.6,1073.2924,36.0,1.02
6118,60.28,1032.2125,31.0,1.05
6119,31.6,1031.0707,63.0,0.96
6120,32.64,1218.4633,46.0,0.99
6121,48.72,1108.4961,16.0,1.03
6122,38.76,1053.6128,36.0,1.05
6123,54.76,1017.2955,4.0,1.04
6124,45.4,1056.5182,29.0,1.03
6125,41.76,1077.5989,68.0,1.01
6126,30.72,1067.5343,122.0,1.11
6127,57.52,1039.2522,33.0,1.04
6128,45.24,1146.3514,37.0,1.18
6129,40.36,1052.5318,31.0,1.49
6130,53.2,1112.0408,49.0,1.35
6131,54.28,1061.4948,40.0,1.1
6132,63.8,984.8918,44.0,1.15
6133,43.96,1006.8996,48.0,1.17
6134,54.64,1030.2098,42.0,1.11
6135,43.8,1031.4054,50.0,1.17
6136,51.44,1044.0868,41.0,1.63
6137,48.68,1045.7705,68.0,1.81
6138,52.24,1079.8108,58.0,2.12
6139,43.32,1059.5337,27.0,2.15
6140,53.96,1013.2057,33.0,1.38
6141,53.92,1050.8096,57.0,1.38
6142,50.0,1054.63,37.0,1.39
6143,41.88,1044.3299,17.0,1.52
6144,55.56,1023.3482,58.0,1.45
6145,29.8,999.6314,60.0,1.49
6146,60.96,1021.2278,43.0,1.64
6147,28.76,1019.091,66.0,1.51
6148,34.6,1023.5797,44.0,1.52
6149,29.04,1034.1321,56.0,1.34
6150,45.04,980.9042,93.0,1.13
6151,59.16,979.2168,21.0,1.07
6152,42.24,984.709,26.0,1.79
6153,55.12,1036.0715,38.0,1.7
6154,52.24,1063.6392,40.0,1.63
6155,38.84,1045.698,57.0,1.39
6156,50.16,1115.1988,30.0,1.34
6157,61.24,1048.2905,38.0,1.31
6158,64.8,1202.8023,61.0,1.43
6159,45.36,1208.1436,60.0,1.37
6160,50.32,1018.6772,8.0,1.36
6161,53.92,1030.3406,26.0,1.47
6162,59.12,1049.4463,22.0,2.25
6163,37.76,1066.9577,47.0,2.1
6164,54.12,1006.3608,36.0,1.54
6165,34.4,1049.3017,53.0,1.55
6166,54.52,1002.9923,54.0,1.87
6167,36.32,1020.062,75.0,1.29
6168,54.64,1065.4213,43.0,1.32
6169,58.44,1027.9665,25.0,1.12
6170,43.96,1008.161,62.0,1.2
6171,57.6,1004.4906,24.0,1.48
6172,43.0,986.9787,50.0,1.68
6173,50.84,999.7509,65.0,1.07
6174,42.4,1050.3945,71.0,1.12
6175,43.52,1096.4544,28.0,1.27
6176,44.0,970.5198,33.0,1.1
6177,52.24,984.2607,28.0,1.03
6178,52.16,1038.5676,49.0,1.03
6179,36.8,1040.6243,31.0,1.04
6180,36.92,1020.4663,25.0,1.02
6181,57.88,1156.1568,35.0,1.05
6182,47.36,1055.9191,48.0,1.12
6183,51.4,1027.8448,70.0,1.05
6184,54.68,1031.1769,76.0,1.12
6185,37.12,1018.1859,26.0,1.08
6186,40.6,1009.9434,47.0,1.11
6187,39.52,1036.1812,33.0,1.04
6188,39.32,1049.5705,63.0,1.11
6189,42.12,1026.4243,8.0,1.05
6190,33.12,995.62,54.0,1.04
6191,43.48,1083.4276,73.0,1.09
6192,57.08,1085.0018,33.0,1.07
6193,61.56,1067.7248,18.0,1.25
6194,62.12,1003.3305,16.0,1.06
6195,42.56,1136.634,55.0,1.04
6196,47.16,1025.2134,38.0,1.22
6197,42.92,1032.3766,60.0,1.19
6198,47.68,1044.0387,29.0,1.24
6199,56.8,1059.081,51.0,1.08
6200,32.92,1008.8812,64.0,1.06
6201,52.08,1027.7276,8.0,1.01
6202,49.4,1037.3215,42.0,1.37
6203,60.08,1015.2142,25.0,1.14
6204,56.56,1048.754,56.0,1.21
6205,56.32,1050.9745,14.0,1.09
6206,50.8,1020.4967,49.0,1.21
6207,44.36,1010.8959,60.0,1.09
6208,42.24,1030.4647,21.0,1.08
6209,50.92,1082.8226,39.0,1.13
6210,39.28,995.6424,61.0,1.09
6211,60.36,1081.5702,37.0,1.11
6212,38.76,994.8362,72.0,1.22
6213,43.0,1035.9288,54.0,1.44
6214,29.04,1060.271,71.0,1.44
6215,42.0,1027.391,70.0,1.38
6216,37.8,1067.5055,62.0,1.17
6217,39.48,1012.5522,51.0,1.18
6218,43.64,1022.2467,57.0,1.13
6219,50.64,1062.092,40.0,1.2
6220,58.8,1055.7124,36.0,1.14
6221,44.28,1041.1617,34.0,1.22
6222,48.32,1040.6767,12.0,1.01
6223,42.4,1036.0315,87.0,1.33
6224,47.16,1026.1655,82.0,1.12
6225,61.6,1020.7734,38.0,1.09
6226,37.28,1162.3068,17.0,1.62
6227,60.32,1026.5495,5.0,1.43
6228,46.28,1022.2301,13.0,2.0
6229,53.44,1038.5278,10.0,1.43
6230,48.16,1024.9225,11.0,1.63
6231,24.88,971.3012,37.0,1.48
6232,48.64,1031.8776,46.0,1.64
6233,46.48,1019.2122,13.0,1.45
6234,43.56,1051.3604,66.0,1.39
6235,44.04,1076.198,30.0,1.18
6236,45.28,1052.6302,29.0,1.15
6237,47.64,1010.2722,6.0,1.09
6238,59.48,1032.2351,26.0,1.13
6239,53.08,1020.7156,32.0,1.04
6240,42.36,1028.5853,73.0,1.13
6241,60.36,1004.8176,29.0,1.22
6242,35.64,1040.4583,47.0,1.15
6243,61.72,1143.5996,21.0,1.35
6244,45.84,1006.3574,51.0,1.17
6245,51.92,1042.6369,29.0,1.32
6246,55.12,1072.474,52.0,1.24
6247,33.2,1037.1547,68.0,1.23
6248,47.84,1001.2789,5.0,1.28
6249,30.52,991.1089,19.0,1.34
6250,53.44,1021.889,3.0,1.19
6251,40.88,1003.4314,38.0,1.12
6252,45.56,1045.8407,14.0,1.11
6253,32.56,1016.8089,35.0,1.15
6254,39.36,1058.1356,52.0,1.16
6255,38.12,1040.42,65.0,1.14
6256,21.52,979.5242,53.0,1.13
6257,59.32,1019.9004,42.0,1.11
6258,49.04,1118.9217,50.0,1.04
6259,46.32,1009.4801,46.0,1.13
6260,47.64,1038.2008,28.0,1.2
6261,49.0,1022.4864,8.0,1.13
6262,32.52,1011.4138,28.0,1.25
6263,46.48,1112.4616,36.0,1.19
6264,40.12,996.3675,40.0,1.02
6265,52.88,1020.6742,17.0,1.14
6266,41.6,1043.0226,46.0,1.18
6267,39.28,1092.917,5.0,1.07
6268,49.68,1036.1954,18.0,1.17
6269,57.8,1109.7207,43.0,1.21
6270,44.6,1184.4131,81.0,1.16
6271,49.08,1076.4737,33.0,1.15
6272,56.92,1040.6281,19.0,1.13
6273,20.08,1035.7078,70.0,1.12
6274,37.6,1147.3472,27.0,1.13
6275,44.92,1158.0248,49.0,1.08
6276,46.16,992.2757,39.0,1.06
6277,49.0,1054.0335,33.0,1.32
6278,55.96,1011.7458,11.0,1.1
6279,37.56,1024.8425,39.0,1.2
6280,57.04,1113.6818,22.0,1.0
6281,22.6,982.2881,69.0,1.11
6282,56.56,1059.4226,25.0,1.14
6283,48.08,1073.9194,69.0,1.24
6284,43.12,1076.6121,72.0,1.18
6285,40.24,1099.7514,35.0,1.14
6286,61.64,1033.7372,28.0,1.12
6287,48.52,1015.6692,65.0,1.08
6288,46.64,1049.5122,34.0,1.07
6289,48.12,1052.6745,28.0,1.1
6290,40.92,1046.6968,30.0,1.12
6291,38.92,1047.2081,34.0,1.23
6292,33.28,1005.7593,50.0,1.14
6293,23.52,980.7052,42.0,1.14
6294,44.84,1008.9321,12.0,1.23
6295,58.28,1034.7278,30.0,1.33
6296,52.24,1087.9209,81.0,1.34
6297,54.32,1001.4621,48.0,1.09
6298,51.6,1031.075,20.0,1.23
6299,60.32,1035.5979,43.0,1.21
6300,55.8,1030.7736,25.0,1.11
6301,48.12,1060.4687,22.0,1.18
6302,44.52,1017.5898,90.0,1.15
6303,45.2,1029.0112,82.0,1.15
6304,57.2,1042.3156,60.0,1.45
6305,46.84,1015.1691,47.0,1.76
6306,46.36,1010.6634,21.0,1.17
6307,44.6,1017.1286,41.0,1.08
6308,44.4,1028.3716,84.0,1.11
6309,57.56,1012.0544,34.0,1.11
6310,44.6,995.7662,33.0,1.02
6311,49.8,1079.2295,40.0,1.59
6312,36.92,1028.9265,87.0,1.36
6313,49.2,1126.9516,34.0,1.79
6314,36.36,1083.7746,95.0,1.23
6315,51.08,1035.9958,11.0,1.23
6316,53.8,1031.8911,8.0,1.12
6317,43.92,1076.2901,24.0,1.22
6318,55.16,1017.7612,20.0,1.12
6319,46.44,1076.2059,45.0,1.39
6320,31.28,999.1546,114.0,1.43
6321,27.24,974.9868,76.0,1.29
6322,52.88,1029.1449,25.0,1.3
6323,30.72,1047.8844,54.0,1.18
6324,49.92,1117.8918,61.0,1.15
6325,22.36,988.6204,58.0,1.14
6326,49.72,1122.0167,40.0,1.27
6327,33.6,993.621,129.0,1.24
6328,40.04,1050.8577,10.0,1.25
6329,42.48,1031.9936,44.0,1.05
6330,53.2,1047.364,48.0,1.13
6331,45.28,1034.637,44.0,1.17
6332,56.24,1044.0309,62.0,1.16
6333,64.4,1014.1985,31.0,1.03
6334,53.8,1045.4173,50.0,1.18
6335,43.76,1043.2993,31.0,1.07
6336,55.52,1006.4444,55.0,1.13
6337,33.4,1012.3652,44.0,1.17
6338,36.52,1049.7416,59.0,1.44
6339,54.52,1036.8945,38.0,1.36
6340,46.72,1005.5476,-11.0,1.68
6341,38.84,1027.1944,9.0,1.38
6342,24.44,992.4575,53.0,1.56
6343,45.64,978.9089,34.0,1.44
6344,65.96,1017.107,11.0,1.11
6345,51.92,999.5147,55.0,1.1
6346,52.28,1025.2282,52.0,1.2
6347,48.08,1064.6591,67.0,1.25
6348,47.88,1049.7869,41.0,1.21
6349,51.4,1024.7044,49.0,1.22
6350,54.16,1001.1114,29.0,1.11
6351,29.64,991.5396,69.0,1.12
6352,22.52,994.7106,30.0,1.12
6353,33.04,987.2362,110.0,1.09
6354,50.64,1076.9154,15.0,1.42
6355,47.24,1021.0415,44.0,1.0
6356,44.04,993.1529,90.0,1.07
6357,51.28,1065.8914,57.0,1.11
6358,38.24,1075.5563,48.0,1.04
6359,54.12,1042.9636,61.0,1.11
6360,47.84,1035.547,63.0,1.09
6361,49.48,1021.0332,12.0,1.15
6362,54.76,1008.3084,39.0,1.24
6363,50.48,1015.8205,58.0,1.1
6364,47.76,1046.7559,90.0,1.19
6365,27.04,995.3525,56.0,1.11
6366,55.44,1045.29,43.0,1.51
6367,42.72,1048.7775,39.0,1.43
6368,47.76,1041.5732,59.0,1.39
6369,48.2,1048.0198,39.0,1.44
6370,40.0,998.5006,38.0,1.32
6371,36.92,971.3966,36.0,1.14
6372,46.36,1115.4666,26.0,1.13
6373,54.4,966.0719,9.0,1.5
6374,41.64,997.6093,29.0,1.13
6375,46.04,998.1319,79.0,1.15
6376,47.76,1040.5032,26.0,1.26
6377,48.24,1051.5862,17.0,1.11
6378,40.64,1011.0904,6.0,1.19
6379,34.8,1027.1711,46.0,1.49
6380,46.4,1046.2717,93.0,1.64
6381,48.08,1005.3306,42.0,1.63
6382,28.4,1065.3202,68.0,1.69
6383,50.52,1035.1547,68.0,1.44
6384,32.32,1001.9396,44.0,1.24
6385,53.92,1012.3745,74.0,1.14
6386,34.56,1047.7892,26.0,1.09
6387,57.28,1057.9498,53.0,1.03
6388,33.48,1065.1952,41.0,1.15
6389,62.36,1012.866,6.0,2.01
6390,39.32,1051.7108,49.0,1.32
6391,53.72,1031.9126,35.0,1.2
6392,42.76,1019.312,35.0,1.18
6393,50.36,1023.5275,39.0,1.19
6394,51.84,1047.6064,26.0,1.13
6395,34.28,1056.625,105.0,1.31
6396,37.24,1022.0884,51.0,1.61
6397,49.28,1023.4181,66.0,1.73
6398,36.0,1048.4767,67.0,1.48
6399,52.04,1045.1585,11.0,1.48
6400,54.84,1017.2947,60.0,2.21
6401,56.8,1045.6821,59.0,1.74
6402,48.48,1029.0376,54.0,1.42
6403,40.8,1358.441,16.0,1.74
6404,47.0,1077.2052,68.0,1.99
6405,58.6,1063.99,21.0,1.35
6406,42.04,1014.2324,46.0,1.43
6407,53.68,1123.845,36.0,2.08
6408,42.16,1051.5012,44.0,1.68
6409,56.84,1004.8754,18.0,1.54
6410,45.8,1033.5893,30.0,1.46
6411,42.64,1265.6587,25.0,1.88
6412,40.44,1021.74,50.0,1.52
6413,44.84,1027.1144,27.0,1.58
6414,55.4,1033.6298,9.0,1.36
6415,41.0,1021.0562,37.0,2.18
6416,42.64,1051.4525,42.0,1.63
6417,51.72,1034.0037,32.0,1.52
6418,47.48,1020.0257,21.0,2.1
6419,36.04,1041.1614,25.0,1.52
6420,43.84,1035.81,37.0,1.28
6421,44.56,1062.7606,33.0,1.76
6422,45.68,1052.0536,51.0,2.07
6423,53.24,1083.1321,53.0,1.58
6424,39.88,1062.5819,49.0,1.43
6425,52.96,1086.5093,24.0,1.39
6426,54.32,1123.0306,42.0,2.1
6427,39.12,1102.1654,40.0,1.39
6428,56.28,1040.9561,59.0,1.45
6429,48.44,1033.1893,48.0,2.07
6430,64.04,1092.0002,37.0,1.6
6431,54.2,1029.2351,17.0,1.43
6432,45.88,1049.5121,39.0,1.43
6433,43.2,1081.6592,55.0,2.0
6434,28.12,990.7891,67.0,1.73
6435,25.48,1023.0625,132.0,1.29
6436,48.92,1055.2335,52.0,1.77
6437,51.92,1028.1924,57.0,1.46
6438,43.12,1104.3653,67.0,1.76
6439,45.96,995.49,72.0,1.48
6440,51.68,1024.2568,31.0,1.47
6441,53.2,1021.0285,13.0,1.43
6442,36.68,1045.5303,27.0,1.63
6443,39.32,1015.721,68.0,1.58
6444,53.8,1010.3388,49.0,1.72
6445,41.12,1043.1997,56.0,1.57
6446,35.68,1085.0154,79.0,1.54
6447,49.92,1006.7513,38.0,1.8
6448,57.24,1032.4884,25.0,1.56
6449,54.08,1187.5031,75.0,1.49
6450,36.72,981.966,74.0,1.75
6451,53.72,1043.2318,68.0,1.73
6452,51.08,1044.8299,72.0,1.96
6453,41.44,994.7476,71.0,1.46
6454,48.84,995.0077,25.0,1.51
6455,63.68,1016.0899,28.0,1.41
6456,40.76,999.415,38.0,1.21
6457,49.72,1026.6916,57.0,1.26
6458,50.2,1038.6085,52.0,1.31
6459,60.6,1012.4681,28.0,1.37
6460,48.92,1005.3734,18.0,1.13
6461,46.52,1038.3177,54.0,1.14
6462,41.4,1051.4476,36.0,1.11
6463,50.36,1080.3772,30.0,1.14
6464,61.76,1065.8997,47.0,1.09
6465,53.2,1023.5516,14.0,1.48
6466,35.88,983.507,64.0,1.11
6467,49.04,1051.125,68.0,1.18
6468,40.76,1019.4743,75.0,1.09
6469,56.64,1024.4455,5.0,1.24
6470,38.64,1030.2382,59.0,1.17
6471,58.04,1081.6858,26.0,1.14
6472,33.04,1053.1333,63.0,1.23
6473,39.0,1031.7546,69.0,1.11
6474,53.04,998.799,65.0,1.13
6475,56.56,1071.333,19.0,1.08
6476,43.92,1067.8584,49.0,1.11
6477,47.28,1048.6242,35.0,1.1
6478,38.76,1023.4231,61.0,1.19
6479,52.68,1044.323,36.0,1.17
6480,53.16,1033.2639,56.0,1.05
6481,36.68,1058.5949,64.0,1.15
6482,49.6,1023.6788,60.0,1.12
6483,38.76,1016.3985,44.0,1.11
6484,46.44,1059.3876,65.0,1.13
6485,51.84,1061.5474,12.0,1.06
6486,51.24,1008.0986,32.0,1.15
6487,45.84,1019.1646,40.0,1.16
6488,58.96,1017.6046,48.0,1.12
6489,44.12,1147.0438,45.0,1.11
6490,47.64,1016.4677,19.0,1.31
6491,38.4,1081.2236,60.0,1.18
6492,66.16,1032.1274,5.0,1.03
6493,37.12,1087.1107,79.0,1.09
6494,52.24,1050.0272,33.0,1.12
6495,50.04,1011.7756,92.0,1.3
6496,44.2,1271.4656,13.0,1.5
6497,47.36,1017.8844,26.0,1.16
6498,48.4,1025.0907,66.0,1.29
6499,47.0,1033.154,42.0,1.47
6500,26.88,1035.7918,34.0,1.85
6501,27.6,1029.2342,100.0,1.45
6502,44.92,1038.9134,46.0,1.4
6503,40.56,1042.7788,30.0,1.69
6504,33.6,1021.3535,30.0,1.46
6505,28.48,999.6003,76.0,1.5
6506,42.52,1105.3223,19.0,1.45
6507,38.24,1046.8281,57.0,1.23
6508,45.84,1147.3533,49.0,1.41
6509,26.56,1018.2689,41.0,1.41
6510,44.44,1018.1154,39.0,1.46
6511,45.2,1033.3348,55.0,1.42
6512,41.52,1075.8618,29.0,1.75
6513,60.96,1030.4848,65.0,1.38
6514,28.0,1047.8099,85.0,1.7
6515,48.16,1120.6293,42.0,1.34
6516,54.92,1068.6909,46.0,1.23
6517,37.2,1005.832,96.0,1.61
6518,58.2,1013.5497,43.0,1.43
6519,55.36,1084.7924,28.0,1.59
6520,37.16,1021.9104,64.0,1.52
6521,47.76,1019.0928,19.0,1.68
6522,47.48,1044.3307,41.0,1.52
6523,36.28,1116.4146,74.0,1.66
6524,44.12,1048.8489,36.0,1.83
6525,42.96,1045.6427,27.0,1.45
6526,48.68,1019.6109,41.0,1.99
6527,40.16,1066.7404,29.0,1.97
6528,44.4,1007.1459,50.0,1.5
6529,55.44,1066.7138,56.0,3.5
6530,53.64,1079.1586,55.0,2.04
6531,46.08,1048.2006,25.0,2.33
6532,38.04,1001.8829,33.0,2.03
6533,40.04,1013.1885,48.0,2.0
6534,46.48,1222.86,5.0,1.71
6535,47.16,1082.5235,42.0,1.16
6536,43.36,1031.236,75.0,1.42
6537,57.48,1079.3254,57.0,1.19
6538,24.04,1012.543,50.0,1.21
6539,51.24,1021.4525,38.0,1.17
6540,35.96,1042.4425,52.0,1.01
6541,33.08,1051.2284,55.0,1.11
6542,49.52,1028.2253,39.0,1.41
6543,30.96,1061.9251,45.0,1.48
6544,47.72,1011.8081,30.0,1.3
6545,47.68,1036.37,22.0,1.1
6546,35.08,1023.8072,83.0,1.03
6547,46.96,1159.4296,38.0,1.14
6548,59.2,1059.1494,11.0,1.13
6549,37.04,1035.1683,59.0,1.35
6550,50.72,1030.5625,38.0,1.04
6551,36.88,1012.3507,53.0,1.02
6552,44.12,1016.5609,48.0,1.33
6553,41.4,1074.7053,43.0,1.28
6554,48.76,1109.2656,45.0,1.18
6555,66.6,1048.9663,17.0,1.29
6556,50.52,1008.5646,31.0,1.37
6557,46.96,1011.3445,51.0,1.34
6558,56.88,1067.7109,8.0,1.13
6559,42.28,1015.6014,14.0,1.29
6560,44.0,1043.2012,43.0,1.56
6561,72.2,1029.9913,9.0,1.29
6562,55.76,1066.9193,7.0,1.3
6563,46.4,1075.3526,27.0,1.3
6564,46.08,1020.7359,56.0,1.14
6565,41.8,1008.5052,48.0,1.15
6566,51.16,1010.7014,34.0,1.08
6567,45.6,1027.8209,32.0,1.02
6568,51.8,1047.9712,54.0,1.07
6569,31.6,998.4835,42.0,1.1
6570,39.28,1026.8496,13.0,1.01
6571,37.04,1001.9255,38.0,1.01
6572,43.16,1039.219,32.0,1.12
6573,60.68,1023.1101,23.0,1.06
6574,21.08,1020.0425,40.0,1.38
6575,52.72,1033.0472,12.0,1.31
6576,45.12,1020.2484,27.0,1.17
6577,45.44,1015.1854,74.0,1.22
6578,39.56,1014.925,79.0,1.44
6579,47.6,1020.6663,20.0,1.39
6580,53.12,1061.8205,17.0,1.42
6581,43.64,999.9768,60.0,1.98
6582,38.64,1045.2776,101.0,2.08
6583,38.36,985.9742,46.0,1.36
6584,48.0,1114.3744,91.0,1.57
6585,51.04,1071.6132,22.0,1.23
6586,43.0,1038.54,54.0,1.47
6587,45.2,1227.6359,82.0,1.34
6588,59.0,1011.0083,31.0,1.01
6589,30.52,987.8154,60.0,0.99
6590,49.64,1014.6764,54.0,1.19
6591,36.52,1021.5174,49.0,1.09
6592,42.6,1014.9166,51.0,1.14
6593,48.04,1027.6197,41.0,1.03
6594,54.2,1025.5426,44.0,1.12
6595,48.44,980.4844,35.0,1.14
6596,41.96,1034.5787,50.0,1.39
6597,49.36,1030.2513,32.0,1.06
6598,53.32,1046.3915,36.0,1.02
6599,45.96,1085.9841,27.0,0.99
6600,61.2,1041.9711,14.0,1.03
6601,54.48,1172.2992,10.0,1.07
6602,40.52,1104.8083,54.0,1.01
6603,51.56,1032.8788,7.0,1.04
6604,68.16,1053.1742,0.0,1.09
6605,35.08,1006.0667,137.0,0.97
6606,50.24,1039.2284,43.0,1.08
6607,34.4,1147.245,30.0,1.18
6608,54.68,1045.1961,31.0,0.99
6609,39.4,1027.0162,67.0,1.21
6610,55.4,1118.245,15.0,1.3
6611,50.92,1022.9065,30.0,1.1
6612,48.08,1032.0887,40.0,1.42
6613,64.44,1035.1737,24.0,1.29
6614,53.04,1101.0297,29.0,1.26
6615,43.68,1057.28,62.0,1.38
6616,45.32,1108.7547,58.0,1.37
6617,48.64,1044.575,29.0,1.24
6618,41.08,1008.3169,120.0,1.43
6619,55.16,1036.1746,55.0,1.36
6620,53.24,1065.2485,89.0,1.1
6621,39.24,982.6519,98.0,1.55
6622,44.72,1062.2363,59.0,1.0
6623,49.4,1341.6914,40.0,1.05
6624,38.28,1063.0708,84.0,1.08
6625,45.76,1077.5824,42.0,1.43
6626,28.88,991.3506,66.0,1.31
6627,51.04,1003.7704,40.0,1.26
6628,34.0,1031.0335,36.0,1.12
6629,39.8,1053.5341,56.0,1.19
6630,31.44,990.3876,58.0,1.37
6631,50.88,1008.8837,48.0,1.43
6632,39.48,1019.0424,26.0,1.29
6633,45.36,1010.9389,33.0,1.25
6634,38.12,1025.1014,33.0,1.37
6635,49.76,1026.9066,64.0,1.13
6636,45.04,1060.4743,55.0,1.39
6637,52.48,1117.7245,15.0,1.26
6638,42.04,1006.5216,30.0,1.37
6639,61.92,1001.6857,36.0,1.29
6640,43.24,1068.724,52.0,1.38
6641,45.96,1190.8084,11.0,1.24
6642,44.72,1059.0208,31.0,1.32
6643,53.44,1045.2232,31.0,1.29
6644,53.08,1012.7238,44.0,1.61
6645,44.24,1005.7067,23.0,1.41
6646,51.04,1158.1,71.0,1.15
6647,50.92,1133.2016,31.0,1.28
6648,36.76,1050.7976,31.0,1.34
6649,28.04,1016.4357,82.0,1.87
6650,41.2,1016.8906,17.0,1.12
6651,54.96,1054.1519,71.0,1.15
6652,37.12,1052.7869,48.0,1.7
6653,52.28,1043.2961,43.0,1.67
6654,49.92,1010.6998,52.0,1.56
6655,46.16,1018.5321,75.0,1.46
6656,43.2,1030.1303,32.0,1.55
6657,36.2,1075.9741,79.0,1.16
6658,52.52,1058.1156,62.0,1.13
6659,41.4,1015.987,36.0,1.1
6660,41.16,1018.7416,56.0,1.09
6661,31.44,1053.519,13.0,1.19
6662,42.52,1018.3326,43.0,1.0
6663,51.36,1086.3393,18.0,1.13
6664,35.04,1000.8663,82.0,1.25
6665,45.24,1031.3369,35.0,1.93
6666,47.32,981.4183,23.0,2.22
6667,46.04,1057.5963,20.0,1.61
6668,48.68,1026.6426,52.0,1.27
6669,51.92,1037.8926,23.0,1.04
6670,40.16,1110.1365,29.0,1.05
6671,43.88,1071.4748,34.0,1.03
6672,53.64,1040.158,39.0,0.97
6673,63.32,1025.0642,37.0,1.04
6674,49.68,1031.7177,29.0,1.07
6675,57.76,1025.3404,50.0,1.03
6676,45.56,1019.7173,45.0,1.04
6677,45.4,1043.1697,78.0,1.23
6678,37.08,1039.1206,67.0,1.17
6679,65.48,1004.0386,33.0,1.15
6680,47.6,1049.3766,47.0,1.05
6681,54.32,1054.3636,70.0,1.11
6682,48.8,1025.412,34.0,1.07
6683,19.72,1048.1996,87.0,1.53
6684,44.16,1044.5557,73.0,1.15
6685,53.08,1040.8314,9.0,1.09
6686,55.76,1054.2268,7.0,1.07
6687,36.6,1055.4404,116.0,1.16
6688,44.88,992.5934,58.0,1.21
6689,53.88,1016.7978,8.0,1.16
6690,49.92,1014.4475,34.0,1.58
6691,48.84,1027.4466,25.0,1.65
6692,63.12,1092.4994,20.0,1.29
6693,34.36,1113.6522,49.0,1.37
6694,44.36,1008.5955,32.0,1.06
6695,49.4,1030.5843,60.0,1.05
6696,51.84,1067.6397,39.0,1.2
6697,56.72,1038.2509,8.0,1.14
6698,58.52,1070.1474,41.0,1.01
6699,36.8,1029.16,69.0,1.07
6700,52.8,996.0782,5.0,1.06
6701,52.32,1052.5734,15.0,0.8
6702,43.64,998.0282,3.0,1.03
6703,61.0,1014.4032,39.0,1.07
6704,53.72,1125.3091,1.0,0.92
6705,53.56,1091.8463,21.0,1.01
6706,49.44,1099.2588,51.0,1.02
6707,53.64,1028.9184,37.0,1.06
6708,44.52,1011.6346,11.0,0.98
6709,22.44,1015.5806,80.0,1.13
6710,39.0,1039.0228,32.0,1.29
6711,35.8,1043.5642,64.0,1.24
6712,45.84,988.7277,28.0,0.99
6713,42.0,994.3802,16.0,1.07
6714,46.44,1057.0308,10.0,1.08
6715,38.0,1005.0913,26.0,0.9
6716,38.92,1002.1246,44.0,1.21
6717,45.76,984.2701,17.0,1.1
6718,42.12,1078.6616,32.0,1.06
6719,36.4,1017.4944,20.0,1.0
6720,50.8,1056.9247,44.0,1.1
6721,58.04,1031.1786,33.0,1.06
6722,53.8,1040.0001,28.0,1.11
6723,43.24,1003.6187,41.0,1.08
6724,44.84,1051.3094,77.0,1.09
6725,36.84,1061.5809,51.0,1.07
6726,49.36,1055.6703,72.0,1.22
6727,41.76,1032.4961,44.0,1.12
6728,52.52,1032.6147,18.0,0.98
6729,36.48,1011.0479,60.0,1.07
6730,42.76,1068.7491,30.0,1.06
6731,47.76,1013.3366,33.0,1.04
6732,37.16,1083.7453,9.0,1.1
6733,51.16,995.8344,37.0,1.03
6734,51.52,1092.865,77.0,1.05
6735,39.2,1078.8477,61.0,1.05
6736,64.56,1005.453,4.0,1.04
6737,59.04,1159.5334,32.0,1.05
6738,20.96,998.1146,71.0,1.09
6739,47.72,1023.0224,68.0,1.01
6740,41.08,1023.4572,22.0,1.07
6741,24.76,1032.1838,44.0,1.1
6742,42.44,1025.5774,38.0,1.23
6743,44.2,1143.6306,52.0,1.55
6744,50.4,1148.45,45.0,1.36
6745,55.44,1027.309,41.0,1.49
6746,37.12,1071.4824,65.0,1.17
6747,34.4,1000.717,48.0,1.45
6748,44.8,1041.9751,79.0,1.25
6749,39.48,1081.528,71.0,1.38
6750,45.6,1046.9867,14.0,1.37
6751,37.52,1078.1823,27.0,1.37
6752,49.6,1066.2772,32.0,1.41
6753,30.84,1010.512,66.0,1.42
6754,33.56,987.9323,56.0,1.52
6755,47.12,1017.5604,47.0,1.36
6756,50.16,1065.5509,33.0,1.31
6757,54.16,981.8275,36.0,1.28
6758,37.0,977.5728,68.0,1.05
6759,46.0,1078.122,58.0,1.2
6760,43.08,1040.5236,30.0,1.06
6761,50.92,1136.231,34.0,1.22
6762,23.84,990.618,35.0,1.18
6763,28.32,1002.9741,62.0,1.1
6764,53.04,1039.9298,57.0,1.14
6765,32.48,1058.5156,106.0,1.14
6766,45.2,1057.7428,30.0,1.42
6767,44.64,1014.4949,30.0,1.1
6768,44.24,1053.8881,35.0,1.17
6769,42.6,1078.5867,64.0,1.18
6770,53.88,1071.0374,24.0,1.5
6771,46.8,1077.4177,45.0,1.49
6772,32.36,1028.5443,36.0,1.4
6773,50.88,1029.4757,67.0,1.48
6774,63.56,992.1027,9.0,1.64
6775,48.88,1044.233,98.0,1.43
6776,55.72,1013.0466,53.0,1.54
6777,56.0,1032.7462,60.0,1.42
6778,45.6,1028.1591,52.0,1.42
6779,39.4,1073.7602,62.0,1.56
6780,40.04,982.9596,64.0,1.31
6781,51.0,1018.2389,16.0,1.32
6782,47.32,1033.6178,24.0,1.78
6783,30.24,1043.2729,66.0,1.16
6784,48.52,1159.1103,58.0,1.01
6785,52.56,1046.5323,65.0,1.14
6786,44.2,1096.3604,33.0,1.21
6787,54.68,1137.9621,16.0,1.19
6788,41.6,1035.8524,29.0,1.32
6789,41.96,1017.8032,49.0,1.65
6790,42.36,1051.3257,57.0,1.59
6791,51.92,1017.4197,37.0,1.46
6792,42.68,1032.4216,52.0,1.36
6793,50.96,996.9384,-14.0,1.38
6794,36.48,1022.8129,60.0,1.57
6795,43.08,1028.8658,23.0,1.54
6796,55.36,1013.5076,14.0,1.62
6797,30.68,1054.1608,60.0,1.34
6798,49.68,1044.0176,60.0,1.58
6799,51.8,1014.4903,18.0,1.51
6800,52.72,1027.1454,25.0,1.51
6801,45.32,1062.282,21.0,1.3
6802,55.44,1041.2124,29.0,1.45
6803,42.88,1056.5492,60.0,1.62
6804,57.64,1016.5954,12.0,1.59
6805,43.4,1021.8468,35.0,1.37
6806,30.4,989.239,61.0,1.28
6807,42.48,1038.8438,97.0,1.56
6808,48.24,1160.0595,36.0,1.37
6809,38.6,1031.4036,55.0,1.34
6810,40.52,1006.1713,39.0,1.65
6811,46.52,1046.7068,48.0,1.46
6812,43.24,1044.8041,36.0,1.37
6813,45.72,1051.072,60.0,1.35
6814,49.64,1044.9004,37.0,1.34
6815,51.4,1039.5044,61.0,1.34
6816,53.84,1035.2384,32.0,1.91
6817,44.0,1041.2684,94.0,1.68
6818,48.72,1098.0545,63.0,1.63
6819,52.32,1096.1109,22.0,1.27
6820,50.32,1059.129,26.0,1.37
6821,56.32,1012.6062,41.0,1.55
6822,43.04,1004.1006,11.0,1.54
6823,46.6,1046.2353,54.0,1.77
6824,44.52,1084.8143,49.0,1.5
6825,44.92,1050.3828,45.0,1.56
6826,57.04,1021.6649,11.0,1.54
6827,53.32,1112.2355,27.0,2.15
6828,42.2,1005.5567,66.0,1.53
6829,31.24,1024.112,23.0,1.4
6830,38.12,1021.2654,30.0,1.41
6831,44.32,1015.1842,38.0,1.6
6832,34.28,1025.5264,30.0,1.23
6833,39.2,1034.1616,73.0,1.57
6834,53.12,1024.555,12.0,1.51
6835,53.0,1033.2673,55.0,1.36
6836,56.32,1055.4007,25.0,1.2
6837,48.16,1088.8302,21.0,1.49
6838,59.88,1068.0398,21.0,1.76
6839,47.08,1030.292,55.0,1.86
6840,37.36,970.6116,61.0,1.49
6841,38.92,1001.2357,59.0,1.35
6842,39.76,977.7083,28.0,1.47
6843,39.8,1010.2556,45.0,1.33
6844,50.4,1032.1307,54.0,1.39
6845,39.2,1026.0047,126.0,1.7
6846,49.76,1090.4157,29.0,1.97
6847,59.96,1045.6301,20.0,1.55
6848,41.56,1033.1341,39.0,1.71
6849,43.72,1048.9111,42.0,1.46
6850,49.24,1085.0273,57.0,1.64
6851,41.32,1020.1834,51.0,1.95
6852,52.28,1031.4722,26.0,1.62
6853,42.72,988.1408,56.0,1.41
6854,42.96,1036.7378,3.0,1.5
6855,51.32,1100.3196,43.0,1.79
6856,35.96,1037.4176,52.0,1.63
6857,42.16,1004.9659,63.0,1.6
6858,48.76,1022.0875,42.0,1.6
6859,46.44,1081.264,25.0,1.4
6860,47.36,1092.9068,61.0,1.58
6861,45.96,1041.7073,23.0,1.94
6862,29.48,984.607,56.0,1.53
6863,37.16,1039.9417,84.0,1.63
6864,42.48,1020.6261,70.0,1.65
6865,46.44,1025.265,73.0,1.26
6866,36.36,1039.8148,52.0,1.48
6867,47.72,995.0066,59.0,1.1
6868,55.12,1161.6119,28.0,1.26
6869,59.08,1086.0294,31.0,1.2
6870,51.84,985.0036,63.0,1.44
6871,61.44,991.6248,41.0,1.42
6872,47.92,1021.7072,20.0,1.34
6873,45.92,1041.8964,29.0,1.27
6874,38.56,1017.518,27.0,1.46
6875,41.64,1028.2044,43.0,1.55
6876,45.12,1084.142,82.0,1.55
6877,41.2,1198.3256,33.0,1.57
6878,42.32,1052.7978,45.0,1.52
6879,52.92,1007.7401,60.0,1.64
6880,39.76,1024.365,58.0,1.57
6881,47.12,1118.9462,23.0,1.6
6882,60.64,1028.2894,41.0,1.7
6883,53.56,998.4923,48.0,1.63
6884,51.36,1027.6355,26.0,2.01
6885,33.12,1034.813,45.0,1.55
6886,53.32,1057.0376,57.0,1.47
6887,44.08,1089.4149,35.0,1.82
6888,45.32,1058.8985,40.0,1.66
6889,45.2,1006.4773,60.0,1.55
6890,44.68,1007.2309,18.0,1.47
6891,36.32,1048.306,15.0,1.49
6892,38.2,1014.8827,31.0,1.33
6893,55.24,1039.3768,4.0,1.56
6894,45.4,1050.4905,42.0,1.83
6895,33.08,1026.504,63.0,1.71
6896,48.64,1071.2642,39.0,2.29
6897,26.28,998.5186,72.0,2.64
6898,61.4,1220.1282,31.0,1.58
6899,39.24,1056.6901,82.0,1.71
6900,40.72,1002.5435,19.0,2.04
6901,51.84,1032.825,52.0,2.77
6902,43.28,1008.4502,65.0,2.47
6903,40.84,1025.1841,55.0,2.07
6904,33.88,1051.3924,95.0,2.17
6905,43.16,1034.7762,17.0,2.35
6906,42.76,1019.8085,19.0,2.29
6907,43.68,1024.8586,29.0,1.84
6908,39.92,986.2504,101.0,1.65
6909,29.88,1006.0163,60.0,1.62
6910,45.56,1024.8354,28.0,1.54
6911,46.16,1036.4488,43.0,1.78
6912,38.12,1020.8074,77.0,1.74
6913,58.68,1049.3445,20.0,1.6
6914,45.16,984.3663,19.0,1.79
6915,37.84,1002.7109,67.0,1.67
6916,37.04,987.8122,64.0,1.87
6917,52.4,1014.9558,34.0,1.48
6918,51.48,1018.7625,56.0,2.07
6919,55.32,1038.3673,29.0,1.8
6920,20.4,986.5331,64.0,1.87
6921,25.64,999.5441,50.0,1.59
6922,30.08,1014.4711,73.0,1.66
6923,36.36,1016.4132,20.0,1.6
6924,57.32,1038.6572,44.0,1.66
6925,41.4,1026.7286,11.0,1.38
6926,46.84,1121.8831,46.0,1.55
6927,40.16,1058.6882,57.0,1.55
6928,27.4,971.8917,38.0,1.34
6929,47.96,1045.6267,27.0,1.42
6930,56.56,1031.0531,6.0,1.78
6931,40.56,1005.8336,51.0,2.24
6932,49.96,1007.5655,45.0,1.73
6933,55.76,1064.6226,64.0,1.86
6934,39.32,1014.9978,53.0,2.1
6935,51.92,1091.2988,47.0,3.31
6936,53.12,1044.7243,47.0,2.18
6937,24.76,999.6162,49.0,2.08
6938,50.6,1049.2128,71.0,2.34
6939,54.84,1051.7518,34.0,2.3
6940,42.84,1079.1374,28.0,1.97
6941,49.12,997.808,18.0,2.23
6942,49.48,1071.3825,52.0,2.73
6943,52.8,1046.5412,43.0,1.81
6944,20.48,1019.2582,47.0,1.67
6945,39.12,1080.2356,70.0,1.61
6946,24.0,992.0632,105.0,1.47
6947,47.4,1027.6264,58.0,1.35
6948,49.6,1007.3274,18.0,1.1
6949,49.12,1020.897,10.0,1.0
6950,46.2,1008.8278,11.0,1.12
6951,21.04,1010.2373,71.0,1.1
6952,53.64,1055.0994,46.0,1.19
6953,54.52,1080.1622,45.0,1.12
6954,44.96,1007.9985,21.0,1.37
6955,48.48,1028.8754,14.0,1.07
6956,46.04,1035.213,29.0,1.03
6957,58.32,1035.3083,53.0,1.09
6958,49.96,1018.4363,32.0,1.14
6959,44.88,1010.6593,36.0,1.52
6960,28.32,1063.1603,96.0,1.02
6961,43.2,1081.9016,58.0,1.25
6962,43.44,1021.0145,26.0,1.13
6963,42.56,999.9138,16.0,1.1
6964,46.04,1043.3744,53.0,1.3
6965,43.12,1039.3993,11.0,1.18
6966,47.6,1040.2266,63.0,1.11
6967,28.68,999.6272,47.0,2.05
6968,52.84,1022.7016,50.0,1.65
6969,23.24,1003.4132,54.0,1.46
6970,44.12,1013.663,46.0,1.59
6971,27.08,990.7606,86.0,1.95
6972,38.4,1055.5638,44.0,1.66
6973,59.72,1051.0834,49.0,1.66
6974,49.36,1031.3133,8.0,1.57
6975,58.16,1029.0961,17.0,1.65
6976,51.72,1026.1763,66.0,1.6
6977,44.72,990.3545,52.0,1.4
6978,30.72,1042.0914,31.0,1.53
6979,47.68,1009.625,28.0,1.51
6980,52.52,1023.5026,15.0,1.95
6981,47.76,1052.871,46.0,1.7
6982,55.28,1018.7255,50.0,1.56
6983,47.12,1041.8993,23.0,1.51
6984,31.64,1037.6998,123.0,1.42
6985,30.36,1067.8343,74.0,1.45
6986,30.64,1004.0686,30.0,1.37
6987,24.48,999.7394,40.0,1.6
6988,52.64,1001.5835,22.0,1.58
6989,47.12,1045.0407,37.0,1.98
6990,51.36,1069.9756,15.0,1.6
6991,42.92,1028.6099,25.0,1.83
6992,44.88,1030.3877,55.0,2.1
6993,38.28,1008.1736,44.0,1.57
6994,51.08,1026.1704,33.0,1.66
6995,47.84,1004.1384,33.0,1.96
6996,46.08,1038.4456,65.0,1.36
6997,45.28,1048.1986,64.0,1.52
6998,53.12,1075.3585,45.0,1.74
6999,31.12,1011.2817,51.0,2.01
7000,36.88,1029.8376,58.0,1.57
7001,34.8,1056.4051,51.0,1.57
7002,22.36,976.619,77.0,1.52
7003,29.24,1051.7455,68.0,1.67
7004,47.72,1026.0726,57.0,1.38
7005,49.96,1036.4618,32.0,1.36
7006,57.0,1087.99,38.0,1.41
7007,50.36,1039.9964,58.0,1.86
7008,56.84,1043.1305,52.0,2.31
7009,44.28,1157.5776,16.0,1.64
7010,45.6,1028.8834,64.0,1.42
7011,45.84,1132.417,11.0,1.24
7012,54.8,1030.4414,34.0,1.25
7013,52.32,1077.3567,36.0,1.71
7014,48.28,983.7697,21.0,1.73
7015,47.16,1029.2968,21.0,1.37
7016,44.8,1023.4123,56.0,1.43
7017,41.72,1025.8267,30.0,1.43
7018,57.16,1008.2521,50.0,1.33
7019,48.36,1063.1891,68.0,1.51
7020,48.64,1048.596,29.0,1.75
7021,35.04,1011.2292,61.0,2.23
7022,47.36,1051.6837,17.0,1.6
7023,38.6,1041.9918,66.0,1.75
7024,47.52,1010.1594,16.0,1.78
7025,37.08,1101.8246,74.0,1.72
7026,39.28,1014.4897,67.0,1.61
7027,33.92,997.3503,80.0,2.22
7028,41.8,1033.8131,31.0,1.63
7029,30.8,990.1236,61.0,1.61
7030,36.12,1004.8145,15.0,1.56
7031,44.0,1179.395,4.0,1.48
7032,42.16,1030.9123,82.0,2.16
7033,51.84,1047.0482,37.0,1.64
7034,49.36,1022.0223,31.0,1.78
7035,54.28,1042.3331,32.0,1.71
7036,44.92,1014.7326,18.0,1.56
7037,46.76,1061.7867,27.0,1.86
7038,34.12,1007.6689,96.0,1.74
7039,47.56,1023.4243,32.0,2.04
7040,25.76,1031.2662,48.0,1.58
7041,54.08,1108.6359,52.0,1.41
7042,47.24,1105.5184,25.0,1.68
7043,38.16,1036.2727,75.0,1.45
7044,50.0,1042.7954,13.0,1.72
7045,48.52,1045.277,19.0,1.62
7046,53.8,1021.4464,4.0,1.27
7047,43.2,1040.0366,45.0,1.38
7048,46.4,1023.8961,35.0,1.24
7049,62.88,1013.8619,43.0,1.35
7050,41.68,1033.1744,45.0,1.49
7051,53.48,1025.9469,6.0,1.54
7052,57.4,1029.1896,7.0,1.45
7053,33.88,1025.8976,119.0,1.42
7054,31.56,1011.384,31.0,1.34
7055,38.36,1094.6848,83.0,1.35
7056,40.0,1066.7125,19.0,1.77
7057,40.0,996.3396,69.0,1.35
7058,50.44,1058.1769,43.0,1.42
7059,31.88,997.6178,95.0,1.36
7060,45.04,1016.5711,6.0,2.2
7061,56.12,1088.8612,33.0,2.06
7062,49.2,1051.2273,26.0,1.5
7063,45.24,1067.8826,56.0,1.55
7064,48.88,1105.9089,30.0,1.62
7065,38.44,1017.1015,32.0,1.69
7066,37.48,990.7018,49.0,1.49
7067,40.56,1013.3573,25.0,1.65
7068,42.84,1015.5004,11.0,1.72
7069,43.28,1024.03,32.0,1.87
7070,47.56,1043.9968,54.0,1.57
7071,63.4,1057.5964,44.0,1.76
7072,47.64,1037.5401,53.0,1.99
7073,35.2,1019.8692,56.0,1.63
7074,32.72,998.0532,75.0,1.36
7075,50.92,1110.9895,41.0,1.27
7076,50.16,1017.5626,35.0,1.45
7077,51.64,1059.4761,64.0,1.69
7078,36.68,1010.2423,88.0,1.42
7079,55.68,1061.4906,27.0,1.56
7080,48.52,1148.2308,58.0,1.94
7081,43.16,999.8454,73.0,1.54
7082,37.88,1015.8476,27.0,1.55
7083,61.72,1070.049,49.0,1.4
7084,37.8,1053.3958,35.0,1.4
7085,54.92,1007.7097,21.0,1.45
7086,37.44,1151.1414,45.0,1.72
7087,47.96,1015.7903,38.0,1.41
7088,56.48,1064.9024,32.0,1.35
7089,45.8,1037.979,96.0,1.38
7090,49.0,1056.5206,42.0,1.6
7091,41.64,1039.5225,46.0,1.63
7092,56.08,1045.2325,49.0,1.84
7093,46.88,999.2576,28.0,1.84
7094,24.16,990.1935,83.0,1.76
7095,53.48,1027.0752,40.0,1.77
7096,54.96,1045.2651,44.0,1.6
7097,46.72,1029.7505,41.0,1.67
7098,34.0,1003.0496,30.0,1.86
7099,52.4,1051.9379,4.0,1.7
7100,55.44,1128.1576,17.0,1.64
7101,54.08,1035.3551,30.0,1.65
7102,55.84,1073.3163,34.0,1.68
7103,48.84,1074.4855,54.0,1.48
7104,44.68,1055.5958,36.0,1.63
7105,51.48,1038.5827,64.0,1.48
7106,43.32,1160.0127,99.0,1.69
7107,63.08,1026.5716,67.0,2.43
7108,54.84,1040.434,79.0,1.68
7109,38.96,1034.6176,66.0,1.55
7110,57.44,1066.475,37.0,1.65
7111,56.84,1044.8479,49.0,1.6
7112,25.12,1021.0354,116.0,1.69
7113,54.88,1119.0708,20.0,1.85
7114,44.48,1049.7509,12.0,2.05
7115,49.28,1037.834,26.0,2.52
7116,29.0,1003.044,31.0,2.2
7117,43.44,1033.5814,46.0,1.83
7118,46.72,990.44,30.0,1.57
7119,37.08,1051.6934,76.0,1.77
7120,63.8,1011.7838,39.0,1.57
7121,44.72,1019.2875,29.0,2.08
7122,51.4,1073.6347,52.0,2.47
7123,42.64,1065.4116,43.0,2.23
7124,39.24,1048.0561,34.0,2.27
7125,42.6,1033.8076,35.0,2.27
7126,45.32,1009.6887,26.0,2.65
7127,35.56,1080.843,79.0,1.62
7128,56.24,1031.2262,16.0,1.58
7129,46.2,1021.389,83.0,2.1
7130,39.24,1043.8566,60.0,1.57
7131,50.52,1055.4234,10.0,1.51
7132,58.32,1005.321,49.0,1.96
7133,45.04,1039.387,31.0,1.62
7134,42.16,1025.8828,44.0,2.03
7135,46.44,1042.5058,34.0,1.93
7136,38.92,1033.0672,56.0,1.58
7137,54.28,1075.7292,30.0,1.75
7138,49.88,1055.0221,38.0,1.58
7139,49.24,979.0906,86.0,1.53
7140,43.8,1065.0059,32.0,1.96
7141,38.16,1010.9946,49.0,1.76
7142,47.64,1004.5751,21.0,1.62
7143,34.84,1054.7698,69.0,1.69
7144,56.2,1044.7913,46.0,1.76
7145,44.52,1015.2218,64.0,1.69
7146,45.16,1008.1606,45.0,2.04
7147,57.28,1034.2357,25.0,1.83
7148,34.0,992.0522,102.0,2.1
7149,43.04,1015.1312,48.0,2.06
7150,33.52,1008.7343,70.0,2.02
7151,58.4,1023.2162,12.0,2.25
7152,37.48,1024.7435,63.0,2.36
7153,53.48,1058.6746,15.0,2.14
7154,48.24,1012.5066,34.0,1.7
7155,39.24,1000.8997,89.0,1.5
7156,41.52,1035.0321,74.0,1.58
7157,47.52,1014.6566,28.0,1.99
7158,48.8,1019.5512,38.0,1.82
7159,49.88,1064.3315,42.0,1.69
7160,52.24,1023.1466,35.0,1.47
7161,27.48,1044.5148,36.0,1.54
7162,50.16,1029.3362,45.0,2.15
7163,55.36,1020.9211,35.0,1.43
7164,52.24,1031.7461,45.0,1.65
7165,51.6,1021.3497,7.0,1.47
7166,44.04,1032.5009,40.0,1.71
7167,48.68,1013.6932,39.0,1.65
7168,33.96,1036.9103,26.0,1.3
7169,46.08,1014.2634,26.0,1.47
7170,41.52,1032.4867,58.0,1.64
7171,51.32,1085.7878,21.0,1.46
7172,51.76,1048.3087,28.0,1.67
7173,47.8,1019.6822,59.0,1.61
7174,58.88,1004.8291,25.0,1.42
7175,49.44,1014.7348,49.0,1.37
7176,55.48,1080.8506,40.0,1.8
7177,52.92,1097.5306,27.0,1.46
7178,61.64,1100.6346,3.0,1.98
7179,38.96,1009.6057,59.0,1.45
7180,43.88,1002.6944,48.0,1.39
7181,46.32,1027.7374,32.0,1.68
7182,56.6,1019.4199,28.0,1.84
7183,48.12,1024.5772,30.0,1.63
7184,44.56,1051.8859,51.0,1.54
7185,45.2,1028.4187,47.0,1.55
7186,46.4,1071.4697,36.0,1.48
7187,41.2,1053.478,53.0,1.63
7188,41.52,1002.3804,78.0,1.36
7189,46.16,1106.0529,29.0,1.54
7190,54.6,1039.8298,46.0,1.54
7191,39.4,1040.6679,88.0,1.57
7192,43.6,1067.4505,20.0,2.37
7193,51.64,1146.0153,44.0,2.23
7194,50.84,1052.531,39.0,1.78
7195,53.36,1087.5159,80.0,1.79
7196,52.2,981.7359,52.0,1.74
7197,42.76,1067.986,53.0,2.06
7198,43.96,974.0174,13.0,1.42
7199,39.8,1000.5372,51.0,2.1
7200,40.24,1013.7861,65.0,1.51
7201,47.44,1050.4074,29.0,1.45
7202,51.8,1039.037,18.0,1.35
7203,50.96,1075.7588,44.0,1.53
7204,55.48,1169.4727,32.0,1.6
7205,25.6,1010.8148,36.0,1.36
7206,42.64,1022.095,26.0,1.31
7207,38.76,1029.7297,30.0,1.57
7208,46.64,1100.4904,13.0,1.5
7209,44.12,1035.2908,78.0,1.61
7210,40.48,1016.2307,51.0,1.59
7211,50.36,1035.7809,28.0,1.49
7212,46.36,999.6497,43.0,1.79
7213,52.96,1019.6773,41.0,1.45
7214,34.96,1037.6466,97.0,1.53
7215,49.72,1086.8505,44.0,2.37
7216,47.48,1043.0246,17.0,2.09
7217,44.32,1021.9684,34.0,2.01
7218,45.0,1004.0206,27.0,1.95
7219,51.2,1029.3266,24.0,1.42
7220,48.76,1059.195,46.0,1.71
7221,41.72,1054.5175,25.0,1.83
7222,39.4,1047.343,39.0,1.77
7223,39.32,1024.9119,84.0,1.65
7224,51.8,1105.0557,12.0,1.56
7225,59.44,1043.7694,66.0,1.69
7226,48.36,1018.6966,94.0,2.02
7227,48.76,1068.9123,78.0,1.7
7228,47.8,1038.5889,39.0,1.69
7229,42.92,1065.6764,50.0,1.67
7230,37.12,1011.318,43.0,1.74
7231,29.52,1036.7024,64.0,1.47
7232,61.44,1062.99,13.0,1.72
7233,31.52,1043.8315,38.0,1.61
7234,37.68,1012.4055,43.0,1.39
7235,22.2,1023.8565,89.0,1.32
7236,40.12,993.4154,71.0,1.07
7237,36.96,1076.0999,57.0,1.01
7238,44.36,1055.1502,28.0,1.16
7239,41.64,1133.8754,33.0,1.13
7240,34.32,1007.4775,92.0,1.1
7241,50.2,1012.6518,39.0,1.42
7242,45.68,1031.4341,31.0,1.34
7243,40.88,1025.4371,24.0,1.13
7244,46.2,1001.4225,47.0,1.04
7245,48.28,1032.3049,40.0,1.18
7246,28.16,987.3354,53.0,1.2
7247,53.36,1000.8624,23.0,1.25
7248,40.28,1047.9922,42.0,1.42
7249,43.68,1001.8424,45.0,1.3
7250,30.92,991.6174,99.0,1.16
7251,38.36,1030.5131,41.0,1.26
7252,48.0,1036.4391,52.0,1.18
7253,39.0,1005.1645,59.0,1.16
7254,34.08,1005.6684,51.0,1.25
7255,28.96,1018.9034,39.0,1.25
7256,50.24,1074.2269,28.0,1.47
7257,47.32,1046.4123,55.0,1.6
7258,22.2,980.4066,91.0,1.53
7259,46.04,1081.4371,76.0,1.54
7260,46.56,1108.9783,30.0,1.79
7261,46.64,1041.2261,-21.0,1.54
7262,45.64,1234.7853,62.0,1.61
7263,45.0,1038.837,22.0,1.55
7264,59.6,1106.7189,17.0,1.6
7265,51.76,1032.9357,35.0,2.33
7266,49.8,1015.9766,31.0,1.55
7267,52.2,1064.4182,9.0,1.2
7268,37.48,1015.4926,4.0,1.05
7269,32.12,1082.2298,70.0,1.13
7270,52.76,1018.2036,8.0,1.14
7271,44.92,1045.6837,35.0,1.09
7272,26.44,1006.9744,68.0,1.25
7273,39.6,1071.015,60.0,1.14
7274,54.72,1039.2061,63.0,1.0
7275,45.08,1010.1946,41.0,1.17
7276,34.92,1043.1586,82.0,1.12
7277,49.4,1075.1721,51.0,1.38
7278,57.08,1048.4246,13.0,1.15
7279,29.24,997.9368,65.0,1.05
7280,44.64,1096.0613,22.0,1.2
7281,53.12,985.6631,18.0,1.17
7282,28.56,1046.4178,117.0,0.98
7283,54.76,1034.7274,41.0,1.07
7284,44.64,1093.9211,40.0,1.05
7285,46.2,1007.9812,31.0,1.11
7286,29.64,1061.4082,86.0,1.06
7287,49.76,1039.3092,35.0,1.12
7288,54.0,1079.944,33.0,1.11
7289,46.64,1027.2606,56.0,1.2
7290,29.84,1039.3095,139.0,1.07
7291,37.64,1041.5215,91.0,1.1
7292,51.36,1052.5154,51.0,1.12
7293,52.84,1041.2549,33.0,1.13
7294,57.28,1027.3391,51.0,1.12
7295,52.52,982.6819,15.0,1.27
7296,49.44,1026.723,37.0,1.12
7297,61.48,996.6351,4.0,1.14
7298,45.96,1086.3144,31.0,1.16
7299,23.96,983.8094,39.0,1.02
7300,46.96,1024.2077,36.0,1.08
7301,46.16,1006.6891,70.0,1.15
7302,53.64,1172.1668,65.0,1.06
7303,52.12,1007.6355,28.0,1.21
7304,44.68,1018.6416,35.0,1.24
7305,42.28,1091.4375,24.0,1.34
7306,64.36,1021.6982,6.0,1.62
7307,48.48,1097.5638,9.0,1.91
7308,46.0,982.2882,56.0,1.51
7309,56.76,1105.4442,-15.0,1.53
7310,69.44,1045.5749,11.0,2.18
7311,42.88,1005.4138,40.0,1.54
7312,51.0,1036.7743,41.0,1.83
7313,42.88,1017.9338,6.0,1.51
7314,37.8,1056.5149,61.0,1.57
7315,40.36,1010.9384,7.0,2.35
7316,51.32,1021.5984,54.0,1.59
7317,33.08,1046.3938,82.0,1.54
7318,59.64,1019.9256,6.0,1.92
7319,51.64,1117.9872,37.0,1.7
7320,43.32,1050.3247,49.0,1.64
7321,47.72,1131.4543,44.0,2.46
7322,58.8,1132.885,31.0,1.7
7323,52.6,1076.5734,66.0,1.61
7324,34.16,1054.7374,20.0,1.43
7325,35.76,1007.2042,114.0,1.71
7326,50.88,1049.0467,16.0,1.58
7327,57.0,1024.3435,14.0,1.61
7328,42.4,1034.1195,57.0,1.6
7329,55.96,1047.998,17.0,1.76
7330,47.96,1020.2312,32.0,1.56
7331,44.12,1034.7,30.0,1.55
7332,37.12,1003.1025,59.0,1.86
7333,43.76,1036.7127,32.0,1.69
7334,60.44,1013.1966,45.0,1.44
7335,44.04,1046.4467,65.0,1.31
7336,20.84,1003.8813,68.0,1.12
7337,49.4,1010.1278,22.0,1.33
7338,46.52,1003.0207,19.0,1.21
7339,63.08,1086.3443,52.0,1.08
7340,30.64,990.654,48.0,1.22
7341,39.28,1070.0599,31.0,1.09
7342,56.04,1015.9159,29.0,1.1
7343,34.08,1002.8006,28.0,1.1
7344,48.72,1104.3544,28.0,1.28
7345,43.04,1091.5236,33.0,1.09
7346,25.8,1052.5508,58.0,1.21
7347,39.0,1061.6734,67.0,1.17
7348,56.84,1027.603,40.0,1.07
7349,45.72,1021.449,46.0,1.17
7350,49.04,1078.4492,22.0,1.13
7351,59.88,1109.2281,34.0,1.2
7352,41.68,1013.5815,46.0,1.24
7353,58.6,1020.2622,33.0,1.09
7354,45.28,1013.5304,32.0,1.05
7355,50.4,1035.3072,45.0,1.2
7356,55.28,1010.4302,8.0,1.13
7357,40.84,993.5955,50.0,1.1
7358,47.88,1071.3822,76.0,1.06
7359,55.76,1060.8296,30.0,1.17
7360,59.8,1015.1519,10.0,1.16
7361,43.2,1026.6194,41.0,1.26
7362,25.12,980.1553,81.0,0.99
7363,36.2,992.8549,18.0,1.11
7364,44.12,1061.9927,29.0,1.27
7365,51.44,1110.8672,33.0,1.36
7366,54.36,1065.6366,58.0,1.27
7367,36.96,1005.0832,92.0,1.12
7368,37.88,1013.3529,16.0,1.1
7369,28.64,984.6736,87.0,1.16
7370,32.96,1035.294,47.0,1.06
7371,51.64,1051.1259,24.0,1.15
7372,43.76,1056.8419,36.0,1.1
7373,26.36,1017.2838,31.0,1.14
7374,31.64,1017.9099,48.0,1.21
7375,45.4,1069.8686,46.0,1.15
7376,47.48,1002.4265,75.0,1.13
7377,44.88,1055.2615,28.0,1.14
7378,50.56,1034.9855,25.0,1.14
7379,44.0,1010.3129,28.0,1.1
7380,36.64,1020.3861,29.0,1.04
7381,41.04,1020.2028,54.0,1.12
7382,54.56,1017.7566,21.0,1.26
7383,37.4,975.2444,52.0,1.16
7384,42.76,1091.6733,27.0,1.13
7385,51.88,1084.6922,16.0,1.07
7386,43.72,1054.1287,80.0,1.18
7387,42.0,995.8734,39.0,1.16
7388,38.88,1025.423,45.0,1.14
7389,43.68,1018.9894,39.0,1.21
7390,50.12,1008.4698,44.0,1.34
7391,39.68,1081.4055,76.0,1.37
7392,52.88,1126.5437,73.0,1.14
7393,50.0,1050.4895,21.0,1.24
7394,35.52,1001.3507,66.0,1.4
7395,34.12,999.7055,55.0,1.22
7396,47.04,1020.3035,9.0,1.28
7397,51.28,1070.0508,38.0,1.14
7398,52.84,1053.1222,27.0,1.15
7399,50.8,977.4435,35.0,1.13
7400,22.56,984.2086,77.0,1.1
7401,28.2,1034.4211,68.0,1.13
7402,42.68,1105.9492,62.0,1.16
7403,40.72,1020.3954,71.0,1.04
7404,45.56,1019.056,42.0,1.3
7405,43.0,1027.3291,10.0,1.36
7406,58.92,1173.5982,34.0,1.16
7407,51.64,1021.6226,18.0,1.51
7408,41.36,1041.0676,21.0,1.39
7409,22.8,1022.3176,81.0,1.39
7410,41.68,1020.2175,20.0,1.52
7411,39.84,1020.9491,69.0,1.56
7412,39.96,988.1991,75.0,1.37
7413,47.16,1033.9968,27.0,1.45
7414,22.68,1055.8702,52.0,1.53
7415,58.16,1008.3289,45.0,1.4
7416,37.0,1060.33,17.0,1.68
7417,55.92,1026.2721,30.0,1.46
7418,38.48,1027.4115,13.0,1.51
7419,50.76,1057.9334,34.0,1.69
7420,46.68,1094.4766,29.0,1.51
7421,49.32,1027.5395,49.0,1.65
7422,47.44,1040.3202,18.0,1.56
7423,53.16,1043.1454,60.0,1.43
7424,55.68,1032.9064,45.0,1.42
7425,39.0,995.2987,38.0,1.52
7426,52.16,1058.6654,87.0,1.58
7427,39.56,992.3389,31.0,1.74
7428,53.84,1034.7935,69.0,1.52
7429,27.16,1088.0047,102.0,1.54
7430,24.8,1005.6107,46.0,1.59
7431,43.6,1005.4365,53.0,1.63
7432,57.44,988.4788,33.0,1.82
7433,44.72,995.3148,19.0,1.55
7434,39.68,1035.352,38.0,1.89
7435,43.56,1042.7412,51.0,1.8
7436,42.28,1076.2046,37.0,1.62
7437,45.16,1049.6905,10.0,1.67
7438,45.72,1025.6909,14.0,1.6
7439,48.36,1036.752,55.0,1.49
7440,24.28,1004.2615,57.0,1.48
7441,49.8,973.6021,13.0,1.06
7442,46.52,1031.5468,25.0,1.16
7443,48.04,980.9052,1.0,1.38
7444,35.28,1027.6853,57.0,1.24
7445,50.68,1043.8843,43.0,1.14
7446,49.32,1034.8882,49.0,1.41
7447,47.68,1030.7724,23.0,1.31
7448,36.76,1055.7111,79.0,1.22
7449,47.72,1031.7934,62.0,1.31
7450,47.88,1058.8562,58.0,1.26
7451,46.48,1034.0506,17.0,1.19
7452,44.0,1059.2181,48.0,1.08
7453,42.68,1008.068,47.0,1.32
7454,38.2,1033.9356,55.0,1.37
7455,45.52,1049.5074,57.0,1.43
7456,29.52,1009.6098,32.0,1.81
7457,34.08,1029.776,62.0,1.55
7458,44.12,1007.0983,29.0,1.31
7459,36.6,1135.8079,19.0,1.55
7460,39.84,1035.1384,72.0,1.51
7461,44.6,1023.1107,50.0,1.57
7462,60.48,1048.8382,50.0,1.65
7463,42.56,1041.2422,31.0,1.6
7464,32.16,979.4866,57.0,1.72
7465,54.04,1008.8283,28.0,1.67
7466,44.6,1240.794,91.0,1.42
7467,52.96,1043.4651,17.0,1.71
7468,50.48,1088.3275,81.0,1.64
7469,40.08,1054.9974,56.0,1.69
7470,24.96,1055.1546,50.0,1.7
7471,31.52,1037.2526,50.0,1.72
7472,49.44,1013.9216,63.0,2.12
7473,39.48,1083.284,40.0,1.48
7474,56.4,1127.5944,24.0,1.26
7475,40.72,1078.0136,44.0,1.54
7476,44.8,1036.8006,86.0,1.26
7477,36.76,1005.7499,50.0,1.2
7478,49.52,1047.3177,44.0,1.11
7479,40.92,1023.6268,31.0,1.2
7480,19.56,1001.2216,98.0,1.3
7481,57.8,1029.591,45.0,1.72
7482,24.52,989.1104,61.0,1.18
7483,50.6,1033.6779,23.0,1.21
7484,20.68,983.6848,82.0,1.08
7485,38.48,993.627,56.0,1.14
7486,43.12,1047.7653,74.0,1.09
7487,45.2,1024.9199,43.0,1.13
7488,47.84,1069.7995,11.0,1.2
7489,63.96,1091.5692,41.0,1.13
7490,54.68,1064.8176,26.0,1.13
7491,52.56,1029.217,12.0,1.3
7492,48.92,987.1087,40.0,1.28
7493,38.16,1021.4823,81.0,1.14
7494,41.96,1085.221,72.0,1.04
7495,36.0,1016.2148,7.0,1.25
7496,34.96,1001.6522,57.0,1.08
7497,46.04,1015.8591,38.0,1.11
7498,49.32,1038.0984,82.0,1.06
7499,52.92,1056.0065,102.0,1.17
7500,44.04,1197.2857,29.0,1.07
7501,51.4,1037.0183,57.0,1.07
7502,34.24,998.0786,96.0,1.08
7503,44.32,1085.078,124.0,1.12
7504,38.16,1027.5028,80.0,1.31
7505,43.84,1018.3975,33.0,1.4
7506,42.16,1040.2983,80.0,1.5
7507,54.68,1018.9725,47.0,1.45
7508,45.96,1019.538,84.0,1.5
7509,39.44,1047.7544,20.0,1.51
7510,34.48,1064.4746,64.0,1.47
7511,36.68,1040.4744,54.0,1.46
7512,51.08,1021.8426,21.0,1.53
7513,58.6,1069.2094,9.0,1.61
7514,36.28,980.1078,58.0,1.54
7515,47.44,1024.1531,14.0,1.96
7516,44.12,1038.102,48.0,2.28
7517,35.48,1054.1009,46.0,1.81
7518,49.84,1030.2152,15.0,1.73
7519,50.64,1049.2727,33.0,1.83
7520,45.36,1040.417,10.0,1.66
7521,58.8,1071.548,5.0,1.78
7522,41.16,1041.8732,37.0,1.9
7523,52.24,1032.9629,70.0,1.96
7524,48.88,1050.1698,61.0,1.81
7525,48.8,1041.4456,57.0,2.03
7526,33.96,1076.7444,83.0,1.95
7527,37.68,985.7268,39.0,1.62
7528,21.68,980.1249,80.0,1.39
7529,39.76,1011.8633,21.0,1.65
7530,49.76,1042.2942,44.0,1.6
7531,47.44,1094.3159,49.0,1.3
7532,43.12,1042.6953,65.0,1.45
7533,52.52,1077.4895,37.0,1.94
7534,42.48,1016.8981,52.0,1.57
7535,42.16,1032.3355,22.0,1.45
7536,51.44,1022.0166,11.0,1.83
7537,52.28,1003.2635,55.0,1.71
7538,33.28,1188.5654,107.0,1.72
7539,43.56,1063.2685,72.0,1.73
7540,55.56,1076.1626,48.0,1.49
7541,51.28,1056.4028,15.0,1.9
7542,45.6,1008.479,27.0,1.56
7543,58.24,1175.9216,33.0,1.57
7544,62.12,1056.2334,14.0,1.7
7545,49.92,1050.667,37.0,1.63
7546,42.96,1062.5275,40.0,1.46
7547,46.0,1008.0108,46.0,1.51
7548,49.12,1022.5448,26.0,1.45
7549,47.68,1086.4087,69.0,1.28
7550,50.92,1113.2546,21.0,1.48
7551,41.68,1001.5549,-12.0,1.42
7552,52.68,1041.3924,23.0,1.81
7553,55.12,1026.342,24.0,2.0
7554,53.76,1040.1516,31.0,1.58
7555,56.96,996.453,70.0,1.47
7556,23.16,1036.6576,24.0,1.66
7557,44.88,1026.6133,39.0,1.72
7558,37.56,1021.4835,72.0,1.67
7559,44.08,995.3721,62.0,1.58
7560,22.48,972.5119,59.0,1.54
7561,30.08,970.4576,97.0,1.35
7562,42.04,1034.4564,48.0,1.61
7563,40.72,1069.0819,62.0,1.41
7564,47.4,1044.3393,15.0,1.36
7565,56.24,1039.8601,14.0,1.24
7566,44.0,971.2499,-9.0,1.12
7567,57.68,1163.4114,44.0,1.56
7568,46.96,1123.5456,80.0,1.85
7569,34.76,1012.6267,48.0,1.53
7570,55.48,1049.1389,13.0,1.49
7571,60.56,1013.6461,47.0,1.64
7572,53.04,1194.6819,36.0,1.45
7573,51.04,1135.7446,45.0,1.61
7574,52.08,1050.8348,43.0,1.59
7575,51.36,1168.3925,45.0,1.59
7576,60.84,1045.7106,26.0,1.54
7577,27.52,984.7329,40.0,1.62
7578,45.84,1053.041,57.0,1.54
7579,38.8,1225.428,26.0,1.37
7580,47.8,982.1856,30.0,1.56
7581,52.16,1041.7558,36.0,1.57
7582,35.52,1043.3467,104.0,1.76
7583,52.32,1044.2453,38.0,1.54
7584,44.12,995.8868,68.0,1.57
7585,46.64,1017.747,38.0,1.49
7586,42.76,1090.144,13.0,1.69
7587,46.68,1015.3436,75.0,1.54
7588,45.44,1052.9526,35.0,1.48
7589,39.6,1037.0434,17.0,1.66
7590,46.96,1043.6172,45.0,1.48
7591,55.8,1028.7224,25.0,1.42
7592,29.08,991.4473,55.0,1.47
7593,38.36,1010.9812,51.0,2.53
7594,43.4,1003.8193,91.0,1.97
7595,35.16,1030.3499,26.0,1.87
7596,50.88,994.828,25.0,1.68
7597,42.6,992.3758,77.0,1.67
7598,40.72,1035.6048,29.0,1.41
7599,39.32,1070.0942,60.0,1.4
7600,35.16,1011.0147,88.0,1.33
7601,48.88,1064.9934,14.0,1.67
7602,51.96,1015.0924,24.0,1.39
7603,48.08,1074.7035,49.0,1.51
7604,54.52,1042.0618,60.0,1.44
7605,40.92,1004.9223,8.0,1.42
7606,35.16,1013.5943,50.0,1.44
7607,22.2,1015.208,92.0,1.74
7608,45.72,1038.1136,68.0,1.87
7609,44.6,1042.6745,71.0,1.57
7610,26.92,1035.7264,55.0,1.56
7611,24.0,981.925,98.0,1.5
7612,35.08,992.8617,63.0,2.33
7613,58.12,1112.9602,46.0,2.63
7614,44.72,1041.5783,62.0,1.71
7615,50.44,1057.2459,38.0,1.99
7616,41.96,989.6988,84.0,2.02
7617,39.8,1035.42,55.0,1.74
7618,60.04,1044.1226,28.0,1.48
7619,47.96,1007.805,42.0,1.54
7620,45.92,1050.0747,14.0,1.75
7621,46.36,1036.6378,27.0,1.74
7622,37.36,1040.7676,66.0,1.51
7623,35.8,1093.854,56.0,1.51
7624,41.08,1100.7289,51.0,2.39
7625,37.2,1043.6454,44.0,2.08
7626,54.04,1056.4835,59.0,1.67
7627,47.56,1040.443,40.0,1.73
7628,30.28,1018.4552,59.0,1.73
7629,55.4,1034.2146,30.0,1.76
7630,45.8,1072.436,68.0,1.56
7631,65.12,1015.9332,10.0,1.57
7632,39.76,1035.9792,46.0,1.79
7633,50.36,1018.8076,37.0,1.73
7634,49.8,1055.9685,18.0,1.68
7635,42.84,1101.4205,77.0,1.71
7636,40.28,1206.2778,29.0,2.01
7637,52.8,1043.892,27.0,1.76
7638,52.92,984.834,53.0,1.92
7639,61.56,1021.1721,23.0,1.81
7640,37.56,1009.1233,23.0,1.98
7641,60.96,1029.6935,22.0,1.84
7642,26.2,1043.1776,90.0,1.56
7643,45.96,1034.0566,49.0,1.97
7644,41.68,1034.0733,42.0,1.85
7645,40.84,1038.8478,46.0,1.47
7646,46.0,1035.5007,34.0,1.78
7647,53.28,1063.331,10.0,1.7
7648,58.44,1024.4147,29.0,1.73
7649,36.84,1058.9675,82.0,2.14
7650,29.96,1050.5235,29.0,2.03
7651,42.04,1054.6659,60.0,1.88
7652,59.2,1044.5201,10.0,1.61
7653,44.44,1023.9808,68.0,1.24
7654,46.28,1130.2704,16.0,1.16
7655,46.0,1057.1363,10.0,1.4
7656,37.56,1025.1423,51.0,1.11
7657,61.32,993.9293,33.0,1.29
7658,27.0,979.5108,62.0,1.26
7659,43.36,1036.3163,46.0,1.19
7660,50.36,1074.8391,44.0,1.18
7661,36.28,1055.1353,62.0,1.08
7662,42.16,1051.4009,34.0,1.19
7663,46.84,1145.7725,53.0,1.2
7664,46.32,1009.8357,16.0,1.55
7665,49.88,1082.8093,39.0,1.71
7666,53.88,1035.0718,25.0,1.58
7667,21.96,981.5059,109.0,1.58
7668,38.88,1043.2229,50.0,1.69
7669,56.76,1003.9931,17.0,1.37
7670,48.8,1002.3283,38.0,1.74
7671,35.6,1009.2722,41.0,1.61
7672,31.76,1007.9329,85.0,1.52
7673,49.16,989.463,31.0,1.95
7674,55.4,1056.1914,35.0,2.77
7675,53.48,1046.0839,51.0,1.79
7676,47.08,1036.2628,61.0,2.72
7677,51.6,1036.4192,31.0,2.43
7678,45.44,1012.3906,41.0,1.68
7679,31.08,996.3165,34.0,1.6
7680,58.96,1035.6594,27.0,2.19
7681,47.28,1040.1019,50.0,1.46
7682,48.52,1047.1684,41.0,1.84
7683,65.8,1027.6942,12.0,1.59
7684,38.08,1028.9524,87.0,1.55
7685,43.72,1168.52,10.0,1.43
7686,39.08,997.7559,43.0,1.64
7687,55.16,1041.7681,33.0,1.73
7688,56.68,1028.2165,41.0,1.61
7689,44.2,1011.3622,57.0,1.48
7690,38.28,1040.3269,97.0,1.66
7691,56.68,1069.6731,56.0,1.59
7692,40.64,1057.4098,36.0,1.82
7693,37.48,1038.4482,56.0,1.68
7694,47.32,1055.5383,32.0,1.81
7695,49.68,1061.5068,39.0,1.56
7696,27.6,1010.4387,110.0,1.5
7697,32.28,1051.6162,108.0,1.69
7698,52.32,1019.5419,46.0,1.56
7699,46.16,1161.8327,54.0,1.88
7700,45.84,1011.6692,38.0,1.52
7701,66.56,1063.7236,19.0,2.3
7702,44.64,1029.5793,74.0,1.93
7703,51.72,1023.5732,34.0,1.57
7704,48.48,1005.5907,24.0,1.69
7705,33.64,1050.8135,50.0,1.62
7706,61.88,1014.8107,33.0,1.75
7707,42.76,1037.1436,122.0,2.13
7708,47.32,1053.2004,88.0,2.08
7709,33.0,1007.6856,19.0,1.97
7710,58.48,1015.2525,45.0,2.13
7711,47.52,1048.1262,48.0,1.57
7712,29.64,981.129,67.0,1.28
7713,42.84,1046.1787,29.0,1.48
7714,40.84,1053.9422,77.0,1.74
7715,45.52,1053.2533,18.0,1.59
7716,43.32,1026.3003,47.0,1.6
7717,37.76,1004.0829,68.0,1.66
7718,50.76,1050.3308,47.0,1.61
7719,21.0,980.1155,82.0,1.52
7720,48.8,1023.701,54.0,1.86
7721,42.16,1023.8877,20.0,1.67
7722,35.8,1080.4577,43.0,1.62
7723,39.4,1103.0347,32.0,1.59
7724,52.84,1029.2432,17.0,1.55
7725,41.0,981.3933,69.0,1.44
7726,49.8,1090.8204,69.0,1.63
7727,51.44,1024.1812,29.0,1.87
7728,52.2,1062.5872,56.0,3.04
7729,32.36,1003.585,110.0,1.79
7730,51.08,1005.7942,42.0,2.09
7731,54.32,1079.6203,60.0,1.3
7732,40.48,1044.9339,45.0,1.14
7733,42.32,1024.2106,24.0,1.15
7734,41.24,1013.0506,60.0,1.15
7735,40.4,983.3494,40.0,1.32
7736,36.56,1095.3669,62.0,1.29
7737,33.72,998.1016,97.0,1.4
7738,45.64,1035.2499,29.0,1.36
7739,61.48,1103.7609,40.0,1.59
7740,49.88,1043.0724,4.0,1.18
7741,50.72,1013.2818,56.0,1.59
7742,48.52,1005.8236,55.0,1.53
7743,50.76,1020.5316,30.0,1.52
7744,38.48,1004.5994,56.0,1.58
7745,43.68,1012.9452,44.0,1.57
7746,31.2,1004.0321,57.0,1.39
7747,39.2,1031.6386,14.0,1.66
7748,57.04,1028.2347,28.0,1.44
7749,52.84,1065.0688,42.0,1.33
7750,46.4,1014.5142,60.0,1.39
7751,43.92,988.0193,60.0,1.45
7752,53.84,1054.3085,41.0,2.51
7753,24.84,977.4617,13.0,2.56
7754,42.52,1033.9999,104.0,1.67
7755,38.4,1029.1029,47.0,1.7
7756,27.52,1027.6137,94.0,1.69
7757,41.48,1073.0588,48.0,1.82
7758,50.0,1219.3343,70.0,1.66
7759,58.28,1009.4445,1.0,1.63
7760,47.6,1032.1631,44.0,1.84
7761,47.36,1026.4373,44.0,1.62
7762,39.68,1027.0507,94.0,1.53
7763,41.56,1084.0216,64.0,1.42
7764,43.96,1033.5808,36.0,1.94
7765,52.8,1049.5369,84.0,1.77
7766,42.76,1232.978,77.0,1.44
7767,43.8,1036.5614,45.0,1.46
7768,42.12,1026.7392,15.0,1.22
7769,60.44,1035.9112,26.0,1.26
7770,43.28,1017.9781,29.0,1.3
7771,48.8,1077.2729,34.0,1.31
7772,51.52,1127.3392,23.0,1.46
7773,42.68,1034.6463,45.0,2.0
7774,47.16,1024.8548,19.0,1.31
7775,51.28,1040.7272,89.0,1.37
7776,40.52,1046.4063,44.0,1.2
7777,27.36,1023.5821,48.0,1.35
7778,41.56,999.5237,13.0,1.25
7779,39.28,1050.0524,46.0,1.45
7780,52.24,1004.5008,54.0,1.35
7781,34.16,987.963,111.0,1.27
7782,50.88,1021.2005,67.0,1.31
7783,48.08,1012.5778,85.0,1.56
7784,49.28,1019.4209,36.0,1.35
7785,58.08,1119.3233,16.0,1.77
7786,54.8,1034.3922,35.0,1.3
7787,45.16,1000.2609,76.0,1.45
7788,34.2,974.3163,128.0,1.29
7789,32.44,1021.2407,46.0,1.38
7790,51.52,1032.5809,57.0,1.25
7791,47.76,1000.7391,16.0,1.29
7792,45.32,1042.4725,72.0,1.31
7793,55.12,1056.889,49.0,1.33
7794,44.92,1074.2107,66.0,1.41
7795,53.64,1027.5778,78.0,1.32
7796,46.8,1047.4305,51.0,1.48
7797,43.0,1018.626,36.0,1.4
7798,37.52,1006.8872,33.0,1.38
7799,57.64,1037.8438,24.0,1.33
7800,40.16,1051.3029,51.0,1.52
7801,60.16,1042.885,18.0,1.68
7802,54.76,1006.573,46.0,1.9
7803,32.12,994.8345,47.0,1.46
7804,47.36,1006.4886,29.0,1.34
7805,53.16,1074.9367,14.0,1.52
7806,48.2,984.634,80.0,1.53
7807,44.08,1008.0691,45.0,1.48
7808,53.0,1021.87,36.0,1.41
7809,37.52,1048.6503,53.0,1.35
7810,49.12,1047.1344,50.0,1.65
7811,43.4,1104.2732,60.0,1.36
7812,26.16,999.0211,39.0,1.39
7813,28.0,1005.5188,60.0,1.35
7814,41.64,1041.8548,29.0,1.42
7815,48.08,1166.1954,55.0,1.28
7816,33.0,1048.6753,65.0,1.33
7817,48.68,1161.6952,51.0,1.18
7818,59.04,1015.0183,60.0,2.01
7819,57.56,1019.8376,16.0,1.24
7820,40.12,1046.1765,70.0,1.2
7821,58.12,1027.6713,20.0,1.95
7822,42.84,1037.4361,34.0,1.47
7823,36.12,1054.9792,93.0,1.74
7824,36.16,1039.1506,41.0,2.14
7825,40.92,1057.7458,50.0,2.01
7826,55.24,1078.9405,6.0,2.01
7827,42.24,1046.6336,34.0,1.77
7828,56.76,1064.0088,12.0,1.79
7829,49.96,1020.7387,46.0,1.56
7830,47.76,1082.4558,87.0,1.61
7831,51.32,1059.667,53.0,1.7
7832,48.56,994.4772,74.0,2.26
7833,49.84,1081.4453,59.0,1.96
7834,44.64,1051.4171,36.0,3.78
7835,24.56,988.0868,69.0,2.98
7836,38.08,1068.0698,63.0,3.14
7837,39.28,1112.8602,77.0,4.22
7838,50.12,1014.1462,47.0,3.25
7839,35.04,1042.0178,58.0,2.04
7840,44.92,1028.4784,52.0,1.42
7841,36.88,1029.6873,37.0,1.46
7842,54.88,1035.864,19.0,1.42
7843,44.88,1108.333,38.0,1.53
7844,33.32,988.0132,73.0,1.47
7845,41.0,1089.1996,72.0,1.42
7846,54.48,1051.0723,16.0,1.35
7847,52.12,1012.8604,54.0,1.42
7848,41.24,1062.19,45.0,1.32
7849,46.88,1051.8433,22.0,1.25
7850,45.44,992.3834,34.0,1.07
7851,40.12,1002.5631,45.0,1.3
7852,43.6,1031.2692,40.0,2.03
7853,38.44,1111.715,65.0,1.55
7854,49.04,1052.9964,33.0,2.08
7855,45.44,1041.7552,40.0,1.75
7856,47.36,977.2695,57.0,1.24
7857,38.96,1017.158,21.0,1.65
7858,39.68,1053.9846,65.0,1.96
7859,40.08,1031.7967,31.0,1.5
7860,34.32,1049.4055,56.0,1.47
7861,38.2,997.0166,50.0,1.27
7862,47.88,1052.8878,26.0,1.7
7863,52.88,1067.6932,75.0,2.85
7864,43.76,1042.5326,89.0,1.84
7865,44.36,1031.3591,25.0,1.45
7866,47.52,1023.9131,78.0,1.67
7867,48.04,1316.613,11.0,2.13
7868,48.08,1126.8758,-14.0,2.05
7869,25.84,1006.7299,33.0,1.7
7870,40.52,1021.641,41.0,1.4
7871,43.72,1077.4937,45.0,1.85
7872,56.32,1037.3898,32.0,2.07
7873,46.76,1034.0014,39.0,1.61
7874,55.72,1082.3386,61.0,1.87
7875,42.8,1065.229,12.0,1.42
7876,47.96,1052.3133,33.0,1.47
7877,58.2,1034.816,11.0,1.34
7878,34.32,1014.6138,60.0,1.33
7879,52.96,1091.5306,21.0,1.39
7880,56.52,1027.642,17.0,1.59
7881,44.12,1061.7088,60.0,1.34
7882,33.32,1109.8825,125.0,1.52
7883,41.92,1040.5204,57.0,0.98
7884,40.44,1005.6864,56.0,1.29
7885,52.32,1096.7416,17.0,1.37
7886,50.92,1028.0937,60.0,1.47
7887,58.72,1036.4634,24.0,1.62
7888,42.56,1035.6922,39.0,1.47
7889,52.2,1011.9105,53.0,1.28
7890,57.44,1006.625,49.0,1.44
7891,31.36,1008.5706,58.0,1.47
7892,34.32,1007.9236,29.0,1.37
7893,47.28,1057.9754,71.0,1.44
7894,44.44,1085.5988,29.0,1.26
7895,48.16,1019.7822,29.0,2.06
7896,59.84,1023.2022,13.0,1.68
7897,29.64,1007.3996,101.0,1.93
7898,50.8,1059.3849,17.0,1.54
7899,46.04,1003.4074,78.0,2.18
7900,35.68,1039.1316,58.0,2.08
7901,55.72,1064.4097,50.0,2.03
7902,38.8,1031.7588,38.0,1.69
7903,43.0,1132.42,49.0,1.63
7904,50.92,1105.0711,49.0,2.41
7905,45.76,1153.0843,62.0,1.73
7906,32.84,1016.8944,113.0,1.67
7907,33.6,1003.4013,36.0,1.35
7908,47.76,1048.2838,42.0,1.51
7909,63.28,1038.7423,25.0,2.22
7910,44.36,1010.4549,35.0,1.8
7911,50.2,998.5618,30.0,1.82
7912,51.28,1084.377,51.0,1.31
7913,55.76,1058.8207,54.0,1.26
7914,42.16,1026.0182,23.0,1.38
7915,36.12,1010.4613,16.0,1.0
7916,52.16,1066.4078,20.0,1.14
7917,47.6,991.9906,9.0,1.06
7918,45.68,1077.4502,29.0,1.8
7919,27.56,982.5756,48.0,1.37
7920,41.24,1021.6892,80.0,1.11
7921,58.6,1035.4523,60.0,1.1
7922,61.44,1041.6627,35.0,1.28
7923,57.76,992.0854,56.0,1.06
7924,37.56,1088.1177,33.0,1.21
7925,37.92,1030.282,61.0,0.97
7926,47.72,1060.6359,69.0,0.99
7927,46.08,1053.1786,63.0,1.04
7928,48.44,1038.6867,7.0,0.99
7929,30.16,1221.9031,62.0,1.0
7930,38.12,1043.6165,77.0,1.02
7931,49.4,1074.5854,22.0,1.08
7932,50.16,1030.5578,9.0,1.43
7933,36.96,1034.3498,44.0,1.57
7934,54.44,1064.0458,36.0,1.28
7935,41.0,1080.2727,15.0,1.23
7936,45.2,1064.4391,45.0,1.06
7937,43.8,1036.2013,11.0,1.01
7938,43.76,1037.7416,59.0,1.11
7939,43.16,1050.4295,14.0,1.22
7940,40.56,1062.8249,23.0,1.81
7941,35.88,1044.4876,52.0,1.7
7942,50.28,1019.6161,34.0,1.14
7943,39.0,1008.2331,5.0,1.62
7944,55.72,1016.1915,27.0,1.21
7945,25.88,1019.7823,56.0,1.54
7946,40.52,1036.7383,26.0,1.9
7947,47.52,1032.9142,34.0,1.48
7948,45.08,1062.2958,49.0,1.45
7949,45.08,1045.996,28.0,1.44
7950,24.48,1006.3707,67.0,1.26
7951,53.56,1048.5986,51.0,1.47
7952,32.76,1001.9968,29.0,1.58
7953,55.44,1013.675,35.0,1.78
7954,60.76,1150.2274,34.0,1.38
7955,42.36,1042.7806,50.0,1.53
7956,52.12,1013.2946,59.0,1.61
7957,55.24,1090.4496,48.0,1.45
7958,49.12,1068.6577,39.0,1.51
7959,36.16,1031.8274,122.0,1.45
7960,38.44,1025.8907,85.0,1.4
7961,52.64,1070.8907,53.0,1.41
7962,49.4,1120.5614,56.0,1.55
7963,41.32,1013.5275,57.0,1.66
7964,42.84,980.8807,15.0,1.42
7965,61.08,1047.5804,66.0,1.44
7966,50.72,1083.1485,58.0,1.54
7967,57.4,1021.2973,30.0,1.5
7968,39.68,1008.6273,104.0,1.46
7969,44.08,1069.8765,72.0,1.54
7970,56.32,1086.7023,39.0,1.38
7971,50.44,1087.0546,63.0,1.32
7972,37.84,1012.1081,27.0,1.58
7973,48.52,1019.0771,56.0,1.52
7974,53.36,1230.6992,60.0,1.61
7975,26.28,1004.0405,96.0,1.5
7976,38.08,1059.8155,11.0,1.5
7977,36.8,1024.7752,5.0,1.36
7978,42.92,1013.8588,77.0,1.62
7979,31.0,1024.3683,56.0,1.21
7980,46.0,1140.0063,30.0,1.52
7981,48.48,1029.0935,33.0,1.62
7982,31.68,1046.0858,61.0,1.82
7983,27.0,1006.5567,75.0,1.46
7984,59.56,1058.221,20.0,1.57
7985,24.04,980.8519,106.0,1.24
7986,43.08,1053.1184,19.0,1.36
7987,35.16,969.0071,79.0,1.5
7988,52.76,1035.7858,13.0,1.61
7989,58.96,1024.3412,52.0,1.66
7990,39.88,1023.6223,44.0,1.27
7991,57.0,1031.9227,21.0,1.39
7992,43.16,1068.1212,28.0,1.51
7993,51.96,1046.8866,43.0,1.4
7994,37.68,1020.847,66.0,1.41
7995,44.84,1120.8904,37.0,1.65
7996,54.12,1031.1356,47.0,1.39
7997,47.48,1068.961,33.0,1.35
7998,43.72,1041.3636,27.0,1.55
7999,62.52,1046.9869,5.0,1.2
8000,47.28,1094.6552,38.0,1.36
8001,61.0,1019.2781,15.0,1.57
8002,32.92,1002.69,10.0,1.41
8003,59.2,1028.6875,33.0,1.67
8004,37.08,1161.7731,34.0,1.5
8005,25.6,979.386,112.0,1.37
8006,36.92,1027.2944,40.0,1.5
8007,52.96,1009.2786,28.0,1.42
8008,50.68,1114.8074,46.0,1.28
8009,43.96,1046.309,73.0,1.46
8010,35.68,995.0462,46.0,1.49
8011,56.6,1023.7419,32.0,1.31
8012,39.4,1008.7189,21.0,1.41
8013,39.12,1065.9837,55.0,1.61
8014,44.36,1078.1437,37.0,1.26
8015,45.56,1131.323,46.0,1.35
8016,42.0,1012.2578,55.0,1.26
8017,34.96,1036.553,76.0,1.25
8018,45.32,1010.9394,47.0,1.45
8019,43.92,1097.2705,18.0,2.15
8020,34.12,990.5122,39.0,1.72
8021,61.28,1039.6376,10.0,1.53
8022,58.32,1068.8979,37.0,1.5
8023,43.84,1041.7344,11.0,1.66
8024,57.2,1051.9596,24.0,1.34
8025,58.24,1065.1015,25.0,1.76
8026,58.64,1029.0592,16.0,1.48
8027,47.4,1022.7171,33.0,1.44
8028,38.12,1027.9388,89.0,1.49
8029,53.28,1081.4401,9.0,1.4
8030,23.52,1006.7419,22.0,1.56
8031,23.4,1001.8851,40.0,1.59
8032,48.36,1070.8806,10.0,1.64
8033,54.0,1013.1448,46.0,1.35
8034,54.16,1035.944,14.0,1.39
8035,43.88,1012.8505,7.0,1.41
8036,34.44,1078.1469,35.0,1.43
8037,31.2,1017.6961,38.0,1.2
8038,47.88,1023.0053,75.0,1.21
8039,57.16,1107.5112,39.0,0.98
8040,49.92,1049.6348,23.0,1.08
8041,61.4,1031.6986,39.0,1.0
8042,50.16,1054.1562,35.0,1.06
8043,43.96,1031.3529,26.0,1.19
8044,47.44,1086.0018,58.0,1.03
8045,41.8,1005.7574,11.0,1.19
8046,39.68,1056.0872,44.0,1.06
8047,51.68,1038.0988,32.0,1.16
8048,65.08,995.5261,19.0,1.07
8049,43.24,1041.4916,23.0,1.13
8050,50.4,1016.7174,7.0,1.08
8051,50.6,1043.2155,42.0,1.13
8052,26.8,1002.7896,48.0,1.21
8053,26.48,1010.8728,70.0,1.01
8054,42.92,1011.6318,26.0,1.34
8055,48.64,1021.8339,7.0,1.39
8056,32.48,1049.4717,40.0,1.8
8057,45.28,1040.1239,16.0,1.3
8058,38.52,1030.5238,59.0,1.36
8059,42.76,1039.7932,40.0,1.46
8060,38.68,984.0601,10.0,1.49
8061,52.84,1027.1316,7.0,1.49
8062,39.16,1027.1474,43.0,1.39
8063,41.12,1032.2792,41.0,1.44
8064,35.6,1008.4824,92.0,1.16
8065,45.72,1026.0633,35.0,1.33
8066,48.52,1058.1025,27.0,1.52
8067,61.16,1050.686,15.0,1.32
8068,47.92,1054.8736,33.0,1.4
8069,48.4,1089.7646,60.0,1.3
8070,53.64,1020.6732,18.0,1.22
8071,40.88,1046.245,58.0,1.29
8072,38.56,1016.9478,44.0,1.31
8073,48.48,1025.0329,45.0,1.37
8074,50.04,1037.5936,48.0,1.45
8075,49.2,996.3464,28.0,1.35
8076,47.24,1054.4387,47.0,1.45
8077,50.96,1143.0753,44.0,1.28
8078,40.84,1055.3041,62.0,1.51
8079,65.48,1070.1742,18.0,1.4
8080,34.68,1096.0938,72.0,1.39
8081,53.88,1108.4076,30.0,1.23
8082,30.88,992.5049,31.0,1.17
8083,45.04,1107.9705,40.0,1.4
8084,42.24,1010.6391,40.0,1.26
8085,47.52,1024.81,59.0,1.31
8086,44.76,1028.6878,34.0,1.23
8087,40.24,977.4412,64.0,1.18
8088,48.44,1017.1541,27.0,1.47
8089,48.4,1042.1097,68.0,1.77
8090,49.64,1096.924,41.0,1.47
8091,53.52,1032.6011,43.0,1.62
8092,48.6,1095.5904,80.0,1.49
8093,43.08,1024.8011,53.0,1.92
8094,36.68,1018.0087,44.0,1.57
8095,35.24,1023.1395,54.0,1.87
8096,29.28,1004.466,31.0,1.8
8097,45.72,1086.2592,65.0,1.39
8098,43.2,1069.0899,70.0,1.72
8099,62.08,1009.0756,11.0,1.39
8100,49.76,1013.1898,18.0,1.41
8101,39.6,1008.277,14.0,1.59
8102,55.36,1094.1426,67.0,1.71
8103,37.32,995.018,61.0,1.76
8104,44.16,995.895,51.0,1.72
8105,38.84,989.4902,77.0,1.46
8106,39.92,1134.9394,31.0,1.27
8107,54.52,1062.9954,35.0,1.15
8108,38.44,1061.7242,48.0,1.12
8109,28.56,994.1042,62.0,1.14
8110,36.08,1029.1982,67.0,1.11
8111,55.44,1041.789,27.0,1.03
8112,55.32,1029.1641,23.0,1.06
8113,50.48,1105.0931,16.0,1.09
8114,42.04,1022.5735,59.0,1.04
8115,49.52,1060.3077,54.0,0.98
8116,34.04,965.8659,80.0,1.01
8117,26.08,1004.1489,83.0,1.12
8118,40.88,1032.7785,11.0,0.98
8119,44.52,1035.9372,78.0,1.06
8120,46.28,1082.9323,30.0,1.0
8121,43.0,1024.0443,23.0,1.29
8122,46.56,992.4054,39.0,1.05
8123,42.32,1044.8936,79.0,1.07
8124,53.24,1036.374,36.0,1.06
8125,44.56,1095.8177,61.0,1.11
8126,36.44,1041.6342,48.0,1.09
8127,35.32,1015.3624,11.0,1.09
8128,42.0,981.7561,77.0,1.06
8129,42.12,1005.6897,59.0,1.08
8130,50.56,1010.4471,34.0,1.08
8131,58.68,1018.5387,20.0,1.15
8132,24.04,988.7422,46.0,1.12
8133,63.88,1024.9697,34.0,1.1
8134,38.24,994.4725,36.0,1.1
8135,41.64,1023.3318,84.0,1.09
8136,34.88,1020.8067,-4.0,1.12
8137,49.2,1143.428,44.0,1.05
8138,39.24,1157.5886,51.0,0.96
8139,23.32,981.897,84.0,0.95
8140,46.32,1037.4697,52.0,1.15
8141,48.64,1034.443,72.0,1.18
8142,49.36,1087.7192,58.0,1.4
8143,47.28,1027.2412,51.0,1.33
8144,46.2,1019.4748,57.0,1.28
8145,24.04,1034.7302,41.0,1.32
8146,33.64,1046.7452,72.0,1.55
8147,54.32,1052.8681,33.0,2.0
8148,60.08,1072.641,20.0,1.48
8149,40.44,1006.9538,53.0,1.67
8150,56.2,1103.0417,29.0,1.82
8151,55.76,1056.392,54.0,2.01
8152,47.36,1042.4839,75.0,1.75
8153,50.56,1035.0517,64.0,1.44
8154,37.2,989.7172,60.0,1.44
8155,43.56,1006.3026,37.0,1.54
8156,54.0,1011.1419,13.0,1.58
8157,31.2,1012.8102,60.0,1.61
8158,44.8,1065.0383,9.0,1.33
8159,37.68,984.7668,56.0,1.38
8160,42.56,1015.8832,17.0,1.33
8161,53.4,1015.5055,35.0,1.3
8162,56.52,1013.1923,26.0,1.6
8163,54.32,1033.0069,13.0,1.56
8164,60.6,1016.6401,3.0,1.49
8165,47.4,1055.1501,24.0,1.55
8166,48.56,990.0051,26.0,1.42
8167,45.52,1059.9526,2.0,1.24
8168,62.52,1031.9113,6.0,1.56
8169,40.44,1028.1736,11.0,1.69
8170,54.24,1111.2833,71.0,1.91
8171,50.68,1018.4899,38.0,1.89
8172,47.2,1010.5465,27.0,1.57
8173,25.2,1006.9214,4.0,1.67
8174,36.28,993.3509,54.0,1.72
8175,44.0,1105.4858,47.0,1.56
8176,23.0,968.6572,48.0,1.38
8177,37.64,1024.0701,38.0,1.46
8178,44.48,1014.0337,50.0,1.33
8179,39.72,1035.9728,67.0,1.15
8180,53.84,1031.3818,22.0,1.05
8181,44.72,1088.616,52.0,1.06
8182,32.04,995.1109,42.0,1.07
8183,64.76,1011.1461,24.0,1.09
8184,40.56,1166.8339,9.0,1.09
8185,46.8,1014.4932,38.0,1.28
8186,32.84,996.2692,28.0,1.22
8187,38.72,1016.6211,31.0,1.28
8188,55.4,1040.6823,37.0,1.08
8189,43.12,1004.6155,33.0,1.08
8190,51.12,996.7288,17.0,1.15
8191,59.16,1077.9021,52.0,1.19
8192,32.52,976.7108,96.0,0.98
8193,40.08,1085.5484,69.0,1.0
8194,36.6,1039.4567,31.0,1.17
8195,24.44,995.6334,44.0,1.12
8196,51.04,1008.2724,44.0,1.18
8197,43.6,1006.7785,32.0,1.03
8198,54.72,1047.7332,20.0,1.16
8199,42.24,1036.184,48.0,1.19
8200,40.72,1023.5387,22.0,1.24
8201,43.04,1152.5192,57.0,1.26
8202,53.84,1041.5063,4.0,1.14
8203,47.92,1062.9035,37.0,1.25
8204,24.04,987.3901,52.0,1.18
8205,51.44,1025.0357,17.0,1.06
8206,47.48,1035.6103,22.0,1.09
8207,55.88,1010.5471,37.0,1.26
8208,46.52,994.8143,17.0,1.17
8209,46.52,1003.4943,58.0,1.09
8210,46.4,987.1672,10.0,1.18
8211,38.92,1001.5985,51.0,1.26
8212,55.52,991.9534,14.0,1.21
8213,58.4,1005.914,35.0,1.2
8214,27.32,1007.9919,42.0,1.2
8215,58.0,1062.7126,35.0,1.06
8216,47.4,1077.165,24.0,1.38
8217,45.72,1024.2139,58.0,1.09
8218,53.2,1050.1241,56.0,1.08
8219,43.72,1034.8304,32.0,1.14
8220,50.44,1001.5662,55.0,1.33
8221,47.96,1032.8909,34.0,1.23
8222,38.64,1019.4555,13.0,1.13
8223,50.88,1050.3832,44.0,1.1
8224,32.72,1061.0611,48.0,1.33
8225,59.56,1035.8279,18.0,1.04
8226,46.0,1075.4734,54.0,1.01
8227,39.24,998.232,68.0,1.09
8228,49.72,1082.3361,40.0,1.03
8229,52.68,1094.4584,28.0,1.13
8230,56.36,1105.1264,38.0,1.34
8231,23.6,1025.888,68.0,1.14
8232,38.88,1025.9347,25.0,1.21
8233,28.56,968.7542,51.0,0.99
8234,31.92,990.7307,58.0,1.1
8235,24.8,968.6355,71.0,1.11
8236,58.6,1088.8228,53.0,1.02
8237,34.68,1045.8822,32.0,1.38
8238,51.36,1010.6691,64.0,1.17
8239,63.08,1034.182,57.0,1.07
8240,37.0,1013.0497,25.0,1.16
8241,59.16,1053.4271,1.0,1.13
8242,55.36,1052.7932,48.0,1.24
8243,35.92,1004.1962,74.0,1.05
8244,36.24,1048.7628,54.0,0.97
8245,36.4,1047.2755,72.0,1.1
8246,40.44,1044.5696,24.0,1.19
8247,31.64,1030.8068,66.0,1.09
8248,50.52,1085.5612,12.0,1.07
8249,53.12,1038.7703,47.0,1.22
8250,50.92,1108.1255,40.0,1.03
8251,66.96,1038.6419,38.0,1.04
8252,35.88,1086.4182,31.0,1.07
8253,39.16,1011.5984,73.0,1.08
8254,39.6,1022.2922,40.0,1.22
8255,39.88,991.4847,3.0,0.95
8256,26.92,1007.435,52.0,1.11
8257,37.12,1022.3637,130.0,1.21
8258,45.88,1064.6486,78.0,1.15
8259,36.0,1003.6173,42.0,1.08
8260,43.52,1037.2996,50.0,1.02
8261,53.84,1058.2312,41.0,1.23
8262,55.08,1034.2776,60.0,1.14
8263,34.72,1030.128,70.0,1.25
8264,42.36,1010.3454,48.0,1.01
8265,55.56,1012.4495,53.0,1.09
8266,50.36,1035.6858,17.0,1.07
8267,39.32,1002.2546,34.0,1.0
8268,59.0,1083.9808,30.0,1.11
8269,34.52,1034.0911,65.0,1.18
8270,53.2,1011.6299,28.0,1.05
8271,57.8,1077.0798,22.0,1.12
8272,41.64,1054.3354,48.0,1.08
8273,55.76,1037.6884,13.0,1.02
8274,43.6,1015.2679,50.0,1.12
8275,53.76,1049.2262,90.0,0.96
8276,40.32,1046.7358,45.0,1.04
8277,38.28,1017.9432,63.0,1.03
8278,44.44,1001.3939,35.0,1.01
8279,34.16,977.7176,44.0,0.99
8280,39.64,1045.3014,77.0,1.0
8281,53.44,1047.2505,63.0,1.29
8282,22.16,1014.4166,25.0,1.07
8283,50.36,1106.3497,51.0,1.1
8284,52.28,1104.4204,34.0,1.07
8285,50.4,1074.7372,28.0,1.27
8286,35.6,1066.8012,58.0,1.12
8287,57.8,1024.0474,59.0,1.06
8288,25.32,971.0952,105.0,0.95
8289,53.08,1025.4614,32.0,1.1
8290,51.92,1038.6234,49.0,1.18
8291,37.24,1021.2325,51.0,1.03
8292,51.24,1008.6857,35.0,1.15
8293,53.48,1112.2924,40.0,1.14
8294,52.52,1054.7996,46.0,1.06
8295,45.44,1015.007,5.0,1.07
8296,39.32,1091.0238,70.0,1.02
8297,52.8,992.9356,38.0,1.02
8298,54.2,1058.1544,55.0,1.04
8299,41.04,1333.7252,25.0,1.18
8300,42.12,1098.8024,14.0,1.22
8301,38.52,990.017,54.0,1.06
8302,49.96,1118.3841,73.0,1.1
8303,37.4,1057.8482,41.0,1.08
8304,47.68,1026.873,82.0,1.07
8305,27.0,988.7605,43.0,1.11
8306,46.48,1052.8802,26.0,1.09
8307,45.92,1018.9959,36.0,1.03
8308,56.72,1007.7639,36.0,1.21
8309,54.08,1028.8837,23.0,1.09
8310,54.48,1094.7561,22.0,1.28
8311,29.08,986.2072,77.0,1.32
8312,33.64,1045.5678,100.0,1.72
8313,53.4,1125.3679,48.0,1.37
8314,61.08,1071.0867,10.0,1.31
8315,43.16,1074.1924,20.0,1.88
8316,41.24,1015.5041,39.0,1.53
8317,27.16,1036.3018,47.0,1.52
8318,30.24,1011.3476,39.0,1.54
8319,40.6,1064.1639,33.0,1.5
8320,37.6,1029.9565,52.0,1.65
8321,61.84,1118.4412,37.0,1.56
8322,39.72,1038.5864,47.0,1.56
8323,36.04,1103.7328,23.0,1.27
8324,38.32,982.7472,38.0,1.36
8325,36.4,978.5126,97.0,1.51
8326,44.68,1044.3818,18.0,1.46
8327,40.24,997.0341,52.0,1.39
8328,47.28,1024.9625,53.0,1.46
8329,50.84,1002.9869,14.0,1.56
8330,41.76,998.012,38.0,1.57
8331,42.56,1047.0161,53.0,1.76
8332,58.08,1100.787,41.0,1.5
8333,52.92,1061.4647,19.0,1.47
8334,31.84,1012.9166,105.0,1.8
8335,55.56,1038.8846,30.0,1.6
8336,63.68,1024.6288,38.0,1.44
8337,41.28,1032.8112,33.0,1.45
8338,43.64,1098.3676,49.0,1.35
8339,52.76,1044.0601,61.0,1.34
8340,43.6,1000.3279,74.0,1.42
8341,44.32,1031.141,44.0,1.38
8342,43.88,1033.0904,73.0,1.52
8343,54.44,1051.2956,12.0,1.34
8344,38.68,1086.2014,74.0,1.43
8345,44.28,981.81,48.0,1.36
8346,57.76,1063.7703,26.0,1.47
8347,36.8,995.7403,28.0,1.45
8348,49.96,1070.035,53.0,1.28
8349,57.44,1302.2044,46.0,1.08
8350,48.28,1090.7156,32.0,1.2
8351,24.6,998.9502,48.0,1.26
8352,49.72,1048.3278,7.0,1.28
8353,45.4,1043.5352,99.0,1.24
8354,38.92,1030.0907,42.0,1.28
8355,46.56,1032.8812,98.0,1.51
8356,50.24,994.3138,72.0,1.51
8357,56.48,1017.9515,25.0,1.39
8358,52.28,1122.2388,30.0,1.27
8359,33.84,1005.5219,33.0,1.2
8360,55.92,1088.4446,55.0,1.39
8361,49.12,1050.8873,57.0,1.47
8362,35.72,1006.3938,31.0,1.37
8363,62.4,1054.7582,21.0,1.3
8364,36.28,1029.9142,23.0,1.3
8365,50.36,1095.1818,30.0,1.27
8366,57.24,1022.1007,45.0,1.4
8367,46.8,1062.8412,29.0,1.34
8368,35.6,1018.45,116.0,1.34
8369,37.64,1022.5655,13.0,2.02
8370,51.8,1066.7904,27.0,1.84
8371,39.68,1020.4075,43.0,1.95
8372,50.56,1076.3537,51.0,2.06
8373,52.16,1053.0436,30.0,1.2
8374,43.84,1038.0819,20.0,1.47
8375,64.28,1058.9654,22.0,1.8
8376,41.28,1015.2721,21.0,1.66
8377,50.8,1023.9416,34.0,1.4
8378,44.72,1003.5239,55.0,1.49
8379,41.4,1026.1003,47.0,1.51
8380,42.92,1065.5537,44.0,1.47
8381,53.0,1015.452,12.0,1.45
8382,40.24,1025.009,85.0,1.67
8383,43.04,1125.8178,63.0,1.35
8384,49.88,1017.6269,19.0,1.46
8385,48.04,997.023,35.0,1.6
8386,33.52,1012.699,45.0,1.71
8387,52.96,1068.3514,24.0,1.47
8388,25.0,1013.3382,80.0,1.41
8389,31.28,1015.2818,47.0,1.19
8390,42.44,980.0311,92.0,1.26
8391,62.64,1030.2522,31.0,1.32
8392,46.8,1050.2547,31.0,1.29
8393,43.24,1047.8516,37.0,1.47
8394,28.64,1019.0384,66.0,1.54
8395,47.32,1150.0837,58.0,1.77
8396,34.24,1038.9346,81.0,1.35
8397,40.84,1006.0469,43.0,1.43
8398,36.96,1021.7548,67.0,1.45
8399,46.12,1014.8089,35.0,1.44
8400,55.08,1060.3346,58.0,1.57
8401,50.16,1041.0027,17.0,1.3
8402,35.68,1045.8362,92.0,1.25
8403,30.48,994.3546,52.0,1.17
8404,39.36,1016.106,42.0,1.26
8405,47.04,976.0945,36.0,1.62
8406,38.44,1001.9677,51.0,1.44
8407,58.8,1084.3071,46.0,1.71
8408,44.76,1030.3729,55.0,1.55
8409,46.08,996.2839,40.0,1.44
8410,56.44,1018.7854,38.0,1.27
8411,50.72,992.9303,35.0,1.5
8412,43.32,999.6217,52.0,1.64
8413,50.28,1032.2488,59.0,1.32
8414,46.4,1031.0257,42.0,1.71
8415,43.8,1031.2899,4.0,1.83
8416,38.96,980.0377,44.0,1.93
8417,34.84,984.3906,20.0,1.69
8418,42.68,982.3642,66.0,1.75
8419,35.84,1034.3291,20.0,2.19
8420,37.6,1038.4832,-4.0,1.4
8421,46.16,1010.745,27.0,1.74
8422,32.92,1060.4737,28.0,1.44
8423,61.16,990.0874,45.0,1.21
8424,57.56,1001.9337,23.0,1.34
8425,54.76,1046.7122,13.0,1.16
8426,43.28,1051.6245,64.0,1.44
8427,38.2,1006.6178,19.0,1.58
8428,52.16,1089.0653,21.0,1.42
8429,47.08,1015.7131,11.0,1.42
8430,20.8,984.8909,39.0,1.41
8431,48.68,1011.5481,49.0,1.39
8432,43.16,1008.1294,23.0,1.58
8433,43.0,978.9456,8.0,1.33
8434,59.44,1018.4962,22.0,1.43
8435,33.92,995.8458,60.0,1.57
8436,39.8,1021.7487,33.0,1.56
8437,42.96,1036.9425,30.0,1.66
8438,61.44,996.9442,66.0,1.38
8439,32.56,1020.448,47.0,1.52
8440,45.32,1006.4023,22.0,1.76
8441,25.24,996.0089,101.0,1.25
8442,44.56,1058.6812,33.0,1.5
8443,38.16,1054.3875,85.0,1.27
8444,46.8,1014.9108,45.0,1.41
8445,28.76,1068.8834,59.0,1.23
8446,41.4,1075.7044,65.0,1.32
8447,44.6,1005.8312,16.0,1.51
8448,55.92,990.0079,22.0,1.4
8449,50.8,1066.7417,67.0,1.28
8450,46.68,1012.6437,66.0,1.49
8451,42.04,1124.8827,73.0,1.15
8452,42.92,1044.6401,60.0,1.17
8453,33.32,1062.5104,74.0,1.39
8454,53.08,1011.0923,10.0,1.57
8455,43.52,1049.6585,19.0,1.71
8456,60.16,1160.0969,39.0,1.48
8457,49.88,999.9729,13.0,1.49
8458,27.36,979.7405,41.0,1.29
8459,58.32,1060.2972,35.0,1.34
8460,48.64,1040.6072,63.0,1.39
8461,22.2,992.557,25.0,1.44
8462,52.52,1078.9436,68.0,1.99
8463,50.04,1017.6015,81.0,1.32
8464,42.4,1038.349,19.0,1.35
8465,47.04,1012.939,52.0,1.57
8466,47.36,1030.2379,30.0,1.28
8467,57.96,1081.0242,46.0,1.49
8468,57.16,1052.158,58.0,1.71
8469,36.92,1011.5828,70.0,1.57
8470,44.28,1035.1092,89.0,1.54
8471,42.96,1036.3807,19.0,1.56
8472,46.92,1052.3812,11.0,1.52
8473,39.8,1034.6549,59.0,1.25
8474,41.04,985.9265,21.0,1.52
8475,49.88,1044.7864,26.0,1.84
8476,46.56,1077.1231,36.0,1.55
8477,61.24,989.6866,36.0,1.62
8478,45.24,1049.0728,7.0,2.59
8479,45.72,1018.0892,12.0,2.13
8480,36.36,996.0199,23.0,1.54
8481,44.28,1071.4143,19.0,1.78
8482,38.32,972.286,34.0,1.7
8483,36.12,1040.5919,48.0,1.49
8484,43.64,1043.1516,31.0,1.84
8485,25.32,996.8652,99.0,1.49
8486,50.08,1025.8998,40.0,1.52
8487,44.92,1039.4444,26.0,1.61
8488,36.88,1033.5591,21.0,1.45
8489,59.0,1135.0022,16.0,1.57
8490,43.56,987.4268,48.0,1.54
8491,55.0,1048.7582,18.0,1.66
8492,48.6,988.17,5.0,1.93
8493,35.88,1020.11,25.0,1.59
8494,47.92,1012.8332,34.0,1.59
8495,21.44,1001.6724,48.0,1.56
8496,44.56,1056.3324,103.0,1.53
8497,49.08,1029.0346,26.0,1.64
8498,29.88,973.8282,99.0,1.06
8499,49.88,1015.5329,10.0,1.27
8500,51.24,1041.8101,37.0,1.3
8501,37.84,1267.5728,42.0,1.22
8502,30.72,1054.2515,5.0,1.18
8503,61.28,981.8156,10.0,1.16
8504,21.88,1007.7131,10.0,1.21
8505,53.92,1061.6525,40.0,1.18
8506,44.28,1030.475,54.0,1.32
8507,43.56,1038.3051,31.0,1.25
8508,40.28,1000.3983,51.0,1.26
8509,45.4,1014.4921,35.0,1.23
8510,43.0,1046.8166,37.0,1.12
8511,43.72,1073.1445,39.0,1.15
8512,42.96,1036.9221,32.0,1.17
8513,41.4,1011.4021,30.0,1.32
8514,49.08,1008.7937,23.0,1.34
8515,56.76,1019.1493,19.0,1.23
8516,45.92,1053.797,35.0,1.32
8517,29.48,1004.3201,21.0,1.04
8518,47.12,1038.6364,44.0,1.04
8519,47.96,1009.1859,31.0,1.34
8520,48.08,1029.6318,18.0,1.28
8521,29.36,1021.2374,60.0,1.09
8522,45.2,1031.436,32.0,1.08
8523,40.44,994.0066,24.0,1.27
8524,43.76,1074.3838,76.0,1.08
8525,56.2,1085.145,35.0,1.17
8526,40.56,1017.8947,50.0,1.24
8527,39.32,1039.7412,74.0,1.05
8528,38.08,1014.3532,38.0,1.04
8529,38.36,969.6108,37.0,1.16
8530,49.08,1048.444,66.0,1.04
8531,40.88,1056.2603,34.0,1.19
8532,43.56,1040.1488,37.0,1.14
8533,36.76,1018.8244,5.0,1.15
8534,51.92,994.1045,50.0,1.05
8535,42.16,1055.7688,25.0,1.19
8536,31.96,1038.518,30.0,1.23
8537,46.08,1101.9078,45.0,1.19
8538,51.96,1035.5495,25.0,1.3
8539,52.0,1045.8463,68.0,1.25
8540,41.68,1028.6148,25.0,1.22
8541,31.48,1049.0323,74.0,1.14
8542,40.48,1031.824,22.0,1.31
8543,43.88,1058.1997,50.0,0.98
8544,50.36,1033.8658,12.0,1.22
8545,44.52,989.0897,18.0,1.28
8546,50.4,1019.973,34.0,1.2
8547,41.36,1017.1904,45.0,1.33
8548,43.12,1069.0381,33.0,1.3
8549,33.52,1004.577,19.0,1.27
8550,46.28,1028.8828,59.0,1.27
8551,44.24,1006.0563,58.0,1.13
8552,54.12,1030.1732,22.0,1.24
8553,66.88,1018.2225,11.0,1.02
8554,40.36,1032.4191,36.0,1.34
8555,43.4,983.1866,70.0,1.01
8556,51.76,1072.8768,36.0,1.21
8557,43.88,1015.8871,25.0,1.18
8558,34.0,992.0382,49.0,1.16
8559,51.68,1051.7907,24.0,1.14
8560,30.52,1054.8305,60.0,1.1
8561,36.8,1034.2035,64.0,1.01
8562,44.12,1052.9373,43.0,1.08
8563,33.4,1003.6911,32.0,1.16
8564,50.56,1055.7112,44.0,1.22
8565,41.04,1021.0158,42.0,1.17
8566,37.24,1036.3077,52.0,1.23
8567,45.04,1005.641,11.0,1.12
8568,39.32,1036.446,9.0,1.28
8569,40.56,1035.3762,46.0,1.03
8570,58.96,1019.7756,36.0,1.15
8571,41.68,1014.1454,23.0,1.26
8572,34.88,977.3844,70.0,1.41
8573,60.4,995.2975,33.0,1.06
8574,50.16,1016.0958,35.0,1.34
8575,52.36,1052.1694,31.0,1.4
8576,47.56,1060.4245,52.0,1.14
8577,54.84,1198.4973,47.0,1.37
8578,51.24,1005.3611,16.0,1.25
8579,37.12,1000.7827,10.0,1.26
8580,46.76,1035.211,28.0,1.43
8581,28.96,1003.4794,100.0,1.37
8582,38.04,1056.7217,40.0,1.21
8583,43.68,1014.0282,36.0,1.23
8584,33.92,1049.2404,65.0,1.88
8585,40.64,1033.343,83.0,1.38
8586,39.84,1029.179,40.0,1.03
8587,53.16,1094.345,53.0,1.04
8588,45.72,1038.0422,39.0,1.29
8589,57.52,1016.1195,36.0,1.2
8590,46.84,1064.5074,59.0,1.28
8591,48.08,1074.5925,53.0,1.24
8592,55.52,1127.0836,29.0,1.29
8593,29.84,991.4161,56.0,1.16
8594,49.6,1011.3689,51.0,1.15
8595,54.8,1061.1096,23.0,1.17
8596,30.72,1040.8813,49.0,1.1
8597,54.4,1081.8943,56.0,1.13
8598,59.24,999.5586,20.0,1.13
8599,46.4,1046.985,60.0,1.07
8600,48.76,1030.2074,5.0,1.01
8601,26.04,1007.5985,34.0,1.42
8602,53.4,1121.7423,49.0,1.15
8603,45.48,1023.0378,27.0,1.23
8604,45.16,1043.896,48.0,1.23
8605,45.8,1016.8849,75.0,1.13
8606,33.52,1011.7655,27.0,1.15
8607,59.6,1016.3563,7.0,1.05
8608,43.8,1058.0073,19.0,1.15
8609,42.52,1038.6282,55.0,1.45
8610,51.4,1111.2301,10.0,1.28
8611,37.84,1030.9337,58.0,1.19
8612,38.52,998.6526,84.0,1.3
8613,47.04,1017.008,28.0,1.37
8614,41.52,1056.3462,36.0,1.64
8615,55.72,1068.6206,24.0,1.34
8616,46.72,1083.8487,79.0,1.2
8617,43.64,1015.5557,59.0,1.18
8618,48.6,994.6361,84.0,1.16
8619,47.28,1113.0933,87.0,1.07
8620,53.52,1076.4386,50.0,1.14
8621,44.76,983.9502,44.0,1.17
8622,34.4,1014.4947,111.0,1.07
8623,42.72,1063.8828,26.0,1.06
8624,55.36,1050.0604,39.0,1.22
8625,57.56,1039.8906,7.0,1.1
8626,51.52,1137.1721,37.0,1.04
8627,39.76,1040.6495,18.0,0.87
8628,24.64,1024.4116,46.0,1.14
8629,55.48,1030.9428,19.0,1.02
8630,27.68,1028.0797,57.0,1.11
8631,55.56,1015.07,27.0,1.06
8632,52.96,1011.9317,39.0,1.1
8633,47.16,1017.7443,36.0,1.25
8634,48.44,1011.8013,46.0,1.1
8635,41.84,1077.0137,44.0,1.12
8636,47.68,1022.0416,39.0,1.1
8637,42.72,1081.2662,48.0,1.19
8638,55.12,996.7766,25.0,1.17
8639,26.52,1052.2048,60.0,1.15
8640,53.48,1236.7344,78.0,1.07
8641,50.0,1036.2986,77.0,1.13
8642,35.44,1044.1322,34.0,1.14
8643,43.2,1054.5538,27.0,1.1
8644,53.64,1026.5434,18.0,1.08
8645,40.72,1018.6686,76.0,1.07
8646,58.68,1009.1615,14.0,1.5
8647,58.48,1020.8142,29.0,1.08
8648,43.6,1029.0163,76.0,1.02
8649,56.08,1058.0372,30.0,1.09
8650,62.28,1043.97,41.0,1.1
8651,44.36,1028.9693,50.0,1.09
8652,56.84,996.9338,21.0,1.12
8653,50.76,1064.7674,29.0,1.17
8654,43.6,1050.3336,35.0,1.11
8655,48.8,1008.072,21.0,1.14
8656,39.52,1091.3559,46.0,1.11
8657,47.2,1043.5548,82.0,1.2
8658,42.96,1069.1944,88.0,1.17
8659,44.68,1051.8017,64.0,1.18
8660,42.68,1037.1128,35.0,1.07
8661,43.2,1053.5413,24.0,1.37
8662,57.48,1039.8442,34.0,1.18
8663,37.2,1071.0722,61.0,1.27
8664,29.84,1016.2463,48.0,1.07
8665,39.84,1044.7266,51.0,1.25
8666,59.48,996.5731,21.0,1.31
8667,47.8,1023.7159,57.0,1.11
8668,53.36,1010.0936,31.0,1.01
8669,26.28,1002.307,65.0,1.15
8670,42.32,1059.2496,30.0,1.11
8671,49.8,1142.5934,34.0,1.01
8672,53.84,1023.2977,31.0,1.08
8673,40.0,1024.7682,77.0,1.2
8674,39.88,1049.6067,47.0,1.03
8675,53.2,1073.7136,62.0,0.97
8676,39.52,1044.3318,51.0,1.17
8677,31.12,1018.6738,57.0,1.12
8678,53.8,989.9814,19.0,1.24
8679,21.72,1001.3329,65.0,1.11
8680,40.12,992.3421,32.0,1.02
8681,50.88,1083.8029,24.0,1.11
8682,46.56,1024.896,8.0,0.97
8683,31.72,996.946,62.0,1.45
8684,33.4,1093.4425,46.0,1.8
8685,48.72,1047.051,54.0,3.1
8686,53.36,1085.7782,63.0,2.98
8687,41.84,1078.4833,54.0,2.93
8688,48.2,1110.5582,41.0,1.94
8689,61.4,1033.0526,39.0,2.74
8690,37.6,1015.833,72.0,3.12
8691,50.8,1027.8798,-4.0,2.64
8692,47.56,1032.0315,33.0,2.7
8693,44.0,1102.792,11.0,2.99
8694,45.0,1159.4726,49.0,2.75
8695,49.44,1051.6216,75.0,2.73
8696,41.76,1063.4434,52.0,3.73
8697,38.92,1062.1022,50.0,3.11
8698,55.12,1038.295,46.0,2.13
8699,55.76,1045.6228,33.0,2.33
8700,42.84,1067.3394,39.0,2.17
8701,53.92,1105.8151,21.0,1.42
8702,42.24,989.5363,31.0,1.85
8703,45.16,1047.9902,36.0,1.68
8704,62.44,1082.8263,25.0,1.48
8705,44.12,1015.7028,45.0,1.68
8706,37.0,1023.6027,17.0,1.28
8707,38.16,1057.5233,58.0,1.31
8708,48.52,1073.6351,28.0,1.29
8709,43.96,1142.0004,42.0,1.44
8710,37.92,1010.0691,41.0,1.56
8711,49.96,1034.5015,52.0,1.48
8712,56.36,1030.4197,13.0,2.32
8713,41.4,1008.3436,40.0,2.07
8714,48.6,1026.6613,35.0,1.79
8715,43.56,1262.6289,86.0,1.45
8716,44.4,1012.6358,67.0,3.0
8717,60.68,1039.9776,12.0,3.16
8718,45.8,1131.7162,14.0,2.81
8719,43.8,1064.8612,15.0,1.77
8720,38.6,1043.0626,56.0,1.46
8721,60.44,992.9112,40.0,1.18
8722,40.0,1030.4978,53.0,1.32
8723,45.68,1033.3311,47.0,1.32
8724,34.12,1000.1511,90.0,1.47
8725,46.84,1014.9252,55.0,1.5
8726,35.08,1028.1972,29.0,1.43
8727,36.68,1049.6426,43.0,1.45
8728,53.4,1030.385,54.0,1.33
8729,44.08,1029.2687,57.0,1.65
8730,41.96,1098.7523,43.0,1.39
8731,52.52,1081.3528,30.0,1.4
8732,46.48,1048.0266,17.0,1.07
8733,53.12,1011.2892,16.0,1.36
8734,35.8,1001.9958,53.0,1.47
8735,33.52,979.8532,104.0,1.26
8736,46.72,1039.4111,21.0,1.34
8737,27.76,1052.9241,33.0,1.53
8738,47.8,1020.4448,30.0,1.44
8739,33.48,1192.0442,63.0,1.41
8740,56.76,1114.5106,45.0,1.49
8741,52.88,1118.8722,45.0,1.52
8742,54.72,1005.2764,62.0,1.66
8743,56.92,1035.6059,31.0,1.31
8744,42.0,1004.107,61.0,1.49
8745,43.12,1008.7974,58.0,1.19
8746,56.16,1031.225,40.0,1.45
8747,39.8,991.9136,21.0,1.3
8748,39.92,996.5255,65.0,1.54
8749,30.6,1019.1658,72.0,1.38
8750,49.6,1039.9086,26.0,1.81
8751,44.8,982.8426,55.0,1.16
8752,45.56,1065.7266,49.0,1.2
8753,52.08,1004.1245,58.0,1.43
8754,54.76,1041.5825,45.0,1.24
8755,44.8,1040.9668,46.0,1.38
8756,48.04,1017.1317,46.0,1.32
8757,47.72,1036.9497,55.0,2.16
8758,54.48,1071.826,25.0,1.64
8759,49.88,1041.8081,55.0,1.51
8760,48.24,1077.8362,46.0,1.54
8761,19.76,999.6639,72.0,1.39
8762,51.92,1113.4627,28.0,1.3
8763,47.72,1024.8914,48.0,1.33
8764,58.04,1075.9908,46.0,1.22
8765,52.4,1026.2002,34.0,1.25
8766,33.08,997.1163,76.0,1.14
8767,44.36,1030.4263,43.0,1.4
8768,51.36,1007.8607,23.0,1.43
8769,42.76,1021.5374,85.0,1.24
8770,56.88,1092.2296,50.0,1.2
8771,47.6,1037.2084,46.0,1.62
8772,48.52,1050.0681,26.0,1.54
8773,54.88,1044.4911,30.0,1.19
8774,30.48,979.7586,39.0,1.44
8775,49.68,1093.5843,42.0,1.64
8776,56.08,1144.4183,70.0,1.42
8777,53.52,1055.636,50.0,1.53
8778,48.36,980.3833,41.0,1.23
8779,31.84,1044.9344,62.0,1.35
8780,45.68,1032.9566,59.0,1.26
8781,18.44,1018.1749,71.0,1.31
8782,50.84,1061.8354,11.0,1.87
8783,44.2,989.7183,54.0,1.65
8784,46.84,1084.9519,38.0,1.67
8785,49.04,998.8297,37.0,1.74
8786,39.08,1016.6666,63.0,1.63
8787,30.4,991.024,27.0,1.47
8788,63.68,1060.1226,52.0,1.38
8789,36.92,1062.278,69.0,1.38
8790,47.84,1033.9268,24.0,1.47
8791,35.28,975.996,67.0,1.56
8792,35.84,994.7486,61.0,1.42
8793,42.36,1035.328,21.0,1.32
8794,41.96,1004.6102,56.0,1.5
8795,59.24,1052.7829,9.0,1.36
8796,25.12,1015.5414,30.0,1.79
8797,45.76,1058.4602,27.0,1.9
8798,31.0,1008.8597,102.0,1.28
8799,51.84,1091.8544,-2.0,1.37
8800,39.76,1014.6323,3.0,1.27
8801,44.68,1113.6462,6.0,1.3
8802,47.8,1049.7823,35.0,1.57
8803,47.32,1080.509,46.0,1.34
8804,48.96,1035.8434,36.0,1.36
8805,41.2,988.3374,70.0,1.16
8806,46.64,1011.6277,24.0,1.42
8807,45.2,1139.743,12.0,1.21
8808,49.32,1030.8282,38.0,1.39
8809,30.0,1002.403,55.0,1.31
8810,48.6,1005.5282,46.0,1.27
8811,41.0,1010.7263,14.0,1.49
8812,35.56,1042.0367,24.0,1.56
8813,27.0,1050.6669,25.0,1.32
8814,55.84,1022.5384,4.0,1.34
8815,53.92,1013.5836,19.0,1.34
8816,51.2,1038.5924,9.0,1.41
8817,31.68,1014.3115,59.0,1.33
8818,48.28,1007.0667,68.0,1.4
8819,23.24,1032.5882,92.0,1.2
8820,29.88,1014.6208,64.0,1.36
8821,50.0,1014.0106,21.0,1.39
8822,46.88,1021.3692,28.0,1.23
8823,56.4,1014.77,27.0,1.44
8824,38.36,1018.7097,77.0,1.37
8825,51.36,1015.3442,22.0,1.71
8826,37.84,1006.8301,16.0,1.55
8827,38.56,1047.3324,47.0,1.41
8828,48.52,1067.1115,60.0,1.62
8829,68.76,1024.9345,14.0,1.38
8830,49.92,1018.0044,28.0,1.42
8831,52.08,1156.9786,32.0,1.41
8832,56.52,1036.8425,11.0,1.53
8833,45.0,1136.9104,59.0,1.27
8834,47.0,1024.0557,48.0,1.25
8835,45.4,1051.5447,34.0,1.18
8836,44.16,1070.3505,48.0,1.26
8837,56.52,1016.7533,22.0,1.41
8838,35.08,1021.1895,70.0,1.45
8839,40.12,1025.7169,87.0,1.21
8840,44.0,990.2511,20.0,1.5
8841,59.72,1095.7912,39.0,1.47
8842,43.2,1086.1312,73.0,1.3
8843,57.24,1052.4744,46.0,1.52
8844,23.76,1028.6666,120.0,1.31
8845,26.64,1033.9517,83.0,1.35
8846,21.36,1015.072,67.0,1.71
8847,37.52,991.609,73.0,1.33
8848,25.16,1003.529,11.0,1.35
8849,51.44,1014.4514,49.0,1.58
8850,55.4,1055.9212,39.0,1.18
8851,36.6,1033.6555,78.0,1.53
8852,40.72,1067.9976,57.0,1.25
8853,48.4,1061.4391,21.0,1.34
8854,22.04,991.3888,66.0,1.59
8855,40.36,1004.1309,39.0,1.18
8856,51.08,1095.1716,43.0,1.28
8857,46.48,994.9557,3.0,1.28
8858,52.44,1025.1032,12.0,1.31
8859,39.12,1070.1324,50.0,1.52
8860,55.6,1061.9292,2.0,1.33
8861,42.28,1041.3576,25.0,1.34
8862,34.48,1059.7825,57.0,1.41
8863,38.6,1038.6543,71.0,1.42
8864,19.16,998.7096,78.0,1.46
8865,49.4,1045.8074,62.0,1.4
8866,48.44,1049.7591,49.0,1.36
8867,45.2,1118.4894,58.0,1.56
8868,50.48,1048.7444,28.0,1.52
8869,45.36,1031.9349,45.0,1.37
8870,60.36,1046.3449,20.0,1.51
8871,42.6,1002.3561,34.0,1.39
8872,36.2,973.6436,13.0,1.48
8873,49.84,1112.8743,27.0,1.8
8874,29.16,994.099,95.0,1.64
8875,55.92,1191.6857,34.0,1.27
8876,49.44,1040.7726,49.0,1.23
8877,51.84,1036.3499,41.0,1.24
8878,47.32,1019.1847,42.0,1.2
8879,49.4,996.5558,27.0,1.38
8880,37.6,1010.8349,85.0,1.28
8881,36.36,1031.6627,53.0,1.34
8882,32.92,992.7065,38.0,1.63
8883,49.08,1056.9646,65.0,1.45
8884,36.44,1146.5935,50.0,1.31
8885,44.68,1023.783,86.0,1.34
8886,34.68,1053.2527,100.0,1.3
8887,50.52,1047.34,41.0,1.37
8888,21.24,1015.9733,67.0,1.6
8889,32.04,981.9552,59.0,1.45
8890,60.8,1151.5088,28.0,1.17
8891,38.6,1009.222,17.0,1.39
8892,59.88,1024.789,35.0,1.29
8893,29.52,1034.308,69.0,1.24
8894,56.44,1083.9631,39.0,1.26
8895,58.96,1053.195,25.0,1.2
8896,39.96,1020.1429,35.0,1.55
8897,46.28,995.5736,82.0,1.24
8898,39.64,1058.3573,22.0,1.36
8899,53.4,1031.4471,21.0,1.41
8900,48.0,1059.1461,95.0,1.31
8901,54.56,1027.7258,74.0,1.16
8902,22.04,971.4382,75.0,1.24
8903,38.32,1022.7778,56.0,1.25
8904,43.6,1022.8898,13.0,1.18
8905,46.6,1037.194,6.0,1.21
8906,51.28,1069.1856,67.0,1.38
8907,41.2,1099.7342,25.0,1.39
8908,58.76,1011.396,46.0,1.43
8909,43.52,1042.0072,56.0,1.19
8910,55.8,1017.37,13.0,1.3
8911,35.76,1063.0091,101.0,1.32
8912,46.72,1055.6411,83.0,1.34
8913,30.8,1063.1377,15.0,1.31
8914,37.12,1031.0212,65.0,1.44
8915,40.48,1035.5693,10.0,1.42
8916,47.48,1040.6107,19.0,1.27
8917,38.44,1038.0079,34.0,1.45
8918,44.24,1018.2147,40.0,1.78
8919,25.76,999.1922,65.0,1.44
8920,44.76,1027.3902,16.0,1.25
8921,54.44,1033.2644,13.0,1.37
8922,45.6,1016.0437,20.0,1.13
8923,54.4,1086.9848,27.0,1.32
8924,43.36,1032.46,15.0,1.25
8925,44.28,1033.3278,26.0,1.42
8926,56.76,1033.6168,10.0,1.31
8927,38.72,1005.9793,31.0,1.22
8928,53.12,963.4922,8.0,1.36
8929,52.28,1040.4856,24.0,1.33
8930,37.44,1004.9905,36.0,1.29
8931,32.76,989.6114,34.0,1.45
8932,40.72,1028.4845,36.0,1.31
8933,47.2,1069.3038,64.0,1.49
8934,53.08,1049.3634,9.0,1.46
8935,35.28,990.24,109.0,1.33
8936,52.0,1019.2368,56.0,1.53
8937,43.52,1039.7684,22.0,1.31
8938,45.44,1215.5796,17.0,1.26
8939,43.2,1046.6272,12.0,1.2
8940,38.72,1052.963,54.0,1.46
8941,37.88,1084.2588,17.0,1.25
8942,53.52,1075.4449,33.0,1.31
8943,56.2,1040.4453,19.0,1.48
8944,37.4,1015.1163,78.0,1.28
8945,47.28,1025.1532,32.0,1.32
8946,38.12,1032.1652,39.0,1.39
8947,54.96,1157.395,34.0,1.26
8948,44.72,1016.1854,43.0,1.39
8949,49.32,1050.8619,45.0,1.33
8950,47.28,1012.7532,35.0,1.49
8951,50.76,1025.7411,62.0,1.28
8952,47.28,1055.0924,83.0,1.3
8953,47.8,1035.3972,38.0,1.48
8954,53.56,1036.063,19.0,1.36
8955,54.8,1013.4251,24.0,1.35
8956,38.92,1017.6317,40.0,1.29
8957,56.68,990.5912,38.0,1.28
8958,56.04,1018.8655,32.0,1.33
8959,40.96,1324.9247,30.0,1.33
8960,34.6,1013.8851,23.0,1.19
8961,43.92,1019.3081,17.0,1.26
8962,61.0,1012.5152,21.0,1.48
8963,58.56,1018.7761,48.0,1.25
8964,50.16,1007.0987,12.0,1.4
8965,38.92,1029.9049,108.0,1.42
8966,36.0,1064.5098,53.0,1.33
8967,53.92,1013.7952,50.0,1.17
8968,52.24,1064.0997,25.0,1.56
8969,37.52,1031.3531,66.0,1.64
8970,42.6,1017.4156,34.0,1.65
8971,34.44,1047.4852,38.0,1.47
8972,49.16,1041.9597,45.0,1.3
8973,37.32,1042.2793,77.0,1.37
8974,38.04,1012.9164,20.0,3.57
8975,60.64,1037.2217,16.0,3.15
8976,52.44,1073.9271,42.0,1.64
8977,55.44,1052.397,58.0,1.4
8978,27.84,1012.3347,43.0,1.39
8979,47.92,1016.3646,15.0,1.59
8980,37.88,1055.5925,38.0,1.87
8981,43.32,1017.335,27.0,1.3
8982,48.64,1036.7019,45.0,1.39
8983,56.52,1049.5957,30.0,1.64
8984,44.04,1111.1966,54.0,1.6
8985,22.68,1005.3592,59.0,1.37
8986,39.52,996.6554,36.0,1.48
8987,53.76,1037.0754,37.0,1.36
8988,57.52,1008.334,10.0,1.28
8989,62.28,1107.8039,31.0,1.18
8990,34.48,1038.576,52.0,1.27
8991,44.6,986.9013,1.0,1.27
8992,45.56,1016.6617,77.0,1.38
8993,48.72,1080.8981,71.0,1.27
8994,40.64,1016.7555,23.0,1.43
8995,41.92,1076.1581,77.0,1.48
8996,41.4,1022.6382,40.0,1.26
8997,44.84,1035.7049,20.0,1.27
8998,48.6,1032.7197,84.0,1.25
8999,59.84,1087.8664,12.0,1.26
9000,47.64,1034.4221,25.0,1.67
9001,41.84,1043.6972,18.0,1.91
9002,54.48,1044.9169,46.0,1.18
9003,50.2,1076.3493,59.0,1.25
9004,37.4,1090.796,82.0,1.61
9005,50.96,1127.7923,50.0,1.37
9006,55.72,1036.9539,21.0,1.36
9007,45.4,1046.7724,30.0,2.86
9008,42.64,1050.7226,65.0,1.8
9009,36.24,1004.0707,19.0,1.92
9010,61.56,1074.3254,31.0,1.76
9011,44.88,1076.8823,46.0,1.87
9012,51.92,1016.4446,77.0,2.32
9013,44.2,1018.1204,42.0,2.03
9014,40.16,1000.8803,67.0,1.6
9015,51.8,1033.721,8.0,1.49
9016,44.04,990.9126,28.0,1.67
9017,55.8,1041.0922,44.0,1.88
9018,52.56,1044.4149,19.0,1.54
9019,46.8,980.3276,75.0,1.9
9020,51.12,1031.6288,22.0,2.23
9021,24.52,1041.5908,111.0,2.03
9022,37.36,994.7724,79.0,1.54
9023,23.52,970.676,109.0,1.95
9024,59.44,1013.1263,8.0,2.11
9025,39.52,1010.3978,53.0,2.2
9026,38.56,1028.1198,51.0,1.5
9027,43.84,1024.5569,22.0,1.74
9028,35.52,1033.6576,53.0,1.57
9029,51.2,1256.8145,47.0,1.84
9030,55.84,1097.1543,29.0,1.64
9031,47.84,1200.3149,85.0,1.53
9032,27.52,1016.3178,46.0,2.01
9033,53.32,1097.8084,37.0,1.83
9034,49.92,998.4466,39.0,1.27
9035,56.32,1159.0741,48.0,1.21
9036,64.0,1059.2024,57.0,1.17
9037,31.28,1024.1811,9.0,1.13
9038,61.6,988.2812,10.0,1.21
9039,46.6,1010.6237,7.0,1.22
9040,36.4,1101.6706,77.0,1.18
9041,48.44,1129.273,50.0,1.36
9042,56.76,1115.1564,34.0,1.36
9043,46.6,1070.278,20.0,1.25
9044,29.72,1003.1337,35.0,1.33
9045,48.6,1024.9051,35.0,1.05
9046,56.2,1085.94,41.0,1.14
9047,47.6,1038.1205,37.0,1.14
9048,34.0,1015.9362,37.0,1.26
9049,41.32,1003.2525,31.0,1.62
9050,52.32,1095.6332,74.0,1.52
9051,41.36,1076.8683,22.0,1.6
9052,40.72,1076.9827,11.0,1.58
9053,21.48,1004.8459,30.0,1.35
9054,43.0,1017.3919,45.0,1.21
9055,48.84,1028.3734,31.0,1.23
9056,30.88,1017.3598,79.0,1.43
9057,55.84,1027.7356,63.0,1.27
9058,43.2,1123.9681,59.0,1.22
9059,52.68,1059.1307,36.0,1.08
9060,44.08,1001.3887,37.0,1.16
9061,37.92,977.0957,45.0,1.02
9062,27.76,1007.5654,67.0,1.2
9063,39.88,1044.0388,35.0,1.27
9064,39.56,1003.8225,71.0,1.2
9065,60.6,1046.4546,10.0,1.22
9066,38.56,1041.7234,59.0,1.2
9067,60.2,1048.5705,37.0,1.14
9068,19.0,1035.473,24.0,1.22
9069,49.4,987.4811,56.0,1.21
9070,43.76,1076.5286,73.0,1.23
9071,47.68,1039.1678,9.0,1.24
9072,34.2,1033.022,51.0,1.1
9073,55.8,990.4843,14.0,1.3
9074,39.36,1075.8026,62.0,1.16
9075,36.64,1022.8078,41.0,1.1
9076,56.96,1066.9318,48.0,1.05
9077,44.08,1026.5989,18.0,1.13
9078,44.48,1047.1426,7.0,1.15
9079,51.64,1058.7879,45.0,1.24
9080,33.48,993.0637,48.0,1.38
9081,48.36,1054.8602,54.0,1.2
9082,47.8,1016.9786,10.0,1.16
9083,50.84,1077.6371,50.0,1.08
9084,55.72,1089.7202,30.0,1.11
9085,33.8,1097.1363,52.0,1.18
9086,43.04,1134.7697,46.0,1.25
9087,60.04,1057.9004,69.0,1.11
9088,46.72,1064.6118,58.0,1.22
9089,38.24,1051.2906,103.0,1.26
9090,39.0,1075.3677,44.0,1.39
9091,43.56,1027.3137,79.0,1.4
9092,42.64,1040.4114,8.0,1.28
9093,59.12,1013.7153,18.0,1.16
9094,52.88,1042.581,11.0,1.41
9095,58.76,1060.604,3.0,1.29
9096,30.96,1002.5028,55.0,1.37
9097,47.8,1024.1404,44.0,1.48
9098,38.04,1028.369,37.0,1.29
9099,50.88,1024.0936,7.0,1.34
9100,51.44,997.9642,49.0,1.49
9101,42.76,1063.6982,52.0,1.23
9102,47.72,995.9968,79.0,1.29
9103,41.16,1010.9007,81.0,0.97
9104,49.16,990.1805,24.0,1.04
9105,36.28,1042.985,84.0,1.4
9106,37.8,1004.4432,51.0,1.24
9107,38.32,1040.3585,49.0,1.36
9108,48.72,1058.7438,50.0,1.51
9109,43.52,1005.1525,90.0,1.11
9110,39.32,1019.9818,38.0,1.27
9111,51.12,982.8515,24.0,1.14
9112,43.72,1039.7687,58.0,1.0
9113,50.08,1148.9385,25.0,1.11
9114,47.84,1014.4234,27.0,1.15
9115,50.04,1021.0807,13.0,1.18
9116,38.2,1015.902,57.0,1.25
9117,28.2,1053.6117,60.0,1.12
9118,50.08,1019.8911,73.0,1.08
9119,31.44,997.2104,51.0,1.1
9120,46.4,1019.0443,86.0,1.13
9121,39.0,1028.5575,63.0,0.99
9122,50.88,1002.861,28.0,1.1
9123,36.64,1058.3604,47.0,1.12
9124,47.88,1092.8895,50.0,1.13
9125,34.36,980.8897,61.0,1.14
9126,50.56,1015.5758,68.0,1.24
9127,38.24,1045.6263,52.0,1.15
9128,31.92,994.5068,50.0,1.07
9129,38.48,1056.8989,64.0,1.1
9130,59.64,1008.9308,22.0,1.15
9131,43.6,1074.036,47.0,1.08
9132,47.2,1056.7531,46.0,1.08
9133,37.56,1048.8642,14.0,1.09
9134,31.04,988.7426,44.0,1.07
9135,37.28,1137.6903,22.0,1.27
9136,42.2,1001.2481,37.0,1.04
9137,56.04,1085.9844,42.0,1.11
9138,35.52,1005.1547,28.0,1.17
9139,43.24,1018.6402,70.0,1.23
9140,47.48,1003.7929,78.0,1.14
9141,50.36,1016.6054,52.0,1.25
9142,41.96,1036.2408,34.0,1.18
9143,55.0,1065.582,62.0,1.23
9144,47.68,1094.2922,42.0,1.18
9145,53.72,1122.4005,59.0,1.17
9146,47.6,990.5826,31.0,1.07
9147,45.4,1039.5925,30.0,1.04
9148,64.72,1024.2956,10.0,1.17
9149,43.6,1042.0931,37.0,1.09
9150,47.88,1083.805,22.0,1.31
9151,60.64,1029.9253,12.0,1.05
9152,37.36,1017.4562,30.0,1.14
9153,37.84,1040.42,67.0,1.14
9154,61.56,1092.8293,18.0,1.17
9155,54.04,1037.7824,31.0,1.19
9156,29.44,979.9148,101.0,0.98
9157,48.4,1017.1612,47.0,1.18
9158,36.48,1071.6491,46.0,1.21
9159,33.64,1032.1926,82.0,1.2
9160,44.8,1026.4206,14.0,1.27
9161,46.4,1039.0316,41.0,1.08
9162,35.12,1032.0222,57.0,1.22
9163,52.92,1018.561,45.0,1.19
9164,50.6,1025.8723,28.0,1.09
9165,41.24,989.3766,53.0,0.99
9166,51.24,1023.8014,58.0,1.19
9167,28.76,996.1491,62.0,1.05
9168,47.08,1105.5322,58.0,1.11
9169,48.76,1078.9502,39.0,1.21
9170,27.0,1040.3758,118.0,1.03
9171,41.52,1020.8473,69.0,1.15
9172,51.84,1004.8224,50.0,1.11
9173,39.04,1097.6765,35.0,1.12
9174,59.24,1056.344,17.0,1.24
9175,24.84,993.4876,43.0,1.14
9176,47.52,1050.7069,31.0,1.16
9177,56.28,1026.7563,18.0,1.09
9178,53.44,1132.1001,38.0,1.1
9179,27.04,980.2507,68.0,1.14
9180,62.8,1013.5398,25.0,1.27
9181,42.88,1025.1736,30.0,1.14
9182,47.16,1247.6195,60.0,1.24
9183,62.24,1029.5282,69.0,1.11
9184,49.64,1007.1513,61.0,1.12
9185,34.44,1093.4664,44.0,1.12
9186,47.88,1028.5677,37.0,1.1
9187,43.28,1034.2908,21.0,1.12
9188,43.84,996.919,7.0,1.26
9189,28.72,1010.7787,66.0,1.27
9190,57.56,1021.744,42.0,1.24
9191,47.4,1022.9099,72.0,1.4
9192,43.52,1022.7447,41.0,1.13
9193,47.0,1006.8293,85.0,1.21
9194,53.56,1064.3656,48.0,1.19
9195,56.0,1064.4041,32.0,1.33
9196,54.08,1049.5284,43.0,1.26
9197,43.92,1016.0572,74.0,1.23
9198,46.56,1030.6334,31.0,1.13
9199,41.96,1007.1897,56.0,1.11
9200,42.76,1012.6246,66.0,1.2
9201,49.8,1050.591,35.0,1.15
9202,51.72,1020.5582,13.0,1.09
9203,54.12,1008.0844,-3.0,1.15
9204,48.64,1039.9057,44.0,1.06
9205,42.4,1123.4023,62.0,1.27
9206,34.0,1015.5824,53.0,1.07
9207,39.36,1009.0471,47.0,1.1
9208,36.16,1064.6619,86.0,1.3
9209,53.04,1066.3787,43.0,1.15
9210,46.72,1042.653,46.0,1.4
9211,50.32,1065.3946,47.0,1.55
9212,50.52,1032.5958,22.0,1.19
9213,42.04,1049.2036,36.0,1.3
9214,42.76,1031.5405,43.0,1.38
9215,51.84,1080.3693,40.0,1.44
9216,40.52,1011.5627,87.0,1.43
9217,57.44,1032.6926,47.0,1.26
9218,39.6,1041.0289,57.0,1.25
9219,41.8,993.5121,96.0,1.15
9220,58.04,1066.2368,26.0,1.04
9221,62.4,1010.94,13.0,1.1
9222,46.24,1040.1103,59.0,1.15
9223,41.84,1031.8524,5.0,1.44
9224,51.16,1002.3418,35.0,1.56
9225,55.44,1047.4825,21.0,1.47
9226,39.76,982.4817,74.0,1.37
9227,51.88,1054.9928,29.0,1.66
9228,28.52,1021.9602,59.0,1.53
9229,42.36,1037.6688,71.0,1.53
9230,50.64,1102.1778,54.0,1.14
9231,49.44,1060.8831,73.0,1.31
9232,55.36,1031.6248,72.0,1.27
9233,27.08,1022.513,40.0,1.45
9234,23.44,998.8566,72.0,2.19
9235,45.96,1114.983,64.0,1.31
9236,39.88,1055.6238,40.0,1.35
9237,47.92,1034.304,9.0,1.11
9238,56.72,993.853,82.0,1.12
9239,39.4,1030.0732,67.0,1.13
9240,44.96,1039.3353,22.0,1.26
9241,46.32,1043.3181,67.0,1.2
9242,47.24,1056.2559,48.0,1.12
9243,46.08,1141.7982,59.0,1.16
9244,35.44,1035.4623,50.0,1.4
9245,44.08,1021.1607,40.0,1.38
9246,18.08,1006.8153,85.0,1.16
9247,52.4,1126.8837,56.0,1.19
9248,34.88,1107.4607,40.0,1.42
9249,43.0,1035.3054,36.0,1.18
9250,45.0,1057.1931,49.0,1.15
9251,51.92,1011.5018,43.0,1.22
9252,56.4,1053.6804,5.0,1.14
9253,42.68,988.4142,36.0,1.43
9254,32.08,1003.9404,74.0,1.27
9255,42.68,1002.6113,68.0,1.51
9256,40.36,1073.284,51.0,1.42
9257,35.44,1037.8672,46.0,1.43
9258,32.68,1046.0835,14.0,1.51
9259,53.84,1017.7678,16.0,1.38
9260,39.52,1015.0233,46.0,1.41
9261,50.04,1014.4286,32.0,1.41
9262,41.76,1086.359,32.0,1.56
9263,54.52,1021.6963,22.0,1.43
9264,28.96,996.5102,124.0,1.57
9265,44.76,1002.772,35.0,1.36
9266,57.32,1020.5873,23.0,1.52
9267,52.4,1036.5566,29.0,1.75
9268,34.96,1017.3152,47.0,1.86
9269,26.84,972.579,38.0,1.46
9270,36.6,998.0535,52.0,1.54
9271,39.12,1041.2156,39.0,1.43
9272,34.6,1084.3575,73.0,1.63
9273,27.2,994.8958,52.0,1.43
9274,37.6,1029.9196,29.0,1.51
9275,32.04,1016.8211,81.0,1.72
9276,50.68,1108.4754,47.0,2.75
9277,40.96,1054.497,48.0,2.25
9278,47.36,1154.3569,62.0,2.0
9279,47.84,1028.6684,16.0,1.71
9280,30.56,967.2198,39.0,1.59
9281,44.64,1057.5386,70.0,1.72
9282,37.68,1027.0931,68.0,1.66
9283,52.96,1016.9893,5.0,1.45
9284,34.52,1062.5593,57.0,1.47
9285,50.24,1022.606,17.0,1.46
9286,45.08,1098.9886,28.0,1.51
9287,37.88,1033.2235,41.0,1.94
9288,64.16,997.4889,8.0,1.48
9289,49.88,1026.8772,7.0,1.53
9290,49.2,1092.5172,30.0,1.51
9291,43.76,1016.4065,25.0,2.23
9292,38.84,1018.3935,72.0,2.57
9293,52.04,997.0199,29.0,1.35
9294,52.68,1064.3735,82.0,1.56
9295,66.0,1058.8847,15.0,1.69
9296,54.24,1023.882,29.0,1.83
9297,40.44,1141.7952,88.0,1.17
9298,40.76,1027.6986,28.0,1.43
9299,61.0,1010.4987,43.0,1.42
9300,55.56,1028.8996,45.0,1.84
9301,40.72,1010.5427,38.0,1.42
9302,34.08,1051.2655,94.0,1.98
9303,53.76,1053.5713,44.0,1.81
9304,47.2,1026.0708,55.0,1.81
9305,54.04,1211.5646,41.0,1.57
9306,48.72,1021.0276,60.0,1.54
9307,38.92,1005.477,38.0,1.51
9308,28.84,1057.8411,54.0,1.39
9309,54.8,1038.3069,6.0,1.45
9310,47.96,1001.4219,21.0,1.56
9311,40.2,1031.1518,63.0,2.31
9312,60.28,1022.166,13.0,2.11
9313,35.4,1080.5223,38.0,1.65
9314,35.64,998.0178,81.0,1.59
9315,41.96,1030.2435,50.0,1.88
9316,40.16,1023.4163,88.0,1.68
9317,49.0,1030.4088,39.0,1.55
9318,36.0,1021.717,61.0,1.77
9319,32.44,1024.2779,83.0,1.55
9320,42.92,1077.5998,37.0,1.56
9321,39.6,1045.54,22.0,1.48
9322,42.84,1054.0284,62.0,1.57
9323,51.92,1100.0884,9.0,2.06
9324,53.88,1064.8359,46.0,1.68
9325,55.84,1036.0264,11.0,1.81
9326,41.84,976.7432,51.0,1.91
9327,46.44,1034.4384,72.0,1.56
9328,56.48,1156.4314,25.0,1.33
9329,48.0,1072.7968,23.0,1.58
9330,35.56,1008.685,98.0,1.62
9331,38.88,1043.5707,31.0,1.64
9332,51.16,1124.298,11.0,1.47
9333,53.56,1009.6592,28.0,1.69
9334,38.56,1011.5189,49.0,1.86
9335,55.6,1017.4443,5.0,2.35
9336,39.88,1043.3876,40.0,2.14
9337,39.56,1034.6678,20.0,1.98
9338,46.88,1034.5577,54.0,1.92
9339,47.48,1078.6654,28.0,2.07
9340,49.72,1025.5328,15.0,1.57
9341,54.64,1061.3032,65.0,1.4
9342,43.2,1311.4938,58.0,1.16
9343,43.28,1014.4069,38.0,1.4
9344,32.92,1039.0378,37.0,1.32
9345,43.68,1026.8207,20.0,1.79
9346,48.36,1064.8074,26.0,1.12
9347,45.52,1047.0331,54.0,1.08
9348,43.8,1024.0681,38.0,1.1
9349,36.96,981.7781,69.0,1.19
9350,52.0,1277.8416,50.0,1.06
9351,32.24,1000.3091,89.0,1.08
9352,51.08,1019.4058,62.0,1.14
9353,43.4,1071.547,63.0,1.17
9354,50.72,1004.5972,60.0,1.08
9355,47.2,987.788,106.0,1.07
9356,46.88,1056.8779,25.0,1.18
9357,48.24,1038.0114,49.0,1.09
9358,61.36,1007.6744,20.0,1.08
9359,22.72,998.9637,75.0,1.11
9360,44.48,1070.9996,42.0,1.35
9361,58.16,1038.4178,15.0,1.14
9362,51.12,1022.6535,37.0,1.23
9363,38.84,1010.92,46.0,1.13
9364,55.28,1078.8842,44.0,1.11
9365,35.12,993.4053,93.0,0.98
9366,38.76,1042.9108,65.0,1.09
9367,39.72,1001.0487,62.0,1.01
9368,50.04,1031.2765,12.0,1.16
9369,39.32,992.1533,85.0,1.07
9370,22.44,991.1298,78.0,1.0
9371,50.84,1002.6016,29.0,1.18
9372,50.92,1008.2704,36.0,1.1
9373,38.64,1029.082,85.0,1.06
9374,47.08,1073.604,74.0,1.17
9375,57.68,1075.8659,41.0,1.15
9376,42.04,1021.5891,67.0,1.17
9377,47.0,1011.5948,9.0,1.16
9378,44.52,1029.2852,83.0,1.24
9379,34.04,1002.2732,32.0,1.11
9380,52.72,1025.0069,53.0,1.1
9381,50.4,1057.9534,40.0,1.2
9382,32.84,989.8795,38.0,1.1
9383,41.6,977.1054,60.0,1.06
9384,28.76,1038.9844,75.0,1.15
9385,38.6,1026.1425,31.0,1.13
9386,53.2,1101.0255,36.0,1.02
9387,55.2,1019.1183,40.0,1.13
9388,36.56,1025.9575,50.0,1.2
9389,58.48,1047.7469,33.0,1.09
9390,34.96,1218.7644,68.0,1.18
9391,35.12,1001.7512,8.0,1.03
9392,37.88,1031.4639,34.0,1.33
9393,54.04,1068.4905,32.0,1.12
9394,43.96,1170.6893,48.0,1.15
9395,35.52,1037.3461,65.0,1.12
9396,54.16,1055.619,48.0,1.18
9397,42.96,1035.9627,89.0,1.21
9398,31.2,1048.6866,50.0,1.04
9399,40.68,994.3352,91.0,1.14
9400,57.88,1076.8362,36.0,1.23
9401,63.84,1045.1696,29.0,1.14
9402,46.12,1034.1598,81.0,1.09
9403,47.24,1011.9606,75.0,1.15
9404,48.48,1022.5712,77.0,1.14
9405,41.0,1018.6467,66.0,1.16
9406,31.2,991.7908,68.0,1.06
9407,46.16,1039.8493,63.0,1.15
9408,57.84,1021.0081,32.0,1.08
9409,37.76,985.3562,51.0,1.14
9410,57.16,1006.7695,16.0,1.16
9411,44.6,1024.8881,38.0,1.03
9412,39.8,1036.2375,78.0,1.12
9413,51.6,1051.7378,41.0,1.05
9414,47.6,1015.0277,25.0,1.2
9415,40.48,1037.7772,61.0,1.23
9416,57.44,1046.0057,27.0,1.13
9417,55.84,1086.0486,35.0,1.21
9418,39.64,1024.6766,55.0,1.09
9419,48.24,1035.4606,39.0,1.13
9420,55.6,1050.1698,29.0,1.07
9421,54.92,1079.1409,78.0,1.15
9422,37.6,1053.7932,43.0,1.09
9423,50.36,1004.8014,81.0,1.12
9424,48.68,1034.8327,54.0,1.08
9425,22.84,1041.2446,40.0,1.23
9426,44.12,1065.4668,38.0,1.16
9427,33.88,1056.7269,66.0,1.06
9428,50.72,1042.4344,26.0,1.05
9429,45.8,1000.2888,32.0,1.01
9430,45.08,1014.355,35.0,1.1
9431,56.2,1028.4933,41.0,1.0
9432,62.12,1040.9116,32.0,1.05
9433,40.92,1066.1641,35.0,1.21
9434,57.44,1087.7138,40.0,1.15
9435,27.88,1039.3569,61.0,1.12
9436,56.64,1024.6251,16.0,1.13
9437,50.48,1057.9032,52.0,1.1
9438,34.6,1048.4207,34.0,1.15
9439,49.0,1015.8273,41.0,0.98
9440,44.84,1046.5492,50.0,1.13
9441,52.36,1028.0578,56.0,1.34
9442,57.6,1039.7313,20.0,1.1
9443,55.64,1068.4972,20.0,1.26
9444,48.4,1089.589,38.0,1.1
9445,43.52,1093.8352,68.0,1.08
9446,49.44,1059.0344,72.0,1.11
9447,37.28,1036.8261,17.0,1.17
9448,39.28,1034.383,104.0,1.12
9449,49.92,1070.6364,31.0,1.41
9450,59.08,1034.8108,4.0,1.03
9451,36.72,1058.8113,101.0,1.12
9452,55.0,1054.8089,27.0,1.06
9453,50.68,1028.4661,18.0,1.14
9454,59.0,1056.2691,34.0,1.17
9455,41.04,1029.8539,44.0,1.18
9456,43.16,1081.7791,73.0,1.08
9457,47.4,1034.8923,30.0,1.43
9458,68.04,1047.1723,20.0,1.1
9459,20.8,1006.4674,49.0,1.15
9460,52.56,965.2612,18.0,1.1
9461,39.52,1018.075,14.0,1.04
9462,43.6,1058.6835,37.0,1.09
9463,43.28,1079.0848,5.0,1.03
9464,43.76,1065.8316,47.0,1.16
9465,57.2,1004.7747,23.0,1.15
9466,42.72,1053.1508,49.0,1.15
9467,36.64,1038.3066,55.0,1.08
9468,31.4,1011.3425,30.0,1.04
9469,50.48,1039.8153,20.0,1.11
9470,47.32,1051.1596,77.0,1.08
9471,49.68,1001.372,31.0,1.12
9472,46.84,1080.025,36.0,1.11
9473,48.16,1060.5694,7.0,1.28
9474,51.48,1026.456,80.0,1.13
9475,45.68,1050.1753,21.0,1.04
9476,54.24,1005.8572,3.0,1.1
9477,40.16,1030.8701,41.0,1.06
9478,32.84,1035.5934,32.0,1.17
9479,38.8,1022.7909,87.0,1.04
9480,43.6,1012.8935,28.0,1.15
9481,53.72,1017.7043,28.0,1.27
9482,46.2,1030.4951,16.0,1.08
9483,60.52,991.6593,10.0,1.1
9484,55.48,1014.6199,75.0,1.18
9485,35.32,980.9368,52.0,1.22
9486,47.24,1062.5117,44.0,1.14
9487,47.12,1016.1599,27.0,1.1
9488,58.24,1035.4428,29.0,1.12
9489,46.96,999.5403,18.0,1.15
9490,22.88,969.5573,67.0,1.05
9491,36.28,1100.511,62.0,1.22
9492,51.2,1046.4304,13.0,1.24
9493,42.68,1025.304,6.0,1.08
9494,31.0,1033.3278,43.0,1.16
9495,43.24,1029.3313,64.0,1.11
9496,62.0,1067.1284,64.0,1.11
9497,44.16,1089.334,35.0,1.22
9498,39.0,1104.6082,68.0,1.02
9499,62.36,1035.1815,16.0,1.07
9500,51.64,1033.2491,17.0,1.06
9501,44.88,1045.6686,33.0,1.16
9502,56.04,1060.1632,58.0,1.13
9503,51.0,1009.6601,14.0,0.88
9504,56.2,1067.124,9.0,1.05
9505,38.96,1020.1724,56.0,1.12
9506,36.48,1017.1536,44.0,1.17
9507,49.2,1013.3665,54.0,1.13
9508,57.4,1064.8504,45.0,1.22
9509,50.6,1024.6976,29.0,1.05
9510,52.72,1093.7321,3.0,1.05
9511,23.44,1005.5087,47.0,1.19
9512,56.24,1036.8538,20.0,1.0
9513,55.52,1079.6022,36.0,1.26
9514,44.24,1041.1278,81.0,1.17
9515,47.72,1043.7174,35.0,1.02
9516,44.4,1048.1422,29.0,1.08
9517,41.04,981.4105,29.0,1.01
9518,48.52,1037.0332,12.0,1.15
9519,39.4,1053.1303,47.0,1.21
9520,42.08,1077.8552,75.0,1.03
9521,24.92,1012.3947,48.0,1.12
9522,35.88,1014.7367,39.0,1.2
9523,61.8,1042.18,38.0,1.08
9524,57.4,1015.2492,36.0,1.15
9525,28.4,968.2514,128.0,1.0
9526,55.44,1059.0369,38.0,1.11
9527,64.84,1038.1548,17.0,1.07
9528,52.76,1052.6264,49.0,1.09
9529,43.68,1037.0599,22.0,1.1
9530,40.32,1015.946,50.0,1.19
9531,39.16,1026.4381,16.0,1.13
9532,56.88,1062.5692,37.0,1.11
9533,54.36,1017.399,12.0,1.07
9534,46.52,1033.5502,46.0,1.04
9535,25.36,996.8332,47.0,1.06
9536,38.52,1031.6283,57.0,1.33
9537,37.24,989.0455,49.0,1.05
9538,40.68,1044.9185,84.0,1.08
9539,51.72,1009.2303,49.0,1.2
9540,37.16,1038.4549,49.0,1.17
9541,35.76,1039.769,37.0,1.15
9542,55.04,963.9523,8.0,1.12
9543,47.28,1020.0296,25.0,1.1
9544,37.8,1037.109,77.0,1.17
9545,25.52,1021.7866,39.0,1.27
9546,49.24,1048.864,22.0,1.16
9547,54.68,1002.3175,33.0,1.19
9548,41.08,981.3218,73.0,1.15
9549,48.8,1034.9841,56.0,1.14
9550,53.04,1057.0626,31.0,1.02
9551,23.04,994.3165,33.0,1.13
9552,55.36,1101.7486,25.0,0.95
9553,36.4,1007.6513,11.0,1.32
9554,45.48,1066.0788,71.0,1.29
9555,54.32,1074.807,40.0,1.16
9556,43.28,1120.4216,51.0,1.05
9557,41.96,1084.9335,44.0,1.1
9558,57.44,1103.6414,38.0,1.15
9559,45.0,1031.0861,60.0,1.04
9560,55.24,1012.7723,29.0,1.14
9561,57.32,1078.7862,24.0,1.15
9562,52.52,1059.6802,50.0,1.04
9563,41.36,1108.7768,34.0,1.2
9564,38.76,1037.4913,41.0,1.15
9565,41.08,1020.6945,50.0,1.15
9566,48.64,1021.7984,15.0,1.13
9567,53.56,1055.8289,50.0,1.05
9568,43.08,1032.0717,41.0,1.04
9569,50.52,1063.1864,47.0,1.16
9570,51.64,1035.9389,15.0,1.15
9571,42.84,1049.0868,61.0,1.33
9572,53.96,1049.0572,45.0,1.09
9573,39.0,1063.3782,75.0,1.26
9574,47.52,993.5787,31.0,1.08
9575,50.32,1025.1595,12.0,1.12
9576,45.24,1005.9785,38.0,1.13
9577,50.12,1051.1711,41.0,1.1
9578,56.32,996.4037,67.0,1.07
9579,38.32,1032.0097,40.0,1.2
9580,45.56,1110.0746,11.0,1.11
9581,49.48,991.0164,42.0,1.04
9582,42.36,1106.8464,17.0,1.03
9583,56.64,1024.6216,30.0,1.2
9584,36.96,1038.7987,52.0,1.11
9585,38.44,1007.0202,91.0,1.02
9586,50.84,1004.969,40.0,1.14
9587,37.32,1038.9205,63.0,1.22
9588,44.0,1049.8189,57.0,1.07
9589,27.88,1018.7942,67.0,1.12
9590,47.92,1082.9276,30.0,1.1
9591,40.04,1023.3286,61.0,1.17
9592,52.88,1018.7058,39.0,1.14
9593,38.44,1068.688,65.0,1.15
9594,44.92,1023.0752,52.0,1.16
9595,45.84,1040.7144,61.0,1.19
9596,63.36,1014.1313,11.0,1.18
9597,44.96,1034.3697,91.0,1.23
9598,44.76,1029.15,64.0,1.07
9599,47.0,1029.5056,44.0,1.12
9600,32.96,1006.4991,53.0,1.12
9601,42.08,1017.0952,67.0,1.11
9602,60.36,1067.456,20.0,1.09
9603,51.48,1031.4558,44.0,1.17
9604,56.96,1036.4596,24.0,1.08
9605,40.52,1045.7848,66.0,1.21
9606,39.52,1013.7084,55.0,1.09
9607,46.4,1068.7577,52.0,1.16
9608,47.24,1018.4119,48.0,1.15
9609,59.68,1047.6038,23.0,1.09
9610,47.28,1022.9065,35.0,1.25
9611,33.84,1064.7699,61.0,1.09
9612,35.32,1019.1163,32.0,1.06
9613,56.2,1001.9341,41.0,1.03
9614,52.64,1076.9621,13.0,1.01
9615,47.88,1082.4226,19.0,1.13
9616,49.0,1058.2395,55.0,1.11
9617,54.84,1227.779,10.0,1.08
9618,45.76,1042.0782,36.0,1.06
9619,19.56,1005.0277,78.0,1.16
9620,41.2,1049.3593,75.0,0.94
9621,47.52,1058.1646,42.0,1.11
9622,40.52,1101.1047,84.0,1.1
9623,44.32,1070.8223,65.0,1.24
9624,32.96,1042.6272,55.0,1.14
9625,32.32,1011.8726,90.0,1.12
9626,33.96,1022.9655,71.0,1.05
9627,47.36,1071.6302,33.0,1.38
9628,47.6,1059.6718,29.0,1.26
9629,56.88,1012.6569,27.0,1.09
9630,50.92,1096.4189,81.0,1.19
9631,51.76,1005.4588,65.0,1.14
9632,46.84,1094.8116,80.0,1.1
9633,45.4,1050.4232,38.0,1.13
9634,35.16,1008.952,45.0,1.14
9635,59.2,1000.543,58.0,1.22
9636,42.4,1206.4476,53.0,1.12
9637,39.88,1014.7537,109.0,1.17
9638,40.32,996.0068,75.0,1.08
9639,33.32,1000.0489,53.0,1.11
9640,46.08,1049.1183,79.0,1.08
9641,46.4,1022.4081,70.0,1.13
9642,52.36,1039.8292,69.0,1.11
9643,26.64,978.0234,68.0,1.18
9644,50.92,1141.952,16.0,1.0
9645,35.64,1105.7799,56.0,1.01
9646,51.68,1014.3678,22.0,1.1
9647,36.52,1036.1347,61.0,1.12
9648,45.64,1037.2074,75.0,1.13
9649,38.28,1030.018,54.0,1.14
9650,46.2,1126.2035,62.0,1.12
9651,34.56,1054.7193,98.0,1.24
9652,52.48,1014.0864,17.0,1.13
9653,45.52,1078.923,35.0,1.01
9654,53.36,1012.478,31.0,1.06
9655,43.36,1007.4034,54.0,1.08
9656,41.0,1052.5677,59.0,1.15
9657,42.88,1069.8338,41.0,1.32
9658,48.44,1126.3812,52.0,1.18
9659,40.88,989.783,24.0,1.17
9660,44.4,1021.8318,62.0,1.08
9661,50.2,1026.4003,28.0,1.12
9662,36.36,988.8457,44.0,1.16
9663,46.2,1049.1916,48.0,1.12
9664,41.92,995.459,62.0,1.11
9665,40.24,1078.2945,57.0,1.13
9666,39.8,1044.5198,31.0,1.09
9667,55.24,1014.2296,57.0,1.24
9668,44.44,1012.9853,70.0,1.15
9669,28.48,970.9043,53.0,0.99
9670,33.76,981.6388,29.0,1.05
9671,60.68,1034.475,47.0,1.16
9672,57.36,1023.08,32.0,1.26
9673,29.16,999.4962,73.0,1.09
9674,42.88,1049.2688,37.0,1.28
9675,41.72,1046.4442,36.0,1.4
9676,42.4,1118.5802,44.0,1.1
9677,27.16,1014.9212,52.0,1.11
9678,32.48,1063.7162,39.0,1.13
9679,37.24,1044.2912,62.0,1.23
9680,52.0,1033.9035,38.0,1.19
9681,61.64,1017.8132,29.0,1.28
9682,53.72,1144.3748,59.0,1.16
9683,55.92,1038.2836,50.0,1.25
9684,41.04,1031.0322,28.0,1.1
9685,50.4,1098.6161,55.0,1.1
9686,51.72,1084.8216,36.0,1.16
9687,42.96,987.6551,54.0,1.11
9688,32.24,1017.249,60.0,1.08
9689,49.08,1016.2534,22.0,1.18
9690,40.28,1050.846,36.0,1.13
9691,42.16,1040.1964,45.0,1.23
9692,47.32,1096.5572,97.0,1.15
9693,40.56,1013.9132,63.0,1.12
9694,48.76,1202.7745,22.0,1.16
9695,46.44,1047.4766,23.0,1.12
9696,39.56,1054.0369,38.0,1.19
9697,50.92,1019.7067,43.0,1.16
9698,42.36,999.8757,55.0,1.16
9699,35.36,1039.9189,56.0,1.39
9700,47.16,1106.988,69.0,1.11
9701,37.4,1099.2657,47.0,1.08
9702,48.84,1071.5331,44.0,1.12
9703,59.92,1027.0532,36.0,1.09
9704,52.08,1036.8319,43.0,1.18
9705,51.72,1036.1073,58.0,1.18
9706,49.44,1027.0046,51.0,1.25
9707,37.76,996.8744,40.0,1.14
9708,31.88,1038.2522,75.0,1.11
9709,45.96,1044.6374,57.0,1.16
9710,39.28,1017.2874,44.0,1.17
9711,50.36,1013.9804,61.0,1.11
9712,37.76,1063.3794,91.0,1.09
9713,39.48,1081.0682,34.0,1.08
9714,58.2,1024.2553,36.0,1.09
9715,43.08,1106.3974,30.0,1.26
9716,55.88,1030.6246,19.0,1.21
9717,43.2,1036.9473,60.0,1.4
9718,41.08,1003.2138,67.0,1.31
9719,37.72,990.912,86.0,1.12
9720,51.8,1071.3012,43.0,1.15
9721,39.6,990.4874,75.0,1.15
9722,41.12,980.3398,73.0,1.23
9723,41.32,1117.5596,43.0,1.05
9724,44.08,1057.1134,38.0,1.23
9725,22.48,1012.7921,79.0,1.15
9726,57.28,1006.037,37.0,1.05
9727,44.68,1021.0825,45.0,1.11
9728,42.84,1040.8146,26.0,1.11
9729,28.52,1000.4121,55.0,1.14
9730,46.56,1000.503,39.0,1.26
9731,52.08,1074.7292,20.0,1.12
9732,37.48,1025.2623,25.0,1.22
9733,32.44,992.3581,97.0,1.07
9734,47.6,1074.9504,24.0,1.11
9735,53.76,1092.4964,32.0,1.14
9736,26.6,989.7088,39.0,1.01
9737,43.92,1160.0248,61.0,1.08
9738,46.56,1082.8254,86.0,1.23
9739,35.28,989.3619,19.0,1.15
9740,60.8,1070.0979,62.0,1.1
9741,59.84,1076.1948,33.0,1.13
9742,48.52,1015.4079,42.0,1.11
9743,41.56,1000.8925,36.0,1.15
9744,49.52,1025.0055,64.0,1.13
9745,53.48,999.1601,44.0,1.1
9746,55.04,1031.715,63.0,1.19
9747,64.68,1042.0151,12.0,1.04
9748,32.68,1000.5922,34.0,1.14
9749,43.52,1020.0555,72.0,1.14
9750,50.88,1071.0429,39.0,1.16
9751,52.8,1072.8062,20.0,1.17
9752,33.92,1077.304,64.0,1.11
9753,52.8,1042.0818,49.0,1.04
9754,43.04,1101.2649,20.0,1.22
9755,26.2,1070.6231,43.0,1.16
9756,45.6,1010.6992,54.0,1.08
9757,38.84,979.703,52.0,1.18
9758,47.28,1087.8998,69.0,1.19
9759,43.84,1057.2867,38.0,1.28
9760,55.44,1068.7007,39.0,1.05
9761,46.52,976.14,12.0,1.08
9762,48.96,1093.5643,52.0,1.27
9763,39.44,1049.6141,55.0,1.24
9764,43.12,1015.4292,44.0,1.16
9765,68.88,1040.777,6.0,1.08
9766,46.16,1066.0803,23.0,1.15
9767,53.44,1055.3911,48.0,1.05
9768,64.12,1001.7736,43.0,1.09
9769,44.84,993.9242,25.0,1.05
9770,38.44,1058.9967,117.0,1.21
9771,36.68,1011.7586,50.0,1.06
9772,41.48,1030.2248,58.0,1.09
9773,36.6,1030.7854,53.0,1.09
9774,42.44,1035.9177,26.0,1.1
9775,31.76,1011.013,73.0,1.11
9776,41.2,1050.7628,39.0,1.27
9777,45.92,1069.7906,31.0,1.12
9778,62.08,1019.588,13.0,1.56
9779,44.8,1006.1482,66.0,1.47
9780,47.16,1085.0513,51.0,1.21
9781,45.48,1047.1739,114.0,1.1
9782,52.76,1043.184,42.0,1.1
9783,53.32,1047.2159,80.0,1.25
9784,49.52,1046.5968,49.0,1.12
9785,53.48,1020.1651,35.0,1.11
9786,54.56,1040.4839,79.0,1.21
9787,45.36,1054.8332,19.0,1.17
9788,54.48,1017.2804,26.0,1.39
9789,47.64,1032.279,10.0,1.05
9790,29.72,1027.1278,64.0,1.09
9791,52.84,1059.944,50.0,1.16
9792,59.64,1027.8916,38.0,1.06
9793,45.0,1138.0025,36.0,1.25
9794,45.56,1079.27,79.0,1.19
9795,53.12,1042.9815,44.0,1.22
9796,46.76,1000.0906,2.0,1.01
9797,43.84,1176.5718,37.0,1.08
9798,45.96,1031.9128,31.0,1.04
9799,49.04,1109.7175,40.0,1.06
9800,34.8,1074.0372,56.0,1.27
9801,50.16,1083.7739,14.0,1.37
9802,32.56,1005.3643,58.0,1.47
9803,42.52,1014.952,19.0,1.69
9804,31.08,1039.1322,105.0,1.6
9805,51.48,1098.4476,57.0,1.62
9806,37.6,1032.8646,52.0,1.53
9807,49.6,998.4721,53.0,1.79
9808,39.48,1078.078,32.0,1.33
9809,53.36,1051.0154,7.0,1.85
9810,27.12,1026.4334,90.0,1.87
9811,46.44,997.2114,57.0,1.86
9812,41.04,1042.5851,36.0,1.88
9813,36.56,999.2157,20.0,1.51
9814,51.04,1072.5803,33.0,1.54
9815,55.56,994.625,52.0,1.53
9816,48.16,1035.3639,70.0,1.6
9817,48.96,1067.5787,50.0,1.59
9818,47.4,1064.0902,34.0,1.66
9819,52.48,1005.3515,53.0,1.99
9820,44.68,1046.511,21.0,1.51
9821,40.64,1049.5184,57.0,1.57
9822,28.8,985.4783,49.0,1.36
9823,37.6,1009.4482,47.0,1.5
9824,48.72,1029.9131,45.0,1.58
9825,36.44,996.0754,41.0,1.26
9826,47.64,1151.6937,62.0,1.25
9827,29.72,997.6,61.0,1.71
9828,55.32,1043.7316,41.0,1.38
9829,42.24,1028.0053,54.0,1.7
9830,47.8,1040.3984,47.0,1.72
9831,62.8,1030.9809,36.0,1.78
9832,57.6,1037.4856,29.0,1.51
9833,43.96,1013.1704,32.0,1.48
9834,41.48,1040.8044,67.0,1.34
9835,30.48,1012.966,89.0,1.45
9836,50.64,1106.7212,40.0,1.54
9837,59.84,1002.8742,44.0,1.7
9838,47.52,1018.1014,53.0,2.07
9839,32.92,1036.4271,95.0,1.85
9840,55.24,1021.1567,26.0,2.14
9841,23.16,1041.6835,61.0,1.53
9842,52.28,1031.2472,15.0,1.51
9843,56.44,1061.1514,27.0,1.57
9844,55.28,1001.3814,36.0,1.52
9845,51.76,1043.9729,41.0,1.55
9846,55.04,1048.8148,27.0,1.88
9847,41.48,990.7086,31.0,1.43
9848,57.16,1111.7471,41.0,2.14
9849,52.76,1018.0542,20.0,1.92
9850,63.56,1033.7402,33.0,1.87
9851,29.6,1035.2715,52.0,1.78
9852,34.44,986.99,86.0,1.72
9853,51.76,1006.9541,44.0,1.86
9854,51.12,1089.8518,45.0,1.66
9855,49.68,1030.5965,37.0,1.74
9856,42.4,1114.786,39.0,1.67
9857,57.12,1030.7726,51.0,1.34
9858,39.48,1039.8397,43.0,1.85
9859,49.36,1014.11,36.0,1.47
9860,44.8,1020.2229,70.0,1.37
9861,34.64,1032.9172,48.0,1.53
9862,44.64,1028.6158,75.0,1.28
9863,48.28,1135.7498,33.0,1.5
9864,30.08,969.8725,43.0,1.3
9865,48.48,1172.1876,24.0,2.25
9866,40.44,1018.3254,45.0,1.49
9867,30.88,1198.8685,43.0,1.44
9868,45.6,1026.3034,61.0,1.48
9869,56.0,1039.3327,29.0,2.02
9870,38.24,1001.9554,42.0,1.92
9871,43.0,1148.6004,64.0,1.51
9872,41.84,993.2036,52.0,1.38
9873,60.44,1003.1413,12.0,1.64
9874,42.52,1053.8408,52.0,1.5
9875,40.56,1026.833,8.0,1.59
9876,52.64,1079.6792,8.0,1.43
9877,44.68,1010.976,41.0,1.49
9878,37.48,1062.8953,54.0,1.52
9879,53.04,1036.8192,73.0,1.61
9880,39.2,1063.8224,56.0,1.37
9881,46.72,1040.9372,59.0,1.54
9882,52.24,1099.9482,28.0,1.45
9883,50.84,1003.0545,12.0,1.57
9884,53.12,1029.1057,29.0,1.39
9885,39.24,1066.5394,47.0,1.41
9886,33.28,1037.8354,46.0,1.63
9887,37.92,1037.5157,24.0,1.58
9888,23.44,981.4466,116.0,1.47
9889,44.48,1155.22,31.0,1.48
9890,24.16,1009.9168,80.0,1.92
9891,49.64,1049.289,40.0,1.81
9892,50.76,1054.2404,8.0,2.46
9893,56.52,1076.3433,36.0,2.02
9894,35.16,1015.1784,12.0,1.57
9895,35.96,1016.275,55.0,1.79
9896,40.8,1036.3664,87.0,1.8
9897,52.72,1038.7187,67.0,1.6
9898,50.8,1092.5354,37.0,1.58
9899,42.4,1001.5372,54.0,1.54
9900,32.76,1030.2048,79.0,1.42
9901,41.72,1072.7753,43.0,1.79
9902,39.0,1062.782,15.0,1.64
9903,43.6,981.717,51.0,1.63
9904,54.24,1020.1478,72.0,1.35
9905,24.96,1068.0738,136.0,1.39
9906,43.76,1030.4436,41.0,1.86
9907,41.4,1022.7456,41.0,1.97
9908,38.8,1026.4386,63.0,1.82
9909,51.28,1036.979,33.0,1.84
9910,30.72,1026.5484,38.0,1.74
9911,39.56,1029.1275,67.0,1.7
9912,44.56,1113.6021,101.0,1.74
9913,50.28,1013.4715,18.0,1.75
9914,40.92,1039.5547,47.0,1.8
9915,46.64,1023.8116,46.0,1.58
9916,47.12,1061.0073,25.0,1.64
9917,46.92,1042.3808,86.0,1.78
9918,49.32,1022.2382,36.0,1.5
9919,39.04,1077.3398,68.0,1.46
9920,36.92,1013.4491,61.0,1.67
9921,47.84,1063.305,21.0,2.02
9922,35.2,1019.6148,45.0,1.19
9923,19.68,1007.1732,80.0,1.13
9924,42.6,1102.3219,20.0,1.13
9925,44.92,1111.5166,34.0,1.15
9926,57.52,1036.4142,13.0,1.2
9927,59.4,1044.1114,22.0,1.15
9928,44.6,1162.7645,45.0,1.89
9929,65.12,1031.5274,29.0,1.44
9930,50.32,1031.3946,56.0,1.42
9931,40.56,1062.9709,52.0,1.46
9932,55.04,993.9433,53.0,1.24
9933,46.28,1020.366,94.0,1.51
9934,45.24,998.7532,24.0,1.46
9935,34.68,1032.6434,27.0,1.42
9936,35.52,1061.0066,45.0,1.36
9937,50.36,1050.7788,80.0,1.21
9938,47.64,1061.5351,22.0,1.25
9939,35.76,1031.792,100.0,1.4
9940,52.96,1027.5279,46.0,1.59
9941,30.16,1054.1612,56.0,1.22
9942,43.08,1008.4937,83.0,1.1
9943,44.32,992.0467,47.0,1.13
9944,62.4,1043.3377,35.0,1.25
9945,61.24,1077.3046,4.0,1.39
9946,44.84,1087.6188,42.0,1.18
9947,46.04,1031.0111,28.0,1.19
9948,41.6,1017.4055,64.0,1.29
9949,47.84,1015.948,19.0,1.2
9950,45.8,1040.1518,47.0,1.54
9951,42.0,1310.0265,56.0,1.04
9952,36.52,1040.4732,33.0,1.1
9953,50.16,1060.7128,59.0,1.28
9954,57.72,1021.9904,34.0,1.15
9955,53.84,1049.8047,52.0,1.15
9956,50.56,1012.0451,7.0,1.09
9957,40.28,1018.2093,49.0,1.22
9958,33.68,1063.451,60.0,1.36
9959,50.48,1031.6972,54.0,1.14
9960,33.48,996.0743,34.0,1.41
9961,59.44,1107.5616,46.0,1.35
9962,50.0,1026.2735,12.0,1.35
9963,57.64,1116.3493,27.0,1.45
9964,56.32,1064.7916,31.0,1.35
9965,36.96,1124.0754,56.0,1.54
9966,58.08,1119.359,12.0,1.39
9967,41.64,1022.1839,54.0,1.55
9968,26.8,1008.633,43.0,1.43
9969,55.32,1112.552,78.0,1.42
9970,35.48,1027.4151,60.0,1.58
9971,42.72,1011.2918,43.0,1.6
9972,53.64,1072.0242,43.0,2.02
9973,49.52,984.9905,16.0,1.51
9974,43.88,1029.019,50.0,1.69
9975,48.72,1015.2764,15.0,1.6
9976,46.44,1101.9967,56.0,1.43
9977,44.16,1070.4878,51.0,1.39
9978,42.36,1054.366,40.0,1.5
9979,52.92,1059.3062,41.0,1.39
9980,42.96,1002.6772,77.0,1.42
9981,45.16,1054.5724,33.0,1.52
9982,44.72,1187.5422,37.0,1.38
9983,35.44,1030.1753,43.0,1.42
9984,19.68,999.8921,65.0,1.63
9985,32.88,995.402,60.0,1.53
9986,52.84,1072.9003,59.0,1.5
9987,42.16,1004.4447,39.0,1.68
9988,49.96,1045.1328,105.0,1.75
9989,54.12,1029.1427,42.0,1.31
9990,54.76,1031.4975,12.0,1.48
9991,39.96,1033.9539,46.0,1.78
9992,47.68,1033.1141,56.0,1.65
9993,37.84,1027.6492,58.0,1.53
9994,52.56,1062.8589,54.0,1.2
9995,42.68,1030.8664,46.0,1.42
9996,50.96,1063.1825,63.0,1.55
9997,44.48,1056.0184,38.0,1.56
9998,55.96,1038.8346,38.0,1.67
9999,41.28,1031.4466,44.0,1.46
10000,44.72,1075.7398,13.0,1.39
