episode,avg_pods,avg_latency,reward,execution_time
1,9.04,1.413,-8.0,0.19
2,9.24,56.4519,-13.0,0.23
3,6.56,76.3063,-1.0,0.2
4,7.12,547452.9163,-5.0,0.25
5,8.36,0.045,-10.0,0.2
6,8.0,15.9006,-9.0,0.2
7,9.8,179.7975,-10.0,0.18
8,10.08,279.6959,-11.0,0.18
9,9.72,352768.1174,-9.0,0.21
10,8.48,39.2427,-11.0,0.26
11,6.28,504814.7001,2.0,0.25
12,7.64,0.2388,-6.0,0.33
13,7.64,56498.5336,0.0,0.31
14,5.28,710579.8238,-3.0,0.3
15,8.56,1.0239,-12.0,0.23
16,9.72,56477.125,-14.0,0.24
17,8.36,0.4891,-6.0,0.19
18,12.0,149.4505,-12.0,0.17
19,9.0,360172.5495,-12.0,0.21
20,7.48,359863.5733,-10.0,0.24
21,7.88,460201.0398,-8.0,0.21
22,8.36,5.0623,-9.0,0.2
23,6.48,67848.8808,-13.0,0.19
24,9.56,833676.4272,-8.0,0.16
25,6.72,67849.1958,-10.0,0.22
26,10.4,495548.9842,-16.0,0.24
27,11.24,118939.6062,-4.0,0.23
28,9.56,360167.5599,-5.0,0.25
29,8.72,359710.3073,-9.0,0.28
30,9.68,0.0889,-9.0,0.25
31,10.6,238260.8614,-6.0,0.26
32,8.76,121.2382,-11.0,0.2
33,9.16,354261.0981,1.0,0.23
34,8.56,9.6014,-10.0,0.21
35,9.28,39.1618,-13.0,0.81
36,9.56,118940.2986,-12.0,0.21
37,7.88,359859.6972,-8.0,0.2
38,8.56,881996.0158,-2.0,0.19
39,9.76,77.189,-7.0,0.23
40,10.0,362675.0608,-6.0,0.19
41,6.76,5.3888,-2.0,0.29
42,5.96,168279.6358,6.0,0.19
43,5.96,67760.7562,2.0,0.17
44,9.92,0.4652,-12.0,0.19
45,6.84,0.1735,-6.0,0.28
46,8.56,32236.9074,-7.0,0.21
47,6.2,1158.4626,-7.0,0.22
48,5.76,166.8782,-5.0,0.24
49,7.72,74162.9468,-5.0,0.2
50,8.2,1.1141,-4.0,0.22
51,7.04,359735.2758,-8.0,0.17
52,8.96,276543.0321,-10.0,0.18
53,9.16,123077.6184,-10.0,0.27
54,9.72,76.8589,-5.0,0.2
55,8.76,600240.1107,-9.0,0.32
56,10.12,354258.4042,-8.0,0.26
57,9.44,119085.2752,-12.0,0.2
58,7.72,623.4304,-2.0,0.26
59,8.16,719750.9004,-6.0,0.19
60,9.28,48512.134,-10.0,0.2
61,9.92,5.5338,-6.0,0.2
62,9.6,169523.5205,-6.0,0.21
63,6.0,165.1162,-3.0,0.24
64,6.72,0.0285,-11.0,0.17
65,6.16,1.2343,-11.0,0.2
66,8.24,359696.816,-8.0,0.19
67,5.28,122.4685,-3.0,0.18
68,8.32,132920.2911,-9.0,0.19
69,8.12,0.4854,-5.0,0.19
70,9.04,0.1764,-3.0,0.21
71,7.04,1200683.9648,-8.0,0.21
72,9.44,366307.9159,-13.0,0.36
73,6.72,23804.3815,-1.0,0.25
74,7.12,202209.4765,-7.0,0.19
75,9.2,2799.4252,-8.0,0.21
76,9.88,460089.8024,-11.0,0.16
77,7.36,339388.8286,-9.0,0.18
78,6.92,2.2438,0.0,0.19
79,7.44,714992.8222,-4.0,0.19
80,6.4,1.1706,-1.0,0.25
81,6.88,1140.6687,-4.0,0.17
82,8.52,19.6087,-6.0,0.17
83,8.16,239105.8824,-5.0,0.19
84,6.96,2.5746,-9.0,0.17
85,5.76,407095.7909,-6.0,0.22
86,8.4,2.3278,-12.0,0.2
87,7.52,362.6316,-13.0,0.17
88,5.56,359721.9528,-5.0,0.16
89,7.2,400286.3654,-5.0,0.22
90,8.36,56562.1252,-3.0,0.23
91,6.76,34969.9977,-4.0,0.21
92,7.8,100870.7158,-10.0,0.25
93,6.28,52.9763,0.0,0.21
94,6.76,0.0714,-14.0,0.18
95,8.28,1500.4674,-3.0,0.17
96,8.32,833647.7946,-10.0,0.17
97,9.24,476804.3417,-4.0,0.18
98,8.8,26.1877,-8.0,0.16
99,6.84,699765.927,-3.0,0.25
100,7.24,27.6749,-4.0,0.17
101,5.96,89.609,-8.0,0.15
102,7.56,2012.3168,-4.0,0.16
103,7.84,336566.7614,-12.0,0.24
104,6.6,359844.8518,-6.0,0.18
105,6.8,240027.99,0.0,0.17
106,9.8,0.1057,-10.0,0.25
107,5.08,37.0243,-6.0,0.24
108,5.76,67850.9823,-8.0,0.25
109,7.12,120435.234,-5.0,0.22
110,5.08,34170.1719,-2.0,0.28
111,7.88,185848.5953,-6.0,0.42
112,5.12,336542.0201,-5.0,0.33
113,6.04,359903.54,-12.0,0.23
114,6.2,253366.2866,-12.0,0.21
115,6.2,359703.8991,-9.0,0.23
116,8.92,0.0379,-1.0,0.22
117,7.12,8315.9772,-4.0,0.22
118,6.84,1207.3098,-8.0,0.22
119,7.48,427702.3632,-8.0,0.2
120,4.76,152.0324,-2.0,0.23
121,7.76,567.3301,-2.0,0.21
122,6.76,881797.8705,-9.0,0.21
123,8.12,4898.6624,-9.0,0.24
124,6.6,43.4049,3.0,0.21
125,8.72,4865.139,-5.0,0.22
126,6.08,29.5184,-12.0,0.21
127,7.96,47.2511,0.0,0.27
128,8.24,7.7664,-2.0,0.23
129,7.64,342771.23,-9.0,0.22
130,6.48,33.5124,-10.0,0.22
131,7.64,72.6609,-3.0,0.27
132,5.72,153911.413,-3.0,0.25
133,8.24,2.6989,-2.0,0.27
134,5.16,33915.6172,1.0,0.22
135,6.32,33891.1069,-3.0,0.24
136,7.2,399434.0396,3.0,0.23
137,5.56,273938.3408,-3.0,0.24
138,5.52,724191.7628,-10.0,0.23
139,6.56,56484.5712,0.0,0.17
140,7.52,7472.7802,-7.0,0.22
141,5.08,65.029,-6.0,0.19
142,7.88,9.2513,-3.0,0.19
143,6.08,357210.3781,-2.0,0.33
144,9.8,145.7044,-3.0,0.33
145,7.32,7.4947,-8.0,0.38
146,7.52,787426.018,-3.0,0.33
147,6.68,13.8725,4.0,0.37
148,6.8,2.812,-3.0,0.33
149,8.48,237879.4728,1.0,0.86
150,5.52,0.6809,13.0,0.31
151,6.0,38.5318,-1.0,0.25
152,7.92,32315.2808,-8.0,0.18
153,8.56,26.1368,2.0,0.24
154,7.44,359782.9752,-7.0,0.25
155,5.64,38.666,-9.0,0.24
156,7.92,272967.335,-6.0,0.21
157,8.88,18.8635,-2.0,0.17
158,5.52,345922.1321,-6.0,0.16
159,7.6,69.4587,-8.0,0.2
160,5.4,120015.0013,-3.0,0.19
161,5.2,21.6185,4.0,0.15
162,7.8,32.4268,5.0,0.21
163,7.04,0.1255,-1.0,0.22
164,9.56,61414.2494,-3.0,0.17
165,8.48,48.1798,-6.0,0.17
166,9.72,45.9802,-10.0,0.16
167,7.0,2897.2948,-2.0,0.2
168,7.0,119903.2541,-7.0,0.18
169,7.72,479615.2566,-8.0,0.16
170,8.92,73.7882,-5.0,0.17
171,6.12,19.3795,-6.0,0.17
172,7.8,431201.3225,-4.0,0.23
173,6.32,679313.0152,-9.0,0.21
174,8.32,649323.1151,2.0,0.2
175,8.52,2614.6314,1.0,0.28
176,6.04,359844.8216,4.0,0.18
177,6.28,193593.3627,1.0,0.19
178,7.6,239803.3647,-4.0,0.18
179,5.8,6.6693,0.0,0.26
180,5.32,719834.4556,-7.0,0.18
181,6.24,109.5827,-4.0,0.15
182,7.72,243017.5945,0.0,0.16
183,5.16,35.3206,6.0,0.19
184,7.0,326.8709,-6.0,0.19
185,6.36,356820.5576,4.0,0.23
186,6.72,3.3392,2.0,0.19
187,7.08,36568.9517,5.0,0.16
188,7.6,2820.7325,-1.0,0.21
189,8.16,384572.8464,3.0,0.17
190,5.12,120.6649,2.0,0.24
191,6.64,168270.602,1.0,0.25
192,6.32,49.5676,-6.0,0.18
193,4.88,2.4183,-1.0,0.21
194,7.16,305.7153,0.0,0.25
195,5.64,1155336.2416,-2.0,0.21
196,7.88,239923.3117,-2.0,0.24
197,6.16,292.3348,-4.0,0.17
198,5.44,1006.3724,-5.0,0.27
199,8.04,694053.5178,1.0,0.19
200,8.68,122610.9912,4.0,0.25
201,5.96,61.8586,7.0,0.18
202,7.56,479603.5347,2.0,0.22
203,6.84,1.5608,1.0,0.21
204,9.28,363167.0788,0.0,0.15
205,7.72,3157.9224,-6.0,0.29
206,6.56,1.4041,5.0,0.31
207,5.64,153781.1113,1.0,0.22
208,6.44,32252.8398,1.0,0.19
209,6.32,25033.0318,-1.0,0.17
210,5.4,359852.2804,-6.0,0.19
211,6.52,46.0701,3.0,0.17
212,6.04,0.2362,0.0,0.2
213,5.96,359702.5009,2.0,0.16
214,7.0,1.7051,-2.0,0.22
215,6.84,17.7966,-2.0,0.31
216,6.2,4874.6174,2.0,0.32
217,5.44,359702.9981,-3.0,0.24
218,9.48,28.7066,2.0,0.2
219,5.32,67887.8682,-11.0,0.21
220,7.84,851470.5548,-6.0,0.24
221,4.96,0.0755,7.0,0.16
222,6.52,0.1749,6.0,0.18
223,7.04,1090.3512,-4.0,0.18
224,4.6,0.0452,0.0,0.18
225,5.44,8.9009,7.0,0.18
226,4.76,119962.2298,4.0,0.18
227,4.52,31.9066,-2.0,0.22
228,5.88,0.597,3.0,0.29
229,7.24,155.3944,-5.0,0.27
230,8.24,340072.0485,-1.0,0.23
231,7.16,362429.3803,-5.0,0.25
232,7.8,1377558.6422,-7.0,0.28
233,6.44,4.6295,1.0,0.3
234,8.04,151.1352,-4.0,0.27
235,6.4,8493.8314,1.0,0.28
236,6.32,358081.5848,-7.0,0.28
237,6.96,362557.7874,-8.0,0.31
238,8.2,0.1794,-2.0,0.28
239,6.56,46.4782,0.0,0.24
240,7.64,44.6283,-6.0,0.17
241,6.24,55.9091,1.0,0.22
242,3.96,26.3852,-2.0,0.24
243,5.32,765064.6654,-3.0,0.25
244,5.64,140.1768,8.0,0.2
245,6.28,145.7563,-6.0,0.21
246,7.56,56501.7725,3.0,0.26
247,6.44,120802.998,9.0,0.4
248,4.68,207990.5719,21.0,0.23
249,6.0,369236.1821,2.0,0.16
250,4.6,45.6963,8.0,0.18
251,7.0,715201.0268,-5.0,0.19
252,6.92,3.3281,0.0,0.23
253,5.36,129.6087,3.0,0.27
254,5.76,355311.7996,9.0,0.19
255,6.64,288284.5244,6.0,0.2
256,6.24,35.2156,0.0,0.18
257,4.44,0.8744,-1.0,0.19
258,5.2,715300.142,-1.0,0.17
259,8.12,0.0935,-1.0,0.16
260,6.72,479940.6194,-8.0,0.16
261,6.08,359854.7892,4.0,0.15
262,6.12,2742.226,11.0,0.2
263,4.16,56465.4724,6.0,0.24
264,6.24,7568.9153,2.0,0.16
265,4.8,355313.5173,4.0,0.17
266,7.48,165.4396,0.0,0.21
267,5.36,584.3236,2.0,0.22
268,7.2,34052.3799,8.0,0.23
269,10.04,1.942,0.0,0.8
270,7.48,119901.0996,4.0,0.16
271,4.8,32303.1064,2.0,0.17
272,7.44,120.5533,-1.0,0.17
273,4.0,19.3804,-6.0,0.16
274,4.84,359712.774,2.0,0.18
275,8.12,0.3084,-9.0,0.18
276,4.84,359703.1446,5.0,0.16
277,5.28,19.3694,6.0,0.16
278,6.68,26631.2342,13.0,0.17
279,4.64,56.3494,6.0,0.18
280,5.6,11.7645,17.0,0.23
281,5.28,15.6065,13.0,0.2
282,5.76,389161.1171,6.0,0.17
283,4.08,35.3,15.0,0.15
284,6.64,10.6135,3.0,0.15
285,6.92,359795.6546,-3.0,0.22
286,6.16,33926.3154,9.0,0.17
287,3.84,67859.3158,-2.0,0.17
288,3.68,1.1222,14.0,0.17
289,4.12,197.4988,11.0,0.17
290,5.88,120052.459,13.0,0.2
291,7.6,113.6883,-3.0,0.16
292,7.92,1349.8442,-1.0,0.18
293,6.24,67861.1595,12.0,0.21
294,6.88,0.4549,1.0,0.18
295,5.52,31.132,10.0,0.16
296,5.84,4776.555,-5.0,0.17
297,5.84,606837.0659,0.0,0.21
298,4.16,120013.6755,2.0,0.18
299,4.6,10.5971,12.0,0.17
300,5.32,0.2997,12.0,0.17
301,6.12,293.1843,9.0,0.16
302,7.04,509200.8223,0.0,0.21
303,8.4,848.8306,-5.0,0.23
304,5.36,32248.9951,5.0,0.16
305,6.32,787276.5572,8.0,0.19
306,6.6,359833.6843,3.0,0.17
307,4.12,22.4232,5.0,0.17
308,6.4,63.7176,2.0,0.18
309,4.08,359712.6912,3.0,0.21
310,5.8,2841.4304,3.0,0.16
311,5.52,1127333.1517,-1.0,0.19
312,8.04,1059625.4846,4.0,0.16
313,4.88,112423.8939,11.0,0.19
314,6.6,120013.8263,15.0,0.2
315,7.44,39958.3466,-2.0,0.26
316,5.32,4.3599,21.0,0.21
317,4.56,58.3313,10.0,0.18
318,8.92,237733.0741,-1.0,0.16
319,6.16,474431.4818,7.0,0.16
320,4.56,339253.912,17.0,0.17
321,5.2,290.8776,3.0,0.16
322,7.32,363283.8874,7.0,0.17
323,5.32,359714.1304,5.0,0.16
324,6.72,72636.1279,2.0,0.16
325,5.96,67848.7926,8.0,0.18
326,8.44,67944.4856,-1.0,0.18
327,7.32,120434.6273,14.0,0.25
328,4.32,46.4428,12.0,0.23
329,4.2,1.8679,0.0,0.19
330,5.44,47.1768,17.0,0.18
331,4.12,20.0515,14.0,0.19
332,6.56,40.4303,6.0,0.21
333,4.56,389.9472,4.0,0.21
334,6.32,104.1278,9.0,0.22
335,6.24,1027.5184,0.0,0.2
336,4.56,33881.0504,9.0,0.2
337,6.48,0.1009,9.0,0.23
338,6.08,120013.8492,16.0,0.21
339,7.6,2.077,3.0,0.22
340,6.24,0.1518,-2.0,0.17
341,7.4,442196.6985,15.0,0.16
342,5.88,16.2679,4.0,0.15
343,5.96,67850.4292,15.0,0.16
344,5.6,201.0864,20.0,0.19
345,5.52,71522.2498,11.0,0.18
346,3.4,145.4729,1.0,0.16
347,6.0,336568.6554,18.0,0.18
348,3.92,67857.5513,13.0,0.24
349,7.28,579587.4923,1.0,0.2
350,5.48,359702.7893,7.0,0.17
351,6.52,329734.7185,7.0,0.17
352,6.96,240087.338,2.0,0.18
353,6.48,359888.2556,7.0,0.18
354,6.64,2.1228,2.0,0.16
355,6.08,32479.9646,4.0,0.21
356,7.44,2703.503,4.0,0.2
357,9.0,765.3233,-4.0,0.16
358,3.64,0.0773,13.0,0.19
359,4.76,337243.8109,8.0,0.17
360,5.16,359713.902,8.0,0.15
361,5.0,69.7802,18.0,0.19
362,3.24,27.1089,5.0,0.2
363,5.36,339243.4084,14.0,0.2
364,4.8,460.5253,4.0,0.16
365,5.76,17.593,15.0,0.2
366,8.2,817643.0986,5.0,0.19
367,6.08,766966.8331,9.0,0.18
368,5.76,74.7432,5.0,0.23
369,3.88,0.949,5.0,0.25
370,4.96,31.626,10.0,0.27
371,5.08,120050.5561,14.0,0.29
372,3.24,44.085,-1.0,0.3
373,6.96,2722.515,1.0,0.2
374,5.72,67868.8457,5.0,0.2
375,5.0,359742.8796,16.0,0.17
376,5.28,168279.4798,16.0,0.16
377,6.36,42.1456,13.0,0.16
378,7.24,32524.8492,4.0,0.16
379,4.44,339284.5442,14.0,0.17
380,4.84,114882.9648,16.0,0.17
381,6.48,166.0639,10.0,0.19
382,5.68,359774.6036,8.0,0.23
383,5.48,10.5541,17.0,0.19
384,4.48,38.6907,8.0,0.21
385,4.24,19.403,13.0,0.19
386,5.52,339252.0726,5.0,0.18
387,4.96,33.067,13.0,0.16
388,4.72,9.4671,13.0,0.2
389,5.08,0.4521,1.0,0.17
390,4.48,18.7613,14.0,0.16
391,5.36,112939.4057,11.0,0.16
392,5.68,720421.9426,3.0,0.2
393,5.04,119904.2208,2.0,0.18
394,5.08,20.519,12.0,0.25
395,5.12,1.7413,7.0,0.17
396,6.76,70533.3723,3.0,0.21
397,8.28,0.0382,0.0,0.15
398,5.84,33937.9642,13.0,0.2
399,3.88,2799.5481,-7.0,0.17
400,5.36,145.6791,5.0,0.21
401,5.72,68014.053,9.0,0.14
402,4.68,34035.148,13.0,0.16
403,7.32,32248.258,4.0,0.14
404,6.84,243.514,5.0,0.16
405,5.24,156.1676,11.0,0.74
406,5.48,1006.394,11.0,0.19
407,8.16,45.305,1.0,0.16
408,6.84,120028.3982,10.0,0.17
409,4.88,33896.8685,17.0,0.19
410,6.52,431110.9963,3.0,0.19
411,8.64,713993.173,-3.0,0.22
412,4.96,67892.8178,1.0,0.24
413,6.0,168305.6341,18.0,0.17
414,6.44,240071.6808,15.0,0.17
415,6.08,72.0643,8.0,0.18
416,4.84,168306.1808,8.0,0.19
417,5.88,6.1484,19.0,0.28
418,6.96,6.4133,10.0,0.16
419,6.8,17.7287,16.0,0.18
420,5.24,26.4605,23.0,0.2
421,8.44,359703.4253,-1.0,0.16
422,5.96,63.3129,2.0,0.15
423,6.8,120446.4926,9.0,0.2
424,5.52,22.0414,7.0,0.15
425,6.44,67866.0296,9.0,0.15
426,5.6,407093.9282,6.0,0.15
427,5.12,4.2867,12.0,0.19
428,5.68,359703.4618,3.0,0.26
429,3.6,29.5654,16.0,0.16
430,4.8,10.598,23.0,0.16
431,7.4,2799.9008,4.0,0.22
432,8.32,44.0515,-1.0,0.17
433,4.88,11.9405,9.0,0.18
434,5.96,32400.7924,10.0,0.2
435,8.0,2223.7159,3.0,0.17
436,5.2,29.9769,15.0,0.16
437,5.08,69046.4549,16.0,0.21
438,4.92,10.0478,16.0,0.18
439,5.72,0.075,9.0,0.25
440,4.12,67857.5764,16.0,0.26
441,3.4,40.4643,7.0,0.16
442,4.4,240029.2202,20.0,0.15
443,4.72,30.463,24.0,0.15
444,5.08,12.4073,20.0,0.18
445,5.2,0.0242,10.0,0.18
446,5.52,339262.1182,8.0,0.24
447,4.88,18.7626,18.0,0.16
448,5.24,240.3289,10.0,0.17
449,8.04,719465.0448,-1.0,0.16
450,5.04,0.2496,2.0,0.18
451,4.28,359847.7474,12.0,0.18
452,4.08,0.9102,21.0,0.16
453,6.52,35078.5396,0.0,0.16
454,7.72,169872.528,1.0,0.16
455,5.84,152.2686,14.0,0.17
456,4.76,145.9485,11.0,0.22
457,6.52,109.1403,6.0,0.24
458,6.04,3.2966,13.0,0.19
459,4.16,67890.8244,8.0,0.26
460,4.16,154.2716,17.0,0.22
461,5.32,54.4192,17.0,0.17
462,5.2,427594.9519,7.0,0.15
463,6.72,4114.3078,9.0,0.17
464,4.88,0.0469,0.0,0.15
465,5.48,13.6425,21.0,0.24
466,4.84,1.2257,10.0,0.17
467,4.56,42.2591,1.0,0.16
468,4.28,359712.4936,4.0,0.16
469,3.44,168271.9168,9.0,0.17
470,3.4,0.2321,15.0,0.17
471,5.08,168298.9926,19.0,0.18
472,4.88,82.6443,12.0,0.19
473,5.56,20.223,4.0,0.19
474,4.2,0.1317,0.0,0.16
475,5.88,475038.9581,7.0,0.17
476,5.04,359744.7118,10.0,0.16
477,5.16,4.0316,15.0,0.19
478,5.32,67850.3862,18.0,0.24
479,4.64,67851.6367,3.0,0.17
480,8.36,335776.7011,6.0,0.18
481,4.0,18.1924,11.0,0.16
482,7.52,63.02,5.0,0.16
483,6.12,80.7309,20.0,0.16
484,6.76,678487.1758,7.0,0.15
485,6.4,2723.8609,7.0,0.17
486,6.6,72.7569,4.0,0.19
487,5.48,33898.7144,24.0,0.18
488,6.44,359713.3846,4.0,0.17
489,6.84,359746.5574,13.0,0.16
490,6.76,20.2121,18.0,0.2
491,4.6,33909.0248,16.0,0.16
492,5.68,455.7054,10.0,0.16
493,3.96,2.084,20.0,0.16
494,5.36,22.5751,14.0,0.19
495,6.56,64475.7996,18.0,0.17
496,4.84,2720.8448,-2.0,0.16
497,5.16,8.8125,19.0,0.18
498,6.64,31.8463,9.0,0.17
499,4.8,3.5331,27.0,0.18
500,5.72,798532.8384,17.0,0.17
501,5.4,2683.951,12.0,0.17
502,5.68,339305.64,14.0,0.19
503,4.16,70.3125,14.0,0.16
504,5.36,13.2578,8.0,0.19
505,5.48,10.5614,17.0,0.19
506,6.88,10.2844,8.0,0.19
507,6.48,8.8284,24.0,0.18
508,5.72,67857.5812,12.0,0.2
509,4.76,145.7167,22.0,0.27
510,5.0,38.8174,24.0,0.24
511,5.52,21.7416,13.0,0.22
512,5.72,133849.3552,13.0,0.27
513,6.96,120066.407,19.0,0.17
514,3.84,17.748,17.0,0.21
515,4.28,67850.4383,19.0,0.18
516,5.24,0.8808,10.0,0.48
517,6.2,158.1369,6.0,0.16
518,6.72,20.8172,6.0,0.15
519,5.36,136890.9523,4.0,0.16
520,4.16,18.8651,9.0,0.16
521,6.12,17.5862,24.0,0.18
522,5.04,67850.4502,17.0,0.17
523,6.0,204298.279,8.0,0.15
524,4.12,43.9968,21.0,0.16
525,7.08,815013.4848,3.0,0.17
526,4.96,24.811,16.0,0.16
527,6.64,339349.7079,3.0,0.2
528,4.92,26.4002,26.0,0.18
529,6.24,67849.7603,4.0,0.16
530,4.08,17.5984,21.0,0.16
531,6.0,65956.9698,11.0,0.17
532,5.56,146.2656,21.0,0.18
533,4.64,2.0337,15.0,0.18
534,6.32,0.0498,11.0,0.19
535,4.96,2800.1822,14.0,0.16
536,6.96,14.7295,4.0,0.18
537,6.32,40.034,13.0,0.17
538,3.88,339388.7278,17.0,0.17
539,5.56,11.4332,10.0,0.2
540,5.64,19.5068,26.0,0.27
541,5.76,359847.9718,10.0,0.17
542,4.64,423156.5215,15.0,0.15
543,4.36,67996.6677,15.0,0.22
544,6.48,359743.4983,4.0,0.76
545,4.24,27.588,12.0,0.15
546,3.64,35.2583,19.0,0.15
547,5.0,67852.7971,11.0,0.16
548,6.28,9.6297,16.0,0.16
549,6.12,719490.4468,4.0,0.17
550,5.96,67868.9245,10.0,0.23
551,4.44,37.3128,16.0,0.19
552,6.28,482576.0045,16.0,0.19
553,6.8,115210.3452,12.0,0.19
554,5.56,26.8504,21.0,0.17
555,6.36,146.7222,11.0,0.16
556,4.84,153908.859,22.0,0.16
557,6.6,359702.7374,11.0,0.16
558,5.68,168273.3215,17.0,0.23
559,6.84,814226.8254,-1.0,0.2
560,5.32,897.6787,8.0,0.16
561,7.44,810640.5241,4.0,0.17
562,7.32,2.3907,8.0,0.18
563,6.52,67940.1822,-1.0,0.15
564,6.24,427552.3404,5.0,0.17
565,5.68,15.6049,8.0,0.18
566,7.2,359873.9472,-2.0,0.24
567,5.92,28.1324,13.0,0.16
568,4.8,359712.5723,14.0,0.16
569,4.68,21.1125,18.0,0.17
570,5.08,19.0515,18.0,0.17
571,5.16,359726.0281,19.0,0.18
572,7.52,1063427.4141,0.0,0.18
573,6.88,709549.8764,9.0,0.17
574,6.04,120014.9267,13.0,0.17
575,5.44,52.6646,19.0,0.16
576,5.48,112430.7277,10.0,0.18
577,5.6,359735.1965,10.0,0.2
578,8.88,1025713.0299,-4.0,0.17
579,5.12,0.5857,20.0,0.16
580,4.8,20.073,9.0,0.2
581,5.2,71364.9097,12.0,0.15
582,3.84,187873.0567,14.0,0.16
583,4.28,359711.6393,12.0,0.15
584,5.2,359745.7842,15.0,0.15
585,4.72,19.0456,18.0,0.15
586,6.0,72.4525,14.0,0.17
587,5.68,120017.0474,15.0,0.22
588,4.56,36.9098,22.0,0.23
589,6.28,13.3825,8.0,0.21
590,6.32,67891.3869,9.0,0.18
591,5.2,4.8825,14.0,0.23
592,5.36,20.7558,22.0,0.21
593,5.16,407925.238,5.0,0.16
594,4.48,4.8271,23.0,0.16
595,4.88,67890.8162,16.0,0.23
596,4.84,11.8801,27.0,0.17
597,4.64,17.741,30.0,0.18
598,4.28,42.9735,17.0,0.19
599,6.92,484687.8317,4.0,0.16
600,6.44,67904.9287,12.0,0.17
601,5.44,12.6176,21.0,0.15
602,4.36,8.8757,10.0,0.21
603,4.48,10.5685,13.0,0.26
604,3.76,17.6782,20.0,0.26
605,6.52,20.3494,10.0,0.16
606,5.6,0.5998,15.0,0.16
607,6.24,32326.8438,10.0,0.18
608,5.28,168279.2535,21.0,0.18
609,3.68,146.0,21.0,0.21
610,4.68,17.6004,28.0,0.19
611,4.48,163.0274,24.0,0.16
612,3.8,8.8252,17.0,0.17
613,5.0,44.85,17.0,0.18
614,5.68,9.6686,5.0,0.16
615,3.6,52.7421,11.0,0.16
616,5.2,32253.4399,6.0,0.16
617,4.16,19.4277,31.0,0.16
618,4.2,52.6316,10.0,0.2
619,5.76,715025.1954,7.0,0.16
620,5.24,355289.6771,12.0,0.17
621,4.84,35.2775,24.0,0.16
622,4.68,1.7418,5.0,0.14
623,5.32,1.06,5.0,0.15
624,5.16,71431.55,14.0,0.18
625,6.04,1.2275,8.0,0.2
626,5.92,1250.2813,12.0,0.23
627,4.16,427610.8225,14.0,0.17
628,4.96,120032.0716,28.0,0.16
629,3.28,30.7385,8.0,0.16
630,3.48,26.3725,19.0,0.17
631,3.72,8.8348,20.0,0.16
632,5.56,54.3526,18.0,0.16
633,4.64,411860.8208,16.0,0.16
634,5.12,359706.204,12.0,0.17
635,5.0,155.4126,9.0,0.17
636,3.48,28.1289,22.0,0.17
637,6.0,2.4811,11.0,0.17
638,4.2,2.6239,5.0,0.17
639,3.56,9.6753,12.0,0.17
640,5.32,459196.7515,5.0,0.17
641,6.28,634954.615,4.0,0.15
642,5.88,787253.7266,11.0,0.16
643,6.4,155.8179,18.0,0.16
644,5.52,359738.4146,13.0,0.22
645,3.96,17.6787,16.0,0.15
646,5.76,678496.5958,5.0,0.16
647,5.04,120414.6612,23.0,0.17
648,6.72,695432.3166,10.0,0.16
649,5.36,67994.9433,4.0,0.16
650,7.28,47.3979,4.0,0.16
651,4.76,168280.5618,26.0,0.24
652,4.76,18.2501,16.0,0.24
653,4.04,2.7932,18.0,0.17
654,4.0,33888.0013,20.0,0.19
655,6.32,359756.4207,6.0,0.16
656,3.84,26.4724,16.0,0.17
657,6.64,2.7781,12.0,0.16
658,3.92,11.4514,21.0,0.16
659,6.12,10.7691,12.0,0.16
660,5.08,23.7937,20.0,0.17
661,6.08,339243.5483,2.0,0.16
662,5.0,0.3082,13.0,0.18
663,6.2,2962.4387,11.0,0.17
664,6.0,11.8617,19.0,0.19
665,5.2,359714.5361,10.0,0.18
666,4.6,3.2519,10.0,0.16
667,4.44,339244.6838,18.0,0.16
668,5.44,3.1832,26.0,0.19
669,6.12,12.8731,2.0,0.19
670,6.04,23.7671,17.0,0.2
671,4.92,407959.4147,16.0,0.21
672,4.2,8.956,18.0,0.17
673,4.04,359744.765,17.0,0.17
674,4.84,168280.5395,22.0,0.16
675,5.16,342909.1378,16.0,0.2
676,6.2,0.5823,21.0,0.25
677,5.24,339246.1662,8.0,0.2
678,3.72,8.8213,15.0,0.16
679,6.48,70692.2296,9.0,0.17
680,5.76,2.1287,15.0,0.16
681,4.48,17.5851,13.0,0.15
682,3.68,359720.0791,22.0,0.15
683,6.56,471426.2738,7.0,0.19
684,6.72,16.3778,6.0,0.15
685,4.72,120024.1954,22.0,0.18
686,4.44,12.6036,9.0,0.16
687,5.24,359712.4933,7.0,0.15
688,4.4,26.4661,22.0,0.16
689,5.84,121.3569,11.0,0.17
690,4.64,8.8129,8.0,0.18
691,4.88,135.1074,16.0,0.76
692,4.52,4.0407,26.0,0.18
693,4.32,399.3515,23.0,0.16
694,5.12,21.6016,24.0,0.17
695,3.6,27.9718,16.0,0.18
696,5.2,359713.5989,15.0,0.21
697,5.08,9.3493,18.0,0.16
698,5.6,0.2624,21.0,0.17
699,5.28,45.1162,19.0,0.16
700,4.92,339294.1804,21.0,0.16
701,3.92,0.6735,8.0,0.14
702,4.64,359754.1656,12.0,0.21
703,5.04,43.2959,17.0,0.15
704,6.2,141.6328,14.0,0.15
705,4.0,67868.0229,14.0,0.16
706,4.56,359712.235,19.0,0.16
707,5.52,407103.6265,11.0,0.16
708,4.36,43.9727,26.0,0.16
709,3.52,0.0484,21.0,0.17
710,4.48,67877.6638,18.0,0.25
711,4.96,504846.8626,31.0,0.19
712,5.4,359705.9213,8.0,0.22
713,4.96,71384.9846,14.0,0.17
714,4.44,10.018,9.0,0.22
715,5.56,1.9626,7.0,0.16
716,4.48,67876.9716,21.0,0.17
717,4.8,44.0864,25.0,0.17
718,4.96,5.2704,13.0,0.16
719,4.16,17.6424,19.0,0.17
720,4.76,13.1586,17.0,0.16
721,3.48,10.2354,24.0,0.19
722,4.92,65997.6154,9.0,0.18
723,4.72,172.9488,24.0,0.17
724,4.76,20.7252,21.0,0.18
725,4.48,168289.4258,28.0,0.16
726,4.2,17.8096,28.0,0.17
727,7.0,403577.1125,10.0,0.16
728,5.36,27.051,22.0,0.2
729,5.04,17.593,27.0,0.23
730,7.76,695575.7977,4.0,0.18
731,4.64,359702.5252,14.0,0.2
732,5.36,11.7315,15.0,0.17
733,5.32,13.765,12.0,0.24
734,4.48,43.6463,16.0,0.19
735,5.12,4767.0063,12.0,0.16
736,5.32,135699.9268,8.0,0.16
737,5.36,28.5001,18.0,0.16
738,6.6,67850.5046,10.0,0.17
739,6.48,355440.438,1.0,0.15
740,4.8,168287.59,26.0,0.17
741,5.4,67905.8544,21.0,0.14
742,4.8,0.1225,9.0,0.16
743,5.96,3.2123,12.0,0.26
744,4.6,473098.3164,-2.0,0.26
745,5.36,43.7903,15.0,0.21
746,4.4,36.9726,21.0,0.23
747,6.24,0.7768,9.0,0.16
748,4.88,8.8246,26.0,0.18
749,5.12,19.3914,25.0,0.22
750,5.52,359721.2773,22.0,0.22
751,5.28,339252.62,18.0,0.17
752,4.0,26.4802,21.0,0.16
753,4.16,168324.4538,30.0,0.15
754,4.96,423218.5976,14.0,0.16
755,4.52,168306.8985,19.0,0.15
756,3.8,0.1333,29.0,0.17
757,4.68,0.5731,25.0,0.17
758,5.56,42.7652,10.0,0.15
759,5.2,10.5764,22.0,0.19
760,4.8,26.9147,20.0,0.16
761,4.76,36.3519,14.0,0.16
762,6.2,359766.2167,13.0,0.15
763,5.0,9.2892,22.0,0.15
764,4.68,168297.2235,24.0,0.17
765,6.2,0.2479,20.0,0.16
766,5.76,120074.173,21.0,0.17
767,5.24,163.3805,19.0,0.17
768,6.32,170590.7575,9.0,0.16
769,6.36,67873.5137,12.0,0.16
770,4.84,38.1996,20.0,0.17
771,4.32,154.2203,15.0,0.18
772,5.12,33932.2164,22.0,0.28
773,4.6,17.6936,24.0,0.23
774,5.32,112415.8583,10.0,0.19
775,5.0,46.2972,27.0,0.19
776,4.2,67850.8527,8.0,0.16
777,4.88,17.6547,26.0,0.16
778,5.0,26.3994,26.0,0.18
779,6.16,10.2111,10.0,0.21
780,5.16,547576.839,10.0,0.17
781,5.4,359852.0146,9.0,0.15
782,4.56,18.9102,16.0,0.17
783,4.36,0.1592,14.0,0.15
784,5.72,120050.921,27.0,0.15
785,5.88,168289.344,22.0,0.22
786,4.32,17.5904,18.0,0.17
787,7.28,360168.6724,9.0,0.19
788,4.64,423137.1976,13.0,0.17
789,5.52,120024.314,18.0,0.2
790,4.76,8.829,10.0,0.16
791,6.16,67914.4854,6.0,0.17
792,4.72,40.5164,28.0,0.17
793,4.84,67861.7006,22.0,0.18
794,4.68,17.8642,14.0,0.16
795,4.68,11.5571,18.0,0.17
796,5.28,26.6618,21.0,0.18
797,5.64,14.281,12.0,0.19
798,3.88,11.8603,30.0,0.16
799,6.04,11.5422,10.0,0.16
800,4.92,2867.8551,19.0,0.19
801,4.2,35.4371,30.0,0.17
802,3.8,27.722,31.0,0.16
803,4.36,0.0419,19.0,0.15
804,6.28,292.5854,13.0,0.15
805,4.4,18.9964,19.0,0.15
806,5.8,187926.4094,6.0,0.17
807,5.0,359712.2754,18.0,0.16
808,5.56,67892.4561,9.0,0.16
809,5.36,3.2433,16.0,0.16
810,4.04,19.3646,21.0,0.17
811,4.4,44.0031,32.0,0.19
812,4.4,189.0639,6.0,0.21
813,5.92,766857.0603,5.0,0.16
814,4.64,18.4395,22.0,0.18
815,4.8,67858.7196,19.0,0.18
816,5.16,63.945,21.0,0.18
817,4.72,29.444,22.0,0.2
818,4.52,21.0186,9.0,0.19
819,4.72,359706.2032,7.0,0.17
820,6.36,0.6595,17.0,0.22
821,4.0,0.0882,24.0,0.18
822,5.92,23814.4912,17.0,0.18
823,5.16,29.8128,24.0,0.15
824,3.72,67858.4105,16.0,0.15
825,4.96,67888.0992,20.0,0.18
826,4.52,44.061,20.0,0.24
827,4.92,453972.4855,18.0,0.18
828,6.36,360178.6167,10.0,0.21
829,4.44,20.52,9.0,0.23
830,5.88,359712.7626,17.0,0.21
831,3.72,35.239,23.0,0.17
832,4.72,19.4214,13.0,0.79
833,5.32,235139.7427,30.0,0.17
834,5.52,120033.2724,23.0,0.17
835,5.0,11.8736,25.0,0.18
836,3.8,44.0634,34.0,0.24
837,6.44,360184.3242,21.0,0.18
838,5.08,3.1798,10.0,0.17
839,4.72,35.1593,27.0,0.16
840,4.16,17.6482,24.0,0.2
841,5.64,355292.4796,9.0,0.15
842,4.88,0.1218,14.0,0.15
843,6.72,359744.6139,10.0,0.24
844,6.72,335737.439,7.0,0.18
845,4.24,67866.3394,14.0,0.17
846,4.52,168307.3691,26.0,0.22
847,4.48,50.9032,18.0,0.24
848,5.0,359745.039,13.0,0.21
849,4.88,1.8062,26.0,0.24
850,5.16,67851.6769,12.0,0.17
851,4.6,0.0409,17.0,0.18
852,5.76,359891.1796,10.0,0.16
853,4.84,0.0405,11.0,0.16
854,3.84,35.3652,27.0,0.18
855,4.64,407093.3121,20.0,0.19
856,4.56,336566.421,30.0,0.16
857,5.44,8.8296,17.0,0.19
858,4.4,8.815,15.0,0.17
859,4.64,60.9776,13.0,0.18
860,7.36,359715.7506,5.0,0.16
861,4.8,1051.3072,12.0,0.15
862,4.96,423178.7422,19.0,0.15
863,3.56,10.5789,21.0,0.17
864,3.8,28.1433,28.0,0.17
865,4.84,8.8171,27.0,0.16
866,4.44,35.1579,21.0,0.18
867,4.8,20.6747,22.0,0.19
868,6.88,0.0413,6.0,0.18
869,4.44,7.9148,28.0,0.17
870,6.32,360908.4671,10.0,0.16
871,5.12,17.5979,28.0,0.16
872,3.6,17.6193,30.0,0.17
873,3.96,9.0782,17.0,0.16
874,4.68,67851.9359,12.0,0.19
875,3.48,8.89,21.0,0.23
876,5.04,52.233,12.0,0.16
877,4.48,339243.8502,13.0,0.16
878,5.24,168290.2244,20.0,0.16
879,4.8,13.9688,19.0,0.17
880,4.0,38.0632,16.0,0.16
881,5.08,0.211,19.0,0.17
882,4.04,42.7915,31.0,0.18
883,4.76,0.0357,16.0,0.18
884,4.96,19.4453,30.0,0.17
885,5.72,0.6871,18.0,0.22
886,6.12,425701.2822,7.0,0.28
887,5.48,359703.3758,4.0,0.18
888,5.84,67869.2257,18.0,0.17
889,5.92,2808.174,16.0,0.18
890,7.44,359715.0868,10.0,0.16
891,6.28,12.9481,14.0,0.17
892,5.48,359708.0024,11.0,0.23
893,3.92,13.636,27.0,0.16
894,5.04,527990.0694,28.0,0.16
895,6.28,359952.8743,10.0,0.17
896,5.36,67866.6619,20.0,0.24
897,6.8,411.464,10.0,0.16
898,4.88,35.1511,31.0,0.16
899,4.92,168296.3565,32.0,0.18
900,4.0,120014.7604,22.0,0.19
901,3.8,28.1495,26.0,0.16
902,5.96,694529.9194,6.0,0.15
903,4.44,17.6113,16.0,0.15
904,4.72,36.9837,29.0,0.15
905,4.72,0.0709,24.0,0.15
906,3.64,26.444,25.0,0.17
907,4.56,336557.5398,29.0,0.16
908,4.56,168322.7016,34.0,0.21
909,4.28,0.5848,19.0,0.18
910,4.72,17.5881,29.0,0.19
911,4.44,50.5269,28.0,0.19
912,5.2,8.8692,22.0,0.2
913,5.8,135757.8494,11.0,0.2
914,4.28,38.215,32.0,0.25
915,4.28,8.7968,23.0,0.22
916,5.24,359850.2713,2.0,0.16
917,4.2,52.7172,28.0,0.21
918,5.72,355290.5955,15.0,0.17
919,4.52,1.7744,28.0,0.2
920,4.88,67890.8304,8.0,0.15
921,4.2,10.5698,29.0,0.21
922,5.16,1.7875,15.0,0.22
923,4.28,13.2967,0.0,0.15
924,4.84,27.6931,23.0,0.17
925,4.44,168290.6944,27.0,0.24
926,4.44,19.4354,29.0,0.17
927,7.08,22.7321,6.0,0.19
928,5.2,391951.2618,17.0,0.18
929,4.56,17.6808,30.0,0.16
930,5.92,9.8618,19.0,0.17
931,4.16,168287.7513,26.0,0.16
932,4.48,19.3548,29.0,0.17
933,4.72,11.8605,21.0,0.18
934,5.12,10.8622,12.0,0.16
935,5.24,359705.5966,20.0,0.17
936,3.96,28.1338,29.0,0.16
937,4.36,11.7346,7.0,0.16
938,5.0,168289.4183,30.0,0.19
939,5.08,9.9441,11.0,0.17
940,4.52,120014.5359,31.0,0.16
941,5.56,12.0584,14.0,0.16
942,4.68,19.3361,20.0,0.15
943,4.64,10.1286,10.0,0.17
944,4.88,168269.9993,26.0,0.27
945,3.76,67861.0106,21.0,0.18
946,4.24,28.1335,29.0,0.17
947,5.28,9.7937,12.0,0.15
948,4.04,26.4236,31.0,0.19
949,5.08,359728.9376,21.0,0.16
950,3.8,8.9315,36.0,0.17
951,6.32,339253.8317,10.0,0.18
952,4.28,29.8094,20.0,0.21
953,4.28,31.3348,32.0,0.17
954,4.76,21.5608,15.0,0.17
955,6.68,359823.2226,3.0,0.17
956,5.52,1289128.4215,3.0,0.16
957,4.2,35.1545,32.0,0.18
958,5.32,0.035,11.0,0.21
959,4.88,11.9098,29.0,0.28
960,4.08,26.5903,18.0,0.16
961,5.04,1.81,12.0,0.19
962,6.08,11.5377,19.0,0.19
963,5.64,156.5791,18.0,0.17
964,4.76,29.4363,27.0,0.19
965,6.96,286.372,6.0,0.2
966,3.64,67848.6917,8.0,0.22
967,4.84,3.6466,16.0,0.21
968,4.72,459265.717,15.0,0.18
969,5.92,17.201,11.0,0.78
970,4.16,45.7666,32.0,0.18
971,5.28,5.1191,8.0,0.16
972,5.0,340191.5006,14.0,0.17
973,4.52,168287.592,29.0,0.19
974,4.56,427630.4612,16.0,0.21
975,5.28,65955.5702,24.0,0.21
976,3.84,10.5634,22.0,0.2
977,5.08,155.6075,18.0,0.2
978,3.68,10.5656,27.0,0.28
979,4.32,9.8407,19.0,0.23
980,6.04,135698.5228,3.0,0.18
981,4.76,35.178,29.0,0.27
982,4.88,47.4172,30.0,0.2
983,4.64,26.9046,28.0,0.23
984,5.04,10.0188,13.0,0.15
985,5.32,169328.1855,18.0,0.16
986,4.6,29.8785,31.0,0.19
987,4.76,67899.6648,25.0,0.18
988,5.36,67879.8647,16.0,0.2
989,5.2,168298.2437,24.0,0.18
990,5.68,8.8254,19.0,0.19
991,5.4,18.9086,25.0,0.17
992,5.44,290.8167,17.0,0.16
993,4.2,26.4176,32.0,0.16
994,4.68,13.3918,14.0,0.18
995,5.48,340075.7002,10.0,0.18
996,4.48,10.5614,27.0,0.18
997,4.92,698988.7453,9.0,0.16
998,5.04,359705.7286,9.0,0.17
999,6.0,359702.5225,14.0,0.16
1000,4.64,26.419,28.0,0.17
1001,4.72,168308.2452,30.0,0.15
1002,6.28,12.9194,13.0,0.15
1003,4.4,35.1506,31.0,0.18
1004,5.4,0.5974,14.0,0.15
1005,5.12,67867.5332,19.0,0.16
1006,4.6,70666.4017,21.0,0.15
1007,4.24,36.9052,31.0,0.17
1008,4.24,9.6731,19.0,0.17
1009,5.16,339295.407,18.0,0.2
1010,4.52,336557.653,30.0,0.19
1011,5.96,67867.4231,23.0,0.16
1012,4.64,168288.9146,27.0,0.22
1013,6.12,115292.5105,4.0,0.22
1014,4.76,174.2821,19.0,0.26
1015,4.88,1032.5012,27.0,0.21
1016,5.44,67849.5642,8.0,0.25
1017,4.28,26.3814,27.0,0.16
1018,4.68,29.0178,26.0,0.17
1019,4.8,830230.8304,17.0,0.16
1020,6.6,42.2668,10.0,0.19
1021,5.28,18.7862,16.0,0.14
1022,4.28,17.7792,24.0,0.14
1023,5.12,21.1754,19.0,0.15
1024,4.52,26.5069,31.0,0.17
1025,4.76,67859.2851,7.0,0.18
1026,4.76,10.611,23.0,0.15
1027,5.6,359942.089,16.0,0.17
1028,4.56,1065.8298,26.0,0.16
1029,3.52,26.3714,23.0,0.15
1030,3.56,8.8739,21.0,0.15
1031,3.0,26.4347,21.0,0.15
1032,4.8,67876.234,17.0,0.16
1033,4.68,17.6574,30.0,0.16
1034,5.32,70.1685,20.0,0.24
1035,3.92,28.1552,30.0,0.17
1036,5.52,1.5065,13.0,0.17
1037,4.44,10.6274,21.0,0.16
1038,4.84,67870.2848,13.0,0.19
1039,4.04,18.0893,31.0,0.22
1040,5.52,45.598,19.0,0.16
1041,4.76,155.4979,15.0,0.15
1042,4.48,20.5267,24.0,0.15
1043,3.56,44.0429,33.0,0.16
1044,4.92,67858.3513,17.0,0.15
1045,3.92,11.912,29.0,0.15
1046,4.28,33907.3039,29.0,0.15
1047,5.12,359754.593,11.0,0.16
1048,4.64,45.7482,27.0,0.25
1049,6.4,67849.8608,5.0,0.16
1050,5.92,766795.8438,9.0,0.16
1051,3.64,0.0252,32.0,0.16
1052,6.84,170513.1468,6.0,0.16
1053,4.76,67903.4352,14.0,0.16
1054,3.8,28.1753,28.0,0.25
1055,5.64,31.7949,23.0,0.18
1056,4.36,35.3479,27.0,0.16
1057,6.12,12.3314,18.0,0.21
1058,5.32,120170.2764,16.0,0.17
1059,3.88,17.6432,20.0,0.18
1060,5.96,10.0107,8.0,0.16
1061,4.4,19.3399,31.0,0.17
1062,4.28,60.8937,22.0,0.18
1063,6.12,339300.1938,12.0,0.19
1064,4.16,26.3738,22.0,0.16
1065,5.28,67870.0203,12.0,0.17
1066,4.56,21.158,29.0,0.19
1067,3.96,21.2133,28.0,0.17
1068,7.12,66043.0405,6.0,0.16
1069,4.44,0.0548,21.0,0.16
1070,5.16,59.6808,19.0,0.17
1071,3.72,8.9267,26.0,0.16
1072,4.84,5.115,20.0,0.16
1073,4.88,340119.6204,15.0,0.17
1074,4.44,28.1375,33.0,0.19
1075,4.84,39.5762,31.0,0.16
1076,4.44,407102.2381,19.0,0.16
1077,5.92,2.1568,9.0,0.16
1078,5.32,67892.5459,21.0,0.18
1079,4.88,10.6587,20.0,0.17
1080,3.88,154.2196,25.0,0.16
1081,4.28,120041.7691,27.0,0.16
1082,4.84,407102.7578,7.0,0.17
1083,4.16,42.2407,7.0,0.25
1084,4.4,120031.2805,30.0,0.21
1085,4.48,62.354,29.0,0.23
1086,6.8,504006.792,15.0,0.17
1087,4.12,17.6462,20.0,0.16
1088,4.8,67867.4448,14.0,0.17
1089,4.64,8.8781,28.0,0.19
1090,4.64,67926.0573,23.0,0.16
1091,5.64,2.835,14.0,0.16
1092,4.36,1048.3172,5.0,0.17
1093,5.2,67851.2556,6.0,0.18
1094,6.12,19.5656,15.0,0.16
1095,5.36,78.7932,20.0,0.16
1096,6.84,14.2277,6.0,0.18
1097,4.88,56.2446,29.0,0.17
1098,5.44,8.9829,14.0,0.19
1099,4.72,13.5964,18.0,0.16
1100,4.36,39.9673,28.0,0.16
1101,4.88,236146.1793,27.0,0.16
1102,4.08,19.3627,22.0,0.16
1103,4.32,28.9844,24.0,0.19
1104,5.48,475021.7383,18.0,0.23
1105,4.96,2.7706,18.0,0.23
1106,5.4,19.0126,19.0,0.19
1107,5.2,359765.5912,20.0,0.2
1108,5.4,679348.5941,16.0,0.17
1109,5.32,10.8564,25.0,0.17
1110,5.2,68916.2149,24.0,0.17
1111,4.68,18.8129,20.0,0.19
1112,4.68,715051.6032,23.0,0.16
1113,4.12,19.3425,28.0,0.82
1114,3.92,13.6744,30.0,0.17
1115,4.92,2.1182,13.0,0.16
1116,3.92,339260.8703,29.0,0.26
1117,4.84,37.2786,31.0,0.28
1118,6.32,359744.6098,12.0,0.18
1119,6.4,1.6143,14.0,0.17
1120,4.44,45.6947,30.0,0.18
1121,4.88,120048.8047,29.0,0.17
1122,3.32,26.3994,24.0,0.17
1123,4.52,0.0598,12.0,0.14
1124,4.28,359711.2786,22.0,0.15
1125,5.72,67852.425,3.0,0.15
1126,5.28,52.3208,19.0,0.16
1127,4.72,336583.9524,31.0,0.19
1128,3.88,135717.5253,20.0,0.17
1129,5.08,36.3716,21.0,0.19
1130,5.08,67875.0319,26.0,0.25
1131,4.44,359771.8606,25.0,0.22
1132,3.84,31.5714,13.0,0.23
1133,5.24,42.9812,15.0,0.18
1134,4.84,359721.3927,18.0,0.22
1135,6.08,407094.3954,8.0,0.26
1136,6.16,407931.1868,10.0,0.18
1137,5.24,67908.3639,15.0,0.17
1138,6.56,97.3753,15.0,0.18
1139,6.28,359712.3001,14.0,0.18
1140,4.44,19.3426,30.0,0.16
1141,4.2,168322.8542,33.0,0.23
1142,5.6,427594.99,10.0,0.15
1143,4.44,3.421,17.0,0.16
1144,3.6,0.1003,17.0,0.15
1145,3.92,28.1276,31.0,0.15
1146,4.52,53.8332,21.0,0.16
1147,5.08,67859.6246,13.0,0.17
1148,4.56,59.6912,20.0,0.17
1149,4.48,9.0899,25.0,0.17
1150,4.16,8.9223,13.0,0.18
1151,6.0,10.095,17.0,0.16
1152,4.6,59.7122,23.0,0.16
1153,6.64,8.809,18.0,0.16
1154,3.92,11.9346,26.0,0.28
1155,3.84,67867.954,24.0,0.17
1156,4.52,2808.14,21.0,0.16
1157,4.68,154.2051,18.0,0.16
1158,4.04,0.911,22.0,0.19
1159,4.76,176597.8042,30.0,0.21
1160,4.48,35.478,29.0,0.24
1161,6.44,13.6153,3.0,0.2
1162,4.4,9.3254,31.0,0.21
1163,4.0,35.1665,29.0,0.2
1164,6.84,428111.5716,14.0,0.17
1165,4.6,407169.2322,25.0,0.17
1166,6.64,359745.447,11.0,0.18
1167,4.92,359744.6026,13.0,0.16
1168,4.72,339261.9182,24.0,0.17
1169,4.4,168280.6603,25.0,0.16
1170,4.16,168287.581,30.0,0.18
1171,5.52,507581.7108,18.0,0.17
1172,5.08,747171.0881,10.0,0.17
1173,4.56,80.1606,25.0,0.16
1174,6.12,359712.6942,9.0,0.16
1175,4.2,28.1808,28.0,0.16
1176,3.8,54.1571,30.0,0.22
1177,4.44,67867.1048,27.0,0.17
1178,4.88,19.3508,24.0,0.19
1179,4.36,17.649,28.0,0.17
1180,5.08,29.8014,23.0,0.16
1181,4.04,8.8561,32.0,0.15
1182,3.96,17.9492,30.0,0.15
1183,4.48,43.0476,8.0,0.15
1184,4.52,114759.0185,28.0,0.16
1185,4.88,77.3391,21.0,0.18
1186,5.32,239063.34,13.0,0.26
1187,5.08,70674.3068,25.0,0.18
1188,5.52,359702.601,10.0,0.15
1189,3.72,8.8342,27.0,0.16
1190,4.52,17.5952,26.0,0.16
1191,3.92,28.2003,26.0,0.18
1192,4.36,19.3482,26.0,0.16
1193,6.28,67857.4636,14.0,0.18
1194,4.0,38.205,30.0,0.15
1195,6.6,119961.7164,9.0,0.18
1196,4.2,169462.5238,28.0,0.16
1197,6.6,407135.7156,9.0,0.16
1198,4.32,17.6214,28.0,0.17
1199,4.28,17.5874,31.0,0.16
1200,5.16,9.0331,21.0,0.16
1201,5.0,0.0257,17.0,0.17
1202,4.4,52.7252,30.0,0.21
1203,5.6,67890.7949,9.0,0.15
1204,5.08,135749.135,12.0,0.15
1205,3.32,17.6008,28.0,0.15
1206,6.48,430637.7366,19.0,0.16
1207,4.28,0.8916,26.0,0.16
1208,4.36,17.6026,24.0,0.22
1209,4.52,336560.6515,31.0,0.23
1210,4.4,26.4021,26.0,0.18
1211,4.48,28.2054,28.0,0.22
1212,4.48,164.7888,29.0,0.23
1213,4.16,339252.9394,18.0,0.18
1214,4.64,22.3953,32.0,0.16
1215,4.0,59.9834,32.0,0.16
1216,4.64,9.6832,18.0,0.16
1217,5.8,53.9624,15.0,0.17
1218,4.92,26.5453,32.0,0.17
1219,4.04,20.6579,25.0,0.27
1220,4.56,28.1282,30.0,0.19
1221,4.24,47.1,31.0,0.18
1222,4.68,355375.8456,27.0,0.16
1223,4.68,67866.2454,25.0,0.17
1224,5.08,69.4052,19.0,0.15
1225,4.04,35.238,28.0,0.16
1226,5.24,359755.1508,22.0,0.17
1227,4.48,8.859,19.0,0.17
1228,6.96,50.7822,10.0,0.18
1229,5.68,43.9806,18.0,0.16
1230,6.08,43.8754,12.0,0.16
1231,4.28,415.4568,29.0,0.17
1232,4.84,9.2868,27.0,0.22
1233,4.76,168278.8472,25.0,0.22
1234,3.96,70648.0106,21.0,0.21
1235,3.64,19.4592,32.0,0.19
1236,6.2,189629.6126,19.0,0.2
1237,4.28,339245.9165,12.0,0.18
1238,4.8,36.9615,30.0,0.25
1239,5.32,52.7124,17.0,0.28
1240,5.4,168352.262,22.0,0.22
1241,3.72,67857.4925,28.0,0.15
1242,6.4,1065.8108,20.0,0.19
1243,4.04,52.7217,29.0,0.23
1244,4.2,59.7483,24.0,0.18
1245,5.08,67908.3427,25.0,0.15
1246,3.64,26.4226,28.0,0.16
1247,4.8,2859.8411,27.0,0.17
1248,4.76,8.8076,14.0,0.2
1249,4.8,67858.3099,21.0,0.21
1250,5.04,67867.8918,18.0,0.2
1251,4.92,36.9083,31.0,0.8
1252,4.04,10.6804,23.0,0.17
1253,4.84,42.1688,17.0,0.18
1254,4.28,168296.3606,32.0,0.2
1255,4.32,8.8221,26.0,0.16
1256,4.32,26.3708,26.0,0.16
1257,4.24,45.7433,31.0,0.16
1258,5.2,168278.8962,25.0,0.18
1259,4.76,17.5994,22.0,0.16
1260,5.96,360227.5385,20.0,0.21
1261,4.84,154.7454,25.0,0.17
1262,4.32,35.1998,27.0,0.26
1263,4.24,26.3706,29.0,0.27
1264,4.44,355290.3433,22.0,0.24
1265,4.84,35.2019,28.0,0.17
1266,4.84,20.642,26.0,0.28
1267,4.24,65.042,27.0,0.22
1268,4.16,8.8152,21.0,0.16
1269,4.52,339245.9062,29.0,0.17
1270,5.36,1085.2228,22.0,0.2
1271,4.4,11.3,27.0,0.28
1272,5.0,19.0268,21.0,0.23
1273,4.48,359762.19,21.0,0.17
1274,6.4,66095.6578,19.0,0.17
1275,4.4,8.8627,26.0,0.17
1276,5.16,339320.5214,23.0,0.23
1277,4.12,17.5874,26.0,0.15
1278,4.64,29.4396,28.0,0.17
1279,3.72,27.2363,33.0,0.18
1280,4.16,15.3802,31.0,0.23
1281,3.76,28.1256,27.0,0.21
1282,4.64,69.6619,20.0,0.17
1283,4.36,17.6196,28.0,0.27
1284,4.16,168305.2361,35.0,0.21
1285,4.48,8.8028,32.0,0.24
1286,4.56,67909.208,25.0,0.2
1287,5.52,187904.4727,18.0,0.19
1288,5.2,43.0466,4.0,0.22
1289,3.6,17.7021,19.0,0.2
1290,4.28,339257.0552,19.0,0.19
1291,4.4,168305.1817,31.0,0.21
1292,4.2,35.1551,29.0,0.18
1293,3.8,29.4808,31.0,0.16
1294,4.28,17.6359,26.0,0.17
1295,4.76,87.8023,27.0,0.18
1296,4.92,67868.2871,22.0,0.18
1297,5.12,2.2708,10.0,0.17
1298,4.2,28.1305,31.0,0.24
1299,4.08,51.7514,19.0,0.23
1300,4.56,168320.8815,18.0,0.18
1301,5.52,19.404,21.0,0.19
1302,4.08,17.6353,31.0,0.17
1303,5.4,678539.9516,18.0,0.15
1304,4.44,26.8662,29.0,0.23
1305,3.68,8.8134,23.0,0.17
1306,4.04,41.2653,36.0,0.2
1307,6.6,505055.0569,20.0,0.17
1308,4.08,67876.7934,22.0,0.19
1309,4.96,11.9421,20.0,0.18
1310,5.48,86.9959,22.0,0.17
1311,5.04,70690.9752,13.0,0.19
1312,4.48,67909.202,27.0,0.17
1313,4.08,43.9519,25.0,0.23
1314,4.88,68.5212,24.0,0.24
1315,4.92,0.2277,21.0,0.2
1316,4.6,0.5596,15.0,0.2
1317,5.32,359725.1552,22.0,0.17
1318,4.6,68.5552,22.0,0.18
1319,4.24,168296.3562,29.0,0.23
1320,5.32,190721.2627,22.0,0.2
1321,4.68,19.6549,27.0,0.17
1322,4.48,59.7116,24.0,0.16
1323,4.24,19.6279,29.0,0.16
1324,4.88,8.8132,23.0,0.2
1325,5.08,1.3096,15.0,0.14
1326,4.88,68923.2464,19.0,0.14
1327,4.04,28.4976,29.0,0.16
1328,4.48,40.4181,25.0,0.22
1329,4.84,67955.7651,28.0,0.2
1330,5.28,51.6288,25.0,0.17
1331,5.04,164.7333,21.0,0.2
1332,5.0,65964.2887,26.0,0.18
1333,5.0,29.6989,24.0,0.19
1334,4.08,72.0424,38.0,0.21
1335,3.92,35.1468,32.0,0.17
1336,5.12,168331.4193,22.0,0.18
1337,4.68,28.728,22.0,0.19
1338,4.72,25.4616,30.0,0.19
1339,4.28,38.6766,26.0,0.28
1340,4.64,339296.0568,23.0,0.23
1341,4.48,62.1917,22.0,0.15
1342,5.2,67917.9753,25.0,0.17
1343,5.88,339304.7161,19.0,0.21
1344,5.2,67850.5036,20.0,0.15
1345,4.6,26.3802,29.0,0.18
1346,4.44,17.6477,29.0,0.23
1347,4.48,29.894,27.0,0.25
1348,4.64,67890.8235,24.0,0.2
1349,4.6,10.5729,19.0,0.25
1350,3.8,10.6227,29.0,0.21
1351,4.68,52.6639,24.0,0.19
1352,3.92,13.4922,18.0,0.23
1353,5.6,67921.9534,22.0,0.23
1354,5.88,54.9066,15.0,0.21
1355,4.76,26.6187,22.0,0.22
1356,4.76,168326.0686,25.0,0.21
1357,4.76,19.3725,28.0,0.23
1358,4.88,62.6412,19.0,0.24
1359,4.6,13.184,14.0,0.22
1360,3.72,45.7185,32.0,0.19
1361,5.2,63.2793,22.0,0.2
1362,4.84,2835.4994,25.0,0.18
1363,3.6,36.9641,32.0,0.16
1364,5.36,68270.8621,14.0,0.17
1365,3.92,0.1257,22.0,0.22
1366,4.72,26.3645,29.0,0.21
1367,4.32,17.5894,31.0,0.21
1368,3.72,36.0804,28.0,0.18
1369,4.24,45.6146,31.0,0.19
1370,4.88,38.1122,25.0,0.17
1371,6.16,67853.5545,12.0,0.21
1372,4.88,43.037,16.0,0.19
1373,4.72,2859.8223,20.0,0.17
1374,3.8,8.8165,18.0,0.19
1375,4.88,67891.6406,10.0,0.21
1376,5.32,120033.0011,25.0,0.22
1377,5.0,67848.6843,12.0,0.21
1378,4.4,29.3198,27.0,0.17
1379,4.24,19.3438,33.0,0.18
1380,4.72,17.5969,25.0,0.2
1381,3.56,17.6805,24.0,0.21
1382,4.64,67867.4236,22.0,0.2
1383,6.84,84.9549,18.0,0.2
1384,5.0,28.6137,27.0,0.19
1385,4.84,427605.8809,21.0,0.24
1386,4.96,2858.9754,24.0,0.25
1387,4.52,339245.8557,19.0,0.18
1388,3.88,26.4359,25.0,0.2
1389,4.52,359774.4507,21.0,0.23
1390,4.72,28.1287,29.0,0.21
1391,4.52,1686.3263,23.0,0.2
1392,4.16,8.9756,27.0,0.19
1393,4.04,8.8054,19.0,0.19
1394,4.36,41.6374,24.0,0.19
1395,4.32,67857.4534,23.0,0.19
1396,4.44,37.2481,31.0,0.21
1397,4.24,52.7276,30.0,0.2
1398,4.56,51.8219,25.0,0.2
1399,3.8,52.8124,34.0,0.18
1400,4.36,26.4622,28.0,0.21
1401,4.88,26.3694,29.0,0.26
1402,6.56,67866.2544,19.0,0.21
1403,5.24,97.4501,24.0,0.18
1404,4.12,17.5979,17.0,0.16
1405,5.36,120092.0876,25.0,0.19
1406,3.6,17.6006,20.0,0.17
1407,4.24,407170.9245,26.0,0.18
1408,3.8,70.2842,38.0,0.2
1409,6.36,50.9002,18.0,0.2
1410,4.4,1048.3127,7.0,0.23
1411,6.36,10.1068,16.0,0.22
1412,3.6,8.8833,27.0,0.2
1413,4.84,67860.3768,19.0,0.19
1414,4.68,0.9034,14.0,0.26
1415,6.28,59.771,18.0,0.21
1416,4.88,68.4907,29.0,0.21
1417,4.24,19.7346,17.0,0.18
1418,3.84,68.5674,23.0,0.2
1419,4.56,2825.7146,23.0,0.18
1420,4.04,769.7348,31.0,0.17
1421,4.08,8.8174,25.0,0.18
1422,4.56,339252.0819,18.0,0.17
1423,5.76,2.0516,21.0,0.17
1424,5.12,169338.4246,25.0,0.19
1425,5.48,68896.9695,17.0,0.19
1426,4.16,17.5971,30.0,0.19
1427,3.84,8.8032,18.0,0.2
1428,3.88,17.7412,29.0,0.19
1429,4.2,154.2426,19.0,0.23
1430,6.88,408157.7324,15.0,0.21
1431,4.4,98.6818,28.0,0.19
1432,4.28,8334.864,32.0,0.22
1433,4.4,168296.3466,26.0,0.22
1434,3.52,17.6063,27.0,0.18
1435,4.72,85.0859,18.0,0.21
1436,4.32,191.1391,31.0,0.17
1437,4.56,48.3928,18.0,0.21
1438,4.2,63.2557,35.0,0.18
1439,5.2,168338.4436,27.0,0.17
1440,5.0,67909.1882,21.0,0.2
1441,5.84,3279.9672,23.0,0.16
1442,5.88,42.9942,14.0,0.18
1443,4.32,26.364,28.0,0.16
1444,4.0,19.352,26.0,0.19
1445,4.6,63.2066,29.0,0.25
1446,3.96,46.4748,30.0,0.22
1447,5.96,575412.8485,21.0,0.18
1448,5.04,1993.3221,19.0,0.19
1449,4.08,67899.6219,23.0,0.19
1450,4.12,47.4462,36.0,0.2
1451,5.8,2869.4672,13.0,0.2
1452,5.2,2862.553,21.0,0.26
1453,5.44,42.126,15.0,0.19
1454,4.8,1057.9382,19.0,0.18
1455,4.8,171129.8198,28.0,0.18
1456,3.84,8.9715,31.0,0.19
1457,4.0,35.1673,36.0,0.2
1458,4.68,112.3754,24.0,0.18
1459,5.04,17.5846,31.0,0.16
1460,4.28,59.7502,20.0,0.16
1461,5.08,18.4383,23.0,0.16
1462,3.88,12.3265,31.0,0.15
1463,4.04,42.9845,-27.0,0.15
1464,4.36,35.154,36.0,0.15
1465,4.36,29.88,34.0,0.15
1466,5.72,339295.0508,17.0,0.15
1467,5.08,340292.4188,11.0,0.19
1468,3.8,61.499,35.0,0.18
1469,4.52,35.1505,30.0,0.2
1470,3.6,28.2776,39.0,0.24
1471,4.08,67849.8566,21.0,0.21
1472,5.2,51.8853,23.0,0.22
1473,4.64,339304.7147,26.0,0.18
1474,4.48,1.3489,34.0,0.16
1475,4.4,35.1476,28.0,0.16
1476,6.36,141.8011,14.0,0.19
1477,5.12,52.1271,21.0,0.21
1478,4.08,13.1772,28.0,0.28
1479,4.88,52.6231,19.0,0.18
1480,4.24,10.1473,25.0,0.28
1481,4.92,32274.8064,26.0,0.17
1482,3.68,17.6884,34.0,0.15
1483,4.52,60.5888,22.0,0.16
1484,7.0,340388.6723,11.0,0.18
1485,3.52,8.8056,31.0,0.23
1486,5.32,20.2637,22.0,0.18
1487,4.56,17.6588,29.0,0.17
1488,4.04,26.3757,32.0,0.16
1489,5.04,67917.9897,19.0,0.17
1490,5.16,339244.3032,11.0,0.16
1491,4.76,24.8478,27.0,0.17
1492,4.56,19.3496,30.0,0.16
1493,5.12,67875.1894,24.0,0.23
1494,3.96,47.0056,33.0,0.2
1495,5.56,168320.8784,25.0,0.29
1496,4.88,359879.6511,26.0,0.27
1497,3.96,79.0769,36.0,0.16
1498,4.96,2800.4403,25.0,0.16
1499,5.08,17.7056,22.0,0.18
1500,4.8,26.4786,21.0,0.19
1501,4.64,28.251,31.0,0.16
1502,3.72,37.022,21.0,0.16
1503,3.76,26.4241,27.0,0.26
1504,4.04,36.9047,35.0,0.17
1505,4.36,359755.4104,19.0,0.2
1506,4.12,8.8135,27.0,0.18
1507,3.72,28.143,34.0,0.17
1508,6.32,21.0238,20.0,0.23
1509,4.0,17.6267,24.0,0.18
1510,4.72,9.908,26.0,0.18
1511,4.16,66.768,36.0,0.17
1512,4.24,43.949,31.0,0.79
1513,4.28,60.887,20.0,0.16
1514,5.28,37.7674,17.0,0.19
1515,4.72,359764.2201,24.0,0.2
1516,5.56,67918.8742,19.0,0.21
1517,4.76,120039.999,31.0,0.23
1518,3.6,28.147,26.0,0.23
1519,4.52,9.0155,23.0,0.18
1520,3.8,8.8556,28.0,0.17
1521,4.44,2842.2656,24.0,0.17
1522,3.76,8.9146,24.0,0.18
1523,4.08,35.1632,32.0,0.17
1524,6.48,67866.4484,17.0,0.16
1525,5.96,50.9018,13.0,0.15
1526,4.4,17.7559,27.0,0.2
1527,4.88,67904.8226,20.0,0.23
1528,5.36,18.4704,22.0,0.21
1529,5.8,120044.1218,23.0,0.18
1530,4.28,60.5544,25.0,0.22
1531,4.64,37.7709,26.0,0.24
1532,5.24,359703.7816,10.0,0.17
1533,4.84,2852.8328,23.0,0.17
1534,4.44,19.3361,30.0,0.16
1535,4.64,8.8119,20.0,0.17
1536,5.12,359740.762,24.0,0.17
1537,4.76,120040.0608,33.0,0.17
1538,3.32,18.913,33.0,0.16
1539,4.68,28.1271,28.0,0.16
1540,3.84,8.8158,27.0,0.16
1541,3.96,37.0073,34.0,0.15
1542,3.72,8.8124,30.0,0.15
1543,4.0,10.1147,18.0,0.15
1544,4.24,67899.6117,20.0,0.15
1545,3.4,8.8339,24.0,0.15
1546,3.76,8.8404,20.0,0.22
1547,4.44,359853.3618,16.0,0.21
1548,4.84,50.9626,27.0,0.17
1549,4.24,407111.9898,13.0,0.17
1550,4.64,45.688,29.0,0.24
1551,4.76,61.4984,34.0,0.26
1552,5.12,78.1109,27.0,0.2
1553,4.16,407151.6733,25.0,0.2
1554,3.96,17.588,31.0,0.18
1555,4.72,54.1525,30.0,0.15
1556,4.8,43.4558,18.0,0.19
1557,4.16,28.1212,30.0,0.19
1558,5.08,339255.3086,25.0,0.17
1559,4.32,50.9198,23.0,0.16
1560,6.2,168330.5246,21.0,0.16
1561,3.56,8.9134,27.0,0.14
1562,4.28,2.6393,19.0,0.17
1563,4.56,51.7567,27.0,0.17
1564,4.88,67913.8955,22.0,0.25
1565,4.28,36.9102,33.0,0.18
1566,5.44,67899.5744,16.0,0.18
1567,3.96,10.6117,34.0,0.17
1568,3.88,18.5057,28.0,0.16
1569,4.16,35.1608,26.0,0.16
1570,3.56,54.4895,40.0,0.17
1571,4.8,407153.3556,26.0,0.19
1572,5.2,404432.4506,20.0,0.16
1573,4.0,10.6569,29.0,0.16
1574,6.68,403652.4818,19.0,0.2
1575,4.12,168305.1648,33.0,0.16
1576,5.08,339311.737,25.0,0.16
1577,4.32,79.0637,29.0,0.16
1578,6.0,57679.0388,18.0,0.16
1579,4.12,2842.3255,19.0,0.18
1580,4.04,43.944,30.0,0.19
1581,4.56,163.0287,24.0,0.16
1582,4.96,53.9652,19.0,0.15
1583,4.64,77.2455,26.0,0.15
1584,4.4,36.5164,32.0,0.15
1585,4.52,96.6374,34.0,0.15
1586,5.84,96.3155,16.0,0.15
1587,4.92,336602.3984,32.0,0.18
1588,3.88,52.7168,34.0,0.18
1589,4.8,67911.3464,26.0,0.17
1590,4.48,407917.446,29.0,0.16
1591,4.68,336566.3317,30.0,0.16
1592,3.0,47.0156,35.0,0.15
1593,4.88,0.047,20.0,0.16
1594,4.16,2850.2496,24.0,0.17
1595,4.4,29.5413,30.0,0.16
1596,4.64,28.8552,22.0,0.16
1597,4.08,82.5063,30.0,0.18
1598,5.2,187922.0158,24.0,0.23
1599,5.36,87.8639,16.0,0.23
1600,3.52,72.1498,33.0,0.17
1601,4.68,67926.7748,27.0,0.17
1602,5.16,55.0021,6.0,0.15
1603,4.92,339294.1893,16.0,0.16
1604,4.56,339302.9498,25.0,0.16
1605,4.6,39.318,24.0,0.19
1606,4.2,39718.5714,33.0,0.16
1607,4.6,168305.1324,30.0,0.17
1608,4.68,168313.95,31.0,0.17
1609,6.36,165.617,23.0,0.16
1610,3.6,17.6746,29.0,0.23
1611,5.2,339312.617,25.0,0.17
1612,4.76,33910.8245,31.0,0.17
1613,5.12,61.0419,21.0,0.22
1614,4.68,35.632,33.0,0.19
1615,3.64,17.594,34.0,0.16
1616,3.92,19.3568,33.0,0.15
1617,4.52,35.1562,32.0,0.16
1618,4.4,120022.4303,33.0,0.19
1619,6.68,2627.4155,17.0,0.16
1620,4.88,87.7894,32.0,0.16
1621,3.52,17.6165,33.0,0.16
1622,4.64,187.5181,20.0,0.23
1623,3.96,47.0016,32.0,0.17
1624,4.4,67866.235,22.0,0.17
1625,4.16,36.9058,33.0,0.17
1626,4.36,9.6856,25.0,0.17
1627,3.88,42.9862,23.0,0.23
1628,4.24,36.9112,31.0,0.17
1629,3.8,63.2721,36.0,0.21
1630,5.08,237193.2274,27.0,0.19
1631,5.0,336609.8106,22.0,0.23
1632,4.16,17.603,19.0,0.21
1633,3.32,26.4373,18.0,0.19
1634,4.8,168321.7458,20.0,0.2
1635,4.92,168355.8792,24.0,0.23
1636,4.52,67926.7655,16.0,0.2
1637,3.88,339303.8227,21.0,0.22
1638,4.8,67850.7119,17.0,0.24
1639,5.04,61.4455,22.0,0.17
1640,4.16,52.6633,25.0,0.23
1641,4.56,67876.3426,26.0,0.16
1642,4.68,67899.6466,20.0,0.18
1643,4.68,52.7203,31.0,0.18
1644,4.36,37.5961,29.0,0.18
1645,4.36,8.819,26.0,0.16
1646,4.72,8.8677,22.0,0.16
1647,4.32,67867.12,23.0,0.17
1648,6.72,70699.8882,16.0,0.18
1649,4.52,17.5813,28.0,0.17
1650,3.84,0.024,20.0,0.16
1651,3.4,26.3989,20.0,0.15
1652,5.0,339244.1585,8.0,0.16
1653,4.6,70.2276,25.0,0.84
1654,4.72,120031.2152,32.0,0.16
1655,4.52,67890.787,21.0,0.17
1656,3.84,445.4004,24.0,0.17
1657,4.36,51.776,16.0,0.2
1658,4.04,52.7265,36.0,0.16
1659,4.24,59.7426,19.0,0.18
1660,4.08,36.0454,30.0,0.18
1661,4.32,8.8162,29.0,0.18
1662,4.8,19.067,27.0,0.18
1663,4.08,55.7766,27.0,0.15
1664,3.96,79.0678,26.0,0.14
1665,4.68,168347.2384,33.0,0.15
1666,3.64,17.6968,30.0,0.16
1667,4.72,67850.715,17.0,0.19
1668,4.32,67875.318,29.0,0.2
1669,4.8,26.3669,19.0,0.17
1670,4.8,528149.4413,28.0,0.17
1671,4.52,56.952,26.0,0.17
1672,3.8,26.4122,19.0,0.23
1673,4.28,43.931,34.0,0.25
1674,3.96,35.1676,33.0,0.16
1675,4.16,17.5946,26.0,0.17
1676,4.76,528076.9164,27.0,0.17
1677,4.24,168296.3434,37.0,0.17
1678,4.56,17.5992,26.0,0.24
1679,4.32,23.2511,32.0,0.18
1680,5.2,68.475,19.0,0.19
1681,4.6,19.3506,24.0,0.16
1682,4.48,340361.8449,26.0,0.15
1683,4.32,11.8976,26.0,0.15
1684,4.0,124.7604,9.0,0.17
1685,4.56,26.3689,31.0,0.16
1686,5.12,68036.3198,14.0,0.17
1687,4.04,168278.7896,32.0,0.15
1688,3.84,68.4881,35.0,0.15
1689,4.72,61.4921,26.0,0.17
1690,4.36,67875.1042,22.0,0.18
1691,4.48,63.258,30.0,0.17
1692,3.84,8.804,30.0,0.2
1693,4.2,51.7832,24.0,0.16
1694,4.32,0.0413,24.0,0.16
1695,4.12,43.9388,34.0,0.16
1696,4.76,168305.13,32.0,0.19
1697,4.28,67853.6273,16.0,0.16
1698,5.44,3848.482,14.0,0.16
1699,3.68,35.1987,31.0,0.16
1700,4.68,699006.2845,26.0,0.17
1701,4.2,52.7283,35.0,0.15
1702,6.32,69.319,16.0,0.15
1703,5.08,10.8514,22.0,0.15
1704,4.24,29.0252,30.0,0.17
1705,5.72,236195.8891,23.0,0.19
1706,4.32,43.955,27.0,0.17
1707,4.4,168313.9214,30.0,0.16
1708,4.6,72.3763,29.0,0.23
1709,5.16,408158.59,22.0,0.18
1710,4.68,67877.6947,25.0,0.26
1711,3.52,9.7047,27.0,0.2
1712,4.52,12.0352,23.0,0.21
1713,4.44,67890.8063,21.0,0.21
1714,4.56,42.9774,26.0,0.22
1715,4.24,8.814,27.0,0.23
1716,3.56,61.517,34.0,0.22
1717,4.68,8.9438,26.0,0.16
1718,4.76,430428.5186,25.0,0.17
1719,3.56,35.1644,29.0,0.2
1720,3.6,67860.1601,22.0,0.16
1721,4.2,26.4254,28.0,0.15
1722,5.28,68907.4899,22.0,0.15
1723,4.84,407137.6182,21.0,0.21
1724,4.08,55.7734,31.0,0.19
1725,4.56,120057.6635,34.0,0.21
1726,4.32,168287.6173,33.0,0.2
1727,4.6,70717.2634,26.0,0.2
1728,3.64,35.1504,37.0,0.18
1729,4.24,67890.9472,26.0,0.16
1730,3.96,19.3554,31.0,0.15
1731,4.96,2867.7567,23.0,0.17
1732,4.56,2816.8687,16.0,0.16
1733,6.0,70667.2481,18.0,0.16
1734,4.16,418.4721,32.0,0.16
1735,3.84,43.9903,27.0,0.19
1736,3.96,52.7166,34.0,0.16
1737,4.16,2850.2634,26.0,0.17
1738,4.16,8.8029,33.0,0.16
1739,4.96,2818.2536,27.0,0.17
1740,4.12,339286.2536,22.0,0.15
1741,3.52,17.5911,37.0,0.26
1742,5.48,67909.1968,23.0,0.18
1743,4.2,61.4993,32.0,0.17
1744,4.0,53.5784,35.0,0.23
1745,4.32,0.123,30.0,0.17
1746,4.72,14.0724,32.0,0.25
1747,4.88,168321.7613,22.0,0.19
1748,4.68,35.1702,29.0,0.18
1749,3.68,26.4047,33.0,0.16
1750,4.96,236137.1984,22.0,0.16
1751,4.6,38.6908,33.0,0.18
1752,4.96,168288.9042,32.0,0.18
1753,4.56,8.8081,25.0,0.19
1754,3.44,17.6998,38.0,0.16
1755,4.72,15.3942,31.0,0.18
1756,3.92,26.4022,28.0,0.19
1757,4.28,26.376,34.0,0.17
1758,4.08,168278.7787,24.0,0.16
1759,4.48,119133.0102,30.0,0.16
1760,4.28,61.5068,31.0,0.16
1761,4.96,339285.3978,12.0,0.17
1762,5.32,67892.6089,24.0,0.18
1763,4.52,42.478,26.0,0.18
1764,6.44,67894.2924,17.0,0.19
1765,4.36,2853.7596,30.0,0.16
1766,4.12,28.4061,28.0,0.16
1767,5.24,2879.4788,21.0,0.16
1768,4.16,35.2655,32.0,0.18
1769,5.16,171081.6296,19.0,0.17
1770,3.92,28.2751,35.0,0.16
1771,4.52,176631.1849,33.0,0.16
1772,4.6,8336.6314,33.0,0.16
1773,3.64,5.3042,34.0,0.17
1774,4.24,10.6455,20.0,0.16
1775,3.96,168305.1282,35.0,0.28
1776,3.48,26.461,36.0,0.25
1777,4.72,67868.9199,25.0,0.17
1778,3.88,67909.2116,27.0,0.17
1779,6.68,67945.8288,14.0,0.2
1780,4.56,60.5908,24.0,0.16
1781,5.28,76184.456,21.0,0.16
1782,5.16,238969.7929,23.0,0.2
1783,4.36,52.8134,35.0,0.22
1784,4.12,36.919,28.0,0.17
1785,3.96,26.4243,30.0,0.14
1786,4.24,67859.3338,21.0,0.17
1787,4.6,67925.9012,27.0,0.17
1788,3.92,35.2452,36.0,0.16
1789,4.12,20.7903,22.0,0.18
1790,4.64,18.7652,23.0,0.16
1791,4.64,0.0126,33.0,0.18
1792,4.8,168305.1285,31.0,0.16
1793,5.28,1202.4201,20.0,0.16
1794,5.04,17.5954,23.0,0.17
1795,4.48,50.9012,23.0,0.17
1796,4.08,168278.8076,28.0,0.16
1797,4.08,339253.0008,20.0,0.82
1798,4.72,68916.2236,19.0,0.21
1799,4.96,67880.5242,24.0,0.16
1800,6.56,2799.3275,11.0,0.18
1801,4.8,42.1289,12.0,0.18
1802,4.52,0.0256,21.0,0.16
1803,4.64,168298.1172,32.0,0.15
1804,4.96,171104.4485,27.0,0.16
1805,4.44,47.8706,31.0,0.2
1806,4.44,36.902,37.0,0.19
1807,4.48,69.6647,22.0,0.21
1808,3.6,44.0408,35.0,0.17
1809,4.12,35.1487,35.0,0.19
1810,3.64,35.7098,29.0,0.18
1811,6.72,120128.3703,16.0,0.17
1812,3.24,0.0846,33.0,0.16
1813,6.8,67858.4433,14.0,0.17
1814,4.96,67891.6838,24.0,0.2
1815,5.48,407102.4459,7.0,0.18
1816,4.36,168305.1351,28.0,0.19
1817,4.2,52.8173,33.0,0.16
1818,4.08,1.7918,23.0,0.17
1819,5.32,168312.1546,21.0,0.2
1820,4.56,26.3661,29.0,0.2
1821,4.6,67860.0663,17.0,0.15
1822,3.76,13.3122,22.0,0.17
1823,4.48,67860.0868,25.0,0.17
1824,5.12,28.6258,22.0,0.16
1825,5.72,67870.6101,23.0,0.17
1826,3.72,18.4416,32.0,0.16
1827,6.84,2801.0187,17.0,0.17
1828,4.2,168290.6964,34.0,0.18
1829,4.56,70.3848,33.0,0.19
1830,4.48,359762.2589,22.0,0.2
1831,4.64,59.6932,25.0,0.21
1832,4.92,38.3088,25.0,0.18
1833,4.92,359752.9464,12.0,0.18
1834,4.32,8.8115,20.0,0.18
1835,4.48,120050.5445,32.0,0.16
1836,4.08,67875.8798,28.0,0.16
1837,4.8,168315.6838,32.0,0.16
1838,3.56,26.3827,37.0,0.16
1839,4.6,69063.452,23.0,0.16
1840,4.6,71.9858,21.0,0.17
1841,4.16,35.1537,35.0,0.15
1842,4.52,288301.1947,31.0,0.15
1843,4.12,61.6001,33.0,0.25
1844,4.92,67893.4552,28.0,0.16
1845,4.36,11.8676,31.0,0.16
1846,4.56,168289.3326,31.0,0.16
1847,4.36,168313.9122,35.0,0.16
1848,4.92,67911.3941,25.0,0.17
1849,4.56,28.1442,30.0,0.22
1850,4.76,67886.2856,27.0,0.16
1851,3.16,28.5355,32.0,0.15
1852,4.24,168278.8191,22.0,0.16
1853,4.4,59.7471,27.0,0.16
1854,5.0,202157.9625,30.0,0.19
1855,4.76,168342.837,26.0,0.16
1856,4.84,67901.366,23.0,0.22
1857,4.08,21.0945,27.0,0.19
1858,4.96,68897.7519,20.0,0.2
1859,4.2,17.5815,25.0,0.24
1860,4.32,67850.3168,19.0,0.21
1861,4.84,47.7624,8.0,0.18
1862,6.04,91.1754,18.0,0.17
1863,4.2,339302.9506,25.0,0.16
1864,4.2,67858.3308,25.0,0.19
1865,4.36,32239.9511,27.0,0.17
1866,5.6,47.3017,23.0,0.18
1867,4.48,120068.1295,29.0,0.24
1868,4.8,168314.0427,32.0,0.19
1869,4.48,67868.8733,24.0,0.17
1870,4.36,67858.4808,24.0,0.18
1871,5.4,20.9324,21.0,0.2
1872,4.48,3.398,18.0,0.2
1873,4.16,37.018,34.0,0.2
1874,3.76,120057.6403,32.0,0.17
1875,4.64,8.7992,31.0,0.18
1876,5.16,2.7592,16.0,0.18
1877,4.04,67883.9197,33.0,0.27
1878,5.96,67848.7082,12.0,0.19
1879,4.8,67910.9494,25.0,0.2
1880,4.0,56.2293,32.0,0.21
1881,4.2,27.25,29.0,0.16
1882,4.04,339264.504,30.0,0.26
1883,4.4,8.8179,23.0,0.17
1884,4.96,528040.9253,27.0,0.2
1885,4.16,0.9701,29.0,0.19
1886,4.24,9.0275,25.0,0.16
1887,4.6,59.6792,30.0,0.24
1888,3.68,17.6155,29.0,0.22
1889,4.24,36.9036,38.0,0.16
1890,3.84,96.6349,34.0,0.15
1891,3.64,63.2552,37.0,0.16
1892,4.28,168306.8845,36.0,0.17
1893,4.24,50.8974,25.0,0.18
1894,3.88,86.8971,33.0,0.19
1895,3.48,35.1616,36.0,0.17
1896,4.64,168330.8986,19.0,0.19
1897,4.68,60.7648,25.0,0.24
1898,3.84,65.013,21.0,0.19
1899,4.08,28.1217,34.0,0.26
1900,3.92,31.1849,35.0,0.19
1901,4.12,35.1772,30.0,0.15
1902,4.32,28.1333,30.0,0.15
1903,4.28,43.9322,35.0,0.15
1904,4.36,168314.0126,32.0,0.15
1905,3.92,21.3126,27.0,0.17
1906,3.68,168278.801,30.0,0.18
1907,3.72,407109.5203,25.0,0.16
1908,5.12,35.3505,24.0,0.17
1909,4.6,67850.482,21.0,0.17
1910,4.68,359753.3718,22.0,0.17
1911,4.56,45.6881,34.0,0.16
1912,5.72,360245.5931,20.0,0.2
1913,3.48,35.1763,34.0,0.16
1914,4.88,336559.304,30.0,0.21
1915,4.68,67914.0089,23.0,0.18
1916,3.92,9.7254,26.0,0.19
1917,4.52,17.5811,33.0,0.19
1918,4.2,17.7466,23.0,0.16
1919,4.92,2808.0884,25.0,0.19
1920,4.2,29.4227,33.0,0.16
1921,4.0,45.689,35.0,0.17
1922,4.88,67918.0744,26.0,0.17
1923,4.16,20.6452,31.0,0.2
1924,5.08,67892.6063,26.0,0.24
1925,4.6,210811.4514,24.0,0.21
1926,4.32,70.2856,31.0,0.22
1927,4.08,35.2449,34.0,0.17
1928,4.32,20.2938,27.0,0.18
1929,4.08,43.936,36.0,0.24
1930,4.0,70.2832,36.0,0.17
1931,4.28,168324.453,34.0,0.16
1932,4.52,51.7509,27.0,0.16
1933,4.4,42.1394,25.0,0.24
1934,4.08,50.9288,18.0,0.19
1935,4.28,35.2585,34.0,0.16
1936,3.52,20.2375,28.0,0.81
1937,4.12,35.2536,28.0,0.19
1938,4.36,67893.6098,19.0,0.16
1939,3.96,70734.8238,33.0,0.17
1940,4.36,67877.1474,20.0,0.17
1941,3.88,36.9063,37.0,0.18
1942,5.2,163.9654,23.0,0.15
1943,4.76,17.7134,20.0,0.18
1944,5.56,23.7154,20.0,0.15
1945,3.76,35.2176,28.0,0.17
1946,4.44,168322.8226,30.0,0.17
1947,4.2,26.3907,26.0,0.16
1948,3.56,43.0107,20.0,0.16
1949,4.24,46.9919,35.0,0.17
1950,5.88,0.9419,19.0,0.27
1951,3.92,8.9202,28.0,0.26
1952,4.4,52.7159,26.0,0.16
1953,4.2,70.3667,35.0,0.17
1954,3.48,63.255,37.0,0.17
1955,3.52,52.7448,39.0,0.16
1956,5.04,60.9961,21.0,0.17
1957,4.08,9.7572,24.0,0.16
1958,3.4,339282.4566,35.0,0.18
1959,4.16,39.9812,27.0,0.17
1960,4.68,407094.4164,19.0,0.17
1961,4.36,35.1485,34.0,0.16
1962,3.8,35.2042,36.0,0.15
1963,5.32,40.9731,19.0,0.21
1964,3.64,51.1633,33.0,0.14
1965,4.2,42.1361,15.0,0.15
1966,4.08,89.6109,30.0,0.16
1967,4.6,507539.7102,27.0,0.16
1968,3.64,61.598,33.0,0.16
1969,2.92,0.04,26.0,0.2
1970,6.64,512356.9442,19.0,0.17
1971,4.48,67925.9074,23.0,0.16
1972,3.84,52.8269,34.0,0.16
1973,6.28,67891.6208,14.0,0.2
1974,4.24,1.2211,19.0,0.16
1975,4.08,51.7577,23.0,0.16
1976,4.44,68923.3137,29.0,0.16
1977,3.08,67849.5853,19.0,0.17
1978,4.48,168364.7945,29.0,0.17
1979,5.44,67849.5409,17.0,0.17
1980,5.0,168305.1374,24.0,0.19
1981,4.44,29.424,34.0,0.17
1982,5.76,60.6834,17.0,0.18
1983,4.68,69.3482,25.0,0.21
1984,4.76,80.3268,26.0,0.15
1985,4.0,50.8987,23.0,0.15
1986,4.24,168315.68,35.0,0.26
1987,3.44,17.7074,31.0,0.27
1988,4.36,35.1492,34.0,0.24
1989,3.28,26.4558,28.0,0.16
1990,4.56,26.3962,29.0,0.17
1991,4.4,8.824,28.0,0.17
1992,5.8,2867.7628,22.0,0.16
1993,5.04,27.2222,27.0,0.17
1994,3.84,89.6051,38.0,0.15
1995,5.56,360185.3805,17.0,0.16
1996,4.68,67857.5108,27.0,0.17
1997,4.48,95.6709,29.0,0.21
1998,3.8,52.7145,36.0,0.21
1999,4.0,17.6092,26.0,0.2
2000,4.04,17.6106,23.0,0.17
2001,5.32,236195.8838,26.0,0.21
2002,4.36,68.5051,24.0,0.16
2003,4.12,168296.4512,34.0,0.14
2004,3.88,35.1695,35.0,0.15
2005,4.84,236214.3036,26.0,0.14
2006,4.92,52.7174,31.0,0.2
2007,3.92,407162.2048,31.0,0.22
2008,4.04,35.1926,30.0,0.15
2009,4.44,19.3453,31.0,0.16
2010,4.28,62.4122,26.0,0.26
2011,5.56,50.9044,17.0,0.18
2012,5.16,524781.2164,26.0,0.16
2013,4.08,8.8263,30.0,0.17
2014,4.52,17.609,25.0,0.16
2015,5.12,26.3747,17.0,0.15
2016,5.04,61.4363,25.0,0.16
2017,4.0,45.7137,35.0,0.2
2018,5.2,27.2284,25.0,0.27
2019,5.24,39700.5647,19.0,0.15
2020,3.84,45.69,34.0,0.15
2021,5.0,407135.8987,21.0,0.15
2022,3.36,8.8133,29.0,0.14
2023,6.16,11.9586,21.0,0.15
2024,3.68,67876.8284,27.0,0.16
2025,5.92,2843.1909,16.0,0.17
2026,4.36,50.9112,25.0,0.2
2027,4.92,8.8087,19.0,0.16
2028,4.88,67927.6594,24.0,0.23
2029,3.96,67917.1304,22.0,0.16
2030,4.36,28.133,34.0,0.15
2031,4.32,35.1499,28.0,0.17
2032,4.28,67857.4798,19.0,0.17
2033,4.84,67861.3327,22.0,0.2
2034,4.08,69.6997,30.0,0.19
2035,4.6,168676.1526,28.0,0.16
2036,5.0,10.5557,34.0,0.18
2037,5.32,67914.9366,20.0,0.16
2038,3.96,17.6077,31.0,0.16
2039,4.4,191378.3048,31.0,0.17
2040,4.28,43.9516,35.0,0.16
2041,3.4,36.9158,28.0,0.14
2042,4.36,68.4829,26.0,0.16
2043,6.64,67849.0912,8.0,0.15
2044,3.8,79.0672,33.0,0.15
2045,4.24,168322.699,33.0,0.14
2046,4.2,70.2824,34.0,0.15
2047,4.4,27.28,20.0,0.22
2048,4.52,86.038,29.0,0.16
2049,4.24,168296.351,33.0,0.16
2050,4.64,79.2141,29.0,0.19
2051,3.84,96.8212,42.0,0.23
2052,4.6,42.9726,27.0,0.25
2053,4.16,35.1599,36.0,0.18
2054,4.92,120051.843,32.0,0.23
2055,5.08,168297.2137,26.0,0.16
2056,4.4,61.5039,34.0,0.21
2057,4.28,19.3364,33.0,0.16
2058,3.96,168322.7054,35.0,0.16
2059,4.24,43.9327,33.0,0.16
2060,4.24,35.1528,36.0,0.19
2061,4.76,28.122,27.0,0.15
2062,3.44,55.8044,38.0,0.15
2063,4.64,52.6761,27.0,0.15
2064,3.96,35.1672,33.0,0.15
2065,4.56,27.5483,31.0,0.15
2066,4.88,67848.669,24.0,0.15
2067,4.64,42.12,18.0,0.16
2068,3.8,61.5606,36.0,0.25
2069,3.88,45.7468,31.0,0.17
2070,5.68,133805.0083,22.0,0.2
2071,4.8,2835.7479,22.0,0.17
2072,4.24,72.044,32.0,0.21
2073,4.72,67892.9292,25.0,0.23
2074,3.64,70.2853,35.0,0.16
2075,5.12,3.8013,23.0,0.17
2076,5.24,171120.1652,17.0,0.17
2077,5.08,67928.1294,21.0,0.17
2078,3.84,44.0418,36.0,0.84
2079,4.48,168321.0848,29.0,0.19
2080,4.32,2869.5141,29.0,0.18
2081,4.84,38.2224,17.0,0.18
2082,4.32,44.1006,33.0,0.15
2083,4.88,339281.4098,4.0,0.14
2084,5.0,168357.7214,29.0,0.16
2085,4.04,70.2842,25.0,0.15
2086,4.52,23.7031,30.0,0.16
2087,4.0,17.5813,30.0,0.16
2088,4.48,335755.9916,33.0,0.18
2089,4.4,70639.018,27.0,0.29
2090,3.56,82.1303,39.0,0.15
2091,3.48,8.8264,28.0,0.26
2092,3.64,36.0291,31.0,0.19
2093,4.68,8.8124,22.0,0.18
2094,5.96,136699.7485,17.0,0.19
2095,4.48,17.5972,34.0,0.17
2096,4.2,20.7644,26.0,0.16
2097,4.8,8.8714,15.0,0.18
2098,4.28,70734.9249,29.0,0.16
2099,4.24,18.4462,22.0,0.17
2100,4.92,23796.7284,25.0,0.21
2101,5.52,2843.1664,18.0,0.15
2102,5.16,2869.5086,23.0,0.15
2103,5.12,67893.4087,19.0,0.15
2104,4.28,62.146,30.0,0.15
2105,4.76,67893.8414,26.0,0.19
2106,5.2,67899.5606,19.0,0.16
2107,3.96,17.5888,32.0,0.18
2108,4.44,26.5694,20.0,0.19
2109,4.64,168305.1304,32.0,0.16
2110,4.84,51.7559,24.0,0.17
2111,4.04,26.4757,29.0,0.16
2112,4.12,43.9374,35.0,0.16
2113,3.64,48.7508,29.0,0.18
2114,3.72,35.1498,39.0,0.21
2115,4.92,359690.7135,28.0,0.2
2116,5.16,77.7364,30.0,0.22
2117,4.04,29.4222,29.0,0.17
2118,5.4,86.1361,25.0,0.18
2119,4.32,67886.8685,28.0,0.17
2120,4.32,67892.5908,31.0,0.16
2121,4.16,699014.4108,29.0,0.15
2122,4.36,67944.327,31.0,0.14
2123,4.4,17.5875,27.0,0.15
2124,4.52,2837.0797,24.0,0.14
2125,3.76,8.9349,29.0,0.19
2126,3.92,61.5034,38.0,0.15
2127,4.24,54.5081,37.0,0.16
2128,3.84,58.133,34.0,0.16
2129,4.8,70678.343,22.0,0.18
2130,3.92,45.6874,37.0,0.16
2131,4.44,88.6997,34.0,0.16
2132,4.2,86.037,29.0,0.16
2133,4.64,88.6516,30.0,0.17
2134,4.68,168280.5453,31.0,0.17
2135,3.68,43.9463,34.0,0.18
2136,4.4,26.3748,30.0,0.18
2137,3.96,43.9372,35.0,0.28
2138,4.12,60.5425,30.0,0.16
2139,4.8,17.8435,26.0,0.16
2140,4.4,29.3008,27.0,0.16
2141,3.28,67857.6127,29.0,0.16
2142,4.16,52.7204,34.0,0.19
2143,4.04,168349.0617,39.0,0.19
2144,4.32,51.8614,27.0,0.16
2145,3.56,52.7279,31.0,0.18
2146,4.8,28.121,29.0,0.17
2147,5.76,86.9828,23.0,0.19
2148,4.36,38.5558,29.0,0.24
2149,4.8,407170.0237,25.0,0.19
2150,4.08,62.4039,30.0,0.16
2151,4.52,67857.5082,29.0,0.16
2152,3.6,35.1616,35.0,0.16
2153,3.88,52.7278,34.0,0.16
2154,5.16,70699.7021,25.0,0.17
2155,4.88,67851.3126,25.0,0.17
2156,5.08,2902.8986,28.0,0.19
2157,4.08,36.9108,35.0,0.16
2158,4.04,52.7309,36.0,0.19
2159,3.84,62.4626,33.0,0.16
2160,4.08,168313.9154,32.0,0.17
2161,3.56,8.8717,27.0,0.16
2162,3.6,29.4452,37.0,0.21
2163,4.08,61.0036,28.0,0.25
2164,4.76,67857.529,21.0,0.2
2165,5.04,59.6862,25.0,0.17
2166,4.32,70691.8827,29.0,0.18
2167,3.56,61.5002,41.0,0.17
2168,3.68,46.5671,33.0,0.16
2169,4.48,63.6444,28.0,0.17
2170,6.12,407134.922,21.0,0.16
2171,5.48,145.4775,17.0,0.17
2172,6.08,2851.1242,20.0,0.16
2173,4.68,67849.8936,26.0,0.16
2174,4.4,35.196,30.0,0.2
2175,3.88,51.7721,28.0,0.19
2176,4.56,35.162,26.0,0.17
2177,4.44,47.0026,33.0,0.16
2178,5.64,234286.0107,25.0,0.19
2179,3.88,35.155,35.0,0.17
2180,4.32,8.8989,32.0,0.16
2181,5.04,237176.5712,25.0,0.17
2182,4.8,171130.2683,25.0,0.16
2183,4.68,168331.4879,32.0,0.17
2184,4.4,168299.4025,28.0,0.16
2185,4.32,119974.18,37.0,0.19
2186,4.52,168305.1408,33.0,0.18
2187,3.48,0.0623,29.0,0.16
2188,4.2,35.1593,34.0,0.18
2189,3.92,43.9106,22.0,0.16
2190,4.8,168298.1007,32.0,0.17
2191,3.96,52.719,36.0,0.16
2192,3.68,35.1713,34.0,0.16
2193,3.72,72.039,34.0,0.15
2194,4.16,67875.0469,27.0,0.17
2195,4.8,50.963,23.0,0.21
2196,5.96,68.4718,24.0,0.17
2197,4.08,52.9557,36.0,0.15
2198,3.92,46.8304,29.0,0.17
2199,4.0,67886.42,28.0,0.16
2200,3.56,20.6492,12.0,0.16
2201,3.84,72.0395,38.0,0.15
2202,4.64,2825.6529,26.0,0.15
2203,4.68,67886.4195,29.0,0.16
2204,4.52,70707.6275,22.0,0.18
2205,4.92,339302.9584,25.0,0.15
2206,4.4,26.3652,31.0,0.15
2207,4.96,70665.5386,26.0,0.22
2208,4.4,168327.5094,34.0,0.17
2209,4.2,67890.8275,19.0,0.23
2210,5.32,27.4302,26.0,0.22
2211,4.48,2851.0445,24.0,0.16
2212,3.84,43.9355,26.0,0.16
2213,5.16,67909.2048,25.0,0.16
2214,4.48,78.1959,28.0,0.19
2215,4.12,70.2923,34.0,0.16
2216,3.96,114772.724,33.0,0.19
2217,4.68,168279.6704,30.0,0.21
2218,4.04,70691.0054,27.0,0.17
2219,5.44,51.8618,24.0,0.17
2220,3.64,8.8308,23.0,0.16
2221,4.8,9.6897,26.0,0.15
2222,4.36,32257.2943,25.0,0.15
2223,3.84,44.1044,33.0,0.17
2224,5.16,168298.083,26.0,0.81
2225,4.12,67890.7926,23.0,0.16
2226,5.04,67849.8948,16.0,0.15
2227,4.28,68915.3652,29.0,0.17
2228,4.4,33943.7287,34.0,0.19
2229,4.32,2828.7171,15.0,0.18
2230,4.04,52.719,36.0,0.18
2231,4.0,17.6421,30.0,0.16
2232,4.72,26.3662,29.0,0.17
2233,3.92,55.7854,35.0,0.18
2234,4.2,26.3703,35.0,0.17
2235,4.56,19.3412,29.0,0.17
2236,3.8,168287.6046,28.0,0.17
2237,4.36,35.1586,31.0,0.2
2238,4.36,69.33,26.0,0.16
2239,4.84,67899.5559,25.0,0.17
2240,4.96,36.9102,26.0,0.2
2241,4.32,9.3396,24.0,0.16
2242,3.6,61.5041,36.0,0.15
2243,3.88,67874.14,30.0,0.15
2244,4.28,9.9893,24.0,0.15
2245,4.76,208012.3055,23.0,0.19
2246,4.92,168291.1112,28.0,0.19
2247,3.64,38.3788,34.0,0.16
2248,4.2,36.8333,29.0,0.22
2249,5.04,168356.0081,27.0,0.22
2250,4.52,67849.5479,21.0,0.21
2251,4.12,31.0485,31.0,0.22
2252,4.04,79.1638,37.0,0.17
2253,4.04,339279.2719,22.0,0.19
2254,5.0,359724.8825,23.0,0.18
2255,5.56,2820.5666,22.0,0.17
2256,4.08,339269.6776,26.0,0.2
2257,4.32,0.0145,22.0,0.22
2258,4.84,67890.7718,20.0,0.17
2259,4.4,67892.5939,30.0,0.2
2260,4.28,36.9096,33.0,0.2
2261,3.24,0.1332,27.0,0.15
2262,7.24,237336.8197,15.0,0.24
2263,3.6,52.7151,40.0,0.21
2264,3.72,26.4675,35.0,0.14
2265,4.48,67852.7488,22.0,0.15
2266,4.64,67918.8804,20.0,0.15
2267,4.6,1065.811,32.0,0.16
2268,4.6,67925.9118,30.0,0.21
2269,4.32,2.6682,19.0,0.17
2270,4.64,67883.8032,30.0,0.18
2271,4.28,63.2566,34.0,0.19
2272,3.84,56.982,33.0,0.15
2273,4.44,70665.7286,27.0,0.17
2274,3.28,18.569,25.0,0.16
2275,4.76,168279.9075,27.0,0.16
2276,6.32,70501.5103,14.0,0.19
2277,3.96,48.7452,36.0,0.19
2278,5.0,168338.6142,29.0,0.2
2279,4.52,67910.165,30.0,0.18
2280,3.44,52.7203,38.0,0.15
2281,5.04,507533.4632,25.0,0.16
2282,4.6,70726.0544,26.0,0.16
2283,4.96,237194.2078,25.0,0.15
2284,4.72,43.9374,30.0,0.16
2285,4.36,56.2296,29.0,0.14
2286,3.36,47.018,41.0,0.14
2287,4.16,26.407,36.0,0.16
2288,4.88,50.9061,27.0,0.18
2289,4.2,61.5154,26.0,0.17
2290,4.56,67875.2318,25.0,0.17
2291,4.16,36.0173,35.0,0.16
2292,4.28,168309.9425,35.0,0.16
2293,4.28,8.8989,30.0,0.19
2294,4.16,29.4258,32.0,0.16
2295,4.92,22.3771,21.0,0.21
2296,3.72,27.8023,34.0,0.26
2297,4.16,70699.726,24.0,0.17
2298,3.6,79.2445,42.0,0.16
2299,4.16,8344.118,37.0,0.16
2300,4.32,169232.6386,35.0,0.16
2301,6.0,156.0423,23.0,0.16
2302,3.08,52.7324,40.0,0.16
2303,4.2,1085.9954,33.0,0.15
2304,3.96,72.5758,34.0,0.17
2305,4.36,43.8909,25.0,0.16
2306,3.8,17.6377,30.0,0.16
2307,4.6,339335.4457,30.0,0.16
2308,3.64,26.3805,36.0,0.15
2309,4.6,77.2476,20.0,0.22
2310,3.8,0.0219,37.0,0.16
2311,3.56,38.2308,28.0,0.16
2312,3.88,17.6428,30.0,0.16
2313,4.72,70701.9145,16.0,0.16
2314,4.4,78.1037,28.0,0.22
2315,5.36,0.0307,19.0,0.18
2316,5.76,77.253,24.0,0.17
2317,4.0,26.3872,26.0,0.27
2318,3.68,168296.3716,37.0,0.15
2319,3.96,35.1551,27.0,0.15
2320,4.0,79.0754,29.0,0.27
2321,3.76,26.3863,25.0,0.15
2322,4.0,67886.5195,27.0,0.15
2323,3.92,67919.013,32.0,0.15
2324,3.68,35.1519,39.0,0.14
2325,4.68,2859.9331,27.0,0.16
2326,4.0,14.6104,28.0,0.17
2327,4.64,59.6974,24.0,0.18
2328,4.56,67926.7835,17.0,0.17
2329,5.0,547263.3629,24.0,0.17
2330,3.56,70.287,41.0,0.15
2331,3.28,70.3136,38.0,0.21
2332,4.56,70699.7719,27.0,0.23
2333,4.56,16.3332,31.0,0.17
2334,4.16,61.4986,38.0,0.16
2335,4.16,2817.7297,28.0,0.16
2336,3.96,0.9302,24.0,0.17
2337,3.8,61.4982,37.0,0.16
2338,3.68,17.6706,30.0,0.16
2339,4.64,70702.7614,23.0,0.26
2340,3.72,79.0665,37.0,0.19
2341,4.36,339320.5128,32.0,0.16
2342,3.72,45.266,18.0,0.17
2343,4.68,17.6655,24.0,0.2
2344,4.32,47.0131,34.0,0.15
2345,4.32,26.5026,25.0,0.16
2346,4.08,55.7795,34.0,0.16
2347,4.12,36.9415,35.0,0.16
2348,4.48,78.1059,29.0,0.17
2349,4.88,35.1504,27.0,0.2
2350,3.52,35.1487,41.0,0.15
2351,4.28,120083.9748,38.0,0.19
2352,3.76,339263.5373,24.0,0.17
2353,5.56,171095.835,23.0,0.17
2354,4.04,35.1657,34.0,0.16
2355,3.64,70.2807,42.0,0.26
2356,4.56,68940.8114,26.0,0.16
2357,3.04,43.9496,33.0,0.15
2358,3.96,1.227,4.0,0.17
2359,3.96,28.1518,32.0,0.16
2360,4.2,43.9955,30.0,0.16
2361,6.0,68994.0654,19.0,0.15
2362,4.04,70.2861,36.0,0.18
2363,4.4,54.4764,28.0,0.16
2364,4.32,52.7152,34.0,0.16
2365,4.48,80.3043,29.0,0.15
2366,3.52,61.5159,37.0,0.21
2367,4.84,2876.5354,27.0,0.17
2368,3.28,26.3782,31.0,0.18
2369,3.76,70.2962,35.0,0.2
2370,4.28,54.0201,3.0,0.16
2371,5.32,43.9307,27.0,0.19
2372,4.6,168313.9142,35.0,0.86
2373,4.44,339320.52,24.0,0.17
2374,3.48,61.5114,38.0,0.17
2375,4.04,69.3372,30.0,0.27
2376,5.16,20.6576,26.0,0.22
2377,4.04,79.0739,30.0,0.17
2378,4.6,44.0294,29.0,0.18
2379,3.88,43.9313,38.0,0.25
2380,3.52,87.8512,45.0,0.22
2381,4.32,202168.5848,29.0,0.19
2382,4.28,35.1788,33.0,0.23
2383,3.48,87.8512,40.0,0.17
2384,4.96,70656.9437,18.0,0.16
2385,4.44,70733.978,28.0,0.15
2386,3.88,60.5459,16.0,0.15
2387,4.76,79.0226,26.0,0.17
2388,3.52,122.9866,43.0,0.16
2389,4.72,67908.3533,20.0,0.2
2390,3.92,61.5522,36.0,0.17
2391,3.6,70.2832,40.0,0.21
2392,4.0,60.6152,7.0,0.2
2393,4.0,168322.707,37.0,0.19
2394,3.48,105.4166,44.0,0.15
2395,3.36,36.9188,34.0,0.16
2396,4.72,359705.4464,32.0,0.25
2397,4.8,1075.4556,26.0,0.24
2398,3.84,200550.644,32.0,0.16
2399,4.2,33914.4304,30.0,0.16
2400,4.72,236190.0984,30.0,0.16
2401,5.28,2876.5336,28.0,0.15
2402,3.68,70.2878,31.0,0.15
2403,4.64,52.9162,32.0,0.18
2404,4.6,35.1626,35.0,0.15
2405,4.28,42.9686,23.0,0.17
2406,4.32,17.5966,26.0,0.18
2407,4.76,18.4487,23.0,0.18
2408,4.2,43.9345,36.0,0.16
2409,4.96,70727.3807,26.0,0.17
2410,4.2,187.5805,26.0,0.16
2411,3.72,53.5966,35.0,0.16
2412,3.6,27.2492,38.0,0.17
2413,3.68,18.5699,29.0,0.15
2414,3.92,43.9384,31.0,0.16
2415,6.52,37.9106,25.0,0.17
2416,3.68,61.4984,42.0,0.17
2417,3.68,35.2542,35.0,0.16
2418,3.52,52.7226,38.0,0.16
2419,6.04,50.9001,18.0,0.16
2420,4.32,168305.1265,33.0,0.16
2421,3.8,61.5034,37.0,0.24
2422,4.0,43.9443,32.0,0.22
2423,3.6,61.6072,42.0,0.17
2424,4.16,26.3746,14.0,0.23
2425,4.28,55.7748,38.0,0.16
2426,3.8,52.7165,36.0,0.16
2427,3.28,397.414,36.0,0.15
2428,4.4,168322.7756,39.0,0.17
2429,5.56,67868.4032,19.0,0.16
2430,3.36,10.9749,22.0,0.16
2431,4.88,239012.737,27.0,0.18
2432,4.2,340300.3082,19.0,0.23
2433,3.68,339278.4444,30.0,0.17
2434,4.64,70698.8733,22.0,0.17
2435,5.32,122882.7568,24.0,0.19
2436,5.08,78.1538,26.0,0.16
2437,3.52,61.4999,37.0,0.15
2438,3.88,59.8488,31.0,0.16
2439,4.8,68905.7144,24.0,0.18
2440,4.6,238986.3956,32.0,0.18
2441,4.6,1048.2562,20.0,0.21
2442,3.48,87.8494,29.0,0.18
2443,3.92,53.0508,7.0,0.21
2444,3.4,35.1595,39.0,0.13
2445,2.8,8.8817,15.0,0.14
2446,4.2,64.5633,33.0,0.16
2447,3.96,60.5564,25.0,0.22
2448,4.4,52.7188,30.0,0.19
2449,4.44,29.5843,26.0,0.19
2450,3.92,61.5123,37.0,0.17
2451,4.04,61.4967,39.0,0.16
2452,3.8,339298.6114,33.0,0.17
2453,3.56,52.7194,38.0,0.16
2454,5.04,236195.8808,27.0,0.16
2455,4.96,67909.1991,22.0,0.15
2456,4.64,29.8979,33.0,0.18
2457,5.68,2858.965,21.0,0.16
2458,3.56,67890.7926,31.0,0.16
2459,4.24,67890.8255,22.0,0.23
2460,4.36,359720.9183,29.0,0.18
2461,3.36,67884.689,32.0,0.15
2462,4.2,30.7641,34.0,0.14
2463,4.12,17.6412,25.0,0.18
2464,4.12,26.3754,37.0,0.15
2465,4.88,67944.3575,28.0,0.15
2466,4.44,67917.1339,24.0,0.15
2467,3.64,28.1573,35.0,0.15
2468,3.88,20.6402,7.0,0.15
2469,3.76,120031.2624,18.0,0.15
2470,3.76,61.4995,44.0,0.19
2471,4.12,52.7014,20.0,0.16
2472,3.48,2834.4471,34.0,0.17
2473,4.12,53.5723,31.0,0.17
2474,3.88,17.5858,37.0,0.16
2475,4.32,67952.2743,31.0,0.16
2476,3.0,17.6156,31.0,0.16
2477,3.8,36.9052,38.0,0.16
2478,4.84,67884.0107,27.0,0.18
2479,4.04,42.9586,23.0,0.19
2480,4.64,43.0029,15.0,0.16
2481,6.04,8.8227,24.0,0.15
2482,4.32,2878.3548,30.0,0.15
2483,3.84,35.1529,31.0,0.15
2484,4.08,52.7776,31.0,0.15
2485,3.52,61.5161,35.0,0.15
2486,5.0,50.9255,25.0,0.16
2487,4.64,70734.8244,29.0,0.17
2488,4.08,59.6967,31.0,0.19
2489,4.28,46.311,28.0,0.17
2490,3.88,359947.9948,37.0,0.16
2491,5.76,335789.3714,25.0,0.19
2492,4.36,72.5271,39.0,0.16
2493,4.28,28.5289,27.0,0.16
2494,4.04,10.562,33.0,0.22
2495,4.52,359703.6806,16.0,0.26
2496,4.52,52.7175,32.0,0.21
2497,4.0,759.0433,23.0,0.17
2498,4.44,67970.6763,24.0,0.16
2499,5.8,0.2154,17.0,0.18
2500,4.84,30.6256,29.0,0.22
2501,4.6,67855.8922,20.0,0.21
2502,3.92,67952.272,32.0,0.17
2503,4.2,67866.2531,30.0,0.15
2504,4.16,94.8354,28.0,0.2
2505,4.52,26.3922,24.0,0.15
2506,2.92,38.2649,34.0,0.16
2507,4.08,69.3344,23.0,0.16
2508,4.32,168313.9292,32.0,0.18
2509,4.28,70.2846,36.0,0.17
2510,5.04,81.1656,27.0,0.17
2511,3.64,26.3805,33.0,0.26
2512,3.44,52.7141,38.0,0.28
2513,4.4,68.4826,29.0,0.21
2514,4.36,67860.1233,24.0,0.21
2515,4.0,407121.412,28.0,0.2
2516,3.52,96.6324,39.0,0.86
2517,4.24,79.3851,28.0,0.22
2518,5.04,67857.4632,21.0,0.23
2519,4.24,69.3161,33.0,0.21
2520,3.56,73.3394,42.0,0.15
2521,4.68,28.129,30.0,0.19
2522,4.8,168305.1304,31.0,0.16
2523,4.64,28.7533,18.0,0.2
2524,5.08,43.0353,21.0,0.17
2525,4.52,86.0352,31.0,0.17
2526,4.52,31.5804,30.0,0.16
2527,4.2,17.5984,35.0,0.17
2528,3.64,0.9677,26.0,0.27
2529,3.12,8.8224,22.0,0.22
2530,3.44,70.2998,41.0,0.16
2531,3.16,35.1532,36.0,0.16
2532,3.52,79.0667,35.0,0.16
2533,3.32,43.976,36.0,0.17
2534,3.8,62.428,34.0,0.29
2535,4.4,67892.5864,27.0,0.22
2536,4.4,8.8287,21.0,0.16
2537,4.6,1110.6785,29.0,0.23
2538,4.28,45.3118,33.0,0.16
2539,3.8,43.9376,31.0,0.16
2540,4.12,52.1157,24.0,0.16
2541,4.16,359711.345,23.0,0.18
2542,2.88,0.0528,30.0,0.17
2543,3.48,87.8508,44.0,0.15
2544,4.6,168347.5714,29.0,0.16
2545,4.24,0.0264,18.0,0.2
2546,3.84,21.8332,22.0,0.15
2547,4.84,67893.4419,30.0,0.17
2548,3.44,26.4164,31.0,0.22
2549,4.24,26.4624,33.0,0.16
2550,3.24,87.852,38.0,0.15
2551,3.88,67913.4273,30.0,0.16
2552,4.72,461.9238,24.0,0.16
2553,4.56,79.0666,33.0,0.17
2554,5.52,0.0749,15.0,0.18
2555,4.4,52.6778,26.0,0.23
2556,3.36,43.9618,28.0,0.15
2557,3.92,21.661,24.0,0.16
2558,4.8,17.7027,26.0,0.21
2559,3.56,107.0946,35.0,0.18
2560,3.4,26.3958,20.0,0.15
2561,3.92,67919.1929,24.0,0.17
2562,4.36,35.1519,17.0,0.16
2563,4.08,35.1512,35.0,0.16
2564,4.64,67886.7019,30.0,0.22
2565,4.48,67952.2581,28.0,0.16
2566,4.36,17.6268,29.0,0.16
2567,4.44,43.9516,31.0,0.16
2568,4.2,52.7187,34.0,0.17
2569,5.56,44.2727,15.0,0.16
2570,3.48,52.7173,41.0,0.15
2571,4.2,2.0678,31.0,0.16
2572,4.08,133806.2066,23.0,0.17
2573,4.48,78.103,30.0,0.17
2574,4.04,168305.1293,40.0,0.16
2575,4.04,45.2492,33.0,0.16
2576,4.12,67912.2636,26.0,0.18
2577,5.64,26.413,25.0,0.21
2578,5.08,67899.5524,-41.0,0.18
2579,5.84,67909.2049,24.0,0.18
2580,4.4,35.1529,36.0,0.24
2581,4.48,412.0561,34.0,0.17
2582,3.96,70716.4555,26.0,0.15
2583,3.76,35.1525,36.0,0.19
2584,4.88,168305.1399,33.0,0.15
2585,3.76,8.8446,29.0,0.16
2586,4.04,168278.8535,28.0,0.16
2587,3.6,41.6853,28.0,0.16
2588,5.36,70685.2475,-2.0,0.16
2589,4.32,67858.8877,23.0,0.16
2590,4.64,408184.0874,20.0,0.16
2591,4.0,43.9312,33.0,0.16
2592,3.56,87.8509,43.0,0.17
2593,3.84,24.0819,23.0,0.17
2594,4.36,36.9103,25.0,0.16
2595,3.88,27.2412,35.0,0.15
2596,3.72,79.0677,39.0,0.16
2597,3.64,8.8694,27.0,0.16
2598,4.12,42.1759,29.0,0.18
2599,4.36,67909.4292,24.0,0.16
2600,4.08,61.4988,36.0,0.16
2601,3.6,45.7074,34.0,0.18
2602,4.52,168296.3454,33.0,0.18
2603,3.44,61.5034,42.0,0.14
2604,4.2,87.2445,31.0,0.15
2605,4.2,67891.6433,18.0,0.15
2606,3.52,53.5719,37.0,0.14
2607,4.28,67858.3884,29.0,0.17
2608,3.04,9.1189,31.0,0.17
2609,4.04,44.2184,33.0,0.18
2610,3.64,72.3032,38.0,0.16
2611,3.84,43.9478,36.0,0.16
2612,5.44,96.8375,23.0,0.18
2613,4.16,52.7215,37.0,0.19
2614,3.48,407151.6586,28.0,0.17
2615,4.4,26.364,33.0,0.2
2616,3.76,98.764,35.0,0.18
2617,4.0,45.7001,32.0,0.19
2618,4.24,67910.1601,33.0,0.23
2619,4.92,27.7632,22.0,0.16
2620,4.84,19.4575,27.0,0.18
2621,5.0,168309.1924,27.0,0.16
2622,3.32,17.663,34.0,0.14
2623,4.4,143745.694,28.0,0.17
2624,4.96,68.5963,22.0,0.18
2625,4.44,67883.808,29.0,0.16
2626,4.44,80.3199,26.0,0.18
2627,6.28,2704.3885,19.0,0.22
2628,3.28,26.4081,26.0,0.19
2629,4.04,2810.7196,29.0,0.16
2630,3.6,87.9389,42.0,0.2
2631,5.56,68.4684,27.0,0.17
2632,4.08,61.5792,37.0,0.2
2633,4.92,48.5269,20.0,0.17
2634,4.44,67900.4132,17.0,0.17
2635,3.52,17.5878,31.0,0.19
2636,4.52,79.0674,35.0,0.17
2637,4.0,52.7522,33.0,0.18
2638,4.16,168331.4812,37.0,0.16
2639,4.08,35.1587,30.0,0.16
2640,3.52,26.3707,27.0,0.17
2641,4.04,52.8324,35.0,0.25
2642,3.68,70.2838,39.0,0.17
2643,5.0,71.5699,29.0,0.16
2644,3.84,61.5073,40.0,0.24
2645,4.8,236160.7608,31.0,0.17
2646,3.88,70.2845,35.0,0.2
2647,4.36,67875.2261,32.0,0.18
2648,3.48,17.5897,20.0,0.19
2649,3.76,96.6368,39.0,0.17
2650,3.6,72.0462,39.0,0.18
2651,4.12,2867.7564,28.0,0.22
2652,3.08,35.1919,35.0,0.16
2653,3.48,35.205,37.0,0.16
2654,3.68,26.9162,28.0,0.2
2655,4.96,2937.5372,20.0,0.16
2656,3.76,52.7204,37.0,0.16
2657,4.08,339269.692,31.0,0.16
2658,4.52,95.6754,32.0,0.16
2659,4.04,339252.1088,33.0,0.18
2660,3.96,27.7012,35.0,0.16
2661,4.88,1.2023,14.0,0.15
2662,4.08,168305.1632,37.0,0.15
2663,3.76,52.7164,39.0,0.14
2664,4.48,36.0107,28.0,0.15
2665,3.32,45.2526,26.0,0.15
2666,6.04,67866.2422,21.0,0.15
2667,3.8,70.2834,36.0,0.16
2668,3.6,61.5062,40.0,0.18
2669,3.96,190592.7104,-1.0,0.18
2670,4.48,67848.7269,21.0,0.16
2671,4.8,89.0894,27.0,0.16
2672,4.88,52.7195,31.0,0.16
2673,4.04,36.012,33.0,0.16
2674,4.56,68.659,25.0,0.16
2675,3.8,46.9878,40.0,0.16
2676,3.96,87.8492,38.0,0.16
2677,4.32,67895.53,30.0,0.16
2678,3.96,54.4763,37.0,0.16
2679,4.2,168331.4808,32.0,0.16
2680,3.8,53.9502,29.0,0.19
2681,3.32,335788.0668,33.0,0.15
2682,4.0,47.0432,32.0,0.15
2683,3.44,61.4974,42.0,0.14
2684,4.16,65.0142,34.0,0.15
2685,4.24,67887.007,31.0,0.14
2686,3.76,17.6107,33.0,0.16
2687,4.56,39.0638,29.0,0.18
2688,4.56,70.2191,27.0,0.18
2689,3.52,52.7234,35.0,0.21
2690,4.04,70.2856,37.0,0.27
2691,4.52,104.8939,28.0,0.2
2692,4.4,96.5701,32.0,0.16
2693,3.92,61.4994,31.0,0.18
2694,3.76,43.9328,41.0,0.16
2695,4.28,52.7136,39.0,0.18
2696,4.4,414.9925,36.0,0.18
2697,4.04,28.0457,25.0,0.16
2698,5.24,28.8655,20.0,0.17
2699,4.2,26.4328,35.0,0.2
2700,4.48,171.7568,27.0,0.16
2701,3.56,96.6347,40.0,0.17
2702,5.12,45.1153,23.0,0.15
2703,4.6,52.7206,32.0,0.15
2704,4.08,51.4712,32.0,0.15
2705,4.04,359766.9292,34.0,0.15
2706,3.76,46.9906,15.0,0.17
2707,4.16,8.8072,27.0,0.19
2708,4.12,35.1558,36.0,0.16
2709,6.2,2862.0884,24.0,0.16
2710,4.2,2852.0166,29.0,0.16
2711,5.56,67883.8026,23.0,0.19
2712,3.96,83.5087,36.0,0.16
2713,4.4,64.5586,24.0,0.16
2714,4.12,339260.8514,31.0,0.19
2715,4.76,67902.5552,29.0,0.16
2716,3.8,70.2845,37.0,0.25
2717,3.76,55.7722,39.0,0.16
2718,3.24,0.1717,33.0,0.17
2719,3.76,9.7175,31.0,0.18
2720,4.4,91655.2188,29.0,0.18
2721,4.08,43.0781,25.0,0.14
2722,3.6,35.1558,40.0,0.14
2723,4.48,62.7724,34.0,0.26
2724,4.64,168271.3806,16.0,0.26
2725,4.16,67917.118,21.0,0.21
2726,4.56,53.901,27.0,0.17
2727,4.68,26.3725,22.0,0.17
2728,4.48,412.2075,22.0,0.17
2729,4.24,32239.9398,14.0,0.16
2730,3.68,52.714,40.0,0.15
2731,4.8,173168.5863,32.0,0.16
2732,4.28,133813.8963,24.0,0.16
2733,4.04,17.5811,29.0,0.18
2734,3.84,339313.5585,34.0,0.27
2735,5.12,70.623,27.0,0.17
2736,5.0,70.1697,27.0,0.18
2737,3.88,70.2893,37.0,0.2
2738,4.24,17.611,26.0,0.17
2739,4.52,359762.2118,29.0,0.16
2740,4.0,48.7478,37.0,0.16
2741,3.56,62.3566,39.0,0.14
2742,4.16,52.7253,33.0,0.14
2743,4.48,67883.9023,30.0,0.15
2744,4.16,69.5012,28.0,0.17
2745,4.32,67926.7684,31.0,0.19
2746,3.72,52.7133,41.0,0.17
2747,4.28,45.9702,27.0,0.19
2748,4.12,67917.1414,26.0,0.16
2749,3.6,17.5904,32.0,0.17
2750,3.8,52.8878,35.0,0.18
2751,4.08,52.7158,37.0,0.16
2752,4.44,339302.9482,26.0,0.23
2753,3.92,64.5559,37.0,0.17
2754,4.52,360227.1312,23.0,0.17
2755,3.44,43.9492,39.0,0.17
2756,3.92,61.507,33.0,0.17
2757,3.36,71381.5969,35.0,0.18
2758,3.88,79.0716,39.0,0.16
2759,5.12,26.369,25.0,0.16
2760,4.6,67875.0197,25.0,0.17
2761,4.2,47.1348,31.0,0.15
2762,3.56,61.5068,37.0,0.16
2763,5.12,63.5574,30.0,0.15
2764,4.12,53.5313,28.0,0.15
2765,4.04,36.906,37.0,0.15
2766,4.68,9.273,34.0,0.17
2767,3.76,52.7177,40.0,0.17
2768,3.8,87.8526,34.0,0.18
2769,3.72,61.498,39.0,0.16
2770,3.56,79.0645,39.0,0.15
2771,4.16,26.3955,26.0,0.16
2772,4.0,120048.7815,36.0,0.16
2773,4.36,78.101,28.0,0.16
2774,5.12,36.3339,28.0,0.17
2775,3.64,61.4989,41.0,0.19
2776,3.6,82.1312,37.0,0.17
2777,4.84,339304.7768,30.0,0.17
2778,4.48,176622.4026,28.0,0.17
2779,5.92,428130.5205,17.0,0.17
2780,4.28,93.8151,30.0,0.16
2781,4.16,339312.6599,28.0,0.18
2782,3.88,61.5646,34.0,0.15
2783,3.8,38.2184,28.0,0.14
2784,4.16,189796.5147,28.0,0.14
2785,4.12,1077.2254,20.0,0.15
2786,3.92,52.7174,35.0,0.16
2787,3.84,96.6322,41.0,0.16
2788,4.08,67900.5212,10.0,0.16
2789,4.64,407127.0695,28.0,0.16
2790,5.44,67890.7716,21.0,0.16
2791,4.0,61.5047,31.0,0.16
2792,3.6,96.6328,44.0,0.2
2793,4.12,168313.9114,38.0,0.18
2794,3.96,43.9349,37.0,0.16
2795,3.24,79.0675,42.0,0.2
2796,4.0,67902.5511,30.0,0.16
2797,4.16,168325.3222,33.0,0.16
2798,3.48,61.5142,38.0,0.16
2799,3.6,73.3388,40.0,0.15
2800,4.52,36.3362,28.0,0.16
2801,4.24,63.1181,35.0,0.16
2802,4.28,407160.4072,28.0,0.15
2803,3.76,90.9054,41.0,0.15
2804,4.4,95.6696,32.0,0.16
2805,3.72,122.9845,40.0,0.15
2806,3.72,61.503,42.0,0.15
2807,4.04,70.2818,39.0,0.16
2808,4.12,339346.879,34.0,0.18
2809,4.36,86.1266,33.0,0.83
2810,4.12,67937.9309,30.0,0.22
2811,4.04,26.3674,30.0,0.18
2812,5.6,87.1313,26.0,0.16
2813,4.08,26.3987,25.0,0.18
2814,5.48,169946.1822,26.0,0.16
2815,4.4,94.8146,32.0,0.16
2816,4.24,407170.4874,28.0,0.16
2817,3.92,39752.9994,36.0,0.17
2818,4.44,120075.2491,34.0,0.18
2819,4.2,8.8123,20.0,0.16
2820,3.76,70.287,37.0,0.17
2821,4.32,18.4365,31.0,0.15
2822,4.4,77.3017,28.0,0.15
2823,3.8,67919.7956,31.0,0.14
2824,3.96,67902.9916,34.0,0.15
2825,3.56,87.8513,41.0,0.15
2826,3.76,56.0987,38.0,0.16
2827,3.88,70.2816,39.0,0.22
2828,4.36,52.7154,27.0,0.19
2829,4.92,55.922,28.0,0.18
2830,4.28,94.8226,33.0,0.16
2831,4.12,2844.2753,36.0,0.16
2832,3.92,0.0495,15.0,0.19
2833,4.4,103.607,32.0,0.17
2834,6.0,67875.0206,22.0,0.16
2835,4.96,67941.3939,22.0,0.16
2836,3.92,2754.1579,-3.0,0.17
2837,3.52,87.8587,41.0,0.18
2838,4.08,67952.2565,34.0,0.16
2839,6.32,67910.2828,12.0,0.16
2840,3.96,79.0668,36.0,0.16
2841,4.16,67867.1504,31.0,0.15
2842,3.96,17.6318,34.0,0.15
2843,4.44,87.8743,31.0,0.18
2844,5.4,68.4752,10.0,0.14
2845,4.4,44.7908,29.0,0.15
2846,4.32,339311.732,28.0,0.16
2847,4.48,236214.3044,35.0,0.19
2848,4.36,44.0168,37.0,0.2
2849,4.44,103.598,32.0,0.16
2850,3.84,105.4868,39.0,0.16
2851,4.52,86.8888,28.0,0.2
2852,4.48,67934.6853,30.0,0.17
2853,3.84,79.0665,36.0,0.22
2854,4.12,70.2847,35.0,0.21
2855,4.28,87.8522,34.0,0.16
2856,6.44,67917.1491,15.0,0.16
2857,3.32,87.8552,44.0,0.15
2858,4.2,129.9464,37.0,0.15
2859,4.08,70.2849,37.0,0.17
2860,6.0,67893.4062,14.0,0.17
2861,3.44,114.1991,44.0,0.14
2862,4.48,2869.5031,33.0,0.15
2863,4.64,67952.2569,28.0,0.16
2864,3.92,70.296,37.0,0.21
2865,4.84,26.3738,-25.0,0.14
2866,3.84,43.9357,39.0,0.16
2867,3.92,60.6399,25.0,0.16
2868,3.6,52.7182,43.0,0.16
2869,3.64,96.6329,42.0,0.16
2870,4.04,70.2851,36.0,0.17
2871,4.24,87.8518,35.0,0.19
2872,4.8,578256.1433,26.0,0.27
2873,4.04,52.7183,38.0,0.26
2874,3.16,67875.9112,19.0,0.19
2875,5.04,527998.8207,27.0,0.2
2876,3.92,90.2323,35.0,0.19
2877,5.12,0.3603,1.0,0.35
2878,3.56,89.6052,43.0,0.15
2879,3.2,43.9501,39.0,0.17
2880,4.48,63.1239,29.0,0.19
2881,6.36,138.4291,19.0,0.21
2882,3.64,70.2805,44.0,0.15
2883,4.28,67961.8924,31.0,0.16
2884,3.52,105.4162,43.0,0.16
2885,3.56,124.7402,44.0,0.15
2886,4.4,67901.371,31.0,0.16
2887,3.64,96.633,42.0,0.22
2888,4.64,61.6998,32.0,0.17
2889,3.92,43.9415,36.0,0.16
2890,3.4,87.8498,43.0,0.15
2891,3.2,61.507,40.0,0.16
2892,3.56,70.2853,37.0,0.16
2893,3.48,35.2573,41.0,0.16
2894,4.4,122.0202,32.0,0.16
2895,3.64,105.4215,41.0,0.15
2896,4.24,27.2344,31.0,0.18
2897,3.24,114.1987,47.0,0.15
2898,5.4,59.6827,22.0,0.18
2899,4.08,89.033,31.0,0.22
2900,6.32,2634.432,25.0,0.17
2901,3.24,79.1105,45.0,0.14
2902,4.2,67934.6828,35.0,0.15
2903,3.84,43.9313,37.0,0.18
2904,3.68,43.9293,41.0,0.14
2905,3.48,38.2106,34.0,0.14
2906,3.96,77.2582,25.0,0.19
2907,5.2,67934.6923,27.0,0.17
2908,4.52,103.6046,27.0,0.17
2909,3.96,71.1524,35.0,0.16
2910,3.76,73.3424,39.0,0.15
2911,3.28,35.1675,41.0,0.17
2912,4.4,38.2139,23.0,0.16
2913,3.2,17.5946,22.0,0.16
2914,3.4,43.9595,29.0,0.16
2915,5.6,36.0646,26.0,0.18
2916,3.12,35.1766,35.0,0.21
2917,3.76,9.6513,32.0,0.19
2918,3.48,96.6359,40.0,0.2
2919,3.56,44.0409,33.0,0.2
2920,4.08,44.0472,34.0,0.16
2921,4.52,236127.4621,23.0,0.14
2922,6.04,5472.5178,20.0,0.14
2923,3.2,114.2154,46.0,0.14
2924,3.64,87.849,41.0,0.15
2925,4.76,35.1592,34.0,0.16
2926,4.44,30.7713,22.0,0.15
2927,4.0,79.2824,34.0,0.16
2928,4.68,44.8795,26.0,0.19
2929,3.56,96.6347,40.0,0.21
2930,4.28,86.0298,34.0,0.15
2931,5.2,36.5302,24.0,0.25
2932,4.24,36.0627,33.0,0.27
2933,3.96,69.3952,31.0,0.17
2934,4.4,52.7456,31.0,0.16
2935,3.48,122.9844,44.0,0.15
2936,4.64,120057.5872,34.0,0.16
2937,4.64,45.2379,29.0,0.16
2938,4.52,46.3192,30.0,0.17
2939,4.24,339288.8289,21.0,0.17
2940,4.24,36.003,36.0,0.16
2941,3.32,26.3643,39.0,0.16
2942,4.8,1083.435,29.0,0.16
2943,3.48,96.7047,40.0,0.16
2944,4.28,72.3202,33.0,0.16
2945,3.24,52.7289,37.0,0.15
2946,3.16,17.6074,28.0,0.16
2947,4.08,69.4446,32.0,0.17
2948,3.8,52.724,38.0,0.16
2949,4.08,359781.7476,29.0,0.16
2950,3.2,28.1354,37.0,0.15
2951,5.28,44.8167,31.0,0.16
2952,3.2,73.3539,42.0,0.15
2953,4.48,120084.4374,39.0,0.16
2954,3.4,35.1485,41.0,0.15
2955,3.64,52.7412,33.0,0.16
2956,3.88,47.4446,37.0,0.15
2957,4.4,86.5722,30.0,0.16
2958,3.76,54.7846,29.0,0.18
2959,3.6,18.4435,31.0,0.75
2960,3.6,35.1669,15.0,0.16
2961,4.4,12.8574,26.0,0.15
2962,3.48,70.2954,36.0,0.14
2963,3.36,35.146,44.0,0.14
2964,3.48,70.281,39.0,0.14
2965,3.96,1075.4559,22.0,0.15
2966,4.16,62.4654,33.0,0.21
2967,3.68,52.7423,36.0,0.17
2968,3.88,70.2926,37.0,0.18
2969,3.96,27.2603,33.0,0.16
2970,3.24,114.2184,44.0,0.15
2971,3.68,26.4916,35.0,0.16
2972,4.36,67926.8208,29.0,0.17
2973,4.64,67867.4265,25.0,0.16
2974,4.16,67953.1124,33.0,0.18
2975,4.04,67884.9996,33.0,0.2
2976,3.96,61.4986,36.0,0.17
2977,3.76,8.8473,32.0,0.17
2978,4.0,67913.5375,33.0,0.17
2979,3.2,70.2876,40.0,0.16
2980,3.24,61.4984,42.0,0.15
2981,4.48,790778.9421,26.0,0.15
2982,3.6,35.1465,36.0,0.16
2983,3.84,8.8041,-16.0,0.15
2984,3.64,79.0672,41.0,0.15
2985,4.08,37.7825,25.0,0.16
2986,3.96,67883.805,37.0,0.18
2987,4.32,26.3794,22.0,0.24
2988,3.64,17.5911,33.0,0.18
2989,4.44,67867.2264,26.0,0.16
2990,4.4,10.1141,14.0,0.21
2991,3.8,36.3922,33.0,0.16
2992,3.16,79.0768,45.0,0.15
2993,3.88,8.8054,33.0,0.16
2994,3.52,52.7262,34.0,0.16
2995,4.28,119142.771,35.0,0.16
2996,5.56,428121.2649,21.0,0.16
2997,4.24,17.6044,27.0,0.16
2998,3.48,61.5166,39.0,0.16
2999,3.44,55.7839,42.0,0.16
3000,4.16,53.5704,35.0,0.16
3001,5.24,8.8111,18.0,0.2
3002,4.88,141.4043,30.0,0.15
3003,3.44,767.8244,34.0,0.14
3004,5.36,407152.7402,24.0,0.14
3005,2.92,18.4711,32.0,0.22
3006,3.88,67875.8809,32.0,0.16
3007,4.12,67857.5316,30.0,0.17
3008,4.52,236195.8793,29.0,0.16
3009,3.88,407119.1816,22.0,0.16
3010,3.2,79.0776,43.0,0.15
3011,3.6,61.5094,37.0,0.16
3012,5.64,339618.0096,29.0,0.16
3013,4.6,71.5851,33.0,0.16
3014,3.4,79.0721,43.0,0.15
3015,3.16,35.1676,34.0,0.22
3016,3.92,77.3111,33.0,0.17
3017,4.48,78.1128,29.0,0.2
3018,3.4,26.4663,37.0,0.2
3019,3.88,67899.5578,-6.0,0.16
3020,3.68,67944.3725,28.0,0.15
3021,4.4,67857.4664,20.0,0.16
3022,4.4,68.4611,34.0,0.18
3023,3.44,30.2804,38.0,0.18
3024,6.6,288310.22,18.0,0.18
3025,4.72,168373.5775,33.0,0.16
3026,3.68,35.1462,35.0,0.16
3027,3.6,55.783,39.0,0.2
3028,3.92,87.8798,38.0,0.24
3029,3.96,36.0102,27.0,0.16
3030,3.16,35.1705,40.0,0.19
3031,3.48,80.8218,38.0,0.18
3032,3.4,26.4002,39.0,0.15
3033,3.88,73.3388,38.0,0.16
3034,4.12,67902.2398,30.0,0.18
3035,3.92,51.7632,13.0,0.22
3036,3.44,44.0297,38.0,0.18
3037,4.12,61.5847,31.0,0.15
3038,3.92,61.5009,37.0,0.16
3039,3.4,9.3976,32.0,0.16
3040,3.92,43.9562,38.0,0.17
3041,3.76,67908.3421,27.0,0.14
3042,4.52,95.7476,30.0,0.15
3043,2.84,43.9751,32.0,0.15
3044,3.44,35.159,38.0,0.16
3045,3.48,19.3669,30.0,0.15
3046,5.72,53.0578,15.0,0.16
3047,3.68,407171.8546,38.0,0.17
3048,3.4,35.1645,38.0,0.18
3049,4.2,71434.2126,22.0,0.26
3050,4.28,59.6996,27.0,0.22
3051,3.56,26.3748,41.0,0.17
3052,3.44,79.0665,45.0,0.25
3053,4.04,67926.7874,31.0,0.22
3054,3.48,87.997,41.0,0.2
3055,4.88,67857.7098,23.0,0.19
3056,3.48,35.1605,40.0,0.16
3057,3.24,45.319,35.0,0.22
3058,3.96,35.1708,31.0,0.18
3059,5.08,61.5202,28.0,0.16
3060,3.84,2867.7542,29.0,0.16
3061,4.04,339262.4678,30.0,0.17
3062,3.96,26.3844,36.0,0.17
3063,3.52,44.0019,40.0,0.14
3064,3.96,8.8099,31.0,0.22
3065,4.0,67917.1329,26.0,0.16
3066,4.96,2885.322,28.0,0.16
3067,4.04,60.5884,32.0,0.17
3068,4.2,67859.484,23.0,0.27
3069,5.32,67918.878,23.0,0.19
3070,3.52,52.7144,32.0,0.19
3071,3.32,53.5707,39.0,0.16
3072,3.96,59.7047,33.0,0.17
3073,3.6,67883.815,33.0,0.16
3074,4.32,70734.8263,29.0,0.2
3075,3.76,86.0953,36.0,0.15
3076,4.12,1057.0575,30.0,0.16
3077,3.68,43.9505,35.0,0.18
3078,3.44,105.4156,43.0,0.18
3079,4.32,337266.4752,26.0,0.2
3080,3.44,63.2754,37.0,0.17
3081,5.04,68109.2549,24.0,0.15
3082,5.84,157.7994,25.0,0.16
3083,2.76,26.3942,21.0,0.16
3084,3.2,21.1105,28.0,0.2
3085,4.0,67867.1098,30.0,0.16
3086,3.76,26.3699,36.0,0.16
3087,3.64,52.8645,40.0,0.17
3088,3.84,70708.5093,26.0,0.16
3089,6.16,26.2074,22.0,0.16
3090,4.08,86.0508,27.0,0.19
3091,3.64,354310.8314,30.0,0.17
3092,3.56,26.3981,36.0,0.16
3093,5.92,60.5476,20.0,0.16
3094,3.2,26.4312,29.0,0.16
3095,3.72,43.9482,36.0,0.15
3096,3.72,52.7235,36.0,0.18
3097,4.08,36.2135,29.0,0.16
3098,3.36,61.5134,38.0,0.26
3099,3.8,87.8625,37.0,0.17
3100,4.08,67916.3896,21.0,0.16
3101,3.48,64.5635,38.0,0.14
3102,3.72,42.4919,20.0,0.14
3103,4.44,1093.0182,31.0,0.78
3104,3.76,43.9931,34.0,0.21
3105,6.08,114746.5181,21.0,0.19
3106,3.96,17.6033,37.0,0.17
3107,4.28,168281.9506,30.0,0.16
3108,6.48,120042.1582,20.0,0.18
3109,4.24,18.7285,28.0,0.16
3110,3.88,43.9359,38.0,0.17
3111,3.0,52.7449,38.0,0.17
3112,3.96,70.2816,17.0,0.16
3113,4.28,359730.1606,25.0,0.21
3114,3.92,17.7359,34.0,0.19
3115,3.12,27.0778,35.0,0.15
3116,4.2,1066.6656,32.0,0.16
3117,3.16,18.4508,33.0,0.15
3118,3.04,17.6132,27.0,0.15
3119,3.76,67917.1381,24.0,0.15
3120,5.6,70699.6962,22.0,0.2
3121,3.88,27.2205,26.0,0.15
3122,4.36,2868.841,30.0,0.15
3123,4.16,112.4399,31.0,0.18
3124,3.4,70.2882,35.0,0.2
3125,4.76,23816.4414,27.0,0.17
3126,6.28,362392.5044,21.0,0.17
3127,3.96,29.4524,33.0,0.18
3128,3.88,43.9476,38.0,0.17
3129,3.24,52.7245,38.0,0.15
3130,4.44,78.1066,30.0,0.2
3131,5.72,403610.3799,21.0,0.23
3132,4.6,67908.3471,28.0,0.22
3133,3.8,43.948,38.0,0.18
3134,3.64,87.8504,39.0,0.19
3135,5.0,9.4564,24.0,0.16
3136,3.72,71.1488,37.0,0.15
3137,3.64,52.7275,40.0,0.16
3138,3.8,33914.3279,35.0,0.15
3139,4.12,67850.7332,29.0,0.19
3140,3.92,35.1557,33.0,0.16
3141,5.96,70657.6064,21.0,0.18
3142,3.16,35.1652,40.0,0.14
3143,3.2,52.7331,42.0,0.16
3144,4.08,168296.3567,36.0,0.17
3145,4.32,53.9067,26.0,0.22
3146,3.84,67875.9108,33.0,0.16
3147,4.32,120057.5647,34.0,0.15
3148,4.96,407154.6582,25.0,0.19
3149,4.44,68.481,28.0,0.19
3150,4.64,86.9002,28.0,0.16
3151,4.2,359739.6788,28.0,0.16
3152,3.16,35.2113,40.0,0.15
3153,3.04,8.823,35.0,0.16
3154,3.28,52.7202,43.0,0.18
3155,3.36,52.738,32.0,0.19
3156,4.92,359721.3573,24.0,0.25
3157,4.48,103.6001,30.0,0.19
3158,3.16,79.0666,45.0,0.27
3159,3.68,96.6362,39.0,0.21
3160,3.56,67887.2082,32.0,0.2
3161,4.12,26.3848,33.0,0.15
3162,4.28,55.2998,31.0,0.19
3163,5.08,2851.4782,23.0,0.15
3164,3.76,61.5004,41.0,0.14
3165,4.96,359703.8988,25.0,0.15
3166,3.52,52.7262,41.0,0.14
3167,3.6,359764.0148,23.0,0.15
3168,4.0,119118.4465,31.0,0.16
3169,5.04,54.7825,26.0,0.16
3170,4.4,168270.0138,27.0,0.16
3171,4.12,67909.2179,29.0,0.16
3172,3.84,26.5372,35.0,0.16
3173,3.44,28.1461,39.0,0.16
3174,4.44,1075.4504,29.0,0.16
3175,3.64,35.1557,34.0,0.17
3176,4.4,26.3773,35.0,0.16
3177,3.52,35.166,34.0,0.16
3178,4.0,359756.0147,33.0,0.15
3179,2.92,11.888,31.0,0.16
3180,4.84,168281.4157,19.0,0.17
3181,3.96,28.9941,33.0,0.19
3182,4.32,104.4555,29.0,0.19
3183,4.32,18.6601,28.0,0.18
3184,3.36,79.0734,39.0,0.15
3185,3.32,407110.3728,33.0,0.19
3186,4.12,18.7684,26.0,0.18
3187,3.6,43.9558,38.0,0.15
3188,4.24,19.9778,27.0,0.16
3189,3.68,43.9318,37.0,0.17
3190,3.88,359876.9382,30.0,0.21
3191,4.4,8.8209,29.0,0.16
3192,3.88,52.7336,37.0,0.18
3193,4.36,67925.4291,23.0,0.24
3194,3.6,26.4022,36.0,0.18
3195,3.88,45.6884,38.0,0.2
3196,3.72,67939.1267,33.0,0.16
3197,4.24,168331.4843,37.0,0.16
3198,4.28,36.3431,28.0,0.16
3199,3.64,67884.6647,31.0,0.16
3200,3.36,10.1476,38.0,0.15
3201,4.72,67866.433,24.0,0.15
3202,3.8,61.4986,35.0,0.16
3203,5.04,1.5301,24.0,0.15
3204,3.8,67917.9919,32.0,0.21
3205,3.24,52.7296,43.0,0.23
3206,3.48,140.2595,37.0,0.15
3207,3.44,35.1585,37.0,0.15
3208,3.68,35.1516,41.0,0.16
3209,4.4,202159.1568,28.0,0.16
3210,4.04,52.7283,39.0,0.18
3211,4.36,120066.3594,34.0,0.16
3212,4.12,67886.3871,31.0,0.17
3213,4.32,67917.191,26.0,0.24
3214,4.0,52.7158,35.0,0.17
3215,3.72,43.9369,38.0,0.16
3216,3.28,52.7337,37.0,0.15
3217,3.32,61.5078,41.0,0.15
3218,4.6,57.5615,31.0,0.16
3219,6.04,26.3729,20.0,0.16
3220,3.68,43.9416,37.0,0.16
3221,5.2,67877.5173,25.0,0.15
3222,4.04,54.5756,34.0,0.16
3223,4.24,1081.7803,27.0,0.15
3224,4.44,36.2113,26.0,0.14
3225,3.8,67893.7789,31.0,0.17
3226,5.68,360105.9612,19.0,0.16
3227,4.16,94.8269,29.0,0.16
3228,3.6,67912.78,36.0,0.16
3229,3.28,52.7222,40.0,0.15
3230,3.88,43.948,36.0,0.17
3231,4.16,68915.3268,30.0,0.16
3232,4.16,87.7982,30.0,0.16
3233,3.88,80.8227,35.0,0.18
3234,4.8,19.3179,23.0,0.19
3235,4.16,1071.3801,31.0,0.15
3236,4.28,45.9953,27.0,0.17
3237,3.68,105.4161,41.0,0.15
3238,4.76,26.3654,29.0,0.17
3239,3.96,54.5295,36.0,0.16
3240,3.32,17.5889,37.0,0.16
3241,3.92,65.4114,34.0,0.16
3242,5.6,18.9916,21.0,0.16
3243,4.6,11.039,31.0,0.17
3244,4.04,26.3798,27.0,0.15
3245,3.76,52.7175,39.0,0.15
3246,3.6,67938.2763,38.0,0.16
3247,5.28,117.2266,25.0,0.16
3248,4.4,18.4445,31.0,0.16
3249,3.84,67883.8908,31.0,0.16
3250,3.64,37.0478,35.0,0.16
3251,3.72,35.212,38.0,0.17
3252,4.08,35.1496,35.0,0.16
3253,3.96,335786.2461,34.0,0.8
3254,4.64,8.8106,26.0,0.16
3255,3.52,35.1621,39.0,0.21
3256,3.04,55.7972,39.0,0.22
3257,6.0,27.3842,22.0,0.28
3258,4.64,60.5424,28.0,0.27
3259,3.6,35.1695,39.0,0.16
3260,4.44,62.8808,33.0,0.16
3261,5.72,67900.9677,14.0,0.17
3262,4.84,54.1122,29.0,0.16
3263,4.2,36.9276,31.0,0.16
3264,4.08,359712.456,26.0,0.16
3265,3.92,43.9357,39.0,0.17
3266,4.76,67917.1356,28.0,0.16
3267,4.04,27.2332,34.0,0.16
3268,4.2,28.4062,30.0,0.16
3269,3.84,96.6364,37.0,0.16
3270,4.6,27.4104,25.0,0.16
3271,4.44,53.9015,27.0,0.16
3272,3.64,67902.2276,35.0,0.17
3273,4.44,67875.0286,26.0,0.16
3274,3.44,45.3113,37.0,0.2
3275,3.56,54.0284,41.0,0.15
3276,4.56,68.6079,25.0,0.16
3277,3.64,71.6021,38.0,0.16
3278,3.84,26.3782,22.0,0.18
3279,4.44,30.1782,30.0,0.23
3280,3.44,87.8508,44.0,0.17
3281,3.36,20.7591,39.0,0.19
3282,6.24,360269.035,23.0,0.15
3283,3.84,35.217,35.0,0.18
3284,3.36,35.1712,36.0,0.15
3285,3.96,17.5962,27.0,0.17
3286,3.52,407127.9434,36.0,0.15
3287,4.2,37.134,28.0,0.16
3288,4.8,67858.527,24.0,0.17
3289,4.44,32258.3636,23.0,0.16
3290,5.8,335844.1376,17.0,0.16
3291,4.0,359770.9596,28.0,0.22
3292,4.16,52.7223,32.0,0.17
3293,4.32,26.3689,30.0,0.21
3294,4.2,62.3622,33.0,0.21
3295,4.28,42.1316,27.0,0.21
3296,3.76,71.1436,39.0,0.22
3297,4.4,70.2836,32.0,0.23
3298,4.52,70718.2306,29.0,0.18
3299,3.4,70.2831,41.0,0.17
3300,4.16,67892.7089,30.0,0.16
3301,3.64,36.9077,39.0,0.14
3302,4.44,44.1344,32.0,0.16
3303,3.52,44.0179,34.0,0.15
3304,3.88,474499.679,33.0,0.16
3305,5.64,67893.4446,25.0,0.21
3306,3.84,2592.3484,39.0,0.22
3307,4.24,28.4154,32.0,0.16
3308,3.88,407144.6444,28.0,0.17
3309,4.56,36.0039,30.0,0.16
3310,3.76,43.9538,37.0,0.19
3311,4.52,67867.9929,26.0,0.19
3312,3.24,55.3427,34.0,0.16
3313,4.64,67934.6024,26.0,0.22
3314,3.64,17.5892,35.0,0.16
3315,3.76,52.714,40.0,0.19
3316,3.96,176631.1838,39.0,0.17
3317,3.24,52.836,36.0,0.15
3318,4.24,67909.2434,31.0,0.16
3319,3.52,96.6318,42.0,0.23
3320,3.4,29.5312,38.0,0.19
3321,3.52,35.146,38.0,0.17
3322,3.96,43.9389,38.0,0.14
3323,4.4,28.4201,30.0,0.14
3324,4.2,61.4983,32.0,0.26
3325,3.52,52.8438,35.0,0.18
3326,4.2,120032.972,36.0,0.19
3327,4.08,72.0431,37.0,0.16
3328,4.36,67893.7761,29.0,0.19
3329,3.64,61.5003,40.0,0.22
3330,4.28,67904.3134,27.0,0.16
3331,3.8,80.8224,39.0,0.16
3332,4.68,236130.6391,29.0,0.16
3333,3.92,339252.9361,33.0,0.22
3334,3.32,186957.1882,36.0,0.15
3335,4.64,70683.2265,28.0,0.16
3336,3.6,64.556,37.0,0.16
3337,4.4,2844.0816,29.0,0.17
3338,3.56,35.2944,36.0,0.18
3339,3.32,80.8411,37.0,0.18
3340,4.2,27.2297,30.0,0.16
3341,3.48,54.4936,34.0,0.16
3342,4.36,53.572,32.0,0.16
3343,4.56,168339.3231,32.0,0.16
3344,3.88,45.6925,37.0,0.19
3345,4.32,67875.889,30.0,0.18
3346,3.72,43.9902,37.0,0.17
3347,3.8,130.8052,36.0,0.18
3348,4.24,17.6293,28.0,0.23
3349,4.28,79.009,33.0,0.16
3350,5.32,87.8483,32.0,0.16
3351,4.28,37.0734,31.0,0.16
3352,3.8,43.929,38.0,0.16
3353,3.12,20.6488,39.0,0.15
3354,4.24,359788.6102,33.0,0.16
3355,4.84,359747.7299,28.0,0.17
3356,4.24,36.1316,34.0,0.16
3357,3.36,61.5599,40.0,0.17
3358,3.64,79.066,39.0,0.19
3359,3.56,96.6378,42.0,0.19
3360,4.16,10.0172,24.0,0.17
3361,4.32,87.7534,32.0,0.15
3362,4.6,1094.2912,24.0,0.15
3363,3.68,339287.2727,36.0,0.14
3364,4.2,55.35,33.0,0.15
3365,3.84,61.5229,37.0,0.19
3366,3.92,120066.3679,42.0,0.16
3367,3.56,43.9342,35.0,0.16
3368,3.64,61.5072,39.0,0.18
3369,4.12,67893.7686,31.0,0.16
3370,4.12,67900.4268,22.0,0.16
3371,3.64,70.2932,37.0,0.16
3372,5.76,360299.2166,21.0,0.16
3373,3.84,54.4762,33.0,0.16
3374,3.28,52.811,44.0,0.16
3375,3.56,87.8498,42.0,0.18
3376,4.16,70657.9023,23.0,0.16
3377,5.08,53.5769,30.0,0.17
3378,4.08,26.3787,29.0,0.16
3379,4.56,106.2245,32.0,0.17
3380,3.8,26.9201,34.0,0.24
3381,3.56,17.5884,33.0,0.16
3382,3.56,70.2817,43.0,0.16
3383,3.44,35.152,41.0,0.15
3384,4.72,407161.2719,27.0,0.17
3385,3.48,67877.0659,32.0,0.18
3386,4.76,68.4611,31.0,0.18
3387,3.76,52.7165,37.0,0.17
3388,4.64,86.8992,29.0,0.17
3389,3.44,79.0736,42.0,0.19
3390,3.4,43.9331,43.0,0.15
3391,4.28,70701.5184,31.0,0.16
3392,4.32,69.3274,30.0,0.16
3393,3.8,35.1489,38.0,0.16
3394,3.4,43.9363,38.0,0.16
3395,5.08,77.2577,28.0,0.16
3396,3.76,87.8528,40.0,0.15
3397,3.8,35.1558,31.0,0.17
3398,3.56,61.5184,34.0,0.16
3399,3.92,67922.1778,31.0,0.16
3400,4.28,67945.2922,34.0,0.17
3401,3.52,79.0662,41.0,0.14
3402,3.64,35.2038,33.0,0.15
3403,4.32,0.0266,24.0,0.17
3404,4.36,61.5001,33.0,0.19
3405,3.76,35.1528,38.0,0.15
3406,3.56,61.4969,43.0,0.21
3407,3.76,52.7157,36.0,0.17
3408,4.32,67875.2255,30.0,0.21
3409,4.16,67908.3408,21.0,0.16
3410,3.6,96.6348,40.0,0.16
3411,3.12,62.8386,40.0,0.21
3412,3.8,53.0907,35.0,0.16
3413,3.4,89.6116,42.0,0.16
3414,4.12,63.2561,32.0,0.27
3415,4.16,35.17,30.0,0.25
3416,3.56,80.3968,37.0,0.19
3417,3.84,35.1532,35.0,0.17
3418,3.76,43.9417,38.0,0.17
3419,4.24,43.9364,33.0,0.16
3420,3.52,27.239,31.0,0.17
3421,3.72,45.702,39.0,0.14
3422,3.44,61.4994,42.0,0.14
3423,3.6,87.8486,41.0,0.15
3424,4.16,68.4887,34.0,0.2
3425,4.12,78.1021,31.0,0.15
3426,3.72,35.1535,31.0,0.2
3427,4.16,35.1604,34.0,0.16
3428,4.08,119110.8515,32.0,0.16
3429,3.88,18.4452,30.0,0.16
3430,3.6,61.4988,39.0,0.16
3431,6.0,425701.0048,23.0,0.22
3432,4.4,339329.2951,34.0,0.16
3433,3.36,35.1528,38.0,0.17
3434,3.44,8.8157,25.0,0.18
3435,3.64,70.2886,40.0,0.16
3436,4.28,67875.3426,32.0,0.16
3437,3.76,62.3572,36.0,0.17
3438,3.32,61.5975,39.0,0.26
3439,5.44,69.3254,24.0,0.25
3440,4.32,70731.6027,31.0,0.17
3441,4.56,67926.7615,28.0,0.15
3442,3.48,26.5126,28.0,0.18
3443,4.16,27.2787,29.0,0.21
3444,3.24,87.8611,46.0,0.19
3445,4.64,78.1615,26.0,0.15
3446,4.32,62.3554,32.0,0.17
3447,3.56,52.7276,40.0,0.15
3448,4.2,359770.9477,27.0,0.16
3449,4.0,35.1632,36.0,0.16
3450,3.24,29.5405,38.0,0.15
3451,4.12,17.5876,14.0,0.19
3452,3.76,71.598,39.0,0.17
3453,3.72,79.0679,41.0,0.16
3454,4.76,2818.1024,29.0,0.21
3455,4.44,0.094,26.0,0.21
3456,3.44,96.6334,42.0,0.21
3457,3.68,52.7263,41.0,0.21
3458,4.36,44.0399,34.0,0.2
3459,4.84,37.3854,27.0,0.2
3460,3.64,43.9677,39.0,0.16
3461,3.92,61.5008,40.0,0.15
3462,3.64,80.0156,35.0,0.15
3463,3.4,79.0663,43.0,0.19
3464,4.32,407111.1988,25.0,0.15
3465,4.96,120043.328,26.0,0.16
3466,3.44,82.123,42.0,0.14
3467,3.64,17.6468,33.0,0.15
3468,4.56,67926.7563,32.0,0.16
3469,4.6,67893.5101,29.0,0.16
3470,3.88,44.8701,37.0,0.16
3471,3.8,119944.7658,34.0,0.16
3472,3.8,28.1264,31.0,0.16
3473,4.6,43.0626,28.0,0.18
3474,3.28,43.9896,42.0,0.22
3475,4.16,67917.1203,30.0,0.16
3476,5.36,359772.3429,25.0,0.16
3477,3.52,52.7144,42.0,0.15
3478,3.56,122.9868,42.0,0.16
3479,4.12,339339.4788,31.0,0.16
3480,4.32,36.0117,29.0,0.18
3481,4.64,129.8588,27.0,0.16
3482,3.92,54.4709,37.0,0.19
3483,4.48,26.4904,28.0,0.14
3484,4.0,2852.0077,36.0,0.22
3485,3.56,61.5015,40.0,0.15
3486,4.28,67928.5846,32.0,0.16
3487,4.36,68.4804,32.0,0.18
3488,3.28,43.9603,41.0,0.15
3489,3.48,18.4468,32.0,0.15
3490,3.48,91.7692,40.0,0.2
3491,4.24,1101.8013,32.0,0.27
3492,4.56,86.0339,28.0,0.23
3493,5.72,67954.9586,23.0,0.17
3494,4.2,86.8918,33.0,0.17
3495,3.68,8.8469,34.0,0.16
3496,4.04,44.8414,31.0,0.16
3497,3.48,27.4888,36.0,0.19
3498,4.48,105.4078,28.0,0.18
3499,4.72,97.4463,30.0,0.16
3500,4.64,110820.048,26.0,0.16
3501,3.56,40.7341,35.0,0.22
3502,4.48,168322.6968,37.0,0.25
3503,4.44,50.8995,24.0,0.17
3504,3.44,43.9984,37.0,0.15
3505,4.8,427605.2452,25.0,0.16
3506,3.48,87.8488,43.0,0.16
3507,3.32,79.0645,40.0,0.16
3508,4.56,359744.6186,12.0,0.16
3509,4.32,67908.3444,29.0,0.2
3510,3.68,52.7214,40.0,0.17
3511,3.6,70.2905,38.0,0.15
3512,4.0,36.004,36.0,0.16
3513,4.16,70656.7504,31.0,0.17
3514,3.92,117.5855,36.0,0.16
3515,3.56,59.3212,26.0,0.16
3516,4.84,19.5393,27.0,0.19
3517,4.32,87.23,31.0,0.17
3518,4.28,2810.7089,27.0,0.19
3519,4.12,130.852,35.0,0.16
3520,3.16,43.9432,39.0,0.15
3521,5.96,131.6486,23.0,0.17
3522,3.8,54.4808,39.0,0.22
3523,4.6,67928.7829,29.0,0.19
3524,3.68,52.7156,37.0,0.18
3525,3.56,70.2997,36.0,0.19
3526,4.32,67953.1101,29.0,0.17
3527,3.84,54.4713,41.0,0.16
3528,4.32,67925.9068,33.0,0.16
3529,3.72,339278.4238,29.0,0.19
3530,3.56,35.2143,30.0,0.19
3531,3.44,43.9898,40.0,0.26
3532,3.76,2851.0671,32.0,0.15
3533,4.04,339296.8499,34.0,0.16
3534,3.44,87.8506,44.0,0.16
3535,3.84,53.5766,36.0,0.19
3536,4.16,77.2603,31.0,0.28
3537,3.44,35.1625,38.0,0.16
3538,3.52,79.0644,42.0,0.16
3539,4.84,78.3488,28.0,0.16
3540,3.76,87.8525,40.0,0.22
3541,4.04,168349.0446,40.0,0.15
3542,4.16,62.3563,32.0,0.16
3543,3.52,72.0555,39.0,0.16
3544,3.68,44.7877,40.0,0.18
3545,3.84,52.7266,36.0,0.85
3546,4.16,2869.526,31.0,0.16
3547,3.84,61.5113,37.0,0.27
3548,3.24,79.0754,42.0,0.19
3549,3.6,79.0658,38.0,0.17
3550,3.72,52.715,38.0,0.16
3551,3.68,52.7199,41.0,0.16
3552,3.32,36.9565,37.0,0.16
3553,4.04,36.9167,32.0,0.16
3554,3.28,62.3672,40.0,0.15
3555,4.0,18.7742,34.0,0.17
3556,6.04,67919.2809,23.0,0.18
3557,3.32,61.5894,41.0,0.18
3558,4.32,52.7175,31.0,0.18
3559,4.12,67866.2506,27.0,0.27
3560,4.0,407554.8741,25.0,0.16
3561,5.52,39.5996,25.0,0.15
3562,3.44,61.4969,44.0,0.14
3563,3.96,61.5071,34.0,0.15
3564,4.32,52.7283,36.0,0.15
3565,3.76,67927.7195,37.0,0.16
3566,3.8,114781.515,32.0,0.16
3567,4.6,67929.4428,25.0,0.16
3568,4.4,38.2228,30.0,0.16
3569,4.16,77.2602,33.0,0.17
3570,3.44,61.5124,42.0,0.17
3571,3.76,99.6896,42.0,0.16
3572,3.36,79.0951,44.0,0.15
3573,3.76,52.7184,40.0,0.16
3574,4.44,52.6714,30.0,0.19
3575,4.2,104.4549,32.0,0.25
3576,4.36,407187.5896,31.0,0.2
3577,4.28,67944.3265,32.0,0.17
3578,4.2,67945.1845,30.0,0.16
3579,4.56,67963.6466,33.0,0.18
3580,3.84,43.9368,37.0,0.16
3581,3.68,52.7172,39.0,0.14
3582,4.08,67944.3354,31.0,0.18
3583,5.72,52.7169,21.0,0.19
3584,5.64,68049.4016,25.0,0.18
3585,3.92,79.0723,39.0,0.16
3586,4.08,52.717,36.0,0.17
3587,3.44,43.9322,42.0,0.18
3588,3.92,54.5337,36.0,0.22
3589,4.76,359766.4547,31.0,0.19
3590,4.04,67945.3059,33.0,0.18
3591,3.96,765883.3076,29.0,0.19
3592,4.08,103.6593,35.0,0.16
3593,4.24,17.5923,30.0,0.16
3594,3.84,35.1998,27.0,0.16
3595,4.04,44.3614,34.0,0.19
3596,3.96,71.1428,34.0,0.16
3597,4.16,87.3986,32.0,0.17
3598,3.72,407144.6465,32.0,0.17
3599,6.44,78.1137,23.0,0.2
3600,4.08,2825.6654,16.0,0.16
3601,4.64,67857.4626,27.0,0.14
3602,4.08,17.5947,30.0,0.19
3603,4.12,78.109,34.0,0.26
3604,4.24,67953.643,33.0,0.15
3605,4.04,79.0654,38.0,0.16
3606,4.12,94.9414,31.0,0.18
3607,4.04,61.5025,37.0,0.17
3608,5.76,60.9832,24.0,0.16
3609,3.52,79.0705,43.0,0.15
3610,3.64,87.8592,39.0,0.18
3611,3.72,26.3859,34.0,0.24
3612,4.16,67926.7703,30.0,0.17
3613,4.24,105.7555,34.0,0.16
3614,5.24,112.3817,30.0,0.18
3615,3.48,70.2903,42.0,0.17
3616,3.68,26.3921,35.0,0.17
3617,4.0,17.5976,33.0,0.18
3618,4.0,53.5735,36.0,0.17
3619,5.8,70692.5714,20.0,0.16
3620,4.12,94.822,33.0,0.19
3621,5.72,87.0083,28.0,0.15
3622,4.48,70666.389,30.0,0.15
3623,4.8,18.4442,27.0,0.17
3624,4.2,67961.0397,33.0,0.15
3625,3.48,105.4158,44.0,0.14
3626,4.36,59.1292,29.0,0.16
3627,4.04,61.6531,36.0,0.17
3628,4.36,19.347,35.0,0.17
3629,4.6,107.548,31.0,0.18
3630,5.96,44.7916,26.0,0.16
3631,3.64,61.504,42.0,0.15
3632,4.32,26.4571,34.0,0.16
3633,3.4,89.5934,36.0,0.15
3634,4.32,26.3708,28.0,0.16
3635,4.2,67935.5431,31.0,0.17
3636,3.52,61.6014,41.0,0.16
3637,4.76,67892.9366,30.0,0.16
3638,5.56,78.1112,27.0,0.16
3639,3.6,79.0768,37.0,0.17
3640,4.24,67927.7286,33.0,0.22
3641,4.36,26.3744,35.0,0.15
3642,3.64,61.4986,41.0,0.15
3643,3.64,52.7131,40.0,0.19
3644,5.96,403611.6788,24.0,0.15
3645,4.68,17.6195,30.0,0.16
3646,3.52,43.9349,39.0,0.15
3647,4.48,86.031,31.0,0.18
3648,3.44,87.8602,42.0,0.17
3649,5.0,67875.0327,28.0,0.16
3650,3.84,80.8224,37.0,0.17
3651,5.84,71.096,25.0,0.17
3652,3.64,52.7216,39.0,0.16
3653,4.28,359799.1459,31.0,0.16
3654,3.92,52.7138,36.0,0.2
3655,4.12,26.3685,33.0,0.24
3656,4.96,443.5246,25.0,0.18
3657,3.28,48.3174,37.0,0.21
3658,4.28,112.3921,33.0,0.18
3659,4.72,68338.0759,26.0,0.18
3660,3.52,35.1541,33.0,0.15
3661,3.64,63.2608,34.0,0.16
3662,4.44,36.0028,27.0,0.15
3663,3.88,36.0226,35.0,0.17
3664,3.76,64.1192,35.0,0.19
3665,3.4,87.8491,41.0,0.16
3666,3.76,61.5012,40.0,0.19
3667,3.6,43.932,40.0,0.18
3668,3.56,61.5003,41.0,0.16
3669,3.64,72.8941,41.0,0.15
3670,4.36,67928.5791,33.0,0.16
3671,3.52,70.2817,42.0,0.15
3672,3.96,54.7638,35.0,0.16
3673,3.52,36.7742,37.0,0.21
3674,5.2,67884.99,29.0,0.2
3675,3.88,26.3754,29.0,0.18
3676,3.2,70.2899,42.0,0.15
3677,3.56,35.2436,40.0,0.17
3678,4.04,122.3746,34.0,0.16
3679,3.56,89.1754,40.0,0.15
3680,4.4,67875.016,33.0,0.16
3681,4.56,67980.6612,31.0,0.15
3682,3.72,105.4226,41.0,0.16
3683,4.12,0.0244,30.0,0.14
3684,4.0,359723.0112,33.0,0.15
3685,4.96,67885.0066,29.0,0.17
3686,4.4,71.142,34.0,0.26
3687,3.96,72.7654,32.0,0.16
3688,3.24,41.2516,34.0,0.16
3689,4.32,77.2473,32.0,0.16
3690,3.88,8387.5557,40.0,0.16
3691,4.8,172.1782,26.0,0.18
3692,4.24,88.7069,35.0,0.16
3693,4.16,86.0296,35.0,0.16
3694,3.96,114.1442,35.0,0.17
3695,4.0,70.2817,38.0,0.16
3696,3.44,61.5033,28.0,0.15
3697,3.88,77.2952,35.0,0.16
3698,3.48,80.8216,43.0,0.79
3699,4.04,104.462,36.0,0.16
3700,3.6,29.0052,31.0,0.19
3701,3.88,61.498,37.0,0.14
3702,3.48,79.9268,43.0,0.15
3703,4.2,105.361,32.0,0.15
3704,4.24,67953.109,33.0,0.15
3705,3.68,52.722,39.0,0.16
3706,4.84,0.0342,22.0,0.17
3707,5.32,268441.6973,24.0,0.16
3708,4.48,79.8646,32.0,0.16
3709,3.96,70.287,38.0,0.16
3710,4.08,407155.2896,34.0,0.16
3711,3.88,35.1457,39.0,0.23
3712,3.52,87.8516,38.0,0.16
3713,3.72,44.7986,38.0,0.21
3714,4.28,95.6718,35.0,0.17
3715,3.96,67848.6875,23.0,0.15
3716,4.92,77.2496,29.0,0.16
3717,3.4,70.2868,42.0,0.15
3718,4.32,103.4456,31.0,0.2
3719,3.68,36.0692,32.0,0.28
3720,3.44,45.6925,43.0,0.27
3721,3.64,70.2877,39.0,0.14
3722,3.52,70.3958,41.0,0.15
3723,4.16,120057.5768,40.0,0.2
3724,4.04,53.5726,36.0,0.21
3725,4.2,67875.0387,25.0,0.21
3726,4.2,70.2828,36.0,0.19
3727,4.36,89.607,34.0,0.18
3728,3.24,79.0663,44.0,0.23
3729,4.28,67978.6028,36.0,0.16
3730,3.52,70.2811,40.0,0.15
3731,3.64,63.2537,40.0,0.17
3732,3.48,52.7336,38.0,0.17
3733,4.24,94.8248,26.0,0.16
3734,4.2,42.3146,30.0,0.16
3735,5.48,335789.3712,28.0,0.17
3736,3.84,67867.1324,31.0,0.2
3737,3.2,70.3359,41.0,0.15
3738,4.44,67953.1132,33.0,0.16
3739,3.88,78.1187,33.0,0.16
3740,4.04,112.3827,38.0,0.16
3741,3.8,105.4231,41.0,0.14
3742,3.68,96.6328,41.0,0.15
3743,3.92,26.4009,31.0,0.15
3744,3.8,67911.9211,35.0,0.15
3745,4.28,70733.9808,25.0,0.15
3746,4.16,359814.8564,33.0,0.19
3747,3.6,44.7918,34.0,0.19
3748,4.36,104.4529,35.0,0.18
3749,4.0,70.2844,32.0,0.16
3750,3.76,26.4431,34.0,0.2
3751,3.4,79.0674,41.0,0.16
3752,4.28,340336.2775,34.0,0.16
3753,3.44,70.2818,42.0,0.2
3754,3.64,61.4974,42.0,0.21
3755,3.48,70.2882,41.0,0.16
3756,4.04,67913.3541,32.0,0.16
3757,4.2,472.5767,33.0,0.15
3758,3.52,70.3104,43.0,0.17
3759,3.12,35.1654,43.0,0.15
3760,3.72,70.2832,39.0,0.16
3761,4.12,87.8585,34.0,0.15
3762,5.44,67926.8038,27.0,0.16
3763,4.76,28.1317,28.0,0.15
3764,4.24,70656.7637,28.0,0.15
3765,3.48,9.3548,34.0,0.18
3766,3.44,96.6361,44.0,0.15
3767,4.12,68.4824,32.0,0.16
3768,3.28,17.5939,40.0,0.15
3769,3.08,70.2876,35.0,0.18
3770,4.32,53.5959,30.0,0.16
3771,4.88,59.7037,28.0,0.16
3772,4.32,36.7736,32.0,0.16
3773,4.88,26.9175,29.0,0.19
3774,3.6,43.9488,40.0,0.17
3775,3.44,72.0415,43.0,0.15
3776,5.6,360243.8348,27.0,0.16
3777,4.64,70701.5122,26.0,0.16
3778,4.36,43.9616,32.0,0.22
3779,4.36,67878.8102,31.0,0.17
3780,3.96,97.8362,37.0,0.18
3781,4.12,67893.4437,30.0,0.21
3782,4.64,67858.6411,29.0,0.14
3783,6.12,66006.4397,20.0,0.15
3784,4.6,67883.8022,30.0,0.15
3785,4.04,67892.5846,31.0,0.18
3786,3.48,96.6351,37.0,0.15
3787,4.0,28.1216,38.0,0.17
3788,5.4,67934.8357,24.0,0.16
3789,3.4,26.3949,40.0,0.21
3790,3.68,35.1608,33.0,0.17
3791,4.12,103.5977,36.0,0.17
3792,3.64,105.4175,39.0,0.19
3793,5.8,93.8455,28.0,0.21
3794,4.32,67911.2227,33.0,0.19
3795,4.48,67910.6986,30.0,0.16
3796,3.6,67936.5076,42.0,0.16
3797,3.56,67911.0142,39.0,0.16
3798,3.52,52.7202,42.0,0.16
3799,3.68,67926.7644,35.0,0.16
3800,3.84,67917.9847,32.0,0.15
3801,4.96,73.4892,27.0,0.14
3802,3.72,82.157,40.0,0.21
3803,3.68,67886.2902,30.0,0.15
3804,4.0,61.7455,33.0,0.15
3805,3.56,114.2042,42.0,0.2
3806,3.56,81.1956,43.0,0.16
3807,3.68,355325.4295,39.0,0.16
3808,3.76,63.2543,39.0,0.16
3809,3.96,52.7142,39.0,0.21
3810,4.2,120085.6716,39.0,0.22
3811,3.52,70.2812,40.0,0.16
3812,4.04,67875.1025,29.0,0.16
3813,4.88,359720.3493,23.0,0.16
3814,4.24,114.437,34.0,0.24
3815,3.44,70.2802,43.0,0.2
3816,3.72,70.2861,42.0,0.17
3817,3.24,45.6903,40.0,0.15
3818,3.48,53.5718,40.0,0.16
3819,4.68,45.3131,29.0,0.21
3820,3.92,135732.4858,33.0,0.16
3821,3.44,70.2834,45.0,0.14
3822,3.36,70.28,42.0,0.14
3823,3.28,70.2908,35.0,0.14
3824,3.84,107.1738,39.0,0.16
3825,4.16,96.0212,33.0,0.14
3826,3.8,105.4174,40.0,0.15
3827,3.44,79.1622,42.0,0.14
3828,4.08,78.1639,35.0,0.16
3829,3.68,68.4759,34.0,0.17
3830,3.44,35.1649,42.0,0.15
3831,4.16,70718.2288,32.0,0.16
3832,3.68,79.0672,38.0,0.16
3833,4.88,10.129,25.0,0.16
3834,3.56,87.8486,43.0,0.17
3835,3.64,52.7295,38.0,0.17
3836,4.28,116.2157,32.0,0.18
3837,5.16,1080.975,31.0,0.2
3838,3.92,87.9284,33.0,0.16
3839,4.24,71401.7536,32.0,0.16
3840,3.92,70.2814,39.0,0.16
3841,3.52,70.2856,40.0,0.14
3842,3.16,70.2958,43.0,0.14
3843,4.32,71.4616,28.0,0.18
3844,5.44,0.0855,15.0,0.17
3845,3.56,35.176,39.0,0.2
3846,5.92,67917.121,25.0,0.17
3847,4.0,340138.0153,34.0,0.17
3848,3.56,70.2813,42.0,0.16
3849,3.56,87.8535,43.0,0.16
3850,4.12,67934.6936,33.0,0.16
3851,4.16,52.7277,34.0,0.16
3852,3.6,35.1573,39.0,0.16
3853,3.28,96.6353,43.0,0.15
3854,4.44,987.1897,31.0,0.17
3855,3.32,61.5436,36.0,0.17
3856,3.56,79.0646,43.0,0.16
3857,4.24,359797.2888,31.0,0.16
3858,3.56,79.065,42.0,0.15
3859,3.8,79.1158,42.0,0.18
3860,6.0,62.5228,24.0,0.25
3861,3.68,53.5775,36.0,0.15
3862,4.16,88.7102,35.0,0.15
3863,3.84,70.2829,28.0,0.14
3864,4.2,88.2048,33.0,0.15
3865,4.16,2878.4224,36.0,0.15
3866,3.44,87.8486,44.0,0.18
3867,4.12,77.3115,30.0,0.16
3868,3.68,87.8487,42.0,0.15
3869,4.08,1074.604,30.0,0.16
3870,3.6,70.3407,40.0,0.15
3871,4.84,68951.3518,29.0,0.17
3872,4.4,67910.961,24.0,0.16
3873,3.36,79.2466,45.0,0.17
3874,5.24,169336.9236,28.0,0.17
3875,3.76,60.5427,33.0,0.17
3876,6.2,68014.2698,22.0,0.22
3877,4.08,86.9449,34.0,0.17
3878,5.6,78.1055,27.0,0.17
3879,3.36,52.7403,36.0,0.21
3880,4.64,236180.1013,27.0,0.16
3881,4.36,67893.445,32.0,0.14
3882,5.28,59.6968,25.0,0.15
3883,3.64,70.2812,43.0,0.16
3884,5.0,67944.3221,25.0,0.25
3885,3.68,80.8218,41.0,0.27
3886,3.4,70.2844,45.0,0.24
3887,4.28,2869.0556,29.0,0.16
3888,3.68,55.1921,34.0,0.17
3889,4.36,67979.4586,33.0,0.17
3890,3.28,52.7439,42.0,0.17
3891,3.4,96.6416,43.0,0.22
3892,3.36,61.5025,44.0,0.17
3893,3.8,38.4114,32.0,0.16
3894,4.32,2825.6544,31.0,0.16
3895,3.92,61.4968,41.0,0.18
3896,3.96,64.557,37.0,0.19
3897,3.64,52.7219,39.0,0.15
3898,3.8,79.0834,42.0,0.18
3899,4.28,407196.3866,32.0,0.16
3900,4.2,95.6752,35.0,0.18
3901,4.52,168305.1409,28.0,0.19
3902,4.24,53.6019,36.0,0.16
3903,5.2,186988.4235,26.0,0.23
3904,4.16,53.5798,31.0,0.17
3905,5.8,335752.9455,25.0,0.21
3906,4.44,70726.0547,26.0,0.16
3907,3.56,70.281,40.0,0.16
3908,3.8,67910.1667,36.0,0.16
3909,6.4,2955.2763,23.0,0.17
3910,3.88,67875.0487,28.0,0.16
3911,3.76,61.4975,41.0,0.16
3912,6.88,73258.3829,20.0,0.16
3913,4.32,67884.1381,31.0,0.17
3914,4.36,114849.8933,33.0,0.18
3915,3.36,105.4157,45.0,0.15
3916,3.84,54.4706,36.0,0.16
3917,3.6,43.9482,38.0,0.17
3918,4.64,61.5106,34.0,0.17
3919,4.24,43.9417,33.0,0.16
3920,4.32,339374.3946,33.0,0.16
3921,3.6,70.2834,43.0,0.15
3922,3.56,441.1021,37.0,0.18
3923,3.56,114.2024,43.0,0.18
3924,3.76,70.282,40.0,0.14
3925,3.2,79.0677,39.0,0.14
3926,3.28,73.8065,43.0,0.15
3927,3.76,52.7134,41.0,0.2
3928,3.76,87.8492,41.0,0.18
3929,4.6,33905.5356,30.0,0.16
3930,4.24,2861.6423,34.0,0.16
3931,4.68,67883.8077,29.0,0.16
3932,3.76,70.2839,40.0,0.16
3933,3.48,70.299,39.0,0.16
3934,4.56,68313.5542,27.0,0.17
3935,4.2,67886.1244,31.0,0.15
3936,5.08,45.1272,28.0,0.18
3937,5.04,28.7223,26.0,0.17
3938,3.6,458.9341,40.0,0.17
3939,4.92,403652.4977,25.0,0.18
3940,4.0,26.3697,37.0,0.16
3941,3.56,79.0646,43.0,0.16
3942,3.52,43.9305,38.0,0.14
3943,3.44,96.6346,44.0,0.14
3944,3.4,339295.9978,35.0,0.14
3945,3.88,87.8498,39.0,0.16
3946,4.0,54.5752,36.0,0.18
3947,5.92,67867.5554,23.0,0.16
3948,6.04,39710.3161,22.0,0.16
3949,4.12,26.3823,33.0,0.15
3950,4.08,67944.3309,27.0,0.18
3951,3.2,54.4842,43.0,0.19
3952,4.2,51.8586,26.0,0.17
3953,4.36,54.1455,33.0,0.19
3954,5.4,67907.88,26.0,0.16
3955,4.2,28.2131,29.0,0.16
3956,3.92,67901.3828,34.0,0.15
3957,3.36,72.0404,43.0,0.16
3958,3.36,79.0641,43.0,0.19
3959,3.56,43.9287,43.0,0.16
3960,3.52,35.4866,37.0,0.15
3961,4.08,70.2818,38.0,0.15
3962,4.36,67936.5063,32.0,0.15
3963,3.6,35.1551,38.0,0.17
3964,4.36,1102.1404,33.0,0.17
3965,3.92,98.256,37.0,0.17
3966,4.36,63.2622,31.0,0.16
3967,3.56,52.7282,40.0,0.15
3968,3.48,79.0718,38.0,0.15
3969,3.96,2808.0974,32.0,0.15
3970,4.92,54.022,28.0,0.15
3971,4.4,113.2378,31.0,0.17
3972,4.84,53.5704,32.0,0.2
3973,4.56,359773.6152,31.0,0.19
3974,4.32,63.6568,35.0,0.16
3975,4.16,44.8494,34.0,0.17
3976,4.32,139248.6454,32.0,0.17
3977,3.28,80.8288,43.0,0.16
3978,4.12,450.0999,40.0,0.18
3979,4.0,53.9111,33.0,0.17
3980,6.12,69.7669,20.0,0.19
3981,4.96,120097.2973,29.0,0.14
3982,3.48,52.7361,41.0,0.14
3983,3.64,61.4994,41.0,0.14
3984,4.0,120057.5676,40.0,0.2
3985,3.12,43.9469,44.0,0.19
3986,4.48,86.0895,29.0,0.18
3987,4.16,70.2847,35.0,0.79
3988,3.56,96.6319,43.0,0.23
3989,4.24,47.4465,35.0,0.2
3990,3.52,26.3816,35.0,0.2
3991,4.28,32281.8361,34.0,0.2
3992,3.48,96.6346,44.0,0.24
3993,3.44,43.9336,40.0,0.21
3994,6.0,67963.4863,25.0,0.17
3995,3.64,96.6336,42.0,0.23
3996,4.84,524.5446,31.0,0.18
3997,4.56,67859.7011,24.0,0.2
3998,4.2,70.2823,36.0,0.16
3999,3.68,87.8517,41.0,0.15
4000,5.96,77.2598,21.0,0.17
4001,3.76,45.3716,42.0,0.16
4002,4.52,67911.0214,32.0,0.19
4003,3.56,79.2935,40.0,0.15
4004,5.28,56.731,27.0,0.16
4005,3.88,87.8484,39.0,0.18
4006,4.4,1109.7251,32.0,0.17
4007,5.32,52.7463,28.0,0.18
4008,3.44,88.7064,38.0,0.15
4009,4.12,67902.2267,36.0,0.18
4010,4.4,67884.6746,27.0,0.16
4011,3.68,168331.4826,42.0,0.18
4012,4.28,78.1297,31.0,0.16
4013,3.72,52.7216,39.0,0.17
4014,3.88,26.3663,39.0,0.16
4015,3.84,54.4772,39.0,0.15
4016,3.72,96.6357,42.0,0.26
4017,4.16,70.339,36.0,0.17
4018,3.76,29.011,37.0,0.16
4019,4.2,82.9866,35.0,0.17
4020,4.24,67926.7572,34.0,0.16
4021,3.96,359764.8427,34.0,0.17
4022,3.44,70.2864,41.0,0.15
4023,4.84,78.7028,26.0,0.15
4024,3.44,52.7145,42.0,0.14
4025,3.2,71407.9887,37.0,0.18
4026,3.64,35.1529,38.0,0.16
4027,3.6,44.8134,40.0,0.17
4028,4.44,359703.361,17.0,0.18
4029,3.28,87.8508,46.0,0.25
4030,3.16,32.5026,41.0,0.21
4031,3.52,61.5047,40.0,0.26
4032,4.24,62.3568,35.0,0.21
4033,3.52,72.0383,41.0,0.16
4034,4.08,0.0226,32.0,0.19
4035,4.2,67926.0669,28.0,0.16
4036,3.56,52.7165,42.0,0.16
4037,4.76,10.1206,25.0,0.17
4038,4.0,56.0968,36.0,0.2
4039,3.56,339288.0739,36.0,0.2
4040,3.12,53.5828,43.0,0.18
4041,4.04,2859.8378,30.0,0.15
4042,3.52,61.5104,38.0,0.15
4043,4.72,46.0982,27.0,0.14
4044,3.76,61.5021,38.0,0.16
4045,3.84,46.5564,36.0,0.17
4046,3.88,40.7041,33.0,0.22
4047,5.0,65999.4161,29.0,0.16
4048,4.16,103.6094,32.0,0.16
4049,4.2,86.884,33.0,0.17
4050,4.24,67885.8404,32.0,0.18
4051,4.24,94.8148,33.0,0.16
4052,5.6,2834.4369,23.0,0.2
4053,5.88,176.2528,24.0,0.17
4054,3.64,70.284,39.0,0.16
4055,4.56,53.09,32.0,0.22
4056,4.24,95.6721,35.0,0.18
4057,3.8,119119.0998,36.0,0.19
4058,4.32,1101.797,34.0,0.41
4059,4.16,17.6494,32.0,0.16
4060,3.44,63.2629,41.0,0.17
4061,4.48,91.3638,32.0,0.15
4062,4.24,86.0392,33.0,0.18
4063,3.8,339296.058,36.0,0.15
4064,4.32,67893.4402,33.0,0.14
4065,3.84,52.7145,37.0,0.15
4066,4.56,59.6872,28.0,0.17
4067,3.52,61.5036,41.0,0.15
4068,4.32,2894.9709,32.0,0.19
4069,3.6,79.0689,39.0,0.16
4070,3.8,407170.988,34.0,0.16
4071,3.6,43.9391,37.0,0.16
4072,3.64,35.1457,41.0,0.19
4073,4.16,43.9503,33.0,0.15
4074,3.92,52.714,35.0,0.17
4075,4.52,67911.0336,30.0,0.16
4076,5.08,18.698,26.0,0.17
4077,3.68,61.5044,38.0,0.15
4078,3.76,8.9031,31.0,0.16
4079,4.32,121.1675,33.0,0.16
4080,4.36,67909.731,30.0,0.17
4081,3.56,70.2953,40.0,0.14
4082,5.6,86.0309,28.0,0.16
4083,4.24,61.5041,35.0,0.15
4084,3.44,26.4244,37.0,0.14
4085,3.68,87.8483,41.0,0.15
4086,4.36,67943.478,26.0,0.16
4087,4.56,61.4452,26.0,0.16
4088,4.52,67883.8099,33.0,0.16
4089,3.88,61.5062,40.0,0.16
4090,4.24,67953.1122,33.0,0.17
4091,3.96,96.6388,40.0,0.19
4092,4.12,407169.1676,34.0,0.17
4093,4.04,61.5007,34.0,0.16
4094,4.6,1084.7871,30.0,0.17
4095,4.0,70.2816,40.0,0.16
4096,4.44,94.9058,32.0,0.16
4097,4.48,236153.8443,30.0,0.16
4098,3.48,52.716,42.0,0.16
4099,3.88,61.4979,38.0,0.17
4100,4.2,94.8235,33.0,0.17
4101,4.0,70.2831,37.0,0.15
4102,5.28,70716.4601,21.0,0.15
4103,5.16,86.8837,29.0,0.16
4104,3.8,67917.1367,29.0,0.26
4105,4.28,43.9364,31.0,0.26
4106,4.16,43.9401,31.0,0.16
4107,4.12,52.7572,35.0,0.2
4108,3.64,26.3631,39.0,0.2
4109,3.4,35.1592,41.0,0.15
4110,4.16,96.0431,33.0,0.18
4111,4.04,43.9348,36.0,0.24
4112,3.8,119956.5967,36.0,0.17
4113,3.68,61.5004,41.0,0.18
4114,3.68,70.2858,41.0,0.15
4115,5.32,53.059,26.0,0.16
4116,3.88,53.9559,31.0,0.16
4117,3.8,55.3343,34.0,0.16
4118,4.04,37.2535,29.0,0.17
4119,3.68,52.7219,36.0,0.15
4120,3.92,44.0554,39.0,0.23
4121,3.76,28.1247,37.0,0.21
4122,3.64,36.4702,37.0,0.2
4123,4.36,67961.0333,34.0,0.18
4124,3.52,45.6878,38.0,0.25
4125,3.48,26.3683,30.0,0.21
4126,3.68,70.2838,36.0,0.16
4127,5.48,360219.861,27.0,0.18
4128,4.16,52.7146,36.0,0.2
4129,3.52,52.7144,38.0,0.15
4130,4.0,10.8598,31.0,0.22
4131,3.6,79.0772,41.0,0.16
4132,3.68,43.9305,39.0,0.82
4133,4.24,70780.772,31.0,0.15
4134,4.16,54.7506,34.0,0.16
4135,4.72,67876.4009,28.0,0.16
4136,3.64,96.633,42.0,0.18
4137,4.64,53.5835,33.0,0.16
4138,5.28,2834.6366,25.0,0.16
4139,3.44,45.693,38.0,0.17
4140,3.44,80.8342,41.0,0.15
4141,4.2,2809.4788,33.0,0.16
4142,4.6,54.4334,30.0,0.2
4143,4.0,43.9368,37.0,0.15
4144,3.76,35.1466,35.0,0.17
4145,3.92,67929.4927,31.0,0.24
4146,3.44,70.2822,42.0,0.16
4147,3.44,87.8537,44.0,0.15
4148,6.36,73282.3796,19.0,0.2
4149,3.64,89.9862,39.0,0.18
4150,4.76,3229.8885,27.0,0.18
4151,4.08,114824.3924,34.0,0.16
4152,3.8,52.8239,33.0,0.16
4153,4.28,69097.697,29.0,0.25
4154,3.92,87.8563,39.0,0.22
4155,4.36,67934.691,28.0,0.16
4156,4.0,27.2348,33.0,0.21
4157,4.48,2894.1003,28.0,0.19
4158,5.6,69.3153,26.0,0.18
4159,3.72,61.5002,40.0,0.16
4160,3.8,67888.0486,34.0,0.17
4161,5.48,44.792,24.0,0.16
4162,3.92,36.0193,28.0,0.16
4163,3.6,52.7172,40.0,0.16
4164,4.4,129.9519,30.0,0.16
4165,3.76,67903.9891,37.0,0.16
4166,4.8,67910.359,28.0,0.21
4167,3.8,64.5716,36.0,0.16
4168,4.56,67867.6009,27.0,0.17
4169,3.6,35.1518,41.0,0.16
4170,4.28,52.7148,35.0,0.16
4171,4.48,70692.7309,30.0,0.16
4172,3.68,70.2961,38.0,0.16
4173,4.36,44.7887,33.0,0.16
4174,4.2,53.1898,38.0,0.17
4175,3.64,43.9377,39.0,0.16
4176,3.92,52.7141,39.0,0.25
4177,3.56,114.2024,43.0,0.27
4178,3.64,43.9356,37.0,0.27
4179,5.72,70.8202,27.0,0.17
4180,4.36,54.4716,35.0,0.16
4181,4.08,1085.8267,32.0,0.19
4182,3.88,43.93,39.0,0.18
4183,4.36,86.886,30.0,0.16
4184,3.76,70.2871,38.0,0.18
4185,3.32,64.5554,41.0,0.15
4186,3.96,61.5019,36.0,0.17
4187,3.6,79.0734,41.0,0.16
4188,6.48,107.9086,20.0,0.17
4189,3.6,108.9554,40.0,0.16
4190,3.56,87.8488,42.0,0.15
4191,4.04,67910.1528,33.0,0.17
4192,3.84,87.8495,39.0,0.16
4193,3.76,87.8489,41.0,0.15
4194,3.6,70.2825,39.0,0.16
4195,3.8,70.282,39.0,0.16
4196,3.88,359746.537,30.0,0.16
4197,3.88,52.7204,38.0,0.24
4198,4.04,35.1712,27.0,0.2
4199,5.16,67866.5757,21.0,0.16
4200,4.84,96.5828,30.0,0.16
4201,3.68,35.15,33.0,0.2
4202,6.36,164.7603,21.0,0.26
4203,3.56,70.2801,43.0,0.16
4204,3.64,61.5324,42.0,0.14
4205,4.28,36.009,33.0,0.16
4206,3.52,43.9953,41.0,0.17
4207,4.36,62.3604,31.0,0.16
4208,3.52,62.3659,39.0,0.16
4209,3.64,70.2884,39.0,0.16
4210,4.76,67875.2225,32.0,0.16
4211,3.64,54.4744,39.0,0.16
4212,4.24,2852.0018,35.0,0.17
4213,4.28,67866.2355,30.0,0.16
4214,4.12,26.3721,35.0,0.2
4215,4.44,67902.231,32.0,0.18
4216,4.56,1092.1545,35.0,0.16
4217,4.72,9.876,18.0,0.17
4218,3.96,79.0786,38.0,0.22
4219,4.36,67884.9789,30.0,0.16
4220,4.68,55.7235,27.0,0.16
4221,3.92,61.4988,38.0,0.14
4222,4.28,86.0373,31.0,0.15
4223,3.36,87.8508,45.0,0.14
4224,3.68,87.848,41.0,0.14
4225,3.6,70.2836,41.0,0.15
4226,3.68,35.1536,36.0,0.16
4227,4.88,67875.2888,22.0,0.17
4228,3.52,407153.421,36.0,0.19
4229,3.88,43.9332,39.0,0.21
4230,3.68,27.7155,37.0,0.17
4231,3.52,26.3687,39.0,0.17
4232,4.36,80.2517,29.0,0.16
4233,4.24,112.3828,33.0,0.16
4234,4.28,43.9355,30.0,0.17
4235,3.6,70.2835,40.0,0.21
4236,4.24,67934.6922,30.0,0.19
4237,3.24,54.4859,41.0,0.19
4238,3.64,105.4446,43.0,0.15
4239,3.8,79.0658,41.0,0.24
4240,4.68,44.7922,30.0,0.2
4241,5.96,67848.6656,16.0,0.17
4242,4.28,70683.9458,32.0,0.15
4243,4.32,2876.5428,29.0,0.15
4244,4.56,46.0892,31.0,0.16
4245,3.64,61.4992,42.0,0.15
4246,4.84,67877.0585,27.0,0.17
4247,4.0,86.0358,35.0,0.2
4248,5.08,93.827,28.0,0.28
4249,3.6,105.4192,36.0,0.17
4250,3.52,72.9003,41.0,0.15
4251,4.04,67927.2913,31.0,0.15
4252,4.4,68.4598,34.0,0.18
4253,3.76,52.7155,36.0,0.16
4254,4.24,70.3118,34.0,0.16
4255,3.8,96.6382,42.0,0.16
4256,3.72,61.5073,36.0,0.15
4257,3.08,18.1427,42.0,0.16
4258,3.96,35.1556,37.0,0.21
4259,4.08,67934.6854,33.0,0.21
4260,3.44,105.4231,44.0,0.21
4261,4.0,50.9491,31.0,0.19
4262,3.56,80.3871,42.0,0.17
4263,4.0,68.5258,30.0,0.15
4264,3.68,79.065,41.0,0.16
4265,4.24,86.031,32.0,0.15
4266,5.68,335884.5654,23.0,0.17
4267,4.64,67926.7792,29.0,0.18
4268,4.44,67935.5732,31.0,0.18
4269,4.24,96.637,35.0,0.2
4270,3.76,35.1584,37.0,0.17
4271,3.44,61.5013,42.0,0.16
4272,3.68,61.5063,39.0,0.16
4273,3.52,79.0697,43.0,0.16
4274,4.04,67908.3394,34.0,0.17
4275,5.72,360375.2717,26.0,0.16
4276,3.72,79.0656,39.0,0.16
4277,3.6,67910.235,36.0,0.16
4278,3.64,43.9292,39.0,0.16
4279,3.96,79.079,39.0,0.21
4280,4.24,67934.6843,33.0,0.18
4281,4.4,79.9238,30.0,0.15
4282,3.36,70.2837,42.0,0.17
4283,5.04,2842.3094,-10.0,0.18
4284,4.72,79.0688,31.0,0.17
4285,3.52,35.1643,39.0,0.14
4286,3.8,67936.5044,36.0,0.15
4287,4.36,103.6074,32.0,0.17
4288,4.92,107.0522,30.0,0.16
4289,4.72,79.2677,34.0,0.16
4290,3.6,70.287,41.0,0.16
4291,3.76,26.3624,37.0,0.2
4292,3.48,52.8128,37.0,0.23
4293,3.48,79.0806,42.0,0.16
4294,3.68,67911.0098,37.0,0.17
4295,5.2,131979.4791,28.0,0.16
4296,3.64,87.8529,40.0,0.19
4297,3.76,87.8571,37.0,0.16
4298,3.16,87.8658,37.0,0.16
4299,4.52,122.0205,32.0,0.17
4300,4.84,67851.8843,25.0,0.2
4301,3.88,44.2523,35.0,0.15
4302,4.16,9.6892,27.0,0.16
4303,3.44,62.3615,39.0,0.18
4304,3.64,80.6872,37.0,0.15
4305,3.8,87.85,39.0,0.15
4306,4.84,168297.2582,29.0,0.18
4307,5.16,17.5804,31.0,0.16
4308,4.16,86.0366,31.0,0.16
4309,4.08,2867.9604,32.0,0.16
4310,3.92,96.6334,39.0,0.16
4311,4.16,43.933,35.0,0.16
4312,4.16,407146.3938,32.0,0.16
4313,3.4,61.5156,41.0,0.16
4314,4.48,104.4533,32.0,0.17
4315,4.24,47.9862,33.0,0.16
4316,3.68,79.0741,41.0,0.15
4317,3.84,168340.2711,40.0,0.24
4318,4.0,52.7724,35.0,0.21
4319,4.52,67917.2365,32.0,0.16
4320,3.72,81.1992,38.0,0.16
4321,5.08,86.144,27.0,0.16
4322,3.76,61.4967,41.0,0.14
4323,3.56,61.5005,42.0,0.14
4324,4.32,67980.3672,33.0,0.2
4325,5.08,67917.1159,27.0,0.18
4326,4.28,26.3752,30.0,0.18
4327,4.84,67902.5532,28.0,0.16
4328,3.96,46.9878,39.0,0.16
4329,4.12,36.2322,35.0,0.16
4330,3.56,79.0646,43.0,0.17
4331,4.2,71.1408,36.0,0.16
4332,3.16,79.0643,41.0,0.15
4333,3.88,89.6059,37.0,0.17
4334,3.4,52.7248,43.0,0.16
4335,4.56,67925.899,31.0,0.2
4336,3.2,79.6116,41.0,0.24
4337,3.36,87.8641,45.0,0.23
4338,3.84,87.8514,40.0,0.17
4339,4.8,86.0331,30.0,0.17
4340,4.56,53.5747,33.0,0.21
4341,3.4,35.146,41.0,0.14
4342,3.56,62.8145,41.0,0.14
4343,4.2,52.7147,36.0,0.22
4344,4.32,100148.0547,32.0,0.15
4345,3.56,79.0674,40.0,0.15
4346,4.24,62.6796,31.0,0.16
4347,4.2,3909.8857,30.0,0.16
4348,3.32,87.8548,43.0,0.15
4349,3.76,43.9296,41.0,0.15
4350,3.84,55.7749,38.0,0.16
4351,3.64,98.7643,41.0,0.16
4352,3.88,89.6045,38.0,0.17
4353,3.6,61.4965,42.0,0.16
4354,3.8,45.6895,40.0,0.16
4355,3.96,70675.368,30.0,0.16
4356,3.76,105.4225,41.0,0.16
4357,3.36,61.4969,41.0,0.21
4358,4.16,86.8832,35.0,0.16
4359,3.64,61.5048,38.0,0.16
4360,3.44,72.0442,43.0,0.18
4361,3.96,168296.355,40.0,0.15
4362,4.28,81.1022,34.0,0.14
4363,3.76,61.6699,40.0,0.15
4364,4.36,103.5983,32.0,0.16
4365,5.6,52.0182,25.0,0.18
4366,4.48,67883.8042,30.0,0.16
4367,3.72,67945.2964,37.0,0.16
4368,4.28,2869.5748,34.0,0.16
4369,3.52,70.2879,42.0,0.15
4370,3.68,100.0038,39.0,0.16
4371,4.28,68975.9455,34.0,0.16
4372,5.8,183.6273,26.0,0.21
4373,3.48,70.282,41.0,0.16
4374,4.24,94.8172,33.0,0.16
4375,4.24,67911.0163,33.0,0.17
4376,4.6,37.1896,30.0,0.18
4377,3.44,70.2829,42.0,0.17
4378,3.36,87.8485,45.0,0.15
4379,3.36,52.7188,44.0,0.15
4380,3.4,64.5608,43.0,0.15
4381,3.56,87.8495,43.0,0.16
4382,4.36,94.8144,34.0,0.15
4383,4.04,70.2972,38.0,0.15
4384,3.64,79.0652,40.0,0.18
4385,4.12,70700.664,32.0,0.17
4386,3.48,77.4501,41.0,0.14
4387,3.68,70.2931,35.0,0.17
4388,5.52,67911.4833,25.0,0.19
4389,4.36,43.9739,21.0,0.18
4390,4.36,67919.7952,33.0,0.16
4391,4.32,50.9025,33.0,0.16
4392,3.64,52.7135,42.0,0.16
4393,4.16,2827.1193,30.0,0.16
4394,3.56,87.8539,42.0,0.16
4395,3.88,79.072,38.0,0.2
4396,3.68,70.29,40.0,0.21
4397,4.6,81.227,31.0,0.2
4398,3.56,96.6349,41.0,0.18
4399,4.12,52.7151,38.0,0.18
4400,4.28,27.6676,26.0,0.17
4401,3.56,54.0362,39.0,0.21
4402,3.44,43.9357,40.0,0.16
4403,3.44,91.3718,42.0,0.15
4404,3.84,70.2826,39.0,0.17
4405,4.28,67943.4679,33.0,0.16
4406,3.72,26.3624,37.0,0.15
4407,4.24,67901.3696,34.0,0.15
4408,3.64,105.4159,42.0,0.16
4409,4.48,53.5711,32.0,0.16
4410,3.84,63.5705,35.0,0.17
4411,4.36,104.4552,34.0,0.18
4412,4.08,67875.8855,34.0,0.17
4413,3.92,70.2874,38.0,0.18
4414,3.36,70.2977,42.0,0.16
4415,3.56,79.064,43.0,0.15
4416,3.36,87.8512,41.0,0.16
4417,4.12,45.121,35.0,0.25
4418,4.52,43.9349,34.0,0.19
4419,3.64,70.2815,40.0,0.2
4420,3.6,70.2816,42.0,0.15
4421,4.36,67926.7577,32.0,0.15
4422,3.48,79.0716,43.0,0.14
4423,4.28,43.9386,29.0,0.15
4424,3.76,87.8511,41.0,0.16
4425,3.72,61.5002,40.0,0.15
4426,4.16,60.5514,27.0,0.16
4427,3.48,96.6333,42.0,0.19
4428,4.16,77.2444,31.0,0.16
4429,4.4,1083.3756,30.0,0.16
4430,4.16,20.6396,-28.0,0.16
4431,3.56,67928.5745,40.0,0.82
4432,4.52,2843.4192,32.0,0.18
4433,3.84,79.066,41.0,0.19
4434,4.44,103.7892,34.0,0.16
4435,4.12,114841.1046,34.0,0.16
4436,3.72,61.5199,38.0,0.2
4437,4.12,60.5397,33.0,0.21
4438,4.32,2903.7888,31.0,0.16
4439,3.28,54.5042,37.0,0.23
4440,4.16,80.0159,33.0,0.27
4441,4.28,120083.9161,38.0,0.18
4442,4.0,52.7154,38.0,0.22
4443,5.0,70692.7295,27.0,0.17
4444,6.52,173.5421,24.0,0.16
4445,4.28,67934.7138,31.0,0.16
4446,3.8,70.282,38.0,0.16
4447,4.12,67902.235,35.0,0.2
4448,3.56,44.8112,38.0,0.18
4449,4.28,45.1168,30.0,0.18
4450,4.04,67944.3438,33.0,0.16
4451,3.88,43.9422,37.0,0.16
4452,4.24,129.9478,35.0,0.17
4453,3.36,96.6378,45.0,0.17
4454,4.52,339329.2958,31.0,0.2
4455,4.32,114799.0177,34.0,0.16
4456,4.28,131.7082,35.0,0.19
4457,4.44,67954.8666,34.0,0.2
4458,3.64,43.9317,42.0,0.27
4459,3.6,54.4701,41.0,0.16
4460,4.28,103.5987,34.0,0.23
4461,5.2,60.8716,28.0,0.16
4462,4.28,80.2516,32.0,0.23
4463,3.52,26.3673,41.0,0.18
4464,3.6,43.9419,39.0,0.14
4465,4.04,67952.2591,33.0,0.21
4466,4.4,95.6758,34.0,0.17
4467,3.36,70.2974,41.0,0.16
4468,4.16,67892.589,34.0,0.16
4469,3.64,61.5144,41.0,0.16
4470,3.56,79.0674,43.0,0.18
4471,4.4,70708.6806,31.0,0.27
4472,3.36,35.1459,42.0,0.15
4473,4.64,67929.1176,31.0,0.16
4474,3.76,44.7732,40.0,0.17
4475,3.44,79.0642,43.0,0.16
4476,4.04,90.0824,41.0,0.15
4477,3.64,52.726,2.0,0.16
4478,4.28,60.5406,32.0,0.17
4479,4.24,359790.3685,32.0,0.16
4480,3.76,61.4972,41.0,0.24
4481,3.48,87.8518,42.0,0.16
4482,4.6,359747.8356,29.0,0.17
4483,3.6,61.5016,39.0,0.18
4484,4.36,26.3631,35.0,0.15
4485,4.12,86.0766,34.0,0.19
4486,3.76,52.7146,40.0,0.15
4487,3.48,87.8564,42.0,0.15
4488,3.88,62.4269,40.0,0.17
4489,4.36,2835.2945,32.0,0.17
4490,3.56,79.0706,40.0,0.18
4491,4.2,20.458,30.0,0.16
4492,4.16,86.031,32.0,0.18
4493,4.36,103.5964,33.0,0.16
4494,3.96,43.9344,35.0,0.16
4495,3.44,79.0646,43.0,0.18
4496,4.4,96.8771,30.0,0.21
4497,5.04,53.2593,29.0,0.17
4498,4.12,67945.2897,35.0,0.17
4499,3.96,87.8521,38.0,0.18
4500,4.2,53.5731,36.0,0.17
4501,5.0,46.4148,27.0,0.15
4502,3.88,52.7139,40.0,0.19
4503,3.52,52.7138,42.0,0.19
4504,3.48,70.2804,42.0,0.14
4505,3.92,53.5839,32.0,0.2
4506,4.44,2885.3227,30.0,0.19
4507,4.36,122.0229,34.0,0.22
4508,5.96,96.5767,24.0,0.19
4509,4.36,95.6795,31.0,0.16
4510,4.36,340344.21,33.0,0.16
4511,3.44,79.0671,42.0,0.16
4512,3.64,87.9937,43.0,0.18
4513,3.92,79.0654,37.0,0.16
4514,4.16,67955.3107,33.0,0.2
4515,4.4,27.5445,26.0,0.16
4516,3.72,43.9396,39.0,0.16
4517,5.08,67883.804,25.0,0.22
4518,4.24,94.8143,34.0,0.19
4519,4.64,62.6817,30.0,0.2
4520,3.76,87.849,41.0,0.16
4521,4.04,46.9903,-6.0,0.15
4522,5.6,67892.5858,26.0,0.15
4523,4.24,67934.6872,32.0,0.17
4524,4.52,69.316,33.0,0.23
4525,6.6,2706.1992,21.0,0.2
4526,3.6,79.0671,42.0,0.21
4527,3.6,79.0654,40.0,0.18
4528,4.6,94.8176,31.0,0.18
4529,4.28,67952.2483,35.0,0.16
4530,4.84,67936.4401,29.0,0.17
4531,4.56,87.7932,31.0,0.18
4532,4.96,447.313,29.0,0.17
4533,4.36,147.5181,35.0,0.17
4534,3.96,359741.0081,34.0,0.18
4535,4.76,67875.2191,26.0,0.16
4536,4.24,79.9258,35.0,0.16
4537,3.44,70.2936,43.0,0.16
4538,4.6,67943.4687,29.0,0.21
4539,3.92,72.9031,36.0,0.25
4540,4.36,113.237,34.0,0.17
4541,3.76,87.8491,40.0,0.17
4542,3.72,87.8484,40.0,0.21
4543,4.16,67910.1549,33.0,0.15
4544,3.48,52.7202,43.0,0.15
4545,3.4,70.2833,44.0,0.14
4546,3.76,61.4966,40.0,0.15
4547,5.88,2592.3416,23.0,0.17
4548,4.32,96.1344,34.0,0.19
4549,3.72,64.1231,37.0,0.23
4550,3.56,70.2817,42.0,0.2
4551,4.32,52.7269,31.0,0.17
4552,3.72,55.7746,7.0,0.17
4553,4.24,67952.2555,32.0,0.18
4554,4.68,103.6004,29.0,0.19
4555,5.0,407204.3036,29.0,0.17
4556,3.32,43.9509,42.0,0.16
4557,4.16,67927.7215,34.0,0.19
4558,3.88,359790.337,36.0,0.17
4559,3.52,105.4167,44.0,0.26
4560,4.32,112.3817,34.0,0.17
4561,4.4,26.365,31.0,0.2
4562,5.0,93.8218,28.0,0.26
4563,4.72,67877.4995,28.0,0.15
4564,3.88,87.8518,38.0,0.15
4565,4.0,26.3649,38.0,0.15
4566,3.8,35.1593,33.0,0.19
4567,4.32,35.1521,31.0,0.16
4568,3.68,79.6282,42.0,0.17
4569,4.52,86.0305,35.0,0.16
4570,3.48,105.4164,43.0,0.19
4571,3.76,52.7128,40.0,0.79
4572,4.24,79.0735,34.0,0.16
4573,3.68,96.6353,42.0,0.16
4574,3.64,96.6326,42.0,0.16
4575,3.72,61.508,40.0,0.17
4576,3.36,61.5002,41.0,0.15
4577,4.2,67875.8742,33.0,0.16
4578,4.36,50.9008,34.0,0.19
4579,3.72,67920.0144,38.0,0.21
4580,3.84,67893.5004,36.0,0.16
4581,5.12,67876.0728,29.0,0.15
4582,3.6,87.8511,38.0,0.18
4583,3.96,70.283,34.0,0.18
4584,4.24,61.4999,33.0,0.16
4585,4.48,52.7177,33.0,0.18
4586,3.76,125.9625,41.0,0.19
4587,4.52,61.7042,33.0,0.17
4588,3.72,67939.2976,37.0,0.19
4589,3.6,96.6321,42.0,0.17
4590,3.8,38.2036,-21.0,0.16
4591,3.68,43.9293,41.0,0.16
4592,4.48,67911.4566,33.0,0.2
4593,4.28,2825.6513,34.0,0.23
4594,3.48,105.4195,42.0,0.15
4595,3.88,0.0595,4.0,0.16
4596,3.6,35.1451,41.0,0.15
4597,4.16,36.0058,36.0,0.2
4598,4.16,53.5713,36.0,0.17
4599,4.88,78.1313,29.0,0.16
4600,4.04,27.7266,28.0,0.2
4601,4.52,1110.5789,34.0,0.23
4602,4.36,67892.5857,33.0,0.15
4603,3.36,61.4995,44.0,0.15
4604,4.24,77.2454,36.0,0.16
4605,3.36,87.8483,44.0,0.2
4606,4.76,113.2377,30.0,0.19
4607,3.68,87.852,41.0,0.17
4608,4.44,67961.8903,31.0,0.16
4609,4.56,10.8381,22.0,0.16
4610,3.56,87.8476,43.0,0.19
4611,3.72,35.148,39.0,0.2
4612,3.48,61.4998,43.0,0.23
4613,4.48,1119.3624,33.0,0.25
4614,4.24,359756.0521,33.0,0.16
4615,3.76,87.8542,38.0,0.17
4616,4.12,67911.0095,35.0,0.16
4617,6.68,143.3068,23.0,0.23
4618,4.16,67901.5851,32.0,0.16
4619,4.04,43.9776,35.0,0.23
4620,4.52,86.0297,32.0,0.17
4621,3.72,79.065,40.0,0.17
4622,4.28,67953.1264,32.0,0.15
4623,3.56,70.2799,42.0,0.15
4624,3.64,70.2863,42.0,0.15
4625,3.8,61.5002,40.0,0.16
4626,4.6,67944.3287,32.0,0.19
4627,3.8,339287.1983,35.0,0.16
4628,4.4,103.5986,32.0,0.16
4629,3.36,43.9344,44.0,0.15
4630,6.08,67893.7656,24.0,0.18
4631,4.52,71.1418,32.0,0.2
4632,3.56,105.4168,42.0,0.16
4633,3.56,105.4172,43.0,0.18
4634,4.04,67910.1536,35.0,0.2
4635,4.36,123.221,33.0,0.18
4636,4.24,112.3859,36.0,0.16
4637,3.84,67918.9955,35.0,0.16
4638,3.68,70.2828,40.0,0.16
4639,4.64,339356.5063,32.0,0.19
4640,3.92,67918.9391,35.0,0.18
4641,4.32,67944.3235,32.0,0.17
4642,3.56,96.6317,43.0,0.14
4643,3.6,87.854,39.0,0.14
4644,3.88,43.9336,39.0,0.15
4645,4.32,77.2739,30.0,0.15
4646,4.24,2894.9668,25.0,0.17
4647,4.16,23875.7611,37.0,0.19
4648,3.72,407163.0584,38.0,0.18
4649,5.24,3184.8293,28.0,0.24
4650,3.76,70.385,40.0,0.16
4651,4.24,104.4553,35.0,0.17
4652,3.32,87.866,43.0,0.19
4653,3.64,52.7409,38.0,0.18
4654,3.56,96.6346,43.0,0.2
4655,4.28,339295.9838,31.0,0.23
4656,4.24,67961.8952,33.0,0.2
4657,4.36,1118.5073,35.0,0.18
4658,3.48,52.7154,43.0,0.17
4659,4.52,72119.6344,30.0,0.18
4660,3.68,52.7163,41.0,0.18
4661,4.16,43.9533,35.0,0.15
4662,4.04,44.0312,30.0,0.15
4663,4.04,45.7001,35.0,0.15
4664,5.36,2903.0696,26.0,0.15
4665,5.72,335797.5347,25.0,0.25
4666,3.68,79.0677,41.0,0.16
4667,3.88,70469.3814,38.0,0.16
4668,3.68,43.9322,40.0,0.16
4669,4.24,67961.8914,34.0,0.19
4670,3.72,26.3613,41.0,0.24
4671,4.2,1084.2295,31.0,0.17
4672,5.2,17.7935,25.0,0.16
4673,5.08,46.0948,31.0,0.16
4674,5.56,28.9746,26.0,0.16
4675,3.6,70.2852,40.0,0.16
4676,3.44,96.6356,42.0,0.16
4677,3.68,70.2868,41.0,0.16
4678,4.04,106.5311,32.0,0.17
4679,3.56,43.9384,39.0,0.17
4680,4.4,2731.1185,26.0,0.17
4681,4.04,359711.3621,30.0,0.14
4682,3.4,43.9457,38.0,0.15
4683,3.68,61.5113,40.0,0.14
4684,3.68,89.6118,39.0,0.18
4685,3.68,52.7136,40.0,0.15
4686,4.2,1101.8047,32.0,0.16
4687,3.8,87.8544,37.0,0.16
4688,3.68,67917.1242,32.0,0.17
4689,3.8,61.5015,38.0,0.17
4690,3.48,61.5112,43.0,0.19
4691,3.64,79.071,38.0,0.17
4692,3.92,35.147,38.0,0.16
4693,4.48,54.7534,30.0,0.16
4694,3.56,61.5016,41.0,0.15
4695,3.52,79.0679,39.0,0.21
4696,4.28,95.6704,33.0,0.16
4697,3.6,87.8492,40.0,0.16
4698,3.36,35.1538,38.0,0.15
4699,4.16,35.166,32.0,0.19
4700,4.2,53.9076,30.0,0.18
4701,3.8,52.7273,36.0,0.2
4702,3.8,72.0443,39.0,0.19
4703,5.52,67943.4674,26.0,0.15
4704,3.72,43.9338,36.0,0.21
4705,3.88,79.066,39.0,0.22
4706,3.56,52.7133,40.0,0.15
4707,4.48,55.0986,29.0,0.23
4708,6.44,37.3046,20.0,0.17
4709,4.28,79.8759,31.0,0.16
4710,4.6,95.671,32.0,0.16
4711,4.4,155.0278,34.0,0.23
4712,3.56,61.4996,42.0,0.25
4713,4.84,35.3522,29.0,0.16
4714,4.64,68.4623,31.0,0.87
4715,3.88,52.7175,39.0,0.18
4716,4.08,26.3702,26.0,0.16
4717,4.48,67919.7928,33.0,0.16
4718,3.64,70.2829,38.0,0.16
4719,4.24,115.0005,32.0,0.17
4720,3.52,52.715,42.0,0.15
4721,4.6,70683.0883,30.0,0.16
4722,3.88,70.2856,39.0,0.16
4723,3.88,61.5026,38.0,0.16
4724,4.64,35.3486,31.0,0.16
4725,4.16,62.3743,34.0,0.16
4726,4.4,67911.9255,29.0,0.19
4727,4.36,135750.0272,31.0,0.2
4728,3.4,61.4978,41.0,0.21
4729,4.16,67912.2079,34.0,0.23
4730,3.56,79.5613,42.0,0.15
4731,3.52,61.5095,39.0,0.16
4732,4.6,61.5049,29.0,0.23
4733,4.2,67970.6769,34.0,0.16
4734,3.88,54.4708,40.0,0.16
4735,4.12,33932.8161,34.0,0.17
4736,3.48,52.7234,40.0,0.16
4737,4.48,68923.2515,31.0,0.16
4738,3.64,79.0732,41.0,0.16
4739,3.44,87.8512,44.0,0.16
4740,5.6,67896.0664,22.0,0.19
4741,3.72,61.5039,40.0,0.14
4742,3.68,35.145,41.0,0.14
4743,4.48,2885.3199,30.0,0.15
4744,3.48,87.8586,41.0,0.15
4745,6.04,70751.5394,23.0,0.17
4746,4.24,86.887,35.0,0.18
4747,4.36,67901.3725,32.0,0.16
4748,3.32,87.8613,41.0,0.15
4749,3.68,43.9316,41.0,0.15
4750,4.28,67934.704,32.0,0.16
4751,4.44,67935.5419,32.0,0.16
4752,4.28,67926.7589,31.0,0.17
4753,4.6,427588.0548,28.0,0.23
4754,4.28,103.5997,34.0,0.18
4755,3.68,43.9298,41.0,0.24
4756,4.72,339321.8761,26.0,0.18
4757,3.92,52.7169,36.0,0.19
4758,3.84,67929.4942,37.0,0.24
4759,3.68,70.2817,41.0,0.17
4760,3.64,70.2809,42.0,0.16
4761,4.4,36.0042,33.0,0.14
4762,4.44,53.58,33.0,0.18
4763,4.2,79.924,34.0,0.21
4764,3.88,79.0695,39.0,0.16
4765,3.36,87.8507,42.0,0.2
4766,3.56,52.717,39.0,0.15
4767,3.84,70.2844,38.0,0.16
4768,4.28,339321.3743,33.0,0.16
4769,3.68,52.7182,41.0,0.16
4770,3.56,96.6378,42.0,0.16
4771,4.44,70.2969,32.0,0.17
4772,4.16,71.1401,33.0,0.17
4773,5.04,67952.3237,26.0,0.21
4774,4.12,67902.3453,28.0,0.2
4775,3.8,79.157,39.0,0.18
4776,4.56,1101.7984,33.0,0.18
4777,4.04,52.7144,39.0,0.16
4778,5.68,45.2337,25.0,0.21
4779,4.36,218.3068,24.0,0.16
4780,3.48,87.8546,42.0,0.18
4781,3.8,454879.7719,35.0,0.15
4782,4.16,112.3857,33.0,0.16
4783,3.56,70.2824,42.0,0.16
4784,4.52,67943.4795,31.0,0.15
4785,4.64,35.1821,30.0,0.2
4786,4.52,2877.3922,31.0,0.25
4787,3.76,339296.8601,36.0,0.24
4788,4.08,359789.3692,33.0,0.25
4789,3.68,70.2814,41.0,0.28
4790,3.8,53.5705,40.0,0.17
4791,3.68,67911.018,36.0,0.19
4792,3.48,79.0679,43.0,0.17
4793,4.32,67943.49,32.0,0.16
4794,4.6,67935.5394,32.0,0.16
4795,3.96,35.189,35.0,0.16
4796,3.8,61.5025,40.0,0.18
4797,4.16,36.0034,34.0,0.16
4798,3.56,79.0642,41.0,0.16
4799,3.56,87.8552,40.0,0.15
4800,4.48,96.0209,31.0,0.16
4801,4.24,339311.7493,33.0,0.16
4802,4.24,52.7147,38.0,0.19
4803,3.96,44.8528,35.0,0.17
4804,4.28,35.1498,35.0,0.16
4805,4.24,70.2884,36.0,0.17
4806,4.08,101.9952,33.0,0.19
4807,4.16,55.3326,34.0,0.19
4808,4.56,70710.4972,30.0,0.16
4809,3.68,79.0666,41.0,0.18
4810,3.76,43.9324,40.0,0.15
4811,4.24,2836.1523,33.0,0.17
4812,3.64,61.4978,41.0,0.17
4813,3.72,43.9324,40.0,0.21
4814,3.4,52.73,40.0,0.17
4815,4.24,2902.8856,31.0,0.16
4816,4.16,52.7516,35.0,0.16
4817,3.96,67884.6642,34.0,0.16
4818,6.12,403706.6764,21.0,0.18
4819,4.16,35.1709,32.0,0.16
4820,3.8,43.9379,31.0,0.16
4821,4.32,67960.2728,30.0,0.15
4822,4.56,54.7546,31.0,0.15
4823,3.48,79.0659,43.0,0.18
4824,3.92,17.5868,35.0,0.19
4825,4.28,70726.0425,32.0,0.17
4826,4.16,67892.6019,30.0,0.16
4827,4.32,52.7239,35.0,0.16
4828,3.68,70.284,40.0,0.16
4829,3.88,61.5003,39.0,0.16
4830,4.24,86.8926,33.0,0.17
4831,3.76,17.7026,36.0,0.2
4832,4.36,121.1652,34.0,0.2
4833,3.68,96.6378,41.0,0.16
4834,3.8,61.5062,37.0,0.16
4835,6.0,360235.0558,25.0,0.16
4836,3.88,79.0673,38.0,0.16
4837,4.44,67884.6677,29.0,0.16
4838,4.56,2844.52,31.0,0.16
4839,4.2,67911.0086,31.0,0.16
4840,4.16,26.3836,32.0,0.16
4841,4.2,2907.3728,33.0,0.15
4842,3.52,62.8198,42.0,0.14
4843,3.4,82.1236,41.0,0.14
4844,4.24,67979.4608,33.0,0.15
4845,3.44,87.862,42.0,0.15
4846,3.76,79.0655,41.0,0.17
4847,3.6,187897.994,33.0,0.27
4848,6.08,141.525,22.0,0.24
4849,4.48,67910.1621,30.0,0.2
4850,4.28,68.4631,32.0,0.18
4851,3.44,61.5097,39.0,0.21
4852,3.64,70.2874,41.0,0.19
4853,3.64,96.6447,42.0,0.17
4854,4.4,122.9333,32.0,0.16
4855,3.2,43.9499,44.0,0.15
4856,3.48,52.7216,36.0,0.16
4857,4.4,343011.3134,32.0,0.18
4858,4.48,70.3854,32.0,0.19
4859,4.2,67902.2366,32.0,0.17
4860,4.04,87.3573,37.0,0.2
4861,3.56,61.4962,43.0,0.14
4862,3.96,67926.7837,32.0,0.14
4863,3.6,8387.5635,41.0,0.26
4864,3.36,70.28,44.0,0.14
4865,3.76,54.0354,37.0,0.15
4866,4.4,339320.5218,30.0,0.18
4867,3.2,52.7369,38.0,0.18
4868,3.44,67892.597,34.0,0.17
4869,6.08,1067.5813,21.0,0.19
4870,4.24,119158.2034,34.0,0.17
4871,3.68,2745.3104,36.0,0.16
4872,4.32,77.2444,34.0,0.16
4873,3.68,64.2495,38.0,0.17
4874,4.32,103.6078,31.0,0.16
4875,4.56,359699.1868,27.0,0.16
4876,3.64,61.5068,40.0,0.15
4877,3.6,80.3958,41.0,0.16
4878,3.36,52.7198,41.0,0.16
4879,4.36,67936.4438,31.0,0.16
4880,3.04,43.9484,39.0,0.17
4881,4.36,68.4639,34.0,0.15
4882,3.76,122.9979,40.0,0.14
4883,4.48,67943.4707,29.0,0.15
4884,3.2,79.076,42.0,0.14
4885,3.96,19.7132,35.0,0.15
4886,3.84,43.9622,38.0,0.16
4887,3.36,79.0799,40.0,0.15
4888,4.32,32325.3723,33.0,0.16
4889,3.48,52.7254,40.0,0.17
4890,3.48,35.1448,43.0,0.16
4891,4.24,103.599,33.0,0.16
4892,5.88,18.8983,25.0,0.16
4893,3.6,67928.5832,38.0,0.18
4894,4.84,70734.8275,27.0,0.18
4895,3.56,43.9301,43.0,0.16
4896,3.76,70.2847,39.0,0.2
4897,3.6,96.635,42.0,0.16
4898,4.32,72464.9323,35.0,0.15
4899,4.12,71423.6735,29.0,0.17
4900,3.64,54.7513,37.0,0.15
4901,3.56,70.2801,42.0,0.25
4902,4.2,2877.3911,33.0,0.15
4903,3.76,45.7052,35.0,0.15
4904,4.56,67934.6857,29.0,0.15
4905,5.92,96.1191,27.0,0.17
4906,3.28,55.7779,39.0,0.15
4907,3.56,96.6319,42.0,0.16
4908,3.36,61.4975,40.0,0.22
4909,5.12,2826.718,26.0,0.18
4910,3.36,70.284,40.0,0.16
4911,3.84,67901.3706,34.0,0.16
4912,4.32,87.0178,33.0,0.16
4913,3.8,52.728,38.0,0.16
4914,4.24,78.1078,29.0,0.16
4915,4.24,335813.5677,30.0,0.2
4916,4.76,94.8153,29.0,0.16
4917,4.44,67918.9428,31.0,0.16
4918,3.28,43.9379,43.0,0.15
4919,3.56,79.0651,41.0,0.17
4920,4.44,87.2317,29.0,0.16
4921,3.36,114.2075,43.0,0.17
4922,6.48,124.8375,22.0,0.2
4923,3.96,61.4969,38.0,0.17
4924,4.36,113.2385,33.0,0.17
4925,4.72,67935.5386,29.0,0.19
4926,4.16,339364.463,34.0,0.17
4927,3.76,70.2808,41.0,0.16
4928,4.32,67884.6721,32.0,0.18
4929,3.4,43.9444,39.0,0.16
4930,4.28,121.168,35.0,0.18
4931,3.64,36.9253,35.0,0.15
4932,3.56,339313.6312,40.0,0.16
4933,4.24,86.0358,30.0,0.16
4934,4.24,52.7156,35.0,0.16
4935,3.76,52.7187,38.0,0.16
4936,4.0,67912.1964,30.0,0.16
4937,4.24,340128.719,31.0,0.16
4938,3.32,79.0764,44.0,0.15
4939,3.56,61.4999,41.0,0.15
4940,4.0,100132.5244,33.0,0.16
4941,3.88,43.9327,38.0,0.15
4942,3.72,55.1994,36.0,0.15
4943,5.2,35.2043,24.0,0.16
4944,5.48,68.4654,25.0,0.18
4945,4.08,103.7055,33.0,0.15
4946,3.68,87.8482,41.0,0.15
4947,3.72,28.1207,40.0,0.2
4948,4.04,70681.476,27.0,0.19
4949,3.44,79.0754,42.0,0.16
4950,3.52,26.3632,38.0,0.16
4951,3.72,52.7186,36.0,0.16
4952,4.32,67906.5924,30.0,0.16
4953,3.44,55.844,39.0,0.22
4954,3.32,53.582,41.0,0.26
4955,4.36,78.1051,32.0,0.16
4956,4.16,53.5804,35.0,0.16
4957,3.88,99.6969,39.0,0.16
4958,3.44,67885.5731,38.0,0.15
4959,4.32,104.4584,33.0,0.17
4960,3.56,61.7882,42.0,0.19
4961,4.2,339346.8631,32.0,0.15
4962,3.6,43.9386,41.0,0.14
4963,3.44,61.5743,38.0,0.14
4964,5.2,52.7243,28.0,0.15
4965,3.92,67946.143,36.0,0.19
4966,3.52,114773.5184,42.0,0.17
4967,3.64,70.2816,40.0,0.16
4968,4.24,70751.5461,32.0,0.16
4969,4.72,53.9056,32.0,0.17
4970,4.44,67934.7014,29.0,0.16
4971,3.48,52.7161,42.0,0.15
4972,4.32,112.3872,34.0,0.16
4973,3.6,44.4786,40.0,0.17
4974,3.44,87.9536,39.0,0.18
4975,4.16,43.9311,36.0,0.16
4976,3.36,79.064,45.0,0.17
4977,3.52,52.7303,38.0,0.18
4978,4.24,130.0391,33.0,0.17
4979,5.2,36.0112,29.0,0.16
4980,4.36,120075.1371,38.0,0.16
4981,4.4,2920.452,32.0,0.17
4982,4.36,71.1418,34.0,0.21
4983,3.64,54.0331,37.0,0.22
4984,3.56,70.2815,43.0,0.22
4985,5.4,66032.7313,25.0,0.17
4986,3.28,70.2803,41.0,0.18
4987,3.92,53.2029,40.0,0.25
4988,4.24,67979.459,34.0,0.16
4989,3.76,79.067,38.0,0.19
4990,4.0,67890.8402,32.0,0.18
4991,3.76,87.8492,41.0,0.16
4992,3.84,61.5037,40.0,0.16
4993,3.64,105.4376,40.0,0.17
4994,4.12,67935.5393,32.0,0.18
4995,3.88,45.7757,36.0,0.17
4996,4.48,339338.9374,32.0,0.17
4997,4.48,67961.0439,33.0,0.23
4998,3.88,87.8546,39.0,0.16
4999,5.04,2842.0835,22.0,0.19
5000,4.76,36.2875,30.0,0.17
5001,4.32,68950.1144,33.0,0.16
5002,3.72,67938.9795,35.0,0.15
5003,3.4,79.084,42.0,0.14
5004,4.36,67926.753,32.0,0.19
5005,4.32,50.9493,31.0,0.15
5006,3.84,64.5781,37.0,0.16
5007,3.96,52.7178,34.0,0.16
5008,4.08,35.1489,38.0,0.17
5009,3.92,67908.3367,33.0,0.19
5010,4.08,35.1573,33.0,0.18
5011,4.28,43.9586,33.0,0.16
5012,3.76,33931.8938,40.0,0.16
5013,3.96,95.7312,30.0,0.18
5014,4.12,87.0053,34.0,0.15
5015,3.48,53.6701,36.0,0.16
5016,3.8,70.2818,39.0,0.22
5017,4.12,103.6091,34.0,0.16
5018,3.28,70.2955,43.0,0.15
5019,4.44,103.8773,33.0,0.16
5020,3.72,61.5076,38.0,0.15
5021,4.36,339347.7815,31.0,0.2
5022,4.04,86.0481,37.0,0.15
5023,4.32,103.5966,32.0,0.17
5024,3.48,70.2812,43.0,0.16
5025,4.16,70727.0111,33.0,0.15
5026,3.52,96.6327,41.0,0.15
5027,3.52,119117.8832,36.0,0.16
5028,3.48,43.9296,37.0,0.15
5029,4.6,498.1943,27.0,0.16
5030,3.72,52.7142,38.0,0.15
5031,3.12,52.7236,43.0,0.15
5032,4.6,3900.2276,34.0,0.18
5033,3.44,52.7172,39.0,0.16
5034,4.08,35.1749,34.0,0.17
5035,5.24,2825.7907,25.0,0.16
5036,4.52,70.4873,33.0,0.16
5037,3.36,79.0724,42.0,0.15
5038,4.12,67943.4926,18.0,0.16
5039,5.04,67893.9933,26.0,0.17
5040,3.72,35.148,40.0,0.21
5041,3.36,17.5821,42.0,0.15
5042,3.36,52.7138,40.0,0.16
5043,3.36,67868.724,37.0,0.15
5044,3.68,52.717,33.0,0.15
5045,3.88,70.2892,38.0,0.16
5046,3.84,61.4996,39.0,0.16
5047,4.48,2818.0382,31.0,0.16
5048,4.04,69.3251,35.0,0.16
5049,3.56,79.0732,37.0,0.16
5050,3.44,79.165,40.0,0.18
5051,3.2,52.7324,46.0,0.15
5052,3.2,52.7133,38.0,0.2
5053,3.76,114.2028,38.0,0.18
5054,4.56,36.203,32.0,0.17
5055,3.44,11.9217,21.0,0.15
5056,3.44,61.4988,43.0,0.16
5057,3.52,70.2885,41.0,0.2
5058,4.24,78.5723,33.0,0.22
5059,3.8,52.7132,38.0,0.25
5060,3.44,70.2876,42.0,0.22
5061,3.8,43.9523,35.0,0.14
5062,4.12,2869.583,34.0,0.14
5063,4.44,2852.0368,32.0,0.17
5064,4.0,2870.4272,34.0,0.14
5065,5.28,62.8018,31.0,0.15
5066,4.36,86.0294,34.0,0.16
5067,4.44,121.0256,33.0,0.16
5068,3.64,43.9436,37.0,0.16
5069,3.84,61.5033,38.0,0.17
5070,3.56,79.0651,42.0,0.17
5071,4.2,52.7226,33.0,0.23
5072,3.32,89.1742,41.0,0.19
5073,3.88,87.8522,38.0,0.16
5074,5.52,60.5319,21.0,0.2
5075,4.16,68.4636,34.0,0.16
5076,4.24,69.3272,27.0,0.16
5077,3.8,70.3575,36.0,0.16
5078,4.28,359741.4559,31.0,0.16
5079,4.12,52.716,37.0,0.16
5080,3.36,70.294,41.0,0.15
5081,4.08,339320.5211,32.0,0.14
5082,3.56,61.5035,42.0,0.16
5083,4.36,79.0665,34.0,0.15
5084,4.16,94.8149,33.0,0.14
5085,3.56,105.4191,42.0,0.14
5086,3.44,53.5807,36.0,0.14
5087,3.96,79.0677,40.0,0.16
5088,4.04,70.9241,34.0,0.16
5089,3.76,70.281,38.0,0.23
5090,4.28,78.1122,34.0,0.16
5091,3.36,79.0646,45.0,0.18
5092,4.16,70734.8392,31.0,0.17
5093,4.32,86.0301,31.0,0.16
5094,3.72,70.3381,41.0,0.16
5095,4.44,94.8123,33.0,0.16
5096,3.6,87.8484,41.0,0.16
5097,3.56,96.6359,41.0,0.24
5098,4.08,61.6282,36.0,0.16
5099,4.12,61.513,39.0,0.23
5100,3.48,70.284,43.0,0.16
5101,3.36,52.7247,40.0,0.15
5102,3.92,55.9156,38.0,0.16
5103,3.84,52.7194,32.0,0.25
5104,3.92,52.7133,38.0,0.15
5105,3.76,96.6353,41.0,0.15
5106,5.4,700484.4441,28.0,0.15
5107,3.44,80.8208,41.0,0.15
5108,3.96,70.2826,39.0,0.17
5109,3.88,61.4977,38.0,0.18
5110,3.84,647.7209,33.0,0.18
5111,3.88,63.1195,37.0,0.17
5112,3.56,52.7162,39.0,0.16
5113,3.44,61.503,42.0,0.16
5114,3.88,61.4975,40.0,0.16
5115,3.84,56.1005,37.0,0.16
5116,3.32,79.0702,41.0,0.16
5117,3.64,43.9412,41.0,0.17
5118,4.32,67946.0912,30.0,0.21
5119,5.32,70729.1,26.0,0.16
5120,3.76,46.5528,38.0,0.19
5121,4.32,1119.3713,34.0,0.15
5122,5.2,2843.4204,28.0,0.15
5123,4.92,2851.4855,28.0,0.15
5124,3.64,96.6353,40.0,0.2
5125,3.68,105.4191,41.0,0.18
5126,4.4,87.7928,32.0,0.23
5127,4.64,2826.7873,24.0,0.18
5128,3.84,2886.1797,34.0,0.16
5129,3.76,61.5212,33.0,0.16
5130,4.16,2860.7883,35.0,0.17
5131,3.8,37.1845,38.0,0.17
5132,4.36,67887.0059,32.0,0.19
5133,3.96,61.7376,40.0,0.17
5134,3.92,70.2841,39.0,0.16
5135,4.2,69.321,31.0,0.16
5136,4.48,112.3905,34.0,0.16
5137,4.52,338325.1512,31.0,0.16
5138,4.36,67935.541,33.0,0.16
5139,3.56,70.2805,43.0,0.17
5140,3.48,79.0643,41.0,0.18
5141,4.16,70751.5402,35.0,0.15
5142,4.36,94.8154,34.0,0.17
5143,4.16,2902.8832,36.0,0.15
5144,4.24,62.682,36.0,0.15
5145,3.72,67892.6542,38.0,0.15
5146,4.0,67900.4171,30.0,0.15
5147,4.36,44.06,32.0,0.19
5148,3.32,35.1608,43.0,0.15
5149,3.88,67944.3342,35.0,0.15
5150,3.8,61.4977,39.0,0.16
5151,4.4,129.9626,30.0,0.2
5152,4.56,112.388,35.0,0.18
5153,4.88,407177.95,31.0,0.26
5154,3.44,96.6354,44.0,0.22
5155,3.72,70.2882,40.0,0.16
5156,3.28,105.423,45.0,0.79
5157,4.16,62.3596,36.0,0.16
5158,3.44,70.2802,43.0,0.18
5159,4.32,78.1071,34.0,0.16
5160,3.92,53.2623,39.0,0.16
5161,3.76,61.4965,38.0,0.22
5162,3.44,35.1581,43.0,0.16
5163,4.8,70693.2434,25.0,0.27
5164,4.36,67920.1218,34.0,0.17
5165,4.68,63.5418,30.0,0.18
5166,3.64,88.7092,39.0,0.19
5167,3.72,339348.7508,39.0,0.17
5168,4.16,138.7327,35.0,0.19
5169,5.12,67937.642,27.0,0.16
5170,4.16,121.1671,35.0,0.17
5171,4.16,67952.2552,34.0,0.16
5172,3.56,114.2035,42.0,0.16
5173,3.68,61.4978,40.0,0.16
5174,4.4,2852.0047,32.0,0.16
5175,4.44,340302.9676,32.0,0.2
5176,4.36,2867.7556,33.0,0.16
5177,4.16,105.3616,36.0,0.18
5178,4.04,67952.2679,34.0,0.16
5179,4.96,112.387,31.0,0.22
5180,3.68,87.8521,39.0,0.16
5181,4.16,44.0063,32.0,0.16
5182,4.24,67919.792,32.0,0.24
5183,4.16,70725.1854,35.0,0.16
5184,4.24,61.5005,34.0,0.19
5185,3.48,79.0649,43.0,0.16
5186,4.32,112.3821,33.0,0.22
5187,4.56,35.1497,34.0,0.16
5188,3.44,61.4981,41.0,0.18
5189,4.16,67941.8476,29.0,0.18
5190,3.76,61.5966,37.0,0.21
5191,4.48,68.7432,33.0,0.19
5192,3.68,133831.3616,36.0,0.18
5193,3.64,70.2868,41.0,0.17
5194,4.08,339355.6504,36.0,0.16
5195,3.76,26.3628,38.0,0.2
5196,5.84,113.6937,26.0,0.16
5197,4.08,61.5036,36.0,0.17
5198,3.68,79.0701,41.0,0.16
5199,4.4,3909.0114,34.0,0.16
5200,3.76,43.9329,38.0,0.18
5201,4.64,2855.3704,31.0,0.16
5202,4.36,114.1501,32.0,0.21
5203,4.4,86.0307,32.0,0.2
5204,3.68,61.5,41.0,0.18
5205,4.2,61.5039,32.0,0.16
5206,3.64,105.4197,42.0,0.19
5207,4.36,86.0286,33.0,0.16
5208,3.36,105.4247,44.0,0.22
5209,3.6,52.717,39.0,0.19
5210,4.28,407186.7384,33.0,0.23
5211,3.52,61.5001,42.0,0.16
5212,3.72,35.1493,37.0,0.16
5213,3.88,96.6366,39.0,0.23
5214,3.64,79.0654,39.0,0.16
5215,4.72,339311.7332,30.0,0.16
5216,4.24,339355.7104,33.0,0.16
5217,4.24,407204.3018,33.0,0.16
5218,4.4,121.171,33.0,0.16
5219,4.2,339320.6314,34.0,0.15
5220,3.56,70.4391,41.0,0.17
5221,4.24,52.7241,38.0,0.16
5222,4.24,121.1671,36.0,0.18
5223,5.2,832827.1253,27.0,0.17
5224,3.52,61.5029,42.0,0.16
5225,4.24,73.4898,35.0,0.17
5226,3.64,61.5111,38.0,0.17
5227,3.96,339304.7667,32.0,0.18
5228,6.08,2732.4922,26.0,0.19
5229,3.4,74.2126,40.0,0.18
5230,4.96,2904.1854,30.0,0.18
5231,3.64,35.1465,34.0,0.2
5232,4.0,149.2975,36.0,0.18
5233,4.44,83.1284,32.0,0.18
5234,3.68,70.4433,39.0,0.18
5235,3.8,63.2672,38.0,0.16
5236,6.04,66052.0665,24.0,0.19
5237,4.12,339320.5225,33.0,0.17
5238,4.36,131.7137,33.0,0.24
5239,4.36,61.603,31.0,0.16
5240,4.84,133935.8486,31.0,0.16
5241,3.36,87.8485,42.0,0.16
5242,3.48,17.5916,38.0,0.16
5243,4.92,2860.9902,30.0,0.16
5244,4.24,103.5967,35.0,0.16
5245,4.2,84.4194,33.0,0.16
5246,4.16,94.8163,35.0,0.16
5247,4.4,86.0384,30.0,0.16
5248,3.6,70.2912,39.0,0.17
5249,3.6,26.3631,40.0,0.16
5250,4.32,94.8118,33.0,0.16
5251,3.68,70.2978,35.0,0.16
5252,3.96,61.5004,37.0,0.16
5253,5.48,2885.3166,24.0,0.18
5254,4.24,71467.5769,34.0,0.16
5255,3.72,79.0688,42.0,0.23
5256,4.32,67917.1141,33.0,0.16
5257,4.32,47.1365,35.0,0.16
5258,3.92,61.4998,38.0,0.16
5259,3.68,70.2839,41.0,0.16
5260,4.16,61.515,35.0,0.16
5261,3.48,96.6325,41.0,0.16
5262,4.36,1092.1548,34.0,0.14
5263,3.64,96.6318,42.0,0.14
5264,3.68,43.9296,40.0,0.15
5265,4.08,1085.2693,32.0,0.14
5266,4.04,96.6338,40.0,0.15
5267,3.64,52.7138,39.0,0.15
5268,4.0,70709.4456,35.0,0.15
5269,4.2,82.0646,32.0,0.22
5270,5.4,67928.992,29.0,0.16
5271,4.64,67892.7868,33.0,0.16
5272,4.48,50.9004,32.0,0.16
5273,6.24,1214.8043,26.0,0.18
5274,3.64,61.4992,40.0,0.16
5275,4.88,44.1334,29.0,0.16
5276,4.12,96.584,30.0,0.16
5277,3.4,73.7343,42.0,0.18
5278,4.04,103.5998,37.0,0.17
5279,3.24,61.6072,41.0,0.15
5280,3.44,79.0698,44.0,0.17
5281,3.56,67962.8558,39.0,0.16
5282,4.88,68330.1447,28.0,0.23
5283,4.84,61.5068,33.0,0.16
5284,4.24,103.5971,34.0,0.14
5285,3.96,2911.6808,33.0,0.15
5286,4.56,104.9056,30.0,0.15
5287,4.56,67954.8727,26.0,0.18
5288,3.56,105.4185,42.0,0.2
5289,4.76,36.4208,31.0,0.16
5290,4.36,340336.2788,34.0,0.18
5291,4.24,86.0299,34.0,0.16
5292,3.36,96.6339,44.0,0.15
5293,3.48,67.6252,38.0,0.2
5294,4.0,335838.9674,32.0,0.16
5295,3.4,61.5028,42.0,0.15
5296,3.56,70.2809,41.0,0.16
5297,4.76,26.3627,28.0,0.16
5298,4.24,407221.879,31.0,0.16
5299,3.8,61.5052,35.0,0.16
5300,4.2,182646.6961,31.0,0.18
5301,3.52,52.7146,40.0,0.17
5302,3.44,61.5035,40.0,0.15
5303,3.76,87.8524,40.0,0.15
5304,3.44,96.6357,42.0,0.15
5305,4.32,86.0463,33.0,0.8
5306,3.6,43.9396,42.0,0.16
5307,4.36,165.0958,34.0,0.18
5308,3.84,87.8511,40.0,0.16
5309,3.76,339322.3588,39.0,0.16
5310,4.36,67936.444,31.0,0.16
5311,3.32,35.1607,40.0,0.25
5312,3.32,70.3842,43.0,0.19
5313,5.28,67910.12,27.0,0.18
5314,3.64,61.5003,38.0,0.16
5315,3.72,70.2952,38.0,0.16
5316,3.48,96.6354,43.0,0.15
5317,3.36,38.2055,41.0,0.16
5318,4.16,35.1668,30.0,0.17
5319,3.92,87.852,36.0,0.16
5320,3.72,43.9301,39.0,0.17
5321,3.52,87.8498,43.0,0.15
5322,3.16,35.1636,43.0,0.15
5323,3.44,61.503,42.0,0.14
5324,3.96,70708.745,31.0,0.14
5325,3.68,43.9314,39.0,0.22
5326,5.32,86.037,30.0,0.28
5327,3.88,65.2923,36.0,0.2
5328,4.16,26.527,30.0,0.21
5329,5.96,2885.3202,25.0,0.23
5330,3.12,70.2928,43.0,0.2
5331,3.64,67885.5621,36.0,0.17
5332,3.36,79.0773,40.0,0.17
5333,3.36,61.4983,41.0,0.16
5334,3.64,67918.9341,40.0,0.16
5335,4.36,190800.8433,32.0,0.17
5336,4.32,68.4744,31.0,0.16
5337,4.52,112.3818,33.0,0.16
5338,4.28,105.3593,30.0,0.19
5339,4.12,2938.0241,36.0,0.2
5340,4.2,67902.4442,33.0,0.16
5341,5.12,67943.4767,26.0,0.16
5342,4.16,68.5574,28.0,0.21
5343,3.48,114774.4253,41.0,0.15
5344,3.28,52.7135,42.0,0.14
5345,3.84,79.072,37.0,0.18
5346,4.2,67969.8288,28.0,0.27
5347,3.48,70.2874,39.0,0.2
5348,4.16,103.6812,36.0,0.27
5349,3.48,79.07,43.0,0.17
5350,4.36,26.3708,33.0,0.17
5351,3.4,35.1712,40.0,0.16
5352,4.44,340335.4228,31.0,0.16
5353,4.36,103.5971,35.0,0.16
5354,4.36,67936.4516,31.0,0.16
5355,3.52,359763.9823,36.0,0.18
5356,5.08,67952.2508,30.0,0.16
5357,3.72,80.828,37.0,0.16
5358,4.24,68.7479,32.0,0.16
5359,3.56,72.0434,42.0,0.15
5360,4.28,1371.2299,29.0,0.16
5361,3.28,46.5697,37.0,0.14
5362,3.4,52.714,44.0,0.14
5363,4.24,2911.6698,33.0,0.15
5364,3.36,43.9426,35.0,0.14
5365,4.12,79.9864,33.0,0.14
5366,4.24,61.5388,35.0,0.16
5367,4.36,1083.3738,32.0,0.16
5368,3.32,70.2889,44.0,0.16
5369,3.88,35.1606,36.0,0.2
5370,4.08,2886.7319,32.0,0.23
5371,4.32,3882.7044,32.0,0.17
5372,4.16,71748.9112,33.0,0.16
5373,3.4,339260.8627,36.0,0.16
5374,3.36,43.9401,35.0,0.17
5375,5.0,1180.64,29.0,0.18
5376,3.24,44.0876,39.0,0.15
5377,4.04,2861.343,35.0,0.22
5378,3.68,61.511,40.0,0.19
5379,3.08,52.741,40.0,0.16
5380,3.68,67901.3738,36.0,0.26
5381,3.28,38.2195,39.0,0.14
5382,3.52,79.071,39.0,0.14
5383,4.0,454082.7794,33.0,0.22
5384,3.92,77.252,31.0,0.15
5385,4.0,103.9447,34.0,0.14
5386,3.8,57.428,36.0,0.15
5387,3.36,43.9463,33.0,0.15
5388,3.64,339311.7407,31.0,0.16
5389,3.16,52.7289,37.0,0.24
5390,3.8,52.7251,39.0,0.19
5391,5.2,77.2568,28.0,0.16
5392,3.44,43.953,33.0,0.15
5393,3.76,35.3096,32.0,0.2
5394,3.64,61.5036,38.0,0.16
5395,4.52,35.2569,31.0,0.18
5396,3.16,61.511,40.0,0.19
5397,3.28,23815.1357,39.0,0.17
5398,3.32,52.7219,42.0,0.16
5399,3.52,86.1601,33.0,0.2
5400,3.2,72.0445,42.0,0.17
5401,3.2,43.9596,38.0,0.14
5402,4.48,67892.7872,33.0,0.18
5403,4.68,69328.2783,27.0,0.15
5404,4.36,39750.1172,31.0,0.24
5405,4.28,359779.8073,27.0,0.19
5406,3.8,37.6309,32.0,0.16
5407,4.36,44.0096,28.0,0.17
5408,3.4,87.9584,41.0,0.18
5409,4.2,67954.0072,31.0,0.15
5410,4.04,139812.1426,28.0,0.16
5411,4.16,339320.5134,32.0,0.16
5412,4.0,77.3037,32.0,0.15
5413,4.4,236145.2038,31.0,0.16
5414,3.28,17.6957,39.0,0.15
5415,3.52,61.5138,36.0,0.15
5416,3.36,43.9806,41.0,0.16
5417,4.24,2904.1974,26.0,0.16
5418,3.72,26.4959,34.0,0.16
5419,3.92,44.0555,38.0,0.19
5420,3.32,79.0658,43.0,0.18
5421,3.96,68943.4394,32.0,0.15
5422,3.44,339323.658,39.0,0.14
5423,3.68,43.9292,41.0,0.14
5424,3.48,464.7592,38.0,0.14
5425,3.28,43.9433,33.0,0.14
5426,3.28,28.1363,42.0,0.14
5427,3.32,58.4092,35.0,0.17
5428,4.28,2894.1159,33.0,0.17
5429,4.24,407221.8726,32.0,0.16
5430,3.28,52.7359,43.0,0.15
5431,3.36,70.2999,37.0,0.15
5432,3.24,61.515,40.0,0.16
5433,4.2,49.4964,31.0,0.19
5434,3.36,55.7872,36.0,0.17
5435,3.0,48.7762,41.0,0.15
5436,4.0,339302.9522,33.0,0.16
5437,4.4,1075.5632,28.0,0.16
5438,3.52,44.8935,36.0,0.16
5439,4.2,67945.6396,30.0,0.16
5440,4.24,339311.746,32.0,0.21
5441,3.28,45.7013,41.0,0.14
5442,3.4,43.9488,31.0,0.17
5443,3.6,61.5098,37.0,0.15
5444,3.36,44.0324,41.0,0.19
5445,3.8,67894.3607,32.0,0.2
5446,4.2,67970.7216,32.0,0.17
5447,3.88,70708.4858,32.0,0.17
5448,3.52,37.0063,37.0,0.16
5449,4.24,52.9209,34.0,0.16
5450,4.24,67925.9084,26.0,0.17
5451,4.96,67884.9455,26.0,0.16
5452,3.12,43.93,37.0,0.15
5453,3.4,72.0517,41.0,0.16
5454,4.24,67934.6808,33.0,0.18
5455,3.32,70.2812,38.0,0.8
5456,3.96,77.2927,33.0,0.16
5457,3.44,70.2835,43.0,0.16
5458,4.12,86.0339,35.0,0.17
5459,4.4,78.0999,32.0,0.17
5460,5.36,2876.543,22.0,0.18
5461,4.24,339355.798,34.0,0.21
5462,5.24,86.0393,26.0,0.28
5463,5.8,67110.5714,26.0,0.41
5464,3.32,43.9501,39.0,0.26
5465,3.64,43.9396,36.0,0.21
5466,4.16,339311.7305,33.0,0.23
5467,3.36,87.8498,42.0,0.27
5468,3.56,2834.4504,28.0,0.24
5469,3.96,129.9792,33.0,0.18
5470,3.44,64.557,38.0,0.17
5471,4.0,35.146,34.0,0.19
5472,4.2,130.8104,35.0,0.16
5473,4.16,96.575,36.0,0.17
5474,4.28,96.578,34.0,0.16
5475,4.16,94.8161,34.0,0.16
5476,5.88,77.6127,25.0,0.22
5477,3.36,35.1671,42.0,0.21
5478,3.88,79.0676,38.0,0.17
5479,3.56,65.0267,39.0,0.17
5480,4.16,69.8888,30.0,0.18
5481,3.04,52.7234,39.0,0.15
5482,3.68,79.067,40.0,0.17
5483,3.8,67904.7576,36.0,0.17
5484,3.76,43.9296,38.0,0.17
5485,4.28,105.3552,30.0,0.17
5486,4.24,67944.3254,31.0,0.19
5487,3.44,61.5113,39.0,0.16
5488,3.48,61.5952,39.0,0.2
5489,4.0,68.4617,32.0,0.21
5490,3.4,87.8594,39.0,0.16
5491,4.4,339364.4381,35.0,0.17
5492,4.32,339355.6489,32.0,0.16
5493,4.2,2885.32,30.0,0.16
5494,3.56,61.4978,41.0,0.17
5495,4.36,80.2678,33.0,0.17
5496,3.76,71.4928,35.0,0.16
5497,3.44,44.2041,41.0,0.16
5498,3.8,140.5529,38.0,0.16
5499,3.52,79.0806,41.0,0.15
5500,4.24,1069.3876,34.0,0.2
5501,4.4,86.0307,33.0,0.15
5502,3.4,61.5071,41.0,0.16
5503,4.0,79.025,33.0,0.15
5504,4.16,121.1643,36.0,0.15
5505,4.24,339338.09,29.0,0.17
5506,4.2,114816.7906,30.0,0.15
5507,3.8,87.8559,39.0,0.26
5508,3.84,67919.0035,37.0,0.16
5509,5.16,339311.7293,26.0,0.17
5510,3.56,43.9347,40.0,0.18
5511,4.52,67913.546,33.0,0.17
5512,3.2,46.9948,43.0,0.15
5513,5.0,71441.5663,30.0,0.16
5514,4.32,67945.2438,32.0,0.16
5515,3.32,43.9302,41.0,0.15
5516,3.6,71.4836,38.0,0.16
5517,4.68,3888.2465,29.0,0.18
5518,3.44,43.9348,41.0,0.16
5519,3.4,70.2931,43.0,0.15
5520,3.76,52.7308,35.0,0.17
5521,4.16,67928.5247,27.0,0.14
5522,4.04,105.3754,36.0,0.15
5523,3.64,35.1467,37.0,0.15
5524,3.76,35.1494,38.0,0.26
5525,3.56,67903.1582,36.0,0.16
5526,4.16,1109.7245,35.0,0.16
5527,3.36,61.5216,44.0,0.15
5528,3.96,1109.7318,36.0,0.16
5529,3.28,70.2842,42.0,0.21
5530,3.6,79.0744,41.0,0.16
5531,3.64,52.7133,40.0,0.2
5532,3.56,54.0428,40.0,0.16
5533,4.04,339294.1644,35.0,0.16
5534,3.64,105.4169,40.0,0.19
5535,4.36,61.4528,33.0,0.21
5536,4.08,79.016,35.0,0.2
5537,3.76,63.2526,38.0,0.16
5538,3.8,430934.1697,37.0,0.16
5539,3.4,44.035,40.0,0.15
5540,5.76,335795.0468,25.0,0.17
5541,4.52,339311.7379,32.0,0.16
5542,4.4,2894.0995,31.0,0.15
5543,3.2,80.8413,45.0,0.14
5544,4.76,1257.8644,29.0,0.15
5545,3.6,96.6365,37.0,0.14
5546,3.28,61.4979,43.0,0.14
5547,3.52,36.7683,42.0,0.16
5548,3.64,87.8574,39.0,0.17
5549,3.48,43.937,41.0,0.17
5550,3.96,61.5072,37.0,0.16
5551,4.52,103.5963,32.0,0.19
5552,3.52,80.8301,39.0,0.23
5553,3.56,79.1633,39.0,0.15
5554,3.36,96.6324,44.0,0.17
5555,3.96,67954.024,35.0,0.16
5556,3.56,96.6318,43.0,0.15
5557,3.56,36.9035,42.0,0.15
5558,3.44,70.2818,38.0,0.16
5559,4.28,94.8507,28.0,0.16
5560,3.72,61.5411,37.0,0.23
5561,4.24,2902.8862,34.0,0.16
5562,4.04,45.259,35.0,0.19
5563,3.68,80.3936,36.0,0.16
5564,4.0,88.3256,40.0,0.16
5565,3.52,61.4973,40.0,0.15
5566,3.64,87.8532,40.0,0.17
5567,4.08,70.2832,39.0,0.16
5568,3.32,72.0391,41.0,0.16
5569,3.92,28.1188,36.0,0.17
5570,3.84,28.0062,29.0,0.16
5571,5.56,2867.7524,26.0,0.18
5572,4.36,94.8137,35.0,0.17
5573,3.52,61.5058,37.0,0.17
5574,4.04,61.5004,36.0,0.16
5575,4.76,4882.8136,31.0,0.16
5576,3.56,70.2835,43.0,0.21
5577,3.92,43.9411,37.0,0.19
5578,3.52,43.9466,42.0,0.15
5579,4.04,339338.1066,37.0,0.17
5580,3.8,43.9323,41.0,0.18
5581,4.0,67945.2334,32.0,0.16
5582,3.44,114.2008,44.0,0.15
5583,3.56,70.2804,41.0,0.14
5584,4.24,70.2342,31.0,0.15
5585,3.72,61.5029,39.0,0.15
5586,4.32,408193.8084,27.0,0.16
5587,4.36,1101.7953,33.0,0.17
5588,4.36,94.8443,34.0,0.22
5589,4.28,94.8182,34.0,0.17
5590,4.24,67952.2552,35.0,0.15
5591,4.08,67919.1383,36.0,0.17
5592,3.4,52.7214,40.0,0.16
5593,4.4,67901.8422,39.0,0.16
5594,3.68,87.8503,39.0,0.16
5595,3.44,35.1517,42.0,0.16
5596,3.64,79.0671,42.0,0.18
5597,3.6,96.635,38.0,0.2
5598,3.64,87.8498,42.0,0.23
5599,3.44,52.7151,44.0,0.21
5600,3.44,96.6346,44.0,0.19
5601,3.92,62.8146,37.0,0.15
5602,3.36,79.0654,43.0,0.14
5603,5.64,474131.6323,26.0,0.15
5604,4.24,339365.2872,34.0,0.16
5605,4.32,59.6904,31.0,0.17
5606,5.72,2627.4189,24.0,0.16
5607,3.44,61.4961,44.0,0.15
5608,4.04,52.7146,37.0,0.22
5609,4.32,103.6019,34.0,0.21
5610,4.32,2869.5721,34.0,0.17
5611,3.92,79.0708,38.0,0.18
5612,5.4,133881.3816,28.0,0.18
5613,4.64,52.8378,32.0,0.16
5614,4.16,2885.3186,36.0,0.16
5615,3.52,70.281,40.0,0.16
5616,5.6,1118.5058,28.0,0.16
5617,3.56,79.0677,43.0,0.16
5618,3.52,52.7134,42.0,0.15
5619,3.88,407154.3449,35.0,0.17
5620,3.72,26.4543,40.0,0.16
5621,4.12,79.0694,40.0,0.16
5622,4.24,79.0076,35.0,0.16
5623,3.64,70.2834,43.0,0.16
5624,3.76,96.6354,41.0,0.16
5625,3.64,79.0681,41.0,0.16
5626,4.2,67943.4735,32.0,0.16
5627,4.24,32311.961,30.0,0.17
5628,3.44,79.0674,42.0,0.16
5629,3.64,114790.2284,41.0,0.2
5630,3.64,67936.5047,36.0,0.18
5631,3.76,43.9329,40.0,0.22
5632,5.72,67943.7487,23.0,0.2
5633,4.8,2902.8849,31.0,0.17
5634,3.96,95.8628,37.0,0.16
5635,4.28,36.0467,36.0,0.16
5636,3.72,407188.6433,39.0,0.16
5637,4.56,86.0284,32.0,0.16
5638,3.48,96.6317,41.0,0.16
5639,4.56,27.5449,29.0,0.17
5640,3.92,52.8522,37.0,0.16
5641,3.92,79.0698,37.0,0.15
5642,3.68,122.9849,41.0,0.14
5643,3.92,52.7144,36.0,0.15
5644,4.32,67935.5406,31.0,0.15
5645,4.04,105.3613,38.0,0.14
5646,4.12,67930.9274,33.0,0.16
5647,4.24,114.149,35.0,0.16
5648,3.56,70.2842,42.0,0.23
5649,5.64,335847.7328,28.0,0.2
5650,3.84,96.7086,38.0,0.16
5651,3.88,70.2824,39.0,0.17
5652,4.36,2894.1326,34.0,0.22
5653,3.28,87.8705,41.0,0.18
5654,3.44,70.2828,44.0,0.16
5655,3.52,52.7135,39.0,0.15
5656,4.0,339329.3083,30.0,0.16
5657,3.44,87.8492,44.0,0.23
5658,3.52,61.5002,41.0,0.18
5659,3.56,105.4157,40.0,0.16
5660,3.64,52.7621,35.0,0.2
5661,3.96,407169.1804,33.0,0.14
5662,4.0,67927.6642,35.0,0.22
5663,4.36,94.8128,34.0,0.16
5664,3.72,61.5007,41.0,0.15
5665,4.12,67944.3444,36.0,0.15
5666,4.28,130.8056,32.0,0.17
5667,3.64,96.6357,42.0,0.16
5668,3.88,103.6042,36.0,0.17
5669,4.24,86.0281,34.0,0.16
5670,3.48,87.8575,42.0,0.15
5671,3.92,120084.4542,31.0,0.16
5672,3.64,52.7162,38.0,0.16
5673,3.44,114.2008,42.0,0.17
5674,4.96,1092.1552,29.0,0.19
5675,3.88,87.8511,41.0,0.16
5676,3.36,438.4077,39.0,0.16
5677,3.4,70.2864,42.0,0.17
5678,3.48,61.502,43.0,0.19
5679,4.16,339320.5126,33.0,0.16
5680,3.36,35.1472,44.0,0.17
5681,4.28,106.2164,29.0,0.17
5682,3.24,90.9348,43.0,0.18
5683,3.64,61.5,40.0,0.14
5684,4.04,105.3642,34.0,0.15
5685,4.24,67952.2544,32.0,0.2
5686,3.92,90.907,38.0,0.16
5687,4.56,992.2089,33.0,0.18
5688,4.36,114.1422,34.0,0.18
5689,4.16,100121.7767,35.0,0.18
5690,4.28,339329.3056,33.0,0.16
5691,3.88,67911.9207,37.0,0.16
5692,3.36,70.2876,44.0,0.15
5693,4.12,335781.3067,33.0,0.16
5694,4.72,67954.0143,28.0,0.21
5695,3.52,71.1371,42.0,0.16
5696,4.28,94.8258,33.0,0.17
5697,4.44,96.717,31.0,0.16
5698,5.52,70730.7156,26.0,0.16
5699,4.16,64.8692,38.0,0.17
5700,3.96,43.9299,40.0,0.16
5701,3.24,70.2808,40.0,0.14
5702,3.76,96.6546,40.0,0.15
5703,4.24,114780.4788,32.0,0.15
5704,3.8,96.6356,39.0,0.15
5705,3.8,70.3481,39.0,0.17
5706,3.92,62.359,34.0,0.15
5707,4.08,33343.2184,31.0,0.16
5708,4.24,57.7108,30.0,0.23
5709,4.24,112.3798,36.0,0.24
5710,4.24,121.1677,35.0,0.16
5711,3.92,104.4689,34.0,0.15
5712,4.12,67935.5384,36.0,0.16
5713,4.04,67904.5815,35.0,0.22
5714,4.08,61.5076,34.0,0.22
5715,5.2,68.4637,26.0,0.17
5716,4.12,2861.6609,31.0,0.16
5717,5.72,68915.3243,25.0,0.16
5718,4.28,1109.7247,36.0,0.19
5719,3.96,44.7678,32.0,0.17
5720,4.04,45.3231,33.0,0.16
5721,4.56,67954.0132,31.0,0.15
5722,3.92,72.0607,38.0,0.17
5723,3.48,410660.0542,35.0,0.23
5724,3.52,89.6217,40.0,0.15
5725,3.76,70.2804,39.0,0.15
5726,3.56,72.0455,41.0,0.16
5727,3.2,62.3716,44.0,0.18
5728,3.48,79.0644,43.0,0.19
5729,4.16,339364.4296,36.0,0.18
5730,3.76,96.6361,41.0,0.18
5731,3.76,70.2888,39.0,0.16
5732,4.24,79.0097,35.0,0.21
5733,3.72,26.3624,40.0,0.22
5734,3.6,70.2829,43.0,0.23
5735,4.16,70.282,35.0,0.23
5736,3.6,87.848,42.0,0.21
5737,4.16,2903.8208,34.0,0.19
5738,3.64,61.5061,38.0,0.16
5739,3.44,71.143,43.0,0.15
5740,3.56,96.638,41.0,0.17
5741,4.12,43.9308,40.0,0.21
5742,3.92,80.7877,39.0,0.15
5743,3.4,79.0647,43.0,0.14
5744,3.32,61.4983,44.0,0.16
5745,4.0,61.4983,39.0,0.16
5746,3.36,105.4156,45.0,0.15
5747,4.36,147.5252,34.0,0.16
5748,6.04,68.4684,25.0,0.16
5749,4.24,96.578,33.0,0.79
5750,3.76,52.7266,40.0,0.21
5751,3.72,61.4976,40.0,0.16
5752,3.28,61.5039,44.0,0.15
5753,3.64,46.9884,40.0,0.16
5754,4.24,86.029,32.0,0.21
5755,3.52,70.2987,39.0,0.23
5756,4.16,94.8143,32.0,0.19
5757,4.44,97.8762,32.0,0.21
5758,3.44,71.1392,43.0,0.16
5759,3.2,355358.8252,40.0,0.16
5760,5.08,86.036,25.0,0.2
5761,5.72,67283.2581,23.0,0.15
5762,4.56,340361.7747,34.0,0.15
5763,4.0,96.5839,32.0,0.15
5764,3.76,79.0739,40.0,0.15
5765,4.44,52.9142,36.0,0.15
5766,4.44,105.3654,29.0,0.16
5767,3.56,96.6427,42.0,0.16
5768,4.32,121.1695,36.0,0.16
5769,3.64,96.6808,41.0,0.2
5770,3.6,61.4977,40.0,0.16
5771,4.6,77.2478,30.0,0.16
5772,3.48,119150.9172,41.0,0.16
5773,4.04,121.2304,37.0,0.18
5774,3.32,43.9378,44.0,0.15
5775,3.56,87.849,42.0,0.16
5776,4.28,64.713,33.0,0.16
5777,3.8,79.0651,39.0,0.16
5778,3.52,87.8587,43.0,0.15
5779,3.16,63.2698,40.0,0.17
5780,4.4,94.8152,31.0,0.19
5781,3.96,52.7159,39.0,0.17
5782,3.28,43.9481,45.0,0.15
5783,3.52,96.6352,39.0,0.16
5784,3.36,62.815,43.0,0.17
5785,3.68,70.3146,36.0,0.18
5786,4.24,112.3803,35.0,0.16
5787,4.56,121975.3668,30.0,0.16
5788,3.44,87.8506,44.0,0.15
5789,3.88,96.6339,37.0,0.17
5790,4.48,3961.7217,34.0,0.22
5791,3.16,43.929,41.0,0.17
5792,3.72,70.2809,40.0,0.16
5793,4.12,35.1609,36.0,0.16
5794,4.24,86.0383,28.0,0.16
5795,3.92,79.0678,38.0,0.22
5796,3.36,70.4181,44.0,0.15
5797,3.36,105.4155,42.0,0.16
5798,3.48,106.7347,41.0,0.2
5799,3.92,96.632,38.0,0.16
5800,4.12,43.9459,34.0,0.16
5801,4.36,67952.2559,33.0,0.16
5802,4.08,70.2858,31.0,0.18
5803,4.12,69.333,30.0,0.16
5804,3.44,52.7168,41.0,0.18
5805,3.64,96.6428,41.0,0.15
5806,4.36,339355.6475,34.0,0.16
5807,3.64,79.07,40.0,0.16
5808,3.56,70.2864,42.0,0.15
5809,4.4,112.3796,33.0,0.2
5810,4.12,129.9505,37.0,0.19
5811,4.2,67952.2544,34.0,0.16
5812,3.84,61.506,40.0,0.17
5813,4.16,67943.4705,33.0,0.16
5814,3.8,61.4974,40.0,0.21
5815,4.36,68949.5944,34.0,0.2
5816,3.64,87.8604,40.0,0.18
5817,5.4,340335.4222,30.0,0.16
5818,4.32,8.7964,35.0,0.21
5819,3.4,61.5147,42.0,0.18
5820,4.12,339338.0831,36.0,0.23
5821,4.0,70.2858,36.0,0.19
5822,4.16,103.5968,34.0,0.15
5823,3.56,71.6057,42.0,0.14
5824,4.44,1111.4919,32.0,0.15
5825,3.96,35.1515,38.0,0.15
5826,3.76,105.4202,41.0,0.15
5827,3.6,70.2868,39.0,0.15
5828,3.76,82.551,21.0,0.16
5829,3.56,79.0644,43.0,0.16
5830,3.4,79.0668,43.0,0.18
5831,3.56,87.8495,42.0,0.16
5832,3.72,43.932,41.0,0.17
5833,3.56,96.6329,43.0,0.21
5834,3.52,79.0744,43.0,0.17
5835,3.6,115.9851,40.0,0.18
5836,4.28,1058.8466,36.0,0.16
5837,4.24,94.814,33.0,0.16
5838,4.32,339391.6459,29.0,0.18
5839,4.44,103.5986,32.0,0.16
5840,3.36,61.4996,43.0,0.16
5841,5.24,64.0942,30.0,0.16
5842,5.6,68.4618,27.0,0.15
5843,4.44,339296.2194,33.0,0.15
5844,4.84,61.731,33.0,0.15
5845,4.04,87.9084,31.0,0.15
5846,4.16,121.1676,37.0,0.18
5847,3.56,114.2062,40.0,0.18
5848,4.28,1060.4624,33.0,0.16
5849,4.16,2902.8842,36.0,0.16
5850,4.36,67917.9718,32.0,0.19
5851,3.84,61.4977,40.0,0.16
5852,3.36,54.4694,42.0,0.17
5853,4.24,1109.7217,36.0,0.18
5854,3.56,70.369,42.0,0.17
5855,3.76,2860.7837,39.0,0.25
5856,4.32,35.1492,35.0,0.16
5857,3.8,79.0749,39.0,0.16
5858,4.12,79.1594,35.0,0.16
5859,5.16,2885.3617,27.0,0.16
5860,3.68,96.6336,41.0,0.15
5861,4.36,121.1639,35.0,0.15
5862,3.52,61.4998,38.0,0.15
5863,4.16,67885.5713,33.0,0.15
5864,4.48,33958.7119,35.0,0.15
5865,4.04,105.4716,36.0,0.15
5866,3.64,52.7201,38.0,0.15
5867,3.84,35.16,39.0,0.15
5868,3.44,43.9364,36.0,0.19
5869,4.4,38.349,30.0,0.21
5870,4.24,46.3045,34.0,0.21
5871,5.84,87.7917,27.0,0.3
5872,4.04,70.2834,37.0,0.2
5873,3.76,79.0649,41.0,0.2
5874,3.76,52.7136,41.0,0.15
5875,3.6,43.9396,39.0,0.27
5876,4.36,1085.2925,34.0,0.23
5877,4.28,103.5964,34.0,0.16
5878,3.72,61.5,40.0,0.16
5879,4.36,112.3793,34.0,0.2
5880,3.84,70.2814,40.0,0.17
5881,3.72,79.0681,38.0,0.19
5882,3.56,70.284,41.0,0.18
5883,4.36,129.9473,31.0,0.25
5884,3.92,61.5006,40.0,0.18
5885,3.36,61.507,39.0,0.18
5886,4.04,103.5973,37.0,0.18
5887,3.8,61.5056,37.0,0.16
5888,5.4,66050.302,31.0,0.19
5889,4.24,103.602,36.0,0.23
5890,3.52,87.8537,43.0,0.16
5891,4.12,73.4903,34.0,0.18
5892,3.52,61.6195,41.0,0.16
5893,4.08,79.0994,36.0,0.19
5894,3.52,36.9027,40.0,0.18
5895,5.12,67178.1886,29.0,0.16
5896,3.68,71.1426,39.0,0.15
5897,3.84,168324.4633,39.0,0.81
5898,4.12,87.8504,36.0,0.16
5899,3.64,52.7138,34.0,0.17
5900,4.16,94.8123,35.0,0.26
5901,3.4,61.4984,41.0,0.14
5902,3.52,63.2526,40.0,0.15
5903,4.32,105.3574,35.0,0.15
5904,3.88,52.7305,36.0,0.16
5905,4.04,339339.2806,36.0,0.15
5906,3.64,61.5016,41.0,0.17
5907,4.36,52.7436,34.0,0.17
5908,5.64,1092.1578,29.0,0.16
5909,4.24,1092.1538,36.0,0.17
5910,3.36,89.1647,41.0,0.15
5911,4.44,53.6008,34.0,0.16
5912,3.8,80.8288,39.0,0.16
5913,4.24,70.3477,36.0,0.16
5914,3.68,52.7212,38.0,0.16
5915,3.8,67929.761,37.0,0.17
5916,3.36,52.781,45.0,0.25
5917,4.24,94.8152,35.0,0.17
5918,3.24,131.7669,46.0,0.16
5919,3.48,83.451,42.0,0.15
5920,3.92,61.5008,39.0,0.2
5921,3.88,96.6327,40.0,0.17
5922,4.32,95.6694,35.0,0.16
5923,4.12,67918.8808,33.0,0.19
5924,4.24,407195.5178,32.0,0.15
5925,3.56,87.8496,42.0,0.16
5926,4.56,2678.3503,30.0,0.21
5927,3.84,79.0676,40.0,0.2
5928,3.72,61.5008,39.0,0.17
5929,3.48,107.174,40.0,0.18
5930,4.4,340291.725,34.0,0.16
5931,4.08,67918.8783,32.0,0.21
5932,4.16,52.7196,34.0,0.22
5933,4.32,356338.5792,36.0,0.19
5934,3.36,96.6349,40.0,0.16
5935,3.76,79.0708,41.0,0.16
5936,3.56,61.499,42.0,0.19
5937,5.12,408166.5121,23.0,0.16
5938,4.36,129.947,34.0,0.18
5939,4.4,96.576,32.0,0.16
5940,4.08,35.1546,40.0,0.21
5941,4.4,121.2713,32.0,0.17
5942,4.28,1058.8467,36.0,0.16
5943,4.24,86.0312,35.0,0.17
5944,4.12,129.9543,37.0,0.17
5945,4.16,339355.6504,36.0,0.17
5946,3.92,51.0548,35.0,0.16
5947,3.4,79.0648,41.0,0.15
5948,3.92,96.6327,40.0,0.24
5949,3.52,43.9354,43.0,0.17
5950,3.48,79.0666,43.0,0.16
5951,3.64,79.0672,40.0,0.19
5952,4.32,27.5433,32.0,0.22
5953,4.0,121.1776,33.0,0.15
5954,4.16,94.8126,36.0,0.18
5955,3.64,114.2,40.0,0.21
5956,3.76,114.2034,40.0,0.21
5957,3.36,80.8298,41.0,0.19
5958,3.48,96.6348,41.0,0.16
5959,4.04,79.0666,38.0,0.21
5960,4.04,67943.467,36.0,0.16
5961,4.04,130.0088,37.0,0.15
5962,3.36,61.5088,44.0,0.16
5963,5.4,405233.9027,30.0,0.2
5964,4.24,105.3569,36.0,0.21
5965,3.68,96.6327,41.0,0.2
5966,4.16,67952.2492,35.0,0.2
5967,3.64,52.7134,42.0,0.21
5968,3.72,70.2836,41.0,0.2
5969,3.64,96.6329,40.0,0.2
5970,3.68,52.7153,38.0,0.2
5971,4.32,19.3416,30.0,0.19
5972,3.92,26.3727,15.0,0.19
5973,3.76,114.3212,40.0,0.16
5974,3.44,96.6386,43.0,0.15
5975,4.6,62.8244,34.0,0.19
5976,3.76,52.7211,40.0,0.24
5977,3.36,70.2825,42.0,0.16
5978,3.64,70.2813,42.0,0.16
5979,3.44,61.508,43.0,0.16
5980,3.56,79.0675,42.0,0.21
5981,3.56,52.7174,35.0,0.14
5982,4.16,140.5072,35.0,0.15
5983,4.44,121.1639,34.0,0.16
5984,4.2,67996.171,35.0,0.15
5985,3.76,96.6331,39.0,0.15
5986,4.12,87.9712,34.0,0.15
5987,4.28,156.3049,34.0,0.16
5988,4.16,103.5967,37.0,0.16
5989,3.64,508.7959,42.0,0.16
5990,4.36,94.8481,34.0,0.17
5991,3.8,105.4184,38.0,0.17
5992,4.68,339338.1512,29.0,0.18
5993,4.64,515.8578,33.0,0.22
5994,3.92,52.7142,40.0,0.19
5995,4.28,339381.9989,34.0,0.18
5996,3.8,70.2847,39.0,0.16
5997,3.48,87.8489,42.0,0.15
5998,5.6,133832.27,27.0,0.16
5999,4.84,1092.1602,32.0,0.16
6000,4.84,68907.5022,30.0,0.21
6001,3.52,105.4155,40.0,0.15
6002,4.08,87.8624,39.0,0.15
6003,4.04,87.8552,36.0,0.15
6004,3.36,105.4231,45.0,0.14
6005,3.56,44.2194,31.0,0.15
6006,4.36,68925.0628,33.0,0.18
6007,4.08,96.6327,38.0,0.26
6008,3.44,87.8512,43.0,0.15
6009,3.8,822.1205,39.0,0.17
6010,4.16,103.6293,36.0,0.19
6011,4.16,131.7529,34.0,0.18
6012,3.44,79.0652,44.0,0.16
6013,3.56,79.0654,41.0,0.22
6014,3.76,98.256,40.0,0.27
6015,3.64,61.4976,41.0,0.19
6016,3.64,87.8525,39.0,0.21
6017,4.4,1118.5077,35.0,0.16
6018,3.92,79.0728,37.0,0.19
6019,6.16,169531.7456,25.0,0.17
6020,4.52,43.9636,32.0,0.22
6021,3.68,79.0653,37.0,0.15
6022,3.8,70.2819,38.0,0.15
6023,4.4,86.0898,33.0,0.15
6024,4.24,67934.6854,33.0,0.15
6025,3.92,70.2866,38.0,0.15
6026,4.4,67936.4469,33.0,0.17
6027,4.24,77.2476,34.0,0.16
6028,4.12,112.3813,39.0,0.18
6029,4.16,43.9313,36.0,0.24
6030,4.24,67969.8178,34.0,0.16
6031,4.12,129.9487,38.0,0.16
6032,4.36,89.6214,35.0,0.16
6033,4.4,1127.2929,35.0,0.16
6034,3.92,61.4981,38.0,0.18
6035,3.84,8378.7816,38.0,0.17
6036,3.92,96.6332,38.0,0.16
6037,4.36,1092.1607,34.0,0.22
6038,4.44,88.0524,32.0,0.17
6039,4.24,339382.0023,34.0,0.8
6040,3.68,79.0748,39.0,0.2
6041,4.32,138.7685,35.0,0.26
6042,4.04,79.069,36.0,0.16
6043,4.36,26.3634,35.0,0.22
6044,3.92,61.5639,37.0,0.26
6045,4.16,96.5784,35.0,0.16
6046,4.64,62.6886,31.0,0.16
6047,4.36,67919.004,33.0,0.16
6048,4.36,103.7079,36.0,0.23
6049,3.44,105.416,44.0,0.15
6050,5.68,361179.5162,28.0,0.17
6051,4.16,94.8133,36.0,0.27
6052,3.56,70.2828,39.0,0.25
6053,4.32,103.5979,37.0,0.2
6054,4.4,80.8617,34.0,0.16
6055,4.12,79.1705,33.0,0.19
6056,4.56,79.0708,35.0,0.17
6057,3.56,96.6365,42.0,0.15
6058,3.64,61.4995,40.0,0.16
6059,3.64,87.974,40.0,0.16
6060,3.72,118985.2417,37.0,0.19
6061,4.24,55.9303,34.0,0.14
6062,3.92,79.0675,40.0,0.17
6063,4.24,112.5574,37.0,0.24
6064,4.44,61.9883,35.0,0.25
6065,6.0,43.9553,25.0,0.16
6066,4.48,61.5028,33.0,0.18
6067,3.8,61.557,38.0,0.17
6068,3.92,70.2817,38.0,0.16
6069,3.52,70.3847,38.0,0.15
6070,3.72,87.8524,38.0,0.18
6071,4.44,121.1992,31.0,0.2
6072,4.16,2878.5594,34.0,0.28
6073,4.2,96.6505,35.0,0.21
6074,3.44,79.0662,44.0,0.16
6075,3.6,61.5002,41.0,0.15
6076,3.6,55.7759,41.0,0.17
6077,3.76,70.2838,38.0,0.19
6078,4.36,88.177,33.0,0.23
6079,6.6,1329.5345,19.0,0.17
6080,4.16,2852.3232,34.0,0.17
6081,3.76,79.0688,38.0,0.14
6082,4.4,35.1566,34.0,0.15
6083,4.0,97.4921,36.0,0.16
6084,3.48,70.289,43.0,0.15
6085,5.4,61.5218,32.0,0.18
6086,3.64,105.4199,38.0,0.17
6087,3.52,96.6319,43.0,0.19
6088,5.32,165807.7201,31.0,0.17
6089,4.12,103.5968,35.0,0.16
6090,5.76,170567.6739,27.0,0.16
6091,4.36,43.9356,36.0,0.16
6092,4.32,79.0666,37.0,0.16
6093,3.92,87.8525,38.0,0.16
6094,3.76,87.8622,38.0,0.22
6095,5.92,23858.1936,29.0,0.17
6096,5.96,339329.3086,25.0,0.23
6097,4.44,86.0305,35.0,0.21
6098,4.36,103.5956,35.0,0.18
6099,4.6,52.7144,35.0,0.16
6100,4.16,86.0296,37.0,0.16
6101,3.72,70.2863,37.0,0.16
6102,4.88,2897.0654,31.0,0.15
6103,3.56,47.0001,40.0,0.15
6104,3.36,61.4977,43.0,0.14
6105,3.8,52.7153,39.0,0.18
6106,3.92,87.8489,38.0,0.18
6107,3.64,87.8493,41.0,0.25
6108,4.16,77.2475,37.0,0.21
6109,4.28,1042.8948,33.0,0.16
6110,3.56,87.8516,38.0,0.17
6111,3.56,61.4994,40.0,0.24
6112,3.88,61.5023,38.0,0.18
6113,4.16,121.1658,37.0,0.16
6114,4.16,96.6078,35.0,0.16
6115,5.6,335779.2839,29.0,0.21
6116,4.32,77.2463,33.0,0.2
6117,4.4,339348.6994,34.0,0.27
6118,3.84,119009.8323,38.0,0.19
6119,5.52,1041.2799,30.0,0.16
6120,4.32,26.3636,35.0,0.16
6121,4.24,139.2748,34.0,0.2
6122,3.92,87.8849,39.0,0.2
6123,3.44,61.4962,44.0,0.2
6124,5.12,66008.2004,32.0,0.19
6125,4.32,339382.0116,32.0,0.16
6126,4.16,87.9424,34.0,0.16
6127,3.8,43.9384,39.0,0.16
6128,3.36,96.738,45.0,0.15
6129,3.56,43.9349,42.0,0.17
6130,4.52,26.366,35.0,0.23
6131,4.32,68.4967,30.0,0.21
6132,4.24,2904.9436,33.0,0.22
6133,3.64,89.6189,41.0,0.26
6134,5.04,1067.6284,32.0,0.17
6135,3.6,26.363,40.0,0.16
6136,3.64,87.8513,40.0,0.16
6137,4.2,77.2492,36.0,0.16
6138,4.16,77.2447,37.0,0.16
6139,3.8,79.0774,33.0,0.16
6140,4.4,70.2806,38.0,0.17
6141,5.12,2817.0685,28.0,0.15
6142,4.56,61.5272,33.0,0.15
6143,3.64,87.851,40.0,0.14
6144,4.08,35.1594,34.0,0.15
6145,4.52,52.7198,32.0,0.15
6146,3.68,52.7328,34.0,0.18
6147,4.12,26.3672,36.0,0.17
6148,5.68,87.86,27.0,0.17
6149,3.92,18.0067,25.0,0.16
6150,3.48,79.9245,40.0,0.16
6151,4.8,1224.5314,26.0,0.19
6152,3.44,58.8305,41.0,0.18
6153,3.72,52.7422,40.0,0.22
6154,3.72,52.719,39.0,0.24
6155,3.44,79.067,42.0,0.17
6156,4.76,131963.7165,34.0,0.19
6157,3.52,43.9319,40.0,0.17
6158,3.64,52.7134,39.0,0.17
6159,3.6,61.4976,41.0,0.17
6160,5.4,43.9318,32.0,0.19
6161,4.2,61.4989,36.0,0.15
6162,4.16,80.7482,35.0,0.15
6163,3.68,61.5249,38.0,0.15
6164,4.08,87.8507,38.0,0.15
6165,5.12,2904.9135,30.0,0.15
6166,4.52,1086.9593,32.0,0.16
6167,3.88,61.5051,40.0,0.17
6168,3.4,80.8269,43.0,0.19
6169,4.36,1050.0769,35.0,0.16
6170,4.2,79.0664,38.0,0.17
6171,6.04,67144.8615,26.0,0.16
6172,4.36,1041.276,34.0,0.19
6173,3.8,71.9034,40.0,0.16
6174,3.88,63.2574,39.0,0.16
6175,3.44,70.2831,43.0,0.15
6176,3.44,97.4898,43.0,0.16
6177,4.04,129.9552,36.0,0.82
6178,3.72,43.9314,40.0,0.18
6179,3.64,43.9299,42.0,0.15
6180,4.36,76.539,33.0,0.16
6181,4.52,70.2878,33.0,0.17
6182,4.04,43.9297,36.0,0.2
6183,4.44,86.0331,35.0,0.16
6184,4.16,43.9327,37.0,0.17
6185,4.52,114.1774,30.0,0.17
6186,4.4,103.6037,32.0,0.19
6187,4.48,52.7318,28.0,0.16
6188,3.64,61.4991,38.0,0.17
6189,4.44,61.5347,33.0,0.18
6190,4.6,359612.9978,34.0,0.16
6191,3.56,61.497,43.0,0.16
6192,3.84,61.4991,40.0,0.16
6193,3.48,52.7133,43.0,0.16
6194,3.96,87.8488,38.0,0.16
6195,3.88,89.6064,39.0,0.2
6196,4.28,1050.0574,35.0,0.19
6197,4.72,116190.8238,31.0,0.17
6198,4.36,112.3788,36.0,0.16
6199,4.16,77.2462,35.0,0.16
6200,4.56,70.2906,34.0,0.19
6201,3.8,55.2756,39.0,0.15
6202,4.36,1067.6291,34.0,0.17
6203,3.6,87.855,42.0,0.14
6204,5.08,340092.2197,32.0,0.15
6205,3.8,38.2037,39.0,0.15
6206,3.84,52.7194,38.0,0.15
6207,3.76,61.67,38.0,0.26
6208,3.64,61.4964,38.0,0.25
6209,3.6,79.0672,40.0,0.16
6210,3.52,114.2096,41.0,0.16
6211,4.64,26.5983,33.0,0.16
6212,3.48,70.2812,43.0,0.16
6213,3.48,52.7167,43.0,0.16
6214,3.44,61.4976,44.0,0.16
6215,3.44,70.2828,44.0,0.15
6216,4.24,67978.6022,34.0,0.16
6217,4.04,43.9363,36.0,0.16
6218,3.72,79.1411,37.0,0.25
6219,3.48,79.0648,43.0,0.18
6220,3.68,70.2825,38.0,0.16
6221,6.16,66086.9432,22.0,0.16
6222,4.32,339382.0798,35.0,0.24
6223,3.72,32307.0121,35.0,0.15
6224,3.76,45.6975,34.0,0.15
6225,4.64,168380.5394,33.0,0.16
6226,3.64,73.3448,41.0,0.23
6227,4.32,52.7808,35.0,0.16
6228,5.48,94.8507,28.0,0.16
6229,4.24,1059.1264,35.0,0.16
6230,3.64,70.2901,39.0,0.17
6231,3.44,43.9293,42.0,0.17
6232,3.76,77.4413,32.0,0.17
6233,4.36,77.2484,34.0,0.17
6234,4.36,94.8242,27.0,0.21
6235,3.44,61.5012,42.0,0.16
6236,4.16,103.6005,32.0,0.17
6237,3.56,61.4994,42.0,0.18
6238,3.56,87.8498,42.0,0.16
6239,4.72,67940.0338,28.0,0.16
6240,4.36,1092.1595,30.0,0.18
6241,3.8,43.9317,34.0,0.16
6242,4.24,87.8508,34.0,0.17
6243,3.36,87.8479,45.0,0.17
6244,3.64,70.3023,38.0,0.15
6245,4.44,1100.9448,31.0,0.15
6246,3.52,79.0658,43.0,0.15
6247,3.52,79.0708,42.0,0.15
6248,4.24,67952.2576,34.0,0.16
6249,3.4,70.283,43.0,0.15
6250,4.96,66017.27,31.0,0.16
6251,4.64,1050.0936,33.0,0.17
6252,3.64,114.1994,40.0,0.17
6253,4.32,67887.0144,33.0,0.16
6254,4.36,26.5622,35.0,0.2
6255,4.16,103.5994,36.0,0.22
6256,4.16,339346.8742,34.0,0.2
6257,3.56,79.0737,40.0,0.19
6258,4.28,70.2811,38.0,0.21
6259,4.24,43.9313,35.0,0.17
6260,4.52,112.3798,33.0,0.18
6261,4.24,87.8582,33.0,0.17
6262,3.64,96.6333,40.0,0.16
6263,4.8,86.0281,30.0,0.17
6264,3.48,70.2799,43.0,0.19
6265,5.08,35089.0166,26.0,0.16
6266,3.48,44.7856,41.0,0.15
6267,4.36,1076.4179,35.0,0.19
6268,3.52,359799.1072,43.0,0.18
6269,4.6,1050.0677,35.0,0.16
6270,4.36,36.7716,35.0,0.17
6271,4.28,121.1626,36.0,0.22
6272,3.36,70.2802,45.0,0.15
6273,3.56,61.5944,41.0,0.16
6274,4.4,31.595,32.0,0.18
6275,4.04,105.3582,35.0,0.17
6276,3.56,61.4966,42.0,0.16
6277,3.64,70.2863,39.0,0.16
6278,4.12,46.996,29.0,0.16
6279,4.28,407160.3831,31.0,0.16
6280,4.32,138.7355,32.0,0.16
6281,4.32,94.8488,30.0,0.15
6282,4.36,88.328,36.0,0.16
6283,3.72,52.716,37.0,0.26
6284,3.56,67918.9345,39.0,0.14
6285,4.24,86.0317,36.0,0.16
6286,4.32,67911.3321,32.0,0.15
6287,4.36,52.782,36.0,0.19
6288,3.36,96.6319,45.0,0.16
6289,4.36,1067.6325,35.0,0.16
6290,3.92,61.4983,38.0,0.17
6291,4.24,62.8363,34.0,0.17
6292,6.32,169452.7068,23.0,0.17
6293,3.4,61.5018,42.0,0.16
6294,3.64,52.7136,41.0,0.17
6295,4.44,64.6984,32.0,0.18
6296,4.44,94.8437,34.0,0.17
6297,4.36,43.9318,34.0,0.16
6298,3.92,70.3172,37.0,0.16
6299,4.16,67952.2536,33.0,0.18
6300,5.24,54.2979,28.0,0.16
6301,3.68,96.6316,40.0,0.15
6302,5.92,67980.1078,25.0,0.17
6303,3.96,35.1494,37.0,0.16
6304,4.44,169560.9474,32.0,0.15
6305,4.36,119948.333,30.0,0.15
6306,3.88,35.1868,37.0,0.15
6307,4.44,339364.4658,34.0,0.15
6308,3.4,105.494,44.0,0.17
6309,5.44,1086.8172,28.0,0.19
6310,3.64,52.716,39.0,0.18
6311,3.64,464.7574,39.0,0.16
6312,3.64,61.4962,40.0,0.2
6313,4.44,62.7706,33.0,0.2
6314,3.44,811.7179,35.0,0.17
6315,4.32,45.1165,33.0,0.16
6316,3.64,79.0714,39.0,0.19
6317,3.48,54.4817,39.0,0.23
6318,4.48,114.1411,35.0,0.21
6319,3.6,70.2808,39.0,0.16
6320,4.28,105.437,33.0,0.16
6321,3.64,87.8524,39.0,0.78
6322,3.96,33923.1123,38.0,0.16
6323,3.52,8.8011,1.0,0.16
6324,3.64,119009.8395,40.0,0.18
6325,4.28,62.7455,31.0,0.18
6326,3.8,72.0373,39.0,0.16
6327,3.56,70.2834,40.0,0.16
6328,3.76,79.0683,38.0,0.16
6329,4.48,339338.0824,32.0,0.18
6330,4.24,52.9504,31.0,0.16
6331,3.64,29.4195,40.0,0.16
6332,3.56,97.4932,42.0,0.16
6333,4.44,1153.6891,32.0,0.18
6334,3.8,70.2843,38.0,0.16
6335,4.88,203801.4465,30.0,0.21
6336,3.48,96.6417,43.0,0.23
6337,4.16,70.3805,29.0,0.23
6338,3.96,149.3087,36.0,0.17
6339,3.76,61.4977,40.0,0.27
6340,4.12,121.1965,35.0,0.17
6341,4.08,55.921,33.0,0.19
6342,3.92,87.8507,40.0,0.16
6343,4.4,1067.964,34.0,0.15
6344,3.64,52.7204,41.0,0.14
6345,4.44,67922.1358,33.0,0.16
6346,4.0,77.2449,38.0,0.15
6347,3.76,70.2815,37.0,0.19
6348,5.84,77.2494,25.0,0.21
6349,4.24,114.1461,35.0,0.21
6350,4.32,107603.8023,33.0,0.16
6351,4.56,77.2465,29.0,0.17
6352,4.08,67893.122,34.0,0.16
6353,4.56,35.1511,35.0,0.16
6354,3.84,339296.0505,37.0,0.16
6355,4.28,94.8128,35.0,0.16
6356,3.36,79.0645,45.0,0.17
6357,3.84,35.1446,38.0,0.19
6358,4.08,52.7171,38.0,0.21
6359,3.92,26.3632,37.0,0.19
6360,3.92,70.2855,37.0,0.16
6361,4.16,86.0312,35.0,0.15
6362,3.88,87.8523,37.0,0.15
6363,5.2,103.5995,29.0,0.15
6364,3.68,52.8593,38.0,0.16
6365,3.44,105.4169,44.0,0.17
6366,4.16,96.6089,34.0,0.15
6367,3.64,61.508,38.0,0.16
6368,4.16,121.1648,36.0,0.16
6369,3.68,70.2904,36.0,0.16
6370,3.8,61.5042,39.0,0.17
6371,3.52,43.9289,44.0,0.15
6372,5.84,66027.6962,28.0,0.17
6373,4.16,339382.0058,36.0,0.2
6374,3.48,61.4989,43.0,0.17
6375,3.64,61.4969,40.0,0.17
6376,4.24,112.3806,37.0,0.16
6377,3.84,61.5451,35.0,0.19
6378,3.64,79.0678,39.0,0.22
6379,3.36,61.5029,45.0,0.15
6380,4.28,86.0341,34.0,0.18
6381,3.68,61.4972,41.0,0.16
6382,3.28,87.8663,45.0,0.22
6383,4.36,156.3092,31.0,0.21
6384,3.64,52.7662,35.0,0.16
6385,4.32,52.7144,34.0,0.17
6386,3.92,79.0655,40.0,0.2
6387,3.4,87.8541,42.0,0.21
6388,4.16,149.2883,36.0,0.2
6389,5.72,335821.3878,28.0,0.21
6390,4.2,105.3591,34.0,0.19
6391,3.8,96.7368,38.0,0.18
6392,3.6,70.2814,41.0,0.24
6393,4.0,79.07,38.0,0.17
6394,4.24,121.1647,35.0,0.16
6395,4.0,122.9272,34.0,0.16
6396,5.52,61.5168,30.0,0.16
6397,3.6,43.9369,39.0,0.19
6398,3.48,43.9292,43.0,0.18
6399,3.68,62.3588,37.0,0.22
6400,3.56,70.2841,42.0,0.16
6401,5.36,339302.9544,29.0,0.15
6402,4.44,1110.2598,35.0,0.26
6403,3.64,71.6038,38.0,0.2
6404,3.76,96.636,40.0,0.19
6405,4.6,17.6572,32.0,0.16
6406,3.72,61.5507,37.0,0.17
6407,4.24,54.7423,36.0,0.16
6408,3.72,61.4972,39.0,0.16
6409,3.52,79.0698,42.0,0.16
6410,3.28,61.5029,35.0,0.16
6411,3.6,53.1563,40.0,0.17
6412,3.68,79.0678,40.0,0.16
6413,4.64,1093.9845,32.0,0.17
6414,5.0,52.7186,30.0,0.22
6415,6.04,339320.512,26.0,0.18
6416,6.72,62.3081,25.0,0.2
6417,3.84,87.8515,39.0,0.16
6418,5.08,94.8124,31.0,0.18
6419,3.52,79.0669,43.0,0.18
6420,3.92,168349.0464,40.0,0.16
6421,4.36,86.0289,34.0,0.18
6422,3.68,54.1342,40.0,0.15
6423,4.84,339399.646,33.0,0.16
6424,3.64,87.8498,40.0,0.16
6425,3.36,122.9868,45.0,0.16
6426,3.72,70.2866,38.0,0.15
6427,4.2,52.8369,32.0,0.16
6428,3.48,114.2,43.0,0.26
6429,3.48,79.065,43.0,0.2
6430,4.28,112.4126,36.0,0.17
6431,3.8,70.3533,40.0,0.16
6432,4.16,339320.5552,32.0,0.16
6433,3.72,79.1076,40.0,0.19
6434,4.48,70.2832,35.0,0.17
6435,4.4,129.9499,33.0,0.17
6436,5.64,169506.4478,28.0,0.2
6437,3.64,61.4994,40.0,0.16
6438,4.24,112.381,36.0,0.16
6439,3.56,52.7126,42.0,0.16
6440,3.92,2852.0326,38.0,0.16
6441,5.04,43.9415,31.0,0.18
6442,4.4,1058.8418,36.0,0.16
6443,4.16,339346.8966,36.0,0.15
6444,3.48,43.9295,40.0,0.14
6445,3.8,79.0697,40.0,0.15
6446,4.2,360781.8328,38.0,0.16
6447,4.64,2904.9168,32.0,0.16
6448,3.48,70.3702,43.0,0.16
6449,4.4,52.7147,36.0,0.16
6450,5.24,77.5829,29.0,0.17
6451,5.48,52.7211,30.0,0.17
6452,4.24,1067.6324,37.0,0.16
6453,3.68,43.9296,41.0,0.16
6454,6.72,677084.4845,23.0,0.17
6455,4.04,112.3801,35.0,0.17
6456,4.0,70.2842,40.0,0.16
6457,3.92,70.283,39.0,0.23
6458,4.16,86.0316,36.0,0.28
6459,4.24,35.1596,35.0,0.21
6460,3.88,43.9302,38.0,0.18
6461,3.64,79.0657,40.0,0.15
6462,4.28,87.792,32.0,0.16
6463,3.56,96.6387,42.0,0.15
6464,3.56,79.0668,42.0,0.14
6465,3.76,89.4709,37.0,0.15
6466,4.36,88.1067,35.0,0.19
6467,3.64,87.8554,40.0,0.88
6468,4.16,339338.1132,35.0,0.2
6469,4.04,114.1428,38.0,0.2
6470,3.92,61.503,40.0,0.17
6471,4.64,86.0278,35.0,0.21
6472,3.68,88.7154,38.0,0.16
6473,3.64,87.8489,38.0,0.17
6474,3.64,62.8143,41.0,0.16
6475,4.24,121.1975,35.0,0.16
6476,3.36,87.8747,43.0,0.16
6477,3.64,79.0656,42.0,0.16
6478,4.36,61.5021,36.0,0.16
6479,4.2,335779.2864,37.0,0.16
6480,3.76,70.2821,38.0,0.17
6481,4.36,147.5212,34.0,0.16
6482,4.24,1050.0576,37.0,0.15
6483,3.8,79.0655,39.0,0.16
6484,3.72,61.5125,37.0,0.15
6485,3.92,70.283,37.0,0.18
6486,5.04,120075.1324,31.0,0.17
6487,5.64,104.9008,27.0,0.17
6488,4.28,1087.4884,37.0,0.17
6489,3.52,105.4214,43.0,0.16
6490,3.72,96.7003,41.0,0.16
6491,3.96,157.7919,38.0,0.16
6492,3.72,63.3501,36.0,0.17
6493,3.48,54.3974,39.0,0.18
6494,3.52,79.2545,39.0,0.16
6495,4.12,2843.7556,35.0,0.17
6496,3.36,79.0716,43.0,0.15
6497,3.72,87.8515,40.0,0.18
6498,4.12,77.2625,37.0,0.18
6499,3.72,70.2813,39.0,0.17
6500,4.24,103.5996,35.0,0.25
6501,5.84,67144.8694,30.0,0.18
6502,5.28,86.0288,30.0,0.15
6503,4.16,339355.6504,35.0,0.15
6504,3.64,79.0672,40.0,0.15
6505,4.36,61.4983,36.0,0.16
6506,4.44,79.0654,37.0,0.24
6507,4.36,52.7244,35.0,0.19
6508,4.28,112.4178,34.0,0.16
6509,4.52,61.516,31.0,0.17
6510,4.28,168305.1262,36.0,0.25
6511,4.12,412.0637,28.0,0.16
6512,4.2,86.0297,34.0,0.17
6513,3.56,44.0278,42.0,0.16
6514,3.32,79.0672,43.0,0.15
6515,3.32,87.8496,44.0,0.15
6516,4.4,71.9028,35.0,0.16
6517,3.36,79.0644,44.0,0.16
6518,3.6,80.3814,42.0,0.16
6519,4.44,57.7748,33.0,0.17
6520,4.24,79.0774,38.0,0.16
6521,3.36,79.0668,44.0,0.2
6522,4.36,1069.2868,35.0,0.2
6523,5.32,23814.2768,29.0,0.22
6524,3.56,87.8489,42.0,0.15
6525,3.56,61.4976,43.0,0.17
6526,3.56,52.7139,43.0,0.17
6527,4.28,59.6775,33.0,0.16
6528,4.16,112.3804,36.0,0.16
6529,4.32,1058.8415,37.0,0.16
6530,4.36,1100.9416,35.0,0.16
6531,4.2,1058.8416,34.0,0.18
6532,4.92,114.1426,32.0,0.16
6533,3.64,96.6443,39.0,0.17
6534,3.52,70.2837,39.0,0.27
6535,4.12,35.1492,38.0,0.2
6536,3.8,52.719,37.0,0.2
6537,4.36,1067.6258,35.0,0.24
6538,4.24,407177.9501,34.0,0.21
6539,4.28,52.7759,33.0,0.16
6540,4.48,1076.4158,36.0,0.19
6541,4.16,129.951,35.0,0.15
6542,3.64,43.936,37.0,0.16
6543,3.44,61.9459,25.0,0.15
6544,4.16,112.3808,36.0,0.15
6545,3.72,79.127,38.0,0.16
6546,3.6,52.7185,33.0,0.18
6547,4.96,121090.0567,33.0,0.19
6548,3.56,87.8494,42.0,0.18
6549,3.64,87.8635,41.0,0.23
6550,4.76,61.5028,34.0,0.16
6551,4.28,103.5983,35.0,0.16
6552,4.12,33958.2389,39.0,0.16
6553,3.72,43.9324,40.0,0.16
6554,3.76,79.0683,40.0,0.19
6555,4.64,45.1256,32.0,0.16
6556,3.92,52.7134,40.0,0.23
6557,4.52,2843.441,34.0,0.22
6558,6.08,60.54,29.0,0.19
6559,4.64,43.9344,33.0,0.27
6560,4.0,112.3816,36.0,0.19
6561,4.6,96.6457,33.0,0.19
6562,3.48,96.6356,43.0,0.18
6563,4.2,96.5914,31.0,0.26
6564,3.4,52.716,44.0,0.19
6565,4.28,112.3838,35.0,0.15
6566,3.92,70.2814,38.0,0.16
6567,3.84,105.4182,38.0,0.18
6568,4.04,138.7326,38.0,0.16
6569,3.44,105.4185,44.0,0.15
6570,4.6,103.5954,35.0,0.16
6571,3.64,61.5167,40.0,0.17
6572,3.36,87.8511,44.0,0.16
6573,3.96,26.3729,25.0,0.16
6574,3.56,43.932,42.0,0.16
6575,4.8,359936.1816,32.0,0.17
6576,3.64,70.2827,41.0,0.17
6577,4.32,70.2819,36.0,0.19
6578,3.64,96.6373,40.0,0.25
6579,3.76,79.0647,38.0,0.18
6580,3.36,52.7134,44.0,0.16
6581,3.84,70.2818,37.0,0.15
6582,4.32,35.1504,35.0,0.16
6583,3.96,52.722,36.0,0.18
6584,3.92,339366.259,39.0,0.18
6585,3.64,87.8474,40.0,0.15
6586,4.44,1050.0608,35.0,0.16
6587,4.08,70.2844,36.0,0.17
6588,3.96,96.6357,38.0,0.2
6589,5.64,339409.8776,27.0,0.24
6590,4.08,43.9313,37.0,0.16
6591,3.64,96.6862,40.0,0.16
6592,3.56,79.1731,42.0,0.16
6593,3.48,87.8511,43.0,0.17
6594,3.64,52.7153,29.0,0.2
6595,4.52,2896.1266,34.0,0.16
6596,6.12,65981.86,27.0,0.16
6597,4.4,82.4357,36.0,0.17
6598,4.28,103.6066,34.0,0.26
6599,4.16,68.6108,31.0,0.18
6600,3.52,96.6902,40.0,0.16
6601,3.56,79.0684,42.0,0.14
6602,3.6,110.9713,39.0,0.15
6603,4.56,96.8333,32.0,0.15
6604,4.28,94.8138,34.0,0.15
6605,4.12,32349.0998,36.0,0.17
6606,4.28,61.4978,36.0,0.19
6607,4.16,103.7572,37.0,0.18
6608,3.84,79.0682,34.0,0.19
6609,3.44,105.4162,42.0,0.81
6610,3.64,61.4987,39.0,0.16
6611,3.56,61.5012,38.0,0.17
6612,4.28,355314.8833,36.0,0.18
6613,3.68,122.9872,39.0,0.16
6614,3.72,79.0653,39.0,0.16
6615,3.72,35.148,37.0,0.16
6616,3.72,89.4692,38.0,0.16
6617,4.36,29.3706,36.0,0.2
6618,3.72,17.5933,40.0,0.22
6619,4.32,54.3694,34.0,0.19
6620,3.72,70.284,39.0,0.21
6621,3.6,52.73,40.0,0.16
6622,3.92,79.0649,38.0,0.15
6623,4.24,105.418,38.0,0.17
6624,3.52,105.4171,40.0,0.16
6625,4.76,1050.2174,34.0,0.17
6626,3.76,79.0674,39.0,0.16
6627,4.08,26.3647,34.0,0.17
6628,3.72,70.2813,40.0,0.16
6629,4.08,103.5976,38.0,0.16
6630,3.84,61.5005,35.0,0.21
6631,5.84,66008.361,30.0,0.19
6632,3.68,44.7919,37.0,0.19
6633,3.64,43.9295,40.0,0.19
6634,3.84,63.1208,38.0,0.17
6635,4.4,8370.4764,32.0,0.17
6636,4.36,2843.4497,34.0,0.17
6637,3.36,70.2835,45.0,0.16
6638,3.56,61.4994,42.0,0.16
6639,3.8,79.0686,35.0,0.16
6640,3.72,70.2975,40.0,0.28
6641,3.76,33958.2392,39.0,0.15
6642,3.44,79.0675,44.0,0.15
6643,3.84,105.4232,34.0,0.17
6644,3.72,70.2814,39.0,0.16
6645,3.88,26.3674,36.0,0.24
6646,4.24,32301.4217,34.0,0.16
6647,4.36,1093.9778,37.0,0.16
6648,3.64,96.6335,40.0,0.18
6649,3.64,17.5836,38.0,0.23
6650,4.08,70.3171,37.0,0.2
6651,3.92,79.0685,38.0,0.2
6652,4.16,103.5968,37.0,0.19
6653,3.92,70.2817,38.0,0.17
6654,3.64,54.4784,39.0,0.16
6655,4.04,2904.9368,37.0,0.17
6656,4.44,1058.8413,34.0,0.18
6657,3.72,52.7134,37.0,0.16
6658,4.96,36.4498,28.0,0.17
6659,4.64,43.9307,33.0,0.17
6660,4.36,61.731,35.0,0.16
6661,3.64,87.8519,37.0,0.14
6662,5.28,35.1501,26.0,0.16
6663,4.44,52.7144,31.0,0.16
6664,3.36,43.9289,42.0,0.18
6665,5.48,43.935,30.0,0.15
6666,3.84,70.2805,40.0,0.16
6667,6.6,203345.3179,22.0,0.22
6668,4.44,77.2436,34.0,0.17
6669,6.44,61.7404,26.0,0.2
6670,5.84,26.3661,28.0,0.2
6671,3.4,61.5042,40.0,0.18
6672,4.6,1058.8474,33.0,0.18
6673,3.72,80.6863,41.0,0.2
6674,3.36,52.7127,45.0,0.21
6675,3.72,96.6388,39.0,0.22
6676,4.96,61.5758,31.0,0.2
6677,3.92,105.4174,40.0,0.19
6678,3.72,87.8513,39.0,0.18
6679,3.76,79.068,41.0,0.19
6680,3.92,359775.7052,39.0,0.17
6681,5.2,103.6074,30.0,0.16
6682,3.64,67918.9369,41.0,0.17
6683,3.92,43.93,40.0,0.19
6684,4.32,61.4979,35.0,0.18
6685,3.48,79.066,42.0,0.2
6686,4.32,79.0787,31.0,0.19
6687,3.52,105.4158,41.0,0.19
6688,4.48,63.3769,36.0,0.2
6689,3.72,87.849,41.0,0.19
6690,5.84,43.9307,29.0,0.22
6691,3.64,108.4751,39.0,0.18
6692,3.64,96.6359,40.0,0.18
6693,3.8,52.7826,39.0,0.21
6694,4.08,70.2817,40.0,0.22
6695,4.08,26.5027,36.0,0.17
6696,3.44,105.4213,44.0,0.18
6697,4.16,112.3865,36.0,0.2
6698,3.56,87.8495,43.0,0.18
6699,3.52,52.715,35.0,0.2
6700,4.16,59.6829,37.0,0.18
6701,3.32,70.2836,42.0,0.16
6702,3.8,87.9153,40.0,0.16
6703,5.12,70.5651,29.0,0.16
6704,4.32,103.5948,34.0,0.19
6705,4.16,339320.5124,36.0,0.22
6706,3.68,82.1606,40.0,0.19
6707,4.2,43.9348,38.0,0.21
6708,4.36,94.8372,36.0,0.19
6709,3.92,70.2934,38.0,0.21
6710,4.36,1102.7614,36.0,0.2
6711,4.0,61.5027,34.0,0.21
6712,4.2,112.3868,35.0,0.18
6713,4.16,43.931,37.0,0.2
6714,3.36,122.9864,45.0,0.25
6715,3.56,70.4643,42.0,0.21
6716,3.92,61.6535,40.0,0.18
6717,3.64,61.5033,39.0,0.19
6718,3.48,52.7139,43.0,0.18
6719,3.76,79.065,38.0,0.19
6720,3.4,105.4193,39.0,0.22
6721,3.92,79.0658,38.0,0.18
6722,3.68,87.8706,40.0,0.17
6723,4.04,339373.295,38.0,0.24
6724,4.36,52.7167,36.0,0.18
6725,4.04,70.8334,39.0,0.18
6726,4.08,61.5049,37.0,0.24
6727,4.04,33984.5924,38.0,0.18
6728,3.52,35.146,42.0,0.21
6729,5.24,204481.9833,30.0,0.2
6730,4.12,37.6915,35.0,0.17
6731,4.32,44.1719,38.0,0.21
6732,4.28,138.7351,34.0,0.21
6733,4.2,86.0287,35.0,0.19
6734,6.16,120044.2901,28.0,0.22
6735,4.0,61.4986,38.0,0.22
6736,4.2,94.8185,32.0,0.25
6737,5.0,120049.3914,27.0,0.24
6738,5.16,71.9387,29.0,0.23
6739,3.52,87.8505,40.0,0.18
6740,3.36,87.8507,44.0,0.2
6741,3.64,70.2801,41.0,0.17
6742,4.2,80.2457,36.0,0.18
6743,4.24,35.1468,38.0,0.17
6744,3.56,61.5157,40.0,0.84
6745,3.92,79.0653,38.0,0.18
6746,4.0,96.6203,36.0,0.17
6747,4.56,54.6711,34.0,0.21
6748,4.08,80.8345,35.0,0.22
6749,3.92,70.2879,36.0,0.19
6750,4.24,70.2841,37.0,0.2
6751,3.56,105.4198,43.0,0.19
6752,6.52,372764.3191,27.0,0.22
6753,4.52,79.0691,36.0,0.18
6754,3.64,87.8511,40.0,0.22
6755,4.72,52.7188,36.0,0.23
6756,3.64,61.5018,40.0,0.21
6757,4.2,86.0302,37.0,0.19
6758,3.84,70.6611,39.0,0.2
6759,3.48,43.9319,37.0,0.22
6760,3.68,79.0671,40.0,0.18
6761,4.24,339355.6811,33.0,0.17
6762,3.4,61.5071,44.0,0.17
6763,4.56,174.0862,16.0,0.17
6764,4.08,54.4704,34.0,0.19
6765,4.24,53.0526,37.0,0.28
6766,3.48,81.7864,39.0,0.21
6767,3.36,105.4186,45.0,0.18
6768,5.2,169457.3799,33.0,0.23
6769,3.72,70.2841,40.0,0.26
6770,5.72,43.9382,29.0,0.23
6771,4.4,79.0656,34.0,0.24
6772,3.36,105.4153,45.0,0.2
6773,4.72,2834.6695,31.0,0.21
6774,3.56,79.0712,38.0,0.17
6775,5.48,359901.0908,28.0,0.23
6776,3.72,61.4977,39.0,0.18
6777,2.96,61.5118,41.0,0.18
6778,3.64,96.6324,40.0,0.2
6779,4.6,1050.0607,35.0,0.18
6780,3.44,38.2202,37.0,0.17
6781,3.28,70.2836,44.0,0.18
6782,4.48,79.0692,32.0,0.17
6783,4.32,1034.2493,35.0,0.18
6784,3.44,70.283,41.0,0.21
6785,3.72,87.8513,37.0,0.18
6786,3.44,79.0668,44.0,0.2
6787,3.16,52.7193,45.0,0.18
6788,4.24,79.0831,37.0,0.19
6789,3.92,8387.5516,38.0,0.17
6790,5.0,471171.9904,31.0,0.17
6791,3.48,87.8526,39.0,0.17
6792,3.36,114.1997,45.0,0.18
6793,3.92,61.5005,40.0,0.18
6794,3.88,45.6932,37.0,0.19
6795,3.92,105.4202,38.0,0.21
6796,4.04,339355.6889,37.0,0.17
6797,3.6,105.4763,40.0,0.19
6798,3.84,71.9024,39.0,0.19
6799,4.08,53.273,41.0,0.18
6800,3.72,35.1655,38.0,0.19
6801,3.36,79.0696,44.0,0.22
6802,4.32,87.8221,36.0,0.2
6803,4.0,71485.1455,36.0,0.16
6804,3.96,67943.4662,34.0,0.16
6805,3.68,70.2933,40.0,0.2
6806,4.16,94.8134,37.0,0.22
6807,4.16,86.0292,33.0,0.18
6808,3.4,43.931,35.0,0.21
6809,3.8,61.9737,43.0,0.19
6810,3.88,43.9298,39.0,0.19
6811,4.12,129.9511,37.0,0.2
6812,3.56,87.8519,40.0,0.21
6813,4.36,103.6015,35.0,0.22
6814,4.08,103.5966,38.0,0.19
6815,5.92,427133.385,27.0,0.22
6816,4.68,26.5557,30.0,0.18
6817,3.72,70.2836,41.0,0.17
6818,5.64,1197.2339,29.0,0.21
6819,3.52,96.6326,41.0,0.18
6820,3.56,52.7143,41.0,0.21
6821,3.52,61.4968,41.0,0.15
6822,5.92,197919.1754,28.0,0.17
6823,4.28,52.7176,36.0,0.18
6824,4.08,43.9331,36.0,0.22
6825,3.84,70.2816,37.0,0.19
6826,4.16,94.8453,36.0,0.18
6827,4.36,43.9362,33.0,0.22
6828,3.72,71.9761,41.0,0.2
6829,3.76,71407.9311,36.0,0.2
6830,3.72,70.2801,40.0,0.18
6831,4.52,79.1427,33.0,0.2
6832,3.64,61.497,40.0,0.19
6833,4.44,45.1094,35.0,0.17
6834,4.68,1085.194,33.0,0.2
6835,5.84,86.0283,28.0,0.19
6836,5.36,61.5006,30.0,0.21
6837,4.48,122.4663,35.0,0.2
6838,3.72,61.4978,36.0,0.19
6839,3.52,61.4993,43.0,0.23
6840,4.36,120078.6227,18.0,0.18
6841,3.44,87.8509,42.0,0.17
6842,3.92,43.9332,40.0,0.2
6843,3.56,79.0679,40.0,0.17
6844,3.56,87.8579,41.0,0.18
6845,4.08,138.7371,36.0,0.19
6846,3.52,87.8511,43.0,0.22
6847,4.36,43.9449,33.0,0.21
6848,3.72,43.9328,36.0,0.17
6849,4.12,121.165,38.0,0.18
6850,4.48,131.2498,35.0,0.18
6851,3.88,61.5001,36.0,0.21
6852,4.44,1050.1564,33.0,0.18
6853,4.04,86.0302,35.0,0.19
6854,3.64,61.4967,40.0,0.18
6855,4.0,121.1778,38.0,0.2
6856,3.76,70.2876,40.0,0.21
6857,3.56,96.6332,42.0,0.18
6858,4.48,67957.2879,30.0,0.19
6859,4.32,43.9306,32.0,0.18
6860,4.44,35.1467,33.0,0.17
6861,3.36,105.4185,45.0,0.21
6862,4.36,70.2822,36.0,0.17
6863,4.12,121.1637,36.0,0.17
6864,3.72,52.7155,37.0,0.18
6865,4.04,61.5698,37.0,0.22
6866,3.6,61.5008,39.0,0.24
6867,4.16,339355.6505,36.0,0.2
6868,4.36,47.3092,35.0,0.19
6869,3.52,79.0716,42.0,0.18
6870,4.32,47.1376,34.0,0.19
6871,5.84,1058.8438,30.0,0.19
6872,4.28,120066.3833,36.0,0.17
6873,3.44,96.6324,44.0,0.16
6874,4.36,52.7156,36.0,0.18
6875,4.8,120057.5788,34.0,0.19
6876,4.36,81.3616,36.0,0.79
6877,3.92,67936.5035,38.0,0.18
6878,3.92,43.9329,38.0,0.17
6879,4.32,61.4982,36.0,0.18
6880,3.56,52.7134,43.0,0.17
6881,4.4,61.501,36.0,0.16
6882,3.44,61.4998,41.0,0.18
6883,3.48,87.8513,43.0,0.16
6884,3.76,70.2838,41.0,0.18
6885,4.8,70.2946,33.0,0.19
6886,3.52,79.0653,44.0,0.18
6887,3.64,61.5034,39.0,0.17
6888,3.64,70.297,40.0,0.17
6889,5.8,34028.3454,30.0,0.2
6890,5.0,1050.1625,31.0,0.24
6891,4.16,129.949,36.0,0.23
6892,4.24,1076.4088,38.0,0.25
6893,4.44,87.8506,36.0,0.21
6894,4.68,1076.4196,34.0,0.2
6895,3.84,79.0647,39.0,0.17
6896,3.76,114763.8786,36.0,0.2
6897,4.2,95.0632,26.0,0.18
6898,3.88,35.1504,23.0,0.21
6899,3.92,86.0306,39.0,0.21
6900,4.72,26.5642,34.0,0.2
6901,3.36,87.8484,45.0,0.16
6902,4.24,79.0676,37.0,0.17
6903,5.08,77.6273,31.0,0.17
6904,4.28,35.1536,27.0,0.19
6905,4.2,1076.419,35.0,0.18
6906,4.76,67911.2911,31.0,0.2
6907,4.12,61.4968,40.0,0.21
6908,3.64,43.9292,42.0,0.17
6909,4.48,89.0304,34.0,0.19
6910,5.36,89831.2468,32.0,0.18
6911,3.6,52.719,40.0,0.17
6912,4.36,138.7351,35.0,0.17
6913,4.36,68.4642,35.0,0.17
6914,4.4,103.5947,36.0,0.18
6915,4.08,43.9432,36.0,0.21
6916,3.44,61.5002,44.0,0.24
6917,4.36,54.4775,35.0,0.21
6918,3.88,61.4992,39.0,0.17
6919,4.28,1067.6249,36.0,0.18
6920,3.64,87.8489,40.0,0.19
6921,4.32,103.6561,33.0,0.18
6922,4.16,1067.6259,38.0,0.21
6923,4.44,52.7136,38.0,0.2
6924,4.64,53.8502,35.0,0.19
6925,4.08,86.0292,36.0,0.23
6926,4.12,100174.4015,36.0,0.2
6927,3.4,70.2868,40.0,0.24
6928,3.64,79.0648,39.0,0.22
6929,3.36,87.8479,45.0,0.21
6930,3.56,87.8482,40.0,0.22
6931,4.16,138.7326,35.0,0.23
6932,3.64,70.2818,40.0,0.21
6933,5.08,52.713,31.0,0.2
6934,4.6,86.0458,29.0,0.22
6935,3.44,61.496,44.0,0.21
6936,3.84,61.4998,38.0,0.25
6937,4.16,1067.6257,38.0,0.23
6938,5.4,26.5254,31.0,0.24
6939,4.32,1102.7766,34.0,0.22
6940,3.64,70.2807,42.0,0.19
6941,3.44,61.496,44.0,0.19
6942,4.16,138.9012,36.0,0.17
6943,4.64,113.6822,34.0,0.17
6944,3.56,79.2417,42.0,0.17
6945,4.48,1032.4915,32.0,0.19
6946,3.44,96.6353,42.0,0.16
6947,3.4,87.9036,41.0,0.17
6948,4.2,43.9329,34.0,0.17
6949,3.64,88.7349,38.0,0.19
6950,3.72,105.419,40.0,0.17
6951,4.72,120075.9351,34.0,0.18
6952,5.0,70.3282,34.0,0.19
6953,3.96,52.7215,40.0,0.19
6954,3.76,43.9283,40.0,0.19
6955,3.88,61.4973,41.0,0.17
6956,4.24,1067.6284,36.0,0.2
6957,3.72,26.3651,40.0,0.17
6958,4.16,105.4182,38.0,0.17
6959,4.12,103.6166,34.0,0.17
6960,4.28,70.2846,18.0,0.18
6961,3.64,87.8484,40.0,0.16
6962,3.96,70.5963,38.0,0.16
6963,3.28,52.7258,44.0,0.15
6964,3.4,87.8642,43.0,0.15
6965,4.16,87.8499,38.0,0.17
6966,5.08,342347.6371,29.0,0.17
6967,4.12,86.0351,36.0,0.21
6968,4.36,1023.7128,35.0,0.18
6969,4.32,61.4987,38.0,0.19
6970,3.4,52.724,33.0,0.19
6971,3.84,105.521,37.0,0.19
6972,4.32,52.7142,34.0,0.2
6973,3.4,87.8487,41.0,0.21
6974,3.16,73.3982,43.0,0.17
6975,4.32,79.0666,36.0,0.19
6976,3.36,79.0645,45.0,0.19
6977,3.56,96.6352,43.0,0.2
6978,3.52,61.4974,40.0,0.19
6979,3.68,63.2567,42.0,0.17
6980,4.16,79.087,38.0,0.23
6981,3.56,61.4997,43.0,0.16
6982,4.64,64.7081,32.0,0.2
6983,4.0,96.6354,40.0,0.19
6984,3.56,67901.369,42.0,0.19
6985,4.4,70.287,33.0,0.17
6986,3.64,2922.2765,39.0,0.17
6987,3.8,70.2842,40.0,0.21
6988,3.84,79.0642,40.0,0.26
6989,3.8,61.5669,40.0,0.22
6990,3.64,96.6323,40.0,0.21
6991,3.44,79.0667,44.0,0.21
6992,3.36,70.2801,45.0,0.18
6993,3.92,70.2808,36.0,0.17
6994,3.88,108.4768,37.0,0.2
6995,3.68,61.5004,40.0,0.2
6996,4.12,121.1929,38.0,0.18
6997,5.84,35.1598,30.0,0.2
6998,3.64,45.1193,36.0,0.18
6999,5.24,270437.4678,33.0,0.19
7000,3.8,61.4998,40.0,0.22
7001,3.36,52.712,43.0,0.17
7002,3.96,35.145,38.0,0.2
7003,5.04,43.9315,31.0,0.18
7004,3.24,89.6137,44.0,0.15
7005,4.44,33915.685,35.0,0.19
7006,3.56,79.927,41.0,0.18
7007,4.76,359936.1867,34.0,0.21
7008,3.8,120083.9153,43.0,0.18
7009,4.2,339355.6489,34.0,0.86
7010,4.12,121.164,38.0,0.21
7011,3.68,96.633,41.0,0.23
7012,4.52,70.2874,36.0,0.24
7013,5.16,66008.3675,34.0,0.25
7014,4.12,129.9486,38.0,0.22
7015,3.92,61.5009,38.0,0.21
7016,3.92,61.5009,40.0,0.27
7017,4.04,86.082,39.0,0.19
7018,4.28,94.8125,36.0,0.18
7019,4.24,61.5964,36.0,0.21
7020,3.92,52.7137,38.0,0.22
7021,3.88,52.725,37.0,0.17
7022,3.56,52.7181,22.0,0.25
7023,3.76,70.2818,41.0,0.17
7024,3.84,79.0651,40.0,0.16
7025,3.8,70.2815,40.0,0.18
7026,4.24,86.0286,36.0,0.2
7027,4.24,70.2838,37.0,0.17
7028,3.64,70.3827,40.0,0.19
7029,4.12,61.4983,38.0,0.2
7030,3.88,63.2679,38.0,0.16
7031,4.28,168357.8304,37.0,0.21
7032,6.52,73836.9118,26.0,0.19
7033,3.4,61.5036,44.0,0.16
7034,4.28,87.849,36.0,0.17
7035,4.16,138.7326,37.0,0.16
7036,3.76,79.0653,39.0,0.18
7037,4.4,96.6383,36.0,0.18
7038,3.6,96.6332,43.0,0.17
7039,4.2,112.3837,36.0,0.17
7040,4.56,70.2853,36.0,0.19
7041,4.04,129.9476,39.0,0.15
7042,3.64,70.281,40.0,0.16
7043,3.44,70.2834,42.0,0.16
7044,3.56,43.9292,41.0,0.16
7045,3.52,54.4797,41.0,0.17
7046,4.0,340346.1002,36.0,0.19
7047,4.12,103.5965,38.0,0.19
7048,4.64,1075.4262,32.0,0.18
7049,3.64,114.2036,40.0,0.17
7050,3.72,27.7081,36.0,0.17
7051,3.24,122.9832,43.0,0.21
7052,3.8,52.7127,40.0,0.2
7053,3.24,131.7789,47.0,0.17
7054,4.12,121.2599,34.0,0.18
7055,3.92,35.146,38.0,0.23
7056,3.44,96.635,45.0,0.18
7057,4.04,339329.2984,38.0,0.22
7058,3.64,96.6322,40.0,0.18
7059,3.52,79.082,44.0,0.18
7060,4.32,105.4172,38.0,0.23
7061,3.28,79.0769,43.0,0.16
7062,3.48,114.2007,42.0,0.15
7063,4.36,44.3367,36.0,0.15
7064,3.48,79.0643,41.0,0.17
7065,3.2,61.5022,45.0,0.15
7066,3.72,72.579,41.0,0.16
7067,4.08,121.1648,38.0,0.18
7068,3.56,70.284,43.0,0.21
7069,4.12,112.3806,36.0,0.18
7070,3.64,105.4168,42.0,0.17
7071,3.76,62.3657,36.0,0.21
7072,4.16,103.597,36.0,0.2
7073,4.28,70.2848,37.0,0.22
7074,4.44,80.6863,38.0,0.18
7075,4.2,94.8278,37.0,0.19
7076,3.96,44.7925,37.0,0.18
7077,4.24,89.155,38.0,0.18
7078,5.88,2706.1972,28.0,0.17
7079,4.04,112.4109,39.0,0.16
7080,3.6,70.2812,41.0,0.17
7081,4.44,1076.6915,38.0,0.16
7082,3.6,70.2838,18.0,0.17
7083,4.24,1068.004,37.0,0.16
7084,5.84,166953.1812,31.0,0.16
7085,3.36,87.8589,43.0,0.16
7086,3.64,114807.7971,40.0,0.18
7087,3.92,87.8523,40.0,0.18
7088,4.04,103.6812,39.0,0.17
7089,4.12,94.8153,38.0,0.2
7090,3.92,77.3005,35.0,0.18
7091,3.8,70.2816,41.0,0.19
7092,5.68,33905.5332,25.0,0.18
7093,3.36,114.203,45.0,0.19
7094,3.68,52.7793,42.0,0.16
7095,3.92,61.5029,38.0,0.21
7096,5.6,360184.1686,30.0,0.18
7097,4.64,131.9768,35.0,0.18
7098,3.6,52.7136,43.0,0.17
7099,4.2,1041.2749,36.0,0.17
7100,3.44,43.9296,44.0,0.17
7101,3.68,35.1446,40.0,0.16
7102,3.32,87.8486,41.0,0.16
7103,4.04,359806.075,38.0,0.16
7104,4.4,71.4613,33.0,0.15
7105,3.24,67936.507,44.0,0.16
7106,3.64,96.635,40.0,0.16
7107,3.56,61.4969,40.0,0.18
7108,3.68,43.9296,42.0,0.19
7109,3.36,87.8512,45.0,0.17
7110,4.36,61.4981,36.0,0.2
7111,4.44,54.4762,34.0,0.2
7112,3.88,112.4232,37.0,0.22
7113,3.48,79.1814,40.0,0.22
7114,3.84,70.2833,40.0,0.21
7115,3.6,79.131,42.0,0.22
7116,3.36,45.6864,40.0,0.17
7117,3.6,43.9322,42.0,0.18
7118,3.4,61.4968,43.0,0.17
7119,3.32,29.433,33.0,0.17
7120,3.64,79.0658,42.0,0.17
7121,3.92,61.4975,36.0,0.2
7122,3.64,70.2834,42.0,0.15
7123,3.36,96.6348,45.0,0.18
7124,4.36,52.9501,35.0,0.19
7125,3.32,105.503,44.0,0.16
7126,3.68,79.0649,41.0,0.16
7127,3.6,52.7124,42.0,0.2
7128,3.64,105.4188,40.0,0.2
7129,3.88,70.2841,41.0,0.23
7130,4.12,129.9479,37.0,0.18
7131,3.64,70.2849,39.0,0.19
7132,4.24,33923.1011,38.0,0.25
7133,5.48,46.0407,25.0,0.23
7134,4.12,339338.1122,37.0,0.24
7135,3.48,71.1448,41.0,0.23
7136,3.56,96.6361,42.0,0.24
7137,4.48,339313.6097,35.0,0.22
7138,3.88,103.5951,31.0,0.19
7139,4.04,79.0678,39.0,0.19
7140,3.64,70.2807,40.0,0.2
7141,3.72,67927.7213,40.0,0.18
7142,3.64,61.497,42.0,0.17
7143,3.88,43.9296,39.0,0.25
7144,4.04,339364.4312,37.0,0.2
7145,3.72,96.6354,41.0,0.18
7146,4.16,339355.6506,35.0,0.19
7147,4.96,491820.773,33.0,0.21
7148,4.84,52.7214,34.0,0.19
7149,6.52,393799.3263,27.0,0.21
7150,4.64,339322.3399,34.0,0.19
7151,4.0,77.2467,38.0,0.2
7152,4.44,67920.1178,33.0,0.2
7153,5.92,157.8014,29.0,0.2
7154,3.36,79.0694,45.0,0.18
7155,4.4,120092.699,37.0,0.18
7156,4.32,112.3818,34.0,0.18
7157,3.36,70.28,45.0,0.18
7158,3.64,52.7125,40.0,0.19
7159,4.84,35.6232,34.0,0.19
7160,3.8,61.4974,39.0,0.21
7161,3.8,61.4975,42.0,0.17
7162,4.16,103.5973,37.0,0.16
7163,4.0,67911.3316,35.0,0.16
7164,3.8,359781.5431,38.0,0.16
7165,3.44,61.5038,40.0,0.18
7166,3.56,87.9353,42.0,0.18
7167,3.36,87.8479,45.0,0.16
7168,3.52,70.8273,40.0,0.2
7169,4.16,129.9514,36.0,0.17
7170,3.52,133.8523,41.0,0.19
7171,4.36,52.7147,36.0,0.19
7172,3.88,52.7256,40.0,0.25
7173,4.24,44.0966,34.0,0.19
7174,4.24,100165.6202,32.0,0.17
7175,4.56,203353.0941,34.0,0.18
7176,3.8,79.4004,42.0,0.19
7177,3.6,80.6881,43.0,0.25
7178,4.08,54.5798,37.0,0.2
7179,4.08,147.5164,38.0,0.19
7180,3.76,2887.1355,40.0,0.19
7181,3.28,79.0732,44.0,0.17
7182,3.52,87.8506,40.0,0.18
7183,3.28,337319.0749,40.0,0.17
7184,3.76,79.0672,41.0,0.17
7185,3.64,79.0644,40.0,0.16
7186,3.24,87.8479,42.0,0.15
7187,4.12,138.7326,37.0,0.16
7188,3.92,35.146,38.0,0.16
7189,3.56,87.8519,43.0,0.16
7190,3.36,70.2834,45.0,0.16
7191,3.44,96.6318,44.0,0.16
7192,4.24,71425.486,35.0,0.18
7193,6.04,170620.3713,27.0,0.17
7194,4.24,105.4336,36.0,0.16
7195,4.56,114.2006,35.0,0.17
7196,3.52,61.5036,30.0,0.16
7197,3.64,87.8518,40.0,0.19
7198,3.76,87.849,40.0,0.16
7199,3.36,70.28,45.0,0.15
7200,3.8,2843.2522,36.0,0.18
7201,3.48,96.6318,43.0,0.14
7202,3.48,61.497,39.0,0.14
7203,3.6,70.2809,40.0,0.14
7204,4.12,121.1642,38.0,0.17
7205,3.92,26.3619,40.0,0.15
7206,3.92,67943.466,27.0,0.21
7207,3.44,96.6351,44.0,0.15
7208,4.52,70.2847,36.0,0.16
7209,4.32,147.5328,37.0,0.16
7210,3.92,70.2822,40.0,0.2
7211,3.44,87.8511,43.0,0.19
7212,4.28,339338.0811,33.0,0.25
7213,3.28,114.1993,46.0,0.22
7214,4.16,339355.6472,36.0,0.16
7215,3.68,79.0671,41.0,0.16
7216,4.4,1085.1943,36.0,0.16
7217,3.48,79.0749,41.0,0.16
7218,3.92,87.8504,38.0,0.18
7219,4.32,68933.8483,35.0,0.19
7220,4.44,72.1582,35.0,0.19
7221,4.32,2852.2551,35.0,0.15
7222,3.52,114.1998,42.0,0.15
7223,4.76,87.9154,33.0,0.2
7224,3.76,54.3362,39.0,0.2
7225,4.04,90.2975,36.0,0.15
7226,4.44,1051.8206,34.0,0.16
7227,4.12,121.1646,38.0,0.16
7228,4.24,120092.6999,40.0,0.18
7229,3.36,70.2825,44.0,0.15
7230,4.24,96.5756,35.0,0.16
7231,4.24,79.0675,37.0,0.16
7232,4.4,70.2983,37.0,0.16
7233,3.88,52.7261,38.0,0.16
7234,4.16,32292.6374,34.0,0.17
7235,3.64,87.8512,40.0,0.19
7236,3.36,70.2828,45.0,0.16
7237,4.12,149.2873,37.0,0.17
7238,4.12,26.3971,21.0,0.19
7239,3.84,43.9298,38.0,0.19
7240,3.76,87.8483,41.0,0.16
7241,4.36,118992.2776,33.0,0.15
7242,3.88,61.5004,41.0,0.23
7243,3.64,87.8488,40.0,0.15
7244,3.52,87.8478,42.0,0.15
7245,3.56,105.4169,42.0,0.18
7246,3.44,105.4214,42.0,0.19
7247,3.72,2887.1377,37.0,0.17
7248,3.6,339322.336,41.0,0.16
7249,3.32,61.6344,42.0,0.16
7250,4.36,26.3628,36.0,0.17
7251,3.96,64.9868,16.0,0.16
7252,3.84,121.2206,35.0,0.18
7253,3.64,87.8688,40.0,0.24
7254,3.56,80.2655,39.0,0.18
7255,3.76,339313.6476,38.0,0.17
7256,3.36,114.2024,44.0,0.15
7257,3.44,87.8513,44.0,0.15
7258,4.44,43.9444,37.0,0.16
7259,5.08,1058.8589,32.0,0.17
7260,6.12,54.3212,28.0,0.16
7261,3.88,96.6347,39.0,0.17
7262,4.16,121.165,37.0,0.19
7263,3.36,87.8513,42.0,0.15
7264,3.36,52.7157,45.0,0.15
7265,3.44,114.199,42.0,0.15
7266,5.08,359927.374,33.0,0.19
7267,3.44,52.7156,44.0,0.15
7268,3.36,43.9312,42.0,0.16
7269,3.76,79.0654,40.0,0.16
7270,3.92,43.9297,40.0,0.17
7271,3.36,429.6244,37.0,0.17
7272,4.4,43.9322,38.0,0.18
7273,3.76,96.6337,38.0,0.16
7274,4.36,1058.8496,33.0,0.17
7275,4.48,61.4989,37.0,0.16
7276,4.4,1067.6239,37.0,0.16
7277,3.44,96.6346,44.0,0.16
7278,3.8,63.2062,37.0,0.17
7279,4.44,70.2813,36.0,0.16
7280,4.32,1076.4162,33.0,0.16
7281,4.12,43.9492,35.0,0.16
7282,3.64,70.2811,40.0,0.15
7283,4.04,112.3809,39.0,0.15
7284,4.12,79.0796,35.0,0.82
7285,3.96,44.4781,35.0,0.16
7286,3.68,79.07,40.0,0.17
7287,3.44,70.2806,45.0,0.16
7288,4.12,122.9328,37.0,0.21
7289,4.16,52.7328,36.0,0.26
7290,4.0,980.2238,40.0,0.19
7291,3.76,79.0675,38.0,0.2
7292,3.64,61.4971,42.0,0.19
7293,3.76,87.8506,38.0,0.19
7294,3.8,61.4971,40.0,0.16
7295,3.36,52.7226,42.0,0.16
7296,3.44,70.2805,44.0,0.16
7297,3.92,79.0684,38.0,0.17
7298,4.16,1085.1956,38.0,0.16
7299,4.12,87.909,37.0,0.16
7300,6.32,491820.7752,28.0,0.17
7301,3.88,79.0646,39.0,0.15
7302,3.76,43.9322,39.0,0.14
7303,4.76,61.498,32.0,0.18
7304,4.88,63.1216,31.0,0.15
7305,4.28,116.0362,36.0,0.15
7306,4.16,121.1656,37.0,0.15
7307,4.24,79.0649,37.0,0.19
7308,3.92,70.2839,40.0,0.17
7309,3.36,70.2801,45.0,0.18
7310,4.44,1085.1926,36.0,0.24
7311,4.56,1067.6256,35.0,0.16
7312,4.24,79.0682,38.0,0.16
7313,3.64,87.8482,40.0,0.16
7314,4.0,129.9489,35.0,0.22
7315,4.52,1076.4096,36.0,0.19
7316,3.96,86.0744,35.0,0.17
7317,4.64,66034.6458,35.0,0.21
7318,3.6,96.6322,43.0,0.15
7319,3.44,61.4966,44.0,0.24
7320,4.0,87.8587,35.0,0.17
7321,4.84,2896.1269,32.0,0.14
7322,3.72,36.9087,40.0,0.14
7323,3.36,96.7011,44.0,0.14
7324,3.6,87.8504,43.0,0.14
7325,4.48,87.8494,35.0,0.15
7326,4.76,33914.3268,35.0,0.16
7327,3.36,105.4186,44.0,0.17
7328,3.84,112.3879,35.0,0.16
7329,3.8,114.2033,40.0,0.19
7330,4.24,1085.1969,37.0,0.19
7331,3.92,43.9364,37.0,0.17
7332,3.76,87.8726,34.0,0.18
7333,4.48,103.5974,37.0,0.16
7334,3.6,87.854,40.0,0.21
7335,4.32,79.0663,37.0,0.16
7336,3.64,96.6328,40.0,0.16
7337,4.28,86.031,35.0,0.16
7338,3.56,87.8501,42.0,0.17
7339,4.04,407195.5185,34.0,0.16
7340,3.92,79.1256,38.0,0.16
7341,4.6,35.1491,33.0,0.15
7342,5.76,90.9338,29.0,0.15
7343,4.24,61.4996,34.0,0.16
7344,4.16,121.1668,37.0,0.23
7345,3.64,52.7137,40.0,0.19
7346,3.96,94.8131,35.0,0.23
7347,3.28,70.2876,42.0,0.2
7348,4.2,121.2095,37.0,0.21
7349,5.48,100.3391,28.0,0.16
7350,4.2,2861.0173,37.0,0.16
7351,4.16,32310.2047,35.0,0.15
7352,4.04,339338.0822,37.0,0.15
7353,3.6,79.0656,42.0,0.15
7354,4.76,70.2858,34.0,0.17
7355,3.72,96.6406,37.0,0.23
7356,4.8,99896.1686,35.0,0.28
7357,3.64,70.284,42.0,0.18
7358,4.16,105.4236,38.0,0.25
7359,4.44,79.0764,33.0,0.19
7360,4.24,91.648,35.0,0.16
7361,3.6,87.8489,40.0,0.18
7362,3.48,79.064,43.0,0.14
7363,3.8,87.8515,40.0,0.16
7364,4.2,35.4184,13.0,0.14
7365,3.96,70.2845,38.0,0.16
7366,4.2,168332.7946,36.0,0.15
7367,3.8,79.066,39.0,0.16
7368,4.32,79.0667,38.0,0.16
7369,3.48,70.2801,43.0,0.15
7370,3.96,87.8542,40.0,0.16
7371,4.24,1050.0602,38.0,0.2
7372,3.36,61.4956,45.0,0.15
7373,4.24,79.067,37.0,0.16
7374,3.64,79.1368,40.0,0.16
7375,3.64,52.7164,42.0,0.18
7376,4.72,43.9378,34.0,0.16
7377,3.6,79.0679,39.0,0.2
7378,4.36,39734.3653,36.0,0.2
7379,3.56,70.2819,42.0,0.16
7380,3.68,79.0672,40.0,0.19
7381,4.16,68.4608,36.0,0.16
7382,3.52,35.1507,25.0,0.14
7383,5.24,131928.7065,31.0,0.16
7384,4.16,121.1659,37.0,0.23
7385,4.24,105.4196,38.0,0.17
7386,3.44,96.6341,44.0,0.15
7387,3.88,61.4981,39.0,0.16
7388,3.36,70.2827,45.0,0.15
7389,3.48,79.0644,41.0,0.15
7390,6.52,169471.5318,25.0,0.27
7391,4.24,52.7146,38.0,0.18
7392,3.48,79.0674,43.0,0.17
7393,3.88,32307.0909,35.0,0.21
7394,3.52,70.29,43.0,0.21
7395,4.12,121.1676,38.0,0.24
7396,3.6,79.0647,41.0,0.19
7397,4.28,339331.1181,34.0,0.16
7398,3.64,339495.5096,39.0,0.16
7399,3.64,52.7127,40.0,0.16
7400,3.4,70.2938,43.0,0.16
7401,4.0,103.6043,36.0,0.2
7402,4.04,112.3802,38.0,0.19
7403,3.68,114.2001,40.0,0.16
7404,4.4,79.1645,34.0,0.15
7405,3.36,96.6346,44.0,0.16
7406,3.64,115.9789,40.0,0.22
7407,4.0,1050.1023,36.0,0.24
7408,3.64,61.4966,40.0,0.18
7409,4.36,70.7583,38.0,0.16
7410,3.8,61.4978,39.0,0.16
7411,3.96,96.6336,39.0,0.23
7412,3.64,87.8512,40.0,0.16
7413,4.2,1050.1062,36.0,0.16
7414,3.36,79.0668,44.0,0.19
7415,3.96,87.8647,39.0,0.18
7416,3.92,43.9327,39.0,0.19
7417,4.24,52.7145,36.0,0.17
7418,4.36,1076.4124,36.0,0.16
7419,3.36,61.496,45.0,0.16
7420,3.8,87.851,41.0,0.21
7421,4.56,43.9312,36.0,0.15
7422,3.44,96.6318,43.0,0.14
7423,3.64,114.203,40.0,0.16
7424,4.12,114.1766,36.0,0.15
7425,3.48,87.8513,43.0,0.16
7426,5.4,140.7805,30.0,0.17
7427,3.56,79.0649,43.0,0.16
7428,3.68,8387.5521,39.0,0.16
7429,4.36,44.1318,34.0,0.84
7430,4.04,61.5552,39.0,0.17
7431,4.76,339278.4593,30.0,0.19
7432,5.0,68.459,32.0,0.19
7433,4.24,94.8156,36.0,0.17
7434,3.92,87.8493,38.0,0.16
7435,3.8,105.4171,40.0,0.19
7436,4.2,1092.2179,34.0,0.25
7437,4.12,61.8278,38.0,0.16
7438,3.44,87.8483,45.0,0.16
7439,4.24,94.814,37.0,0.19
7440,3.72,80.6874,41.0,0.18
7441,4.24,70.3016,38.0,0.16
7442,3.36,70.2828,45.0,0.16
7443,3.72,43.9296,40.0,0.15
7444,3.36,61.4965,44.0,0.15
7445,4.12,103.6287,37.0,0.15
7446,3.36,79.0633,45.0,0.15
7447,4.24,1079.779,38.0,0.16
7448,4.08,70.2822,39.0,0.16
7449,4.04,100200.7544,36.0,0.18
7450,3.36,52.7127,44.0,0.17
7451,3.36,105.4158,44.0,0.18
7452,3.64,87.8496,40.0,0.27
7453,3.36,105.4189,45.0,0.2
7454,3.64,96.636,42.0,0.16
7455,3.6,70.2842,42.0,0.15
7456,4.0,52.7364,35.0,0.16
7457,4.28,121.1651,35.0,0.16
7458,3.56,87.8487,40.0,0.16
7459,3.64,61.4972,40.0,0.17
7460,3.56,35.1519,31.0,0.18
7461,4.4,1118.5091,34.0,0.16
7462,4.12,112.6586,38.0,0.18
7463,3.8,61.5025,42.0,0.18
7464,3.64,70.2812,40.0,0.16
7465,3.64,79.0648,42.0,0.22
7466,3.48,87.8485,43.0,0.26
7467,4.0,70.288,38.0,0.19
7468,4.52,2878.5535,34.0,0.17
7469,3.72,79.0656,40.0,0.16
7470,4.64,86.0276,34.0,0.16
7471,4.4,1129.1224,34.0,0.16
7472,4.12,94.8123,38.0,0.16
7473,4.16,103.6439,36.0,0.19
7474,4.36,1067.6306,38.0,0.16
7475,3.92,61.5024,37.0,0.16
7476,4.56,1058.8408,36.0,0.17
7477,3.76,70.3342,41.0,0.15
7478,6.4,169431.0076,27.0,0.16
7479,3.8,168322.7065,43.0,0.16
7480,3.56,96.6322,43.0,0.17
7481,3.52,131.7794,41.0,0.15
7482,4.84,339304.9238,32.0,0.16
7483,3.64,61.5216,40.0,0.15
7484,5.0,339260.846,32.0,0.2
7485,3.56,96.6339,43.0,0.16
7486,3.64,79.0669,40.0,0.15
7487,5.44,336785.4107,31.0,0.17
7488,4.24,70.2849,38.0,0.19
7489,4.84,359768.2225,33.0,0.17
7490,4.04,105.4776,38.0,0.19
7491,3.68,70.2813,42.0,0.18
7492,4.12,147.5228,35.0,0.16
7493,3.48,96.6325,40.0,0.17
7494,4.12,339355.672,37.0,0.27
7495,5.52,1206.9424,30.0,0.18
7496,4.08,112.3809,34.0,0.16
7497,3.96,71.1474,36.0,0.16
7498,4.04,129.9484,39.0,0.18
7499,6.04,134512.0888,29.0,0.17
7500,3.56,35.2279,37.0,0.16
7501,5.8,1032.4932,31.0,0.19
7502,3.24,114.2019,46.0,0.16
7503,4.12,94.8146,38.0,0.16
7504,5.44,101032.8677,31.0,0.15
7505,4.76,169737.6029,35.0,0.16
7506,3.72,79.0674,37.0,0.18
7507,4.4,52.7138,38.0,0.17
7508,3.52,52.7136,44.0,0.16
7509,4.4,53.899,33.0,0.22
7510,5.6,393843.2446,31.0,0.23
7511,4.12,105.3584,37.0,0.16
7512,4.04,129.9486,39.0,0.16
7513,5.0,54.3347,33.0,0.17
7514,4.04,147.535,38.0,0.16
7515,6.08,203310.2148,28.0,0.19
7516,3.52,79.0666,39.0,0.18
7517,3.36,61.4973,44.0,0.18
7518,4.2,119021.6037,36.0,0.18
7519,4.16,43.9326,36.0,0.19
7520,3.52,52.7127,44.0,0.18
7521,5.0,2869.9354,32.0,0.18
7522,3.44,61.498,44.0,0.16
7523,4.04,112.3801,38.0,0.15
7524,3.6,79.0649,41.0,0.19
7525,4.4,70.7576,37.0,0.19
7526,3.68,134.8468,40.0,0.2
7527,3.64,105.4222,43.0,0.2
7528,4.28,79.0687,38.0,0.2
7529,3.64,114.2066,41.0,0.19
7530,4.24,79.0659,38.0,0.2
7531,3.68,61.4996,40.0,0.16
7532,4.04,94.8122,39.0,0.16
7533,4.2,138.7322,36.0,0.18
7534,4.4,35.15,36.0,0.2
7535,3.64,61.5,40.0,0.2
7536,4.36,121.1677,35.0,0.22
7537,3.8,67936.5019,40.0,0.18
7538,3.36,43.9282,45.0,0.18
7539,4.24,52.7141,38.0,0.18
7540,3.36,96.6347,44.0,0.2
7541,4.28,43.9317,33.0,0.18
7542,4.16,121.1646,37.0,0.15
7543,3.32,87.8568,42.0,0.17
7544,6.12,119962.8012,28.0,0.18
7545,4.64,61.4976,36.0,0.17
7546,4.12,103.5961,38.0,0.16
7547,4.24,53.0521,38.0,0.19
7548,3.8,87.8547,40.0,0.19
7549,3.84,52.716,37.0,0.21
7550,4.04,94.8128,39.0,0.21
7551,3.64,61.4974,42.0,0.17
7552,3.72,96.6352,39.0,0.2
7553,3.44,96.6342,42.0,0.19
7554,3.8,96.6356,40.0,0.16
7555,3.52,70.2809,41.0,0.16
7556,3.52,70.2798,42.0,0.17
7557,4.6,52.7157,32.0,0.17
7558,4.56,52.7168,34.0,0.23
7559,5.52,131963.6816,31.0,0.18
7560,3.6,87.8488,41.0,0.18
7561,3.92,87.8502,38.0,0.15
7562,4.2,70.3068,36.0,0.16
7563,3.56,35.151,25.0,0.18
7564,4.36,79.0663,37.0,0.16
7565,4.12,103.5958,38.0,0.16
7566,3.64,70.2827,40.0,0.18
7567,3.76,61.4994,40.0,0.17
7568,3.52,87.8486,44.0,0.17
7569,4.24,1085.1923,38.0,0.18
7570,3.56,43.9283,42.0,0.19
7571,3.72,96.6912,40.0,0.22
7572,4.12,121.1698,38.0,0.25
7573,3.44,105.4162,44.0,0.85
7574,3.28,70.2799,46.0,0.2
7575,3.4,96.6354,44.0,0.21
7576,4.16,112.3804,35.0,0.22
7577,3.6,79.1387,41.0,0.18
7578,3.2,105.4183,46.0,0.15
7579,3.52,81.4824,37.0,0.16
7580,4.24,2904.9102,36.0,0.19
7581,3.44,79.0645,44.0,0.21
7582,4.12,129.9516,38.0,0.25
7583,4.0,79.0666,35.0,0.16
7584,4.16,1050.124,37.0,0.16
7585,3.64,61.4961,41.0,0.16
7586,4.24,87.8491,38.0,0.17
7587,4.12,86.0638,36.0,0.16
7588,4.48,79.0658,35.0,0.16
7589,4.12,77.2475,36.0,0.16
7590,4.04,121.1645,39.0,0.16
7591,3.68,70.2799,42.0,0.16
7592,4.88,35094.9122,32.0,0.17
7593,3.36,79.064,45.0,0.15
7594,3.92,52.7568,36.0,0.17
7595,5.4,105.8935,31.0,0.16
7596,5.8,393815.3378,28.0,0.18
7597,4.24,52.7136,38.0,0.2
7598,4.08,168313.9733,10.0,0.17
7599,4.24,79.0652,37.0,0.23
7600,3.44,140.5526,44.0,0.24
7601,3.72,79.0655,37.0,0.15
7602,4.04,61.655,40.0,0.15
7603,3.56,70.2816,43.0,0.16
7604,3.48,79.069,39.0,0.16
7605,3.44,122.9862,44.0,0.14
7606,3.44,61.5018,44.0,0.17
7607,4.64,1085.2362,35.0,0.24
7608,3.64,79.0642,40.0,0.22
7609,4.12,86.0381,38.0,0.25
7610,3.44,87.8498,44.0,0.21
7611,3.76,79.0642,39.0,0.16
7612,3.8,80.8942,39.0,0.18
7613,4.04,112.402,39.0,0.23
7614,4.52,1058.8413,36.0,0.16
7615,3.6,96.6324,41.0,0.16
7616,3.8,61.9709,40.0,0.21
7617,6.4,203393.3712,29.0,0.23
7618,3.72,35.1507,37.0,0.34
7619,3.76,79.0747,36.0,0.19
7620,3.4,52.7198,41.0,0.27
7621,4.04,138.7311,39.0,0.14
7622,3.44,359763.9699,43.0,0.14
7623,4.36,43.9312,36.0,0.26
7624,4.12,94.8239,37.0,0.17
7625,4.12,121.1648,36.0,0.14
7626,4.24,79.0666,38.0,0.15
7627,4.6,2904.9107,34.0,0.17
7628,4.2,168340.277,37.0,0.16
7629,4.24,707.5023,39.0,0.17
7630,3.48,35.1452,44.0,0.17
7631,4.4,2860.984,35.0,0.18
7632,3.16,87.8555,46.0,0.17
7633,3.88,52.7161,39.0,0.16
7634,3.84,35.1527,35.0,0.16
7635,4.08,70.2832,41.0,0.2
7636,3.84,70.2836,39.0,0.17
7637,3.84,52.7138,39.0,0.17
7638,3.72,43.9322,39.0,0.16
7639,4.04,77.2453,39.0,0.16
7640,3.84,87.8494,42.0,0.16
7641,4.04,86.0292,38.0,0.16
7642,3.56,87.8522,42.0,0.22
7643,4.16,96.637,40.0,0.15
7644,4.12,70.3122,38.0,0.15
7645,4.04,112.3803,39.0,0.16
7646,3.68,43.932,39.0,0.15
7647,4.72,33923.2411,35.0,0.16
7648,5.44,360032.4513,28.0,0.16
7649,3.8,56.772,38.0,0.22
7650,3.88,81.1988,39.0,0.21
7651,4.12,1041.2852,35.0,0.22
7652,3.52,70.2795,41.0,0.18
7653,3.52,52.7308,39.0,0.17
7654,4.32,131.2496,36.0,0.17
7655,3.84,168375.3964,42.0,0.15
7656,4.0,88.0719,37.0,0.16
7657,4.16,79.0961,38.0,0.16
7658,3.52,79.0732,40.0,0.16
7659,3.68,45.6858,38.0,0.16
7660,3.6,79.0674,42.0,0.18
7661,3.84,70.2836,38.0,0.16
7662,6.36,489122.7406,20.0,0.2
7663,3.4,122.9838,45.0,0.16
7664,3.52,87.851,40.0,0.16
7665,3.76,79.2312,37.0,0.2
7666,3.52,87.8539,35.0,0.16
7667,3.36,52.713,45.0,0.15
7668,3.68,87.8538,38.0,0.21
7669,3.76,79.1336,41.0,0.2
7670,3.36,122.9836,44.0,0.27
7671,3.44,70.2814,44.0,0.2
7672,5.08,79.0669,32.0,0.19
7673,3.68,87.8488,40.0,0.17
7674,4.12,121.1642,38.0,0.16
7675,3.92,82.1257,38.0,0.16
7676,3.36,87.8479,45.0,0.16
7677,4.0,94.8202,38.0,0.16
7678,4.24,105.4236,35.0,0.18
7679,3.44,79.0663,41.0,0.17
7680,3.32,52.7143,42.0,0.15
7681,4.12,79.4036,35.0,0.2
7682,4.08,86.041,36.0,0.15
7683,3.76,52.719,40.0,0.14
7684,3.56,35.145,40.0,0.15
7685,3.44,114.2002,44.0,0.15
7686,3.68,105.4445,39.0,0.18
7687,3.36,114.1996,45.0,0.15
7688,4.44,52.7161,35.0,0.2
7689,3.6,87.8487,41.0,0.16
7690,4.32,97.345,37.0,0.16
7691,3.52,96.6345,42.0,0.19
7692,3.64,61.4994,40.0,0.16
7693,3.64,43.9288,40.0,0.16
7694,4.24,393788.9847,36.0,0.18
7695,4.04,94.8334,39.0,0.17
7696,3.64,105.4198,40.0,0.23
7697,5.6,66060.5802,29.0,0.2
7698,3.52,87.848,42.0,0.16
7699,3.32,79.0758,45.0,0.16
7700,5.2,87.3336,27.0,0.16
7701,4.04,339390.7899,38.0,0.15
7702,3.88,70.2862,39.0,0.16
7703,5.4,269283.2284,30.0,0.19
7704,3.8,79.0654,42.0,0.22
7705,3.8,43.9299,40.0,0.17
7706,3.68,79.0644,40.0,0.18
7707,4.24,1041.2761,37.0,0.17
7708,3.36,96.6322,43.0,0.16
7709,3.48,82.122,44.0,0.16
7710,5.4,95.0057,31.0,0.17
7711,4.08,112.3803,38.0,0.17
7712,3.64,70.2812,40.0,0.83
7713,5.92,301341.9822,29.0,0.17
7714,4.2,1067.7266,34.0,0.26
7715,6.28,51.9391,26.0,0.19
7716,6.12,64.0986,27.0,0.17
7717,3.44,89.6176,43.0,0.16
7718,3.8,79.0649,40.0,0.17
7719,3.44,105.4191,44.0,0.16
7720,4.24,129.9556,33.0,0.17
7721,5.76,172296.9376,23.0,0.16
7722,4.2,94.8133,34.0,0.15
7723,4.08,121.1648,38.0,0.18
7724,3.72,96.6325,37.0,0.21
7725,4.0,33967.0188,41.0,0.15
7726,4.08,129.9491,35.0,0.15
7727,4.04,121.1669,39.0,0.16
7728,4.24,1067.6251,38.0,0.27
7729,4.32,1067.6258,38.0,0.2
7730,3.56,87.8579,37.0,0.16
7731,3.32,96.635,44.0,0.17
7732,4.04,94.8122,39.0,0.16
7733,3.8,96.6328,41.0,0.16
7734,3.44,43.9319,23.0,0.18
7735,3.96,61.4977,36.0,0.17
7736,4.36,43.9712,30.0,0.16
7737,3.44,87.851,43.0,0.19
7738,4.08,121.1752,36.0,0.19
7739,4.08,52.7164,35.0,0.16
7740,3.32,87.8479,46.0,0.23
7741,3.84,70.2842,38.0,0.17
7742,4.16,129.9487,35.0,0.22
7743,4.6,52.7136,33.0,0.23
7744,5.0,113.6829,31.0,0.16
7745,4.04,94.8127,38.0,0.16
7746,4.16,1050.0579,38.0,0.16
7747,3.64,79.0802,40.0,0.16
7748,4.2,1032.4979,37.0,0.23
7749,4.04,121.1641,38.0,0.18
7750,5.72,67223.6157,22.0,0.17
7751,4.08,70.6236,33.0,0.16
7752,4.24,1076.408,38.0,0.2
7753,3.56,61.5004,43.0,0.15
7754,4.76,117.3457,34.0,0.18
7755,3.16,224.453,43.0,0.16
7756,3.52,96.6352,43.0,0.15
7757,4.08,86.0281,37.0,0.17
7758,3.36,52.7126,44.0,0.17
7759,3.4,79.0654,43.0,0.15
7760,3.72,79.0808,41.0,0.16
7761,4.32,1076.4089,37.0,0.15
7762,3.36,87.87,45.0,0.15
7763,4.24,70.285,38.0,0.15
7764,3.92,70.2842,41.0,0.2
7765,4.16,103.5963,35.0,0.15
7766,4.08,94.8154,38.0,0.15
7767,3.44,87.8482,41.0,0.16
7768,4.24,1076.4087,38.0,0.19
7769,4.24,53.8992,35.0,0.18
7770,3.92,96.6357,38.0,0.16
7771,5.64,140.226,29.0,0.16
7772,3.44,79.064,44.0,0.2
7773,3.44,114.1996,44.0,0.21
7774,4.48,61.5012,35.0,0.24
7775,4.24,1093.9768,38.0,0.22
7776,4.52,82.2774,33.0,0.15
7777,3.36,79.0633,44.0,0.15
7778,4.48,52.7134,37.0,0.16
7779,3.8,26.3605,40.0,0.16
7780,4.32,1093.9832,37.0,0.16
7781,4.04,112.3863,38.0,0.19
7782,4.32,1120.329,37.0,0.19
7783,3.36,52.715,45.0,0.18
7784,3.44,105.419,44.0,0.15
7785,4.72,35.3466,34.0,0.14
7786,4.12,94.8121,37.0,0.16
7787,3.88,94.3726,42.0,0.16
7788,3.72,70.2886,38.0,0.2
7789,4.56,1058.845,32.0,0.16
7790,4.44,89.6099,36.0,0.18
7791,4.12,129.981,36.0,0.16
7792,4.04,68.4786,38.0,0.18
7793,3.64,70.2811,40.0,0.18
7794,3.52,43.9288,43.0,0.16
7795,3.8,70.2814,40.0,0.16
7796,4.56,78.5471,33.0,0.19
7797,3.92,79.0669,42.0,0.16
7798,3.48,52.776,41.0,0.17
7799,3.44,79.2256,42.0,0.16
7800,4.16,52.7138,38.0,0.16
7801,4.12,112.3992,38.0,0.15
7802,3.8,52.7176,40.0,0.15
7803,4.04,86.0314,39.0,0.15
7804,3.88,87.8484,40.0,0.15
7805,3.64,61.8583,27.0,0.15
7806,3.92,52.7138,38.0,0.15
7807,4.32,70.2827,37.0,0.15
7808,3.36,79.064,44.0,0.15
7809,4.24,79.0646,37.0,0.17
7810,3.92,82.267,38.0,0.16
7811,5.88,235465.2233,21.0,0.17
7812,3.56,87.8989,43.0,0.22
7813,3.76,2895.9215,40.0,0.17
7814,4.56,105.4184,36.0,0.19
7815,4.16,112.3815,36.0,0.16
7816,3.68,87.8592,42.0,0.16
7817,5.92,301324.4104,30.0,0.17
7818,3.68,43.947,31.0,0.16
7819,3.44,87.849,44.0,0.18
7820,3.68,114.2006,41.0,0.16
7821,3.64,70.2814,41.0,0.21
7822,5.08,87.8517,32.0,0.15
7823,5.4,35086.2706,32.0,0.15
7824,3.76,87.8509,40.0,0.15
7825,4.32,70.2821,37.0,0.17
7826,4.32,79.0878,37.0,0.15
7827,4.36,1054.5337,34.0,0.16
7828,5.16,1058.8418,32.0,0.16
7829,5.24,1050.0613,32.0,0.2
7830,4.72,1058.8744,31.0,0.17
7831,3.36,79.1496,45.0,0.15
7832,3.48,79.0639,43.0,0.15
7833,3.36,79.0637,45.0,0.15
7834,4.76,2852.2018,32.0,0.17
7835,4.76,47.947,16.0,0.17
7836,3.84,52.7136,39.0,0.16
7837,4.56,1067.6249,32.0,0.18
7838,4.2,79.0661,38.0,0.2
7839,4.12,43.9301,37.0,0.16
7840,4.16,86.0294,37.0,0.19
7841,5.72,423.7487,31.0,0.15
7842,3.64,79.065,40.0,0.15
7843,4.24,2878.5512,36.0,0.15
7844,3.48,105.4191,43.0,0.14
7845,3.88,96.633,39.0,0.16
7846,3.72,35.1532,41.0,0.19
7847,4.04,79.3074,37.0,0.19
7848,4.8,52.7143,35.0,0.21
7849,4.84,46.5343,33.0,0.16
7850,3.72,114.2031,37.0,0.16
7851,3.48,96.6924,41.0,0.15
7852,3.52,105.421,41.0,0.16
7853,3.56,79.0681,42.0,0.2
7854,5.48,1207.1039,31.0,0.17
7855,3.92,44.1539,40.0,0.16
7856,5.6,1041.276,30.0,0.19
7857,3.64,80.2652,41.0,0.16
7858,3.64,61.4972,40.0,0.16
7859,4.16,96.633,38.0,0.25
7860,5.12,80.3751,31.0,0.89
7861,4.0,70.2814,40.0,0.17
7862,4.44,61.4977,38.0,0.22
7863,3.6,87.852,41.0,0.15
7864,3.8,87.8518,40.0,0.15
7865,3.28,61.4977,46.0,0.18
7866,3.64,96.6376,40.0,0.19
7867,3.4,87.8512,41.0,0.19
7868,3.64,43.9294,40.0,0.16
7869,3.8,87.8502,40.0,0.16
7870,4.4,61.5328,34.0,0.16
7871,4.04,94.8121,39.0,0.23
7872,3.88,61.4974,37.0,0.19
7873,4.04,129.9484,38.0,0.22
7874,3.56,79.0646,42.0,0.16
7875,3.96,86.0334,32.0,0.16
7876,3.8,61.5,37.0,0.17
7877,4.04,147.516,38.0,0.18
7878,4.2,61.4972,37.0,0.18
7879,3.88,43.9274,42.0,0.16
7880,4.68,91.2419,33.0,0.18
7881,3.52,61.4968,43.0,0.14
7882,5.48,66122.2186,31.0,0.15
7883,3.36,70.2798,45.0,0.15
7884,3.92,105.4253,40.0,0.15
7885,3.6,61.5008,42.0,0.15
7886,4.04,80.2455,36.0,0.2
7887,3.32,87.8598,42.0,0.15
7888,3.68,96.6329,38.0,0.2
7889,3.36,87.8518,42.0,0.25
7890,6.52,51.6991,26.0,0.16
7891,4.24,61.4978,38.0,0.16
7892,4.08,120110.2756,35.0,0.16
7893,4.24,359758.136,38.0,0.16
7894,4.2,1111.5432,38.0,0.16
7895,4.52,53.8496,34.0,0.16
7896,3.8,52.7138,40.0,0.19
7897,4.04,129.948,39.0,0.18
7898,3.64,79.0671,40.0,0.23
7899,3.6,114.2032,44.0,0.18
7900,3.56,52.7136,43.0,0.15
7901,3.68,79.0712,38.0,0.15
7902,3.68,52.9422,42.0,0.17
7903,3.92,96.6324,38.0,0.17
7904,3.44,105.4164,44.0,0.15
7905,4.24,87.8498,38.0,0.15
7906,4.12,130.0578,39.0,0.15
7907,4.28,94.8124,37.0,0.15
7908,4.4,71.4683,34.0,0.15
7909,3.44,79.0673,44.0,0.18
7910,4.04,42.0732,35.0,0.27
7911,4.32,1447.434,35.0,0.19
7912,3.72,79.0676,37.0,0.16
7913,4.6,96.6337,36.0,0.16
7914,3.56,79.0642,40.0,0.19
7915,4.52,43.9298,36.0,0.25
7916,3.36,35.166,33.0,0.21
7917,4.24,61.4978,37.0,0.2
7918,3.36,79.0672,45.0,0.17
7919,4.28,79.0654,38.0,0.2
7920,4.32,1058.844,37.0,0.16
7921,4.12,94.8252,38.0,0.16
7922,4.44,61.4984,34.0,0.15
7923,3.6,52.7167,40.0,0.14
7924,4.12,129.9485,38.0,0.14
7925,4.36,70.2848,34.0,0.15
7926,3.8,79.0784,42.0,0.18
7927,3.76,61.5023,40.0,0.16
7928,3.44,96.6329,45.0,0.16
7929,3.92,122.9849,38.0,0.17
7930,3.52,43.929,42.0,0.19
7931,3.36,96.7879,45.0,0.2
7932,4.04,175.3625,36.0,0.2
7933,5.2,52.7706,31.0,0.17
7934,4.12,86.0286,38.0,0.16
7935,4.2,67837.407,38.0,0.17
7936,4.24,105.42,38.0,0.16
7937,4.12,103.5992,36.0,0.27
7938,5.56,99.9506,31.0,0.19
7939,3.8,96.6355,41.0,0.17
7940,3.36,105.4385,45.0,0.15
7941,4.32,66017.1282,39.0,0.15
7942,3.56,67936.5014,41.0,0.18
7943,3.72,68.6692,37.0,0.15
7944,4.32,52.718,38.0,0.17
7945,3.32,87.8503,46.0,0.17
7946,4.12,129.9564,38.0,0.16
7947,3.32,79.0663,46.0,0.15
7948,3.6,61.4998,41.0,0.16
7949,4.4,79.0658,38.0,0.16
7950,4.28,1085.1926,37.0,0.16
7951,3.52,56491.6466,20.0,0.24
7952,3.32,96.6341,43.0,0.17
7953,4.32,77.3232,37.0,0.17
7954,4.12,112.3828,38.0,0.23
7955,3.92,84.589,40.0,0.16
7956,4.04,122.9618,38.0,0.17
7957,4.04,129.9489,38.0,0.24
7958,3.44,70.2796,39.0,0.16
7959,3.36,79.0666,44.0,0.17
7960,4.24,61.4979,38.0,0.18
7961,4.92,52.9168,34.0,0.15
7962,3.72,61.4985,42.0,0.18
7963,4.2,86.0281,31.0,0.15
7964,3.64,105.4151,42.0,0.14
7965,5.6,197962.7613,31.0,0.16
7966,5.6,133196.6435,30.0,0.19
7967,4.04,97.3019,38.0,0.19
7968,4.32,43.931,37.0,0.26
7969,4.04,112.383,39.0,0.27
7970,3.32,87.8475,46.0,0.26
7971,3.56,89.8808,39.0,0.25
7972,4.04,121.3687,39.0,0.21
7973,3.52,131.7702,42.0,0.23
7974,3.72,35.1486,37.0,0.18
7975,4.24,88.0518,37.0,0.17
7976,4.24,122.9838,38.0,0.23
7977,3.52,43.9344,40.0,0.27
7978,4.04,87.9317,37.0,0.31
7979,3.68,339371.6401,39.0,0.23
7980,4.16,94.8144,37.0,0.19
7981,3.44,43.934,-9.0,0.19
7982,4.04,94.8796,39.0,0.15
7983,5.92,66131.001,31.0,0.16
7984,5.16,96.6436,30.0,0.16
7985,3.6,54.4754,42.0,0.15
7986,3.48,87.8476,45.0,0.15
7987,3.6,79.0648,41.0,0.16
7988,4.36,79.0653,36.0,0.2
7989,4.28,70.2811,40.0,0.26
7990,4.24,61.5002,38.0,0.16
7991,4.28,1085.1977,38.0,0.16
7992,3.44,96.6326,45.0,0.16
7993,3.8,87.8481,40.0,0.17
7994,3.6,79.0647,44.0,0.19
7995,5.6,1303.2381,29.0,0.19
7996,3.28,87.8478,42.0,0.16
7997,4.04,54.47,38.0,0.24
7998,5.4,359944.9372,31.0,0.17
7999,4.0,104.9147,38.0,0.89
8000,4.24,17.5809,38.0,0.19
8001,3.68,55.7703,38.0,0.15
8002,4.32,1041.2782,35.0,0.2
8003,4.04,103.7667,39.0,0.15
8004,4.24,52.7134,37.0,0.15
8005,5.64,1082.9496,31.0,0.15
8006,4.0,339329.3696,35.0,0.2
8007,4.16,94.812,36.0,0.16
8008,4.04,112.3909,38.0,0.16
8009,4.0,103.6039,37.0,0.18
8010,3.36,105.4158,45.0,0.18
8011,4.52,67927.92,34.0,0.19
8012,4.04,121.1647,37.0,0.17
8013,3.56,87.8484,42.0,0.2
8014,3.8,113.1832,41.0,0.19
8015,3.6,79.0708,40.0,0.18
8016,4.92,61.5103,30.0,0.22
8017,3.28,87.8481,46.0,0.16
8018,4.36,70.2845,38.0,0.21
8019,3.44,79.065,44.0,0.17
8020,3.44,79.0646,44.0,0.16
8021,3.48,43.9414,41.0,0.16
8022,4.24,2904.9049,36.0,0.17
8023,4.24,105.3581,36.0,0.15
8024,3.64,96.635,40.0,0.15
8025,3.36,96.7055,45.0,0.14
8026,4.4,121.1626,36.0,0.18
8027,4.24,339366.3278,36.0,0.16
8028,3.44,61.4967,45.0,0.2
8029,4.04,339382.0054,38.0,0.18
8030,4.12,94.8148,37.0,0.16
8031,4.12,112.3802,37.0,0.17
8032,4.44,1058.8405,38.0,0.24
8033,3.52,96.6324,42.0,0.16
8034,3.64,79.0698,41.0,0.16
8035,3.24,96.632,42.0,0.18
8036,6.0,338914.1761,28.0,0.16
8037,3.76,8.8028,39.0,0.15
8038,4.28,70.2816,35.0,0.16
8039,4.04,129.951,39.0,0.18
8040,3.56,58.2872,33.0,0.21
8041,4.04,147.5213,38.0,0.16
8042,5.88,67144.8742,28.0,0.18
8043,4.4,68907.4969,35.0,0.15
8044,3.4,70.2821,42.0,0.14
8045,5.2,105.3578,29.0,0.15
8046,3.64,79.0667,42.0,0.16
8047,3.6,79.065,39.0,0.19
8048,3.44,52.7122,44.0,0.16
8049,4.4,1076.4117,38.0,0.16
8050,4.24,61.498,38.0,0.16
8051,3.72,96.6327,40.0,0.16
8052,3.76,67892.5913,38.0,0.16
8053,3.52,96.6642,40.0,0.16
8054,4.24,140.4948,38.0,0.2
8055,5.56,236647.4281,27.0,0.22
8056,3.52,44.0412,42.0,0.19
8057,3.64,105.417,40.0,0.15
8058,6.24,169481.7279,24.0,0.17
8059,5.72,335772.1357,27.0,0.23
8060,3.36,79.1963,45.0,0.24
8061,3.76,70.2836,39.0,0.15
8062,4.28,79.0657,37.0,0.15
8063,3.84,36.3254,38.0,0.15
8064,3.44,26.3738,35.0,0.14
8065,5.68,39743.1905,22.0,0.15
8066,4.12,94.8128,38.0,0.16
8067,3.36,105.4164,44.0,0.15
8068,4.24,61.4976,38.0,0.18
8069,3.8,87.8496,41.0,0.17
8070,3.88,70.2839,37.0,0.16
8071,4.0,103.6096,38.0,0.16
8072,4.56,33932.0621,35.0,0.17
8073,3.88,80.2438,39.0,0.16
8074,3.48,68.4763,30.0,0.15
8075,3.24,105.416,47.0,0.23
8076,4.48,120061.7975,35.0,0.17
8077,4.2,43.9325,37.0,0.17
8078,3.52,87.8486,42.0,0.21
8079,3.44,96.633,44.0,0.15
8080,3.64,96.6932,40.0,0.19
8081,3.2,96.6384,38.0,0.15
8082,5.6,33958.4118,32.0,0.15
8083,4.32,61.4974,37.0,0.15
8084,5.88,359927.374,29.0,0.15
8085,4.12,87.8489,37.0,0.15
8086,3.6,105.4163,42.0,0.15
8087,4.84,165834.0729,35.0,0.15
8088,3.64,105.6058,42.0,0.17
8089,4.12,112.3814,38.0,0.16
8090,3.24,70.3038,45.0,0.19
8091,4.24,70.2839,37.0,0.18
8092,3.24,131.767,44.0,0.15
8093,3.56,61.4999,43.0,0.16
8094,3.52,70.28,42.0,0.15
8095,3.64,72.0468,41.0,0.19
8096,4.12,103.5961,38.0,0.16
8097,3.36,35.154,39.0,0.17
8098,3.52,70.2867,40.0,0.19
8099,4.16,70.2284,33.0,0.2
8100,4.16,121.1646,37.0,0.21
8101,4.04,86.0314,39.0,0.15
8102,3.32,70.2798,46.0,0.18
8103,3.36,43.929,44.0,0.17
8104,4.04,112.4131,37.0,0.16
8105,4.4,112.3846,35.0,0.2
8106,3.2,80.3934,40.0,0.19
8107,3.6,79.0664,42.0,0.23
8108,3.68,105.6998,40.0,0.16
8109,4.36,1067.6388,37.0,0.16
8110,4.12,112.3807,37.0,0.16
8111,3.8,61.5,40.0,0.19
8112,3.52,70.2808,44.0,0.24
8113,3.24,131.767,46.0,0.15
8114,3.32,79.9458,40.0,0.16
8115,3.2,61.5217,38.0,0.17
8116,3.36,79.0732,39.0,0.16
8117,4.68,94.8115,34.0,0.17
8118,3.52,70.2795,42.0,0.19
8119,3.68,96.631,42.0,0.16
8120,3.32,79.0635,46.0,0.15
8121,4.24,1076.9569,37.0,0.15
8122,4.32,44.1628,37.0,0.15
8123,3.6,96.6334,43.0,0.15
8124,4.0,70.2814,40.0,0.15
8125,4.24,360959.8481,38.0,0.15
8126,4.12,112.3829,38.0,0.15
8127,3.32,70.2796,46.0,0.15
8128,3.92,103.5968,37.0,0.16
8129,3.84,2904.7086,40.0,0.16
8130,3.28,105.4184,46.0,0.17
8131,3.92,98.3898,40.0,0.16
8132,3.8,61.5,40.0,0.18
8133,3.32,98.1144,44.0,0.16
8134,5.48,1093.9762,31.0,0.16
8135,3.24,43.9309,46.0,0.15
8136,3.76,89.4722,39.0,0.18
8137,5.28,339328.3408,23.0,0.16
8138,3.52,43.9311,42.0,0.16
8139,4.0,52.7231,38.0,0.18
8140,4.52,1076.4118,37.0,0.21
8141,5.48,235388.1078,29.0,0.17
8142,4.04,339364.4311,37.0,0.88
8143,3.32,87.8482,46.0,0.16
8144,3.52,96.6317,42.0,0.15
8145,3.96,74.2027,34.0,0.21
8146,4.24,86.027,37.0,0.16
8147,4.04,149.2874,38.0,0.21
8148,3.44,79.0639,44.0,0.15
8149,3.64,70.2796,42.0,0.16
8150,4.08,168331.48,38.0,0.16
8151,6.44,33923.8203,27.0,0.16
8152,3.4,43.9412,41.0,0.16
8153,3.48,96.6322,42.0,0.17
8154,4.04,129.9482,38.0,0.16
8155,3.72,87.8493,42.0,0.17
8156,3.68,114.2004,41.0,0.16
8157,3.44,79.0871,45.0,0.16
8158,4.12,138.732,38.0,0.16
8159,3.96,103.6038,37.0,0.16
8160,3.72,70.2816,40.0,0.21
8161,3.44,79.0674,45.0,0.15
8162,3.88,70.3422,40.0,0.16
8163,5.0,61.5283,33.0,0.16
8164,5.6,1058.8452,29.0,0.15
8165,3.44,79.067,42.0,0.15
8166,4.24,61.7,37.0,0.16
8167,3.88,96.6327,39.0,0.16
8168,3.8,70.2813,40.0,0.19
8169,3.36,90.9168,39.0,0.16
8170,3.04,35.1574,39.0,0.15
8171,4.24,88.049,37.0,0.16
8172,3.52,70.2809,42.0,0.21
8173,3.52,70.2804,42.0,0.16
8174,4.24,79.0655,38.0,0.17
8175,3.32,79.0849,41.0,0.23
8176,4.56,61.4974,36.0,0.2
8177,3.92,120083.9159,41.0,0.19
8178,3.68,114.2004,42.0,0.18
8179,3.36,114.1992,45.0,0.19
8180,4.12,32343.3165,36.0,0.16
8181,4.2,165.0935,35.0,0.19
8182,4.04,129.9508,39.0,0.14
8183,4.04,103.5968,40.0,0.15
8184,3.72,79.0638,42.0,0.18
8185,3.44,70.2802,42.0,0.14
8186,3.52,87.8494,40.0,0.17
8187,3.32,105.4193,44.0,0.19
8188,4.04,112.38,38.0,0.16
8189,4.04,77.2447,39.0,0.17
8190,3.44,70.2828,44.0,0.22
8191,4.12,138.7359,38.0,0.16
8192,5.56,61.5378,32.0,0.16
8193,5.48,52.7141,30.0,0.19
8194,4.64,88.0602,34.0,0.15
8195,3.52,79.064,42.0,0.16
8196,4.04,121.1641,38.0,0.16
8197,3.8,96.6357,40.0,0.19
8198,3.52,70.2802,42.0,0.18
8199,5.28,194381.9295,33.0,0.23
8200,3.24,96.6312,46.0,0.15
8201,3.88,105.4195,40.0,0.14
8202,4.2,1050.0827,32.0,0.15
8203,4.24,61.4976,38.0,0.15
8204,3.52,87.8482,42.0,0.15
8205,4.2,61.5059,37.0,0.15
8206,3.6,96.6316,40.0,0.15
8207,3.8,359953.7226,42.0,0.16
8208,3.76,61.4971,36.0,0.16
8209,3.52,96.6325,44.0,0.16
8210,3.52,70.2961,39.0,0.17
8211,4.04,121.165,39.0,0.18
8212,4.24,1050.0572,38.0,0.16
8213,3.76,96.6459,39.0,0.17
8214,4.48,119124.1353,35.0,0.16
8215,4.64,70.4838,34.0,0.16
8216,3.4,96.6325,46.0,0.15
8217,4.12,129.9488,38.0,0.22
8218,3.64,35.1706,37.0,0.19
8219,3.28,29.431,43.0,0.17
8220,3.76,87.9067,40.0,0.17
8221,3.76,35.1592,34.0,0.15
8222,4.0,52.713,42.0,0.15
8223,4.84,1067.6251,34.0,0.15
8224,4.28,43.9484,37.0,0.14
8225,4.24,79.0651,39.0,0.16
8226,3.8,61.4973,41.0,0.16
8227,5.72,52.7218,30.0,0.16
8228,3.64,96.6318,43.0,0.16
8229,3.36,131.7698,45.0,0.15
8230,4.8,2834.6696,31.0,0.17
8231,3.48,79.0663,45.0,0.17
8232,3.4,63.2818,41.0,0.16
8233,3.92,70.2812,37.0,0.17
8234,4.0,86.0358,38.0,0.16
8235,4.04,121.1637,38.0,0.16
8236,4.32,113.6824,37.0,0.16
8237,3.92,79.0728,41.0,0.16
8238,4.36,70.3377,36.0,0.22
8239,4.04,339382.0324,38.0,0.19
8240,3.56,87.8481,42.0,0.16
8241,3.32,70.2824,46.0,0.15
8242,4.24,70.2822,36.0,0.15
8243,3.76,79.0654,40.0,0.15
8244,3.6,105.4554,39.0,0.15
8245,3.56,61.497,41.0,0.14
8246,4.44,17.5792,37.0,0.15
8247,4.12,77.2444,38.0,0.15
8248,4.24,1076.4092,37.0,0.26
8249,3.52,114.3927,42.0,0.22
8250,3.36,87.848,45.0,0.16
8251,5.92,235453.647,31.0,0.18
8252,4.12,138.732,38.0,0.23
8253,3.6,96.6324,43.0,0.16
8254,4.0,52.7126,40.0,0.16
8255,3.52,79.064,42.0,0.16
8256,4.24,90.9072,38.0,0.16
8257,3.52,96.6317,42.0,0.16
8258,4.64,61.5034,34.0,0.18
8259,3.44,105.4222,43.0,0.16
8260,4.04,77.2501,38.0,0.21
8261,3.56,79.0641,42.0,0.15
8262,3.64,61.4961,42.0,0.15
8263,5.4,235395.2718,32.0,0.18
8264,3.56,87.8482,43.0,0.22
8265,4.4,28.1435,32.0,0.17
8266,3.92,61.5003,38.0,0.16
8267,3.52,87.8507,42.0,0.16
8268,4.12,103.5959,37.0,0.16
8269,3.32,79.0656,45.0,0.21
8270,3.44,67892.5848,43.0,0.16
8271,3.56,79.0642,43.0,0.17
8272,3.64,52.713,41.0,0.19
8273,4.08,96.633,38.0,0.25
8274,4.52,138.7307,35.0,0.22
8275,3.68,52.7718,42.0,0.16
8276,3.32,105.6964,45.0,0.15
8277,3.52,70.2801,42.0,0.16
8278,3.44,105.4157,44.0,0.15
8279,4.24,96.636,38.0,0.17
8280,4.36,1058.844,37.0,0.16
8281,3.72,71.905,37.0,0.18
8282,4.12,138.7419,37.0,0.19
8283,4.04,8.8144,8.0,0.17
8284,3.52,87.8484,42.0,0.16
8285,3.68,79.0647,42.0,0.17
8286,3.92,87.8483,40.0,0.16
8287,4.04,129.9478,39.0,0.17
8288,3.44,131.7711,44.0,0.16
8289,3.56,96.6324,42.0,0.2
8290,3.48,79.0696,43.0,0.17
8291,5.08,67.0198,33.0,0.17
8292,4.32,117.283,39.0,0.17
8293,4.04,103.5995,38.0,0.76
8294,5.2,67918.938,29.0,0.16
8295,3.52,61.4966,42.0,0.16
8296,3.68,35.1456,41.0,0.16
8297,3.44,61.4964,45.0,0.16
8298,4.04,112.3802,39.0,0.16
8299,3.56,79.0642,43.0,0.17
8300,3.44,114.2,44.0,0.18
8301,3.56,70.2963,42.0,0.14
8302,4.24,79.0648,37.0,0.15
8303,4.32,86.0302,37.0,0.15
8304,4.32,94.8137,36.0,0.2
8305,3.44,79.0671,44.0,0.14
8306,3.24,79.0663,47.0,0.15
8307,6.04,68584.5752,27.0,0.17
8308,4.28,341116.9254,36.0,0.16
8309,4.52,1041.2732,35.0,0.16
8310,4.24,1058.8441,36.0,0.19
8311,3.36,61.4984,45.0,0.16
8312,3.76,87.8494,40.0,0.2
8313,5.2,66034.5507,31.0,0.24
8314,3.64,61.4995,40.0,0.2
8315,3.8,168375.3965,43.0,0.19
8316,4.4,112.3803,36.0,0.21
8317,4.24,1085.1926,37.0,0.17
8318,4.32,61.4975,36.0,0.18
8319,3.64,105.4166,41.0,0.15
8320,4.88,45.7534,31.0,0.16
8321,3.44,79.0649,44.0,0.14
8322,3.52,79.0652,43.0,0.15
8323,6.2,425874.07,29.0,0.23
8324,3.36,70.2804,45.0,0.14
8325,4.24,70.2828,35.0,0.18
8326,4.08,94.8122,38.0,0.26
8327,4.52,87.8529,36.0,0.17
8328,4.28,1076.4839,38.0,0.16
8329,3.44,61.4969,45.0,0.17
8330,3.6,70.2817,43.0,0.16
8331,3.44,87.8558,43.0,0.19
8332,4.48,1093.9794,37.0,0.16
8333,3.72,105.4177,36.0,0.16
8334,3.68,79.0668,42.0,0.16
8335,3.36,70.2792,43.0,0.21
8336,3.44,87.8484,43.0,0.18
8337,3.24,56500.4354,-1.0,0.17
8338,4.36,61.4962,38.0,0.16
8339,3.56,98.3926,42.0,0.15
8340,4.12,121.164,38.0,0.2
8341,4.24,79.068,38.0,0.15
8342,4.24,1058.8434,38.0,0.17
8343,3.52,87.9327,42.0,0.14
8344,3.8,70.2808,40.0,0.15
8345,4.36,52.7137,33.0,0.15
8346,4.32,335814.4184,38.0,0.15
8347,3.52,105.4155,42.0,0.18
8348,3.44,87.8871,44.0,0.15
8349,4.04,103.5992,39.0,0.18
8350,3.52,87.8662,44.0,0.22
8351,3.64,70.2836,43.0,0.16
8352,3.8,61.4965,42.0,0.16
8353,3.4,87.9134,42.0,0.16
8354,5.2,526000.6593,33.0,0.21
8355,4.32,61.5869,38.0,0.22
8356,4.04,112.3804,38.0,0.19
8357,3.92,121.1634,37.0,0.19
8358,4.36,1095.733,37.0,0.22
8359,3.56,87.8606,42.0,0.23
8360,6.2,132066.5003,30.0,0.16
8361,4.04,70.3838,37.0,0.17
8362,4.16,2878.6502,37.0,0.17
8363,4.04,112.38,38.0,0.16
8364,4.84,79.066,33.0,0.17
8365,4.24,43.9305,38.0,0.18
8366,3.84,86.0445,29.0,0.18
8367,4.04,61.6111,35.0,0.21
8368,3.24,122.986,46.0,0.2
8369,4.28,43.9303,37.0,0.16
8370,4.32,94.8126,37.0,0.16
8371,4.16,103.5991,37.0,0.16
8372,4.28,1041.2737,38.0,0.16
8373,4.76,17.5802,34.0,0.16
8374,3.6,79.0662,43.0,0.28
8375,4.24,52.7162,38.0,0.2
8376,5.2,61.8027,31.0,0.17
8377,4.48,61.4988,37.0,0.16
8378,4.28,89.6071,37.0,0.18
8379,4.04,138.7317,39.0,0.16
8380,5.92,169536.0878,30.0,0.17
8381,3.36,61.4984,39.0,0.15
8382,3.32,96.6378,40.0,0.15
8383,4.28,86.5704,32.0,0.15
8384,4.04,120040.8615,34.0,0.15
8385,3.2,56518.0002,39.0,0.16
8386,4.0,168340.2689,38.0,0.15
8387,4.08,86.0286,38.0,0.16
8388,4.56,428097.9672,28.0,0.16
8389,5.76,169475.8385,27.0,0.16
8390,4.08,52.7202,34.0,0.16
8391,3.6,420.8515,41.0,0.16
8392,5.24,33914.3396,32.0,0.16
8393,4.28,1058.8412,35.0,0.18
8394,5.96,268181.9924,26.0,0.16
8395,3.84,96.6356,40.0,0.16
8396,3.44,89.6098,44.0,0.16
8397,4.48,70.2817,34.0,0.17
8398,4.2,112.3826,32.0,0.18
8399,3.52,87.848,42.0,0.19
8400,4.16,70.3124,36.0,0.16
8401,5.56,459744.4728,26.0,0.15
8402,3.52,61.5044,43.0,0.14
8403,4.08,339355.6844,35.0,0.2
8404,3.12,45.253,38.0,0.2
8405,3.68,52.7153,39.0,0.14
8406,2.84,52.7279,38.0,0.15
8407,3.84,105.4176,39.0,0.17
8408,3.24,61.5029,43.0,0.16
8409,3.52,79.1422,42.0,0.16
8410,3.04,64.5742,43.0,0.16
8411,5.08,425865.2859,34.0,0.16
8412,3.48,61.4974,41.0,0.15
8413,4.24,87.8588,37.0,0.16
8414,3.52,105.4158,42.0,0.16
8415,4.04,67961.0469,37.0,0.16
8416,4.4,1085.1927,34.0,0.16
8417,3.52,43.9323,-5.0,0.16
8418,3.76,96.6318,39.0,0.28
8419,3.8,79.064,41.0,0.17
8420,4.28,61.4984,35.0,0.16
8421,3.52,44.1887,40.0,0.17
8422,3.52,61.5092,33.0,0.17
8423,3.88,45.6944,32.0,0.19
8424,4.48,26.3823,33.0,0.16
8425,3.32,52.7222,32.0,0.19
8426,4.0,94.8221,38.0,0.18
8427,4.08,94.8184,33.0,0.16
8428,4.24,87.8706,38.0,0.16
8429,3.2,47.8534,41.0,0.15
8430,6.44,60.5182,27.0,0.16
8431,3.4,96.6317,45.0,0.16
8432,3.48,105.4193,42.0,0.19
8433,3.2,96.632,43.0,0.19
8434,4.08,112.502,34.0,0.18
8435,4.36,1078.1656,37.0,0.27
8436,3.2,54.4838,39.0,0.18
8437,4.28,96.6328,38.0,0.17
8438,3.76,98.3898,39.0,0.16
8439,4.6,1041.2735,32.0,0.17
8440,4.52,43.9304,31.0,0.2
8441,3.36,55.7937,39.0,0.14
8442,3.52,52.7144,42.0,0.15
8443,3.24,61.5044,41.0,0.14
8444,3.4,61.5106,39.0,0.15
8445,6.0,2706.1982,24.0,0.16
8446,5.92,101006.4731,28.0,0.15
8447,3.52,79.0732,36.0,0.17
8448,3.64,35.1521,39.0,0.2
8449,3.8,87.8508,32.0,0.19
8450,4.24,1067.6349,34.0,0.23
8451,3.52,52.8006,42.0,0.18
8452,6.12,120095.2839,30.0,0.18
8453,4.0,112.3876,38.0,0.16
8454,4.12,112.3934,34.0,0.16
8455,3.24,71.1522,45.0,0.15
8456,4.2,103.6141,32.0,0.17
8457,3.44,29.4398,36.0,0.2
8458,5.04,18.0546,31.0,0.17
8459,3.2,70.8238,39.0,0.25
8460,3.6,45.2624,33.0,0.16
8461,4.64,86.1005,27.0,0.16
8462,4.4,44.014,27.0,0.17
8463,3.8,79.0667,36.0,0.23
8464,6.6,35059.7643,24.0,0.17
8465,4.44,1102.7667,35.0,0.22
8466,3.36,105.4158,43.0,0.17
8467,3.88,61.5154,32.0,0.2
8468,3.96,60.1488,35.0,0.16
8469,3.84,158.1346,33.0,0.17
8470,3.92,70.2816,38.0,0.17
8471,4.08,86.029,36.0,0.17
8472,4.52,1067.628,33.0,0.16
8473,3.48,62.2795,40.0,0.15
8474,4.2,79.0662,35.0,0.17
8475,4.12,121.1643,38.0,0.18
8476,3.36,81.2035,36.0,0.16
8477,3.4,70.2899,38.0,0.15
8478,4.36,26657.7224,28.0,0.22
8479,3.56,8361.2138,29.0,0.16
8480,3.96,43.9324,32.0,0.17
8481,4.64,1050.0585,27.0,0.15
8482,4.48,47.2016,34.0,0.15
8483,5.32,99887.5574,24.0,0.17
8484,4.36,52.7203,37.0,0.15
8485,3.64,96.6371,40.0,0.15
8486,3.56,79.0721,38.0,0.16
8487,3.52,52.7192,37.0,0.16
8488,3.52,79.0716,40.0,0.18
8489,3.76,79.0807,38.0,0.18
8490,3.56,43.9382,38.0,0.17
8491,3.4,79.0846,41.0,0.16
8492,4.68,35094.911,37.0,0.16
8493,3.68,61.5886,39.0,0.18
8494,5.0,29.4003,33.0,0.17
8495,3.8,87.8497,38.0,0.17
8496,3.88,70.2856,39.0,0.16
8497,3.44,70.2821,37.0,0.16
8498,4.44,53.6686,33.0,0.16
8499,3.96,112.4741,39.0,0.16
8500,4.12,112.3836,39.0,0.16
8501,6.56,28.9322,19.0,0.16
8502,4.96,393789.3096,24.0,0.15
8503,3.48,22.6074,29.0,0.16
8504,3.4,114.2025,42.0,0.16
8505,4.36,52.7246,29.0,0.15
8506,4.6,36.2834,32.0,0.16
8507,3.8,61.5043,36.0,0.26
8508,3.44,35.1663,35.0,0.22
8509,3.32,70.3016,41.0,0.2
8510,5.04,1032.4968,26.0,0.29
8511,4.12,114.2024,39.0,0.19
8512,3.6,75.1086,35.0,0.16
8513,4.88,101719.6596,30.0,0.22
8514,3.76,61.5128,35.0,0.22
8515,4.0,77.2644,34.0,0.16
8516,3.24,70.2813,40.0,0.16
8517,3.32,61.5038,42.0,0.15
8518,3.2,61.4982,43.0,0.16
8519,4.04,121.1665,38.0,0.17
8520,4.08,79.1281,38.0,0.17
8521,4.2,2773.7546,38.0,0.15
8522,4.52,121.4862,29.0,0.15
8523,3.92,26.3677,36.0,0.15
8524,3.96,447.1973,33.0,0.14
8525,5.6,52.7163,28.0,0.16
8526,3.92,43.9296,39.0,0.16
8527,3.6,70.2951,36.0,0.16
8528,4.64,43.9374,31.0,0.17
8529,4.12,35.1982,34.0,0.19
8530,4.68,35.1757,25.0,0.21
8531,3.44,70.2955,41.0,0.16
8532,4.92,1050.0708,32.0,0.17
8533,3.32,114.435,46.0,0.15
8534,3.8,28.188,34.0,0.16
8535,3.2,74.7978,36.0,0.2
8536,4.32,81.2101,28.0,0.17
8537,3.48,97.4953,40.0,0.16
8538,5.8,44.8595,24.0,0.17
8539,4.4,96.8398,36.0,0.17
8540,3.76,61.6166,35.0,0.17
8541,4.76,46.0794,33.0,0.15
8542,3.28,52.8329,34.0,0.14
8543,3.56,79.0673,43.0,0.15
8544,5.32,17.5962,29.0,0.16
8545,4.28,121.234,32.0,0.27
8546,4.84,119018.6312,30.0,0.19
8547,4.64,168313.9176,33.0,0.18
8548,3.84,79.065,40.0,0.18
8549,4.16,52.714,38.0,0.16
8550,3.4,87.8532,40.0,0.18
8551,4.04,79.0658,36.0,0.16
8552,4.6,168391.1452,35.0,0.16
8553,3.84,96.9282,36.0,0.16
8554,3.52,105.4155,42.0,0.18
8555,3.48,447.2105,30.0,0.27
8556,3.6,43.9776,38.0,0.2
8557,3.72,71416.8176,31.0,0.17
8558,3.44,130.0286,24.0,0.16
8559,4.12,121.1644,36.0,0.16
8560,4.04,121.164,38.0,0.17
8561,4.04,112.3829,38.0,0.15
8562,4.32,63.2733,35.0,0.16
8563,3.88,97.9081,29.0,0.19
8564,4.24,61.4978,38.0,0.19
8565,3.92,98.3894,37.0,0.17
8566,4.0,103.63,34.0,0.17
8567,3.24,114.1994,44.0,0.18
8568,5.0,99843.4596,32.0,0.17
8569,2.8,63.2908,37.0,0.15
8570,4.4,54.4707,33.0,0.16
8571,5.4,99896.1579,33.0,0.18
8572,3.8,33940.6838,34.0,0.16
8573,4.28,99.8572,31.0,0.16
8574,4.04,129.9508,38.0,0.17
8575,3.6,52.7151,44.0,0.16
8576,3.64,396.2082,40.0,0.16
8577,3.8,61.4977,40.0,0.16
8578,3.52,61.6085,39.0,0.17
8579,3.28,79.0874,37.0,0.17
8580,3.32,36.9151,42.0,0.19
8581,3.6,38.2224,36.0,0.17
8582,3.92,86.0664,35.0,0.15
8583,3.72,62.3701,36.0,0.14
8584,4.24,114.1374,37.0,0.15
8585,5.08,168315.1092,28.0,0.19
8586,4.12,86.0641,35.0,0.85
8587,3.68,61.5104,37.0,0.17
8588,4.04,94.8156,39.0,0.16
8589,4.12,138.7678,36.0,0.16
8590,3.44,79.9225,42.0,0.15
8591,4.04,43.9443,38.0,0.18
8592,3.92,52.7362,38.0,0.18
8593,4.28,43.93,33.0,0.16
8594,3.24,87.8961,44.0,0.15
8595,4.28,52.721,32.0,0.24
8596,3.24,87.8468,44.0,0.15
8597,3.64,87.8522,37.0,0.18
8598,3.36,79.0645,45.0,0.15
8599,3.44,64.8886,36.0,0.17
8600,4.4,43.9291,34.0,0.16
8601,3.6,43.9315,39.0,0.15
8602,3.92,94.8386,38.0,0.14
8603,3.32,87.8588,42.0,0.14
8604,4.0,77.2538,30.0,0.16
8605,4.12,112.384,36.0,0.18
8606,4.72,2857.7561,29.0,0.15
8607,4.24,2878.5528,34.0,0.16
8608,6.12,301411.9282,30.0,0.16
8609,6.72,33939.0193,23.0,0.17
8610,4.12,339278.4268,36.0,0.16
8611,4.04,103.6042,36.0,0.16
8612,3.24,97.4888,43.0,0.15
8613,4.0,86.0545,38.0,0.26
8614,3.36,70.2812,44.0,0.22
8615,4.2,2878.5676,32.0,0.17
8616,4.28,61.5013,38.0,0.16
8617,4.32,57.9836,31.0,0.16
8618,3.8,70.2821,38.0,0.16
8619,3.96,1050.0682,31.0,0.16
8620,5.32,335781.0405,26.0,0.17
8621,4.28,23840.6432,37.0,0.15
8622,3.28,52.7228,41.0,0.15
8623,3.2,61.4979,43.0,0.14
8624,3.6,79.0682,37.0,0.19
8625,4.28,67893.7649,31.0,0.18
8626,3.96,112.385,37.0,0.2
8627,3.8,31.9268,33.0,0.21
8628,4.44,1085.2026,34.0,0.17
8629,3.28,87.8513,44.0,0.17
8630,4.16,61.5008,34.0,0.26
8631,3.52,70.2969,42.0,0.19
8632,3.84,59.7543,31.0,0.16
8633,3.76,61.5125,34.0,0.16
8634,3.64,96.6322,40.0,0.16
8635,3.56,43.9512,36.0,0.16
8636,3.96,2852.0348,36.0,0.16
8637,3.64,70.2995,35.0,0.22
8638,3.6,412.0693,29.0,0.23
8639,6.04,361064.0507,29.0,0.19
8640,3.24,52.7187,38.0,0.18
8641,3.4,61.5096,38.0,0.19
8642,4.36,1058.8906,23.0,0.17
8643,3.88,43.9877,33.0,0.15
8644,3.72,70.2806,40.0,0.15
8645,4.04,103.6631,37.0,0.2
8646,3.48,67927.777,42.0,0.16
8647,3.2,53.5883,39.0,0.15
8648,6.0,54.3952,24.0,0.17
8649,5.44,133714.0004,27.0,0.21
8650,4.84,27.2002,31.0,0.16
8651,3.56,79.0694,39.0,0.15
8652,3.4,79.0647,40.0,0.22
8653,4.0,77.2671,30.0,0.23
8654,3.72,44.0657,35.0,0.24
8655,3.6,105.432,42.0,0.19
8656,5.8,65973.0811,30.0,0.17
8657,4.08,52.7202,34.0,0.16
8658,3.6,61.5056,34.0,0.18
8659,5.84,336785.4107,24.0,0.23
8660,3.56,32280.6573,37.0,0.17
8661,4.16,61.8878,37.0,0.15
8662,3.56,105.4603,43.0,0.14
8663,3.72,45.5526,40.0,0.15
8664,3.32,52.712,44.0,0.16
8665,4.2,2843.4642,27.0,0.19
8666,3.4,79.0673,43.0,0.16
8667,3.44,70.345,40.0,0.16
8668,3.4,35.153,44.0,0.18
8669,5.44,94.8122,30.0,0.24
8670,3.8,86.0928,36.0,0.17
8671,4.16,67.0558,36.0,0.17
8672,5.96,563419.485,28.0,0.22
8673,3.72,61.4969,40.0,0.18
8674,3.24,57.0971,35.0,0.18
8675,4.08,35.2788,36.0,0.27
8676,3.44,61.5004,39.0,0.22
8677,3.36,52.7317,39.0,0.15
8678,3.56,87.9086,39.0,0.16
8679,4.2,355350.139,37.0,0.16
8680,4.48,1067.6277,30.0,0.17
8681,3.64,52.7156,42.0,0.16
8682,3.96,61.5041,37.0,0.16
8683,3.68,70.2815,38.0,0.16
8684,3.52,79.0746,30.0,0.18
8685,3.92,70.2872,39.0,0.27
8686,5.32,99878.9512,32.0,0.21
8687,4.52,52.7183,35.0,0.27
8688,4.32,26.2322,37.0,0.17
8689,6.72,61.501,28.0,0.16
8690,3.92,54.4764,37.0,0.18
8691,3.32,61.508,38.0,0.15
8692,4.16,73.2761,38.0,0.16
8693,3.48,61.5029,40.0,0.19
8694,3.92,114807.7907,36.0,0.18
8695,3.56,72.0377,43.0,0.15
8696,3.52,70.28,40.0,0.24
8697,3.4,87.8488,41.0,0.15
8698,3.72,54.3364,41.0,0.16
8699,4.04,100156.8371,36.0,0.17
8700,3.96,52.7266,36.0,0.16
8701,3.92,60.8803,32.0,0.15
8702,3.32,43.9406,43.0,0.21
8703,3.4,80.8335,42.0,0.26
8704,3.88,61.4977,41.0,0.2
8705,3.8,70.5197,42.0,0.15
8706,4.6,26.3676,30.0,0.17
8707,3.64,61.5088,35.0,0.17
8708,3.8,61.4978,40.0,0.16
8709,3.36,61.5088,39.0,0.16
8710,4.6,168305.1327,23.0,0.2
8711,3.72,105.4159,42.0,0.23
8712,5.84,65973.1094,24.0,0.23
8713,3.92,121.1872,37.0,0.19
8714,3.88,17.5886,34.0,0.17
8715,4.12,121.191,31.0,0.18
8716,4.44,79.4021,30.0,0.16
8717,3.64,70.2811,40.0,0.16
8718,3.96,94.8182,35.0,0.16
8719,4.32,86.0294,37.0,0.16
8720,4.16,61.4986,37.0,0.28
8721,3.56,54.4755,38.0,0.17
8722,3.24,52.7178,37.0,0.15
8723,5.8,35.1468,27.0,0.16
8724,4.04,86.0284,38.0,0.16
8725,3.72,96.6324,37.0,0.16
8726,4.16,44.0394,35.0,0.16
8727,4.0,36.0176,34.0,0.15
8728,4.16,86.0298,35.0,0.18
8729,4.04,26.5308,27.0,0.19
8730,3.32,87.8498,44.0,0.84
8731,3.84,43.9501,33.0,0.2
8732,4.52,33914.6802,35.0,0.18
8733,4.4,5825.2363,31.0,0.17
8734,3.44,96.6318,44.0,0.18
8735,3.2,52.7193,42.0,0.16
8736,4.04,129.948,39.0,0.17
8737,3.52,87.8578,43.0,0.16
8738,4.64,1079.808,35.0,0.2
8739,4.44,61.9755,36.0,0.16
8740,3.44,87.8505,42.0,0.18
8741,4.4,1102.7697,34.0,0.15
8742,3.28,61.5026,45.0,0.14
8743,3.88,35.1844,34.0,0.15
8744,3.84,70.2808,40.0,0.27
8745,4.48,26.3626,31.0,0.17
8746,3.52,61.5165,36.0,0.18
8747,3.44,114.2002,43.0,0.2
8748,3.52,52.8128,38.0,0.16
8749,4.68,35095.0887,31.0,0.17
8750,3.72,54.4916,35.0,0.17
8751,4.12,103.5971,38.0,0.18
8752,4.32,103.7271,37.0,0.18
8753,4.44,114807.7891,29.0,0.16
8754,3.52,62.65,42.0,0.16
8755,5.04,1014.9359,30.0,0.19
8756,4.32,1076.4113,35.0,0.16
8757,5.92,165834.1016,25.0,0.17
8758,3.8,79.1056,37.0,0.16
8759,3.36,72.0554,43.0,0.15
8760,3.88,61.4972,34.0,0.16
8761,3.52,52.7146,41.0,0.16
8762,4.28,8369.986,38.0,0.15
8763,3.2,122.9901,46.0,0.15
8764,3.2,79.0841,45.0,0.14
8765,4.16,1059.1724,37.0,0.16
8766,3.96,95.0203,34.0,0.23
8767,4.04,68.4711,34.0,0.16
8768,4.24,96.6337,38.0,0.16
8769,4.24,119009.838,38.0,0.17
8770,3.44,61.4989,40.0,0.16
8771,4.16,70.2815,38.0,0.16
8772,3.12,36.4671,45.0,0.16
8773,3.64,61.4974,42.0,0.17
8774,3.76,17.7003,17.0,0.2
8775,3.52,96.6347,42.0,0.16
8776,4.84,491803.2676,34.0,0.18
8777,3.48,43.9303,37.0,0.18
8778,6.2,44.1698,24.0,0.17
8779,3.44,70.2887,39.0,0.16
8780,4.04,121.1646,39.0,0.16
8781,4.12,359927.3726,38.0,0.15
8782,4.52,61.5399,29.0,0.15
8783,4.2,79.0674,37.0,0.16
8784,3.36,96.6319,45.0,0.16
8785,3.44,70.2812,44.0,0.15
8786,3.72,46.9948,40.0,0.15
8787,4.16,43.933,39.0,0.16
8788,4.28,121.168,33.0,0.16
8789,3.56,79.1849,42.0,0.17
8790,3.88,69.0338,37.0,0.16
8791,6.16,235.4798,28.0,0.18
8792,4.76,105.6176,33.0,0.16
8793,4.4,87.8505,35.0,0.16
8794,3.4,61.5067,41.0,0.15
8795,4.4,2860.9842,33.0,0.2
8796,3.4,96.6326,45.0,0.18
8797,3.32,79.0708,37.0,0.16
8798,5.4,53.5611,32.0,0.17
8799,5.92,360210.5208,29.0,0.17
8800,3.88,81.368,37.0,0.16
8801,5.16,169448.5899,27.0,0.16
8802,4.4,33966.5284,31.0,0.16
8803,3.72,36.9041,39.0,0.2
8804,4.24,35.1532,36.0,0.16
8805,3.88,87.8524,36.0,0.16
8806,4.48,169888.7066,36.0,0.17
8807,3.52,89.6051,42.0,0.18
8808,4.08,2834.6466,35.0,0.2
8809,4.56,2870.8812,34.0,0.17
8810,3.52,52.7155,44.0,0.15
8811,4.76,1050.0599,32.0,0.17
8812,4.24,173.1842,36.0,0.27
8813,4.04,77.2482,37.0,0.18
8814,3.28,79.071,44.0,0.16
8815,4.36,1058.8423,36.0,0.19
8816,4.32,52.7399,35.0,0.16
8817,5.6,393835.9774,31.0,0.16
8818,4.0,359944.9369,36.0,0.16
8819,4.04,103.5971,37.0,0.16
8820,5.2,33916.0197,31.0,0.19
8821,3.64,51.0171,34.0,0.16
8822,4.0,2852.0064,33.0,0.2
8823,5.96,200563.8745,30.0,0.18
8824,3.44,87.8493,39.0,0.15
8825,3.84,43.959,38.0,0.16
8826,4.2,1041.2907,32.0,0.16
8827,4.24,70.2877,36.0,0.24
8828,4.24,79.0661,35.0,0.19
8829,4.16,122.9842,32.0,0.19
8830,4.4,1058.883,31.0,0.16
8831,4.04,103.604,34.0,0.19
8832,3.8,45.9848,31.0,0.16
8833,3.6,80.6849,43.0,0.18
8834,4.24,1067.6279,38.0,0.17
8835,6.16,359905.4002,27.0,0.19
8836,4.64,1180.6262,33.0,0.2
8837,4.32,168331.4792,35.0,0.21
8838,3.92,70.2814,38.0,0.19
8839,4.04,52.7335,36.0,0.23
8840,4.0,70.2822,36.0,0.26
8841,4.2,1041.2947,35.0,0.14
8842,3.72,87.8518,37.0,0.17
8843,4.4,35.1812,34.0,0.18
8844,3.68,55.7828,36.0,0.23
8845,3.4,72.0432,43.0,0.18
8846,4.24,52.7458,35.0,0.19
8847,6.48,2618.691,23.0,0.19
8848,5.04,101015.2606,31.0,0.16
8849,3.4,96.6327,42.0,0.16
8850,4.6,61.5022,33.0,0.18
8851,4.4,1041.3345,33.0,0.17
8852,4.32,79.0661,35.0,0.16
8853,4.12,62.6874,35.0,0.2
8854,3.72,52.7156,40.0,0.16
8855,5.16,28.005,22.0,0.16
8856,3.56,70.3002,40.0,0.19
8857,3.76,52.7232,38.0,0.16
8858,3.68,70.446,38.0,0.16
8859,3.6,44.0391,39.0,0.16
8860,4.28,77.25,32.0,0.16
8861,3.24,62.8128,41.0,0.15
8862,4.04,43.951,31.0,0.15
8863,4.12,94.9333,34.0,0.15
8864,3.16,105.4251,46.0,0.17
8865,3.56,79.0799,41.0,0.16
8866,4.04,52.9827,30.0,0.18
8867,4.0,63.6275,36.0,0.18
8868,4.52,203355.1539,35.0,0.19
8869,4.32,1032.4999,32.0,0.27
8870,3.28,43.9346,42.0,0.21
8871,4.32,39744.3484,32.0,0.16
8872,4.32,35.1656,33.0,0.16
8873,3.6,79.0642,39.0,0.17
8874,4.0,100114.9405,36.0,0.18
8875,4.12,121924.701,35.0,0.16
8876,5.16,65973.2314,30.0,0.18
8877,3.72,70.2882,37.0,0.2
8878,4.28,70.3012,34.0,0.22
8879,4.24,112.3821,36.0,0.16
8880,3.8,79.0713,37.0,0.83
8881,3.28,43.9322,42.0,0.15
8882,3.64,79.0639,40.0,0.16
8883,3.44,70.2881,37.0,0.16
8884,4.08,103.6028,36.0,0.21
8885,4.56,61.4981,37.0,0.2
8886,4.32,67892.7832,35.0,0.16
8887,3.8,52.7131,38.0,0.17
8888,3.4,38.6715,38.0,0.18
8889,4.28,61.5119,36.0,0.18
8890,3.72,43.9396,35.0,0.16
8891,4.36,77.2439,35.0,0.16
8892,3.4,63.2601,43.0,0.25
8893,3.36,79.0831,38.0,0.16
8894,3.36,61.5066,42.0,0.16
8895,3.88,35.1502,34.0,0.16
8896,3.68,79.068,39.0,0.16
8897,4.04,87.8493,38.0,0.16
8898,5.4,427028.3033,33.0,0.17
8899,3.44,52.7311,40.0,0.16
8900,3.6,52.7154,41.0,0.16
8901,4.0,94.8248,38.0,0.15
8902,3.72,66.3191,36.0,0.15
8903,3.6,61.4973,41.0,0.16
8904,4.2,61.5058,36.0,0.15
8905,4.44,2861.0249,31.0,0.15
8906,3.96,58.2766,36.0,0.16
8907,4.96,427677.0156,31.0,0.16
8908,4.24,121.1648,36.0,0.16
8909,4.44,121099.3675,35.0,0.16
8910,4.12,112.3867,35.0,0.17
8911,3.8,8.8378,36.0,0.17
8912,3.48,61.4978,36.0,0.21
8913,3.4,61.4993,42.0,0.15
8914,3.2,70.2863,45.0,0.16
8915,3.68,79.0804,37.0,0.17
8916,3.72,105.4334,37.0,0.16
8917,3.44,79.0876,40.0,0.17
8918,3.84,45.2666,32.0,0.16
8919,4.2,35.2712,21.0,0.16
8920,3.24,43.9433,42.0,0.15
8921,4.12,62.3546,36.0,0.16
8922,4.28,43.9488,34.0,0.19
8923,3.48,61.5018,42.0,0.17
8924,3.72,43.9892,39.0,0.16
8925,6.08,52.5077,30.0,0.16
8926,5.2,78.548,31.0,0.16
8927,4.24,52.7812,35.0,0.17
8928,3.2,63.2759,45.0,0.15
8929,4.08,94.8132,35.0,0.16
8930,4.16,1067.6389,38.0,0.17
8931,3.64,70.2837,40.0,0.16
8932,3.4,79.0639,44.0,0.16
8933,3.72,61.4892,29.0,0.15
8934,4.76,82.2793,29.0,0.17
8935,3.08,26.3701,44.0,0.15
8936,5.36,52.7138,32.0,0.18
8937,4.36,87.8519,38.0,0.22
8938,3.2,96.6332,46.0,0.17
8939,3.8,70.2814,40.0,0.16
8940,4.2,61.5116,33.0,0.16
8941,4.32,103.6044,36.0,0.15
8942,3.8,70.2842,40.0,0.14
8943,4.24,121.1643,36.0,0.16
8944,4.08,147.5163,38.0,0.15
8945,4.24,26.362,38.0,0.23
8946,3.92,79.0654,35.0,0.2
8947,5.56,335761.7184,27.0,0.17
8948,3.96,52.7138,39.0,0.23
8949,4.36,129.9468,36.0,0.18
8950,4.04,129.9477,38.0,0.16
8951,3.48,87.8489,41.0,0.16
8952,3.4,70.2873,43.0,0.17
8953,4.0,32289.4516,35.0,0.17
8954,3.36,79.0646,44.0,0.18
8955,4.24,52.7243,38.0,0.16
8956,4.08,100104.1456,31.0,0.16
8957,3.48,70.2832,44.0,0.16
8958,4.16,35.1464,34.0,0.16
8959,4.12,94.8159,37.0,0.16
8960,4.76,2878.5886,32.0,0.16
8961,4.2,1060.8748,37.0,0.2
8962,3.8,45.2813,39.0,0.15
8963,3.28,52.7887,37.0,0.24
8964,3.76,96.6344,37.0,0.15
8965,4.16,52.8401,35.0,0.24
8966,6.16,396363.7284,26.0,0.18
8967,3.36,70.3094,39.0,0.19
8968,5.4,99887.3784,30.0,0.19
8969,3.76,79.0735,39.0,0.16
8970,3.32,87.8552,41.0,0.2
8971,4.12,121.2,36.0,0.17
8972,4.64,113.6809,34.0,0.21
8973,3.56,82.1238,41.0,0.19
8974,3.36,70.2822,45.0,0.27
8975,4.2,121.1664,35.0,0.28
8976,3.36,61.5166,42.0,0.23
8977,4.24,1032.4894,38.0,0.17
8978,3.64,70.2804,40.0,0.19
8979,3.44,17.5929,45.0,0.15
8980,4.04,112.3804,38.0,0.16
8981,3.56,52.7187,38.0,0.15
8982,3.36,87.9514,44.0,0.14
8983,4.12,103.5962,38.0,0.15
8984,4.04,32316.9648,36.0,0.15
8985,3.44,61.5034,40.0,0.15
8986,4.32,79.0648,37.0,0.16
8987,3.28,73.3533,41.0,0.16
8988,4.24,120092.7128,38.0,0.16
8989,3.72,43.9417,38.0,0.16
8990,5.48,1215.7334,31.0,0.18
8991,3.68,87.8515,36.0,0.18
8992,3.56,70.2807,42.0,0.15
8993,4.48,1085.1936,33.0,0.16
8994,3.84,45.553,39.0,0.16
8995,4.24,1067.625,38.0,0.16
8996,3.68,70.2908,34.0,0.18
8997,4.12,71.5995,36.0,0.28
8998,3.8,70.2905,40.0,0.2
8999,6.0,338874.9175,26.0,0.23
9000,3.8,96.6362,38.0,0.2
9001,4.04,112.3797,38.0,0.16
9002,3.56,87.8494,38.0,0.19
9003,4.16,86.0289,35.0,0.22
9004,4.24,79.0663,38.0,0.16
9005,4.44,79.0025,36.0,0.17
9006,3.2,96.739,45.0,0.15
9007,4.04,94.8133,39.0,0.2
9008,4.12,1076.4162,35.0,0.23
9009,3.92,52.7148,39.0,0.17
9010,3.32,79.0742,45.0,0.15
9011,3.72,61.4972,40.0,0.16
9012,3.8,96.633,40.0,0.18
9013,3.6,105.4167,39.0,0.16
9014,3.32,96.6604,44.0,0.15
9015,4.32,79.4122,36.0,0.16
9016,3.96,52.715,40.0,0.16
9017,4.12,86.0293,38.0,0.18
9018,3.72,70.2812,40.0,0.16
9019,3.44,87.8492,45.0,0.15
9020,4.24,1085.1931,37.0,0.19
9021,3.52,79.0677,42.0,0.26
9022,5.88,336767.8442,28.0,0.87
9023,3.44,87.8482,45.0,0.14
9024,3.48,79.0646,43.0,0.15
9025,3.36,61.4968,45.0,0.14
9026,4.68,1058.8747,32.0,0.16
9027,3.8,87.8484,42.0,0.16
9028,4.04,77.2446,39.0,0.16
9029,3.76,70.2838,39.0,0.17
9030,6.68,206065.3027,24.0,0.17
9031,4.16,70.2842,38.0,0.16
9032,3.88,79.067,38.0,0.17
9033,4.48,1041.2771,33.0,0.16
9034,4.16,79.0888,38.0,0.19
9035,4.4,87.8564,35.0,0.19
9036,3.6,79.0704,41.0,0.17
9037,3.68,52.716,40.0,0.16
9038,3.24,87.8565,47.0,0.15
9039,4.32,26.3703,36.0,0.16
9040,5.6,52.714,30.0,0.16
9041,3.88,61.5,41.0,0.15
9042,3.56,105.4177,40.0,0.15
9043,3.36,35.1486,35.0,0.16
9044,4.12,112.3868,38.0,0.15
9045,3.56,52.7299,43.0,0.16
9046,5.84,165816.5216,31.0,0.27
9047,4.24,1058.8406,37.0,0.2
9048,4.16,33940.6838,35.0,0.21
9049,4.24,1058.8415,38.0,0.2
9050,4.12,129.9511,38.0,0.22
9051,4.92,70.4842,33.0,0.16
9052,4.28,79.0724,38.0,0.17
9053,4.04,95.0452,34.0,0.17
9054,3.64,44.0407,40.0,0.16
9055,3.88,61.4977,39.0,0.17
9056,4.28,8343.64,34.0,0.16
9057,4.24,52.7141,38.0,0.18
9058,4.56,4898.6065,33.0,0.16
9059,3.56,87.8527,43.0,0.19
9060,5.12,170594.0185,33.0,0.16
9061,4.04,121.1649,39.0,0.15
9062,3.8,105.4173,40.0,0.15
9063,4.12,112.3806,38.0,0.16
9064,4.64,112.38,35.0,0.15
9065,3.36,79.064,45.0,0.18
9066,4.12,138.7319,38.0,0.16
9067,4.12,112.3804,38.0,0.16
9068,4.0,114816.5496,36.0,0.16
9069,3.48,79.0647,43.0,0.15
9070,3.6,105.4187,41.0,0.22
9071,4.72,70.286,35.0,0.17
9072,4.32,43.9329,37.0,0.16
9073,3.72,70.2813,40.0,0.16
9074,4.32,70.2848,37.0,0.16
9075,4.04,121.1667,39.0,0.25
9076,4.2,114.2138,34.0,0.17
9077,4.16,54.3348,38.0,0.16
9078,4.04,138.7321,39.0,0.16
9079,3.76,61.5138,40.0,0.16
9080,4.04,121.1669,38.0,0.2
9081,3.64,114.203,40.0,0.15
9082,6.04,304039.3743,29.0,0.15
9083,3.6,114.2024,42.0,0.14
9084,3.56,87.8488,43.0,0.15
9085,4.32,1076.419,37.0,0.19
9086,6.4,33957.2232,26.0,0.16
9087,4.2,70.463,37.0,0.16
9088,4.36,1050.0577,37.0,0.22
9089,4.36,63.2549,37.0,0.18
9090,3.36,114.2003,45.0,0.18
9091,3.48,43.9294,43.0,0.2
9092,4.36,87.8524,38.0,0.17
9093,3.84,35.156,32.0,0.16
9094,4.24,114.2004,38.0,0.22
9095,3.64,87.8493,40.0,0.25
9096,4.04,121.3293,39.0,0.16
9097,4.2,61.5036,38.0,0.17
9098,4.28,67904.5727,34.0,0.19
9099,3.36,70.2806,45.0,0.17
9100,3.6,52.7148,18.0,0.16
9101,3.84,114.2032,40.0,0.24
9102,3.84,63.2534,39.0,0.22
9103,3.52,52.7209,41.0,0.15
9104,3.8,87.8486,40.0,0.15
9105,4.24,70.2821,38.0,0.16
9106,3.52,61.5064,42.0,0.16
9107,4.24,79.068,38.0,0.16
9108,3.72,79.0692,25.0,0.17
9109,3.8,87.921,37.0,0.19
9110,4.04,103.5966,38.0,0.21
9111,3.92,70.2814,38.0,0.22
9112,3.44,79.0639,44.0,0.19
9113,3.6,79.0673,40.0,0.2
9114,4.0,61.4978,40.0,0.16
9115,3.6,96.6365,40.0,0.16
9116,6.04,235377.7038,28.0,0.17
9117,4.32,355367.5976,40.0,0.19
9118,4.24,105.4203,38.0,0.18
9119,3.48,79.0677,40.0,0.16
9120,4.36,43.9344,33.0,0.17
9121,3.92,70.2846,38.0,0.15
9122,4.56,1076.4114,36.0,0.15
9123,3.6,61.4965,43.0,0.15
9124,4.24,35.1466,38.0,0.18
9125,5.92,165939.1652,29.0,0.23
9126,4.32,1067.625,35.0,0.16
9127,3.64,87.8475,42.0,0.16
9128,3.88,87.8498,39.0,0.17
9129,4.16,43.9674,28.0,0.19
9130,3.6,52.7146,40.0,0.17
9131,4.24,70.2809,37.0,0.16
9132,3.36,105.4158,45.0,0.2
9133,4.44,1073.1808,33.0,0.16
9134,4.32,1041.2745,37.0,0.2
9135,3.68,52.7131,39.0,0.17
9136,6.04,61.9972,30.0,0.18
9137,3.52,98.3912,43.0,0.18
9138,4.72,1043.0306,35.0,0.22
9139,3.52,87.8538,41.0,0.16
9140,3.68,79.0675,41.0,0.16
9141,3.36,70.2828,45.0,0.19
9142,3.76,52.713,39.0,0.16
9143,3.36,61.5,45.0,0.14
9144,3.64,96.6378,40.0,0.15
9145,4.12,147.5166,38.0,0.2
9146,4.04,79.0665,38.0,0.18
9147,4.24,121.1702,36.0,0.17
9148,3.84,96.6347,42.0,0.16
9149,3.44,19.3338,39.0,0.16
9150,5.0,88.1847,33.0,0.16
9151,4.52,61.5006,35.0,0.16
9152,5.6,61.5004,30.0,0.16
9153,4.04,112.4658,38.0,0.16
9154,4.96,79.066,34.0,0.19
9155,3.64,87.8511,40.0,0.16
9156,3.76,61.4975,40.0,0.16
9157,3.44,79.0674,42.0,0.16
9158,5.4,360210.5198,31.0,0.18
9159,4.64,34352.992,36.0,0.16
9160,3.8,96.6326,41.0,0.2
9161,3.92,79.4028,40.0,0.15
9162,3.88,52.718,37.0,0.16
9163,3.68,79.067,37.0,0.15
9164,3.88,79.0653,41.0,0.15
9165,3.52,87.8505,42.0,0.15
9166,3.88,114.202,37.0,0.16
9167,4.28,360737.9108,35.0,0.18
9168,4.24,87.8495,38.0,0.16
9169,3.88,429.6364,37.0,0.2
9170,4.28,79.0712,38.0,0.84
9171,3.6,52.7133,40.0,0.19
9172,3.32,71.5986,44.0,0.15
9173,3.64,105.4165,40.0,0.16
9174,4.0,36.0366,13.0,0.17
9175,4.64,52.7956,32.0,0.17
9176,4.4,61.4988,37.0,0.16
9177,3.64,52.7133,40.0,0.16
9178,4.24,1050.06,38.0,0.17
9179,3.8,52.72,39.0,0.16
9180,3.8,96.6336,36.0,0.16
9181,3.84,105.4167,40.0,0.14
9182,3.68,105.4822,42.0,0.15
9183,3.44,61.5095,41.0,0.24
9184,3.52,79.0677,44.0,0.19
9185,4.6,1058.8428,35.0,0.16
9186,3.6,87.859,43.0,0.18
9187,3.88,105.4174,40.0,0.16
9188,4.16,61.4972,40.0,0.17
9189,4.12,94.8144,39.0,0.19
9190,4.12,53.8977,35.0,0.19
9191,4.44,35.4812,38.0,0.24
9192,3.64,70.3522,40.0,0.19
9193,5.2,335247.5069,33.0,0.22
9194,4.24,79.066,36.0,0.25
9195,3.84,80.2451,37.0,0.22
9196,4.6,1076.4126,33.0,0.21
9197,4.24,79.0659,38.0,0.16
9198,3.52,114.2001,44.0,0.15
9199,3.88,61.5016,39.0,0.16
9200,3.44,79.0669,44.0,0.15
9201,3.96,43.9291,38.0,0.16
9202,4.4,43.9302,32.0,0.15
9203,3.88,96.6322,40.0,0.15
9204,4.4,103.5946,36.0,0.16
9205,4.48,17.5839,37.0,0.19
9206,4.0,86.0292,36.0,0.15
9207,4.44,94.8172,33.0,0.18
9208,4.48,1067.6242,36.0,0.16
9209,3.84,61.505,40.0,0.16
9210,3.68,87.8477,42.0,0.16
9211,4.24,70.2816,37.0,0.16
9212,3.96,110.942,42.0,0.19
9213,3.72,87.8502,42.0,0.16
9214,4.24,61.9766,40.0,0.16
9215,4.48,17.5816,25.0,0.19
9216,5.0,94.8123,33.0,0.16
9217,4.4,2860.9923,34.0,0.16
9218,3.6,339331.1489,42.0,0.16
9219,4.44,79.0731,38.0,0.16
9220,3.64,114.2051,40.0,0.16
9221,4.52,94.8114,35.0,0.17
9222,4.36,70.2826,37.0,0.15
9223,3.4,70.3558,43.0,0.15
9224,3.8,70.2839,40.0,0.17
9225,3.44,87.8511,45.0,0.14
9226,4.04,103.597,39.0,0.16
9227,5.6,285822.4042,31.0,0.16
9228,3.72,79.0705,35.0,0.17
9229,4.4,33940.6706,37.0,0.16
9230,4.0,44.0227,35.0,0.18
9231,5.92,165930.4043,28.0,0.22
9232,3.64,61.4968,40.0,0.16
9233,3.96,114.2004,40.0,0.2
9234,4.04,32336.5539,38.0,0.21
9235,5.4,107.2666,31.0,0.17
9236,5.48,86.0304,30.0,0.21
9237,6.12,203370.6371,29.0,0.2
9238,4.04,94.8155,39.0,0.17
9239,4.24,43.9296,38.0,0.2
9240,3.56,70.2832,42.0,0.16
9241,3.44,122.9841,45.0,0.14
9242,3.32,87.8497,45.0,0.15
9243,4.04,43.9288,40.0,0.19
9244,3.92,87.8492,39.0,0.19
9245,3.56,70.2805,42.0,0.17
9246,6.04,203370.627,29.0,0.22
9247,3.64,52.7399,40.0,0.18
9248,4.0,168313.9092,41.0,0.17
9249,3.84,61.5031,39.0,0.16
9250,3.8,79.0651,40.0,0.16
9251,3.36,96.6866,42.0,0.16
9252,3.44,79.0641,45.0,0.16
9253,3.24,79.0661,47.0,0.24
9254,3.6,87.9469,43.0,0.16
9255,4.64,67902.5636,31.0,0.19
9256,4.12,112.3803,38.0,0.19
9257,3.56,79.0672,41.0,0.16
9258,4.32,61.6984,38.0,0.16
9259,4.2,121.1997,35.0,0.16
9260,4.44,96.6337,38.0,0.17
9261,4.2,2878.5508,35.0,0.15
9262,3.52,43.9312,43.0,0.14
9263,4.12,94.8128,38.0,0.15
9264,3.44,96.6324,44.0,0.16
9265,4.84,1076.4099,34.0,0.16
9266,4.84,66016.9918,33.0,0.17
9267,4.24,1120.3856,37.0,0.17
9268,3.36,105.6692,45.0,0.16
9269,3.84,52.7137,39.0,0.18
9270,3.32,70.2796,43.0,0.19
9271,3.64,61.4973,40.0,0.17
9272,3.68,70.2887,42.0,0.2
9273,3.44,79.0672,42.0,0.16
9274,4.04,87.8727,40.0,0.17
9275,3.4,96.6322,45.0,0.21
9276,4.32,43.9324,37.0,0.22
9277,3.76,87.8494,39.0,0.17
9278,4.04,94.8153,39.0,0.16
9279,4.12,61.5003,38.0,0.16
9280,3.48,105.4162,42.0,0.2
9281,3.56,61.5,43.0,0.14
9282,4.56,67906.3249,33.0,0.15
9283,4.12,86.028,38.0,0.15
9284,3.56,105.5822,43.0,0.17
9285,3.64,87.851,40.0,0.15
9286,4.64,103.6026,35.0,0.15
9287,3.8,26.362,40.0,0.16
9288,5.84,35.4836,29.0,0.18
9289,4.24,1058.8414,38.0,0.16
9290,3.48,61.4968,43.0,0.15
9291,4.84,61.4979,34.0,0.16
9292,3.64,70.2799,41.0,0.17
9293,4.04,339355.6506,35.0,0.18
9294,3.48,72.0377,44.0,0.16
9295,4.44,70.2836,38.0,0.16
9296,4.44,113.6839,35.0,0.16
9297,3.32,122.983,46.0,0.15
9298,4.16,138.732,37.0,0.16
9299,3.68,87.8938,36.0,0.17
9300,6.32,425970.3645,28.0,0.17
9301,3.64,79.0644,40.0,0.23
9302,4.28,61.4974,38.0,0.17
9303,3.64,70.281,40.0,0.18
9304,4.2,43.942,41.0,0.15
9305,3.76,105.4162,43.0,0.16
9306,4.56,18.9618,31.0,0.16
9307,4.24,43.9304,38.0,0.16
9308,4.72,61.5052,36.0,0.17
9309,4.12,103.5966,36.0,0.16
9310,3.6,114.2,41.0,0.19
9311,3.64,70.2805,40.0,0.18
9312,5.0,86.0474,33.0,0.17
9313,3.68,105.4165,41.0,0.16
9314,4.48,61.5005,38.0,0.16
9315,4.24,1093.9769,38.0,0.17
9316,4.24,138.7381,35.0,0.17
9317,3.52,87.8488,44.0,0.17
9318,5.12,86.3658,31.0,0.18
9319,4.52,79.0659,36.0,0.21
9320,3.76,105.4168,40.0,0.84
9321,4.2,121.1887,36.0,0.15
9322,4.36,1058.8412,38.0,0.15
9323,3.72,87.8478,40.0,0.15
9324,4.24,35.1495,38.0,0.19
9325,3.88,70.281,40.0,0.19
9326,3.48,52.7186,46.0,0.15
9327,3.6,123.1107,39.0,0.17
9328,3.44,96.6321,45.0,0.17
9329,4.96,61.5,33.0,0.19
9330,4.24,61.4976,38.0,0.19
9331,3.92,70.284,38.0,0.16
9332,3.64,70.281,40.0,0.18
9333,3.76,98.3894,39.0,0.16
9334,4.04,103.5972,39.0,0.16
9335,3.56,79.0678,42.0,0.16
9336,3.92,61.5031,40.0,0.19
9337,4.48,1102.7642,35.0,0.17
9338,4.08,105.4173,39.0,0.16
9339,3.44,87.8485,44.0,0.17
9340,4.24,70.2822,38.0,0.16
9341,3.96,43.9297,39.0,0.15
9342,3.72,79.0639,42.0,0.18
9343,4.04,121.186,39.0,0.2
9344,4.2,52.7138,38.0,0.15
9345,4.4,87.3292,36.0,0.15
9346,4.04,121.1638,38.0,0.24
9347,4.68,70.2825,29.0,0.17
9348,3.92,88.0208,38.0,0.16
9349,3.8,340137.1494,41.0,0.16
9350,3.36,79.0639,45.0,0.16
9351,4.24,112.3801,35.0,0.16
9352,3.64,70.2822,40.0,0.16
9353,4.16,86.0288,39.0,0.16
9354,4.04,94.8124,39.0,0.16
9355,4.12,121.1638,38.0,0.21
9356,4.36,67884.0002,34.0,0.16
9357,4.24,121.1647,36.0,0.16
9358,4.36,61.4992,36.0,0.2
9359,4.32,35.148,37.0,0.18
9360,5.32,361207.8639,30.0,0.17
9361,4.0,89.0322,38.0,0.16
9362,3.44,114.2001,44.0,0.16
9363,4.2,1127.2893,35.0,0.16
9364,4.24,70.281,38.0,0.16
9365,3.72,70.3654,40.0,0.17
9366,3.36,70.2799,45.0,0.21
9367,3.8,61.4966,42.0,0.16
9368,4.04,121.1667,39.0,0.16
9369,4.12,121.1994,37.0,0.2
9370,3.6,79.0656,41.0,0.17
9371,4.24,359793.2717,37.0,0.16
9372,4.12,121.1673,36.0,0.16
9373,3.56,63.2602,42.0,0.15
9374,3.24,114.1992,47.0,0.18
9375,4.24,1111.5446,37.0,0.16
9376,4.6,45.1196,32.0,0.17
9377,4.28,360933.4984,38.0,0.16
9378,4.2,52.7445,36.0,0.17
9379,3.52,61.4992,42.0,0.18
9380,4.4,87.8507,38.0,0.16
9381,4.4,61.5042,33.0,0.19
9382,3.88,70.2838,40.0,0.17
9383,3.64,43.9316,40.0,0.18
9384,3.6,70.29,40.0,0.18
9385,4.04,35.2169,31.0,0.18
9386,3.8,96.6328,42.0,0.16
9387,4.48,43.9326,38.0,0.16
9388,3.64,70.2799,40.0,0.27
9389,5.08,52.714,32.0,0.24
9390,3.52,79.0646,44.0,0.16
9391,3.36,61.499,45.0,0.15
9392,3.64,114.2007,40.0,0.16
9393,3.44,105.4189,44.0,0.2
9394,3.8,52.8145,3.0,0.26
9395,3.68,61.4997,41.0,0.17
9396,3.8,87.8506,39.0,0.16
9397,4.16,105.4171,38.0,0.16
9398,4.16,87.8522,37.0,0.17
9399,4.32,91.0503,34.0,0.16
9400,4.24,35.1457,37.0,0.16
9401,3.32,87.8576,44.0,0.15
9402,4.52,35.1458,35.0,0.16
9403,3.28,54.8419,46.0,0.15
9404,3.64,87.8487,40.0,0.17
9405,4.12,103.6638,37.0,0.16
9406,3.88,17.5777,38.0,0.18
9407,3.44,61.5055,40.0,0.17
9408,4.32,138.7309,37.0,0.18
9409,5.0,2879.6216,32.0,0.18
9410,4.04,55.9148,36.0,0.17
9411,4.12,103.597,38.0,0.16
9412,3.48,114.1999,44.0,0.16
9413,3.28,105.4162,46.0,0.18
9414,3.32,87.8483,46.0,0.16
9415,4.12,79.0698,41.0,0.17
9416,5.2,395059.5218,33.0,0.17
9417,4.76,0.0327,6.0,0.17
9418,3.72,8387.5552,40.0,0.18
9419,3.44,70.281,44.0,0.19
9420,4.24,1067.6253,38.0,0.19
9421,3.92,70.2819,38.0,0.15
9422,3.44,79.0713,43.0,0.14
9423,4.04,94.8122,39.0,0.16
9424,3.72,70.3033,39.0,0.15
9425,4.4,77.244,36.0,0.15
9426,3.6,79.0644,41.0,0.16
9427,3.32,79.0665,46.0,0.19
9428,3.48,105.4154,43.0,0.22
9429,4.4,64.6974,36.0,0.16
9430,4.04,147.5157,38.0,0.16
9431,3.8,79.0677,40.0,0.16
9432,3.8,79.3457,42.0,0.23
9433,3.72,54.337,40.0,0.16
9434,3.6,44.2197,38.0,0.18
9435,3.8,70.2838,36.0,0.17
9436,3.64,87.8493,42.0,0.16
9437,5.6,52.7214,30.0,0.16
9438,4.2,1093.9767,38.0,0.21
9439,4.16,79.0652,40.0,0.18
9440,5.48,96.114,30.0,0.16
9441,4.04,77.2475,39.0,0.15
9442,4.4,67895.7841,34.0,0.15
9443,4.12,121.1647,38.0,0.17
9444,3.32,114.2026,47.0,0.15
9445,3.8,52.7128,40.0,0.15
9446,3.76,447.1951,40.0,0.18
9447,3.48,70.2803,43.0,0.19
9448,4.84,450.0962,33.0,0.19
9449,4.0,43.9326,39.0,0.17
9450,3.36,96.6351,45.0,0.15
9451,3.8,52.7132,42.0,0.18
9452,4.24,61.4975,38.0,0.2
9453,3.36,79.0631,45.0,0.17
9454,3.72,79.0841,40.0,0.17
9455,4.12,26.3693,29.0,0.16
9456,4.12,112.7095,40.0,0.18
9457,3.88,2940.1258,40.0,0.22
9458,4.68,53.8603,33.0,0.22
9459,4.24,120166.4534,38.0,0.16
9460,3.88,129.947,41.0,0.16
9461,4.24,166.5764,38.0,0.15
9462,4.4,43.9344,35.0,0.17
9463,4.36,1093.9955,38.0,0.2
9464,4.4,79.0665,38.0,0.2
9465,4.36,64.8038,33.0,0.15
9466,3.88,79.0677,40.0,0.82
9467,4.48,45.6939,35.0,0.16
9468,3.52,55.8,40.0,0.16
9469,3.64,79.0642,40.0,0.16
9470,3.8,73.4818,40.0,0.16
9471,4.24,35.305,38.0,0.16
9472,3.8,70.2848,39.0,0.16
9473,4.24,61.4998,38.0,0.18
9474,4.32,44.0261,35.0,0.19
9475,3.48,43.9294,34.0,0.16
9476,4.24,70.2822,38.0,0.17
9477,4.04,86.0312,39.0,0.16
9478,3.32,89.6106,44.0,0.2
9479,3.88,168305.9902,10.0,0.27
9480,4.88,70.2861,33.0,0.18
9481,3.88,105.4164,40.0,0.16
9482,4.36,50.8943,35.0,0.19
9483,3.8,96.6334,40.0,0.2
9484,4.12,94.8134,39.0,0.16
9485,3.36,122.984,43.0,0.15
9486,3.64,87.8498,40.0,0.19
9487,4.24,112.3818,36.0,0.22
9488,4.24,79.0664,38.0,0.16
9489,3.68,63.1173,42.0,0.16
9490,4.32,2825.8485,34.0,0.16
9491,4.6,72.0394,34.0,0.19
9492,4.12,121.1669,38.0,0.17
9493,3.52,96.632,43.0,0.16
9494,4.24,70.2843,38.0,0.17
9495,3.96,52.7136,39.0,0.16
9496,3.88,87.8498,39.0,0.16
9497,3.72,63.2546,40.0,0.21
9498,3.36,96.6311,45.0,0.16
9499,4.16,121.1708,37.0,0.19
9500,4.12,2887.3441,36.0,0.23
9501,4.36,79.0667,38.0,0.16
9502,5.56,335770.5008,30.0,0.19
9503,4.04,121.1642,38.0,0.22
9504,3.56,43.9325,43.0,0.14
9505,3.36,105.4158,44.0,0.14
9506,3.68,52.7135,42.0,0.15
9507,3.56,79.0645,42.0,0.16
9508,3.52,43.9286,43.0,0.18
9509,4.28,61.5009,37.0,0.17
9510,4.44,27.5433,33.0,0.16
9511,3.64,96.6358,41.0,0.17
9512,3.56,105.4158,42.0,0.16
9513,4.84,67162.6331,33.0,0.17
9514,3.76,70.2816,39.0,0.16
9515,4.28,168349.0478,37.0,0.16
9516,4.0,35.1451,39.0,0.19
9517,3.64,52.7196,36.0,0.2
9518,4.32,70.2817,37.0,0.2
9519,3.64,122.9839,40.0,0.18
9520,3.84,80.8216,41.0,0.23
9521,3.48,89.17,40.0,0.16
9522,4.4,29.5634,35.0,0.16
9523,3.52,96.6318,43.0,0.16
9524,3.68,92.9526,42.0,0.16
9525,3.6,98.4145,39.0,0.16
9526,4.2,169467.3182,36.0,0.16
9527,3.44,105.4161,44.0,0.16
9528,3.4,87.8508,44.0,0.15
9529,4.24,87.8498,38.0,0.16
9530,4.04,61.4987,39.0,0.18
9531,3.8,96.6328,40.0,0.16
9532,3.48,105.4184,43.0,0.16
9533,6.04,66113.2889,28.0,0.21
9534,4.04,103.5994,38.0,0.24
9535,6.04,339374.865,26.0,0.16
9536,4.24,70.2882,38.0,0.16
9537,4.24,1093.976,37.0,0.16
9538,6.32,35191.3652,28.0,0.18
9539,4.04,121.164,38.0,0.16
9540,3.84,98.2535,39.0,0.16
9541,3.52,61.4968,40.0,0.15
9542,6.32,68530.3281,27.0,0.19
9543,4.04,103.5963,39.0,0.17
9544,5.0,1050.0586,34.0,0.26
9545,3.64,87.851,40.0,0.22
9546,3.56,70.2802,42.0,0.17
9547,3.44,87.8479,44.0,0.23
9548,3.56,70.2811,41.0,0.18
9549,3.64,96.635,40.0,0.2
9550,4.12,43.9905,37.0,0.16
9551,3.6,87.8484,43.0,0.3
9552,4.24,96.6337,38.0,0.27
9553,4.48,1032.4918,35.0,0.24
9554,4.2,121.1769,36.0,0.21
9555,4.28,119956.7416,35.0,0.16
9556,3.4,96.6321,44.0,0.16
9557,5.84,66086.9343,29.0,0.16
9558,3.64,105.4476,40.0,0.18
9559,5.6,132033.6334,29.0,0.16
9560,4.32,43.9329,37.0,0.17
9561,3.92,105.4237,39.0,0.15
9562,3.6,98.3892,43.0,0.14
9563,3.52,359781.5389,41.0,0.18
9564,3.64,87.886,40.0,0.22
9565,4.04,103.5991,39.0,0.23
9566,4.24,77.4741,37.0,0.16
9567,3.28,70.2807,46.0,0.15
9568,4.44,1050.0626,36.0,0.19
9569,4.04,129.9476,38.0,0.16
9570,3.64,96.6329,40.0,0.16
9571,5.84,34019.5592,30.0,0.16
9572,3.64,70.2806,40.0,0.16
9573,4.24,2852.2334,36.0,0.16
9574,4.0,52.7142,38.0,0.16
9575,3.72,17.5787,26.0,0.16
9576,4.24,147.5164,35.0,0.16
9577,4.48,52.7145,33.0,0.21
9578,3.56,131.7702,43.0,0.24
9579,3.48,52.712,41.0,0.25
9580,3.36,87.8479,45.0,0.3
9581,4.04,103.5972,39.0,0.15
9582,3.52,105.4836,40.0,0.18
9583,3.96,70.2824,38.0,0.15
9584,4.04,61.4988,37.0,0.22
9585,4.0,87.8496,41.0,0.23
9586,3.32,149.3356,45.0,0.16
9587,4.04,129.9775,38.0,0.29
9588,4.04,79.0664,37.0,0.21
9589,3.52,61.4986,39.0,0.2
9590,4.52,52.7153,36.0,0.25
9591,4.24,61.498,38.0,0.18
9592,4.84,18.8853,33.0,0.17
9593,4.24,103.6732,34.0,0.17
9594,4.2,1102.7677,38.0,0.18
9595,4.24,61.4981,38.0,0.17
9596,4.52,45.11,33.0,0.2
9597,3.64,79.0644,43.0,0.17
9598,4.24,32289.4377,36.0,0.18
9599,4.04,32318.9856,37.0,0.17
9600,4.16,79.0665,38.0,0.16
9601,3.44,87.8534,44.0,0.16
9602,4.04,43.9302,37.0,0.21
9603,3.72,79.0648,40.0,0.22
9604,3.44,105.4157,44.0,0.2
9605,4.36,52.7242,36.0,0.24
9606,3.6,79.0749,43.0,0.25
9607,3.64,61.5001,40.0,0.9
9608,4.16,1067.6266,38.0,0.29
9609,3.56,105.4188,42.0,0.27
9610,4.16,129.9546,36.0,0.27
9611,3.76,70.2835,39.0,0.19
9612,3.92,61.5001,40.0,0.18
9613,3.44,87.8477,42.0,0.18
9614,4.4,61.5012,36.0,0.18
9615,4.04,94.8123,39.0,0.2
9616,4.24,89.1262,40.0,0.25
9617,4.32,61.5003,37.0,0.29
9618,3.64,79.0668,40.0,0.31
9619,4.24,94.9013,36.0,0.25
9620,3.76,70.283,37.0,0.28
9621,4.24,61.5008,38.0,0.27
9622,4.24,2869.7684,36.0,0.22
9623,4.24,1067.6251,37.0,0.21
9624,3.72,61.5001,40.0,0.17
9625,3.44,70.2824,44.0,0.15
9626,4.24,1067.6256,38.0,0.24
9627,4.4,1067.6275,36.0,0.2
9628,4.44,360228.0866,38.0,0.16
9629,3.48,114.1995,43.0,0.16
9630,3.56,87.8486,43.0,0.16
9631,4.32,61.4984,37.0,0.17
9632,4.44,52.7171,36.0,0.17
9633,5.12,63.2558,32.0,0.22
9634,4.04,103.5992,39.0,0.29
9635,5.6,335779.2842,30.0,0.25
9636,4.04,103.5969,39.0,0.23
9637,4.56,1061.1988,35.0,0.22
9638,4.44,94.8117,35.0,0.27
9639,3.6,79.0669,39.0,0.25
9640,4.52,1076.4115,33.0,0.26
9641,4.92,87.8627,31.0,0.19
9642,3.64,105.4197,40.0,0.34
9643,3.72,114.2008,39.0,0.24
9644,4.4,2869.7679,36.0,0.18
9645,5.4,360184.1684,28.0,0.18
9646,3.6,61.4995,40.0,0.23
9647,3.52,79.069,41.0,0.25
9648,3.6,79.0652,42.0,0.24
9649,3.52,79.0669,44.0,0.18
9650,3.72,105.4172,40.0,0.17
9651,4.24,43.9298,35.0,0.24
9652,3.56,70.2814,43.0,0.16
9653,4.68,35.3784,34.0,0.16
9654,3.6,131.7686,40.0,0.17
9655,3.92,70.2818,38.0,0.17
9656,4.04,67925.9042,38.0,0.19
9657,4.36,70.2815,36.0,0.2
9658,3.64,61.4967,40.0,0.19
9659,4.4,70.2823,35.0,0.18
9660,3.6,61.4974,42.0,0.16
9661,4.2,2860.9842,36.0,0.18
9662,3.24,79.9234,46.0,0.18
9663,3.8,116.3305,41.0,0.14
9664,3.72,79.0662,43.0,0.15
9665,4.72,103.5946,34.0,0.17
9666,4.24,61.4977,38.0,0.18
9667,3.48,70.2806,43.0,0.16
9668,3.8,105.4174,40.0,0.16
9669,4.32,86.0275,36.0,0.24
9670,4.04,121.1643,39.0,0.23
9671,3.52,96.6349,41.0,0.18
9672,3.36,79.064,45.0,0.17
9673,4.24,1050.0576,38.0,0.16
9674,4.24,1076.4086,37.0,0.18
9675,3.64,70.2818,40.0,0.16
9676,3.6,89.4697,42.0,0.16
9677,3.36,72.1329,45.0,0.15
9678,5.2,33934.945,33.0,0.16
9679,3.48,96.6327,43.0,0.16
9680,4.12,121.1671,38.0,0.16
9681,3.4,105.4167,43.0,0.14
9682,4.48,87.3308,35.0,0.16
9683,4.24,26.3674,38.0,0.17
9684,3.52,82.1289,43.0,0.21
9685,3.76,79.0657,39.0,0.15
9686,3.84,70.2806,39.0,0.15
9687,3.76,80.8224,38.0,0.16
9688,4.24,52.7149,38.0,0.22
9689,5.2,203345.3776,33.0,0.24
9690,3.8,62.7628,39.0,0.19
9691,3.64,87.848,40.0,0.18
9692,3.36,96.6356,45.0,0.15
9693,3.36,52.7123,45.0,0.16
9694,3.44,87.8479,44.0,0.17
9695,3.8,70.2808,40.0,0.22
9696,3.72,52.7244,40.0,0.17
9697,4.72,53.8499,33.0,0.16
9698,4.16,2878.5551,36.0,0.16
9699,5.12,26.3994,27.0,0.17
9700,3.92,52.7146,40.0,0.17
9701,3.36,96.6324,44.0,0.15
9702,4.48,54.4735,35.0,0.16
9703,3.6,87.8506,41.0,0.14
9704,6.52,26.4089,26.0,0.2
9705,4.24,52.7134,38.0,0.15
9706,4.16,86.0321,37.0,0.18
9707,5.52,336802.9792,30.0,0.2
9708,3.44,79.0638,44.0,0.18
9709,4.32,355367.5863,38.0,0.16
9710,3.6,53.5813,39.0,0.15
9711,3.44,79.0639,44.0,0.16
9712,3.8,52.714,38.0,0.2
9713,4.32,87.3303,37.0,0.2
9714,3.92,79.068,38.0,0.16
9715,4.64,171023.944,36.0,0.16
9716,4.04,121.1638,39.0,0.16
9717,4.76,88.088,33.0,0.16
9718,4.64,359944.9379,35.0,0.16
9719,4.24,165.094,34.0,0.16
9720,4.24,87.8675,38.0,0.16
9721,4.24,1085.1958,38.0,0.15
9722,3.44,70.2804,41.0,0.14
9723,3.36,52.7172,43.0,0.15
9724,3.68,70.2808,40.0,0.14
9725,3.64,52.7483,41.0,0.16
9726,3.88,61.5381,41.0,0.17
9727,4.08,61.505,37.0,0.16
9728,3.44,79.0655,44.0,0.16
9729,4.16,94.8155,37.0,0.16
9730,3.56,89.1421,40.0,0.16
9731,3.92,52.7224,34.0,0.17
9732,3.56,79.0647,42.0,0.16
9733,4.32,105.417,38.0,0.19
9734,3.64,359772.7567,37.0,0.16
9735,4.16,103.5988,36.0,0.21
9736,3.96,43.9327,40.0,0.16
9737,4.48,2834.6338,32.0,0.17
9738,3.64,96.6382,42.0,0.16
9739,3.36,107.18,43.0,0.15
9740,3.6,35.181,21.0,0.16
9741,3.72,79.0652,39.0,0.15
9742,4.64,52.7247,34.0,0.15
9743,3.8,52.7124,38.0,0.15
9744,3.64,352415.0892,40.0,0.16
9745,4.32,61.4983,36.0,0.16
9746,3.72,87.8498,43.0,0.18
9747,4.64,361493.9122,34.0,0.19
9748,4.04,129.9545,39.0,0.17
9749,3.64,96.6321,40.0,0.19
9750,4.24,114.2013,38.0,0.17
9751,3.96,105.4417,39.0,0.24
9752,4.08,96.6323,39.0,0.16
9753,4.08,70.2818,38.0,0.19
9754,4.16,94.8152,36.0,0.18
9755,4.0,96.636,37.0,0.17
9756,6.64,52.9601,24.0,0.16
9757,3.64,87.8521,42.0,0.15
9758,3.92,79.0679,38.0,0.16
9759,3.64,79.0645,40.0,0.16
9760,4.12,147.5158,38.0,0.18
9761,6.04,78.0594,28.0,0.15
9762,3.8,43.9299,38.0,0.18
9763,3.64,105.417,40.0,0.17
9764,3.48,89.6048,44.0,0.17
9765,4.36,1085.1932,37.0,0.17
9766,3.56,79.0702,43.0,0.18
9767,4.08,168322.6943,38.0,0.16
9768,4.16,86.0297,37.0,0.18
9769,4.12,94.8132,39.0,0.18
9770,3.84,80.822,41.0,0.17
9771,3.24,105.4152,44.0,0.15
9772,4.08,59.696,38.0,0.16
9773,4.36,87.8501,35.0,0.17
9774,4.6,45.237,34.0,0.27
9775,4.76,61.4974,34.0,0.16
9776,3.92,43.9321,38.0,0.16
9777,3.52,96.6317,42.0,0.16
9778,4.12,53.5761,35.0,0.16
9779,4.12,86.0285,38.0,0.16
9780,4.12,61.4998,39.0,0.2
9781,3.68,61.4968,40.0,0.21
9782,3.76,70.2811,39.0,0.21
9783,4.48,55.2544,38.0,0.15
9784,3.6,70.2824,39.0,0.15
9785,4.36,70.2842,36.0,0.17
9786,4.12,103.5991,38.0,0.2
9787,3.64,61.5005,42.0,0.16
9788,3.48,79.0696,43.0,0.2
9789,3.64,70.2817,42.0,0.16
9790,3.32,80.3832,44.0,0.17
9791,3.96,70.2935,37.0,0.19
9792,4.28,79.0683,34.0,0.2
9793,3.36,87.8478,45.0,0.19
9794,3.84,96.6338,39.0,0.24
9795,4.36,1067.6286,36.0,0.16
9796,4.44,70.294,38.0,0.16
9797,3.56,61.5026,40.0,0.16
9798,3.72,52.7328,37.0,0.2
9799,3.92,79.1458,39.0,0.18
9800,5.2,99905.0938,33.0,0.16
9801,4.24,96.6326,38.0,0.15
9802,4.4,1050.0615,36.0,0.15
9803,3.88,70.2821,38.0,0.15
9804,5.4,359918.5959,31.0,0.15
9805,4.44,70.302,35.0,0.16
9806,4.28,70.2844,38.0,0.19
9807,3.72,105.9532,37.0,0.19
9808,6.04,169448.5722,29.0,0.16
9809,3.76,1102.7629,41.0,0.18
9810,5.04,169320.0378,34.0,0.16
9811,3.76,26.5229,40.0,0.16
9812,6.52,169538.625,24.0,0.16
9813,4.16,112.3946,37.0,0.3
9814,3.8,105.4194,39.0,0.25
9815,4.04,103.6062,36.0,0.21
9816,3.56,105.4178,42.0,0.19
9817,4.12,55.7769,38.0,0.19
9818,4.12,121.2557,37.0,0.3
9819,4.24,79.0653,38.0,0.28
9820,4.08,87.913,38.0,0.23
9821,4.0,70.2874,35.0,0.2
9822,3.56,87.8489,42.0,0.2
9823,4.48,8387.5544,36.0,0.25
9824,3.36,52.713,44.0,0.17
9825,4.56,1041.2742,36.0,0.16
9826,4.12,112.3996,38.0,0.16
9827,5.4,336776.6264,31.0,0.18
9828,4.12,103.615,38.0,0.19
9829,5.6,43.938,30.0,0.18
9830,4.6,168332.3475,34.0,0.17
9831,4.12,112.3831,38.0,0.16
9832,3.84,70.2818,38.0,0.17
9833,4.56,1058.841,34.0,0.24
9834,3.44,96.6348,42.0,0.21
9835,3.68,61.4982,42.0,0.16
9836,4.12,52.7137,34.0,0.19
9837,4.36,1041.2766,36.0,0.23
9838,3.92,52.7137,39.0,0.26
9839,4.24,103.598,36.0,0.18
9840,4.04,121.1966,37.0,0.16
9841,3.8,121.3566,40.0,0.26
9842,4.4,1076.4114,32.0,0.26
9843,3.88,79.0753,37.0,0.2
9844,4.0,19.3365,30.0,0.2
9845,4.56,53.5494,37.0,0.16
9846,4.28,4810.3232,33.0,0.24
9847,4.68,26.367,33.0,0.29
9848,4.32,115.6087,37.0,0.25
9849,4.32,61.4981,37.0,0.24
9850,4.68,79.0658,34.0,0.24
9851,3.72,61.5048,41.0,0.17
9852,4.24,52.7136,38.0,0.17
9853,4.04,103.5964,38.0,0.19
9854,4.48,8.8054,21.0,0.17
9855,4.32,61.4978,38.0,0.29
9856,4.24,61.5031,35.0,0.23
9857,4.2,112.3814,37.0,0.19
9858,4.36,62.8036,36.0,0.17
9859,4.64,1076.4128,35.0,0.2
9860,4.44,63.2556,35.0,0.2
9861,4.76,394236.2806,34.0,0.19
9862,3.48,61.497,43.0,0.15
9863,3.36,79.164,45.0,0.17
9864,3.76,52.7132,39.0,0.18
9865,4.04,52.7272,36.0,0.23
9866,4.0,70.2818,38.0,0.18
9867,4.32,33941.1053,38.0,0.22
9868,4.36,86.0319,35.0,0.16
9869,3.88,52.7133,38.0,0.16
9870,3.44,114.2032,44.0,0.16
9871,3.96,70.2933,40.0,0.21
9872,4.12,45.6902,34.0,0.2
9873,3.88,70.2808,39.0,0.27
9874,4.24,61.4982,38.0,0.21
9875,4.04,72.0402,39.0,0.17
9876,4.76,79.0669,32.0,0.19
9877,3.56,79.0703,42.0,0.16
9878,3.64,79.0642,40.0,0.95
9879,4.4,356391.2984,38.0,0.23
9880,5.48,131.2514,30.0,0.17
9881,3.76,52.7139,39.0,0.19
9882,3.76,96.636,41.0,0.24
9883,4.04,138.7309,37.0,0.2
9884,3.84,8413.9056,40.0,0.21
9885,4.12,360245.6589,39.0,0.24
9886,3.88,87.8518,39.0,0.2
9887,3.8,79.068,39.0,0.2
9888,4.64,61.5021,34.0,0.16
9889,3.68,80.8208,40.0,0.16
9890,3.68,79.0676,41.0,0.26
9891,4.84,4891.1271,32.0,0.26
9892,4.12,121.164,38.0,0.21
9893,3.72,52.8396,37.0,0.2
9894,5.2,1215.7278,32.0,0.17
9895,3.6,43.9338,41.0,0.26
9896,3.32,87.8514,43.0,0.17
9897,4.24,43.9302,38.0,0.16
9898,4.48,0.0234,17.0,0.22
9899,3.36,87.8534,45.0,0.22
9900,3.72,52.7137,39.0,0.18
9901,3.88,0.5577,19.0,0.22
9902,3.88,87.8528,37.0,0.16
9903,3.36,70.28,44.0,0.21
9904,4.24,120057.563,39.0,0.18
9905,3.84,52.7146,38.0,0.28
9906,6.04,62.154,26.0,0.27
9907,3.6,87.849,40.0,0.28
9908,3.4,96.6378,44.0,0.18
9909,3.44,96.6345,44.0,0.16
9910,3.92,43.9321,38.0,0.24
9911,3.84,87.8488,40.0,0.25
9912,5.72,359926.3683,27.0,0.22
9913,4.16,32292.6396,35.0,0.16
9914,3.56,105.4165,42.0,0.18
9915,4.12,103.5994,38.0,0.22
9916,3.96,61.4966,40.0,0.24
9917,5.2,61.4986,31.0,0.18
9918,4.4,35.2069,32.0,0.18
9919,4.12,112.3814,37.0,0.24
9920,3.72,52.7127,37.0,0.23
9921,4.12,103.5989,38.0,0.19
9922,4.04,103.5972,39.0,0.16
9923,3.88,70.2833,40.0,0.16
9924,4.56,88.0508,34.0,0.23
9925,4.68,79.0664,34.0,0.28
9926,3.6,52.7183,41.0,0.19
9927,5.4,169457.3567,32.0,0.17
9928,4.24,70.2827,38.0,0.19
9929,4.24,87.862,38.0,0.16
9930,4.24,87.7855,36.0,0.19
9931,6.72,11.6582,26.0,0.2
9932,4.04,119192.5037,38.0,0.17
9933,3.92,52.7184,41.0,0.25
9934,4.32,1067.6254,37.0,0.24
9935,4.44,1076.4083,37.0,0.17
9936,3.92,26.3631,38.0,0.16
9937,3.36,61.4989,45.0,0.28
9938,4.12,79.066,38.0,0.21
9939,3.64,70.2821,42.0,0.18
9940,3.68,56501.292,39.0,0.2
9941,4.24,96.6334,37.0,0.16
9942,3.44,87.8535,44.0,0.15
9943,3.68,35.4124,10.0,0.16
9944,4.24,70.482,37.0,0.17
9945,3.92,87.8511,38.0,0.16
9946,3.76,107.1731,39.0,0.19
9947,3.64,79.0644,40.0,0.26
9948,4.0,87.8528,35.0,0.27
9949,3.64,96.635,40.0,0.17
9950,3.6,105.4164,42.0,0.19
9951,4.12,129.951,38.0,0.17
9952,3.92,52.7164,40.0,0.17
9953,3.4,96.6314,41.0,0.3
9954,3.8,87.8514,34.0,0.19
9955,4.2,61.4993,39.0,0.19
9956,3.36,131.768,45.0,0.19
9957,4.12,100132.6726,36.0,0.19
9958,4.24,87.851,36.0,0.17
9959,4.24,87.8492,38.0,0.17
9960,4.24,61.499,38.0,0.26
9961,3.8,80.8218,36.0,0.19
9962,4.76,77.7345,34.0,0.18
9963,3.92,70.3148,39.0,0.16
9964,3.56,79.065,42.0,0.15
9965,3.36,79.0671,45.0,0.16
9966,6.68,203318.9587,27.0,0.18
9967,5.2,131.7094,31.0,0.16
9968,3.92,79.0654,38.0,0.16
9969,3.52,87.8492,40.0,0.18
9970,4.16,103.5976,37.0,0.17
9971,3.92,70.2825,38.0,0.16
9972,3.44,96.632,44.0,0.17
9973,4.08,112.3807,38.0,0.18
9974,3.92,114.2145,42.0,0.18
9975,4.4,1050.2172,36.0,0.19
9976,4.64,129.9473,34.0,0.21
9977,4.16,86.0314,37.0,0.26
9978,3.56,70.2813,43.0,0.21
9979,4.2,70.2812,34.0,0.26
9980,4.04,94.815,39.0,0.17
9981,4.0,79.069,35.0,0.17
9982,3.68,61.4994,40.0,0.15
9983,4.04,77.2476,38.0,0.18
9984,3.6,96.6351,42.0,0.14
9985,3.92,79.0688,38.0,0.2
9986,6.52,169480.0823,26.0,0.21
9987,4.12,112.427,36.0,0.17
9988,3.64,79.065,40.0,0.17
9989,4.08,33984.5922,40.0,0.26
9990,3.36,114.1996,44.0,0.21
9991,4.16,138.7385,36.0,0.18
9992,4.24,79.0743,36.0,0.2
9993,6.32,462310.428,29.0,0.22
9994,3.96,96.6422,37.0,0.19
9995,3.88,36.9049,36.0,0.18
9996,4.64,61.4986,36.0,0.17
9997,6.4,37757.323,28.0,0.24
9998,3.92,70.2814,38.0,0.23
9999,4.32,43.9424,39.0,0.22
10000,3.64,114.2028,38.0,0.2
