episode,avg_pods,avg_latency,reward,execution_time
1,35.12,1015.1246,10.0,1.22
2,50.0,1038.4845,-3.0,1.0
3,34.0,1012.6676,26.0,1.4
4,38.04,1020.0156,17.0,1.18
5,52.72,1058.5338,9.0,1.12
6,54.16,995.0925,-3.0,3.07
7,47.72,1003.6452,7.0,1.21
8,50.2,1058.1626,-9.0,1.48
9,37.04,1032.6035,12.0,1.27
10,54.08,1044.2589,-12.0,1.2
11,49.68,1055.6668,5.0,2.11
12,31.24,1027.3611,23.0,1.2
13,52.6,1022.3293,-4.0,1.16
14,42.0,1015.6998,7.0,1.37
15,51.48,1012.7193,25.0,1.24
16,62.28,1033.912,5.0,2.27
17,51.32,1009.8367,17.0,1.16
18,54.12,1043.8285,-8.0,1.08
19,41.04,1028.0347,12.0,1.3
20,44.28,1025.8463,-5.0,1.26
21,45.4,1029.691,0.0,2.1
22,34.56,1005.5741,-2.0,1.28
23,51.8,1049.3458,3.0,1.4
24,39.32,1041.789,22.0,1.35
25,42.6,1027.8737,25.0,1.31
26,60.16,1057.9091,-9.0,1.93
27,60.2,1032.3231,7.0,1.3
28,53.32,1061.6841,-10.0,1.19
29,48.76,1005.6025,12.0,1.26
30,50.96,1054.5948,9.0,1.18
31,54.88,1046.052,11.0,2.15
32,45.16,1027.7116,32.0,1.18
33,53.44,1023.4022,-1.0,1.11
34,52.68,1030.8279,1.0,1.27
35,45.0,1039.1846,-5.0,1.24
36,43.28,1032.5771,3.0,2.23
37,50.08,1106.8283,11.0,1.09
38,45.52,1019.2669,-4.0,1.23
39,47.4,1045.7044,23.0,1.27
40,51.88,1010.8413,-1.0,1.38
41,50.2,1008.9951,0.0,2.16
42,41.12,1002.5381,11.0,1.25
43,30.2,1005.281,9.0,1.25
44,59.44,1069.0617,4.0,1.34
45,41.64,1019.3184,18.0,1.37
46,61.08,1013.0673,-8.0,1.12
47,35.36,1033.0127,26.0,2.18
48,52.76,1007.5856,19.0,1.26
49,57.64,1033.0574,8.0,1.25
50,52.08,1012.8259,32.0,1.28
51,46.16,1047.9527,6.0,1.29
52,51.44,1054.9045,0.0,2.01
53,46.52,1042.7469,10.0,1.39
54,53.8,1033.8383,0.0,1.5
55,48.08,1015.3555,13.0,1.14
56,49.04,1023.4311,2.0,1.32
57,54.48,1033.2608,1.0,2.29
58,44.48,1029.7675,20.0,1.28
59,54.6,1089.6079,20.0,1.25
60,49.24,1059.5948,24.0,1.41
61,65.56,995.4856,5.0,1.13
62,55.44,1012.4052,6.0,2.16
63,44.8,1014.126,16.0,1.21
64,48.72,1004.5126,19.0,1.26
65,46.28,1030.2663,27.0,1.29
66,50.12,1015.938,27.0,1.25
67,53.24,1008.2486,5.0,2.18
68,43.44,1029.3669,26.0,1.2
69,54.08,1050.4432,21.0,1.28
70,56.32,980.6737,5.0,1.25
71,40.68,1049.1486,-3.0,1.27
72,37.6,1038.4825,24.0,2.24
73,41.2,1014.7728,24.0,1.26
74,45.92,1041.5676,11.0,1.19
75,53.36,1009.4085,-5.0,1.17
76,51.72,1034.9171,-4.0,1.36
77,40.72,1203.8836,24.0,2.26
78,48.8,1001.5904,11.0,1.33
79,52.4,1023.7808,-4.0,1.2
80,46.2,1000.731,38.0,1.02
81,55.2,996.5892,9.0,1.34
82,49.2,1038.2277,13.0,2.07
83,56.4,1069.1386,21.0,1.26
84,38.32,1021.5335,38.0,1.19
85,54.44,1039.0855,25.0,1.39
86,51.4,1001.6373,-5.0,1.42
87,44.92,1040.9199,18.0,1.31
88,44.8,1007.3386,18.0,1.24
89,51.96,1040.0403,32.0,1.3
90,43.52,1062.86,20.0,1.12
91,42.12,1031.354,23.0,1.33
92,37.64,1020.156,5.0,1.21
93,49.28,1019.9335,42.0,2.19
94,43.84,999.298,10.0,1.42
95,41.2,1051.9392,-3.0,1.22
96,48.76,1016.4106,16.0,1.26
97,51.8,1005.3838,-1.0,1.28
98,45.44,1128.5738,8.0,2.02
99,41.64,1039.8116,26.0,1.29
100,46.28,1007.435,2.0,1.35
101,28.96,997.1378,17.0,1.56
102,35.68,981.6096,18.0,1.38
103,56.08,1034.6048,16.0,2.35
104,45.88,1057.6211,19.0,1.23
105,35.8,992.7606,13.0,1.12
106,45.96,1030.3674,-4.0,1.3
107,45.24,1007.6734,19.0,1.27
108,38.16,1002.5064,19.0,2.08
109,42.76,1045.2402,39.0,1.35
110,22.2,1016.8951,7.0,1.38
111,44.4,1038.4063,20.0,1.27
112,44.44,1019.551,20.0,1.25
113,35.4,1119.5914,6.0,2.18
114,39.48,1003.2809,12.0,1.11
115,40.52,1066.654,43.0,1.2
116,48.4,1002.8067,28.0,1.23
117,46.44,1051.0858,24.0,1.25
118,35.0,1012.2255,9.0,2.22
119,46.72,1012.4044,3.0,1.12
120,28.96,1008.7946,25.0,1.33
121,30.04,1029.4699,49.0,1.21
122,52.88,1006.6338,8.0,1.3
123,43.8,1031.2541,34.0,2.17
124,45.4,1077.3658,31.0,1.11
125,58.08,1050.079,22.0,1.37
126,44.68,1036.4131,10.0,1.29
127,40.44,1047.9517,39.0,1.37
128,54.8,1017.4919,14.0,1.26
129,51.76,1080.4535,43.0,1.17
130,38.88,1046.156,14.0,1.21
131,54.92,1035.454,9.0,1.23
132,30.16,1012.5164,11.0,1.2
133,45.84,1086.5135,23.0,1.2
134,43.4,1024.5784,19.0,2.21
135,25.08,1020.6817,15.0,1.17
136,58.12,1122.9919,12.0,1.11
137,54.76,1036.547,9.0,1.2
138,47.68,1042.8393,14.0,1.29
139,48.28,1056.6373,16.0,2.06
140,52.28,1031.3757,12.0,1.14
141,58.4,1043.168,2.0,1.17
142,43.68,1020.1202,33.0,1.29
143,39.68,981.0685,36.0,1.25
144,47.04,1015.3926,20.0,1.92
145,43.44,1007.1266,28.0,1.21
146,56.52,1048.2221,26.0,1.17
147,39.32,1010.0552,44.0,1.23
148,45.84,1037.3822,34.0,1.35
149,48.2,1023.0488,13.0,2.21
150,48.68,1055.4145,43.0,1.39
151,37.96,1059.7234,25.0,1.27
152,36.08,1050.3166,21.0,1.2
153,44.68,999.4538,2.0,1.39
154,55.4,1089.8516,5.0,2.15
155,38.12,1048.7344,6.0,1.24
156,55.56,1030.5561,0.0,1.19
157,46.6,1042.8026,32.0,1.32
158,53.48,1038.9948,5.0,1.41
159,51.4,1021.9308,36.0,2.31
160,25.08,1000.1006,32.0,1.13
161,42.16,1120.0069,46.0,1.27
162,41.0,1012.8851,2.0,1.22
163,49.4,1081.8507,65.0,1.45
164,56.2,1123.4151,10.0,2.32
165,46.52,1028.3312,28.0,1.23
166,56.36,1046.5398,4.0,1.23
167,54.08,1050.6109,2.0,1.3
168,56.6,1022.9624,13.0,1.22
169,47.04,1042.2489,36.0,2.22
170,58.0,969.9906,-5.0,1.16
171,42.76,1027.9628,0.0,1.16
172,46.6,994.5554,8.0,1.21
173,64.04,1140.0493,24.0,1.34
174,46.24,1079.5924,20.0,1.35
175,50.28,1074.6268,5.0,2.15
176,50.84,1055.8127,5.0,1.17
177,52.68,1023.739,9.0,1.2
178,53.28,1043.7751,18.0,1.26
179,42.32,976.0013,27.0,1.17
180,39.6,1010.1624,13.0,2.11
181,47.56,1027.6937,17.0,1.13
182,27.24,997.0004,40.0,1.32
183,53.4,1035.6855,11.0,1.21
184,43.68,1025.3639,38.0,1.48
185,31.96,1018.1296,48.0,2.0
186,60.2,1039.0926,33.0,1.22
187,54.84,1002.9243,2.0,1.3
188,54.0,1054.4835,26.0,1.26
189,45.2,1030.4883,25.0,1.1
190,49.36,1036.6958,14.0,2.31
191,36.08,1027.81,33.0,1.27
192,49.4,1027.1289,9.0,1.28
193,54.0,1048.5361,22.0,1.21
194,54.56,1044.2866,40.0,1.35
195,43.84,1055.7662,20.0,2.09
196,58.36,1065.0581,24.0,1.33
197,31.24,1048.6979,33.0,1.52
198,30.12,1017.6786,58.0,1.21
199,39.96,1075.5287,18.0,1.23
200,52.32,1025.341,10.0,2.17
201,36.76,1049.6829,36.0,1.26
202,48.8,1032.2119,27.0,1.38
203,46.36,1036.5962,53.0,1.28
204,63.32,1034.2661,-2.0,1.3
205,45.64,1055.2092,22.0,2.33
206,51.08,1053.0927,18.0,1.29
207,57.04,1039.2927,12.0,1.28
208,54.16,1003.4983,31.0,1.28
209,58.96,1055.8383,4.0,1.19
210,43.84,1066.5757,29.0,2.18
211,46.88,1068.8915,27.0,1.32
212,45.48,1035.9526,19.0,1.29
213,40.84,1082.1485,-2.0,1.21
214,54.92,1019.8478,12.0,1.17
215,39.52,1044.1056,34.0,1.23
216,44.64,1036.5492,25.0,1.14
217,53.16,1026.884,-4.0,1.21
218,53.28,1047.9491,1.0,1.27
219,30.16,995.1414,54.0,1.27
220,47.0,1033.4373,37.0,1.16
221,46.0,1027.0751,42.0,2.19
222,49.2,1027.8713,25.0,1.23
223,60.44,1019.0572,45.0,1.31
224,40.92,1026.6933,56.0,1.22
225,53.88,1113.7832,11.0,1.41
226,39.96,1001.6599,44.0,2.02
227,46.76,1064.1785,13.0,1.18
228,52.0,1075.6973,6.0,1.26
229,47.16,1118.4944,33.0,1.1
230,45.76,1029.9245,32.0,1.43
231,51.32,1022.8239,32.0,2.12
232,46.24,1006.9462,7.0,1.25
233,55.68,1086.1032,27.0,1.24
234,24.92,1007.0961,25.0,1.1
235,42.84,1047.2983,38.0,1.23
236,52.84,1082.0863,29.0,2.09
237,44.92,995.5732,25.0,1.11
238,48.04,1020.0265,27.0,1.22
239,48.64,1224.269,10.0,1.21
240,51.64,1042.6728,30.0,1.2
241,59.32,995.1761,11.0,2.2
242,46.88,1005.5742,9.0,1.3
243,50.08,1025.2231,21.0,1.36
244,43.28,1020.5812,25.0,1.34
245,27.6,989.4551,43.0,1.16
246,41.76,1090.5152,31.0,2.46
247,38.68,1033.9246,42.0,1.21
248,43.96,1025.4995,52.0,1.14
249,47.84,1046.8974,37.0,1.26
250,42.72,1031.5887,17.0,1.37
251,64.12,1025.017,16.0,2.07
252,36.48,987.7424,50.0,1.27
253,51.96,1043.923,28.0,1.21
254,44.32,1033.873,22.0,1.36
255,46.32,1027.3167,40.0,1.31
256,40.16,1033.4302,6.0,1.28
257,50.12,992.5905,29.0,1.25
258,53.12,1044.8849,12.0,1.18
259,49.0,1003.9866,14.0,1.24
260,22.76,1035.274,44.0,1.2
261,53.92,1096.3534,22.0,1.37
262,46.36,996.6106,46.0,2.24
263,44.12,1027.9742,18.0,1.12
264,62.68,1034.3227,14.0,1.3
265,32.24,1036.6593,57.0,1.27
266,55.84,1055.7276,21.0,1.25
267,45.84,1035.9926,68.0,2.13
268,45.2,1056.5375,20.0,1.09
269,57.68,1044.6856,-8.0,1.25
270,41.72,1180.5242,32.0,1.36
271,55.92,1059.5686,13.0,1.23
272,48.0,1038.4377,55.0,2.31
273,48.88,1032.9819,18.0,1.26
274,28.28,1050.3554,25.0,1.21
275,47.8,1015.4937,18.0,1.18
276,53.44,1053.9842,17.0,1.2
277,26.88,1013.4904,79.0,2.22
278,41.4,1000.0934,33.0,1.39
279,40.04,984.691,11.0,1.22
280,50.96,1007.3744,53.0,1.27
281,55.76,1058.4539,-3.0,1.25
282,47.44,1048.7515,44.0,2.27
283,44.08,1016.613,28.0,1.23
284,54.12,1010.8626,35.0,1.29
285,42.8,1007.4457,47.0,1.1
286,44.8,1016.2506,18.0,1.4
287,47.72,1055.2066,31.0,2.19
288,45.32,1011.1426,17.0,1.26
289,39.36,1025.8704,41.0,1.16
290,47.56,1058.172,32.0,1.42
291,48.4,986.5304,18.0,1.35
292,44.36,1150.1329,-3.0,2.17
293,37.84,1006.1709,37.0,1.14
294,43.24,1057.9372,14.0,1.17
295,38.4,1127.681,14.0,1.27
296,25.6,983.8939,24.0,1.14
297,52.12,1021.015,35.0,2.15
298,45.04,1024.3829,18.0,1.18
299,26.56,1028.7417,62.0,1.26
300,47.48,1042.2633,8.0,1.24
301,25.88,971.0558,57.0,1.2
302,35.76,1088.9095,44.0,1.16
303,34.84,1026.3989,4.0,2.1
304,51.28,1011.1469,3.0,1.0
305,31.32,998.7988,36.0,1.27
306,47.32,1030.6224,32.0,1.29
307,49.0,1031.8982,50.0,1.31
308,56.76,1034.7176,22.0,2.36
309,61.6,1077.6096,37.0,1.23
310,48.24,1008.6309,60.0,1.29
311,38.4,994.3916,14.0,1.21
312,36.04,1027.8511,14.0,1.15
313,49.44,1023.3504,25.0,2.14
314,43.08,1014.5653,34.0,1.19
315,58.36,1023.006,25.0,1.27
316,40.96,1047.7825,12.0,1.22
317,56.68,1074.1482,13.0,1.36
318,51.88,999.6814,23.0,2.31
319,54.4,1071.5018,8.0,1.14
320,58.36,993.592,27.0,1.25
321,23.6,987.663,21.0,1.22
322,45.64,1087.736,13.0,1.33
323,30.96,1077.3508,28.0,2.27
324,34.04,1010.583,37.0,1.14
325,45.12,983.4654,56.0,1.04
326,46.2,990.1209,41.0,1.45
327,53.88,994.0699,18.0,1.2
328,37.16,1005.4298,5.0,2.22
329,47.12,1038.5434,56.0,1.2
330,53.88,1039.8764,40.0,1.23
331,47.76,986.3776,14.0,1.05
332,43.04,1023.1466,-3.0,1.14
333,37.64,1022.1074,37.0,2.36
334,41.48,1059.8656,51.0,1.41
335,52.52,1008.8711,5.0,1.35
336,30.6,1115.1225,39.0,1.25
337,51.88,1056.2959,0.0,1.14
338,38.12,993.3409,16.0,2.16
339,50.96,1048.5569,21.0,1.34
340,40.88,1021.9519,37.0,1.23
341,42.24,1047.0342,11.0,1.19
342,61.68,1043.1368,36.0,1.28
343,47.88,1015.2567,44.0,1.29
344,21.6,1012.518,46.0,1.16
345,42.08,1015.4594,10.0,1.18
346,59.36,1036.4197,30.0,1.24
347,44.08,1104.6682,30.0,1.27
348,37.72,1053.9231,9.0,1.27
349,23.92,975.2084,63.0,2.17
350,47.04,1013.8436,11.0,1.36
351,34.64,1060.6052,35.0,1.25
352,52.36,1023.8229,20.0,1.34
353,36.44,1001.0409,63.0,1.25
354,56.96,1040.0094,12.0,2.33
355,47.6,998.43,25.0,1.11
356,41.32,1000.0135,43.0,1.18
357,32.52,1017.3154,38.0,1.32
358,58.76,1029.9873,11.0,1.34
359,42.16,1022.3434,66.0,1.88
360,29.84,1048.7418,63.0,1.26
361,36.8,984.0926,27.0,1.18
362,41.32,1060.6219,34.0,1.24
363,48.72,1028.0401,43.0,1.22
364,47.36,1075.9553,41.0,2.19
365,59.72,1008.8941,26.0,1.21
366,34.6,1018.2984,24.0,1.31
367,27.04,976.0926,42.0,1.28
368,57.16,1025.5272,5.0,1.3
369,41.16,1004.992,7.0,2.09
370,41.76,991.6034,8.0,1.36
371,38.68,1050.632,33.0,1.15
372,48.32,1050.6771,29.0,1.23
373,39.72,1006.5274,45.0,1.33
374,48.4,1044.0407,41.0,2.46
375,47.6,1048.8603,13.0,1.17
376,46.32,1058.4613,34.0,1.23
377,35.76,1046.9466,25.0,1.17
378,45.28,1020.3362,16.0,1.28
379,50.76,1031.3628,15.0,2.08
380,34.2,980.778,26.0,1.23
381,56.64,1012.9346,17.0,1.32
382,40.68,1003.1544,30.0,1.5
383,36.96,1000.277,20.0,1.19
384,35.92,1020.311,58.0,1.25
385,43.56,1025.2696,38.0,1.28
386,39.44,1050.0709,35.0,1.49
387,39.88,1039.2811,19.0,1.3
388,48.48,1018.8114,9.0,1.26
389,35.24,1038.7424,12.0,1.33
390,32.8,1025.6275,21.0,2.43
391,50.24,1017.8852,17.0,1.3
392,46.24,1020.7812,35.0,1.25
393,33.16,986.8771,45.0,1.26
394,40.88,1011.5783,59.0,1.27
395,40.48,1133.0639,61.0,2.16
396,46.56,1020.2958,7.0,1.23
397,44.0,1013.7636,31.0,1.19
398,46.08,1006.543,39.0,1.35
399,47.04,1032.7192,18.0,1.15
400,52.76,1053.7709,9.0,2.15
401,36.56,1075.6604,13.0,1.24
402,29.8,1038.9074,30.0,1.24
403,39.0,1010.4797,38.0,1.09
404,45.16,1103.9646,52.0,1.24
405,53.56,1044.5979,47.0,2.08
406,49.8,1044.9636,22.0,1.3
407,50.28,1064.5879,52.0,1.24
408,43.6,1040.9999,28.0,1.27
409,30.72,1038.6852,56.0,1.37
410,65.44,999.7033,-1.0,2.16
411,56.68,1059.782,43.0,1.33
412,57.0,1004.9706,39.0,1.34
413,51.08,1133.9147,33.0,1.14
414,31.44,996.2091,39.0,1.32
415,46.56,1064.4562,20.0,2.17
416,44.16,1020.5899,41.0,1.29
417,60.32,1065.4906,0.0,1.16
418,34.28,996.7519,55.0,1.1
419,46.24,1008.1628,24.0,1.29
420,35.64,1017.276,25.0,2.34
421,57.04,1032.3062,39.0,1.27
422,58.2,1000.2209,23.0,1.42
423,51.56,1041.3897,24.0,1.22
424,42.16,1080.6813,22.0,1.22
425,23.48,1027.5356,30.0,2.31
426,51.52,1041.3096,11.0,1.16
427,44.24,1036.1786,32.0,1.1
428,30.24,1006.5865,33.0,1.2
429,39.36,1067.7434,26.0,1.25
430,51.6,1115.3454,2.0,1.42
431,35.4,1020.312,67.0,2.23
432,33.4,1001.7248,35.0,1.25
433,33.44,1017.0291,55.0,1.39
434,38.28,1034.79,50.0,1.25
435,41.12,1032.5314,38.0,1.23
436,44.56,1072.8054,41.0,2.34
437,36.32,1051.5436,15.0,1.39
438,39.84,1008.2231,41.0,1.18
439,47.6,1006.3072,27.0,1.11
440,36.52,990.8178,29.0,1.25
441,44.0,1037.3718,46.0,2.15
442,35.92,1020.4656,57.0,1.24
443,38.24,1111.3376,21.0,1.2
444,45.28,1103.004,4.0,1.35
445,41.48,1079.0512,39.0,1.31
446,47.68,1012.6732,16.0,2.37
447,50.56,1055.2221,62.0,1.25
448,36.72,1153.0731,40.0,1.29
449,44.56,1025.097,39.0,1.24
450,24.84,1014.3584,25.0,1.21
451,53.52,1062.631,8.0,2.36
452,46.4,1036.0181,29.0,1.33
453,44.32,1060.8716,28.0,1.39
454,57.36,1044.9194,35.0,1.22
455,57.96,1098.0178,34.0,1.13
456,43.2,1037.6832,9.0,2.46
457,46.16,1016.6315,23.0,1.25
458,43.16,1067.4702,8.0,1.26
459,39.2,1008.7274,59.0,1.3
460,53.44,1009.6119,32.0,1.23
461,59.08,1012.6913,48.0,2.64
462,49.12,1050.0047,23.0,1.37
463,47.24,1047.6888,38.0,1.51
464,33.4,1047.3817,38.0,1.38
465,37.52,1049.6759,25.0,1.25
466,33.0,975.0414,35.0,2.23
467,50.08,1031.3498,13.0,1.27
468,45.6,1010.2821,48.0,1.24
469,42.64,1061.264,18.0,1.12
470,42.04,1057.6152,43.0,1.25
471,41.68,1047.3063,51.0,1.18
472,56.68,1040.4081,8.0,1.12
473,51.52,1048.7786,45.0,1.22
474,30.84,1017.7236,36.0,1.25
475,57.92,1060.6358,27.0,1.16
476,38.84,1072.7908,17.0,1.28
477,43.52,1054.2216,50.0,2.28
478,27.92,1005.34,56.0,1.27
479,48.32,1054.0564,70.0,1.27
480,48.84,1041.7463,30.0,1.21
481,32.16,1029.5688,12.0,1.3
482,46.76,1014.4469,31.0,1.98
483,31.24,1003.1781,21.0,1.17
484,36.16,1027.0406,71.0,1.27
485,57.64,1115.3352,12.0,1.3
486,45.68,1053.0122,33.0,1.43
487,54.44,1017.2245,20.0,2.03
488,36.88,1105.8161,40.0,1.26
489,60.92,1012.1033,33.0,1.27
490,40.08,1023.2444,41.0,1.3
491,35.8,1004.2104,46.0,1.08
492,55.88,1099.0992,22.0,2.36
493,44.48,1028.7552,24.0,1.26
494,35.72,1024.8611,44.0,1.34
495,52.76,1017.7184,45.0,1.1
496,49.0,1072.5684,36.0,1.42
497,51.08,1037.6364,26.0,2.42
498,45.0,1049.7096,10.0,1.27
499,48.8,1014.9087,4.0,1.22
500,50.24,1029.0077,53.0,1.33
501,37.68,1051.8578,28.0,1.29
502,49.84,1007.6243,31.0,2.15
503,33.88,1015.1452,68.0,1.28
504,41.88,1024.6905,12.0,1.22
505,45.4,1006.6666,65.0,1.22
506,51.64,1096.7305,12.0,1.19
507,50.32,1076.7521,48.0,1.97
508,43.4,1023.3165,18.0,1.28
509,48.92,1180.0644,37.0,1.21
510,47.04,1042.6339,13.0,1.19
511,50.64,1101.5406,21.0,1.31
512,44.04,1002.3906,17.0,1.23
513,56.68,1040.2108,26.0,1.26
514,58.76,1060.5733,6.0,1.08
515,50.52,1026.2725,14.0,1.3
516,50.84,1032.3692,21.0,1.25
517,45.92,1081.0048,29.0,1.31
518,50.56,1051.9944,22.0,2.21
519,57.92,1043.8718,29.0,1.25
520,34.68,1006.2159,38.0,1.25
521,45.88,1031.253,35.0,1.21
522,39.44,1065.7815,42.0,1.48
523,49.28,1072.9124,47.0,2.1
524,34.72,1043.8652,39.0,1.22
525,50.0,1068.0969,19.0,1.16
526,47.04,1095.7309,23.0,1.24
527,53.84,983.1054,30.0,1.26
528,52.44,1059.2092,15.0,2.2
529,32.72,997.1551,30.0,1.29
530,50.88,1022.9978,8.0,1.18
531,42.68,1046.9133,24.0,1.3
532,52.08,1057.7026,17.0,1.14
533,36.2,1026.163,9.0,2.52
534,68.0,991.7374,0.0,1.08
535,58.28,1126.0214,5.0,1.22
536,44.96,1065.1066,31.0,1.25
537,52.32,993.3775,21.0,1.49
538,43.12,1010.1295,28.0,2.25
539,54.28,1057.3202,23.0,1.22
540,45.92,1014.5268,15.0,1.31
541,44.16,1015.0534,27.0,1.28
542,58.96,997.8224,6.0,1.17
543,40.16,1064.4704,49.0,2.18
544,48.48,1010.344,11.0,1.19
545,47.36,1056.4967,38.0,1.22
546,51.36,1044.0244,24.0,1.18
547,50.88,1053.1468,36.0,1.29
548,57.16,1077.7995,0.0,2.28
549,32.32,1011.8116,53.0,1.24
550,56.44,1054.308,8.0,1.29
551,59.0,1003.5723,54.0,1.25
552,58.32,1068.9803,28.0,1.22
553,46.72,1032.9544,61.0,2.31
554,39.16,974.4668,44.0,1.28
555,39.04,1103.5497,41.0,1.18
556,56.4,1035.7712,8.0,1.29
557,53.56,1022.3487,8.0,1.26
558,54.48,1000.215,15.0,1.26
559,35.36,1028.3189,20.0,2.14
560,48.68,1056.8655,36.0,1.24
561,56.24,1043.5741,-3.0,1.28
562,43.24,1066.8021,15.0,1.31
563,43.2,1050.6767,15.0,1.28
564,53.96,1030.5828,33.0,2.41
565,59.2,1027.9017,24.0,1.15
566,56.4,1078.3738,25.0,1.28
567,41.08,1120.6247,46.0,1.33
568,49.48,1089.8358,27.0,1.15
569,53.92,1067.5056,18.0,1.89
570,47.8,1009.6452,23.0,1.26
571,50.4,1028.8738,33.0,1.1
572,43.08,1003.2365,25.0,1.25
573,55.84,1069.5312,3.0,1.28
574,24.6,1040.9775,43.0,2.29
575,54.56,1003.6997,20.0,1.19
576,46.52,1040.7769,38.0,1.21
577,35.6,1035.2214,52.0,1.17
578,32.24,1032.6909,37.0,1.22
579,35.6,993.423,61.0,2.18
580,43.88,1031.4387,49.0,1.31
581,48.4,1021.4714,20.0,1.3
582,41.0,1021.0998,10.0,1.46
583,51.28,1192.8,67.0,1.24
584,57.92,1043.0253,18.0,2.11
585,31.36,1009.7437,51.0,1.26
586,49.08,1085.9538,1.0,1.3
587,35.92,1006.8058,40.0,1.33
588,53.24,1025.0502,16.0,1.38
589,61.08,1081.2328,24.0,2.12
590,51.96,1015.7912,16.0,1.22
591,35.56,997.9954,67.0,1.24
592,55.44,1007.1031,9.0,1.18
593,46.64,1004.4949,30.0,1.14
594,27.56,1022.1493,34.0,2.22
595,47.32,1062.3436,17.0,1.34
596,65.32,1043.9801,8.0,1.18
597,44.24,1060.9762,35.0,1.24
598,50.08,1022.4362,67.0,1.22
599,63.48,999.7059,37.0,1.3
600,35.2,1030.9746,34.0,1.28
601,49.4,1040.9627,2.0,1.2
602,41.72,975.9322,32.0,1.25
603,29.6,990.0798,64.0,1.2
604,50.4,989.8611,17.0,1.33
605,57.6,1004.9854,10.0,2.11
606,41.8,1021.3944,35.0,1.16
607,43.4,1000.5903,48.0,1.25
608,39.4,1101.2308,27.0,1.4
609,38.8,1061.9783,69.0,1.36
610,58.52,1031.091,3.0,2.0
611,60.2,1047.5632,16.0,1.15
612,54.2,1014.9822,2.0,1.28
613,55.72,1035.1166,34.0,1.2
614,56.48,1020.6091,13.0,1.17
615,57.52,1020.901,24.0,2.28
616,58.16,1013.5215,19.0,1.32
617,44.76,993.8444,28.0,1.23
618,46.12,1021.0072,39.0,1.2
619,53.08,1051.5751,3.0,1.32
620,45.64,1020.9882,43.0,2.5
621,34.44,1002.9682,50.0,1.24
622,46.96,1043.1332,38.0,1.2
623,47.92,1013.9618,10.0,1.26
624,53.08,1021.4384,37.0,1.24
625,67.64,1000.5084,3.0,2.01
626,54.68,1051.1007,4.0,1.22
627,68.24,1025.0781,7.0,1.17
628,50.04,1098.4085,53.0,1.25
629,63.48,1020.5864,4.0,1.33
630,55.76,999.4525,9.0,2.42
631,43.04,1048.781,63.0,1.24
632,49.08,1065.1742,49.0,1.22
633,64.12,1049.6868,3.0,1.24
634,46.52,1018.5318,25.0,1.24
635,58.4,1069.7659,8.0,2.27
636,43.08,1022.5411,34.0,1.43
637,60.92,1045.3514,15.0,1.21
638,45.92,1070.3039,27.0,1.22
639,24.92,1017.5567,60.0,1.18
640,48.44,1044.0778,45.0,1.33
641,59.44,1035.3111,5.0,1.2
642,60.04,1044.8392,3.0,1.14
643,63.48,1134.5774,21.0,1.25
644,53.56,1059.6535,19.0,1.38
645,40.88,1044.3271,38.0,1.31
646,36.64,1046.2532,34.0,2.16
647,46.16,1135.9808,27.0,1.22
648,56.52,1025.7012,7.0,1.19
649,61.76,1036.4766,12.0,1.17
650,46.28,1082.3869,53.0,1.2
651,65.48,1067.4273,3.0,1.96
652,45.2,1022.5528,32.0,1.31
653,54.08,1048.2835,43.0,1.33
654,44.04,1031.094,32.0,1.29
655,46.16,1029.9038,30.0,1.17
656,57.48,1001.7289,-3.0,2.28
657,38.08,1008.9995,42.0,1.4
658,53.64,1026.5994,35.0,1.22
659,38.08,1003.7878,21.0,1.34
660,51.6,1017.0268,16.0,1.32
661,55.8,1014.1818,29.0,2.33
662,62.2,986.5008,20.0,1.23
663,37.52,1015.171,45.0,1.24
664,49.48,1036.1655,32.0,1.29
665,62.4,1048.6599,16.0,1.24
666,49.0,1010.8047,35.0,2.21
667,46.52,1046.3029,37.0,1.29
668,54.88,1025.6029,-8.0,1.41
669,49.68,1026.7898,25.0,1.25
670,42.56,1064.926,12.0,1.21
671,63.44,1086.8806,5.0,2.1
672,49.6,1026.4911,25.0,1.17
673,46.8,1074.6092,16.0,1.34
674,37.44,1001.9096,28.0,1.26
675,29.84,1026.946,51.0,1.22
676,59.36,1041.8736,19.0,2.26
677,30.28,1025.8211,54.0,1.54
678,56.4,1037.8136,21.0,1.44
679,35.64,1080.198,50.0,1.29
680,41.48,1017.599,31.0,1.15
681,49.72,1039.5706,29.0,2.37
682,48.36,1041.6356,3.0,1.23
683,47.76,1022.6593,33.0,1.28
684,62.16,1022.4207,15.0,1.27
685,56.2,991.8554,39.0,1.17
686,53.72,1063.8032,38.0,1.3
687,48.04,1032.1069,-6.0,2.07
688,58.16,1029.7702,9.0,1.25
689,34.12,1001.2492,28.0,1.27
690,34.8,1010.025,19.0,1.18
691,52.32,1019.0085,67.0,1.43
692,42.56,1005.668,26.0,2.16
693,54.96,1052.0462,14.0,1.17
694,50.76,1001.6407,22.0,1.15
695,27.84,1087.1098,35.0,1.24
696,45.24,1036.2973,59.0,1.28
697,42.08,1009.7675,43.0,2.37
698,31.0,1007.0263,37.0,1.32
699,57.24,1009.9069,28.0,1.41
700,44.72,1033.434,30.0,1.34
701,41.68,1002.1723,11.0,1.23
702,32.76,987.1628,51.0,2.29
703,35.28,1096.005,51.0,1.24
704,34.8,983.3134,7.0,1.19
705,41.08,1049.8204,24.0,1.22
706,52.72,1020.9646,6.0,1.25
707,48.12,1059.2361,56.0,2.52
708,39.08,1036.1382,37.0,1.21
709,46.56,1001.8444,19.0,1.22
710,48.8,1066.8387,3.0,1.27
711,43.56,991.5096,54.0,1.14
712,55.48,1006.7463,31.0,2.27
713,51.68,1068.1353,41.0,1.25
714,22.04,1018.733,16.0,1.13
715,50.2,1004.766,45.0,1.37
716,45.84,1027.2298,47.0,1.2
717,50.68,1041.7688,0.0,2.31
718,49.4,1025.1542,26.0,1.28
719,45.12,1026.5615,58.0,1.31
720,48.36,1041.3135,22.0,1.22
721,54.16,1042.4525,33.0,1.2
722,54.88,1021.8232,34.0,2.15
723,57.96,1084.463,13.0,1.29
724,56.4,971.6145,8.0,1.11
725,47.32,991.8465,19.0,1.22
726,53.72,1114.0361,11.0,1.28
727,52.6,1033.2286,65.0,1.33
728,52.16,1079.4971,35.0,1.3
729,52.12,1034.5235,22.0,1.32
730,43.48,1053.9204,86.0,1.16
731,55.88,1059.114,20.0,1.35
732,50.84,1226.8276,8.0,1.15
733,52.12,1072.5304,22.0,2.07
734,59.72,989.2318,7.0,1.17
735,35.84,1096.3782,28.0,1.26
736,36.4,1008.2022,40.0,1.11
737,58.64,1045.8691,10.0,1.15
738,38.52,1010.5322,20.0,2.35
739,58.2,1080.7638,5.0,1.39
740,44.84,1100.7015,47.0,1.27
741,42.6,1120.1235,42.0,1.26
742,43.84,1093.7554,27.0,1.31
743,38.16,1103.8234,42.0,2.36
744,48.72,1251.73,-4.0,1.26
745,48.84,1024.4739,40.0,1.22
746,48.56,1078.0952,13.0,1.26
747,42.08,1021.094,47.0,1.22
748,47.08,1013.2802,6.0,2.12
749,44.24,1023.1779,34.0,1.24
750,40.72,994.2834,38.0,1.12
751,48.16,1027.3825,42.0,1.24
752,41.64,1022.419,49.0,1.26
753,36.92,1016.2779,34.0,1.97
754,40.24,1021.2239,27.0,1.27
755,59.64,1010.6268,24.0,1.28
756,56.12,1058.674,25.0,1.27
757,41.08,1040.5911,10.0,1.25
758,38.56,1010.9157,41.0,2.16
759,51.36,1040.2404,18.0,1.36
760,59.16,1037.0011,-1.0,1.25
761,52.04,979.4976,85.0,1.22
762,53.32,1032.7007,30.0,1.29
763,54.36,992.8318,22.0,2.23
764,33.2,1068.2659,52.0,1.29
765,32.36,1108.2761,32.0,1.15
766,48.6,1069.7153,19.0,1.28
767,45.12,1045.0438,75.0,1.25
768,53.84,1212.1574,33.0,1.18
769,52.92,1056.3786,22.0,1.27
770,28.04,1004.6055,37.0,1.14
771,47.64,1026.6544,35.0,1.36
772,53.4,1041.0394,5.0,1.29
773,29.12,999.6973,40.0,1.47
774,41.04,1056.7054,49.0,2.15
775,26.68,1072.7452,65.0,1.24
776,36.08,1024.7637,53.0,1.22
777,27.64,1021.6956,40.0,1.26
778,48.76,1062.9515,29.0,1.2
779,33.92,1006.2582,37.0,2.44
780,39.52,1068.6478,34.0,1.22
781,41.0,1003.2902,20.0,1.24
782,32.4,998.4579,37.0,1.22
783,63.24,1039.434,-7.0,1.19
784,30.52,1004.3833,22.0,2.21
785,54.08,1041.5913,11.0,1.27
786,40.4,1005.9743,21.0,1.32
787,57.32,984.3828,44.0,1.22
788,35.08,1019.361,33.0,1.21
789,62.12,982.542,-6.0,2.06
790,34.24,998.9475,60.0,1.19
791,54.6,1038.039,16.0,1.27
792,49.84,1015.4344,25.0,1.22
793,43.6,1040.9818,39.0,1.21
794,50.72,1049.0742,17.0,2.37
795,37.92,1083.9602,74.0,1.3
796,48.16,1019.3157,33.0,1.3
797,55.24,1059.6641,10.0,1.24
798,61.24,1043.0275,2.0,1.25
799,45.72,1041.8513,19.0,2.14
800,48.76,1038.7872,29.0,1.39
801,37.28,1022.1425,56.0,1.24
802,38.32,1041.9895,48.0,1.18
803,55.16,1034.9096,7.0,1.39
804,24.44,1020.9049,51.0,2.21
805,63.4,1051.417,18.0,1.17
806,52.44,1038.8105,26.0,1.2
807,43.76,1002.8357,38.0,1.24
808,50.64,1039.4768,12.0,1.23
809,59.6,1004.9181,21.0,2.14
810,43.64,1021.6848,50.0,1.19
811,36.68,1092.2451,54.0,1.33
812,41.48,1093.5301,30.0,1.27
813,38.8,1012.3582,69.0,1.14
814,38.56,1031.2504,52.0,1.32
815,48.08,1066.256,55.0,2.12
816,37.8,1014.3343,23.0,1.13
817,45.16,993.8362,13.0,1.23
818,31.52,1007.0721,4.0,1.22
819,42.92,1011.3127,14.0,1.31
820,37.6,1052.3348,63.0,2.18
821,55.4,1092.4296,46.0,1.53
822,23.36,1030.4318,16.0,1.22
823,59.84,1016.0655,47.0,1.25
824,56.96,996.1308,6.0,1.14
825,53.88,1024.1533,34.0,2.26
826,46.48,1033.751,8.0,1.21
827,23.92,1007.9472,46.0,1.27
828,45.88,1027.2873,36.0,1.28
829,43.48,1047.0744,11.0,1.26
830,42.32,1006.253,21.0,2.23
831,34.84,1004.8095,44.0,1.27
832,45.64,1068.2565,47.0,1.3
833,61.2,1043.3007,22.0,1.31
834,53.92,1089.6811,0.0,1.22
835,44.4,1005.8304,68.0,2.18
836,37.12,1003.1996,41.0,1.31
837,45.32,1057.4204,30.0,1.28
838,50.96,996.7451,22.0,1.16
839,40.76,1049.8402,13.0,1.12
840,54.04,1007.9212,-6.0,2.28
841,48.88,1080.8676,44.0,1.36
842,48.76,995.1924,53.0,1.18
843,49.88,1029.0875,66.0,1.31
844,45.2,1031.5004,19.0,1.17
845,57.68,1057.8148,26.0,2.13
846,33.48,989.7559,28.0,1.18
847,54.6,1018.8712,4.0,1.26
848,57.16,1027.3428,24.0,1.2
849,56.44,1108.1834,-1.0,1.14
850,58.76,994.3488,0.0,2.34
851,54.48,1013.9044,38.0,1.34
852,38.24,1081.8272,35.0,1.16
853,33.48,999.57,22.0,1.24
854,38.92,1034.4715,41.0,1.31
855,45.12,1034.1266,13.0,1.36
856,55.76,1019.7184,6.0,1.13
857,48.12,1012.1936,43.0,1.29
858,42.8,994.343,26.0,1.17
859,56.4,1030.2822,8.0,1.31
860,46.96,1016.2566,69.0,1.29
861,43.68,995.772,26.0,2.24
862,37.4,985.0282,34.0,1.31
863,51.76,1083.276,21.0,1.32
864,48.52,1012.5788,31.0,1.3
865,44.08,1092.4521,90.0,1.23
866,24.6,1007.3632,26.0,2.43
867,37.8,1040.1656,27.0,1.27
868,51.92,1053.6562,22.0,1.38
869,49.16,1129.652,48.0,1.21
870,49.16,1045.3266,25.0,1.23
871,47.36,1020.3238,47.0,2.07
872,56.28,1170.2967,25.0,1.2
873,55.2,1042.6814,31.0,1.27
874,52.72,1024.3125,14.0,1.06
875,44.04,1025.2961,15.0,1.46
876,42.16,1008.7353,30.0,2.21
877,63.2,1068.5696,24.0,1.18
878,53.0,1054.815,43.0,1.24
879,43.28,998.1358,35.0,1.23
880,45.84,1029.448,2.0,1.15
881,41.32,1068.4472,54.0,2.24
882,41.12,1032.1958,42.0,1.14
883,42.92,1017.2269,34.0,1.46
884,57.32,1054.1879,40.0,1.21
885,32.84,1048.0652,8.0,1.09
886,50.8,1009.2949,19.0,2.16
887,59.32,1058.1048,-2.0,1.1
888,56.56,1072.8103,0.0,1.07
889,49.52,1075.5863,45.0,1.23
890,57.72,1014.7492,43.0,1.21
891,50.64,1037.4554,33.0,2.22
892,51.76,1052.5556,39.0,1.27
893,42.52,1093.6664,4.0,1.14
894,46.44,1107.2618,23.0,1.21
895,37.44,987.3184,13.0,1.18
896,38.2,1043.4427,23.0,1.26
897,59.24,1047.8914,2.0,1.24
898,48.2,1045.2286,34.0,1.16
899,56.84,1068.3928,20.0,1.27
900,44.88,1066.9168,29.0,1.19
901,55.2,1031.0612,3.0,1.29
902,60.56,1031.4852,15.0,2.13
903,51.88,1031.544,23.0,1.35
904,47.84,1118.2665,18.0,1.27
905,53.92,1108.0348,23.0,1.24
906,50.72,1056.432,41.0,1.32
907,53.72,1038.7298,55.0,2.2
908,52.84,1126.2625,36.0,1.26
909,53.92,1040.283,14.0,1.23
910,55.12,1037.3088,36.0,1.28
911,45.88,1055.0273,45.0,1.26
912,48.72,1083.7819,-4.0,2.25
913,26.72,1077.3954,59.0,1.25
914,51.2,1001.2484,22.0,1.22
915,54.72,1067.0038,36.0,1.32
916,56.16,1001.2934,26.0,1.2
917,51.44,1053.012,0.0,2.28
918,45.52,1076.1334,17.0,1.26
919,39.12,1025.1634,37.0,1.16
920,58.64,1037.6343,5.0,1.23
921,49.88,1064.186,32.0,1.28
922,34.92,1003.839,37.0,1.97
923,29.68,1005.0608,47.0,1.34
924,35.28,1009.0646,18.0,1.41
925,57.24,1051.517,12.0,1.1
926,41.96,1046.4446,18.0,1.14
927,60.44,1068.6611,27.0,2.15
928,47.28,1007.8739,53.0,1.19
929,27.64,1028.4985,90.0,1.37
930,43.64,1020.0872,40.0,1.21
931,46.4,1048.212,19.0,1.34
932,46.2,1031.4866,41.0,2.03
933,49.2,1026.0601,33.0,1.13
934,45.96,1046.9503,17.0,1.34
935,36.16,1069.9215,27.0,1.37
936,58.88,1070.7345,4.0,1.27
937,43.92,991.1018,31.0,2.1
938,59.28,1060.365,35.0,1.25
939,33.56,1011.8012,25.0,1.35
940,39.64,1021.1652,55.0,1.31
941,43.84,1026.2898,16.0,1.33
942,32.96,1072.9467,64.0,1.31
943,53.72,1055.2768,49.0,2.04
944,50.44,1057.9824,31.0,1.24
945,56.56,1081.062,19.0,1.44
946,55.24,1029.9245,15.0,1.23
947,48.6,1066.1482,17.0,1.38
948,50.04,993.8034,53.0,2.37
949,34.64,1021.8947,49.0,1.24
950,46.76,1024.3674,19.0,1.29
951,46.48,999.1397,5.0,1.21
952,45.52,1047.0418,86.0,1.31
953,60.0,1175.9762,52.0,2.23
954,53.88,1067.2938,59.0,1.38
955,42.84,996.7651,22.0,1.26
956,50.32,1001.1082,34.0,1.31
957,30.88,1050.7212,30.0,1.26
958,47.2,1044.3673,37.0,2.54
959,42.44,1025.2137,41.0,1.14
960,35.04,1021.1312,52.0,1.21
961,29.6,985.8953,-2.0,1.3
962,50.08,1052.66,26.0,1.52
963,55.44,1081.2289,37.0,2.35
964,46.56,1030.4218,9.0,1.45
965,45.2,1027.4428,13.0,1.23
966,39.68,1075.8834,46.0,1.16
967,54.36,1183.0068,31.0,1.26
968,47.64,1032.1336,9.0,2.34
969,46.24,995.3922,24.0,1.3
970,45.68,1048.1671,72.0,1.23
971,42.64,1041.4554,9.0,1.33
972,43.96,1133.1255,80.0,1.31
973,51.4,1077.8832,18.0,2.2
974,28.36,1111.7718,48.0,1.23
975,39.08,1036.3051,54.0,1.25
976,43.64,998.7407,15.0,1.06
977,52.64,1017.6718,43.0,1.29
978,54.88,995.5322,30.0,2.41
979,48.16,1001.438,19.0,1.23
980,27.8,1025.4732,93.0,1.25
981,42.56,1006.9517,33.0,1.27
982,52.2,1014.6267,25.0,1.25
983,44.52,1023.2333,17.0,1.19
984,53.8,1034.6427,26.0,1.39
985,38.08,1080.175,47.0,1.34
986,37.92,994.3137,11.0,1.22
987,50.92,1040.9902,15.0,1.26
988,51.4,1056.8326,33.0,1.22
989,43.8,1009.258,33.0,2.38
990,61.72,1001.945,14.0,1.31
991,48.32,1114.8571,24.0,1.32
992,31.88,1021.0657,73.0,1.24
993,61.52,1001.8902,31.0,1.4
994,43.12,1034.3445,21.0,2.05
995,29.32,986.6059,52.0,1.22
996,49.56,1023.0874,33.0,1.35
997,61.08,1024.4905,31.0,1.26
998,56.0,1124.4106,20.0,1.25
999,38.08,980.035,45.0,2.24
1000,52.4,1057.8888,23.0,1.3
1001,47.2,988.9274,16.0,1.24
1002,57.28,999.6541,2.0,1.27
1003,47.52,1064.1046,68.0,1.22
1004,39.56,1043.3618,30.0,2.22
1005,52.44,1042.9308,30.0,1.37
1006,54.72,1076.5141,68.0,1.34
1007,31.76,974.9608,41.0,1.02
1008,48.84,1012.9066,9.0,1.1
1009,46.92,1094.8791,17.0,2.42
1010,56.44,1039.4094,-2.0,1.28
1011,54.84,998.0488,48.0,1.27
1012,40.48,994.1768,55.0,1.3
1013,57.4,1014.3008,18.0,1.12
1014,51.56,1040.0314,37.0,2.32
1015,49.96,1115.1052,20.0,1.15
1016,41.56,1058.0701,64.0,1.36
1017,58.36,1004.001,28.0,1.17
1018,40.76,1024.5434,10.0,1.35
1019,45.36,1030.447,27.0,2.38
1020,57.08,1032.3306,30.0,1.18
1021,32.56,1039.7579,23.0,1.25
1022,40.48,1000.529,25.0,1.22
1023,45.72,1032.2104,56.0,1.2
1024,46.8,1070.5065,18.0,1.26
1025,52.52,1017.2069,21.0,1.98
1026,37.92,1080.3151,58.0,1.23
1027,45.44,1037.9825,13.0,1.22
1028,54.8,1049.8139,26.0,1.41
1029,34.96,996.8235,63.0,1.29
1030,49.92,1040.3084,16.0,2.04
1031,56.08,1058.0495,22.0,1.21
1032,45.4,1042.0973,20.0,1.17
1033,66.52,1005.9035,-4.0,1.16
1034,39.8,1019.668,24.0,1.12
1035,41.6,1039.36,2.0,2.21
1036,60.36,1062.6524,-10.0,1.2
1037,44.52,1003.0465,13.0,1.13
1038,37.72,1080.073,6.0,1.14
1039,56.8,1073.356,10.0,1.1
1040,50.0,987.2099,30.0,2.24
1041,60.32,1064.6241,33.0,1.05
1042,56.24,1052.9662,5.0,0.99
1043,53.48,1028.9434,48.0,1.15
1044,53.04,1058.5328,52.0,1.1
1045,49.04,1090.5188,13.0,2.32
1046,41.56,1029.7644,17.0,1.27
1047,50.76,1051.1955,7.0,1.18
1048,33.24,1008.5431,66.0,1.19
1049,44.6,978.132,31.0,1.12
1050,50.52,1054.9566,29.0,2.3
1051,57.52,994.4069,19.0,1.04
1052,51.48,1064.1186,20.0,1.2
1053,51.44,1035.6217,50.0,1.15
1054,38.08,1005.8206,11.0,1.09
1055,43.72,1043.7432,66.0,2.15
1056,61.36,1017.066,11.0,1.15
1057,29.0,1032.6782,38.0,1.22
1058,50.32,1058.145,6.0,1.2
1059,45.08,1008.7103,-3.0,1.0
1060,26.48,993.6567,30.0,2.13
1061,58.8,991.6002,10.0,1.08
1062,34.24,1003.6869,47.0,1.16
1063,40.72,1065.3056,12.0,1.2
1064,41.4,1039.1932,17.0,1.18
1065,51.56,1059.0911,6.0,2.02
1066,65.4,1068.7669,6.0,1.11
1067,49.44,1057.3783,28.0,1.15
1068,56.52,1049.6918,11.0,1.16
1069,48.04,1112.9086,47.0,1.26
1070,53.12,1042.0436,33.0,1.1
1071,49.04,999.7529,18.0,2.08
1072,36.0,997.4467,28.0,1.23
1073,49.32,1087.2791,-1.0,1.27
1074,48.2,1016.0853,43.0,1.24
1075,45.72,1051.226,53.0,1.17
1076,44.12,1066.8669,61.0,2.12
1077,38.92,1025.2173,19.0,1.18
1078,55.56,1018.1486,8.0,1.06
1079,53.0,996.2534,22.0,1.07
1080,44.92,1105.6854,7.0,1.1
1081,53.12,1052.7676,19.0,2.04
1082,43.56,1013.5397,73.0,1.1
1083,26.08,977.1169,32.0,1.14
1084,34.2,1139.209,21.0,1.16
1085,68.76,995.7783,11.0,1.11
1086,55.04,1020.654,16.0,1.93
1087,36.64,990.371,54.0,1.03
1088,39.04,1032.9113,36.0,1.07
1089,47.16,1051.9864,17.0,1.24
1090,53.8,1019.1121,31.0,1.08
1091,49.64,1049.9348,24.0,1.88
1092,60.96,993.2983,41.0,0.96
1093,65.6,1031.8695,21.0,1.15
1094,46.92,1030.5562,51.0,1.19
1095,41.96,1058.1159,29.0,1.19
1096,55.28,1055.1553,11.0,1.94
1097,43.04,1005.9429,28.0,1.1
1098,53.08,1020.2122,8.0,1.06
1099,42.8,995.1531,58.0,1.15
1100,36.96,1038.5532,7.0,1.17
1101,50.6,1098.6962,23.0,2.33
1102,39.76,1049.8747,18.0,1.05
1103,55.32,1079.736,61.0,1.18
1104,39.44,1022.7286,31.0,1.22
1105,37.28,1103.0738,22.0,1.08
1106,27.92,1007.8762,74.0,2.03
1107,42.24,1043.7331,34.0,1.08
1108,45.36,1047.2001,26.0,1.05
1109,47.44,981.9662,-3.0,1.08
1110,48.2,1061.0342,51.0,1.13
1111,37.0,973.1897,9.0,1.13
1112,42.36,1038.5155,39.0,1.1
1113,32.32,982.9359,35.0,1.21
1114,46.72,1007.4292,48.0,1.19
1115,50.44,1022.2125,21.0,1.08
1116,45.4,1158.0634,27.0,1.18
1117,45.96,1184.7354,20.0,1.95
1118,40.68,987.0619,37.0,1.23
1119,46.0,1048.8913,40.0,1.17
1120,50.96,1027.9816,0.0,1.16
1121,55.24,1014.992,-3.0,1.14
1122,46.12,1123.4194,22.0,2.0
1123,47.04,993.5798,50.0,0.99
1124,50.76,1050.651,40.0,1.1
1125,47.6,1026.6339,32.0,1.22
1126,49.84,1059.5162,36.0,1.28
1127,45.0,1018.0434,67.0,1.9
1128,51.8,1001.2929,47.0,1.08
1129,49.92,1028.3566,47.0,1.15
1130,41.84,1035.6347,46.0,1.17
1131,53.4,991.8766,58.0,1.09
1132,47.88,1035.0732,73.0,2.14
1133,49.08,1142.4412,23.0,0.95
1134,40.68,1067.1492,69.0,1.2
1135,57.76,983.0103,4.0,1.03
1136,37.4,1027.2695,30.0,1.12
1137,57.56,1018.8109,1.0,2.11
1138,43.92,1023.1639,21.0,1.22
1139,51.8,1128.784,9.0,1.16
1140,55.04,990.1256,-1.0,1.12
1141,41.44,1027.9686,20.0,1.18
1142,53.88,985.8612,58.0,2.06
1143,49.44,1014.503,26.0,1.17
1144,43.32,993.7799,27.0,1.04
1145,45.48,1031.7488,29.0,1.28
1146,38.6,1009.7304,82.0,1.17
1147,40.56,1029.6953,41.0,2.1
1148,53.76,982.8602,7.0,1.08
1149,47.04,1003.3238,32.0,1.01
1150,25.92,978.7373,78.0,1.07
1151,61.04,1088.9398,-5.0,0.94
1152,50.24,1017.3817,-2.0,1.09
1153,41.44,1065.7658,10.0,1.11
1154,46.12,1039.9591,19.0,1.16
1155,36.72,1023.8866,24.0,1.22
1156,50.52,1185.2786,30.0,1.02
1157,53.84,1072.0176,19.0,1.11
1158,32.36,1027.6653,27.0,2.14
1159,64.72,1035.3616,5.0,1.2
1160,26.36,983.4711,65.0,1.14
1161,54.92,1054.2339,56.0,1.2
1162,59.44,1002.1254,57.0,1.22
1163,38.88,1001.4469,0.0,2.17
1164,52.04,1037.4817,13.0,1.2
1165,59.76,1102.4732,13.0,1.04
1166,38.88,1019.9067,24.0,1.19
1167,36.72,1004.9001,4.0,1.08
1168,38.44,1026.2064,18.0,2.04
1169,50.36,1050.8851,37.0,1.17
1170,56.72,1122.6338,27.0,1.17
1171,64.96,1074.7094,0.0,1.14
1172,41.52,991.0392,58.0,1.16
1173,48.92,1027.5377,18.0,2.02
1174,33.32,982.2802,53.0,1.13
1175,53.4,1039.3667,50.0,1.13
1176,43.28,981.6573,44.0,1.08
1177,55.52,1061.9243,16.0,1.11
1178,46.16,1045.9018,53.0,2.14
1179,39.24,1051.8728,30.0,1.16
1180,42.92,1049.5674,26.0,1.04
1181,34.32,1013.9578,58.0,1.28
1182,54.48,1049.8648,22.0,1.16
1183,37.52,1044.9158,76.0,2.22
1184,51.64,1104.4209,14.0,1.15
1185,61.88,1065.3747,21.0,1.15
1186,41.32,1016.4542,15.0,1.18
1187,57.64,1040.7383,9.0,0.95
1188,43.4,962.8823,-6.0,2.16
1189,52.28,1017.0994,11.0,1.08
1190,56.96,1004.7096,21.0,1.07
1191,53.52,1050.1676,21.0,1.2
1192,54.24,1055.5151,49.0,0.99
1193,48.72,977.8732,8.0,2.07
1194,58.92,1050.3184,18.0,1.17
1195,38.56,1005.7232,23.0,1.09
1196,54.84,1060.3711,40.0,1.2
1197,55.12,1019.6503,31.0,1.2
1198,58.0,977.1995,25.0,1.15
1199,64.8,1046.6049,0.0,1.83
1200,42.48,1060.3555,56.0,1.16
1201,47.56,1023.6399,34.0,1.24
1202,53.48,1027.775,29.0,1.24
1203,44.28,1038.0935,32.0,1.23
1204,46.72,1021.188,44.0,2.2
1205,49.68,1028.4021,33.0,1.23
1206,60.92,1055.9886,17.0,1.28
1207,41.6,1039.9674,77.0,1.3
1208,59.72,1028.355,30.0,1.22
1209,57.12,1049.7054,8.0,2.04
1210,36.76,1030.5098,24.0,1.21
1211,40.24,1022.3363,36.0,1.1
1212,44.6,1018.2833,35.0,1.09
1213,53.64,1017.6282,17.0,1.18
1214,53.48,1005.1823,18.0,2.07
1215,42.16,1081.8849,40.0,1.15
1216,38.36,1068.219,38.0,1.23
1217,39.56,1106.2968,26.0,1.23
1218,53.0,1009.8458,40.0,1.17
1219,43.04,1034.9128,49.0,2.2
1220,54.4,1155.6793,18.0,1.11
1221,43.4,1080.0101,9.0,1.19
1222,46.08,1039.7974,37.0,1.24
1223,25.64,978.6304,45.0,1.17
1224,55.76,1030.061,6.0,2.27
1225,49.2,1031.7045,18.0,1.15
1226,47.32,1031.2835,0.0,1.16
1227,53.56,1062.8348,47.0,1.12
1228,46.2,1012.4448,17.0,1.18
1229,50.44,965.8476,31.0,1.98
1230,49.24,1088.7383,23.0,1.09
1231,48.24,984.6131,26.0,1.15
1232,47.92,1042.9068,7.0,1.11
1233,53.36,1038.9743,13.0,1.12
1234,53.8,1006.143,21.0,2.31
1235,48.28,1062.0245,8.0,1.02
1236,40.08,1054.6829,56.0,1.11
1237,58.12,1045.006,23.0,1.15
1238,36.04,1017.8315,37.0,1.25
1239,40.16,1084.1008,19.0,1.22
1240,39.28,1135.9225,35.0,1.15
1241,40.56,980.9823,38.0,1.16
1242,53.48,1028.4201,12.0,1.07
1243,49.48,1018.4567,0.0,1.14
1244,59.96,1104.0763,22.0,1.08
1245,44.24,1038.2414,22.0,2.09
1246,46.72,1032.6826,39.0,1.18
1247,33.24,989.8396,46.0,1.25
1248,50.0,1046.7506,24.0,1.23
1249,55.84,984.8635,22.0,1.16
1250,29.8,1014.9231,69.0,1.99
1251,51.68,1077.0764,53.0,1.3
1252,32.24,1089.6792,47.0,1.16
1253,51.12,1082.1018,43.0,1.17
1254,28.76,1010.9082,22.0,1.16
1255,59.68,1102.6598,24.0,1.94
1256,50.68,1040.6302,34.0,1.13
1257,32.92,1035.2123,56.0,1.12
1258,46.68,1045.674,24.0,1.15
1259,49.64,1014.5192,55.0,1.1
1260,50.12,1008.9503,69.0,2.22
1261,44.0,1122.0221,63.0,1.11
1262,72.2,1051.3931,4.0,1.1
1263,45.36,1039.0497,53.0,1.08
1264,60.28,1038.1207,18.0,1.22
1265,47.64,1008.2569,21.0,1.91
1266,53.72,1058.3852,18.0,1.17
1267,62.68,976.4898,29.0,1.03
1268,70.28,984.2757,15.0,1.18
1269,56.16,1017.3909,14.0,1.19
1270,49.84,1018.9463,49.0,2.1
1271,64.36,1038.7573,1.0,1.2
1272,54.04,1045.1898,14.0,1.14
1273,52.88,1019.556,46.0,1.06
1274,40.52,1020.3042,60.0,1.17
1275,28.52,1027.7696,25.0,2.12
1276,42.92,1036.3294,53.0,1.0
1277,49.84,1025.2774,40.0,1.25
1278,51.16,1112.882,43.0,1.18
1279,41.36,979.8648,43.0,1.22
1280,36.52,1025.4128,31.0,1.17
1281,61.56,1065.6811,31.0,1.19
1282,33.48,1029.1121,16.0,1.11
1283,52.56,1024.2462,53.0,1.35
1284,55.24,1002.5244,31.0,1.26
1285,20.04,985.6394,38.0,1.21
1286,48.4,1033.3438,20.0,2.0
1287,53.4,1031.1323,28.0,1.14
1288,39.72,1071.8716,44.0,1.22
1289,50.0,1060.0628,6.0,1.19
1290,53.4,1038.4916,9.0,1.15
1291,54.0,1000.0512,11.0,2.18
1292,57.88,999.0762,20.0,1.04
1293,51.04,1008.4384,31.0,1.13
1294,61.56,1058.3996,23.0,1.14
1295,56.24,1022.5465,26.0,1.15
1296,57.88,1061.6212,13.0,2.06
1297,64.28,1104.8426,13.0,1.01
1298,56.76,1059.9481,14.0,1.09
1299,48.24,992.459,45.0,1.06
1300,44.28,1025.8747,77.0,1.12
1301,48.4,1038.1496,12.0,2.03
1302,56.88,1047.4031,21.0,1.05
1303,33.64,1049.8685,52.0,1.12
1304,48.32,1039.379,46.0,1.29
1305,37.04,1070.2218,25.0,1.12
1306,32.84,977.3686,55.0,2.16
1307,32.76,1057.0191,45.0,1.15
1308,58.96,1031.6186,18.0,1.15
1309,52.4,1143.9003,24.0,1.34
1310,51.4,1089.5243,28.0,1.13
1311,48.24,988.5738,52.0,2.24
1312,29.56,991.3506,70.0,0.93
1313,49.6,1003.9114,7.0,1.31
1314,38.08,1199.2444,43.0,1.1
1315,42.84,1015.5846,28.0,1.26
1316,50.24,998.2186,48.0,2.23
1317,60.08,1083.9416,14.0,1.12
1318,49.72,1102.7821,9.0,1.17
1319,41.28,1001.7299,21.0,1.12
1320,52.44,987.6165,54.0,1.17
1321,53.56,1078.842,48.0,2.05
1322,44.08,1022.7632,49.0,1.14
1323,52.8,1108.0208,36.0,1.1
1324,49.04,999.4004,18.0,1.07
1325,45.48,1016.0006,16.0,1.12
1326,42.12,1058.4715,19.0,1.38
1327,38.36,1017.9659,21.0,2.05
1328,41.4,1003.5064,67.0,1.01
1329,54.72,1057.2982,54.0,0.99
1330,54.48,1057.5334,17.0,1.17
1331,33.16,1001.1145,31.0,1.06
1332,58.0,1042.8053,-3.0,1.97
1333,30.44,976.4405,9.0,1.05
1334,56.12,1000.9913,20.0,1.21
1335,49.48,1034.9824,28.0,1.12
1336,46.16,1002.2115,3.0,1.31
1337,33.84,991.2052,79.0,2.12
1338,19.68,1006.0713,60.0,1.09
1339,39.68,1155.9479,22.0,1.07
1340,56.24,1025.79,22.0,1.23
1341,47.24,1077.0094,24.0,1.22
1342,47.12,1047.629,47.0,1.91
1343,43.36,1036.6934,30.0,1.0
1344,54.72,1038.4832,52.0,1.08
1345,57.92,977.3057,26.0,1.04
1346,35.72,1015.055,39.0,1.09
1347,50.8,1022.4462,23.0,1.97
1348,44.28,1026.4594,27.0,1.08
1349,41.88,1019.2758,27.0,1.13
1350,44.72,1036.7233,7.0,1.13
1351,68.16,1020.6442,21.0,1.05
1352,46.12,1112.2719,51.0,2.08
1353,54.84,1026.5641,29.0,1.08
1354,45.8,993.2499,14.0,1.1
1355,33.76,1004.9834,16.0,1.08
1356,51.88,1090.153,23.0,1.17
1357,45.04,1009.8005,52.0,1.8
1358,52.52,1014.351,46.0,1.12
1359,49.44,1007.9954,40.0,1.11
1360,56.56,1034.7342,9.0,1.1
1361,62.96,991.3996,12.0,1.08
1362,41.4,1020.6385,25.0,1.94
1363,35.64,999.9618,19.0,1.14
1364,43.16,1088.41,33.0,1.19
1365,49.76,1042.1206,7.0,1.2
1366,45.76,1014.0016,50.0,1.05
1367,49.64,1075.0446,10.0,1.23
1368,54.6,1041.3722,21.0,1.08
1369,45.6,1001.1666,75.0,1.16
1370,55.4,1032.7006,1.0,1.11
1371,52.24,1103.0332,31.0,1.17
1372,52.6,1004.6513,-4.0,1.06
1373,47.52,1037.247,49.0,2.23
1374,43.6,1018.518,68.0,1.14
1375,61.28,1012.0883,-3.0,1.06
1376,64.68,1034.5192,16.0,1.14
1377,61.76,994.4388,44.0,1.07
1378,29.72,995.1545,29.0,1.98
1379,50.36,1025.5711,65.0,1.15
1380,43.36,1042.497,41.0,1.2
1381,42.2,1005.9716,20.0,1.33
1382,60.04,1273.9386,0.0,0.98
1383,46.96,1031.5904,29.0,1.91
1384,39.84,969.1365,48.0,1.01
1385,53.84,968.222,31.0,1.0
1386,58.96,1125.104,21.0,1.16
1387,47.28,982.0497,27.0,1.03
1388,43.2,1042.3668,24.0,1.76
1389,36.4,1033.4346,36.0,1.14
1390,52.96,1064.3861,39.0,1.19
1391,46.92,1069.7157,33.0,1.12
1392,47.32,997.6604,21.0,1.0
1393,52.52,1009.9579,29.0,2.13
1394,52.36,1065.9749,-4.0,1.07
1395,40.88,994.8022,75.0,0.89
1396,42.96,1050.3069,28.0,1.11
1397,41.32,1020.4894,46.0,1.07
1398,30.4,1047.0541,57.0,2.09
1399,44.92,1004.5125,44.0,0.97
1400,55.52,1028.3368,32.0,1.01
1401,55.76,1049.0247,9.0,1.09
1402,48.8,1182.1702,23.0,1.15
1403,51.84,993.7518,76.0,1.97
1404,51.28,1052.2572,-1.0,1.16
1405,54.48,1014.1718,25.0,1.32
1406,53.48,1031.2732,23.0,1.14
1407,58.36,984.7106,8.0,0.99
1408,60.24,1072.3292,22.0,1.11
1409,40.24,1007.0685,62.0,1.11
1410,46.84,992.0202,49.0,0.94
1411,55.24,1032.725,23.0,1.17
1412,65.24,998.2674,0.0,0.98
1413,41.0,989.7612,5.0,1.28
1414,38.68,994.9181,36.0,1.96
1415,48.72,1053.2782,44.0,1.01
1416,57.4,1024.5972,25.0,1.02
1417,50.0,1010.6394,43.0,1.09
1418,46.0,1072.5179,7.0,1.09
1419,39.6,1024.3987,18.0,2.02
1420,55.64,1018.2137,7.0,1.19
1421,41.28,987.1094,41.0,1.11
1422,46.92,1013.9672,8.0,1.08
1423,54.2,1031.4446,39.0,1.19
1424,44.72,1033.2506,31.0,2.01
1425,43.76,1038.693,19.0,1.11
1426,56.56,1023.5862,16.0,1.12
1427,56.28,1007.4119,7.0,1.17
1428,55.44,1151.0594,27.0,1.24
1429,29.24,978.2356,91.0,1.97
1430,53.08,1015.2579,39.0,0.99
1431,44.16,1013.4614,7.0,1.07
1432,28.36,994.6111,48.0,1.15
1433,43.4,1183.2738,30.0,1.18
1434,42.76,1057.1452,22.0,1.95
1435,48.88,1051.0665,48.0,1.01
1436,63.16,1020.5039,-1.0,1.12
1437,53.0,1054.9083,29.0,1.18
1438,47.16,1006.3391,39.0,1.04
1439,43.4,1010.8781,19.0,2.05
1440,69.8,985.6548,1.0,1.11
1441,49.48,1014.5036,49.0,1.14
1442,53.2,1134.7761,37.0,1.17
1443,47.24,1076.6103,38.0,1.22
1444,34.64,1048.9394,11.0,2.13
1445,61.44,1043.9866,2.0,1.09
1446,52.4,1019.3696,57.0,1.1
1447,39.4,1013.0369,32.0,1.1
1448,26.8,1000.6496,30.0,1.11
1449,41.48,1032.4924,23.0,2.05
1450,51.92,1058.762,43.0,1.14
1451,56.84,1071.3035,16.0,1.27
1452,30.84,985.2997,63.0,1.13
1453,33.88,1028.2164,15.0,1.2
1454,56.36,1029.0832,16.0,1.23
1455,63.12,1032.6889,-2.0,2.08
1456,55.0,1147.7746,30.0,0.94
1457,50.28,1212.82,55.0,1.32
1458,48.28,1024.9936,30.0,1.18
1459,46.72,1009.3079,54.0,1.08
1460,58.52,1006.2681,10.0,2.05
1461,23.32,992.5188,44.0,1.13
1462,32.16,1022.1452,43.0,1.12
1463,36.6,1051.0955,17.0,1.21
1464,60.84,1057.7719,19.0,1.06
1465,42.36,1030.4234,46.0,1.97
1466,56.12,995.8625,17.0,1.22
1467,52.08,1087.817,34.0,1.23
1468,54.0,1070.4586,19.0,1.18
1469,39.28,999.1738,60.0,1.12
1470,46.44,1051.0209,47.0,2.05
1471,35.68,1006.7147,11.0,1.19
1472,33.28,1044.9836,126.0,1.09
1473,34.08,1083.3344,65.0,1.28
1474,52.64,1023.8208,4.0,1.19
1475,52.4,1003.3512,31.0,2.11
1476,54.84,1032.432,47.0,1.13
1477,57.4,1097.7942,27.0,1.36
1478,41.8,982.7071,62.0,1.11
1479,55.32,1076.2466,32.0,1.19
1480,52.12,1043.3673,-1.0,1.96
1481,44.28,1024.7718,42.0,1.02
1482,46.08,1100.3086,28.0,1.19
1483,24.6,1113.2612,62.0,1.19
1484,53.4,1053.0032,15.0,1.14
1485,53.8,1029.8826,42.0,2.19
1486,54.16,1176.9594,5.0,0.97
1487,58.8,1043.1805,39.0,1.13
1488,52.84,1189.4994,68.0,1.28
1489,32.68,973.284,37.0,1.21
1490,52.44,1019.6987,25.0,1.93
1491,44.56,1198.2278,24.0,0.97
1492,35.92,1006.9221,31.0,1.13
1493,53.6,983.6019,34.0,1.19
1494,40.32,1019.3966,43.0,1.28
1495,43.56,1036.5936,108.0,1.29
1496,56.16,990.0106,40.0,1.14
1497,45.52,1046.8227,47.0,1.12
1498,49.88,1026.9081,19.0,1.06
1499,51.4,1050.5682,22.0,1.08
1500,52.36,1039.9303,45.0,1.14
1501,58.76,1046.5156,6.0,2.05
1502,49.92,963.2032,-7.0,1.24
1503,48.4,1026.4421,26.0,1.02
1504,47.04,1024.7914,27.0,1.2
1505,51.28,998.5195,20.0,1.02
1506,54.48,1022.8241,14.0,2.05
1507,43.36,999.7111,58.0,0.82
1508,59.56,1018.6663,5.0,1.11
1509,47.12,1053.5122,16.0,1.08
1510,49.4,986.2608,29.0,1.07
1511,49.48,1106.9095,23.0,1.9
1512,47.2,1045.5898,27.0,1.14
1513,37.12,1006.7936,25.0,1.03
1514,44.04,1024.6326,17.0,1.2
1515,29.76,1006.5439,49.0,1.14
1516,40.92,1037.5098,25.0,1.92
1517,50.56,1088.1702,28.0,1.08
1518,56.04,971.5962,18.0,1.23
1519,35.32,1039.8594,26.0,1.27
1520,52.0,994.9317,3.0,1.2
1521,31.52,1011.6814,45.0,2.06
1522,42.84,1011.5637,46.0,1.12
1523,47.32,990.0305,15.0,1.11
1524,38.64,981.6628,53.0,1.05
1525,48.64,1004.4184,40.0,1.06
1526,56.2,1042.068,37.0,1.98
1527,53.84,1029.7548,18.0,0.96
1528,44.6,999.6317,13.0,1.1
1529,53.84,1059.6805,46.0,1.15
1530,42.16,1124.6934,81.0,1.18
1531,64.4,1060.4238,4.0,2.12
1532,51.64,1111.4351,55.0,0.92
1533,55.16,1063.8497,9.0,1.12
1534,42.4,1002.6579,28.0,1.16
1535,42.96,1120.8427,21.0,1.04
1536,47.52,1017.7975,51.0,1.02
1537,38.56,1018.1785,44.0,1.18
1538,42.24,981.0042,69.0,0.94
1539,43.24,998.7739,25.0,1.15
1540,47.56,1007.8016,12.0,1.12
1541,47.88,1039.3239,10.0,1.24
1542,46.56,1052.144,40.0,2.0
1543,47.28,1031.067,11.0,1.08
1544,46.4,1050.8026,59.0,1.23
1545,48.0,1113.6188,45.0,1.23
1546,56.72,1034.7144,19.0,1.03
1547,44.48,1032.08,15.0,2.16
1548,33.36,1025.7833,34.0,1.16
1549,45.4,1041.1032,12.0,0.96
1550,46.96,1054.5783,33.0,0.86
1551,53.28,1107.5512,19.0,1.03
1552,46.36,1045.1086,20.0,2.13
1553,29.64,1066.9404,60.0,1.07
1554,40.36,1038.3567,70.0,1.07
1555,46.68,1022.0302,9.0,1.23
1556,35.0,981.743,64.0,1.0
1557,30.12,1035.1648,31.0,2.02
1558,55.0,1016.8824,11.0,0.96
1559,43.2,998.7396,54.0,1.07
1560,38.48,1030.3679,44.0,1.02
1561,51.72,1020.3502,1.0,1.16
1562,37.6,1017.7026,54.0,2.27
1563,46.8,983.4308,14.0,1.05
1564,27.6,1024.166,57.0,1.15
1565,40.0,978.6006,52.0,1.04
1566,55.52,1020.7382,16.0,1.05
1567,53.08,1107.7666,5.0,1.93
1568,42.6,1358.9824,26.0,0.98
1569,46.32,1026.289,-4.0,1.23
1570,49.0,1015.0927,39.0,1.13
1571,44.32,1026.3612,27.0,1.12
1572,53.36,1070.6698,35.0,2.15
1573,51.4,1006.4042,63.0,0.98
1574,44.48,976.9071,8.0,1.06
1575,42.32,1126.0133,29.0,1.1
1576,45.6,1051.2909,30.0,1.15
1577,52.64,980.4263,27.0,1.78
1578,43.24,992.6687,88.0,1.12
1579,44.08,990.6085,54.0,1.09
1580,33.6,998.5491,43.0,1.0
1581,50.88,982.6158,11.0,1.15
1582,51.32,1049.5871,48.0,1.2
1583,56.0,1036.4751,17.0,1.85
1584,56.96,1070.6588,30.0,1.02
1585,20.32,997.4248,67.0,0.96
1586,44.76,969.152,47.0,1.11
1587,47.0,1006.2062,10.0,1.17
1588,56.28,1017.2757,1.0,1.99
1589,53.52,1036.3221,13.0,1.05
1590,56.56,970.3161,58.0,1.11
1591,59.84,1038.5738,7.0,1.02
1592,43.44,1094.4978,24.0,1.18
1593,53.6,1020.2101,9.0,2.08
1594,48.6,1008.9111,34.0,1.16
1595,49.44,1061.0762,17.0,0.98
1596,54.64,1070.24,29.0,1.24
1597,46.12,1051.5448,54.0,0.88
1598,58.04,1063.6422,34.0,2.05
1599,58.12,979.257,42.0,0.84
1600,50.4,1035.9029,42.0,1.15
1601,37.92,1013.9927,88.0,1.2
1602,55.68,1097.7455,20.0,0.99
1603,55.16,1009.3896,31.0,2.23
1604,55.24,1040.7348,5.0,1.04
1605,51.8,1032.8997,21.0,1.1
1606,51.0,1035.609,36.0,1.1
1607,54.28,988.215,14.0,1.12
1608,43.84,1047.5142,36.0,2.05
1609,42.04,1041.1569,60.0,1.24
1610,48.84,1029.6259,40.0,1.16
1611,41.8,1034.2683,29.0,1.29
1612,25.08,1056.9328,72.0,1.2
1613,22.88,977.8754,88.0,2.04
1614,62.12,1079.6181,17.0,1.05
1615,43.92,1024.6886,47.0,1.41
1616,51.88,1071.8374,18.0,1.18
1617,40.28,1028.2874,19.0,1.21
1618,42.16,1005.6894,79.0,1.92
1619,42.28,1009.536,37.0,1.12
1620,44.96,1163.7034,10.0,1.06
1621,43.2,1052.7746,43.0,1.05
1622,49.64,1010.5786,42.0,1.13
1623,38.24,977.0377,75.0,1.08
1624,44.72,1047.9204,6.0,1.14
1625,57.08,1038.5427,31.0,1.19
1626,47.28,1029.301,27.0,1.24
1627,38.88,1035.5952,37.0,1.04
1628,54.0,1052.415,43.0,1.25
1629,53.76,1065.2392,21.0,1.9
1630,54.8,1001.9317,16.0,1.0
1631,43.56,1018.0869,93.0,1.07
1632,44.36,1044.4486,18.0,1.07
1633,46.4,1019.1651,4.0,1.23
1634,45.88,1064.1758,44.0,2.12
1635,51.72,1029.9189,41.0,1.06
1636,48.44,1008.8272,17.0,1.03
1637,50.48,1030.6024,42.0,1.3
1638,38.4,970.803,43.0,1.04
1639,54.24,1043.485,47.0,2.09
1640,37.12,988.4942,60.0,1.13
1641,40.8,994.1949,31.0,1.08
1642,69.04,1134.6482,3.0,1.05
1643,56.6,1021.5614,23.0,0.92
1644,32.24,1090.4725,46.0,2.12
1645,50.64,1076.8747,31.0,1.15
1646,58.04,1026.253,41.0,1.07
1647,62.36,1030.6983,27.0,1.09
1648,55.6,1033.6878,58.0,1.2
1649,27.12,989.5897,25.0,1.89
1650,55.36,1057.3768,8.0,1.04
1651,58.72,1062.0596,11.0,1.08
1652,42.92,1028.4076,32.0,1.14
1653,47.44,1057.2134,46.0,1.07
1654,45.16,1069.6452,25.0,2.13
1655,44.28,1013.0072,41.0,1.07
1656,52.96,1007.6147,37.0,1.26
1657,53.84,1035.6668,29.0,1.14
1658,41.04,1037.7444,69.0,1.13
1659,58.84,1043.034,30.0,2.3
1660,44.8,1277.9702,48.0,1.28
1661,65.6,1079.8907,3.0,1.17
1662,61.36,1044.6633,23.0,1.15
1663,44.36,1124.4872,51.0,1.0
1664,56.08,1075.8323,20.0,1.13
1665,28.28,1000.7368,54.0,1.16
1666,47.48,977.5444,67.0,1.17
1667,39.92,988.3253,65.0,1.11
1668,59.6,1072.5672,11.0,1.08
1669,58.56,1240.1166,50.0,0.97
1670,33.88,976.1582,56.0,1.96
1671,39.8,1065.2749,42.0,1.14
1672,31.76,974.1377,39.0,1.13
1673,45.6,1018.6953,26.0,1.05
1674,39.24,1035.8588,18.0,1.28
1675,53.32,1010.9978,27.0,2.03
1676,41.96,1001.2358,49.0,0.97
1677,46.04,1001.6758,46.0,1.04
1678,57.64,1043.6338,10.0,1.02
1679,52.32,982.3893,5.0,1.17
1680,50.8,1033.1101,30.0,2.03
1681,44.24,983.1872,25.0,0.93
1682,51.08,1031.4191,37.0,1.09
1683,46.32,989.0018,27.0,1.16
1684,51.64,1073.2218,28.0,1.07
1685,57.72,1117.0032,9.0,2.21
1686,51.0,1043.0442,39.0,1.1
1687,53.96,1046.6471,26.0,1.08
1688,52.88,1016.9704,14.0,0.95
1689,28.72,1002.2623,81.0,1.05
1690,53.92,1041.9343,33.0,2.2
1691,45.64,993.3837,28.0,0.98
1692,36.68,1044.5595,38.0,1.13
1693,51.2,1028.9639,50.0,1.0
1694,41.4,994.896,39.0,0.9
1695,57.68,989.7321,37.0,1.77
1696,43.16,1024.9976,78.0,1.02
1697,48.52,1068.1686,91.0,1.15
1698,64.28,1062.4381,28.0,1.1
1699,50.72,1005.7865,8.0,1.13
1700,40.52,1023.7491,75.0,2.24
1701,33.4,989.4458,93.0,1.14
1702,56.16,979.0796,27.0,1.26
1703,44.28,1043.9054,11.0,1.11
1704,54.88,993.4979,46.0,1.01
1705,55.48,1028.1812,13.0,2.08
1706,43.52,1011.953,24.0,1.31
1707,56.44,1122.9687,18.0,0.91
1708,49.8,1027.8771,-4.0,0.96
1709,46.76,973.8012,7.0,1.05
1710,57.84,1061.6958,34.0,1.01
1711,41.28,999.6342,46.0,1.79
1712,42.6,1037.7239,18.0,1.08
1713,47.12,1205.4322,12.0,1.04
1714,44.56,1005.2347,40.0,1.08
1715,35.72,1063.8205,34.0,1.19
1716,28.64,982.9778,68.0,2.06
1717,45.64,1039.5291,48.0,1.08
1718,24.44,1000.563,41.0,1.03
1719,53.44,994.4847,55.0,1.03
1720,57.64,1002.4923,13.0,1.03
1721,44.24,1133.9192,27.0,2.13
1722,52.0,1049.0916,33.0,0.94
1723,47.76,980.5392,75.0,0.99
1724,58.44,1003.1021,51.0,0.86
1725,52.48,1014.9193,4.0,0.98
1726,62.56,1214.9673,16.0,2.04
1727,47.12,1034.8055,-4.0,0.84
1728,40.36,990.9038,50.0,0.93
1729,59.16,1261.9686,14.0,0.96
1730,47.0,997.6582,29.0,1.03
1731,49.36,1033.7464,24.0,2.14
1732,49.96,1073.2749,8.0,0.98
1733,39.0,982.5027,39.0,0.87
1734,51.36,1050.3132,55.0,1.05
1735,37.0,1026.007,20.0,1.0
1736,47.72,1021.5956,6.0,1.77
1737,35.0,971.8498,45.0,0.86
1738,49.76,1050.4307,14.0,1.0
1739,43.32,1078.333,6.0,1.28
1740,28.8,988.5047,31.0,0.96
1741,58.0,1050.5411,56.0,1.66
1742,39.56,1051.5452,101.0,0.94
1743,49.4,1013.6512,42.0,1.1
1744,55.96,976.9962,52.0,0.93
1745,45.64,990.6041,33.0,1.05
1746,66.32,1044.6121,2.0,1.97
1747,44.44,1029.2083,56.0,0.98
1748,45.36,1033.8578,7.0,1.11
1749,52.68,1031.5407,11.0,1.16
1750,62.56,1046.3319,26.0,1.04
1751,61.4,1009.2572,25.0,1.17
1752,39.6,1056.119,29.0,0.89
1753,53.2,993.4026,42.0,1.01
1754,55.2,1007.6262,31.0,1.05
1755,58.96,1034.9568,22.0,1.08
1756,48.44,1002.1133,29.0,1.05
1757,52.92,1091.0995,29.0,1.65
1758,64.24,1138.7142,1.0,1.04
1759,23.28,973.482,44.0,0.78
1760,32.84,968.7309,13.0,1.05
1761,43.04,1016.7934,19.0,1.16
1762,50.04,1065.8794,12.0,1.91
1763,42.04,1037.8617,13.0,1.14
1764,54.04,1031.4753,36.0,1.1
1765,42.84,1123.5471,40.0,0.91
1766,49.76,1093.4633,42.0,1.17
1767,36.64,1025.3702,73.0,2.16
1768,46.4,1096.6407,-3.0,0.98
1769,56.64,1115.8589,49.0,0.89
1770,44.44,1023.6045,44.0,1.07
1771,49.24,1072.0619,1.0,1.02
1772,30.04,1003.5848,71.0,2.13
1773,40.44,1033.4135,48.0,1.03
1774,42.8,974.0952,33.0,0.96
1775,55.96,1052.7268,57.0,1.15
1776,43.6,1011.743,71.0,0.97
1777,49.64,1037.3754,37.0,2.23
1778,46.96,1038.135,15.0,0.93
1779,46.76,1030.2046,48.0,1.13
1780,57.08,1061.8737,31.0,1.11
1781,52.16,1074.1112,21.0,1.05
1782,51.76,1092.5768,31.0,1.76
1783,38.64,1024.3195,91.0,1.02
1784,45.0,1082.5177,41.0,1.05
1785,49.84,1051.2777,36.0,0.84
1786,44.44,977.1987,-2.0,0.92
1787,45.32,1048.382,9.0,1.67
1788,45.32,1001.1516,63.0,1.01
1789,41.84,977.1893,14.0,0.99
1790,47.52,1159.9544,14.0,1.02
1791,39.44,1021.3248,14.0,1.06
1792,49.8,1041.4948,24.0,0.82
1793,42.76,1052.563,23.0,1.04
1794,53.32,987.8557,24.0,0.83
1795,31.6,971.2409,47.0,0.91
1796,52.16,1051.356,49.0,1.09
1797,48.6,1003.4201,22.0,1.14
1798,51.08,1008.5432,15.0,1.92
1799,49.48,1049.7399,31.0,1.15
1800,36.04,998.1003,5.0,1.03
1801,34.16,1045.1757,19.0,1.13
1802,43.96,1039.2442,5.0,1.16
1803,41.16,1102.8584,10.0,1.88
1804,45.08,998.0154,16.0,0.7
1805,56.56,994.9252,12.0,1.14
1806,55.12,989.6574,16.0,1.01
1807,44.04,1165.5505,1.0,0.92
1808,50.68,1019.9492,50.0,1.77
1809,42.4,1038.0172,-2.0,1.0
1810,40.72,1120.9296,65.0,1.07
1811,60.12,1047.242,3.0,1.05
1812,50.08,1053.6846,14.0,1.08
1813,41.84,1044.2729,27.0,1.94
1814,51.52,1052.7208,78.0,0.96
1815,51.84,1061.1181,20.0,1.15
1816,48.12,1009.7427,34.0,0.95
1817,40.96,995.0426,43.0,0.92
1818,51.48,1044.2618,36.0,2.14
1819,49.76,1016.1303,41.0,0.88
1820,33.84,1002.8175,42.0,0.93
1821,34.28,966.267,48.0,0.98
1822,48.92,1025.5056,50.0,1.0
1823,52.4,1002.6094,35.0,2.0
1824,45.84,998.8501,96.0,0.79
1825,44.16,979.909,52.0,0.93
1826,51.4,1174.765,31.0,0.97
1827,47.56,1013.9347,23.0,0.9
1828,46.8,1022.319,5.0,1.76
1829,29.56,977.2353,48.0,1.04
1830,50.72,1010.573,30.0,1.01
1831,56.28,1025.3196,-1.0,1.12
1832,61.64,962.7425,-5.0,0.95
1833,61.84,1023.1591,22.0,1.97
1834,43.6,1063.9031,111.0,0.87
1835,47.92,1053.3546,56.0,0.88
1836,49.6,1041.9711,15.0,0.98
1837,33.4,1369.7262,41.0,0.97
1838,42.88,1024.5301,27.0,1.1
1839,25.84,1006.892,87.0,1.91
1840,46.52,988.46,50.0,0.86
1841,62.72,1286.5199,29.0,1.0
1842,47.08,1018.2241,28.0,1.11
1843,37.56,1028.5311,60.0,1.1
1844,44.88,1007.4106,88.0,1.9
1845,46.48,1066.1874,28.0,0.91
1846,44.04,996.1455,28.0,0.87
1847,35.92,1037.2253,60.0,0.92
1848,64.16,993.7595,18.0,0.89
1849,51.84,1031.6464,-6.0,2.02
1850,39.88,999.9961,30.0,0.99
1851,37.04,1063.3743,63.0,0.98
1852,34.6,1027.8082,65.0,1.06
1853,47.44,1014.5945,55.0,1.03
1854,38.92,1067.1096,50.0,2.05
1855,43.16,978.947,97.0,0.95
1856,55.36,964.5403,3.0,0.85
1857,53.32,1015.6472,45.0,1.12
1858,50.08,1047.2185,8.0,1.09
1859,53.44,1052.7689,38.0,1.75
1860,51.8,1049.0298,16.0,0.81
1861,31.88,1000.101,44.0,1.05
1862,42.64,963.0438,39.0,0.86
1863,47.48,1014.9544,14.0,0.95
1864,53.08,1016.0662,76.0,1.88
1865,61.04,1025.1187,23.0,1.07
1866,39.52,976.1983,13.0,0.91
1867,52.24,968.4216,19.0,1.0
1868,56.08,1059.7668,22.0,0.96
1869,55.04,1017.1424,27.0,2.08
1870,47.92,977.1461,34.0,1.0
1871,26.44,1043.0781,106.0,0.86
1872,55.84,1021.1584,-2.0,1.07
1873,41.92,998.992,32.0,0.94
1874,54.4,1089.5039,22.0,1.95
1875,36.84,969.6015,59.0,0.88
1876,55.8,1024.9002,26.0,1.35
1877,56.64,1051.2495,23.0,0.94
1878,57.56,1046.9144,21.0,1.02
1879,46.48,1008.4932,35.0,0.9
1880,64.24,1071.688,19.0,1.08
1881,53.84,1021.4688,38.0,1.17
1882,60.52,989.6412,52.0,0.97
1883,40.96,1036.9684,22.0,0.97
1884,43.8,980.63,49.0,1.01
1885,42.8,1033.8198,24.0,1.88
1886,45.88,1021.9158,21.0,0.97
1887,48.8,1033.1795,35.0,1.04
1888,56.92,1060.9849,75.0,1.0
1889,34.16,979.0603,48.0,0.94
1890,57.76,1018.8586,33.0,1.6
1891,53.96,1059.4267,27.0,0.87
1892,38.92,998.4378,21.0,0.83
1893,54.4,1004.9057,26.0,1.08
1894,37.12,1325.833,69.0,1.16
1895,36.88,1024.337,60.0,1.92
1896,41.2,1069.2554,56.0,0.92
1897,62.2,994.5979,2.0,0.89
1898,48.04,1053.2127,1.0,1.09
1899,46.12,1187.7005,83.0,0.9
1900,57.84,1211.4668,46.0,1.73
1901,40.92,1002.0239,53.0,0.96
1902,52.08,1330.9016,3.0,1.02
1903,45.6,1048.4552,59.0,1.09
1904,39.0,1085.1835,49.0,0.92
1905,30.88,998.7874,28.0,1.93
1906,44.32,1023.2008,24.0,0.82
1907,47.32,1021.1305,37.0,1.27
1908,49.68,1171.2715,25.0,1.09
1909,58.4,977.4756,26.0,0.94
1910,23.88,972.0682,90.0,1.83
1911,58.84,1380.366,-9.0,0.85
1912,66.72,1063.2701,17.0,0.85
1913,23.48,988.6494,27.0,0.95
1914,47.28,1003.4282,35.0,1.03
1915,41.72,1078.4216,21.0,1.9
1916,49.96,1053.6208,22.0,1.05
1917,58.64,1061.1284,30.0,0.93
1918,54.2,986.3887,40.0,1.08
1919,31.36,1002.4016,75.0,0.9
1920,60.72,963.5906,-1.0,0.92
1921,51.32,1014.1524,15.0,0.95
1922,55.72,1043.4779,1.0,0.87
1923,46.6,1016.2976,-5.0,0.96
1924,56.6,1086.0234,12.0,1.02
1925,54.8,1018.7691,41.0,1.12
1926,42.36,1250.913,45.0,2.08
1927,47.44,1038.0278,3.0,0.97
1928,55.52,1048.8874,78.0,0.98
1929,47.84,1338.7394,-6.0,0.82
1930,56.6,1024.1878,49.0,1.0
1931,54.88,1001.7785,36.0,1.83
1932,33.52,1001.244,61.0,0.95
1933,29.96,979.828,39.0,0.79
1934,38.6,978.1276,15.0,0.97
1935,53.04,983.8868,46.0,0.88
1936,44.24,1151.8132,35.0,1.73
1937,47.44,1016.8369,20.0,0.87
1938,29.92,1002.2279,63.0,1.01
1939,56.52,1050.1806,61.0,1.13
1940,61.32,1241.075,20.0,0.92
1941,49.56,1047.9354,51.0,1.67
1942,46.2,1021.4994,65.0,0.88
1943,48.96,1067.7547,58.0,1.13
1944,53.64,1081.9492,42.0,1.0
1945,45.48,1032.4858,39.0,1.21
1946,35.72,968.6246,41.0,1.66
1947,43.0,1025.0694,32.0,0.95
1948,28.44,983.1361,49.0,0.96
1949,53.0,1342.7241,18.0,0.93
1950,39.96,970.1978,53.0,0.94
1951,53.52,976.1806,30.0,1.88
1952,46.04,1074.0138,3.0,0.98
1953,37.24,986.2424,56.0,1.05
1954,57.6,974.5247,3.0,0.89
1955,32.96,976.0008,24.0,1.1
1956,63.36,1070.5272,3.0,1.95
1957,53.36,1010.4424,20.0,0.88
1958,52.64,1102.3622,31.0,1.13
1959,40.04,985.9574,99.0,0.99
1960,35.12,1010.1469,49.0,1.14
1961,34.92,1014.3593,29.0,2.14
1962,40.84,1028.2172,28.0,0.95
1963,46.76,1018.2214,26.0,1.02
1964,48.8,1082.1842,42.0,0.96
1965,46.64,998.8419,2.0,0.99
1966,46.84,1101.1351,23.0,0.9
1967,38.84,981.5637,90.0,1.81
1968,45.44,1084.8069,87.0,0.94
1969,50.68,1034.7346,37.0,1.12
1970,59.64,1012.9977,28.0,1.1
1971,50.04,1038.3338,5.0,0.92
1972,53.52,977.5756,36.0,1.84
1973,47.52,986.3471,41.0,0.87
1974,48.0,1046.7484,119.0,0.96
1975,51.96,1064.3566,81.0,0.83
1976,47.76,1048.8911,17.0,1.08
1977,52.52,1020.7811,24.0,1.75
1978,46.0,998.9508,51.0,0.89
1979,52.12,982.2353,24.0,0.96
1980,57.56,1054.8511,4.0,0.87
1981,48.12,975.5715,1.0,0.92
1982,62.16,1031.1157,14.0,1.85
1983,44.12,980.8532,69.0,0.86
1984,50.44,1051.3306,18.0,0.93
1985,36.4,996.6677,18.0,0.98
1986,29.24,971.3965,54.0,0.96
1987,49.68,1054.5432,61.0,1.89
1988,43.16,998.3515,61.0,0.92
1989,37.16,977.381,35.0,1.04
1990,51.48,1090.1222,21.0,1.05
1991,43.2,1142.4932,22.0,0.92
1992,57.12,987.8428,7.0,1.85
1993,47.24,1033.4301,34.0,0.84
1994,44.88,1165.504,50.0,0.92
1995,45.52,1018.8203,30.0,0.87
1996,42.12,992.3998,18.0,0.88
1997,59.84,1005.698,4.0,2.18
1998,52.2,1035.2317,21.0,0.9
1999,37.44,991.2867,68.0,1.07
2000,46.76,1010.5549,59.0,1.0
2001,35.56,979.7116,-4.0,0.94
2002,49.84,1031.8402,43.0,2.12
2003,60.24,970.5759,4.0,1.02
2004,62.96,1048.813,47.0,1.23
2005,49.04,1131.1868,24.0,0.99
2006,38.32,1107.4782,98.0,1.03
2007,51.48,1018.3263,6.0,0.98
2008,44.96,1098.7224,57.0,0.9
2009,40.76,1083.1661,50.0,1.17
2010,52.0,1000.9147,6.0,0.97
2011,52.76,1252.8844,39.0,0.91
2012,46.04,1048.5222,7.0,1.03
2013,56.36,1100.5672,11.0,1.87
2014,48.08,1105.6152,6.0,1.08
2015,40.6,1016.33,54.0,1.09
2016,43.52,1020.8283,55.0,1.18
2017,52.88,1051.1788,53.0,0.9
2018,63.96,1288.535,17.0,1.64
2019,35.56,990.4684,23.0,1.0
2020,53.44,1033.0762,24.0,0.96
2021,59.6,1033.2989,34.0,1.2
2022,40.4,1131.6586,14.0,0.89
2023,58.24,1362.8213,26.0,1.76
2024,54.28,1053.2231,63.0,0.86
2025,54.84,1022.6736,13.0,0.92
2026,62.96,1034.6603,2.0,0.96
2027,34.84,1029.1728,47.0,1.08
2028,54.96,1048.2776,15.0,1.89
2029,47.0,1009.0668,16.0,0.95
2030,24.48,1003.3527,57.0,1.06
2031,48.48,1333.7927,39.0,1.02
2032,49.44,1016.4223,7.0,1.09
2033,46.8,1017.2092,20.0,2.17
2034,39.68,1009.1504,46.0,0.95
2035,51.8,1142.2116,36.0,0.87
2036,48.28,1015.5669,14.0,0.98
2037,50.92,976.1732,54.0,0.97
2038,60.76,1329.4899,1.0,2.03
2039,37.44,997.8298,81.0,1.08
2040,35.68,983.5222,140.0,0.94
2041,58.56,1048.141,29.0,0.99
2042,44.36,978.4857,36.0,0.88
2043,54.56,993.9595,-3.0,1.92
2044,23.24,972.8202,53.0,0.92
2045,60.12,962.9246,16.0,0.79
2046,62.76,1238.7746,17.0,0.87
2047,55.32,1029.9613,25.0,1.1
2048,40.84,1007.3784,51.0,1.06
2049,60.8,1089.6306,5.0,0.83
2050,48.52,1033.683,47.0,0.81
2051,37.6,969.9143,53.0,0.86
2052,52.16,1359.2185,20.0,1.02
2053,73.48,1027.3886,-8.0,1.01
2054,39.96,1020.1888,11.0,1.96
2055,47.36,1034.4629,39.0,1.03
2056,40.84,1033.5992,61.0,1.08
2057,69.2,974.1505,19.0,1.09
2058,53.24,1024.9532,23.0,1.03
2059,53.16,1120.1524,10.0,1.91
2060,49.6,1208.5438,1.0,1.14
2061,51.96,964.9645,46.0,0.98
2062,52.24,1049.2995,47.0,1.0
2063,47.84,993.0632,26.0,1.1
2064,54.72,1152.8257,18.0,1.62
2065,38.48,1024.6146,39.0,0.9
2066,32.8,1039.1862,19.0,1.05
2067,49.64,1014.8162,58.0,0.94
2068,61.48,1008.1278,7.0,1.1
2069,51.8,1047.6345,9.0,1.63
2070,41.28,1014.1971,28.0,1.05
2071,38.52,976.4078,17.0,0.91
2072,46.92,1022.5714,25.0,0.96
2073,54.0,1053.6964,50.0,0.93
2074,36.16,997.3927,24.0,1.71
2075,48.84,1032.4082,27.0,0.95
2076,47.36,1011.2881,25.0,0.99
2077,56.8,996.3845,3.0,1.08
2078,57.84,1063.8121,27.0,1.03
2079,31.4,1041.6312,33.0,1.93
2080,58.28,1289.8123,17.0,0.9
2081,52.56,1034.5884,11.0,1.03
2082,43.28,1054.2541,37.0,1.08
2083,57.88,991.4247,31.0,0.91
2084,51.12,1064.3952,94.0,1.79
2085,57.8,988.9002,-1.0,0.86
2086,59.48,1050.925,3.0,1.05
2087,47.08,1045.9396,26.0,0.96
2088,49.8,1035.0441,21.0,0.95
2089,45.52,991.6686,22.0,1.8
2090,45.96,988.8238,68.0,1.02
2091,48.04,1028.1183,5.0,0.89
2092,46.36,1022.605,51.0,0.92
2093,54.2,1028.2403,27.0,1.01
2094,42.92,1068.1161,25.0,0.9
2095,35.08,1022.9334,8.0,1.98
2096,57.72,1035.5099,2.0,0.86
2097,48.36,1218.6433,6.0,1.05
2098,58.12,1044.4714,1.0,1.07
2099,49.8,1115.5454,3.0,0.99
2100,45.88,1052.1936,17.0,1.74
2101,48.68,984.7893,21.0,0.98
2102,53.08,1107.7743,22.0,0.91
2103,57.88,979.0965,6.0,0.98
2104,34.8,974.4057,31.0,0.86
2105,26.44,1000.3388,27.0,1.91
2106,44.24,985.5446,22.0,0.94
2107,50.4,983.094,-1.0,0.89
2108,45.72,1043.3111,25.0,0.97
2109,54.6,1035.8041,1.0,0.86
2110,51.44,1073.4712,30.0,1.83
2111,52.28,1016.9469,26.0,0.99
2112,37.32,1033.2085,13.0,1.19
2113,46.24,1062.8152,60.0,0.9
2114,42.52,1022.1353,36.0,1.06
2115,53.48,1363.1388,53.0,1.78
2116,40.4,1039.5842,26.0,0.95
2117,43.68,1049.8292,58.0,0.89
2118,46.6,1218.9001,9.0,0.94
2119,44.84,1132.0502,82.0,0.9
2120,50.48,1052.6522,7.0,1.8
2121,45.36,1052.9102,0.0,0.95
2122,55.28,1287.5964,37.0,1.07
2123,55.64,1035.007,12.0,1.05
2124,58.52,1061.051,45.0,1.13
2125,55.04,1030.164,0.0,1.97
2126,61.48,1033.3844,24.0,0.87
2127,55.52,1032.8592,38.0,0.95
2128,46.28,1013.5219,43.0,1.04
2129,49.84,1132.7352,35.0,1.07
2130,49.76,1097.0403,29.0,1.98
2131,44.52,1061.4287,-2.0,0.78
2132,36.48,992.4898,96.0,0.86
2133,45.6,1018.8951,7.0,1.22
2134,34.24,1105.1364,46.0,1.01
2135,51.8,1022.7271,25.0,1.05
2136,50.48,1016.9995,41.0,0.86
2137,51.0,1033.9238,41.0,0.89
2138,26.6,995.3604,92.0,0.87
2139,36.92,988.816,91.0,0.88
2140,42.28,978.2744,33.0,1.0
2141,35.52,1001.9218,34.0,1.7
2142,47.76,1027.0774,22.0,0.85
2143,42.0,986.7277,81.0,1.05
2144,53.84,976.4053,22.0,0.9
2145,59.92,1037.9795,-5.0,0.91
2146,27.04,975.5993,48.0,1.72
2147,56.28,1139.4928,5.0,0.81
2148,45.88,964.6062,36.0,1.03
2149,27.68,981.706,73.0,0.92
2150,47.08,1138.2149,18.0,0.89
2151,59.48,993.2564,33.0,1.8
2152,45.84,1223.1073,15.0,0.89
2153,27.16,980.3331,73.0,0.83
2154,63.32,975.6531,1.0,0.94
2155,36.32,1048.0536,34.0,1.03
2156,42.84,977.9002,37.0,1.84
2157,61.4,1145.0407,-1.0,1.03
2158,63.8,1049.9929,39.0,0.87
2159,51.48,1026.0547,50.0,0.96
2160,60.92,1204.4959,9.0,1.16
2161,47.2,1019.1801,15.0,1.81
2162,52.44,1041.5013,40.0,1.03
2163,54.56,1031.8241,55.0,0.83
2164,50.08,1024.8154,27.0,1.11
2165,49.4,983.3303,22.0,0.91
2166,53.68,1055.3149,46.0,2.07
2167,29.0,972.1165,84.0,0.9
2168,50.0,1024.23,6.0,0.98
2169,46.76,1008.6841,21.0,1.05
2170,52.52,1014.713,45.0,0.89
2171,41.04,1036.7698,43.0,1.78
2172,45.84,1045.3872,48.0,1.0
2173,52.8,1016.8003,54.0,0.86
2174,57.32,1092.9134,15.0,0.9
2175,44.88,1031.6523,22.0,0.83
2176,48.08,1005.7515,22.0,0.82
2177,57.36,1027.9531,0.0,0.81
2178,42.16,1028.8506,25.0,0.94
2179,54.8,1049.1304,26.0,0.9
2180,55.88,985.9755,22.0,0.95
2181,38.8,994.8649,78.0,0.9
2182,51.68,964.6466,41.0,1.85
2183,55.0,991.6238,-9.0,0.93
2184,53.56,1089.3179,41.0,0.98
2185,47.28,1009.4142,63.0,0.94
2186,53.32,1066.4923,65.0,0.99
2187,51.12,979.8708,17.0,1.81
2188,26.2,1004.4144,103.0,0.8
2189,55.8,1038.8288,65.0,1.04
2190,30.68,984.0644,34.0,1.06
2191,56.32,1129.0098,20.0,0.91
2192,50.96,1007.2081,74.0,1.77
2193,42.36,1024.1106,28.0,0.8
2194,63.84,1204.1545,33.0,0.84
2195,26.08,999.7665,25.0,0.95
2196,49.08,979.6696,26.0,0.91
2197,53.64,1198.4585,28.0,1.75
2198,46.24,1014.1076,75.0,0.84
2199,58.68,1051.1765,2.0,0.9
2200,55.32,1079.2486,37.0,1.01
2201,45.32,1022.6292,42.0,1.08
2202,38.72,968.0785,23.0,1.82
2203,32.56,974.0534,92.0,0.92
2204,59.56,1064.4987,57.0,0.83
2205,46.2,1057.3179,47.0,1.03
2206,33.88,1006.9428,4.0,0.89
2207,46.16,984.0607,20.0,1.83
2208,48.88,1022.4206,33.0,0.86
2209,46.84,1079.0064,17.0,0.94
2210,51.08,1137.4696,53.0,0.93
2211,58.84,962.789,0.0,0.92
2212,51.72,1020.5886,72.0,2.02
2213,40.0,976.1269,1.0,0.87
2214,45.52,1018.6221,7.0,0.91
2215,40.72,1036.8217,41.0,1.05
2216,58.8,1141.9464,12.0,0.91
2217,45.84,1125.9056,27.0,1.93
2218,30.48,970.3202,29.0,0.9
2219,49.2,965.0564,0.0,1.04
2220,46.48,1039.0766,27.0,0.86
2221,46.64,1032.3375,31.0,0.91
2222,68.04,1005.8372,-12.0,1.01
2223,51.84,1020.9622,32.0,1.88
2224,54.52,1061.4753,28.0,0.8
2225,45.96,971.5972,-3.0,0.88
2226,43.04,1061.4711,33.0,1.02
2227,51.24,992.825,11.0,0.88
2228,48.28,1184.4475,32.0,1.67
2229,46.08,1240.6614,52.0,0.91
2230,58.24,998.497,49.0,0.9
2231,52.64,1036.7962,57.0,0.98
2232,56.0,992.6963,31.0,0.9
2233,57.52,1140.0445,5.0,1.7
2234,56.76,1032.5824,49.0,0.99
2235,38.8,979.7266,-7.0,0.81
2236,39.48,975.3535,-2.0,0.94
2237,63.96,1103.8558,28.0,0.87
2238,54.4,1028.8026,0.0,2.0
2239,40.8,1032.1732,85.0,1.14
2240,28.04,1008.3598,54.0,0.92
2241,55.6,1050.9514,9.0,0.87
2242,42.84,1196.6544,51.0,0.85
2243,45.08,1034.2683,48.0,1.73
2244,50.92,1052.6571,61.0,0.87
2245,40.08,1026.209,18.0,1.08
2246,42.6,1064.6986,28.0,0.89
2247,36.2,1048.8104,15.0,0.9
2248,39.08,996.372,34.0,1.71
2249,57.36,1034.9414,37.0,1.04
2250,53.8,1035.309,47.0,0.81
2251,37.2,1009.5986,48.0,0.88
2252,22.16,979.4735,77.0,0.85
2253,63.36,1046.0767,8.0,1.77
2254,34.24,1004.0189,-5.0,0.88
2255,63.24,966.2872,14.0,1.0
2256,43.6,1012.644,63.0,0.92
2257,32.4,974.5693,51.0,0.92
2258,66.48,976.3923,29.0,1.69
2259,60.16,1201.762,17.0,0.93
2260,41.56,1023.4302,21.0,0.9
2261,41.16,981.7835,43.0,0.86
2262,40.72,973.1814,27.0,0.95
2263,56.8,1020.5985,23.0,0.99
2264,57.72,1154.8906,14.0,0.78
2265,58.28,1007.0871,9.0,0.93
2266,57.92,1123.1454,64.0,0.96
2267,30.6,980.4793,70.0,0.91
2268,58.68,1026.8537,11.0,0.82
2269,48.72,988.8876,45.0,1.89
2270,30.32,974.1517,74.0,0.98
2271,41.28,1008.9021,10.0,1.11
2272,29.76,996.496,93.0,0.93
2273,35.44,984.1684,4.0,0.91
2274,40.0,978.2407,10.0,1.81
2275,35.76,978.2965,51.0,0.89
2276,62.16,1278.4085,4.0,0.84
2277,54.64,1011.7008,9.0,1.03
2278,50.2,1049.9426,-7.0,0.82
2279,43.56,1022.4496,38.0,1.78
2280,57.16,1117.2186,13.0,1.03
2281,45.0,1026.7121,5.0,0.86
2282,32.88,1074.3104,137.0,0.95
2283,51.04,1033.1557,56.0,0.95
2284,41.92,1000.4664,27.0,1.8
2285,50.28,1059.9586,12.0,0.83
2286,40.8,1029.3281,23.0,1.08
2287,51.72,1003.4468,15.0,1.03
2288,29.24,980.5668,128.0,0.93
2289,49.48,1066.5482,29.0,1.88
2290,51.8,1049.8192,17.0,0.83
2291,55.32,1045.4474,7.0,0.97
2292,41.76,995.1914,29.0,0.9
2293,30.72,994.1001,52.0,1.13
2294,50.0,1041.282,19.0,2.05
2295,51.64,1044.2231,30.0,0.89
2296,46.16,1220.8118,13.0,1.06
2297,45.8,989.2682,54.0,0.8
2298,62.32,1239.1697,41.0,0.85
2299,36.24,1408.0258,78.0,1.63
2300,40.0,980.8978,89.0,0.8
2301,60.56,970.7223,29.0,0.94
2302,40.0,982.9646,88.0,0.78
2303,56.08,1022.4713,40.0,1.02
2304,67.36,1018.695,1.0,0.96
2305,55.68,1117.3836,35.0,1.21
2306,42.72,1039.5946,74.0,0.99
2307,50.6,1009.9842,48.0,0.89
2308,43.84,1021.4479,15.0,1.07
2309,28.4,1004.178,23.0,1.06
2310,44.84,971.0502,5.0,1.77
2311,46.76,1071.812,74.0,1.0
2312,55.04,1158.753,38.0,0.88
2313,64.56,1033.5143,4.0,0.93
2314,50.52,1080.8384,73.0,0.88
2315,44.6,1033.2412,34.0,1.61
2316,55.16,1051.2312,28.0,0.84
2317,52.88,1068.2278,61.0,0.82
2318,29.8,1010.182,127.0,0.88
2319,54.64,1015.166,32.0,0.95
2320,26.12,969.012,23.0,1.9
2321,60.0,1265.4186,50.0,0.83
2322,56.92,1183.516,19.0,0.92
2323,50.72,1044.3976,32.0,0.92
2324,57.72,1154.9238,9.0,0.87
2325,49.2,1051.522,39.0,2.18
2326,45.32,976.7548,31.0,0.89
2327,45.96,1056.9713,14.0,0.94
2328,45.2,1065.8495,10.0,1.01
2329,60.52,1007.9867,38.0,0.98
2330,54.08,1016.6006,16.0,1.89
2331,45.0,1001.4752,4.0,0.83
2332,41.2,1035.0228,26.0,0.86
2333,39.76,1076.4778,48.0,1.06
2334,43.96,1101.4842,5.0,0.86
2335,40.96,1023.6934,63.0,1.86
2336,48.28,990.3964,9.0,1.04
2337,47.28,977.613,16.0,1.06
2338,42.04,1032.1998,8.0,0.85
2339,47.4,1004.8779,83.0,1.11
2340,57.04,1175.5564,4.0,1.67
2341,61.8,1054.4096,27.0,0.83
2342,58.6,1174.9159,7.0,0.8
2343,46.68,982.8005,32.0,0.87
2344,46.92,1045.7003,15.0,1.02
2345,48.24,1000.0894,37.0,1.87
2346,43.24,1194.2552,8.0,0.91
2347,39.76,974.9193,15.0,0.94
2348,45.12,976.6893,8.0,0.88
2349,47.76,1147.8373,4.0,0.83
2350,44.52,1331.0285,19.0,0.83
2351,54.0,1208.7438,9.0,2.06
2352,32.68,978.3558,57.0,1.1
2353,50.12,1054.8875,26.0,1.3
2354,50.6,1014.4639,26.0,1.13
2355,48.2,1024.3918,20.0,1.15
2356,52.4,979.1753,11.0,2.98
2357,54.48,1017.9189,-3.0,1.87
2358,48.48,1028.7386,30.0,1.35
2359,38.04,962.6051,30.0,1.21
2360,47.48,1087.2788,28.0,1.19
2361,50.44,977.6212,28.0,2.43
2362,50.56,1228.0196,-2.0,1.29
2363,48.68,1019.5128,7.0,1.18
2364,48.44,981.7459,48.0,1.33
2365,64.0,994.2973,25.0,1.17
2366,60.72,984.6492,44.0,2.27
2367,44.56,1042.6806,16.0,1.39
2368,40.8,1025.9042,19.0,1.13
2369,58.28,1042.6526,22.0,1.47
2370,45.8,1012.2677,82.0,1.2
2371,55.04,1024.1328,20.0,2.86
2372,49.8,1035.5028,52.0,0.89
2373,51.12,1039.0406,8.0,0.85
2374,42.88,1050.5004,-6.0,0.98
2375,42.8,1031.6515,19.0,0.92
2376,39.8,1098.5492,61.0,1.8
2377,38.2,1013.8919,31.0,1.32
2378,43.4,1001.3461,80.0,1.07
2379,49.68,1115.2736,2.0,1.15
2380,40.96,994.3638,22.0,1.02
2381,43.6,977.104,59.0,2.41
2382,47.56,1038.3273,27.0,1.42
2383,54.44,1086.3396,16.0,1.16
2384,59.32,1387.597,19.0,1.02
2385,50.24,1252.8556,5.0,1.07
2386,36.88,983.441,70.0,2.23
2387,35.68,966.653,42.0,1.67
2388,49.32,1180.5377,47.0,1.99
2389,45.56,988.933,35.0,1.76
2390,53.52,1175.2478,9.0,1.06
2391,27.2,1000.1978,11.0,1.34
2392,38.52,1321.884,110.0,1.32
2393,54.24,1037.7148,27.0,1.25
2394,55.56,1376.483,4.0,1.2
2395,23.36,1002.3317,38.0,1.63
2396,45.36,966.182,78.0,1.62
2397,53.48,1048.3937,54.0,2.78
2398,44.84,1056.0232,25.0,2.02
2399,54.04,1115.8939,6.0,1.36
2400,52.24,1007.5529,30.0,1.56
2401,22.28,1000.379,21.0,1.13
2402,53.76,980.1293,27.0,2.34
2403,39.12,1028.0796,27.0,1.24
2404,30.36,973.1987,84.0,1.42
2405,60.04,978.6012,13.0,1.07
2406,50.44,1055.3823,41.0,1.32
2407,57.4,1006.2758,12.0,3.16
2408,64.52,1044.3008,16.0,1.37
2409,50.28,1033.587,4.0,2.24
2410,52.76,967.675,-2.0,1.28
2411,53.16,987.2282,24.0,1.8
2412,60.36,962.8433,3.0,2.93
2413,36.92,1027.3744,26.0,1.2
2414,28.48,1011.9334,57.0,1.28
2415,62.52,1015.083,8.0,1.4
2416,40.84,1136.3248,93.0,1.44
2417,46.08,1053.4748,112.0,2.69
2418,51.48,1013.8356,28.0,1.48
2419,45.48,1044.5973,34.0,1.59
2420,49.12,966.5008,-17.0,1.39
2421,52.4,1087.8017,20.0,1.81
2422,51.6,1067.2643,26.0,2.95
2423,38.6,980.459,64.0,1.38
2424,45.52,1134.7324,27.0,1.74
2425,37.44,974.3559,1.0,1.36
2426,43.12,981.0116,50.0,1.28
2427,59.2,1183.2188,2.0,2.36
2428,49.48,995.1607,21.0,1.17
2429,44.6,992.5861,21.0,1.07
2430,37.08,983.4291,123.0,1.24
2431,45.4,986.263,46.0,1.23
2432,50.56,1033.485,22.0,1.25
2433,36.28,1001.1534,56.0,1.49
2434,39.2,1035.6826,86.0,1.36
2435,41.72,982.2054,36.0,1.09
2436,58.36,969.4155,24.0,1.11
2437,36.72,1010.4477,1.0,1.05
2438,60.16,1013.7122,6.0,1.87
2439,44.6,1025.0344,-2.0,1.11
2440,38.6,980.8689,57.0,0.98
2441,50.64,976.9726,-1.0,1.5
2442,56.84,1075.2749,-10.0,1.44
2443,43.64,1045.1037,-15.0,3.09
2444,43.48,1008.2263,61.0,1.25
2445,49.4,1018.0532,31.0,1.28
2446,45.24,1003.2758,42.0,1.71
2447,51.44,1103.2965,4.0,1.63
2448,49.4,1031.7108,68.0,2.31
2449,30.76,1020.9265,74.0,1.31
2450,32.44,1001.6936,23.0,1.04
2451,61.76,1054.0947,5.0,1.21
2452,45.12,982.0659,5.0,1.0
2453,63.84,1050.2106,36.0,2.81
2454,47.92,980.6602,11.0,1.32
2455,43.28,994.2964,-3.0,1.26
2456,31.2,1007.8602,11.0,1.42
2457,20.2,1011.7212,60.0,1.04
2458,36.44,1141.7396,-1.0,2.68
2459,36.8,1057.5341,49.0,1.65
2460,52.2,1009.4629,50.0,1.09
2461,36.6,976.0818,32.0,1.43
2462,61.68,1025.1058,6.0,1.54
2463,56.64,1143.9358,30.0,2.28
2464,26.16,1002.462,1.0,1.45
2465,70.52,1051.3458,21.0,1.75
2466,48.28,1000.5577,43.0,1.46
2467,41.24,976.5346,54.0,1.19
2468,21.28,1002.2628,42.0,2.45
2469,25.76,999.747,0.0,1.18
2470,51.88,1036.3054,43.0,1.01
2471,55.72,1021.6794,34.0,0.96
2472,30.84,1026.37,24.0,1.13
2473,47.92,993.6436,36.0,1.79
2474,49.2,1020.7705,60.0,1.06
2475,48.0,1035.6321,36.0,1.08
2476,64.24,1237.281,27.0,0.91
2477,63.84,1094.2944,1.0,1.11
2478,54.16,1060.1756,42.0,1.02
2479,50.84,1034.6089,47.0,1.95
2480,48.6,971.5315,50.0,1.02
2481,52.16,1016.5204,53.0,1.1
2482,46.72,1054.1063,23.0,1.24
2483,49.24,1135.2545,17.0,1.32
2484,57.88,1036.3972,54.0,2.86
2485,50.8,987.9693,18.0,1.46
2486,53.88,1031.1262,0.0,1.51
2487,28.84,979.6278,86.0,1.29
2488,62.08,995.8502,50.0,1.25
2489,48.8,1130.964,23.0,2.2
2490,43.36,996.4333,34.0,1.3
2491,57.84,963.7511,32.0,1.01
2492,45.76,1033.9027,25.0,1.15
2493,49.48,1235.1093,10.0,1.51
2494,36.92,967.1256,43.0,2.57
2495,43.16,971.3721,16.0,1.21
2496,42.68,1010.4525,27.0,1.3
2497,52.64,1032.8577,46.0,1.75
2498,41.56,1031.9106,9.0,1.49
2499,43.28,984.6294,0.0,2.01
2500,55.68,1015.3947,32.0,1.01
2501,47.36,1287.3842,0.0,1.17
2502,56.04,994.2223,43.0,1.32
2503,52.6,964.0764,6.0,1.23
2504,47.52,982.512,22.0,2.15
2505,54.04,1052.3108,40.0,1.13
2506,57.68,1222.6716,27.0,0.92
2507,46.76,966.4551,5.0,0.94
2508,36.36,966.3852,32.0,1.07
2509,47.52,1019.4317,27.0,2.29
2510,48.64,999.9089,11.0,1.08
2511,51.8,1020.9747,17.0,1.36
2512,31.4,1025.6929,7.0,1.33
2513,49.8,1120.9051,19.0,1.13
2514,51.0,1134.1188,19.0,2.08
2515,53.44,1053.9494,36.0,0.86
2516,46.16,978.8038,25.0,1.06
2517,49.76,1088.193,68.0,0.95
2518,41.8,1041.4139,45.0,1.25
2519,51.84,1007.2379,49.0,1.18
2520,50.72,1049.9741,-4.0,0.9
2521,48.52,1073.9295,11.0,0.87
2522,52.92,1007.4053,57.0,0.91
2523,40.88,1032.492,32.0,0.99
2524,48.08,994.1398,30.0,0.91
2525,33.24,971.7078,-4.0,2.09
2526,48.72,1085.0403,73.0,0.88
2527,37.44,1008.5528,35.0,0.84
2528,26.88,1022.4232,48.0,1.19
2529,49.4,1049.9188,34.0,1.3
2530,45.84,1000.8565,6.0,2.28
2531,27.16,1002.8684,19.0,0.91
2532,64.08,1004.5387,-2.0,1.07
2533,46.56,989.0584,24.0,0.97
2534,47.16,1355.4619,6.0,1.05
2535,51.88,976.5329,21.0,2.5
2536,41.68,1006.0785,57.0,1.37
2537,49.08,982.092,-1.0,1.19
2538,51.04,1021.7843,2.0,1.3
2539,44.24,1369.2646,20.0,1.3
2540,63.4,1012.8391,31.0,2.28
2541,55.04,1016.233,28.0,1.21
2542,50.4,1071.2357,7.0,1.39
2543,46.6,1034.8582,51.0,1.44
2544,55.52,1050.7556,51.0,1.11
2545,53.0,1014.5587,53.0,1.95
2546,55.28,1030.3397,30.0,1.03
2547,56.72,983.1234,25.0,1.19
2548,49.24,1067.9645,23.0,0.95
2549,48.16,1036.4526,-5.0,0.85
2550,43.4,1084.7227,47.0,2.15
2551,48.56,1009.4468,4.0,1.16
2552,46.24,1017.9206,8.0,0.93
2553,54.84,1055.1692,30.0,1.01
2554,53.84,1046.8184,12.0,1.25
2555,59.0,1050.5621,1.0,2.03
2556,41.76,984.8968,100.0,0.87
2557,52.0,1319.5565,14.0,0.94
2558,48.68,1051.728,23.0,1.09
2559,53.56,1023.6788,90.0,1.23
2560,56.36,1286.246,31.0,0.89
2561,30.12,995.8962,67.0,0.9
2562,59.96,987.5676,53.0,0.96
2563,42.56,986.488,25.0,0.88
2564,49.24,1045.6698,54.0,1.07
2565,26.16,998.2003,66.0,0.87
2566,54.6,1034.6005,36.0,1.91
2567,53.8,1209.6216,7.0,1.15
2568,53.52,1142.3526,23.0,1.16
2569,54.56,1000.1452,24.0,1.12
2570,54.4,1023.1537,30.0,1.1
2571,46.12,1361.0492,25.0,1.85
2572,52.28,1005.0414,3.0,0.84
2573,31.68,988.3948,51.0,0.72
2574,37.32,978.4961,26.0,0.98
2575,50.72,1010.2917,23.0,1.18
2576,33.96,999.5593,24.0,2.0
2577,38.92,985.6268,23.0,0.92
2578,35.92,976.1027,9.0,1.05
2579,52.44,1034.341,16.0,1.11
2580,33.84,1021.7857,34.0,1.39
2581,49.12,1287.8594,10.0,2.57
2582,45.0,1025.3505,26.0,1.71
2583,49.28,1161.6153,16.0,1.39
2584,59.16,1059.5626,13.0,1.59
2585,43.04,1409.0803,67.0,1.36
2586,65.52,1019.6777,4.0,2.51
2587,45.44,1033.6454,9.0,1.33
2588,46.28,1071.5596,17.0,0.9
2589,51.52,1022.0266,26.0,0.9
2590,45.64,1037.5033,24.0,0.97
2591,32.84,980.0568,103.0,1.92
2592,24.36,971.9239,72.0,0.94
2593,53.24,992.4458,21.0,1.2
2594,46.24,1113.8148,61.0,0.97
2595,48.84,1045.0406,58.0,0.85
2596,39.52,1014.9799,76.0,2.01
2597,43.84,1141.7011,-11.0,0.95
2598,39.2,1040.519,50.0,1.39
2599,45.36,989.6454,32.0,1.16
2600,55.24,1061.1582,6.0,1.44
2601,54.24,1028.7164,4.0,1.87
2602,62.8,1020.5455,29.0,1.23
2603,52.68,1093.2796,40.0,2.02
2604,41.88,983.5309,17.0,1.87
2605,56.04,1287.9163,52.0,1.45
2606,58.56,1099.396,22.0,1.5
2607,35.44,1029.0412,43.0,2.94
2608,50.36,1053.8914,50.0,0.96
2609,61.48,987.9356,29.0,1.01
2610,50.88,1042.3127,6.0,1.01
2611,56.16,974.1861,21.0,1.03
2612,53.92,976.5743,-4.0,1.97
2613,47.48,1017.7895,27.0,0.8
2614,35.04,982.1015,60.0,1.09
2615,38.32,1033.8548,37.0,1.02
2616,50.04,1021.17,16.0,0.99
2617,55.88,1063.3024,12.0,1.94
2618,40.92,978.3172,32.0,1.9
2619,42.6,978.2222,-4.0,1.32
2620,29.24,969.485,84.0,0.93
2621,38.0,974.8768,30.0,1.05
2622,58.08,988.5207,4.0,2.0
2623,62.28,1052.2096,2.0,0.93
2624,52.0,1024.2798,-5.0,1.07
2625,40.24,985.5876,71.0,1.17
2626,40.72,1029.9305,41.0,1.1
2627,66.88,992.8494,20.0,2.29
2628,56.0,1035.8874,0.0,0.92
2629,55.48,1056.1083,23.0,1.2
2630,40.92,1052.0716,42.0,0.89
2631,55.96,1152.2709,86.0,1.06
2632,57.36,1016.022,20.0,2.21
2633,55.32,971.4778,5.0,1.11
2634,41.24,1082.0176,27.0,1.51
2635,45.48,1010.3575,75.0,1.13
2636,41.56,1026.9896,32.0,1.24
2637,51.44,1030.4801,33.0,2.56
2638,43.96,1052.0194,34.0,1.51
2639,35.04,980.9863,5.0,1.22
2640,41.16,1062.2534,9.0,1.05
2641,48.44,983.3404,22.0,0.84
2642,47.64,980.7669,12.0,2.46
2643,49.92,1001.932,31.0,1.09
2644,33.96,981.6192,44.0,0.98
2645,39.6,1050.6359,11.0,1.18
2646,39.48,972.0461,35.0,1.15
2647,38.8,983.7843,89.0,0.99
2648,54.64,975.3565,12.0,1.29
2649,65.16,1006.2989,-2.0,1.1
2650,40.92,981.489,86.0,1.14
2651,38.88,971.32,65.0,1.0
2652,37.08,1015.8678,9.0,1.42
2653,54.2,979.089,40.0,2.16
2654,46.44,982.5522,27.0,0.82
2655,61.84,1036.1179,2.0,1.21
2656,24.12,966.9706,77.0,1.16
2657,63.92,1035.5439,0.0,0.91
2658,48.52,1007.051,30.0,2.3
2659,45.8,1136.8735,25.0,0.94
2660,46.04,1048.0817,53.0,1.14
2661,43.36,1011.0302,41.0,1.23
2662,38.36,1023.9015,42.0,1.5
2663,62.12,1029.0474,4.0,1.79
2664,53.68,1051.7293,37.0,0.92
2665,49.32,1029.0938,44.0,0.96
2666,54.88,1005.9661,3.0,1.01
2667,32.88,1018.1216,32.0,1.08
2668,38.64,1176.091,19.0,1.96
2669,50.84,1003.1856,28.0,1.08
2670,45.4,1022.3889,44.0,1.03
2671,29.16,1009.2592,56.0,1.04
2672,46.12,1015.7571,22.0,0.95
2673,55.24,1034.6136,27.0,1.98
2674,54.64,1019.7244,41.0,1.02
2675,35.4,1004.8657,68.0,0.92
2676,49.24,1047.5578,87.0,1.31
2677,53.44,1026.2859,44.0,1.04
2678,46.16,1063.3021,55.0,2.15
2679,51.76,980.4368,10.0,0.74
2680,53.08,1043.0262,23.0,0.84
2681,58.0,980.9494,7.0,0.89
2682,35.6,978.0786,9.0,1.01
2683,47.48,1083.6571,52.0,2.22
2684,31.04,1009.2404,64.0,0.93
2685,54.8,1048.5129,-2.0,0.84
2686,51.76,980.2425,1.0,0.76
2687,44.16,1054.0366,93.0,1.18
2688,57.64,987.3036,-4.0,0.94
2689,42.92,1054.4433,34.0,1.11
2690,56.88,1032.0428,21.0,1.36
2691,60.76,970.1904,10.0,1.28
2692,50.36,1032.8916,-4.0,1.47
2693,47.2,987.0359,5.0,1.39
2694,33.24,966.2605,54.0,2.13
2695,39.36,974.765,-5.0,1.19
2696,50.28,1027.4338,29.0,1.2
2697,44.0,976.873,2.0,1.2
2698,63.6,1287.6437,23.0,1.09
2699,51.88,1031.9378,33.0,2.23
2700,34.04,974.885,47.0,1.34
2701,52.92,984.0084,14.0,1.43
2702,40.2,1061.8126,27.0,2.0
2703,40.84,1047.0382,33.0,1.4
2704,55.52,1002.2503,42.0,2.22
2705,47.76,991.2492,21.0,1.07
2706,58.4,1034.0622,4.0,1.09
2707,31.56,1000.1962,61.0,1.14
2708,43.44,1052.6815,38.0,1.04
2709,64.76,1055.1911,22.0,2.12
2710,47.04,992.5934,47.0,1.0
2711,57.64,1025.1016,24.0,1.09
2712,51.68,1092.8897,47.0,1.0
2713,42.88,1053.6192,31.0,0.98
2714,53.88,1098.5719,25.0,2.1
2715,45.08,989.0778,52.0,1.0
2716,44.6,1047.0406,22.0,1.09
2717,54.12,1016.9232,47.0,1.26
2718,48.76,964.0383,24.0,1.15
2719,39.4,1368.9073,13.0,2.03
2720,60.48,1046.6233,8.0,1.11
2721,48.44,1014.0006,26.0,1.03
2722,43.28,1052.183,83.0,1.26
2723,44.6,1033.001,14.0,1.19
2724,51.84,1027.7235,-7.0,2.08
2725,46.16,1069.046,22.0,1.04
2726,43.76,1054.5161,17.0,1.34
2727,35.2,983.683,106.0,1.47
2728,54.36,1104.5284,24.0,1.37
2729,54.76,1036.492,16.0,2.19
2730,23.92,972.802,95.0,0.96
2731,44.88,1398.7212,32.0,0.9
2732,52.92,1043.7659,21.0,0.95
2733,49.12,1008.7294,34.0,1.13
2734,47.04,1046.5384,0.0,0.95
2735,36.96,1052.6296,18.0,2.0
2736,51.12,1021.0177,58.0,1.02
2737,46.24,1040.8538,63.0,1.34
2738,40.48,1018.72,36.0,1.16
2739,50.8,983.9134,12.0,1.17
2740,47.12,1009.1508,3.0,2.0
2741,39.12,1139.6104,7.0,1.09
2742,36.88,980.7492,45.0,0.85
2743,43.64,1066.1125,60.0,1.02
2744,39.92,1011.9369,55.0,0.99
2745,50.12,1021.4227,-2.0,1.9
2746,42.96,979.8439,2.0,0.88
2747,60.0,1054.0049,51.0,0.96
2748,51.2,1060.7834,83.0,0.96
2749,48.48,1015.0458,21.0,0.99
2750,52.0,1287.0563,51.0,1.94
2751,40.96,1047.6556,24.0,0.88
2752,45.32,1000.1945,40.0,0.95
2753,41.96,1061.1998,25.0,1.05
2754,59.68,1075.4544,-1.0,1.2
2755,45.64,973.1492,18.0,2.0
2756,54.0,978.3075,26.0,0.85
2757,31.8,1014.8566,93.0,1.11
2758,42.2,983.8754,47.0,0.89
2759,58.52,1018.6872,19.0,1.08
2760,49.96,1010.8459,41.0,2.03
2761,47.8,993.4927,67.0,0.96
2762,24.84,968.4029,21.0,1.06
2763,43.36,1088.1633,44.0,1.38
2764,44.68,1037.1278,46.0,1.02
2765,52.12,1182.1837,3.0,2.2
2766,42.92,968.1556,63.0,0.94
2767,64.92,1021.4781,26.0,0.96
2768,52.0,994.1519,76.0,1.0
2769,42.92,1042.7333,41.0,1.14
2770,49.2,992.3605,12.0,2.16
2771,64.56,1075.4986,21.0,0.85
2772,64.16,1060.2303,31.0,1.1
2773,52.12,998.0901,28.0,1.3
2774,55.92,1244.9672,-7.0,1.17
2775,33.44,1052.758,16.0,0.93
2776,39.76,1031.1255,47.0,1.01
2777,61.4,1024.632,6.0,1.25
2778,54.48,1013.2734,14.0,1.32
2779,52.4,1054.8759,43.0,1.17
2780,43.28,1104.624,34.0,1.18
2781,54.64,1127.8756,11.0,1.97
2782,51.64,1139.5158,59.0,0.97
2783,50.28,1104.9933,56.0,1.19
2784,51.68,1034.6244,25.0,1.05
2785,44.64,1053.1738,21.0,1.03
2786,45.48,986.2022,22.0,1.82
2787,50.44,987.6534,10.0,0.91
2788,38.68,1008.1822,24.0,0.99
2789,43.76,967.022,31.0,0.92
2790,58.04,1033.2372,24.0,1.0
2791,46.6,1002.9223,30.0,1.78
2792,42.16,1135.7338,45.0,0.9
2793,45.72,981.962,3.0,0.85
2794,43.16,965.8493,59.0,0.96
2795,32.0,1002.0186,76.0,1.28
2796,44.64,1010.4088,30.0,1.76
2797,38.84,1073.7868,11.0,1.3
2798,49.6,1030.9467,44.0,0.88
2799,62.12,987.714,19.0,1.04
2800,24.28,985.7233,52.0,1.01
2801,55.04,973.7296,3.0,2.13
2802,44.12,1030.92,64.0,1.63
2803,52.52,1195.3571,29.0,1.12
2804,27.32,1001.4122,24.0,1.15
2805,51.68,1122.8253,28.0,1.12
2806,55.92,1053.8256,42.0,2.05
2807,40.08,1034.236,48.0,1.36
2808,38.24,990.2252,11.0,1.06
2809,58.76,1061.4106,29.0,0.95
2810,56.0,1068.1773,42.0,1.36
2811,47.48,1261.3596,81.0,1.83
2812,33.2,977.3882,12.0,1.09
2813,47.44,986.7345,30.0,0.92
2814,36.64,1244.687,25.0,0.9
2815,45.72,1306.9111,86.0,0.82
2816,57.8,1005.7727,7.0,0.88
2817,45.52,1050.8244,58.0,0.87
2818,26.44,999.6256,-5.0,0.86
2819,41.28,1026.3747,29.0,0.89
2820,33.16,974.1502,23.0,0.93
2821,54.84,1046.463,43.0,0.84
2822,62.52,1041.1608,22.0,2.02
2823,49.88,1219.6243,59.0,0.81
2824,51.16,1040.5036,51.0,0.98
2825,54.72,1074.2638,2.0,1.01
2826,49.12,979.8184,27.0,0.75
2827,52.08,1030.5666,27.0,1.89
2828,47.96,1034.1481,13.0,1.0
2829,51.04,976.2268,54.0,0.9
2830,42.04,984.0445,51.0,0.78
2831,63.4,1053.1438,-6.0,0.95
2832,57.68,1024.8899,45.0,2.11
2833,48.24,1022.2924,87.0,0.95
2834,45.6,1061.3449,22.0,1.1
2835,52.68,987.1777,60.0,0.94
2836,47.76,1005.4396,39.0,0.8
2837,63.88,992.2984,23.0,1.78
2838,49.72,1053.3822,25.0,1.16
2839,45.96,1032.709,27.0,0.87
2840,50.2,1012.2686,6.0,1.01
2841,45.92,981.8464,20.0,0.91
2842,55.92,1029.9483,58.0,1.95
2843,49.84,1051.3936,-4.0,0.97
2844,50.88,1050.8555,49.0,0.87
2845,47.36,1054.4213,21.0,0.91
2846,32.8,1003.2694,1.0,0.91
2847,50.96,1053.6891,48.0,1.85
2848,46.68,1143.3395,50.0,1.13
2849,34.6,987.7904,142.0,0.77
2850,43.84,1041.2731,33.0,1.08
2851,52.68,1031.8181,70.0,0.87
2852,46.84,1026.1603,15.0,2.37
2853,45.56,978.7204,15.0,0.92
2854,58.2,1036.8699,24.0,0.81
2855,41.2,1027.1312,41.0,0.99
2856,37.8,968.7629,65.0,0.81
2857,56.32,1037.4611,49.0,1.97
2858,50.44,1022.3882,-7.0,0.89
2859,46.04,983.4232,80.0,0.86
2860,59.4,1038.2206,13.0,0.82
2861,44.48,1026.0005,5.0,0.96
2862,53.96,1010.025,27.0,1.01
2863,42.0,1038.2164,84.0,1.82
2864,46.2,1138.6804,66.0,0.89
2865,43.04,1028.518,-30.0,1.19
2866,53.12,1102.8891,13.0,1.2
2867,47.52,1027.19,12.0,0.92
2868,54.08,1009.3156,0.0,1.96
2869,38.8,969.4424,23.0,0.9
2870,69.16,1272.151,22.0,1.16
2871,33.52,1035.664,17.0,1.99
2872,49.84,1020.7962,52.0,1.49
2873,40.28,1342.3492,1.0,1.79
2874,48.4,1052.8367,34.0,0.91
2875,45.24,1122.2182,42.0,1.14
2876,46.28,1052.2382,18.0,1.04
2877,46.92,1056.2628,46.0,1.16
2878,71.8,1029.7263,23.0,2.26
2879,44.96,1011.5978,49.0,1.03
2880,52.84,1060.4483,2.0,1.15
2881,61.08,1078.1487,43.0,0.9
2882,40.84,1007.0315,43.0,1.23
2883,46.56,1009.7438,19.0,2.25
2884,44.44,1036.1818,43.0,0.92
2885,48.44,1009.3044,53.0,1.09
2886,67.0,1050.1163,-6.0,0.92
2887,46.4,1326.1189,60.0,0.99
2888,48.16,966.9361,62.0,2.07
2889,45.04,1134.5373,19.0,0.81
2890,47.8,1109.7376,72.0,0.83
2891,59.72,1092.0791,5.0,1.06
2892,58.36,963.2787,11.0,0.93
2893,29.96,997.0443,33.0,2.03
2894,35.52,1056.3872,17.0,1.11
2895,36.64,964.4463,11.0,0.97
2896,41.36,1063.47,31.0,1.44
2897,57.04,965.4671,-6.0,0.92
2898,48.4,1059.5948,28.0,1.79
2899,40.96,994.6958,7.0,0.97
2900,39.12,1026.3624,-9.0,1.29
2901,53.2,1036.8334,15.0,1.45
2902,43.12,968.4613,9.0,1.15
2903,61.24,1088.2818,-2.0,0.99
2904,54.28,964.5111,53.0,1.09
2905,64.04,1032.1284,2.0,1.45
2906,64.84,991.8041,9.0,1.44
2907,56.8,965.7488,7.0,1.13
2908,50.84,1204.8634,26.0,1.04
2909,32.92,969.8883,23.0,1.98
2910,51.76,1012.8104,70.0,1.14
2911,39.24,982.1337,44.0,0.9
2912,56.48,1110.3476,44.0,1.13
2913,40.12,1012.2087,51.0,1.0
2914,50.92,988.184,52.0,2.07
2915,52.52,1032.1102,33.0,1.15
2916,39.48,1081.0269,39.0,1.15
2917,53.0,1051.0829,0.0,1.32
2918,44.28,980.0264,47.0,1.14
2919,45.92,1281.0603,10.0,1.95
2920,43.96,984.174,50.0,1.11
2921,51.48,962.7451,12.0,1.06
2922,48.96,1196.1082,29.0,1.07
2923,55.28,1072.7902,45.0,0.9
2924,55.76,1065.1801,-11.0,1.76
2925,41.6,1200.4552,30.0,0.84
2926,29.84,1008.9641,26.0,1.12
2927,52.24,1047.802,63.0,1.18
2928,33.04,1003.0065,19.0,0.85
2929,40.88,1033.3412,41.0,1.92
2930,42.16,984.9472,39.0,0.77
2931,24.24,1030.0312,65.0,0.96
2932,52.96,1056.8678,43.0,0.9
2933,53.4,1004.7704,33.0,1.05
2934,38.96,972.222,16.0,1.86
2935,60.2,1009.8494,47.0,0.92
2936,56.48,1016.0256,25.0,1.06
2937,39.64,1001.4267,32.0,1.3
2938,31.12,1147.207,74.0,0.86
2939,50.48,1050.4973,15.0,1.91
2940,50.8,1373.3404,-2.0,0.82
2941,42.64,1036.1177,38.0,1.13
2942,62.8,1047.6986,-4.0,0.97
2943,52.8,1035.0105,25.0,1.02
2944,50.96,1073.7934,26.0,1.49
2945,46.84,1049.3957,55.0,0.96
2946,48.44,1026.2312,2.0,1.0
2947,55.04,1038.2861,3.0,0.85
2948,60.6,977.1608,-4.0,0.95
2949,60.04,1000.8786,54.0,0.92
2950,45.92,973.7205,4.0,1.93
2951,50.6,1080.2401,9.0,1.06
2952,34.36,986.8081,38.0,0.94
2953,51.76,1090.931,15.0,0.88
2954,39.04,1020.6017,32.0,0.95
2955,46.04,1005.7194,52.0,1.99
2956,51.8,1037.1459,8.0,0.94
2957,43.76,1076.8118,46.0,0.84
2958,53.24,1370.3872,21.0,1.17
2959,48.08,1041.6354,53.0,1.08
2960,35.36,969.3604,96.0,1.83
2961,54.16,980.8352,34.0,0.95
2962,53.96,965.9022,47.0,0.92
2963,52.24,1141.6097,-4.0,1.0
2964,24.44,1000.3143,2.0,0.92
2965,50.84,1055.4614,49.0,1.71
2966,46.96,1007.8319,8.0,0.91
2967,54.24,1043.8101,-3.0,1.25
2968,46.64,1045.5019,53.0,0.92
2969,55.2,1006.8557,56.0,1.08
2970,54.56,1057.4718,18.0,2.12
2971,56.48,1004.4039,45.0,1.37
2972,59.96,996.321,32.0,1.03
2973,31.56,1058.8979,21.0,1.02
2974,37.72,969.7482,11.0,0.96
2975,52.16,1013.7972,9.0,1.78
2976,42.32,979.1548,5.0,0.94
2977,50.0,1063.1157,38.0,1.06
2978,45.08,989.9324,45.0,0.91
2979,43.44,985.0657,31.0,0.83
2980,47.32,973.9507,-1.0,2.07
2981,40.92,1054.95,41.0,1.28
2982,55.92,1049.1529,22.0,0.9
2983,46.44,1109.4202,27.0,1.04
2984,23.56,1037.1146,51.0,1.06
2985,42.56,1183.2452,2.0,1.91
2986,39.4,1051.8341,54.0,0.91
2987,41.48,1198.2885,46.0,0.86
2988,48.36,1006.9788,64.0,0.93
2989,57.32,1073.3092,19.0,0.98
2990,32.4,1014.361,30.0,1.52
2991,42.6,978.4231,74.0,2.01
2992,33.32,989.6421,28.0,1.02
2993,47.88,1042.0362,1.0,1.2
2994,50.8,1007.2017,63.0,1.03
2995,54.72,1005.0837,38.0,1.03
2996,53.32,1020.823,15.0,2.2
2997,57.4,991.8285,37.0,1.27
2998,54.36,1058.883,13.0,0.97
2999,62.28,1025.7731,40.0,1.09
3000,44.2,1136.8429,52.0,1.43
3001,50.08,977.5301,23.0,2.19
3002,20.28,1000.54,29.0,1.12
3003,52.04,1052.5689,43.0,0.92
3004,53.24,983.67,8.0,1.1
3005,53.96,1146.2877,69.0,1.12
3006,29.4,981.7474,53.0,1.97
3007,26.48,1001.2161,8.0,0.96
3008,47.96,1131.1835,34.0,0.97
3009,51.68,1159.7279,42.0,0.97
3010,29.2,1012.6845,43.0,0.79
3011,40.24,1049.2874,56.0,2.25
3012,44.72,1043.487,26.0,1.29
3013,34.0,986.3893,28.0,1.21
3014,36.8,984.1765,35.0,1.26
3015,58.24,1036.6024,30.0,1.59
3016,42.24,980.983,35.0,2.18
3017,63.36,1019.1915,12.0,1.01
3018,58.4,1146.0208,32.0,0.9
3019,39.56,1034.8503,46.0,0.94
3020,51.64,1054.5943,15.0,1.38
3021,49.32,1034.7194,25.0,2.14
3022,40.12,982.523,25.0,1.04
3023,51.92,1018.2516,51.0,1.02
3024,55.64,1008.4881,26.0,1.07
3025,45.84,1040.8722,46.0,0.99
3026,48.48,1098.0729,58.0,2.16
3027,52.16,1051.8869,78.0,0.98
3028,39.52,976.1964,18.0,1.12
3029,35.48,1022.53,44.0,1.23
3030,59.0,1010.493,4.0,1.3
3031,48.84,979.4745,7.0,1.05
3032,35.24,1190.017,76.0,0.98
3033,46.0,1054.0985,-10.0,1.1
3034,40.32,1052.328,70.0,1.04
3035,47.88,967.792,31.0,1.15
3036,48.2,993.2824,25.0,0.91
3037,29.16,996.1131,35.0,1.79
3038,38.44,1372.4365,37.0,1.29
3039,52.8,1065.1171,42.0,1.54
3040,67.36,1053.9228,2.0,1.06
3041,54.24,1030.3798,13.0,1.04
3042,29.16,970.8079,75.0,2.1
3043,38.72,980.8133,97.0,1.0
3044,47.12,1020.6299,22.0,1.01
3045,40.88,982.5369,57.0,1.3
3046,60.64,966.4743,-4.0,1.0
3047,55.8,1023.4722,29.0,2.22
3048,52.0,1024.6336,-2.0,1.36
3049,32.92,1059.7076,50.0,1.09
3050,60.24,1050.0768,54.0,1.46
3051,55.56,974.8825,19.0,1.45
3052,57.2,1145.0662,31.0,1.82
3053,59.44,1021.153,25.0,1.33
3054,44.04,1084.782,23.0,1.09
3055,35.24,998.4227,24.0,1.05
3056,51.92,1015.421,45.0,1.17
3057,33.48,997.7054,67.0,1.71
3058,52.72,1085.7493,38.0,0.89
3059,45.8,1053.6582,1.0,1.17
3060,47.0,1053.4187,41.0,1.0
3061,30.76,1006.9715,15.0,1.51
3062,50.12,1038.8091,15.0,1.99
3063,54.84,1055.9019,6.0,0.86
3064,47.76,975.8467,16.0,0.94
3065,43.76,1032.9151,52.0,0.95
3066,47.88,1027.7188,13.0,0.82
3067,54.28,1026.816,2.0,1.74
3068,38.8,1062.644,64.0,0.95
3069,39.48,986.0251,83.0,1.09
3070,57.24,1025.0886,24.0,1.09
3071,50.52,1358.2311,31.0,1.21
3072,59.68,976.7633,26.0,0.93
3073,58.68,984.3438,-14.0,1.2
3074,47.92,982.775,33.0,1.02
3075,33.44,991.6291,38.0,1.36
3076,41.24,985.7599,51.0,1.07
3077,41.28,1052.7234,38.0,1.19
3078,35.32,1014.0032,57.0,2.21
3079,44.24,1003.7319,44.0,0.96
3080,54.0,1049.7247,35.0,0.87
3081,65.36,1050.8146,5.0,0.97
3082,42.92,1115.6298,29.0,1.23
3083,61.6,993.0983,17.0,1.69
3084,48.6,981.2041,42.0,1.05
3085,47.96,1019.2696,19.0,1.27
3086,36.12,1032.6064,53.0,1.06
3087,47.12,1046.8632,35.0,1.36
3088,58.68,1022.2758,50.0,2.08
3089,42.48,1010.2638,20.0,1.07
3090,27.4,1052.3947,25.0,1.25
3091,39.04,975.483,-4.0,0.96
3092,29.44,974.8541,70.0,1.01
3093,34.84,980.7874,80.0,1.9
3094,57.36,1031.2168,34.0,1.22
3095,46.6,1038.6021,49.0,1.15
3096,50.8,1030.4945,16.0,1.28
3097,52.68,1153.7731,52.0,0.85
3098,45.96,1034.8778,39.0,2.1
3099,50.12,1049.7951,92.0,1.22
3100,46.36,1069.4683,27.0,1.74
3101,61.12,963.6718,3.0,1.12
3102,58.8,1049.8832,20.0,0.92
3103,56.36,976.0307,7.0,2.05
3104,44.44,976.6534,19.0,1.12
3105,59.28,994.4386,34.0,1.11
3106,50.68,1009.6569,9.0,0.99
3107,38.52,1034.8776,20.0,1.05
3108,51.4,990.6817,4.0,1.93
3109,55.16,1062.5463,89.0,1.24
3110,36.92,980.1133,29.0,1.02
3111,38.72,1044.1618,4.0,1.24
3112,44.44,1051.1579,33.0,1.08
3113,54.0,989.5677,81.0,1.76
3114,54.32,992.2942,-2.0,0.94
3115,62.32,1036.5479,33.0,0.98
3116,53.28,994.0625,-1.0,1.0
3117,56.16,1078.754,9.0,0.9
3118,51.84,995.367,28.0,0.92
3119,45.28,1051.8016,65.0,1.66
3120,48.84,1042.2009,21.0,0.89
3121,59.64,1073.2609,3.0,1.02
3122,25.92,1025.8213,61.0,1.01
3123,45.6,1033.6728,27.0,0.98
3124,50.92,1020.4435,42.0,1.87
3125,58.04,1067.7223,54.0,0.84
3126,51.52,1058.2943,32.0,0.85
3127,46.96,1011.3794,-2.0,1.06
3128,52.36,1111.2487,54.0,1.02
3129,51.0,984.7144,35.0,1.89
3130,44.68,1008.7035,25.0,0.94
3131,51.84,1029.8397,17.0,0.93
3132,30.16,973.0604,12.0,0.99
3133,34.52,1144.3079,28.0,1.31
3134,66.8,1235.9231,27.0,2.09
3135,42.48,984.2919,32.0,0.97
3136,44.88,982.3764,31.0,0.94
3137,35.96,978.8619,57.0,1.27
3138,40.24,1208.425,20.0,0.89
3139,29.32,995.628,38.0,1.92
3140,46.6,1042.1308,23.0,0.89
3141,25.4,1055.9563,92.0,0.94
3142,49.64,1067.126,27.0,0.99
3143,49.32,970.1364,18.0,1.12
3144,46.48,1197.9009,19.0,1.91
3145,36.36,989.3238,35.0,1.24
3146,58.2,1033.8785,33.0,0.98
3147,52.52,1034.0917,47.0,1.01
3148,47.24,1022.2024,90.0,0.95
3149,37.4,981.0434,67.0,1.98
3150,58.16,1064.509,15.0,0.89
3151,48.28,1375.1339,7.0,1.06
3152,23.88,1002.9476,30.0,1.33
3153,37.08,1033.3484,55.0,1.15
3154,50.64,1114.55,10.0,2.2
3155,58.92,1063.5301,50.0,1.02
3156,40.2,1035.4053,29.0,1.09
3157,40.84,1186.2539,25.0,1.37
3158,38.88,1206.8207,3.0,1.17
3159,28.6,1090.527,38.0,1.3
3160,51.96,1087.9704,19.0,1.19
3161,55.8,963.9378,26.0,0.94
3162,62.96,1038.9635,32.0,1.09
3163,58.2,1093.7456,9.0,1.09
3164,50.12,990.5504,5.0,0.77
3165,33.6,1006.2026,74.0,1.77
3166,51.12,1000.7386,29.0,1.0
3167,49.4,1137.5005,6.0,1.01
3168,51.16,1067.9321,79.0,1.18
3169,45.76,1161.4458,31.0,0.93
3170,32.04,1029.5869,17.0,1.99
3171,46.0,1031.9972,51.0,1.26
3172,53.04,988.465,5.0,0.99
3173,45.48,999.6898,35.0,0.85
3174,56.12,964.5191,9.0,1.29
3175,58.16,988.3788,49.0,2.24
3176,49.48,1243.6828,27.0,1.02
3177,40.8,980.2348,73.0,0.97
3178,46.88,1031.9695,20.0,0.93
3179,40.12,1186.1904,41.0,1.28
3180,57.44,1025.6476,27.0,2.34
3181,35.52,966.5556,25.0,1.12
3182,47.36,1049.4409,58.0,1.06
3183,50.12,1017.0753,28.0,1.24
3184,40.72,1065.4244,76.0,1.27
3185,46.16,1217.9665,26.0,2.26
3186,55.52,1153.3128,29.0,0.79
3187,52.04,980.8944,42.0,0.93
3188,32.76,1056.6668,29.0,1.09
3189,58.52,1098.3797,42.0,0.98
3190,56.2,1047.0582,31.0,2.3
3191,61.36,1062.2435,-3.0,0.98
3192,51.4,1318.6841,63.0,1.13
3193,54.92,1010.5234,29.0,1.09
3194,29.56,1007.9322,48.0,1.06
3195,59.76,994.4347,13.0,1.77
3196,56.44,1029.9111,-3.0,1.31
3197,46.88,1115.3264,5.0,1.15
3198,56.56,1139.3491,-3.0,0.96
3199,37.88,1080.6725,69.0,1.02
3200,49.08,970.193,1.0,0.97
3201,35.84,982.1526,50.0,1.63
3202,34.6,970.2485,36.0,2.16
3203,28.32,1010.0487,76.0,1.03
3204,58.68,992.9256,24.0,1.08
3205,31.8,981.6037,46.0,1.02
3206,43.72,1025.8889,27.0,1.75
3207,42.32,1413.9222,91.0,0.85
3208,46.04,1050.356,33.0,1.32
3209,40.0,1133.5024,29.0,1.14
3210,49.08,1112.837,-7.0,0.96
3211,43.48,1032.3192,34.0,1.9
3212,27.24,985.6701,70.0,1.08
3213,47.56,976.9816,43.0,0.99
3214,24.88,996.4721,24.0,1.37
3215,53.48,1089.2946,26.0,1.1
3216,46.72,1012.5248,77.0,2.38
3217,42.12,1033.25,53.0,1.55
3218,37.0,1365.4584,60.0,1.39
3219,60.2,1049.3459,-2.0,1.25
3220,48.6,1041.5059,24.0,1.35
3221,47.36,1050.3626,15.0,2.62
3222,50.36,977.6522,41.0,0.83
3223,48.96,993.6078,11.0,0.86
3224,45.4,985.6278,39.0,1.02
3225,39.96,1101.4999,67.0,0.94
3226,49.48,976.2708,23.0,1.93
3227,51.84,986.3744,50.0,1.06
3228,63.08,1057.715,-6.0,0.98
3229,58.92,994.2317,28.0,0.87
3230,49.4,1017.4111,18.0,0.97
3231,56.76,1044.9396,1.0,1.94
3232,46.12,1003.7406,34.0,1.09
3233,44.52,1016.3656,35.0,0.87
3234,51.6,1144.422,31.0,1.01
3235,44.08,1049.5949,15.0,1.11
3236,57.36,1118.7069,21.0,2.33
3237,56.56,1027.5753,6.0,1.0
3238,53.92,1051.7049,59.0,0.87
3239,45.48,1033.1136,49.0,1.01
3240,37.04,1034.2782,39.0,0.88
3241,48.72,1011.9506,9.0,2.6
3242,54.92,1004.6733,41.0,1.16
3243,25.0,968.3837,8.0,1.12
3244,51.52,1042.6208,12.0,1.23
3245,50.08,1133.948,65.0,1.08
3246,51.6,1004.6072,5.0,0.93
3247,50.4,1034.9973,35.0,1.93
3248,53.76,978.8315,7.0,1.0
3249,44.56,1051.4445,12.0,1.02
3250,54.56,1020.5254,59.0,0.97
3251,64.32,1005.4116,-2.0,1.12
3252,56.32,1007.3137,25.0,2.59
3253,42.08,1053.8736,55.0,1.08
3254,55.16,1049.5117,37.0,1.12
3255,57.2,1261.0308,22.0,1.02
3256,51.64,979.4432,26.0,0.91
3257,39.52,1148.4191,69.0,2.07
3258,62.48,1037.5982,5.0,0.97
3259,47.44,1008.023,39.0,0.96
3260,64.44,1239.1115,51.0,0.92
3261,51.72,1163.8349,37.0,0.98
3262,41.52,999.0303,3.0,2.18
3263,48.48,1090.2259,18.0,1.17
3264,49.88,1036.2077,4.0,1.22
3265,50.6,1033.485,42.0,0.96
3266,61.32,1058.7042,22.0,0.91
3267,57.96,1052.5672,75.0,2.14
3268,39.96,979.8377,91.0,0.99
3269,56.44,966.5661,26.0,1.05
3270,53.52,1100.1062,33.0,0.97
3271,61.84,966.7569,-9.0,1.05
3272,27.16,1002.3701,65.0,2.11
3273,53.64,1019.4537,32.0,1.08
3274,48.76,981.4102,21.0,0.97
3275,42.8,982.4932,48.0,1.14
3276,47.68,978.0872,31.0,1.33
3277,52.48,1018.5269,16.0,1.89
3278,42.76,1011.4851,48.0,0.9
3279,49.44,1038.0216,35.0,0.86
3280,57.36,1135.046,6.0,0.91
3281,66.8,988.9541,0.0,0.96
3282,54.52,1287.5711,12.0,1.72
3283,56.68,1062.6252,9.0,0.86
3284,56.44,1144.826,24.0,0.98
3285,61.28,1098.0731,10.0,1.11
3286,59.04,991.9893,33.0,1.06
3287,45.88,1027.1979,34.0,1.01
3288,39.36,1029.8872,15.0,0.89
3289,54.68,1153.8644,21.0,0.95
3290,53.6,1027.862,-8.0,0.94
3291,53.0,1032.9329,34.0,0.89
3292,49.04,982.0736,5.0,0.8
3293,41.92,1002.7778,5.0,1.93
3294,45.48,1018.3099,46.0,1.13
3295,63.28,1021.0276,13.0,0.89
3296,61.56,1052.061,11.0,0.95
3297,42.48,982.7256,111.0,0.98
3298,52.36,1014.3799,20.0,1.78
3299,42.76,1015.9754,28.0,0.9
3300,50.64,1325.0119,20.0,1.05
3301,46.96,993.8569,50.0,1.06
3302,47.56,1035.7977,-3.0,1.05
3303,63.68,1052.0213,15.0,1.95
3304,55.04,962.5323,9.0,1.04
3305,49.2,988.7768,8.0,1.13
3306,48.88,1249.2912,14.0,0.99
3307,53.88,1193.1608,32.0,0.91
3308,43.92,1323.1642,10.0,1.69
3309,33.04,1000.6033,60.0,0.94
3310,50.84,1172.0095,8.0,0.92
3311,43.4,975.634,21.0,1.15
3312,38.8,975.08,26.0,0.93
3313,48.28,1009.1737,38.0,1.88
3314,30.52,1038.9279,50.0,1.05
3315,43.04,1049.1326,55.0,1.04
3316,51.16,1189.9294,48.0,0.92
3317,40.4,983.8148,51.0,0.74
3318,48.32,1141.187,47.0,1.75
3319,41.28,1154.4352,62.0,0.9
3320,55.84,1037.7573,6.0,1.03
3321,44.68,1368.851,40.0,0.95
3322,51.72,1023.0696,3.0,0.89
3323,49.96,981.1028,42.0,1.98
3324,55.6,1021.7132,8.0,0.98
3325,28.12,998.9775,44.0,0.83
3326,38.12,995.1684,94.0,1.01
3327,46.72,1028.6398,33.0,1.11
3328,45.52,1045.3709,64.0,1.15
3329,49.4,1013.8748,32.0,0.79
3330,50.84,1049.0891,18.0,0.82
3331,51.52,975.7286,23.0,0.92
3332,49.24,1051.7465,39.0,0.92
3333,44.44,1320.3304,13.0,0.91
3334,49.44,1059.4511,49.0,1.88
3335,58.12,1032.6724,35.0,0.87
3336,50.64,1035.1796,-2.0,0.85
3337,52.2,1014.3893,50.0,0.93
3338,47.12,973.0506,26.0,0.91
3339,53.4,1046.7483,8.0,1.76
3340,42.04,1009.8508,89.0,0.89
3341,38.96,1037.2764,33.0,0.96
3342,41.44,977.1058,20.0,0.96
3343,46.44,1078.0385,27.0,0.86
3344,49.24,1142.186,75.0,2.02
3345,53.12,1014.7907,30.0,0.92
3346,57.4,989.6989,2.0,0.95
3347,52.76,976.1966,40.0,0.89
3348,27.48,1003.6656,17.0,0.9
3349,23.92,979.3059,68.0,2.01
3350,47.28,1062.8688,25.0,1.11
3351,55.08,1287.4434,44.0,0.91
3352,46.04,1128.8822,61.0,0.92
3353,43.48,1008.724,45.0,1.2
3354,36.2,1047.9326,23.0,2.07
3355,50.12,1018.9381,58.0,1.01
3356,47.36,1032.3709,47.0,1.01
3357,66.32,1004.6764,17.0,1.07
3358,42.84,1015.489,17.0,1.07
3359,58.8,987.8984,49.0,1.9
3360,62.4,990.3436,45.0,0.94
3361,29.96,1034.9692,77.0,0.87
3362,45.76,1037.6932,57.0,0.97
3363,35.92,1004.5596,46.0,1.05
3364,24.56,999.4826,31.0,1.94
3365,45.92,1042.3819,32.0,0.79
3366,52.12,1034.04,28.0,0.88
3367,44.44,984.6341,12.0,0.98
3368,59.36,1034.7807,10.0,1.3
3369,47.16,1020.056,16.0,2.23
3370,58.28,1109.1127,22.0,0.97
3371,28.24,988.7569,70.0,1.16
3372,63.64,1038.9755,29.0,1.27
3373,41.52,986.6521,48.0,0.99
3374,52.8,1087.9497,14.0,1.02
3375,59.8,1016.06,1.0,1.74
3376,45.72,1042.6531,13.0,0.94
3377,58.28,1378.4734,1.0,0.98
3378,30.2,969.3616,105.0,1.1
3379,44.08,1021.8124,47.0,1.0
3380,55.72,1023.8064,-4.0,1.83
3381,51.04,1059.966,19.0,0.91
3382,45.92,979.5518,35.0,1.22
3383,35.8,1046.7357,23.0,1.36
3384,58.04,1005.0569,-5.0,0.91
3385,45.52,1059.5559,-5.0,1.73
3386,63.4,986.1819,31.0,0.76
3387,53.2,1006.971,33.0,0.89
3388,46.96,1007.2521,46.0,1.09
3389,59.04,1021.9184,15.0,0.94
3390,50.44,1056.6858,36.0,2.05
3391,42.32,1099.3567,38.0,0.96
3392,43.0,984.6434,42.0,0.83
3393,58.2,978.1594,-4.0,0.85
3394,48.8,1304.6925,48.0,1.0
3395,45.76,1024.2835,13.0,1.89
3396,26.12,967.2478,107.0,1.08
3397,38.24,1163.8598,1.0,1.17
3398,59.16,1129.2587,29.0,1.08
3399,45.88,991.3487,14.0,1.48
3400,54.68,993.0423,46.0,2.14
3401,61.56,1175.7392,7.0,0.84
3402,44.44,981.0769,18.0,0.86
3403,45.16,1011.6428,84.0,0.98
3404,36.04,1046.6771,56.0,1.1
3405,40.84,1025.1022,17.0,1.93
3406,50.44,976.1885,54.0,1.06
3407,46.28,1034.4362,55.0,1.05
3408,46.08,1052.2873,27.0,0.97
3409,53.88,1014.0635,-5.0,0.83
3410,48.36,1142.0634,-2.0,1.95
3411,54.32,988.9254,45.0,1.04
3412,41.92,1100.171,37.0,0.88
3413,53.64,1027.1645,24.0,1.12
3414,54.4,1218.697,24.0,1.06
3415,55.0,1044.6674,15.0,0.9
3416,53.4,1054.618,13.0,0.79
3417,30.0,1068.7393,4.0,0.9
3418,42.68,987.2436,52.0,0.96
3419,43.44,1205.8777,27.0,0.97
3420,33.6,986.021,43.0,1.24
3421,40.76,978.8357,28.0,1.96
3422,43.52,1035.3155,17.0,0.93
3423,57.0,993.2428,59.0,0.92
3424,47.48,1036.8568,21.0,0.95
3425,38.44,1082.2535,41.0,0.93
3426,50.08,1011.5421,31.0,1.83
3427,38.64,1146.4262,91.0,1.05
3428,42.56,1013.3051,39.0,1.1
3429,30.72,967.968,96.0,0.98
3430,51.64,1000.0811,51.0,1.18
3431,50.84,1005.6798,50.0,1.94
3432,53.32,1007.986,-2.0,0.79
3433,56.76,963.0845,15.0,1.01
3434,46.72,1053.4524,50.0,0.92
3435,44.84,1160.9041,15.0,0.89
3436,57.96,1009.8278,7.0,1.83
3437,43.12,1032.9972,31.0,0.87
3438,42.96,1035.7289,43.0,0.85
3439,54.72,1389.5884,26.0,0.84
3440,23.44,1000.5408,20.0,0.92
3441,52.52,1051.2881,38.0,1.73
3442,35.2,1059.9308,113.0,1.03
3443,49.84,1250.8235,32.0,0.92
3444,39.16,1031.4392,39.0,0.91
3445,44.68,979.1655,50.0,0.87
3446,50.52,1038.0924,5.0,1.92
3447,58.68,1058.0025,12.0,1.19
3448,38.4,980.6442,61.0,0.88
3449,47.04,1036.5339,31.0,1.02
3450,44.88,1055.2861,47.0,1.33
3451,46.6,995.5782,13.0,1.78
3452,65.36,1004.0906,10.0,1.22
3453,53.08,1078.6818,-1.0,1.2
3454,46.92,1289.7149,47.0,1.07
3455,49.16,966.749,28.0,1.13
3456,46.08,978.885,47.0,1.25
3457,34.28,968.594,73.0,1.33
3458,34.56,1031.4837,17.0,1.37
3459,46.84,1054.1412,33.0,1.15
3460,45.68,984.8605,55.0,0.91
3461,53.92,1021.5929,17.0,0.92
3462,48.32,979.5648,101.0,1.77
3463,54.4,1130.0074,48.0,1.17
3464,56.08,1048.3984,49.0,1.09
3465,30.32,980.491,49.0,0.92
3466,55.12,983.7916,51.0,1.11
3467,30.04,1003.754,21.0,2.15
3468,37.0,1043.8179,45.0,1.07
3469,54.24,1038.088,20.0,1.06
3470,63.48,963.2146,17.0,0.92
3471,59.36,1021.757,13.0,1.15
3472,50.48,1020.5876,31.0,2.18
3473,56.12,1038.2644,19.0,1.25
3474,41.48,1028.9667,28.0,1.52
3475,60.24,1008.217,0.0,2.91
3476,52.16,1023.172,20.0,2.28
3477,44.16,1008.2585,35.0,1.98
3478,30.28,970.8366,103.0,1.04
3479,50.28,1001.0916,16.0,0.99
3480,50.08,1007.8034,68.0,1.1
3481,51.28,1023.8179,27.0,1.01
3482,49.44,990.708,34.0,1.95
3483,46.36,984.7325,2.0,0.95
3484,56.2,1004.9081,46.0,1.01
3485,31.08,987.7472,53.0,0.93
3486,38.56,983.7425,54.0,1.07
3487,55.0,990.2504,47.0,1.86
3488,46.2,986.5109,13.0,0.78
3489,43.2,1054.9426,56.0,1.26
3490,47.8,1031.6466,39.0,1.05
3491,28.84,1003.7818,25.0,0.92
3492,45.6,1393.8411,19.0,1.84
3493,42.2,976.1133,17.0,0.95
3494,35.2,998.1012,49.0,1.12
3495,50.32,1110.2457,91.0,1.05
3496,51.24,977.1395,14.0,1.11
3497,46.0,1000.9873,9.0,2.05
3498,44.76,980.669,78.0,1.09
3499,57.16,1034.7291,23.0,1.15
3500,42.08,979.0392,79.0,1.16
3501,47.64,1024.9179,48.0,1.01
3502,50.48,1003.1126,13.0,1.17
3503,39.36,1370.8955,72.0,2.03
3504,60.68,993.2714,54.0,1.08
3505,50.6,981.0648,10.0,0.93
3506,43.72,1017.9216,28.0,1.22
3507,59.56,1015.1522,25.0,1.2
3508,37.2,983.5847,63.0,1.91
3509,50.72,986.6301,34.0,0.78
3510,58.72,1051.183,27.0,1.08
3511,58.24,965.2949,21.0,0.95
3512,48.88,981.6562,61.0,1.09
3513,42.72,968.7102,52.0,2.08
3514,62.88,965.952,-3.0,0.89
3515,30.2,970.0581,37.0,1.0
3516,32.04,980.1129,24.0,1.03
3517,41.08,995.1072,29.0,1.04
3518,50.84,1065.7277,19.0,2.11
3519,47.24,1016.4348,-4.0,0.92
3520,35.96,980.3118,40.0,0.95
3521,45.16,1011.4939,92.0,0.92
3522,46.28,975.271,36.0,1.21
3523,41.16,1095.9588,15.0,1.93
3524,48.68,1031.652,36.0,0.96
3525,51.2,1041.7724,2.0,1.21
3526,48.6,1022.2656,38.0,0.9
3527,42.6,1131.9493,27.0,0.93
3528,47.04,1080.1359,46.0,1.91
3529,42.52,1010.297,15.0,1.01
3530,58.04,1014.4804,8.0,1.01
3531,52.88,1243.6107,2.0,0.87
3532,52.24,1353.4768,-1.0,0.94
3533,50.12,1028.0894,9.0,1.73
3534,52.4,1088.1587,27.0,0.77
3535,42.6,981.9532,9.0,0.89
3536,56.08,979.0702,61.0,1.01
3537,60.72,1050.7712,21.0,0.96
3538,28.2,1018.0499,21.0,1.96
3539,35.8,1030.7863,41.0,1.04
3540,34.28,1043.0451,53.0,0.94
3541,47.48,1015.9165,22.0,1.09
3542,44.32,1008.2143,18.0,0.97
3543,40.16,972.9957,75.0,0.95
3544,41.64,1049.9246,23.0,0.86
3545,46.64,1038.9219,-2.0,0.85
3546,51.16,1019.2249,37.0,1.0
3547,37.32,1017.7308,76.0,0.96
3548,52.88,961.8823,5.0,0.97
3549,42.72,1129.7564,51.0,1.76
3550,48.44,980.4717,41.0,0.94
3551,39.2,977.1094,15.0,0.96
3552,57.32,1006.4392,28.0,0.93
3553,56.44,1031.8305,-1.0,1.02
3554,50.52,1015.219,49.0,1.71
3555,52.32,1049.7918,26.0,0.86
3556,71.44,1007.9385,22.0,0.92
3557,52.04,1014.0732,25.0,0.76
3558,32.32,1054.5139,38.0,1.01
3559,40.8,1003.5069,0.0,2.07
3560,56.52,1025.9975,28.0,1.01
3561,55.0,1014.907,62.0,0.89
3562,46.6,1015.2935,13.0,0.96
3563,24.44,1011.8326,25.0,0.97
3564,52.68,1062.2938,36.0,1.84
3565,59.2,965.9114,-6.0,1.07
3566,54.04,978.7136,75.0,1.05
3567,43.76,975.9102,32.0,1.08
3568,48.4,1030.9194,-9.0,1.11
3569,54.96,1041.7832,19.0,2.49
3570,64.24,1041.2728,55.0,0.9
3571,39.32,994.8528,88.0,1.04
3572,49.72,1064.3165,28.0,1.25
3573,48.04,1041.4089,16.0,1.47
3574,46.96,1019.5416,60.0,2.22
3575,43.2,1036.9775,33.0,0.96
3576,44.92,1033.7836,51.0,1.2
3577,51.0,981.9158,4.0,1.11
3578,55.68,1051.7574,27.0,1.21
3579,53.24,980.3715,3.0,2.41
3580,46.84,1169.5195,4.0,1.12
3581,34.84,995.1522,115.0,1.18
3582,45.92,977.965,40.0,0.99
3583,60.96,1031.7058,9.0,0.98
3584,48.76,982.3479,25.0,1.01
3585,26.52,995.1706,83.0,1.15
3586,57.64,1008.3966,12.0,0.99
3587,50.48,1031.8896,5.0,0.97
3588,53.2,1021.257,14.0,1.09
3589,30.56,978.9604,88.0,0.98
3590,47.08,1050.6214,51.0,1.94
3591,46.92,982.7715,74.0,1.28
3592,44.56,1042.7355,47.0,1.08
3593,56.56,1040.5126,18.0,1.3
3594,51.0,1146.1727,66.0,1.05
3595,38.52,1240.8915,76.0,2.21
3596,51.08,971.0587,8.0,1.35
3597,32.76,975.3228,104.0,1.31
3598,50.4,971.9978,28.0,0.9
3599,53.4,978.1435,2.0,1.01
3600,54.6,1025.3759,-3.0,1.78
3601,49.6,1047.418,20.0,0.91
3602,52.76,1109.9772,7.0,0.89
3603,47.2,1032.7552,63.0,0.93
3604,47.36,1048.0366,53.0,0.88
3605,52.12,998.6556,26.0,1.67
3606,39.2,1406.9043,74.0,0.86
3607,58.4,1095.1748,46.0,0.88
3608,51.4,1034.78,47.0,1.07
3609,39.76,1018.4659,4.0,1.09
3610,47.4,1051.4333,74.0,1.99
3611,58.04,993.3918,31.0,0.92
3612,46.72,1035.7536,20.0,0.93
3613,31.88,997.8414,43.0,0.97
3614,49.64,987.7372,4.0,0.94
3615,42.2,997.7778,72.0,1.89
3616,42.24,984.0697,21.0,1.01
3617,38.0,1035.1894,48.0,0.99
3618,59.04,1076.4995,21.0,0.91
3619,56.04,1034.9829,21.0,1.1
3620,57.28,986.5497,39.0,1.99
3621,38.52,1014.6642,19.0,0.96
3622,56.36,1052.5167,28.0,1.01
3623,57.12,1018.8055,20.0,1.0
3624,43.0,981.1242,0.0,1.04
3625,61.64,1056.9588,36.0,2.19
3626,67.96,1006.9103,23.0,1.01
3627,38.64,971.823,39.0,1.11
3628,56.84,991.0392,7.0,1.4
3629,47.84,1001.0175,8.0,1.3
3630,58.4,1063.7772,48.0,0.94
3631,37.4,1138.3412,59.0,2.04
3632,57.0,963.4502,24.0,1.07
3633,26.72,1000.452,54.0,1.08
3634,42.96,1026.4668,47.0,1.02
3635,23.52,1002.4714,88.0,0.98
3636,48.6,1195.9532,38.0,1.95
3637,35.32,978.1354,50.0,0.96
3638,47.16,1058.5431,27.0,0.9
3639,54.04,979.3172,22.0,0.83
3640,45.32,1010.723,38.0,0.99
3641,60.84,1050.3651,1.0,1.75
3642,53.84,1291.6893,40.0,0.93
3643,44.08,1011.242,6.0,0.98
3644,45.8,1064.1611,26.0,0.98
3645,50.28,1230.4035,-5.0,1.06
3646,38.44,980.8306,72.0,1.62
3647,43.8,1035.214,-4.0,1.0
3648,49.56,1036.3359,66.0,0.93
3649,48.44,1055.1032,27.0,0.99
3650,37.4,1021.1058,11.0,1.09
3651,61.76,1044.3193,29.0,1.85
3652,50.36,1052.9513,7.0,0.87
3653,48.88,1036.9634,11.0,0.93
3654,58.36,1059.0979,27.0,1.01
3655,39.6,1035.2924,81.0,1.08
3656,47.04,1151.7325,47.0,1.84
3657,56.48,1076.5286,32.0,1.2
3658,38.32,1025.4538,0.0,1.09
3659,45.32,972.6008,21.0,0.88
3660,41.28,1206.9748,21.0,0.97
3661,50.52,1065.9634,36.0,2.3
3662,23.0,968.6649,70.0,1.19
3663,50.84,973.5196,2.0,0.88
3664,59.72,989.436,39.0,0.92
3665,40.32,1054.6676,35.0,1.18
3666,35.6,1028.3878,0.0,2.03
3667,40.56,1068.16,32.0,0.95
3668,40.32,1110.788,31.0,0.79
3669,54.76,1030.457,17.0,0.96
3670,39.04,1040.4714,2.0,1.17
3671,58.0,1028.8553,28.0,0.86
3672,31.6,996.8902,51.0,0.96
3673,49.68,1044.8236,10.0,0.86
3674,53.92,1049.9451,40.0,0.99
3675,43.4,977.1809,71.0,0.83
3676,41.24,972.4723,30.0,0.88
3677,39.88,1036.3813,21.0,1.73
3678,36.28,988.0251,65.0,1.09
3679,59.92,1051.9634,17.0,0.88
3680,58.76,1222.3448,14.0,0.9
3681,42.24,989.5084,69.0,0.96
3682,50.4,1081.3362,26.0,1.82
3683,49.48,1095.4266,5.0,1.08
3684,62.32,1018.0746,10.0,0.89
3685,52.8,1069.3358,32.0,0.93
3686,57.24,1137.5567,16.0,0.93
3687,56.68,1034.192,16.0,1.77
3688,53.44,970.466,14.0,0.98
3689,34.04,997.2446,22.0,1.0
3690,49.68,1030.8583,19.0,1.19
3691,49.6,1248.7576,4.0,0.88
3692,36.4,1001.8475,97.0,2.0
3693,55.96,1141.0002,-12.0,1.07
3694,39.8,1008.3338,-3.0,0.95
3695,32.72,996.2405,81.0,1.0
3696,40.92,1012.449,46.0,0.91
3697,52.16,1037.2826,34.0,1.81
3698,54.76,1248.6183,35.0,0.89
3699,44.84,1322.6983,23.0,0.9
3700,41.88,1056.1613,30.0,1.13
3701,47.44,972.0013,17.0,1.07
3702,51.2,1057.9107,1.0,1.79
3703,55.2,1004.7044,22.0,0.92
3704,55.08,984.6524,34.0,0.92
3705,49.16,1197.9466,41.0,0.92
3706,39.12,1088.496,50.0,0.94
3707,47.32,1034.2418,29.0,1.83
3708,55.6,990.742,31.0,1.0
3709,59.8,1021.7717,18.0,0.91
3710,51.2,980.6485,35.0,1.01
3711,35.92,1005.6443,31.0,1.18
3712,48.76,984.132,73.0,1.06
3713,45.44,964.6747,19.0,0.89
3714,37.88,981.3791,17.0,1.02
3715,57.56,977.1873,20.0,0.97
3716,50.56,976.5028,64.0,0.92
3717,37.44,991.445,65.0,0.96
3718,55.6,977.8832,28.0,2.02
3719,48.52,990.991,18.0,0.95
3720,51.56,1021.7132,4.0,1.04
3721,59.64,995.116,34.0,0.9
3722,52.12,1013.0538,6.0,1.04
3723,44.28,978.0385,107.0,1.8
3724,48.88,1014.688,11.0,1.17
3725,45.6,977.077,29.0,0.86
3726,63.16,980.1821,17.0,1.06
3727,53.6,967.0441,13.0,0.99
3728,59.68,1051.5314,17.0,1.85
3729,48.88,982.2944,29.0,1.07
3730,34.8,1003.3025,113.0,0.95
3731,43.4,967.0277,3.0,0.97
3732,38.8,972.4128,27.0,0.9
3733,57.92,1004.5743,21.0,1.78
3734,45.88,1003.0718,21.0,0.89
3735,47.52,1066.0267,6.0,0.89
3736,59.0,979.8478,2.0,1.1
3737,40.12,1053.9334,35.0,1.1
3738,52.08,983.0701,46.0,1.93
3739,58.88,985.9375,32.0,0.88
3740,55.28,1021.1684,-7.0,0.89
3741,44.48,1074.5953,41.0,0.96
3742,58.76,1173.4883,46.0,1.08
3743,44.36,990.7281,42.0,1.98
3744,63.2,1012.4388,6.0,0.98
3745,53.48,1158.1835,33.0,0.91
3746,48.56,997.9455,22.0,0.86
3747,59.12,1081.2357,31.0,0.91
3748,47.76,972.8162,2.0,2.0
3749,45.84,1037.1615,-5.0,0.92
3750,34.56,1060.5766,28.0,0.93
3751,37.12,1149.12,99.0,0.92
3752,53.2,1012.9356,58.0,1.01
3753,56.28,1018.765,10.0,1.76
3754,29.08,984.4097,51.0,1.04
3755,49.04,1021.4088,16.0,0.9
3756,51.68,1032.1092,2.0,1.04
3757,38.48,1050.2066,4.0,0.9
3758,56.88,1052.1888,23.0,0.9
3759,35.28,983.3884,58.0,1.74
3760,54.96,1072.4845,25.0,0.86
3761,40.84,998.3954,61.0,1.17
3762,44.64,1035.2059,51.0,1.13
3763,39.48,1142.9761,29.0,0.92
3764,60.76,1053.4406,24.0,1.82
3765,59.92,1200.2819,41.0,0.93
3766,46.92,979.7063,23.0,0.86
3767,47.16,1012.3994,23.0,1.05
3768,40.0,1036.4776,39.0,1.09
3769,52.8,1007.0581,57.0,1.89
3770,41.68,995.7228,50.0,1.17
3771,44.36,976.3096,39.0,0.91
3772,47.84,965.7398,2.0,1.01
3773,53.76,988.3682,54.0,1.11
3774,46.36,977.448,45.0,2.04
3775,52.0,983.4788,54.0,0.93
3776,49.28,1045.5571,34.0,1.2
3777,40.04,982.8879,50.0,0.96
3778,55.12,1160.0885,60.0,1.08
3779,43.64,982.2632,81.0,1.95
3780,55.84,971.9713,5.0,1.11
3781,40.08,1149.431,81.0,1.16
3782,47.64,993.6038,11.0,1.28
3783,48.28,1002.8044,1.0,1.17
3784,45.2,1045.056,10.0,2.03
3785,52.48,1010.461,52.0,1.22
3786,37.6,967.493,45.0,1.07
3787,52.48,967.0544,-3.0,1.04
3788,40.64,1110.4878,29.0,1.05
3789,47.32,1095.009,27.0,2.1
3790,42.92,983.2118,81.0,0.97
3791,64.92,1063.9349,0.0,0.88
3792,45.4,1033.2082,48.0,1.12
3793,51.72,1336.6383,30.0,0.95
3794,50.72,1080.5865,26.0,1.95
3795,53.68,1026.9204,44.0,1.15
3796,44.32,1001.7912,73.0,0.96
3797,60.92,1025.0222,9.0,1.06
3798,33.32,980.601,120.0,1.47
3799,48.0,1027.0205,9.0,1.13
3800,43.32,1066.6842,75.0,1.1
3801,40.0,1271.736,20.0,1.04
3802,58.64,1053.0356,15.0,1.16
3803,54.92,1044.4479,-2.0,0.95
3804,48.52,1064.21,80.0,0.99
3805,48.52,1331.1092,0.0,1.97
3806,49.68,1086.7632,0.0,1.06
3807,62.16,989.5376,23.0,0.97
3808,36.56,993.092,25.0,1.1
3809,50.6,1004.992,37.0,1.33
3810,57.32,979.0013,19.0,2.24
3811,53.32,1004.1015,48.0,1.36
3812,51.6,1097.7067,52.0,1.38
3813,55.76,1004.7346,80.0,0.95
3814,54.72,1196.7649,12.0,0.89
3815,41.48,1023.41,6.0,1.93
3816,49.64,1034.9692,48.0,0.91
3817,43.84,1063.5939,50.0,1.19
3818,54.56,1055.5528,40.0,0.97
3819,47.76,1054.7406,56.0,0.97
3820,48.16,977.1463,29.0,2.08
3821,22.64,980.6837,67.0,0.77
3822,39.56,1003.438,-2.0,0.9
3823,31.36,1010.8993,12.0,1.06
3824,55.68,1287.5365,25.0,0.87
3825,39.84,997.4628,36.0,1.92
3826,49.52,1010.259,11.0,1.0
3827,36.32,1050.631,56.0,1.13
3828,46.8,1038.9528,52.0,0.91
3829,51.08,980.3019,31.0,0.99
3830,44.4,994.9878,-3.0,2.09
3831,44.36,1017.3996,17.0,1.14
3832,29.8,999.8468,11.0,1.08
3833,51.24,1026.6803,39.0,0.96
3834,52.16,1020.0948,42.0,1.07
3835,36.96,1050.943,41.0,1.99
3836,51.84,1029.2037,-3.0,0.97
3837,46.64,991.8601,25.0,0.97
3838,37.0,1242.0048,26.0,1.0
3839,63.08,976.5084,53.0,0.91
3840,51.92,1051.0137,44.0,1.11
3841,58.24,991.9832,40.0,0.88
3842,47.6,996.7599,11.0,1.01
3843,49.56,1007.0829,33.0,0.97
3844,49.44,1008.9266,10.0,1.17
3845,59.08,974.8624,26.0,0.85
3846,52.08,1013.1652,36.0,1.78
3847,40.8,983.3097,55.0,0.98
3848,55.56,981.7828,11.0,0.91
3849,51.72,1052.8628,73.0,0.96
3850,47.88,1056.7854,36.0,1.07
3851,40.48,1021.3547,16.0,1.83
3852,56.08,1050.8927,13.0,0.87
3853,55.68,1023.5394,45.0,0.94
3854,40.28,1032.5553,39.0,1.17
3855,30.2,999.5888,60.0,0.9
3856,46.8,1051.8017,53.0,1.84
3857,55.96,978.5786,29.0,0.9
3858,47.48,1027.506,2.0,0.86
3859,62.96,1019.0244,17.0,1.04
3860,50.8,1062.1264,19.0,0.93
3861,57.2,1034.858,5.0,1.93
3862,45.92,1304.9908,64.0,0.87
3863,55.2,987.0877,23.0,0.97
3864,63.16,1039.7171,4.0,1.17
3865,60.4,991.1706,23.0,1.06
3866,45.16,990.126,28.0,2.13
3867,52.32,1007.955,63.0,0.9
3868,46.12,1067.1863,34.0,0.84
3869,29.32,998.0571,30.0,1.08
3870,42.6,1020.4963,40.0,1.59
3871,53.92,1036.8023,20.0,1.6
3872,48.8,1057.4479,60.0,0.89
3873,50.28,1132.9846,1.0,0.78
3874,35.76,1120.2677,60.0,0.89
3875,63.68,963.3931,1.0,0.89
3876,46.4,1027.5562,2.0,1.7
3877,46.24,1081.0134,34.0,0.97
3878,60.96,968.3651,4.0,1.01
3879,51.2,1335.0488,4.0,0.9
3880,41.72,1025.3208,18.0,0.93
3881,48.8,988.5759,13.0,1.91
3882,25.08,970.2484,64.0,1.16
3883,48.12,987.2616,4.0,0.95
3884,48.24,1020.5593,46.0,1.13
3885,61.48,1051.9214,14.0,1.03
3886,48.6,1247.7679,10.0,0.83
3887,40.88,964.2092,74.0,1.66
3888,33.72,984.4044,28.0,1.04
3889,27.4,999.1609,43.0,1.03
3890,44.88,1053.1581,71.0,0.93
3891,53.88,1096.2704,41.0,1.13
3892,56.92,1016.2187,5.0,2.49
3893,49.12,1011.7228,24.0,0.95
3894,42.72,1009.9324,63.0,1.11
3895,36.92,967.6563,49.0,0.99
3896,28.68,997.6041,13.0,0.84
3897,55.28,1038.0003,7.0,1.69
3898,53.36,1042.3927,70.0,1.05
3899,48.4,1105.2763,21.0,0.93
3900,51.08,1059.5112,30.0,1.04
3901,64.72,1095.4523,15.0,0.9
3902,37.56,983.3964,42.0,1.76
3903,42.12,981.411,38.0,1.01
3904,41.16,1012.1949,17.0,1.01
3905,53.72,1031.5023,44.0,1.08
3906,62.52,989.204,15.0,0.94
3907,60.6,982.6568,48.0,1.75
3908,39.72,973.9077,50.0,0.95
3909,44.4,1011.4858,46.0,0.94
3910,43.56,977.1867,52.0,0.85
3911,53.36,1016.4315,27.0,0.98
3912,47.84,1030.3852,39.0,1.92
3913,43.04,981.6509,31.0,0.91
3914,43.88,1034.3337,36.0,0.92
3915,48.72,1053.9621,77.0,1.17
3916,38.92,1042.6328,71.0,0.89
3917,46.52,1013.0824,59.0,1.97
3918,47.16,1007.678,2.0,1.05
3919,58.08,991.7926,45.0,0.97
3920,41.08,1022.773,-3.0,1.0
3921,45.24,1051.9081,-5.0,1.09
3922,35.68,974.6505,75.0,1.64
3923,42.64,1037.8241,58.0,0.79
3924,35.36,980.9273,26.0,0.89
3925,58.92,1054.9694,30.0,1.0
3926,63.76,1006.856,-2.0,0.91
3927,30.92,1011.6459,19.0,0.96
3928,47.36,976.9328,20.0,1.09
3929,52.48,1105.4131,-3.0,1.14
3930,33.6,978.8912,59.0,0.95
3931,47.28,1009.4474,6.0,0.88
3932,36.36,1001.3974,46.0,1.17
3933,64.84,1016.0212,38.0,1.75
3934,61.16,1270.729,29.0,0.87
3935,49.32,1020.501,43.0,0.96
3936,61.92,1178.6627,26.0,1.07
3937,55.96,1035.3206,2.0,0.93
3938,57.52,1038.856,23.0,1.86
3939,54.12,1016.8687,-6.0,0.92
3940,44.64,1136.8262,26.0,0.82
3941,52.96,1168.5536,-1.0,0.87
3942,46.76,1061.462,72.0,0.96
3943,55.72,1058.8413,33.0,1.85
3944,50.92,999.2351,23.0,0.91
3945,49.56,1062.8054,21.0,0.95
3946,43.12,975.1616,11.0,1.41
3947,51.84,1056.2134,22.0,1.05
3948,55.92,1063.3034,21.0,2.06
3949,46.84,972.8644,6.0,0.96
3950,51.32,1045.035,39.0,0.91
3951,48.16,1030.8496,23.0,1.07
3952,56.6,966.2694,45.0,1.03
3953,47.28,1093.4757,27.0,2.19
3954,49.44,980.7462,-3.0,1.03
3955,59.12,1181.1711,3.0,0.9
3956,21.52,1011.2917,-2.0,1.08
3957,39.64,977.6186,42.0,1.07
3958,57.16,969.7766,-4.0,1.93
3959,42.16,1135.9949,9.0,1.03
3960,43.4,1041.5778,45.0,1.01
3961,46.0,1038.5123,27.0,0.97
3962,50.2,1108.6576,44.0,1.04
3963,43.08,1001.6751,55.0,2.16
3964,45.32,1049.9476,1.0,1.07
3965,45.52,1031.969,18.0,0.94
3966,47.4,1144.2724,19.0,0.99
3967,53.52,1016.6261,22.0,1.25
3968,57.84,1075.7922,43.0,0.96
3969,50.2,1026.2416,33.0,0.97
3970,64.48,1101.7403,15.0,0.95
3971,55.24,1036.5845,1.0,1.59
3972,52.76,1092.1287,28.0,1.48
3973,44.24,1009.327,70.0,1.07
3974,40.2,1061.4556,26.0,2.23
3975,47.44,1161.1783,25.0,1.45
3976,51.24,1050.7414,1.0,1.09
3977,55.2,1215.6134,22.0,0.91
3978,54.08,1099.3686,22.0,0.89
3979,48.56,1016.461,25.0,1.89
3980,61.56,991.8656,43.0,1.32
3981,45.28,1146.4024,59.0,1.14
3982,53.12,1022.2274,3.0,0.88
3983,43.56,1043.2788,57.0,1.1
3984,51.6,1056.006,14.0,2.13
3985,46.96,1048.1398,17.0,1.08
3986,52.0,1171.74,14.0,1.02
3987,46.84,1050.5235,43.0,1.13
3988,51.12,1023.8016,33.0,1.23
3989,45.24,971.5932,2.0,1.93
3990,50.84,964.3643,10.0,1.06
3991,60.76,963.3475,11.0,1.19
3992,41.64,1026.9199,48.0,1.14
3993,64.28,1074.9678,-4.0,1.21
3994,50.52,1033.2469,40.0,2.1
3995,36.88,1029.6648,53.0,1.1
3996,52.0,1363.9448,47.0,0.87
3997,52.08,1136.3364,22.0,0.88
3998,58.12,1011.6352,15.0,1.03
3999,46.8,1082.7275,35.0,2.0
4000,54.92,1067.4015,44.0,0.78
4001,42.56,982.6436,23.0,0.73
4002,40.88,1032.6395,34.0,0.84
4003,47.16,976.9158,61.0,0.89
4004,45.08,1054.1281,49.0,1.95
4005,33.52,1010.887,26.0,0.9
4006,48.44,1063.3922,38.0,0.84
4007,56.76,1024.4466,17.0,0.92
4008,41.8,1072.0178,41.0,1.0
4009,62.32,1074.6716,29.0,1.84
4010,31.08,999.855,59.0,0.93
4011,55.4,1051.7413,39.0,0.85
4012,53.88,1066.5234,-7.0,0.8
4013,24.32,970.9455,43.0,1.01
4014,68.0,1237.0078,20.0,0.89
4015,45.52,1006.9609,37.0,1.91
4016,51.64,1010.6446,56.0,0.9
4017,56.28,1051.1204,29.0,0.88
4018,63.36,1019.6554,6.0,0.98
4019,51.52,1141.7534,33.0,0.97
4020,43.12,983.5596,29.0,1.93
4021,70.44,1047.5662,28.0,0.89
4022,40.32,1057.3994,74.0,0.92
4023,39.36,1036.3624,74.0,0.91
4024,30.56,1026.228,21.0,0.9
4025,58.68,1037.1533,23.0,2.0
4026,53.0,971.7143,4.0,0.9
4027,62.64,994.3354,41.0,0.82
4028,55.04,1045.3566,31.0,1.06
4029,39.32,1057.2335,48.0,1.16
4030,33.08,1017.2414,6.0,1.99
4031,58.76,1014.7219,21.0,0.97
4032,43.16,1033.6066,55.0,0.96
4033,58.68,1033.9257,42.0,0.92
4034,45.88,1011.004,58.0,0.94
4035,49.08,1114.1436,54.0,1.84
4036,53.64,1041.3995,65.0,0.84
4037,55.32,1038.384,3.0,0.84
4038,38.08,1013.5665,109.0,0.97
4039,61.52,1031.8967,7.0,0.94
4040,44.44,988.045,54.0,1.71
4041,47.32,1020.4896,45.0,1.03
4042,41.4,998.1599,24.0,0.88
4043,47.48,1103.4473,75.0,1.02
4044,38.32,968.1028,46.0,0.96
4045,43.4,1015.763,84.0,1.75
4046,62.04,1049.3547,25.0,0.87
4047,46.2,1052.0547,21.0,0.77
4048,52.48,1052.2474,0.0,0.87
4049,56.2,1033.3017,30.0,0.95
4050,50.24,995.2228,7.0,1.73
4051,55.24,1049.4577,16.0,0.96
4052,66.08,1025.4259,7.0,0.95
4053,40.08,1011.4514,27.0,1.03
4054,54.08,1020.2072,26.0,0.89
4055,47.4,977.47,52.0,0.92
4056,42.88,979.7709,86.0,0.88
4057,44.72,1049.8026,56.0,0.78
4058,53.24,967.762,31.0,0.93
4059,49.92,1038.9046,47.0,1.1
4060,58.68,978.1127,27.0,0.92
4061,61.6,1039.0309,17.0,2.14
4062,42.76,981.536,1.0,0.87
4063,58.4,1072.6837,64.0,0.85
4064,36.4,1007.2989,43.0,0.92
4065,52.2,1125.4941,44.0,1.03
4066,54.32,992.7864,46.0,1.91
4067,39.24,1018.4068,11.0,1.04
4068,39.44,982.9356,0.0,1.03
4069,30.0,968.7355,95.0,0.97
4070,51.52,1062.5846,107.0,0.89
4071,52.8,1032.5387,67.0,1.75
4072,60.12,1010.9795,-7.0,0.98
4073,33.64,1026.289,2.0,0.96
4074,49.72,1043.07,30.0,1.07
4075,45.44,1304.5128,59.0,0.92
4076,43.04,1028.8049,1.0,1.82
4077,60.48,994.6657,1.0,0.82
4078,52.88,1004.6704,45.0,0.91
4079,43.56,1086.9061,19.0,0.93
4080,57.48,1018.173,14.0,0.96
4081,35.8,983.9066,14.0,2.1
4082,48.24,1052.7644,21.0,0.92
4083,39.84,984.3172,82.0,0.78
4084,51.4,1043.5195,1.0,0.91
4085,36.44,1010.3232,36.0,1.04
4086,31.92,967.5235,46.0,1.85
4087,39.96,1010.8162,39.0,0.93
4088,30.88,1044.554,21.0,1.13
4089,53.68,1170.2797,-11.0,0.88
4090,46.88,1063.1196,101.0,0.89
4091,51.32,1143.4931,-5.0,1.95
4092,41.68,1006.6224,75.0,0.94
4093,44.16,977.6445,50.0,0.91
4094,58.76,1062.7982,44.0,0.92
4095,44.2,1053.6805,74.0,1.11
4096,47.84,1045.6203,43.0,0.99
4097,23.12,1000.4774,27.0,0.91
4098,38.2,999.702,17.0,0.92
4099,53.96,1005.5733,6.0,0.86
4100,31.32,1008.1541,7.0,0.93
4101,56.84,1046.8708,49.0,0.91
4102,54.8,988.0202,37.0,1.86
4103,62.08,1006.1781,5.0,0.87
4104,40.32,1040.3846,46.0,0.94
4105,30.84,1046.8407,45.0,1.05
4106,49.96,1135.8505,26.0,0.86
4107,46.0,980.2969,49.0,1.84
4108,46.52,992.1622,44.0,0.87
4109,28.56,969.7904,99.0,0.98
4110,55.0,1012.6401,34.0,0.88
4111,34.8,1036.7392,20.0,0.92
4112,42.24,977.646,58.0,1.86
4113,25.48,979.6325,78.0,0.79
4114,50.24,1015.8346,59.0,0.95
4115,24.16,982.3993,123.0,0.82
4116,54.84,1054.1751,13.0,1.05
4117,34.32,1000.587,2.0,1.83
4118,39.84,1050.1108,42.0,0.95
4119,32.2,1028.199,91.0,0.89
4120,51.6,1016.4056,1.0,0.95
4121,56.48,964.4938,-1.0,1.04
4122,58.36,977.2006,10.0,1.78
4123,49.92,972.3901,9.0,0.9
4124,56.2,1033.517,34.0,0.86
4125,53.92,998.463,4.0,1.15
4126,50.52,1082.7431,35.0,0.89
4127,48.76,1021.6762,60.0,1.65
4128,45.0,1015.9662,53.0,0.77
4129,58.6,1039.86,18.0,0.88
4130,25.6,1057.9578,77.0,1.06
4131,40.36,981.919,63.0,0.97
4132,41.52,993.924,41.0,1.85
4133,36.76,1034.7257,36.0,0.87
4134,59.28,1017.5257,31.0,0.94
4135,67.48,1017.6611,27.0,0.98
4136,44.24,1329.0605,3.0,0.91
4137,55.52,1020.2141,72.0,1.95
4138,42.4,984.227,19.0,0.87
4139,47.0,981.3114,28.0,0.85
4140,58.36,979.7858,28.0,0.84
4141,50.88,1033.1155,11.0,0.99
4142,50.32,1025.4254,50.0,0.87
4143,52.08,1285.9058,25.0,1.83
4144,48.12,1032.4199,0.0,0.91
4145,51.64,1018.698,54.0,0.87
4146,46.6,1052.7495,17.0,0.9
4147,51.0,1295.2892,24.0,0.82
4148,45.2,992.8785,31.0,1.84
4149,53.08,1023.1023,21.0,0.83
4150,44.64,1033.9176,37.0,0.94
4151,56.48,1049.9965,45.0,0.91
4152,30.6,1009.9934,24.0,0.9
4153,46.44,1061.1216,17.0,1.9
4154,56.28,1019.0476,25.0,0.85
4155,44.56,1002.8537,18.0,0.9
4156,55.56,1406.2718,33.0,0.85
4157,30.76,1016.9168,32.0,1.03
4158,45.12,1183.3348,23.0,1.73
4159,56.32,1019.0204,10.0,0.9
4160,57.72,1059.0696,21.0,0.93
4161,42.88,1010.2137,90.0,0.99
4162,51.2,1048.9746,21.0,0.8
4163,41.6,977.3782,34.0,1.75
4164,46.8,1034.4922,39.0,0.89
4165,57.72,995.8859,16.0,0.84
4166,57.84,1063.7285,17.0,0.82
4167,48.92,1331.6089,8.0,0.89
4168,42.12,1029.6854,19.0,2.0
4169,31.84,1010.8476,23.0,0.94
4170,61.44,1020.7924,32.0,0.92
4171,51.2,994.9158,-6.0,0.8
4172,47.28,984.2769,58.0,0.83
4173,47.0,1037.0309,24.0,1.85
4174,52.44,1048.0734,52.0,0.89
4175,50.36,989.4131,69.0,0.92
4176,58.44,1010.5468,4.0,0.94
4177,36.08,999.086,31.0,0.9
4178,41.84,964.4052,54.0,1.7
4179,51.28,993.6499,35.0,0.84
4180,38.68,970.6228,6.0,1.13
4181,45.72,1020.863,40.0,0.82
4182,49.28,1109.2778,76.0,0.85
4183,34.64,981.9801,67.0,0.86
4184,57.8,1017.4207,4.0,0.9
4185,27.88,1048.772,22.0,0.96
4186,56.76,975.7492,3.0,0.92
4187,48.24,1137.9382,90.0,0.92
4188,40.56,1100.447,43.0,0.9
4189,43.2,1177.487,43.0,1.65
4190,48.96,1015.8074,45.0,0.85
4191,60.52,1062.6767,5.0,1.08
4192,47.48,986.983,51.0,0.92
4193,53.52,1005.5339,18.0,0.9
4194,42.56,977.3642,47.0,1.91
4195,49.8,1047.682,42.0,0.91
4196,48.56,1012.2756,53.0,1.19
4197,57.36,1028.0554,27.0,1.08
4198,41.88,978.7179,50.0,0.91
4199,43.12,1065.1305,100.0,1.84
4200,45.32,1140.3326,37.0,0.88
4201,49.48,1062.5067,11.0,0.9
4202,52.72,984.466,35.0,1.07
4203,49.88,1135.7876,8.0,0.83
4204,33.56,1009.3294,21.0,1.99
4205,47.44,1000.0744,17.0,0.83
4206,29.64,979.966,51.0,0.81
4207,56.44,1062.0333,46.0,0.86
4208,51.84,1194.0956,32.0,0.88
4209,50.6,1019.7841,49.0,2.14
4210,45.28,1058.4284,-2.0,0.9
4211,35.24,982.4033,45.0,0.86
4212,52.28,1036.7115,52.0,1.08
4213,58.08,1027.3907,22.0,0.88
4214,40.16,1129.3932,-1.0,1.82
4215,47.0,1039.625,55.0,1.05
4216,48.12,1068.9927,48.0,0.84
4217,57.16,993.824,25.0,0.92
4218,45.68,1173.7084,42.0,0.85
4219,63.08,971.0285,0.0,1.62
4220,53.84,988.2921,52.0,0.84
4221,43.04,1063.9011,32.0,0.82
4222,58.72,1363.3902,26.0,1.06
4223,54.0,1033.8552,-6.0,0.83
4224,36.6,1083.046,84.0,0.86
4225,49.64,1049.7982,65.0,0.82
4226,36.0,974.7451,31.0,1.04
4227,39.16,998.1631,53.0,0.89
4228,50.24,1063.4186,25.0,0.88
4229,56.48,1004.1146,-3.0,1.01
4230,60.16,1052.5074,65.0,1.8
4231,68.88,978.2342,0.0,0.83
4232,58.6,1153.9801,42.0,1.05
4233,41.08,982.8333,67.0,0.91
4234,31.36,981.8502,86.0,1.07
4235,48.32,1183.7855,31.0,1.63
4236,45.44,999.459,20.0,1.05
4237,58.8,1032.8281,-1.0,0.82
4238,50.84,974.4142,44.0,0.92
4239,31.28,1010.2542,39.0,1.01
4240,56.36,1010.2242,43.0,1.92
4241,45.24,978.7342,17.0,0.92
4242,43.4,976.2912,16.0,0.81
4243,57.28,1022.1062,-5.0,0.9
4244,67.8,1014.7066,1.0,0.94
4245,46.4,983.0379,22.0,1.79
4246,52.24,1026.7667,23.0,0.95
4247,42.48,978.7866,54.0,0.87
4248,45.68,1327.891,27.0,0.89
4249,52.32,1061.6386,9.0,0.83
4250,62.84,976.9322,28.0,1.75
4251,36.12,1036.9168,7.0,0.81
4252,40.72,1088.3068,57.0,0.84
4253,51.76,1065.0306,71.0,0.85
4254,51.36,1010.7508,21.0,1.11
4255,37.6,993.6581,89.0,1.83
4256,49.28,1174.2351,36.0,0.99
4257,54.16,1289.0621,27.0,0.85
4258,52.08,1022.2758,26.0,1.05
4259,53.16,966.0226,8.0,0.96
4260,60.76,1048.189,4.0,1.87
4261,59.72,967.8093,27.0,0.86
4262,49.68,971.6695,27.0,1.05
4263,48.64,1018.5184,53.0,1.01
4264,49.04,977.4919,6.0,0.9
4265,48.6,984.3674,64.0,1.93
4266,53.32,1012.9886,57.0,0.85
4267,42.92,1027.4057,38.0,1.08
4268,47.56,1025.061,16.0,1.04
4269,54.52,978.1031,44.0,0.89
4270,34.44,1028.1247,106.0,0.92
4271,55.6,969.0314,7.0,1.73
4272,43.24,1017.9787,25.0,0.92
4273,56.08,981.7693,-4.0,0.91
4274,45.8,978.3926,43.0,0.95
4275,45.2,1059.2098,24.0,0.91
4276,69.76,1240.4239,3.0,1.82
4277,45.96,1031.315,17.0,0.93
4278,47.4,976.0261,28.0,0.92
4279,65.92,1046.8447,-6.0,0.85
4280,28.36,982.2162,80.0,0.9
4281,53.56,1386.2924,17.0,1.67
4282,49.16,1029.3924,19.0,0.96
4283,36.36,1040.8891,32.0,1.26
4284,50.92,1107.4201,51.0,0.87
4285,33.04,1014.7391,34.0,0.92
4286,43.92,1076.8247,20.0,1.77
4287,26.68,968.5198,58.0,1.06
4288,54.08,1049.2839,4.0,0.83
4289,49.24,963.9557,34.0,0.96
4290,25.88,997.3504,-7.0,0.84
4291,53.6,1153.4261,68.0,1.88
4292,50.08,1191.5609,79.0,0.84
4293,43.0,1151.8917,32.0,0.91
4294,24.8,999.7648,9.0,0.96
4295,38.04,977.7828,126.0,0.92
4296,47.76,1032.5991,24.0,1.79
4297,61.16,1023.3712,11.0,0.79
4298,30.0,1004.3886,17.0,0.87
4299,45.88,1008.9318,76.0,0.9
4300,42.72,1044.9908,20.0,1.01
4301,55.44,1018.1511,32.0,1.96
4302,49.04,1037.2349,17.0,0.82
4303,58.96,966.0179,30.0,0.86
4304,41.0,1034.5351,-5.0,0.89
4305,44.0,1366.5266,15.0,0.87
4306,50.52,1115.2502,48.0,1.93
4307,50.08,1008.0142,55.0,0.92
4308,54.56,1036.2609,6.0,0.79
4309,43.16,965.7516,32.0,0.89
4310,39.12,1009.7722,30.0,0.99
4311,46.12,1024.6962,64.0,0.92
4312,50.84,975.7688,25.0,1.0
4313,57.44,1051.5329,22.0,0.85
4314,46.48,976.9486,19.0,0.85
4315,53.28,1403.9796,29.0,0.82
4316,30.32,997.3276,11.0,0.96
4317,47.4,985.6165,17.0,1.71
4318,48.36,991.109,20.0,0.87
4319,32.88,991.5947,52.0,0.88
4320,48.72,1031.878,44.0,0.92
4321,42.96,977.7641,5.0,0.89
4322,54.16,1006.4319,32.0,1.82
4323,31.76,1035.1562,23.0,1.05
4324,63.24,1201.0119,36.0,0.87
4325,41.44,1089.8226,26.0,0.95
4326,54.24,1006.5285,37.0,0.94
4327,59.64,1203.3314,40.0,1.83
4328,39.44,995.5465,15.0,0.88
4329,50.76,979.4128,64.0,0.9
4330,33.96,971.1478,37.0,0.94
4331,50.64,1140.8024,53.0,0.87
4332,42.8,969.4189,45.0,1.85
4333,51.04,1183.9039,30.0,0.8
4334,54.68,1017.0914,25.0,0.84
4335,47.12,991.3702,16.0,0.96
4336,39.0,1175.3104,58.0,0.88
4337,45.52,1341.1431,7.0,1.76
4338,45.6,1319.6066,11.0,0.99
4339,53.36,1012.2812,16.0,0.84
4340,56.44,977.5016,47.0,0.87
4341,51.68,1104.7556,45.0,0.83
4342,47.6,1128.9073,51.0,1.98
4343,55.64,1004.6606,62.0,0.98
4344,53.56,1060.0556,-2.0,0.86
4345,36.84,983.4054,66.0,0.85
4346,51.32,966.4384,25.0,0.94
4347,30.36,979.6285,120.0,1.85
4348,37.0,974.4413,24.0,0.96
4349,52.6,1010.7783,25.0,0.83
4350,52.08,978.5969,63.0,0.9
4351,50.48,1062.5382,19.0,0.83
4352,55.24,1177.0515,24.0,0.81
4353,63.24,1033.5338,5.0,1.07
4354,50.4,1228.3057,-3.0,0.86
4355,34.56,1033.1116,42.0,1.09
4356,53.2,986.55,6.0,0.85
4357,57.2,964.2478,2.0,0.99
4358,49.16,1038.7906,26.0,1.85
4359,64.64,1018.1032,0.0,0.83
4360,44.64,980.989,29.0,0.81
4361,50.88,1052.1659,40.0,0.87
4362,48.04,1008.4733,-2.0,0.88
4363,64.24,989.5891,35.0,1.95
4364,68.64,963.3998,8.0,0.88
4365,46.32,979.6386,26.0,0.8
4366,45.04,1123.9556,35.0,0.99
4367,48.16,1019.0152,20.0,0.75
4368,29.44,1000.8842,25.0,2.01
4369,61.28,1090.5684,2.0,0.92
4370,46.52,1023.0323,30.0,0.87
4371,55.88,1060.947,76.0,0.86
4372,53.48,1122.0361,2.0,1.04
4373,50.88,1014.8759,31.0,1.85
4374,50.84,1075.8413,27.0,0.84
4375,29.8,1000.0397,66.0,0.9
4376,42.04,1068.926,25.0,0.88
4377,45.8,983.4621,43.0,0.87
4378,60.12,1059.5017,14.0,1.71
4379,31.32,970.9545,80.0,0.94
4380,41.52,1323.0016,31.0,0.86
4381,41.96,1009.3458,66.0,0.93
4382,46.72,1035.4582,0.0,1.04
4383,50.16,1050.741,33.0,1.81
4384,52.76,1021.4967,45.0,1.04
4385,44.08,983.8788,-8.0,0.9
4386,23.44,1035.5626,59.0,1.03
4387,25.04,1041.6852,95.0,0.93
4388,39.2,1081.0992,101.0,1.92
4389,49.6,981.2972,4.0,0.83
4390,40.44,1006.9856,47.0,0.85
4391,32.72,1060.5022,54.0,1.05
4392,42.52,986.437,51.0,0.89
4393,50.24,1013.8334,52.0,1.72
4394,51.84,995.4704,44.0,0.88
4395,50.68,1040.3011,28.0,1.09
4396,59.92,1023.1407,22.0,0.93
4397,50.76,1063.0617,41.0,0.79
4398,39.56,982.2561,101.0,0.84
4399,44.6,1078.8894,46.0,1.77
4400,29.72,978.9671,132.0,0.86
4401,49.84,976.3508,22.0,0.85
4402,42.76,1104.5969,28.0,1.01
4403,54.08,1332.6735,20.0,0.93
4404,37.96,1051.8061,40.0,1.88
4405,54.08,1019.6206,37.0,0.9
4406,22.76,999.3788,45.0,0.9
4407,25.04,969.4564,19.0,1.09
4408,55.72,1032.2729,30.0,0.89
4409,43.0,975.3928,11.0,1.96
4410,55.16,1071.5354,0.0,0.83
4411,42.2,1033.071,27.0,0.81
4412,51.92,1226.6762,22.0,0.87
4413,43.48,983.6922,42.0,0.9
4414,50.92,1087.3564,21.0,1.8
4415,47.4,1065.8758,19.0,0.95
4416,27.24,978.7526,81.0,0.87
4417,42.2,1008.4878,23.0,0.85
4418,53.36,1007.113,16.0,1.04
4419,47.48,1105.9525,47.0,2.0
4420,61.52,1012.8756,17.0,0.99
4421,37.24,1041.9118,84.0,0.91
4422,54.2,1062.8502,54.0,0.76
4423,40.8,1032.805,29.0,1.04
4424,60.12,1053.0295,23.0,1.99
4425,26.88,1002.4058,11.0,0.9
4426,59.24,1036.1914,6.0,1.08
4427,56.36,1061.9923,15.0,0.83
4428,38.12,1100.766,76.0,0.87
4429,51.44,1056.5247,29.0,1.88
4430,39.72,1296.9462,40.0,0.99
4431,58.68,1037.7109,29.0,0.85
4432,32.68,969.8247,72.0,0.85
4433,57.24,976.4014,1.0,0.91
4434,54.96,1038.0243,27.0,1.87
4435,41.28,1043.4026,15.0,0.96
4436,44.72,1022.3712,57.0,0.94
4437,51.92,977.4376,25.0,0.91
4438,54.0,1053.6664,60.0,0.88
4439,53.0,1047.118,20.0,0.92
4440,41.8,1043.48,1.0,0.99
4441,43.44,1238.6697,23.0,0.9
4442,45.68,1039.8026,47.0,0.83
4443,38.24,976.8502,14.0,0.96
4444,34.44,971.5017,47.0,0.95
4445,45.56,1106.2289,11.0,1.92
4446,55.64,1020.5417,13.0,0.87
4447,51.56,1030.6199,8.0,0.88
4448,55.44,1019.6324,0.0,0.98
4449,51.8,1063.8821,10.0,1.28
4450,42.92,1326.8811,7.0,1.98
4451,42.08,982.6139,-3.0,0.91
4452,59.48,968.665,4.0,0.95
4453,52.4,993.2232,56.0,0.86
4454,56.16,1028.804,62.0,1.03
4455,52.56,1011.7125,45.0,1.85
4456,46.92,1036.8682,5.0,0.86
4457,59.16,1086.5815,22.0,0.82
4458,31.04,1004.1385,75.0,0.89
4459,49.76,1248.212,64.0,0.83
4460,47.8,977.1109,88.0,1.72
4461,37.36,1042.3358,21.0,0.99
4462,47.0,1027.1239,-5.0,0.9
4463,48.68,1035.679,18.0,0.92
4464,54.32,966.0265,51.0,0.87
4465,44.68,1065.2131,74.0,1.77
4466,53.48,1082.6896,69.0,0.87
4467,55.52,1053.7633,16.0,0.97
4468,56.4,993.4209,45.0,0.95
4469,47.24,1071.8787,47.0,1.02
4470,46.08,1052.0116,7.0,1.92
4471,27.32,976.5973,72.0,0.99
4472,57.84,1032.3628,23.0,1.07
4473,59.52,1006.1996,18.0,0.93
4474,52.92,1246.2234,48.0,0.85
4475,51.84,1015.037,42.0,1.84
4476,55.56,998.3177,18.0,1.05
4477,30.0,1010.971,30.0,0.96
4478,37.84,1052.4344,140.0,0.82
4479,46.24,1033.0118,27.0,1.02
4480,55.6,1123.2812,41.0,0.94
4481,52.52,1022.1234,52.0,0.91
4482,64.0,991.4542,10.0,0.89
4483,46.96,1033.1319,36.0,1.08
4484,43.28,1051.6949,31.0,0.82
4485,32.68,977.4569,32.0,0.96
4486,52.88,1049.2492,29.0,1.65
4487,25.8,981.5669,46.0,0.89
4488,48.4,1131.5186,52.0,0.86
4489,53.08,1046.1198,31.0,0.92
4490,38.4,1009.5015,42.0,0.88
4491,53.92,1009.0305,48.0,1.83
4492,31.56,977.4686,125.0,0.88
4493,48.12,965.79,30.0,0.94
4494,38.28,1134.1224,70.0,0.88
4495,48.8,1069.284,60.0,1.03
4496,57.2,1045.4192,8.0,1.8
4497,48.92,1015.4523,45.0,0.92
4498,47.36,1030.6234,21.0,1.04
4499,46.36,1041.9095,44.0,1.01
4500,27.6,986.7247,53.0,0.94
4501,55.04,1335.0873,49.0,1.71
4502,51.16,1020.8765,64.0,1.18
4503,38.56,1001.3914,39.0,1.09
4504,58.88,1020.0724,19.0,0.91
4505,49.88,1122.853,39.0,0.91
4506,52.44,1033.1925,42.0,1.93
4507,54.28,1055.043,4.0,0.95
4508,32.4,999.009,70.0,1.05
4509,43.96,982.6874,67.0,0.86
4510,42.8,1040.1701,108.0,1.05
4511,27.8,1000.9234,45.0,1.82
4512,45.44,1011.9355,21.0,0.8
4513,39.0,972.5555,17.0,0.9
4514,53.52,1115.2169,22.0,0.89
4515,39.64,1126.8492,49.0,0.9
4516,50.48,1045.2826,-4.0,1.88
4517,46.12,1023.6999,2.0,0.82
4518,51.28,1043.6236,26.0,0.88
4519,32.48,981.231,99.0,0.64
4520,53.32,1050.1413,30.0,0.94
4521,50.68,1103.4622,50.0,1.86
4522,54.28,1027.939,19.0,0.82
4523,29.36,979.0154,85.0,0.82
4524,34.84,977.2906,104.0,0.99
4525,46.88,983.0488,45.0,1.0
4526,55.28,1017.3859,22.0,0.85
4527,44.8,994.5909,25.0,1.85
4528,50.88,985.2262,46.0,0.83
4529,53.64,1052.697,-4.0,0.89
4530,55.2,1006.2362,51.0,1.08
4531,28.28,1007.8806,59.0,1.07
4532,41.92,1036.2145,58.0,1.77
4533,51.28,1110.6737,45.0,0.99
4534,44.0,1015.5787,56.0,0.87
4535,60.0,1016.1114,53.0,0.94
4536,51.76,1148.4833,26.0,1.02
4537,63.64,1002.1807,16.0,1.79
4538,45.0,977.0004,44.0,1.12
4539,49.32,1093.5812,51.0,0.87
4540,54.84,1038.325,32.0,0.8
4541,51.84,1241.643,4.0,0.88
4542,40.04,1297.5567,72.0,1.7
4543,37.72,964.8112,12.0,0.84
4544,48.52,1016.4787,24.0,0.88
4545,51.6,1034.6557,34.0,0.82
4546,53.6,1051.5444,10.0,0.88
4547,49.36,995.5174,15.0,2.02
4548,49.52,1053.1454,38.0,0.84
4549,46.48,986.9972,79.0,0.96
4550,51.68,1050.6378,72.0,0.97
4551,51.76,1177.2402,53.0,0.86
4552,59.52,988.7056,49.0,2.02
4553,48.8,1387.3497,21.0,0.88
4554,53.16,989.0452,30.0,0.91
4555,52.08,1052.7484,45.0,0.87
4556,48.84,984.4635,11.0,1.09
4557,24.44,979.8682,89.0,1.84
4558,48.08,992.2546,40.0,0.91
4559,38.92,1324.6867,43.0,0.83
4560,42.76,1006.6993,10.0,0.87
4561,44.32,963.2772,27.0,0.81
4562,42.08,1051.276,42.0,1.69
4563,46.88,1067.0206,26.0,0.92
4564,60.48,1011.3137,5.0,0.95
4565,55.16,1080.605,23.0,1.04
4566,58.44,990.6795,70.0,0.99
4567,33.72,979.7595,34.0,0.86
4568,61.72,1263.8552,13.0,0.85
4569,59.36,1006.2057,36.0,0.94
4570,43.84,1001.8928,29.0,0.88
4571,31.84,1022.4266,73.0,1.0
4572,48.88,979.8822,-2.0,0.96
4573,50.72,1072.0644,35.0,1.66
4574,40.56,1031.3404,47.0,0.86
4575,48.36,979.4222,61.0,0.83
4576,54.56,1058.7922,52.0,0.88
4577,44.88,979.5163,64.0,0.87
4578,59.24,1157.891,72.0,1.85
4579,53.8,1013.5087,24.0,0.95
4580,43.44,1085.4377,21.0,0.95
4581,57.8,987.1166,54.0,0.82
4582,47.08,978.044,49.0,0.87
4583,40.36,976.7579,105.0,1.92
4584,61.52,963.6292,19.0,0.84
4585,53.56,988.3399,3.0,0.97
4586,25.76,981.3111,48.0,0.81
4587,53.64,1022.3342,0.0,0.88
4588,39.72,970.6681,36.0,2.03
4589,53.92,1022.0104,24.0,1.04
4590,42.52,975.3853,41.0,0.88
4591,45.96,1052.3522,-3.0,1.07
4592,58.8,1014.8798,11.0,0.91
4593,42.88,980.722,60.0,1.83
4594,48.36,1070.7942,11.0,0.86
4595,44.24,1054.7316,88.0,0.99
4596,66.12,975.6441,22.0,0.91
4597,42.2,1023.1754,57.0,0.9
4598,36.64,1065.0632,67.0,1.73
4599,37.72,1033.4622,22.0,0.83
4600,52.28,1047.7073,51.0,0.81
4601,44.16,996.613,0.0,0.84
4602,32.6,977.6819,20.0,0.96
4603,43.44,1042.6762,27.0,1.98
4604,61.0,994.7547,48.0,0.94
4605,29.44,1002.2211,49.0,1.08
4606,40.64,1034.3717,38.0,0.89
4607,39.32,975.9154,34.0,0.95
4608,44.4,1049.9503,3.0,0.93
4609,35.24,1135.1706,48.0,0.99
4610,62.64,977.7474,-1.0,1.0
4611,29.0,979.5994,7.0,0.97
4612,34.64,1041.8333,48.0,0.84
4613,49.8,995.2233,18.0,0.87
4614,47.72,1029.4781,35.0,1.94
4615,43.28,1033.5438,22.0,0.78
4616,48.4,1048.2766,26.0,0.9
4617,57.4,1103.4701,33.0,0.91
4618,49.72,1009.0557,61.0,0.91
4619,51.8,1020.4728,42.0,1.74
4620,43.4,1013.205,94.0,0.85
4621,55.2,1053.3409,-1.0,0.81
4622,40.28,972.5454,22.0,1.06
4623,59.56,991.4362,40.0,0.94
4624,38.16,969.7635,6.0,1.95
4625,47.0,1132.1802,10.0,0.83
4626,43.44,995.4915,-6.0,0.92
4627,34.48,980.3211,44.0,0.95
4628,42.96,1033.6042,31.0,0.9
4629,59.52,1060.9542,7.0,1.78
4630,54.68,1053.4778,6.0,0.87
4631,47.96,1053.3632,25.0,0.85
4632,52.64,1052.1478,9.0,1.02
4633,41.68,1034.5292,47.0,0.91
4634,38.64,1053.1474,37.0,1.63
4635,59.2,991.5628,24.0,0.97
4636,55.56,1222.1406,24.0,1.0
4637,39.12,1034.6374,21.0,0.87
4638,48.56,986.6826,23.0,1.04
4639,46.8,1066.0024,64.0,1.7
4640,51.8,1047.5924,1.0,0.91
4641,32.0,1060.7522,36.0,0.91
4642,47.28,1379.4252,9.0,0.91
4643,51.12,1033.2502,15.0,0.88
4644,47.32,1249.2594,0.0,1.87
4645,43.96,1046.3544,18.0,0.86
4646,40.08,964.1218,11.0,0.88
4647,27.84,968.6614,16.0,0.92
4648,49.32,1054.0159,-25.0,0.89
4649,48.16,1036.9103,13.0,1.85
4650,51.04,1020.6338,77.0,0.99
4651,36.84,981.5102,61.0,0.88
4652,59.64,976.9634,36.0,1.07
4653,66.04,1112.6441,24.0,0.81
4654,42.48,1113.9515,48.0,0.84
4655,42.32,1026.3507,16.0,1.79
4656,27.84,974.0125,29.0,0.94
4657,46.2,980.6544,14.0,0.9
4658,36.68,1140.1133,81.0,0.89
4659,49.16,1006.0166,48.0,0.98
4660,37.76,1079.8193,13.0,1.82
4661,49.96,987.679,77.0,0.83
4662,27.0,1014.3739,46.0,1.01
4663,44.68,1022.5528,56.0,0.92
4664,62.28,1155.161,7.0,1.01
4665,43.48,1004.4308,29.0,1.75
4666,36.28,1034.4894,1.0,0.91
4667,51.16,977.2393,48.0,0.9
4668,35.24,1033.6178,35.0,0.86
4669,38.6,975.4701,-5.0,0.91
4670,46.36,1056.3612,22.0,1.84
4671,42.96,1076.1996,22.0,0.75
4672,45.4,1040.0846,42.0,0.84
4673,54.12,1277.1971,27.0,0.91
4674,45.0,1024.6132,42.0,1.0
4675,56.92,1001.9093,43.0,1.93
4676,52.52,1095.5219,53.0,0.88
4677,49.12,1140.8814,6.0,0.88
4678,56.36,1105.2004,38.0,0.92
4679,48.16,1159.8582,53.0,0.93
4680,36.64,1050.195,26.0,1.85
4681,52.32,965.0714,36.0,0.9
4682,50.44,1041.75,36.0,1.05
4683,47.8,983.1466,5.0,0.97
4684,45.68,1027.8401,40.0,1.08
4685,50.92,962.6778,24.0,1.75
4686,60.0,1035.6039,8.0,1.0
4687,51.68,1062.3542,19.0,0.77
4688,61.76,1022.6599,24.0,0.94
4689,43.36,978.5135,37.0,0.9
4690,46.12,981.463,48.0,1.8
4691,54.8,1091.1036,47.0,0.99
4692,50.64,1051.0174,31.0,0.88
4693,49.36,1004.917,41.0,0.84
4694,51.48,1059.6622,-3.0,0.97
4695,53.4,1032.7817,47.0,0.98
4696,62.16,989.9091,16.0,0.91
4697,62.6,1032.7767,36.0,0.91
4698,41.52,1019.9871,29.0,0.93
4699,50.76,1023.5395,49.0,0.92
4700,26.36,979.0123,85.0,0.91
4701,70.8,1038.2156,13.0,1.92
4702,49.12,1019.7001,27.0,0.85
4703,42.8,1033.8722,42.0,0.89
4704,52.24,1030.3203,10.0,0.88
4705,41.56,1103.7726,53.0,0.92
4706,50.72,1044.4792,46.0,1.83
4707,46.4,1145.6184,66.0,0.82
4708,43.76,1025.3357,72.0,0.93
4709,44.08,1068.601,13.0,0.93
4710,43.6,1041.8786,63.0,0.89
4711,67.68,978.48,24.0,2.03
4712,54.36,1052.4154,54.0,0.86
4713,31.4,999.7548,54.0,1.0
4714,29.24,1001.2224,82.0,0.99
4715,38.76,1005.6733,32.0,0.93
4716,50.0,1066.881,62.0,2.01
4717,39.84,1032.4769,32.0,1.03
4718,30.6,1046.5348,40.0,1.05
4719,50.0,1023.3974,22.0,0.86
4720,47.8,1088.899,24.0,1.03
4721,52.04,1021.2782,41.0,1.82
4722,44.6,1011.7271,21.0,0.87
4723,51.84,1049.753,44.0,0.89
4724,33.08,996.3174,92.0,0.91
4725,38.16,1175.3791,21.0,0.88
4726,46.2,1033.6514,36.0,1.91
4727,63.08,976.5279,17.0,0.9
4728,52.8,1051.0806,32.0,0.86
4729,27.4,1006.9398,34.0,0.87
4730,54.44,1027.2769,2.0,0.82
4731,35.32,1039.7934,98.0,1.95
4732,28.08,970.882,79.0,1.0
4733,52.72,1038.9726,69.0,0.87
4734,49.36,1051.7541,91.0,0.88
4735,25.72,968.6513,63.0,0.94
4736,54.96,982.451,1.0,0.79
4737,50.88,985.8802,53.0,0.83
4738,59.16,1242.127,23.0,0.86
4739,55.64,1106.907,8.0,0.99
4740,55.04,994.2088,11.0,1.21
4741,43.32,1055.2637,18.0,0.94
4742,41.52,1053.3622,47.0,1.86
4743,24.52,980.6758,39.0,0.85
4744,51.64,1029.3904,9.0,1.01
4745,50.0,1170.7552,12.0,0.92
4746,62.2,1270.1545,7.0,0.86
4747,43.52,1021.9203,40.0,1.75
4748,26.12,1000.9001,29.0,0.89
4749,41.04,1075.271,21.0,1.01
4750,51.36,1129.5065,16.0,0.86
4751,31.76,1061.017,16.0,0.86
4752,36.76,1012.293,51.0,1.71
4753,38.16,1044.082,33.0,0.81
4754,47.28,1018.5184,1.0,0.9
4755,36.36,1014.7628,78.0,1.1
4756,51.6,1011.1622,18.0,0.89
4757,42.2,1028.1055,48.0,1.82
4758,39.32,963.4122,-1.0,0.82
4759,51.84,1190.8654,77.0,0.88
4760,48.44,968.8992,11.0,0.89
4761,54.92,1017.076,54.0,0.85
4762,54.92,1014.4258,16.0,1.72
4763,31.76,969.461,46.0,0.95
4764,58.44,1013.795,28.0,0.83
4765,48.48,1026.2315,3.0,1.06
4766,43.52,1051.6531,39.0,0.83
4767,56.88,989.4239,30.0,2.05
4768,52.32,1011.0442,33.0,0.81
4769,53.76,1051.2578,11.0,0.86
4770,48.2,991.8654,24.0,0.87
4771,53.32,1002.4298,54.0,0.89
4772,54.48,1034.4632,35.0,1.73
4773,38.04,1410.9857,52.0,0.85
4774,47.92,1034.8974,76.0,0.84
4775,60.44,1398.3743,27.0,0.8
4776,44.68,1155.6681,55.0,0.88
4777,48.52,1024.3748,-1.0,1.88
4778,56.16,1156.2972,20.0,0.87
4779,52.44,1050.0604,10.0,0.83
4780,54.6,991.8183,52.0,0.9
4781,56.12,1039.0829,-2.0,0.92
4782,53.0,963.0917,6.0,0.93
4783,25.2,972.1927,62.0,1.97
4784,38.56,1004.532,74.0,0.85
4785,60.56,966.9367,28.0,0.84
4786,48.2,1070.1602,25.0,0.97
4787,50.4,1038.42,6.0,0.94
4788,37.72,980.2692,26.0,1.81
4789,48.04,1104.3815,5.0,0.77
4790,55.32,990.4403,38.0,0.82
4791,44.0,1019.0545,60.0,0.97
4792,43.48,1350.914,26.0,1.13
4793,47.04,1050.5381,13.0,1.79
4794,47.48,963.734,21.0,0.93
4795,45.12,1037.6639,57.0,0.93
4796,48.52,1011.5751,31.0,1.02
4797,38.8,1059.3153,101.0,0.88
4798,46.04,1017.7954,43.0,1.91
4799,41.84,1057.5534,18.0,0.97
4800,45.28,981.6598,95.0,0.9
4801,48.8,1024.2212,25.0,0.96
4802,43.72,1059.0237,37.0,0.93
4803,46.24,1251.983,56.0,1.76
4804,54.08,1023.5781,17.0,0.9
4805,49.08,977.9698,24.0,0.87
4806,38.8,980.8107,87.0,0.97
4807,38.36,1035.2798,-2.0,0.93
4808,20.72,1000.0482,108.0,1.75
4809,59.32,1025.1883,27.0,0.92
4810,46.08,1004.7655,-4.0,0.86
4811,47.92,1014.8729,23.0,0.83
4812,60.28,987.5459,18.0,0.92
4813,61.08,1013.463,9.0,1.68
4814,45.0,967.8208,66.0,0.84
4815,44.64,1024.2142,85.0,0.94
4816,49.56,1358.1691,13.0,1.08
4817,55.08,1056.3142,38.0,0.96
4818,52.04,1015.1604,44.0,1.89
4819,35.72,1007.904,63.0,0.87
4820,55.72,1005.8159,23.0,0.9
4821,50.76,982.9947,0.0,1.13
4822,49.16,1051.989,39.0,0.89
4823,64.68,992.9444,2.0,0.91
4824,41.88,984.4249,63.0,0.88
4825,57.0,1026.2154,-2.0,0.89
4826,49.68,1033.2521,17.0,1.06
4827,65.88,1061.8663,33.0,0.87
4828,47.68,1026.0508,35.0,0.94
4829,44.48,978.4586,66.0,1.83
4830,34.2,968.95,61.0,1.06
4831,22.88,1003.5304,80.0,0.97
4832,51.32,1050.0532,46.0,0.88
4833,58.6,996.7794,33.0,0.78
4834,41.76,980.9202,22.0,1.72
4835,48.12,1037.7259,33.0,0.77
4836,44.68,977.266,45.0,0.92
4837,47.2,1165.1486,0.0,0.91
4838,57.92,1378.247,22.0,0.95
4839,57.64,1114.4494,53.0,1.72
4840,37.08,1077.7776,47.0,0.97
4841,40.4,988.2606,48.0,0.89
4842,53.52,1026.7965,-2.0,1.01
4843,51.24,1050.778,30.0,0.94
4844,38.2,1023.5431,13.0,1.81
4845,64.16,1035.5322,5.0,0.91
4846,36.2,1058.741,27.0,0.82
4847,42.32,1100.8587,41.0,0.92
4848,62.72,997.5936,-1.0,0.9
4849,62.48,1104.0982,35.0,2.09
4850,26.4,979.3786,70.0,0.85
4851,34.0,1071.4403,10.0,1.04
4852,34.4,983.5898,58.0,0.93
4853,62.28,984.1162,18.0,0.86
4854,35.96,1114.942,41.0,1.73
4855,42.52,1144.2517,65.0,0.83
4856,58.44,969.5591,2.0,0.84
4857,49.12,1022.4041,86.0,0.95
4858,41.72,993.2411,16.0,0.97
4859,53.12,1321.2681,20.0,1.73
4860,63.28,1050.0387,34.0,0.89
4861,57.44,1014.2419,30.0,0.82
4862,45.84,977.3954,91.0,0.87
4863,42.32,1054.7693,77.0,0.84
4864,29.44,978.8619,71.0,0.88
4865,48.48,988.9207,34.0,0.89
4866,49.32,1128.5961,36.0,0.86
4867,43.56,1046.9604,55.0,0.85
4868,37.6,1054.9931,151.0,0.79
4869,45.08,1024.0864,54.0,0.92
4870,54.0,992.0512,33.0,1.88
4871,53.68,1024.943,-1.0,0.88
4872,54.16,1052.1759,16.0,0.9
4873,37.52,986.879,50.0,0.86
4874,31.12,1009.1548,43.0,0.92
4875,49.08,1010.7734,54.0,1.73
4876,46.44,1008.3,20.0,1.08
4877,64.72,1047.6898,3.0,1.08
4878,50.28,990.5435,36.0,0.86
4879,32.88,1035.1622,53.0,0.86
4880,41.32,1030.6744,21.0,1.98
4881,42.16,1086.2045,59.0,0.94
4882,25.76,998.9688,49.0,1.2
4883,42.08,998.2861,68.0,1.22
4884,39.08,1036.0195,28.0,1.42
4885,33.84,976.2199,28.0,2.72
4886,42.44,983.4331,103.0,1.03
4887,41.88,1131.3188,16.0,0.91
4888,32.36,989.3327,-2.0,0.86
4889,59.16,1027.6644,7.0,0.91
4890,57.44,1074.336,14.0,2.08
4891,51.8,1050.3254,46.0,0.83
4892,58.08,1048.8386,-9.0,0.89
4893,48.64,1022.5234,10.0,0.97
4894,48.16,1053.163,55.0,0.99
4895,46.44,984.1245,16.0,1.84
4896,46.72,1019.4084,-6.0,0.84
4897,53.04,1057.6577,39.0,0.93
4898,47.36,1013.5477,41.0,0.95
4899,42.76,972.9315,17.0,0.94
4900,53.84,980.1974,45.0,1.86
4901,52.88,1015.0534,52.0,0.94
4902,57.0,1046.6304,39.0,0.88
4903,56.56,1060.2246,30.0,1.04
4904,40.2,972.2198,36.0,0.87
4905,49.32,986.0471,12.0,1.59
4906,58.8,1002.479,41.0,0.84
4907,46.4,1070.9016,7.0,0.92
4908,55.52,1117.8406,22.0,0.89
4909,58.52,996.9114,28.0,0.87
4910,48.84,1052.4833,26.0,0.91
4911,55.76,1119.1311,36.0,1.71
4912,48.32,1037.4496,19.0,0.96
4913,43.72,1043.9389,52.0,0.81
4914,46.84,965.0126,98.0,0.87
4915,44.0,1032.8429,41.0,0.85
4916,48.56,985.0148,18.0,1.66
4917,39.4,982.3258,33.0,0.79
4918,65.48,993.0535,20.0,0.9
4919,32.92,987.2035,27.0,1.02
4920,39.08,1034.949,18.0,0.98
4921,54.92,1031.956,28.0,1.84
4922,57.4,1073.5143,46.0,0.85
4923,57.68,1050.0984,43.0,0.79
4924,49.36,973.25,23.0,0.94
4925,53.4,1013.6455,17.0,0.94
4926,55.32,1037.625,34.0,1.82
4927,52.8,1049.8344,-3.0,0.79
4928,68.12,1015.841,5.0,0.93
4929,46.88,984.1135,32.0,0.91
4930,46.52,1049.1516,20.0,0.88
4931,37.08,981.8122,85.0,1.83
4932,33.16,992.976,25.0,1.1
4933,44.6,978.8602,54.0,1.0
4934,42.8,1053.4199,-1.0,0.93
4935,48.76,994.2791,10.0,0.91
4936,49.48,1080.9996,37.0,2.1
4937,40.84,1030.8708,47.0,0.8
4938,41.68,982.6399,58.0,0.94
4939,47.28,991.9988,14.0,0.8
4940,33.04,1061.1194,109.0,1.0
4941,36.64,978.5789,50.0,1.82
4942,55.76,1224.7559,32.0,0.83
4943,23.2,1002.8393,24.0,0.93
4944,52.56,968.3611,13.0,0.87
4945,45.04,1008.3806,2.0,0.81
4946,55.84,977.0394,-4.0,1.71
4947,24.12,1010.827,35.0,0.89
4948,39.32,979.771,57.0,0.87
4949,60.48,1018.3512,15.0,0.93
4950,43.32,984.3523,63.0,0.9
4951,56.12,1050.8701,56.0,0.89
4952,42.24,983.2795,20.0,0.79
4953,43.4,1053.4532,122.0,0.74
4954,53.96,1100.9666,6.0,0.96
4955,57.56,1050.5028,45.0,0.9
4956,46.76,1050.6902,126.0,0.99
4957,33.8,1019.7206,31.0,1.89
4958,47.92,1000.1898,6.0,1.08
4959,52.56,1036.1569,2.0,0.89
4960,50.12,984.1028,-3.0,0.92
4961,52.44,1077.6964,58.0,1.06
4962,56.64,1074.7358,52.0,1.76
4963,61.36,1026.6422,-2.0,0.83
4964,41.12,1052.3809,2.0,0.88
4965,46.08,1055.3155,31.0,0.86
4966,47.0,1382.5768,38.0,0.81
4967,50.52,1048.2826,9.0,1.86
4968,44.76,1049.6205,20.0,0.84
4969,56.12,1056.577,26.0,1.06
4970,34.72,995.9856,15.0,0.9
4971,46.96,994.9724,23.0,0.86
4972,51.24,1172.8341,52.0,1.76
4973,40.52,1039.2908,47.0,0.85
4974,39.04,973.871,24.0,0.85
4975,32.76,1054.4633,34.0,0.99
4976,52.64,1029.2261,0.0,0.89
4977,53.72,1030.4042,16.0,1.91
4978,40.52,1056.808,15.0,0.77
4979,50.88,976.4856,43.0,0.8
4980,31.04,971.6517,78.0,0.85
4981,34.0,975.1954,50.0,0.91
4982,47.48,1048.0702,21.0,1.93
4983,47.24,1037.6989,5.0,1.01
4984,55.36,1073.2865,27.0,0.86
4985,49.56,1041.2932,27.0,0.95
4986,32.0,1037.5053,31.0,0.88
4987,57.56,993.285,25.0,2.11
4988,54.04,1060.0748,43.0,0.8
4989,28.6,971.5953,13.0,0.9
4990,47.48,1142.3821,64.0,0.99
4991,55.44,1392.6952,10.0,0.83
4992,39.0,980.414,68.0,0.89
4993,43.48,1016.1708,33.0,0.81
4994,48.96,1031.6707,14.0,0.79
4995,25.88,1000.1806,45.0,0.86
4996,52.0,1050.4252,42.0,0.85
4997,51.88,1066.128,41.0,0.92
4998,55.0,1017.937,33.0,1.74
4999,48.8,1030.344,34.0,0.8
5000,31.72,997.4997,30.0,0.92
5001,49.36,1052.3273,41.0,0.84
5002,56.08,1029.1426,40.0,1.05
5003,39.12,983.0925,140.0,1.83
5004,61.44,1067.8506,-3.0,0.84
5005,54.32,1239.1208,18.0,0.88
5006,51.76,1022.3096,2.0,1.02
5007,28.84,980.0676,53.0,0.9
5008,60.32,993.2007,50.0,1.76
5009,35.68,981.7367,22.0,0.86
5010,47.16,1030.1952,17.0,0.95
5011,48.84,1055.9517,-3.0,0.94
5012,45.12,1010.5267,18.0,0.85
5013,51.56,1065.0155,6.0,1.78
5014,45.96,1038.8571,47.0,0.81
5015,39.16,1061.3915,13.0,1.01
5016,32.36,1056.2612,43.0,0.86
5017,46.88,1012.2927,38.0,1.07
5018,57.16,1025.5682,-1.0,1.91
5019,30.68,1014.6042,76.0,1.06
5020,47.52,1022.1899,6.0,0.85
5021,24.2,969.1548,17.0,0.94
5022,49.96,979.4244,74.0,0.9
5023,50.12,983.8504,32.0,1.97
5024,33.28,997.8525,5.0,0.89
5025,57.08,996.0624,43.0,0.92
5026,40.36,999.1351,60.0,0.95
5027,51.6,1023.1441,15.0,0.89
5028,37.84,1036.0034,38.0,1.72
5029,26.48,1000.4237,6.0,0.86
5030,45.16,1321.262,4.0,0.84
5031,50.36,1393.2764,28.0,0.79
5032,45.8,977.5358,79.0,0.91
5033,48.72,1256.028,82.0,1.88
5034,54.4,1009.697,43.0,0.89
5035,34.16,998.9386,48.0,0.89
5036,47.56,1063.1848,46.0,0.9
5037,42.92,973.1398,32.0,0.93
5038,54.56,1059.0517,46.0,0.99
5039,42.24,972.94,38.0,1.77
5040,38.92,979.9679,77.0,0.79
5041,51.52,1057.5419,31.0,0.91
5042,52.0,1086.7892,3.0,1.02
5043,38.88,1039.4187,99.0,1.14
5044,57.0,1032.3306,24.0,1.72
5045,57.36,1052.5562,38.0,0.86
5046,60.48,1044.9403,6.0,0.92
5047,43.24,1051.241,26.0,0.94
5048,57.8,976.53,35.0,0.86
5049,54.64,1073.972,47.0,1.73
5050,59.44,968.7177,15.0,0.8
5051,50.6,1048.1398,14.0,0.83
5052,46.28,1023.8501,53.0,0.98
5053,59.88,1005.8593,13.0,0.86
5054,42.52,1119.8759,40.0,1.81
5055,48.4,977.3192,0.0,0.8
5056,46.48,1051.5268,31.0,0.87
5057,49.92,1017.0732,54.0,0.88
5058,46.12,1003.4835,-1.0,1.12
5059,41.12,997.7606,60.0,1.81
5060,52.4,1213.6052,66.0,0.82
5061,48.64,1067.4277,21.0,0.88
5062,54.96,1072.8853,38.0,0.86
5063,37.6,1040.5308,1.0,0.87
5064,53.96,1093.0115,47.0,1.72
5065,32.8,971.0104,48.0,1.01
5066,55.12,1015.5772,32.0,0.91
5067,39.16,994.1244,-5.0,0.91
5068,49.8,1040.6676,22.0,0.91
5069,55.84,1052.0935,18.0,1.77
5070,55.2,1017.6563,53.0,0.89
5071,46.36,1047.684,43.0,0.99
5072,63.0,1054.3442,8.0,1.0
5073,65.96,1022.7321,-2.0,0.98
5074,52.76,1013.7541,8.0,1.77
5075,55.84,964.4077,34.0,0.83
5076,53.6,1048.8708,29.0,0.84
5077,53.04,1020.6402,2.0,0.84
5078,55.28,1087.1073,11.0,0.87
5079,46.12,1038.8796,4.0,0.92
5080,48.32,981.4722,40.0,0.74
5081,45.12,1065.2867,58.0,0.93
5082,45.16,1004.5595,46.0,0.93
5083,43.64,1027.8112,25.0,0.95
5084,50.92,1230.9652,5.0,0.9
5085,46.68,1029.0313,3.0,1.83
5086,47.4,1036.2574,11.0,1.0
5087,43.0,979.3386,35.0,0.96
5088,38.44,1025.6174,63.0,0.95
5089,30.6,1017.5565,46.0,1.07
5090,39.68,1047.8586,49.0,1.82
5091,51.48,1027.0396,-3.0,0.84
5092,41.32,995.989,32.0,1.0
5093,66.2,1075.6978,-1.0,1.04
5094,39.92,1033.3562,43.0,0.93
5095,43.0,969.0379,55.0,1.93
5096,61.6,1019.5895,-3.0,1.11
5097,51.32,1000.1634,46.0,0.92
5098,52.92,990.5336,40.0,0.89
5099,44.0,977.6944,38.0,0.88
5100,43.28,1038.9764,24.0,2.18
5101,55.56,1008.3634,55.0,1.07
5102,50.72,1015.0132,60.0,0.99
5103,50.0,1324.0315,55.0,0.89
5104,35.2,1003.3964,40.0,0.96
5105,43.68,1000.0918,54.0,1.98
5106,56.0,1021.6878,3.0,0.89
5107,39.56,1069.7525,50.0,0.87
5108,48.8,1068.0996,51.0,1.05
5109,61.92,1013.8632,44.0,0.84
5110,49.4,976.6751,23.0,1.81
5111,50.72,1066.5015,45.0,0.84
5112,30.24,998.8034,60.0,0.91
5113,38.96,980.4405,51.0,0.84
5114,47.44,968.1296,49.0,0.93
5115,55.48,1133.9209,25.0,1.82
5116,23.88,981.7113,85.0,0.9
5117,34.36,1001.8467,148.0,0.85
5118,30.48,980.1044,97.0,0.92
5119,53.8,1219.672,21.0,1.11
5120,52.12,1016.3715,1.0,0.82
5121,37.68,995.03,-3.0,0.92
5122,60.56,1039.4532,22.0,0.81
5123,47.92,1029.5113,18.0,0.9
5124,53.48,1008.422,30.0,0.95
5125,56.28,1006.0798,23.0,0.9
5126,66.24,1242.6403,20.0,1.77
5127,56.28,1022.3242,24.0,0.97
5128,38.88,1051.1604,2.0,0.85
5129,26.88,1004.0842,56.0,1.13
5130,62.04,964.9868,5.0,0.94
5131,55.4,1046.4409,14.0,1.67
5132,54.72,1064.1528,68.0,0.83
5133,49.68,1049.736,12.0,0.86
5134,45.76,1018.8225,-3.0,0.88
5135,32.36,975.4132,59.0,0.95
5136,49.08,1014.5145,49.0,2.04
5137,60.32,1213.9596,20.0,0.79
5138,38.2,1245.7026,24.0,0.89
5139,54.04,1049.8312,37.0,0.9
5140,39.76,979.7003,1.0,0.98
5141,34.92,1038.524,3.0,2.06
5142,56.4,1016.6024,55.0,0.86
5143,51.4,1035.5174,0.0,0.86
5144,31.92,972.1934,31.0,0.88
5145,47.12,1036.6902,28.0,0.86
5146,46.04,978.9459,38.0,1.95
5147,41.12,978.5006,19.0,0.93
5148,48.72,1015.1309,18.0,0.92
5149,30.28,972.1658,65.0,1.14
5150,55.4,1049.8109,7.0,0.96
5151,57.24,1003.697,29.0,1.81
5152,48.2,1146.4538,28.0,0.96
5153,54.12,1017.5432,30.0,0.96
5154,49.8,1034.6933,34.0,1.07
5155,45.24,1199.964,13.0,0.96
5156,45.68,1409.191,75.0,1.7
5157,42.4,1034.8561,50.0,0.85
5158,30.24,1062.2941,29.0,0.92
5159,48.12,1022.9822,37.0,1.09
5160,40.56,1048.7253,3.0,1.02
5161,50.64,1066.886,23.0,1.78
5162,43.48,967.3058,44.0,0.77
5163,51.8,1113.4742,39.0,0.9
5164,41.72,1026.3279,43.0,1.0
5165,63.76,992.1992,7.0,0.88
5166,46.28,996.3126,69.0,0.89
5167,59.4,1032.8284,16.0,1.74
5168,52.0,1001.0499,20.0,0.76
5169,49.08,1116.9824,50.0,0.81
5170,42.12,1033.6131,28.0,0.91
5171,47.16,1022.2022,22.0,1.03
5172,37.96,994.1577,33.0,1.94
5173,53.24,1042.5941,29.0,0.95
5174,48.92,1054.5218,16.0,1.03
5175,49.88,1065.3797,38.0,0.99
5176,50.0,1242.5695,29.0,0.94
5177,50.88,1061.4781,42.0,1.67
5178,39.68,1411.2107,38.0,0.85
5179,50.52,1029.9106,24.0,0.96
5180,48.56,1008.6962,35.0,0.89
5181,61.32,1009.8546,38.0,0.83
5182,60.88,1032.4072,6.0,1.77
5183,49.88,1406.5042,51.0,0.79
5184,51.96,990.5234,-10.0,0.91
5185,50.68,1193.0708,16.0,0.78
5186,40.72,980.6114,56.0,0.97
5187,56.12,1327.7249,27.0,1.78
5188,42.68,1009.221,12.0,0.89
5189,26.56,972.8115,52.0,0.88
5190,61.0,1039.479,36.0,1.1
5191,43.04,1057.183,27.0,1.0
5192,51.4,989.0108,48.0,1.85
5193,50.84,1115.4977,-10.0,0.78
5194,61.48,991.2506,22.0,0.83
5195,49.88,978.1954,14.0,0.9
5196,58.8,973.3041,-3.0,0.71
5197,51.64,1021.064,40.0,1.85
5198,51.32,1035.7006,8.0,0.87
5199,36.88,1000.4958,31.0,0.87
5200,51.24,1011.4816,-1.0,0.89
5201,48.68,1048.6818,51.0,0.89
5202,53.4,1065.1945,19.0,1.8
5203,61.72,1065.1606,26.0,0.87
5204,56.72,1023.179,22.0,0.99
5205,59.0,1060.2267,31.0,0.84
5206,51.52,1330.565,-2.0,0.88
5207,49.48,1218.5969,11.0,1.05
5208,26.76,978.7843,33.0,0.91
5209,50.68,1170.849,13.0,0.74
5210,52.88,1166.0432,-1.0,0.89
5211,53.24,1074.3804,3.0,1.13
5212,58.36,1034.5623,5.0,0.98
5213,56.16,968.2741,-7.0,1.76
5214,35.68,1061.044,55.0,1.05
5215,47.68,1032.2388,21.0,0.94
5216,46.88,1029.8528,36.0,1.18
5217,50.36,1033.625,14.0,1.0
5218,44.2,1256.5187,-1.0,1.82
5219,39.92,1035.3056,61.0,1.0
5220,55.72,1123.1721,31.0,0.85
5221,45.44,1142.1846,40.0,0.92
5222,62.16,1006.9504,28.0,0.97
5223,45.12,1136.1372,38.0,1.88
5224,52.96,1141.9615,8.0,0.84
5225,46.84,1017.5601,47.0,0.89
5226,55.0,1020.696,24.0,1.07
5227,49.56,1099.8254,21.0,0.81
5228,42.12,1420.609,21.0,1.72
5229,50.48,1060.1303,34.0,0.85
5230,40.56,1058.8532,79.0,0.86
5231,67.88,975.4167,1.0,0.85
5232,31.0,983.742,79.0,1.02
5233,49.6,1032.4517,24.0,1.78
5234,44.32,1031.9381,17.0,0.97
5235,46.0,980.9339,84.0,0.79
5236,38.4,994.7726,32.0,0.9
5237,49.0,1062.4889,18.0,0.84
5238,38.0,1024.5808,43.0,1.97
5239,51.24,1022.9059,0.0,0.82
5240,54.04,1005.5512,1.0,0.81
5241,51.92,1101.8244,1.0,1.05
5242,50.56,1045.5445,48.0,0.86
5243,41.4,1044.983,34.0,1.67
5244,52.0,1048.8668,55.0,0.93
5245,59.6,1019.3462,6.0,1.05
5246,48.56,992.3956,56.0,0.9
5247,67.44,1023.7574,27.0,0.96
5248,39.0,1061.0134,28.0,0.89
5249,51.24,1141.2589,25.0,0.86
5250,36.32,977.1939,26.0,0.9
5251,48.4,1022.8072,74.0,0.77
5252,50.48,1192.7016,37.0,0.91
5253,49.0,1051.0086,89.0,0.94
5254,53.0,1020.9656,46.0,1.96
5255,36.8,988.5562,35.0,0.86
5256,42.36,973.9405,7.0,0.93
5257,45.64,997.6432,63.0,1.11
5258,44.84,1027.4816,31.0,1.09
5259,44.0,1024.0816,31.0,1.87
5260,49.92,1061.6575,41.0,0.87
5261,62.68,992.2968,33.0,0.95
5262,31.08,1003.9356,44.0,0.93
5263,42.96,1081.0514,70.0,0.83
5264,38.52,971.5367,46.0,1.94
5265,39.72,1032.6357,78.0,0.86
5266,48.4,1240.7707,35.0,0.84
5267,46.8,1033.6911,44.0,0.82
5268,33.68,1084.8456,51.0,1.02
5269,27.04,974.1354,102.0,1.96
5270,52.72,1022.6002,40.0,0.93
5271,55.48,986.6847,9.0,0.92
5272,47.88,1023.311,6.0,1.03
5273,39.92,977.7169,43.0,0.95
5274,38.16,976.1841,28.0,1.96
5275,48.68,1032.5467,15.0,1.05
5276,39.2,979.8598,81.0,0.79
5277,42.0,1002.4866,28.0,0.95
5278,41.12,981.0243,1.0,0.93
5279,44.4,1062.9588,14.0,1.92
5280,34.64,982.438,88.0,0.9
5281,56.72,967.8218,55.0,0.97
5282,38.28,1042.7797,59.0,1.02
5283,45.36,962.626,25.0,0.91
5284,59.12,1033.9882,9.0,1.78
5285,46.0,1058.7761,26.0,0.79
5286,52.76,1127.5181,39.0,0.76
5287,36.12,1078.1738,36.0,1.0
5288,42.92,1006.1564,38.0,0.98
5289,50.08,1038.1989,32.0,1.69
5290,46.32,998.4079,10.0,0.67
5291,40.64,1034.0291,27.0,0.82
5292,50.4,1019.2365,50.0,0.86
5293,40.16,1055.6477,61.0,1.02
5294,65.24,989.3328,17.0,0.9
5295,35.2,980.1151,69.0,1.82
5296,35.04,1022.0396,69.0,0.87
5297,47.84,965.7124,35.0,0.88
5298,45.12,1052.2745,23.0,0.79
5299,47.64,1051.0159,29.0,0.91
5300,54.6,1140.4105,32.0,1.66
5301,56.68,1005.6413,21.0,0.91
5302,42.76,1004.6606,47.0,1.09
5303,44.24,984.2777,87.0,0.9
5304,37.4,1035.1146,16.0,0.92
5305,46.48,1036.1467,12.0,1.88
5306,50.12,1010.9975,19.0,1.01
5307,57.44,974.0337,-2.0,0.86
5308,47.28,1046.4392,42.0,0.87
5309,49.8,1061.9265,41.0,0.86
5310,42.04,1049.4011,75.0,1.81
5311,51.12,1026.8794,19.0,1.07
5312,43.52,1049.7158,5.0,0.86
5313,45.92,1033.1527,38.0,0.88
5314,58.32,994.26,55.0,0.88
5315,45.16,1032.5646,42.0,1.76
5316,49.68,1037.3984,40.0,0.87
5317,38.76,1243.2852,43.0,0.8
5318,33.48,975.9817,64.0,0.87
5319,38.56,1041.1456,31.0,0.97
5320,50.72,1033.6906,56.0,1.79
5321,51.04,1147.2763,52.0,0.84
5322,50.64,992.315,106.0,0.88
5323,31.24,1016.7652,24.0,1.12
5324,51.08,1238.3188,25.0,0.89
5325,51.92,1092.8088,52.0,1.83
5326,54.08,1090.2095,14.0,0.87
5327,38.4,997.7973,103.0,0.88
5328,32.92,1006.2824,16.0,0.99
5329,49.88,1022.7011,39.0,0.9
5330,57.48,1037.5063,21.0,1.89
5331,32.44,981.2848,88.0,1.05
5332,44.72,983.1834,25.0,0.82
5333,53.12,1055.0019,34.0,0.91
5334,61.8,1074.8672,37.0,0.95
5335,53.76,1031.7857,-5.0,0.91
5336,28.88,982.1898,51.0,0.88
5337,34.0,985.214,8.0,0.85
5338,60.4,987.9984,28.0,0.84
5339,57.88,979.836,1.0,0.97
5340,57.0,1052.6612,6.0,0.91
5341,47.56,1033.2972,45.0,1.78
5342,62.76,1238.89,27.0,0.86
5343,43.8,975.1853,29.0,0.9
5344,28.24,1002.4185,77.0,0.9
5345,63.72,1044.1596,53.0,0.92
5346,54.76,1175.7572,9.0,1.77
5347,49.0,981.5747,44.0,0.73
5348,38.76,980.2459,35.0,0.79
5349,63.2,993.2343,36.0,0.85
5350,51.76,1057.6116,36.0,0.95
5351,41.28,1008.9218,77.0,1.86
5352,36.36,1011.6946,32.0,0.78
5353,63.48,1030.515,-1.0,0.98
5354,58.72,993.6143,13.0,0.99
5355,29.56,1049.4231,36.0,0.93
5356,32.36,969.9598,49.0,1.84
5357,22.64,1000.3634,31.0,0.88
5358,47.72,1072.0781,36.0,0.98
5359,33.44,1031.4799,25.0,0.86
5360,49.84,979.8497,25.0,0.88
5361,58.8,994.532,22.0,1.97
5362,54.68,1171.161,21.0,0.86
5363,48.56,1095.0644,28.0,0.84
5364,37.32,1041.503,-4.0,1.01
5365,43.56,973.3873,20.0,0.97
5366,53.92,976.1174,24.0,2.04
5367,45.84,1026.9431,55.0,0.94
5368,44.52,1043.9243,75.0,1.07
5369,43.08,987.8058,34.0,0.93
5370,47.96,1050.4388,57.0,0.92
5371,52.28,1091.3675,36.0,1.8
5372,53.36,964.2532,48.0,0.89
5373,52.12,1290.828,24.0,1.03
5374,31.04,1000.1899,21.0,0.88
5375,64.72,1001.3092,46.0,0.95
5376,50.76,987.1178,54.0,0.86
5377,56.24,1053.3293,43.0,0.85
5378,43.96,984.1241,45.0,0.87
5379,55.12,1053.8592,11.0,0.8
5380,56.72,977.7879,18.0,0.91
5381,43.0,1052.7696,21.0,0.86
5382,37.08,982.6096,29.0,1.8
5383,39.68,977.6934,24.0,0.92
5384,59.88,1058.2836,71.0,0.93
5385,38.8,1055.7387,102.0,0.81
5386,23.0,988.6714,23.0,0.87
5387,31.76,1004.6241,58.0,2.0
5388,59.28,1046.0196,54.0,1.18
5389,45.0,1022.6534,66.0,0.99
5390,36.48,969.7324,5.0,0.87
5391,58.24,1008.1067,23.0,0.97
5392,36.24,1034.6212,27.0,1.97
5393,68.48,964.8692,21.0,0.84
5394,53.84,1038.2718,78.0,1.01
5395,49.08,1029.1649,13.0,0.93
5396,48.44,1045.4618,8.0,0.99
5397,47.76,1039.5535,-8.0,1.8
5398,40.68,1036.7023,30.0,0.82
5399,40.36,986.4451,5.0,0.91
5400,40.0,1243.3852,11.0,0.93
5401,53.28,987.1858,24.0,0.86
5402,37.72,1062.1406,40.0,2.01
5403,53.88,1031.8442,2.0,0.85
5404,61.76,1088.8191,-7.0,0.89
5405,58.16,1033.473,26.0,1.19
5406,41.96,983.75,86.0,0.86
5407,39.68,1031.7891,55.0,1.9
5408,56.4,1075.4475,2.0,0.88
5409,40.76,1047.7122,32.0,0.85
5410,50.8,978.5008,16.0,0.94
5411,56.88,1051.0044,-2.0,0.92
5412,29.44,985.7048,69.0,1.95
5413,45.08,1034.0376,29.0,0.77
5414,57.6,1060.0557,47.0,1.02
5415,42.24,1037.5836,28.0,0.78
5416,58.2,1022.024,8.0,0.95
5417,53.32,1288.3646,22.0,1.86
5418,59.92,969.1889,1.0,0.92
5419,50.48,1020.6854,27.0,1.16
5420,37.68,1041.6436,76.0,1.05
5421,63.52,1030.6551,5.0,0.91
5422,52.96,1017.4512,1.0,0.85
5423,37.28,977.8653,48.0,1.81
5424,63.64,1412.5209,12.0,0.76
5425,44.68,965.8881,23.0,0.98
5426,54.32,996.8312,1.0,0.9
5427,52.64,1054.7288,22.0,1.02
5428,42.0,1007.4856,11.0,1.84
5429,37.64,967.8078,71.0,0.85
5430,35.0,1013.563,114.0,0.95
5431,46.4,1043.9461,18.0,0.94
5432,48.32,1037.1139,74.0,0.86
5433,54.96,1003.9982,73.0,1.7
5434,45.2,1026.5973,41.0,0.83
5435,41.72,983.4289,61.0,0.88
5436,61.16,1144.764,46.0,0.86
5437,50.64,978.2248,33.0,0.85
5438,47.48,1059.0521,18.0,1.6
5439,44.92,1039.7233,16.0,0.89
5440,36.64,1043.7636,63.0,1.05
5441,52.36,1115.7508,81.0,0.84
5442,50.56,978.5966,27.0,0.89
5443,53.0,980.9641,-6.0,1.78
5444,43.12,1068.4131,16.0,1.02
5445,50.52,966.5793,1.0,0.9
5446,50.24,1053.4694,41.0,0.87
5447,44.4,1063.7146,69.0,1.1
5448,49.76,1047.2218,17.0,1.94
5449,30.72,1008.5748,61.0,0.93
5450,50.8,1026.1179,42.0,1.12
5451,49.24,1410.1289,38.0,0.86
5452,46.52,1012.8985,26.0,0.97
5453,45.24,981.5304,1.0,1.83
5454,50.4,1064.9134,70.0,0.85
5455,53.32,965.8559,-1.0,0.92
5456,41.96,1009.8346,15.0,0.92
5457,50.2,1066.2127,84.0,0.83
5458,55.88,1008.8417,2.0,1.84
5459,43.68,1060.2565,61.0,0.82
5460,39.72,1195.3472,22.0,0.85
5461,58.12,985.6085,40.0,0.87
5462,46.16,1130.6294,20.0,0.86
5463,44.52,1044.8806,54.0,1.06
5464,43.48,980.2846,6.0,0.84
5465,61.32,1216.2707,52.0,1.05
5466,39.2,982.1214,55.0,0.88
5467,53.12,980.9322,35.0,0.85
5468,52.0,1076.968,45.0,1.14
5469,46.76,1010.6437,27.0,1.92
5470,47.88,1135.1021,48.0,0.84
5471,51.96,994.6476,29.0,0.91
5472,48.88,1192.9956,23.0,0.96
5473,48.04,966.241,73.0,1.17
5474,50.48,1055.7544,55.0,1.73
5475,51.68,995.6463,45.0,0.91
5476,38.48,1118.3959,41.0,0.86
5477,42.76,1053.7112,55.0,0.85
5478,56.32,1025.14,16.0,0.94
5479,64.0,1004.0631,27.0,2.0
5480,51.8,962.9225,-5.0,0.83
5481,38.88,1320.3626,22.0,0.86
5482,32.84,1372.3276,46.0,0.83
5483,39.36,1034.4352,10.0,0.88
5484,58.6,1060.8226,7.0,1.9
5485,47.2,984.7909,7.0,0.82
5486,35.44,1006.0995,39.0,0.77
5487,46.84,1033.7829,15.0,1.01
5488,56.48,1093.6886,33.0,0.88
5489,43.88,1027.7982,8.0,1.75
5490,52.04,980.8704,4.0,0.72
5491,58.48,1038.572,15.0,0.82
5492,62.16,988.2327,5.0,0.84
5493,51.64,1052.5116,77.0,0.84
5494,48.56,1033.403,27.0,1.68
5495,42.16,977.646,31.0,0.95
5496,54.44,1052.7508,13.0,0.92
5497,58.16,962.9373,29.0,0.88
5498,58.4,1041.0078,49.0,0.86
5499,50.92,1052.8973,7.0,2.13
5500,45.4,1052.1592,36.0,0.85
5501,47.64,1064.5208,72.0,0.87
5502,51.24,1014.6066,28.0,0.84
5503,51.4,1127.7085,5.0,0.88
5504,43.68,995.8275,36.0,0.9
5505,39.48,975.5576,8.0,0.89
5506,50.16,1030.4073,25.0,0.74
5507,54.32,1079.4282,31.0,1.01
5508,56.04,1032.5438,73.0,0.98
5509,47.52,978.4337,32.0,0.91
5510,27.68,1002.9957,6.0,1.69
5511,40.04,1082.7197,39.0,1.04
5512,31.56,1008.9234,34.0,0.95
5513,56.04,1026.4129,20.0,0.9
5514,43.4,1033.664,22.0,0.92
5515,62.72,1131.2528,20.0,1.71
5516,63.84,966.8305,10.0,0.8
5517,46.0,1064.7414,1.0,0.84
5518,59.84,1059.6362,44.0,0.87
5519,61.16,1080.0998,21.0,0.96
5520,52.56,1002.1025,2.0,1.86
5521,45.84,1021.0521,73.0,0.89
5522,44.6,1053.8882,52.0,0.87
5523,36.2,1026.1953,19.0,0.88
5524,55.2,989.1605,35.0,0.98
5525,38.68,1060.3121,96.0,1.78
5526,25.24,1012.5315,73.0,1.01
5527,48.0,1038.0058,67.0,1.21
5528,44.28,1065.2898,33.0,0.96
5529,47.76,969.3457,13.0,0.9
5530,41.88,976.4868,26.0,1.81
5531,61.24,1033.5086,6.0,0.81
5532,47.92,978.867,33.0,0.92
5533,47.68,1010.816,65.0,0.83
5534,46.0,1033.8262,39.0,0.96
5535,45.16,1026.0466,26.0,2.09
5536,32.96,985.3488,73.0,0.87
5537,65.92,1045.9742,42.0,0.84
5538,30.0,1000.4013,23.0,0.9
5539,41.84,1033.9052,81.0,0.89
5540,48.84,1376.6222,2.0,1.82
5541,53.0,1002.3848,3.0,0.81
5542,47.92,1004.1267,-3.0,1.11
5543,24.04,1014.9456,24.0,0.94
5544,32.8,1000.6919,43.0,0.91
5545,52.88,1017.662,55.0,1.94
5546,38.64,1049.2387,26.0,0.96
5547,63.2,1025.4156,6.0,0.97
5548,38.52,1002.3744,8.0,0.96
5549,52.08,987.4594,9.0,1.19
5550,43.24,1025.5544,61.0,1.19
5551,55.32,1046.1539,32.0,1.99
5552,41.36,1064.799,36.0,1.02
5553,38.08,1034.4709,1.0,0.94
5554,43.84,1064.7698,1.0,1.02
5555,47.24,1025.0037,62.0,1.1
5556,47.2,1074.4169,24.0,2.29
5557,36.16,1040.298,30.0,1.04
5558,31.44,1035.206,17.0,0.97
5559,54.48,989.8064,29.0,1.0
5560,59.76,1050.4614,1.0,1.12
5561,29.88,976.6419,30.0,2.11
5562,40.88,1033.6969,60.0,0.94
5563,36.8,1142.403,18.0,0.91
5564,50.36,1068.0648,90.0,1.09
5565,48.88,965.8251,6.0,1.1
5566,50.2,1052.1432,45.0,2.03
5567,52.48,1060.247,64.0,1.08
5568,41.68,1077.4619,25.0,1.0
5569,46.52,1060.1868,85.0,0.96
5570,47.8,973.3454,13.0,0.95
5571,50.68,1096.4776,28.0,1.83
5572,55.56,1334.1748,-1.0,0.78
5573,50.64,1015.1805,46.0,0.8
5574,36.52,982.3934,45.0,1.06
5575,43.4,1033.8015,48.0,0.94
5576,27.6,1127.0004,28.0,1.87
5577,59.0,970.3791,30.0,0.8
5578,48.08,1038.5796,44.0,1.13
5579,40.52,980.8592,91.0,1.06
5580,31.8,982.1889,79.0,0.9
5581,42.0,988.9352,68.0,1.89
5582,54.92,1032.4458,-4.0,0.82
5583,48.48,1033.6943,16.0,0.79
5584,49.68,988.9426,19.0,0.77
5585,49.16,982.0438,11.0,0.75
5586,52.44,1043.3456,-9.0,1.84
5587,58.64,1007.5285,34.0,1.03
5588,50.56,1053.4556,55.0,1.03
5589,52.68,1019.1124,0.0,0.94
5590,35.4,996.256,34.0,0.98
5591,49.04,1026.1967,47.0,1.03
5592,37.56,978.3152,59.0,1.06
5593,39.36,1027.8426,70.0,1.11
5594,55.0,1378.5341,30.0,1.03
5595,50.28,1003.5288,35.0,0.88
5596,53.92,995.5046,68.0,0.93
5597,26.36,1029.4494,65.0,2.1
5598,54.56,1039.3885,14.0,0.9
5599,50.0,1006.388,23.0,0.95
5600,49.72,1018.4876,1.0,1.05
5601,46.92,1036.9916,14.0,0.99
5602,50.88,1177.4501,19.0,1.79
5603,37.08,1041.1365,14.0,1.26
5604,35.64,973.8615,63.0,1.01
5605,52.52,1009.0481,43.0,1.2
5606,56.88,1006.5949,-7.0,1.24
5607,48.08,1213.1292,23.0,1.99
5608,24.8,1001.0191,40.0,1.04
5609,32.76,1024.4709,31.0,1.27
5610,44.72,984.0319,74.0,1.0
5611,47.4,1245.3534,44.0,0.9
5612,48.08,1022.85,34.0,1.93
5613,50.16,1047.0732,22.0,1.05
5614,65.2,992.0528,5.0,0.94
5615,36.52,995.6723,50.0,0.88
5616,48.84,1047.9672,21.0,0.88
5617,54.24,1025.925,-3.0,1.76
5618,45.36,983.7391,26.0,0.86
5619,28.6,1015.1936,49.0,1.1
5620,60.72,1175.5244,7.0,0.85
5621,48.28,1021.2951,78.0,0.86
5622,51.68,1040.4648,8.0,1.76
5623,57.28,1022.7838,49.0,0.96
5624,40.96,1000.392,21.0,0.93
5625,56.68,1376.9789,3.0,0.91
5626,36.36,996.9042,49.0,0.95
5627,43.52,983.1092,71.0,1.91
5628,21.04,980.8196,86.0,0.76
5629,61.88,1208.366,37.0,0.94
5630,35.96,1040.4965,40.0,0.92
5631,35.68,1027.7074,37.0,0.92
5632,56.56,1061.0431,64.0,0.87
5633,49.0,1024.2231,3.0,0.91
5634,44.64,1175.8478,37.0,0.81
5635,42.56,1126.685,7.0,0.78
5636,63.6,989.6365,2.0,0.96
5637,45.4,1050.0602,21.0,0.89
5638,52.76,991.223,85.0,1.57
5639,48.2,1026.2947,34.0,0.94
5640,62.52,1008.9609,37.0,0.96
5641,54.6,1036.1396,35.0,0.86
5642,53.4,981.5562,20.0,0.84
5643,46.52,978.5699,38.0,1.7
5644,57.24,1040.9541,25.0,0.85
5645,43.76,997.9213,-2.0,0.94
5646,53.92,1097.66,78.0,1.2
5647,43.96,1006.7218,8.0,0.9
5648,50.4,1156.1933,-2.0,1.65
5649,44.64,1022.6904,40.0,0.87
5650,40.56,1064.5236,61.0,0.86
5651,44.28,971.2528,10.0,0.87
5652,56.08,1025.3522,29.0,0.85
5653,27.32,1000.6303,78.0,1.89
5654,56.36,1032.3115,26.0,0.96
5655,60.2,1048.1959,20.0,0.87
5656,50.04,1057.4857,29.0,0.98
5657,40.68,1013.1662,46.0,1.09
5658,69.04,975.4451,21.0,1.74
5659,53.2,1105.7718,0.0,0.82
5660,43.64,980.2146,32.0,0.81
5661,40.04,1026.0523,21.0,0.87
5662,45.04,1360.873,31.0,0.96
5663,51.52,1012.2247,47.0,1.73
5664,49.28,1112.5806,22.0,0.98
5665,54.48,1065.2517,24.0,1.05
5666,45.2,1058.9644,19.0,1.05
5667,49.6,1048.9593,31.0,0.84
5668,41.32,1064.1836,49.0,1.84
5669,62.92,993.2694,-5.0,0.8
5670,49.8,977.0592,69.0,0.92
5671,33.4,995.7389,38.0,0.94
5672,43.96,1031.1364,24.0,0.99
5673,44.12,1028.6862,-2.0,1.83
5674,55.36,1008.1393,31.0,0.85
5675,50.4,1014.8972,24.0,1.01
5676,25.8,972.1411,56.0,0.92
5677,51.36,1070.6714,27.0,1.08
5678,42.44,1002.2662,35.0,0.88
5679,36.32,984.8378,30.0,1.67
5680,43.88,1034.4086,35.0,1.0
5681,34.0,974.6305,52.0,0.94
5682,38.84,1032.0379,30.0,0.92
5683,55.12,1065.5036,52.0,0.83
5684,28.08,1002.0028,65.0,1.89
5685,43.92,1024.891,-1.0,0.9
5686,49.36,1346.5265,30.0,0.95
5687,44.24,1174.8441,33.0,0.84
5688,64.0,1059.92,9.0,0.85
5689,23.96,979.4465,91.0,1.76
5690,40.32,1020.2316,72.0,0.97
5691,53.4,1010.9582,24.0,0.9
5692,54.6,1143.326,43.0,0.87
5693,48.12,1012.1906,32.0,0.93
5694,44.92,1028.4103,12.0,2.04
5695,42.8,983.9634,30.0,0.9
5696,35.4,1065.1946,28.0,0.83
5697,51.2,1117.9676,6.0,0.86
5698,31.68,1036.7569,25.0,1.08
5699,50.08,977.4497,25.0,1.75
5700,47.16,1221.296,46.0,0.85
5701,40.52,979.1746,1.0,0.87
5702,52.08,1154.361,50.0,0.87
5703,41.28,1191.1045,13.0,1.01
5704,42.24,1044.6995,33.0,1.96
5705,28.84,1009.1308,22.0,0.9
5706,47.64,1033.3048,24.0,0.94
5707,30.2,969.4864,32.0,1.04
5708,39.56,1000.6444,31.0,0.89
5709,53.2,1203.9948,15.0,1.9
5710,30.0,1001.7834,50.0,0.85
5711,28.84,980.9744,69.0,0.9
5712,56.8,1087.1973,4.0,1.48
5713,53.68,998.1732,54.0,1.36
5714,46.32,984.2086,99.0,2.16
5715,49.12,1137.8756,100.0,0.97
5716,41.72,1062.2614,24.0,0.95
5717,38.96,978.2255,48.0,0.93
5718,53.16,1013.4097,39.0,1.21
5719,34.88,1148.4599,60.0,0.85
5720,47.64,1141.4908,57.0,0.8
5721,35.56,980.5402,98.0,0.73
5722,36.72,1189.7173,63.0,0.82
5723,50.84,1179.6713,31.0,0.85
5724,42.96,972.6387,23.0,0.96
5725,64.04,975.3537,0.0,1.77
5726,38.6,972.153,24.0,0.92
5727,58.84,1045.7184,44.0,1.04
5728,42.6,1033.171,56.0,0.89
5729,37.08,970.8502,73.0,0.94
5730,55.84,1046.1479,3.0,1.76
5731,52.8,1054.3252,16.0,1.0
5732,53.04,1008.8047,46.0,1.77
5733,59.84,997.5066,29.0,0.89
5734,44.04,971.0385,29.0,1.13
5735,36.44,1078.0962,70.0,1.75
5736,52.72,965.9284,8.0,0.95
5737,41.72,996.5456,44.0,0.9
5738,64.16,986.6102,14.0,0.97
5739,31.72,977.7356,93.0,0.87
5740,51.88,1034.5447,21.0,1.79
5741,42.96,984.5768,12.0,0.9
5742,60.52,1023.8275,41.0,0.82
5743,39.96,978.2182,48.0,0.83
5744,39.88,1038.2958,23.0,0.98
5745,55.8,987.9586,24.0,1.78
5746,52.52,1183.0297,25.0,0.78
5747,51.76,1078.7384,19.0,0.84
5748,61.0,963.6346,-7.0,0.9
5749,53.56,965.8092,58.0,0.87
5750,51.36,976.8071,50.0,1.76
5751,60.32,1266.4704,30.0,0.84
5752,46.0,1030.6591,37.0,0.84
5753,42.12,984.269,29.0,0.92
5754,32.2,982.3382,25.0,0.77
5755,30.56,1150.5111,99.0,1.71
5756,41.68,1000.5925,34.0,0.93
5757,62.36,1097.0907,3.0,0.84
5758,45.8,1016.4542,49.0,0.87
5759,64.08,1053.047,27.0,0.91
5760,54.28,1237.9882,18.0,0.94
5761,55.08,1155.7386,31.0,0.98
5762,35.8,977.0485,26.0,0.92
5763,45.2,982.57,28.0,0.83
5764,50.44,968.7312,3.0,0.88
5765,55.6,1018.9846,2.0,0.93
5766,53.4,1027.069,28.0,1.9
5767,52.28,1028.9255,45.0,0.85
5768,35.84,996.1104,43.0,0.94
5769,43.08,1032.2026,42.0,0.9
5770,48.92,1015.4111,15.0,0.8
5771,51.64,975.7772,8.0,1.95
5772,45.96,977.0527,3.0,0.93
5773,49.2,1052.017,44.0,0.83
5774,51.68,1000.5055,53.0,1.09
5775,54.8,1050.3848,31.0,0.85
5776,62.76,1260.8078,32.0,1.74
5777,48.88,982.7469,35.0,0.83
5778,52.08,1007.9535,69.0,0.83
5779,47.8,1001.4096,45.0,0.89
5780,47.84,1027.5448,37.0,0.98
5781,49.88,964.9723,28.0,1.84
5782,41.48,962.7991,8.0,0.93
5783,52.04,1024.6116,16.0,0.97
5784,39.6,994.0717,35.0,0.94
5785,44.68,1052.6804,7.0,0.96
5786,42.2,987.3192,65.0,1.84
5787,48.28,972.1849,25.0,0.88
5788,52.2,975.7186,22.0,0.87
5789,55.76,1006.0676,49.0,1.26
5790,49.56,1020.34,87.0,0.93
5791,52.0,977.062,41.0,1.85
5792,50.16,993.131,38.0,0.86
5793,57.28,1105.1172,51.0,0.87
5794,43.36,1129.6524,44.0,0.87
5795,29.96,979.4394,97.0,0.91
5796,39.76,1000.9942,8.0,1.91
5797,51.84,1011.1405,41.0,0.83
5798,32.32,970.0268,42.0,0.88
5799,61.16,991.3921,34.0,0.88
5800,53.96,1033.3481,44.0,0.89
5801,48.32,1026.4247,41.0,1.99
5802,28.64,997.5527,4.0,0.89
5803,44.8,982.1098,33.0,0.86
5804,51.84,1005.0956,68.0,0.89
5805,65.32,1013.6877,16.0,0.86
5806,49.92,983.7088,53.0,0.92
5807,50.6,1017.7846,23.0,2.04
5808,60.08,976.6649,30.0,0.85
5809,44.6,1161.4724,38.0,0.94
5810,35.52,1021.8758,25.0,0.98
5811,55.16,1012.1186,23.0,0.98
5812,39.4,1163.7774,6.0,1.78
5813,59.6,987.1557,23.0,1.18
5814,46.6,994.2648,25.0,0.84
5815,43.04,1011.4621,76.0,0.99
5816,66.08,977.6096,27.0,0.8
5817,52.84,1045.4315,3.0,1.89
5818,46.56,1060.7249,19.0,0.82
5819,44.88,1034.364,1.0,0.85
5820,50.92,1029.6832,18.0,0.81
5821,44.6,984.2594,22.0,0.86
5822,41.2,1039.3078,63.0,1.98
5823,38.92,1013.4616,42.0,0.92
5824,33.76,1071.714,50.0,0.91
5825,59.2,1033.153,-4.0,0.84
5826,58.96,1076.639,49.0,0.88
5827,52.72,991.3854,10.0,1.72
5828,53.56,1051.6307,53.0,0.82
5829,49.6,1012.0382,36.0,0.89
5830,47.08,978.7228,36.0,0.91
5831,50.6,989.6393,6.0,0.8
5832,59.28,1043.4978,25.0,1.66
5833,32.04,1034.072,28.0,0.86
5834,53.12,994.7274,51.0,0.85
5835,46.12,1008.1044,48.0,0.94
5836,43.84,1137.0418,32.0,0.86
5837,44.76,973.0014,15.0,1.82
5838,54.92,1010.8972,40.0,0.88
5839,49.16,1016.9738,18.0,0.84
5840,44.16,1067.736,32.0,0.97
5841,49.4,1033.8945,33.0,0.91
5842,33.52,1033.6116,26.0,1.78
5843,37.96,1013.4717,57.0,1.09
5844,45.96,1005.2345,63.0,0.93
5845,53.12,1025.6262,24.0,1.12
5846,48.08,1022.9244,26.0,1.02
5847,46.6,1013.271,54.0,1.02
5848,48.12,1049.0451,23.0,0.86
5849,47.4,1022.559,64.0,1.0
5850,35.04,1003.8258,66.0,0.94
5851,43.68,963.2228,72.0,0.92
5852,35.8,975.3412,25.0,0.93
5853,47.52,1329.9893,7.0,1.75
5854,39.2,1049.6399,13.0,0.85
5855,62.68,1242.5951,52.0,0.83
5856,45.4,977.6841,27.0,0.82
5857,41.88,1002.5041,37.0,0.93
5858,53.52,1012.6853,29.0,1.73
5859,50.04,1007.1508,21.0,0.97
5860,53.76,1049.057,2.0,0.94
5861,40.48,1000.065,105.0,0.86
5862,49.96,1289.4857,32.0,0.86
5863,59.28,1026.5515,-3.0,1.88
5864,42.16,981.0659,48.0,0.85
5865,61.24,987.0411,12.0,0.85
5866,43.88,1034.9759,17.0,0.85
5867,39.24,979.0618,40.0,0.96
5868,45.68,989.9532,29.0,1.84
5869,35.88,1114.596,45.0,0.8
5870,59.52,1062.3457,-6.0,0.84
5871,49.72,992.2503,41.0,0.95
5872,62.52,1049.8715,17.0,1.11
5873,48.2,1122.1316,15.0,1.93
5874,43.8,1080.3865,69.0,0.84
5875,51.16,1076.2041,32.0,0.81
5876,42.48,1021.3071,1.0,0.94
5877,31.56,998.4709,64.0,0.9
5878,47.8,1065.4794,23.0,1.76
5879,44.84,995.2606,72.0,0.91
5880,51.6,1030.8992,41.0,0.83
5881,52.0,1040.7746,4.0,0.96
5882,52.04,1051.1,56.0,0.8
5883,38.12,979.3816,54.0,1.8
5884,60.68,968.7403,3.0,0.9
5885,43.8,1018.77,66.0,0.8
5886,68.56,1242.8957,-1.0,0.84
5887,47.76,1050.3764,58.0,0.91
5888,57.76,1077.0684,26.0,0.82
5889,37.24,977.4256,5.0,0.92
5890,40.8,1148.5742,87.0,0.85
5891,59.64,1069.628,16.0,0.99
5892,33.84,1000.8981,30.0,0.91
5893,47.28,1013.7054,31.0,0.84
5894,39.72,1028.4631,93.0,1.89
5895,59.6,1313.7366,55.0,0.94
5896,27.6,979.3291,49.0,0.9
5897,48.36,1129.5999,35.0,0.84
5898,49.48,982.12,28.0,0.93
5899,46.36,1010.9484,57.0,1.95
5900,54.6,1195.0811,34.0,1.06
5901,45.36,980.043,34.0,0.9
5902,56.88,1316.1702,51.0,0.91
5903,43.68,1033.498,20.0,0.96
5904,49.84,976.1125,49.0,1.78
5905,52.8,1021.2549,33.0,0.95
5906,36.92,975.196,39.0,0.94
5907,62.32,1015.8171,8.0,0.94
5908,44.16,1030.97,15.0,1.05
5909,56.04,1047.8514,12.0,1.89
5910,46.84,1105.5967,14.0,0.91
5911,48.8,963.633,3.0,0.88
5912,44.28,1137.8152,100.0,0.96
5913,48.24,1010.4427,43.0,0.88
5914,41.72,1052.3626,32.0,1.7
5915,49.2,1049.5254,41.0,0.84
5916,23.56,1001.026,78.0,0.95
5917,49.08,976.6381,21.0,1.04
5918,31.56,983.0891,83.0,0.9
5919,41.08,974.3249,2.0,1.72
5920,41.88,1082.325,48.0,1.09
5921,44.68,1022.1656,24.0,0.94
5922,51.12,1377.7608,39.0,0.99
5923,42.64,1016.0032,21.0,0.94
5924,40.12,1040.6456,13.0,1.59
5925,58.0,1026.6808,10.0,1.0
5926,47.72,1067.5902,47.0,1.2
5927,46.04,978.5353,15.0,0.89
5928,42.12,976.2223,7.0,0.91
5929,35.4,973.19,3.0,2.03
5930,43.16,1253.7691,49.0,0.88
5931,40.92,968.9003,5.0,0.85
5932,47.12,1052.5804,56.0,0.91
5933,51.4,1037.102,26.0,0.92
5934,44.48,1051.9906,53.0,0.91
5935,52.96,1060.0686,18.0,1.92
5936,60.0,1009.0449,16.0,0.9
5937,63.76,1066.2465,25.0,0.91
5938,56.0,1063.6551,1.0,1.04
5939,58.68,1012.2245,28.0,0.98
5940,50.96,977.2963,32.0,1.84
5941,42.8,986.6675,93.0,0.86
5942,23.28,999.6639,57.0,0.97
5943,53.76,1087.0342,24.0,0.85
5944,50.8,978.309,22.0,0.87
5945,58.16,1260.5121,25.0,1.75
5946,50.12,1050.5492,50.0,0.86
5947,40.44,1200.791,12.0,0.97
5948,60.16,1000.2653,31.0,0.91
5949,42.0,1033.9826,56.0,0.98
5950,59.0,992.4814,39.0,1.87
5951,44.6,1033.3549,47.0,0.92
5952,44.44,1023.5256,85.0,1.11
5953,58.72,1022.371,35.0,1.12
5954,48.0,1043.861,19.0,0.99
5955,36.0,1024.2032,2.0,1.71
5956,62.24,994.6568,37.0,0.95
5957,46.72,1007.7988,60.0,0.91
5958,44.48,1169.9319,30.0,0.98
5959,63.96,989.3722,7.0,0.95
5960,61.44,1040.144,-5.0,1.85
5961,53.48,1358.1946,67.0,0.87
5962,38.48,1085.6227,44.0,0.8
5963,62.24,1014.1482,-3.0,0.9
5964,51.92,1040.6204,26.0,0.92
5965,41.68,1014.7649,29.0,1.76
5966,41.32,1055.2271,47.0,0.85
5967,31.16,1038.7069,54.0,0.96
5968,47.4,1052.4747,17.0,0.95
5969,31.56,1038.7788,3.0,0.87
5970,60.24,976.3644,3.0,1.74
5971,50.16,1055.6298,26.0,1.05
5972,53.04,1248.2458,36.0,0.9
5973,35.64,1008.9369,54.0,0.96
5974,48.6,1024.0685,70.0,1.05
5975,52.72,1006.7156,7.0,1.09
5976,51.52,1048.4929,28.0,0.95
5977,36.4,980.7458,57.0,0.85
5978,47.52,1034.5632,22.0,0.99
5979,57.0,1070.7855,27.0,0.97
5980,60.92,1003.7973,25.0,0.87
5981,42.84,1014.6185,62.0,1.73
5982,39.88,1018.3667,42.0,0.92
5983,39.72,979.8504,79.0,0.91
5984,46.32,1034.3994,23.0,1.13
5985,62.56,1028.3001,40.0,1.41
5986,60.8,1031.7409,4.0,1.95
5987,60.28,1237.5032,19.0,0.99
5988,57.2,1032.8042,-4.0,0.87
5989,52.48,1015.2415,53.0,1.03
5990,48.36,1014.4976,26.0,0.94
5991,44.12,1133.1716,72.0,1.84
5992,41.52,985.8077,-2.0,0.9
5993,52.44,963.7014,7.0,1.23
5994,29.08,970.9087,45.0,1.21
5995,56.0,1002.6294,27.0,1.13
5996,44.84,1037.6074,21.0,2.14
5997,48.56,1002.8298,6.0,1.04
5998,49.04,1024.7142,12.0,1.81
5999,42.32,984.7078,66.0,1.8
6000,51.72,1032.5643,9.0,1.53
6001,46.88,1021.9606,87.0,2.23
6002,49.88,1130.2221,50.0,0.98
6003,50.0,1005.0067,20.0,1.18
6004,44.08,1078.3827,31.0,1.2
6005,48.48,1198.272,45.0,1.12
6006,53.84,1019.8036,38.0,1.99
6007,53.28,992.4955,55.0,1.04
6008,48.32,1082.9602,35.0,1.04
6009,43.4,1067.0171,34.0,1.22
6010,43.76,1016.5732,30.0,1.12
6011,47.88,983.0882,20.0,1.96
6012,46.0,980.9021,22.0,0.89
6013,55.8,1377.6545,1.0,0.87
6014,42.24,997.6731,30.0,1.24
6015,47.4,1120.7892,26.0,0.92
6016,55.56,1199.6816,41.0,0.95
6017,41.48,1076.6476,11.0,0.99
6018,42.4,981.3246,-5.0,0.94
6019,41.52,1017.073,18.0,0.8
6020,58.64,1048.3164,12.0,1.13
6021,62.2,965.4182,25.0,0.87
6022,22.8,972.8347,86.0,2.08
6023,43.84,1102.4055,33.0,1.05
6024,40.72,973.037,27.0,1.02
6025,44.16,1048.256,14.0,1.14
6026,36.24,1053.9838,46.0,1.2
6027,50.88,1082.2753,34.0,1.79
6028,62.24,1126.5609,5.0,0.94
6029,32.8,968.872,51.0,1.01
6030,38.88,1068.8006,72.0,0.91
6031,39.76,1034.6209,84.0,0.94
6032,49.04,1052.4442,52.0,1.98
6033,45.08,1116.6571,65.0,0.99
6034,48.84,1328.1388,21.0,0.98
6035,40.6,962.5504,60.0,0.98
6036,49.44,975.0216,0.0,0.91
6037,35.88,970.5109,26.0,1.82
6038,55.08,1047.8262,69.0,1.04
6039,46.44,1048.7309,53.0,0.89
6040,44.16,1024.4281,18.0,0.98
6041,54.76,1022.7248,14.0,0.95
6042,59.92,1022.3392,19.0,2.28
6043,33.88,1054.0023,64.0,1.12
6044,48.6,962.5984,35.0,0.95
6045,52.8,1009.3435,56.0,0.89
6046,58.44,1034.7865,18.0,1.04
6047,52.68,1032.4048,60.0,2.0
6048,46.64,1135.3995,5.0,0.88
6049,60.68,1051.8546,72.0,0.81
6050,55.68,1031.4636,32.0,1.01
6051,51.12,1023.1391,24.0,0.95
6052,49.52,995.1615,31.0,2.16
6053,43.12,987.3934,75.0,0.94
6054,44.48,1048.2845,15.0,0.93
6055,55.72,1314.2431,62.0,0.9
6056,49.88,1255.8699,1.0,0.88
6057,47.72,1100.0481,48.0,1.95
6058,50.96,1004.236,11.0,0.83
6059,53.0,979.261,19.0,1.03
6060,57.4,1082.1602,51.0,1.19
6061,55.4,1021.4554,39.0,1.1
6062,49.04,1029.8839,16.0,0.93
6063,39.88,1082.3258,24.0,1.77
6064,61.28,1030.8032,27.0,0.97
6065,32.92,1034.1952,76.0,0.92
6066,32.24,973.4747,44.0,0.96
6067,60.96,1024.3063,0.0,0.95
6068,43.92,1047.7342,1.0,1.98
6069,58.36,1060.398,33.0,0.88
6070,59.08,1103.1238,24.0,1.04
6071,34.56,970.6981,30.0,1.07
6072,64.44,1242.731,22.0,0.89
6073,43.32,1367.0216,68.0,2.09
6074,55.52,1049.1309,0.0,1.16
6075,52.6,983.4562,47.0,0.96
6076,42.04,1015.5321,43.0,1.05
6077,43.24,994.3034,19.0,1.15
6078,49.76,1030.2363,9.0,1.63
6079,64.08,1015.6334,8.0,1.02
6080,46.52,983.1611,44.0,0.92
6081,42.36,1066.714,49.0,1.17
6082,52.0,1291.3083,46.0,1.0
6083,62.64,1032.1624,6.0,1.93
6084,62.16,1020.4855,24.0,1.04
6085,52.72,1134.4482,5.0,0.97
6086,67.08,976.2788,1.0,0.93
6087,51.08,1018.3852,40.0,0.92
6088,43.88,1057.9585,25.0,1.72
6089,47.84,1032.9202,49.0,0.98
6090,40.16,1006.5692,64.0,0.91
6091,46.8,1186.7198,3.0,0.9
6092,43.16,1137.7822,78.0,1.03
6093,30.32,1002.5504,46.0,1.85
6094,32.12,1002.5062,35.0,0.94
6095,65.72,966.548,0.0,1.09
6096,56.56,1030.6572,37.0,0.92
6097,47.48,1188.8838,102.0,0.98
6098,32.2,1018.3132,33.0,1.95
6099,58.44,1005.7581,22.0,0.88
6100,55.2,1100.8252,25.0,0.83
6101,56.52,1007.3124,19.0,0.94
6102,55.04,1060.6809,14.0,1.27
6103,37.88,979.3062,14.0,0.9
6104,45.88,1053.9372,27.0,1.06
6105,35.92,986.1084,9.0,1.01
6106,60.88,962.9852,25.0,0.98
6107,51.16,966.6374,5.0,0.88
6108,50.16,1054.534,37.0,1.07
6109,49.08,1041.4373,30.0,1.92
6110,32.44,998.2004,74.0,0.91
6111,39.36,1149.9244,93.0,0.91
6112,41.8,1032.5966,57.0,1.05
6113,49.6,1049.8941,63.0,0.96
6114,50.72,970.566,34.0,1.96
6115,54.36,1027.7345,2.0,0.88
6116,41.52,988.3837,57.0,1.0
6117,36.2,1034.3064,24.0,0.88
6118,61.72,1104.1574,34.0,0.96
6119,34.16,976.7657,26.0,1.98
6120,36.6,1368.1751,47.0,0.89
6121,50.6,1212.9972,4.0,0.89
6122,41.76,1033.2401,50.0,1.07
6123,54.4,1008.0642,4.0,0.91
6124,49.2,1037.6356,13.0,1.96
6125,48.12,1176.7113,18.0,0.88
6126,35.92,1038.2365,143.0,0.94
6127,58.84,1052.2848,17.0,0.91
6128,48.08,1221.2696,28.0,1.1
6129,43.16,1008.4814,26.0,1.81
6130,57.04,1138.1425,36.0,0.92
6131,53.76,1053.437,46.0,0.99
6132,62.68,993.8586,16.0,1.04
6133,47.08,984.0005,76.0,0.95
6134,56.88,1051.5469,25.0,1.82
6135,44.44,1036.7018,47.0,0.94
6136,53.08,1051.9701,21.0,0.99
6137,53.76,966.9294,22.0,0.92
6138,61.08,1059.4383,48.0,0.93
6139,44.68,1060.9247,25.0,1.73
6140,57.48,1023.974,25.0,0.88
6141,55.44,1058.7919,47.0,0.86
6142,54.56,1092.9334,32.0,1.09
6143,48.76,1134.5358,11.0,1.09
6144,58.52,996.9396,61.0,0.93
6145,32.76,999.8016,59.0,0.94
6146,64.88,993.2017,50.0,0.97
6147,29.92,981.8516,77.0,0.99
6148,35.72,1033.96,54.0,0.88
6149,31.88,1027.0518,65.0,1.07
6150,46.92,980.9268,56.0,1.93
6151,58.52,976.4349,2.0,0.85
6152,46.56,984.1682,31.0,1.02
6153,57.08,1032.8716,47.0,0.89
6154,52.24,1048.6232,46.0,0.94
6155,39.88,1025.5796,38.0,1.92
6156,53.52,1143.6292,27.0,0.82
6157,66.64,1019.8243,3.0,0.92
6158,68.16,1239.3947,44.0,0.86
6159,43.88,1409.0404,103.0,0.88
6160,50.32,969.1163,-3.0,1.93
6161,56.6,988.3006,53.0,0.9
6162,57.24,1022.6535,20.0,1.06
6163,43.68,1033.9827,29.0,0.91
6164,51.36,1007.0702,7.0,0.9
6165,38.76,1028.5389,45.0,2.03
6166,55.2,992.2972,33.0,0.92
6167,40.52,998.773,76.0,0.94
6168,51.96,1020.2316,25.0,0.95
6169,57.12,1032.2601,24.0,0.9
6170,45.12,999.3558,40.0,1.85
6171,59.08,963.9755,12.0,0.75
6172,45.4,1023.4224,31.0,1.04
6173,48.76,1033.5612,44.0,0.92
6174,43.36,1023.6952,86.0,1.07
6175,47.64,1024.6054,24.0,2.19
6176,50.16,965.6307,29.0,1.11
6177,50.28,982.2064,78.0,0.91
6178,54.68,1037.3546,25.0,0.98
6179,40.6,1030.8212,16.0,0.83
6180,42.04,1022.631,8.0,1.89
6181,62.84,1277.9096,31.0,0.87
6182,52.68,1008.7768,59.0,0.99
6183,56.24,1040.3107,33.0,1.02
6184,58.56,990.2996,59.0,1.01
6185,44.8,1060.3513,33.0,1.99
6186,47.88,988.2325,41.0,0.99
6187,42.4,996.1506,3.0,0.93
6188,46.72,1054.0055,16.0,0.91
6189,42.44,995.032,3.0,1.02
6190,33.36,996.9086,67.0,1.21
6191,50.0,988.3826,74.0,2.03
6192,57.52,1105.457,18.0,0.92
6193,61.52,1051.6154,7.0,1.51
6194,64.36,1017.39,-3.0,0.91
6195,44.48,1238.7009,69.0,1.13
6196,45.56,1032.9273,19.0,2.27
6197,44.24,979.8621,51.0,0.93
6198,50.76,1087.2812,10.0,0.92
6199,55.92,1019.5197,59.0,0.98
6200,37.88,962.1594,30.0,1.04
6201,52.2,1024.7024,-1.0,2.03
6202,52.04,1016.4962,21.0,0.78
6203,62.92,1023.8307,9.0,1.13
6204,60.68,1063.1969,37.0,0.92
6205,61.52,1090.89,-4.0,0.97
6206,55.0,986.9937,29.0,1.83
6207,52.16,1034.7022,53.0,1.01
6208,41.64,1055.8341,7.0,0.9
6209,51.04,1285.7926,24.0,0.86
6210,39.36,986.7354,56.0,0.99
6211,60.56,1288.5008,24.0,1.98
6212,39.8,982.098,36.0,0.94
6213,47.0,1032.785,19.0,0.93
6214,33.88,1038.854,54.0,1.09
6215,43.76,1051.7133,80.0,0.93
6216,40.16,1081.4071,66.0,1.83
6217,42.72,1009.904,55.0,0.96
6218,46.2,985.1035,47.0,0.97
6219,57.16,1063.6778,23.0,1.07
6220,62.88,1024.5976,15.0,1.04
6221,48.76,1022.3326,32.0,1.87
6222,52.04,1049.5525,-2.0,0.88
6223,45.44,1007.9893,76.0,0.86
6224,50.16,1096.2124,74.0,0.92
6225,61.36,1013.9729,42.0,0.87
6226,43.24,1127.0713,-1.0,1.91
6227,60.52,1015.4496,-1.0,0.86
6228,48.56,1041.6463,-5.0,0.99
6229,53.84,1022.8412,2.0,0.99
6230,50.4,1024.7974,16.0,0.98
6231,26.56,970.8782,40.0,1.06
6232,51.92,1017.262,15.0,0.89
6233,48.68,976.3428,12.0,0.95
6234,44.04,1045.6301,53.0,0.96
6235,44.0,1033.2726,35.0,0.92
6236,44.24,1154.3179,35.0,1.01
6237,45.44,1025.5502,-1.0,1.94
6238,64.08,987.5963,5.0,1.02
6239,52.52,992.6766,9.0,1.0
6240,40.44,1006.5106,42.0,0.95
6241,60.16,1004.0313,29.0,1.2
6242,35.52,1077.3646,51.0,1.88
6243,60.4,1262.55,28.0,0.88
6244,44.44,981.0372,51.0,0.89
6245,53.6,1071.5802,20.0,1.06
6246,56.96,1144.7862,27.0,0.95
6247,31.96,968.8273,64.0,1.81
6248,52.76,1026.758,9.0,0.96
6249,29.16,996.2634,23.0,0.79
6250,56.8,1033.6344,5.0,1.1
6251,44.16,980.3454,46.0,0.91
6252,48.0,1061.0419,-2.0,1.91
6253,38.64,1024.9506,15.0,0.96
6254,47.24,1032.1115,49.0,1.15
6255,39.84,1017.2349,71.0,1.27
6256,26.88,1035.1978,50.0,1.08
6257,63.64,992.2577,41.0,1.96
6258,48.08,1129.8548,23.0,0.9
6259,46.8,1014.6756,20.0,0.88
6260,52.76,1050.8715,15.0,1.07
6261,49.2,978.3522,-1.0,0.97
6262,42.92,1100.9,16.0,2.04
6263,55.28,1218.1144,22.0,0.87
6264,42.44,983.0475,65.0,0.89
6265,60.32,1020.6795,11.0,0.95
6266,46.0,979.5412,2.0,0.95
6267,42.68,1082.0521,-1.0,2.02
6268,56.36,1037.9829,10.0,1.15
6269,63.48,1260.5515,37.0,0.96
6270,42.12,1310.481,84.0,0.84
6271,51.36,1019.7925,24.0,0.9
6272,62.88,1056.4266,5.0,0.95
6273,24.48,1000.7786,80.0,0.96
6274,42.64,1320.2134,27.0,1.08
6275,45.0,1283.6825,47.0,0.98
6276,47.24,983.6577,19.0,0.97
6277,52.2,1053.9369,13.0,1.05
6278,59.84,1010.4458,0.0,1.71
6279,37.68,988.3179,73.0,1.02
6280,55.24,1204.1249,43.0,0.86
6281,26.6,982.2341,67.0,0.91
6282,56.08,1052.0489,36.0,0.98
6283,49.2,1032.7292,50.0,1.89
6284,48.28,1146.9428,35.0,0.93
6285,46.36,1083.7962,27.0,1.05
6286,66.56,1007.9794,28.0,1.04
6287,50.16,1014.4486,54.0,1.01
6288,54.56,970.1134,47.0,1.73
6289,56.52,1036.8572,12.0,0.9
6290,46.16,974.0162,32.0,0.97
6291,43.96,983.0277,8.0,0.93
6292,34.96,1061.171,56.0,1.07
6293,26.64,969.0732,44.0,1.95
6294,51.84,966.0495,18.0,0.97
6295,58.48,1104.3296,37.0,0.9
6296,57.96,982.3449,77.0,0.87
6297,57.92,978.788,20.0,0.87
6298,54.68,992.0197,38.0,1.79
6299,62.68,1030.4759,21.0,1.22
6300,61.32,977.8496,17.0,0.87
6301,52.44,1057.4108,4.0,0.89
6302,46.76,1014.2639,40.0,1.02
6303,44.76,1010.0154,83.0,2.1
6304,61.28,1073.3425,45.0,1.02
6305,47.32,983.7542,42.0,0.91
6306,50.0,1140.0813,3.0,0.86
6307,46.08,991.1258,35.0,0.93
6308,48.16,979.2562,65.0,1.95
6309,59.4,1049.0917,3.0,1.22
6310,48.96,1006.6126,33.0,0.96
6311,49.64,1076.7886,18.0,0.86
6312,35.32,989.6714,77.0,0.89
6313,53.16,977.3487,22.0,1.9
6314,42.8,1078.8614,56.0,1.07
6315,49.48,992.7203,10.0,0.88
6316,55.76,1031.0458,-1.0,0.89
6317,46.96,1017.6378,6.0,0.88
6318,57.44,983.2562,18.0,0.91
6319,54.12,1017.9372,31.0,1.95
6320,36.12,999.2699,98.0,0.91
6321,35.08,1052.0492,97.0,0.99
6322,58.52,1033.6291,11.0,0.92
6323,39.16,992.3058,74.0,0.95
6324,50.6,1132.7135,49.0,1.86
6325,26.48,1000.0561,35.0,0.85
6326,54.76,1083.9619,19.0,1.0
6327,34.6,977.6986,126.0,0.89
6328,43.2,1002.7199,-3.0,0.92
6329,48.24,1033.3938,10.0,1.97
6330,56.04,1059.032,33.0,0.86
6331,49.44,1024.7986,35.0,1.15
6332,58.48,975.1639,68.0,0.98
6333,65.52,1015.9732,26.0,1.03
6334,52.6,1020.6452,5.0,1.84
6335,48.44,1001.8597,19.0,0.76
6336,59.04,1030.4333,13.0,0.89
6337,35.28,1026.9541,40.0,0.98
6338,37.48,1034.6916,49.0,0.93
6339,57.16,1085.07,23.0,2.08
6340,53.24,981.3048,9.0,0.85
6341,35.28,1026.9216,9.0,1.06
6342,26.84,969.1115,74.0,0.97
6343,47.72,978.9098,59.0,1.03
6344,66.12,1021.053,-6.0,1.89
6345,57.68,1050.8121,22.0,0.88
6346,57.28,991.144,27.0,0.93
6347,50.64,963.6584,16.0,0.93
6348,52.2,1044.8647,30.0,1.02
6349,53.2,1017.3708,20.0,1.94
6350,53.88,984.1134,8.0,0.75
6351,32.88,979.3136,69.0,1.07
6352,29.08,968.9611,19.0,0.98
6353,37.08,987.2241,90.0,0.89
6354,54.08,1025.0314,1.0,1.93
6355,48.24,1050.692,34.0,1.01
6356,47.6,1014.8925,51.0,1.03
6357,50.84,1035.8686,54.0,0.91
6358,48.68,967.0655,34.0,0.95
6359,61.0,1020.3628,18.0,0.9
6360,51.24,1018.1092,14.0,0.86
6361,50.4,1034.235,0.0,0.98
6362,57.84,997.034,27.0,0.92
6363,49.68,1010.0116,73.0,0.9
6364,53.0,1109.9944,64.0,0.91
6365,31.08,973.7511,50.0,1.95
6366,55.32,1029.2135,35.0,0.87
6367,48.96,1006.8044,26.0,1.15
6368,48.88,1060.3999,79.0,0.94
6369,52.4,1007.9601,48.0,0.95
6370,37.52,987.5273,48.0,1.89
6371,38.2,973.9316,60.0,1.02
6372,48.96,1231.6995,-4.0,0.92
6373,59.08,965.5373,-1.0,0.99
6374,42.8,1037.3793,25.0,0.86
6375,50.72,1048.7454,76.0,1.93
6376,49.0,1058.0488,13.0,0.88
6377,48.72,1046.8947,27.0,0.88
6378,46.44,985.8913,-2.0,1.14
6379,36.92,1050.4684,41.0,0.96
6380,47.24,1020.9754,68.0,2.05
6381,47.76,987.5457,20.0,0.88
6382,28.28,978.8116,46.0,0.97
6383,51.6,1012.5212,56.0,0.89
6384,36.04,1005.8946,36.0,0.86
6385,56.04,1066.4522,61.0,1.85
6386,37.16,976.0808,7.0,0.98
6387,57.0,1051.3174,71.0,0.89
6388,31.8,1113.6235,14.0,0.95
6389,65.56,963.0542,6.0,0.92
6390,40.28,1061.2958,27.0,2.06
6391,51.24,1104.0165,16.0,0.85
6392,46.64,995.2286,20.0,0.89
6393,52.4,1033.8769,6.0,0.95
6394,49.48,1105.1404,7.0,0.96
6395,37.64,1000.7102,124.0,1.78
6396,41.56,989.4041,49.0,0.89
6397,53.32,1021.5329,50.0,1.0
6398,36.52,1080.0416,51.0,0.98
6399,57.76,1019.4244,-2.0,0.9
6400,60.2,1039.8282,33.0,1.12
6401,54.68,1072.8034,38.0,0.9
6402,51.8,1058.2812,51.0,0.93
6403,45.16,1401.008,21.0,0.94
6404,49.68,1017.0116,62.0,1.05
6405,60.76,1063.7357,6.0,0.87
6406,43.16,992.9507,38.0,1.99
6407,58.84,963.9445,2.0,0.9
6408,44.76,1061.0818,20.0,0.87
6409,59.52,1019.8493,2.0,1.15
6410,45.4,1057.6572,39.0,1.04
6411,49.24,1341.9923,29.0,1.88
6412,43.12,982.9333,64.0,0.91
6413,46.2,1065.536,9.0,1.16
6414,59.48,1066.6907,5.0,1.04
6415,43.72,1010.6032,29.0,0.93
6416,44.72,1075.4106,21.0,2.01
6417,57.16,1025.1276,11.0,0.96
6418,51.04,1060.4766,28.0,1.01
6419,40.84,978.4782,26.0,1.0
6420,48.04,995.5078,26.0,1.14
6421,50.6,1040.3374,23.0,1.85
6422,51.52,1010.1202,65.0,0.85
6423,58.6,1025.0828,24.0,1.07
6424,43.8,1050.1417,26.0,1.03
6425,58.52,1158.0658,20.0,0.86
6426,57.56,1324.9871,23.0,1.84
6427,40.76,1128.7637,35.0,0.88
6428,61.12,1036.1154,37.0,0.95
6429,49.48,1025.8081,45.0,1.01
6430,62.08,1101.7453,30.0,0.98
6431,55.16,1026.3836,4.0,1.93
6432,50.68,1034.5424,28.0,0.95
6433,47.88,1042.4496,29.0,1.06
6434,30.36,969.5379,78.0,1.01
6435,28.4,1012.3491,129.0,0.91
6436,52.44,1033.1658,19.0,1.87
6437,56.36,1019.9076,25.0,0.82
6438,44.2,1037.0818,80.0,0.86
6439,42.48,991.6548,49.0,0.98
6440,53.96,1005.5504,23.0,1.08
6441,51.6,1015.9151,-5.0,1.8
6442,38.32,970.6002,32.0,1.0
6443,42.76,996.2586,29.0,0.86
6444,56.92,976.1135,23.0,0.95
6445,39.48,1048.1068,76.0,1.1
6446,37.92,1095.9402,47.0,1.18
6447,49.64,986.9806,31.0,1.85
6448,58.84,1019.0416,13.0,0.93
6449,56.6,1053.822,49.0,1.05
6450,39.08,983.0422,49.0,1.11
6451,53.16,1051.3506,49.0,0.79
6452,53.52,1053.4728,87.0,1.77
6453,39.4,1017.0154,49.0,0.98
6454,48.68,1052.4967,44.0,1.07
6455,65.28,990.2072,30.0,1.1
6456,41.96,979.598,13.0,0.9
6457,49.4,1018.2729,56.0,2.12
6458,49.72,988.3604,38.0,0.95
6459,60.2,1012.4693,30.0,1.11
6460,50.2,987.9646,-1.0,0.91
6461,52.08,1047.5846,44.0,0.89
6462,49.92,986.6632,28.0,1.73
6463,49.88,1012.1212,12.0,1.02
6464,57.76,1049.7064,63.0,1.01
6465,55.32,1015.8442,31.0,0.87
6466,40.64,979.2155,58.0,0.92
6467,52.36,1053.2277,61.0,1.78
6468,44.32,980.5848,102.0,0.83
6469,59.24,964.8756,3.0,0.8
6470,43.2,977.3425,57.0,1.1
6471,58.6,1030.9484,8.0,0.88
6472,33.16,1074.7707,52.0,2.1
6473,43.64,962.8244,39.0,0.84
6474,53.6,1004.6652,63.0,1.04
6475,53.68,1130.6948,0.0,0.9
6476,45.52,1270.4091,19.0,1.18
6477,50.6,977.3176,21.0,1.78
6478,42.12,1026.2875,43.0,0.94
6479,52.08,1053.5941,22.0,1.02
6480,54.04,1035.4403,40.0,0.9
6481,35.88,980.6935,92.0,1.02
6482,50.2,1027.8907,40.0,2.03
6483,42.84,973.7728,27.0,0.98
6484,50.08,980.714,44.0,0.67
6485,53.8,1003.0863,-5.0,0.85
6486,52.04,1085.3997,17.0,1.11
6487,49.44,1051.0206,58.0,0.97
6488,59.24,1006.1034,18.0,0.95
6489,45.88,1327.1265,15.0,0.93
6490,54.12,1026.8824,16.0,1.07
6491,43.6,1050.3641,65.0,0.98
6492,67.88,988.8917,-1.0,0.99
6493,43.52,1056.3687,77.0,1.97
6494,51.88,1074.6295,15.0,0.86
6495,51.28,980.036,73.0,0.95
6496,42.72,1373.0947,24.0,0.92
6497,51.04,1021.4545,25.0,0.94
6498,49.96,1021.1394,42.0,1.89
6499,52.84,1033.9296,24.0,1.04
6500,32.44,1004.483,27.0,0.93
6501,26.32,970.1454,121.0,0.98
6502,48.16,1036.3004,25.0,1.13
6503,43.72,1005.5257,22.0,1.77
6504,35.64,973.9432,23.0,0.95
6505,30.76,979.2126,104.0,1.07
6506,49.16,1241.019,16.0,0.9
6507,45.16,985.9537,40.0,0.87
6508,44.88,1249.5632,57.0,2.01
6509,27.12,1001.1945,24.0,1.13
6510,47.88,1002.1636,26.0,0.88
6511,47.04,978.6351,32.0,0.86
6512,45.6,1101.8609,21.0,0.93
6513,59.12,1061.2493,48.0,2.01
6514,31.6,984.063,65.0,0.8
6515,53.44,1088.7901,28.0,0.87
6516,55.24,1034.8235,20.0,0.93
6517,41.08,981.7781,85.0,1.0
6518,62.08,1004.8186,30.0,2.13
6519,59.12,1049.2984,16.0,1.06
6520,42.36,1042.108,45.0,0.87
6521,53.76,973.9096,11.0,0.94
6522,51.24,1021.6288,19.0,0.95
6523,38.04,1240.1764,60.0,1.82
6524,45.48,1025.0377,31.0,1.05
6525,43.96,1040.6096,51.0,0.9
6526,52.88,967.4958,14.0,0.89
6527,37.84,1043.8337,42.0,1.01
6528,46.48,1036.519,47.0,1.07
6529,56.6,1027.4117,38.0,1.04
6530,53.68,1153.9316,50.0,0.86
6531,47.88,1053.3408,13.0,0.99
6532,42.6,1035.2387,7.0,1.02
6533,43.28,983.8726,61.0,1.07
6534,53.76,1233.4494,1.0,1.82
6535,48.04,1020.0922,13.0,1.0
6536,43.6,1065.7762,48.0,0.91
6537,60.2,1116.3028,48.0,0.92
6538,26.96,1000.6881,12.0,1.0
6539,51.92,1026.9374,20.0,1.8
6540,41.64,986.2113,20.0,0.85
6541,33.24,974.4966,56.0,0.97
6542,49.84,1037.9418,51.0,1.15
6543,33.88,971.9892,32.0,1.04
6544,45.44,1011.3104,31.0,1.95
6545,51.32,1048.6268,30.0,0.91
6546,35.72,1036.1042,64.0,1.06
6547,48.24,1273.6169,36.0,0.99
6548,62.04,1014.7335,6.0,0.97
6549,43.08,1027.7711,51.0,1.93
6550,53.48,1047.4186,28.0,0.87
6551,38.24,978.1939,32.0,0.94
6552,49.88,1054.6698,13.0,0.92
6553,50.44,1102.4311,30.0,1.05
6554,51.44,1158.2479,76.0,1.92
6555,68.0,1073.9141,12.0,0.89
6556,53.48,1035.7725,19.0,0.92
6557,46.76,1021.5738,22.0,1.02
6558,61.72,1091.8019,3.0,0.92
6559,44.56,974.0648,5.0,2.01
6560,47.92,1050.7803,24.0,0.98
6561,73.56,1025.2327,0.0,0.9
6562,55.8,1032.8165,27.0,1.11
6563,50.12,1024.0351,11.0,1.08
6564,53.04,1029.2968,54.0,1.93
6565,42.16,1023.2541,16.0,0.83
6566,51.96,983.4541,24.0,0.98
6567,48.52,1002.5852,33.0,0.92
6568,50.88,1014.8502,45.0,0.91
6569,32.08,996.8264,69.0,1.79
6570,40.52,970.4938,-2.0,0.88
6571,33.48,990.4854,55.0,0.92
6572,43.48,1022.5877,25.0,0.93
6573,60.12,995.2165,14.0,0.94
6574,24.44,1040.3125,72.0,1.03
6575,54.16,1024.3382,1.0,1.86
6576,46.64,997.4539,3.0,0.94
6577,48.48,1029.0539,69.0,1.12
6578,39.64,980.003,111.0,0.95
6579,51.36,965.9523,16.0,1.44
6580,60.92,980.2698,2.0,1.85
6581,48.44,1029.5109,55.0,1.07
6582,42.72,997.7921,83.0,0.92
6583,42.36,980.9886,50.0,0.85
6584,47.92,1065.7495,99.0,0.94
6585,50.8,1018.3856,56.0,1.96
6586,48.76,1049.4138,47.0,0.87
6587,45.6,1407.9647,87.0,0.99
6588,64.28,976.1149,10.0,0.93
6589,32.68,975.2589,26.0,1.13
6590,52.68,1014.5318,27.0,1.88
6591,39.64,1052.1141,41.0,1.11
6592,44.12,1002.7389,73.0,0.92
6593,51.84,1025.3655,14.0,1.01
6594,55.92,978.4208,42.0,1.04
6595,53.56,962.0823,7.0,1.78
6596,42.08,1032.7942,51.0,0.98
6597,47.24,1050.9284,20.0,0.85
6598,51.56,1049.3704,42.0,0.94
6599,43.24,1134.2342,23.0,0.9
6600,59.92,1051.3221,8.0,1.99
6601,57.52,1346.2401,1.0,0.86
6602,42.64,1125.802,54.0,0.9
6603,50.04,1051.0109,-4.0,0.89
6604,68.88,1076.1932,1.0,0.87
6605,37.36,981.0593,109.0,2.05
6606,54.44,1143.5831,13.0,1.15
6607,41.32,975.7419,53.0,1.71
6608,60.16,1054.4442,31.0,1.54
6609,44.76,1132.883,19.0,1.65
6610,58.0,1380.5801,-1.0,2.56
6611,52.2,983.2529,24.0,0.98
6612,55.04,1051.8865,14.0,0.91
6613,64.96,1014.8656,32.0,1.01
6614,56.44,1132.7581,1.0,0.92
6615,50.68,966.843,69.0,1.17
6616,47.68,1112.3558,47.0,0.86
6617,52.36,1029.8174,1.0,0.95
6618,48.72,981.1001,66.0,0.95
6619,56.6,1050.2965,30.0,0.96
6620,52.8,1065.2853,60.0,1.06
6621,43.48,976.9964,50.0,1.85
6622,44.88,1053.099,51.0,0.94
6623,56.12,1404.1816,23.0,0.87
6624,40.2,1051.1032,77.0,1.01
6625,44.44,1070.9083,11.0,1.21
6626,31.04,972.2579,37.0,1.82
6627,52.4,990.823,26.0,0.91
6628,34.88,1033.504,54.0,1.03
6629,41.72,1061.2721,17.0,0.98
6630,30.52,1002.1304,41.0,1.18
6631,53.76,987.4489,50.0,1.89
6632,38.0,1198.4332,27.0,0.91
6633,46.32,1022.6995,24.0,1.14
6634,43.04,1003.2897,29.0,1.1
6635,54.96,980.0702,38.0,1.03
6636,48.44,1050.3946,18.0,2.08
6637,56.88,1117.4838,23.0,1.19
6638,40.12,984.4214,41.0,1.21
6639,63.52,979.0958,28.0,1.1
6640,49.96,1041.2403,13.0,1.08
6641,46.68,1323.2252,2.0,1.82
6642,51.52,977.1075,15.0,0.96
6643,55.08,1058.162,17.0,1.01
6644,53.32,1033.5561,49.0,1.29
6645,46.64,993.5872,26.0,1.36
6646,52.08,1148.9265,39.0,2.02
6647,55.92,1184.2049,-13.0,1.11
6648,41.08,1323.1748,21.0,1.15
6649,28.0,968.0438,31.0,1.25
6650,45.36,1041.3342,6.0,1.18
6651,59.08,989.6006,56.0,2.18
6652,39.0,963.858,54.0,0.99
6653,58.24,987.9598,21.0,1.04
6654,50.36,1011.2532,39.0,0.97
6655,42.28,1013.09,67.0,1.08
6656,47.68,1030.4437,19.0,0.96
6657,36.72,1044.17,45.0,1.14
6658,58.36,1035.2615,48.0,0.94
6659,41.04,979.522,20.0,1.29
6660,44.12,1025.5667,20.0,1.08
6661,31.2,1036.221,21.0,1.1
6662,45.32,972.027,53.0,1.95
6663,53.28,1104.984,-1.0,1.12
6664,39.28,1045.019,55.0,1.3
6665,46.12,1050.3955,26.0,1.25
6666,49.32,981.581,14.0,1.27
6667,54.76,976.2873,27.0,2.09
6668,54.36,1016.2776,26.0,0.92
6669,50.28,1065.9005,31.0,0.95
6670,36.0,977.793,37.0,0.91
6671,45.4,1047.1703,42.0,0.94
6672,58.92,1037.8834,16.0,1.74
6673,64.92,1013.5237,37.0,0.92
6674,53.2,1024.662,10.0,0.85
6675,57.44,991.5328,24.0,0.99
6676,51.24,1112.4171,29.0,0.91
6677,47.28,1026.0333,27.0,1.77
6678,40.12,970.9299,34.0,0.92
6679,69.64,1270.4642,23.0,1.11
6680,50.72,1028.0231,67.0,0.97
6681,59.72,990.5183,63.0,1.03
6682,51.84,976.3956,24.0,2.1
6683,20.52,1046.9089,86.0,1.02
6684,47.96,987.9424,72.0,0.93
6685,54.12,1049.4548,16.0,0.83
6686,53.72,1033.4974,34.0,0.9
6687,41.12,979.3478,96.0,1.79
6688,44.52,971.6333,70.0,0.91
6689,54.48,1006.5557,23.0,0.93
6690,48.8,1018.509,16.0,1.19
6691,51.92,1019.5726,4.0,1.19
6692,60.76,1201.1608,43.0,1.99
6693,33.0,974.797,53.0,0.98
6694,48.84,976.7209,23.0,0.89
6695,53.52,1023.2076,43.0,1.16
6696,53.28,1062.5872,19.0,0.98
6697,53.72,1033.5871,1.0,2.7
6698,55.04,1115.9302,67.0,1.15
6699,40.4,982.7215,85.0,0.92
6700,56.16,1005.7659,-7.0,0.95
6701,49.28,1052.4788,13.0,0.94
6702,43.56,997.5625,-1.0,0.89
6703,61.16,1030.8,8.0,1.88
6704,52.48,1124.6996,2.0,0.84
6705,54.4,1022.927,9.0,1.01
6706,50.68,1015.7597,19.0,1.07
6707,59.28,1068.8793,19.0,0.93
6708,46.68,1010.7822,3.0,1.7
6709,24.92,1003.2129,98.0,1.07
6710,41.36,1077.9424,1.0,0.84
6711,40.4,1083.276,55.0,0.93
6712,46.0,977.3399,33.0,1.04
6713,44.08,1037.3978,-7.0,1.72
6714,47.6,1000.3996,15.0,0.92
6715,41.88,1005.3044,41.0,0.81
6716,41.04,979.4733,59.0,0.95
6717,49.84,980.8719,2.0,0.84
6718,44.44,1047.6759,33.0,1.86
6719,37.4,993.7437,4.0,0.93
6720,56.32,1020.7422,26.0,0.9
6721,57.2,1032.392,25.0,0.87
6722,61.68,1045.4042,16.0,0.94
6723,49.0,1028.2857,-3.0,1.7
6724,50.68,1115.9257,40.0,0.84
6725,42.28,1025.5722,9.0,1.01
6726,49.88,1045.9788,45.0,0.94
6727,47.76,1282.3168,20.0,0.98
6728,52.0,1053.1547,27.0,1.73
6729,36.76,985.1423,43.0,0.89
6730,43.4,1010.2651,40.0,0.81
6731,57.8,976.7276,18.0,0.94
6732,41.28,1009.569,4.0,0.92
6733,50.64,977.1787,12.0,1.92
6734,54.56,979.262,86.0,0.83
6735,41.4,1144.8623,27.0,0.88
6736,66.04,964.4462,0.0,0.86
6737,58.92,1362.274,18.0,0.96
6738,23.68,999.0057,30.0,2.17
6739,51.08,985.6449,50.0,0.93
6740,41.68,1036.1231,28.0,0.84
6741,28.08,1002.1373,12.0,0.93
6742,47.48,1033.1797,21.0,0.83
6743,46.64,1199.3815,39.0,0.88
6744,51.24,1385.5642,36.0,0.82
6745,63.72,1136.0441,16.0,0.92
6746,37.84,1145.1931,69.0,0.94
6747,35.56,998.0567,49.0,1.01
6748,46.84,1014.6142,63.0,0.94
6749,45.88,1020.5515,89.0,1.75
6750,50.44,991.8829,20.0,0.81
6751,40.6,1354.4763,24.0,0.88
6752,47.72,1053.7016,42.0,0.79
6753,31.12,992.7078,67.0,0.85
6754,35.92,970.5366,36.0,1.7
6755,52.96,1023.8647,5.0,0.83
6756,52.84,1030.6902,15.0,0.93
6757,54.8,982.5086,14.0,1.06
6758,37.12,974.6328,52.0,0.89
6759,47.68,1039.689,42.0,2.01
6760,45.68,1051.1544,2.0,0.99
6761,51.44,1107.0242,24.0,1.02
6762,23.2,999.7552,25.0,0.92
6763,27.16,969.7793,47.0,0.94
6764,57.24,986.1834,39.0,1.7
6765,34.2,1035.9534,173.0,0.89
6766,44.72,996.7797,32.0,0.83
6767,47.88,991.3717,71.0,1.05
6768,50.12,1018.7617,39.0,0.86
6769,43.0,978.586,8.0,1.68
6770,53.16,1035.4894,18.0,0.9
6771,45.4,1044.2334,29.0,0.89
6772,31.12,1031.8475,63.0,1.05
6773,49.44,1047.6938,30.0,1.02
6774,65.48,963.2676,-5.0,1.67
6775,45.96,1021.894,95.0,0.86
6776,58.64,1032.6729,14.0,0.88
6777,58.24,1032.8966,10.0,0.88
6778,49.88,1017.5554,37.0,0.94
6779,44.6,1033.5398,48.0,1.9
6780,41.12,982.9606,48.0,0.95
6781,52.68,1033.8236,29.0,0.87
6782,53.0,1039.592,3.0,0.87
6783,30.12,997.1447,51.0,0.86
6784,49.4,1199.6242,55.0,0.89
6785,56.84,992.7827,28.0,0.89
6786,44.36,1068.9055,49.0,1.01
6787,62.68,1026.2739,22.0,1.04
6788,45.24,982.068,36.0,0.94
6789,46.04,980.7134,79.0,0.88
6790,43.28,1059.2988,46.0,1.9
6791,55.64,1032.7999,26.0,0.9
6792,46.04,1033.5473,24.0,0.88
6793,56.96,988.536,4.0,0.89
6794,43.16,1002.904,45.0,0.97
6795,45.12,997.3692,5.0,2.09
6796,58.04,1015.1949,2.0,1.32
6797,30.48,981.102,66.0,0.84
6798,56.24,1058.3246,50.0,0.88
6799,55.24,1011.2184,25.0,0.85
6800,56.0,1074.9061,27.0,1.8
6801,48.28,1030.4353,24.0,0.93
6802,62.36,991.033,4.0,1.23
6803,47.68,1019.2688,61.0,1.07
6804,65.52,1030.6143,3.0,1.0
6805,46.48,1033.6454,11.0,2.15
6806,33.92,982.6271,63.0,1.09
6807,44.48,1009.9682,66.0,1.07
6808,51.48,1004.1998,37.0,1.07
6809,43.28,1042.9942,21.0,1.24
6810,43.56,978.222,37.0,2.21
6811,48.92,1067.2777,45.0,1.28
6812,49.48,1048.3484,11.0,1.16
6813,48.56,1040.9455,56.0,1.04
6814,50.32,1142.4579,10.0,0.87
6815,51.32,1014.8988,70.0,1.85
6816,54.04,1060.48,37.0,1.04
6817,47.72,992.4496,87.0,1.03
6818,55.64,1059.9061,42.0,0.93
6819,52.44,1119.9513,45.0,1.03
6820,51.88,977.1768,13.0,1.8
6821,58.32,1001.4729,45.0,1.03
6822,40.68,1018.419,17.0,1.24
6823,51.12,1020.2142,20.0,1.28
6824,50.4,1287.792,8.0,0.99
6825,45.8,1004.6412,21.0,1.96
6826,57.28,1006.416,-4.0,0.99
6827,53.84,1358.1581,-1.0,0.95
6828,42.68,976.3953,53.0,1.04
6829,32.16,995.6584,21.0,0.86
6830,44.4,987.0781,18.0,0.85
6831,45.56,1016.1862,25.0,2.4
6832,33.72,996.7298,34.0,1.28
6833,44.36,1046.3637,50.0,1.17
6834,58.4,981.2373,6.0,0.83
6835,59.04,1034.8346,21.0,0.97
6836,55.24,1072.2695,28.0,2.01
6837,50.36,1212.8182,-1.0,0.94
6838,65.12,994.8117,13.0,0.96
6839,51.96,966.0476,49.0,1.04
6840,38.68,970.6433,49.0,1.02
6841,39.56,981.9218,60.0,1.79
6842,44.88,964.1576,20.0,0.92
6843,41.2,988.0369,54.0,0.94
6844,50.0,1038.4255,55.0,0.95
6845,42.04,1001.5116,126.0,0.97
6846,57.4,1156.3719,54.0,1.73
6847,65.36,1048.8007,2.0,1.0
6848,47.08,1033.787,21.0,1.02
6849,47.96,1059.759,29.0,1.09
6850,55.96,966.4553,10.0,0.93
6851,47.72,1022.6089,49.0,2.02
6852,52.28,1031.6308,24.0,0.98
6853,47.44,982.2376,37.0,0.96
6854,44.32,1030.006,1.0,1.4
6855,54.12,1100.996,22.0,1.03
6856,39.8,1047.8298,31.0,1.69
6857,42.32,1053.4223,67.0,0.9
6858,50.76,1037.0397,27.0,0.89
6859,46.36,1051.5509,-5.0,0.88
6860,49.08,1049.8218,24.0,1.18
6861,51.4,1052.3994,16.0,2.01
6862,33.88,969.4501,64.0,1.1
6863,43.88,1150.7026,54.0,0.91
6864,44.88,1039.8542,49.0,0.97
6865,54.84,1011.1186,46.0,0.92
6866,42.88,1032.9367,52.0,2.07
6867,47.24,1014.3276,9.0,1.06
6868,58.28,1240.8261,16.0,1.07
6869,60.12,993.0119,14.0,1.11
6870,56.24,1005.4523,77.0,0.94
6871,58.24,994.6671,30.0,1.01
6872,48.24,1006.9097,25.0,1.01
6873,50.32,1024.9144,1.0,0.91
6874,43.4,1037.9172,0.0,0.9
6875,46.72,1052.5374,33.0,1.03
6876,46.56,1017.1204,49.0,1.22
6877,42.6,1319.7072,11.0,1.9
6878,40.96,1054.4686,34.0,1.06
6879,59.48,986.9262,53.0,0.85
6880,41.4,1131.005,22.0,1.0
6881,47.0,1191.7803,24.0,0.95
6882,61.08,992.1866,37.0,1.81
6883,54.64,1027.7186,25.0,1.0
6884,56.48,982.5379,33.0,0.95
6885,35.2,1044.7482,50.0,1.06
6886,56.6,1010.0769,32.0,1.11
6887,50.16,1024.3531,31.0,2.0
6888,47.04,1072.9441,23.0,1.16
6889,47.4,996.7974,33.0,1.05
6890,47.72,995.287,16.0,1.13
6891,40.96,997.9967,-7.0,0.97
6892,39.64,1035.9058,44.0,1.9
6893,51.08,1118.1651,20.0,1.17
6894,47.36,1053.8084,25.0,1.03
6895,34.92,1026.4175,25.0,1.16
6896,51.04,1121.1376,3.0,0.96
6897,28.44,1031.5511,73.0,2.02
6898,59.32,1361.6292,26.0,0.9
6899,42.16,998.1989,93.0,0.93
6900,47.88,965.8144,6.0,1.12
6901,55.36,1031.0777,41.0,1.18
6902,47.44,1009.6388,50.0,1.84
6903,42.52,982.93,51.0,1.08
6904,37.52,1035.5932,55.0,0.93
6905,48.44,1024.5266,3.0,0.98
6906,48.44,976.6329,-5.0,1.06
6907,53.04,983.2158,11.0,1.98
6908,43.6,980.7107,54.0,1.11
6909,34.8,963.036,46.0,0.95
6910,46.4,1032.516,38.0,1.05
6911,47.48,990.4615,24.0,0.99
6912,42.2,1001.1592,88.0,1.0
6913,62.2,1017.383,20.0,1.05
6914,48.96,982.1327,9.0,0.91
6915,38.12,988.4702,58.0,0.97
6916,37.4,971.666,40.0,0.98
6917,58.32,1032.1334,4.0,1.17
6918,53.36,1003.6211,24.0,1.88
6919,56.96,1056.4226,27.0,0.93
6920,20.72,1004.8635,74.0,1.03
6921,28.36,981.1596,47.0,0.9
6922,35.24,981.3616,71.0,0.9
6923,36.12,1026.1824,-3.0,2.01
6924,60.16,1001.2324,40.0,1.09
6925,45.6,1035.0482,-1.0,1.01
6926,51.44,1069.01,34.0,0.99
6927,46.36,1050.4712,54.0,0.95
6928,28.6,970.2426,22.0,1.91
6929,54.56,1044.0123,14.0,1.09
6930,59.24,974.114,3.0,0.91
6931,43.24,1051.7424,29.0,0.9
6932,49.36,983.4218,46.0,1.11
6933,56.92,1002.2279,56.0,1.94
6934,44.32,985.6965,52.0,0.95
6935,56.68,991.7214,26.0,0.95
6936,53.4,1043.2106,39.0,1.14
6937,27.72,984.5433,71.0,1.0
6938,57.08,1004.8422,69.0,1.87
6939,60.96,1063.5002,9.0,1.18
6940,42.28,1051.6809,15.0,0.91
6941,45.96,984.1719,26.0,0.94
6942,52.32,1015.4978,5.0,1.01
6943,55.0,1009.0979,-7.0,1.93
6944,27.4,1002.4672,51.0,0.88
6945,43.92,1030.5745,30.0,0.94
6946,25.56,979.5931,134.0,0.98
6947,49.16,981.5084,38.0,0.97
6948,53.36,1002.7561,9.0,1.84
6949,49.24,981.4558,18.0,1.07
6950,52.36,971.7697,-1.0,0.94
6951,26.44,999.1118,41.0,1.03
6952,59.88,1055.8804,21.0,1.21
6953,53.68,1123.8978,45.0,2.05
6954,44.68,1051.778,28.0,1.11
6955,48.92,987.1143,22.0,0.81
6956,50.92,1029.6106,5.0,1.01
6957,60.08,1049.1471,31.0,1.31
6958,53.76,1006.5664,21.0,1.11
6959,45.24,1036.8388,52.0,1.96
6960,30.0,975.5571,61.0,1.29
6961,48.96,1032.4975,25.0,1.05
6962,43.88,1066.6624,24.0,0.9
6963,46.48,1003.0118,6.0,1.01
6964,51.52,1034.2134,35.0,1.92
6965,49.16,1134.9042,9.0,1.0
6966,45.88,1004.5046,-6.0,0.95
6967,33.64,1011.351,24.0,0.99
6968,55.12,1066.1709,42.0,0.99
6969,25.12,1000.5961,20.0,1.81
6970,42.4,1004.6354,47.0,0.97
6971,25.88,979.6449,56.0,0.98
6972,41.68,1035.6228,2.0,0.93
6973,59.36,1051.0971,26.0,0.91
6974,50.64,972.3662,-2.0,2.11
6975,61.04,1007.6168,32.0,1.06
6976,51.72,1296.069,71.0,0.99
6977,47.52,999.0313,40.0,1.09
6978,32.96,1050.8464,27.0,0.94
6979,47.12,978.7117,44.0,1.97
6980,46.6,998.8456,38.0,0.88
6981,52.12,973.1249,45.0,0.93
6982,58.12,1057.4416,13.0,1.13
6983,45.92,1051.4949,32.0,1.0
6984,30.44,982.5033,162.0,2.06
6985,33.28,1034.9902,33.0,0.96
6986,33.96,991.5836,25.0,1.31
6987,30.84,1002.6178,17.0,1.47
6988,57.08,1216.5944,21.0,1.19
6989,49.88,1414.4575,20.0,2.71
6990,48.48,1204.4586,21.0,1.17
6991,43.72,1108.6936,24.0,1.16
6992,50.88,1057.0451,97.0,1.22
6993,42.32,969.418,48.0,1.26
6994,46.92,1013.8984,67.0,2.13
6995,53.36,975.98,21.0,1.27
6996,49.2,981.6126,20.0,1.24
6997,49.32,980.6304,79.0,1.03
6998,51.36,1033.795,41.0,1.23
6999,34.08,975.0458,14.0,1.36
7000,41.44,983.8864,26.0,1.11
7001,41.52,998.1666,49.0,1.11
7002,23.24,976.6257,65.0,1.1
7003,35.56,1020.9814,56.0,1.39
7004,51.16,1012.6856,53.0,1.1
7005,54.2,989.6178,33.0,2.21
7006,62.12,1020.5646,32.0,1.0
7007,56.16,976.4285,48.0,0.95
7008,58.52,1097.0129,58.0,1.21
7009,48.8,1381.1327,-2.0,1.0
7010,50.32,1010.3524,57.0,2.06
7011,46.68,1166.6712,3.0,0.93
7012,61.68,963.1019,5.0,1.01
7013,54.04,1404.8036,11.0,0.92
7014,46.52,985.711,10.0,0.88
7015,48.52,1051.5482,4.0,1.79
7016,51.0,1070.1895,41.0,1.02
7017,45.08,1032.0728,27.0,1.05
7018,58.04,1316.2494,44.0,0.92
7019,48.64,1319.3449,86.0,0.96
7020,50.6,1018.2866,35.0,1.81
7021,39.72,964.6281,28.0,0.96
7022,52.84,965.0772,5.0,0.88
7023,39.16,1033.4904,33.0,0.99
7024,46.28,1014.687,3.0,0.99
7025,38.6,1142.9804,80.0,1.8
7026,42.84,1012.9793,43.0,0.99
7027,37.36,1001.8946,78.0,1.03
7028,40.8,1057.6558,7.0,0.97
7029,33.8,997.2353,44.0,0.98
7030,40.56,969.5854,-5.0,1.98
7031,48.08,1373.1951,18.0,0.93
7032,47.64,1044.952,64.0,0.86
7033,54.08,1070.1315,13.0,1.09
7034,51.36,1116.1475,6.0,0.87
7035,55.72,1069.4291,23.0,1.78
7036,45.96,995.6646,8.0,0.91
7037,44.12,1144.017,56.0,0.84
7038,36.28,980.2786,88.0,0.94
7039,50.52,974.4366,16.0,0.96
7040,27.04,970.31,76.0,0.99
7041,56.4,995.9723,42.0,0.97
7042,50.36,1075.7255,17.0,0.88
7043,42.24,1150.5998,122.0,0.92
7044,49.04,1055.3471,39.0,0.97
7045,52.48,996.8348,1.0,0.85
7046,57.52,962.7306,-3.0,1.8
7047,46.96,1034.7681,18.0,0.94
7048,46.92,1036.3309,25.0,0.89
7049,62.76,1014.8772,38.0,1.16
7050,45.04,1048.7946,40.0,0.93
7051,57.52,1044.5596,15.0,2.05
7052,62.64,1042.9975,0.0,0.99
7053,37.64,1033.7049,86.0,0.94
7054,36.32,1022.6101,27.0,0.98
7055,35.04,1123.7737,88.0,1.03
7056,40.72,1038.9585,-4.0,2.01
7057,37.68,978.9582,33.0,1.04
7058,48.88,1097.0746,17.0,0.91
7059,33.08,1016.5596,62.0,1.01
7060,47.04,1031.4035,5.0,1.09
7061,55.8,1073.3342,22.0,1.95
7062,44.28,1366.6147,25.0,0.91
7063,41.4,1058.9996,58.0,0.97
7064,48.32,1198.3144,46.0,0.88
7065,41.16,1033.0482,9.0,1.01
7066,34.04,985.3909,37.0,1.97
7067,42.6,981.2238,1.0,0.94
7068,46.88,965.8032,0.0,0.93
7069,45.12,1026.4576,30.0,0.91
7070,44.72,1007.3343,38.0,0.86
7071,66.68,1000.7322,33.0,2.06
7072,51.12,1050.5285,37.0,0.91
7073,34.0,1040.735,43.0,1.03
7074,37.72,1011.4828,51.0,0.93
7075,54.2,978.9967,28.0,0.96
7076,49.92,1022.0862,50.0,1.9
7077,54.56,1041.0899,46.0,1.15
7078,41.6,964.6878,44.0,0.88
7079,56.32,1130.509,25.0,0.91
7080,53.48,1070.6958,48.0,1.01
7081,42.76,976.3161,64.0,1.87
7082,38.52,1028.9182,38.0,1.22
7083,64.24,1032.1572,38.0,0.98
7084,40.96,1055.136,27.0,1.06
7085,52.56,991.9118,25.0,1.06
7086,36.28,1070.5814,30.0,1.11
7087,52.04,983.9206,7.0,1.89
7088,54.76,1054.83,39.0,0.86
7089,50.68,1068.7838,102.0,1.04
7090,48.8,1032.9912,57.0,0.99
7091,39.56,1018.1863,69.0,0.94
7092,57.36,1002.9527,50.0,2.28
7093,48.28,977.4454,28.0,1.01
7094,25.44,981.6054,41.0,1.14
7095,53.4,986.9108,38.0,1.18
7096,58.88,1061.1287,23.0,1.01
7097,46.36,1016.9727,38.0,1.99
7098,39.8,1025.8404,41.0,1.12
7099,51.72,1060.1658,-2.0,1.12
7100,58.6,1377.5704,-9.0,0.99
7101,55.04,1033.3713,23.0,1.07
7102,62.4,1049.9969,13.0,2.43
7103,51.56,1003.2055,31.0,1.1
7104,45.68,1192.0493,26.0,0.97
7105,48.04,1051.7886,63.0,1.03
7106,44.88,1248.3652,74.0,1.1
7107,64.48,990.9231,39.0,2.06
7108,59.04,1003.8494,46.0,1.05
7109,42.2,1037.6158,6.0,0.96
7110,62.56,1089.6776,19.0,1.05
7111,57.8,963.2407,40.0,1.02
7112,27.6,1014.1856,86.0,1.91
7113,58.24,1027.6342,-6.0,1.1
7114,43.72,1017.8436,-2.0,0.92
7115,50.0,976.3453,-11.0,1.05
7116,29.24,985.2556,42.0,0.98
7117,46.6,1032.2106,2.0,2.07
7118,47.92,985.7216,23.0,1.07
7119,40.4,1049.9182,50.0,0.93
7120,60.88,995.3178,24.0,1.28
7121,49.8,1031.4178,4.0,1.48
7122,52.12,1393.9598,47.0,3.34
7123,43.64,967.0225,5.0,1.36
7124,41.56,1013.4198,9.0,1.17
7125,43.04,1047.7595,17.0,1.0
7126,48.92,965.6848,5.0,0.98
7127,39.6,1035.4126,51.0,0.93
7128,53.32,1020.4613,4.0,1.5
7129,47.84,977.584,59.0,1.15
7130,35.96,1041.1594,71.0,1.13
7131,55.92,1018.0856,-5.0,1.26
7132,60.72,989.6312,24.0,1.05
7133,52.44,1105.5917,22.0,1.76
7134,42.24,1023.8593,18.0,0.95
7135,52.0,1051.4271,20.0,1.15
7136,45.6,997.6598,48.0,1.2
7137,57.04,1019.997,22.0,1.13
7138,53.8,1055.4781,39.0,1.94
7139,52.96,984.6752,75.0,0.79
7140,44.0,1077.5659,12.0,1.0
7141,42.44,1025.1441,11.0,1.17
7142,51.64,983.402,2.0,1.09
7143,37.04,983.3937,77.0,1.91
7144,64.24,1138.8775,9.0,1.01
7145,52.84,977.3937,34.0,0.95
7146,49.72,982.6324,23.0,1.2
7147,57.2,1038.0104,19.0,1.31
7148,34.32,982.6991,85.0,2.05
7149,48.4,983.6288,45.0,0.93
7150,35.88,1004.7459,62.0,0.94
7151,59.36,1007.3571,11.0,0.95
7152,40.88,1069.6782,46.0,1.18
7153,58.72,975.9002,4.0,1.98
7154,48.04,1054.2708,18.0,1.43
7155,36.04,975.7542,50.0,1.26
7156,42.64,987.0267,70.0,1.33
7157,48.96,978.9195,15.0,1.57
7158,48.76,963.9992,31.0,2.68
7159,51.32,1059.6717,39.0,1.3
7160,51.76,1074.4534,43.0,1.04
7161,30.52,1000.7189,23.0,1.03
7162,53.8,1020.8017,20.0,0.94
7163,53.12,1007.3474,31.0,2.07
7164,51.76,977.9643,43.0,1.08
7165,50.36,980.7867,7.0,1.03
7166,45.28,1034.8385,30.0,1.05
7167,46.64,984.0974,28.0,1.01
7168,34.0,1052.7398,23.0,1.07
7169,50.56,1002.164,20.0,1.2
7170,46.24,1059.3358,54.0,1.27
7171,55.12,1018.0584,19.0,1.03
7172,50.48,1010.9541,18.0,1.01
7173,55.36,984.6165,52.0,0.95
7174,60.48,996.2196,33.0,2.54
7175,50.48,1029.4106,49.0,1.12
7176,58.12,1407.6714,35.0,0.96
7177,56.48,1130.888,18.0,1.01
7178,62.96,965.5714,3.0,0.99
7179,43.64,967.2364,49.0,1.95
7180,45.36,1035.213,27.0,0.91
7181,53.44,1049.9786,5.0,1.13
7182,60.48,1023.3684,15.0,1.1
7183,52.56,986.1608,22.0,1.03
7184,49.96,1031.789,25.0,2.13
7185,51.48,1185.7848,6.0,0.99
7186,51.32,1041.8062,9.0,0.98
7187,48.12,1047.4812,36.0,1.0
7188,38.68,1034.6941,72.0,1.04
7189,50.32,1074.646,20.0,1.83
7190,56.4,989.8911,43.0,1.02
7191,40.12,1011.9727,101.0,0.96
7192,38.96,1053.4764,39.0,1.02
7193,53.84,1005.833,54.0,1.07
7194,50.52,1025.3254,44.0,1.85
7195,55.76,978.4278,58.0,0.99
7196,59.12,968.8449,26.0,1.03
7197,45.0,1106.5877,44.0,1.08
7198,45.32,974.0202,9.0,1.07
7199,39.44,984.1792,59.0,1.86
7200,37.64,993.5212,20.0,1.03
7201,51.28,1037.3016,30.0,0.97
7202,56.08,1035.1724,12.0,1.07
7203,52.44,1402.3939,38.0,0.94
7204,57.72,965.1375,27.0,1.84
7205,26.4,997.2288,17.0,0.94
7206,46.56,1029.8764,20.0,1.09
7207,41.92,1008.9069,-8.0,0.97
7208,50.96,1250.01,39.0,0.89
7209,48.8,1065.1584,89.0,1.69
7210,39.92,996.9706,57.0,1.08
7211,52.28,1013.1254,-2.0,0.87
7212,47.84,977.897,43.0,1.06
7213,57.52,986.61,40.0,1.12
7214,35.24,997.8186,138.0,1.22
7215,52.08,977.4714,22.0,2.56
7216,53.08,1178.2856,32.0,1.3
7217,44.96,994.3446,22.0,1.16
7218,43.64,998.7494,19.0,0.98
7219,51.24,1049.6874,28.0,0.98
7220,53.92,1065.6317,16.0,2.21
7221,39.96,1054.5011,7.0,1.14
7222,44.52,1061.9114,34.0,1.0
7223,44.08,1013.8554,29.0,1.14
7224,61.24,1087.9804,3.0,1.23
7225,65.16,991.4969,4.0,1.91
7226,50.88,1136.221,55.0,0.9
7227,53.32,1318.2119,46.0,0.96
7228,52.12,1037.2387,-7.0,0.89
7229,51.0,1058.3515,12.0,0.99
7230,39.96,962.9072,49.0,1.85
7231,29.6,1039.6533,135.0,0.99
7232,65.76,1054.2408,-5.0,0.92
7233,34.36,1054.783,28.0,0.88
7234,47.12,1031.1017,30.0,0.98
7235,22.92,1006.0918,94.0,2.52
7236,39.08,979.3421,55.0,1.0
7237,38.12,1031.3194,61.0,0.97
7238,47.96,995.4258,3.0,1.15
7239,44.6,1029.83,3.0,0.99
7240,32.2,997.8498,97.0,1.94
7241,52.84,1018.4352,21.0,1.05
7242,47.8,1055.0176,-9.0,1.14
7243,45.92,983.2404,0.0,1.12
7244,51.44,977.3294,7.0,0.95
7245,50.72,1031.7494,16.0,2.25
7246,31.04,963.2897,24.0,0.94
7247,50.68,977.186,31.0,0.98
7248,41.56,1078.3142,27.0,0.94
7249,43.48,978.4816,68.0,1.03
7250,32.28,997.9415,54.0,2.33
7251,42.88,1009.8091,28.0,0.94
7252,50.96,1013.5941,29.0,0.99
7253,37.6,1034.8437,39.0,1.01
7254,34.96,1001.7412,66.0,0.98
7255,31.32,1008.8077,25.0,1.01
7256,52.12,1241.4022,10.0,1.01
7257,48.2,1021.0677,50.0,1.02
7258,25.36,971.3655,68.0,1.09
7259,47.96,980.6625,89.0,0.93
7260,51.2,1233.9388,5.0,0.9
7261,48.56,1057.0686,13.0,2.3
7262,47.76,978.5667,48.0,1.2
7263,41.08,1007.6188,33.0,1.07
7264,62.84,1330.2714,17.0,0.97
7265,54.36,1005.6403,36.0,1.12
7266,57.12,1220.792,27.0,2.14
7267,59.68,1034.5651,7.0,1.16
7268,39.12,995.5664,6.0,1.14
7269,33.04,1022.5927,55.0,1.31
7270,55.24,1029.9566,6.0,1.08
7271,41.88,979.0359,30.0,2.35
7272,29.76,969.3448,52.0,1.34
7273,42.4,1324.8354,45.0,1.39
7274,57.2,1051.2015,24.0,1.12
7275,47.08,984.5468,44.0,1.32
7276,32.6,1017.377,86.0,1.94
7277,48.6,1039.8405,58.0,0.92
7278,56.2,992.7738,9.0,0.93
7279,28.88,998.107,30.0,0.95
7280,45.6,981.8091,3.0,0.81
7281,51.32,985.6388,27.0,1.81
7282,26.6,1157.9139,72.0,0.9
7283,55.08,1075.4632,18.0,0.83
7284,42.32,1102.6079,20.0,0.8
7285,45.48,970.9102,19.0,0.92
7286,29.64,1045.3392,45.0,1.86
7287,52.6,978.478,12.0,0.93
7288,53.64,1126.1966,18.0,0.93
7289,45.76,1005.0156,47.0,0.95
7290,29.24,1060.1055,79.0,0.91
7291,43.2,1036.142,58.0,1.86
7292,49.52,1052.9645,40.0,0.95
7293,54.4,1078.3414,29.0,1.33
7294,60.48,1091.8776,29.0,0.91
7295,55.36,999.5118,6.0,1.2
7296,57.16,964.2658,13.0,0.98
7297,58.52,985.0661,24.0,0.87
7298,48.92,1171.0603,36.0,0.94
7299,25.12,969.867,44.0,0.94
7300,48.72,993.7206,46.0,0.91
7301,51.84,1023.5711,79.0,0.95
7302,56.64,991.2088,34.0,2.03
7303,49.32,978.4118,25.0,0.93
7304,51.0,1016.2696,-1.0,1.08
7305,46.64,1011.2036,5.0,0.89
7306,66.52,1037.4802,-1.0,1.11
7307,50.8,1179.8927,6.0,1.76
7308,46.04,978.4332,58.0,1.05
7309,54.28,1110.3956,45.0,0.9
7310,71.52,1035.8834,-4.0,1.02
7311,45.56,1036.0604,46.0,1.0
7312,50.4,1049.2009,20.0,2.19
7313,45.84,1036.2297,24.0,0.97
7314,34.48,996.9464,71.0,1.06
7315,47.52,1039.9831,6.0,1.12
7316,53.2,1067.8658,47.0,1.11
7317,33.36,974.1617,63.0,2.13
7318,61.56,977.1784,-3.0,1.0
7319,54.4,1034.8371,8.0,1.27
7320,44.2,1033.9134,23.0,1.36
7321,45.56,1250.4617,64.0,0.93
7322,57.96,1263.3853,30.0,2.11
7323,51.28,1033.9987,60.0,0.99
7324,32.52,966.2298,-4.0,0.93
7325,36.92,981.2525,74.0,0.94
7326,55.36,1033.6774,28.0,1.1
7327,59.6,1022.6123,-1.0,2.33
7328,44.56,1025.5774,28.0,0.93
7329,55.24,1054.6516,6.0,1.11
7330,48.48,1024.8793,18.0,1.25
7331,41.08,1053.4395,21.0,0.94
7332,36.28,979.0736,50.0,2.1
7333,47.04,1030.4612,7.0,1.02
7334,59.96,996.5491,45.0,0.95
7335,45.8,1033.7672,72.0,1.04
7336,20.52,969.4308,56.0,1.05
7337,48.12,997.7189,17.0,2.1
7338,53.24,1017.6695,11.0,1.37
7339,62.6,1116.4146,51.0,1.32
7340,31.32,970.2674,65.0,0.91
7341,38.28,1013.5329,15.0,1.22
7342,59.28,1049.8216,26.0,1.0
7343,38.24,973.1708,27.0,2.05
7344,56.52,1065.3382,23.0,0.94
7345,45.04,1039.3964,30.0,1.04
7346,27.08,1008.6538,42.0,1.12
7347,38.0,1048.6301,70.0,1.0
7348,61.16,1041.5124,21.0,1.99
7349,45.04,1065.9079,47.0,1.2
7350,52.84,1108.9604,45.0,1.09
7351,62.12,1271.1353,34.0,1.18
7352,46.84,1076.5404,24.0,0.88
7353,61.24,971.6749,6.0,2.0
7354,48.0,1002.5971,21.0,0.93
7355,55.92,1024.3548,31.0,0.95
7356,57.92,1030.936,5.0,0.98
7357,40.8,997.0339,46.0,1.04
7358,49.12,1099.034,53.0,2.25
7359,56.76,1065.3358,20.0,0.88
7360,60.88,993.9025,5.0,1.0
7361,48.2,1017.1115,35.0,0.99
7362,26.48,980.1063,74.0,1.24
7363,39.16,970.7735,23.0,2.23
7364,50.68,1095.2355,8.0,1.19
7365,56.0,1050.0279,17.0,1.17
7366,58.72,1147.5942,47.0,0.86
7367,43.32,1065.3303,38.0,0.96
7368,43.76,977.9643,22.0,1.94
7369,33.72,970.7685,88.0,0.86
7370,33.44,967.1851,58.0,0.9
7371,56.12,1045.4021,31.0,0.84
7372,51.48,988.1338,26.0,0.93
7373,31.24,1008.5229,27.0,1.93
7374,35.36,985.0522,7.0,1.42
7375,51.32,1010.351,57.0,1.35
7376,54.12,1085.6778,65.0,0.92
7377,52.4,1167.11,28.0,0.94
7378,55.84,987.3378,13.0,1.99
7379,51.8,1026.4356,24.0,0.96
7380,36.28,1034.185,10.0,0.96
7381,48.76,1030.949,34.0,0.93
7382,62.52,1031.3344,6.0,0.93
7383,44.88,965.6091,18.0,0.94
7384,43.12,1196.3852,24.0,1.34
7385,54.56,1123.407,21.0,1.25
7386,48.28,980.9874,47.0,1.19
7387,46.24,1009.4063,38.0,1.11
7388,41.04,1041.5516,29.0,1.42
7389,46.92,1282.8464,14.0,2.41
7390,52.76,1049.491,37.0,1.09
7391,43.92,1047.7992,37.0,1.08
7392,55.96,1364.3076,45.0,0.86
7393,53.44,1055.0507,1.0,0.86
7394,39.28,1034.5063,52.0,1.81
7395,36.48,976.5627,41.0,0.96
7396,49.4,1001.6136,8.0,1.23
7397,51.48,1034.2808,37.0,1.0
7398,53.32,1035.9636,8.0,0.98
7399,56.56,1020.7008,19.0,2.88
7400,23.24,983.4876,103.0,0.94
7401,29.28,1007.9584,58.0,0.92
7402,46.04,1053.372,71.0,0.94
7403,44.96,1038.2197,74.0,0.97
7404,52.44,1012.0022,23.0,2.02
7405,47.64,1011.2844,5.0,1.0
7406,59.92,1360.7016,26.0,0.99
7407,59.04,1021.2829,8.0,0.96
7408,47.2,1056.7617,11.0,1.12
7409,25.68,1000.4391,113.0,1.89
7410,40.76,1053.8706,54.0,0.98
7411,43.64,980.3324,92.0,0.98
7412,44.32,983.2875,67.0,1.05
7413,55.96,1136.2227,22.0,0.91
7414,28.88,1052.9937,48.0,2.24
7415,60.72,1007.7665,19.0,0.97
7416,41.12,978.7686,21.0,1.1
7417,57.0,1058.9975,9.0,0.89
7418,41.6,1070.1313,16.0,1.05
7419,53.24,1019.9648,23.0,1.97
7420,47.64,1137.0562,15.0,0.81
7421,54.16,1140.3837,7.0,1.03
7422,53.12,1061.8967,11.0,1.05
7423,52.48,1054.8511,70.0,1.09
7424,54.28,1015.406,53.0,1.26
7425,39.88,984.4233,31.0,1.0
7426,56.24,1062.3962,53.0,0.94
7427,46.88,962.9634,-1.0,0.98
7428,57.24,1073.8518,71.0,1.25
7429,29.08,1033.0964,91.0,1.14
7430,27.0,1008.9139,46.0,1.85
7431,46.52,1034.6403,33.0,1.23
7432,59.48,992.4683,18.0,1.01
7433,44.4,985.989,25.0,0.92
7434,45.84,1101.1249,41.0,0.92
7435,46.52,1375.5056,18.0,1.99
7436,46.92,1025.5083,23.0,1.03
7437,50.2,1022.2828,5.0,1.19
7438,49.32,1031.2533,10.0,0.9
7439,49.08,1054.8584,40.0,0.81
7440,25.2,974.5488,75.0,2.06
7441,49.72,974.4723,19.0,0.92
7442,48.88,1008.398,8.0,1.27
7443,53.48,980.9063,0.0,1.04
7444,42.4,1080.0464,55.0,1.23
7445,50.88,1243.3033,51.0,2.03
7446,52.2,1026.5302,42.0,1.11
7447,47.24,994.1318,30.0,0.95
7448,38.0,1061.3288,51.0,1.12
7449,50.56,1018.7098,57.0,1.09
7450,55.24,1020.4958,30.0,2.09
7451,53.96,1050.2911,5.0,1.02
7452,43.6,1037.8003,51.0,0.96
7453,45.88,1029.0956,4.0,0.97
7454,41.84,1004.7328,77.0,1.04
7455,49.0,1020.5458,55.0,2.16
7456,35.64,1011.1985,28.0,1.0
7457,39.32,982.8744,60.0,1.02
7458,50.0,1026.695,17.0,1.17
7459,41.0,1126.457,12.0,0.89
7460,46.28,994.6534,78.0,2.24
7461,46.76,1016.5063,19.0,1.25
7462,61.24,1006.7029,49.0,1.13
7463,46.48,1251.9508,6.0,1.02
7464,33.12,970.3806,68.0,0.92
7465,59.96,965.2458,-2.0,1.91
7466,45.44,1409.1951,84.0,0.85
7467,55.92,1052.2502,16.0,1.05
7468,52.08,1077.0611,66.0,0.85
7469,39.84,978.0048,52.0,0.95
7470,27.36,1002.2103,11.0,1.08
7471,34.84,1053.7102,43.0,2.21
7472,53.96,975.3394,34.0,0.93
7473,38.4,1033.0,71.0,0.96
7474,58.48,1019.8062,8.0,0.96
7475,41.72,1035.0543,57.0,0.89
7476,45.44,1011.7252,70.0,1.79
7477,36.84,1026.7623,108.0,1.19
7478,47.8,1052.115,43.0,1.24
7479,42.12,1038.063,24.0,1.06
7480,21.64,971.3095,96.0,1.1
7481,57.32,1015.9112,53.0,2.02
7482,24.44,1000.6692,51.0,0.95
7483,54.72,1021.3822,3.0,1.2
7484,26.76,983.7261,69.0,1.17
7485,40.6,1048.1898,46.0,1.03
7486,48.4,1035.0205,34.0,2.2
7487,44.28,1053.7095,41.0,1.55
7488,53.08,1331.7625,-6.0,1.03
7489,63.8,1066.8068,15.0,1.03
7490,57.88,1041.6178,0.0,1.24
7491,57.8,967.9963,-6.0,2.13
7492,48.96,964.3652,21.0,1.16
7493,37.48,1005.7228,58.0,0.97
7494,46.52,1139.8295,79.0,0.89
7495,41.0,985.9538,-4.0,1.36
7496,41.4,1009.8336,43.0,2.38
7497,48.36,1033.7725,50.0,1.14
7498,49.88,1010.6162,66.0,1.67
7499,58.12,1005.2432,43.0,1.47
7500,45.92,1015.2744,37.0,1.11
7501,53.52,1022.4645,75.0,1.99
7502,35.28,1010.6001,68.0,0.82
7503,47.8,1061.7552,109.0,1.02
7504,42.2,1022.6566,79.0,0.95
7505,43.76,1009.1289,28.0,1.11
7506,45.96,983.5258,93.0,2.14
7507,62.28,965.4097,51.0,1.02
7508,46.28,1004.6745,84.0,1.01
7509,36.48,1016.1556,22.0,1.14
7510,33.56,1013.5299,74.0,1.14
7511,39.8,1003.4326,76.0,1.13
7512,49.92,1008.1984,19.0,1.14
7513,54.68,1204.8062,38.0,0.92
7514,41.28,982.8045,55.0,1.13
7515,45.16,991.4621,17.0,0.92
7516,47.32,1012.5522,50.0,1.03
7517,36.96,1024.5585,53.0,2.53
7518,54.36,989.5614,18.0,1.04
7519,55.16,1029.6753,-1.0,1.13
7520,49.08,1330.6647,9.0,1.21
7521,57.2,1202.299,54.0,1.16
7522,41.76,1032.927,12.0,2.18
7523,55.04,1033.3283,16.0,1.24
7524,52.04,1066.3721,44.0,1.11
7525,47.32,1061.4022,14.0,1.14
7526,40.6,1055.8024,66.0,1.18
7527,44.56,979.7507,29.0,2.35
7528,22.28,980.1058,53.0,1.35
7529,43.64,1031.3708,8.0,1.24
7530,53.2,1066.8282,-5.0,0.94
7531,52.72,1130.0782,12.0,1.03
7532,46.28,1144.285,70.0,1.91
7533,52.12,1035.4748,36.0,1.07
7534,45.16,1253.6309,20.0,1.05
7535,48.0,1036.8385,5.0,0.87
7536,60.0,963.5876,1.0,1.03
7537,57.6,1014.6088,31.0,2.0
7538,36.32,979.2947,53.0,0.96
7539,50.12,1114.2434,66.0,0.97
7540,54.12,1055.1886,33.0,0.86
7541,53.44,1049.5084,5.0,1.25
7542,52.48,1073.1948,7.0,2.08
7543,59.04,994.5234,27.0,1.06
7544,68.44,966.4274,-6.0,0.85
7545,53.44,1008.3874,48.0,1.06
7546,48.92,1038.5032,33.0,0.92
7547,51.28,1011.558,29.0,2.05
7548,54.52,1219.5588,18.0,0.9
7549,45.48,1130.299,48.0,0.92
7550,55.56,1388.2801,27.0,1.0
7551,42.6,974.2362,7.0,1.21
7552,54.6,988.331,5.0,1.14
7553,62.68,1044.1603,20.0,0.86
7554,57.04,1048.7164,13.0,0.96
7555,58.12,995.0218,63.0,0.93
7556,26.12,1076.8292,19.0,1.19
7557,49.6,1046.0318,28.0,1.16
7558,40.36,1035.6379,86.0,1.95
7559,43.56,977.7683,64.0,0.95
7560,21.76,974.3816,68.0,1.33
7561,32.04,968.7814,88.0,1.14
7562,42.36,1054.0423,31.0,1.01
7563,42.96,1125.463,28.0,2.09
7564,51.68,1031.8875,-5.0,1.17
7565,55.56,1051.8915,30.0,1.02
7566,45.64,971.2489,7.0,1.1
7567,63.44,1264.9216,48.0,1.32
7568,52.56,992.9297,63.0,2.74
7569,37.44,974.6523,87.0,1.04
7570,64.24,965.6911,-2.0,1.01
7571,61.68,1001.3216,49.0,1.08
7572,57.28,969.4002,22.0,1.11
7573,51.4,1162.5248,51.0,1.83
7574,49.8,1032.4435,15.0,0.95
7575,54.44,1401.3082,43.0,1.15
7576,63.04,963.0828,22.0,1.05
7577,27.8,971.0694,31.0,1.22
7578,43.76,1307.3823,65.0,2.15
7579,43.6,1338.3826,5.0,1.08
7580,52.28,1030.7688,51.0,1.23
7581,56.88,1053.3032,24.0,1.07
7582,39.16,1035.6179,68.0,1.25
7583,50.44,1074.6633,21.0,2.1
7584,46.44,977.2738,56.0,0.9
7585,50.96,1007.4628,22.0,1.18
7586,47.32,1030.1497,-4.0,1.12
7587,48.68,1101.0823,62.0,1.09
7588,49.32,971.948,5.0,2.03
7589,38.32,998.1801,29.0,1.24
7590,54.52,1027.0536,18.0,1.87
7591,57.8,1042.9201,26.0,1.46
7592,31.68,970.2154,79.0,1.21
7593,42.24,1028.8355,55.0,2.05
7594,51.48,991.3832,125.0,1.08
7595,34.48,1007.4978,29.0,1.01
7596,52.52,970.9868,11.0,1.17
7597,49.96,1043.7361,67.0,1.16
7598,42.84,985.5548,31.0,0.97
7599,41.36,1035.3277,44.0,2.23
7600,37.6,1031.3955,77.0,1.4
7601,56.2,983.7731,5.0,1.15
7602,57.56,1048.944,22.0,1.24
7603,53.08,1026.0285,30.0,0.94
7604,56.76,1004.8288,54.0,1.98
7605,42.68,972.4606,15.0,0.95
7606,41.2,978.9117,48.0,0.98
7607,26.48,979.2118,90.0,1.06
7608,48.4,1191.9945,87.0,0.95
7609,43.36,1036.0542,58.0,1.87
7610,26.76,983.1641,50.0,1.3
7611,25.48,981.9981,100.0,0.94
7612,40.36,989.5637,36.0,1.03
7613,64.28,993.8705,29.0,1.04
7614,42.68,1028.6578,50.0,1.86
7615,53.96,1033.0656,20.0,0.96
7616,43.8,975.899,103.0,0.98
7617,43.0,1048.184,44.0,0.9
7618,60.0,1035.5884,15.0,0.93
7619,44.88,1031.4852,36.0,2.03
7620,43.16,977.5178,15.0,1.11
7621,49.48,1036.7525,-4.0,1.06
7622,43.6,998.8459,39.0,1.17
7623,37.56,1136.8046,57.0,1.1
7624,42.32,1100.2642,31.0,2.16
7625,42.16,1025.0937,23.0,1.06
7626,58.24,1215.6227,48.0,0.89
7627,55.56,968.2056,24.0,0.95
7628,29.64,1020.2373,48.0,1.02
7629,57.48,1239.9876,-6.0,2.06
7630,48.48,979.5051,25.0,0.89
7631,65.84,1014.5546,4.0,1.06
7632,39.88,982.8488,64.0,0.86
7633,53.48,971.0111,25.0,0.9
7634,49.92,1003.5906,32.0,2.03
7635,44.64,1129.3215,71.0,1.1
7636,42.6,1395.2993,35.0,0.94
7637,51.24,1015.1528,31.0,1.07
7638,56.4,964.2348,35.0,1.27
7639,61.28,1004.0657,19.0,0.89
7640,42.72,1032.4984,26.0,0.91
7641,61.96,1040.8156,16.0,1.09
7642,22.64,976.6613,94.0,1.04
7643,45.56,1043.6001,21.0,1.04
7644,42.68,982.1422,61.0,0.93
7645,41.64,998.5082,28.0,2.0
7646,48.84,1059.0892,2.0,1.0
7647,51.12,1190.5635,29.0,0.87
7648,59.96,1033.5273,0.0,0.95
7649,42.08,1035.041,59.0,0.9
7650,31.72,981.585,61.0,2.23
7651,44.68,977.186,22.0,0.82
7652,62.48,1047.7338,-2.0,1.0
7653,47.12,1011.2734,37.0,0.94
7654,54.64,1237.8498,23.0,1.26
7655,47.32,1052.9808,33.0,1.71
7656,40.04,1000.385,37.0,1.12
7657,64.6,980.2535,15.0,0.99
7658,27.92,978.5981,47.0,1.01
7659,50.68,1098.8047,67.0,1.17
7660,54.28,1008.6491,32.0,2.21
7661,39.2,1025.5577,31.0,1.34
7662,48.56,1046.8999,30.0,1.5
7663,49.36,1002.3761,47.0,1.08
7664,47.32,979.9778,23.0,1.22
7665,52.96,1092.0852,42.0,2.13
7666,58.48,1019.4782,11.0,1.12
7667,22.28,976.0009,101.0,1.08
7668,43.4,1032.5763,50.0,1.18
7669,53.24,994.3416,24.0,1.14
7670,50.92,1013.425,92.0,2.06
7671,39.8,1030.2781,17.0,1.4
7672,36.36,1068.5294,75.0,1.02
7673,47.36,972.1468,3.0,1.08
7674,56.52,1031.814,22.0,1.16
7675,54.4,1022.0566,40.0,2.07
7676,51.48,1019.6345,54.0,1.17
7677,48.96,1052.8781,25.0,1.0
7678,49.12,964.4725,19.0,1.06
7679,30.88,1012.2359,36.0,1.29
7680,59.36,964.3514,5.0,1.49
7681,52.12,964.7998,46.0,1.13
7682,54.76,1008.7242,38.0,1.16
7683,66.68,1019.717,9.0,1.16
7684,40.24,979.0607,75.0,1.12
7685,44.44,1328.3322,17.0,1.05
7686,47.12,977.4304,19.0,2.22
7687,56.04,1014.9312,18.0,0.96
7688,61.48,999.0465,16.0,1.08
7689,45.48,1030.931,20.0,0.91
7690,41.12,1034.7624,76.0,1.02
7691,58.44,1022.5787,50.0,2.16
7692,43.24,1034.3266,15.0,1.03
7693,36.48,1029.3396,23.0,1.32
7694,51.6,1047.4338,45.0,1.04
7695,48.96,1054.3105,27.0,1.01
7696,29.48,1004.5271,100.0,2.28
7697,38.48,1037.6128,104.0,1.18
7698,56.72,977.0227,-7.0,1.24
7699,47.68,1132.4302,13.0,0.95
7700,46.44,1005.9533,39.0,1.06
7701,68.88,1073.4058,-1.0,1.96
7702,51.52,1020.0974,60.0,0.9
7703,54.4,1005.5255,30.0,0.96
7704,49.2,999.4495,7.0,0.97
7705,37.2,1036.7898,43.0,0.98
7706,65.24,1012.9799,23.0,1.93
7707,49.56,1066.2724,120.0,0.95
7708,51.36,1021.4831,65.0,0.96
7709,40.88,1031.7457,35.0,0.98
7710,62.76,990.1238,33.0,0.91
7711,49.96,1040.2713,14.0,1.95
7712,28.2,981.1109,92.0,0.86
7713,50.36,1024.4535,27.0,1.01
7714,40.52,1054.9224,86.0,1.05
7715,45.04,1044.2464,27.0,1.41
7716,46.08,1254.2737,41.0,2.22
7717,40.92,1022.5892,31.0,1.15
7718,55.6,1031.3718,26.0,1.11
7719,26.88,980.1421,49.0,1.14
7720,55.0,1024.4306,22.0,1.03
7721,49.84,1063.8461,5.0,2.2
7722,36.32,976.4949,20.0,1.31
7723,41.12,1210.2844,20.0,1.01
7724,59.88,1032.3997,30.0,1.12
7725,41.84,976.4917,58.0,1.14
7726,50.2,1031.8951,73.0,1.28
7727,52.6,1123.2808,20.0,1.86
7728,52.56,1051.8235,51.0,0.87
7729,33.44,998.3237,63.0,1.12
7730,53.92,1084.0338,29.0,1.18
7731,54.4,991.9049,55.0,1.02
7732,43.12,1022.3774,33.0,1.88
7733,48.76,1022.206,22.0,1.05
7734,43.76,1052.8001,51.0,1.09
7735,45.88,985.0482,4.0,1.12
7736,38.6,1033.1836,35.0,1.11
7737,39.16,981.519,92.0,2.65
7738,48.44,1034.7504,39.0,1.32
7739,61.96,1144.9199,26.0,1.24
7740,51.32,1033.6887,4.0,0.95
7741,56.36,1014.9372,29.0,0.92
7742,53.84,1020.9665,79.0,1.94
7743,56.48,977.0223,12.0,1.4
7744,41.24,969.1919,6.0,1.17
7745,46.64,981.4056,49.0,1.15
7746,36.84,1002.4013,45.0,1.12
7747,45.76,1026.339,8.0,2.02
7748,62.24,992.4518,11.0,0.97
7749,55.28,1064.2272,38.0,0.9
7750,52.2,977.5236,39.0,1.04
7751,47.08,978.2921,35.0,1.02
7752,55.6,1049.584,21.0,2.29
7753,26.44,1031.6189,31.0,1.2
7754,51.16,1053.6017,49.0,1.37
7755,42.0,1038.2969,30.0,1.13
7756,30.64,980.3692,104.0,1.18
7757,47.32,1120.5446,34.0,1.91
7758,46.64,1030.8857,61.0,1.45
7759,57.96,1036.2033,-4.0,1.13
7760,48.36,1006.7601,27.0,1.15
7761,47.68,1031.6409,25.0,1.4
7762,45.08,965.3255,78.0,2.07
7763,45.76,1051.3221,82.0,0.95
7764,43.72,1019.5979,34.0,1.38
7765,55.8,1075.3883,35.0,1.27
7766,41.4,1409.7444,83.0,0.95
7767,49.48,984.0921,6.0,1.02
7768,46.0,1036.406,-5.0,0.97
7769,66.72,1054.9021,12.0,1.2
7770,45.24,983.2926,29.0,1.16
7771,53.24,1227.8204,16.0,1.19
7772,52.0,1143.5466,15.0,1.07
7773,42.68,1141.2652,11.0,1.91
7774,55.76,1014.18,5.0,1.03
7775,50.64,1003.1136,38.0,1.1
7776,41.16,1023.7128,40.0,1.09
7777,29.68,1061.1812,29.0,1.0
7778,37.12,975.3254,23.0,2.01
7779,40.84,1059.4572,32.0,1.06
7780,53.32,982.2485,30.0,0.98
7781,34.12,987.9549,59.0,0.8
7782,56.16,1048.6436,55.0,1.32
7783,47.96,1016.3812,52.0,2.21
7784,53.36,1016.8682,17.0,1.19
7785,63.52,1033.5604,0.0,1.3
7786,61.68,973.622,12.0,0.98
7787,44.8,985.3706,38.0,0.88
7788,31.68,977.2563,105.0,2.2
7789,34.72,1008.8751,43.0,1.03
7790,52.0,1051.1222,32.0,1.22
7791,47.8,986.2324,6.0,1.1
7792,48.84,1029.4676,27.0,0.99
7793,51.64,1063.2016,48.0,1.94
7794,44.64,1026.8849,17.0,0.94
7795,57.96,991.9724,60.0,1.01
7796,50.76,984.8386,57.0,0.79
7797,43.44,1061.2619,28.0,1.07
7798,40.44,972.7193,2.0,2.16
7799,63.68,1041.8764,8.0,0.98
7800,37.56,1058.5211,42.0,0.99
7801,61.6,1058.7128,-7.0,1.11
7802,60.92,976.9742,21.0,1.08
7803,31.8,1047.0267,54.0,2.48
7804,47.8,1015.2634,28.0,1.09
7805,54.28,1054.6437,11.0,1.05
7806,46.36,984.9042,94.0,1.27
7807,46.64,979.9027,47.0,1.23
7808,53.0,1033.6795,47.0,1.05
7809,42.24,974.1929,53.0,0.89
7810,49.24,1287.659,25.0,1.01
7811,42.88,1102.2162,27.0,1.06
7812,26.24,1000.7646,12.0,1.32
7813,28.0,995.4372,35.0,1.29
7814,44.8,1051.2978,23.0,2.15
7815,50.8,1035.247,43.0,1.35
7816,35.16,1036.0754,35.0,1.35
7817,51.68,1022.3671,57.0,1.06
7818,63.2,992.3365,47.0,0.97
7819,61.64,965.2304,23.0,2.17
7820,45.2,1020.7904,78.0,1.14
7821,57.92,991.5599,24.0,1.27
7822,43.76,1003.6181,41.0,1.09
7823,39.84,1034.7896,112.0,0.9
7824,38.56,1051.1125,43.0,2.09
7825,42.56,975.5915,41.0,1.03
7826,55.96,1056.9218,6.0,1.16
7827,43.56,977.3243,17.0,0.97
7828,58.96,1090.5263,3.0,1.29
7829,52.8,978.5778,18.0,2.22
7830,49.4,1062.7624,62.0,1.08
7831,55.64,984.6334,43.0,0.97
7832,48.6,986.5278,96.0,0.87
7833,56.32,1144.493,23.0,1.12
7834,42.8,985.6505,24.0,1.87
7835,27.36,1000.1926,45.0,1.04
7836,40.44,1035.4089,22.0,1.1
7837,46.88,1051.2161,69.0,1.21
7838,51.8,1044.4467,21.0,1.32
7839,37.96,982.7552,8.0,1.68
7840,46.36,1036.0278,21.0,0.94
7841,41.16,972.512,7.0,1.23
7842,56.16,1054.0501,20.0,1.08
7843,48.04,1174.8821,38.0,1.42
7844,35.96,1000.5848,54.0,2.2
7845,43.6,1134.7842,69.0,1.18
7846,57.76,1067.3342,-2.0,1.37
7847,59.4,1019.8316,18.0,1.17
7848,45.92,1046.9872,51.0,1.14
7849,47.52,1052.456,-3.0,1.85
7850,46.64,992.4012,26.0,1.38
7851,42.24,1010.9609,48.0,1.15
7852,50.24,983.515,50.0,1.03
7853,42.64,1030.0147,55.0,1.44
7854,48.24,1014.6809,20.0,1.06
7855,53.96,1060.0548,48.0,2.08
7856,44.88,977.2278,59.0,0.89
7857,43.4,1063.7421,18.0,0.92
7858,42.48,1054.8475,44.0,0.88
7859,47.6,977.3817,33.0,1.17
7860,39.16,991.6222,27.0,1.71
7861,38.84,997.019,44.0,1.01
7862,48.32,1248.3346,0.0,0.95
7863,51.28,1109.4339,36.0,0.9
7864,48.0,1014.8512,51.0,1.08
7865,50.8,986.3717,33.0,1.86
7866,50.64,1020.7427,70.0,1.0
7867,53.4,1349.2741,2.0,1.01
7868,51.76,1080.023,25.0,1.14
7869,28.72,1000.8266,27.0,1.34
7870,42.64,1023.7138,25.0,1.92
7871,53.4,1285.8768,16.0,0.96
7872,61.84,1239.9457,54.0,1.11
7873,55.32,1048.5561,38.0,1.04
7874,58.64,1150.8464,20.0,0.87
7875,47.08,1010.1138,4.0,2.37
7876,51.36,1114.0358,15.0,1.08
7877,60.76,1003.4803,0.0,1.32
7878,35.8,990.0495,50.0,1.06
7879,58.36,974.4217,-2.0,0.83
7880,62.68,965.6328,13.0,2.17
7881,45.28,1056.2892,58.0,1.03
7882,37.44,1298.1571,117.0,1.15
7883,41.56,1040.508,56.0,1.14
7884,41.28,1000.3498,59.0,1.18
7885,51.68,1040.5412,7.0,2.29
7886,50.92,1029.7934,40.0,1.3
7887,62.4,1044.2062,45.0,0.91
7888,44.64,1051.5095,77.0,0.97
7889,53.76,1026.2522,57.0,1.03
7890,59.04,991.8493,31.0,2.03
7891,34.0,1016.3604,46.0,0.99
7892,36.6,973.963,18.0,0.99
7893,49.28,1141.3314,51.0,0.85
7894,45.84,1085.582,50.0,0.94
7895,52.6,1030.7867,10.0,0.92
7896,60.48,991.5602,5.0,1.1
7897,29.4,1023.8818,85.0,1.01
7898,51.92,1048.7954,-3.0,1.09
7899,49.88,975.1198,68.0,1.04
7900,35.92,1022.9243,29.0,1.46
7901,59.24,1031.692,35.0,1.9
7902,40.04,994.8817,6.0,1.12
7903,48.44,1048.9245,34.0,1.11
7904,55.2,991.0705,28.0,1.09
7905,49.12,1044.4699,35.0,1.23
7906,37.04,1062.1574,106.0,2.17
7907,31.44,1002.574,51.0,1.1
7908,47.64,978.5658,23.0,1.01
7909,66.16,1027.8921,32.0,0.98
7910,49.24,1032.095,20.0,0.94
7911,54.6,962.8676,13.0,2.11
7912,56.72,1031.4823,23.0,1.15
7913,56.92,1027.1777,30.0,0.99
7914,40.36,975.3545,22.0,1.03
7915,38.32,969.6196,27.0,1.01
7916,57.6,963.5446,9.0,1.85
7917,50.04,971.9316,-5.0,0.9
7918,50.8,1233.173,9.0,0.97
7919,28.08,967.8019,43.0,0.88
7920,42.2,1026.1642,62.0,1.2
7921,63.16,998.8449,39.0,2.1
7922,61.08,1032.7366,17.0,0.91
7923,65.8,1030.1432,32.0,1.14
7924,40.36,1001.7742,49.0,0.97
7925,36.8,985.4312,68.0,0.97
7926,46.4,1065.5978,52.0,1.73
7927,47.64,1065.156,41.0,0.82
7928,53.44,1021.6399,-1.0,1.05
7929,31.24,1411.6026,58.0,0.98
7930,40.44,986.6667,90.0,1.02
7931,51.4,1044.7706,11.0,1.85
7932,54.64,1012.4247,3.0,0.86
7933,40.92,1175.7122,23.0,1.04
7934,58.08,1066.2121,29.0,0.92
7935,42.6,997.8496,1.0,1.06
7936,49.72,1049.3326,29.0,0.93
7937,45.0,1055.858,-3.0,0.79
7938,45.76,1194.2965,46.0,1.12
7939,49.76,1061.8121,-1.0,0.94
7940,42.24,1001.8512,4.0,1.01
7941,40.16,1066.2704,45.0,0.91
7942,52.0,1030.1754,0.0,1.67
7943,40.12,992.2113,-5.0,1.04
7944,56.76,1015.4479,19.0,0.95
7945,28.68,1000.7572,18.0,0.95
7946,41.96,1055.5699,-7.0,0.88
7947,49.16,966.3569,1.0,1.92
7948,49.36,1043.012,45.0,0.96
7949,48.28,1046.8442,33.0,0.95
7950,24.8,1019.6495,39.0,0.98
7951,55.52,1025.6768,50.0,1.02
7952,32.64,996.9094,9.0,1.87
7953,55.0,974.5413,25.0,1.2
7954,61.8,1212.3047,45.0,1.03
7955,41.72,996.0787,46.0,1.14
7956,57.08,986.6965,46.0,1.1
7957,57.96,1092.328,23.0,2.04
7958,55.6,1051.8464,28.0,0.89
7959,42.28,1138.7244,102.0,0.93
7960,43.96,967.8401,89.0,0.89
7961,54.24,1051.2898,22.0,1.2
7962,53.36,1050.9586,47.0,1.86
7963,43.72,986.8138,78.0,1.06
7964,47.6,980.8804,19.0,0.95
7965,59.88,1074.8206,55.0,1.13
7966,54.92,981.1601,24.0,1.1
7967,62.48,1012.9804,17.0,2.16
7968,41.6,978.6208,82.0,1.15
7969,44.4,1144.0308,47.0,1.6
7970,60.88,1238.701,42.0,1.04
7971,55.64,993.6797,50.0,1.27
7972,44.0,1088.3916,26.0,2.14
7973,54.0,1011.3986,34.0,1.18
7974,59.12,1360.954,39.0,1.9
7975,28.12,981.8955,92.0,1.03
7976,41.96,970.5444,0.0,1.1
7977,39.08,1019.3332,41.0,2.18
7978,48.96,965.4986,59.0,1.11
7979,30.8,971.7529,47.0,1.07
7980,51.0,1022.5431,26.0,1.27
7981,49.16,1032.1556,21.0,1.02
7982,31.16,975.3975,51.0,1.07
7983,29.56,969.0908,99.0,1.83
7984,62.76,965.252,6.0,1.04
7985,26.64,980.9192,129.0,1.02
7986,44.12,1058.3375,3.0,1.46
7987,38.68,964.9188,38.0,1.04
7988,58.56,965.0336,-9.0,2.17
7989,64.92,987.7678,15.0,1.07
7990,39.76,1004.7128,34.0,1.27
7991,61.68,1008.3024,34.0,1.31
7992,51.8,964.8305,52.0,1.09
7993,55.28,1141.4283,15.0,2.27
7994,40.6,977.6239,12.0,1.12
7995,50.4,1102.5217,16.0,1.11
7996,54.68,1039.4291,34.0,1.23
7997,56.68,1105.5029,42.0,0.95
7998,45.2,1017.6578,47.0,1.95
7999,61.2,1057.9251,1.0,0.88
8000,55.44,1001.4904,15.0,1.04
8001,66.24,1003.5168,-11.0,0.95
8002,37.48,981.9072,19.0,0.94
8003,57.68,1048.7843,15.0,1.96
8004,41.6,1322.4168,34.0,0.92
8005,27.96,990.2682,102.0,1.07
8006,41.24,1013.7263,29.0,1.12
8007,53.0,1010.011,32.0,0.97
8008,53.92,982.286,41.0,2.04
8009,49.92,979.3827,71.0,1.01
8010,39.6,1005.5524,2.0,0.96
8011,62.88,965.7878,31.0,1.02
8012,42.72,982.586,1.0,1.06
8013,47.48,994.1146,51.0,1.92
8014,46.52,1150.525,21.0,1.13
8015,49.72,1135.7894,29.0,1.48
8016,46.64,1053.0992,41.0,1.43
8017,36.52,1042.759,64.0,1.14
8018,48.84,984.6926,-2.0,1.99
8019,44.92,1036.5406,32.0,1.1
8020,35.56,995.2305,55.0,1.04
8021,65.16,1059.9285,1.0,0.89
8022,62.72,1049.8805,11.0,1.01
8023,50.36,967.4606,-4.0,0.96
8024,58.48,1033.6312,3.0,1.03
8025,55.36,1052.6411,25.0,0.89
8026,60.52,1018.075,19.0,1.07
8027,45.12,1033.0462,43.0,0.98
8028,38.36,981.1848,91.0,0.88
8029,57.2,965.7337,3.0,2.57
8030,22.68,998.1276,2.0,1.21
8031,24.36,1014.5392,29.0,0.99
8032,45.08,1032.0451,18.0,1.09
8033,56.04,1010.6582,8.0,1.08
8034,52.32,1034.9458,-3.0,1.82
8035,45.2,1378.428,-1.0,1.01
8036,38.52,997.5234,28.0,1.32
8037,32.08,1023.2184,11.0,0.9
8038,48.24,1043.8514,82.0,1.13
8039,53.92,1150.3312,34.0,2.16
8040,47.96,1030.3606,15.0,1.29
8041,60.92,1063.8496,21.0,1.04
8042,46.92,1041.555,-1.0,1.0
8043,50.48,978.1386,27.0,1.2
8044,48.32,1020.7994,48.0,2.2
8045,42.76,968.5666,14.0,0.9
8046,41.76,1054.4297,49.0,1.0
8047,51.44,982.0159,25.0,1.12
8048,68.68,969.5338,29.0,1.12
8049,46.0,1006.4593,8.0,2.4
8050,51.04,988.4124,10.0,1.0
8051,50.96,1032.1432,17.0,1.17
8052,28.28,982.5696,43.0,1.08
8053,28.96,968.3774,70.0,1.29
8054,44.8,1039.0126,6.0,2.12
8055,47.96,965.9982,-4.0,1.02
8056,33.08,1017.4129,29.0,0.99
8057,48.72,1015.6257,13.0,1.3
8058,37.84,1041.4806,69.0,1.23
8059,47.84,980.9082,28.0,2.49
8060,37.72,973.2086,15.0,1.03
8061,55.36,1016.2822,2.0,1.0
8062,42.52,1057.7828,14.0,1.05
8063,46.16,1011.5898,26.0,0.95
8064,34.04,1002.1526,62.0,1.07
8065,43.24,1081.6703,35.0,1.0
8066,46.48,1079.1095,23.0,0.96
8067,53.8,1121.173,28.0,1.06
8068,50.76,1028.5245,-1.0,1.01
8069,48.08,1111.8838,42.0,1.03
8070,56.68,970.0658,27.0,2.56
8071,45.0,1034.3168,30.0,1.08
8072,39.76,1012.8272,51.0,1.09
8073,54.48,1048.0301,30.0,1.2
8074,54.0,1020.8283,28.0,0.97
8075,53.08,963.3569,20.0,1.88
8076,55.12,1024.6566,28.0,1.0
8077,52.68,1385.5774,39.0,0.91
8078,40.76,1051.7936,31.0,1.18
8079,67.52,965.1125,20.0,1.01
8080,37.96,963.4336,51.0,1.82
8081,53.92,1053.9497,24.0,0.92
8082,31.16,996.625,28.0,0.96
8083,46.36,1161.863,28.0,1.06
8084,44.76,1003.436,54.0,0.95
8085,53.8,1111.387,61.0,2.13
8086,48.48,1011.2945,22.0,1.1
8087,39.52,965.4674,65.0,0.9
8088,53.08,1069.3024,14.0,1.25
8089,51.72,1022.0569,59.0,0.95
8090,49.12,1144.0328,46.0,1.88
8091,54.52,1038.2637,45.0,0.9
8092,49.96,1187.0907,71.0,0.95
8093,42.96,1055.619,58.0,0.97
8094,41.4,962.5139,21.0,0.99
8095,40.8,1244.4829,46.0,2.1
8096,33.88,992.4207,24.0,0.99
8097,49.8,1067.7958,36.0,1.26
8098,51.84,1009.2314,36.0,0.94
8099,64.24,1021.8187,19.0,1.07
8100,52.52,969.4254,-6.0,2.12
8101,43.68,1049.6476,38.0,0.95
8102,57.8,1061.0352,49.0,0.95
8103,40.2,981.911,29.0,0.79
8104,47.4,993.5525,56.0,0.96
8105,37.24,985.2004,71.0,1.88
8106,41.44,1321.6104,27.0,0.89
8107,58.32,1048.1431,35.0,0.99
8108,43.4,989.8106,43.0,0.96
8109,30.4,1016.9146,62.0,1.14
8110,40.68,1000.3089,103.0,1.17
8111,53.72,1062.1492,32.0,2.1
8112,61.72,1048.6372,26.0,0.97
8113,56.2,1044.2705,2.0,1.09
8114,41.68,985.1737,21.0,1.03
8115,48.52,1109.1545,73.0,0.92
8116,33.24,965.895,31.0,1.77
8117,27.8,1005.2306,34.0,0.95
8118,41.08,1033.8794,29.0,0.91
8119,47.44,1034.7563,79.0,1.07
8120,46.16,1070.9733,0.0,1.2
8121,49.0,1032.9679,14.0,2.03
8122,46.56,1002.1968,19.0,0.97
8123,47.72,984.5371,33.0,1.1
8124,56.52,1059.0984,16.0,1.01
8125,49.6,990.1782,35.0,1.39
8126,42.4,1040.5154,25.0,2.19
8127,34.88,1027.5115,-6.0,0.98
8128,45.08,982.4451,35.0,1.04
8129,45.0,999.9368,56.0,1.17
8130,58.16,1020.9493,25.0,1.0
8131,62.32,992.4066,14.0,2.17
8132,26.52,1034.4008,22.0,0.96
8133,65.8,991.6262,4.0,0.92
8134,46.64,980.1825,14.0,1.07
8135,46.8,1048.6124,55.0,1.15
8136,32.6,1034.1854,1.0,1.95
8137,53.76,1008.1874,55.0,1.01
8138,41.56,1142.3206,56.0,1.11
8139,24.76,981.8337,83.0,1.1
8140,47.84,1035.87,40.0,1.28
8141,51.36,1043.7358,35.0,2.72
8142,56.2,1050.8026,45.0,1.22
8143,47.12,1051.2472,64.0,1.1
8144,48.52,1033.731,58.0,1.0
8145,27.48,1049.6636,25.0,1.06
8146,34.88,1002.5302,77.0,2.26
8147,56.52,1050.0357,59.0,0.98
8148,60.24,1055.8808,6.0,1.22
8149,41.04,981.8759,43.0,1.75
8150,55.6,1139.7536,33.0,1.35
8151,55.56,1021.711,33.0,1.66
8152,46.36,1013.2404,66.0,0.91
8153,49.64,1003.024,71.0,1.01
8154,35.2,973.0909,35.0,0.97
8155,42.56,997.4924,-4.0,1.37
8156,56.96,968.0844,0.0,1.07
8157,33.16,980.0901,57.0,2.19
8158,45.84,1051.4426,1.0,1.11
8159,39.08,1051.8462,52.0,1.03
8160,42.52,1035.4468,27.0,1.16
8161,54.68,1032.7727,44.0,1.17
8162,59.76,1006.9795,26.0,2.29
8163,50.92,1036.8022,23.0,1.13
8164,62.08,1050.2598,2.0,0.96
8165,52.6,1030.2096,-6.0,0.99
8166,50.68,990.1111,0.0,1.08
8167,44.6,1029.206,0.0,1.78
8168,66.8,1036.1918,3.0,1.24
8169,43.16,1013.4941,12.0,1.22
8170,54.8,1036.4503,52.0,1.06
8171,55.92,963.2748,30.0,0.89
8172,47.32,984.0905,20.0,2.15
8173,29.16,1003.3542,4.0,1.05
8174,39.04,1011.8216,31.0,1.15
8175,46.0,1165.201,46.0,1.3
8176,27.04,970.7297,71.0,1.16
8177,37.56,994.4918,25.0,1.91
8178,47.2,1006.3844,49.0,1.17
8179,44.28,1008.0664,67.0,0.99
8180,56.08,1035.4083,1.0,0.93
8181,47.96,1051.2278,60.0,1.12
8182,32.92,988.4419,32.0,1.98
8183,68.32,1012.6421,24.0,1.33
8184,46.4,1286.8652,2.0,0.97
8185,54.36,1032.6348,22.0,1.04
8186,32.68,984.0357,30.0,1.16
8187,46.36,1029.8831,40.0,2.72
8188,57.8,1027.1258,2.0,0.99
8189,45.2,996.1748,3.0,1.03
8190,58.4,977.8475,3.0,0.97
8191,64.92,1084.9953,36.0,1.13
8192,39.6,976.7162,85.0,0.97
8193,46.08,1137.6364,34.0,0.87
8194,38.72,968.3296,50.0,0.98
8195,25.08,971.532,58.0,1.0
8196,51.08,1040.8117,28.0,1.26
8197,45.4,994.5999,9.0,0.99
8198,55.28,1051.9608,11.0,1.74
8199,45.52,1020.5324,15.0,0.92
8200,41.16,1057.6576,5.0,0.94
8201,45.44,1331.449,33.0,1.25
8202,57.24,1012.5178,23.0,1.21
8203,54.88,1048.114,11.0,1.98
8204,28.64,1000.2565,13.0,0.96
8205,53.84,1042.0274,4.0,1.26
8206,52.68,1031.1769,7.0,0.97
8207,59.32,1031.4485,16.0,1.0
8208,54.04,1034.2049,24.0,1.99
8209,50.88,1046.0398,14.0,1.11
8210,53.44,966.3372,7.0,0.97
8211,42.8,1023.6105,18.0,1.01
8212,60.36,968.2638,-5.0,1.03
8213,62.4,987.0726,16.0,2.14
8214,29.4,997.238,44.0,1.15
8215,56.44,1055.9192,47.0,1.05
8216,46.32,1199.9115,14.0,1.03
8217,51.92,977.5412,49.0,1.08
8218,55.8,1006.6617,45.0,2.04
8219,45.08,1032.2811,15.0,1.15
8220,56.24,976.3798,13.0,1.18
8221,51.16,1035.9885,18.0,1.17
8222,45.8,977.4467,17.0,1.25
8223,54.88,1035.9171,20.0,1.93
8224,34.72,1018.278,33.0,1.17
8225,59.8,1052.7096,12.0,1.19
8226,52.68,1102.7214,41.0,1.02
8227,42.36,982.4162,70.0,1.04
8228,53.0,1076.2652,21.0,1.93
8229,57.2,1020.6892,9.0,0.88
8230,59.64,1068.2826,19.0,1.12
8231,29.28,1057.1496,86.0,1.07
8232,43.04,1055.9118,18.0,1.22
8233,29.64,968.5624,41.0,2.44
8234,33.16,999.6806,44.0,1.32
8235,28.2,970.8961,91.0,1.17
8236,59.36,1146.1132,22.0,1.08
8237,33.28,966.942,41.0,0.96
8238,48.96,1012.7646,59.0,0.93
8239,66.16,988.8218,16.0,1.86
8240,41.44,1030.8928,26.0,1.27
8241,57.96,1202.46,62.0,1.16
8242,59.24,992.5668,41.0,1.03
8243,43.08,966.4237,81.0,1.12
8244,38.6,1034.7947,42.0,2.26
8245,45.56,980.6948,65.0,1.22
8246,44.64,1069.7989,23.0,0.96
8247,37.44,1024.8409,33.0,1.1
8248,52.44,1166.707,7.0,1.04
8249,53.28,1034.0156,23.0,2.18
8250,54.68,1237.8481,13.0,0.94
8251,68.76,1033.7945,1.0,1.06
8252,45.28,1058.914,-3.0,1.05
8253,37.6,981.2555,61.0,0.91
8254,45.84,1002.5851,28.0,2.18
8255,43.48,992.427,4.0,0.98
8256,30.96,1059.6073,39.0,0.92
8257,36.28,1033.1175,44.0,1.09
8258,50.16,1051.974,30.0,0.99
8259,43.16,981.2093,23.0,2.24
8260,44.8,1021.2152,70.0,1.03
8261,58.2,1032.5012,38.0,1.0
8262,57.76,1161.7044,50.0,0.89
8263,40.8,976.9942,66.0,1.0
8264,43.48,967.7024,52.0,1.88
8265,60.8,987.339,29.0,0.89
8266,57.52,980.4009,24.0,0.95
8267,40.16,966.7987,29.0,1.17
8268,58.96,1058.8041,20.0,0.92
8269,38.64,981.8378,72.0,2.09
8270,59.12,1032.5147,17.0,0.98
8271,67.32,1017.8809,0.0,1.13
8272,44.92,1078.843,51.0,1.03
8273,62.72,965.5881,0.0,0.88
8274,44.12,1073.7408,35.0,1.88
8275,54.28,1049.3225,62.0,0.86
8276,42.6,1031.9168,26.0,0.83
8277,38.48,1025.5113,47.0,1.05
8278,46.8,985.0047,0.0,0.94
8279,35.16,967.587,51.0,1.29
8280,42.08,1034.4861,94.0,0.98
8281,55.28,1019.2277,53.0,0.99
8282,23.88,1008.8518,23.0,1.02
8283,48.6,1034.3484,33.0,1.15
8284,52.24,1020.7672,45.0,1.04
8285,50.96,1137.1451,22.0,1.81
8286,43.36,1067.6896,47.0,1.03
8287,61.76,1036.1746,53.0,1.03
8288,22.84,978.3972,111.0,1.04
8289,57.4,1041.0341,23.0,1.41
8290,49.8,1051.018,24.0,1.92
8291,40.64,985.7591,31.0,0.95
8292,58.96,963.6788,16.0,0.94
8293,55.6,1026.7931,38.0,1.36
8294,57.12,1386.519,30.0,0.98
8295,47.88,1027.7748,12.0,1.86
8296,39.56,1026.4353,41.0,1.2
8297,53.72,987.3722,43.0,1.26
8298,53.2,1060.8451,23.0,0.98
8299,44.32,1394.2332,22.0,1.01
8300,47.28,1039.0856,-2.0,1.93
8301,40.56,980.4962,53.0,0.94
8302,47.76,1037.0336,17.0,0.94
8303,40.72,1048.8629,24.0,1.05
8304,50.0,1021.6649,73.0,1.1
8305,33.0,980.4136,19.0,1.92
8306,48.96,1121.0357,19.0,1.26
8307,46.48,989.5311,43.0,1.09
8308,61.68,1016.6422,31.0,1.15
8309,56.04,1032.4073,8.0,1.11
8310,58.64,969.8142,-1.0,2.01
8311,28.8,971.0718,74.0,1.23
8312,36.4,1038.5642,57.0,1.02
8313,52.68,1125.4606,24.0,1.11
8314,61.08,1041.7677,0.0,1.04
8315,45.88,1056.8898,2.0,1.91
8316,44.92,1009.4155,30.0,0.95
8317,29.32,1095.3638,37.0,1.11
8318,34.76,980.7275,27.0,0.95
8319,40.52,1038.7708,57.0,0.99
8320,40.48,1023.5648,26.0,1.1
8321,64.08,1045.0482,26.0,1.21
8322,43.76,1021.257,44.0,1.06
8323,35.2,1152.3301,16.0,1.17
8324,37.08,969.5804,41.0,1.14
8325,41.6,976.437,86.0,1.48
8326,46.8,1051.4704,35.0,1.92
8327,39.52,982.1653,43.0,0.91
8328,49.84,1020.7009,52.0,0.99
8329,54.8,1016.7839,10.0,1.06
8330,47.44,1016.8017,39.0,1.09
8331,47.08,1061.1099,21.0,1.92
8332,62.0,1070.0681,11.0,1.12
8333,58.92,1154.2612,12.0,1.03
8334,34.84,1001.8628,87.0,1.13
8335,54.24,1055.5048,17.0,1.18
8336,61.28,988.608,28.0,2.12
8337,46.36,979.6106,53.0,1.03
8338,41.28,1132.4982,9.0,1.17
8339,60.24,1037.201,60.0,1.06
8340,48.4,983.0502,52.0,1.22
8341,44.16,1072.4563,16.0,2.61
8342,45.28,1007.8917,47.0,1.32
8343,57.8,990.329,4.0,1.26
8344,44.24,1029.7537,40.0,1.16
8345,48.96,978.0782,60.0,1.04
8346,60.52,1015.647,23.0,2.26
8347,39.24,996.3919,30.0,0.93
8348,54.68,1096.6461,21.0,0.91
8349,56.68,1323.9658,16.0,1.0
8350,54.4,1249.6655,-1.0,0.88
8351,24.88,972.4402,52.0,1.85
8352,49.76,1066.3997,10.0,1.13
8353,48.08,976.4558,88.0,0.98
8354,43.2,1059.5103,32.0,1.18
8355,52.72,1011.094,57.0,1.07
8356,56.72,976.682,47.0,2.04
8357,62.44,993.4286,23.0,0.97
8358,55.76,1128.7263,28.0,0.88
8359,36.96,972.9938,51.0,0.98
8360,53.4,1087.7554,24.0,0.93
8361,48.72,1064.1527,55.0,2.02
8362,38.0,970.1099,27.0,1.22
8363,65.92,1016.7833,7.0,1.19
8364,44.2,1032.6983,38.0,1.75
8365,54.72,1007.8918,42.0,1.28
8366,60.24,1042.6577,24.0,1.29
8367,51.92,1120.537,25.0,2.07
8368,34.2,999.7154,108.0,1.11
8369,44.24,1035.0269,7.0,1.38
8370,52.28,1128.1703,30.0,1.05
8371,40.16,1026.6288,15.0,1.1
8372,51.72,1009.621,47.0,1.91
8373,51.88,1060.5656,44.0,0.85
8374,43.96,1029.3625,5.0,1.03
8375,66.52,994.8661,21.0,0.93
8376,42.4,1050.1932,16.0,1.1
8377,49.04,984.312,28.0,1.83
8378,49.36,979.7387,18.0,1.15
8379,41.0,1066.9252,25.0,1.39
8380,44.88,1027.2044,21.0,1.04
8381,58.44,1015.4799,27.0,0.98
8382,39.8,1010.3344,43.0,2.07
8383,47.6,1135.2973,57.0,0.98
8384,56.44,1037.0058,0.0,1.13
8385,49.88,1065.0804,23.0,1.35
8386,39.96,1033.6246,15.0,1.4
8387,59.68,968.1918,-4.0,2.11
8388,29.28,1004.7248,51.0,1.14
8389,34.92,1024.3554,18.0,1.01
8390,45.48,1005.8874,57.0,1.01
8391,64.72,994.8534,21.0,1.17
8392,48.16,1029.3077,8.0,1.95
8393,44.76,1021.0686,28.0,0.94
8394,31.08,1010.4343,57.0,0.93
8395,46.44,1198.7894,46.0,0.94
8396,38.64,1037.3554,60.0,1.15
8397,46.48,1008.3336,45.0,2.13
8398,36.12,1068.2961,41.0,1.18
8399,49.4,963.6428,27.0,0.94
8400,59.2,975.9383,30.0,1.0
8401,51.84,1016.4097,24.0,1.02
8402,39.08,1066.6532,80.0,1.96
8403,30.8,1001.333,31.0,0.94
8404,45.2,979.5686,45.0,1.0
8405,46.76,966.5798,19.0,0.98
8406,46.52,976.2209,49.0,1.48
8407,61.44,1061.6251,78.0,0.97
8408,48.28,983.5098,49.0,0.86
8409,45.96,972.0787,27.0,0.97
8410,54.76,986.2371,33.0,1.15
8411,52.44,984.349,10.0,1.05
8412,50.32,1020.0798,26.0,1.18
8413,56.84,993.6132,13.0,1.98
8414,48.36,1046.0199,44.0,0.97
8415,47.96,1142.9589,4.0,1.24
8416,45.44,979.7402,63.0,0.99
8417,43.4,1023.0896,52.0,1.13
8418,45.88,976.0963,33.0,1.94
8419,47.52,1037.2526,-5.0,1.0
8420,42.0,1148.7056,11.0,0.92
8421,50.96,1051.007,15.0,0.98
8422,39.84,993.231,2.0,1.01
8423,65.48,995.6627,14.0,2.21
8424,64.12,963.8321,25.0,1.19
8425,54.0,1037.2884,8.0,1.44
8426,55.04,1009.065,64.0,1.06
8427,45.2,979.0853,28.0,0.9
8428,51.72,1026.8124,31.0,2.27
8429,58.4,964.4662,21.0,0.88
8430,24.56,999.484,32.0,0.99
8431,56.44,1390.2912,44.0,0.95
8432,51.76,1308.3076,19.0,0.95
8433,44.28,973.7799,29.0,2.18
8434,61.28,997.973,27.0,0.98
8435,37.12,980.4893,59.0,0.91
8436,48.36,983.3555,41.0,1.29
8437,47.88,1028.0291,-9.0,0.92
8438,62.64,978.0332,19.0,1.86
8439,32.68,967.8835,35.0,1.17
8440,52.24,1068.1187,35.0,0.83
8441,25.56,980.6073,112.0,1.08
8442,45.2,1038.6366,11.0,0.91
8443,39.16,1051.248,42.0,2.18
8444,47.8,1028.6196,12.0,1.04
8445,28.64,974.917,21.0,1.06
8446,44.6,1329.0978,14.0,1.0
8447,53.08,1028.7362,26.0,0.97
8448,54.88,986.9661,6.0,1.01
8449,52.24,1036.6922,28.0,1.18
8450,49.32,982.5123,47.0,0.96
8451,46.12,1031.6245,43.0,1.08
8452,45.52,1142.2441,38.0,1.12
8453,36.12,1080.6224,102.0,1.32
8454,54.76,966.2184,-4.0,2.06
8455,51.36,1061.8968,10.0,0.93
8456,60.32,1160.0478,33.0,1.31
8457,54.84,966.7411,2.0,1.04
8458,28.72,974.1679,152.0,1.04
8459,63.08,994.145,18.0,2.19
8460,51.44,1006.7547,62.0,0.89
8461,25.8,980.9235,28.0,1.13
8462,53.88,993.3691,43.0,1.0
8463,55.76,997.0764,47.0,1.16
8464,44.08,1032.6982,10.0,2.32
8465,52.64,995.3152,56.0,0.93
8466,49.48,1029.6643,39.0,1.11
8467,59.48,1055.7276,27.0,1.26
8468,59.04,1025.7944,68.0,1.01
8469,41.4,1010.1318,91.0,2.09
8470,48.96,1028.8509,13.0,1.23
8471,46.84,1021.1958,20.0,1.06
8472,55.24,978.8528,28.0,1.0
8473,43.56,1026.0358,36.0,1.0
8474,46.2,1064.8633,20.0,2.55
8475,50.76,1053.3306,52.0,0.97
8476,43.76,1034.8502,23.0,1.1
8477,63.88,978.2156,31.0,1.07
8478,57.8,1020.3364,56.0,1.13
8479,55.08,1058.8282,24.0,2.17
8480,44.44,977.9583,19.0,0.94
8481,53.6,1337.5837,24.0,0.95
8482,48.8,1065.2788,71.0,1.22
8483,41.72,977.8981,16.0,1.04
8484,53.56,1006.9149,52.0,1.96
8485,25.52,981.7333,94.0,0.91
8486,54.04,983.4085,3.0,1.03
8487,49.48,966.6508,79.0,1.0
8488,35.44,1077.6121,14.0,1.43
8489,63.56,978.385,6.0,2.04
8490,44.64,987.422,47.0,0.91
8491,58.72,1058.429,-3.0,1.05
8492,52.92,967.7159,-7.0,0.95
8493,46.52,1030.0077,58.0,0.98
8494,49.16,989.4041,32.0,1.4
8495,26.8,997.3402,44.0,1.9
8496,49.88,1010.3442,108.0,0.93
8497,55.8,1090.5945,7.0,1.05
8498,33.08,973.8175,98.0,1.06
8499,56.96,1015.5321,0.0,1.23
8500,63.0,1401.0308,23.0,1.83
8501,44.52,1337.4211,-3.0,0.88
8502,38.2,979.0407,82.0,1.03
8503,69.08,1072.4818,-5.0,1.03
8504,32.2,1044.2474,34.0,1.12
8505,56.2,988.1369,24.0,2.22
8506,52.88,1050.6895,25.0,1.13
8507,48.24,1006.9442,12.0,1.34
8508,50.24,1053.3914,13.0,1.2
8509,51.4,967.7388,26.0,1.61
8510,44.76,977.035,24.0,2.1
8511,47.72,1065.4312,16.0,1.33
8512,51.44,1012.3064,60.0,1.09
8513,52.72,1015.0606,42.0,0.96
8514,56.28,967.9628,8.0,0.99
8515,62.44,1042.5534,13.0,2.35
8516,57.92,1022.1644,13.0,1.06
8517,34.68,967.8375,-1.0,1.04
8518,52.16,1075.2653,25.0,1.11
8519,58.16,1006.359,4.0,1.1
8520,56.2,1143.8676,24.0,2.28
8521,30.76,997.5734,73.0,1.02
8522,44.56,1034.8003,45.0,1.16
8523,52.48,963.9264,26.0,0.99
8524,47.12,1028.0473,18.0,1.45
8525,63.28,1104.4751,39.0,2.09
8526,49.44,986.8966,15.0,1.04
8527,42.64,1025.5912,71.0,1.45
8528,40.96,993.0232,49.0,1.11
8529,40.16,979.5578,31.0,1.06
8530,49.84,1049.5291,82.0,2.67
8531,46.04,1037.2596,27.0,1.15
8532,46.44,1256.5514,5.0,1.06
8533,42.16,1060.9064,30.0,1.06
8534,52.04,965.7238,34.0,1.0
8535,48.96,995.0695,7.0,0.84
8536,39.52,1052.105,82.0,0.9
8537,48.92,1129.3319,0.0,0.92
8538,64.92,992.3656,2.0,1.08
8539,51.36,1127.833,80.0,0.86
8540,44.52,1076.0237,25.0,1.08
8541,34.52,1069.7425,59.0,1.85
8542,47.08,1204.0592,22.0,1.31
8543,43.8,1040.1067,45.0,1.16
8544,56.4,966.0726,-7.0,0.93
8545,54.68,1052.3576,21.0,1.28
8546,51.56,1015.7445,36.0,2.17
8547,53.4,980.15,5.0,0.84
8548,51.8,1006.432,49.0,1.1
8549,44.16,984.7323,72.0,1.0
8550,55.64,989.272,54.0,0.95
8551,46.6,999.2139,52.0,2.08
8552,60.16,1032.8651,19.0,1.33
8553,62.68,978.604,13.0,1.61
8554,49.48,982.23,4.0,1.03
8555,45.12,980.2747,74.0,1.01
8556,57.64,1053.0038,26.0,2.1
8557,53.36,989.1313,34.0,1.03
8558,39.44,979.658,67.0,1.04
8559,52.6,1044.2786,25.0,1.16
8560,30.04,972.902,71.0,1.2
8561,33.88,1038.9152,60.0,1.78
8562,47.08,1053.0209,46.0,1.05
8563,39.24,977.8282,43.0,1.06
8564,49.32,1055.7198,27.0,1.02
8565,39.52,1027.5948,21.0,1.04
8566,44.72,1032.618,39.0,2.12
8567,46.04,970.8416,-4.0,1.06
8568,47.08,1020.0877,74.0,1.25
8569,42.88,1005.9874,35.0,1.02
8570,56.88,980.2157,22.0,1.03
8571,41.64,996.7846,9.0,2.14
8572,45.84,965.5172,68.0,0.98
8573,62.04,995.975,33.0,1.31
8574,59.72,1032.3203,37.0,1.23
8575,56.24,965.787,4.0,0.97
8576,49.24,1013.0048,60.0,1.01
8577,58.08,1325.682,27.0,1.19
8578,57.0,1048.6146,42.0,1.05
8579,40.32,1000.847,0.0,1.1
8580,50.08,1093.7568,24.0,0.91
8581,32.32,1003.612,59.0,1.27
8582,43.08,1042.5327,2.0,2.88
8583,48.16,1011.7148,24.0,1.05
8584,43.04,1389.4066,44.0,0.92
8585,42.72,978.885,47.0,0.94
8586,45.76,1029.1908,1.0,1.04
8587,55.48,1099.2819,29.0,1.86
8588,49.08,1025.5708,10.0,0.95
8589,63.8,1018.861,-5.0,0.9
8590,52.72,1012.5366,21.0,1.01
8591,51.96,1024.0619,45.0,0.97
8592,61.84,1241.6338,0.0,1.77
8593,30.88,975.9948,37.0,1.04
8594,56.2,1022.4896,54.0,1.11
8595,58.44,1155.3137,11.0,1.34
8596,33.76,981.9957,62.0,1.1
8597,60.48,989.1814,48.0,2.16
8598,62.68,992.7658,14.0,0.98
8599,51.4,1024.7181,38.0,1.13
8600,48.2,1036.2814,6.0,0.95
8601,28.92,1008.5955,33.0,1.01
8602,60.08,1235.0412,42.0,1.92
8603,50.12,1046.8073,26.0,1.01
8604,47.52,965.1766,58.0,0.92
8605,51.96,1030.5862,51.0,1.06
8606,35.68,1026.3763,-2.0,0.9
8607,61.36,1047.1352,-5.0,1.98
8608,49.56,992.8527,10.0,1.15
8609,47.04,1048.6195,26.0,0.89
8610,52.64,1073.8759,38.0,1.35
8611,38.76,1082.3378,25.0,0.93
8612,41.48,984.9534,100.0,1.92
8613,50.16,991.6452,28.0,1.24
8614,44.76,1174.6965,26.0,1.0
8615,53.72,1130.401,9.0,1.22
8616,51.04,991.8657,112.0,1.18
8617,42.2,1057.4246,39.0,2.44
8618,50.12,987.0356,62.0,0.97
8619,44.76,1062.6592,89.0,0.98
8620,52.64,981.2063,31.0,1.05
8621,44.4,1068.5554,23.0,1.25
8622,35.56,1001.9698,121.0,1.05
8623,49.36,1067.3015,9.0,1.8
8624,58.28,986.9816,35.0,0.81
8625,59.96,1033.6398,12.0,0.9
8626,53.4,1239.5453,16.0,0.92
8627,40.04,1040.645,20.0,0.85
8628,28.56,970.2696,66.0,1.85
8629,57.48,1029.8562,-2.0,0.91
8630,32.92,975.1488,21.0,0.99
8631,55.84,1016.395,24.0,0.94
8632,50.36,1013.8998,23.0,1.1
8633,51.56,1409.0835,31.0,2.0
8634,52.48,991.018,59.0,1.01
8635,41.76,1135.4761,25.0,1.08
8636,55.08,1024.2595,37.0,0.93
8637,49.92,1048.6277,21.0,1.34
8638,53.8,1032.5422,47.0,2.13
8639,31.32,1025.012,36.0,1.16
8640,52.48,1361.809,85.0,1.19
8641,55.4,1053.9591,43.0,1.28
8642,41.6,964.1966,26.0,1.36
8643,47.96,1207.8376,3.0,2.4
8644,56.72,1038.6727,-1.0,1.21
8645,42.08,1037.8101,104.0,1.4
8646,61.36,1030.0002,-4.0,1.2
8647,58.76,985.7856,25.0,1.17
8648,43.92,1057.3906,72.0,2.47
8649,55.56,1022.1329,28.0,1.18
8650,60.32,1008.5257,33.0,1.28
8651,41.64,1036.6104,48.0,1.06
8652,62.32,1054.2468,15.0,1.42
8653,54.92,1017.8173,7.0,2.48
8654,48.84,1122.6434,38.0,1.03
8655,56.12,1035.9548,25.0,1.16
8656,44.72,1058.0633,41.0,0.92
8657,54.44,1065.0939,62.0,1.03
8658,45.64,1017.8593,53.0,2.5
8659,52.68,1016.6401,78.0,1.13
8660,49.32,1024.56,28.0,1.09
8661,42.52,1053.5187,33.0,1.14
8662,57.92,1032.8297,20.0,1.15
8663,42.92,962.3111,55.0,0.84
8664,34.8,970.0537,40.0,0.96
8665,41.36,1161.2842,49.0,1.11
8666,63.52,996.4254,2.0,1.07
8667,52.64,1023.1029,30.0,1.06
8668,53.16,985.3828,21.0,0.92
8669,30.92,1002.2917,52.0,2.25
8670,47.24,991.889,24.0,1.13
8671,55.8,1191.2131,30.0,0.96
8672,59.08,1044.0534,21.0,1.02
8673,45.48,972.1293,61.0,1.05
8674,44.0,1063.6122,37.0,1.87
8675,52.44,1111.5378,54.0,0.86
8676,46.36,983.3045,26.0,0.89
8677,36.16,991.4693,51.0,0.99
8678,58.56,990.8454,3.0,1.02
8679,26.48,980.057,36.0,2.18
8680,44.12,983.5458,18.0,1.23
8681,57.76,1106.077,-5.0,0.89
8682,50.72,999.168,2.0,0.95
8683,33.4,979.9469,56.0,1.08
8684,44.52,1059.8231,8.0,2.02
8685,49.12,1052.511,42.0,0.97
8686,51.24,1119.7936,64.0,0.96
8687,45.04,980.6776,28.0,1.14
8688,52.92,1049.9876,29.0,1.36
8689,65.2,1289.7824,-1.0,2.22
8690,42.8,983.5216,79.0,1.17
8691,51.16,1014.2671,-1.0,1.13
8692,51.32,1034.7509,26.0,0.94
8693,47.36,1375.408,-11.0,0.91
8694,45.64,1275.9451,57.0,2.24
8695,51.96,1004.2713,43.0,1.11
8696,46.68,1019.0725,9.0,1.35
8697,39.8,1088.3336,61.0,1.72
8698,54.48,1031.2466,31.0,1.33
8699,57.04,1070.2117,27.0,2.06
8700,48.0,1130.1154,3.0,0.88
8701,55.8,1051.765,13.0,0.97
8702,46.04,1010.3096,51.0,1.03
8703,45.52,1055.261,26.0,1.29
8704,65.68,1045.5918,9.0,1.08
8705,48.8,1018.761,19.0,1.13
8706,39.36,1030.2225,-4.0,1.04
8707,40.24,1109.5115,38.0,1.02
8708,53.52,1249.5195,-1.0,0.89
8709,44.36,1276.1402,54.0,1.05
8710,43.4,1035.8728,4.0,2.05
8711,51.4,982.3777,32.0,0.95
8712,57.64,1106.3323,-4.0,1.15
8713,42.88,980.7614,45.0,0.9
8714,51.04,1067.1113,10.0,1.06
8715,45.4,1408.19,73.0,2.04
8716,46.4,1319.7822,81.0,0.96
8717,60.72,1061.5956,-1.0,0.99
8718,50.48,1210.0357,16.0,1.03
8719,46.88,1015.7083,-1.0,1.0
8720,44.4,1206.6772,29.0,2.08
8721,60.28,977.5061,50.0,0.96
8722,43.52,1019.371,16.0,0.94
8723,52.56,983.1924,21.0,0.89
8724,35.16,983.0835,39.0,0.98
8725,50.48,1014.4182,29.0,2.05
8726,33.52,969.3599,40.0,0.9
8727,41.2,962.5112,20.0,0.88
8728,51.12,1058.9592,25.0,0.99
8729,46.64,1019.4123,59.0,1.06
8730,44.4,1030.3675,27.0,1.98
8731,49.2,1054.3711,27.0,0.91
8732,47.0,1023.337,5.0,0.85
8733,56.6,1031.485,4.0,0.94
8734,38.48,1015.7723,75.0,0.95
8735,37.08,979.861,103.0,1.94
8736,48.16,1058.1342,9.0,1.15
8737,32.64,1008.5075,28.0,1.06
8738,55.36,1033.9269,2.0,0.93
8739,36.56,1045.2676,54.0,1.09
8740,59.08,1006.5631,34.0,1.73
8741,58.56,1388.6348,23.0,0.88
8742,58.12,989.9432,59.0,0.99
8743,61.24,1061.3045,24.0,0.89
8744,43.36,981.5894,95.0,1.05
8745,46.48,1004.6146,38.0,1.9
8746,58.36,1031.2472,32.0,1.26
8747,42.04,987.098,30.0,0.9
8748,42.08,976.6042,47.0,0.91
8749,34.24,996.712,50.0,0.94
8750,47.96,1007.9702,28.0,1.18
8751,45.12,982.8459,32.0,1.7
8752,48.52,1028.4501,54.0,0.97
8753,52.4,978.5692,79.0,0.91
8754,53.48,980.0714,36.0,1.04
8755,50.28,1103.7624,36.0,0.89
8756,46.28,1042.7852,55.0,2.08
8757,45.24,1055.236,58.0,0.9
8758,54.4,1069.7271,22.0,0.91
8759,50.12,1036.4603,50.0,0.98
8760,51.76,1060.9873,31.0,0.96
8761,22.0,999.3224,25.0,1.94
8762,48.48,1157.2795,31.0,1.02
8763,47.0,1051.8201,58.0,0.97
8764,61.72,992.1924,29.0,0.9
8765,53.72,1031.6502,22.0,1.01
8766,34.6,1024.6016,51.0,1.94
8767,48.96,982.4302,45.0,1.18
8768,59.28,1037.1832,21.0,1.1
8769,45.12,1011.8344,75.0,0.89
8770,60.4,1158.9823,66.0,0.89
8771,53.32,1139.5069,15.0,1.92
8772,54.88,1032.3585,25.0,0.98
8773,60.16,987.5628,26.0,1.01
8774,32.88,981.8793,26.0,0.94
8775,57.08,994.8033,15.0,0.97
8776,55.56,1069.5221,53.0,1.92
8777,54.64,1020.1382,50.0,1.02
8778,48.64,980.3437,25.0,0.96
8779,39.76,1033.1958,66.0,1.17
8780,44.04,1068.9455,78.0,0.88
8781,23.24,1002.4862,38.0,2.09
8782,49.84,1078.5122,17.0,0.99
8783,49.68,1033.4954,42.0,1.13
8784,53.0,1054.9351,43.0,0.94
8785,48.12,1004.1039,41.0,0.98
8786,42.72,1058.732,68.0,1.88
8787,30.12,997.9144,54.0,1.22
8788,67.6,1020.964,44.0,1.0
8789,38.4,1035.5255,61.0,0.89
8790,54.12,1008.9194,12.0,1.03
8791,33.44,971.6818,49.0,0.99
8792,38.92,979.8737,71.0,0.92
8793,43.6,1037.392,14.0,0.92
8794,47.04,981.4334,5.0,0.8
8795,61.64,1005.3303,6.0,0.97
8796,29.16,1002.3542,29.0,0.97
8797,51.44,1018.2075,5.0,1.94
8798,34.36,999.6867,106.0,0.92
8799,58.48,1105.0459,4.0,0.85
8800,41.92,1030.4134,19.0,0.95
8801,49.04,1066.8283,22.0,0.91
8802,48.12,1047.2921,27.0,1.76
8803,46.88,1109.3332,33.0,0.86
8804,49.04,1051.4632,50.0,0.9
8805,40.16,980.6339,60.0,0.98
8806,51.56,1010.6565,10.0,1.0
8807,46.08,1322.9914,6.0,1.79
8808,50.76,992.3776,49.0,1.14
8809,29.44,971.8136,47.0,0.94
8810,46.16,971.7358,52.0,0.91
8811,43.68,1033.5785,21.0,1.01
8812,40.2,964.9473,13.0,1.93
8813,30.64,1004.2929,18.0,1.05
8814,61.6,981.0247,4.0,0.95
8815,59.64,1036.1791,11.0,0.98
8816,56.64,1040.0737,2.0,0.93
8817,33.36,1058.6321,38.0,2.01
8818,54.04,981.8385,53.0,0.87
8819,27.92,982.2996,92.0,1.01
8820,31.4,970.9384,76.0,0.91
8821,57.36,1040.5657,4.0,0.88
8822,55.2,1037.6716,74.0,1.84
8823,58.36,1057.0616,39.0,1.01
8824,43.72,980.521,49.0,0.9
8825,50.6,971.5667,17.0,0.97
8826,41.92,973.948,1.0,1.0
8827,42.28,992.4248,45.0,1.85
8828,55.04,965.2243,5.0,0.9
8829,65.72,1063.5609,43.0,1.03
8830,55.2,964.1716,27.0,1.04
8831,49.52,1203.1819,49.0,0.89
8832,59.32,1005.5766,7.0,0.98
8833,49.0,1143.1615,30.0,0.95
8834,51.44,1005.5812,41.0,1.03
8835,46.88,1032.4944,15.0,0.97
8836,44.56,1157.6504,35.0,1.09
8837,56.84,992.5516,42.0,0.86
8838,37.32,984.3155,77.0,1.92
8839,43.8,1064.8349,78.0,1.09
8840,45.48,984.0908,20.0,1.01
8841,56.56,1066.4749,48.0,1.09
8842,48.48,1103.285,9.0,0.98
8843,57.76,1090.0213,16.0,1.84
8844,25.64,998.6894,80.0,0.91
8845,30.36,981.278,24.0,0.97
8846,24.04,1014.354,12.0,0.99
8847,38.28,976.4826,41.0,0.95
8848,24.52,1003.2146,-3.0,2.0
8849,50.52,976.2977,56.0,0.93
8850,59.24,967.1012,-3.0,1.01
8851,35.6,1035.5862,64.0,0.99
8852,40.0,1088.6873,62.0,0.95
8853,55.68,1106.1322,18.0,1.91
8854,25.28,999.4012,40.0,0.88
8855,40.92,1010.2494,46.0,1.06
8856,52.16,1073.686,25.0,0.89
8857,46.64,982.7046,27.0,0.97
8858,55.84,986.2683,5.0,1.99
8859,45.64,1049.4365,23.0,0.94
8860,55.32,1058.5227,5.0,0.96
8861,44.92,1052.6177,21.0,1.03
8862,35.96,1032.8284,61.0,0.91
8863,38.84,1016.0155,47.0,2.04
8864,24.36,1001.9384,47.0,1.06
8865,53.6,1195.9259,37.0,1.04
8866,51.52,1019.2063,33.0,0.96
8867,51.04,1144.185,26.0,1.0
8868,49.56,1029.1108,18.0,1.86
8869,50.8,1026.1672,34.0,1.03
8870,59.68,992.9542,26.0,0.98
8871,44.92,1007.484,46.0,1.1
8872,40.24,976.9904,-4.0,0.97
8873,51.8,1358.8571,31.0,1.95
8874,32.32,990.698,93.0,0.88
8875,56.6,1327.6719,20.0,0.96
8876,49.76,1039.3892,20.0,0.89
8877,48.04,971.6123,34.0,0.91
8878,49.84,997.6753,17.0,0.89
8879,53.12,1064.9912,-4.0,1.89
8880,42.48,1019.7478,79.0,0.96
8881,44.2,985.8146,50.0,1.2
8882,32.08,1013.2002,45.0,1.16
8883,54.96,992.2144,41.0,1.03
8884,43.36,1036.7322,54.0,2.03
8885,46.8,1019.9246,57.0,1.03
8886,36.52,1081.2827,72.0,0.92
8887,49.56,1246.5957,44.0,0.98
8888,23.48,1002.1422,28.0,1.03
8889,34.04,979.1575,49.0,2.1
8890,60.28,1271.9026,20.0,0.97
8891,48.44,980.867,5.0,1.04
8892,60.88,988.4732,24.0,0.9
8893,31.44,983.1553,53.0,0.99
8894,56.56,1053.8551,50.0,1.78
8895,57.8,1035.8402,21.0,1.04
8896,40.76,1121.7574,30.0,0.94
8897,46.64,1053.0022,97.0,1.04
8898,37.24,1041.6233,40.0,1.04
8899,52.56,1034.6965,-3.0,1.92
8900,46.4,1064.5282,64.0,0.88
8901,55.04,1066.2498,84.0,1.12
8902,22.64,971.8966,58.0,1.08
8903,44.64,981.526,36.0,0.94
8904,47.56,1032.818,1.0,1.81
8905,51.56,966.7732,5.0,0.91
8906,48.84,1051.9617,64.0,0.95
8907,41.32,1059.7573,22.0,1.06
8908,61.68,1014.6464,22.0,1.01
8909,46.44,1020.5457,65.0,1.86
8910,53.84,1049.5166,26.0,1.04
8911,37.64,1032.6347,103.0,1.04
8912,42.84,1017.9584,45.0,0.92
8913,30.48,1004.8116,10.0,0.92
8914,36.16,1029.5015,59.0,1.98
8915,46.56,1023.1259,6.0,0.91
8916,52.52,1048.2504,8.0,0.89
8917,41.52,1009.0306,32.0,1.24
8918,46.4,1048.716,30.0,0.97
8919,30.48,978.1381,46.0,1.07
8920,43.92,982.588,4.0,0.88
8921,53.48,1028.9708,9.0,0.98
8922,47.72,980.5001,5.0,1.09
8923,56.2,1394.0519,13.0,0.92
8924,49.8,1040.4324,2.0,1.21
8925,51.08,1021.8479,31.0,1.98
8926,57.04,1019.8914,1.0,0.93
8927,39.0,983.183,44.0,1.13
8928,58.24,963.4904,-5.0,1.21
8929,55.36,1031.0924,22.0,1.04
8930,34.2,1032.2092,26.0,2.06
8931,31.48,996.7057,54.0,1.16
8932,40.52,1027.3436,49.0,1.21
8933,45.08,1047.3353,30.0,1.48
8934,60.0,964.7352,4.0,1.06
8935,35.28,991.3652,100.0,1.75
8936,54.6,965.757,52.0,1.08
8937,45.56,1049.7134,4.0,1.09
8938,49.16,1341.4919,6.0,1.15
8939,47.08,1022.1298,4.0,1.15
8940,40.2,976.4714,30.0,1.94
8941,40.76,1099.8167,28.0,1.08
8942,52.76,1130.0912,26.0,0.95
8943,58.88,1177.5183,5.0,0.88
8944,41.76,983.3347,92.0,0.95
8945,44.04,978.4172,43.0,2.0
8946,37.44,984.3598,34.0,0.9
8947,56.64,1221.9048,29.0,0.86
8948,47.4,981.0392,51.0,0.94
8949,51.52,1020.7955,28.0,0.94
8950,49.16,1077.4585,29.0,2.0
8951,52.16,1048.1576,59.0,1.29
8952,49.4,1047.1325,66.0,1.14
8953,50.44,1035.4258,-1.0,0.9
8954,58.04,984.6774,4.0,1.06
8955,58.64,1017.4799,23.0,1.84
8956,44.4,1031.2928,29.0,0.83
8957,58.32,999.1004,21.0,0.86
8958,58.72,1021.2576,11.0,1.13
8959,47.84,1395.8438,18.0,0.95
8960,33.88,1024.8675,14.0,1.16
8961,46.48,1040.8194,4.0,1.11
8962,63.64,1024.3763,5.0,1.08
8963,57.28,984.0969,34.0,1.15
8964,52.08,1006.0888,6.0,0.89
8965,42.56,1033.1908,87.0,0.99
8966,40.28,1071.3108,57.0,1.82
8967,55.12,1013.8053,37.0,0.91
8968,54.32,1037.4381,2.0,0.95
8969,38.24,1031.0006,72.0,1.02
8970,47.68,1009.2857,26.0,1.07
8971,44.16,976.5705,33.0,2.0
8972,49.8,1042.194,19.0,1.01
8973,40.68,976.2384,85.0,0.93
8974,42.96,988.7543,5.0,1.17
8975,65.96,1049.5216,31.0,1.1
8976,51.84,1159.6617,46.0,1.9
8977,58.24,1293.5271,32.0,0.99
8978,29.6,971.6664,47.0,1.01
8979,47.48,1009.8243,19.0,0.88
8980,42.16,997.0612,18.0,1.2
8981,42.44,1009.7676,26.0,1.85
8982,51.96,1055.4631,21.0,1.03
8983,60.28,994.3054,25.0,0.9
8984,45.16,976.3492,47.0,0.92
8985,24.8,1000.9124,28.0,0.98
8986,43.44,979.358,-1.0,1.78
8987,55.92,1050.7776,45.0,0.92
8988,61.8,963.194,4.0,1.02
8989,62.84,1294.2048,26.0,0.89
8990,36.88,1046.6444,24.0,0.84
8991,44.04,976.0395,21.0,1.98
8992,52.16,1062.8291,80.0,0.94
8993,48.36,1096.0022,53.0,0.86
8994,41.92,1031.7923,45.0,0.92
8995,42.92,1045.1243,56.0,1.22
8996,45.56,978.2915,26.0,2.09
8997,47.92,1024.744,19.0,1.09
8998,48.0,1023.4858,46.0,1.08
8999,60.96,969.4186,1.0,1.1
9000,50.68,992.6641,19.0,0.92
9001,41.36,973.5507,22.0,2.0
9002,51.36,1017.4027,58.0,1.08
9003,55.04,1029.9218,22.0,1.02
9004,39.68,1295.8103,30.0,0.89
9005,56.32,1386.0791,45.0,0.93
9006,50.96,981.1841,28.0,1.0
9007,48.2,1123.0178,22.0,1.79
9008,46.4,1007.6515,58.0,1.15
9009,38.32,1064.1863,31.0,1.01
9010,63.96,1286.9569,20.0,1.2
9011,48.68,1021.5601,37.0,1.24
9012,54.44,985.3512,64.0,2.05
9013,44.88,1047.9508,20.0,1.18
9014,47.96,1052.2417,54.0,1.05
9015,54.28,970.1226,1.0,0.98
9016,43.24,982.3845,15.0,1.14
9017,59.64,995.8988,43.0,2.05
9018,56.16,1039.2387,16.0,1.04
9019,53.72,981.2698,83.0,1.05
9020,55.0,992.3986,28.0,1.0
9021,28.44,1041.554,91.0,1.24
9022,43.68,1025.095,54.0,2.42
9023,30.04,1036.9744,66.0,1.26
9024,62.76,1017.3477,7.0,1.03
9025,40.44,981.4175,57.0,1.19
9026,43.08,1013.1746,50.0,1.16
9027,47.28,983.9199,23.0,2.4
9028,39.68,990.0134,31.0,1.01
9029,54.16,1320.062,30.0,1.13
9030,62.52,1106.5915,27.0,1.36
9031,51.4,1035.7787,37.0,1.13
9032,31.92,1006.9375,33.0,2.29
9033,59.0,1033.5325,10.0,0.94
9034,50.24,978.214,27.0,1.46
9035,60.04,1023.7178,44.0,1.07
9036,64.48,1052.7022,38.0,0.9
9037,35.04,1037.3174,13.0,2.98
9038,67.04,1006.8884,29.0,1.31
9039,50.96,1028.7126,-1.0,1.11
9040,38.28,1240.7689,64.0,0.95
9041,48.68,1129.4312,11.0,0.87
9042,60.48,1101.9867,7.0,1.95
9043,46.04,1031.9122,29.0,1.05
9044,30.56,997.3552,85.0,0.91
9045,49.48,1054.0981,29.0,1.01
9046,53.4,1207.9474,25.0,0.98
9047,50.16,1051.6286,29.0,1.0
9048,33.2,1034.4298,14.0,1.04
9049,45.36,964.4137,28.0,0.98
9050,52.84,1032.9422,36.0,1.0
9051,46.68,1141.0503,5.0,1.09
9052,46.44,1004.9041,2.0,1.15
9053,23.84,982.5898,21.0,2.22
9054,45.92,979.9067,44.0,0.92
9055,53.2,983.692,17.0,1.04
9056,33.6,969.3731,65.0,1.05
9057,61.48,992.877,32.0,1.7
9058,47.64,1044.7206,51.0,2.17
9059,54.84,1290.376,19.0,1.1
9060,50.48,988.0364,39.0,0.92
9061,39.4,976.0882,26.0,1.27
9062,27.16,1002.3408,49.0,1.14
9063,43.68,1043.886,9.0,2.46
9064,41.2,981.8796,46.0,0.99
9065,60.52,1061.7565,1.0,0.92
9066,41.68,1000.2797,72.0,1.23
9067,61.08,1032.7072,48.0,1.09
9068,23.68,1001.9525,22.0,2.29
9069,52.76,987.532,22.0,1.09
9070,44.96,1038.6579,53.0,1.16
9071,54.36,1050.3706,7.0,0.99
9072,35.8,1042.4245,40.0,1.24
9073,61.84,989.02,9.0,2.44
9074,44.68,992.4754,64.0,1.19
9075,43.6,983.802,17.0,1.19
9076,58.44,1111.1781,66.0,1.1
9077,51.32,979.2126,7.0,0.95
9078,45.24,1042.0534,12.0,2.03
9079,57.24,1289.1734,27.0,1.4
9080,42.56,1033.332,2.0,1.24
9081,50.96,1020.3674,41.0,1.13
9082,51.28,1029.9646,7.0,1.14
9083,54.56,1124.633,50.0,2.24
9084,58.08,1055.6902,29.0,1.45
9085,34.0,1321.759,24.0,0.87
9086,45.24,1155.6102,15.0,0.83
9087,60.92,1050.6985,65.0,0.85
9088,49.36,977.8348,38.0,0.92
9089,39.4,1023.8538,66.0,0.94
9090,42.92,1025.4927,16.0,1.05
9091,47.08,1025.4138,74.0,1.15
9092,46.32,1021.0587,-9.0,1.02
9093,58.44,1106.3992,6.0,0.88
9094,55.76,1047.6174,32.0,2.04
9095,59.92,1054.9538,3.0,0.94
9096,32.04,998.7616,48.0,1.04
9097,49.92,1019.7791,38.0,0.92
9098,39.84,1038.9416,34.0,0.93
9099,57.0,1008.1083,-8.0,2.09
9100,54.8,972.8518,14.0,0.96
9101,47.2,1039.4532,45.0,1.04
9102,49.92,1009.8234,62.0,0.98
9103,43.12,1019.3082,38.0,1.14
9104,48.76,984.9478,24.0,1.98
9105,39.8,983.66,70.0,0.93
9106,39.36,988.3874,29.0,1.12
9107,38.0,1061.3842,19.0,0.97
9108,54.84,1019.8594,53.0,0.96
9109,53.08,979.0978,121.0,2.11
9110,45.52,1030.218,23.0,0.87
9111,56.32,963.8556,18.0,0.83
9112,44.6,1048.1653,54.0,1.13
9113,52.2,1014.7965,3.0,1.08
9114,51.0,1017.218,49.0,2.43
9115,54.12,1031.3459,10.0,1.0
9116,39.76,980.0908,50.0,1.0
9117,33.24,1083.1124,54.0,0.93
9118,49.6,1009.5386,57.0,1.11
9119,30.76,995.1113,57.0,2.12
9120,49.04,977.4881,87.0,0.86
9121,38.08,998.0105,60.0,0.99
9122,58.6,966.7866,3.0,1.01
9123,36.4,973.7593,49.0,1.26
9124,51.6,1032.2577,34.0,2.15
9125,36.32,980.8529,30.0,1.2
9126,56.36,974.2555,50.0,1.1
9127,42.92,1049.6295,43.0,1.15
9128,31.88,999.0652,72.0,0.93
9129,39.92,1052.2581,83.0,2.02
9130,63.36,996.002,19.0,0.86
9131,45.68,1151.2776,37.0,1.19
9132,52.64,991.736,37.0,0.95
9133,35.08,1038.6573,16.0,1.16
9134,35.4,1006.9666,3.0,0.98
9135,41.6,1332.8832,27.0,1.83
9136,41.72,984.8426,42.0,1.22
9137,55.44,1021.5781,49.0,1.28
9138,34.88,993.5134,-5.0,1.1
9139,47.16,1036.31,56.0,1.17
9140,53.84,1080.9565,57.0,1.89
9141,51.4,1023.7772,30.0,1.02
9142,49.32,1028.3756,27.0,1.2
9143,57.6,1049.987,38.0,0.95
9144,51.2,997.6836,54.0,1.26
9145,58.72,1238.7782,31.0,2.12
9146,47.88,993.3945,24.0,0.92
9147,46.64,1054.0202,34.0,1.01
9148,67.24,1003.4629,-2.0,1.2
9149,48.2,1040.096,20.0,1.19
9150,51.6,1129.9109,9.0,2.15
9151,60.68,1020.6164,32.0,1.42
9152,43.32,1034.4582,-3.0,1.27
9153,40.68,1010.1765,53.0,1.13
9154,64.0,968.5219,0.0,1.13
9155,55.0,1019.1578,14.0,2.34
9156,30.24,979.9065,107.0,1.15
9157,50.2,1019.919,48.0,0.98
9158,39.2,1138.4569,68.0,1.09
9159,38.16,1053.1058,74.0,1.07
9160,45.52,1027.1551,23.0,2.36
9161,47.2,1045.2994,35.0,1.17
9162,41.12,974.8493,55.0,1.15
9163,58.28,1003.8237,47.0,1.15
9164,49.28,1002.1692,15.0,1.14
9165,42.32,1019.5029,49.0,2.2
9166,56.88,1034.6886,29.0,1.14
9167,31.72,996.3088,51.0,1.15
9168,43.64,1115.6318,55.0,1.12
9169,49.56,1071.9988,33.0,1.45
9170,27.44,1040.3826,121.0,3.17
9171,47.24,1067.5048,78.0,1.07
9172,53.56,989.1892,55.0,1.12
9173,44.76,1323.1872,20.0,1.02
9174,61.2,1076.8788,-3.0,0.91
9175,25.44,971.9966,31.0,1.04
9176,51.08,1074.359,15.0,1.02
9177,61.32,1080.2723,5.0,1.32
9178,56.52,1027.1102,21.0,1.22
9179,27.16,980.6226,64.0,0.93
9180,67.44,1271.4944,26.0,1.09
9181,48.6,1025.9475,9.0,2.13
9182,47.52,1142.9143,25.0,0.9
9183,66.76,1032.3778,46.0,0.98
9184,56.24,970.0306,20.0,1.01
9185,38.16,1014.651,26.0,0.98
9186,53.88,1026.3154,20.0,2.35
9187,47.68,981.8084,13.0,1.11
9188,47.08,997.0699,6.0,1.24
9189,31.84,989.3964,31.0,0.92
9190,61.32,991.7974,15.0,1.16
9191,49.84,1021.4199,74.0,2.41
9192,49.4,1030.1657,28.0,1.48
9193,48.72,1009.9066,79.0,1.14
9194,56.84,1049.1467,-1.0,1.15
9195,58.04,1023.7257,2.0,1.09
9196,55.16,1092.3887,44.0,1.97
9197,44.04,1007.2885,47.0,1.14
9198,53.16,1053.652,28.0,1.03
9199,44.04,1049.0802,48.0,1.06
9200,48.36,1021.64,64.0,1.13
9201,48.04,1074.0552,23.0,2.25
9202,56.92,964.5895,-8.0,1.2
9203,54.92,1054.5214,2.0,1.48
9204,46.68,1033.864,28.0,0.87
9205,45.08,1311.9278,62.0,0.91
9206,34.36,978.3765,77.0,2.05
9207,42.16,993.5436,27.0,1.17
9208,38.64,1025.7411,72.0,0.95
9209,58.72,1053.8106,47.0,0.94
9210,52.48,983.281,13.0,1.08
9211,55.12,981.3208,42.0,2.28
9212,49.76,1030.9092,29.0,1.24
9213,45.12,1103.6502,47.0,1.12
9214,48.64,1132.5279,-2.0,0.97
9215,54.72,1402.104,18.0,0.97
9216,43.2,997.8582,39.0,0.84
9217,55.12,1028.133,29.0,1.06
9218,41.76,1031.5718,17.0,1.03
9219,46.28,993.7814,52.0,0.98
9220,59.84,1072.7898,20.0,0.91
9221,65.08,1000.9633,11.0,0.93
9222,46.32,1033.3031,38.0,1.73
9223,41.76,1041.6227,34.0,0.95
9224,53.72,1002.3114,0.0,1.14
9225,57.56,1242.8841,-3.0,1.15
9226,42.64,1012.8026,46.0,1.23
9227,57.36,968.3251,32.0,1.81
9228,32.2,995.3083,52.0,0.86
9229,38.44,978.4352,76.0,1.29
9230,50.92,1035.5152,28.0,1.27
9231,55.24,1188.5207,20.0,1.02
9232,61.64,977.6535,34.0,2.07
9233,30.32,1032.1025,12.0,1.11
9234,29.8,968.9996,68.0,0.94
9235,47.68,1127.6083,56.0,0.91
9236,42.0,1184.2054,36.0,1.12
9237,50.72,1028.4047,-1.0,2.25
9238,60.12,988.1655,47.0,0.9
9239,41.64,984.6294,43.0,0.94
9240,52.24,1071.6474,16.0,1.21
9241,45.92,1062.38,72.0,0.95
9242,50.8,1015.87,10.0,1.81
9243,47.84,1281.8664,40.0,0.95
9244,40.6,1049.3503,55.0,0.9
9245,48.76,1029.8832,32.0,0.8
9246,21.76,1037.4935,92.0,1.1
9247,54.84,1020.275,41.0,1.97
9248,37.56,1031.3149,50.0,0.88
9249,45.8,1046.2486,21.0,0.97
9250,51.88,979.9305,27.0,1.03
9251,54.52,1054.402,22.0,1.04
9252,57.76,1050.0398,-1.0,1.98
9253,40.2,982.3029,51.0,1.03
9254,35.28,978.7226,75.0,1.1
9255,47.84,979.2025,30.0,1.27
9256,43.64,1057.7763,52.0,1.41
9257,40.56,1010.205,42.0,2.19
9258,36.48,973.4348,5.0,0.99
9259,54.64,1035.4909,26.0,1.08
9260,44.4,1023.8446,26.0,1.04
9261,56.08,965.601,19.0,1.36
9262,43.84,1128.7368,3.0,1.18
9263,50.8,981.3271,30.0,2.14
9264,34.96,980.2365,89.0,1.1
9265,49.76,1086.1037,0.0,0.94
9266,58.36,984.5111,3.0,1.23
9267,53.08,1022.1511,27.0,1.03
9268,37.68,1027.3279,26.0,2.03
9269,28.64,970.8483,21.0,1.19
9270,36.04,976.3105,27.0,1.48
9271,34.24,1190.6569,49.0,1.01
9272,32.08,980.629,72.0,0.97
9273,29.4,967.4733,58.0,2.14
9274,37.76,1015.4831,16.0,1.21
9275,35.24,998.7078,58.0,1.08
9276,49.48,1264.4259,36.0,1.15
9277,44.28,1039.4847,28.0,1.23
9278,47.64,1251.1474,70.0,1.97
9279,52.52,1039.9326,6.0,0.86
9280,30.76,973.0492,26.0,0.91
9281,48.08,1058.7195,44.0,1.24
9282,42.2,1037.5827,43.0,1.31
9283,53.0,1018.6246,1.0,2.25
9284,38.72,1073.4289,43.0,1.2
9285,58.64,1021.8045,1.0,1.05
9286,44.24,1144.0124,18.0,1.07
9287,35.92,974.4511,23.0,1.53
9288,66.4,1012.8038,17.0,2.31
9289,51.16,1029.3718,0.0,0.9
9290,51.2,1160.966,50.0,0.96
9291,47.44,1029.1063,15.0,1.0
9292,44.64,1048.7764,34.0,1.03
9293,50.44,982.9159,0.0,1.88
9294,56.96,1160.0866,87.0,0.86
9295,64.72,1076.9504,7.0,1.04
9296,55.32,1033.7768,37.0,0.95
9297,45.16,1141.8306,73.0,0.92
9298,40.0,966.0761,7.0,1.95
9299,63.32,997.6788,33.0,0.81
9300,62.8,1138.0855,24.0,0.91
9301,44.04,981.1102,36.0,0.91
9302,41.96,1032.5352,67.0,0.9
9303,56.44,1057.3486,27.0,0.88
9304,44.12,1033.9052,27.0,0.92
9305,55.0,1363.835,32.0,0.9
9306,48.76,1021.0197,39.0,0.95
9307,37.92,979.5114,60.0,0.94
9308,34.6,968.3567,67.0,0.91
9309,54.96,1034.7269,-10.0,1.9
9310,50.96,1007.8201,5.0,1.22
9311,44.4,1033.5302,29.0,1.46
9312,63.96,1001.2599,9.0,1.14
9313,39.0,1045.8291,39.0,1.1
9314,40.2,1003.1017,40.0,2.27
9315,44.04,1064.35,60.0,0.88
9316,45.8,968.4008,102.0,1.04
9317,53.68,973.4859,14.0,1.18
9318,38.16,1033.4978,54.0,1.04
9319,31.96,978.6294,52.0,1.9
9320,50.08,1140.9191,29.0,1.13
9321,44.6,985.6116,12.0,1.23
9322,43.84,1078.6454,44.0,1.22
9323,58.56,1104.6142,3.0,1.08
9324,61.8,989.0308,51.0,2.0
9325,59.4,1018.526,-8.0,1.2
9326,46.68,1009.2486,24.0,1.06
9327,45.92,1012.078,59.0,1.08
9328,54.32,1200.8205,33.0,1.15
9329,50.04,1231.1412,-5.0,1.97
9330,37.52,998.3073,124.0,0.93
9331,41.8,1005.9184,5.0,1.02
9332,49.16,1249.0889,5.0,0.88
9333,58.44,1029.9536,0.0,0.93
9334,40.12,1011.5221,55.0,2.03
9335,58.16,1017.7293,1.0,1.07
9336,43.56,980.8314,43.0,1.04
9337,41.88,1026.8268,7.0,1.08
9338,50.96,1007.6128,41.0,1.06
9339,48.52,1082.6408,23.0,2.53
9340,53.88,1037.6548,-6.0,1.05
9341,58.36,1067.2007,51.0,1.09
9342,42.44,1407.0466,37.0,0.85
9343,46.68,1016.1549,23.0,1.26
9344,36.08,1061.7653,42.0,1.02
9345,46.12,993.0816,10.0,0.98
9346,48.44,1018.7461,21.0,0.99
9347,53.6,1047.0319,47.0,1.08
9348,47.44,979.2317,33.0,1.04
9349,39.12,981.8163,33.0,1.07
9350,52.8,1230.5918,44.0,2.24
9351,34.84,987.9678,52.0,0.94
9352,56.52,1015.9243,33.0,1.54
9353,45.24,1033.9684,42.0,1.02
9354,50.16,981.7259,56.0,1.16
9355,48.6,987.9161,81.0,2.01
9356,50.48,1040.209,15.0,1.55
9357,53.48,1003.3092,36.0,1.55
9358,60.88,1000.1893,28.0,1.63
9359,25.16,1000.1635,106.0,1.33
9360,46.88,1174.7402,44.0,2.29
9361,59.44,1063.4232,10.0,0.97
9362,54.08,1046.3913,1.0,1.35
9363,36.32,1007.0299,48.0,0.93
9364,58.92,1064.0155,20.0,0.78
9365,38.68,993.4838,67.0,1.72
9366,43.76,1061.0528,33.0,0.83
9367,41.6,997.9071,34.0,0.86
9368,54.8,994.6234,8.0,1.1
9369,43.12,979.8859,89.0,1.23
9370,26.16,991.1534,75.0,1.89
9371,51.48,1033.3676,21.0,1.19
9372,56.28,1149.7108,28.0,0.83
9373,45.44,992.3771,45.0,0.9
9374,50.24,967.7502,102.0,0.93
9375,58.48,1004.1026,52.0,2.16
9376,45.36,1016.5863,36.0,0.98
9377,53.36,963.535,1.0,1.16
9378,50.16,1079.6069,98.0,1.07
9379,41.2,1038.445,21.0,1.18
9380,55.52,1069.4956,44.0,2.7
9381,50.96,1020.561,36.0,1.19
9382,36.04,1027.9183,-4.0,0.86
9383,44.12,1016.6058,46.0,1.1
9384,35.8,969.1506,77.0,1.18
9385,44.88,1028.1058,32.0,2.29
9386,59.64,1012.0881,0.0,1.01
9387,58.68,971.4388,23.0,1.11
9388,42.2,979.3104,42.0,1.29
9389,62.88,1040.1276,12.0,1.03
9390,35.16,1364.1532,60.0,0.87
9391,32.68,1001.3497,3.0,2.03
9392,36.08,1035.1538,30.0,1.19
9393,59.84,1009.0326,15.0,1.25
9394,43.24,1123.5418,38.0,1.2
9395,38.4,984.085,10.0,0.78
9396,59.56,1050.1416,30.0,2.28
9397,45.44,1007.2487,72.0,1.0
9398,32.76,975.2502,34.0,1.02
9399,44.28,994.3618,85.0,1.16
9400,63.6,986.45,21.0,1.17
9401,65.88,1052.3388,4.0,2.32
9402,48.64,995.5958,52.0,1.22
9403,50.68,1011.631,53.0,1.1
9404,52.16,1021.2433,67.0,1.18
9405,46.12,990.3811,45.0,0.9
9406,31.36,999.4786,72.0,2.06
9407,51.96,1017.9506,35.0,1.05
9408,58.68,1110.1864,61.0,1.1
9409,36.68,985.4392,59.0,0.77
9410,57.72,1014.1558,8.0,0.99
9411,43.84,1034.216,20.0,2.06
9412,44.52,1029.8277,36.0,1.13
9413,52.56,1062.4324,36.0,1.09
9414,53.16,980.7381,10.0,1.0
9415,40.64,977.5628,51.0,1.27
9416,60.48,1004.7229,29.0,2.16
9417,60.84,1030.9717,10.0,0.88
9418,43.92,1028.4014,43.0,0.98
9419,55.36,1010.0367,46.0,0.96
9420,62.84,1035.4077,3.0,1.12
9421,60.44,1222.7343,33.0,2.37
9422,43.76,1283.762,22.0,1.09
9423,55.56,1006.6927,48.0,1.29
9424,54.36,1012.2699,36.0,1.41
9425,30.28,1000.7044,33.0,1.68
9426,46.96,977.9046,17.0,2.71
9427,36.64,1100.92,81.0,0.99
9428,53.48,1024.5405,15.0,1.0
9429,46.36,987.156,41.0,1.14
9430,49.68,978.868,12.0,1.12
9431,57.52,1018.3209,24.0,1.33
9432,60.16,1057.0922,46.0,0.96
9433,50.52,1001.6177,10.0,1.05
9434,65.24,1021.0278,16.0,1.02
9435,29.64,979.248,80.0,1.09
9436,61.84,1008.4473,-1.0,1.06
9437,51.24,1047.9938,34.0,2.16
9438,37.8,981.6195,13.0,1.11
9439,48.4,1014.378,19.0,0.92
9440,46.92,1063.9767,58.0,1.21
9441,55.04,1008.7642,46.0,1.05
9442,62.92,984.7564,19.0,2.23
9443,50.52,982.546,23.0,1.21
9444,50.16,1045.9053,2.0,1.21
9445,47.2,1016.0388,34.0,0.98
9446,46.48,1032.3307,61.0,1.33
9447,40.44,1013.1059,-1.0,2.27
9448,41.32,1010.0636,83.0,1.12
9449,49.12,1058.5716,31.0,0.99
9450,56.16,1035.4763,6.0,0.91
9451,39.24,968.4888,58.0,1.06
9452,57.28,1052.887,30.0,2.3
9453,53.0,976.6824,3.0,1.01
9454,59.32,1045.6886,39.0,1.07
9455,42.04,1016.2919,17.0,1.17
9456,48.24,1109.6702,6.0,1.0
9457,48.92,1058.4178,5.0,2.15
9458,65.84,1038.7224,27.0,1.09
9459,27.32,1001.8797,50.0,0.87
9460,57.88,965.2568,17.0,0.84
9461,41.08,974.8825,6.0,1.43
9462,45.76,1322.1382,26.0,1.92
9463,44.56,1056.9193,-1.0,0.96
9464,42.96,1058.2326,25.0,1.11
9465,65.4,965.5985,-4.0,1.1
9466,42.4,1055.6037,60.0,0.85
9467,44.56,1058.5451,2.0,1.94
9468,33.44,1043.8599,10.0,0.99
9469,55.04,1004.4149,5.0,0.92
9470,46.48,1048.904,48.0,0.94
9471,53.84,988.5566,21.0,1.23
9472,50.2,1138.2486,31.0,1.06
9473,53.8,1335.2327,25.0,0.9
9474,55.6,1137.8122,58.0,0.96
9475,44.24,1031.4084,16.0,1.04
9476,61.44,1030.4279,6.0,1.12
9477,46.32,1008.0686,34.0,0.93
9478,35.4,1062.638,18.0,2.07
9479,39.96,1034.9601,81.0,0.86
9480,44.0,980.89,32.0,0.96
9481,58.04,962.7523,29.0,1.14
9482,47.8,1030.8709,2.0,0.92
9483,63.16,961.8138,1.0,1.75
9484,56.64,997.0873,52.0,0.98
9485,36.16,980.9071,36.0,0.87
9486,52.48,1049.1994,31.0,0.98
9487,49.8,990.8876,28.0,0.87
9488,60.48,1019.6922,33.0,2.03
9489,53.88,976.8708,13.0,0.95
9490,24.56,969.6162,82.0,1.0
9491,42.12,1032.7355,41.0,1.07
9492,53.52,966.4864,1.0,1.09
9493,41.96,976.137,4.0,2.02
9494,34.48,1029.4418,46.0,1.15
9495,48.88,1154.5534,67.0,1.08
9496,61.8,1077.6836,33.0,1.1
9497,48.04,1159.4795,27.0,1.18
9498,41.72,1134.0254,52.0,1.95
9499,67.72,963.6683,0.0,0.86
9500,51.72,1054.2478,19.0,0.88
9501,45.48,994.385,48.0,1.04
9502,60.0,991.7002,59.0,0.98
9503,49.52,993.7535,19.0,1.82
9504,58.6,1059.2456,10.0,0.89
9505,39.92,1022.3464,48.0,1.03
9506,38.76,994.108,26.0,0.97
9507,50.2,1005.5091,22.0,0.89
9508,60.28,1061.4888,49.0,1.89
9509,50.84,983.1699,37.0,0.81
9510,50.48,1172.8703,1.0,1.09
9511,22.52,1002.3379,17.0,1.45
9512,56.8,1026.4883,27.0,1.07
9513,57.88,1055.6624,46.0,1.99
9514,46.36,1012.7204,65.0,0.94
9515,48.12,1056.983,72.0,1.0
9516,47.32,967.5346,9.0,0.86
9517,39.16,971.7664,39.0,1.06
9518,50.68,1031.0558,-4.0,0.92
9519,44.8,1041.3782,48.0,1.66
9520,47.36,1100.6144,12.0,0.9
9521,24.36,987.13,42.0,1.2
9522,36.28,993.7505,41.0,0.85
9523,61.6,1286.0117,12.0,0.84
9524,57.48,1012.3231,11.0,1.68
9525,29.2,1146.5408,102.0,0.75
9526,55.32,1002.3686,35.0,0.98
9527,67.68,1019.6189,5.0,0.95
9528,56.32,1163.8114,52.0,0.77
9529,49.08,977.4375,15.0,1.81
9530,46.4,1055.0656,36.0,0.86
9531,47.96,1010.7124,-5.0,0.85
9532,62.8,1008.2237,14.0,0.9
9533,60.68,964.8705,0.0,0.8
9534,49.84,1018.8162,18.0,1.81
9535,27.6,975.9061,57.0,0.98
9536,45.6,1030.1111,47.0,0.93
9537,41.12,978.1746,25.0,0.96
9538,42.2,1054.7776,77.0,0.89
9539,50.16,983.8756,59.0,1.7
9540,38.4,1143.8188,31.0,0.8
9541,39.92,1064.8581,19.0,1.03
9542,60.48,963.9504,-6.0,0.88
9543,54.48,1021.2248,13.0,0.89
9544,43.4,1011.446,52.0,1.84
9545,31.24,1039.994,12.0,0.92
9546,50.52,1061.501,6.0,0.84
9547,62.48,990.155,17.0,0.91
9548,44.64,982.1034,41.0,0.84
9549,52.96,1011.6564,48.0,1.85
9550,50.56,1088.5693,23.0,0.97
9551,27.2,967.6603,24.0,0.9
9552,51.88,1132.7715,4.0,0.84
9553,37.68,1004.935,1.0,0.97
9554,50.36,1152.6326,79.0,1.66
9555,57.16,1089.9554,57.0,0.87
9556,43.92,1333.6445,21.0,0.85
9557,44.2,1031.0651,26.0,0.82
9558,59.68,1003.5388,34.0,0.86
9559,46.6,1013.5924,46.0,0.94
9560,62.36,988.8358,23.0,0.89
9561,63.24,988.1596,24.0,0.8
9562,54.28,1100.8162,36.0,0.81
9563,45.4,1069.0905,10.0,1.06
9564,43.72,995.418,6.0,0.91
9565,45.2,1061.1177,41.0,1.76
9566,51.52,1004.1483,1.0,0.88
9567,59.4,1052.3354,49.0,0.88
9568,47.72,977.1096,25.0,0.87
9569,54.08,1164.0796,29.0,0.86
9570,51.48,1008.9808,0.0,1.77
9571,46.24,1120.0034,22.0,0.85
9572,54.4,1026.346,28.0,0.86
9573,43.16,1028.6067,54.0,0.99
9574,46.32,984.6552,10.0,0.88
9575,51.32,1226.0661,10.0,1.86
9576,48.04,1012.0278,29.0,1.19
9577,52.56,1091.9064,40.0,1.06
9578,56.36,990.9819,52.0,1.14
9579,42.32,1122.0666,33.0,1.06
9580,48.0,1166.191,1.0,1.7
9581,49.24,984.2466,24.0,0.85
9582,39.28,1193.1717,30.0,0.86
9583,63.0,1047.3619,23.0,0.91
9584,44.16,983.1698,52.0,0.94
9585,36.16,979.5076,114.0,1.74
9586,49.12,979.3717,28.0,0.85
9587,38.24,1049.9403,84.0,0.87
9588,47.2,1012.7438,58.0,0.92
9589,28.72,979.3398,66.0,0.88
9590,53.96,1101.4932,26.0,1.65
9591,40.4,993.0774,64.0,0.91
9592,58.24,1145.1277,32.0,0.92
9593,41.32,1077.1942,71.0,1.06
9594,46.16,1036.7614,53.0,1.0
9595,48.4,1013.577,38.0,1.69
9596,65.96,1018.3948,4.0,0.9
9597,47.72,1065.6036,72.0,0.89
9598,46.2,1033.1104,51.0,1.01
9599,46.92,981.6925,20.0,0.86
9600,37.56,1009.7649,59.0,0.93
9601,47.2,1012.8014,56.0,0.95
9602,61.68,1059.4533,20.0,0.8
9603,49.2,987.0756,29.0,1.02
9604,57.56,1031.811,12.0,0.96
9605,40.16,1061.536,53.0,0.85
9606,45.88,966.053,69.0,1.86
9607,49.8,1015.8188,14.0,0.94
9608,50.4,1013.5814,38.0,0.89
9609,62.48,964.5149,10.0,0.87
9610,50.8,1034.6755,20.0,0.85
9611,42.08,965.6478,45.0,1.8
9612,36.96,990.2035,41.0,0.87
9613,57.88,992.2055,24.0,0.94
9614,54.56,1054.654,-11.0,0.95
9615,51.52,1231.4873,4.0,0.9
9616,51.28,1026.9447,33.0,1.77
9617,58.6,1382.7297,-1.0,0.78
9618,49.8,1172.4798,20.0,0.75
9619,26.2,1004.6488,39.0,0.92
9620,44.4,981.0278,100.0,0.9
9621,50.6,1080.0562,37.0,1.9
9622,40.88,981.171,25.0,0.86
9623,49.88,1082.4387,60.0,1.01
9624,43.48,1094.931,25.0,0.93
9625,36.72,977.9639,114.0,0.92
9626,31.76,998.9432,64.0,1.72
9627,54.0,1047.5018,29.0,0.86
9628,49.28,1044.5558,3.0,0.9
9629,60.56,976.918,26.0,0.92
9630,53.56,996.7717,55.0,1.02
9631,54.36,988.9354,60.0,1.82
9632,50.96,963.0241,102.0,0.8
9633,50.64,1053.4832,38.0,0.84
9634,37.64,1034.4298,41.0,0.91
9635,60.12,994.8118,75.0,0.95
9636,44.08,1325.6222,56.0,1.9
9637,40.28,1002.8859,101.0,0.86
9638,36.56,976.5384,34.0,0.95
9639,36.28,1000.6946,48.0,0.94
9640,43.96,1045.0115,72.0,0.81
9641,45.72,1002.8307,37.0,1.71
9642,54.44,1093.0891,82.0,0.83
9643,29.24,970.8797,68.0,0.88
9644,52.64,1141.2522,5.0,0.91
9645,34.76,975.0888,14.0,0.93
9646,53.64,1014.7669,25.0,0.93
9647,40.68,1024.9508,30.0,1.82
9648,50.32,1028.3317,52.0,0.85
9649,41.56,1062.714,73.0,0.91
9650,50.32,1030.7436,76.0,0.97
9651,41.08,988.4983,127.0,0.93
9652,59.56,975.6431,1.0,1.82
9653,50.76,1074.7473,22.0,0.78
9654,53.64,988.9886,51.0,0.82
9655,41.72,991.0214,24.0,0.91
9656,44.32,978.7866,30.0,0.85
9657,48.08,1032.183,23.0,1.98
9658,49.0,1246.6664,45.0,0.95
9659,43.68,966.7173,10.0,0.84
9660,47.2,1033.6958,50.0,0.95
9661,54.24,1029.1992,0.0,0.9
9662,41.84,982.9164,22.0,1.76
9663,51.12,1049.7972,48.0,0.84
9664,45.92,978.7195,48.0,1.08
9665,44.28,1162.2513,38.0,0.86
9666,44.48,985.7762,21.0,0.8
9667,60.6,1034.1304,32.0,1.77
9668,49.24,962.1866,20.0,0.81
9669,31.8,969.9613,50.0,0.94
9670,33.24,974.1976,33.0,0.87
9671,62.8,1059.0093,37.0,1.1
9672,63.52,966.1035,29.0,1.68
9673,34.56,968.7627,39.0,0.81
9674,43.92,1010.3424,12.0,0.89
9675,45.36,1038.3914,14.0,0.85
9676,44.32,1131.7757,-2.0,0.85
9677,29.48,1004.4646,36.0,1.78
9678,31.28,985.1138,80.0,0.83
9679,42.64,1026.4566,53.0,0.83
9680,51.6,1022.1254,19.0,1.05
9681,63.12,1003.9997,36.0,0.95
9682,56.8,1314.2958,40.0,1.73
9683,60.44,1002.4363,25.0,0.86
9684,38.84,1047.9657,0.0,0.85
9685,54.28,1097.3904,23.0,0.92
9686,57.76,1403.503,25.0,0.93
9687,42.56,978.2144,31.0,0.92
9688,32.72,975.6172,32.0,0.93
9689,52.84,1137.1519,-3.0,0.85
9690,38.84,1030.6518,40.0,0.95
9691,45.6,1028.1892,7.0,1.02
9692,49.32,1072.4338,74.0,0.84
9693,44.88,983.9268,69.0,1.73
9694,47.28,1202.532,42.0,0.9
9695,47.6,1006.9516,34.0,0.86
9696,45.6,1033.5082,14.0,0.93
9697,53.44,1021.1487,18.0,0.98
9698,46.32,1023.5247,31.0,1.79
9699,36.52,1089.3009,55.0,0.88
9700,49.8,1050.978,36.0,0.89
9701,34.0,1190.3835,43.0,0.88
9702,49.56,1129.6694,32.0,0.96
9703,63.72,966.8615,20.0,1.79
9704,54.2,1065.64,43.0,0.85
9705,51.52,1018.4396,46.0,0.96
9706,49.36,1111.6832,81.0,0.85
9707,36.64,982.3399,13.0,0.87
9708,33.48,1030.2674,73.0,1.97
9709,50.96,978.0099,21.0,0.86
9710,42.48,998.8117,60.0,1.03
9711,54.16,977.1364,47.0,0.88
9712,46.44,1031.8645,74.0,0.88
9713,39.48,984.4562,27.0,1.87
9714,59.96,977.737,19.0,0.85
9715,49.84,1385.2199,17.0,0.84
9716,61.08,1019.0844,-3.0,0.94
9717,44.68,1052.0861,57.0,0.95
9718,43.68,1147.0351,67.0,1.68
9719,39.28,978.6542,72.0,0.91
9720,57.56,1393.596,35.0,0.9
9721,41.24,1001.5495,36.0,1.07
9722,42.68,996.4624,48.0,1.06
9723,43.52,1028.7124,8.0,1.81
9724,42.8,1042.6448,47.0,0.8
9725,22.72,1005.8218,64.0,0.87
9726,57.32,975.9648,17.0,0.84
9727,52.2,1061.3728,2.0,0.89
9728,44.76,1053.4867,16.0,0.86
9729,29.2,999.4906,41.0,0.91
9730,42.2,965.8106,47.0,0.84
9731,55.88,1043.8972,29.0,0.8
9732,41.56,1034.3624,23.0,0.89
9733,36.48,962.6259,38.0,0.88
9734,44.96,1066.1533,25.0,1.7
9735,53.72,1162.3454,19.0,0.94
9736,26.6,1002.4044,23.0,0.88
9737,44.32,1324.6263,35.0,0.88
9738,50.76,1045.2451,33.0,0.93
9739,35.76,996.3285,-14.0,2.05
9740,60.52,993.0614,43.0,0.98
9741,59.6,1015.4558,0.0,0.91
9742,50.88,1032.9496,17.0,0.9
9743,43.44,1008.496,34.0,0.95
9744,49.8,995.9897,54.0,1.89
9745,56.24,976.5459,36.0,0.88
9746,61.4,988.5794,37.0,0.96
9747,66.36,991.3956,4.0,0.94
9748,32.68,970.579,58.0,0.95
9749,47.2,998.6382,30.0,1.87
9750,49.4,1102.7023,6.0,1.01
9751,56.84,967.0038,2.0,0.95
9752,37.76,971.1795,53.0,0.89
9753,52.56,1036.9598,32.0,0.86
9754,44.48,1327.9994,-5.0,1.78
9755,31.44,1002.0494,54.0,0.84
9756,49.76,1022.8409,5.0,0.82
9757,40.28,979.5428,33.0,1.11
9758,51.24,1019.7772,55.0,1.16
9759,48.12,1160.0998,11.0,2.16
9760,57.8,1050.9495,13.0,1.27
9761,49.4,973.9144,22.0,1.0
9762,53.36,1081.7747,26.0,1.02
9763,45.96,995.0659,54.0,0.96
9764,45.6,1046.6102,44.0,1.8
9765,70.96,1019.2662,5.0,0.93
9766,49.28,1018.12,-3.0,0.94
9767,58.0,1049.9873,27.0,0.93
9768,66.68,991.85,28.0,0.86
9769,47.68,985.8308,6.0,1.84
9770,42.04,1151.1842,81.0,0.89
9771,39.64,1030.3229,35.0,0.82
9772,45.08,982.377,8.0,0.88
9773,42.88,1007.9779,32.0,1.26
9774,44.28,1010.3143,25.0,1.4
9775,36.24,980.9014,57.0,2.2
9776,40.32,1075.0686,27.0,1.05
9777,48.72,1125.1132,20.0,0.84
9778,63.08,993.9296,0.0,0.99
9779,48.48,983.5412,14.0,0.92
9780,52.12,981.0774,7.0,1.69
9781,50.6,1064.9617,127.0,0.85
9782,50.96,1011.821,27.0,0.86
9783,54.84,1046.202,44.0,1.03
9784,51.08,1035.6927,69.0,1.01
9785,50.0,1017.7002,37.0,1.66
9786,60.64,1001.8101,34.0,0.87
9787,50.32,1052.876,-2.0,0.87
9788,56.64,1031.5339,11.0,0.86
9789,55.08,1052.0598,-3.0,0.81
9790,29.8,1031.9594,53.0,1.85
9791,49.48,1051.8569,57.0,0.84
9792,62.84,1118.4589,23.0,1.06
9793,47.04,1278.4569,46.0,1.01
9794,45.6,1246.2422,73.0,0.88
9795,58.56,1059.7378,28.0,1.85
9796,46.52,1000.0906,2.0,0.83
9797,46.72,1325.2736,19.0,1.05
9798,50.4,1051.1364,28.0,0.89
9799,47.36,1200.8853,85.0,0.89
9800,39.12,1034.1364,33.0,1.75
9801,49.2,1185.4332,3.0,0.97
9802,32.44,998.4662,35.0,0.84
9803,42.64,987.6928,0.0,0.83
9804,32.84,990.7745,73.0,0.93
9805,54.04,1050.877,21.0,1.68
9806,40.28,977.888,-1.0,0.89
9807,49.08,985.4621,20.0,1.02
9808,40.6,1210.5987,29.0,0.85
9809,54.76,1032.8504,7.0,0.92
9810,28.6,1033.9511,74.0,1.74
9811,48.92,1036.9658,12.0,0.92
9812,45.0,1032.461,24.0,0.86
9813,37.28,993.4781,25.0,0.89
9814,54.96,1212.7455,75.0,0.84
9815,58.64,966.9926,18.0,0.87
9816,50.76,1067.5558,57.0,0.85
9817,48.12,1323.2682,49.0,0.89
9818,50.04,1406.9386,27.0,0.86
9819,57.32,1016.2925,27.0,0.89
9820,44.88,1044.3283,28.0,1.15
9821,42.76,977.042,28.0,1.69
9822,29.12,968.3253,23.0,0.94
9823,40.16,1009.5676,59.0,0.86
9824,52.24,1018.7123,46.0,0.96
9825,42.72,1034.8476,30.0,0.89
9826,46.44,1249.4006,66.0,1.72
9827,31.24,968.8604,65.0,0.93
9828,56.16,1017.1871,40.0,0.91
9829,47.52,1020.4441,71.0,0.94
9830,49.2,1012.1698,27.0,0.95
9831,62.84,979.8191,27.0,1.77
9832,62.52,1051.2899,5.0,0.88
9833,47.88,981.4061,19.0,0.85
9834,49.08,983.7884,52.0,0.92
9835,36.04,1031.3762,77.0,1.03
9836,53.28,1387.7262,46.0,1.66
9837,61.08,1065.2623,25.0,0.95
9838,48.08,1035.0177,40.0,1.03
9839,36.2,985.509,99.0,0.98
9840,60.4,966.664,29.0,0.8
9841,31.2,1001.6602,49.0,1.95
9842,52.08,1052.1503,17.0,0.85
9843,54.08,1062.0912,52.0,0.88
9844,55.96,991.2115,25.0,0.83
9845,50.32,1055.0662,22.0,0.9
9846,59.84,1006.9558,20.0,1.77
9847,45.2,1053.6639,7.0,1.07
9848,58.92,1034.0936,36.0,0.95
9849,60.2,1032.8344,2.0,0.89
9850,66.24,1285.2106,33.0,0.94
9851,33.4,1051.8693,40.0,1.79
9852,39.8,984.5192,80.0,0.86
9853,56.56,1029.7324,25.0,0.95
9854,53.76,1068.3344,55.0,0.81
9855,50.24,1137.4625,13.0,0.85
9856,52.16,1137.6541,53.0,0.85
9857,60.16,989.6262,29.0,0.85
9858,41.16,999.9696,72.0,1.05
9859,49.96,1013.284,10.0,0.82
9860,49.92,1018.7323,58.0,0.97
9861,34.88,1087.5109,36.0,0.94
9862,51.36,1016.0205,55.0,1.98
9863,47.84,1202.3853,35.0,0.86
9864,30.68,976.026,42.0,0.84
9865,43.64,1202.278,35.0,0.85
9866,42.56,1024.9203,42.0,0.91
9867,34.36,1369.1809,54.0,1.9
9868,48.16,981.0573,30.0,0.89
9869,58.64,1070.3432,23.0,0.87
9870,41.32,974.4291,49.0,0.95
9871,48.2,1238.867,11.0,0.84
9872,46.2,976.5484,55.0,1.77
9873,64.4,1005.8262,-10.0,0.82
9874,47.64,1053.9043,29.0,0.93
9875,44.84,1025.0777,5.0,1.03
9876,58.88,1031.8206,5.0,1.21
9877,49.76,985.1696,27.0,2.21
9878,42.0,1040.3615,56.0,1.22
9879,56.8,1065.9462,48.0,0.85
9880,40.72,1033.7219,32.0,0.87
9881,46.68,1052.66,47.0,0.96
9882,58.92,1115.1915,23.0,1.88
9883,52.92,990.0138,7.0,0.92
9884,53.2,1033.2016,38.0,1.32
9885,46.84,1050.4081,25.0,1.05
9886,39.44,997.1142,57.0,0.95
9887,40.44,1011.226,14.0,2.17
9888,27.28,980.6442,117.0,1.2
9889,48.76,1245.0717,9.0,1.26
9890,24.56,983.2722,91.0,1.55
9891,50.32,1011.1988,32.0,1.34
9892,54.64,1014.6229,20.0,2.45
9893,55.12,1391.9977,29.0,1.11
9894,37.44,972.0169,19.0,1.28
9895,40.6,1010.4042,10.0,1.5
9896,45.44,976.3176,76.0,1.06
9897,55.56,993.017,44.0,1.87
9898,53.44,975.3435,17.0,0.98
9899,45.24,987.4969,79.0,1.18
9900,35.36,970.3296,76.0,1.62
9901,47.96,1054.9258,30.0,1.11
9902,40.96,1060.8584,9.0,0.91
9903,48.36,981.7,28.0,1.94
9904,57.04,1014.6002,27.0,0.89
9905,30.56,1014.7953,111.0,0.91
9906,45.4,1007.8064,39.0,1.14
9907,45.28,1022.1821,38.0,1.03
9908,41.84,1007.6936,35.0,2.02
9909,54.88,1036.0036,-2.0,0.96
9910,31.88,979.5968,19.0,0.98
9911,42.0,1058.3157,55.0,1.24
9912,51.72,993.4678,53.0,0.97
9913,56.72,1008.2504,-1.0,2.02
9914,48.08,1052.4534,31.0,0.98
9915,50.6,1032.9474,41.0,0.88
9916,55.0,1040.6394,4.0,0.91
9917,51.56,1007.2535,89.0,0.91
9918,52.8,1029.7035,-3.0,1.92
9919,40.32,1135.4447,60.0,0.84
9920,41.52,971.6866,40.0,0.88
9921,52.44,1059.107,-2.0,1.17
9922,38.96,1009.8586,39.0,0.93
9923,28.96,1001.1022,72.0,1.82
9924,47.68,1237.8428,16.0,0.79
9925,49.24,1141.8982,20.0,0.86
9926,58.2,967.1259,5.0,0.92
9927,61.76,1004.3239,-1.0,0.91
9928,50.32,1286.1862,20.0,1.86
9929,63.08,979.8133,15.0,0.96
9930,51.6,1015.1978,29.0,1.28
9931,41.0,1162.9238,36.0,1.18
9932,50.8,985.9861,42.0,0.97
9933,51.68,1016.9474,24.0,2.06
9934,46.08,1065.2221,3.0,0.99
9935,35.88,975.6867,24.0,0.93
9936,32.0,1053.7277,27.0,0.92
9937,52.88,1044.9362,93.0,0.89
9938,47.24,1067.6237,28.0,1.77
9939,32.96,980.2586,138.0,0.87
9940,54.32,1030.1051,56.0,0.99
9941,30.68,1020.0458,27.0,1.13
9942,49.4,1050.4508,48.0,1.01
9943,45.0,979.4692,52.0,0.87
9944,64.6,1005.2709,23.0,1.03
9945,59.08,1040.068,7.0,0.93
9946,47.2,1278.9456,35.0,1.09
9947,49.2,1007.187,24.0,1.13
9948,44.36,1052.479,56.0,1.12
9949,49.2,1007.41,0.0,1.77
9950,46.4,1010.9776,53.0,0.87
9951,39.28,1409.6944,71.0,0.87
9952,43.52,963.9339,22.0,1.09
9953,54.0,978.64,24.0,0.94
9954,62.0,1017.8729,5.0,1.85
9955,54.76,1073.2746,51.0,0.95
9956,53.04,1017.6631,7.0,0.97
9957,44.2,983.6227,18.0,0.87
9958,39.16,1035.873,40.0,1.11
9959,49.44,1023.6696,57.0,1.88
9960,42.6,1039.7191,10.0,0.99
9961,61.52,1023.2583,26.0,1.01
9962,55.36,1018.7521,4.0,1.03
9963,63.0,1017.5726,13.0,1.13
9964,61.4,1010.0826,8.0,1.92
9965,41.8,1360.714,30.0,0.87
9966,60.04,1016.4508,7.0,1.0
9967,50.8,1038.1465,62.0,0.92
9968,28.08,994.6027,26.0,0.88
9969,55.72,1060.8796,57.0,1.96
9970,41.16,1012.88,43.0,0.94
9971,42.12,981.3184,52.0,0.9
9972,58.8,1138.6637,7.0,1.01
9973,56.12,967.0605,23.0,0.98
9974,46.16,1034.5847,41.0,1.78
9975,52.64,1017.0626,-10.0,0.88
9976,47.52,1129.4468,30.0,0.85
9977,49.4,984.6126,32.0,1.04
9978,47.12,979.519,22.0,0.97
9979,56.68,1144.5037,27.0,1.81
9980,47.76,996.415,55.0,1.03
9981,45.12,1043.0352,19.0,1.03
9982,51.84,1298.8281,17.0,1.12
9983,40.8,1049.0678,10.0,1.18
9984,23.2,1001.428,28.0,1.03
9985,33.24,996.5715,46.0,0.89
9986,54.56,964.0432,23.0,0.99
9987,43.4,977.6348,47.0,0.93
9988,52.4,977.5576,38.0,0.97
9989,52.52,1033.9993,49.0,0.93
9990,61.92,1034.8704,28.0,1.8
9991,43.44,1049.4708,41.0,0.85
9992,47.16,1035.5402,45.0,0.82
9993,38.88,1032.9513,31.0,1.07
9994,56.4,1099.2738,30.0,1.22
9995,48.4,1048.3462,37.0,1.93
9996,53.4,1018.6741,30.0,0.88
9997,52.32,1052.0961,22.0,1.03
9998,57.16,1069.0553,23.0,1.09
9999,50.44,1034.5508,63.0,0.9
10000,50.92,1018.1743,11.0,1.73
10001,43.04,993.4104,47.0,1.01
10002,51.92,995.2136,65.0,0.81
10003,44.88,1059.2842,3.0,0.9
10004,61.12,1267.1181,57.0,0.92
