episode,avg_pods,avg_latency,reward,execution_time
1,35.12,1027.6024,-55538.59,1.87
2,50.48,1032.9154,-55566.45,1.92
3,33.16,1015.8938,-53183.72,1.12
4,40.08,1006.4332,-45122.56,1.3
5,55.88,1078.9801,-52237.96,1.33
6,64.4,994.2869,-40869.24,1.31
7,45.52,1030.5614,-45727.1,1.23
8,47.24,1011.7417,-49018.14,1.48
9,35.28,1045.7966,-49409.4,1.71
10,55.16,1018.6858,-51345.79,1.39
11,42.72,1022.1231,-47051.73,1.31
12,31.08,1009.7522,-51153.84,1.25
13,51.84,1003.5754,-37057.11,1.32
14,40.76,1035.5722,-49229.47,1.34
15,54.44,1007.7528,-46984.47,1.4
16,58.6,1026.8734,-49472.53,1.61
17,52.76,1036.868,-41371.84,1.41
18,54.36,1095.1045,-42773.61,1.32
19,41.08,1052.1155,-51582.74,1.4
20,44.36,997.0448,-49080.94,1.38
21,50.04,1032.8175,-41554.25,1.46
22,44.84,1007.0471,-49346.88,1.47
23,58.72,1015.0974,-43158.82,1.49
24,39.24,1023.854,-37489.22,1.47
25,33.88,1010.928,-49195.45,1.3
26,60.44,1048.5998,-51565.51,1.15
27,52.72,998.5679,-42752.18,1.31
28,60.16,1062.284,-42316.17,1.83
29,38.44,1078.1284,-47723.47,1.68
30,51.92,1014.4842,-43441.73,1.69
31,52.12,1068.0856,-44430.38,1.39
32,50.88,1013.5941,-47151.94,1.23
33,48.0,1025.9005,-43381.11,1.21
34,46.2,1052.1539,-41888.64,1.34
35,47.12,1030.2026,-49218.12,1.16
36,42.88,1090.3105,-43410.28,1.38
37,44.4,1054.4044,-47740.06,1.34
38,43.4,1010.6839,-31321.53,1.54
39,44.76,1039.4559,-45545.02,1.25
40,53.36,1006.3897,-41119.9,1.62
41,46.52,1025.6878,-39358.18,1.39
42,42.36,997.6497,-43027.38,1.35
43,27.52,1049.2686,-51774.09,1.34
44,44.92,1033.3679,-33442.7,1.48
45,41.2,1031.07,-45283.45,1.3
46,51.2,1006.5229,-41146.47,1.38
47,34.4,1029.5435,-49364.26,1.36
48,47.68,1044.8408,-37870.08,1.56
49,57.0,997.7348,-38906.96,1.37
50,49.0,1033.5293,-41469.56,1.8
51,43.76,1009.9811,-42957.32,1.49
52,41.08,1046.7581,-34188.88,1.56
53,45.6,1012.5581,-45056.99,1.31
54,57.2,1012.3993,-44938.65,1.48
55,45.96,991.6222,-38792.08,1.76
56,46.68,1022.8773,-41355.81,1.74
57,49.52,1027.4183,-35626.49,1.5
58,47.0,999.8954,-40993.08,1.46
59,47.92,1081.9096,-32779.82,1.61
60,37.52,1078.7736,-44754.3,1.6
61,60.44,995.7157,-36966.75,1.61
62,48.36,1019.0612,-39406.01,1.48
63,41.36,1034.8086,-41723.23,1.65
64,42.24,984.3196,-52955.53,1.71
65,44.92,1004.3486,-36937.2,1.7
66,46.64,1055.1006,-42174.53,1.67
67,53.8,1023.4204,-37370.24,1.56
68,38.6,992.0565,-42711.08,1.48
69,54.88,1057.5256,-42131.96,1.55
70,55.52,1002.1107,-34943.69,1.41
71,44.48,1047.3267,-35988.99,1.41
72,40.24,1039.3347,-45385.02,1.43
73,35.64,997.1888,-32954.11,1.64
74,38.88,1052.229,-38346.65,1.51
75,48.0,1035.6493,-37934.3,1.52
76,37.96,1002.6777,-45093.6,1.61
77,34.16,993.7201,-40909.63,1.5
78,43.4,1000.3386,-52954.78,1.64
79,45.12,1020.5334,-47330.0,1.5
80,51.04,1041.0673,-42092.29,1.48
81,55.24,1051.8498,-38245.16,1.49
82,42.64,1022.7846,-39497.64,1.57
83,50.44,1062.193,-46061.35,1.68
84,46.88,1037.6589,-49523.71,1.56
85,45.12,1121.6549,-31996.44,1.53
86,47.8,1051.8894,-51174.51,1.53
87,39.44,1017.3121,-43433.31,1.71
88,35.52,1019.3238,-39370.13,1.77
89,51.0,1044.9288,-32026.99,1.5
90,43.16,1052.4008,-49612.22,1.41
91,40.24,1029.122,-35672.96,1.56
92,34.76,968.5432,-50664.45,1.49
93,50.76,1016.777,-39344.68,1.54
94,38.6,1011.5313,-45234.95,1.52
95,37.24,1082.4946,-51756.92,1.55
96,41.84,1082.3327,-47820.49,1.51
97,42.24,990.7738,-40922.78,1.57
98,44.88,1056.8774,-37890.48,1.67
99,42.88,1039.1282,-39640.2,1.92
100,49.96,1007.9475,-43188.55,1.52
101,28.96,1047.2522,-54947.1,1.55
102,32.52,1016.1194,-35202.53,1.92
103,46.08,1040.6882,-37902.71,1.68
104,47.52,1105.3187,-35258.31,1.62
105,30.32,1010.1457,-45253.84,1.45
106,40.2,1009.2811,-29200.14,2.05
107,52.52,1055.308,-46179.21,1.58
108,31.64,1030.2124,-45534.14,1.57
109,37.72,1047.2757,-37805.12,1.62
110,23.76,979.365,-54783.35,1.59
111,42.4,1086.2118,-50183.41,1.4
112,42.0,1024.3856,-47643.01,1.4
113,34.12,1053.2392,-53521.57,1.44
114,40.6,1017.1961,-41267.56,1.63
115,41.68,1034.4433,-47424.28,1.56
116,43.8,1046.9931,-43840.05,1.48
117,44.96,1030.0262,-35334.04,1.67
118,36.68,1008.456,-46953.82,1.62
119,47.92,1036.5754,-47271.25,1.51
120,33.36,1013.3595,-47124.51,1.59
121,28.12,1011.5118,-47121.51,1.46
122,57.32,1024.615,-29636.95,1.55
123,47.16,1023.9924,-37442.21,1.67
124,38.2,1061.8946,-48141.4,1.64
125,54.24,1036.8114,-33955.04,1.69
126,43.44,1016.7517,-41249.9,1.57
127,37.92,1019.0376,-35484.2,1.75
128,55.28,1090.1319,-32728.49,1.45
129,52.4,1035.8305,-39714.79,1.33
130,32.72,1008.1218,-53081.69,1.47
131,54.12,1040.4455,-28034.22,1.61
132,38.52,985.9383,-40898.68,1.43
133,46.96,1054.7516,-38372.96,1.49
134,42.0,1010.2535,-37207.99,1.47
135,34.84,976.4533,-48768.26,1.44
136,58.0,1208.7257,-37159.99,1.64
137,57.72,1025.661,-33613.62,1.44
138,44.88,1051.0123,-43641.79,1.54
139,51.56,1042.5226,-41832.57,1.53
140,49.76,1025.7527,-37288.22,1.65
141,58.96,1031.8463,-35722.6,1.41
142,48.04,1021.1574,-41485.28,1.53
143,38.16,1010.5354,-31308.18,1.42
144,47.0,1007.2436,-37082.45,1.59
145,46.48,1030.03,-37752.42,1.5
146,50.12,1066.1874,-40146.37,1.51
147,39.6,1017.6374,-37467.47,1.47
148,45.56,1034.6798,-41813.5,1.37
149,43.68,990.4572,-32764.51,1.51
150,56.4,1043.0711,-33781.4,2.76
151,36.4,998.2777,-38982.72,1.9
152,38.96,1067.6594,-36010.22,1.99
153,55.76,1080.0467,-42300.0,1.85
154,58.76,1106.0078,-39031.89,2.1
155,37.44,1027.3762,-43310.38,1.79
156,59.08,1054.3384,-41772.49,1.85
157,44.84,1043.2065,-37811.3,1.92
158,57.72,1024.0786,-43329.85,2.45
159,54.6,982.4105,-42726.32,2.23
160,29.12,1002.1911,-37031.87,2.96
161,45.16,1138.7791,-41490.79,2.84
162,37.76,1038.0641,-39428.33,2.88
163,41.76,1033.969,-33722.36,3.38
164,60.96,1071.298,-41830.93,1.81
165,47.36,1005.0638,-45098.02,1.59
166,62.08,1021.4992,-31459.99,1.86
167,53.72,1080.1735,-46129.56,1.56
168,54.24,1010.5011,-29205.83,1.83
169,47.72,1033.9227,-41513.71,1.52
170,52.44,974.1216,-32498.51,1.38
171,40.88,1024.7001,-35627.88,1.33
172,48.88,998.2118,-30932.87,1.18
173,69.16,1049.9265,-34119.16,1.05
174,48.04,981.3084,-38626.58,1.1
175,46.24,1182.7982,-40671.41,1.34
176,53.08,1087.123,-40246.9,1.22
177,51.24,1034.0452,-31744.3,1.18
178,48.8,1018.737,-35044.87,1.34
179,40.36,1050.4033,-34328.2,1.31
180,48.88,1003.1983,-33101.32,1.34
181,46.6,1026.752,-33435.56,1.23
182,24.4,981.9727,-48846.03,1.24
183,50.48,1030.8482,-37238.0,1.23
184,43.48,1029.9764,-37612.21,1.25
185,36.4,1008.4984,-42939.8,1.18
186,50.0,1019.705,-35394.0,1.3
187,50.64,1062.2082,-30530.6,1.33
188,48.8,1030.9784,-33674.5,1.25
189,45.24,1021.3938,-37145.68,1.33
190,47.48,1012.9786,-31187.68,1.33
191,32.64,1030.8558,-41785.38,1.3
192,37.44,990.1284,-44889.92,1.4
193,49.52,1073.0581,-34529.24,1.35
194,47.84,1027.5252,-39309.67,1.37
195,35.04,1019.156,-31095.95,1.27
196,58.92,1041.0018,-35971.99,1.25
197,25.92,1024.132,-42957.63,1.33
198,32.04,1019.4684,-45224.73,1.34
199,38.88,1021.3235,-41053.63,1.32
200,44.88,1045.8864,-30022.25,1.13
201,34.44,1014.9955,-39047.99,1.28
202,55.72,1030.5676,-27608.14,1.35
203,45.08,1035.0435,-33952.04,1.29
204,56.24,1025.3799,-33602.83,1.41
205,49.2,1014.2877,-37357.11,1.47
206,47.72,1081.2299,-36413.26,1.47
207,54.6,1034.591,-35521.69,1.28
208,49.96,1012.8921,-31354.83,1.15
209,54.0,1043.5743,-35768.76,1.27
210,45.6,1021.978,-47398.32,1.31
211,41.68,1046.204,-49425.47,1.17
212,45.24,1027.6297,-37797.15,1.32
213,41.6,1129.5113,-41993.04,1.17
214,51.68,1073.0203,-40404.46,1.21
215,36.8,1028.637,-33411.97,1.35
216,43.44,1024.3469,-37673.34,1.15
217,52.04,1027.3327,-37595.02,1.17
218,43.6,1053.697,-34005.89,1.57
219,33.4,984.897,-46725.76,1.61
220,45.68,1017.8076,-49290.39,1.32
221,38.76,1036.5324,-43741.88,1.5
222,45.04,1030.2552,-31796.13,1.93
223,52.0,1002.0265,-36823.41,1.38
224,38.52,1028.3994,-37687.42,1.49
225,41.24,1115.2466,-39027.02,1.4
226,33.52,1057.6896,-40336.55,1.27
227,41.2,1174.7606,-44327.93,1.3
228,40.72,1011.3752,-41163.52,1.28
229,45.36,1039.5106,-33675.88,1.34
230,47.24,1004.0445,-36964.05,1.34
231,41.84,1119.4133,-35743.59,1.29
232,42.64,994.1586,-36909.02,1.34
233,52.28,1054.319,-32359.26,1.37
234,30.64,984.8448,-48970.07,1.24
235,41.32,1016.4246,-33183.6,1.26
236,51.24,1047.9597,-41887.92,1.16
237,41.32,1029.8253,-35452.47,1.21
238,39.8,1045.8998,-41838.48,1.3
239,47.28,1145.304,-34121.24,1.24
240,53.52,1056.8619,-42028.29,1.41
241,52.92,1013.6752,-31231.21,1.38
242,46.64,1032.5257,-39859.85,1.34
243,50.08,1041.8386,-37984.11,1.57
244,49.24,1031.7361,-33532.85,1.65
245,30.84,1007.7291,-41212.91,1.71
246,45.68,1037.848,-43686.35,1.15
247,40.44,1049.863,-41808.08,1.07
248,40.96,1032.3834,-29817.78,1.22
249,42.96,1075.7114,-32667.94,1.72
250,45.84,1024.0694,-45270.63,1.27
251,59.04,998.2521,-40996.63,1.19
252,35.0,1052.2984,-50112.42,1.44
253,53.0,1027.8599,-31501.74,1.12
254,46.0,1060.0688,-36227.07,1.2
255,41.2,1016.9912,-41365.51,1.17
256,45.44,1002.2764,-45113.16,1.09
257,47.12,1007.3157,-35203.54,1.28
258,53.08,1021.9455,-39294.68,1.35
259,42.08,1110.4219,-31645.05,1.37
260,21.16,1019.929,-37056.18,1.15
261,52.48,1097.1026,-31031.27,1.24
262,45.16,1018.7916,-37376.01,2.31
263,46.6,1004.2286,-31107.83,1.69
264,59.36,1052.4929,-32250.82,2.25
265,31.6,1031.8502,-33414.52,2.15
266,52.36,1068.7475,-32643.54,2.03
267,47.68,1002.2708,-42925.44,1.12
268,49.8,1024.1532,-33505.01,1.34
269,50.68,1128.163,-39469.19,2.05
270,39.0,1122.9887,-48440.14,1.1
271,55.56,1043.3654,-30061.6,1.14
272,46.16,1009.1902,-41109.07,1.17
273,43.12,1111.773,-46996.7,1.29
274,23.0,973.4989,-40514.99,1.08
275,50.04,988.1376,-36907.92,1.24
276,56.8,1021.0981,-39274.09,1.04
277,28.44,1024.7902,-31370.14,1.35
278,44.16,997.1372,-42961.63,1.24
279,41.36,1008.7537,-47366.35,1.09
280,50.08,1000.299,-36979.88,1.1
281,52.8,1072.751,-34590.44,1.14
282,46.8,1043.5308,-32065.5,1.32
283,44.92,1026.1065,-31603.51,1.12
284,50.44,1050.7076,-43812.53,0.93
285,36.24,1000.8848,-39138.04,0.96
286,39.48,1042.2576,-35323.96,1.32
287,49.92,1052.0491,-39904.66,1.09
288,46.28,1040.2427,-35842.35,1.29
289,35.72,1020.6544,-35559.55,1.26
290,46.52,1095.5997,-34973.26,1.19
291,45.72,1021.9592,-31414.44,1.74
292,47.6,1060.2186,-40128.5,1.55
293,36.32,1052.1687,-32198.82,1.47
294,44.8,1052.7083,-34194.42,1.31
295,40.6,1133.5718,-44710.87,1.32
296,28.12,1007.8003,-33320.71,1.2
297,54.16,1033.6148,-45542.02,1.06
298,50.6,1040.1341,-29911.05,1.56
299,23.6,1035.639,-39862.81,1.14
300,54.36,1069.0043,-30720.64,1.3
301,32.44,979.207,-42738.62,1.19
302,35.52,1038.6481,-39449.85,1.34
303,33.44,1030.2864,-45852.24,1.15
304,49.92,1042.4307,-28024.8,1.22
305,31.04,991.6024,-36782.42,1.22
306,46.0,1067.8741,-34383.98,1.33
307,56.28,1014.2944,-39407.33,1.18
308,57.24,1009.9919,-35279.5,1.16
309,61.64,1054.2611,-41832.34,1.51
310,50.52,1032.954,-35821.96,1.11
311,39.48,996.589,-32818.72,1.19
312,46.72,1033.5254,-37632.02,1.34
313,50.4,1060.7541,-36271.61,1.37
314,38.08,1042.2765,-47354.79,1.5
315,51.24,1020.3679,-37287.14,1.6
316,44.44,1071.7978,-30760.27,1.48
317,60.76,1034.632,-27718.29,1.61
318,54.6,1022.0141,-39623.06,1.8
319,50.36,1051.3566,-33835.85,1.62
320,57.68,1014.7279,-41352.67,2.07
321,23.92,981.3627,-44849.0,2.02
322,44.92,1060.6064,-53238.86,1.79
323,30.56,1082.0991,-52347.35,1.78
324,35.24,1042.0319,-47974.54,1.41
325,37.76,1007.9327,-39157.01,1.23
326,46.04,993.166,-42909.54,1.16
327,52.24,1011.6315,-37242.05,1.2
328,38.16,988.9072,-44963.38,1.47
329,45.0,1019.4498,-41581.04,1.11
330,55.12,1033.342,-39615.74,1.17
331,46.76,1062.8171,-52048.74,1.09
332,45.08,1028.5811,-41355.47,1.12
333,43.6,1025.0223,-41605.48,1.31
334,37.96,999.8259,-40953.66,1.41
335,55.2,1024.4002,-53082.92,1.11
336,35.36,1104.4058,-37030.61,1.22
337,51.72,1041.8097,-51638.38,1.14
338,43.32,1065.2148,-32425.93,1.27
339,48.12,1081.0662,-36452.31,1.31
340,46.04,994.2973,-51146.43,1.24
341,49.04,1067.3808,-53654.54,1.21
342,58.56,1069.0497,-30729.72,1.16
343,54.8,1030.2674,-33502.13,1.24
344,22.44,1014.6526,-55232.88,0.95
345,45.08,997.3221,-44980.06,1.17
346,62.12,1018.1616,-33527.66,1.11
347,44.88,1068.501,-30632.58,1.08
348,42.24,1025.212,-33396.67,1.27
349,25.8,990.9593,-34835.84,1.06
350,47.64,989.7078,-40691.65,1.29
351,34.48,1016.0285,-41532.99,1.18
352,53.76,1028.0828,-37624.0,1.2
353,40.8,1030.6003,-33571.01,1.43
354,58.96,1068.873,-36463.18,1.19
355,49.64,1011.5926,-39300.24,1.09
356,36.04,1009.1228,-37248.57,1.2
357,35.6,1036.2682,-43790.78,1.23
358,60.0,1022.7612,-39664.53,1.13
359,46.88,1039.2106,-35868.7,1.1
360,35.72,1033.8841,-31800.73,1.26
361,41.44,1000.3538,-41149.41,1.19
362,55.76,1070.1065,-38228.81,1.24
363,51.32,1033.5248,-35773.13,1.21
364,48.88,1054.5934,-34202.38,1.22
365,58.68,1031.176,-37688.81,1.15
366,40.6,1024.3218,-31198.7,1.76
367,30.08,992.723,-38965.77,1.26
368,57.0,1041.1243,-41932.47,1.03
369,44.44,1013.5808,-37136.65,1.32
370,41.92,1034.1049,-35718.24,1.24
371,42.08,1003.2033,-37153.58,1.4
372,48.88,1046.3927,-39837.81,1.21
373,36.64,1006.7072,-43272.73,1.37
374,51.08,1048.9958,-39816.8,1.13
375,47.88,1053.9905,-32109.97,1.27
376,48.52,1004.7392,-31197.26,1.47
377,41.48,1033.1552,-35545.03,1.3
378,47.8,1019.1702,-29376.63,1.47
379,53.16,985.6005,-34707.99,1.3
380,37.24,999.8293,-33002.85,1.28
381,59.08,1030.8732,-31665.26,1.73
382,42.04,1015.9945,-37147.65,1.46
383,50.16,1016.975,-41050.73,1.54
384,38.72,1053.7424,-34187.21,1.21
385,46.16,1016.2887,-39242.83,1.36
386,44.08,1035.7391,-33416.57,1.24
387,45.76,1047.0181,-32079.36,1.35
388,44.6,1038.1193,-53259.37,1.31
389,42.44,1095.1076,-36876.86,1.25
390,35.28,1085.292,-38869.09,1.35
391,52.52,999.2816,-31011.8,1.22
392,51.0,1041.8942,-29914.02,1.36
393,38.92,1047.3771,-40005.1,1.32
394,48.44,1030.3392,-37475.74,1.23
395,49.76,1052.6508,-30167.74,1.15
396,53.16,1033.1239,-39686.39,1.22
397,45.64,1006.6411,-31215.21,1.33
398,57.88,1019.5773,-39154.46,1.59
399,49.76,1044.3944,-35992.48,1.27
400,51.2,1042.0011,-31972.93,1.28
401,42.96,1051.652,-40000.89,1.43
402,32.4,1003.4984,-37038.85,1.48
403,41.72,998.5979,-41136.74,1.4
404,47.4,1138.8698,-38049.64,1.47
405,48.92,1056.0878,-36408.15,1.43
406,49.64,1040.5262,-33627.12,1.82
407,55.2,1124.3215,-37970.16,1.41
408,43.88,981.7698,-26569.18,1.39
409,29.96,1044.0942,-33964.1,1.4
410,63.6,996.3966,-32954.29,1.52
411,52.56,1050.9264,-34133.12,1.36
412,55.36,1006.1083,-33099.78,1.82
413,56.8,1085.1434,-44663.39,1.56
414,43.68,1014.8256,-37345.45,1.45
415,43.0,1056.0083,-33885.67,1.67
416,46.48,1002.2856,-27040.42,1.47
417,59.88,1025.8302,-31290.31,1.3
418,35.36,1015.6067,-33218.13,2.05
419,43.88,1012.0779,-39249.14,1.84
420,37.08,1017.1436,-33392.73,1.6
421,57.28,1041.4981,-29698.45,1.66
422,59.28,1025.8337,-31706.64,2.02
423,47.16,1044.2631,-31527.56,2.53
424,41.12,1053.677,-30021.7,1.74
425,25.24,1015.726,-47345.14,1.61
426,53.28,993.2683,-30917.23,1.53
427,48.32,1030.2452,-31658.34,1.4
428,29.68,980.4737,-36575.17,1.85
429,43.48,1015.6748,-39452.26,1.72
430,50.56,1017.3289,-31423.41,1.53
431,41.12,1049.4935,-30289.13,2.08
432,42.64,1011.995,-39203.56,1.63
433,40.84,1002.0552,-33061.96,1.86
434,37.48,1003.8744,-35077.82,1.97
435,47.36,1113.966,-44421.42,2.16
436,44.4,1019.7878,-43215.78,1.53
437,34.52,1048.7634,-33860.39,1.89
438,45.24,1005.4878,-31159.37,2.11
439,47.28,1028.0194,-35390.48,2.14
440,37.8,998.3335,-35024.05,1.76
441,46.84,1046.6825,-43633.82,1.61
442,36.32,1008.4905,-37188.18,1.74
443,36.96,1097.1014,-33445.82,1.61
444,50.64,1094.9637,-36890.63,1.76
445,41.6,1083.0326,-38556.08,2.2
446,44.56,1020.0244,-31402.7,2.21
447,60.12,1031.048,-37637.53,2.11
448,37.24,1045.1786,-32121.04,1.88
449,51.48,1004.2704,-39185.48,1.49
450,35.16,1013.3812,-31343.76,1.74
451,57.36,1104.4004,-36830.89,1.07
452,45.56,1036.4327,-41099.01,1.46
453,55.32,1021.3568,-35517.79,1.43
454,63.56,1054.752,-37935.57,1.14
455,57.48,1064.4846,-38317.12,1.21
456,45.92,1017.4174,-43432.65,1.4
457,49.2,975.1968,-40554.57,1.53
458,52.72,1053.6145,-33984.03,1.25
459,42.4,1061.9975,-41966.23,1.23
460,59.68,999.8873,-36984.51,1.22
461,58.28,1019.4328,-31479.5,1.24
462,51.72,1095.4209,-34401.07,1.17
463,52.44,1025.1785,-35653.89,1.23
464,37.4,1006.6911,-37152.74,1.25
465,39.88,1028.2515,-29624.99,1.25
466,35.36,1048.0803,-41659.46,1.15
467,52.2,1010.6248,-43128.02,1.28
468,46.32,1007.4638,-37100.28,1.17
469,42.52,1036.1016,-39379.23,1.33
470,50.96,1032.4636,-39701.32,1.17
471,49.08,1026.4573,-33457.2,1.25
472,54.52,980.6159,-30502.71,1.48
473,57.28,1046.4096,-37690.76,1.38
474,32.64,1039.8982,-35933.12,1.15
475,61.04,1026.1936,-35723.03,1.14
476,42.92,1058.09,-38156.92,1.21
477,40.4,1058.2385,-30389.51,1.24
478,41.52,986.3725,-28711.84,1.19
479,50.28,1044.0452,-34002.32,1.11
480,52.84,1007.5929,-41166.55,1.18
481,31.96,997.1159,-44818.88,1.39
482,52.44,998.4921,-32917.78,1.36
483,35.6,991.4677,-32880.54,1.21
484,50.04,1029.2597,-35578.01,1.2
485,60.36,1097.759,-32627.23,1.26
486,45.6,1005.1336,-34854.19,1.13
487,59.84,1080.6917,-38501.32,1.19
488,43.84,1008.9115,-39172.23,1.22
489,60.84,1029.5064,-33746.1,1.23
490,41.4,1045.9303,-34170.53,1.32
491,41.92,1017.5507,-33419.4,1.16
492,58.8,1000.3354,-31058.71,1.25
493,46.6,1060.9606,-34206.0,1.2
494,43.48,1037.4067,-37861.32,1.24
495,58.08,1019.1012,-35342.91,1.15
496,48.68,1026.8407,-37432.85,1.36
497,49.0,1030.6537,-31645.02,1.3
498,43.56,1004.4451,-31180.33,1.35
499,48.52,1043.8615,-41728.01,1.28
500,53.68,1018.9882,-37235.7,1.3
501,43.12,1042.1277,-38107.4,1.2
502,62.52,1005.4526,-35078.81,1.26
503,35.16,1000.0622,-41094.61,1.27
504,47.72,1086.8091,-46138.65,1.4
505,48.48,1016.2162,-37362.71,1.64
506,53.12,1299.9117,-48486.7,1.18
507,44.92,1073.4474,-34781.35,1.27
508,45.36,1015.4587,-35123.59,1.32
509,52.16,1052.1264,-40370.24,1.55
510,49.48,1022.9556,-43584.97,1.68
511,56.36,1052.343,-36417.76,1.39
512,42.28,1029.7949,-43747.81,1.75
513,50.12,1060.8297,-34205.41,1.55
514,52.12,1040.7574,-47577.96,1.57
515,57.28,1040.1506,-31731.42,1.8
516,55.24,1020.7721,-45105.58,1.92
517,46.72,1136.6896,-34362.79,1.99
518,51.48,1041.1687,-37994.39,1.7
519,55.56,1139.7342,-33711.93,1.54
520,35.24,1022.8858,-29529.86,2.18
521,42.6,1028.667,-27734.65,1.71
522,44.72,1021.7376,-33454.03,1.67
523,43.76,1034.3293,-41694.19,1.87
524,36.96,1005.2332,-41181.81,1.69
525,50.04,1037.2654,-37752.38,1.33
526,51.52,1015.2841,-31398.99,1.63
527,51.6,990.148,-40806.72,1.77
528,48.4,1024.8379,-35629.7,1.88
529,32.2,999.1667,-35074.57,1.93
530,42.92,1000.0954,-36996.2,1.53
531,39.76,1027.2607,-37344.04,2.23
532,53.72,1028.5235,-33825.14,1.78
533,42.84,1026.5157,-35194.84,1.92
534,60.88,1001.8185,-39054.63,1.6
535,53.8,1192.6585,-42513.94,1.6
536,45.56,1029.4068,-33701.07,1.69
537,51.4,996.1602,-28881.13,1.71
538,41.92,1045.6035,-37998.88,1.3
539,48.32,1025.4346,-39505.47,1.43
540,48.92,1003.2054,-27103.83,1.32
541,36.28,990.8331,-36935.23,1.06
542,48.32,1022.2828,-41379.6,1.12
543,37.8,1004.2835,-47006.6,1.34
544,44.64,1013.5047,-43426.16,1.45
545,41.32,1035.115,-29821.79,1.35
546,45.36,1060.2427,-43662.43,1.56
547,45.84,1063.4536,-36220.08,1.37
548,45.08,1102.5408,-38809.3,1.21
549,33.4,1054.9239,-43821.38,1.22
550,54.24,1031.6404,-39370.64,1.33
551,52.92,1030.2923,-35578.44,1.28
552,58.0,1040.5557,-32074.48,1.16
553,46.44,1035.4046,-31611.07,1.18
554,40.92,1070.6358,-34660.51,1.65
555,34.84,1076.9604,-45042.34,1.55
556,51.76,1045.3805,-39583.26,1.35
557,45.24,1010.3372,-33103.87,1.25
558,44.8,1080.9078,-34132.62,1.68
559,29.0,1032.7234,-39716.8,1.35
560,42.68,1049.4768,-37729.41,1.22
561,49.88,1042.0064,-36051.69,1.25
562,37.28,1074.2379,-40005.29,1.97
563,36.6,1061.7233,-41880.01,1.65
564,46.2,1030.3876,-39423.17,1.2
565,52.96,987.3425,-32790.11,1.37
566,49.68,1074.247,-34668.99,1.47
567,33.32,1009.522,-43231.66,1.57
568,43.6,1024.6397,-51325.17,1.61
569,52.24,1044.5382,-45599.09,1.38
570,40.56,1004.7468,-51056.64,1.63
571,44.28,987.2643,-30671.23,1.44
572,38.08,1023.2152,-31614.73,1.21
573,43.44,1010.9418,-33300.93,1.31
574,18.64,996.5862,-44930.56,1.17
575,47.08,1010.373,-35195.03,1.72
576,42.36,991.3026,-40749.61,1.39
577,32.72,1027.8913,-45517.28,1.43
578,24.16,1005.6557,-43016.85,1.16
579,30.52,1004.5227,-47122.66,1.26
580,34.96,1077.4025,-44205.87,1.61
581,47.04,992.6001,-46757.97,1.6
582,33.56,1015.0878,-37280.2,1.68
583,46.52,1030.3776,-43570.92,1.47
584,54.48,1070.0398,-47603.86,1.14
585,25.44,1055.1423,-41927.47,1.55
586,46.64,1073.6954,-42308.92,1.45
587,35.2,1007.6328,-33188.84,1.52
588,46.64,1045.6594,-34139.47,1.29
589,59.04,1042.7156,-33357.7,1.22
590,47.28,1014.2307,-31412.8,1.38
591,29.84,1004.5699,-41138.5,1.34
592,45.56,1016.0355,-39418.9,1.21
593,44.44,1026.161,-49317.56,1.15
594,19.88,1084.018,-36426.87,1.35
595,43.04,1115.4276,-48171.82,1.29
596,54.0,1036.9381,-29907.52,1.58
597,33.52,1063.8812,-38526.65,1.29
598,40.84,1045.8016,-41401.61,1.78
599,56.92,1017.2163,-33316.37,1.51
600,28.92,1016.3776,-33374.53,1.86
601,42.72,1018.8606,-33453.62,1.64
602,38.88,1003.3141,-33194.48,1.53
603,28.44,984.3062,-58913.57,1.65
604,38.68,1009.644,-31116.3,1.61
605,49.52,1015.8044,-33251.59,1.63
606,37.56,1053.9839,-45921.95,1.67
607,38.48,1019.2189,-35359.1,1.63
608,34.92,1178.3076,-40299.48,1.73
609,33.36,1077.5838,-30977.2,1.33
610,49.36,1077.689,-34492.63,1.86
611,55.52,1045.1607,-33783.42,1.97
612,42.24,1018.2398,-31535.78,1.6
613,52.28,1017.5328,-31418.19,1.62
614,49.52,1038.8517,-35978.35,1.87
615,47.56,1070.6839,-48262.18,2.25
616,50.4,1014.5132,-35224.85,1.67
617,38.6,1016.8625,-35392.6,1.69
618,48.52,1014.4672,-45276.54,1.44
619,46.0,1027.2232,-29684.82,1.36
620,40.36,1060.4683,-34440.69,1.14
621,30.28,1011.3889,-43237.22,1.41
622,42.8,1029.5316,-35548.21,1.12
623,39.44,987.4286,-46890.66,1.13
624,50.2,1022.7584,-47232.56,1.12
625,57.8,1019.4241,-49344.68,1.05
626,46.56,1014.0224,-37320.04,1.14
627,66.08,1013.3335,-44863.81,1.07
628,35.88,1061.0774,-28473.36,1.14
629,52.4,1063.418,-43783.03,1.25
630,44.68,1047.5092,-45515.81,1.24
631,36.88,1095.1996,-42373.34,1.09
632,41.4,1060.356,-32398.62,1.1
633,58.28,1098.1356,-37378.09,1.29
634,42.08,1026.1446,-47311.53,1.48
635,51.6,1151.4033,-47895.93,1.06
636,41.24,1065.6196,-30540.26,1.37
637,52.16,1040.6641,-29660.16,1.19
638,47.4,1035.0476,-29762.74,1.12
639,27.72,997.0899,-32900.05,1.11
640,41.64,1067.7647,-46237.67,1.26
641,56.12,1058.5561,-34407.4,1.18
642,52.44,1046.8806,-34083.07,1.5
643,57.12,1124.7458,-37897.51,1.23
644,52.6,1108.9151,-31717.97,1.89
645,33.16,1034.5127,-33601.28,1.19
646,32.56,1170.8152,-38666.81,1.19
647,48.04,1327.8411,-43048.31,1.28
648,53.76,1053.9105,-36107.56,1.08
649,59.2,1116.6024,-33926.93,1.75
650,40.32,1026.8238,-29641.52,1.26
651,66.04,1043.2618,-47162.33,1.01
652,35.68,1007.6008,-29213.3,1.23
653,56.6,1017.6283,-41324.83,1.12
654,43.68,1023.0958,-35581.05,1.16
655,44.24,1029.1053,-35769.07,1.44
656,50.48,1078.6916,-34570.8,1.26
657,41.52,1009.8933,-47391.2,0.96
658,47.24,1074.7909,-42658.25,1.4
659,42.6,1027.948,-41266.77,1.44
660,41.24,1113.6506,-41613.45,1.34
661,47.4,1060.7371,-40002.13,1.42
662,52.88,1033.8161,-37486.42,1.56
663,39.48,1040.2456,-37633.72,1.36
664,41.08,1057.4692,-51793.42,1.29
665,46.96,1065.1074,-33984.01,1.18
666,45.04,1026.5729,-35542.66,1.28
667,45.64,1002.4412,-38965.79,1.3
668,48.88,1012.1602,-37016.79,1.25
669,50.28,1066.1245,-32446.02,1.2
670,48.8,1015.2518,-37467.14,1.37
671,57.88,1009.6808,-33341.85,1.67
672,52.84,1043.7772,-27953.78,1.4
673,51.68,1041.8181,-32004.06,1.84
674,35.36,999.1952,-36932.14,1.4
675,26.68,1002.4028,-33095.12,1.4
676,54.76,1015.4748,-29144.64,1.58
677,33.72,1002.5901,-39085.46,1.69
678,48.36,1038.8809,-39510.67,1.2
679,33.8,1064.5165,-36065.13,1.26
680,43.0,1051.0991,-35989.39,1.47
681,46.4,1054.8828,-38426.61,1.36
682,46.44,1074.389,-38433.09,1.16
683,44.2,1055.2218,-37760.94,1.12
684,55.08,1024.9116,-35424.08,1.28
685,48.16,1086.1932,-36617.8,1.03
686,52.96,1029.1253,-43478.39,1.44
687,50.16,1028.4439,-45414.83,1.2
688,54.6,1004.6216,-39305.87,1.21
689,31.2,1037.4239,-41511.46,1.14
690,36.44,1051.395,-33768.94,1.16
691,49.24,1009.2083,-43156.12,1.2
692,39.8,1029.1979,-33119.19,1.34
693,58.56,1060.8165,-39975.34,1.12
694,49.32,1012.1278,-39305.02,1.07
695,30.96,1003.5876,-35154.59,1.12
696,40.88,1005.1677,-39103.9,1.05
697,35.04,988.8451,-34802.77,1.1
698,29.88,1026.3494,-37495.53,1.2
699,53.68,1043.8102,-31935.24,1.17
700,49.0,1062.8087,-30273.66,1.05
701,41.84,991.0174,-32796.47,1.24
702,42.16,995.0799,-36923.58,1.17
703,37.48,1018.1653,-33353.34,1.27
704,37.48,1003.4026,-45157.29,1.28
705,46.92,1064.7457,-38647.79,1.33
706,56.0,1012.9628,-29312.18,1.13
707,46.32,1009.1128,-33244.52,1.21
708,41.08,1024.8057,-41211.62,1.48
709,46.6,1019.9047,-31398.84,1.17
710,54.64,1035.7519,-27779.93,1.26
711,45.2,990.0157,-38848.74,1.12
712,55.36,1049.4985,-30247.99,1.5
713,46.88,994.4519,-34875.27,1.52
714,34.68,1017.5087,-43321.11,1.82
715,49.16,1035.3643,-37747.87,1.38
716,53.52,1040.3238,-33868.54,1.26
717,50.72,1066.391,-26659.78,1.45
718,55.04,1050.9904,-31799.05,1.34
719,45.44,1021.6871,-35400.55,1.42
720,47.4,1044.7561,-27958.31,1.44
721,50.6,1037.4821,-33737.96,1.54
722,48.4,1027.3374,-31710.63,1.92
723,56.52,1081.545,-36970.78,1.5
724,57.64,1012.1379,-35262.06,1.42
725,51.0,1021.4508,-31489.06,1.62
726,53.32,1014.4107,-27332.91,1.49
727,48.72,1025.34,-31392.67,1.21
728,55.08,1104.6107,-37044.56,1.63
729,40.08,1018.3698,-31387.06,1.52
730,46.8,1004.2756,-42705.3,1.64
731,43.24,1023.0079,-35338.13,1.67
732,46.04,1235.2729,-36123.64,1.39
733,42.84,1058.2896,-37959.57,1.5
734,56.4,1009.3352,-33208.94,1.43
735,32.36,1044.9685,-37725.43,1.64
736,33.92,991.3938,-28851.86,1.57
737,54.0,1037.6199,-33802.15,1.56
738,37.48,1035.8704,-35813.99,1.71
739,58.76,1035.4269,-31823.9,1.43
740,41.6,1093.0206,-42539.23,1.64
741,46.76,1079.7305,-46455.53,1.73
742,48.56,1111.598,-44872.62,1.38
743,34.92,1039.4388,-35841.18,1.39
744,46.36,1059.7017,-39944.38,1.83
745,50.04,1030.9778,-33525.28,1.77
746,47.84,1036.139,-41558.69,1.45
747,46.4,1059.8798,-41736.37,1.68
748,42.2,1006.5047,-37217.34,1.65
749,44.44,1027.1691,-43408.99,1.63
750,44.32,999.2284,-37018.55,2.77
751,50.92,1073.7252,-38428.55,2.03
752,40.68,1059.5886,-39956.94,2.09
753,36.36,1050.4984,-37952.06,1.91
754,36.48,1011.891,-29212.25,1.8
755,55.52,1020.125,-33389.3,1.59
756,53.16,1010.6388,-33200.11,1.53
757,43.76,1045.975,-35893.95,1.38
758,40.88,991.2455,-34919.07,1.49
759,54.4,1001.9954,-32978.52,2.07
760,61.52,1047.708,-28164.07,1.91
761,57.08,986.7452,-38708.79,2.38
762,52.76,1050.9438,-40103.57,1.92
763,60.2,1083.065,-39064.37,1.5
764,33.92,1030.1018,-29687.64,1.63
765,32.12,1025.2865,-35253.97,1.79
766,48.96,1032.4749,-39884.73,1.68
767,49.8,1047.4969,-35907.56,1.86
768,51.16,1068.9748,-34676.95,1.49
769,53.64,1048.5627,-34012.38,1.71
770,30.92,1012.4827,-35052.81,1.71
771,53.24,1028.0082,-33482.75,1.82
772,53.0,1037.2291,-27913.89,1.7
773,25.24,984.1376,-30613.46,1.63
774,36.88,1009.4775,-33264.1,1.49
775,36.56,1021.2792,-38982.39,1.61
776,40.16,1020.5204,-31494.54,1.67
777,30.92,995.752,-32920.38,1.6
778,50.68,1023.0333,-37368.71,2.03
779,38.88,1038.8448,-33529.37,1.89
780,42.8,1003.3844,-31007.41,1.6
781,45.04,1010.2956,-29309.17,1.71
782,30.48,1049.1601,-39937.02,1.9
783,63.6,1032.9058,-37734.25,2.53
784,33.8,1002.9034,-32930.09,1.64
785,55.72,1001.1866,-35130.57,2.24
786,42.76,1051.1955,-32085.51,1.72
787,56.56,989.1446,-42823.93,1.59
788,41.72,1061.676,-28509.11,1.71
789,64.4,1032.5715,-33807.58,1.6
790,37.88,1031.6651,-35823.94,1.69
791,53.04,1016.6311,-37263.96,1.89
792,38.44,1029.8622,-37636.59,1.71
793,50.12,1016.7001,-35345.66,1.26
794,48.4,1041.9493,-29928.26,3.02
795,41.16,1055.8926,-37472.14,2.89
796,47.32,1021.8994,-45398.45,1.82
797,55.2,997.992,-41062.69,1.67
798,56.48,989.2193,-44997.91,1.52
799,48.12,1018.6483,-33545.1,2.01
800,48.36,1029.4496,-33736.28,1.9
801,39.72,1022.53,-27582.8,1.77
802,37.64,1028.2238,-31589.25,1.69
803,53.2,1018.3168,-41410.15,1.48
804,23.92,1021.489,-35513.13,1.66
805,62.52,1011.456,-27236.87,1.37
806,55.76,1002.4795,-42745.55,1.82
807,41.16,1016.0108,-37183.12,2.15
808,58.44,1011.0695,-27259.95,1.81
809,56.08,1030.3673,-37771.17,2.18
810,44.48,1013.4449,-39456.75,2.0
811,37.8,1008.3324,-25208.31,1.81
812,41.0,1018.3995,-35110.92,2.27
813,43.8,1012.0953,-35313.95,1.57
814,39.08,1011.5091,-31184.64,1.78
815,50.52,998.2396,-34996.54,1.74
816,35.76,1000.517,-33053.01,1.61
817,50.2,1038.9151,-33299.41,1.61
818,31.12,1037.3479,-31873.25,1.58
819,42.16,1063.2784,-42085.95,1.82
820,45.48,1034.9249,-37529.66,1.94
821,59.04,1046.8685,-37866.08,1.69
822,24.56,1019.9698,-33548.98,1.65
823,61.84,1020.3409,-33498.61,2.33
824,57.36,1036.5105,-29462.91,1.93
825,57.12,1049.2789,-28169.41,1.59
826,42.64,1059.647,-28428.77,1.62
827,26.96,1017.4679,-31252.35,1.68
828,47.8,1008.6952,-29204.28,1.27
829,46.0,1019.0436,-33412.6,1.4
830,41.92,1023.211,-29429.58,1.61
831,36.56,1057.4304,-30441.78,1.52
832,47.52,1042.2519,-29886.99,1.5
833,60.84,1037.0204,-27530.9,1.28
834,54.28,1017.3342,-25433.35,1.21
835,45.08,1025.7026,-27660.95,1.04
836,39.2,1007.0331,-27179.77,1.25
837,47.96,1010.8303,-27216.79,1.84
838,50.72,1035.0016,-37590.72,1.71
839,39.84,1000.238,-25005.95,1.64
840,56.84,1032.8784,-25821.96,1.53
841,44.96,1112.9012,-29439.81,0.95
842,49.56,1028.1965,-27723.36,1.62
843,47.72,1038.0013,-25950.03,1.47
844,42.44,1061.6646,-30514.99,1.8
845,56.08,1037.1735,-25929.34,1.58
846,40.36,992.0695,-26820.2,1.75
847,58.56,1044.9847,-28091.9,1.6
848,54.24,1036.2602,-29795.05,1.41
849,56.4,1029.731,-25743.28,1.46
850,57.44,1017.83,-29379.68,1.58
851,59.32,1030.055,-31420.21,1.76
852,39.56,1207.9952,-30199.88,1.52
853,31.56,1022.0648,-27168.47,1.77
854,37.48,993.6444,-28909.71,1.85
855,49.08,1031.536,-25788.4,1.06
856,56.96,1017.3675,-27413.26,1.5
857,46.64,1011.0027,-31294.0,1.54
858,37.84,1031.7231,-25793.08,1.62
859,57.8,1034.7958,-25869.9,1.57
860,54.24,1022.3452,-25558.63,1.47
861,40.84,1006.4496,-27172.27,1.57
862,36.72,1042.148,-30016.11,1.88
863,48.64,1028.5601,-27705.06,1.56
864,52.44,1044.9983,-28127.32,2.16
865,48.64,1013.6321,-29398.14,1.67
866,24.6,1009.7454,-29272.27,1.27
867,36.76,1020.3017,-29388.9,1.83
868,59.0,1018.6182,-27479.08,1.08
869,49.48,1065.9762,-26649.41,1.52
870,50.04,1017.216,-27369.65,1.8
871,44.08,1067.4146,-30621.35,1.86
872,55.48,1086.4169,-27160.42,1.48
873,61.8,1045.5178,-26137.95,1.52
874,50.24,987.1969,-28653.38,1.62
875,45.44,1008.2649,-31236.93,1.39
876,48.84,1004.8882,-31175.37,1.47
877,67.24,1019.8734,-27514.65,1.64
878,53.16,1012.0075,-25300.19,1.44
879,47.84,1034.5455,-29766.93,1.84
880,45.28,1037.116,-27924.21,1.15
881,41.04,998.4771,-26929.06,1.32
882,37.56,1021.1722,-27530.12,1.34
883,43.48,1030.0302,-35306.47,1.87
884,59.16,1045.7036,-32178.38,1.74
885,30.32,1035.834,-31894.71,1.29
886,51.8,1055.1454,-26378.63,1.39
887,62.68,1010.2725,-31335.37,1.42
888,56.84,1049.0404,-30271.24,1.14
889,49.4,1060.4658,-32366.68,1.52
890,56.44,1002.2282,-35014.5,1.17
891,49.68,1015.7946,-29433.07,1.63
892,51.04,1012.9919,-27269.21,1.24
893,42.0,1015.5608,-29425.22,0.99
894,43.84,1065.1648,-30670.6,0.79
895,39.4,1034.2346,-27836.47,1.07
896,41.12,1041.6826,-33880.25,1.0
897,58.2,1020.9602,-41414.13,1.01
898,42.6,996.0066,-28914.64,1.1
899,51.72,1013.9003,-27298.23,1.2
900,43.72,1017.4469,-31277.4,1.41
901,55.72,1018.3378,-35508.09,1.23
902,55.44,1018.1559,-27402.92,1.0
903,49.08,1065.8089,-44617.41,1.38
904,47.36,1060.7727,-30446.63,1.09
905,55.6,1055.4594,-32218.58,1.16
906,52.28,1016.2004,-31409.76,1.1
907,54.6,1041.6696,-30052.98,1.05
908,49.72,1040.1292,-33922.01,1.22
909,51.96,1039.6708,-27987.98,1.28
910,61.24,1031.2751,-27807.61,1.24
911,45.0,1022.2645,-41481.14,1.21
912,45.52,1031.2906,-29834.14,1.43
913,24.48,1027.3461,-27703.91,1.36
914,52.24,1029.7008,-27600.21,1.33
915,54.36,1026.8478,-31668.43,1.06
916,59.56,996.5913,-33000.91,1.04
917,50.04,1006.7594,-27180.21,0.93
918,41.48,1045.457,-37676.98,1.37
919,40.32,1008.863,-37350.04,1.2
920,61.16,1042.4109,-35949.35,1.29
921,54.12,1037.3786,-31658.37,1.28
922,34.96,1006.8835,-27118.04,1.48
923,28.4,1035.1024,-29829.49,1.42
924,35.68,1015.428,-33013.33,1.23
925,56.24,1056.3423,-34283.11,1.23
926,44.72,1016.0337,-39543.73,1.38
927,58.6,1029.188,-31611.38,1.13
928,47.12,1020.5377,-39082.35,1.46
929,30.24,1009.4309,-31182.47,1.44
930,45.56,1062.508,-32265.47,1.21
931,49.68,1051.933,-30296.11,1.25
932,48.16,1025.3837,-27656.92,1.33
933,43.6,1038.4088,-31975.39,1.36
934,47.56,1027.2512,-31587.4,1.35
935,32.56,1067.458,-30647.8,1.24
936,56.52,1003.7367,-30978.96,1.41
937,42.56,1037.8079,-45964.73,1.04
938,57.72,1030.122,-35713.01,1.31
939,29.68,1029.879,-33419.17,1.26
940,42.32,999.591,-30954.73,1.22
941,41.16,1014.9795,-25374.49,1.21
942,34.28,1044.6147,-31730.34,1.19
943,59.32,1034.3722,-33723.34,1.33
944,59.4,1033.245,-33691.04,1.23
945,57.32,1046.5978,-31870.57,1.4
946,54.44,1059.907,-42466.34,1.1
947,49.96,1017.5409,-35434.17,1.08
948,51.4,1008.0555,-29163.76,1.21
949,32.52,1052.9407,-36094.68,1.14
950,52.96,1035.7497,-43672.4,1.06
951,45.72,1021.6753,-29546.05,1.04
952,55.96,1050.8469,-34126.47,1.07
953,59.36,1029.2721,-35421.43,1.27
954,52.68,1027.439,-41508.25,1.14
955,46.08,1028.1076,-33307.49,1.25
956,48.12,1027.8958,-27525.41,1.21
957,33.4,1029.7885,-35769.65,1.1
958,50.04,1015.7927,-29381.65,1.2
959,40.28,1014.9204,-35247.81,1.08
960,37.64,1017.9266,-25448.17,1.14
961,29.68,1009.2649,-29202.58,1.16
962,46.6,1026.9053,-29643.35,1.15
963,60.84,1059.0277,-34240.59,1.12
964,50.72,1043.2308,-28099.45,1.17
965,50.4,1006.7734,-30895.54,1.02
966,45.4,1038.2205,-33850.97,0.93
967,62.12,1029.9324,-31639.35,1.31
968,52.68,1045.1518,-32069.78,1.36
969,52.32,1031.0526,-31750.53,1.27
970,50.96,1012.5682,-33165.61,1.14
971,39.84,1012.6904,-29257.17,1.11
972,52.88,1052.1948,-28340.51,1.23
973,54.4,976.2932,-24407.33,1.12
974,31.84,1029.3363,-27765.2,1.18
975,44.36,1020.3616,-31149.34,1.17
976,47.68,980.2516,-42704.39,1.12
977,57.76,1004.0398,-35099.08,1.12
978,58.64,1009.4252,-33322.5,1.04
979,53.56,1032.2588,-49056.02,1.46
980,35.8,1010.6123,-26978.58,1.19
981,43.52,988.1288,-26681.38,1.14
982,49.04,987.047,-28679.21,1.0
983,46.28,1042.0296,-36075.63,1.13
984,51.28,996.7341,-26922.97,1.14
985,33.2,1027.3631,-25684.08,1.4
986,43.08,1001.4681,-29017.41,1.24
987,54.68,1020.4289,-37529.74,1.13
988,59.96,1009.2223,-37103.49,1.07
989,44.52,1003.5141,-41176.64,1.21
990,69.44,1046.8189,-36152.23,0.92
991,49.24,1016.6241,-29461.27,1.23
992,35.28,1000.8179,-25020.45,1.26
993,64.08,1022.4279,-37668.98,1.05
994,49.16,1005.7356,-37127.38,1.31
995,35.6,1026.3496,-27509.71,1.08
996,52.12,1018.1732,-27443.3,1.12
997,66.16,1030.9308,-29716.46,1.63
998,51.36,1058.3452,-26458.63,1.28
999,39.36,1004.7915,-31212.2,1.02
1000,46.92,1030.3718,-25759.3,1.13
1001,55.16,1042.1656,-28043.02,1.09
1002,57.44,1042.3373,-33752.34,1.41
1003,53.52,1023.4444,-31548.0,1.64
1004,45.0,1030.6542,-29594.84,1.12
1005,51.84,992.4668,-32839.46,0.84
1006,58.6,989.6935,-36835.89,1.47
1007,33.08,1022.7472,-27505.72,2.14
1008,55.32,1043.3776,-34134.02,1.28
1009,51.12,1003.2666,-27078.74,1.5
1010,55.8,1057.9908,-28468.17,1.41
1011,59.8,998.2939,-28993.62,1.44
1012,39.76,1008.4558,-27247.67,1.6
1013,52.8,1014.2984,-33279.71,1.44
1014,49.0,1019.1629,-31454.57,1.52
1015,50.52,1075.5806,-34423.8,1.48
1016,39.44,1011.2559,-27217.8,1.38
1017,60.96,1025.1536,-31266.85,1.14
1018,37.08,1010.4774,-29211.04,1.49
1019,48.36,1125.4633,-33577.11,1.86
1020,55.4,1007.2046,-29057.67,1.84
1021,32.88,1018.4248,-33357.39,1.78
1022,38.08,980.4819,-32589.87,1.23
1023,43.96,971.78,-32423.6,1.83
1024,44.84,1023.0068,-27564.01,1.84
1025,48.56,1025.8474,-29612.47,1.76
1026,36.08,1047.814,-32153.98,1.65
1027,49.2,1038.4046,-25960.11,1.43
1028,58.52,1029.1498,-31700.45,1.94
1029,36.68,1049.0024,-36016.96,1.4
1030,50.2,1037.326,-31858.12,1.47
1031,56.04,1015.8594,-29397.1,1.54
1032,45.6,1010.466,-25261.65,1.46
1033,65.08,1024.3073,-33460.43,1.44
1034,40.2,1030.9022,-29831.91,1.56
1035,41.0,1042.8424,-28018.1,1.75
1036,58.28,1008.9693,-31186.67,1.5
1037,45.2,1035.9691,-25899.23,1.31
1038,34.56,1036.468,-27881.58,1.39
1039,59.16,1016.2187,-31295.23,1.42
1040,46.88,1054.3209,-28306.59,1.51
1041,59.36,1121.0976,-33578.62,1.5
1042,62.16,1014.1776,-27379.61,1.76
1043,55.32,983.8113,-28512.18,1.75
1044,53.56,1081.6994,-38473.64,1.64
1045,46.96,1216.0636,-41289.51,1.83
1046,34.16,1016.9214,-27451.47,1.87
1047,53.04,1044.8463,-33952.76,1.27
1048,32.24,986.188,-34617.67,1.83
1049,44.84,1008.7982,-29262.11,1.5
1050,43.16,1009.6782,-33294.76,1.51
1051,59.0,1035.9392,-29942.95,1.41
1052,51.48,1038.7654,-27901.43,1.47
1053,50.0,1049.9576,-30222.15,1.33
1054,40.0,1032.2756,-29696.84,1.92
1055,41.44,1017.4579,-25436.45,1.85
1056,53.96,1068.1721,-38519.97,1.59
1057,29.0,1043.0454,-26076.14,1.42
1058,42.56,1012.5531,-33179.01,1.41
1059,44.48,1150.1144,-36404.12,1.48
1060,27.28,1023.6382,-39245.07,1.45
1061,60.36,995.1708,-32843.16,1.24
1062,32.12,1011.8399,-31034.94,1.51
1063,45.84,1007.0918,-29159.96,1.95
1064,39.8,1005.3946,-27072.68,1.23
1065,52.92,1043.8441,-30021.1,1.05
1066,63.0,1072.728,-28745.66,1.5
1067,51.92,1023.0787,-29531.09,1.63
1068,55.72,1006.0529,-25151.32,1.74
1069,52.44,1031.2142,-25780.36,1.42
1070,53.52,1048.997,-28246.73,1.75
1071,45.48,995.6668,-24891.67,1.52
1072,30.52,993.0676,-26829.02,1.66
1073,45.84,1030.8089,-31703.73,1.39
1074,51.92,972.579,-34372.72,1.37
1075,46.24,1053.5028,-26337.57,1.37
1076,44.12,1036.3302,-29835.56,1.01
1077,41.96,1008.0367,-31172.84,1.23
1078,53.44,1049.5516,-28258.41,1.36
1079,50.72,1048.7328,-28241.88,1.45
1080,46.64,1038.7962,-25969.91,1.77
1081,50.96,1055.1784,-28357.21,1.38
1082,39.48,1015.3466,-31320.79,1.22
1083,29.04,967.1955,-30281.66,1.08
1084,39.08,1115.2387,-31672.57,1.62
1085,67.12,998.144,-26988.31,1.12
1086,53.76,994.6672,-26886.36,1.02
1087,34.84,989.8183,-26752.04,1.31
1088,37.76,1004.9783,-27067.68,1.14
1089,44.0,1031.7095,-27804.64,1.05
1090,53.32,1039.6077,-29992.13,1.22
1091,49.64,1065.4427,-30558.05,1.37
1092,61.28,1029.4112,-25735.28,1.17
1093,62.08,1035.4624,-29841.65,1.09
1094,46.08,1051.5341,-30184.45,1.08
1095,35.68,1042.6484,-28071.97,0.98
1096,56.4,1058.3951,-28311.08,0.81
1097,44.2,1032.0534,-29770.58,1.0
1098,50.92,1034.6018,-29702.03,1.05
1099,44.28,1048.8923,-26222.31,1.07
1100,38.64,1067.9962,-32553.66,0.77
1101,49.2,1036.689,-25917.22,1.13
1102,44.28,1015.0952,-29440.99,1.0
1103,56.52,1060.2619,-30450.9,0.93
1104,38.8,1022.9534,-27596.6,1.15
1105,36.52,1060.7764,-28463.6,1.16
1106,31.6,1026.083,-29638.47,1.21
1107,47.6,1089.8307,-29274.49,0.98
1108,41.0,1048.9182,-29831.06,1.09
1109,52.8,975.2576,-28399.25,0.93
1110,49.76,1040.9732,-26024.33,0.99
1111,36.24,998.6838,-26993.98,1.02
1112,40.68,1054.2476,-29987.57,1.1
1113,26.2,1003.7249,-33084.55,0.99
1114,45.16,1025.6612,-27653.89,1.3
1115,53.28,1042.6997,-31926.3,1.18
1116,46.36,1053.7281,-30166.86,0.87
1117,42.08,1051.1995,-30209.58,1.23
1118,41.04,980.2045,-26527.57,1.07
1119,47.72,1054.9232,-30263.17,0.76
1120,47.64,985.4038,-26617.02,1.11
1121,57.08,1088.4379,-27210.95,1.01
1122,47.08,990.5005,-26781.75,1.22
1123,47.32,1000.3305,-31029.23,1.18
1124,52.28,1025.79,-27577.5,1.23
1125,43.08,1025.6258,-33508.99,1.03
1126,52.36,1018.6467,-27458.7,0.9
1127,44.68,1036.452,-27856.96,1.0
1128,49.52,989.9118,-32744.8,1.05
1129,51.48,1007.449,-29217.42,1.17
1130,42.56,1025.4254,-25635.63,0.99
1131,54.72,998.423,-26998.51,1.35
1132,49.68,1024.6361,-33563.04,0.86
1133,49.72,1103.3044,-29549.0,0.93
1134,41.92,983.3854,-24584.64,1.6
1135,59.56,969.5618,-28147.07,1.02
1136,39.64,1037.2743,-27894.59,0.84
1137,56.0,1025.7737,-27676.1,1.4
1138,45.32,1052.0758,-26301.89,1.15
1139,47.92,1076.6577,-26916.44,0.91
1140,55.44,991.4807,-24787.02,1.1
1141,43.52,1030.9021,-31725.96,0.74
1142,45.88,986.9493,-26617.84,1.04
1143,45.48,1024.0768,-27610.58,0.9
1144,45.28,1064.5251,-26613.13,1.21
1145,44.12,1019.3275,-27517.94,1.3
1146,39.88,1036.6599,-33769.49,1.06
1147,34.88,977.4734,-28416.12,1.61
1148,54.12,991.261,-30854.28,1.03
1149,45.2,1025.0335,-27606.98,0.82
1150,24.24,974.3094,-24357.73,0.93
1151,61.8,1044.7118,-33876.5,0.86
1152,51.96,1019.7978,-27427.86,0.92
1153,45.2,1036.6237,-29806.27,0.99
1154,47.84,1054.1606,-26354.02,1.26
1155,33.76,1001.655,-25041.38,0.88
1156,54.08,1089.7984,-29192.56,1.86
1157,53.4,1138.5337,-30446.68,1.03
1158,30.76,1037.7297,-27973.2,1.49
1159,59.92,1034.399,-27834.78,1.12
1160,29.8,979.4002,-24485.0,1.17
1161,54.08,1178.9708,-29474.27,0.86
1162,63.2,1086.2345,-29120.19,0.94
1163,40.28,980.4033,-30537.05,1.01
1164,50.16,1049.1644,-26229.11,1.19
1165,57.6,1062.9921,-28240.59,1.19
1166,39.6,1024.3262,-27412.58,1.3
1167,44.36,1036.4022,-25910.06,1.22
1168,37.16,1063.3834,-26584.59,1.69
1169,51.8,1011.8364,-25295.91,1.24
1170,58.04,1151.0335,-32376.95,0.88
1171,67.48,1027.4074,-31672.29,1.38
1172,39.4,999.2148,-28976.24,1.26
1173,43.88,1012.714,-27265.63,1.28
1174,29.16,1013.1137,-25327.84,1.21
1175,53.12,1082.9519,-27073.8,1.19
1176,39.36,985.0695,-24626.74,1.21
1177,54.6,1005.767,-28966.28,1.29
1178,46.12,1034.002,-27816.29,0.94
1179,41.48,1051.4008,-26285.02,0.87
1180,38.44,1069.424,-28740.72,1.13
1181,30.4,980.8954,-28549.99,0.75
1182,51.88,1041.5859,-26039.65,1.09
1183,37.12,1040.0132,-30037.1,0.9
1184,47.72,1050.1548,-28217.24,1.29
1185,62.44,1058.4143,-28383.76,1.42
1186,40.56,1006.6992,-27168.85,1.08
1187,57.16,1040.7539,-26018.85,1.07
1188,41.32,1052.739,-26318.47,1.03
1189,47.44,1070.5441,-28786.49,0.9
1190,58.16,991.6805,-26829.57,0.77
1191,49.24,1051.6125,-30214.75,0.85
1192,53.96,1032.0574,-29731.99,0.81
1193,47.72,1009.3312,-25233.28,0.91
1194,62.72,970.1437,-24253.59,0.84
1195,37.0,1056.1262,-26403.16,1.09
1196,50.44,1060.036,-30377.68,0.73
1197,50.56,1034.5738,-29872.19,1.1
1198,59.76,1014.3413,-27370.88,0.97
1199,65.76,1045.3259,-26133.15,0.77
1200,39.8,1066.8473,-26671.18,0.93
1201,47.44,1025.9416,-27593.66,0.92
1202,55.68,1027.6622,-31705.19,1.11
1203,44.96,1013.4608,-27350.82,1.0
1204,49.28,1059.0632,-26476.58,0.81
1205,48.64,1187.5802,-31355.36,0.86
1206,61.4,1050.6269,-28255.31,1.07
1207,37.4,1019.9112,-25497.78,1.13
1208,62.92,1060.3448,-30315.9,0.89
1209,59.88,1051.0413,-28225.08,0.99
1210,36.84,1028.7127,-25717.82,0.74
1211,41.24,1007.4905,-25187.26,0.98
1212,47.68,1003.198,-33019.39,1.25
1213,55.88,1007.1168,-31160.24,1.21
1214,53.84,1035.5096,-29820.42,0.95
1215,44.36,1053.9489,-28368.28,1.23
1216,39.8,1015.6174,-27282.02,1.03
1217,44.52,1040.7312,-31863.4,0.76
1218,56.36,1037.223,-29918.39,0.87
1219,49.56,1012.9879,-31341.95,1.05
1220,52.72,1115.4566,-29901.49,0.95
1221,49.68,1071.4199,-30719.56,1.13
1222,52.32,1067.3788,-28290.67,0.85
1223,32.28,997.9453,-28935.68,1.16
1224,56.6,1037.8952,-27890.04,0.99
1225,52.52,1048.2501,-30159.45,1.05
1226,49.16,971.8092,-26318.06,0.95
1227,56.24,990.5002,-30659.62,1.04
1228,47.92,991.8122,-26777.25,0.97
1229,50.52,965.8496,-30250.11,0.85
1230,55.48,1166.7326,-32939.23,0.96
1231,51.04,1008.5717,-27178.42,1.08
1232,46.0,1018.1142,-27450.38,0.92
1233,54.56,1051.7478,-32139.29,0.87
1234,60.84,1006.7717,-29138.14,1.07
1235,48.88,1070.2278,-26755.69,1.08
1236,42.8,1108.0478,-29730.03,0.89
1237,58.08,1030.5339,-25763.35,1.13
1238,39.88,1034.7416,-29748.66,0.74
1239,47.84,1065.2166,-26630.41,0.78
1240,36.44,1057.4238,-26435.59,0.91
1241,40.48,1011.0408,-27282.78,1.36
1242,52.84,1038.5934,-29889.98,0.98
1243,49.72,1031.0213,-25775.53,1.08
1244,56.8,1126.1724,-31877.23,1.19
1245,44.56,1048.2838,-26207.1,1.08
1246,47.72,1019.1189,-25477.97,1.15
1247,32.72,1009.6674,-27275.1,0.94
1248,50.16,1066.2906,-26657.27,1.06
1249,55.24,1016.4012,-31451.69,1.03
1250,32.8,1009.9226,-25248.06,0.94
1251,47.64,1142.416,-28560.4,1.01
1252,34.2,1025.0256,-29644.04,1.2
1253,50.84,1033.8788,-31827.44,1.04
1254,30.56,1016.9867,-25424.67,1.08
1255,57.76,1048.8486,-32029.71,1.14
1256,47.0,1043.1213,-31902.34,1.19
1257,36.88,986.4262,-24660.66,1.15
1258,49.52,1028.8495,-27733.28,1.09
1259,45.76,1005.5469,-29109.78,0.96
1260,55.28,996.9312,-26930.06,1.1
1261,44.96,1071.4107,-26785.27,1.25
1262,75.96,1037.4261,-27902.05,1.12
1263,47.52,1033.4587,-29697.06,0.95
1264,60.56,980.6844,-30568.57,1.09
1265,50.64,1040.823,-26020.57,1.14
1266,52.04,998.9416,-29041.7,1.01
1267,63.16,1038.4167,-25960.42,0.88
1268,70.12,963.619,-30201.13,0.81
1269,56.12,1029.8984,-31684.29,0.86
1270,51.64,1084.576,-29104.15,0.99
1271,65.28,965.8723,-28133.11,0.89
1272,52.96,1049.761,-28280.64,1.07
1273,45.72,1031.3462,-31740.15,1.18
1274,44.88,1010.7289,-31313.48,1.37
1275,29.52,1110.7313,-29653.8,0.85
1276,44.92,1051.9648,-26299.12,1.14
1277,46.28,1047.9653,-28145.43,1.29
1278,53.0,1104.799,-29656.92,0.86
1279,41.12,1047.323,-30232.46,1.11
1280,33.92,1090.3628,-29282.76,1.4
1281,60.24,1017.0891,-27357.18,1.23
1282,37.56,1007.8219,-29227.08,1.29
1283,55.28,1024.369,-25609.22,1.08
1284,56.24,1023.6366,-29514.02,1.1
1285,26.4,976.5082,-26379.94,1.16
1286,49.96,1014.4012,-31370.33,1.09
1287,55.92,1017.9392,-35237.48,1.07
1288,42.96,1021.4333,-29405.97,1.12
1289,54.84,1016.0177,-27413.09,0.96
1290,53.0,1014.3201,-25358.0,1.03
1291,54.64,1060.0869,-28440.44,1.16
1292,56.92,1058.9277,-30392.48,1.03
1293,51.6,1005.1071,-25127.68,0.92
1294,61.68,1112.6891,-27817.23,0.86
1295,58.04,990.6792,-24766.98,1.17
1296,57.0,1056.9326,-32387.24,1.1
1297,67.64,1017.427,-27430.47,1.08
1298,56.72,1070.631,-26765.77,0.86
1299,49.2,985.0055,-26604.4,1.05
1300,46.4,1032.0045,-27765.2,1.01
1301,46.4,1040.5905,-33804.22,0.92
1302,60.16,1008.7533,-27088.48,1.05
1303,32.88,1014.7902,-25369.75,1.03
1304,48.88,1018.9857,-27503.39,1.16
1305,39.64,995.1678,-26902.36,1.6
1306,35.28,1023.2614,-27619.2,1.17
1307,28.8,1064.3358,-30571.42,0.96
1308,59.88,1079.1577,-30782.82,0.9
1309,54.56,1082.4797,-29099.9,1.18
1310,52.84,1027.5908,-25689.77,0.97
1311,49.2,1022.6071,-25565.18,0.98
1312,27.56,995.5931,-26745.25,0.87
1313,47.32,1014.8484,-25371.21,1.13
1314,39.64,1003.0676,-27113.63,1.0
1315,39.4,1087.4841,-33086.93,1.16
1316,50.84,986.5025,-26676.06,0.78
1317,66.16,1000.5236,-29059.47,1.11
1318,50.84,1069.1832,-26729.58,1.14
1319,44.32,1141.5453,-30558.37,1.04
1320,55.12,1012.6748,-27324.78,0.97
1321,54.24,1025.192,-25629.8,1.19
1322,49.84,1025.5088,-33403.28,1.09
1323,58.24,1020.21,-25505.25,1.09
1324,55.56,1012.837,-27304.65,1.08
1325,50.96,1025.5561,-31601.44,1.06
1326,45.64,1066.8782,-26671.95,1.24
1327,43.84,1005.5321,-31214.59,1.39
1328,45.4,1038.0239,-27944.48,1.1
1329,63.4,1006.8279,-27194.5,1.1
1330,59.68,1067.8004,-32694.35,1.12
1331,41.92,992.2255,-36818.02,1.14
1332,61.08,1038.634,-29984.44,1.22
1333,34.12,1003.0156,-27065.45,1.02
1334,62.88,980.8743,-26559.56,1.26
1335,50.88,1044.7036,-29623.11,1.15
1336,49.6,1009.1983,-27237.32,1.16
1337,39.08,1014.1193,-31399.96,1.31
1338,27.44,1003.9163,-25097.91,1.21
1339,43.76,1020.3923,-31473.89,1.21
1340,59.2,1025.3906,-35526.93,1.17
1341,45.92,1106.7229,-33345.3,1.05
1342,49.32,1049.7348,-39708.6,0.92
1343,48.32,1083.4192,-32894.27,1.19
1344,54.16,1037.094,-27917.11,1.12
1345,61.8,1031.3891,-29725.05,0.91
1346,35.64,1006.1339,-37186.97,1.31
1347,55.04,1016.7871,-31437.83,1.19
1348,43.24,1084.7429,-28767.04,1.15
1349,43.96,1022.5854,-31305.85,0.96
1350,43.88,1052.755,-32377.67,1.14
1351,68.68,1011.7963,-35120.81,1.06
1352,46.44,1086.9031,-30805.29,1.24
1353,59.08,1052.0576,-34192.0,1.32
1354,46.96,994.2236,-32930.78,1.12
1355,38.12,1019.2993,-27481.61,1.22
1356,55.72,1121.7471,-33710.45,1.14
1357,50.64,1003.5579,-27077.27,1.11
1358,57.36,1052.2418,-33778.88,1.15
1359,50.56,1009.9214,-33302.91,1.19
1360,56.72,1000.2,-25005.0,0.94
1361,65.24,1003.9767,-28989.19,1.04
1362,43.4,1045.3964,-28171.35,1.08
1363,37.44,1040.978,-26024.45,1.27
1364,50.28,1041.4463,-30066.46,1.1
1365,55.4,1037.2751,-25931.88,1.14
1366,46.48,999.0824,-31045.32,1.22
1367,52.64,1055.6371,-36198.05,1.26
1368,56.0,996.5892,-28950.3,1.2
1369,49.64,1003.543,-27094.92,1.13
1370,52.44,1039.1067,-35880.96,0.96
1371,54.2,1034.3813,-35709.13,1.07
1372,51.56,1108.7501,-31250.83,1.02
1373,51.16,1039.9131,-33729.52,1.1
1374,39.64,1054.9225,-39884.83,0.98
1375,63.12,983.5688,-28650.97,1.21
1376,64.8,1038.0177,-33823.19,1.27
1377,62.32,985.0455,-28647.89,1.02
1378,33.72,1028.7738,-27576.89,1.32
1379,52.92,1022.1441,-33619.92,0.99
1380,47.6,1140.7502,-34162.65,1.35
1381,44.76,1037.5483,-35571.09,1.12
1382,61.48,1194.8362,-33552.4,1.1
1383,48.92,1042.8266,-29973.93,1.13
1384,43.84,976.4862,-34539.92,0.91
1385,58.8,1000.234,-28919.56,1.06
1386,56.32,1025.0546,-35549.1,1.22
1387,51.16,1046.6599,-29789.37,1.15
1388,47.76,1075.1264,-28901.93,1.21
1389,35.36,978.9217,-26510.67,1.21
1390,57.4,1020.1202,-25503.0,1.03
1391,50.64,1072.5164,-26812.91,1.16
1392,48.52,1016.5323,-25413.31,1.18
1393,53.04,1018.2609,-35287.39,1.48
1394,51.36,1067.8848,-28664.42,1.29
1395,43.88,1029.6719,-27765.22,1.34
1396,43.04,1047.1816,-30250.03,1.1
1397,41.88,1020.9474,-29532.11,1.2
1398,34.68,1030.3347,-29832.05,1.31
1399,44.72,1020.4363,-31279.29,1.2
1400,56.04,1021.4751,-35536.88,1.09
1401,59.0,1017.049,-37253.27,1.29
1402,47.12,1036.4833,-29866.52,1.08
1403,53.08,1172.029,-32962.94,1.17
1404,49.24,1045.865,-32173.99,1.03
1405,53.88,1034.7691,-25869.23,1.15
1406,55.68,1001.9356,-27034.65,1.2
1407,56.4,1055.2499,-30412.66,1.19
1408,57.24,1025.2687,-33316.03,0.97
1409,36.32,1051.231,-34257.84,1.2
1410,45.44,1012.964,-33177.59,1.04
1411,55.52,1027.1461,-27705.42,1.02
1412,63.96,1023.6344,-27527.92,1.35
1413,38.8,1013.8936,-25347.34,1.14
1414,38.08,991.4751,-36911.27,1.07
1415,51.16,1039.518,-31826.56,1.1
1416,56.28,1001.2576,-33065.38,0.93
1417,49.96,1081.333,-40540.8,1.19
1418,46.28,1012.9442,-29279.23,1.22
1419,39.08,986.5476,-24663.69,1.12
1420,57.12,1036.6516,-29791.78,1.36
1421,42.24,1008.4016,-29221.13,1.2
1422,49.76,1056.5275,-28396.53,1.18
1423,48.0,1031.1146,-27767.57,1.25
1424,47.36,1053.3691,-32197.16,1.2
1425,43.96,1026.6432,-33527.04,1.32
1426,56.64,1016.4518,-31439.36,1.11
1427,52.72,1039.5338,-34086.06,1.37
1428,46.44,1046.1666,-28007.8,1.37
1429,30.92,1040.3942,-33839.91,1.2
1430,56.16,1036.1459,-31879.38,1.21
1431,42.28,1071.1877,-30747.44,1.48
1432,27.84,1012.3631,-27332.52,1.34
1433,43.36,1052.8192,-28344.28,1.22
1434,45.12,1074.7198,-28831.95,1.29
1435,53.88,1074.164,-36437.61,1.11
1436,64.88,1013.9669,-33275.41,1.3
1437,57.04,1049.4436,-28183.53,1.2
1438,46.12,1103.2171,-27580.43,1.23
1439,45.48,1063.184,-30568.41,1.2
1440,70.2,1008.6209,-36990.48,1.38
1441,53.0,1025.7145,-27667.7,1.08
1442,58.12,1068.4924,-36003.58,1.04
1443,49.32,1064.6346,-34513.6,1.25
1444,37.8,1015.1639,-31440.61,1.04
1445,64.32,1011.8942,-29340.61,0.97
1446,55.76,1009.7056,-31226.36,1.16
1447,43.08,1111.8024,-31439.9,1.28
1448,31.0,1027.7878,-29588.66,1.26
1449,45.44,975.2359,-26418.53,1.09
1450,45.56,1078.1315,-32932.84,1.21
1451,54.6,1051.8748,-30253.28,1.32
1452,39.76,1038.4186,-31979.84,1.5
1453,34.44,1047.3536,-32132.03,1.32
1454,61.76,1038.6633,-29990.94,1.23
1455,61.16,1050.6561,-40073.46,1.24
1456,54.96,1089.1714,-33266.75,1.25
1457,48.68,1027.6865,-27618.48,1.29
1458,50.36,1042.2298,-28051.84,1.1
1459,48.24,1085.2234,-36882.59,1.22
1460,59.28,1096.9316,-38545.52,1.22
1461,25.32,1003.519,-31148.07,1.08
1462,28.76,1006.1397,-29051.6,1.14
1463,41.36,1019.6456,-33364.38,1.42
1464,62.32,1059.3472,-47546.29,0.92
1465,46.48,1071.8372,-44322.98,0.98
1466,53.72,1011.4697,-45304.56,1.3
1467,57.56,1079.9001,-41932.34,1.17
1468,55.72,1036.8872,-39548.8,1.15
1469,40.0,1009.8835,-39250.6,1.21
1470,52.84,1035.498,-27910.52,1.24
1471,42.12,1021.2793,-25531.98,1.17
1472,38.84,979.9304,-32627.13,1.15
1473,34.96,1016.9798,-31450.2,1.04
1474,56.56,997.5612,-37091.79,1.11
1475,51.72,1031.633,-37783.41,1.25
1476,52.12,1047.175,-33796.43,1.01
1477,57.08,1060.2079,-37901.26,1.08
1478,47.24,1037.3994,-33779.65,1.23
1479,64.08,1021.3345,-29520.38,1.2
1480,47.32,1021.4436,-37482.42,1.14
1481,47.92,1030.784,-29780.65,1.16
1482,54.2,1053.6842,-32256.51,0.98
1483,28.4,1021.459,-29498.25,1.76
1484,53.16,1041.1526,-27993.72,1.77
1485,54.88,1018.5576,-27482.36,1.81
1486,56.16,1063.6248,-30540.1,1.07
1487,61.36,981.5479,-46768.68,1.09
1488,55.36,1094.2451,-32887.19,1.19
1489,38.24,1044.8399,-30087.83,1.19
1490,55.88,1008.741,-25218.52,1.34
1491,43.44,1100.863,-33222.87,1.37
1492,39.36,1101.9587,-33209.23,1.13
1493,58.24,1040.7099,-33864.3,1.11
1494,40.76,1015.3454,-27379.63,1.35
1495,45.88,1028.2193,-29534.31,1.12
1496,57.84,1012.6097,-31186.1,1.21
1497,45.44,1085.4817,-32877.68,1.23
1498,49.64,987.224,-34670.25,1.32
1499,53.12,1004.76,-35120.78,1.26
1500,51.88,1070.183,-38731.9,1.32
1501,57.92,1012.6146,-33249.23,1.17
1502,48.32,1040.105,-29969.41,1.18
1503,55.4,1051.2142,-30355.89,1.11
1504,51.36,1024.1356,-29594.27,1.07
1505,49.08,1047.064,-30151.62,1.13
1506,55.04,1002.1082,-31024.2,1.0
1507,45.36,1038.6029,-31770.68,1.04
1508,55.2,1052.5581,-32293.09,1.21
1509,50.0,1063.3752,-40198.94,1.11
1510,48.0,1036.3215,-29852.63,1.16
1511,55.56,1012.8569,-27286.71,1.16
1512,50.72,1007.4058,-27222.77,0.98
1513,35.6,1018.516,-31173.48,1.37
1514,44.96,1005.4505,-32954.48,1.02
1515,33.92,1085.1641,-38703.73,0.98
1516,48.84,1086.6486,-33087.65,1.21
1517,51.64,1018.5612,-25464.03,1.18
1518,59.6,1089.5076,-38279.03,1.2
1519,32.36,1032.1494,-31859.38,1.37
1520,48.08,1037.2793,-37511.56,1.2
1521,35.68,1001.3995,-29077.58,0.98
1522,43.52,1053.6807,-31951.89,1.16
1523,46.44,1008.3497,-27172.53,1.13
1524,41.48,1006.2278,-31228.14,1.0
1525,50.84,1038.4827,-39642.78,0.84
1526,56.64,1017.7684,-27442.68,1.14
1527,50.96,1037.7335,-33931.68,1.15
1528,40.72,1033.4213,-33385.33,1.27
1529,54.96,1005.1321,-41070.65,1.0
1530,46.8,1004.0733,-29146.63,1.24
1531,64.08,1050.6504,-30205.82,1.1
1532,55.24,1001.4914,-36822.26,1.13
1533,53.64,1044.1226,-28094.77,1.16
1534,43.48,1009.4092,-29037.98,1.32
1535,47.12,998.602,-28725.27,1.15
1536,47.6,1048.1784,-31822.6,1.0
1537,39.56,1045.1977,-29941.31,0.93
1538,42.16,1046.9473,-30149.61,1.38
1539,42.92,1021.9883,-35273.0,1.21
1540,48.08,1063.1802,-30352.45,0.9
1541,51.6,987.9401,-26705.77,1.22
1542,49.4,1039.3898,-27929.56,1.16
1543,49.64,1045.4893,-26137.23,1.05
1544,49.6,1065.3057,-30528.86,1.13
1545,48.52,1032.2914,-27770.85,1.25
1546,56.04,1013.1575,-27352.24,0.95
1547,44.52,1029.9701,-31749.34,1.11
1548,36.28,1022.6111,-25565.28,1.14
1549,43.36,1040.8933,-30075.32,0.9
1550,48.4,1043.4306,-30054.56,1.13
1551,52.28,1081.0236,-30622.09,1.03
1552,50.68,1017.1112,-29073.52,1.3
1553,29.52,1091.7715,-27294.29,1.27
1554,40.88,1046.7405,-32136.75,1.31
1555,46.04,1027.174,-27704.64,1.09
1556,33.36,1029.6298,-29701.64,1.18
1557,33.64,1038.8549,-31899.04,1.21
1558,55.48,1011.2676,-31296.73,1.13
1559,50.36,996.9065,-26928.6,1.18
1560,39.24,999.2566,-32719.71,0.79
1561,49.8,1006.6835,-25167.09,1.17
1562,43.52,1009.5899,-33222.74,1.19
1563,46.8,1014.7063,-25367.66,1.21
1564,31.68,1032.2485,-33692.09,1.17
1565,37.04,1018.7419,-27491.13,1.19
1566,57.52,1030.4554,-25761.39,1.04
1567,50.64,1099.7845,-29330.14,1.1
1568,43.76,1139.0918,-28477.29,1.22
1569,49.2,1006.7012,-25167.53,1.17
1570,49.96,1028.9381,-31749.37,1.11
1571,46.08,1071.4731,-32712.73,1.14
1572,57.0,1004.0468,-31048.44,1.06
1573,51.4,998.0917,-26987.78,1.29
1574,52.08,1004.3022,-27115.47,1.17
1575,42.28,1135.0435,-32099.9,0.85
1576,45.12,1037.234,-25930.85,1.18
1577,55.96,1004.5855,-27049.77,0.98
1578,45.12,1026.7263,-29576.45,1.14
1579,40.2,1002.3176,-31073.58,1.16
1580,34.28,1007.1444,-27207.53,1.25
1581,50.8,1031.5865,-27771.2,0.94
1582,51.76,1069.307,-28693.13,1.18
1583,57.88,1025.4887,-29489.48,1.13
1584,60.4,1065.9533,-38463.37,1.19
1585,25.0,1052.0639,-32212.47,1.6
1586,47.24,1007.1973,-32842.16,1.49
1587,51.64,1037.083,-29841.63,1.52
1588,52.44,1098.2961,-31431.2,1.47
1589,58.52,1049.8954,-26247.39,1.53
1590,54.36,1011.3366,-29330.65,1.63
1591,60.56,1012.9861,-25324.65,1.43
1592,46.56,1045.1098,-26127.75,1.4
1593,55.64,1067.7943,-30554.63,1.51
1594,51.8,1023.6706,-29526.86,1.48
1595,49.68,1078.2414,-26956.03,1.43
1596,56.16,1057.692,-28439.19,1.53
1597,42.64,1058.7766,-26469.41,1.6
1598,56.88,1106.4207,-31603.52,1.52
1599,55.76,1002.307,-34987.55,1.8
1600,50.32,1038.3632,-29855.04,1.27
1601,36.16,1013.828,-29396.62,1.76
1602,53.0,1074.5288,-28883.11,1.71
1603,50.84,991.6286,-26828.34,1.58
1604,53.96,1043.8422,-26096.06,1.79
1605,53.24,1024.8074,-27593.12,1.93
1606,57.04,1008.1576,-33266.18,1.63
1607,58.52,1017.9019,-25447.55,1.53
1608,46.12,1037.656,-27889.22,1.66
1609,38.52,1082.2628,-27056.57,1.54
1610,54.08,1032.1314,-27778.47,1.56
1611,40.4,1057.3358,-28422.69,1.78
1612,25.88,990.0716,-26772.49,1.66
1613,23.72,978.778,-28517.63,1.42
1614,61.68,1004.2173,-25105.43,1.28
1615,44.96,1003.9419,-27030.04,1.44
1616,55.56,1000.4535,-25011.34,1.62
1617,44.32,1137.7633,-32333.93,1.61
1618,47.72,1023.7017,-27563.43,2.14
1619,41.2,1006.0096,-27188.16,1.34
1620,48.12,999.6411,-28946.21,1.65
1621,42.56,1038.2982,-27898.98,1.42
1622,51.24,1010.5948,-41208.87,1.38
1623,39.44,1046.2554,-32151.9,1.74
1624,48.16,1024.4648,-29484.81,1.83
1625,56.56,1039.6081,-29835.39,1.5
1626,46.88,1027.2949,-29682.29,1.45
1627,38.08,1030.3168,-29690.66,1.57
1628,51.84,1005.6037,-29027.68,1.61
1629,52.36,1068.958,-28661.2,1.43
1630,56.8,1027.3708,-25684.27,1.38
1631,45.88,1028.5949,-27697.28,1.76
1632,47.2,1017.8201,-25445.5,1.71
1633,53.44,993.8058,-34867.72,1.41
1634,46.28,1070.403,-32287.42,1.46
1635,53.76,1024.9723,-29466.81,1.38
1636,51.56,1006.0164,-29168.05,1.78
1637,56.52,1050.4334,-28267.66,1.66
1638,34.92,1024.4509,-25611.27,1.86
1639,55.72,1027.569,-37331.19,1.8
1640,43.04,1059.6014,-32254.97,1.3
1641,41.84,1028.5148,-37517.52,1.57
1642,68.64,990.7933,-30679.79,1.38
1643,56.8,1014.5628,-27383.75,1.36
1644,35.8,1018.4795,-31351.47,1.6
1645,58.56,1070.5714,-42253.12,1.78
1646,61.76,1025.1856,-33550.29,1.81
1647,60.52,1009.7413,-25243.53,1.59
1648,49.52,1044.0542,-26101.36,1.67
1649,28.32,982.4504,-32601.63,1.62
1650,51.72,1015.9408,-29334.57,1.71
1651,61.76,1084.0518,-32846.68,1.44
1652,47.8,1029.7735,-33738.88,1.83
1653,41.0,1164.7078,-34654.08,1.58
1654,42.08,1103.2507,-34969.6,1.53
1655,39.88,1053.6565,-40096.12,1.6
1656,51.24,1032.721,-29864.49,1.69
1657,53.16,1023.2214,-29523.81,1.74
1658,40.08,1015.5793,-39209.21,1.5
1659,56.52,1009.7302,-33248.7,1.85
1660,42.0,1278.1857,-37325.16,1.72
1661,63.28,1077.7643,-30815.95,1.64
1662,61.8,1010.0298,-29296.29,1.61
1663,47.0,1088.4292,-30883.39,1.46
1664,55.56,1152.5042,-32496.84,1.63
1665,28.32,1002.6949,-29131.15,1.57
1666,46.48,1016.8865,-27424.76,1.42
1667,45.16,1016.994,-33389.62,1.61
1668,58.36,1144.8814,-34091.18,1.23
1669,56.36,1219.2913,-36014.35,1.42
1670,35.04,1024.1024,-29487.81,1.67
1671,42.36,1038.7077,-27931.56,1.71
1672,33.96,1010.6278,-35291.97,1.28
1673,39.76,1018.4063,-29487.96,2.08
1674,39.04,1050.4834,-30111.0,2.07
1675,55.72,1041.0963,-32091.81,1.81
1676,42.2,969.6115,-26275.05,1.21
1677,42.2,1044.092,-35767.99,1.67
1678,54.92,1030.2601,-33664.46,1.33
1679,49.4,1009.934,-33139.63,1.54
1680,56.08,1042.5209,-35817.52,1.44
1681,44.64,1000.8989,-28973.29,1.47
1682,50.68,1012.3962,-29073.04,1.32
1683,42.28,985.0214,-30596.33,1.51
1684,49.04,1081.602,-27040.05,1.66
1685,57.28,1028.8972,-27735.01,1.45
1686,47.92,1039.736,-31915.76,1.45
1687,55.48,1027.1176,-33594.7,2.67
1688,51.4,1083.6483,-33043.73,1.77
1689,37.36,980.7676,-34609.09,1.91
1690,52.64,1053.4936,-33858.38,2.01
1691,47.88,990.6735,-38828.7,1.04
1692,36.2,995.1403,-26896.84,1.57
1693,51.16,1017.2,-33320.51,1.91
1694,45.92,1009.1074,-41118.44,1.57
1695,60.28,1073.4428,-38034.75,2.18
1696,49.72,1023.1496,-29512.55,1.9
1697,54.16,1000.0672,-29046.09,1.67
1698,68.68,998.757,-38988.55,1.74
1699,55.04,1046.3464,-29993.51,1.6
1700,42.12,1130.5026,-33775.55,1.65
1701,37.24,995.54,-34942.71,1.64
1702,55.68,1001.2541,-30944.61,1.52
1703,44.72,1024.6958,-31609.96,1.54
1704,62.32,1003.2904,-37060.21,1.38
1705,58.28,1033.0442,-31694.76,1.74
1706,48.0,1007.1467,-28964.69,1.6
1707,51.8,1081.9146,-36258.98,1.64
1708,54.72,1048.116,-35936.98,2.16
1709,51.0,1019.2763,-27427.64,1.47
1710,58.4,1063.3556,-42169.62,1.4
1711,50.24,1005.3223,-37196.22,1.86
1712,43.08,1015.788,-27395.2,1.41
1713,49.92,1052.4687,-30348.51,1.66
1714,43.96,1001.0704,-36962.24,1.93
1715,37.12,1051.6634,-37868.56,1.63
1716,32.32,1013.952,-29397.68,1.84
1717,46.32,1068.6544,-38251.5,1.7
1718,27.12,1024.0017,-35511.27,1.5
1719,56.56,1002.1766,-35108.56,1.79
1720,64.72,1089.5722,-33233.18,1.88
1721,35.28,1067.455,-38492.4,1.62
1722,54.92,1045.9381,-38034.85,1.7
1723,52.2,997.2122,-32963.67,1.94
1724,63.76,1011.0595,-39207.2,2.78
1725,53.36,1036.9491,-37673.07,1.8
1726,69.32,1081.4723,-32441.55,1.61
1727,48.52,1010.8896,-33267.47,1.64
1728,43.56,1002.2591,-40973.48,1.9
1729,59.84,1017.1639,-29400.8,2.06
1730,54.48,1024.6235,-39557.51,1.92
1731,53.68,999.3066,-39036.97,1.97
1732,44.76,1050.1538,-35840.77,1.88
1733,48.56,1063.7946,-30598.39,2.0
1734,50.92,1014.6176,-37384.85,1.59
1735,42.48,1042.9975,-41694.5,1.74
1736,48.68,1041.669,-40101.34,1.41
1737,40.08,989.4046,-32813.08,1.5
1738,50.84,1038.6013,-37786.3,1.4
1739,48.32,1057.7233,-34260.04,1.16
1740,31.08,1031.2521,-41530.65,1.18
1741,56.88,1146.2327,-37818.8,1.25
1742,43.84,1037.5458,-37737.91,1.36
1743,54.72,1090.1367,-45243.85,1.42
1744,60.88,1052.5915,-32268.73,1.24
1745,48.52,1012.1417,-38999.07,1.23
1746,68.6,1014.6649,-37350.88,1.25
1747,48.04,1028.0285,-35223.34,1.31
1748,51.84,1025.8764,-33410.58,1.43
1749,50.88,1037.7918,-37679.14,1.44
1750,61.8,1048.4643,-30042.58,1.38
1751,64.4,1009.2227,-25230.57,1.24
1752,45.84,1034.4298,-33620.1,1.51
1753,56.84,1017.8086,-37174.11,1.38
1754,50.04,1005.3306,-33171.06,1.41
1755,60.8,1011.0527,-27154.27,1.41
1756,50.28,1017.4515,-33374.19,1.57
1757,56.52,1064.8026,-28583.93,1.59
1758,67.56,1062.6051,-28602.73,1.53
1759,26.28,1048.6965,-30114.96,1.48
1760,35.88,1021.5265,-31203.92,1.57
1761,48.44,1030.577,-29297.17,1.86
1762,53.72,999.234,-24980.85,1.75
1763,45.44,1039.0801,-35721.23,1.69
1764,55.2,1050.0622,-35871.55,1.49
1765,44.48,1105.4242,-44908.61,1.31
1766,50.6,1106.0106,-35308.97,1.76
1767,46.72,1020.1773,-33502.8,1.89
1768,50.28,1082.4786,-40611.21,1.97
1769,57.16,1058.6167,-40063.97,1.55
1770,44.92,1054.5013,-33911.47,1.6
1771,52.0,1045.538,-35937.58,1.4
1772,32.2,1000.6953,-43074.45,1.72
1773,43.68,1051.9498,-32363.81,2.56
1774,44.24,1045.4261,-33976.21,2.22
1775,62.36,1022.7557,-31386.49,1.76
1776,43.76,1029.0804,-33475.09,1.59
1777,50.4,1020.3584,-31488.41,1.77
1778,51.12,1057.0079,-34342.98,1.73
1779,53.44,1003.2842,-27046.13,1.63
1780,53.28,1045.3201,-31813.72,2.29
1781,49.8,1052.9313,-43970.0,1.97
1782,55.48,1017.9416,-33441.16,1.51
1783,51.16,1125.679,-32001.48,2.02
1784,51.48,1093.5497,-38921.12,1.74
1785,43.56,1011.3101,-39337.5,1.67
1786,42.04,1017.9479,-33363.98,1.57
1787,49.28,1095.6968,-36828.82,1.57
1788,44.84,1010.6319,-35158.61,1.6
1789,49.4,978.4008,-26483.48,1.22
1790,47.6,1063.427,-30441.1,1.6
1791,44.76,1022.7358,-33339.38,1.39
1792,46.4,1044.1997,-28128.88,1.56
1793,46.44,1036.9114,-31921.46,1.62
1794,48.6,1022.4743,-41107.53,1.56
1795,28.6,1012.2434,-37326.18,1.63
1796,56.72,1030.0975,-33419.86,1.46
1797,51.16,1052.4548,-37870.12,1.64
1798,50.36,1040.2674,-33968.49,2.05
1799,51.6,1080.3191,-32536.68,1.66
1800,38.12,1031.7242,-41505.94,1.4
1801,34.88,1027.741,-37622.92,1.53
1802,44.52,1029.946,-33341.98,1.31
1803,37.8,1037.1216,-39643.42,2.02
1804,43.24,1040.7123,-33863.14,1.61
1805,46.8,1008.1473,-35188.15,1.94
1806,49.96,1035.1407,-29898.76,1.63
1807,40.48,1028.8104,-35557.46,1.66
1808,52.96,1019.3738,-25484.34,1.44
1809,42.8,1128.8798,-35724.13,1.57
1810,38.32,1005.1074,-29013.09,1.51
1811,58.72,1036.1581,-27754.25,1.72
1812,47.48,1063.417,-32183.41,1.7
1813,43.76,1059.0155,-34378.01,1.67
1814,52.48,1024.57,-35578.65,1.65
1815,55.28,1089.9155,-34821.79,2.23
1816,48.6,1005.9674,-29185.14,1.94
1817,39.96,1032.3859,-31717.4,1.77
1818,58.8,1075.3754,-39715.04,2.27
1819,45.76,1003.2474,-29124.25,2.02
1820,31.08,1049.2778,-31922.79,1.73
1821,28.2,1005.3176,-33157.89,1.7
1822,53.8,1029.8771,-29715.37,1.71
1823,52.28,1024.998,-37599.47,1.97
1824,41.64,1005.5734,-39078.9,1.75
1825,43.28,1043.9264,-41478.57,1.73
1826,37.04,1023.198,-35638.66,1.75
1827,41.8,1056.1356,-36449.87,1.66
1828,44.56,994.5316,-37030.4,1.56
1829,31.92,1007.6795,-33180.52,2.01
1830,46.12,1004.2855,-37044.6,2.06
1831,45.08,1012.265,-35304.03,2.83
1832,59.6,1088.4066,-35226.43,1.98
1833,50.24,1029.4596,-37636.79,2.29
1834,37.64,1027.0649,-39518.01,2.29
1835,47.76,1049.7832,-45730.12,1.89
1836,53.32,1044.2981,-31859.7,1.89
1837,34.0,1226.9428,-44295.95,1.67
1838,41.12,996.8827,-36911.28,1.73
1839,23.8,997.9497,-46942.86,1.65
1840,45.4,983.1382,-48914.26,1.7
1841,65.72,1107.0433,-35364.88,2.45
1842,43.72,1054.3186,-36103.74,2.41
1843,30.16,1023.448,-47612.48,1.87
1844,43.0,1001.2354,-35000.11,2.16
1845,45.16,1075.4754,-36612.83,2.24
1846,47.72,1012.6479,-35294.05,1.6
1847,42.48,1031.1669,-33608.01,1.7
1848,67.92,1004.3443,-34951.66,2.71
1849,51.04,1010.3491,-33154.21,1.9
1850,38.16,1005.3222,-35163.02,2.18
1851,36.92,1034.651,-47532.18,1.47
1852,33.28,1047.4694,-41924.53,1.7
1853,44.08,1049.4176,-34128.25,1.98
1854,42.64,1052.9274,-36014.79,2.01
1855,41.56,989.0422,-32809.39,1.63
1856,46.08,1041.0704,-41515.42,1.77
1857,49.36,990.7388,-30763.81,2.58
1858,46.16,1051.576,-36083.47,2.4
1859,53.84,1044.8195,-36054.13,1.66
1860,46.52,1048.9066,-30136.23,1.88
1861,29.8,995.3032,-36838.31,1.7
1862,41.28,975.1586,-30492.01,1.52
1863,45.92,1021.853,-33530.84,1.56
1864,49.28,1027.1578,-29610.72,1.49
1865,58.12,1071.4805,-42600.98,1.97
1866,44.6,975.927,-36542.11,1.6
1867,49.16,1046.7268,-31943.4,1.62
1868,54.56,1008.2359,-37318.34,1.34
1869,50.52,1012.6296,-35262.54,1.43
1870,44.4,1029.9427,-35215.57,1.27
1871,34.68,1022.6826,-39459.49,1.29
1872,53.8,1039.0507,-43835.98,1.1
1873,40.28,998.3212,-33012.16,1.24
1874,44.08,1012.2846,-31237.98,1.2
1875,35.64,985.698,-30690.94,1.29
1876,55.52,1014.284,-37038.05,1.28
1877,54.32,1052.4845,-38106.05,1.35
1878,52.24,1048.9653,-35871.55,1.21
1879,41.8,1065.7449,-37867.94,1.14
1880,58.88,1051.8558,-32285.6,1.26
1881,46.96,1056.3984,-40206.21,1.42
1882,64.0,1009.1552,-31261.79,1.16
1883,43.72,1040.4369,-29961.53,1.15
1884,41.72,1071.4777,-36695.78,1.2
1885,38.12,997.6727,-26966.0,1.06
1886,42.6,1014.5988,-33438.68,1.21
1887,45.84,1005.4646,-35063.1,1.21
1888,58.8,1031.0428,-33706.27,1.1
1889,33.92,1013.4785,-31369.71,1.31
1890,61.64,1022.2534,-33575.0,1.13
1891,48.48,1037.38,-27956.86,1.27
1892,39.04,1025.8354,-29663.74,1.24
1893,54.92,1066.0792,-32172.32,1.14
1894,37.6,1311.4095,-42765.55,1.13
1895,43.36,1100.4296,-35582.24,1.27
1896,44.96,1107.3284,-33401.17,1.3
1897,64.68,1019.1366,-31444.73,1.11
1898,52.12,1116.9612,-31389.07,1.23
1899,49.12,1045.8265,-32058.36,1.22
1900,57.72,1089.7509,-33035.62,1.15
1901,39.72,1009.9479,-35105.9,1.16
1902,57.92,1175.9609,-31053.16,1.16
1903,51.96,1037.599,-31956.28,1.32
1904,44.64,1065.132,-32471.46,1.25
1905,30.48,1010.9747,-33299.48,1.18
1906,44.32,1045.0948,-32057.39,1.38
1907,46.6,1089.1853,-36423.4,1.14
1908,43.12,1035.2687,-31717.73,1.17
1909,55.8,1000.3707,-43067.09,1.02
1910,26.6,1013.229,-37383.25,1.26
1911,56.92,1166.3444,-36657.44,1.14
1912,61.72,1025.8459,-33659.39,1.23
1913,24.44,992.2692,-32840.72,1.43
1914,44.12,1030.2076,-33802.55,1.18
1915,47.32,1046.2464,-28170.05,1.19
1916,48.48,1039.6766,-31807.97,0.97
1917,51.92,1043.9028,-28042.2,1.21
1918,52.08,1048.6904,-32126.92,1.28
1919,26.6,1010.8441,-35121.63,1.18
1920,59.0,991.6931,-28846.36,1.2
1921,47.44,1107.1498,-35120.87,1.18
1922,54.48,1024.2325,-27558.05,1.34
1923,44.64,1008.1495,-29205.74,1.12
1924,52.24,1038.7687,-29991.49,1.1
1925,60.88,1031.366,-33818.87,1.28
1926,44.64,1120.0324,-29738.13,1.16
1927,52.56,1055.1284,-26378.21,1.18
1928,54.24,1044.6846,-29878.71,1.18
1929,45.44,1007.0595,-35125.23,1.17
1930,57.08,1073.448,-26836.2,1.29
1931,56.04,1028.0479,-29746.7,1.17
1932,31.84,1048.3415,-30010.64,1.07
1933,31.36,979.494,-36630.51,1.11
1934,42.24,1028.8406,-33698.25,1.2
1935,52.44,1022.0768,-37304.56,1.16
1936,45.88,1075.3211,-30668.2,1.05
1937,45.8,1018.3984,-29283.67,1.25
1938,30.52,995.938,-32904.41,1.18
1939,53.44,1048.4316,-33931.74,1.19
1940,56.8,1083.5568,-27088.92,1.24
1941,46.88,1065.7458,-32725.84,1.03
1942,48.12,1004.5619,-37020.74,1.16
1943,45.52,1038.35,-33834.68,1.06
1944,57.88,1098.6233,-29406.49,1.17
1945,50.0,1136.7242,-36106.85,1.1
1946,35.16,996.0267,-37033.81,1.15
1947,49.32,1080.1553,-36743.62,1.1
1948,27.68,994.7716,-30828.93,1.25
1949,52.96,1145.5844,-32320.34,1.0
1950,44.36,1138.082,-30057.1,1.34
1951,52.04,1051.2618,-26281.54,1.3
1952,35.84,1048.3402,-30151.55,1.32
1953,35.44,1006.1888,-29207.04,1.05
1954,60.0,1024.2452,-29554.56,1.13
1955,34.56,998.6701,-28969.26,1.37
1956,63.88,1064.8377,-30491.41,1.21
1957,49.96,1013.8204,-25345.51,1.12
1958,50.24,1028.838,-25720.95,1.17
1959,36.84,1007.3023,-31224.05,1.07
1960,32.8,1010.175,-34953.41,1.18
1961,30.0,1000.9178,-27042.4,1.13
1962,41.92,1042.9018,-29991.83,0.97
1963,46.88,1012.5572,-27278.14,1.34
1964,49.96,1060.7101,-34226.15,1.12
1965,50.04,1036.728,-25918.2,1.07
1966,46.24,1022.9494,-31531.01,1.15
1967,41.84,1021.1622,-33344.77,1.11
1968,42.36,1055.881,-28237.6,1.17
1969,53.68,1050.882,-30076.72,1.03
1970,55.6,995.4524,-26904.69,1.11
1971,50.6,1038.1164,-25952.91,0.82
1972,53.88,990.2798,-28779.18,1.12
1973,45.6,993.6897,-24842.24,0.82
1974,43.88,1078.3356,-26958.39,1.19
1975,48.32,1035.2015,-27861.1,1.13
1976,47.4,1028.1284,-25703.21,0.96
1977,52.4,1005.8944,-25147.36,0.99
1978,45.84,1069.9217,-30730.39,1.08
1979,50.24,1074.4403,-26861.01,0.89
1980,59.48,1075.8991,-28843.98,0.84
1981,48.44,1004.0996,-31061.52,1.18
1982,60.08,1031.433,-27692.91,1.22
1983,42.92,980.8509,-26458.55,1.13
1984,47.44,1029.8647,-27768.83,0.99
1985,35.28,1017.7374,-27403.82,0.93
1986,25.12,968.9945,-24224.86,0.86
1987,48.24,1021.4521,-27416.5,1.16
1988,42.48,990.2511,-24756.28,0.95
1989,33.72,1018.8542,-29444.36,1.18
1990,48.04,991.9328,-28817.07,0.97
1991,42.04,1056.7501,-28398.38,1.22
1992,54.6,1025.5345,-27650.59,0.93
1993,46.52,1033.4301,-29823.63,0.73
1994,48.28,1070.5754,-30657.14,1.2
1995,48.48,1018.4458,-27442.72,0.78
1996,38.84,980.4429,-26530.63,0.77
1997,56.72,1019.141,-27468.14,1.11
1998,47.92,1054.3398,-26358.49,1.49
1999,38.36,999.1858,-29023.82,0.94
2000,50.68,1032.3524,-25808.81,1.37
2001,35.08,1033.6954,-37821.39,1.29
2002,54.04,1021.7709,-33192.62,1.03
2003,57.76,999.1704,-28950.45,2.23
2004,56.2,1001.5379,-30998.13,3.33
2005,50.48,1082.4984,-30865.96,2.13
2006,38.76,1079.2241,-30714.13,2.61
2007,50.16,1018.3468,-29419.13,1.05
2008,45.0,1026.9858,-31414.38,1.58
2009,36.72,1079.6951,-29014.02,1.36
2010,52.08,1012.4374,-29270.03,1.39
2011,52.56,1121.2633,-31726.75,2.21
2012,48.64,1045.5661,-28089.06,1.92
2013,51.52,1062.3989,-28456.28,1.21
2014,49.0,1051.8597,-28272.51,1.26
2015,41.68,1057.3146,-26432.86,1.26
2016,45.84,1018.6896,-27457.57,1.24
2017,49.84,1018.0971,-27424.84,1.36
2018,63.84,1051.2158,-30287.2,1.1
2019,34.24,1071.6282,-28805.42,1.48
2020,50.68,985.2788,-26655.82,1.06
2021,52.52,1041.2465,-29999.37,1.23
2022,46.44,1065.1,-32499.81,1.56
2023,60.84,1120.7097,-28017.74,1.04
2024,53.76,1076.9596,-30870.61,1.16
2025,51.6,1026.3282,-25658.21,1.24
2026,62.4,1034.6572,-25866.43,0.8
2027,38.08,1045.2956,-28155.64,1.45
2028,55.76,1048.2776,-29755.2,1.04
2029,42.4,1016.1636,-27426.27,1.08
2030,27.36,1003.3529,-33079.97,1.11
2031,46.28,1094.9203,-29392.56,1.34
2032,50.72,1012.1518,-37244.06,1.33
2033,43.88,1031.6868,-29722.71,1.14
2034,38.72,1001.8224,-28992.46,1.09
2035,44.56,1100.8274,-31395.03,1.21
2036,47.36,1031.5591,-31872.51,1.15
2037,43.32,1004.0005,-27123.27,1.16
2038,60.64,1329.4899,-33237.25,0.97
2039,35.72,1019.6552,-29492.82,1.4
2040,31.0,1050.6798,-34092.79,1.35
2041,54.52,1043.098,-29974.72,0.79
2042,45.04,978.4793,-32546.67,0.77
2043,55.24,993.9738,-28840.02,1.0
2044,23.96,982.8058,-26515.18,1.02
2045,61.76,963.917,-30208.92,1.05
2046,58.6,1211.7446,-37654.39,1.42
2047,53.84,1018.8128,-29426.67,0.85
2048,39.52,1027.9464,-27689.46,1.27
2049,60.64,1089.6148,-29147.46,0.9
2050,47.48,1028.3637,-25709.09,1.04
2051,36.44,986.7673,-24669.18,1.32
2052,51.16,1359.241,-37237.8,1.18
2053,74.96,1021.0024,-25525.06,1.51
2054,41.0,1069.9629,-28772.85,1.38
2055,46.64,1057.3953,-32324.92,1.49
2056,39.8,1030.8218,-27769.81,0.95
2057,65.88,968.1555,-26240.69,1.19
2058,54.76,1066.8047,-28619.6,1.37
2059,52.92,1120.2664,-29896.11,1.64
2060,50.16,1073.748,-30833.57,1.34
2061,53.36,1001.9233,-27056.06,1.37
2062,54.44,1052.0296,-30285.46,1.15
2063,51.44,1036.9228,-27498.64,1.43
2064,54.72,1068.6783,-28453.95,1.22
2065,36.52,1011.6839,-29306.96,1.4
2066,33.28,995.6809,-28520.88,0.96
2067,56.08,1023.9143,-25597.86,1.37
2068,64.2,1114.5482,-29833.3,1.38
2069,53.68,1026.9566,-27653.34,1.3
2070,40.12,988.9694,-26747.34,1.55
2071,42.32,976.3648,-26433.05,2.12
2072,51.68,1016.9744,-35329.82,2.02
2073,55.52,1053.8108,-30258.19,2.15
2074,34.24,1016.5894,-25414.73,2.39
2075,54.16,1060.0958,-26502.39,1.61
2076,49.08,1013.482,-31306.23,1.59
2077,63.28,1028.1783,-27652.69,1.39
2078,58.68,1030.2432,-29627.32,1.35
2079,36.6,1040.2006,-31872.72,1.49
2080,61.0,1141.2229,-28530.57,1.44
2081,52.96,1023.4556,-27554.24,1.36
2082,38.2,1024.4806,-29419.43,1.52
2083,57.16,988.7852,-28746.53,1.62
2084,46.44,1029.474,-27670.75,1.4
2085,54.84,1033.5737,-31804.87,1.55
2086,60.0,1042.3669,-26059.17,1.59
2087,49.76,1029.0497,-25726.24,1.93
2088,48.68,1024.7549,-25618.87,1.32
2089,43.64,1021.2172,-25530.43,1.61
2090,50.4,1040.5947,-27964.1,1.78
2091,49.76,1023.585,-29577.33,1.72
2092,44.84,1021.9487,-27400.08,1.76
2093,55.84,1039.3301,-27762.62,1.27
2094,38.96,1034.4584,-29844.52,1.22
2095,37.36,981.0716,-26557.0,1.68
2096,57.92,1062.9768,-28549.26,1.55
2097,47.88,1069.2964,-28474.05,2.05
2098,57.84,1036.6948,-25917.37,1.87
2099,50.0,1081.2623,-29006.66,1.73
2100,43.76,1053.2957,-28277.08,1.65
2101,50.2,980.3846,-28542.26,1.97
2102,52.2,1029.9918,-25749.79,1.48
2103,55.52,991.3508,-26736.37,1.11
2104,35.72,1035.4281,-27751.72,1.97
2105,27.56,999.0446,-24976.12,1.66
2106,48.12,985.5422,-26657.26,1.35
2107,50.8,981.938,-26567.25,2.39
2108,43.44,1024.7763,-27634.03,1.68
2109,54.88,1035.7988,-29822.05,1.47
2110,50.52,1073.4778,-26836.94,1.59
2111,51.88,1016.9246,-25423.12,1.12
2112,36.84,1043.9894,-28122.94,1.54
2113,43.24,1004.6286,-25115.71,1.69
2114,42.2,1024.9695,-27601.95,1.49
2115,53.12,1333.2494,-33331.24,1.38
2116,38.44,989.1281,-26761.39,1.54
2117,42.2,1049.8709,-26246.77,1.12
2118,42.0,1142.5317,-28563.29,1.17
2119,43.88,1132.0502,-30336.79,1.0
2120,49.52,1052.6688,-28335.82,0.93
2121,44.72,1052.9102,-28269.15,0.91
2122,53.96,1145.4271,-28635.68,1.45
2123,56.72,1043.3064,-26082.66,1.32
2124,52.44,1053.809,-28313.41,1.48
2125,53.6,1014.5222,-25363.06,1.36
2126,58.76,1055.3452,-28355.43,1.05
2127,55.0,1032.8596,-25821.49,1.15
2128,46.52,1035.9008,-25897.52,1.32
2129,49.92,1106.5032,-29511.96,1.41
2130,52.0,1320.7943,-33019.86,1.17
2131,43.2,1029.1826,-25729.56,1.34
2132,35.2,1060.5136,-28486.78,1.39
2133,43.96,1032.7021,-27817.76,1.53
2134,37.36,1036.7816,-29630.11,1.26
2135,49.6,1028.8086,-27463.2,1.08
2136,47.4,1016.855,-25421.38,1.23
2137,51.76,1036.3846,-27870.28,1.0
2138,24.64,994.9501,-26894.2,1.85
2139,35.64,988.8149,-26532.22,0.94
2140,41.12,978.2732,-24456.83,1.19
2141,33.6,972.5611,-24314.03,1.0
2142,46.32,1027.1576,-25678.94,0.78
2143,42.64,985.919,-24647.98,1.35
2144,52.0,1004.5599,-27133.04,1.33
2145,59.8,1037.9766,-27968.88,0.92
2146,26.6,976.1151,-24402.88,1.51
2147,56.76,1091.9312,-27298.28,1.16
2148,43.88,1012.5496,-27231.46,1.16
2149,26.36,991.757,-24793.92,1.42
2150,46.64,1151.4926,-28787.31,1.17
2151,61.0,994.4486,-24861.21,0.9
2152,42.8,1196.6778,-31924.43,1.39
2153,27.2,995.2024,-26900.58,1.45
2154,58.16,975.6502,-26415.78,1.45
2155,41.2,1008.6387,-25215.97,1.95
2156,44.32,977.8976,-24447.44,1.07
2157,60.84,1138.1859,-28454.65,1.38
2158,63.72,1049.9873,-26249.68,0.9
2159,47.68,1026.0547,-27622.69,0.95
2160,59.48,1237.6045,-30940.11,1.27
2161,48.52,1019.1781,-33397.99,0.87
2162,52.92,1039.8994,-27944.7,1.35
2163,52.84,1046.6366,-28203.63,1.28
2164,48.96,1020.1431,-27487.43,1.27
2165,54.68,1038.9654,-29966.24,1.03
2166,59.2,1043.6009,-28035.14,1.05
2167,24.88,981.3073,-26558.17,1.02
2168,48.08,1053.3774,-28269.03,1.09
2169,49.04,1045.3213,-26133.03,0.82
2170,52.08,1016.3385,-27353.69,0.93
2171,42.48,1041.7726,-30080.55,1.04
2172,45.44,1025.2028,-29633.2,1.44
2173,52.0,1015.2182,-27358.34,1.33
2174,60.0,1020.9123,-25522.81,1.21
2175,46.2,1039.3105,-27927.88,1.37
2176,50.32,1023.9424,-27635.91,1.31
2177,56.8,1042.0713,-28031.49,1.36
2178,41.88,1005.9746,-25149.37,1.37
2179,56.0,1048.9943,-30151.85,1.74
2180,59.08,1017.961,-31536.74,1.22
2181,38.68,1051.8286,-26295.71,1.22
2182,51.04,979.9224,-26518.01,1.06
2183,55.0,1001.4013,-27020.56,1.54
2184,51.84,1042.4827,-28009.19,1.44
2185,44.72,1039.2934,-27918.34,1.48
2186,50.68,1031.3868,-25784.67,1.3
2187,51.68,1009.7188,-29118.87,1.39
2188,25.44,991.9982,-26819.17,1.18
2189,54.68,1019.1073,-29091.8,1.23
2190,32.84,1038.7696,-29788.25,1.18
2191,55.2,1039.1321,-32030.09,1.37
2192,52.68,1021.0669,-27545.54,1.16
2193,43.64,1000.7306,-27041.46,1.32
2194,63.88,1059.5658,-34536.24,1.21
2195,27.12,1011.0633,-29245.82,1.31
2196,51.16,1004.2935,-31115.06,1.29
2197,54.44,1066.3597,-40502.46,1.49
2198,51.2,1006.3448,-33220.9,1.48
2199,62.8,1019.482,-25487.05,1.59
2200,54.92,1059.0116,-36223.68,1.5
2201,49.92,1046.0715,-31917.28,2.47
2202,40.92,1032.2157,-25805.39,2.05
2203,34.44,1031.0102,-27723.95,2.01
2204,64.32,1009.0854,-31249.41,1.62
2205,46.8,1065.7814,-30692.49,1.32
2206,38.68,1023.335,-27607.32,1.5
2207,45.6,1025.5449,-27465.88,1.34
2208,49.68,1013.3408,-45105.21,1.53
2209,48.8,1075.4831,-28825.14,1.39
2210,50.04,1028.0037,-29391.65,1.34
2211,54.56,1032.145,-29806.38,1.25
2212,50.68,1049.9801,-30221.68,1.65
2213,46.4,984.6934,-36613.31,1.6
2214,47.68,1009.5028,-43018.71,1.34
2215,42.52,1051.8568,-30316.51,1.65
2216,55.92,1068.5385,-32500.14,1.33
2217,44.28,1187.4803,-31330.71,1.29
2218,29.72,1057.5636,-30008.84,1.43
2219,45.52,1023.532,-31436.99,1.6
2220,50.4,1042.621,-29961.71,1.58
2221,47.92,1042.5206,-30061.9,1.43
2222,69.4,1042.0153,-39905.38,1.43
2223,49.64,1016.1133,-35334.33,1.32
2224,51.6,1038.4402,-29766.64,1.56
2225,44.72,1005.048,-33232.26,1.39
2226,41.64,1023.3299,-25583.25,1.82
2227,56.28,1034.3516,-25858.79,1.28
2228,48.04,1052.855,-28268.79,1.24
2229,44.6,1072.1922,-26804.81,1.35
2230,62.04,1005.9886,-39140.65,1.1
2231,55.68,1040.3099,-28004.56,1.22
2232,55.44,1009.0536,-27217.07,1.36
2233,58.12,1091.9987,-27299.97,1.33
2234,57.8,979.4435,-26510.57,1.33
2235,42.68,1015.5264,-25388.16,1.41
2236,45.92,1071.8506,-32733.98,1.35
2237,69.24,1059.9932,-38366.01,1.84
2238,52.16,1009.5541,-37221.72,1.57
2239,44.04,1045.821,-30145.28,1.32
2240,29.28,1004.0915,-26720.46,1.36
2241,62.64,1057.88,-30373.84,1.49
2242,45.2,994.7732,-24869.33,1.31
2243,47.96,1043.7899,-28059.94,1.18
2244,50.6,1004.7313,-27139.75,1.18
2245,44.08,976.627,-26447.91,1.36
2246,41.32,1096.6465,-29423.34,1.01
2247,33.96,1028.9434,-29658.21,1.25
2248,38.44,997.4107,-28899.98,1.14
2249,56.68,1054.6481,-30004.07,1.08
2250,53.04,1040.6344,-27980.3,1.45
2251,35.44,1015.7662,-25394.15,1.49
2252,21.88,987.8388,-28754.26,1.15
2253,62.04,1046.0767,-26151.92,0.96
2254,39.64,1003.1745,-25079.36,1.23
2255,60.6,991.3004,-28720.45,1.17
2256,40.32,1012.6429,-29293.55,1.33
2257,31.08,1050.5471,-32072.94,1.54
2258,65.76,975.8003,-24395.01,0.92
2259,57.8,1135.052,-28376.3,0.98
2260,38.08,1024.16,-27606.48,1.94
2261,35.44,992.5834,-24814.59,1.2
2262,37.12,999.0498,-24976.25,1.28
2263,53.64,1028.7503,-25718.76,1.24
2264,58.68,1128.5482,-30066.89,1.47
2265,58.64,1007.1267,-27155.95,1.22
2266,56.8,1110.6155,-29460.62,1.21
2267,28.64,993.6163,-26858.87,1.02
2268,54.6,1022.3372,-25558.43,1.07
2269,49.16,988.9083,-26741.15,0.7
2270,32.84,1008.2094,-29255.18,0.83
2271,38.2,1047.7818,-26194.54,0.95
2272,30.6,1013.786,-25344.65,1.02
2273,36.4,981.7682,-24544.21,0.82
2274,39.36,978.2413,-26478.76,0.78
2275,35.52,1013.7134,-31332.97,0.99
2276,64.2,1098.8497,-29191.87,0.98
2277,55.52,1011.7026,-29137.59,0.81
2278,51.68,1049.8941,-30141.82,0.64
2279,41.6,1036.8691,-27839.45,0.98
2280,58.92,1011.0084,-27294.66,0.98
2281,47.72,1021.6377,-27513.88,0.86
2282,34.24,1035.6408,-27923.71,0.93
2283,52.76,1045.8256,-30139.49,0.86
2284,41.68,994.0246,-26869.05,0.9
2285,50.92,1056.9053,-32222.35,0.96
2286,39.4,1022.7193,-25567.98,1.08
2287,54.44,1019.5836,-27472.17,0.94
2288,30.6,980.6158,-24515.39,1.16
2289,45.56,1061.5523,-28558.39,0.89
2290,53.48,1032.4592,-27758.34,0.8
2291,59.84,1041.9803,-28044.91,0.93
2292,46.96,996.2456,-26924.75,0.76
2293,31.84,1012.9163,-27320.63,1.04
2294,48.56,1139.7807,-28494.52,1.03
2295,48.8,1044.2312,-30061.4,0.81
2296,46.2,1058.1991,-28486.38,0.93
2297,47.16,989.2656,-26556.94,0.71
2298,59.36,1157.2486,-28931.22,1.0
2299,37.52,1253.9159,-33299.26,0.92
2300,39.96,1027.1142,-29491.21,1.06
2301,61.36,1031.8614,-27834.15,1.25
2302,37.96,1021.3244,-27492.68,1.05
2303,57.28,1061.7678,-26544.19,0.95
2304,67.04,1019.5732,-27434.08,0.79
2305,56.12,1073.8147,-26845.37,1.13
2306,44.96,1028.8005,-25720.01,0.92
2307,47.4,1018.2636,-27445.32,0.8
2308,41.8,1021.6339,-25540.85,0.8
2309,31.0,1045.1816,-28080.2,1.11
2310,40.52,993.6938,-28853.42,1.2
2311,44.76,1000.313,-25007.83,1.01
2312,54.88,1057.9094,-28484.98,0.83
2313,64.04,1033.5126,-25837.81,0.98
2314,52.2,1027.1783,-27612.79,0.98
2315,42.96,1064.2254,-28589.46,0.99
2316,54.76,1053.1598,-26329.0,0.85
2317,52.48,1030.9353,-25773.38,0.86
2318,26.52,1022.7279,-29634.0,0.99
2319,53.92,1063.3351,-30497.64,1.07
2320,26.04,990.2886,-28761.7,1.03
2321,62.08,1081.064,-28939.39,0.96
2322,52.8,1091.5329,-29324.71,1.14
2323,54.72,1024.3419,-27274.26,1.02
2324,55.32,1036.7585,-27879.66,1.2
2325,48.2,1047.013,-33968.87,0.93
2326,41.08,1004.6497,-27082.45,1.06
2327,44.8,1056.9232,-28365.21,0.81
2328,43.36,1062.1046,-26552.61,1.16
2329,60.76,1069.354,-26733.85,0.83
2330,54.2,1038.1789,-25954.47,0.83
2331,45.4,1020.3416,-27475.9,0.92
2332,40.96,1038.5312,-27938.6,0.93
2333,39.0,1042.4393,-28003.11,1.08
2334,42.4,1101.4987,-31329.43,0.82
2335,41.84,1009.1027,-27246.79,0.82
2336,46.08,1027.0626,-25676.56,0.85
2337,45.04,1021.8901,-29420.32,1.27
2338,42.12,970.7953,-34432.64,1.0
2339,45.2,1020.2828,-27529.1,1.16
2340,54.68,1070.7767,-26769.42,1.09
2341,58.52,1035.7516,-27858.12,0.99
2342,51.8,1038.5454,-25963.63,1.08
2343,44.04,1038.9061,-33980.54,1.13
2344,47.6,1020.5955,-31521.23,1.01
2345,47.44,1011.6184,-25290.46,0.79
2346,44.08,1078.0731,-30534.35,0.99
2347,39.44,1009.2764,-31318.94,0.87
2348,43.24,1004.4706,-27130.95,0.83
2349,45.84,1033.6629,-33690.79,0.99
2350,43.4,1097.9172,-27447.93,0.88
2351,51.56,1024.9632,-27651.93,1.04
2352,37.44,981.6662,-26570.49,0.77
2353,53.72,1075.7815,-26894.54,0.9
2354,50.08,1059.7443,-26493.61,0.85
2355,50.8,1132.5915,-28314.79,0.99
2356,51.76,990.1556,-28739.69,0.98
2357,54.28,1017.8545,-25446.36,0.83
2358,50.72,1028.7382,-29380.99,0.76
2359,41.16,1030.3949,-25759.87,0.92
2360,50.0,1006.0738,-25151.84,0.98
2361,47.4,1062.9492,-30516.09,1.01
2362,49.56,1068.4018,-32241.09,0.98
2363,45.56,1021.4044,-25535.11,0.92
2364,50.24,987.4037,-24685.09,0.81
2365,62.0,1050.1288,-26253.22,0.89
2366,58.08,1006.9448,-27205.66,0.86
2367,42.24,1052.7272,-30214.9,1.03
2368,39.44,1042.8436,-28094.29,0.89
2369,56.0,1016.2387,-27433.86,0.91
2370,43.2,1043.2048,-26080.12,0.98
2371,54.04,1032.4339,-27787.61,0.94
2372,46.76,1017.8466,-25446.17,0.86
2373,49.44,1028.1892,-29716.88,0.91
2374,44.88,1086.1404,-28917.11,0.92
2375,35.8,1038.0997,-25952.49,1.11
2376,36.64,1020.2885,-37290.4,0.96
2377,35.8,1143.5813,-30613.31,0.85
2378,38.16,1073.3561,-34338.97,0.99
2379,46.2,1022.5706,-35555.54,0.96
2380,35.36,1010.1971,-29299.36,1.08
2381,39.84,1032.8962,-29808.46,1.09
2382,46.08,1046.4646,-32069.86,0.77
2383,48.8,1062.3652,-28534.05,1.1
2384,58.44,1036.7094,-29920.44,0.89
2385,47.52,1187.6662,-33262.35,1.03
2386,36.48,1035.7427,-29920.6,1.26
2387,32.44,1008.5636,-27080.87,1.08
2388,49.04,1022.7207,-33278.38,0.98
2389,39.76,1021.1371,-31630.19,1.21
2390,47.96,1044.4836,-27971.01,0.96
2391,21.6,1006.4218,-37218.39,1.16
2392,36.0,1007.0348,-37000.15,0.87
2393,50.12,1062.9302,-26573.25,0.98
2394,52.28,1034.4514,-33799.67,1.38
2395,22.0,997.7199,-48933.37,1.15
2396,41.64,999.7677,-43055.98,0.96
2397,43.96,1047.5578,-28164.01,1.06
2398,42.4,1000.5759,-36993.57,1.16
2399,46.64,1072.3316,-28792.3,1.19
2400,50.48,1037.7865,-33315.78,1.16
2401,21.12,996.575,-42971.88,1.26
2402,49.0,1004.0072,-29123.37,1.05
2403,32.28,990.6538,-24766.34,1.13
2404,31.2,989.6643,-28798.92,1.1
2405,57.64,1013.5956,-29330.46,1.16
2406,48.88,1052.7209,-28340.95,1.16
2407,54.12,1022.5925,-39522.21,1.1
2408,62.24,1033.1862,-27865.89,1.0
2409,54.76,1039.8131,-31943.76,1.18
2410,55.96,1021.486,-35453.77,1.08
2411,52.2,997.0519,-24926.3,1.18
2412,63.96,1021.2758,-33470.18,1.45
2413,43.24,1041.928,-27914.81,1.21
2414,36.16,1015.9527,-25398.82,1.13
2415,63.64,1030.9039,-25772.6,1.09
2416,36.64,1025.3655,-31624.6,1.17
2417,47.6,1037.1869,-35696.08,1.06
2418,58.44,1054.6772,-34205.06,1.09
2419,48.88,1041.9369,-31903.51,1.17
2420,50.4,987.614,-28709.58,1.17
2421,49.76,1056.1184,-32267.39,1.03
2422,52.24,1029.661,-31632.8,1.0
2423,42.68,1107.7422,-33528.08,1.14
2424,45.76,1032.2044,-31496.76,1.13
2425,38.56,1066.3119,-30638.24,1.16
2426,36.6,993.4768,-24836.92,1.12
2427,54.96,1039.1061,-29843.41,1.09
2428,48.64,1028.4305,-27688.94,1.05
2429,50.08,1090.0048,-29198.39,1.15
2430,38.48,1035.4532,-25886.33,1.12
2431,45.6,1019.8048,-29516.2,1.09
2432,51.24,1015.6854,-27357.01,0.93
2433,34.72,1018.2349,-25455.87,1.17
2434,43.52,1068.1483,-28710.69,1.11
2435,44.6,990.4677,-28777.93,1.04
2436,59.6,1009.1661,-27178.11,1.11
2437,38.84,1027.1165,-25677.91,1.14
2438,59.84,993.3043,-30732.49,1.04
2439,44.32,1029.7399,-33666.97,1.1
2440,40.88,980.9082,-28561.6,0.75
2441,52.52,1037.7859,-27908.27,1.06
2442,58.76,1026.0861,-29558.28,0.96
2443,45.24,1041.6504,-28005.24,0.99
2444,41.08,1008.6852,-31207.66,1.02
2445,51.24,1067.2666,-32428.57,1.11
2446,48.8,1009.0216,-27260.09,1.16
2447,55.0,1110.6217,-35405.21,1.23
2448,51.04,1059.8578,-30438.72,1.04
2449,34.16,1034.918,-27907.54,1.1
2450,34.44,1004.0868,-29116.85,1.07
2451,61.84,1023.6647,-31552.19,0.91
2452,45.44,991.827,-34642.95,1.04
2453,64.2,1060.919,-32349.98,1.04
2454,50.92,1124.754,-32970.0,1.09
2455,45.56,1070.6837,-36552.76,1.3
2456,38.8,989.9709,-26785.18,1.09
2457,26.68,1066.4495,-34422.45,1.05
2458,43.72,1016.2178,-33214.27,1.07
2459,42.4,1038.733,-30021.8,1.15
2460,50.24,1035.4674,-29897.79,1.0
2461,39.68,1002.1666,-29035.79,0.92
2462,56.44,1017.7309,-31376.34,1.03
2463,56.56,1082.9138,-28922.27,0.96
2464,24.16,996.046,-26900.03,0.93
2465,65.36,1058.6469,-30405.95,1.05
2466,43.76,1094.8844,-39363.58,1.0
2467,38.52,1048.7273,-29923.33,1.21
2468,22.12,1019.1732,-29477.42,1.0
2469,27.16,1004.8362,-27152.8,1.12
2470,52.12,1024.1551,-27575.18,1.07
2471,58.96,1021.6469,-31605.71,0.95
2472,35.12,1041.2197,-30078.41,1.03
2473,43.8,1034.988,-27893.18,1.1
2474,49.24,1042.7231,-29968.11,1.03
2475,50.24,1035.5242,-29863.9,0.96
2476,63.92,1074.7828,-30642.41,0.9
2477,59.96,1062.2619,-32486.71,1.05
2478,49.84,1046.7635,-35973.28,1.09
2479,52.0,1014.093,-25352.33,1.0
2480,51.96,1028.3802,-33571.09,1.22
2481,53.24,1049.4405,-33843.72,1.12
2482,47.4,1043.0619,-33986.04,1.14
2483,49.84,1035.8606,-27928.43,0.94
2484,56.2,1009.5358,-33184.06,1.0
2485,53.48,1062.8854,-30513.58,1.19
2486,52.32,990.408,-26783.29,1.12
2487,28.52,1019.244,-27496.87,1.13
2488,57.8,1053.348,-28313.46,1.07
2489,49.56,1052.0534,-28336.92,1.08
2490,45.72,1069.1054,-28730.0,1.18
2491,53.44,1029.3001,-25732.5,0.97
2492,54.28,1035.278,-29784.44,0.88
2493,52.32,1072.607,-34646.79,1.15
2494,33.44,986.7614,-24669.04,1.07
2495,40.56,990.4744,-28793.89,1.11
2496,35.52,1036.047,-27924.34,1.1
2497,52.36,1011.6011,-27282.58,1.17
2498,44.28,1012.9988,-29276.82,1.01
2499,40.68,1020.1248,-27389.83,1.05
2500,56.16,1031.8547,-25796.37,1.12
2501,42.2,1040.9186,-28038.78,1.04
2502,56.72,1067.0942,-26677.35,1.25
2503,51.28,1007.65,-25191.25,1.14
2504,48.36,1119.6889,-31850.1,1.1
2505,50.48,1090.4955,-34998.33,0.91
2506,55.68,1126.8496,-28171.24,0.99
2507,51.52,1028.716,-29738.08,1.19
2508,36.32,967.4532,-32324.85,0.86
2509,50.56,1031.5468,-25788.67,0.95
2510,52.16,998.8696,-26935.5,0.95
2511,57.32,1030.1605,-29805.53,1.04
2512,37.52,1062.1516,-32143.2,0.9
2513,49.36,1120.8813,-35667.55,0.71
2514,50.8,1076.5983,-32857.36,1.12
2515,54.12,1103.8647,-33148.81,0.92
2516,46.6,995.9533,-28946.2,1.07
2517,49.24,1009.8183,-33316.69,1.04
2518,42.84,1048.8256,-28239.33,1.01
2519,51.2,1036.8661,-29889.91,1.04
2520,50.96,1041.3469,-34000.09,0.88
2521,44.96,1023.0684,-27501.39,1.16
2522,53.64,1038.7738,-31950.82,0.98
2523,44.28,1048.0265,-26200.66,1.01
2524,45.76,1006.694,-31198.01,0.82
2525,32.48,1033.2974,-31863.83,0.99
2526,48.24,1026.9924,-25674.81,1.04
2527,36.64,967.9821,-26231.34,0.85
2528,24.4,1031.6051,-27720.43,0.92
2529,51.68,1049.3238,-28192.2,1.02
2530,44.24,1050.7264,-26268.16,0.99
2531,21.44,996.7185,-32913.22,1.07
2532,61.56,1041.1043,-29912.81,1.06
2533,45.28,1224.586,-34345.76,0.93
2534,46.76,1143.6727,-34051.71,0.99
2535,50.12,1029.5886,-29487.97,0.93
2536,38.4,1027.3852,-29450.62,1.1
2537,48.24,1023.7873,-27525.88,1.04
2538,48.44,1039.4352,-25985.88,0.68
2539,49.04,1078.8028,-26970.07,1.23
2540,62.08,1017.7144,-29452.08,1.07
2541,54.64,996.7897,-24919.74,0.81
2542,51.52,1079.2364,-26980.91,0.93
2543,47.2,1034.8582,-25871.46,0.77
2544,58.96,1050.6676,-28212.96,0.75
2545,51.68,1016.9576,-27318.58,0.81
2546,57.36,992.438,-26834.16,0.93
2547,58.76,1038.9304,-27975.63,0.99
2548,55.88,1013.5681,-25339.2,1.14
2549,50.68,1036.3363,-25908.41,1.0
2550,43.72,1045.1879,-28081.18,0.78
2551,49.28,1035.8458,-27887.78,0.88
2552,48.0,1023.7955,-31457.46,0.78
2553,55.28,1036.2348,-29787.76,1.17
2554,55.36,1017.8696,-25446.74,0.89
2555,61.16,1017.1145,-27391.51,0.99
2556,40.6,1011.2813,-25282.03,0.99
2557,50.0,1199.2453,-29981.13,1.06
2558,46.08,1051.7135,-26292.84,0.9
2559,53.0,1062.2722,-26556.81,0.94
2560,56.48,1121.1508,-28028.77,0.86
2561,29.2,997.9079,-24947.7,0.89
2562,57.0,991.7808,-24794.52,0.99
2563,39.16,1017.2637,-27296.56,1.13
2564,51.12,1073.983,-28794.89,0.89
2565,24.8,998.1989,-24954.97,0.76
2566,51.76,1047.1251,-28200.44,0.89
2567,55.08,1237.4082,-30935.2,0.68
2568,52.04,1083.0792,-28927.9,0.77
2569,57.8,1026.6861,-27634.04,0.87
2570,51.2,1019.7622,-27446.06,0.93
2571,42.52,1150.0019,-30717.07,0.92
2572,54.88,1055.3949,-26384.87,0.92
2573,30.24,1007.2165,-25180.41,1.05
2574,38.32,1040.0684,-26001.71,0.92
2575,50.8,1010.2811,-27247.75,0.69
2576,33.68,1055.7051,-28393.38,0.96
2577,36.28,1004.6077,-25115.19,0.96
2578,32.2,1007.7011,-25192.53,0.98
2579,50.76,1114.9506,-27873.76,0.8
2580,32.28,987.1481,-24678.7,1.21
2581,48.08,1191.8557,-29796.39,1.09
2582,47.12,1018.398,-25459.95,0.94
2583,47.84,1041.4648,-28004.29,1.01
2584,61.24,1059.53,-26488.25,0.82
2585,42.8,1052.4394,-26310.99,1.12
2586,67.04,1020.7992,-25519.98,0.7
2587,42.6,1037.2606,-25931.52,1.07
2588,48.68,1046.6693,-28019.22,1.01
2589,52.92,1063.9232,-26598.08,0.96
2590,49.64,1036.4596,-25911.49,0.84
2591,29.32,1021.2374,-25530.93,1.03
2592,24.92,971.9223,-24298.06,0.79
2593,51.36,1014.6149,-27329.77,1.04
2594,45.04,1099.8106,-27495.26,0.72
2595,53.64,1004.711,-25117.78,1.15
2596,36.24,1012.2856,-31346.02,0.9
2597,44.36,996.9437,-28919.99,0.94
2598,38.12,1031.9092,-27746.88,0.98
2599,43.8,1039.8771,-27943.95,0.94
2600,55.12,1016.069,-25401.72,0.89
2601,57.92,1063.5216,-28562.71,0.89
2602,60.68,1006.7052,-25167.63,0.9
2603,52.8,1021.6816,-27519.89,0.77
2604,38.6,983.2807,-28620.26,0.77
2605,55.8,1106.9234,-29374.14,1.16
2606,58.72,1099.1778,-27479.45,0.76
2607,35.64,1035.7652,-27827.97,0.96
2608,50.8,1053.8991,-26347.48,0.81
2609,61.88,1022.723,-27591.69,0.93
2610,54.72,1042.2848,-26057.12,0.7
2611,58.04,1046.2838,-26157.1,0.94
2612,54.32,1061.8191,-28539.63,0.87
2613,37.6,1006.216,-29172.83,0.8
2614,33.04,998.2179,-26975.69,1.08
2615,42.8,1039.4472,-27930.54,0.8
2616,47.64,1018.8915,-31419.7,0.93
2617,57.24,1082.3257,-30834.37,1.17
2618,37.16,978.0557,-26475.62,0.9
2619,41.76,997.9572,-26968.03,0.81
2620,27.36,1026.1623,-25654.06,1.01
2621,34.12,1014.7262,-29139.32,0.87
2622,55.4,1039.0592,-25976.48,0.97
2623,62.96,1036.1324,-27931.97,0.96
2624,46.24,1026.2379,-29709.86,1.15
2625,38.64,1006.852,-29219.55,0.99
2626,43.52,1029.9468,-35610.22,0.95
2627,64.64,1031.1719,-25779.3,0.94
2628,49.56,1041.1449,-26028.62,1.08
2629,51.96,1034.5464,-33436.67,0.95
2630,39.0,1037.2307,-29821.23,0.75
2631,54.44,1037.6524,-29850.74,1.1
2632,55.0,1077.029,-30882.03,0.94
2633,53.68,989.857,-30747.28,1.1
2634,41.12,1049.6334,-28224.17,0.87
2635,43.64,1024.8545,-31502.87,0.87
2636,44.28,1055.085,-32289.23,0.9
2637,50.04,1066.6581,-30293.69,0.89
2638,42.96,1024.891,-35420.17,1.08
2639,36.48,996.7305,-38897.42,0.95
2640,36.88,1038.9239,-33794.57,1.01
2641,45.68,1017.1286,-37252.39,1.11
2642,47.8,996.8534,-30827.78,1.04
2643,45.96,998.2826,-34958.75,1.12
2644,35.68,1032.3298,-31797.08,0.9
2645,42.0,994.9277,-28851.52,1.13
2646,36.76,1032.7874,-29655.71,1.24
2647,39.24,1019.787,-29531.51,1.0
2648,56.04,1014.4182,-31277.86,1.02
2649,56.52,1031.7949,-27806.08,1.14
2650,39.72,1040.6165,-29674.67,1.07
2651,35.64,1026.4928,-33768.08,1.15
2652,41.4,1013.6975,-37069.47,1.1
2653,54.12,1047.9111,-30053.65,0.87
2654,44.72,987.1302,-24678.25,1.08
2655,65.88,1047.7473,-30025.29,0.96
2656,28.56,1022.3191,-31574.67,0.98
2657,63.84,1014.0401,-35266.5,1.13
2658,48.76,1024.3052,-29141.94,1.02
2659,45.92,1018.889,-31252.15,0.82
2660,48.92,1022.8934,-27591.61,0.93
2661,44.56,1032.1383,-25803.46,0.85
2662,38.64,1021.7153,-33532.44,0.8
2663,59.96,1043.9642,-26099.11,1.11
2664,51.52,1033.5319,-27412.05,0.81
2665,50.96,1040.6922,-26017.3,1.03
2666,55.68,993.504,-28854.92,1.05
2667,28.96,994.7124,-30936.99,1.1
2668,42.44,1103.6386,-33169.01,1.0
2669,46.52,1011.7002,-29280.67,1.04
2670,48.0,1046.2278,-28179.31,0.98
2671,29.96,1056.2937,-32377.94,0.99
2672,51.04,998.462,-30900.07,1.02
2673,59.84,1019.9033,-29489.59,1.09
2674,56.32,1038.8664,-27891.16,0.96
2675,34.96,1038.843,-33596.22,1.04
2676,48.52,1035.9194,-33877.4,1.07
2677,60.8,1052.1475,-34265.03,1.14
2678,41.6,1002.963,-31037.3,0.87
2679,52.72,1043.1334,-30107.37,1.04
2680,53.6,1064.0966,-34456.05,0.76
2681,57.92,999.8028,-30834.59,0.94
2682,38.96,1057.039,-34420.01,0.97
2683,53.52,1072.7266,-28737.32,0.96
2684,31.28,1010.5768,-29228.66,1.16
2685,55.56,1015.3896,-27331.66,1.02
2686,54.56,1007.392,-27204.45,1.18
2687,40.84,1051.8384,-30214.86,1.17
2688,58.16,1048.3834,-38087.99,1.03
2689,45.92,1105.5703,-31689.42,1.11
2690,59.24,1064.9608,-26624.02,1.03
2691,58.8,994.3262,-34900.63,0.99
2692,52.6,1055.372,-30240.76,0.92
2693,48.24,1019.5602,-27494.44,1.16
2694,33.92,967.0013,-28249.95,0.72
2695,39.2,974.608,-30446.17,1.02
2696,47.04,1024.0385,-27620.77,0.99
2697,40.96,1014.9723,-31363.99,1.06
2698,64.16,1051.3836,-34272.87,0.85
2699,50.84,989.9327,-32888.06,1.04
2700,33.36,985.8667,-28626.54,1.04
2701,49.52,1013.1439,-31278.63,1.06
2702,39.96,1043.5097,-30061.09,0.98
2703,40.76,1066.9008,-30552.15,1.11
2704,53.88,1059.6405,-28316.68,0.92
2705,50.72,1037.4788,-29663.41,1.0
2706,55.72,1029.6957,-31743.15,1.15
2707,33.84,1045.7009,-30108.32,1.02
2708,44.04,1045.5957,-30106.22,1.02
2709,64.04,1028.9934,-29627.88,1.04
2710,50.48,1036.1074,-29852.23,1.06
2711,61.16,1015.5796,-27367.62,0.99
2712,52.08,1027.7434,-31631.78,0.96
2713,40.52,1030.9875,-35624.72,1.04
2714,56.92,1061.2537,-32259.75,1.05
2715,42.32,1124.3552,-30056.37,1.01
2716,49.36,1069.0464,-30658.44,1.01
2717,55.28,1015.0923,-27396.25,1.03
2718,48.48,1086.1709,-32571.6,0.93
2719,36.2,1093.1285,-32982.58,1.1
2720,63.52,1033.7785,-31811.63,1.16
2721,47.96,1032.1174,-33798.1,0.88
2722,45.2,987.6818,-24692.04,1.03
2723,42.28,1019.244,-27478.43,1.24
2724,52.08,1007.4174,-33208.5,0.89
2725,44.76,1053.2091,-34119.3,1.21
2726,44.08,1080.5079,-32663.85,1.08
2727,40.52,1000.0552,-33080.76,0.96
2728,58.2,1087.846,-36771.43,0.94
2729,56.08,1039.7226,-34013.24,1.13
2730,25.16,1048.1114,-35899.93,1.1
2731,48.88,1080.8868,-32527.13,0.96
2732,53.68,1002.167,-26992.03,1.08
2733,51.96,1008.4992,-33352.75,1.08
2734,45.96,1059.3891,-32403.11,1.16
2735,39.8,1065.97,-34202.97,1.07
2736,49.0,1038.467,-27985.13,1.17
2737,45.56,1007.2484,-29122.47,1.09
2738,41.12,1039.5352,-27772.91,1.0
2739,48.6,1025.575,-25639.38,1.02
2740,46.32,1033.6485,-27860.23,1.02
2741,43.44,1058.2502,-34183.79,1.08
2742,33.56,1046.0651,-32149.71,1.08
2743,45.64,1048.5012,-28201.81,0.96
2744,40.2,1025.6768,-29599.25,1.03
2745,46.76,1027.7724,-25694.31,1.08
2746,49.08,1023.6924,-31381.0,1.18
2747,64.48,1006.2492,-27190.99,0.8
2748,55.16,1056.8414,-32307.2,0.9
2749,50.0,1090.736,-34955.51,1.09
2750,55.52,1066.4765,-28627.05,1.06
2751,41.8,1047.1676,-31721.91,0.98
2752,44.52,1048.062,-26201.55,0.95
2753,44.44,983.2744,-26600.93,0.93
2754,56.44,1067.5947,-38279.75,1.06
2755,43.72,1007.7108,-27186.93,1.11
2756,50.52,1046.0803,-33893.3,0.9
2757,31.0,998.4963,-26979.34,0.85
2758,40.64,1037.6444,-29913.75,1.1
2759,53.0,1003.6146,-29114.6,1.1
2760,50.8,1054.953,-33966.6,1.06
2761,40.92,1034.1624,-35683.77,1.3
2762,28.92,1065.6794,-28670.61,0.99
2763,37.68,1045.6672,-27993.99,1.13
2764,44.28,1024.2042,-29583.26,1.05
2765,51.16,1067.0811,-36341.17,1.06
2766,41.8,1002.2086,-29098.14,0.89
2767,66.92,1063.4486,-30576.27,0.9
2768,52.08,1022.6288,-31602.28,0.89
2769,44.56,1009.9998,-27256.51,1.09
2770,39.48,1016.8873,-33174.27,1.17
2771,62.6,1014.7466,-35257.38,1.03
2772,63.24,1076.9305,-32832.33,0.89
2773,57.28,1034.4934,-31851.44,1.19
2774,51.12,1056.5324,-35866.06,0.93
2775,35.96,1024.6926,-29584.29,0.96
2776,40.6,1000.6004,-31083.37,0.9
2777,54.52,1028.0208,-27680.18,1.16
2778,56.16,1020.367,-29367.15,1.01
2779,50.24,1058.8584,-26471.46,1.0
2780,44.96,1032.7382,-31822.83,1.01
2781,56.44,1026.6675,-25666.69,0.93
2782,50.8,1083.16,-34799.51,0.98
2783,48.84,1044.8628,-26121.57,0.97
2784,54.88,1097.2097,-33175.24,0.92
2785,43.32,1026.4873,-25662.18,1.03
2786,46.12,1016.5306,-27431.72,0.93
2787,52.88,1037.9811,-31926.59,0.86
2788,39.92,1058.8438,-34534.91,1.05
2789,46.04,1042.108,-29645.59,0.88
2790,55.12,1015.7049,-35396.78,0.99
2791,48.8,1008.0137,-27190.98,1.06
2792,43.12,1163.18,-34567.23,0.76
2793,52.08,1025.5405,-27541.76,0.79
2794,44.24,1025.6973,-25642.43,0.81
2795,35.24,1040.521,-33694.94,1.0
2796,49.0,1039.3486,-32015.71,0.91
2797,40.12,1042.5789,-35675.05,1.23
2798,49.56,1072.9283,-38253.61,1.14
2799,56.2,1014.4726,-27391.21,1.11
2800,25.84,1033.8319,-33706.14,1.07
2801,55.8,1001.4274,-25035.69,0.92
2802,43.8,1060.4285,-32456.39,0.94
2803,56.72,1085.0731,-35061.88,0.99
2804,26.12,1016.9979,-27206.93,1.13
2805,50.92,1091.363,-29286.1,0.85
2806,55.84,1044.1917,-35843.55,0.93
2807,42.48,1059.5893,-30285.77,1.0
2808,39.48,1045.536,-28157.69,0.88
2809,58.92,1025.6112,-29503.56,1.14
2810,56.36,1030.7127,-37607.46,1.13
2811,47.08,1081.129,-28994.45,1.18
2812,37.04,1018.0367,-27477.6,0.94
2813,49.24,1012.1641,-25304.1,1.11
2814,37.68,1016.7662,-27367.47,0.91
2815,47.72,1138.2487,-28456.22,1.03
2816,60.32,984.9749,-24624.37,1.06
2817,45.72,1076.1968,-28852.3,0.89
2818,26.36,1000.7666,-31038.01,0.8
2819,46.4,1053.5561,-26338.9,1.18
2820,32.8,1042.2878,-29876.34,0.88
2821,58.68,1030.4958,-27744.27,1.09
2822,59.44,1046.3572,-33691.06,1.12
2823,49.8,1072.143,-26803.58,0.98
2824,52.24,1032.6416,-33750.71,0.92
2825,57.04,1012.1147,-29377.43,0.92
2826,50.68,1040.8353,-30056.44,1.05
2827,53.4,1035.4779,-27923.93,0.89
2828,47.68,1067.8887,-26697.22,1.19
2829,53.36,1031.7246,-29794.83,0.87
2830,47.28,1029.3336,-27680.74,0.8
2831,66.6,1011.4906,-25287.27,0.89
2832,59.48,1063.4275,-28494.89,0.95
2833,53.88,1048.0812,-27878.93,1.03
2834,45.68,1051.3658,-26284.15,1.24
2835,54.72,995.4902,-26906.55,1.0
2836,51.04,1038.4445,-25961.11,1.08
2837,60.56,993.706,-30729.76,1.07
2838,45.52,1055.304,-30272.7,1.15
2839,40.24,1022.5364,-33583.81,1.03
2840,53.2,1029.7676,-31766.93,0.81
2841,45.4,1015.9512,-27420.29,0.74
2842,57.24,1062.809,-30539.84,0.98
2843,48.72,1021.9689,-25549.22,1.42
2844,51.56,1050.8534,-28217.56,0.91
2845,48.04,1088.3569,-32779.33,0.89
2846,34.16,1007.1327,-27196.71,1.07
2847,50.72,1053.691,-28285.14,0.82
2848,50.52,1188.7204,-31521.88,0.85
2849,34.4,1023.2387,-27587.18,1.19
2850,42.04,1033.478,-25836.95,1.08
2851,53.92,1042.2295,-28022.81,1.08
2852,44.44,1026.0994,-27627.5,0.77
2853,45.84,978.7204,-24468.01,0.92
2854,59.68,1036.887,-31818.91,0.89
2855,40.64,1035.0566,-25876.41,1.0
2856,41.24,968.7591,-24218.98,0.66
2857,55.96,1015.5806,-25389.52,1.19
2858,51.08,1031.425,-25785.63,0.91
2859,46.84,1015.272,-27319.1,1.17
2860,57.88,1038.2316,-29910.43,0.74
2861,44.28,1014.8777,-27408.96,0.78
2862,49.68,1017.3446,-27459.77,0.78
2863,37.72,1019.1674,-25479.18,0.98
2864,42.56,1057.1151,-30416.58,1.16
2865,44.44,1027.8954,-27668.87,0.72
2866,51.96,1026.0103,-27604.37,0.99
2867,48.28,1004.7977,-25119.94,0.97
2868,56.0,1005.2312,-25130.78,0.78
2869,38.76,969.4333,-26269.57,0.68
2870,65.88,1272.1347,-33522.29,0.84
2871,37.16,1020.4928,-27489.35,0.88
2872,48.2,1020.7898,-27496.88,0.86
2873,43.2,1058.1834,-26454.58,0.88
2874,45.24,1040.2355,-27951.84,0.79
2875,44.4,1046.3711,-30050.31,1.04
2876,43.08,1050.4358,-26260.89,0.81
2877,49.04,1056.2628,-28353.27,0.77
2878,71.44,1033.8366,-31745.11,0.76
2879,42.12,1017.4992,-27401.4,0.93
2880,50.64,1072.8378,-26820.95,0.96
2881,57.96,1007.3492,-27064.93,0.99
2882,39.92,1006.2867,-27147.39,0.9
2883,54.04,994.9441,-26896.38,1.03
2884,46.2,1027.8626,-25696.57,0.86
2885,47.88,1076.3992,-28934.1,0.92
2886,63.52,1059.9439,-30190.83,1.17
2887,50.48,1224.5522,-30613.8,1.11
2888,50.36,1006.8331,-27204.24,1.07
2889,45.6,1045.663,-28086.2,1.09
2890,48.28,1100.0924,-29351.25,0.85
2891,56.96,1055.0235,-30346.82,1.07
2892,61.92,1022.2576,-29482.46,0.83
2893,27.12,1004.7456,-27139.38,0.9
2894,36.64,1032.2576,-31770.11,0.92
2895,38.2,964.4463,-28139.23,0.96
2896,42.48,1029.5205,-29640.61,1.15
2897,61.8,965.4678,-24136.7,0.84
2898,50.52,1059.5916,-28429.1,0.77
2899,39.6,1062.4238,-30324.85,0.83
2900,41.64,1015.3494,-27280.74,0.83
2901,55.56,1036.8341,-25920.85,0.73
2902,42.04,1018.1028,-27469.53,1.04
2903,59.0,1075.6267,-26890.67,0.95
2904,53.56,964.5111,-24112.78,0.7
2905,63.76,1070.7974,-30720.36,0.96
2906,64.64,991.2678,-26789.72,0.77
2907,57.72,1021.2344,-27408.08,0.99
2908,53.28,1178.5715,-31249.68,1.05
2909,33.44,969.8848,-24247.12,0.77
2910,52.08,1027.065,-25676.62,0.92
2911,39.52,1019.9048,-29531.15,0.87
2912,57.2,1085.8074,-27145.18,0.89
2913,39.12,1020.6368,-25515.92,0.98
2914,53.36,991.7687,-24794.22,0.69
2915,47.84,1042.2451,-26056.13,1.0
2916,41.48,1071.656,-28708.47,0.86
2917,57.64,1047.7229,-28184.26,0.94
2918,46.0,980.027,-26523.72,0.73
2919,44.72,1067.9451,-26698.63,1.06
2920,46.36,1024.7316,-29584.48,0.95
2921,54.88,1025.255,-27668.05,1.11
2922,49.96,1387.9799,-36295.57,1.07
2923,58.16,1047.5927,-26189.82,0.88
2924,55.24,1064.0612,-26601.53,0.9
2925,42.72,1052.6952,-30267.89,0.99
2926,29.6,1009.2107,-25230.27,0.88
2927,52.52,1034.4349,-27821.98,0.92
2928,30.8,1003.0059,-27073.23,0.68
2929,39.4,1033.3559,-27799.93,0.8
2930,39.28,1003.9122,-25097.81,0.85
2931,23.68,1104.4634,-29478.91,0.89
2932,50.64,1056.8698,-26421.74,0.76
2933,56.28,1004.8532,-27153.1,0.77
2934,37.64,1044.8713,-30174.75,1.02
2935,58.2,986.9569,-28698.36,0.77
2936,57.08,1021.7031,-27489.14,0.86
2937,39.12,1034.555,-25863.88,0.99
2938,28.8,1147.2582,-30527.27,0.67
2939,51.32,1032.9861,-25824.65,0.96
2940,50.52,1373.3381,-34333.45,0.69
2941,40.0,1109.4718,-29623.74,1.0
2942,62.24,1047.7084,-28142.01,0.66
2943,52.24,1081.1188,-27027.97,0.89
2944,47.8,1065.7254,-26643.14,0.71
2945,46.24,1029.8611,-25746.53,0.9
2946,46.72,1026.202,-25655.05,0.87
2947,53.16,1040.2776,-26006.94,0.76
2948,60.64,1032.968,-25824.2,0.99
2949,61.32,978.1077,-28526.45,0.73
2950,44.76,973.7213,-24343.03,0.92
2951,50.28,1080.2837,-27007.09,0.97
2952,32.88,985.908,-24647.7,0.66
2953,49.04,1084.6906,-29025.1,0.78
2954,36.0,970.3188,-24257.97,0.85
2955,46.36,1011.1906,-25279.76,0.71
2956,50.64,1127.052,-28176.3,1.02
2957,42.16,1076.8198,-28839.81,0.72
2958,47.12,1165.4085,-29135.21,1.03
2959,45.0,1054.1109,-26352.77,0.71
2960,30.36,969.698,-26256.16,0.82
2961,51.04,1010.4853,-25262.13,0.77
2962,56.92,978.2981,-24457.45,0.83
2963,48.2,1018.4049,-25460.12,1.09
2964,24.64,1000.308,-25007.7,0.76
2965,49.76,1055.7313,-26393.28,0.7
2966,50.04,1006.937,-25173.43,1.03
2967,51.28,1033.3472,-25833.68,1.08
2968,46.0,1041.7926,-26044.82,0.78
2969,56.68,1006.855,-27167.52,0.74
2970,54.48,1060.3648,-26509.12,0.99
2971,61.8,1022.0219,-25550.55,0.8
2972,58.44,996.326,-24908.15,0.83
2973,31.56,1022.1352,-25553.38,0.79
2974,34.68,969.7152,-24242.88,0.71
2975,52.72,1013.7998,-25345.0,0.68
2976,42.08,1012.2256,-25305.64,0.96
2977,52.96,1078.2276,-26955.69,0.86
2978,43.56,1022.6905,-25567.26,0.82
2979,42.68,985.0533,-24626.33,0.78
2980,45.28,1032.6583,-25816.46,0.92
2981,40.28,1066.4592,-26661.48,0.99
2982,59.0,1049.7366,-26243.42,0.88
2983,45.72,1142.4203,-28560.51,0.72
2984,22.08,1022.6289,-25565.72,0.9
2985,44.96,1018.321,-25458.03,0.87
2986,39.52,1039.3075,-25982.69,0.76
2987,43.76,1198.6554,-29966.39,0.65
2988,50.0,1006.9811,-25174.53,0.74
2989,60.68,1073.3092,-28754.95,0.82
2990,33.08,1004.6626,-25116.57,1.34
2991,36.68,973.5591,-24338.98,0.9
2992,32.96,976.562,-24414.05,0.79
2993,48.24,1042.0144,-26050.36,0.75
2994,52.0,1007.1993,-25179.98,0.74
2995,56.24,1005.1022,-25127.55,0.76
2996,52.0,1008.2539,-28994.95,0.96
2997,56.44,991.8357,-24795.89,0.8
2998,53.56,1058.8269,-26470.67,0.69
2999,61.44,1129.3042,-28232.61,0.87
3000,42.56,1027.2162,-25680.4,0.96
3001,48.4,1030.4213,-25760.53,0.94
3002,22.0,1001.2226,-25030.57,1.07
3003,54.76,1062.6153,-26565.38,1.06
3004,52.08,983.2062,-24580.16,0.73
3005,55.48,1032.5474,-27798.26,0.84
3006,26.6,981.8196,-26511.3,1.06
3007,26.52,1001.2128,-25030.32,0.83
3008,50.24,1095.4532,-29250.09,0.96
3009,52.44,1159.9167,-28997.92,0.67
3010,30.52,980.4972,-28551.44,0.74
3011,43.12,1049.2874,-26232.18,0.71
3012,44.96,1013.4617,-25336.54,1.05
3013,35.52,982.3728,-24559.32,0.74
3014,36.48,984.179,-24604.47,1.07
3015,58.6,1034.0309,-25850.77,1.01
3016,46.0,980.9842,-24524.6,0.71
3017,62.36,1026.4851,-25662.13,0.93
3018,58.12,1146.0432,-28651.08,0.72
3019,38.64,1034.8528,-25871.32,0.68
3020,54.84,1054.6012,-26365.03,0.76
3021,55.36,1026.8508,-25671.27,0.9
3022,39.84,982.5274,-24563.18,1.01
3023,56.8,1032.6143,-25815.36,0.85
3024,53.88,1064.2908,-28642.87,0.79
3025,43.04,1040.8626,-29942.13,0.66
3026,47.36,1098.0729,-27451.82,0.88
3027,53.44,1074.1659,-26854.15,1.02
3028,36.08,976.0734,-24401.84,0.72
3029,36.2,1044.7699,-26119.25,0.85
3030,61.96,1031.1777,-25779.44,0.76
3031,48.32,1029.8108,-25745.27,0.83
3032,37.24,1189.6403,-31708.23,1.12
3033,47.36,1054.0985,-26352.46,0.8
3034,40.32,1052.3271,-28255.08,0.77
3035,45.32,1030.2763,-25756.91,0.89
3036,49.2,1032.7896,-25819.74,0.9
3037,28.8,996.1288,-24903.22,0.85
3038,37.68,1057.395,-26434.88,0.92
3039,54.28,1065.1253,-28584.24,0.94
3040,68.2,1036.9637,-27946.55,0.83
3041,55.6,1030.3798,-27789.31,0.79
3042,28.68,986.0389,-24650.97,0.82
3043,36.04,980.8119,-24520.3,0.73
3044,48.32,1020.6236,-27493.8,0.72
3045,42.12,982.4145,-24560.36,0.72
3046,59.92,1040.1903,-27948.57,0.92
3047,57.6,1023.4953,-25587.38,0.67
3048,52.96,993.9705,-24849.26,0.84
3049,30.52,1164.2912,-29107.28,1.06
3050,57.8,1077.4489,-28958.26,0.95
3051,57.12,974.8801,-24372.0,0.93
3052,58.12,1145.0286,-28625.71,0.69
3053,61.52,1019.2432,-25481.08,0.97
3054,45.08,1087.8892,-27197.23,0.9
3055,38.32,1004.5226,-25113.07,0.92
3056,51.32,1015.4429,-25386.07,0.74
3057,29.52,1000.5453,-25013.63,0.86
3058,50.76,1097.1965,-29128.85,0.98
3059,43.08,1047.8314,-28142.59,0.92
3060,45.6,1014.4526,-27309.36,1.0
3061,28.56,1017.7722,-25444.3,0.94
3062,50.32,1020.8075,-27544.47,0.83
3063,53.68,1055.9019,-28343.65,0.73
3064,42.84,1006.8209,-25170.52,0.85
3065,42.48,1032.9158,-25822.89,0.79
3066,48.88,1051.1121,-26277.8,0.69
3067,54.76,1026.8668,-25671.67,0.71
3068,37.0,1062.6487,-32369.61,0.75
3069,38.0,986.0208,-26669.2,0.73
3070,60.64,1017.6216,-25440.54,0.88
3071,47.56,1099.8852,-33431.37,0.85
3072,59.44,964.6176,-28190.0,0.83
3073,59.4,1075.4511,-32779.97,0.96
3074,44.68,982.7735,-24569.34,0.81
3075,30.92,980.8178,-34649.56,0.69
3076,41.96,1044.0878,-33960.56,0.96
3077,41.04,1034.0916,-33708.81,0.71
3078,32.92,1013.9955,-26943.96,0.76
3079,45.24,1003.7318,-27095.65,1.04
3080,54.88,1049.7252,-28190.49,0.74
3081,58.44,1050.5444,-28208.93,1.01
3082,43.96,1129.0911,-30094.96,0.79
3083,62.08,993.1225,-26837.47,0.87
3084,51.24,981.881,-24547.02,0.82
3085,48.08,1056.4222,-34398.42,0.81
3086,41.0,1056.6287,-28406.5,1.08
3087,48.2,1056.8733,-28361.19,0.77
3088,57.76,1022.2753,-35445.45,0.91
3089,42.28,1008.1573,-29214.28,1.05
3090,28.12,1100.541,-31521.15,1.03
3091,39.2,1088.3064,-29226.24,0.97
3092,27.88,1053.2601,-28262.06,0.98
3093,32.64,980.7918,-26542.56,0.75
3094,56.44,1037.9524,-25948.81,0.94
3095,48.16,1026.3342,-25658.35,0.76
3096,46.6,1058.3656,-26459.14,1.06
3097,55.92,1153.8356,-32634.9,0.71
3098,51.88,1042.4646,-26061.61,0.78
3099,48.24,1049.7838,-26244.59,0.73
3100,48.04,1069.4986,-26737.46,0.8
3101,60.4,963.6718,-24091.79,0.93
3102,55.0,1057.8719,-30360.35,1.07
3103,55.64,973.8801,-24347.0,0.95
3104,44.36,1029.4669,-27675.9,0.86
3105,58.92,994.4376,-24860.94,0.96
3106,52.0,1063.861,-26596.52,0.98
3107,45.84,989.229,-24730.73,1.16
3108,52.8,991.9196,-30831.96,0.79
3109,54.88,1056.7122,-26417.81,0.89
3110,34.48,980.115,-24502.87,0.74
3111,41.88,1044.113,-28050.38,0.95
3112,46.44,1051.1413,-26278.53,0.67
3113,54.52,1020.5614,-25514.03,0.88
3114,56.44,1004.9313,-29130.66,0.81
3115,63.8,1036.5479,-27893.42,0.68
3116,51.8,1010.1268,-25253.17,1.15
3117,58.6,1078.754,-26968.85,0.79
3118,53.24,987.6322,-26702.89,0.7
3119,47.92,1043.4396,-28031.03,0.88
3120,47.12,1050.4662,-26261.66,0.68
3121,57.28,1073.264,-28754.97,0.87
3122,29.92,997.2572,-26952.12,0.92
3123,45.4,1033.6662,-29769.5,0.71
3124,50.6,1020.4431,-29511.28,0.73
3125,56.56,1067.7434,-26693.59,0.78
3126,50.12,1058.2941,-30334.74,0.92
3127,45.32,1011.3743,-27274.7,0.84
3128,53.36,1111.2487,-31615.28,0.78
3129,51.84,1042.332,-26058.3,0.85
3130,45.84,1050.8587,-26271.47,0.85
3131,50.64,1030.0766,-27722.82,0.87
3132,30.04,972.9576,-30328.65,0.92
3133,38.08,1144.3162,-30457.97,0.73
3134,65.36,1236.1044,-32655.94,0.69
3135,43.28,1117.3004,-33377.67,0.9
3136,45.16,997.0536,-24926.34,0.75
3137,36.52,1043.4969,-26087.42,1.05
3138,43.68,1201.3664,-31817.44,0.73
3139,33.6,1031.6558,-27731.48,0.84
3140,49.04,1051.3444,-31953.59,1.01
3141,29.76,1050.6565,-28223.56,1.15
3142,52.76,1067.0842,-30537.45,0.72
3143,49.24,964.6372,-24115.93,0.67
3144,47.24,1197.9166,-29947.91,0.81
3145,34.4,1006.8126,-29155.68,0.88
3146,54.84,1027.8742,-29502.15,1.03
3147,50.48,1060.6928,-34068.97,1.02
3148,49.32,1032.0212,-37519.0,1.11
3149,35.36,988.8994,-36863.81,0.8
3150,55.0,1049.9428,-37834.31,1.1
3151,49.8,1060.2818,-38215.98,1.04
3152,26.72,1024.3282,-39638.36,0.96
3153,40.28,1031.9185,-33688.11,0.78
3154,50.8,1082.6457,-36657.43,0.92
3155,58.56,1077.6848,-34471.09,1.07
3156,43.92,1039.7518,-37926.12,1.04
3157,45.6,1066.5513,-36412.1,1.09
3158,41.68,1065.5937,-32548.19,0.93
3159,28.44,1069.0919,-38661.27,1.19
3160,50.08,1045.8086,-35957.02,1.05
3161,55.28,1045.4533,-33852.2,0.97
3162,66.08,1088.3257,-40163.73,1.13
3163,64.72,1010.5619,-39250.26,1.22
3164,52.16,1007.6799,-40864.97,0.88
3165,41.36,1005.7821,-35147.26,1.14
3166,55.68,1008.88,-33184.63,1.15
3167,49.2,1054.1371,-32279.55,0.94
3168,54.24,1019.1255,-31238.73,1.28
3169,46.0,1057.9633,-38359.15,1.25
3170,31.04,1061.8387,-36434.12,0.93
3171,43.92,1050.2461,-36014.18,1.09
3172,51.2,992.808,-34862.92,0.96
3173,47.12,996.8362,-33001.01,0.85
3174,50.64,999.8224,-24995.56,1.08
3175,59.08,1011.3556,-25283.89,1.07
3176,45.12,1071.4356,-34184.06,1.06
3177,38.12,980.2193,-26530.87,0.74
3178,47.04,1017.6298,-29449.21,1.09
3179,46.0,1212.0438,-32320.75,1.07
3180,55.04,1017.1971,-29399.92,1.04
3181,38.6,1047.6831,-30145.19,1.06
3182,47.6,1052.689,-33932.27,1.08
3183,49.36,1009.929,-25248.22,0.95
3184,44.72,1046.4224,-31905.66,0.96
3185,47.36,1118.9468,-37604.29,1.06
3186,52.52,1049.3343,-34026.95,1.2
3187,49.12,993.0978,-30901.59,1.09
3188,41.08,1040.7551,-29934.88,1.06
3189,57.84,1046.3584,-30080.03,0.99
3190,56.24,1051.7544,-34175.2,1.05
3191,66.04,1031.9934,-37714.27,0.92
3192,52.36,1199.0049,-35290.37,0.98
3193,53.36,1008.7713,-29205.51,0.89
3194,28.0,1024.4399,-29403.8,0.99
3195,61.64,1122.197,-31741.14,1.1
3196,58.4,1032.7729,-25819.32,0.82
3197,42.28,1002.0964,-27017.49,1.02
3198,58.48,1038.1847,-27974.21,1.13
3199,41.32,1031.5476,-27782.57,1.03
3200,55.6,1100.5818,-31502.41,0.92
3201,39.28,1004.506,-27148.13,1.01
3202,31.24,995.3058,-26915.28,0.99
3203,28.6,1021.1167,-29542.84,1.03
3204,58.36,992.9229,-28836.18,0.93
3205,35.32,976.7412,-26451.82,1.0
3206,39.28,1028.8246,-27692.7,1.03
3207,44.2,1125.2645,-28131.61,1.21
3208,45.4,1051.9975,-26299.94,1.14
3209,39.16,1046.475,-26161.87,1.12
3210,48.6,1134.9774,-30232.31,0.71
3211,45.76,1030.9161,-31667.34,0.75
3212,26.76,985.5274,-28674.07,0.72
3213,48.56,977.884,-28491.92,0.9
3214,28.36,1000.4902,-31029.71,1.09
3215,54.2,1044.3697,-31945.15,1.06
3216,45.16,1025.9509,-27627.19,0.87
3217,41.52,1027.1477,-27646.32,1.05
3218,35.44,1109.1142,-29664.01,1.18
3219,59.68,1031.3086,-27730.35,0.87
3220,53.8,1052.9149,-34182.24,1.12
3221,54.56,1083.8778,-31023.21,1.05
3222,50.68,1001.6801,-35043.81,1.1
3223,48.52,993.6081,-26859.28,1.11
3224,43.6,985.6276,-26657.69,0.8
3225,40.8,1033.2966,-29609.94,1.0
3226,49.36,1015.6713,-31463.26,0.86
3227,55.6,998.0569,-31009.9,0.84
3228,63.76,1047.0926,-33636.92,0.91
3229,57.84,1034.3384,-31842.72,1.0
3230,58.56,1017.3696,-33415.15,1.04
3231,53.68,1013.2176,-31262.05,1.13
3232,49.52,1065.9722,-30535.72,1.08
3233,50.44,1021.0242,-33459.23,1.09
3234,56.32,1073.6496,-30671.86,1.16
3235,43.92,1059.0826,-38076.28,1.02
3236,60.96,1062.352,-43941.94,1.23
3237,57.0,1046.5179,-33942.91,0.99
3238,54.84,1035.3731,-37573.1,1.07
3239,49.0,1079.2173,-30957.92,1.21
3240,48.72,1026.05,-27640.66,1.22
3241,50.24,1001.2531,-38870.73,1.04
3242,60.2,1009.8681,-37178.41,1.07
3243,25.0,967.9488,-32328.83,1.08
3244,51.16,1040.4105,-29919.39,0.99
3245,47.72,1064.1144,-28549.32,1.22
3246,57.0,1017.416,-29448.19,1.11
3247,56.76,992.5843,-28866.85,1.14
3248,57.04,1132.9287,-32036.78,0.93
3249,47.6,981.1878,-42595.56,1.03
3250,58.88,1093.1332,-36867.54,1.04
3251,67.68,1010.3215,-37305.28,1.21
3252,53.4,1039.4416,-29984.07,1.15
3253,44.56,1053.867,-39962.31,0.79
3254,56.76,1043.8933,-35782.62,1.09
3255,55.92,1249.2362,-38139.68,1.05
3256,56.08,1024.7432,-37513.65,1.06
3257,38.16,1148.4278,-32413.54,1.11
3258,72.36,991.5662,-42863.64,1.08
3259,47.28,1027.1663,-31565.04,1.04
3260,67.28,1045.865,-35924.86,1.1
3261,56.24,1148.2102,-40078.79,1.07
3262,42.0,1007.5783,-29238.19,1.05
3263,51.36,1082.7595,-34637.02,1.36
3264,54.92,1064.3794,-34163.65,1.11
3265,52.84,1031.6738,-29720.43,1.06
3266,60.92,1058.6941,-34255.94,1.09
3267,54.72,1026.6479,-27603.73,0.97
3268,39.96,979.8937,-26516.82,1.03
3269,56.36,973.7679,-30453.03,1.1
3270,51.2,1028.2827,-37643.76,0.97
3271,60.48,983.9465,-30707.05,1.01
3272,30.2,1015.7442,-31352.52,1.07
3273,54.04,1009.7347,-33150.7,1.07
3274,48.44,1000.9825,-33077.82,1.3
3275,39.04,1037.9936,-27943.72,1.16
3276,37.84,1004.0593,-25101.48,1.21
3277,59.68,1060.851,-32477.83,1.11
3278,39.64,1007.585,-27208.6,1.03
3279,49.96,1036.4473,-35565.61,0.96
3280,59.52,1114.689,-31755.59,1.02
3281,63.32,1011.9517,-31052.28,1.15
3282,48.76,1185.3622,-40105.27,0.83
3283,57.48,1053.1033,-34174.65,1.19
3284,53.72,1046.018,-31949.37,0.94
3285,61.28,1046.3372,-28096.03,1.18
3286,56.6,1019.8071,-27463.56,0.88
3287,45.56,1044.7401,-30065.86,1.05
3288,39.72,1023.2804,-31508.35,1.01
3289,51.76,1070.9092,-32482.42,1.05
3290,55.08,1023.0608,-35453.94,1.17
3291,50.68,1056.6928,-37714.0,1.26
3292,45.8,1027.0078,-33528.73,1.68
3293,49.36,1096.3133,-31065.82,1.35
3294,48.48,1006.0559,-25151.4,1.06
3295,62.4,1032.5837,-35691.37,1.3
3296,56.68,1055.3664,-28294.69,1.23
3297,44.36,992.5929,-30841.66,1.25
3298,49.36,1078.7902,-34837.66,1.16
3299,44.64,1010.4827,-33174.01,1.16
3300,51.44,1115.7954,-31829.35,0.97
3301,48.52,1029.1906,-33611.0,0.83
3302,47.4,1024.3061,-33295.44,0.89
3303,56.76,1078.6776,-32804.41,0.99
3304,55.04,1006.5719,-29160.48,1.09
3305,55.0,1028.5759,-31698.15,1.09
3306,45.96,1068.7499,-34521.25,1.07
3307,52.48,1079.524,-32615.42,0.85
3308,47.8,1158.6028,-30906.84,1.11
3309,34.92,1021.9318,-25548.29,1.12
3310,43.04,1038.1567,-27776.62,0.87
3311,46.28,1009.4648,-27185.67,1.03
3312,35.68,965.8126,-28214.56,0.87
3313,47.68,1035.2297,-29884.86,0.93
3314,27.76,1011.563,-29277.44,0.87
3315,50.72,1031.3753,-27780.66,0.99
3316,57.6,1034.232,-33836.2,1.06
3317,48.88,1057.6553,-30078.44,1.3
3318,45.48,1091.5778,-27289.44,1.15
3319,40.32,1154.4352,-30705.96,0.94
3320,56.76,1030.7138,-29750.25,0.99
3321,46.64,1306.7044,-34631.66,0.89
3322,49.16,1044.6749,-30065.67,1.0
3323,48.12,988.1106,-28741.13,1.35
3324,52.24,1043.4954,-31853.06,1.09
3325,28.56,1046.1588,-32094.05,1.8
3326,36.72,980.9532,-30591.79,1.66
3327,49.6,1027.7652,-31530.33,1.77
3328,46.28,1033.052,-31612.03,1.26
3329,48.04,1013.7576,-31341.51,0.81
3330,54.32,1015.5117,-29450.62,1.45
3331,49.88,1052.6422,-30227.65,1.07
3332,48.36,1083.1389,-29058.12,1.18
3333,42.44,1169.0326,-29225.81,0.8
3334,47.56,1059.4797,-32321.57,0.79
3335,56.2,1032.6567,-27783.22,0.81
3336,51.92,1035.1652,-27845.13,0.81
3337,50.64,1026.1263,-29622.11,0.97
3338,46.56,973.0324,-26354.17,0.92
3339,54.96,1023.5867,-31507.54,1.5
3340,47.04,1007.0762,-29182.54,1.14
3341,38.04,1036.4821,-25912.05,0.77
3342,43.28,1001.3767,-27058.56,1.11
3343,47.48,1052.634,-28276.39,2.41
3344,51.48,1047.7482,-30213.81,2.13
3345,57.04,1023.0226,-25575.57,1.24
3346,55.2,1073.88,-30880.39,1.34
3347,53.96,1014.5959,-27342.9,1.21
3348,34.96,1007.9656,-27225.71,1.52
3349,23.92,1009.0128,-31241.23,1.1
3350,52.64,1023.0955,-29468.21,1.19
3351,56.04,1112.4153,-33766.77,1.05
3352,47.08,1008.6766,-25216.92,1.65
3353,41.72,1016.6662,-29426.41,1.45
3354,35.12,1015.958,-29072.9,1.18
3355,55.44,997.7566,-30897.54,1.22
3356,45.4,1006.0913,-31088.13,1.45
3357,69.88,996.5279,-24913.2,1.31
3358,43.56,1095.5573,-27388.93,1.11
3359,55.48,1000.3174,-28831.67,1.46
3360,59.52,998.0464,-28889.11,1.16
3361,32.8,1049.9734,-37950.23,1.21
3362,50.92,1009.7024,-27187.37,1.31
3363,36.04,1001.7432,-27041.05,1.26
3364,27.52,997.7072,-26941.95,1.36
3365,48.4,1054.0245,-30252.27,1.51
3366,53.4,979.6362,-30602.16,1.06
3367,34.92,1024.0096,-29366.73,1.21
3368,56.64,1006.7526,-29111.18,1.27
3369,44.88,1021.2629,-31388.4,1.15
3370,57.28,1022.3158,-37358.81,1.51
3371,28.8,1045.9822,-34158.09,1.39
3372,62.12,1067.6784,-28695.98,1.28
3373,42.76,1040.629,-30065.61,1.19
3374,47.4,1054.8209,-28306.08,1.6
3375,54.88,1052.846,-30238.61,1.21
3376,45.4,1032.311,-25807.77,1.49
3377,59.08,1196.3905,-31514.1,1.06
3378,31.04,1018.625,-25465.63,1.23
3379,40.44,1014.3668,-25359.17,1.31
3380,53.72,1090.2693,-31062.54,1.08
3381,48.12,1089.8142,-27245.35,1.13
3382,42.0,1001.5658,-27064.37,1.56
3383,33.12,1018.4834,-27466.28,1.14
3384,56.4,1005.088,-27121.38,1.32
3385,39.28,1039.0427,-25976.07,1.12
3386,63.8,1030.9176,-31797.41,1.0
3387,53.76,1003.1018,-29091.55,0.94
3388,48.12,1015.1929,-27177.38,1.61
3389,59.68,1053.8394,-30073.6,1.47
3390,54.84,1035.4248,-25885.62,1.31
3391,46.04,1029.7938,-37426.09,1.49
3392,51.72,985.0924,-24627.31,1.43
3393,62.84,1030.1864,-27791.62,1.49
3394,52.76,1131.7251,-33935.57,1.49
3395,43.08,1067.6903,-32506.65,1.34
3396,31.0,1013.5094,-31268.19,1.47
3397,41.0,1032.3965,-31887.26,1.47
3398,61.84,1005.6142,-27159.67,1.43
3399,44.68,996.3817,-28941.51,1.24
3400,57.04,1002.2567,-27064.39,1.34
3401,62.64,1023.5069,-27611.53,1.39
3402,46.4,1010.5938,-27288.32,1.07
3403,45.64,1009.8802,-27235.86,1.42
3404,37.04,1048.6468,-28104.98,1.59
3405,41.2,1062.0239,-26550.6,1.16
3406,53.0,1048.6214,-26215.53,1.03
3407,50.84,1012.5106,-31037.48,1.46
3408,46.08,1005.8021,-27092.03,1.22
3409,55.2,1052.9959,-30128.6,1.65
3410,46.68,1049.3816,-26234.54,1.07
3411,57.28,1014.064,-37432.28,1.12
3412,41.8,1158.7611,-32477.16,1.12
3413,56.64,1048.4795,-32019.83,1.43
3414,49.8,1089.7418,-29268.41,1.57
3415,57.2,1028.6302,-35665.55,1.24
3416,54.76,1043.6041,-43792.33,1.13
3417,30.84,1055.6107,-32299.02,1.26
3418,48.72,987.2302,-26484.03,1.19
3419,49.32,1045.9982,-32148.79,1.25
3420,33.92,1065.0738,-26626.84,1.42
3421,51.12,1030.4758,-25761.9,1.36
3422,47.68,1032.3802,-25809.51,1.1
3423,58.52,993.2512,-26840.54,1.14
3424,49.08,1034.3212,-25858.03,1.13
3425,40.0,1033.1093,-29790.02,0.95
3426,53.24,1011.5456,-29267.35,1.33
3427,43.28,993.1411,-24828.53,1.2
3428,39.88,1071.2925,-28689.52,2.14
3429,31.84,999.7916,-29060.21,1.25
3430,51.28,997.3728,-32900.37,1.37
3431,54.44,1014.3203,-25358.01,1.17
3432,51.32,1007.986,-25199.65,1.09
3433,52.8,963.1024,-26114.74,1.08
3434,44.96,1053.4694,-28281.96,0.97
3435,48.52,1157.5877,-30959.54,1.42
3436,58.96,1009.7645,-25244.11,1.29
3437,40.0,1032.9887,-25824.72,0.87
3438,44.32,1035.788,-27858.35,0.89
3439,59.0,1185.1921,-29629.8,1.65
3440,22.92,1001.8587,-25046.47,1.49
3441,50.84,1051.2705,-30191.31,1.27
3442,40.36,1111.6805,-29811.1,1.17
3443,49.08,1250.5023,-31262.56,1.14
3444,37.32,1024.665,-27644.78,1.07
3445,47.96,1124.041,-30080.55,1.52
3446,49.0,1038.0984,-25952.46,1.07
3447,59.96,1040.9876,-26024.69,1.45
3448,38.76,1008.3622,-29196.2,1.3
3449,47.96,1036.5078,-25912.7,1.33
3450,45.96,1062.9924,-26574.81,1.18
3451,48.12,1027.2964,-27698.39,1.64
3452,66.04,1004.088,-25102.2,1.49
3453,51.84,1058.5758,-30418.46,1.32
3454,49.52,1289.7334,-35665.43,1.31
3455,48.2,966.7487,-26206.63,1.28
3456,49.96,978.8828,-24472.07,1.07
3457,33.0,988.1576,-26733.06,1.31
3458,33.32,1009.8629,-25246.57,1.2
3459,50.12,1053.0747,-28025.8,1.7
3460,45.0,984.8174,-26643.2,1.47
3461,51.44,1017.0238,-25425.59,1.58
3462,45.36,980.5561,-26536.02,1.24
3463,55.28,1346.6998,-33667.49,1.1
3464,58.28,1048.3984,-28160.96,1.23
3465,31.92,1025.8654,-25646.64,1.91
3466,57.08,983.8008,-26618.09,1.13
3467,29.96,1003.7508,-25093.77,1.1
3468,35.72,1071.5766,-30646.56,1.3
3469,50.04,1038.0974,-25952.44,1.11
3470,63.48,963.1863,-24079.66,0.93
3471,57.6,1061.2852,-28396.37,1.0
3472,50.36,1023.5252,-27567.38,1.25
3473,52.88,992.2897,-24807.24,1.22
3474,43.24,1047.1057,-28113.21,1.21
3475,61.36,1112.7152,-33505.65,1.32
3476,50.2,1023.168,-27554.51,0.8
3477,43.8,1030.1071,-29798.98,0.99
3478,29.32,982.8713,-24571.78,0.92
3479,48.64,981.3064,-24532.66,1.31
3480,51.28,1005.4404,-25136.01,1.03
3481,48.88,1023.8223,-25595.56,1.15
3482,52.44,1017.0104,-27359.89,1.35
3483,44.44,984.7272,-26640.93,1.01
3484,55.68,1004.9145,-25122.86,0.94
3485,29.6,983.1188,-24577.97,1.35
3486,40.68,983.7274,-26612.98,1.75
3487,56.52,985.2281,-24630.7,1.11
3488,40.04,994.3716,-24859.29,1.05
3489,46.68,1029.705,-27684.39,1.19
3490,49.12,1057.3028,-26432.57,1.21
3491,30.12,1003.7815,-25094.54,1.37
3492,50.48,1146.7782,-28669.46,1.2
3493,38.04,976.1097,-26426.09,1.23
3494,33.52,998.2553,-26958.64,1.03
3495,51.8,1113.6446,-35466.25,1.15
3496,55.04,987.7131,-28694.56,1.13
3497,48.68,989.2535,-28769.82,1.28
3498,45.32,1039.0416,-25976.04,1.07
3499,60.36,1037.1794,-29888.69,1.4
3500,48.36,1082.4432,-28811.81,1.38
3501,43.72,1029.8598,-29434.38,1.09
3502,50.76,1003.7613,-27089.23,0.92
3503,37.96,1370.9908,-34274.77,1.01
3504,61.72,996.518,-26950.19,1.42
3505,49.4,981.0675,-24526.69,0.81
3506,41.96,1017.9232,-25448.08,1.04
3507,54.44,1016.4771,-25411.93,1.38
3508,38.8,978.7624,-26492.23,1.03
3509,53.16,986.6313,-24665.78,0.95
3510,59.68,1051.2225,-28228.06,0.91
3511,57.04,999.0743,-24976.86,1.23
3512,44.84,981.6334,-28579.02,1.15
3513,48.24,979.0652,-26514.21,0.88
3514,68.48,965.952,-26094.91,1.03
3515,29.64,970.0677,-24251.69,1.18
3516,32.4,980.1066,-26531.4,1.14
3517,36.64,1033.1223,-25828.06,1.15
3518,54.36,1059.402,-30349.42,1.01
3519,47.68,1016.4308,-25410.77,1.59
3520,36.08,980.322,-26527.58,0.93
3521,46.28,1011.4858,-27275.65,0.98
3522,47.44,975.2665,-24381.66,1.24
3523,42.44,1086.4768,-29125.54,1.28
3524,50.76,1031.6462,-29725.26,1.01
3525,53.64,1014.1585,-29322.44,0.9
3526,50.44,1040.9407,-26023.52,1.27
3527,44.0,1099.4121,-29471.78,1.14
3528,48.16,1080.123,-27003.08,1.41
3529,43.68,979.3845,-28532.22,1.28
3530,55.64,1024.3604,-27592.35,0.91
3531,55.76,1102.7173,-33276.79,1.55
3532,51.28,1173.3707,-37150.42,1.37
3533,52.2,1024.4364,-27591.69,1.41
3534,52.36,1078.2803,-28882.89,0.93
3535,46.6,1005.7119,-29121.22,1.55
3536,56.16,984.1328,-28619.17,1.48
3537,60.12,1054.2416,-32251.96,1.44
3538,27.28,996.9895,-26943.81,1.09
3539,39.04,1114.2219,-35778.86,1.29
3540,38.52,1048.4641,-30126.59,1.43
3541,48.52,1006.0006,-37209.72,1.53
3542,43.92,1017.0744,-31398.82,1.46
3543,39.2,1041.9478,-35906.93,1.24
3544,49.2,1045.8904,-32110.86,1.57
3545,47.36,1028.5797,-27678.58,1.42
3546,55.12,1042.0704,-27923.04,1.33
3547,39.64,1017.825,-25445.62,1.6
3548,50.76,998.4578,-24961.45,1.23
3549,40.24,1122.7028,-28067.57,1.41
3550,48.88,980.4627,-30579.3,1.15
3551,43.64,1002.6115,-29114.81,1.57
3552,58.64,1016.6144,-31409.12,1.27
3553,52.88,1026.4868,-25662.17,1.3
3554,49.52,1013.1938,-27363.84,0.98
3555,52.12,1049.7078,-32093.93,0.95
3556,69.24,998.8586,-28741.17,1.13
3557,54.12,1064.2964,-30475.83,1.16
3558,32.56,1035.1711,-33472.03,1.17
3559,44.24,1017.5404,-37449.39,1.3
3560,56.84,1056.4232,-32101.42,1.44
3561,50.72,981.6637,-28579.14,1.24
3562,42.36,1006.2886,-35122.93,1.47
3563,25.52,1064.8332,-26620.83,1.54
3564,48.52,1021.0266,-35450.66,1.46
3565,60.52,1022.6416,-29474.54,1.53
3566,52.56,993.5554,-26861.27,1.27
3567,51.64,1013.5054,-41551.01,1.47
3568,53.44,1071.9758,-28748.24,1.38
3569,54.6,1058.1888,-38046.08,1.7
3570,63.12,1042.1878,-47683.82,1.51
3571,41.68,998.4262,-31012.44,1.53
3572,49.04,1060.3245,-40011.57,1.58
3573,52.52,1060.6444,-36387.71,1.49
3574,49.2,1032.9454,-31894.52,1.4
3575,47.0,1046.1697,-32013.28,1.3
3576,48.72,1034.8529,-27835.54,1.42
3577,51.0,984.5616,-38647.51,1.49
3578,55.24,1083.8881,-34833.22,1.91
3579,50.88,1039.3314,-37744.45,1.35
3580,45.64,1067.9214,-38171.52,1.24
3581,37.08,1026.7642,-35782.06,1.36
3582,44.88,991.6524,-34807.89,1.28
3583,64.4,1092.3743,-35160.67,1.49
3584,45.4,990.7996,-26788.35,1.38
3585,31.84,1007.5784,-37351.36,1.55
3586,54.24,1064.8438,-38502.27,1.49
3587,50.16,1027.0388,-31571.58,1.12
3588,54.6,1012.1062,-29269.38,1.34
3589,29.96,1011.0335,-29318.03,1.31
3590,53.12,1025.6781,-27592.46,1.4
3591,48.64,1055.7133,-32045.75,1.47
3592,44.76,1031.5758,-25789.4,1.56
3593,56.4,1068.3189,-38244.62,1.35
3594,45.24,1030.8917,-29565.45,1.5
3595,37.36,1230.7801,-32520.8,1.28
3596,48.44,994.8534,-30822.53,1.28
3597,33.0,1015.9684,-27425.47,1.03
3598,47.2,987.9805,-26727.85,1.23
3599,51.52,1017.4702,-27473.02,1.44
3600,54.52,1021.7414,-25543.54,1.36
3601,51.24,1047.3688,-32034.55,1.2
3602,52.68,1085.3457,-29021.03,1.21
3603,45.6,1032.6852,-27800.92,1.46
3604,45.68,1048.0524,-28149.7,0.93
3605,49.24,967.6966,-24192.42,1.27
3606,41.8,1229.6266,-34638.12,1.34
3607,57.72,1095.1925,-29281.25,1.58
3608,52.08,1080.4739,-34736.25,1.48
3609,40.4,1042.8537,-26071.34,1.37
3610,47.96,1094.2349,-28935.6,1.15
3611,57.12,1037.2192,-25930.48,1.25
3612,46.76,1042.8738,-28035.99,1.41
3613,29.72,1016.2878,-29374.21,1.52
3614,51.24,987.7388,-26721.9,1.37
3615,39.76,1020.3135,-25507.84,1.63
3616,41.44,984.1042,-28636.12,1.34
3617,37.6,1033.5675,-25839.19,0.99
3618,60.48,1076.4995,-28834.19,0.99
3619,56.76,1056.774,-30328.41,1.32
3620,56.84,1037.4848,-25937.12,1.06
3621,42.6,982.235,-24555.88,1.59
3622,56.28,1058.4243,-26460.61,1.54
3623,57.24,1018.7997,-31408.96,1.39
3624,43.2,981.1719,-24529.3,1.13
3625,63.28,1037.7113,-25942.78,1.4
3626,64.68,1001.3666,-25034.16,1.31
3627,36.68,971.823,-24295.57,1.08
3628,52.0,991.0504,-28799.83,1.14
3629,49.52,998.9384,-24973.46,1.39
3630,59.64,1048.5892,-28152.8,1.36
3631,36.64,1110.679,-29608.92,1.35
3632,58.28,963.4501,-32235.28,1.38
3633,27.76,1014.3718,-25359.29,1.28
3634,46.84,1024.4477,-27582.8,1.29
3635,23.36,1002.457,-27059.68,1.04
3636,49.32,1102.938,-29370.49,1.45
3637,37.44,1032.6394,-25815.98,1.43
3638,46.32,1061.2153,-26530.38,1.78
3639,54.56,1015.5986,-25389.96,1.1
3640,46.6,1012.9131,-27299.79,1.31
3641,61.08,1050.3651,-30153.61,0.87
3642,56.36,1291.4771,-32286.93,1.44
3643,49.24,1005.7168,-25142.92,1.33
3644,47.88,1063.9894,-28532.49,1.66
3645,49.36,1230.2933,-34280.39,1.26
3646,40.32,995.6068,-24890.17,1.24
3647,45.32,1035.2694,-27847.1,1.14
3648,50.84,1035.6833,-25892.08,1.0
3649,50.16,1055.1179,-26377.95,1.13
3650,39.48,1050.6836,-26267.09,1.44
3651,62.0,1044.3249,-28061.16,1.17
3652,49.2,1050.6458,-26266.15,1.36
3653,47.4,1033.5783,-25839.46,1.41
3654,58.44,1043.3142,-28073.0,1.0
3655,38.84,1035.2924,-29807.19,0.99
3656,45.4,1112.1617,-29644.98,1.37
3657,56.28,1075.0374,-26875.93,1.31
3658,39.12,1050.0998,-28059.0,1.09
3659,42.44,972.6008,-28371.08,1.37
3660,45.0,1154.6988,-32655.25,1.46
3661,51.08,1036.1162,-25902.91,1.58
3662,19.52,997.7073,-30851.51,1.36
3663,50.8,973.5194,-26366.33,1.11
3664,61.04,989.4386,-26749.22,1.33
3665,48.36,1054.2481,-30246.16,1.57
3666,38.36,1028.3844,-27682.29,1.24
3667,43.2,1081.5357,-31095.64,1.46
3668,42.56,1110.8046,-31542.32,1.18
3669,54.6,1030.4563,-31661.62,1.41
3670,42.2,1054.2211,-32193.72,1.44
3671,56.0,1023.7736,-27563.08,1.09
3672,32.2,996.8793,-24921.98,0.96
3673,51.96,1044.8608,-26121.52,1.39
3674,52.88,1041.4467,-27999.78,1.42
3675,41.32,1019.3932,-37345.42,1.39
3676,41.44,1014.488,-25362.2,1.53
3677,41.88,1026.6126,-25665.31,1.19
3678,35.72,1007.3323,-27192.67,1.4
3679,61.12,1051.9652,-26299.13,0.89
3680,59.52,1218.705,-40607.52,1.08
3681,45.56,1011.2431,-31281.57,1.32
3682,49.28,1018.2017,-33356.0,1.45
3683,52.64,1035.7679,-35822.83,1.9
3684,62.08,1039.0143,-27955.95,2.23
3685,56.68,1004.7232,-27125.91,1.55
3686,53.92,1131.2987,-39177.33,1.45
3687,57.76,1031.7736,-41514.09,1.37
3688,52.0,966.4684,-46490.82,1.63
3689,35.12,990.8279,-44879.55,1.44
3690,48.84,1048.9178,-34091.81,1.35
3691,47.76,1034.5834,-40983.32,1.36
3692,37.08,999.2584,-38963.57,1.37
3693,53.08,1054.8862,-41506.24,1.53
3694,40.96,1050.8779,-30112.15,1.45
3695,42.68,1045.3555,-32232.9,1.69
3696,41.92,1003.5184,-33009.36,1.75
3697,56.76,1042.9474,-45669.89,1.49
3698,51.48,1072.4703,-28466.68,2.38
3699,46.56,1048.7524,-31926.82,1.49
3700,48.08,1063.849,-40150.18,1.48
3701,40.52,1047.6665,-35771.73,1.76
3702,55.92,1059.2077,-46118.49,1.45
3703,50.84,1021.5121,-41341.76,1.41
3704,56.72,991.2361,-40896.22,1.23
3705,52.2,1032.3022,-41741.61,1.41
3706,42.6,1036.8564,-31512.8,1.67
3707,49.16,1068.1818,-38488.03,1.85
3708,50.52,1020.1291,-41221.54,1.42
3709,53.88,1018.0668,-45330.38,1.42
3710,44.4,1017.752,-33288.53,1.66
3711,39.68,994.6425,-28845.91,1.16
3712,47.88,1011.4917,-29194.05,1.2
3713,42.4,1011.4267,-37361.44,1.3
3714,41.8,1006.2966,-31155.71,1.83
3715,49.28,1004.7178,-29163.86,1.79
3716,44.4,1081.0178,-36643.33,1.46
3717,41.2,1008.5248,-31092.88,1.45
3718,52.96,1013.009,-33383.65,1.22
3719,46.68,1047.6494,-29913.34,1.62
3720,54.24,1031.3031,-41805.42,1.61
3721,51.8,1043.8992,-26097.48,1.73
3722,44.84,1022.7094,-39458.57,1.36
3723,45.64,1004.6288,-29157.94,1.21
3724,45.6,1030.026,-33745.41,1.37
3725,43.52,1049.202,-30064.28,1.55
3726,55.88,1025.0777,-35622.27,1.52
3727,45.76,1023.5527,-33559.6,1.25
3728,59.6,1027.2692,-35533.75,1.42
3729,47.76,1032.8814,-33643.67,1.18
3730,35.08,1116.3718,-38586.17,1.28
3731,42.32,1016.4975,-33346.57,1.44
3732,38.72,1020.835,-29179.86,1.37
3733,48.68,1154.1217,-34163.0,1.5
3734,43.04,1018.3734,-33465.86,1.47
3735,44.44,1033.3464,-31646.93,1.62
3736,53.44,1019.2668,-33238.12,1.44
3737,47.92,1045.922,-34011.58,1.39
3738,49.32,1013.1399,-41174.96,1.29
3739,55.76,1084.3316,-36090.78,1.37
3740,47.76,1022.4764,-39446.96,1.66
3741,41.24,1064.7724,-36364.22,1.86
3742,62.56,1210.2949,-35366.42,1.58
3743,41.64,1014.4991,-37391.72,1.35
3744,58.44,1012.4409,-47157.58,1.43
3745,51.04,1144.2868,-43488.07,1.36
3746,45.12,1000.5648,-33092.66,1.52
3747,63.4,1077.8813,-42273.4,1.88
3748,49.96,1049.7333,-35974.5,1.34
3749,42.0,1014.0395,-35338.65,1.27
3750,38.4,1027.6429,-43402.84,1.35
3751,42.48,1071.3502,-34457.55,1.41
3752,58.72,1020.9951,-41225.99,1.42
3753,63.48,1042.7322,-45674.99,1.52
3754,41.84,1029.1281,-41663.2,1.7
3755,51.24,1021.4088,-43332.03,1.27
3756,52.8,1036.7061,-43671.55,1.52
3757,36.52,1039.8904,-41713.76,1.62
3758,55.56,1011.275,-37264.01,1.31
3759,44.8,1044.4371,-43998.92,1.39
3760,53.56,1056.3631,-34116.16,1.51
3761,49.04,1010.7418,-39307.59,1.83
3762,47.56,1026.6181,-33592.82,1.22
3763,50.76,1044.2654,-37989.05,1.54
3764,61.6,1012.9634,-39203.14,1.06
3765,52.76,1053.3914,-28231.91,1.19
3766,45.56,1015.0325,-53300.07,1.08
3767,45.28,1038.8613,-41421.61,1.17
3768,42.28,1046.061,-37854.67,1.26
3769,51.36,998.2779,-52951.56,1.15
3770,45.4,1007.4296,-39161.26,1.14
3771,43.28,1013.8552,-41109.62,1.14
3772,48.04,1010.2246,-39176.32,1.17
3773,51.92,1024.8598,-41455.32,1.11
3774,49.16,1013.972,-39292.36,1.2
3775,48.36,993.126,-46964.11,1.08
3776,52.16,1015.5447,-45283.45,1.13
3777,40.76,1042.8384,-35760.21,1.14
3778,52.2,1099.0244,-49630.53,1.1
3779,43.96,1033.5235,-45614.09,1.13
3780,60.24,994.2668,-43039.65,1.12
3781,40.56,1063.448,-42397.85,1.14
3782,43.76,1005.7834,-31057.24,1.22
3783,47.6,1015.3652,-29394.25,1.18
3784,46.0,1032.9019,-37566.97,1.2
3785,49.6,1057.3738,-38307.7,1.16
3786,39.04,1018.5591,-44803.6,1.36
3787,57.2,1010.2522,-43421.63,1.23
3788,40.92,1029.5436,-37614.71,1.17
3789,48.56,1035.7672,-41757.76,1.22
3790,42.4,1019.2465,-43351.49,1.11
3791,56.84,1052.3199,-36279.84,1.19
3792,41.68,1037.3173,-45330.06,1.11
3793,46.16,1030.8969,-41808.85,1.26
3794,46.68,1024.8592,-39212.31,1.16
3795,56.48,1046.1344,-35738.74,1.11
3796,41.92,1033.0006,-37709.14,1.19
3797,55.84,1116.877,-42936.83,1.14
3798,35.64,1037.347,-41917.85,1.18
3799,49.24,1029.2038,-37727.46,1.19
3800,39.68,1059.5465,-36341.14,1.18
3801,39.2,1091.5601,-42796.56,1.24
3802,58.6,1058.3632,-32202.82,1.22
3803,48.04,1030.3862,-33689.26,1.05
3804,43.64,1024.9054,-41254.79,1.19
3805,46.88,1050.695,-39533.71,1.35
3806,43.08,1079.7158,-42418.74,1.07
3807,64.96,1001.8428,-41103.15,1.11
3808,39.0,1041.334,-37762.31,1.16
3809,43.68,1006.7748,-45140.57,1.17
3810,54.96,1011.059,-35246.61,1.1
3811,58.2,1018.5364,-35207.5,1.42
3812,51.8,1053.2408,-34180.79,1.67
3813,52.2,1077.4488,-34742.12,1.56
3814,52.68,1174.2288,-43944.97,1.28
3815,40.68,1027.5715,-39447.09,1.62
3816,49.72,1058.2713,-46056.34,1.56
3817,46.6,1009.9883,-39210.75,1.64
3818,50.24,1064.6119,-48116.23,1.38
3819,48.6,1006.214,-39183.83,1.53
3820,47.16,1025.9081,-33537.75,1.43
3821,27.24,1004.2156,-37035.18,1.49
3822,41.28,1065.6808,-42008.74,1.67
3823,42.72,1034.5804,-41736.88,1.76
3824,57.68,1034.3035,-37728.25,1.63
3825,41.92,1021.7604,-45337.77,1.58
3826,53.88,1028.7439,-41149.28,1.54
3827,45.24,1031.4975,-39805.76,1.44
3828,51.96,1038.7592,-44057.58,1.69
3829,47.04,1031.3027,-39689.47,1.59
3830,48.48,995.8611,-34700.39,1.85
3831,52.24,1019.4992,-39238.6,1.54
3832,37.68,1012.097,-39305.4,1.48
3833,55.72,1016.3068,-39286.96,1.49
3834,50.96,1041.8667,-33812.96,1.64
3835,46.84,1041.4893,-33989.51,1.93
3836,55.84,1033.1315,-35703.36,1.77
3837,46.16,1001.2639,-39039.17,1.69
3838,45.64,1054.6938,-32105.71,1.46
3839,60.96,995.9031,-43024.86,1.53
3840,47.64,1032.598,-35653.38,1.59
3841,53.28,1010.0823,-39096.34,1.68
3842,50.04,1004.2812,-39066.64,1.56
3843,48.04,1056.0765,-36000.62,1.6
3844,48.8,1010.334,-37217.69,1.44
3845,53.24,1056.1188,-32199.24,1.47
3846,50.76,1008.714,-33232.16,1.51
3847,43.56,1082.7116,-38220.31,1.62
3848,51.04,1050.2235,-38105.26,1.84
3849,51.2,1050.1418,-43758.81,1.52
3850,44.12,1050.8021,-41614.08,1.51
3851,50.52,1019.4553,-35417.14,1.45
3852,53.88,1026.3456,-39431.86,1.57
3853,48.92,1025.3783,-31366.81,1.72
3854,36.12,998.1466,-36965.32,1.9
3855,31.52,994.3447,-38883.33,1.49
3856,44.36,1076.7091,-40594.93,1.54
3857,59.88,1036.1319,-31901.58,1.57
3858,42.28,1033.6858,-43223.58,1.48
3859,58.64,1004.8392,-32815.79,1.46
3860,52.16,1044.4351,-33633.13,1.66
3861,56.12,1048.1784,-31762.71,1.43
3862,54.48,1057.7042,-32170.35,1.49
3863,49.88,1066.3926,-40309.05,2.03
3864,55.76,1069.8264,-36554.41,1.53
3865,58.0,1019.605,-37232.53,1.69
3866,45.84,998.0298,-32984.22,1.9
3867,48.36,1027.6609,-37575.88,1.76
3868,46.28,1063.3303,-38268.4,1.36
3869,26.76,1005.9473,-47156.14,1.3
3870,50.44,1015.9938,-35351.66,1.5
3871,52.36,1034.5218,-33628.12,1.8
3872,47.52,1047.2748,-40034.24,1.85
3873,52.72,1030.259,-37691.17,1.57
3874,41.68,1052.6364,-36152.04,1.33
3875,60.36,1051.557,-32310.68,1.54
3876,48.68,1022.5791,-33578.75,1.52
3877,49.48,1085.9308,-40595.04,1.51
3878,60.32,1006.0609,-33174.63,1.56
3879,54.12,1171.3221,-44387.71,1.52
3880,49.92,1014.0906,-35197.21,1.5
3881,53.36,1091.8186,-34808.32,1.58
3882,35.72,1014.4936,-35152.87,1.58
3883,47.88,1002.0434,-38910.48,1.7
3884,48.2,1031.305,-47406.1,1.46
3885,60.12,1008.5053,-29205.52,1.68
3886,47.84,1048.0066,-28179.09,1.64
3887,37.24,982.4499,-42733.64,1.47
3888,37.52,1035.5644,-43669.26,1.46
3889,33.16,1001.0297,-55139.32,1.51
3890,51.04,1050.3214,-43900.11,1.55
3891,65.28,1065.1399,-39923.12,1.59
3892,60.4,1073.3717,-45969.98,1.57
3893,54.64,1056.6942,-41617.92,1.35
3894,45.04,1007.1928,-39109.64,1.39
3895,41.68,1071.0945,-39898.63,1.46
3896,39.28,1060.4858,-34268.61,1.69
3897,53.36,996.1558,-39008.17,1.75
3898,52.6,1040.0544,-40082.68,1.51
3899,53.28,1075.2392,-41913.25,1.54
3900,49.28,1069.1972,-43981.2,1.37
3901,65.44,1032.7244,-29769.93,1.43
3902,35.16,1031.9916,-43359.42,1.54
3903,43.4,1011.095,-39135.24,1.51
3904,50.24,1033.4664,-41713.97,1.99
3905,57.08,982.3652,-40784.31,1.38
3906,58.6,1038.0644,-31458.89,1.48
3907,55.12,1032.8044,-33652.05,1.37
3908,42.52,1026.8178,-45273.35,1.53
3909,45.32,1009.1377,-49109.57,1.53
3910,50.04,994.1902,-38919.02,1.79
3911,50.24,1023.32,-45348.11,1.49
3912,60.24,1054.4144,-37974.46,1.42
3913,56.32,1058.9729,-45972.52,1.5
3914,56.32,1087.9131,-52351.67,1.43
3915,51.52,1052.3655,-45419.64,1.46
3916,47.36,1018.5644,-43439.51,1.47
3917,51.4,1024.6128,-35196.67,1.36
3918,53.68,1004.2914,-47141.44,1.6
3919,59.88,1012.3538,-41152.07,1.37
3920,48.84,1041.9129,-41523.09,1.44
3921,46.48,1021.4116,-37373.34,1.49
3922,43.8,1046.4546,-45265.16,1.65
3923,45.16,1041.5926,-31506.41,1.68
3924,37.28,1009.1706,-38754.75,1.72
3925,53.84,1067.5045,-34537.64,1.52
3926,59.64,1000.1349,-39043.17,1.57
3927,38.48,1053.3355,-38231.06,1.58
3928,49.96,1084.2008,-44463.32,1.37
3929,48.92,1045.7111,-41766.81,1.57
3930,42.56,1004.2762,-43120.17,1.5
3931,47.8,1080.5484,-42762.33,1.55
3932,43.0,1031.7781,-43556.2,1.44
3933,58.6,1085.3399,-36755.55,1.45
3934,57.12,1025.0859,-31579.98,1.48
3935,43.88,1020.0439,-39371.3,1.57
3936,61.44,1055.0822,-37641.13,1.57
3937,47.04,1009.6057,-41158.87,1.5
3938,47.56,1016.0488,-37160.27,1.48
3939,54.12,1103.4023,-39916.1,1.47
3940,53.2,1027.7316,-39465.71,1.29
3941,54.96,1071.027,-43899.08,1.38
3942,45.04,1187.2453,-40908.97,1.53
3943,59.28,983.4717,-38740.9,1.92
3944,46.96,1035.5658,-39580.31,1.59
3945,44.04,1028.5718,-31743.44,1.64
3946,46.36,1091.6369,-38855.18,1.43
3947,48.0,1054.8327,-40134.48,1.49
3948,57.0,1095.2185,-43096.72,1.7
3949,44.12,1019.6975,-41321.53,1.49
3950,55.04,1015.9623,-27436.97,1.51
3951,51.08,1076.5942,-34548.0,1.35
3952,57.56,1061.2065,-44262.61,1.52
3953,47.56,1056.2768,-44197.83,1.74
3954,49.0,1066.0391,-34617.07,1.62
3955,55.4,1084.5418,-40295.15,1.33
3956,26.68,1028.834,-35389.35,1.41
3957,48.12,1048.0006,-33702.41,1.46
3958,54.36,1027.3847,-37773.99,1.42
3959,44.84,1007.4346,-29168.85,1.63
3960,47.56,1021.106,-33473.18,1.63
3961,54.88,1035.1522,-35801.05,1.57
3962,48.08,1019.7924,-31300.19,1.51
3963,46.6,1021.5432,-37470.53,1.56
3964,51.68,1036.3482,-37719.14,1.45
3965,45.48,1032.3332,-33730.5,1.32
3966,51.84,1043.7248,-33539.28,1.45
3967,48.76,1016.3422,-37355.62,1.44
3968,64.4,1054.6465,-30367.53,1.61
3969,52.16,1017.72,-33514.93,1.63
3970,64.16,1090.1198,-36897.59,1.52
3971,49.88,998.5194,-36999.82,1.42
3972,51.56,1072.5618,-43731.21,1.4
3973,42.6,1056.5668,-38351.64,1.52
3974,40.76,1019.9713,-27522.88,1.43
3975,41.12,1112.4924,-39024.23,1.48
3976,55.36,1043.3393,-37590.43,1.55
3977,54.96,1073.0446,-44098.33,1.5
3978,55.68,1045.1452,-33857.05,1.39
3979,51.28,1033.9343,-35175.97,1.29
3980,57.96,1042.1494,-40147.72,1.36
3981,49.16,1057.0926,-38095.91,1.62
3982,52.96,1009.0788,-47097.41,1.49
3983,47.0,1046.2976,-28132.25,1.5
3984,47.72,1080.0574,-34481.57,1.43
3985,40.96,1018.2112,-41461.82,1.34
3986,48.8,1031.122,-37224.45,1.56
3987,43.24,1057.1066,-30086.02,1.77
3988,54.4,1041.6405,-30003.93,1.4
3989,40.32,1009.605,-37259.69,1.42
3990,47.28,992.5873,-32698.5,1.36
3991,59.24,1023.219,-27367.14,1.25
3992,43.72,1006.3031,-37115.75,1.37
3993,54.0,1123.3481,-29702.2,1.45
3994,46.92,1050.8064,-32152.63,1.48
3995,39.2,1045.5236,-34066.11,1.54
3996,48.8,1105.675,-40929.41,1.58
3997,47.08,1025.3163,-37582.13,1.56
3998,50.16,1096.5012,-29414.66,1.69
3999,51.36,1042.5057,-32047.83,1.42
4000,50.52,1056.919,-38133.66,1.33
4001,41.2,1032.2408,-31830.08,1.43
4002,37.0,1042.3434,-37792.99,1.93
4003,47.76,995.899,-41073.45,1.46
4004,48.44,1032.749,-39570.65,1.02
4005,34.28,1024.9818,-41649.43,1.34
4006,54.88,1017.1635,-29386.36,1.14
4007,57.16,1039.6412,-35757.14,1.08
4008,43.52,1064.088,-30480.97,1.08
4009,63.32,1163.2426,-36590.84,1.09
4010,25.64,1001.0325,-36827.02,1.24
4011,58.96,1035.2526,-31903.98,1.2
4012,55.24,1037.0853,-29888.98,1.15
4013,32.64,996.9135,-41048.53,1.12
4014,57.44,1049.5488,-32126.42,1.16
4015,49.96,1010.1504,-33201.23,1.08
4016,51.84,1012.4702,-39237.95,1.06
4017,62.36,978.2609,-36539.35,0.96
4018,59.48,1040.2464,-30003.54,1.12
4019,50.12,1051.3066,-37911.87,1.06
4020,40.96,1060.3789,-30289.59,1.16
4021,64.28,1114.274,-31751.49,1.09
4022,42.68,1059.6798,-32378.39,0.94
4023,44.88,1026.2569,-35565.14,1.0
4024,35.52,1015.074,-31416.02,1.05
4025,61.0,1068.3004,-30597.42,1.14
4026,53.0,1040.5986,-27945.86,1.01
4027,58.84,1001.1401,-33015.52,1.2
4028,59.16,1055.0612,-32223.01,1.1
4029,38.24,1035.1481,-27839.04,1.04
4030,33.88,999.5924,-34846.38,1.01
4031,55.92,1065.9394,-34579.34,1.03
4032,44.24,1028.8418,-31691.13,1.22
4033,54.28,1031.1227,-31815.89,0.93
4034,46.64,1055.985,-36335.4,1.05
4035,45.8,1038.5607,-31743.68,1.23
4036,53.04,1038.9898,-29970.47,0.88
4037,52.0,992.7031,-26795.74,1.0
4038,36.96,1042.713,-28014.6,1.29
4039,52.4,1018.8069,-27488.81,1.13
4040,43.96,1030.5956,-37807.73,1.05
4041,40.92,1016.1902,-27382.18,1.1
4042,46.56,1047.1896,-35957.66,1.16
4043,47.32,1060.1757,-30287.39,1.09
4044,34.64,1018.8522,-35539.76,0.96
4045,42.8,1022.1418,-29483.33,1.21
4046,53.04,1048.0498,-33832.32,1.15
4047,42.56,1027.6196,-27720.93,0.84
4048,50.32,1046.9972,-32016.29,1.01
4049,57.36,1029.856,-31832.02,1.05
4050,47.2,989.0479,-28762.27,0.91
4051,59.84,1023.9646,-31576.08,1.13
4052,62.48,1021.3954,-33563.99,1.12
4053,41.04,1020.2052,-29541.82,1.04
4054,58.04,1060.3465,-28488.41,1.05
4055,41.88,1026.0484,-29640.54,1.26
4056,39.68,1011.5071,-33246.34,1.09
4057,44.64,1001.5811,-30943.95,1.12
4058,52.36,1070.8512,-26771.28,1.05
4059,55.52,1061.8939,-34401.68,1.23
4060,53.84,1034.1459,-31620.42,1.15
4061,63.2,1041.5835,-27709.85,0.91
4062,45.2,983.3139,-26601.26,1.14
4063,53.44,1064.0415,-30470.07,1.05
4064,36.32,1058.2326,-28354.52,1.07
4065,49.76,1121.0218,-35512.55,1.09
4066,53.4,999.0758,-28818.21,0.86
4067,40.08,1029.364,-29724.72,1.04
4068,38.64,1033.8699,-29726.24,1.11
4069,35.6,1011.2457,-27224.67,1.07
4070,48.24,1058.6802,-32362.49,0.87
4071,52.04,1028.4412,-27690.21,1.1
4072,57.88,996.6167,-26906.3,0.89
4073,32.16,1009.8577,-31199.49,1.14
4074,46.68,1033.203,-29732.61,1.21
4075,45.96,1103.6089,-31624.2,1.05
4076,40.84,1022.43,-33396.48,1.14
4077,60.16,996.4926,-26919.01,0.81
4078,48.24,1062.3171,-32449.68,1.21
4079,42.96,1089.4874,-32864.05,0.96
4080,56.32,1055.8714,-30356.11,1.04
4081,30.68,978.16,-36572.3,1.25
4082,48.6,1059.649,-30301.67,0.99
4083,35.16,1023.4414,-29568.25,1.17
4084,45.2,996.738,-24918.45,1.13
4085,35.04,1001.5981,-29062.97,0.94
4086,28.88,1008.4077,-31255.59,1.21
4087,37.0,1034.0282,-31572.28,0.99
4088,29.92,1047.6395,-30136.38,1.04
4089,55.44,1045.5646,-29957.48,1.1
4090,46.32,1008.1071,-25202.68,1.32
4091,54.48,1079.2097,-26980.24,1.1
4092,43.2,1006.5086,-25162.71,1.08
4093,44.4,1003.0911,-31156.37,1.06
4094,61.24,1076.1438,-28851.16,1.06
4095,46.16,1063.8323,-26595.81,1.16
4096,46.52,1034.3144,-25857.86,1.05
4097,27.32,990.8578,-30800.96,1.2
4098,39.0,1036.0256,-29948.25,1.13
4099,55.44,1029.6727,-27756.94,1.1
4100,30.2,1023.5865,-31656.68,0.91
4101,59.04,1119.3384,-31475.58,1.07
4102,54.08,1065.3635,-26634.09,1.07
4103,59.44,1021.0472,-25526.18,1.14
4104,41.28,1039.2386,-31857.44,1.05
4105,27.32,1003.7136,-25092.84,1.02
4106,47.12,1112.9223,-31539.1,0.8
4107,43.0,1024.1308,-27569.18,1.07
4108,45.12,1022.2262,-27574.77,1.05
4109,28.8,995.5406,-35025.77,1.05
4110,51.52,1054.1132,-26352.83,1.03
4111,34.4,1036.7392,-29845.21,0.78
4112,41.72,1002.6002,-31045.34,0.92
4113,23.24,1003.2858,-31142.27,0.95
4114,46.76,1013.8405,-33298.72,1.11
4115,25.04,1011.7383,-27294.91,1.09
4116,59.64,1039.4865,-25987.16,1.12
4117,34.72,1055.7939,-28397.11,1.11
4118,37.16,1040.4185,-27971.31,1.09
4119,26.92,1034.54,-29788.63,0.85
4120,53.0,1026.9017,-27655.93,1.1
4121,60.6,1006.6357,-27145.78,1.11
4122,58.92,1022.9114,-33536.75,1.0
4123,44.08,977.187,-30516.01,1.13
4124,54.2,1031.803,-27729.06,1.08
4125,50.44,1013.7543,-29341.65,0.98
4126,45.72,1082.5783,-27064.46,1.02
4127,47.28,1086.8923,-27172.31,1.08
4128,41.56,1049.9417,-28107.69,1.1
4129,56.96,998.9018,-26996.75,1.09
4130,27.56,996.7898,-26898.05,1.12
4131,36.48,997.2636,-26950.05,0.99
4132,39.24,1018.3077,-27495.62,1.16
4133,36.96,1038.6296,-27985.16,1.07
4134,57.44,1025.4187,-27621.41,1.06
4135,59.76,1017.7393,-25443.48,1.07
4136,44.36,1330.0427,-36563.38,0.99
4137,55.92,1062.4636,-26561.59,1.2
4138,40.8,1004.9815,-34942.44,0.98
4139,45.16,1011.4511,-25286.28,1.07
4140,57.0,992.9151,-26787.06,1.0
4141,50.6,1045.0468,-26126.17,1.06
4142,48.08,1089.9362,-29247.47,0.86
4143,52.0,1198.7758,-35073.0,1.2
4144,46.68,1041.467,-28003.28,1.07
4145,56.48,1066.6509,-30629.66,1.16
4146,43.8,1155.4737,-30510.97,1.1
4147,51.32,1061.8572,-30491.44,1.09
4148,46.8,1051.5043,-26287.61,1.12
4149,52.44,1032.9951,-29825.46,1.16
4150,46.0,1019.8704,-29456.05,1.13
4151,60.4,1022.149,-27500.14,1.13
4152,27.52,1018.2916,-27455.34,1.14
4153,44.96,1038.4952,-30004.89,1.09
4154,60.04,1074.632,-30827.9,1.1
4155,44.28,1005.3706,-25134.27,1.04
4156,55.64,1290.4512,-32261.28,1.17
4157,26.72,979.6595,-28553.92,1.01
4158,44.88,1084.7462,-37039.54,1.15
4159,58.12,994.2645,-30847.52,1.15
4160,56.28,1059.1369,-28438.15,1.09
4161,43.76,1010.9704,-33229.8,0.99
4162,54.92,1049.004,-35970.08,1.15
4163,45.28,1021.196,-29517.34,1.12
4164,49.28,1032.3358,-31625.79,1.01
4165,58.72,1011.8056,-27302.54,0.95
4166,60.04,1051.4941,-30291.43,1.02
4167,49.8,1086.5739,-27164.35,1.09
4168,48.92,1044.4456,-31994.2,1.12
4169,35.08,1039.9283,-28028.25,1.14
4170,59.76,1040.2282,-27972.36,1.08
4171,49.52,1030.9643,-25774.11,1.04
4172,50.92,1022.4738,-41352.27,1.21
4173,49.84,1003.2352,-32918.51,1.18
4174,56.16,1035.4788,-27820.62,1.03
4175,55.8,1023.8594,-27624.38,0.98
4176,51.92,1048.8154,-28154.46,1.12
4177,36.16,999.0786,-24976.97,1.1
4178,41.72,1074.8612,-28908.85,1.08
4179,52.48,1008.508,-25212.7,0.99
4180,35.64,979.4084,-30535.92,0.83
4181,45.04,984.4014,-26628.43,1.08
4182,47.08,1109.2923,-35273.51,0.91
4183,36.68,1036.138,-35817.1,1.09
4184,55.32,1037.827,-27929.03,0.77
4185,28.28,1021.445,-27501.54,1.13
4186,58.08,975.6764,-26429.63,1.0
4187,49.52,1120.5306,-28013.27,1.09
4188,38.72,1079.897,-32945.26,0.99
4189,48.56,1081.0735,-27026.84,1.03
4190,48.32,1015.7636,-27376.14,0.72
4191,60.68,1053.118,-30242.04,1.01
4192,51.28,1048.6444,-26216.11,0.99
4193,53.52,1030.8838,-27795.24,1.19
4194,44.36,1010.5868,-27196.15,0.97
4195,52.48,1038.3872,-27908.74,1.11
4196,51.0,1017.5628,-27041.36,0.99
4197,57.28,1023.6042,-29577.3,1.04
4198,42.08,995.6466,-30886.85,1.05
4199,46.76,1045.8074,-33973.43,1.18
4200,47.8,1069.0595,-30368.61,1.13
4201,49.92,1014.3659,-27334.93,1.29
4202,51.68,984.4448,-28658.66,0.9
4203,50.24,1088.872,-27221.8,1.11
4204,34.36,1047.8265,-28175.91,0.89
4205,47.32,1034.7832,-31646.28,0.93
4206,29.12,1010.4891,-29301.15,1.06
4207,56.32,998.5709,-24964.27,0.98
4208,52.28,1061.2913,-26532.28,1.11
4209,51.76,1060.4258,-32404.15,1.11
4210,48.44,1058.4284,-30337.35,1.01
4211,36.4,1023.2161,-27526.78,1.13
4212,50.32,1045.2256,-26130.64,1.01
4213,56.4,1027.3907,-29644.12,1.01
4214,39.64,1039.6627,-29909.05,1.09
4215,53.76,1001.5426,-25038.56,1.16
4216,50.48,1033.8232,-27853.33,1.11
4217,57.68,999.747,-27012.18,1.04
4218,43.88,1007.1554,-25178.88,1.18
4219,59.28,1008.6398,-27252.59,1.15
4220,52.04,996.245,-26914.08,1.27
4221,43.08,1066.8166,-26670.42,0.98
4222,56.6,1347.6123,-33690.31,0.97
4223,52.4,1036.6508,-29622.99,1.2
4224,36.36,1045.7876,-31887.33,0.99
4225,47.2,1043.63,-29984.9,1.23
4226,38.68,1017.1638,-29474.44,1.29
4227,35.84,1013.016,-30929.82,1.06
4228,51.36,1055.127,-36201.82,1.15
4229,56.96,1081.404,-38042.71,1.19
4230,58.84,1039.3416,-33928.63,1.19
4231,67.36,1033.264,-35659.54,1.14
4232,58.32,1063.575,-36305.81,1.18
4233,46.0,1051.4352,-32214.82,1.15
4234,33.28,1037.3004,-29975.69,1.2
4235,45.92,1042.14,-28000.61,1.14
4236,48.52,1016.4995,-31106.85,1.29
4237,59.64,1008.6078,-29252.41,1.14
4238,54.32,1004.7531,-27113.41,1.22
4239,32.04,1012.4918,-25312.29,1.19
4240,58.04,978.6511,-28538.55,1.13
4241,52.6,1038.3084,-31787.67,1.14
4242,39.4,1000.7936,-28973.36,1.32
4243,61.2,1018.6654,-37317.02,1.06
4244,67.16,1021.0291,-35158.76,1.18
4245,43.8,982.3657,-28599.45,1.15
4246,50.24,1046.7857,-37950.53,1.33
4247,52.12,984.499,-28668.42,1.15
4248,49.16,1075.7776,-28930.75,1.1
4249,47.96,1043.0559,-29948.04,1.07
4250,63.44,1018.2334,-27417.88,1.2
4251,42.88,1018.5704,-27501.95,1.11
4252,41.04,1048.4342,-37993.38,1.2
4253,53.2,1038.865,-39608.48,1.11
4254,56.12,983.9381,-26635.92,1.15
4255,40.64,1039.2066,-33892.06,1.13
4256,52.2,1084.9999,-27125.0,1.18
4257,57.48,1118.8535,-37615.34,1.08
4258,59.08,984.5963,-24614.91,1.15
4259,56.4,966.1061,-40445.57,1.05
4260,65.56,1053.4374,-35841.49,1.11
4261,59.56,1012.393,-27346.51,1.13
4262,51.8,999.9271,-33065.14,1.15
4263,53.0,1029.4946,-31579.31,1.14
4264,56.28,1053.7054,-28281.91,1.1
4265,48.88,1015.5067,-25387.67,0.92
4266,55.84,996.2414,-28845.54,1.12
4267,48.28,1017.9662,-33441.49,1.1
4268,49.88,1020.0396,-25500.99,1.08
4269,55.56,1016.9251,-33285.21,0.94
4270,34.48,1244.6957,-37517.88,0.98
4271,58.08,990.5425,-28771.35,1.22
4272,43.28,1015.438,-31310.61,1.23
4273,56.6,1019.2618,-27450.19,0.98
4274,46.28,1007.0358,-27122.4,1.16
4275,48.04,1024.179,-25604.47,1.13
4276,72.68,1000.4663,-30707.43,1.17
4277,46.48,1050.3688,-29908.46,1.03
4278,46.52,1050.9452,-37917.99,1.11
4279,65.0,1025.0312,-33541.28,0.97
4280,31.64,1005.5815,-31194.86,1.12
4281,56.48,1066.7885,-28706.66,1.06
4282,51.48,1007.995,-25199.87,1.09
4283,35.04,1080.8961,-36831.25,1.04
4284,49.44,1054.344,-35854.9,0.83
4285,30.04,1041.7416,-28010.51,1.07
4286,47.48,1033.2412,-33712.87,1.08
4287,28.76,1002.4753,-30899.89,0.99
4288,56.92,1032.5212,-29705.87,1.15
4289,46.24,1065.3081,-26632.7,1.28
4290,29.56,1024.7049,-35614.41,1.04
4291,48.2,1088.9038,-32934.16,0.87
4292,46.32,1033.1185,-29857.19,1.1
4293,45.88,1070.8289,-28599.28,1.09
4294,25.56,990.9397,-32789.41,0.89
4295,41.44,1004.2266,-27004.69,1.06
4296,47.2,1032.6075,-31717.37,0.98
4297,55.28,1045.7925,-32120.73,0.94
4298,30.36,1004.8244,-31115.52,0.83
4299,45.88,1025.4714,-27643.68,1.1
4300,43.32,1012.3948,-29263.69,1.26
4301,57.96,1059.352,-34389.01,1.17
4302,49.16,984.8456,-24621.14,1.05
4303,59.44,997.4777,-24936.94,1.13
4304,41.88,1039.9607,-27964.57,0.95
4305,41.4,1059.2053,-26480.13,1.16
4306,49.44,1045.071,-31886.64,1.19
4307,53.52,1056.893,-26422.33,1.15
4308,53.64,1040.1683,-29872.96,1.07
4309,43.36,976.9108,-24422.77,0.84
4310,40.52,1006.5494,-30802.79,1.08
4311,47.2,1026.2034,-25655.09,0.95
4312,54.28,988.992,-26743.21,1.14
4313,59.72,1048.7413,-30115.86,0.89
4314,44.4,1024.2603,-29564.59,1.1
4315,54.04,1155.6304,-28890.76,1.03
4316,32.52,1049.2321,-28253.53,0.9
4317,49.92,989.8879,-28816.17,0.95
4318,49.04,1001.7868,-29087.68,1.0
4319,36.24,1019.217,-25480.42,1.0
4320,48.8,1010.6806,-27199.13,1.0
4321,43.16,1005.5981,-29180.98,0.86
4322,54.96,1012.1016,-25302.54,1.12
4323,33.48,1059.9022,-28500.16,0.95
4324,62.68,1035.4083,-35714.94,0.79
4325,39.8,1045.012,-30052.55,1.09
4326,53.52,996.2476,-24906.19,1.15
4327,60.12,1059.5174,-28443.48,0.88
4328,43.84,1023.8678,-25596.7,1.09
4329,47.6,1119.4839,-29954.11,1.11
4330,36.48,1007.1615,-25179.04,1.09
4331,50.68,1140.8024,-34075.65,0.75
4332,45.24,975.3876,-28454.35,0.96
4333,50.04,1154.3388,-30822.52,0.88
4334,57.76,1064.3624,-26609.06,1.23
4335,49.56,1083.215,-27080.38,1.07
4336,42.04,1114.3053,-27857.63,0.9
4337,49.88,1311.4779,-32786.95,0.96
4338,46.32,1128.8896,-28222.24,1.13
4339,56.56,1025.3739,-31550.14,1.07
4340,56.2,1061.914,-32360.68,0.99
4341,51.04,1005.3198,-39049.99,0.88
4342,47.52,1082.0034,-29068.49,1.15
4343,57.08,1024.7206,-27622.18,1.02
4344,54.44,1075.306,-32756.75,1.09
4345,36.84,1041.0374,-26025.94,0.95
4346,54.28,1031.8581,-27774.24,1.17
4347,35.0,1021.6342,-25540.86,0.98
4348,36.96,1001.7192,-25042.98,1.09
4349,53.56,1007.2983,-31176.07,1.07
4350,53.84,991.5337,-26810.24,1.07
4351,50.36,1035.362,-27860.44,1.53
4352,52.88,1096.0947,-27402.37,0.97
4353,62.16,1021.7467,-31521.96,1.07
4354,48.68,1079.2119,-26980.3,0.92
4355,31.76,1041.5885,-30001.36,1.05
4356,49.44,1011.7844,-31342.29,1.25
4357,57.84,1050.6861,-26267.15,1.17
4358,48.36,1053.3436,-26333.59,1.02
4359,63.52,1016.0993,-25402.48,1.01
4360,45.0,1030.0781,-29704.63,1.05
4361,49.76,1032.3264,-31606.41,1.02
4362,45.48,1036.1547,-27801.57,1.09
4363,64.4,1022.5312,-27575.62,1.08
4364,65.92,966.9914,-24174.78,1.11
4365,43.2,1024.6812,-25617.03,1.28
4366,45.04,1074.0628,-28713.39,1.15
4367,50.4,1026.5472,-25663.68,1.01
4368,27.6,1022.324,-25558.1,1.18
4369,60.72,1075.1618,-28914.82,1.02
4370,46.96,1048.2627,-28188.09,0.99
4371,58.32,1024.8957,-29651.33,1.17
4372,54.16,1007.6947,-29145.58,1.15
4373,52.36,1017.6458,-29446.07,1.01
4374,53.68,1075.7914,-32677.65,1.01
4375,29.2,998.4831,-24962.08,1.04
4376,43.24,1061.7969,-26544.92,1.11
4377,49.6,1011.0821,-29115.64,1.08
4378,64.84,1059.5035,-26487.59,0.94
4379,31.76,1035.2096,-27898.83,1.06
4380,43.08,1233.9238,-30848.09,1.12
4381,40.88,1009.3474,-29211.2,0.81
4382,47.36,1052.5258,-30256.63,1.07
4383,52.04,1041.8439,-27984.9,1.26
4384,55.12,1014.8998,-25372.49,1.08
4385,47.28,1002.8112,-25070.28,1.04
4386,25.92,983.9182,-24597.96,1.04
4387,24.48,1044.286,-28052.77,0.97
4388,38.72,1017.3499,-29397.79,1.13
4389,46.8,1002.6781,-29103.95,1.01
4390,42.6,1006.8822,-25172.05,1.2
4391,32.88,1048.9046,-28159.99,0.95
4392,43.32,1033.8651,-25846.63,0.82
4393,48.96,1036.8001,-25920.0,0.89
4394,51.64,995.4822,-24887.06,0.66
4395,50.52,1066.1272,-26653.18,1.12
4396,54.4,1035.5478,-25888.69,1.13
4397,51.84,1056.8738,-30290.27,0.76
4398,38.48,985.6706,-24641.77,0.91
4399,42.4,1065.8564,-26646.41,1.1
4400,29.2,1005.4855,-25137.14,0.89
4401,46.6,976.399,-24409.98,0.92
4402,43.8,990.8396,-26701.87,0.81
4403,55.52,1051.4674,-30201.28,0.98
4404,37.96,1022.135,-25553.38,0.86
4405,57.52,1023.8533,-29553.93,1.02
4406,26.24,995.4013,-24885.03,0.98
4407,25.84,969.6132,-24240.33,1.07
4408,60.36,1024.052,-25601.3,0.88
4409,41.52,992.0162,-28730.79,1.02
4410,54.52,1071.5354,-34487.08,0.74
4411,43.04,1033.0753,-27793.19,0.77
4412,53.36,1157.9666,-28949.16,0.94
4413,41.6,980.388,-26529.34,0.78
4414,51.52,1087.3564,-27183.91,0.86
4415,49.44,1055.9881,-26399.7,0.9
4416,26.52,978.8136,-26490.95,1.1
4417,43.84,1030.1975,-25754.94,0.95
4418,54.72,1046.0711,-28129.21,0.96
4419,51.28,1120.7313,-28018.28,1.17
4420,59.48,1060.4558,-26511.39,1.04
4421,37.56,1041.9118,-26047.8,1.01
4422,53.16,1063.2291,-28514.94,0.8
4423,40.04,1023.8013,-25595.03,1.14
4424,60.32,1053.034,-28272.86,0.76
4425,24.6,1002.4076,-27059.02,0.79
4426,58.28,1006.9322,-27197.42,0.99
4427,57.08,1027.0209,-27640.89,0.86
4428,35.0,1097.4542,-31226.87,1.11
4429,53.88,1055.6582,-26391.45,0.99
4430,39.8,1126.5807,-28164.52,1.1
4431,56.16,1042.6174,-26065.43,0.96
4432,29.32,969.8225,-24245.56,0.81
4433,56.08,1051.2949,-26282.37,1.05
4434,52.92,1074.9048,-30507.01,1.02
4435,40.08,1045.0698,-26126.74,1.04
4436,44.6,1022.3707,-25559.27,1.08
4437,52.52,988.324,-26731.29,0.88
4438,51.36,1036.5539,-27951.43,0.83
4439,53.6,1057.246,-26431.15,1.09
4440,42.12,1043.4706,-28043.0,0.91
4441,45.56,1152.9575,-30814.36,1.07
4442,45.64,1065.2694,-26631.73,0.9
4443,35.2,1044.6392,-26115.98,1.04
4444,32.04,1025.6764,-25641.91,1.03
4445,43.96,1113.4595,-33527.12,1.03
4446,58.48,1020.5358,-29468.02,0.86
4447,50.16,1048.755,-28242.67,1.08
4448,50.2,1033.148,-25828.7,0.96
4449,50.68,1036.1572,-29909.04,0.88
4450,44.32,1326.859,-33171.47,0.75
4451,40.96,1030.7594,-27658.44,0.86
4452,59.08,1014.8229,-25370.57,0.88
4453,49.2,993.209,-24830.23,1.08
4454,53.96,1035.5373,-33603.83,0.97
4455,54.64,1011.3891,-25284.73,0.88
4456,43.96,1036.8702,-25921.75,0.66
4457,57.0,1086.5955,-30983.3,0.77
4458,36.24,1008.292,-27218.91,0.97
4459,51.24,1251.9766,-31299.41,1.02
4460,48.6,976.9435,-28470.08,0.76
4461,42.76,1000.8597,-25021.49,0.95
4462,52.28,1061.7008,-26542.52,0.84
4463,46.8,1040.3596,-26008.99,0.95
4464,54.32,1024.4308,-27645.98,1.01
4465,49.24,1090.6123,-31110.91,0.99
4466,54.16,1075.3092,-26882.73,0.88
4467,53.8,1111.1793,-27779.48,1.05
4468,54.24,1048.2855,-26207.14,0.79
4469,43.52,1020.1276,-29572.21,1.0
4470,46.56,1009.2096,-25230.24,1.15
4471,25.32,995.721,-24893.03,0.9
4472,58.12,1068.9998,-28672.93,1.03
4473,59.36,1006.4036,-29176.09,0.82
4474,51.44,1100.2879,-27507.2,0.84
4475,51.0,1017.8353,-31394.46,0.83
4476,52.68,1061.7874,-31804.47,1.0
4477,28.36,1010.9794,-33234.63,0.8
4478,38.84,1052.4361,-34087.38,0.94
4479,41.56,1029.3802,-31704.09,0.87
4480,57.4,1048.5509,-33837.87,0.85
4481,48.44,1069.7126,-36313.92,1.1
4482,62.04,1033.3784,-29507.74,0.99
4483,37.16,985.1934,-28666.68,1.14
4484,34.16,983.1579,-36719.52,1.14
4485,27.52,995.2584,-38596.27,0.98
4486,52.24,997.9388,-28969.54,0.85
4487,26.0,981.57,-34642.71,0.91
4488,48.64,1131.5514,-33954.06,0.82
4489,54.44,1044.4116,-28061.4,0.94
4490,39.68,1009.4929,-25237.32,0.77
4491,53.48,1045.2632,-38020.34,1.13
4492,29.4,1002.5544,-29108.68,0.91
4493,49.36,972.8782,-26359.9,0.72
4494,36.48,1122.9136,-31791.62,0.97
4495,50.48,1069.3791,-34514.89,0.89
4496,51.44,1046.1451,-29597.75,0.84
4497,44.4,1010.539,-25263.48,1.03
4498,50.88,1137.8912,-28447.28,0.96
4499,40.92,1011.1501,-25278.75,0.87
4500,25.32,986.7269,-28708.19,0.66
4501,53.08,1053.7056,-28312.35,0.85
4502,41.72,1027.7226,-25693.06,1.08
4503,38.68,1052.0312,-32173.57,0.99
4504,58.56,1020.0718,-27480.05,0.69
4505,48.6,1086.5321,-28759.89,1.07
4506,51.4,1033.1908,-27807.5,0.91
4507,50.88,1036.7854,-29966.69,1.11
4508,30.04,1028.0213,-29661.3,0.94
4509,41.12,982.6889,-24567.22,0.7
4510,40.24,1040.1653,-27967.3,0.68
4511,23.56,1000.9234,-29040.89,0.83
4512,45.4,1011.938,-25298.45,0.7
4513,34.6,976.3216,-24408.04,0.81
4514,52.48,1016.6497,-27382.79,0.87
4515,36.4,1126.8448,-28171.12,0.76
4516,50.84,1045.3249,-28088.14,0.77
4517,44.12,1013.9731,-27324.32,1.01
4518,46.6,1012.2064,-29241.93,0.84
4519,32.88,981.1846,-26549.1,0.87
4520,48.8,1037.9247,-27893.45,0.97
4521,47.76,1008.8826,-25222.07,1.0
4522,55.52,1027.9645,-29641.64,0.65
4523,27.44,979.0319,-28532.71,0.92
4524,32.96,977.2906,-24432.26,0.78
4525,43.2,996.3305,-24908.26,0.8
4526,53.2,1017.3926,-25434.81,0.7
4527,41.4,1000.2155,-25005.39,0.77
4528,52.36,1018.0954,-27411.15,0.8
4529,55.12,1044.1544,-26103.86,0.9
4530,55.36,1006.233,-27147.77,0.83
4531,25.4,1026.4022,-25660.05,0.87
4532,38.84,1036.1632,-25904.08,0.69
4533,51.4,992.9814,-24824.54,0.97
4534,51.0,1015.5682,-27412.83,1.01
4535,58.84,1020.7152,-27501.77,0.85
4536,48.0,1048.4905,-28174.04,0.99
4537,62.24,1004.7334,-25118.33,0.76
4538,42.0,1014.6824,-25367.06,0.91
4539,48.2,1087.8279,-27195.7,0.94
4540,49.16,1021.7888,-29432.27,0.92
4541,51.2,1241.8883,-31047.21,1.18
4542,38.32,1092.9037,-27322.59,0.82
4543,38.44,964.8097,-28195.95,0.71
4544,50.84,1141.1518,-30255.24,1.0
4545,52.16,1034.661,-25866.53,0.66
4546,52.68,1154.4404,-32817.52,0.9
4547,46.0,1011.2617,-25281.54,1.06
4548,45.08,1032.2739,-27810.49,0.98
4549,42.52,996.1388,-28777.11,0.95
4550,47.76,1002.2448,-27086.57,1.23
4551,50.52,1091.2647,-27281.62,0.76
4552,58.16,987.767,-24694.18,1.12
4553,48.2,1387.3511,-34683.78,0.72
4554,50.52,1055.8136,-28407.55,0.99
4555,54.6,1052.7668,-28265.53,0.66
4556,39.96,1034.4303,-25860.76,0.9
4557,22.76,979.8632,-24496.58,0.77
4558,48.0,1016.2795,-27425.35,0.71
4559,38.2,1324.9065,-33122.66,0.75
4560,42.24,983.6195,-26608.92,0.8
4561,38.48,1007.7143,-25192.86,1.18
4562,38.52,1015.1696,-25379.24,1.13
4563,43.24,1222.1492,-30553.73,0.92
4564,62.08,1003.6711,-27113.21,0.85
4565,56.88,1084.3188,-27107.97,0.85
4566,57.92,990.6766,-24766.91,0.84
4567,32.44,995.1828,-28844.12,1.02
4568,60.64,1205.3228,-32077.63,0.78
4569,59.48,1057.5639,-28377.26,0.91
4570,40.44,1001.898,-31073.3,0.75
4571,28.92,1036.4972,-29800.05,0.83
4572,45.76,979.9134,-26525.14,0.74
4573,48.92,1072.142,-26803.55,0.72
4574,35.64,1009.897,-25247.42,0.93
4575,47.24,1024.6791,-27527.02,1.58
4576,56.4,1066.2853,-30617.53,1.03
4577,43.24,986.703,-24667.58,0.81
4578,55.64,994.5217,-24863.04,0.91
4579,53.72,1017.5347,-25438.37,0.87
4580,45.32,1100.4794,-27511.98,0.94
4581,56.72,987.1181,-24677.95,0.75
4582,44.44,978.0472,-26473.64,1.03
4583,39.64,1040.72,-26018.0,0.93
4584,61.88,979.1112,-24477.78,0.85
4585,50.4,988.3288,-26719.86,0.75
4586,25.8,981.3112,-24532.78,0.91
4587,54.84,1022.3325,-29526.7,0.71
4588,36.4,1019.8529,-27460.26,0.91
4589,54.84,999.3538,-24983.84,1.0
4590,41.64,982.2421,-24556.05,0.92
4591,44.16,1052.3522,-30275.9,0.94
4592,58.32,1027.4092,-25685.23,0.89
4593,37.0,1016.614,-27433.8,1.02
4594,47.08,1035.0051,-25875.13,1.08
4595,44.2,1050.4616,-26261.54,0.71
4596,66.52,968.9981,-24224.95,0.68
4597,44.68,1030.7666,-25769.17,0.81
4598,37.44,1044.708,-26117.7,0.93
4599,38.48,1033.4353,-27867.5,0.68
4600,51.84,1047.7109,-26192.77,0.75
4601,43.36,996.6135,-26919.8,0.86
4602,31.8,1004.714,-25117.85,0.98
4603,43.64,1005.798,-25144.95,0.91
4604,60.92,1011.633,-25290.82,0.8
4605,29.88,1022.9804,-29558.52,1.04
4606,48.72,1057.871,-30145.25,1.1
4607,37.92,1012.2561,-25306.4,0.82
4608,44.16,1046.2544,-28088.28,0.76
4609,36.2,1051.7261,-30134.05,0.84
4610,64.76,1040.2248,-26005.62,1.02
4611,31.12,979.5957,-26514.7,0.78
4612,35.56,1058.0402,-26451.01,0.81
4613,49.52,1010.0091,-27265.87,0.89
4614,48.92,1024.8053,-25620.13,0.89
4615,46.04,1038.2098,-25955.24,0.9
4616,50.28,1048.7543,-28165.91,0.97
4617,55.4,1095.5243,-27388.11,0.86
4618,51.96,1046.6021,-26165.05,0.92
4619,53.12,1020.4588,-25511.47,1.15
4620,44.16,1021.2002,-25530.01,1.05
4621,57.72,1055.1766,-28349.86,0.88
4622,39.72,1010.4374,-25260.94,1.02
4623,58.04,991.4342,-24785.86,0.89
4624,35.96,977.7649,-24444.12,0.89
4625,46.12,1132.1566,-30166.78,0.72
4626,45.0,1045.7401,-28147.91,0.79
4627,30.8,1000.581,-25014.52,0.9
4628,44.8,1040.8855,-26022.14,0.76
4629,63.36,1060.9588,-26523.97,0.91
4630,51.84,1056.3642,-26409.11,0.86
4631,48.16,1037.7902,-27909.7,1.01
4632,53.88,1023.1922,-25579.81,0.84
4633,42.96,1034.5954,-27869.45,0.7
4634,43.92,1053.1396,-26328.49,0.76
4635,60.12,991.563,-24789.07,0.74
4636,55.72,1214.9366,-30373.42,1.05
4637,40.96,1034.6417,-25866.04,0.73
4638,48.28,992.6901,-24817.25,0.75
4639,50.84,1067.8042,-26695.1,0.75
4640,53.24,1047.5652,-26189.13,0.77
4641,31.36,1060.7299,-26518.25,0.98
4642,49.44,1256.7753,-31419.38,0.8
4643,54.84,1033.2361,-25830.9,0.74
4644,44.8,1063.5767,-30203.4,1.0
4645,48.16,1044.0283,-28065.96,0.85
4646,40.84,1004.7607,-25119.02,0.91
4647,29.16,1009.6061,-27256.09,0.91
4648,51.08,1054.0237,-26350.59,0.9
4649,48.64,1045.6167,-28162.11,0.95
4650,56.56,972.0337,-24300.84,0.98
4651,37.04,1030.1932,-29791.45,1.13
4652,60.84,976.9651,-24424.13,1.05
4653,68.68,1005.2188,-35077.29,1.02
4654,42.6,1113.9272,-33623.41,0.68
4655,42.6,1026.3733,-33547.62,0.85
4656,29.6,1019.0334,-33534.48,0.84
4657,50.44,1030.6901,-27734.78,0.9
4658,43.04,992.8821,-34760.84,0.93
4659,52.44,1139.5944,-30100.92,0.9
4660,45.24,1087.6244,-30962.05,1.09
4661,48.64,987.6203,-24690.51,0.82
4662,25.72,1047.3101,-26182.75,0.96
4663,50.16,1017.2001,-29263.79,0.87
4664,64.24,1155.1277,-30802.66,0.67
4665,44.8,1011.6908,-25292.27,0.98
4666,36.12,1051.4486,-28269.65,0.81
4667,51.8,1082.6874,-28918.38,0.83
4668,40.44,1031.8798,-27821.63,1.1
4669,43.04,1022.8476,-25571.19,0.95
4670,46.16,1087.6218,-30883.29,0.87
4671,43.0,1076.1713,-28824.3,1.02
4672,46.32,1040.0846,-27961.2,0.86
4673,54.52,1277.3137,-35352.17,0.76
4674,45.0,994.6575,-28830.23,1.07
4675,57.36,1001.9093,-31076.94,0.79
4676,49.32,1095.381,-29397.41,0.66
4677,47.84,1114.9968,-27874.92,0.89
4678,56.04,1096.4114,-27410.28,0.93
4679,50.04,1111.8696,-29628.99,0.9
4680,37.88,1146.4266,-30321.64,0.96
4681,48.92,1033.0897,-31747.79,1.04
4682,50.24,1029.1587,-25728.97,1.13
4683,46.6,1005.3486,-25133.72,0.73
4684,44.48,1022.837,-27423.44,0.78
4685,51.0,1056.3012,-28368.07,1.04
4686,58.72,1035.1894,-27843.42,0.84
4687,50.08,1142.5191,-32260.88,0.83
4688,60.6,1034.1651,-27832.71,1.02
4689,45.2,978.5132,-26486.32,1.0
4690,42.72,986.9168,-24672.92,1.03
4691,58.44,1134.2618,-28356.55,0.9
4692,51.36,1025.3566,-31547.48,0.93
4693,49.2,1016.8523,-29454.55,0.9
4694,53.52,1041.2772,-27998.47,0.86
4695,51.56,1032.7917,-27786.72,0.81
4696,61.48,989.2255,-34790.22,0.82
4697,59.28,1021.7762,-27559.8,0.78
4698,41.0,1012.2058,-27287.22,0.89
4699,52.92,1027.2899,-27534.41,0.97
4700,29.12,1022.1225,-25553.06,0.85
4701,67.2,1015.3386,-25383.46,0.86
4702,46.64,1019.6691,-29447.66,0.66
4703,44.16,1035.4558,-25886.39,0.9
4704,48.8,1032.2117,-25805.29,0.96
4705,38.6,1079.0415,-30969.91,0.93
4706,51.64,1033.1734,-27782.07,0.78
4707,50.48,1129.2718,-33775.84,1.02
4708,44.88,1039.2528,-25981.32,0.89
4709,41.6,1029.4901,-31635.29,1.11
4710,44.72,1038.3572,-27936.11,0.89
4711,65.56,978.0748,-24451.87,0.78
4712,55.04,1142.1229,-30499.46,0.84
4713,30.96,1003.8581,-33076.06,0.99
4714,26.88,1023.0217,-25575.54,0.88
4715,37.68,1016.4721,-27439.84,1.12
4716,49.92,1095.8073,-29197.87,1.09
4717,36.96,1090.7376,-34848.31,1.17
4718,37.92,1124.2643,-29918.75,1.05
4719,52.04,1054.2911,-28345.95,1.08
4720,47.96,1089.354,-32959.15,1.01
4721,53.28,1043.1518,-31632.39,0.93
4722,43.24,1071.68,-36412.65,0.99
4723,56.08,1054.3579,-40205.65,0.92
4724,30.28,1000.0164,-25000.41,0.95
4725,38.72,1059.3592,-36105.44,0.87
4726,50.56,1096.6251,-33189.21,1.0
4727,61.24,1022.6747,-33518.87,0.97
4728,54.28,1038.2794,-35843.82,1.0
4729,29.64,1019.7518,-35386.16,1.07
4730,58.28,1047.9793,-28128.53,0.93
4731,38.2,1057.8086,-28480.95,0.97
4732,29.72,1028.1236,-35449.66,1.03
4733,48.8,1003.7874,-34943.86,0.95
4734,52.08,1168.1902,-34667.66,1.13
4735,35.48,1017.3556,-29443.08,1.2
4736,53.44,1059.3553,-32414.02,1.01
4737,55.28,989.9256,-34773.7,0.9
4738,58.8,1048.283,-30111.54,1.06
4739,55.64,1024.6398,-29488.3,0.97
4740,54.76,1054.1496,-31962.4,0.95
4741,46.68,1030.9069,-31709.69,0.9
4742,44.68,1129.9923,-30113.06,1.19
4743,23.96,1001.7506,-40841.38,0.89
4744,45.72,1056.7929,-26419.82,1.07
4745,49.2,1066.6108,-26665.27,1.12
4746,61.96,1150.7315,-32495.81,0.77
4747,44.68,1016.2424,-29361.31,0.9
4748,28.6,1016.0294,-31416.86,1.01
4749,37.68,1050.3824,-30147.17,0.86
4750,49.2,1143.4166,-30236.76,1.14
4751,31.8,1001.4443,-29083.12,1.22
4752,39.4,1050.1818,-28202.7,1.09
4753,33.84,1021.5821,-29526.31,0.98
4754,51.12,1019.4484,-29452.85,0.82
4755,35.2,1028.4306,-31540.24,0.93
4756,50.8,1006.8196,-33108.89,1.08
4757,44.8,1049.0691,-28198.25,0.91
4758,41.0,1002.4566,-33158.89,1.05
4759,48.56,1129.7001,-31729.38,0.94
4760,51.92,992.7328,-30853.4,1.03
4761,55.6,1042.6094,-28028.91,0.93
4762,51.2,1051.6428,-28285.27,0.93
4763,30.76,971.4699,-28351.83,0.77
4764,55.68,1043.3387,-28072.04,1.0
4765,50.72,1010.1223,-33213.31,0.8
4766,41.84,1037.2344,-27950.69,0.83
4767,55.48,1006.3628,-27168.26,0.79
4768,59.72,1032.7177,-27782.14,1.14
4769,52.44,1051.2529,-26281.32,0.73
4770,49.72,1026.1868,-25654.67,0.92
4771,54.8,1053.8158,-26345.39,1.05
4772,51.64,1035.1562,-33743.83,0.75
4773,40.48,1072.52,-26813.0,0.8
4774,50.68,1042.8138,-26070.35,0.88
4775,59.24,1129.5241,-29821.15,0.9
4776,47.4,1014.9859,-29368.77,0.92
4777,45.96,1052.4996,-26312.49,0.99
4778,56.08,1073.0336,-32371.17,0.93
4779,55.6,1035.4222,-25885.55,0.87
4780,54.8,1149.2127,-32685.93,1.07
4781,57.32,1051.9852,-30041.35,0.81
4782,56.4,1083.5882,-30910.05,0.98
4783,24.2,968.2397,-26237.75,0.88
4784,39.52,1011.6177,-27228.67,0.94
4785,61.2,984.1775,-24604.44,0.9
4786,49.12,1044.3308,-34040.96,0.93
4787,51.0,1036.2438,-29832.4,0.91
4788,41.08,1039.346,-25983.65,1.13
4789,40.88,1066.445,-26661.12,1.08
4790,55.44,1000.8833,-25022.08,0.71
4791,45.8,1043.156,-36070.56,1.03
4792,38.48,1063.1476,-26578.69,0.93
4793,45.24,1023.3867,-29543.13,1.07
4794,44.6,1008.575,-27182.58,0.91
4795,44.0,1027.1431,-29588.23,1.16
4796,46.56,1050.6878,-26267.19,1.14
4797,35.24,1038.5849,-27901.24,0.95
4798,41.92,1012.7548,-27340.99,0.92
4799,37.0,1039.6449,-25991.12,1.07
4800,41.4,1055.5642,-30413.05,0.95
4801,46.0,1014.4144,-25360.36,0.92
4802,44.8,1058.988,-26474.7,0.84
4803,46.8,1183.9778,-29599.44,0.94
4804,51.8,1028.8798,-27686.09,1.17
4805,49.44,1189.2833,-33139.55,0.88
4806,38.76,1008.381,-27227.95,0.85
4807,36.2,1040.8015,-26020.04,0.73
4808,19.12,999.5524,-24988.81,0.85
4809,57.92,1012.5626,-25314.07,0.85
4810,45.08,1037.5075,-27672.93,0.8
4811,48.2,1011.2745,-29256.16,0.99
4812,60.52,989.3229,-26746.73,0.86
4813,57.92,1013.4647,-27321.57,0.81
4814,45.88,970.371,-28329.22,1.1
4815,45.44,1052.8926,-28268.04,0.91
4816,47.44,1147.7122,-28692.8,1.04
4817,54.48,1371.4379,-35861.12,1.12
4818,49.04,1031.0038,-27804.47,0.89
4819,30.96,1022.1752,-27578.08,0.93
4820,55.2,1004.3164,-25107.91,0.93
4821,50.4,986.8039,-28744.49,0.82
4822,49.76,1088.4607,-29223.72,0.91
4823,62.96,1022.4618,-25561.55,0.87
4824,37.2,1004.2898,-29160.47,0.9
4825,54.28,1031.996,-25799.9,0.87
4826,48.76,1035.5314,-27855.34,0.86
4827,67.84,1046.1246,-30066.26,1.18
4828,37.36,995.6038,-24890.09,1.0
4829,45.52,1026.4312,-27626.53,0.92
4830,28.96,982.0695,-24551.74,0.91
4831,20.48,1025.5002,-31399.58,1.0
4832,52.4,1021.3756,-25534.39,1.09
4833,57.76,1018.4173,-25460.43,0.86
4834,40.56,1016.9461,-27443.43,0.93
4835,48.0,1023.7668,-25594.17,1.05
4836,44.4,1011.2214,-27300.23,0.94
4837,44.8,1057.0644,-26426.61,0.86
4838,57.84,1141.3036,-32395.39,0.84
4839,57.92,1059.2466,-26481.17,0.89
4840,39.44,1059.5676,-32429.99,0.88
4841,43.2,988.2618,-30790.16,0.95
4842,50.84,1026.7965,-27642.99,0.74
4843,52.24,1050.802,-28216.83,0.79
4844,37.52,1023.5431,-27563.39,0.71
4845,64.12,1035.4398,-25885.99,0.85
4846,34.16,1086.7124,-31137.21,0.92
4847,39.88,1070.4242,-28691.96,0.81
4848,63.04,1004.0641,-27109.47,0.8
4849,64.48,1074.0756,-26851.89,0.88
4850,30.44,982.2205,-24555.51,0.85
4851,35.4,1063.8735,-26596.84,0.98
4852,33.48,983.4728,-24586.82,0.72
4853,58.76,984.1165,-26626.65,0.85
4854,37.6,1109.1342,-29638.08,0.9
4855,41.56,1144.3562,-28608.91,0.98
4856,57.56,1041.4534,-26036.33,0.88
4857,50.24,1014.3072,-25357.68,1.05
4858,44.36,993.2411,-24831.03,0.77
4859,52.52,1320.7944,-34685.6,0.7
4860,61.4,1049.8878,-26247.19,1.0
4861,56.68,1014.2382,-25355.96,0.74
4862,44.56,1018.1671,-25454.18,0.77
4863,48.84,1066.7867,-26669.67,0.96
4864,29.32,985.2083,-24630.21,1.05
4865,48.2,1040.1118,-26002.8,0.87
4866,48.6,1128.7538,-30250.49,0.74
4867,43.92,1065.4416,-26636.04,0.9
4868,40.08,1028.4209,-25710.52,1.09
4869,44.44,1012.4464,-25311.16,0.94
4870,54.64,1006.616,-25165.4,0.9
4871,51.32,1024.943,-29574.51,0.9
4872,53.28,1052.1689,-26304.22,0.76
4873,34.2,999.5118,-24987.79,1.13
4874,32.48,1004.8124,-27117.58,0.78
4875,50.72,1034.9831,-25874.58,0.86
4876,49.04,979.6897,-24492.24,0.93
4877,66.44,1042.4638,-26061.59,0.7
4878,51.16,987.1991,-24679.98,0.69
4879,32.88,1028.0851,-25702.13,0.83
4880,41.08,1030.6746,-27733.75,0.64
4881,38.72,1074.602,-26865.05,0.72
4882,22.92,987.4368,-30685.05,0.92
4883,40.0,1021.6255,-29601.93,0.95
4884,36.0,1008.9797,-25224.49,1.11
4885,32.04,1014.2779,-25356.95,1.05
4886,42.12,1002.2025,-27077.08,0.92
4887,42.88,1107.8955,-33284.79,0.74
4888,31.8,1046.7347,-28029.19,0.93
4889,58.72,1055.4837,-26387.09,1.1
4890,57.36,1056.4856,-26412.14,0.89
4891,51.6,1050.3196,-30156.14,0.82
4892,55.56,1012.1782,-25304.45,0.81
4893,45.44,1025.1386,-25628.47,1.23
4894,50.0,1012.0908,-27330.1,1.07
4895,46.32,999.6809,-26964.75,0.77
4896,46.48,1061.5324,-26538.31,1.21
4897,52.28,1057.6501,-30175.57,1.01
4898,50.0,1018.9984,-27459.28,0.74
4899,42.44,1002.3661,-29075.14,0.95
4900,51.68,996.0758,-26908.75,1.08
4901,53.6,1023.0818,-25577.04,0.93
4902,56.84,1070.1662,-32463.36,0.92
4903,58.88,1087.5646,-30734.41,0.87
4904,37.0,1022.418,-25560.45,0.86
4905,47.4,1039.0259,-25975.65,1.17
4906,60.08,1009.7673,-27221.08,1.09
4907,49.88,1082.3182,-29082.81,0.88
4908,53.16,1117.081,-29806.32,1.11
4909,56.24,981.0276,-28563.09,1.09
4910,49.32,1040.5871,-28037.43,0.95
4911,57.92,1074.5784,-26864.46,1.1
4912,52.48,1053.1155,-28275.48,0.96
4913,39.56,1013.8784,-27311.85,0.99
4914,45.72,1067.1472,-30558.3,1.02
4915,45.32,1032.8402,-27785.71,0.97
4916,49.16,1049.4287,-26235.72,0.85
4917,39.4,1007.9506,-33277.52,0.91
4918,61.8,1032.7857,-29868.63,0.96
4919,32.88,1020.414,-27506.83,1.02
4920,37.36,1010.8241,-27289.31,0.86
4921,56.68,1015.7146,-27358.0,1.05
4922,58.84,1050.9458,-28263.66,0.89
4923,56.56,1029.9573,-31582.82,0.92
4924,49.88,988.2282,-26733.74,1.02
4925,50.08,995.107,-28919.98,1.09
4926,56.4,1043.1301,-28115.06,0.87
4927,57.4,1059.6948,-36362.38,0.95
4928,66.24,1036.4071,-29859.16,1.04
4929,48.76,1000.0147,-29043.45,1.09
4930,47.6,1013.0905,-29369.2,1.06
4931,37.24,967.8736,-26216.2,0.94
4932,36.56,1008.0481,-31258.74,1.06
4933,49.64,1009.9288,-25248.22,1.19
4934,46.6,1029.6503,-29700.56,1.08
4935,51.28,1007.0902,-27183.91,0.87
4936,52.44,1066.8196,-28585.89,1.24
4937,44.56,1015.5058,-25387.64,0.99
4938,44.8,1028.2264,-27742.61,1.0
4939,47.52,1021.5858,-25539.65,1.1
4940,40.96,1052.4957,-30047.69,1.18
4941,36.48,986.219,-28702.92,0.87
4942,55.2,1157.4041,-32791.13,1.1
4943,26.24,1043.5051,-32082.28,1.12
4944,51.0,1024.0448,-25601.12,0.89
4945,43.76,1029.279,-25731.97,1.02
4946,54.64,1009.3208,-27257.19,0.84
4947,24.44,1008.3931,-27209.11,0.8
4948,40.04,1001.2594,-27047.24,1.09
4949,60.44,1013.989,-29373.34,0.94
4950,40.48,1016.0076,-31467.5,0.97
4951,57.72,1034.3152,-33426.45,1.07
4952,44.6,1010.8924,-31296.07,1.1
4953,43.6,1021.1655,-29492.05,1.03
4954,50.2,1071.2136,-34342.67,1.02
4955,56.96,1078.2482,-32465.41,1.0
4956,43.52,1014.6228,-29266.77,1.16
4957,32.4,1020.2485,-29549.16,1.01
4958,48.44,993.0924,-26852.59,1.04
4959,51.16,1021.4522,-25536.31,0.92
4960,50.8,982.8752,-28590.13,0.94
4961,49.32,1121.2213,-37249.25,0.95
4962,60.72,1069.8876,-28551.01,0.88
4963,57.16,1042.6463,-27719.91,1.12
4964,36.6,1015.7114,-29434.84,0.93
4965,45.68,1087.6604,-31009.25,1.02
4966,47.92,1144.5224,-28613.06,1.15
4967,49.2,1039.8029,-25995.07,1.04
4968,41.12,1044.8745,-30032.07,1.11
4969,55.76,1104.347,-31281.57,0.95
4970,34.64,1008.0645,-27149.19,0.98
4971,46.68,974.7021,-26404.8,0.91
4972,55.4,1004.4452,-31082.11,0.86
4973,39.84,1011.9956,-27319.57,1.0
4974,42.04,1041.7502,-30034.11,0.95
4975,33.16,1012.4999,-27286.64,1.48
4976,51.2,1009.4225,-35192.66,0.91
4977,59.44,1028.4171,-35608.49,1.17
4978,45.56,1093.9556,-29338.77,1.02
4979,49.96,1016.5902,-29409.41,0.97
4980,34.8,1040.7604,-26019.01,1.24
4981,37.44,1003.2405,-30908.03,0.99
4982,51.32,1019.8112,-31357.51,1.02
4983,47.88,1001.0828,-32974.41,1.02
4984,62.52,1053.6961,-34282.97,1.11
4985,50.96,1036.6787,-33901.16,0.96
4986,36.08,1035.9934,-33857.36,1.11
4987,57.36,999.4867,-40985.32,1.16
4988,57.84,989.4148,-32753.84,1.19
4989,32.36,1041.1536,-29712.79,1.16
4990,52.2,1039.3332,-39941.1,1.03
4991,57.64,973.6863,-40625.25,1.19
4992,44.16,999.2614,-24981.54,0.92
4993,49.04,1005.7433,-33098.62,1.17
4994,53.56,1020.9229,-27545.56,1.03
4995,31.08,1018.9851,-25474.63,1.11
4996,53.64,1040.0893,-41446.09,0.82
4997,56.68,1008.6474,-27253.14,1.13
4998,61.76,1072.3881,-30766.66,1.01
4999,49.4,1006.9564,-29127.61,1.11
5000,29.72,1010.5144,-27265.68,1.07
5001,52.28,1033.065,-31748.3,1.11
5002,58.0,1033.1923,-33719.76,0.98
5003,46.76,982.0232,-26588.07,1.08
5004,56.12,1008.5762,-27080.84,1.08
5005,54.04,1010.9206,-25273.01,1.21
5006,54.44,1029.4093,-29679.6,1.16
5007,30.48,1017.3524,-29405.86,1.13
5008,57.76,1038.4708,-33304.98,0.98
5009,37.04,1023.4338,-33676.84,1.06
5010,50.48,1013.1151,-27321.79,1.06
5011,50.96,1020.0896,-31329.64,0.98
5012,46.16,1028.0095,-25700.24,1.07
5013,53.16,1049.8275,-28075.47,1.08
5014,48.0,1009.1425,-25228.56,1.16
5015,43.32,1068.5647,-32271.3,0.9
5016,39.4,1059.1272,-28481.96,0.81
5017,48.36,1036.1652,-33440.1,1.04
5018,61.88,1034.3592,-31772.22,0.99
5019,33.44,1024.763,-27618.1,1.13
5020,49.32,1060.7359,-26518.4,1.05
5021,22.76,1008.0204,-35346.68,1.02
5022,49.64,1002.8548,-33090.52,1.06
5023,52.36,1005.6843,-39337.39,1.06
5024,37.12,1003.1068,-33165.41,0.9
5025,56.0,1028.2235,-33661.84,1.09
5026,42.2,1015.9007,-33429.68,0.99
5027,52.64,1049.5314,-28213.21,0.98
5028,38.8,997.5572,-26935.09,1.05
5029,26.16,1000.2993,-29048.09,1.03
5030,44.68,1174.3861,-32974.52,1.16
5031,51.84,1123.7214,-28093.04,1.09
5032,43.52,1005.8925,-27169.79,0.87
5033,49.92,1088.1358,-27203.4,1.18
5034,55.8,1041.2933,-31989.22,0.98
5035,34.0,1002.8659,-25071.65,1.09
5036,47.12,1037.6748,-27878.33,1.12
5037,41.36,1052.7121,-31802.15,1.0
5038,56.92,1031.3373,-33660.54,1.03
5039,50.96,1036.4522,-27858.64,0.98
5040,37.52,1036.8942,-29987.1,1.0
5041,53.08,1015.1168,-29401.97,1.12
5042,46.28,997.6861,-24942.15,1.07
5043,37.88,1024.7718,-29506.32,1.18
5044,58.2,1005.7765,-25144.41,1.02
5045,61.12,1020.1278,-33355.53,1.17
5046,63.04,1031.9858,-27836.43,0.99
5047,44.52,1016.751,-27396.78,1.12
5048,56.0,1020.1844,-33441.39,0.94
5049,55.8,1042.8021,-32077.4,0.86
5050,56.76,1032.7951,-31845.52,0.95
5051,49.28,1021.2422,-31548.21,0.96
5052,47.24,1016.0227,-29385.24,1.06
5053,55.6,1028.2542,-33655.81,1.08
5054,44.16,1123.906,-29971.93,0.8
5055,50.12,1004.8477,-25121.19,1.11
5056,47.96,1002.8324,-25070.81,0.89
5057,53.04,1027.6614,-31500.0,0.96
5058,48.52,1075.5763,-28832.63,1.15
5059,44.4,992.2799,-24807.0,1.11
5060,55.52,1008.7531,-27238.31,0.88
5061,48.72,1076.4487,-28841.18,0.75
5062,56.64,1106.3747,-31208.48,0.85
5063,36.24,1068.2402,-28652.75,1.0
5064,50.96,1158.1314,-30857.44,1.11
5065,33.36,1005.5027,-27137.44,0.92
5066,59.0,1046.1552,-26153.88,0.88
5067,44.08,1062.8384,-28519.53,1.04
5068,48.04,1042.0088,-26050.22,1.07
5069,54.6,1052.0778,-26301.94,0.83
5070,56.04,1019.8211,-29462.85,0.88
5071,46.44,1021.1878,-25529.7,0.8
5072,63.96,1064.4553,-26611.38,1.15
5073,65.64,1030.5314,-25763.29,1.05
5074,53.36,1011.8601,-29264.88,0.84
5075,52.84,1017.8678,-27441.08,0.86
5076,55.96,1040.9814,-26024.53,0.87
5077,51.64,1038.1234,-25953.08,0.88
5078,53.52,1112.084,-29655.42,1.09
5079,43.0,1047.6715,-26191.79,1.05
5080,43.84,1016.2783,-29353.42,0.93
5081,45.28,1023.9859,-25599.65,1.16
5082,40.96,995.318,-26879.39,0.92
5083,42.24,1024.7707,-25619.27,0.78
5084,48.12,1231.059,-32537.07,0.73
5085,45.44,1006.8848,-25172.12,0.86
5086,48.6,1042.6743,-26066.86,0.92
5087,42.28,979.3437,-24483.59,0.77
5088,38.0,1025.5932,-31555.14,0.68
5089,31.04,1036.85,-25921.25,0.89
5090,42.36,1073.3569,-26833.92,0.87
5091,51.52,1027.0373,-25675.93,0.92
5092,45.28,1076.3675,-26909.19,0.77
5093,64.64,1008.7318,-25218.29,1.06
5094,37.32,1017.4979,-27403.71,0.79
5095,42.72,980.7647,-24519.12,1.03
5096,60.84,1021.7993,-27538.7,0.91
5097,50.56,1010.2057,-25255.14,0.83
5098,52.92,1021.7226,-25543.07,1.13
5099,43.0,1004.9274,-25123.18,0.89
5100,37.4,980.5062,-26533.34,0.91
5101,56.32,1039.6178,-27983.96,0.86
5102,53.2,994.7716,-26892.75,1.02
5103,52.4,1074.0728,-28875.18,0.8
5104,33.76,1019.2618,-25481.55,0.99
5105,43.6,1022.1816,-25554.54,1.24
5106,57.2,1016.6134,-25415.33,0.8
5107,39.8,1054.3268,-34173.05,0.76
5108,48.2,1053.8096,-28370.15,1.01
5109,62.24,1013.7392,-31300.99,0.72
5110,48.6,1019.344,-27057.52,0.96
5111,49.72,1034.1504,-33677.59,0.91
5112,29.12,1009.6864,-27214.4,0.79
5113,38.68,997.2513,-24931.28,0.99
5114,48.24,1016.6064,-27449.85,0.88
5115,56.84,1128.7114,-30077.15,0.81
5116,24.24,981.6952,-26575.4,0.92
5117,32.12,1071.0231,-28712.66,0.85
5118,36.48,1004.0808,-29141.5,0.74
5119,53.0,1016.1008,-27385.17,1.05
5120,53.08,1043.6408,-28115.82,0.74
5121,37.12,1038.9858,-27941.69,0.79
5122,62.64,1033.9797,-25849.49,0.85
5123,51.96,1042.5972,-26064.93,0.92
5124,54.8,1034.3201,-29879.13,0.92
5125,57.24,1012.6946,-25317.36,0.8
5126,62.52,1005.4754,-27145.58,1.02
5127,57.36,1029.9601,-33702.98,0.89
5128,41.52,1031.223,-27798.37,0.92
5129,27.6,1051.2861,-36002.05,1.08
5130,58.84,1008.2469,-29116.78,0.92
5131,51.76,1039.677,-27922.8,0.8
5132,57.36,1037.5002,-27869.3,0.79
5133,50.24,1019.4203,-27452.74,0.86
5134,44.12,1021.7791,-27508.38,0.94
5135,32.28,1000.1688,-29058.06,0.84
5136,45.6,1015.9869,-35394.42,0.93
5137,62.76,1005.2232,-31138.12,1.03
5138,38.04,1144.2332,-37570.26,0.83
5139,58.04,1039.261,-37740.56,0.77
5140,34.52,990.7276,-26790.89,0.89
5141,31.48,997.3056,-34826.54,0.88
5142,53.4,1015.6576,-25391.44,1.13
5143,48.96,1020.9195,-25522.99,0.96
5144,31.12,1019.8866,-35027.14,0.8
5145,45.8,1038.0197,-25950.49,0.84
5146,47.56,1023.066,-27597.8,0.9
5147,39.84,1014.2178,-37145.11,0.82
5148,43.76,1030.5388,-33687.69,1.01
5149,32.4,1033.5873,-27466.11,0.95
5150,57.12,1038.0557,-27898.67,0.87
5151,55.8,1041.2702,-27977.82,0.77
5152,49.52,1041.9994,-27995.27,0.92
5153,52.44,990.914,-30855.52,0.82
5154,46.04,1015.1139,-29373.37,1.09
5155,46.04,1075.4652,-34688.83,0.79
5156,43.96,1169.1022,-31204.68,0.85
5157,46.32,1058.3759,-28426.57,0.85
5158,30.52,1028.4674,-33614.28,0.89
5159,45.0,1036.053,-33683.22,0.96
5160,42.8,1039.0019,-30024.92,0.99
5161,50.04,1015.583,-31396.67,1.04
5162,42.36,1055.9422,-39818.75,0.99
5163,45.64,1019.7193,-33550.05,1.05
5164,48.04,1004.609,-27131.9,0.74
5165,62.76,1033.4779,-29811.75,0.82
5166,39.08,1007.1674,-36918.2,1.06
5167,49.28,1027.1266,-25678.17,1.2
5168,47.12,1014.5024,-31395.67,0.77
5169,45.0,1116.9473,-29804.29,0.67
5170,33.76,1037.1188,-31660.11,1.0
5171,44.48,1013.7087,-27362.2,1.02
5172,36.04,1005.6598,-27146.65,0.81
5173,47.36,1057.5279,-28340.03,0.97
5174,45.52,1046.3657,-30067.19,0.8
5175,46.52,1057.8478,-28413.05,0.75
5176,44.56,1005.9705,-37146.51,1.08
5177,49.56,1039.6863,-29753.47,0.79
5178,35.76,1066.3584,-34255.71,0.8
5179,46.8,1057.0428,-30223.23,1.24
5180,48.16,1043.2514,-36060.62,0.93
5181,58.96,999.8791,-35071.27,0.83
5182,63.56,1047.6142,-26190.36,0.85
5183,47.28,1148.8997,-28722.49,0.89
5184,50.56,1006.3167,-35244.31,0.78
5185,49.32,1015.1598,-31365.68,0.81
5186,35.4,1004.4399,-30972.46,0.87
5187,54.36,1055.977,-34187.74,0.86
5188,41.0,1037.5408,-29959.24,0.85
5189,28.0,1013.0114,-33293.68,0.78
5190,57.16,999.5084,-26997.81,0.9
5191,42.28,1063.0806,-43618.67,0.95
5192,45.44,1005.972,-37039.21,1.02
5193,51.28,1061.1004,-36471.56,0.82
5194,61.24,1012.3537,-30852.39,0.86
5195,51.12,1033.2139,-33719.87,0.85
5196,56.24,1045.8128,-26145.32,0.82
5197,51.0,1036.9901,-27958.88,0.76
5198,48.92,1044.8531,-26121.33,0.84
5199,37.52,996.3002,-34939.87,0.76
5200,43.6,1026.1166,-25652.92,0.78
5201,49.04,1044.8642,-34097.55,0.95
5202,53.8,1020.5504,-33404.34,0.8
5203,58.8,1047.6504,-26191.26,0.75
5204,56.12,1023.4248,-31542.11,0.85
5205,58.0,1028.8106,-29669.94,0.8
5206,51.96,1072.3252,-28816.04,0.8
5207,45.08,1024.7941,-27598.28,0.98
5208,27.88,1021.1023,-27565.46,0.82
5209,47.8,1077.0202,-28902.19,0.8
5210,50.68,1025.5492,-29681.48,0.76
5211,51.0,991.1889,-32778.84,0.93
5212,56.88,1002.6699,-29085.22,0.85
5213,57.56,1003.306,-26981.4,0.78
5214,34.28,1009.7942,-25244.85,0.92
5215,43.88,1022.721,-29629.07,0.89
5216,49.44,1041.7777,-31924.95,0.81
5217,52.88,1015.3458,-27330.27,0.92
5218,45.44,1119.4007,-31666.77,1.0
5219,40.08,996.4308,-34921.63,0.92
5220,52.64,1022.6326,-37394.7,0.8
5221,43.68,1025.2078,-29613.67,0.85
5222,59.16,1043.9305,-37613.19,0.89
5223,38.8,1069.4048,-30697.31,0.76
5224,51.12,1053.921,-28365.79,0.79
5225,38.64,1059.341,-28196.04,0.78
5226,47.12,1031.6228,-25790.57,0.83
5227,43.92,1028.9982,-25724.95,0.82
5228,38.76,1119.9311,-31917.3,0.77
5229,46.48,1022.7122,-29579.87,1.16
5230,37.2,1026.2962,-31746.43,0.78
5231,65.12,1028.3745,-25709.36,0.95
5232,31.36,1046.2222,-28160.65,0.9
5233,46.8,1048.3452,-26208.63,0.93
5234,41.88,1036.9569,-31528.11,0.96
5235,42.08,1042.5957,-28084.36,0.79
5236,38.2,1017.2854,-25432.13,0.91
5237,51.08,1024.2944,-25607.36,0.97
5238,39.68,1070.2295,-30654.57,0.91
5239,46.88,1034.853,-25871.32,1.14
5240,51.12,1054.2966,-30118.79,0.97
5241,47.72,1102.4794,-27561.98,1.0
5242,51.68,1045.8417,-28163.17,0.85
5243,41.16,1035.3962,-27848.25,0.79
5244,50.16,1046.7327,-26168.32,0.83
5245,59.16,1019.3508,-29440.32,0.7
5246,45.0,993.4338,-26842.71,1.18
5247,62.4,1089.6833,-27242.08,0.78
5248,36.56,1047.4492,-26186.23,0.83
5249,51.4,1099.3849,-29456.46,0.77
5250,32.16,1015.6344,-25390.86,0.85
5251,44.44,1015.9832,-25399.58,1.03
5252,50.28,1192.5979,-31613.57,0.92
5253,50.96,1029.8893,-25747.23,0.86
5254,53.08,1033.6514,-29377.77,0.9
5255,32.12,982.0891,-28591.37,0.74
5256,41.44,973.9405,-24348.51,0.79
5257,40.04,1026.8793,-25671.98,1.18
5258,46.08,1027.0824,-29624.74,0.75
5259,44.16,1024.0884,-29550.12,0.79
5260,51.0,1059.9353,-26498.38,0.78
5261,56.4,1024.6552,-29598.45,1.01
5262,30.6,1016.5538,-27446.33,1.17
5263,45.04,1042.0951,-26052.38,0.84
5264,37.08,971.537,-26316.95,0.77
5265,38.92,1029.9177,-29678.01,0.79
5266,51.32,1053.9438,-26348.6,0.89
5267,44.4,1044.596,-26114.9,0.75
5268,34.08,1021.109,-27477.06,0.83
5269,25.6,1023.4798,-27610.13,1.05
5270,51.4,1027.485,-25687.13,0.82
5271,56.4,1041.64,-29528.51,0.81
5272,46.52,1027.8166,-25695.41,1.04
5273,42.44,993.0692,-28879.17,0.84
5274,36.16,1003.0882,-25077.2,0.84
5275,47.2,1052.4593,-26311.48,0.86
5276,36.68,1007.891,-25197.27,0.79
5277,41.28,1002.4857,-25062.14,0.78
5278,41.0,1041.9981,-28053.63,0.81
5279,43.76,1023.996,-31535.76,1.04
5280,33.88,1037.1205,-29538.53,0.8
5281,60.84,979.3392,-26520.36,0.74
5282,40.4,1057.0241,-32229.82,0.96
5283,41.32,1029.3069,-25732.67,1.06
5284,56.2,1053.0732,-32226.94,0.85
5285,45.08,1038.5124,-25962.81,0.81
5286,50.32,1032.6776,-29708.48,0.8
5287,38.64,1051.2515,-32019.38,0.9
5288,42.04,1012.9895,-27313.74,0.86
5289,41.4,989.993,-28808.77,0.92
5290,46.72,1001.3764,-31041.37,0.8
5291,40.36,1034.027,-27814.36,0.77
5292,55.4,1028.5574,-27693.61,0.99
5293,36.36,1033.4605,-25836.51,0.88
5294,68.0,1014.5052,-27106.89,0.89
5295,34.64,980.0851,-28556.68,0.95
5296,34.24,994.7088,-24867.72,0.85
5297,51.76,1042.8011,-28048.0,0.82
5298,43.56,1010.8506,-29260.03,0.85
5299,44.56,1025.711,-31637.55,0.82
5300,52.24,1075.6017,-26890.04,1.0
5301,53.76,1037.5001,-29777.13,0.78
5302,40.08,1017.0646,-25426.61,0.87
5303,47.04,1023.5668,-25589.17,1.02
5304,34.92,1030.7602,-29689.96,0.81
5305,45.72,1022.5098,-25562.75,0.96
5306,49.6,990.007,-26769.03,0.84
5307,53.88,1016.6299,-25415.75,0.81
5308,48.64,1033.2214,-29806.53,0.98
5309,50.28,1062.068,-28485.4,0.69
5310,45.64,1016.7766,-27287.39,0.98
5311,46.8,1026.8794,-31592.1,0.98
5312,44.4,1011.2646,-25281.62,0.94
5313,43.08,1059.9103,-26497.76,1.0
5314,59.52,994.26,-26864.61,0.85
5315,43.84,1032.5622,-29744.86,0.8
5316,52.64,1047.239,-28164.03,0.84
5317,40.0,1137.9342,-34471.28,0.71
5318,31.48,1018.8261,-31275.49,1.0
5319,36.16,1036.4913,-27764.92,0.93
5320,49.28,1033.6884,-27806.31,0.63
5321,50.36,1082.2845,-30863.92,0.96
5322,51.28,1101.7718,-27544.29,0.83
5323,32.52,1025.6351,-27663.24,0.9
5324,50.84,1064.2584,-28633.77,1.12
5325,55.04,1092.7744,-29224.3,0.85
5326,52.48,1090.2263,-29244.85,0.81
5327,37.28,1015.5488,-25388.72,0.8
5328,35.0,1034.6157,-29853.64,1.04
5329,50.92,1018.3803,-25459.51,0.72
5330,58.96,1017.8469,-25446.17,0.95
5331,35.88,1041.6502,-27978.31,0.72
5332,41.84,983.183,-28618.9,0.7
5333,51.64,1054.9978,-26374.94,0.83
5334,63.12,1040.617,-28039.56,1.06
5335,49.84,1036.1724,-27770.88,0.84
5336,26.92,1007.7414,-27214.22,0.76
5337,32.28,1007.6453,-27133.28,0.84
5338,58.04,1048.8369,-28232.65,0.84
5339,60.04,1018.7012,-25467.53,0.84
5340,61.56,1039.7108,-25992.77,0.88
5341,46.76,1033.2972,-25832.43,0.74
5342,61.08,1238.7835,-34470.69,0.72
5343,40.6,975.1789,-24379.47,0.75
5344,28.56,1002.4185,-25060.46,0.73
5345,62.68,1032.5821,-25814.55,0.71
5346,51.6,1092.6669,-27316.67,0.87
5347,47.92,981.5779,-28575.3,0.91
5348,38.52,980.3576,-26528.58,0.65
5349,61.44,993.2336,-24830.84,0.77
5350,53.44,1012.4169,-27249.55,0.9
5351,41.4,1170.0212,-33036.06,0.98
5352,34.36,999.4037,-24985.09,1.04
5353,64.12,1012.2546,-27315.06,0.88
5354,56.76,1023.815,-27600.74,0.85
5355,28.92,1034.0407,-25851.02,1.01
5356,32.64,969.9536,-26282.13,0.68
5357,24.44,1052.4752,-26311.88,1.01
5358,44.24,1077.6624,-28950.02,0.84
5359,37.64,1038.7394,-27991.31,0.87
5360,50.36,999.2158,-24980.4,0.88
5361,61.16,994.5332,-24863.33,0.75
5362,50.92,1128.9027,-28222.57,0.87
5363,47.52,1066.4194,-26660.49,0.99
5364,37.04,1056.1789,-28161.24,0.91
5365,40.88,1000.0516,-25001.29,0.8
5366,54.6,966.2041,-24155.1,0.68
5367,43.24,1027.7335,-27667.62,0.82
5368,47.2,1033.3018,-25832.54,0.96
5369,43.88,1030.8541,-25771.35,0.79
5370,45.48,1064.006,-26600.15,0.82
5371,51.72,1091.3388,-29188.38,0.79
5372,52.96,990.273,-26694.59,0.88
5373,51.08,1290.5014,-32262.54,0.95
5374,31.04,1012.9156,-27329.8,1.06
5375,62.56,1001.2856,-25032.14,0.68
5376,53.68,987.1171,-26691.82,0.83
5377,56.36,1053.3231,-26333.08,0.78
5378,37.52,1037.8518,-25946.3,1.01
5379,54.16,1053.8799,-26347.0,0.81
5380,51.48,1013.7456,-27310.69,0.99
5381,47.04,1039.9734,-27946.96,1.05
5382,35.44,991.1408,-28812.77,0.82
5383,36.8,1012.8078,-29271.5,0.97
5384,60.32,1027.6421,-27628.78,0.85
5385,41.12,1055.7387,-28337.68,0.73
5386,25.28,988.6714,-28758.9,0.79
5387,39.68,1024.6466,-27634.46,1.09
5388,60.08,1031.6075,-25790.19,0.97
5389,47.16,1102.7725,-33067.11,0.88
5390,41.2,969.7404,-26277.08,0.94
5391,56.44,1008.1008,-29190.18,1.07
5392,41.12,1059.8899,-28111.05,1.17
5393,67.4,970.7174,-26275.54,0.91
5394,53.84,1030.1365,-29742.72,0.94
5395,51.16,1028.641,-27691.43,0.89
5396,50.0,1084.3369,-27108.42,0.91
5397,50.16,1026.0104,-25650.26,0.78
5398,42.44,1055.2049,-26380.12,0.83
5399,39.96,986.4437,-26676.58,0.78
5400,40.16,1243.3852,-32836.98,0.82
5401,53.96,987.1853,-26693.52,0.7
5402,35.88,1062.1425,-28490.94,0.79
5403,57.44,1035.2381,-25880.95,0.8
5404,59.28,1088.8358,-27220.89,0.8
5405,55.52,1011.8603,-25296.51,1.0
5406,39.56,983.7485,-24593.71,0.72
5407,44.6,1011.2412,-27248.56,1.14
5408,54.52,1075.4475,-28810.86,0.84
5409,44.56,1031.5998,-25790.0,0.94
5410,48.12,978.501,-26485.59,0.66
5411,58.68,1035.3537,-27913.62,0.96
5412,29.92,1015.9706,-27423.03,0.91
5413,45.56,1033.8983,-27803.73,0.73
5414,55.44,1060.0348,-28438.43,0.77
5415,43.48,981.5544,-26557.33,0.77
5416,59.52,1022.0198,-27529.45,0.78
5417,51.24,1077.1336,-28841.49,0.95
5418,55.88,969.1977,-24229.94,0.72
5419,48.92,1010.7658,-27300.57,0.98
5420,38.24,1041.6401,-28008.01,0.86
5421,63.08,1023.669,-25591.73,0.99
5422,50.12,1017.4589,-27416.7,0.64
5423,41.12,1004.9138,-31095.19,0.95
5424,59.24,1253.9778,-31349.45,0.87
5425,47.36,993.8191,-26879.65,0.7
5426,56.6,1079.6906,-28926.66,0.88
5427,53.96,1069.7672,-26744.18,0.85
5428,43.48,1060.433,-26510.83,0.88
5429,36.24,982.2405,-26589.24,1.08
5430,33.8,1021.8962,-25547.41,0.85
5431,47.64,1018.6896,-27435.51,0.92
5432,45.08,1037.1164,-29882.95,0.69
5433,57.0,1016.5285,-27430.41,0.94
5434,44.56,1037.4397,-29877.8,0.92
5435,42.24,983.3794,-24584.49,0.85
5436,61.92,1116.6358,-27915.9,0.75
5437,54.04,1070.2809,-30584.45,1.01
5438,50.92,1059.0445,-28415.38,1.06
5439,49.16,1083.422,-36539.57,1.13
5440,39.44,1065.7676,-26644.19,1.03
5441,53.24,1050.0174,-26250.44,0.88
5442,51.12,999.5765,-29025.37,0.75
5443,50.8,1045.9559,-26148.9,0.87
5444,43.28,1039.6172,-28006.7,0.97
5445,51.8,966.5683,-24164.21,0.74
5446,50.84,1053.4594,-26336.49,0.72
5447,47.96,999.3175,-24982.94,1.02
5448,49.92,1048.9192,-28168.03,0.93
5449,32.92,1023.2336,-25580.84,1.17
5450,52.12,1019.5398,-27453.4,0.84
5451,49.92,1409.914,-35247.85,0.74
5452,48.96,1055.3219,-28418.7,0.84
5453,48.72,1022.2767,-25556.92,0.78
5454,53.92,1058.0972,-26452.43,0.82
5455,50.56,1056.0989,-28143.11,0.88
5456,44.8,1012.0818,-27298.33,1.0
5457,54.04,1066.1891,-28588.57,0.73
5458,57.84,1006.9354,-25173.38,0.74
5459,44.36,1048.4044,-26210.11,0.81
5460,41.32,1195.379,-31685.32,0.79
5461,62.96,985.5944,-26654.54,0.83
5462,48.0,1119.7916,-27994.79,0.77
5463,42.4,1064.9182,-26622.96,1.12
5464,46.68,980.2796,-24506.99,1.02
5465,63.8,1216.2745,-32183.77,0.96
5466,38.32,1064.6202,-28619.16,0.81
5467,50.2,993.4513,-24836.28,0.73
5468,50.2,1066.5923,-26664.81,1.02
5469,47.96,1033.6711,-25841.78,0.95
5470,50.52,1133.937,-30208.41,0.71
5471,54.52,994.6476,-24866.19,0.79
5472,50.44,1192.9956,-29824.89,0.74
5473,47.04,1055.7615,-26394.04,0.83
5474,47.84,1055.7544,-30275.92,0.77
5475,53.68,1017.8861,-25447.15,0.77
5476,36.16,1118.3509,-27958.77,0.92
5477,44.92,1036.2502,-25906.25,0.73
5478,58.64,1025.1304,-25628.26,0.73
5479,64.4,1003.9996,-27096.36,0.75
5480,51.36,962.9212,-26111.27,0.71
5481,41.08,1270.2534,-31756.33,0.72
5482,32.12,1153.3538,-28833.85,1.01
5483,41.52,1034.4591,-25861.48,0.77
5484,58.88,1067.2662,-26681.66,0.96
5485,45.96,994.1997,-24854.99,0.82
5486,35.84,1049.2024,-26230.06,0.93
5487,47.16,1022.3188,-25557.97,1.02
5488,52.44,1067.9584,-28600.34,0.78
5489,44.12,1027.7997,-25694.99,0.68
5490,50.44,987.2434,-24681.08,0.76
5491,57.08,1043.7532,-26093.83,0.95
5492,60.44,1034.888,-25872.2,0.83
5493,56.12,1053.1004,-26327.51,0.69
5494,48.92,1033.405,-25835.12,0.77
5495,39.8,977.6907,-24442.27,0.75
5496,57.8,1059.2921,-28428.69,0.7
5497,57.8,962.9386,-26110.76,0.71
5498,55.88,1041.0078,-26025.19,0.84
5499,50.44,1042.5555,-26063.89,0.9
5500,40.76,1052.1568,-26303.92,0.78
5501,44.88,1064.5454,-26613.64,0.66
5502,51.16,1014.6277,-25365.69,0.75
5503,50.08,1127.7343,-30060.18,0.79
5504,42.4,995.8477,-24896.19,0.8
5505,38.2,1038.4652,-25961.63,0.89
5506,48.84,1030.5025,-25762.56,0.7
5507,52.08,1057.3894,-26434.73,0.78
5508,53.08,1032.4106,-25810.26,0.8
5509,45.36,978.4384,-24460.96,0.67
5510,25.32,1004.3715,-25109.29,0.73
5511,38.52,1054.6498,-28218.03,0.95
5512,28.36,1010.7372,-25268.43,0.99
5513,57.36,1026.4209,-25660.52,0.83
5514,40.84,1033.6658,-25841.65,0.63
5515,61.36,1071.8451,-26796.13,0.77
5516,64.4,966.8308,-24170.77,0.74
5517,48.08,1064.7414,-26618.53,0.7
5518,51.56,1100.166,-27504.15,0.87
5519,56.6,1062.1578,-26553.94,0.82
5520,53.12,1004.5242,-25113.11,0.72
5521,43.16,1031.7699,-25794.25,0.77
5522,45.76,1059.7704,-28451.49,0.79
5523,35.44,1070.8652,-30308.64,0.81
5524,58.36,1032.8893,-25822.23,0.77
5525,36.68,1029.5882,-29678.38,0.96
5526,26.64,1093.9511,-27348.78,0.92
5527,42.2,1032.7873,-27789.17,1.06
5528,44.08,1065.2879,-28568.64,0.78
5529,48.4,1069.4242,-26735.6,1.03
5530,44.0,976.486,-30482.08,0.76
5531,58.32,1050.6286,-28273.73,0.88
5532,48.76,1003.3999,-25085.0,0.91
5533,48.84,1046.7618,-30162.54,0.77
5534,47.4,1040.5218,-27976.84,0.85
5535,45.72,1032.6574,-29686.06,1.17
5536,28.84,1034.0258,-27694.27,0.98
5537,62.52,1019.9185,-29522.54,0.94
5538,29.6,1000.4027,-31015.39,0.78
5539,42.28,1026.3059,-25657.65,0.93
5540,47.92,994.2873,-26865.49,0.9
5541,51.88,980.1784,-28578.84,0.86
5542,46.52,1004.7258,-29105.9,0.99
5543,23.28,1014.9518,-25373.8,0.92
5544,33.92,1008.9396,-27255.24,0.84
5545,52.8,1031.9747,-27746.35,1.05
5546,38.68,1037.2631,-25931.58,1.11
5547,67.24,1051.9576,-28293.58,0.89
5548,45.92,1062.9638,-41905.3,0.97
5549,51.36,1058.1075,-36287.54,0.78
5550,51.4,1059.8036,-30331.81,1.05
5551,54.04,1022.7994,-31560.12,0.79
5552,40.28,1005.7259,-31170.31,1.02
5553,42.72,1031.1982,-31698.48,0.85
5554,49.6,1041.5732,-27971.73,0.79
5555,50.4,1000.6838,-27040.19,0.82
5556,45.96,1076.1486,-32665.59,0.86
5557,40.88,1003.134,-34934.1,0.94
5558,36.96,1044.9325,-28089.17,1.16
5559,54.16,1044.1176,-30094.24,1.03
5560,57.12,1027.9103,-29623.9,1.02
5561,38.6,1016.928,-29420.37,1.03
5562,43.56,1008.7478,-31192.94,1.15
5563,42.04,1051.8332,-32129.73,1.07
5564,55.8,1026.2134,-31602.22,1.21
5565,48.12,1004.3056,-31210.35,1.03
5566,47.08,1011.482,-31363.65,0.96
5567,48.6,1036.7151,-25917.88,0.88
5568,42.72,1041.4419,-31897.44,0.98
5569,49.48,1006.9697,-35182.37,1.04
5570,50.28,1010.2208,-31239.9,0.86
5571,52.2,1015.0583,-41253.43,1.15
5572,56.44,1156.396,-33766.01,1.08
5573,53.04,1039.3885,-37886.44,0.95
5574,42.2,1034.857,-33252.82,1.13
5575,52.56,1020.295,-33377.62,1.15
5576,34.64,1037.9617,-25949.04,1.02
5577,54.76,1037.3155,-32043.91,0.81
5578,46.2,1032.5152,-27812.52,0.9
5579,40.56,981.2848,-28575.24,1.05
5580,34.68,1029.109,-33532.24,1.17
5581,44.04,1035.0345,-35593.37,0.89
5582,56.84,1011.0294,-33264.94,0.78
5583,48.96,1035.9346,-27887.74,1.07
5584,50.92,1031.7726,-25794.31,1.13
5585,49.68,1070.3342,-32556.4,1.12
5586,50.92,1012.2226,-31331.78,1.14
5587,51.52,1007.854,-31219.49,0.97
5588,49.48,1034.7383,-29772.25,1.04
5589,56.36,1027.491,-29635.77,0.86
5590,33.4,1004.3658,-37143.21,1.05
5591,48.4,1028.954,-35535.81,1.0
5592,38.16,1015.9028,-45007.53,0.91
5593,39.68,1001.6034,-37055.68,1.1
5594,51.24,1204.5101,-32094.6,0.86
5595,45.76,1022.7862,-29456.13,1.11
5596,52.24,1032.4721,-33901.9,1.02
5597,25.44,987.9209,-51094.67,0.84
5598,47.64,1032.684,-35668.61,1.06
5599,48.28,1019.7192,-39475.97,1.01
5600,46.88,1021.9816,-43402.32,1.08
5601,43.08,1080.394,-36601.53,1.0
5602,44.24,1046.3395,-32088.54,0.9
5603,27.2,1029.0613,-37755.97,1.15
5604,31.4,1052.7841,-38172.99,0.96
5605,47.88,995.5698,-32904.86,1.07
5606,56.48,1026.1103,-31561.71,1.05
5607,51.8,1070.1446,-34424.75,1.06
5608,32.0,1054.8714,-38210.49,1.11
5609,39.76,1056.7012,-38094.02,1.08
5610,43.2,1046.594,-32094.57,1.03
5611,45.84,1034.3558,-25858.9,1.04
5612,50.08,1039.8541,-32071.83,1.06
5613,51.8,1054.3046,-38204.48,0.8
5614,59.68,1016.316,-39155.25,1.09
5615,37.52,1045.5034,-59318.78,1.24
5616,55.64,1027.6164,-39458.76,1.64
5617,54.44,1015.989,-41419.55,1.13
5618,47.68,1016.4182,-39364.81,1.09
5619,32.2,1033.7523,-47464.4,1.12
5620,60.24,1056.166,-36030.46,1.1
5621,53.24,1021.0811,-51220.92,1.4
5622,57.48,1030.0196,-43434.28,1.13
5623,58.84,1018.234,-39317.18,1.05
5624,45.68,1017.6919,-47445.35,1.22
5625,54.44,1106.298,-29264.28,1.08
5626,35.76,1009.8215,-43221.11,0.96
5627,46.92,1014.803,-43089.48,1.22
5628,34.64,1046.413,-37969.15,1.29
5629,58.36,1071.0668,-32637.97,1.08
5630,37.2,1026.6913,-29655.65,1.15
5631,39.12,1024.6201,-31535.85,1.0
5632,51.52,1034.498,-29907.93,1.2
5633,47.6,1007.4704,-27150.45,1.06
5634,44.24,1032.7023,-27816.39,0.91
5635,45.52,1046.1447,-32105.44,1.19
5636,57.16,1051.4286,-31538.53,1.24
5637,47.12,1034.1441,-37510.58,0.9
5638,52.28,986.5363,-30692.29,0.99
5639,47.12,1117.467,-29944.07,1.13
5640,55.16,1016.7742,-37407.2,1.12
5641,49.16,1031.526,-33367.47,0.85
5642,47.2,981.5598,-28587.33,0.98
5643,46.92,1060.1191,-28525.04,1.2
5644,55.2,1018.6239,-25465.6,0.88
5645,43.56,1037.5475,-29841.71,1.11
5646,50.0,1046.5762,-34180.12,1.12
5647,45.04,1002.8908,-33056.84,0.91
5648,49.0,1051.74,-42189.28,1.16
5649,42.72,1009.3718,-27270.82,0.99
5650,37.92,1030.6258,-29600.76,1.05
5651,42.52,970.6366,-36436.28,0.86
5652,51.16,1054.5523,-28308.14,1.02
5653,25.44,1010.9851,-31263.41,0.97
5654,55.84,1033.1029,-27796.5,0.93
5655,56.76,1019.0144,-29445.48,0.97
5656,52.76,1022.913,-25572.82,0.99
5657,36.28,996.6458,-28544.4,0.77
5658,62.4,1078.9875,-26974.69,1.06
5659,51.56,1063.9655,-30652.08,0.99
5660,41.28,982.6332,-28605.23,0.9
5661,39.68,1027.0891,-27625.69,1.27
5662,42.16,1150.4972,-28762.43,1.42
5663,43.08,1006.2335,-29165.79,1.48
5664,50.36,1045.1969,-26129.92,1.14
5665,53.52,1058.8,-32294.57,1.48
5666,41.56,1003.6348,-27107.93,1.4
5667,50.4,1024.6999,-27309.97,1.27
5668,40.92,1032.5267,-25813.17,1.86
5669,58.96,1000.2027,-27040.7,1.16
5670,49.44,986.4296,-26683.95,1.49
5671,32.96,1025.6285,-37720.35,1.47
5672,42.28,1037.2888,-29891.55,1.54
5673,45.28,1030.7448,-29743.44,1.25
5674,59.8,1011.9858,-25299.64,0.95
5675,51.32,1026.1218,-25653.05,1.19
5676,24.24,969.025,-28287.04,1.39
5677,51.76,1014.2157,-27379.16,1.34
5678,42.72,1021.0622,-31495.66,1.63
5679,35.84,989.6869,-24742.17,1.28
5680,44.6,1021.6754,-35576.53,1.36
5681,38.96,1018.097,-29494.13,1.4
5682,41.2,1028.0078,-33636.31,1.32
5683,58.72,1053.4889,-28283.39,1.16
5684,28.12,998.5961,-26962.08,1.25
5685,45.32,1031.321,-25783.02,1.21
5686,49.68,1316.1505,-34528.52,1.02
5687,48.16,1113.7801,-35254.12,1.1
5688,60.32,1038.8082,-31781.42,1.14
5689,27.92,1035.2715,-27581.48,1.16
5690,43.44,1062.5807,-28509.75,1.17
5691,49.64,1001.2519,-25031.3,1.06
5692,57.44,1068.7606,-26719.01,0.87
5693,50.24,1018.3705,-29396.28,1.28
5694,42.68,1107.951,-29314.02,0.95
5695,45.48,1041.7407,-26043.52,0.96
5696,38.48,1065.2542,-28580.84,0.69
5697,51.28,1058.2972,-26457.43,1.14
5698,33.56,1012.3583,-29215.95,1.59
5699,54.56,1031.0797,-25776.99,1.26
5700,50.96,1067.8647,-28733.67,0.96
5701,45.68,1000.5462,-27036.87,1.31
5702,55.12,1077.6745,-26941.86,1.13
5703,42.36,1191.1045,-29777.61,1.0
5704,39.76,1036.1363,-29945.83,1.14
5705,32.84,1005.8721,-27136.85,1.14
5706,51.8,1033.3073,-25832.68,0.97
5707,29.32,1032.3001,-25807.5,1.01
5708,40.76,998.5136,-26958.95,1.05
5709,51.84,1066.1084,-28533.1,1.21
5710,31.68,1026.0127,-25650.32,1.03
5711,29.6,978.75,-24468.75,1.12
5712,57.56,1063.7416,-28400.47,1.14
5713,54.12,1085.437,-28965.9,0.92
5714,47.08,984.2114,-30649.96,0.83
5715,50.72,1019.9035,-25497.59,1.37
5716,41.52,1062.2742,-26556.85,1.19
5717,41.52,998.5002,-26985.74,1.15
5718,51.44,1064.2012,-26605.03,1.02
5719,36.76,1148.4521,-30561.37,1.05
5720,46.08,1133.2896,-32034.33,1.07
5721,36.84,980.5836,-24514.59,0.99
5722,38.28,1189.4274,-31539.78,1.07
5723,52.64,1124.7181,-28117.95,2.02
5724,43.96,1057.0089,-30481.25,1.68
5725,65.76,975.3537,-24383.84,0.88
5726,38.8,1002.5961,-25064.9,1.01
5727,56.2,1009.8713,-25246.78,0.95
5728,49.88,989.7692,-24744.23,0.9
5729,35.16,1006.335,-25158.38,1.1
5730,51.44,1046.1734,-26154.34,0.96
5731,55.92,1047.4576,-30098.09,1.19
5732,51.68,1001.0771,-28987.14,0.93
5733,60.08,1038.2634,-25956.58,1.06
5734,43.28,996.851,-30991.89,0.88
5735,37.52,1078.0962,-32705.94,1.04
5736,52.36,1042.8564,-27823.23,1.14
5737,43.32,1005.3881,-28946.08,0.95
5738,65.0,1034.2186,-31654.98,0.97
5739,35.56,1038.631,-25965.78,1.04
5740,54.56,1020.818,-27449.79,0.82
5741,44.4,998.6455,-28939.12,0.98
5742,59.4,1047.5518,-31944.83,0.88
5743,44.16,997.3544,-26917.55,1.09
5744,38.32,1047.9732,-41752.47,0.91
5745,58.8,1022.5022,-33488.84,1.17
5746,45.8,1093.5629,-31231.28,1.08
5747,56.08,1112.5472,-37436.53,1.16
5748,63.16,1009.2749,-43113.0,1.25
5749,58.76,1038.5632,-31892.53,1.14
5750,53.72,1075.0772,-30899.06,1.06
5751,62.08,1083.2644,-29063.88,1.31
5752,49.52,1030.6713,-27734.04,0.94
5753,44.84,997.4347,-33024.57,1.03
5754,36.12,1034.5961,-29903.79,1.04
5755,32.72,1026.9687,-37496.16,1.21
5756,44.0,1038.7048,-33977.56,1.64
5757,67.2,1036.2599,-41656.11,1.15
5758,52.8,988.8003,-38757.71,1.3
5759,65.92,1018.422,-45236.49,1.16
5760,61.56,1047.6676,-43697.64,1.45
5761,57.64,1109.0399,-40946.46,1.36
5762,50.32,1064.5946,-38223.44,1.79
5763,55.84,1034.6437,-35822.22,1.52
5764,49.36,1062.7779,-41649.52,1.14
5765,58.44,1044.4294,-36204.46,1.22
5766,60.48,1029.6133,-31600.62,1.29
5767,55.68,1021.2311,-39513.42,1.33
5768,45.32,1070.725,-47466.42,1.38
5769,48.68,1022.5292,-35545.71,1.28
5770,57.12,1028.0978,-27730.17,1.16
5771,51.56,995.2956,-24882.39,1.22
5772,52.96,1027.8712,-41555.75,1.23
5773,48.88,1011.6533,-31055.06,1.19
5774,57.36,1035.9351,-43796.85,1.52
5775,56.64,1039.3758,-51476.0,1.31
5776,63.0,1116.0216,-35256.46,1.3
5777,52.48,1010.1687,-29248.41,1.12
5778,57.84,1064.615,-28593.97,1.15
5779,53.8,1031.0828,-33477.87,1.28
5780,54.6,1060.4014,-38197.22,1.34
5781,56.6,1020.6234,-39516.1,1.18
5782,54.96,1033.976,-41790.8,1.5
5783,60.64,1026.5404,-31529.6,1.3
5784,49.32,1049.7066,-36198.95,1.52
5785,43.8,1034.3773,-33737.13,1.32
5786,49.16,1022.8484,-39402.51,1.24
5787,56.24,1047.0579,-28139.85,1.1
5788,56.2,1026.4873,-31326.76,1.35
5789,53.44,1013.0171,-35239.38,1.35
5790,63.4,1043.5406,-28081.86,1.45
5791,57.64,1065.4344,-28389.34,1.27
5792,57.04,1019.8276,-33312.14,1.42
5793,64.44,1213.3203,-45614.65,1.22
5794,52.44,1065.0703,-32377.78,1.24
5795,39.56,1045.653,-31846.04,1.33
5796,43.4,1014.0539,-39414.31,1.29
5797,53.04,1003.2052,-39118.06,1.54
5798,45.32,988.4581,-40774.67,1.31
5799,55.04,1189.6254,-43119.87,1.15
5800,61.4,1049.5878,-31960.68,1.65
5801,53.4,1004.8337,-33187.53,1.3
5802,38.24,1029.9842,-37690.83,1.75
5803,43.6,1007.5214,-27207.11,1.24
5804,50.2,1052.869,-30167.68,1.21
5805,65.56,1012.8246,-27305.98,1.14
5806,47.96,1038.3327,-29948.74,1.04
5807,50.2,1004.375,-31128.44,1.09
5808,58.8,1031.4779,-29847.19,1.4
5809,44.0,1042.3675,-28004.89,1.27
5810,36.12,1059.705,-37782.06,1.15
5811,49.68,1056.1642,-30403.3,1.43
5812,43.12,1066.0972,-28675.9,1.24
5813,56.0,1080.4939,-34367.57,2.45
5814,49.92,1005.3282,-29147.22,1.97
5815,42.28,1036.2261,-37615.34,0.99
5816,64.08,987.7761,-24694.4,1.2
5817,55.0,1012.6778,-33384.74,1.14
5818,49.68,1038.1781,-33847.71,1.18
5819,47.92,1015.5812,-27391.94,1.21
5820,50.96,1081.1391,-29051.71,1.0
5821,42.2,1027.7596,-31439.48,1.14
5822,38.24,1013.9374,-27323.72,1.16
5823,38.68,1044.3004,-35695.61,1.07
5824,37.32,1025.747,-33580.3,0.86
5825,58.08,1025.6392,-29616.71,1.27
5826,50.36,1026.3772,-27639.17,1.18
5827,54.08,986.2188,-28685.81,0.8
5828,50.84,1051.5578,-28234.34,1.13
5829,49.84,1007.5667,-25189.17,1.18
5830,45.44,1081.213,-27030.33,0.88
5831,44.64,989.6432,-28765.55,1.09
5832,57.24,1035.4699,-27840.25,0.94
5833,33.44,1061.0468,-34318.11,1.04
5834,49.52,1009.8828,-29237.66,1.18
5835,49.12,1027.3217,-29663.3,1.33
5836,40.56,1093.2952,-31048.77,1.2
5837,44.16,999.3219,-28983.73,1.01
5838,51.96,1012.0516,-31260.29,0.81
5839,52.6,1017.3028,-33355.81,0.95
5840,44.16,1060.417,-28538.47,1.19
5841,47.84,1033.892,-29781.23,1.1
5842,30.12,1088.9989,-30752.4,1.14
5843,37.08,1050.6133,-32100.61,0.96
5844,44.16,1080.6995,-28815.22,1.12
5845,54.12,1049.8297,-31898.53,0.94
5846,47.76,1129.4496,-30056.59,1.14
5847,45.92,1046.4405,-31925.73,1.11
5848,46.16,1051.2228,-37930.95,0.82
5849,45.92,1025.9645,-31525.43,1.22
5850,35.76,1011.6127,-29061.28,1.14
5851,40.68,995.1394,-28914.3,0.93
5852,35.28,1003.5502,-29077.64,0.73
5853,45.2,1329.5437,-33238.59,0.74
5854,39.88,1049.664,-30135.13,1.05
5855,55.76,1048.347,-28186.42,1.22
5856,42.28,993.5784,-30866.58,0.99
5857,44.52,1002.3139,-33010.28,0.97
5858,53.24,1021.3346,-29506.09,0.93
5859,49.64,1001.2088,-31010.55,1.02
5860,46.92,1115.6103,-29855.14,0.98
5861,43.2,1031.451,-29616.27,1.12
5862,49.68,1289.5698,-39033.34,0.79
5863,59.6,1031.6994,-25792.49,0.93
5864,42.04,1018.65,-29514.3,1.32
5865,59.84,1052.7004,-30167.28,1.18
5866,41.12,1034.9632,-39620.33,1.0
5867,45.36,979.0614,-24476.54,1.06
5868,47.72,998.7592,-26950.91,1.22
5869,39.52,1053.0752,-29810.36,1.24
5870,62.2,1097.8529,-35076.0,1.08
5871,54.68,1051.0001,-28247.15,1.24
5872,65.52,1000.2164,-28902.11,0.82
5873,49.6,1122.091,-35544.22,0.87
5874,44.28,1055.9625,-28316.13,0.99
5875,53.28,1041.3512,-26033.78,0.91
5876,43.48,1037.1898,-27948.53,1.03
5877,32.28,1011.9749,-25299.37,0.82
5878,53.72,1048.6372,-33946.95,1.06
5879,40.64,1020.6489,-27487.72,0.93
5880,50.8,1037.9919,-27966.62,0.91
5881,48.88,1040.8186,-29940.45,0.73
5882,49.96,1031.3372,-29720.9,1.07
5883,37.12,1007.7797,-29205.45,1.03
5884,58.52,1034.9595,-25873.99,1.19
5885,45.88,1012.4285,-33268.18,0.95
5886,67.44,1198.2567,-31705.04,0.8
5887,46.64,1026.6702,-33479.16,1.06
5888,50.84,1021.833,-27547.81,0.85
5889,34.08,984.3893,-28641.03,1.0
5890,36.68,1076.9538,-28767.57,0.88
5891,61.52,1035.132,-27818.52,0.93
5892,33.64,1000.8946,-25022.37,1.03
5893,50.0,1015.7445,-27380.94,0.79
5894,39.04,990.3978,-24759.95,1.17
5895,60.6,1066.4404,-35949.69,0.99
5896,33.2,1007.1362,-31262.62,1.03
5897,49.76,1046.0996,-31957.75,1.06
5898,51.48,993.4003,-26857.8,1.05
5899,48.68,1047.4831,-32098.45,0.9
5900,56.76,1195.0098,-33465.49,0.71
5901,49.8,1003.6531,-29141.12,1.27
5902,57.28,1104.5614,-33359.87,0.85
5903,45.72,1010.9965,-27296.73,0.96
5904,54.2,1029.814,-27534.71,1.02
5905,60.12,1018.8124,-31339.13,1.11
5906,39.88,1053.2739,-34152.8,0.95
5907,65.56,1033.2148,-29758.06,0.84
5908,46.48,1023.4424,-27591.91,0.89
5909,54.76,1037.2414,-29831.45,0.9
5910,47.64,1071.4596,-34361.29,0.8
5911,50.68,1068.9676,-28388.95,0.82
5912,40.32,1096.0382,-31114.21,0.86
5913,48.64,999.3622,-26961.65,1.12
5914,44.32,1073.1844,-36314.1,0.9
5915,50.68,1039.8122,-27880.66,0.94
5916,29.48,1062.5972,-32510.13,1.28
5917,48.72,1018.7494,-29366.76,1.26
5918,37.36,1052.9133,-32186.81,0.98
5919,48.6,1003.1894,-29020.19,1.03
5920,46.0,1018.6704,-31388.56,1.25
5921,48.04,989.519,-30691.73,1.89
5922,54.8,1264.5367,-31613.42,0.91
5923,39.68,1014.318,-32986.8,1.03
5924,38.0,1064.727,-28574.97,1.49
5925,60.76,1071.7044,-28786.62,1.07
5926,45.88,1039.6903,-27922.62,1.09
5927,48.36,1010.1462,-25253.65,1.08
5928,46.84,1032.462,-31594.09,1.08
5929,38.84,990.7447,-30788.47,0.94
5930,44.48,1166.5103,-32865.97,1.28
5931,45.4,1023.9085,-31669.76,1.67
5932,49.68,1020.9568,-29533.91,1.52
5933,47.2,1037.1222,-25928.05,1.26
5934,43.92,1032.7797,-27765.55,0.84
5935,51.84,1029.3336,-33645.73,1.05
5936,53.92,1014.0919,-27374.51,1.02
5937,60.56,1053.0177,-28270.76,0.98
5938,52.0,1059.9607,-28495.7,1.03
5939,60.04,1029.2722,-33287.58,0.9
5940,51.92,1024.1216,-31408.67,1.02
5941,38.92,1016.5083,-29444.91,0.72
5942,23.52,1041.8182,-33940.08,0.86
5943,52.92,1066.5246,-26663.12,0.84
5944,49.52,1059.977,-28133.71,1.07
5945,59.84,1260.5695,-31514.24,0.76
5946,48.68,1023.2258,-33336.13,0.84
5947,43.08,1056.4646,-26411.62,0.97
5948,61.88,1008.1398,-27215.98,0.85
5949,43.12,1055.4092,-30283.84,0.84
5950,63.08,996.5697,-30984.63,0.87
5951,47.6,1031.3675,-29788.7,0.99
5952,43.32,1023.526,-27533.26,0.89
5953,58.52,1014.4179,-27397.54,0.8
5954,51.48,1008.1351,-29220.77,0.98
5955,37.0,1030.5187,-29717.49,1.03
5956,63.52,1014.6406,-25366.01,0.99
5957,48.04,1007.7966,-29176.57,0.82
5958,50.2,1098.856,-27471.4,1.21
5959,61.24,1014.9877,-29394.73,0.93
5960,58.76,1038.1074,-35955.54,1.11
5961,53.48,1332.1597,-36555.75,0.88
5962,39.76,1085.6227,-32893.51,0.72
5963,62.64,1014.1457,-29321.09,0.92
5964,55.64,1033.5509,-29890.25,0.97
5965,42.92,982.4843,-26578.75,0.98
5966,41.44,1055.1249,-34161.04,0.78
5967,29.04,991.0915,-26797.55,0.79
5968,46.92,1045.956,-28098.67,0.82
5969,37.08,1026.4062,-29645.34,1.0
5970,60.76,980.9427,-24523.57,1.03
5971,50.8,1023.3326,-31648.65,0.96
5972,50.12,1084.6031,-29080.08,0.86
5973,39.16,1015.7914,-27410.47,1.12
5974,49.76,1010.1361,-29198.98,0.91
5975,57.64,1034.5104,-25862.76,0.9
5976,51.0,1054.9562,-26373.9,0.73
5977,38.36,1016.954,-33499.81,1.09
5978,47.08,1034.5509,-27829.08,0.87
5979,57.16,1089.8696,-29206.86,0.89
5980,59.88,1019.8672,-31456.84,0.81
5981,42.0,1016.2626,-29333.43,0.96
5982,41.8,1020.9144,-29504.23,1.0
5983,39.08,998.5144,-31011.39,0.85
5984,48.04,1027.2328,-29536.62,0.8
5985,65.0,1048.6928,-30243.59,0.93
5986,62.36,1042.5863,-31854.93,0.95
5987,57.0,1070.9165,-32774.57,0.96
5988,61.32,1032.8058,-27787.34,0.76
5989,58.4,1039.3265,-27896.23,0.92
5990,53.96,1017.2401,-25431.0,0.83
5991,42.88,1057.2532,-28392.74,1.07
5992,39.48,998.9853,-26990.11,0.85
5993,51.16,963.7014,-26129.77,1.09
5994,31.48,1045.8071,-30100.9,1.06
5995,57.08,1003.0048,-35155.38,0.81
5996,48.16,1037.6259,-33691.89,1.07
5997,55.36,998.6978,-28977.72,0.88
5998,47.92,977.4651,-26460.58,0.69
5999,44.12,984.71,-26642.03,0.85
6000,55.52,1004.5508,-25113.77,1.02
6001,44.4,1092.3024,-29344.79,1.02
6002,54.8,1130.2221,-31998.88,1.15
6003,46.32,1038.4902,-29900.88,0.9
6004,47.92,1053.8407,-28293.05,1.12
6005,45.76,1116.7353,-33514.43,0.98
6006,55.28,1021.1224,-37428.42,0.85
6007,54.56,1050.7578,-30205.1,0.89
6008,51.0,1074.5506,-30554.68,0.95
6009,47.32,1015.4748,-27327.38,0.97
6010,42.12,1061.3265,-30503.15,0.84
6011,48.4,1011.2179,-29264.29,1.01
6012,46.96,980.8881,-26540.54,0.67
6013,54.4,1105.2524,-29236.13,0.89
6014,46.44,1035.1991,-25879.98,0.95
6015,51.92,1109.5222,-31487.31,0.99
6016,59.28,1199.7373,-33802.91,0.82
6017,42.0,1076.7064,-30754.72,0.93
6018,47.6,1002.684,-33042.71,1.09
6019,44.36,983.4138,-26622.58,0.88
6020,62.0,1010.239,-27277.78,0.88
6021,63.96,972.6195,-32397.88,1.03
6022,30.0,984.8295,-28670.37,1.3
6023,50.24,1131.6837,-37699.31,2.1
6024,46.68,1000.1216,-33080.54,1.33
6025,44.76,1016.1811,-27398.78,1.04
6026,41.4,1032.4599,-29466.0,1.26
6027,55.8,1066.4018,-32515.31,1.21
6028,63.68,1033.552,-31852.15,1.16
6029,34.92,995.7892,-28857.46,0.88
6030,42.72,1055.2973,-32240.59,0.91
6031,46.28,1053.7185,-28202.96,0.98
6032,48.56,1048.0709,-30157.34,1.0
6033,47.72,1103.6267,-37424.77,1.18
6034,50.64,1181.2749,-33330.36,0.92
6035,45.04,1033.2404,-27762.09,1.06
6036,51.56,1020.4612,-29566.3,0.98
6037,44.2,1007.1753,-29180.66,1.19
6038,50.56,1052.2603,-32152.01,1.02
6039,44.76,1023.3823,-27549.63,1.1
6040,47.52,1027.154,-29626.02,1.2
6041,57.8,1015.6599,-33315.23,1.0
6042,58.64,1020.2861,-35358.8,0.98
6043,36.12,1009.694,-33196.99,1.09
6044,44.88,990.8534,-26809.34,0.91
6045,53.64,1009.3396,-27222.86,1.11
6046,59.52,1069.4422,-38057.15,1.09
6047,54.24,1030.1352,-37545.02,0.84
6048,46.92,1123.9987,-37394.2,0.81
6049,66.12,1065.2644,-34284.33,0.9
6050,55.64,1043.3432,-35618.68,1.35
6051,51.72,1034.7588,-29819.33,1.38
6052,51.2,1027.4375,-35350.96,1.27
6053,43.96,987.396,-32775.13,0.95
6054,46.8,1008.765,-25219.13,1.05
6055,57.4,1313.7039,-34517.61,0.89
6056,49.6,1255.8699,-36601.42,0.98
6057,43.36,1085.1713,-32936.27,0.81
6058,53.4,1045.0137,-30033.86,0.88
6059,54.08,1077.5644,-28895.81,1.14
6060,55.92,1039.7391,-31957.45,1.05
6061,55.12,1035.9532,-29940.52,0.99
6062,52.24,1061.0821,-32174.97,0.98
6063,43.96,1050.0318,-36002.9,0.95
6064,65.32,1030.8038,-39535.85,0.97
6065,41.72,1026.4341,-27697.26,1.1
6066,38.16,1047.2868,-26182.17,1.12
6067,63.68,1093.8011,-35213.39,0.96
6068,44.56,1011.1788,-29182.51,1.13
6069,62.0,1058.0007,-32301.2,1.03
6070,64.4,1103.1251,-31363.44,0.74
6071,37.0,1018.4096,-25460.24,1.09
6072,67.4,1128.298,-37504.93,0.75
6073,43.0,1366.5667,-40640.78,0.87
6074,59.72,1097.115,-31244.37,1.06
6075,52.08,1048.3167,-28138.47,0.92
6076,51.56,1012.2284,-33215.32,1.04
6077,42.32,994.3214,-28868.32,1.08
6078,46.88,1028.6919,-27341.96,1.07
6079,59.56,1004.0888,-27138.84,1.0
6080,47.2,1062.7124,-32355.54,0.84
6081,43.24,1066.7148,-28606.14,1.11
6082,51.24,1306.4457,-35908.23,1.07
6083,64.8,978.619,-26493.25,0.93
6084,61.64,1028.652,-25716.3,0.94
6085,51.36,1134.4482,-30219.68,0.81
6086,66.0,1022.475,-29557.15,0.91
6087,51.24,1018.3847,-29422.34,0.91
6088,42.48,1039.9978,-27945.3,0.95
6089,47.44,1040.4034,-27981.96,0.97
6090,36.28,996.406,-28946.9,0.92
6091,44.48,1095.716,-28996.09,0.86
6092,45.0,1080.1729,-28949.25,0.91
6093,33.12,1014.1739,-27357.33,0.91
6094,36.84,1004.3228,-25108.07,1.17
6095,65.64,966.5373,-26201.11,0.84
6096,55.48,1030.654,-27733.65,0.77
6097,48.8,1117.316,-31758.6,0.87
6098,31.88,1018.6432,-25466.08,1.07
6099,53.44,1012.1054,-25302.63,0.98
6100,55.6,1085.2181,-29153.24,0.82
6101,57.96,1007.3258,-25183.14,0.87
6102,49.92,1029.0198,-27756.79,0.86
6103,37.04,1034.4388,-25860.97,1.03
6104,44.8,1037.9023,-25947.56,1.04
6105,41.56,1001.0067,-25025.17,1.11
6106,63.88,987.2858,-28690.92,0.76
6107,52.72,995.0745,-26896.41,0.78
6108,50.68,1062.6962,-28538.25,0.93
6109,48.56,1041.4451,-28003.32,0.84
6110,29.8,1050.2075,-29859.54,0.87
6111,39.12,1039.6176,-25990.44,1.18
6112,43.32,1019.7711,-25494.28,0.87
6113,47.44,1072.6666,-28765.53,0.81
6114,52.76,967.6374,-26227.25,0.87
6115,53.32,1027.7345,-25693.36,0.78
6116,37.24,988.3727,-28747.87,0.97
6117,34.44,1098.3664,-31349.81,1.02
6118,61.52,1104.0821,-29493.13,1.03
6119,32.2,1056.3272,-26408.18,1.06
6120,34.24,1368.4062,-35828.66,1.16
6121,53.52,1213.0113,-32105.5,0.7
6122,37.4,1033.2989,-25832.47,0.72
6123,57.6,989.784,-26759.76,0.87
6124,48.28,1037.632,-27904.39,0.69
6125,47.64,1054.9304,-28280.62,1.06
6126,33.4,1038.2365,-25955.91,0.76
6127,57.88,1052.2724,-28252.98,0.78
6128,46.88,1220.4475,-30511.19,0.93
6129,42.0,1008.4829,-25212.07,0.77
6130,51.72,1097.2856,-27432.14,0.99
6131,54.84,1053.3483,-28284.24,0.72
6132,65.88,993.8586,-26854.38,0.81
6133,43.56,984.0025,-24600.06,0.71
6134,60.88,1051.5462,-26288.66,0.89
6135,44.24,1055.2834,-26382.09,0.81
6136,51.64,1051.948,-26298.7,0.81
6137,53.48,970.7529,-30365.26,0.93
6138,56.16,1186.4228,-29660.57,1.13
6139,44.0,1051.5412,-28224.0,1.02
6140,59.68,1025.3083,-25632.71,1.1
6141,55.44,1058.7984,-28408.01,1.04
6142,51.32,1095.4154,-27385.39,0.91
6143,44.8,1134.5866,-28364.66,0.87
6144,57.88,993.4534,-26844.08,1.28
6145,29.32,999.8025,-26997.47,0.85
6146,58.84,1011.1612,-25279.03,1.19
6147,30.28,995.9702,-24899.26,0.89
6148,36.04,1033.9024,-25847.56,0.71
6149,28.32,1016.5432,-25413.58,1.01
6150,44.16,980.9261,-24523.15,0.8
6151,58.68,976.4364,-24410.91,0.68
6152,43.92,984.1692,-24604.23,0.97
6153,51.56,1032.8723,-25821.81,1.07
6154,50.84,1048.6296,-28163.65,0.75
6155,41.12,1025.3285,-25633.21,0.77
6156,54.96,1143.7962,-30447.49,0.72
6157,64.36,1019.8243,-25495.61,0.7
6158,66.48,1241.7248,-31043.12,1.01
6159,43.76,1409.0404,-36802.21,0.74
6160,52.32,969.1142,-24227.86,0.66
6161,52.52,988.3006,-30754.8,0.8
6162,60.08,1032.9583,-25823.96,0.93
6163,43.52,1028.7692,-25719.23,1.61
6164,53.72,1007.0399,-25176.0,1.14
6165,35.44,1044.2238,-29982.08,1.14
6166,56.44,992.2871,-24807.18,0.96
6167,39.24,998.773,-26970.29,0.91
6168,58.08,1004.5179,-27123.76,2.31
6169,58.04,1032.6843,-27781.85,0.93
6170,47.8,999.3632,-27001.5,0.83
6171,60.52,963.9745,-28173.54,0.93
6172,49.0,1018.0212,-29429.54,0.96
6173,54.4,1029.1232,-27730.37,0.99
6174,51.56,1033.4084,-33750.38,1.77
6175,44.52,1037.2254,-25930.64,1.55
6176,52.48,999.2881,-28960.01,1.46
6177,52.36,982.1591,-30611.05,1.19
6178,56.12,1012.1635,-33214.66,1.43
6179,41.0,1030.8318,-31669.7,1.31
6180,39.36,1042.2798,-28031.83,1.12
6181,60.04,1214.3189,-37252.03,0.76
6182,50.48,1027.1086,-33670.47,0.97
6183,56.32,1009.1717,-37116.4,1.06
6184,53.16,1048.3753,-28156.56,1.31
6185,52.96,1040.1696,-33860.81,1.13
6186,53.36,1021.5686,-31417.66,1.16
6187,42.4,996.3491,-32981.4,1.15
6188,45.4,1028.7186,-27681.81,1.43
6189,42.76,1014.582,-29426.53,1.13
6190,45.2,1007.3409,-29209.59,1.17
6191,52.24,1144.9289,-34202.76,0.92
6192,58.68,1068.6483,-32623.43,1.1
6193,65.32,1017.6685,-37306.97,0.95
6194,67.0,1008.9093,-39103.88,0.76
6195,40.64,1096.5896,-31185.17,0.96
6196,48.52,1028.1382,-31618.16,0.8
6197,48.2,987.1987,-26701.75,1.13
6198,53.48,1058.8251,-26470.63,1.18
6199,59.2,1019.5144,-29444.13,1.07
6200,41.24,997.2594,-30940.78,1.1
6201,51.84,1024.6976,-31570.18,0.77
6202,59.48,1017.6852,-29489.1,1.13
6203,63.56,1013.6005,-33363.7,1.28
6204,64.48,1062.9592,-32379.33,1.04
6205,63.2,1064.1465,-28531.05,0.87
6206,60.12,985.2852,-34710.53,1.13
6207,48.6,1033.5026,-27802.85,0.88
6208,44.24,1055.8264,-34190.54,1.13
6209,53.36,1215.6682,-38942.0,0.81
6210,39.72,1030.0177,-27722.04,1.28
6211,63.36,1288.6782,-35616.4,0.75
6212,42.0,982.2749,-30575.75,0.95
6213,49.24,1037.0053,-31825.06,1.05
6214,31.04,1005.2043,-27073.38,1.18
6215,43.0,1051.6624,-32126.03,0.84
6216,40.68,1081.415,-28952.73,0.84
6217,41.72,1039.3593,-27934.33,1.22
6218,50.88,1050.3855,-28276.66,1.0
6219,54.04,1034.1436,-31744.91,0.92
6220,54.28,1018.04,-29424.32,1.0
6221,46.48,1022.3332,-25558.33,0.83
6222,54.2,1036.387,-27941.04,1.01
6223,44.64,1007.5151,-29129.74,0.77
6224,55.2,1050.7511,-26268.78,1.21
6225,61.2,1013.9294,-31313.74,0.73
6226,41.56,1127.0652,-31911.77,0.98
6227,61.4,1015.4338,-29391.7,1.07
6228,49.56,1026.6071,-25665.18,1.0
6229,56.88,1022.8535,-25571.34,0.82
6230,51.04,1063.0005,-26575.01,0.96
6231,25.36,970.8777,-30312.79,1.34
6232,53.28,1008.738,-31208.77,0.92
6233,48.64,982.2652,-26576.16,0.77
6234,45.24,1105.7712,-29622.23,1.15
6235,48.12,1059.2032,-28445.78,1.09
6236,49.04,1059.1294,-26478.24,1.18
6237,49.12,1018.6089,-25465.22,0.77
6238,59.32,1005.6222,-29119.77,1.0
6239,51.52,984.1945,-26627.72,0.83
6240,43.52,1017.6159,-25440.4,1.03
6241,60.04,1019.4324,-27504.16,0.93
6242,38.52,1045.9242,-28159.13,1.04
6243,54.16,1035.1011,-27791.82,0.93
6244,43.6,981.8577,-28499.26,0.82
6245,52.4,1071.5779,-26789.45,0.77
6246,56.68,1101.2737,-27531.84,0.97
6247,35.52,996.5419,-26859.97,1.25
6248,50.88,1054.6275,-28368.44,1.76
6249,30.36,995.0959,-26844.72,1.33
6250,55.56,1033.6341,-27808.11,0.68
6251,42.32,980.345,-28555.3,0.79
6252,47.6,1061.0419,-26526.05,0.77
6253,33.72,1024.948,-25623.7,0.85
6254,48.92,1052.5392,-26313.48,1.07
6255,36.84,1033.4244,-25835.61,0.88
6256,26.08,995.5792,-24889.48,0.92
6257,55.24,992.2577,-28819.45,1.0
6258,49.12,1091.0409,-29139.79,1.15
6259,45.72,1036.7883,-29907.83,0.88
6260,58.04,1069.3351,-28680.89,1.02
6261,47.52,990.0593,-26779.95,0.73
6262,40.36,1087.2717,-30973.37,0.93
6263,52.68,1048.5699,-26214.25,0.98
6264,39.64,983.0546,-28574.49,0.79
6265,57.48,1020.6746,-27494.54,1.11
6266,43.92,979.5358,-24488.4,0.76
6267,42.48,1097.4383,-27435.96,0.96
6268,50.16,979.9728,-24499.32,0.79
6269,59.8,1164.547,-29113.68,0.89
6270,44.12,1310.481,-34692.12,0.75
6271,51.24,1055.2652,-26381.63,1.44
6272,61.0,1046.221,-26155.52,1.09
6273,22.88,1088.3838,-27209.6,0.96
6274,42.4,1320.2128,-33005.32,0.74
6275,44.36,1283.7527,-33806.0,0.77
6276,45.72,983.6577,-26609.91,0.73
6277,51.32,1029.579,-27750.32,1.02
6278,57.84,994.9207,-24873.02,0.84
6279,39.0,983.9429,-26536.69,0.72
6280,56.56,1203.904,-31886.13,0.68
6281,24.88,1008.6791,-25216.98,0.89
6282,55.88,1052.0508,-26301.27,0.7
6283,49.36,1032.7163,-25817.91,0.79
6284,44.48,1146.8853,-30520.07,0.91
6285,43.44,1014.7842,-27407.57,0.91
6286,63.96,1007.9811,-25199.53,0.81
6287,49.28,1019.6064,-27474.22,0.75
6288,51.0,1008.3889,-25209.72,0.85
6289,52.92,1036.8578,-27885.35,0.77
6290,44.92,1048.414,-30203.84,0.9
6291,41.24,982.9982,-24574.95,0.79
6292,33.6,1051.5625,-28269.07,0.93
6293,24.8,969.0748,-26258.1,0.86
6294,49.92,962.1344,-24053.36,0.77
6295,59.6,1104.4798,-27612.0,0.62
6296,54.2,1108.2492,-29730.14,0.87
6297,59.12,978.788,-24469.7,0.74
6298,55.24,1003.4919,-29091.4,0.92
6299,61.64,1035.6948,-25892.37,0.96
6300,60.48,965.2425,-24131.06,0.76
6301,50.0,1057.408,-26435.2,0.76
6302,46.84,1014.2073,-25355.18,0.77
6303,43.76,1010.0114,-27238.94,0.79
6304,62.28,1073.3425,-32604.2,0.83
6305,46.28,983.7961,-24594.9,0.7
6306,47.68,1139.985,-28499.63,0.73
6307,44.2,991.1478,-24778.7,0.65
6308,49.08,979.2562,-28526.35,0.94
6309,62.56,1048.687,-26217.17,0.89
6310,51.0,1077.5116,-28926.64,0.85
6311,50.24,1076.7484,-26918.71,0.74
6312,36.44,980.1728,-30570.69,0.66
6313,53.2,1034.4484,-25861.21,1.0
6314,40.48,1079.0277,-28889.68,1.01
6315,49.36,998.318,-24957.95,0.87
6316,52.36,1023.4553,-25586.38,0.78
6317,45.56,1063.7956,-28584.81,0.82
6318,55.4,983.2562,-24581.4,0.75
6319,54.4,1017.6191,-27468.56,1.06
6320,32.6,999.2685,-24981.71,0.77
6321,32.92,1052.2091,-26305.23,0.71
6322,57.68,1033.629,-25840.73,0.71
6323,36.24,975.2475,-24381.19,0.76
6324,51.96,1046.8378,-26170.94,1.12
6325,29.56,995.1118,-28924.26,0.91
6326,53.28,1044.4256,-26110.64,1.14
6327,33.16,977.7267,-24443.17,0.83
6328,44.08,1042.0138,-26050.34,0.88
6329,48.04,1033.4383,-29770.4,0.71
6330,58.72,1059.041,-26476.02,0.74
6331,49.84,1029.0263,-25725.66,0.91
6332,63.08,1047.4865,-26187.16,1.12
6333,64.8,1016.0367,-25400.92,0.65
6334,57.8,1020.6629,-25516.57,0.71
6335,47.44,980.2385,-24505.96,0.73
6336,58.44,1030.4374,-25760.93,1.02
6337,37.76,1026.9628,-25674.07,1.04
6338,39.24,1034.7058,-25867.65,0.78
6339,58.88,1085.0378,-29038.11,0.85
6340,50.28,981.997,-26568.8,0.89
6341,38.44,1032.7179,-25817.95,0.96
6342,23.96,968.9107,-24222.77,0.77
6343,45.16,978.9077,-26500.77,0.83
6344,69.64,1021.22,-25530.5,0.74
6345,54.0,1022.9581,-25573.95,0.86
6346,55.36,991.1443,-26786.69,0.82
6347,50.4,963.6584,-24091.46,0.94
6348,43.88,1057.7735,-30209.33,1.01
6349,49.24,1070.4504,-26761.26,0.94
6350,56.96,1001.8538,-25046.35,0.79
6351,29.16,979.3155,-26503.12,1.0
6352,26.32,968.96,-28288.32,0.94
6353,33.44,987.2116,-24680.29,1.07
6354,55.32,1031.4528,-27761.68,1.18
6355,46.88,1042.83,-26070.75,0.8
6356,45.08,1063.0876,-26577.19,1.05
6357,50.28,1035.6464,-31784.34,0.74
6358,48.0,1033.9984,-25849.96,0.88
6359,58.44,1020.3657,-29478.91,1.05
6360,53.56,1072.9588,-28807.88,1.0
6361,51.0,1059.5399,-32271.34,1.27
6362,57.08,997.034,-32956.13,0.83
6363,50.08,1010.0596,-29227.84,0.95
6364,51.76,1109.9959,-29636.36,0.79
6365,27.52,973.7687,-28395.91,0.73
6366,56.76,1029.211,-29666.89,0.88
6367,47.76,1042.2914,-26057.28,1.05
6368,48.04,1027.1086,-29597.53,0.97
6369,53.0,1007.952,-27191.93,0.9
6370,42.68,1000.7967,-27003.38,0.8
6371,36.92,973.9381,-24348.45,0.78
6372,51.08,1156.6949,-28917.37,0.89
6373,59.68,965.5373,-28213.53,1.1
6374,42.12,983.7706,-24594.26,0.85
6375,50.36,1048.7329,-26218.32,0.67
6376,49.36,1074.9592,-28813.17,0.78
6377,48.92,1046.8801,-28124.45,0.72
6378,45.44,966.9759,-26212.33,0.93
6379,36.12,1041.0379,-27975.61,1.1
6380,46.88,1065.922,-26648.05,0.99
6381,47.6,982.6,-26583.7,0.66
6382,33.44,994.9969,-24874.92,0.88
6383,54.48,1043.382,-26084.55,0.96
6384,34.64,982.1756,-24554.39,0.99
6385,62.2,1066.7787,-26669.47,1.05
6386,39.8,1049.4251,-28273.21,0.93
6387,55.6,1043.1557,-26078.89,0.85
6388,33.0,1113.6487,-29726.92,0.73
6389,67.16,963.054,-26113.49,1.14
6390,39.8,1061.2866,-26532.17,1.02
6391,56.16,1065.1216,-28664.6,0.98
6392,43.44,1081.1638,-27029.09,0.98
6393,51.8,1033.8872,-27810.3,1.03
6394,52.96,1105.0844,-27627.11,0.77
6395,35.72,1000.721,-25018.03,1.0
6396,40.36,989.4041,-24735.1,0.74
6397,61.08,1103.1371,-29454.43,0.89
6398,36.48,1080.0416,-30836.17,0.74
6399,56.84,1019.424,-25485.6,0.76
6400,60.2,1024.7304,-29543.44,0.82
6401,58.24,1072.7628,-28742.06,0.75
6402,48.24,1055.2954,-26382.39,1.12
6403,48.64,1161.2083,-32565.65,1.17
6404,50.12,1017.0118,-27414.28,0.99
6405,61.8,1063.7213,-28530.27,0.89
6406,47.12,1010.5172,-25262.93,0.97
6407,57.12,1055.2894,-28419.47,1.0
6408,46.92,991.1336,-26812.4,0.9
6409,60.12,1033.2238,-25830.59,0.98
6410,49.68,1052.9214,-30289.87,1.35
6411,46.56,1341.9923,-33549.81,0.95
6412,42.6,982.9333,-24573.33,1.03
6413,49.24,1026.8649,-27646.02,0.8
6414,60.88,1047.3715,-26184.29,0.83
6415,43.16,1010.5948,-25264.87,0.77
6416,49.64,1075.4442,-28806.18,1.06
6417,56.52,1025.1274,-25628.18,0.88
6418,53.28,1060.3725,-28448.01,0.78
6419,37.52,978.4814,-24462.03,0.79
6420,48.92,1046.5036,-28185.82,1.12
6421,50.08,1040.3427,-26008.57,0.79
6422,49.04,1015.8789,-25396.97,0.96
6423,58.04,1030.7699,-27800.04,1.03
6424,45.4,1068.51,-26712.75,0.93
6425,57.8,1158.0658,-28951.64,0.73
6426,61.68,1325.0526,-33126.31,0.91
6427,41.52,1072.8615,-26821.54,0.98
6428,53.08,1051.2315,-30193.17,0.88
6429,51.64,1025.8018,-29600.72,0.83
6430,64.52,1101.7279,-29576.35,0.76
6431,57.44,1078.7626,-32718.72,1.05
6432,47.88,1021.9573,-31480.46,0.76
6433,47.04,1025.7143,-31554.47,0.88
6434,26.76,969.5454,-24238.64,0.87
6435,26.8,1000.3158,-25007.89,0.66
6436,53.32,1033.2956,-27860.44,0.96
6437,55.96,1019.8722,-25496.8,0.83
6438,43.24,1037.0896,-27887.58,0.88
6439,46.36,1039.5566,-25988.91,0.86
6440,52.72,1041.322,-30084.79,0.9
6441,52.28,1033.1032,-27792.25,1.05
6442,35.16,968.819,-24220.48,1.1
6443,39.92,1032.8652,-25821.63,1.05
6444,58.24,981.9589,-28581.21,0.95
6445,44.0,1075.3488,-28920.61,1.35
6446,36.16,1095.9351,-29046.61,0.81
6447,48.64,986.9758,-24674.39,0.68
6448,59.24,1058.1389,-26453.47,0.94
6449,51.6,1272.8065,-33429.49,0.96
6450,38.6,1009.7657,-29237.71,1.29
6451,55.28,1050.3577,-26258.94,1.01
6452,54.72,1083.4287,-29035.44,0.88
6453,43.52,1016.9687,-29386.14,0.75
6454,47.24,1052.4973,-28258.73,1.02
6455,65.28,990.187,-26767.12,1.06
6456,37.24,977.6788,-24441.97,1.02
6457,53.28,1011.2192,-27303.67,0.99
6458,50.92,1101.498,-27537.45,1.06
6459,60.12,1012.4696,-25311.74,0.86
6460,48.4,987.9646,-24699.12,0.74
6461,51.24,1047.5768,-26189.42,0.71
6462,46.12,984.3327,-24608.32,0.68
6463,48.6,1036.8957,-25922.39,0.89
6464,60.2,1055.216,-26380.4,1.36
6465,56.4,1015.8392,-25395.98,0.75
6466,37.0,1008.8826,-25222.06,0.88
6467,51.6,1056.7224,-28320.02,0.79
6468,42.12,980.5856,-24514.64,0.68
6469,58.0,964.8763,-24121.91,0.79
6470,41.32,975.6131,-24390.33,0.91
6471,65.68,1019.057,-27454.77,1.16
6472,33.96,1026.5606,-25664.01,0.87
6473,42.76,962.8267,-26108.58,0.95
6474,55.76,1013.7946,-27032.16,0.92
6475,54.28,1120.5898,-28014.74,1.07
6476,50.76,1195.1184,-29877.96,1.18
6477,51.92,1015.4012,-27415.87,1.0
6478,43.48,1037.5819,-25939.55,1.0
6479,51.24,1023.0654,-25576.63,1.0
6480,54.08,1033.5519,-25838.8,0.97
6481,36.2,1010.3669,-29291.22,1.02
6482,55.88,1030.3196,-25757.99,0.91
6483,41.08,973.7664,-24344.16,0.72
6484,49.2,1019.837,-25495.93,0.85
6485,56.32,1030.2592,-25756.48,0.89
6486,52.68,1030.8334,-29835.67,1.29
6487,48.08,1051.0156,-28220.98,0.75
6488,61.4,1009.6217,-27249.86,0.93
6489,45.64,1327.6085,-33190.21,0.78
6490,52.48,1029.9611,-27715.59,1.0
6491,47.28,1030.7784,-27792.21,1.13
6492,69.64,1053.4816,-28348.27,0.89
6493,46.56,1020.7123,-25517.81,1.28
6494,53.64,1025.4957,-29579.76,1.07
6495,50.92,1006.757,-25168.92,2.15
6496,44.0,1121.7248,-31888.01,1.68
6497,50.64,1010.4266,-25260.66,1.07
6498,55.64,1046.4075,-28197.08,1.36
6499,48.48,1017.1294,-31204.4,1.0
6500,33.2,1052.888,-26322.2,0.98
6501,30.24,993.9284,-24848.21,0.89
6502,48.0,1024.1013,-27547.93,1.05
6503,44.08,1019.5747,-27455.19,1.01
6504,36.12,985.5103,-28692.95,1.12
6505,25.04,987.3293,-26627.87,0.9
6506,50.76,1061.0258,-34174.38,0.98
6507,45.2,1033.0302,-27861.18,0.86
6508,44.8,1096.2377,-27405.94,1.0
6509,32.16,1010.9375,-25273.44,0.92
6510,42.2,1021.1509,-27494.05,0.94
6511,46.92,1011.2107,-29281.44,0.99
6512,44.68,1063.4466,-28623.87,0.86
6513,59.8,1058.5525,-28399.15,0.96
6514,34.24,1039.9,-25997.5,1.0
6515,54.76,1089.7481,-29182.89,1.0
6516,57.8,1123.3063,-29745.62,0.79
6517,37.68,981.7452,-28580.99,0.8
6518,59.48,1013.891,-31320.91,0.9
6519,56.12,1057.8058,-28410.31,0.88
6520,43.2,1075.8968,-26897.42,0.87
6521,53.32,1024.2014,-25605.03,1.11
6522,52.32,1033.7296,-29768.18,1.17
6523,39.32,1084.5732,-28865.39,1.07
6524,48.96,1064.7598,-30546.9,1.42
6525,43.08,1030.433,-27611.9,0.83
6526,58.6,1030.4928,-29792.58,0.92
6527,38.96,1043.8349,-28052.78,1.06
6528,45.16,1013.6843,-25342.11,0.99
6529,58.64,1062.1462,-26553.66,0.9
6530,54.08,1029.3156,-25732.89,1.01
6531,49.28,1114.0276,-27850.69,1.05
6532,44.76,1013.679,-27379.48,0.93
6533,41.08,1006.3422,-29064.51,1.13
6534,55.84,1112.3252,-27808.13,1.08
6535,52.04,1018.6262,-25465.65,0.7
6536,47.52,1061.8702,-26546.75,0.79
6537,60.8,1042.833,-27950.64,0.82
6538,29.44,1012.8179,-25320.45,0.88
6539,51.12,1015.6814,-27376.19,0.78
6540,41.76,1008.4554,-27230.94,0.94
6541,35.12,1014.6185,-25365.46,0.85
6542,49.96,1040.5369,-26013.42,0.92
6543,34.56,1007.5988,-25189.97,0.99
6544,48.64,1007.5006,-25187.51,1.03
6545,53.24,1036.9639,-25924.1,0.78
6546,35.16,1041.889,-26047.23,0.88
6547,46.28,1245.9927,-32864.14,0.97
6548,62.4,1014.7374,-25368.43,0.82
6549,40.2,1323.3769,-33084.42,1.18
6550,53.04,1047.3471,-26183.68,0.65
6551,37.36,978.1939,-24454.85,0.78
6552,49.4,1053.7275,-26343.19,0.9
6553,44.76,1123.5829,-29880.35,1.09
6554,49.16,1158.2181,-32623.11,0.73
6555,68.88,1101.9777,-29471.47,0.78
6556,52.92,1019.9152,-25497.88,1.0
6557,48.04,1024.7099,-27585.42,0.81
6558,57.32,1091.7592,-27293.98,0.94
6559,46.28,1013.2611,-31374.94,0.91
6560,47.36,1049.5046,-28104.09,1.03
6561,74.92,1025.2255,-25630.64,0.77
6562,53.96,1032.8158,-25820.4,0.8
6563,47.24,1102.7131,-29438.67,0.99
6564,50.88,1020.9385,-27512.76,0.91
6565,44.12,1049.4049,-26235.12,0.9
6566,50.6,993.1961,-24829.9,0.73
6567,47.04,1002.5759,-25064.4,0.75
6568,50.76,1005.758,-25143.95,0.75
6569,30.24,996.8264,-24920.66,0.75
6570,41.6,970.4938,-26292.26,0.74
6571,35.76,987.2955,-24682.39,0.69
6572,43.76,1022.5847,-27553.56,1.19
6573,62.04,992.0628,-24801.57,0.96
6574,20.12,1006.1344,-25153.36,0.88
6575,54.28,1028.1677,-25704.19,1.14
6576,44.72,997.446,-26941.0,1.05
6577,47.68,1027.1644,-25679.11,0.99
6578,38.12,979.9974,-26519.33,0.7
6579,52.12,997.1006,-24927.51,0.89
6580,57.6,979.7068,-24492.67,0.69
6581,46.92,1011.5412,-25288.53,0.93
6582,38.72,1017.4214,-25435.54,1.02
6583,40.6,1123.7244,-28093.11,0.94
6584,47.92,1067.6071,-26690.18,0.88
6585,48.2,1040.4315,-26010.79,0.99
6586,47.76,1049.4225,-26235.56,0.94
6587,44.32,1407.8514,-36771.73,0.94
6588,64.2,996.3515,-24908.79,1.08
6589,31.96,1006.3595,-27183.84,1.14
6590,53.08,1111.9398,-27798.5,0.92
6591,40.0,1044.7766,-28064.6,0.77
6592,43.08,1046.3269,-26158.17,0.96
6593,52.76,1025.2397,-25630.99,0.8
6594,53.72,1001.6056,-26999.38,1.02
6595,51.92,970.3275,-24258.19,0.83
6596,44.04,1032.7942,-25819.85,0.9
6597,49.72,1043.895,-26097.38,0.92
6598,53.6,1097.0721,-29374.14,0.86
6599,45.96,1136.6288,-28415.72,0.78
6600,63.24,1021.4268,-25535.67,0.81
6601,57.84,1346.8959,-35311.15,0.86
6602,41.36,1154.9217,-28873.04,0.93
6603,51.0,1051.0097,-26275.24,0.69
6604,69.6,1076.1858,-28826.58,0.73
6605,35.08,980.8788,-24521.97,1.02
6606,54.8,1143.7877,-30451.84,0.72
6607,38.96,975.7384,-24393.46,0.8
6608,57.2,1048.383,-26209.57,0.79
6609,41.36,1008.8608,-25221.52,1.05
6610,58.2,1380.6902,-34517.25,0.72
6611,49.72,990.4119,-24760.3,1.07
6612,52.4,1051.8174,-26295.43,0.84
6613,64.04,1014.9543,-25373.86,0.67
6614,53.12,1132.7428,-28318.57,0.75
6615,46.56,966.8463,-26208.42,0.79
6616,45.72,1112.3507,-29690.93,0.76
6617,47.16,1102.4136,-27560.34,0.94
6618,45.08,981.0601,-24526.5,0.91
6619,55.64,1050.3089,-26257.72,0.72
6620,53.72,1065.289,-28579.62,0.72
6621,42.44,977.1655,-26453.05,0.91
6622,43.8,1034.9204,-27819.19,1.0
6623,54.2,1404.2076,-36685.64,0.75
6624,40.68,1043.4142,-26085.36,0.87
6625,46.96,1069.5235,-28775.95,1.04
6626,30.0,997.6209,-24940.52,1.06
6627,53.36,990.823,-26778.55,0.86
6628,32.64,1067.0384,-26675.96,0.87
6629,39.28,1054.0057,-26350.14,0.76
6630,31.76,995.188,-24879.7,0.93
6631,54.08,986.9858,-28699.91,0.82
6632,38.88,1129.0984,-32022.82,0.94
6633,44.64,1056.0358,-26400.9,1.0
6634,42.2,1019.5729,-25489.32,1.1
6635,54.6,992.23,-24805.75,0.88
6636,54.44,1018.2,-27476.73,1.13
6637,54.88,1050.0842,-28130.62,0.96
6638,39.08,1042.0516,-27996.27,1.17
6639,63.68,973.167,-24329.17,1.01
6640,48.44,1030.1141,-27524.64,0.95
6641,48.64,1072.6656,-28474.35,0.98
6642,50.32,1015.258,-29353.33,1.12
6643,54.96,1012.7778,-31305.33,0.85
6644,51.8,1005.5297,-27102.46,0.85
6645,43.8,999.5159,-24987.9,0.8
6646,52.84,1106.2976,-27657.44,0.73
6647,55.56,1152.583,-28814.57,0.94
6648,47.36,1115.0266,-27875.66,1.07
6649,28.76,992.0046,-26824.02,1.19
6650,47.12,1041.3194,-29952.75,0.9
6651,58.4,998.5958,-26988.16,0.97
6652,41.72,977.3257,-24433.14,1.1
6653,55.88,1042.0506,-26051.26,1.0
6654,51.0,979.7575,-26517.12,0.91
6655,48.2,1018.8468,-25471.17,0.96
6656,47.16,1018.045,-27432.84,0.97
6657,36.44,1086.0253,-27150.63,1.04
6658,54.68,1025.3886,-25634.72,1.09
6659,44.76,1007.184,-27201.34,0.87
6660,44.68,1026.8871,-25672.18,0.94
6661,31.28,1036.2246,-29832.45,0.85
6662,36.64,985.9564,-26669.32,1.07
6663,51.04,1098.2752,-29434.63,1.13
6664,38.32,1014.1754,-29350.48,0.9
6665,42.84,1040.1744,-27972.74,0.89
6666,45.96,982.3117,-24557.79,0.89
6667,51.76,1011.8004,-29331.33,0.97
6668,51.68,1011.8246,-27277.17,1.0
6669,50.32,1049.1745,-28220.07,0.8
6670,38.04,1060.1341,-30342.05,0.82
6671,43.32,1047.139,-28145.63,0.68
6672,55.96,1037.8909,-25947.27,0.93
6673,62.28,1011.309,-25282.72,0.79
6674,53.76,1024.6407,-25616.02,0.73
6675,48.96,1021.9454,-25548.63,1.05
6676,51.24,1075.4718,-26886.79,0.83
6677,46.96,1034.609,-29834.22,0.99
6678,39.48,1018.7826,-25469.57,1.0
6679,66.92,1270.4642,-35197.47,0.82
6680,48.8,1056.1942,-28342.16,1.13
6681,56.8,1013.0662,-27336.64,1.04
6682,49.28,999.4448,-24986.12,0.92
6683,20.32,1045.3687,-30154.05,0.95
6684,51.64,1044.8722,-31850.06,1.01
6685,56.36,1017.5472,-27429.15,0.89
6686,50.24,1163.2233,-32869.23,0.94
6687,41.4,979.3478,-24483.7,0.93
6688,45.24,975.1424,-26402.5,1.06
6689,54.92,1007.6541,-25191.35,0.97
6690,53.2,1020.3686,-27490.87,0.8
6691,53.8,1002.1405,-25053.51,0.89
6692,61.36,1199.9048,-33579.82,0.73
6693,33.0,974.7952,-28427.54,0.78
6694,49.48,1023.3058,-27519.32,0.92
6695,53.48,974.5015,-24362.54,0.96
6696,53.16,1045.125,-30024.28,1.08
6697,54.64,1055.8039,-28359.33,1.06
6698,55.12,1029.0125,-29747.33,0.93
6699,39.68,982.7283,-26586.9,0.69
6700,53.36,1019.8987,-27464.76,1.0
6701,50.88,1069.4054,-26735.14,0.87
6702,43.88,1000.2923,-27011.76,0.76
6703,62.8,1041.1858,-28056.76,0.99
6704,52.28,1124.6384,-29994.77,0.78
6705,52.04,1058.3549,-26458.87,1.09
6706,49.6,1017.4094,-27466.89,0.82
6707,52.6,1062.6004,-28543.03,1.2
6708,45.08,1010.7178,-25267.95,0.69
6709,23.32,1018.9534,-25473.83,0.92
6710,41.92,1079.157,-26978.93,1.02
6711,39.4,1076.7316,-28835.11,0.81
6712,45.36,977.3417,-28480.45,0.73
6713,43.8,1021.2421,-31449.31,0.97
6714,45.64,1000.3996,-27016.43,0.81
6715,42.16,1007.4694,-28929.04,1.07
6716,41.12,993.188,-28880.28,0.95
6717,47.76,1061.3805,-28554.26,1.12
6718,45.72,1056.2324,-28362.79,0.86
6719,37.24,1023.2129,-31469.05,0.96
6720,55.88,1013.2819,-27225.63,1.34
6721,59.4,1032.3909,-25809.77,0.81
6722,57.64,1045.4034,-28102.32,0.98
6723,46.44,1028.3075,-27679.64,0.86
6724,49.0,1115.9266,-31671.85,1.01
6725,39.8,1027.5813,-25689.53,0.95
6726,49.92,1054.5867,-26364.67,1.33
6727,43.2,1048.3384,-28240.1,1.1
6728,52.12,1053.1527,-30222.55,0.76
6729,37.92,985.1243,-26647.69,0.75
6730,41.84,1039.0277,-25975.69,1.13
6731,54.88,1013.1696,-25329.24,1.04
6732,41.32,1012.536,-25313.4,0.98
6733,52.36,1020.0075,-29426.33,0.88
6734,54.96,1095.6851,-28970.53,1.08
6735,39.4,1096.3624,-29339.96,0.94
6736,62.16,979.0517,-24476.29,1.13
6737,63.0,1035.9612,-25899.03,0.98
6738,27.64,1034.4153,-25860.38,1.21
6739,49.08,1019.2809,-25482.02,0.97
6740,40.92,1032.527,-25813.17,0.93
6741,29.32,1011.6421,-25291.05,1.12
6742,47.32,1049.3226,-30014.01,1.08
6743,47.4,1033.331,-27796.72,1.14
6744,57.76,1184.8017,-29620.04,1.04
6745,62.36,1011.4511,-27272.56,1.08
6746,34.48,1007.2088,-25180.22,1.12
6747,35.84,999.0943,-24977.36,0.98
6748,43.36,1027.5211,-27538.39,1.38
6749,43.48,1033.8855,-25847.14,0.97
6750,49.16,1082.7648,-28935.59,1.01
6751,41.04,1189.748,-29743.7,1.02
6752,50.08,1053.7026,-30232.77,0.75
6753,31.4,1022.1874,-25554.69,0.86
6754,35.48,986.7166,-24667.92,0.89
6755,51.96,1030.1971,-25754.93,1.08
6756,53.36,1041.346,-30048.53,0.84
6757,55.6,977.8808,-24447.02,0.96
6758,37.48,974.6328,-26394.31,0.76
6759,47.28,1045.0241,-30106.08,0.94
6760,43.32,1042.3946,-31995.62,0.96
6761,52.68,1035.2386,-27877.54,1.21
6762,23.52,1003.4098,-27083.85,0.87
6763,30.68,1004.8873,-29152.84,1.14
6764,59.12,1004.9342,-29034.81,1.09
6765,35.12,1024.339,-25608.47,1.17
6766,51.12,1048.7008,-28245.97,1.08
6767,47.28,1016.1116,-25402.79,0.87
6768,48.32,1011.4162,-25285.4,0.99
6769,45.8,1003.6266,-25090.67,1.0
6770,57.16,1035.4908,-29817.93,0.95
6771,48.72,1015.4253,-25385.63,1.01
6772,34.8,1037.2038,-25930.1,1.12
6773,54.44,1024.3088,-27629.77,0.96
6774,68.28,963.2633,-26118.5,0.84
6775,49.68,1024.0945,-25602.36,0.83
6776,60.76,1031.1867,-25779.67,0.81
6777,57.96,1032.9125,-29752.24,0.82
6778,49.6,1017.5578,-31412.02,0.99
6779,44.36,1046.1652,-27750.09,0.86
6780,37.92,1007.2766,-29236.44,1.11
6781,53.32,1033.8109,-25845.27,0.71
6782,53.12,1015.0081,-27353.32,1.08
6783,31.92,1025.0422,-27490.18,1.06
6784,48.04,1199.3186,-31777.4,0.65
6785,55.44,992.7763,-24819.41,0.9
6786,45.04,1088.097,-27202.43,1.16
6787,58.6,1026.2739,-25656.85,0.83
6788,43.92,982.072,-26570.15,0.73
6789,44.28,980.7138,-24517.85,0.73
6790,41.88,1050.9614,-29961.29,1.01
6791,54.24,1032.7999,-27787.28,0.78
6792,45.04,1033.5631,-29824.8,0.72
6793,54.56,988.5618,-26733.11,0.7
6794,41.28,1002.9021,-25072.55,0.69
6795,43.56,997.3673,-24934.18,0.8
6796,60.16,1008.5274,-25213.18,0.87
6797,30.76,991.4938,-24787.35,0.83
6798,55.2,1058.273,-26456.83,0.77
6799,61.4,1017.4232,-25435.58,0.95
6800,55.04,1074.897,-28792.89,0.8
6801,45.72,1030.5036,-25762.59,0.67
6802,63.92,1023.0923,-25577.31,0.84
6803,46.08,1019.2174,-25480.43,0.76
6804,60.36,1040.9479,-26023.7,1.32
6805,43.92,1053.772,-26344.3,1.08
6806,30.24,984.6138,-24615.34,0.71
6807,44.84,1064.4799,-28600.85,0.87
6808,53.76,973.7513,-24343.78,0.78
6809,41.8,1025.5391,-25638.48,0.85
6810,43.72,978.2212,-24455.53,0.73
6811,49.72,1067.2777,-28611.04,0.73
6812,50.92,1048.3285,-26208.21,1.06
6813,48.04,1040.9371,-26023.43,0.81
6814,51.08,1142.4711,-28561.78,0.68
6815,51.8,1014.8797,-25371.99,0.68
6816,53.28,1060.4725,-26511.81,0.71
6817,48.8,992.4551,-24811.38,0.81
6818,54.24,1059.861,-26496.52,0.81
6819,51.8,1032.2984,-27687.3,0.92
6820,55.76,977.1789,-24429.47,0.81
6821,58.92,1031.2114,-25780.29,0.81
6822,43.56,1046.465,-27990.34,0.95
6823,51.4,1058.5522,-26463.8,0.88
6824,49.64,1280.7012,-32017.53,0.72
6825,46.4,1000.2291,-26969.86,0.84
6826,58.6,1007.7266,-25193.17,1.04
6827,54.76,1358.3541,-33958.85,0.73
6828,43.0,1013.36,-29381.01,0.83
6829,31.24,1023.7856,-25594.64,0.92
6830,43.56,987.08,-24677.0,0.72
6831,45.6,1038.3231,-25958.08,0.94
6832,37.28,1021.3799,-25534.5,1.04
6833,46.56,1033.3544,-29765.59,0.96
6834,58.52,1018.7442,-25468.61,0.78
6835,57.8,1023.575,-29577.39,0.87
6836,52.24,1064.1927,-30595.57,0.98
6837,54.68,1146.8978,-28672.45,1.06
6838,63.6,996.3878,-24909.69,0.77
6839,49.96,1036.6466,-29857.52,0.89
6840,37.64,984.1766,-26633.79,0.88
6841,38.44,981.8674,-24546.69,0.66
6842,39.48,1060.4576,-28509.76,1.05
6843,39.2,995.1575,-26736.78,0.79
6844,50.08,1039.9417,-33793.73,0.91
6845,40.64,1001.5143,-29039.16,0.74
6846,53.76,1156.3118,-32580.91,0.94
6847,58.24,1039.2892,-27980.53,1.04
6848,44.8,1025.2359,-35529.92,1.0
6849,47.0,1028.6923,-29679.7,0.84
6850,52.88,1032.2576,-27785.55,0.8
6851,45.36,993.6178,-24840.45,0.96
6852,52.52,1036.7335,-27941.38,0.81
6853,46.96,998.5333,-24963.33,1.03
6854,42.8,1015.5403,-27422.75,0.83
6855,54.28,1043.676,-26091.9,0.79
6856,35.92,1008.4189,-25210.47,1.01
6857,42.64,1078.3676,-26959.19,0.87
6858,47.88,1030.9334,-25773.33,0.79
6859,45.68,1046.4076,-30125.93,1.04
6860,46.0,1074.6582,-30700.9,1.09
6861,44.64,1020.908,-25522.7,1.18
6862,28.72,1024.2451,-27636.96,1.33
6863,40.52,1072.2121,-26805.3,1.14
6864,42.4,1009.293,-27267.07,0.99
6865,50.64,1012.2492,-25306.23,0.94
6866,41.16,1032.9578,-31726.23,1.07
6867,48.12,1014.3593,-27307.1,0.76
6868,57.2,1130.2809,-28257.02,0.96
6869,59.8,1046.4108,-26160.27,1.62
6870,55.08,1032.4258,-25810.65,1.18
6871,60.24,1006.0896,-25152.24,0.94
6872,46.04,1044.0915,-26102.29,1.15
6873,48.88,1027.2318,-25680.79,1.56
6874,43.84,1011.902,-25297.55,1.43
6875,46.88,1063.1418,-28551.34,1.14
6876,46.64,1017.1266,-25428.17,0.91
6877,43.92,1188.3232,-29708.08,1.16
6878,40.36,1057.8988,-26447.47,1.33
6879,56.52,986.9166,-24672.92,1.1
6880,42.36,1058.6134,-26465.34,1.33
6881,49.84,1118.2966,-29994.9,1.3
6882,63.32,1005.6116,-27104.08,1.22
6883,58.96,1047.9623,-26199.06,1.47
6884,54.56,982.5402,-26587.76,1.52
6885,32.72,1031.9883,-25799.71,1.49
6886,57.68,1010.1131,-25252.83,1.72
6887,46.4,1024.3529,-29555.73,1.19
6888,44.84,1072.7324,-26818.31,1.57
6889,44.88,1050.9834,-26274.59,1.64
6890,43.68,1015.0233,-25375.58,1.2
6891,36.96,999.6682,-24991.71,1.12
6892,37.88,1035.9258,-25898.15,0.88
6893,53.32,1188.4792,-31749.21,1.36
6894,46.6,1053.8327,-26345.82,1.39
6895,35.8,1029.3765,-25734.41,1.12
6896,50.12,1048.7768,-28247.28,1.26
6897,25.04,1019.985,-27448.7,1.33
6898,61.0,1361.6292,-35664.14,0.8
6899,41.56,995.6857,-24892.14,1.12
6900,46.0,965.8118,-24145.29,0.72
6901,55.04,1031.084,-25777.1,0.95
6902,42.32,1001.2579,-25031.45,1.24
6903,41.24,982.93,-24573.25,1.02
6904,37.72,1043.0866,-28114.89,1.17
6905,47.16,1024.4849,-25612.12,1.11
6906,48.28,976.626,-24415.65,1.27
6907,50.12,1055.9693,-28357.37,1.07
6908,43.12,976.1103,-26426.67,0.86
6909,34.4,963.0388,-24075.97,0.75
6910,45.32,1032.5153,-27778.58,0.83
6911,47.28,1017.755,-25443.88,0.81
6912,41.28,1009.5674,-25239.19,1.18
6913,61.08,1058.7861,-26469.65,0.95
6914,44.8,1024.8408,-25621.02,1.12
6915,38.56,998.9312,-24973.28,0.83
6916,38.32,971.6831,-24292.08,0.89
6917,59.32,1022.3361,-25558.4,1.09
6918,54.6,1003.6179,-25090.45,0.96
6919,58.16,1056.3338,-28259.44,1.37
6920,21.12,1014.3835,-27377.76,0.99
6921,27.08,981.1628,-26548.61,1.18
6922,32.2,1006.4608,-27185.8,0.91
6923,40.88,991.0138,-24775.35,1.0
6924,58.76,1024.4798,-29596.61,0.92
6925,46.32,1035.0484,-29803.88,0.97
6926,52.28,1046.0151,-26150.38,1.16
6927,46.32,1045.9757,-26149.39,0.87
6928,28.76,1015.7506,-27416.01,1.0
6929,53.28,1041.7472,-28003.65,1.14
6930,57.56,1056.9224,-26423.06,0.9
6931,42.64,1051.7424,-26293.56,0.89
6932,49.76,978.018,-26487.79,0.85
6933,57.2,1002.2288,-27051.87,0.8
6934,40.28,985.7517,-24643.79,0.87
6935,54.8,991.7212,-24793.03,0.9
6936,51.68,1048.819,-26220.47,0.98
6937,28.2,1029.4634,-25736.58,1.18
6938,54.28,1004.839,-25120.98,0.85
6939,58.2,1056.2648,-26406.62,0.91
6940,41.88,1036.9029,-25922.57,0.91
6941,46.96,984.1966,-26623.52,0.79
6942,50.76,1015.501,-29404.61,1.18
6943,55.76,1023.7552,-25593.88,1.07
6944,26.36,1020.7609,-27545.63,1.26
6945,42.32,1030.5464,-27730.21,0.89
6946,24.84,1017.3222,-25433.06,0.99
6947,46.88,1041.2458,-28053.45,0.88
6948,51.12,1053.1323,-28304.73,0.94
6949,45.36,987.8036,-24695.09,1.13
6950,51.0,1021.0724,-27555.24,0.99
6951,24.16,999.1629,-26978.41,1.0
6952,57.64,1065.3508,-26633.77,0.87
6953,54.04,1074.4458,-26861.15,1.43
6954,44.96,1054.2026,-28383.5,0.96
6955,48.44,1003.0227,-29068.59,0.91
6956,47.68,1028.03,-29347.6,0.99
6957,55.44,1060.9861,-28489.84,1.07
6958,53.16,1006.5664,-27201.88,0.86
6959,44.16,1021.2553,-31602.33,1.05
6960,28.32,1003.8134,-27126.76,1.31
6961,48.04,1049.69,-26242.25,1.13
6962,45.32,1066.6624,-28598.63,0.71
6963,43.16,1035.4822,-25887.06,1.25
6964,48.96,1044.6951,-28092.42,1.26
6965,45.6,1134.9649,-28374.12,0.95
6966,47.96,1009.6084,-25240.21,1.04
6967,31.4,1026.3432,-25658.58,1.17
6968,57.44,1034.4219,-29774.37,1.26
6969,23.16,1012.029,-29335.82,1.39
6970,39.0,1002.1573,-27077.57,1.28
6971,23.52,995.242,-28920.75,1.23
6972,40.6,1035.6228,-35737.82,0.84
6973,55.8,1032.1125,-29861.99,1.22
6974,47.0,1014.6071,-27388.49,1.25
6975,54.28,1041.3049,-29929.0,1.51
6976,51.4,1008.3101,-29212.92,0.95
6977,41.4,1008.0414,-25201.03,1.05
6978,28.36,1014.345,-29281.97,1.11
6979,44.96,993.8286,-28886.48,1.03
6980,50.4,1000.3372,-29045.6,0.84
6981,49.52,1003.2924,-25082.31,1.33
6982,56.4,1060.6865,-28523.1,1.15
6983,46.64,1051.5018,-26287.54,0.96
6984,26.24,1008.3554,-29262.89,1.11
6985,31.88,1016.7726,-25419.32,0.91
6986,30.08,992.5673,-30832.77,0.85
6987,25.84,1002.6178,-27065.29,0.8
6988,52.8,1073.2407,-30799.36,1.12
6989,46.24,1113.6027,-27840.07,1.11
6990,49.32,1097.9892,-27449.73,1.07
6991,41.16,1088.3871,-29095.03,0.91
6992,48.96,1057.0318,-28373.81,0.84
6993,35.76,1038.454,-25961.35,0.97
6994,49.16,1014.3267,-25358.17,0.76
6995,49.36,990.4863,-28823.5,1.09
6996,46.32,981.6408,-28478.03,0.92
6997,47.52,980.657,-24516.42,0.97
6998,51.28,1044.1946,-26104.87,0.92
6999,31.6,975.0439,-24376.1,0.81
7000,41.28,981.668,-26561.32,0.82
7001,39.52,1035.8425,-25896.06,0.84
7002,21.96,976.6316,-28476.62,0.89
7003,30.68,1027.233,-31556.93,1.17
7004,51.8,1014.025,-29375.15,1.23
7005,53.12,989.619,-28797.14,1.01
7006,60.2,1020.5646,-25514.12,0.82
7007,53.72,976.4473,-24411.18,0.69
7008,59.72,1078.7037,-26967.59,0.97
7009,48.84,1381.2114,-34530.28,1.14
7010,49.44,1010.3515,-29237.52,0.76
7011,46.32,1166.6698,-29166.74,0.92
7012,59.48,966.46,-24161.5,0.72
7013,53.84,1404.7942,-36698.26,0.9
7014,45.96,991.5108,-26790.21,0.98
7015,44.12,1052.842,-26321.05,1.25
7016,49.6,1023.9686,-27529.23,0.89
7017,45.4,1032.0705,-25801.76,0.96
7018,60.16,1091.3232,-27283.08,0.89
7019,50.72,1319.4193,-34653.92,0.89
7020,50.96,1038.0094,-25950.24,1.07
7021,38.72,964.6281,-28190.55,0.98
7022,51.2,965.0779,-26163.96,0.82
7023,40.52,1033.4912,-25837.28,0.78
7024,50.16,1014.6818,-27350.36,0.88
7025,37.56,1142.9804,-30425.6,0.82
7026,41.36,1012.9753,-25324.38,0.88
7027,34.4,1001.8946,-25047.36,1.0
7028,41.72,1057.6488,-26441.22,0.95
7029,29.44,997.2354,-26942.33,0.96
7030,37.6,975.8252,-24395.63,1.05
7031,48.8,1376.2681,-34406.7,1.02
7032,46.6,1051.4079,-26285.2,0.77
7033,53.12,1040.629,-26015.72,1.09
7034,49.36,1052.5273,-26313.18,1.14
7035,55.64,1024.4642,-27600.32,1.06
7036,45.24,995.6646,-24891.62,0.95
7037,45.56,1144.0134,-28600.34,0.92
7038,34.6,990.8989,-24772.47,1.16
7039,49.0,974.433,-26389.6,0.92
7040,24.4,970.3116,-26290.85,0.91
7041,56.4,995.9723,-24899.31,0.9
7042,50.96,1068.2106,-26705.27,0.83
7043,42.16,1150.6156,-28765.39,0.76
7044,48.16,1055.3086,-26382.71,1.1
7045,53.76,970.2651,-24256.63,1.02
7046,57.0,962.7342,-26105.63,0.67
7047,46.72,1034.7676,-25869.19,0.78
7048,46.88,1036.2956,-27871.14,0.74
7049,62.32,1014.7193,-25367.98,0.73
7050,44.88,1048.8064,-26220.16,0.78
7051,55.8,1000.3907,-25009.77,0.91
7052,59.4,1011.2596,-25281.49,0.96
7053,37.08,1033.7077,-25842.69,1.24
7054,33.88,1022.6139,-25565.35,0.98
7055,38.36,1237.0492,-30926.23,1.27
7056,42.88,1038.9686,-25974.22,0.68
7057,39.6,978.9582,-26435.74,1.2
7058,50.04,1097.0709,-29324.46,0.82
7059,30.6,1013.5385,-25338.46,1.12
7060,43.76,1031.4035,-27754.08,0.84
7061,57.16,1066.7286,-26668.22,0.89
7062,47.28,1366.6147,-35782.42,0.77
7063,43.96,1059.0079,-26475.2,0.8
7064,51.36,1198.1371,-31751.0,0.77
7065,42.44,1033.047,-27793.14,0.93
7066,36.6,982.4239,-24560.6,0.84
7067,41.36,981.199,-24529.97,0.82
7068,47.72,965.8059,-24145.15,0.83
7069,45.6,1026.4474,-25661.18,0.86
7070,45.4,997.1759,-24929.4,0.77
7071,64.6,994.7999,-24870.0,1.12
7072,48.84,1050.5466,-26263.67,0.85
7073,34.72,1040.7152,-27975.28,0.79
7074,36.72,1011.4857,-25287.14,0.79
7075,55.72,978.9972,-24474.93,1.22
7076,52.8,1022.0845,-25552.11,1.15
7077,54.56,1029.8558,-25746.39,1.64
7078,40.68,964.6876,-24117.19,1.2
7079,54.88,1130.509,-28262.72,1.01
7080,53.0,1064.6248,-26615.62,1.17
7081,42.76,976.1884,-24404.71,0.82
7082,37.32,1038.798,-25969.95,1.22
7083,66.44,1094.1746,-27354.36,1.11
7084,39.16,1055.0179,-26375.45,0.92
7085,53.08,974.8808,-24372.02,1.76
7086,36.0,1014.6116,-25365.29,1.47
7087,52.04,983.9204,-24598.01,1.06
7088,56.0,1054.8262,-26370.65,1.09
7089,49.88,1035.6213,-25890.53,1.64
7090,47.64,1032.989,-27788.82,1.01
7091,40.28,1018.1775,-27436.95,0.97
7092,56.64,1002.9523,-25073.81,0.9
7093,47.2,977.6387,-26464.68,0.84
7094,26.24,981.6052,-24540.13,1.14
7095,57.08,986.9057,-26684.96,0.91
7096,59.36,1061.1281,-26528.2,0.97
7097,42.16,1016.9954,-25424.89,1.59
7098,38.72,1017.0493,-25426.23,1.14
7099,51.92,1060.1372,-30392.02,0.74
7100,58.56,1377.8321,-34445.8,0.76
7101,51.04,1033.3699,-27857.95,0.81
7102,59.56,1036.5896,-25914.74,0.91
7103,50.12,1003.3529,-27107.03,0.84
7104,46.2,1074.5986,-26864.96,1.03
7105,51.08,1051.7776,-28318.31,0.95
7106,41.72,1176.0888,-29402.22,1.1
7107,65.72,990.9231,-24773.08,0.88
7108,58.92,1003.8494,-29127.77,0.91
7109,40.72,1037.6188,-25940.47,0.74
7110,60.72,1089.6776,-27241.94,0.77
7111,61.64,963.1779,-24079.45,0.82
7112,29.12,1002.9172,-29063.97,0.79
7113,58.48,1035.9864,-25899.66,1.0
7114,44.96,1017.8339,-25445.85,0.73
7115,54.24,976.3451,-24408.63,0.74
7116,27.72,971.6725,-28350.88,0.85
7117,47.44,1032.2106,-25805.27,0.88
7118,46.88,985.726,-24643.15,0.87
7119,45.0,1072.6906,-26817.26,0.91
7120,65.96,995.3116,-24882.79,0.71
7121,50.32,1031.4178,-25785.45,0.72
7122,54.76,1393.7593,-34843.98,0.8
7123,44.96,967.0168,-24175.42,0.67
7124,42.12,1022.0999,-25552.5,0.92
7125,43.2,1050.737,-26268.43,0.86
7126,49.4,961.8732,-24046.83,0.84
7127,38.64,1033.0627,-27854.01,0.73
7128,57.84,1020.4659,-27535.9,0.77
7129,50.44,977.6002,-24440.0,0.71
7130,39.72,1041.2072,-26030.18,0.9
7131,55.32,1018.0826,-25452.07,0.7
7132,61.52,989.61,-24740.25,0.84
7133,50.12,1058.5063,-26462.66,0.82
7134,45.4,1023.8593,-25596.48,0.77
7135,49.36,1054.925,-26373.13,1.03
7136,43.72,988.9142,-24722.85,0.74
7137,55.4,1060.8745,-30449.29,1.23
7138,53.92,1055.4721,-28329.86,0.84
7139,51.88,1014.0452,-25351.13,0.95
7140,43.48,1077.5722,-28857.66,0.89
7141,40.88,1025.0617,-29601.34,0.76
7142,48.04,983.402,-24585.05,0.78
7143,35.96,983.3862,-24584.66,0.71
7144,60.92,1138.9298,-28473.24,0.9
7145,49.16,977.3943,-26457.5,0.89
7146,44.52,982.6308,-24565.77,0.78
7147,56.88,1038.0104,-25950.26,1.01
7148,34.08,997.682,-24942.05,0.76
7149,46.88,983.2596,-28566.21,0.74
7150,34.0,1018.3576,-25458.94,0.95
7151,57.68,982.111,-24552.78,0.98
7152,39.8,1042.9252,-28070.44,0.94
7153,55.64,975.9002,-24397.51,1.01
7154,46.16,1032.5986,-31800.72,1.08
7155,38.76,975.747,-42609.23,0.74
7156,40.96,1025.0855,-29541.31,1.08
7157,48.0,978.9208,-24473.02,0.88
7158,46.24,991.1576,-26709.88,1.09
7159,48.28,1051.5055,-26287.64,1.03
7160,45.68,1076.4626,-36646.22,1.25
7161,31.4,1000.7222,-31011.07,0.87
7162,46.8,1060.7336,-30306.11,1.18
7163,49.36,1005.6702,-33150.86,1.12
7164,46.8,984.2077,-28653.33,1.16
7165,48.56,1033.3871,-35577.11,1.03
7166,46.84,1034.768,-33758.66,0.74
7167,43.8,1018.3893,-31390.03,1.09
7168,30.2,1028.9099,-31581.65,1.1
7169,43.84,1004.8266,-31117.14,1.03
7170,40.6,1108.1446,-31637.96,1.11
7171,44.44,1029.3256,-31586.29,1.07
7172,42.92,1033.3226,-31799.74,1.16
7173,44.76,984.592,-32691.45,1.15
7174,60.16,996.2199,-30925.16,0.77
7175,44.4,1029.7129,-25742.82,1.06
7176,56.92,1407.6238,-36770.32,0.69
7177,46.84,1038.7623,-33829.39,1.13
7178,58.24,1004.7663,-25119.16,1.08
7179,38.56,967.2364,-24180.91,0.8
7180,39.56,1043.3833,-28047.91,1.01
7181,47.2,1046.3977,-33773.49,1.15
7182,55.32,1023.3716,-25584.29,1.15
7183,47.56,986.1635,-24654.09,0.78
7184,47.64,1040.747,-27986.93,0.87
7185,48.4,1185.7848,-31591.7,0.78
7186,50.96,1041.8159,-28012.93,0.72
7187,44.64,1047.477,-26186.92,0.9
7188,39.12,1029.1452,-27736.53,1.07
7189,40.88,1045.5184,-26137.96,0.95
7190,56.92,991.4276,-26794.88,0.91
7191,40.04,1004.6139,-25115.35,0.82
7192,43.04,1050.596,-32100.05,0.8
7193,53.88,1010.9573,-25273.93,0.75
7194,51.4,1015.7156,-25392.89,0.74
7195,54.8,978.4344,-24460.86,0.76
7196,55.32,966.5613,-26200.57,0.87
7197,47.32,1106.6022,-27665.06,0.79
7198,45.12,995.8401,-24896.0,0.95
7199,39.32,997.9707,-24949.27,1.24
7200,39.96,1036.4372,-29884.54,0.93
7201,47.92,1019.72,-27460.35,0.93
7202,54.16,1032.4288,-25810.72,0.96
7203,52.64,1402.4653,-36641.24,0.76
7204,58.8,974.949,-26351.77,1.08
7205,26.0,997.2288,-26932.47,0.78
7206,51.48,1040.0303,-28001.4,0.86
7207,41.64,1008.9064,-27225.04,0.94
7208,52.0,1139.8194,-30471.55,0.82
7209,48.92,1058.8904,-28403.14,0.76
7210,39.92,1006.6502,-25166.26,0.86
7211,54.36,1013.1064,-25327.66,0.77
7212,48.04,1034.6227,-31872.08,0.97
7213,54.24,1017.8071,-29207.56,1.11
7214,38.48,1063.0791,-28577.7,1.06
7215,47.64,1035.3472,-29852.97,0.99
7216,49.8,1139.8807,-28497.02,1.13
7217,41.68,1013.9998,-33364.96,0.93
7218,44.52,981.7699,-30597.53,0.75
7219,48.36,1006.7815,-29153.19,1.17
7220,51.28,1063.385,-28518.91,1.01
7221,34.76,1044.2391,-30020.89,1.35
7222,41.64,1038.135,-27977.6,1.29
7223,41.04,1015.6884,-31382.63,1.0
7224,57.36,1046.0713,-30068.72,0.94
7225,61.36,999.4097,-24985.24,0.97
7226,50.6,1136.173,-30261.67,1.09
7227,51.8,1211.4407,-31967.43,1.07
7228,45.0,1016.8952,-25422.38,0.92
7229,48.2,1018.1992,-27393.25,1.05
7230,37.72,1000.3113,-29002.07,1.05
7231,22.68,1111.6305,-29640.83,0.94
7232,62.16,1038.4831,-25962.08,1.0
7233,32.56,1061.4511,-30491.25,0.7
7234,40.88,1031.072,-25776.8,0.91
7235,22.6,997.6144,-28943.7,0.94
7236,44.2,1016.3957,-25409.89,0.87
7237,36.52,1033.8965,-27465.59,0.88
7238,45.24,995.4258,-26890.85,0.81
7239,44.88,1096.8484,-27421.21,1.01
7240,33.92,979.9441,-24498.6,0.87
7241,54.12,1002.1152,-25052.88,0.85
7242,47.76,1032.2981,-31653.81,1.16
7243,38.36,983.0986,-26596.17,0.95
7244,50.2,977.3294,-24433.24,0.81
7245,51.8,1027.2851,-25682.13,1.18
7246,31.76,963.2916,-26119.78,0.82
7247,52.8,977.1821,-26457.47,0.88
7248,42.68,1036.4433,-25911.08,1.1
7249,46.24,984.8268,-24620.67,0.81
7250,32.36,997.9415,-26949.11,0.73
7251,40.48,1009.8091,-31227.52,0.82
7252,51.36,1029.9152,-29720.69,0.82
7253,40.48,1029.4334,-27754.6,0.89
7254,33.28,999.9225,-29002.74,0.84
7255,27.48,991.9267,-26835.86,1.23
7256,52.36,1241.6041,-32788.33,0.74
7257,48.52,1030.6319,-27745.24,1.0
7258,24.36,988.7578,-30618.54,0.99
7259,46.48,980.6518,-26535.21,1.04
7260,48.24,1043.4639,-27980.68,1.04
7261,44.08,1016.3083,-27354.88,0.93
7262,44.48,1056.3428,-26408.57,1.15
7263,44.96,1012.1448,-27294.28,0.82
7264,60.88,1224.7735,-34220.29,0.91
7265,51.64,1014.7854,-25369.64,1.0
7266,53.56,1204.5181,-31886.41,0.8
7267,55.24,1055.2016,-30238.67,0.99
7268,36.6,995.8046,-24895.12,1.1
7269,30.32,1033.7355,-25843.39,1.1
7270,55.88,1028.769,-31588.58,0.98
7271,45.4,979.0324,-26499.83,1.08
7272,23.16,998.6722,-29001.91,1.0
7273,41.0,1233.1859,-30829.65,0.95
7274,52.8,1029.9166,-29751.54,1.12
7275,45.4,981.1613,-26547.74,1.19
7276,34.56,1056.7291,-26418.23,1.01
7277,51.8,1039.8448,-25996.12,1.14
7278,60.24,994.0395,-26859.19,0.92
7279,28.76,998.109,-24952.73,0.79
7280,48.2,984.0337,-26620.56,0.71
7281,53.76,985.4866,-28673.54,1.14
7282,29.96,1082.1192,-30744.62,0.9
7283,53.52,1068.4491,-32566.96,0.94
7284,45.4,1085.229,-32935.06,0.98
7285,47.32,998.7324,-33028.02,1.15
7286,29.08,1081.1039,-33024.73,1.19
7287,53.48,1008.6646,-38943.01,0.85
7288,56.2,1053.927,-34083.19,1.17
7289,43.2,1044.8928,-26122.32,1.2
7290,35.28,1027.8842,-25697.1,1.32
7291,47.12,1057.5992,-30429.24,1.22
7292,50.96,1072.2539,-40464.57,1.16
7293,54.92,1045.6214,-36047.46,1.22
7294,52.8,1054.8407,-34149.87,1.17
7295,59.48,1033.8382,-37681.39,1.17
7296,52.6,1051.0266,-32283.34,0.93
7297,60.2,985.0653,-48809.36,0.77
7298,51.72,1187.3671,-31518.5,0.89
7299,26.04,984.791,-24619.77,0.91
7300,57.08,1006.8508,-35218.5,1.34
7301,50.88,1027.5456,-45633.2,1.17
7302,58.52,994.812,-30884.45,1.01
7303,54.8,1034.167,-37800.66,1.25
7304,54.28,1047.0755,-37310.63,1.17
7305,47.56,1037.572,-25939.3,1.03
7306,73.76,1015.935,-31461.95,1.17
7307,54.68,1107.3348,-52694.51,1.25
7308,52.88,1009.073,-43202.67,1.1
7309,58.84,987.6778,-51048.91,0.98
7310,72.28,1014.6206,-55088.59,1.3
7311,48.0,1055.4422,-50062.67,1.08
7312,59.48,1038.7434,-33938.02,1.21
7313,57.0,1022.2611,-35542.55,1.32
7314,43.96,1057.7868,-41782.92,1.27
7315,51.32,1021.2141,-37481.85,1.22
7316,62.72,1004.2235,-45052.66,1.28
7317,40.28,993.6024,-24840.06,1.19
7318,68.92,1037.2829,-31684.89,1.2
7319,56.84,1046.7756,-50161.05,1.19
7320,51.6,1045.349,-35939.85,1.42
7321,47.64,1181.5827,-39988.88,1.19
7322,63.08,1132.5842,-53794.71,1.07
7323,59.96,1028.2931,-41300.25,1.32
7324,42.2,1060.5912,-47427.26,1.26
7325,48.0,1069.3277,-49645.68,1.25
7326,64.28,1013.7752,-45006.25,1.39
7327,67.52,1016.9221,-51740.0,1.26
7328,49.12,1035.7802,-49247.46,1.31
7329,64.68,1030.9105,-29792.96,1.35
7330,57.64,1056.9026,-49855.44,1.26
7331,51.04,1045.288,-41694.02,1.11
7332,46.28,1023.1231,-39456.35,1.51
7333,52.12,1031.5624,-49484.73,1.19
7334,68.76,999.8346,-45186.74,1.2
7335,50.56,1018.2708,-35438.44,1.17
7336,31.0,1001.0658,-31011.18,1.33
7337,58.52,1030.4283,-41210.11,1.37
7338,61.0,1040.616,-29616.1,1.31
7339,63.0,1072.1673,-46139.91,1.05
7340,35.44,1022.7992,-45120.7,1.32
7341,43.48,1023.771,-39440.32,1.17
7342,65.72,999.7976,-33104.71,1.14
7343,44.24,1005.0339,-39016.86,1.3
7344,56.08,1076.3151,-40429.75,1.24
7345,49.92,1107.7756,-42786.0,1.33
7346,34.84,995.034,-32942.96,1.2
7347,48.68,1052.7992,-34338.9,1.29
7348,67.56,1005.8428,-33207.29,1.28
7349,47.52,1013.8918,-43249.4,1.23
7350,58.8,1049.9255,-36272.45,1.46
7351,65.0,1058.2355,-57505.79,1.08
7352,51.64,1035.5939,-29805.17,1.26
7353,66.68,997.298,-35046.23,1.27
7354,47.16,1002.0377,-44881.93,1.19
7355,60.92,1019.0544,-35467.0,1.26
7356,65.28,1014.4183,-33396.85,1.17
7357,46.88,1036.9452,-35865.35,1.3
7358,52.88,1022.0712,-33625.57,1.2
7359,59.68,1034.4738,-33938.37,1.47
7360,62.96,1014.0226,-25350.56,1.13
7361,51.36,1002.775,-32956.39,1.32
7362,31.96,1001.7277,-25043.19,1.27
7363,37.8,1012.0732,-33348.41,1.23
7364,50.16,1066.888,-26672.2,1.22
7365,60.36,1038.7839,-28001.19,1.35
7366,60.4,1048.822,-42252.44,1.31
7367,38.32,1040.6444,-26016.11,1.09
7368,47.04,1016.465,-33033.51,1.17
7369,29.76,1012.9062,-29216.87,1.28
7370,34.64,1010.8494,-29273.44,1.19
7371,60.6,1026.5458,-43343.77,1.16
7372,50.6,1100.5817,-33492.29,1.2
7373,31.64,1037.828,-27838.63,1.21
7374,37.84,1022.2583,-25556.46,1.22
7375,52.6,1018.9017,-29501.01,1.15
7376,51.72,1045.3502,-26133.75,1.03
7377,45.64,1128.2956,-35582.58,1.07
7378,58.64,1024.7397,-27655.15,1.24
7379,47.0,1008.7349,-33198.26,1.0
7380,41.48,1022.5431,-27582.32,1.41
7381,43.96,1032.1622,-27555.12,1.24
7382,56.48,1083.7063,-30766.64,1.11
7383,41.48,1010.247,-27277.31,1.19
7384,49.28,1093.2552,-31240.01,1.23
7385,54.04,1028.0565,-35519.47,1.1
7386,43.04,1030.6821,-31695.41,1.19
7387,47.24,999.2554,-35063.22,1.1
7388,39.84,1009.8634,-31238.17,1.25
7389,43.28,1045.0776,-28134.21,1.14
7390,54.92,1039.7952,-39845.76,1.22
7391,48.04,1059.8494,-34413.4,1.07
7392,57.28,1153.9481,-32199.1,1.25
7393,58.92,1045.5113,-30067.73,1.23
7394,39.4,1060.4744,-30380.69,0.99
7395,34.96,1013.015,-33324.82,1.06
7396,47.0,1012.5426,-31133.35,1.18
7397,48.04,1033.1026,-33541.61,1.13
7398,48.04,1020.5753,-27505.66,1.25
7399,55.08,1076.6077,-36597.2,1.37
7400,24.64,1066.4843,-35744.93,1.29
7401,34.12,996.002,-36960.52,1.25
7402,40.12,1018.8154,-31456.44,1.05
7403,41.8,1037.2475,-31967.27,1.33
7404,52.04,1029.024,-33788.63,1.13
7405,43.96,1027.8698,-29677.43,1.08
7406,56.32,1238.6234,-38013.35,1.07
7407,54.04,1036.4514,-33776.82,1.2
7408,36.6,1020.1067,-35478.97,1.24
7409,23.76,1004.0645,-37143.15,0.99
7410,43.04,1020.1315,-27447.67,1.3
7411,45.04,1013.1653,-35264.26,1.32
7412,43.92,1002.9705,-38965.96,1.03
7413,53.36,1027.5751,-31563.06,1.16
7414,32.28,1006.7612,-33124.71,1.16
7415,61.12,1000.9074,-33095.66,0.93
7416,41.08,1007.8646,-35175.82,1.21
7417,46.04,1024.3361,-27555.45,1.31
7418,40.2,1024.9333,-31497.99,1.14
7419,52.96,1019.9648,-41326.39,1.2
7420,40.04,1032.9153,-35437.1,1.36
7421,50.48,1038.417,-29947.2,1.24
7422,46.92,1040.9176,-37942.16,1.2
7423,46.4,1118.4549,-33808.12,1.27
7424,55.48,1022.6984,-25567.46,1.0
7425,42.4,992.3251,-28847.73,1.02
7426,61.4,1064.9119,-32551.76,1.16
7427,41.88,1013.8282,-29399.57,1.12
7428,56.28,1096.4009,-35254.76,1.15
7429,25.96,1036.8556,-31874.77,0.99
7430,28.32,1017.3933,-31421.25,1.99
7431,49.52,1031.0436,-27765.4,1.58
7432,56.64,1053.2457,-38200.38,1.01
7433,39.76,1065.8954,-34196.42,1.2
7434,40.56,1122.6273,-33402.39,1.15
7435,47.16,1036.0554,-25901.38,0.98
7436,47.8,1047.1281,-31886.83,1.08
7437,46.84,976.5006,-30512.11,1.32
7438,49.68,1044.905,-33937.34,1.06
7439,45.12,1047.61,-32138.35,1.07
7440,28.88,1039.1289,-33656.67,1.19
7441,51.24,1065.4216,-34398.35,1.11
7442,49.72,1013.3159,-33100.92,1.14
7443,46.96,1035.9976,-25899.94,1.24
7444,44.44,1070.9576,-38268.84,1.21
7445,49.48,1174.7984,-38637.63,1.04
7446,48.24,1040.7471,-31880.45,1.41
7447,50.24,991.6197,-28806.33,1.02
7448,40.04,1038.0803,-31988.9,1.13
7449,54.16,1073.3236,-32856.01,1.22
7450,55.96,1013.903,-29321.92,1.33
7451,50.92,1032.8012,-33642.38,1.13
7452,50.28,1032.382,-31787.88,1.08
7453,41.36,1046.5222,-31379.06,1.29
7454,48.6,1096.3205,-31388.68,1.13
7455,55.76,1141.3989,-37761.7,1.26
7456,42.76,1024.3684,-29622.95,1.39
7457,39.76,997.3456,-30989.61,1.13
7458,49.96,1042.666,-33877.17,1.18
7459,44.0,1005.4096,-33124.37,1.18
7460,46.28,1055.1887,-36078.2,1.36
7461,43.64,1034.377,-27842.62,1.17
7462,64.0,1026.7794,-33691.97,1.09
7463,50.16,1037.5866,-31396.72,1.34
7464,41.88,997.6979,-30849.78,1.38
7465,49.84,1077.2525,-32623.51,1.49
7466,40.52,1021.4048,-27562.18,1.3
7467,50.0,1030.1104,-37549.41,1.34
7468,56.0,1065.0039,-31969.37,1.28
7469,39.2,979.8704,-30555.01,1.17
7470,30.2,1013.5503,-29338.59,1.42
7471,34.32,1012.0212,-27248.88,1.79
7472,49.72,1000.822,-32999.88,1.36
7473,42.0,1044.0657,-37833.08,1.02
7474,57.96,1008.4819,-33229.2,1.0
7475,39.28,1013.6056,-31236.87,1.21
7476,47.96,1012.6776,-29313.29,1.41
7477,40.6,1047.2344,-28140.61,1.4
7478,49.2,1052.1615,-36037.36,1.19
7479,45.92,1101.2388,-29503.99,1.29
7480,28.64,1000.2224,-29032.36,1.2
7481,58.52,993.5783,-30798.24,1.39
7482,29.6,981.2035,-28598.8,1.07
7483,53.52,1066.6996,-32143.28,1.35
7484,27.72,998.3156,-35036.91,1.3
7485,46.76,1064.1516,-38393.58,1.3
7486,44.16,1020.2134,-31434.61,1.15
7487,46.32,1034.834,-35525.29,1.43
7488,50.12,1095.241,-33077.21,1.61
7489,63.48,1024.819,-33569.75,1.24
7490,56.88,1046.3589,-35825.33,1.23
7491,58.0,1036.8884,-29888.79,1.46
7492,45.08,967.1844,-32272.09,1.11
7493,44.76,1048.3567,-33838.76,1.19
7494,51.04,1103.8628,-33406.93,1.28
7495,38.72,1006.4587,-47234.54,1.34
7496,46.0,990.4049,-36848.34,1.2
7497,53.92,1018.9532,-35338.7,1.29
7498,58.24,1013.6228,-39343.89,1.45
7499,57.72,995.8372,-36938.68,0.97
7500,51.88,1039.0764,-37957.15,1.85
7501,53.52,1042.2098,-37866.89,1.7
7502,38.44,985.2292,-40693.68,1.49
7503,46.32,1067.5147,-34435.69,1.65
7504,42.6,986.9355,-40819.02,1.37
7505,48.72,1028.0745,-37635.56,1.62
7506,46.12,1036.1806,-33905.86,1.83
7507,57.32,1045.8237,-39564.21,1.66
7508,50.48,1037.487,-37616.92,1.68
7509,41.84,1044.32,-37664.55,1.45
7510,37.48,1036.6332,-33696.55,1.69
7511,44.04,1003.1255,-35029.0,1.72
7512,50.16,1024.9558,-35577.48,1.62
7513,49.2,1025.2656,-29596.61,1.74
7514,38.92,995.2222,-34978.9,1.7
7515,45.64,1048.4272,-32181.6,1.21
7516,51.6,1030.8492,-35759.69,1.25
7517,47.8,1021.398,-29537.77,1.32
7518,50.48,1017.4458,-31344.12,1.62
7519,54.64,1030.9608,-29748.52,1.34
7520,45.64,1074.8773,-28527.02,1.29
7521,52.92,1016.0993,-29334.52,1.48
7522,43.44,1054.1101,-30323.59,1.18
7523,55.56,1021.278,-31290.71,1.34
7524,50.76,1056.8324,-34171.97,0.97
7525,49.48,1034.4454,-37715.31,1.05
7526,41.16,1044.0529,-26101.32,1.29
7527,47.32,991.6772,-28834.5,1.12
7528,29.68,1043.106,-33764.61,1.14
7529,40.4,1027.5542,-37114.59,1.37
7530,52.08,1046.9969,-35934.75,1.44
7531,52.0,1079.8257,-30827.19,1.75
7532,39.0,1043.0975,-29890.6,1.31
7533,51.92,1010.6843,-27273.63,1.4
7534,46.92,1240.8032,-32754.95,1.18
7535,45.56,1028.6494,-29750.73,1.24
7536,53.08,1000.9779,-30898.6,1.26
7537,58.76,1033.4114,-31774.34,1.1
7538,33.32,1012.8375,-33413.22,0.95
7539,51.16,1036.1153,-27790.34,1.26
7540,56.8,1044.359,-33881.79,1.14
7541,46.28,1035.3574,-33789.04,1.31
7542,50.32,1002.6125,-32948.66,1.33
7543,58.76,1056.1314,-34228.51,1.04
7544,61.48,1107.4142,-35365.83,1.29
7545,52.36,1063.979,-36177.42,1.28
7546,47.6,1041.6856,-26042.14,1.12
7547,51.12,1016.9156,-29466.1,1.27
7548,56.64,1067.1245,-34207.64,1.5
7549,40.68,1120.8234,-43188.06,1.25
7550,49.24,1156.7192,-33891.28,1.13
7551,38.6,1035.0858,-31953.48,1.19
7552,52.48,986.2765,-34744.26,1.23
7553,59.56,1036.8837,-41297.45,1.38
7554,57.84,1045.8934,-41785.91,0.9
7555,53.56,985.3978,-32691.35,1.19
7556,28.16,1018.2975,-27487.71,1.14
7557,51.44,1053.7532,-35728.36,1.38
7558,38.96,1035.6427,-37670.63,0.82
7559,45.88,1018.5878,-39114.81,1.13
7560,23.32,975.1904,-44662.98,1.41
7561,30.4,976.1669,-36407.42,1.09
7562,42.6,1087.149,-33031.5,1.09
7563,49.76,1057.9793,-32212.41,1.15
7564,49.96,1061.8428,-36474.23,1.08
7565,59.28,1040.0273,-35795.94,1.21
7566,36.52,1005.8484,-31056.28,1.47
7567,59.24,1134.2638,-35556.01,1.15
7568,53.52,1011.4458,-31358.66,1.24
7569,36.8,1089.9311,-35021.39,1.14
7570,60.76,1017.6352,-27477.66,0.79
7571,59.4,999.1362,-28991.11,1.09
7572,56.8,1047.464,-27846.98,1.37
7573,50.12,1162.6013,-45540.24,1.06
7574,47.44,1040.5948,-29837.97,0.99
7575,52.24,1129.8226,-34243.33,1.18
7576,59.16,987.6186,-32834.25,1.06
7577,24.44,1076.7206,-45607.93,1.02
7578,46.72,1216.2593,-45511.56,1.13
7579,41.92,1312.7455,-34458.57,1.28
7580,50.92,1016.6654,-27433.11,1.23
7581,56.2,1053.2991,-32178.43,1.46
7582,39.44,1020.7772,-29527.15,1.77
7583,51.56,1033.7286,-31696.28,1.4
7584,44.76,975.143,-28429.5,1.2
7585,53.36,1024.6872,-33449.33,1.13
7586,46.88,1030.1439,-31654.72,0.79
7587,46.08,1049.905,-26247.63,1.11
7588,41.24,993.0643,-28796.82,1.14
7589,37.04,1028.7021,-31776.88,1.11
7590,48.16,1026.1839,-35462.95,1.14
7591,53.52,1075.7208,-28883.46,1.44
7592,24.8,1006.7948,-31075.83,0.98
7593,39.56,1032.2452,-33803.49,1.06
7594,42.32,1004.9602,-31167.52,1.29
7595,39.08,1010.5997,-33200.52,1.25
7596,50.24,981.1238,-28551.52,0.96
7597,46.52,1028.7798,-27673.58,1.1
7598,43.52,1033.117,-35614.36,1.03
7599,39.84,1017.0444,-29446.31,1.13
7600,32.52,1059.4798,-42002.69,1.11
7601,49.24,1006.9709,-31288.89,1.12
7602,53.88,1028.9122,-31763.71,1.05
7603,49.24,1068.5484,-32398.26,1.23
7604,58.16,1025.9635,-29612.74,1.17
7605,36.32,1001.2158,-27060.1,1.19
7606,39.52,1015.9032,-31491.78,1.06
7607,25.88,987.2388,-30742.78,0.9
7608,43.92,1101.1517,-31299.83,1.23
7609,43.0,1036.0563,-29829.13,1.08
7610,25.88,970.7681,-36438.72,0.86
7611,24.64,981.9991,-26569.81,1.08
7612,38.56,989.567,-30798.05,1.22
7613,63.0,1043.7448,-28012.36,1.02
7614,45.2,1028.6521,-29655.08,0.71
7615,55.68,1114.9214,-29705.49,0.89
7616,43.64,1034.9095,-31806.08,1.51
7617,42.36,1048.1406,-26203.52,1.05
7618,56.2,1008.781,-33199.03,1.41
7619,46.68,984.9015,-24622.54,1.01
7620,41.92,977.5453,-32526.16,0.95
7621,48.72,1032.9976,-27816.03,0.91
7622,43.2,982.5546,-28547.84,0.9
7623,40.2,1081.4641,-29014.36,1.35
7624,44.28,1106.3674,-27659.18,0.96
7625,41.16,1033.7884,-29789.3,0.9
7626,58.84,1215.6216,-32167.44,0.93
7627,51.08,968.311,-26243.9,1.27
7628,25.92,1018.8679,-31327.49,1.45
7629,56.84,1239.9234,-32746.91,0.78
7630,46.36,979.5051,-24487.63,1.32
7631,67.92,1015.9793,-27384.9,1.17
7632,38.48,982.8008,-26588.14,0.69
7633,47.28,971.0111,-24275.28,1.21
7634,48.44,1003.591,-27085.83,0.92
7635,42.44,1129.3138,-28232.84,0.85
7636,40.04,1351.3508,-33783.77,1.44
7637,51.24,1015.1503,-27362.22,1.11
7638,57.4,1013.015,-25325.37,1.32
7639,62.88,1004.0712,-29093.81,0.88
7640,43.68,1024.9484,-29557.73,1.14
7641,62.4,1021.9129,-25547.82,1.19
7642,26.48,973.6588,-28395.07,2.05
7643,47.4,1043.5905,-29824.18,1.2
7644,40.24,982.1537,-26572.32,1.08
7645,40.52,983.4053,-26601.81,0.9
7646,50.84,1059.0905,-28422.29,1.23
7647,49.84,1146.1593,-32258.56,0.96
7648,62.24,1075.6601,-26891.5,0.94
7649,33.84,1035.1432,-29802.36,0.94
7650,29.92,1001.6027,-27057.82,1.2
7651,43.32,1004.3856,-25109.64,1.79
7652,62.2,1047.7181,-26192.95,0.77
7653,50.6,1011.2737,-29260.59,1.31
7654,50.52,1237.7439,-30943.6,0.98
7655,43.88,1050.345,-30149.82,1.58
7656,43.24,1005.1561,-27014.42,1.13
7657,61.44,980.2099,-36559.35,1.11
7658,28.16,978.5882,-24464.71,1.03
7659,47.96,1025.5507,-27538.82,1.27
7660,53.64,1008.6482,-29200.3,1.07
7661,39.44,1025.6024,-29584.47,1.15
7662,46.24,981.4908,-26575.18,1.04
7663,52.04,1024.4934,-25612.33,1.22
7664,45.76,1021.2602,-29540.49,0.92
7665,51.64,1092.0866,-27302.16,1.06
7666,57.52,1044.0609,-28044.73,1.09
7667,22.32,1015.1179,-27398.75,1.14
7668,44.16,1096.0947,-31383.73,1.22
7669,57.12,1029.6789,-27748.96,1.39
7670,49.32,1036.4214,-25910.54,1.33
7671,40.32,1033.9075,-27876.18,1.09
7672,37.28,1068.5444,-26713.61,1.02
7673,48.76,965.827,-26180.25,1.58
7674,60.64,1032.5618,-25814.05,1.24
7675,57.28,1020.5639,-25514.1,0.92
7676,51.56,1021.3018,-25532.55,1.01
7677,51.92,1052.8889,-28269.43,0.79
7678,49.52,964.4725,-26149.05,0.8
7679,30.76,1015.9231,-25398.08,1.14
7680,61.2,997.5216,-24938.04,1.34
7681,48.0,964.8,-24120.0,1.7
7682,53.24,1007.9453,-27208.29,1.42
7683,70.76,1004.7544,-25118.86,1.1
7684,40.44,1077.9912,-26949.78,1.12
7685,44.8,1278.9181,-33629.99,0.9
7686,41.72,976.87,-28468.56,1.05
7687,56.6,1014.9332,-25373.33,1.1
7688,60.0,1011.928,-27264.86,1.0
7689,48.4,1024.3533,-25608.83,1.13
7690,46.48,1066.0512,-30614.27,1.14
7691,57.92,1011.629,-25290.73,1.0
7692,45.52,1047.3453,-29806.17,0.91
7693,43.36,1032.494,-27782.35,0.85
7694,52.84,1047.4155,-28134.48,0.72
7695,50.16,1054.39,-28304.53,0.99
7696,28.92,1031.9844,-27763.19,0.91
7697,36.8,1032.3339,-25808.35,1.01
7698,57.08,1021.6228,-25540.57,1.11
7699,50.0,1132.5275,-30177.32,0.87
7700,46.84,1010.0537,-27274.38,1.15
7701,67.48,1059.6757,-28083.22,0.96
7702,50.6,1026.7415,-27657.91,1.18
7703,56.52,1005.5258,-25138.15,0.79
7704,57.24,1009.4177,-29229.68,1.21
7705,39.8,1025.832,-25645.8,1.07
7706,63.4,1013.0685,-35254.47,0.67
7707,47.56,1054.6816,-26367.04,0.9
7708,51.6,1020.0477,-25501.19,0.86
7709,37.24,1041.1589,-26028.97,0.99
7710,60.8,1012.1666,-27326.6,0.93
7711,53.16,1036.6626,-25916.56,0.79
7712,29.16,981.1109,-28514.79,0.72
7713,47.36,1073.7842,-28739.96,0.95
7714,42.68,1102.9982,-29523.9,1.0
7715,45.92,1085.3035,-29156.72,0.89
7716,46.52,1205.4528,-30136.32,0.96
7717,41.4,1026.0938,-27689.57,0.92
7718,59.12,1013.9143,-29385.32,1.18
7719,25.12,1004.2508,-25106.27,1.16
7720,53.84,1025.2847,-29575.31,1.04
7721,48.52,1054.7226,-32186.03,1.15
7722,38.96,1021.3558,-27558.62,0.77
7723,44.64,1182.7738,-29569.34,0.83
7724,59.64,1031.9026,-27744.87,0.96
7725,42.04,977.1838,-28476.59,1.37
7726,53.2,1038.0694,-29829.46,1.08
7727,55.04,1046.3257,-30205.0,1.25
7728,58.56,993.8812,-30894.92,1.15
7729,42.2,1011.0866,-27266.29,1.4
7730,58.28,1001.5522,-27075.61,1.64
7731,54.96,1035.0468,-37631.61,1.21
7732,43.36,1004.1902,-25104.75,0.91
7733,46.96,1008.9369,-35188.09,1.01
7734,42.88,1043.2993,-26082.48,1.02
7735,47.2,987.8244,-26732.83,1.15
7736,41.76,1078.756,-30924.41,1.01
7737,39.32,981.8424,-26564.68,0.93
7738,45.28,1062.5748,-32135.19,1.13
7739,61.44,1123.2547,-28081.37,0.78
7740,52.76,1018.4948,-27479.41,1.12
7741,54.72,1035.1321,-29846.36,1.0
7742,49.44,994.7858,-28883.28,1.09
7743,58.16,977.1379,-28450.82,1.02
7744,47.28,1051.7368,-30302.06,1.23
7745,57.4,1029.9264,-33736.05,1.27
7746,39.76,1022.6087,-25565.22,1.19
7747,43.04,1021.2253,-27554.57,1.11
7748,61.48,998.0753,-26958.76,0.82
7749,55.08,1045.3052,-30059.13,0.92
7750,51.92,988.9279,-26736.05,0.88
7751,47.84,1062.812,-30288.24,1.06
7752,57.72,1050.411,-32209.05,0.96
7753,28.96,1037.0329,-29873.74,1.26
7754,48.08,1099.3368,-29323.02,1.31
7755,42.08,1024.7363,-29564.16,1.05
7756,29.8,1054.2052,-26355.13,0.94
7757,48.52,1070.886,-26772.15,1.16
7758,50.16,993.3673,-24834.18,1.31
7759,61.04,1012.381,-25309.53,0.86
7760,46.36,993.6863,-26861.71,1.05
7761,49.64,1031.6171,-27756.57,1.1
7762,48.48,972.355,-24308.88,1.21
7763,45.68,1090.2324,-27255.81,1.13
7764,45.96,1060.239,-34160.24,1.29
7765,57.36,1069.3388,-28345.79,1.3
7766,44.0,1107.7243,-27693.11,1.38
7767,45.64,1004.7485,-27137.19,1.73
7768,46.44,1036.4004,-25910.01,1.3
7769,63.0,1034.1175,-27842.52,1.41
7770,46.2,990.4427,-26777.0,1.18
7771,51.96,1130.8772,-28271.93,1.14
7772,50.36,1143.0193,-28575.48,1.49
7773,44.92,1141.2577,-28531.44,1.37
7774,51.88,1014.6296,-25365.74,1.25
7775,52.72,987.9022,-24697.55,0.97
7776,43.4,1023.7043,-25592.61,1.0
7777,29.52,1067.4102,-28623.53,1.39
7778,41.08,975.3254,-26409.92,1.09
7779,41.88,1084.4772,-27111.93,1.2
7780,56.0,1030.0969,-27771.4,1.26
7781,35.6,1014.2422,-25356.06,1.13
7782,57.4,1025.9566,-27670.29,1.37
7783,48.84,1013.9285,-29316.44,0.93
7784,52.0,1068.2398,-26705.99,1.12
7785,63.76,1005.2029,-27142.19,1.31
7786,61.44,996.9922,-26962.06,0.98
7787,45.64,985.325,-26649.34,0.97
7788,34.44,990.9558,-24773.89,1.09
7789,27.92,1006.6409,-25166.02,1.29
7790,53.2,1013.1799,-25329.5,1.14
7791,48.16,983.2753,-24581.88,1.07
7792,53.6,1026.4698,-25661.75,1.89
7793,55.72,1052.8648,-28254.88,1.35
7794,46.2,1029.392,-29729.42,0.93
7795,58.44,1001.3762,-28933.86,1.27
7796,47.84,986.5518,-28706.18,1.28
7797,44.44,1061.294,-26532.35,1.05
7798,42.36,988.9861,-24724.65,1.12
7799,62.44,1041.8926,-26047.32,1.02
7800,42.72,1080.2917,-28795.37,1.3
7801,63.8,1010.4705,-25261.76,1.25
7802,60.28,976.9748,-24424.37,1.1
7803,34.2,1034.3694,-25859.23,1.46
7804,51.4,1043.8915,-28118.95,1.35
7805,57.52,1135.1464,-30327.61,1.15
7806,47.72,984.9073,-24622.68,1.12
7807,46.68,983.0266,-26597.08,1.11
7808,53.48,1033.6804,-25842.01,1.04
7809,43.04,967.7822,-24194.56,1.05
7810,52.64,1179.5636,-29489.09,1.09
7811,45.64,1047.8852,-26197.13,1.23
7812,26.68,1000.7646,-25019.12,1.12
7813,28.36,987.6044,-24690.11,1.21
7814,47.16,1051.2978,-30175.45,1.05
7815,55.52,1019.3442,-25483.6,1.15
7816,34.44,1036.0711,-25901.78,1.08
7817,53.48,1022.3264,-27551.47,0.95
7818,58.56,1015.6006,-25390.01,1.58
7819,64.16,1005.7438,-25143.59,1.29
7820,43.72,1020.7857,-25519.64,1.32
7821,58.92,996.7509,-24918.77,1.18
7822,43.08,1021.3832,-27451.56,1.23
7823,39.36,1194.5615,-29864.04,1.31
7824,38.48,1051.1138,-26277.84,1.01
7825,45.84,1056.8141,-26420.35,1.19
7826,57.52,1053.7568,-26343.92,1.36
7827,44.24,1072.8141,-26820.35,1.13
7828,59.96,1105.1299,-27628.25,1.28
7829,54.72,978.5642,-30535.16,0.76
7830,51.24,1068.4411,-28718.52,0.95
7831,56.8,1122.0006,-28050.02,0.92
7832,46.08,1003.4346,-29124.39,0.86
7833,54.12,1120.2853,-28007.13,0.75
7834,44.24,985.6455,-24641.14,0.69
7835,31.48,1056.5413,-30400.99,0.98
7836,41.08,1009.6413,-25241.03,0.95
7837,47.08,1042.9631,-30036.7,1.19
7838,51.24,1039.2074,-25980.18,1.2
7839,39.04,982.624,-24565.6,1.17
7840,47.24,1036.0167,-27864.58,0.64
7841,40.6,973.9804,-24349.51,0.72
7842,57.24,1029.4874,-29648.19,0.93
7843,48.52,1080.615,-29041.11,1.05
7844,35.72,1105.3665,-27634.16,1.41
7845,41.48,1134.7438,-28368.6,1.22
7846,56.8,1067.3342,-26683.35,1.62
7847,57.64,1026.6722,-27689.7,1.41
7848,46.04,1046.9933,-26174.83,1.42
7849,48.32,1052.428,-28257.02,1.8
7850,43.88,1044.7031,-30154.2,1.19
7851,40.68,1011.4544,-27233.44,1.35
7852,47.36,1011.4644,-27251.91,1.53
7853,44.2,1056.301,-28373.79,1.39
7854,52.96,1010.8805,-25272.01,1.22
7855,50.52,1065.9543,-28656.26,1.16
7856,46.88,977.2238,-28476.09,0.82
7857,43.28,1075.2518,-32734.74,1.45
7858,35.8,1027.9415,-27688.56,1.3
7859,44.88,977.3824,-26454.15,1.09
7860,40.36,1032.0305,-25800.76,1.11
7861,40.24,1005.6364,-29140.37,1.34
7862,44.32,1040.4567,-26011.42,1.19
7863,50.56,998.5956,-24964.89,2.28
7864,49.76,1023.5986,-27573.25,1.46
7865,50.32,1042.8523,-26071.31,1.37
7866,51.04,1014.3218,-29313.51,1.57
7867,52.24,1179.5467,-32992.25,1.03
7868,49.72,1061.9114,-26547.79,1.19
7869,26.52,1010.1585,-25253.96,1.25
7870,40.92,983.3943,-24584.86,0.79
7871,46.44,1276.117,-31902.93,0.96
7872,58.36,1021.1977,-27477.53,1.2
7873,51.56,1048.5561,-28161.73,0.88
7874,57.0,1150.8464,-28771.16,0.83
7875,43.0,1076.1828,-28802.63,0.95
7876,45.64,1052.2075,-26305.19,1.22
7877,60.12,1003.4767,-29102.96,0.7
7878,33.16,998.4907,-26711.71,1.06
7879,57.52,1014.0744,-27311.69,0.93
7880,61.72,978.0636,-26487.83,1.05
7881,44.8,1063.4159,-30227.59,0.89
7882,37.32,1297.7567,-34134.45,0.74
7883,44.92,1054.7882,-26369.7,0.91
7884,42.36,1094.8109,-27370.27,1.05
7885,51.84,1076.6078,-26915.2,0.93
7886,53.6,1018.8914,-29409.56,0.94
7887,61.24,1095.2042,-27380.1,1.05
7888,46.16,1051.5153,-26287.88,0.86
7889,52.6,1042.2032,-28071.13,0.8
7890,59.52,997.9978,-26959.28,0.99
7891,34.2,1016.3591,-25408.98,0.98
7892,38.68,1003.7798,-25094.49,0.94
7893,53.04,1141.4138,-28535.34,0.69
7894,45.16,1072.378,-26809.45,1.05
7895,53.6,1015.7659,-25394.15,0.91
7896,56.48,1005.6686,-25141.72,1.27
7897,31.32,1003.7822,-25094.55,1.04
7898,51.28,1141.5436,-28538.59,1.15
7899,53.24,974.841,-24371.02,1.07
7900,39.36,1051.9119,-28245.27,1.02
7901,55.48,1180.5845,-29514.61,1.25
7902,40.96,1045.7098,-26142.74,1.07
7903,48.52,1031.3378,-25783.44,0.96
7904,54.12,1046.6845,-28204.38,0.88
7905,49.68,1079.9962,-26999.91,1.03
7906,36.68,1062.2405,-30459.74,1.02
7907,37.92,1037.7852,-27599.69,0.92
7908,50.12,976.2588,-24406.47,0.71
7909,64.0,1027.924,-27683.61,0.62
7910,47.24,1032.0725,-27771.7,0.75
7911,53.56,962.8903,-24072.26,0.81
7912,58.52,1071.49,-26787.25,1.23
7913,55.36,1027.1819,-25679.55,0.74
7914,41.6,975.3559,-26410.58,1.05
7915,37.08,969.6196,-26270.79,1.0
7916,55.6,963.5446,-24088.61,0.68
7917,49.52,984.58,-24614.5,0.89
7918,51.08,1068.0138,-26700.35,1.0
7919,28.08,966.9019,-26206.02,0.74
7920,44.44,1026.1731,-27628.67,0.86
7921,60.92,1040.1275,-26003.19,0.85
7922,63.76,1032.7434,-27783.95,1.03
7923,63.28,1017.6921,-25442.3,0.83
7924,39.0,1001.771,-25044.28,0.7
7925,39.24,1013.7213,-25343.03,0.86
7926,48.2,1065.5694,-26639.24,0.7
7927,48.4,1065.1527,-26628.82,0.81
7928,48.92,1021.6399,-27517.69,0.76
7929,31.24,1238.8128,-30970.32,1.02
7930,39.6,998.5381,-24963.45,0.81
7931,49.92,1044.7337,-26118.34,0.66
7932,54.96,1012.4097,-25310.24,0.82
7933,41.08,1043.0721,-26076.8,1.03
7934,57.64,1064.8171,-26620.43,0.72
7935,42.32,997.8488,-24946.22,0.84
7936,51.56,1089.6189,-27240.47,0.96
7937,47.4,1043.2082,-28026.3,0.98
7938,49.04,1210.4372,-30260.93,1.04
7939,44.6,1061.7199,-28489.19,0.68
7940,42.0,1001.8512,-25046.28,0.85
7941,39.32,1062.7824,-26569.56,0.86
7942,53.48,1030.3852,-25759.63,0.72
7943,41.24,1013.6411,-25341.03,0.84
7944,59.72,1022.3145,-25557.86,0.82
7945,27.76,991.8568,-24796.42,0.99
7946,45.8,1055.493,-26387.33,1.02
7947,50.72,966.3569,-24158.92,0.79
7948,49.04,1042.7573,-26068.93,1.05
7949,50.08,1046.8138,-26170.35,1.05
7950,27.12,972.8165,-24320.41,1.12
7951,56.84,1028.7018,-25717.55,0.82
7952,33.24,996.9094,-24922.74,0.85
7953,57.52,974.5435,-28340.39,0.97
7954,60.28,1212.4076,-30310.19,0.92
7955,43.84,1006.065,-25151.63,1.08
7956,56.92,986.6892,-28692.94,0.75
7957,58.44,1075.6764,-28718.69,1.19
7958,54.64,1051.8436,-26296.09,0.78
7959,40.96,1138.7076,-28467.69,0.8
7960,43.24,967.8333,-26230.92,0.64
7961,55.52,1095.727,-29292.71,0.91
7962,54.92,1050.959,-26273.97,0.77
7963,41.8,986.8298,-26686.67,0.72
7964,47.16,980.879,-24521.98,0.91
7965,64.12,1057.7147,-26442.87,1.36
7966,58.04,1080.6405,-27016.01,1.13
7967,59.0,1013.847,-25346.17,0.89
7968,39.2,978.6208,-26487.96,0.9
7969,45.52,1143.7606,-30443.07,0.82
7970,60.56,1126.8282,-30138.0,1.1
7971,54.44,993.6806,-26850.0,0.93
7972,42.64,1081.7036,-27042.59,0.95
7973,51.72,1011.3136,-27271.85,0.96
7974,58.88,1361.0832,-35649.96,1.17
7975,25.8,981.89,-28589.54,0.77
7976,41.24,970.542,-24263.55,0.75
7977,38.64,1124.6946,-28117.36,1.01
7978,48.44,965.507,-24137.67,0.8
7979,31.52,971.7529,-24293.82,0.83
7980,49.2,1022.641,-25566.03,0.7
7981,53.76,1032.1556,-25803.89,0.69
7982,32.96,993.182,-26751.97,1.13
7983,27.12,1011.8528,-25296.32,0.94
7984,64.44,965.2398,-24131.0,0.68
7985,23.56,980.9198,-26542.82,0.71
7986,46.44,1058.6992,-28405.52,0.71
7987,40.28,965.4872,-24137.18,0.92
7988,57.8,965.0328,-24125.82,0.77
7989,61.04,987.7328,-24693.32,0.81
7990,40.36,1025.2061,-25630.15,0.85
7991,60.48,1008.291,-25207.27,0.9
7992,48.2,1042.7135,-26067.84,0.98
7993,54.16,1023.1197,-25577.99,0.86
7994,38.08,977.6239,-24440.6,0.73
7995,48.16,1141.1019,-28527.55,1.02
7996,54.04,1000.907,-27050.6,1.09
7997,50.04,1105.5504,-31421.98,1.0
7998,42.36,1017.6581,-29406.19,0.82
7999,55.16,1043.341,-33999.3,1.12
8000,49.36,1013.9339,-27310.35,0.89
8001,60.36,1028.8746,-29358.26,1.13
8002,29.92,1013.8758,-25346.89,1.08
8003,59.16,1029.6544,-27689.0,0.99
8004,40.64,1154.1158,-36222.54,0.89
8005,25.76,1023.506,-29461.63,1.1
8006,34.6,999.3076,-27000.92,0.92
8007,46.48,1007.7265,-27230.39,1.17
8008,53.96,979.1711,-28527.1,0.74
8009,44.2,979.3836,-28530.23,0.82
8010,39.16,1003.7759,-29090.47,0.77
8011,61.24,966.9964,-24174.91,0.76
8012,41.64,982.5596,-26582.39,0.87
8013,43.92,994.1263,-30890.7,0.74
8014,46.24,1079.4837,-30947.15,1.04
8015,43.68,1125.3267,-33728.22,1.07
8016,38.8,1036.9936,-27869.82,1.44
8017,30.4,1013.037,-29076.41,0.9
8018,47.16,1002.736,-35100.42,1.1
8019,42.0,1036.5242,-29840.97,1.0
8020,34.52,995.2156,-32901.0,0.85
8021,60.96,1062.8831,-28509.33,0.97
8022,62.16,1049.8617,-26246.54,0.91
8023,48.24,971.3894,-30393.0,1.23
8024,54.8,1033.3815,-29776.86,1.17
8025,51.84,1074.9172,-28819.09,1.22
8026,56.64,1014.3514,-31273.03,1.18
8027,44.12,1033.0321,-27790.63,0.99
8028,38.6,981.1749,-30584.53,0.86
8029,50.96,1026.6038,-29427.88,1.29
8030,21.36,1056.146,-34015.62,1.07
8031,23.0,1016.1088,-33397.23,0.86
8032,45.76,1029.5242,-31636.03,0.82
8033,46.64,1013.1465,-31240.75,1.2
8034,50.16,1027.7079,-35486.71,1.22
8035,46.92,1284.5581,-32113.95,0.9
8036,39.0,975.0972,-30452.94,0.89
8037,32.24,1021.598,-31395.43,1.02
8038,50.2,1048.5852,-30230.71,1.12
8039,54.6,1119.7906,-29836.73,1.44
8040,48.16,1021.3353,-27479.61,1.41
8041,61.76,1040.8023,-30050.84,1.29
8042,46.88,1039.3921,-27955.63,1.45
8043,45.24,1058.3836,-33731.18,1.16
8044,52.16,1020.795,-25519.88,1.28
8045,40.2,973.7898,-26378.62,1.36
8046,45.2,1054.4297,-26360.74,1.21
8047,48.64,998.8776,-26932.45,1.46
8048,63.68,1079.6599,-28806.57,1.44
8049,46.28,1005.4342,-27127.27,1.52
8050,43.6,978.1336,-32540.67,1.39
8051,52.72,1069.134,-30676.55,2.3
8052,24.24,1114.4876,-31468.46,1.5
8053,27.84,1017.3975,-25434.94,1.35
8054,39.0,1024.0622,-31327.34,1.38
8055,44.32,1054.938,-26373.45,1.71
8056,32.08,1017.4123,-31429.7,1.35
8057,42.64,1049.8651,-28184.43,1.26
8058,36.04,1024.5283,-27651.02,1.24
8059,44.52,1015.3354,-27402.08,1.0
8060,37.16,975.7755,-26422.57,0.9
8061,54.48,1004.0284,-31111.33,1.33
8062,43.96,1048.8483,-28164.43,1.12
8063,43.52,1026.349,-31621.81,1.12
8064,32.8,983.9052,-26617.14,1.23
8065,41.24,1011.2473,-27280.34,1.03
8066,42.92,1099.0356,-31313.81,1.04
8067,55.64,1047.4327,-26185.82,0.88
8068,48.44,1028.5245,-25713.11,0.78
8069,49.84,1111.881,-27797.02,0.8
8070,54.48,977.0877,-24427.19,0.91
8071,43.2,1038.7452,-25968.63,0.89
8072,39.28,1021.1782,-27503.18,0.99
8073,51.56,1036.0514,-29795.17,1.17
8074,47.72,1037.7674,-25944.19,1.72
8075,51.68,1026.5181,-27692.32,1.59
8076,52.2,1103.791,-29458.49,1.43
8077,53.84,1327.7565,-34791.63,0.84
8078,37.56,1012.3733,-25309.33,1.34
8079,68.16,965.117,-24127.93,0.91
8080,39.64,1031.9594,-31845.53,0.97
8081,53.6,1035.768,-25894.2,0.96
8082,32.72,996.595,-26917.79,1.04
8083,48.68,1137.8381,-30278.93,1.04
8084,44.16,1008.0402,-25201.01,1.06
8085,46.56,1082.1885,-28937.91,0.99
8086,49.24,987.843,-26719.84,1.3
8087,39.76,965.4727,-28206.38,1.18
8088,53.72,1069.2642,-28661.83,1.06
8089,52.4,1022.1524,-31485.05,1.11
8090,53.68,1144.0383,-30545.04,1.29
8091,54.0,1038.2623,-27920.79,1.09
8092,50.36,1058.1367,-28488.04,1.13
8093,44.64,1055.9985,-26399.96,1.39
8094,38.52,993.2377,-28814.09,1.46
8095,39.32,1100.667,-27516.67,1.48
8096,30.72,992.5683,-28453.22,1.12
8097,49.96,1062.0156,-30523.64,1.51
8098,42.4,1115.9903,-27899.76,1.3
8099,63.68,1020.7548,-25518.87,1.94
8100,52.96,969.4204,-24235.51,1.51
8101,39.12,1059.7257,-28430.03,2.29
8102,58.56,1060.998,-28460.57,1.46
8103,38.76,981.9329,-26568.28,1.37
8104,44.08,993.0517,-24826.29,1.31
8105,38.4,985.2052,-26647.67,1.33
8106,42.24,1321.4118,-36367.05,1.06
8107,59.44,1065.0482,-26626.2,1.12
8108,43.24,976.6459,-26438.96,1.15
8109,30.16,996.6375,-26916.51,1.61
8110,38.44,1000.3089,-29009.6,1.11
8111,55.92,1055.5035,-28405.95,1.17
8112,60.68,1044.8689,-28070.77,1.28
8113,56.04,1037.3111,-29905.27,1.1
8114,42.52,985.1857,-26648.08,0.93
8115,45.68,1024.7556,-29685.19,1.37
8116,33.44,965.8928,-24147.32,1.22
8117,36.4,1001.2034,-31033.2,1.23
8118,43.92,1040.3975,-26009.94,1.24
8119,47.88,1060.7595,-28452.62,1.23
8120,45.8,983.811,-28632.02,1.15
8121,45.32,1032.9726,-25824.31,1.4
8122,48.4,998.9336,-26969.54,1.82
8123,50.24,1005.3793,-25134.48,1.66
8124,58.04,1059.1031,-26477.58,1.12
8125,51.68,985.6726,-26677.48,1.36
8126,39.16,1023.833,-29595.8,1.19
8127,35.8,1027.4881,-27659.84,1.19
8128,44.32,982.4408,-24561.02,1.26
8129,43.4,999.9393,-24998.48,1.2
8130,55.2,1034.9277,-25873.19,1.24
8131,59.4,1012.8568,-29310.27,1.27
8132,23.56,1033.7714,-25844.28,1.29
8133,62.36,991.6455,-24791.14,1.24
8134,45.76,980.1835,-26527.82,0.78
8135,47.2,1048.5606,-26214.01,0.84
8136,35.64,1034.1446,-25853.61,0.97
8137,50.64,1129.9644,-30242.38,1.17
8138,36.16,1236.8012,-32671.09,1.35
8139,25.16,981.8964,-24547.41,1.17
8140,48.64,1035.8782,-25896.95,0.94
8141,49.92,1047.9028,-26197.57,1.37
8142,54.88,1050.8014,-28219.05,1.13
8143,46.8,1051.2455,-26281.14,1.18
8144,48.52,1033.7448,-25843.62,1.13
8145,28.8,1060.0697,-26501.74,1.59
8146,34.12,1002.5382,-27060.48,1.53
8147,57.44,1040.2394,-26005.98,1.66
8148,60.8,1055.8808,-26397.02,0.97
8149,41.88,981.8754,-24546.88,1.17
8150,54.72,1139.6049,-28490.12,1.46
8151,58.96,1013.2324,-25330.81,1.28
8152,45.28,1208.0407,-32149.4,1.29
8153,51.84,1003.0298,-25075.74,1.25
8154,37.6,973.0925,-26355.84,1.27
8155,44.12,997.4953,-24937.38,1.22
8156,58.8,965.4836,-26174.64,0.83
8157,33.76,1028.0406,-25701.01,1.31
8158,45.6,1047.4993,-26187.48,1.17
8159,39.12,1051.8796,-32132.46,1.18
8160,41.2,1035.4475,-27851.4,1.03
8161,56.48,1058.5728,-28401.54,1.44
8162,59.72,1006.9539,-29159.82,1.29
8163,52.0,1062.3024,-30379.6,1.26
8164,62.96,1050.2652,-28205.95,1.08
8165,50.68,1043.7769,-26094.42,1.45
8166,49.84,990.098,-24752.45,1.42
8167,47.2,1069.5829,-26739.57,1.61
8168,66.52,1034.9059,-29677.87,1.93
8169,43.64,1031.0156,-29654.8,1.86
8170,55.0,1039.3513,-27930.92,2.45
8171,55.48,963.2753,-26119.16,1.16
8172,47.36,1013.9174,-27363.74,1.37
8173,25.6,1003.356,-25083.9,1.19
8174,45.16,1032.4648,-27818.57,2.26
8175,47.76,1051.8883,-35987.25,1.85
8176,25.72,983.5334,-26608.84,1.61
8177,40.68,1006.2914,-25157.29,1.49
8178,48.48,1016.2287,-27428.98,1.48
8179,48.84,1017.0664,-27417.42,1.95
8180,54.64,998.2035,-26961.6,1.74
8181,51.04,1050.6337,-30157.12,1.66
8182,38.28,1079.2486,-36418.64,1.92
8183,62.76,996.9974,-28940.09,1.4
8184,46.72,1227.6323,-34608.41,1.25
8185,49.08,1032.2928,-27773.76,1.48
8186,38.24,1022.6991,-31488.17,1.86
8187,42.4,991.6019,-30829.94,1.85
8188,56.36,1027.1557,-31592.47,1.3
8189,44.08,999.2405,-27016.41,1.48
8190,50.72,1014.0149,-29412.63,1.49
8191,60.4,1036.6452,-27871.64,1.14
8192,35.72,976.686,-26439.91,0.8
8193,43.72,1190.7614,-31636.64,1.02
8194,35.24,968.327,-32339.14,0.73
8195,23.96,970.7617,-32391.88,0.9
8196,47.56,1001.1031,-25027.58,1.28
8197,38.96,994.8712,-32933.52,1.1
8198,56.96,1025.5859,-29526.33,1.26
8199,39.96,1112.7524,-35380.1,1.18
8200,42.32,1035.561,-25889.02,1.08
8201,44.64,1331.6495,-34947.11,0.84
8202,54.24,1025.8959,-25647.4,1.02
8203,52.48,1048.1135,-30100.75,0.84
8204,25.72,1057.7994,-32081.69,0.9
8205,52.2,1042.0066,-29960.07,0.78
8206,50.68,1028.3767,-27675.33,0.78
8207,60.44,1031.4485,-29719.22,1.21
8208,50.92,1032.8896,-31752.33,1.04
8209,50.04,1042.4186,-28040.05,1.08
8210,44.36,1038.5007,-29929.75,1.03
8211,41.8,1014.0954,-29411.69,0.9
8212,59.92,968.2638,-24206.59,1.27
8213,58.16,1009.357,-25233.93,0.88
8214,22.12,1015.6035,-31381.18,1.45
8215,56.48,1052.7152,-32148.7,0.85
8216,50.28,1199.9115,-31796.45,0.82
8217,46.32,1083.5784,-29033.84,1.14
8218,53.68,1014.3274,-29350.52,0.91
8219,43.88,990.4294,-26798.29,1.1
8220,54.44,976.377,-32504.12,0.74
8221,49.24,1036.6543,-27935.42,1.09
8222,41.6,983.8074,-26617.16,0.98
8223,51.48,1035.8977,-31789.8,0.85
8224,31.44,1070.0192,-28770.05,1.08
8225,60.76,1055.1003,-28322.59,0.77
8226,50.96,1135.5226,-30362.6,1.18
8227,41.64,1009.0184,-33294.75,0.98
8228,49.24,1076.305,-32679.29,0.81
8229,54.96,1034.2009,-27892.43,1.01
8230,59.88,1083.5673,-31043.74,1.04
8231,28.84,1032.1281,-25803.2,1.05
8232,43.12,1040.5014,-26012.53,0.9
8233,28.4,968.5624,-30312.02,0.8
8234,33.12,989.8325,-28766.37,1.13
8235,26.16,996.7697,-24919.24,1.33
8236,58.2,1105.1603,-29493.54,1.19
8237,31.56,983.6632,-26624.46,0.76
8238,48.48,1012.7918,-29296.2,0.95
8239,62.2,988.7189,-26740.43,1.3
8240,37.84,1019.3401,-25483.5,1.56
8241,57.8,1202.5423,-31851.4,1.21
8242,60.16,1060.1171,-28202.65,1.07
8243,42.24,1011.5217,-27289.63,1.26
8244,36.32,1030.4941,-25762.35,0.79
8245,42.96,1004.6851,-25117.13,1.18
8246,39.96,1071.5326,-30641.4,1.1
8247,35.64,1036.1123,-27850.63,0.89
8248,52.64,1166.8174,-29170.44,0.94
8249,50.96,1028.662,-27700.16,1.08
8250,51.4,1207.1057,-35431.57,0.74
8251,65.84,1011.4247,-25285.62,1.03
8252,43.48,1073.1456,-28454.81,1.05
8253,40.0,1009.0155,-29251.57,0.87
8254,43.52,1007.893,-25197.32,1.0
8255,39.16,1008.0805,-25202.01,0.95
8256,30.28,1028.1254,-25703.13,1.04
8257,36.8,1006.1099,-25152.75,0.96
8258,48.36,1048.9888,-30116.3,0.82
8259,39.2,981.2136,-24530.34,0.93
8260,42.48,1034.954,-27805.67,1.19
8261,56.0,1025.1222,-25628.06,1.0
8262,57.24,1161.7069,-29042.67,0.85
8263,31.56,1035.3045,-31831.24,1.14
8264,41.88,1012.2568,-25306.42,0.76
8265,58.32,1000.7967,-25019.92,0.95
8266,57.56,982.1018,-24552.55,1.02
8267,37.96,995.1502,-26851.08,0.91
8268,62.32,1052.1542,-28241.09,1.15
8269,33.24,1017.46,-27455.11,1.22
8270,57.8,1037.7402,-27908.67,0.94
8271,63.08,1018.4959,-25462.4,0.73
8272,37.16,1047.9906,-26199.76,1.24
8273,61.2,1079.9155,-26997.89,0.88
8274,43.52,980.4875,-24512.19,1.21
8275,55.2,1043.2383,-26080.96,1.2
8276,43.52,1031.9271,-27808.52,1.08
8277,41.16,1025.3297,-25633.24,0.97
8278,40.44,1005.1116,-31194.16,1.35
8279,35.36,1021.8012,-25545.03,1.25
8280,35.72,992.0887,-28796.81,1.95
8281,56.2,1017.3294,-25433.24,2.22
8282,26.2,1030.583,-27763.58,1.53
8283,51.24,1028.0671,-31770.72,1.33
8284,53.08,1034.276,-29847.87,1.56
8285,56.64,1014.8583,-25371.46,2.29
8286,46.04,1062.8476,-28499.13,1.77
8287,60.68,1088.6791,-34616.72,1.96
8288,27.28,987.1006,-28683.51,1.29
8289,55.24,1030.0748,-31582.33,1.79
8290,55.24,1055.5591,-32354.26,1.68
8291,39.96,1049.1667,-34056.77,1.72
8292,58.28,983.6356,-30699.92,1.52
8293,55.8,1026.8012,-31488.36,1.19
8294,54.12,1385.9943,-36249.35,1.73
8295,44.4,1036.1574,-29855.22,1.46
8296,40.76,1026.4449,-27632.62,0.8
8297,53.28,987.3549,-26696.02,0.75
8298,56.52,1060.8321,-30416.15,1.01
8299,47.12,1339.0062,-35057.7,1.43
8300,47.64,1039.095,-27942.47,0.74
8301,38.24,979.6434,-28532.67,1.01
8302,56.04,1035.1412,-27579.64,1.02
8303,43.0,1018.6567,-27414.07,0.94
8304,52.8,1021.1582,-27506.56,0.87
8305,38.56,1030.2154,-27761.63,1.2
8306,51.48,1073.615,-26840.38,0.98
8307,46.4,1039.0662,-28007.65,0.92
8308,57.28,1060.1498,-26503.74,1.25
8309,57.76,1105.1863,-29516.55,1.18
8310,59.44,972.1789,-26342.13,0.83
8311,28.6,971.0689,-32393.39,0.74
8312,35.48,1028.5544,-29637.39,1.01
8313,55.72,1100.9534,-29488.12,0.97
8314,62.28,1052.5822,-28332.92,0.91
8315,45.52,1056.8898,-28361.42,0.81
8316,45.24,1001.0298,-29039.72,1.13
8317,28.12,1049.7096,-30132.12,1.16
8318,34.12,980.7299,-30596.74,1.13
8319,44.56,1069.8754,-30773.9,1.33
8320,38.88,1019.3027,-25482.57,1.32
8321,61.44,1115.6136,-29489.83,0.99
8322,41.08,1044.0138,-30122.74,1.12
8323,35.56,1190.3364,-35159.37,0.8
8324,37.88,967.7746,-28248.68,0.99
8325,39.52,1109.4748,-29596.22,1.14
8326,45.68,1041.0123,-26025.31,1.1
8327,39.28,982.233,-24555.82,0.69
8328,55.92,1032.3226,-29817.52,0.96
8329,53.16,1019.775,-25494.37,1.03
8330,44.96,1027.8673,-25696.68,0.94
8331,45.68,1055.1192,-28316.25,0.96
8332,60.48,1025.1497,-27631.48,0.94
8333,57.64,1069.1476,-30404.31,1.02
8334,34.16,1002.0419,-29045.63,0.9
8335,60.68,1047.739,-26193.48,1.18
8336,64.72,988.6044,-24715.11,0.88
8337,43.8,1013.1853,-31159.16,1.07
8338,45.32,1055.3143,-26382.86,1.01
8339,57.88,1047.6322,-28085.44,1.06
8340,45.48,984.0638,-24601.59,1.03
8341,43.84,1072.4401,-30661.52,0.78
8342,46.04,1009.6752,-25241.88,1.07
8343,56.84,990.3296,-28781.39,0.75
8344,43.48,1029.7526,-29679.12,0.87
8345,49.0,977.9343,-24448.36,1.29
8346,58.92,1015.6463,-27377.19,0.88
8347,37.52,997.9556,-26907.38,1.05
8348,55.48,1096.644,-27416.1,0.82
8349,58.64,1324.6267,-34779.34,0.78
8350,50.48,1160.1688,-29004.22,0.93
8351,24.52,969.4741,-26267.56,0.83
8352,49.28,1091.9101,-27297.75,1.02
8353,49.96,983.2434,-24581.08,0.88
8354,41.12,1060.1092,-30544.15,0.94
8355,49.28,1011.5677,-25289.19,0.87
8356,51.12,1020.2708,-27530.73,1.0
8357,56.24,1003.8715,-29099.84,1.06
8358,53.24,1121.6211,-28040.53,1.03
8359,38.52,1049.0549,-28162.28,1.13
8360,58.04,1051.5238,-28137.93,1.07
8361,52.4,1058.6594,-30330.83,0.9
8362,40.32,981.9292,-26578.6,1.1
8363,63.92,1021.2657,-27403.31,1.06
8364,40.92,1030.6546,-31645.81,0.92
8365,53.88,1046.7923,-31953.43,0.83
8366,60.24,1033.5096,-31751.9,1.04
8367,51.28,1120.674,-33636.77,0.76
8368,39.4,1019.8531,-29443.0,1.16
8369,38.6,1035.0277,-27839.61,1.21
8370,56.84,1034.3724,-29850.73,1.09
8371,39.04,1022.2616,-31553.24,1.26
8372,56.48,1009.6239,-29222.9,1.17
8373,53.76,1044.4971,-28051.88,0.91
8374,49.2,981.3764,-40833.22,1.3
8375,68.68,996.1597,-32934.41,0.89
8376,44.8,1059.3422,-34229.06,1.24
8377,51.8,1028.4909,-29581.53,1.2
8378,51.4,1009.6372,-29235.85,1.13
8379,46.2,1067.6439,-32220.89,1.21
8380,46.12,1027.0641,-27648.89,0.79
8381,58.52,1027.8814,-29615.76,0.96
8382,44.0,1022.41,-31542.34,1.23
8383,47.12,1085.3462,-29111.37,1.26
8384,52.68,1034.487,-27851.8,0.97
8385,53.72,1007.5139,-29195.36,1.11
8386,37.28,1009.4503,-27234.04,1.17
8387,59.2,1024.7908,-39526.57,1.25
8388,30.68,1002.556,-31079.51,1.12
8389,36.72,1026.8672,-27670.73,1.15
8390,46.28,1021.5129,-31460.63,1.08
8391,63.92,999.2324,-26992.93,1.05
8392,50.52,1039.7083,-33811.59,0.91
8393,50.04,1058.8698,-28451.27,1.28
8394,33.12,1015.1765,-39183.78,1.34
8395,49.48,1169.9014,-34844.1,0.97
8396,36.88,1043.1042,-34107.44,1.09
8397,49.68,1016.6932,-25417.33,1.2
8398,38.08,1038.4828,-29756.83,1.04
8399,47.88,988.6051,-26705.64,0.91
8400,57.16,987.9284,-26722.07,1.14
8401,52.8,1238.7784,-37495.95,1.09
8402,40.64,1045.1128,-30047.22,1.49
8403,39.44,1001.7818,-25044.55,1.01
8404,41.2,1014.0218,-33153.06,1.1
8405,51.04,970.5587,-30352.97,1.31
8406,42.96,1019.7661,-33278.07,1.3
8407,61.44,1095.9025,-31273.25,1.15
8408,48.2,1085.5527,-36650.98,1.23
8409,44.96,993.9054,-36846.84,1.07
8410,60.36,1047.0085,-45993.94,1.26
8411,53.68,988.769,-26733.98,1.18
8412,49.56,1089.8932,-40601.71,1.26
8413,57.36,1015.7485,-33356.89,1.16
8414,49.92,1011.9782,-33036.62,1.32
8415,47.92,1093.2888,-49915.58,1.28
8416,43.32,1021.1859,-37277.71,1.12
8417,42.52,1038.6679,-51035.47,1.13
8418,45.24,984.7884,-32713.81,0.94
8419,43.76,1020.1156,-35420.26,1.1
8420,42.76,1067.0504,-38059.25,1.05
8421,51.52,1037.0082,-33765.9,1.1
8422,35.56,1036.877,-39844.1,1.14
8423,64.56,1028.5772,-33623.21,1.09
8424,61.24,994.5901,-40871.74,1.12
8425,58.44,1039.6968,-39762.8,1.18
8426,53.52,1025.9353,-27640.63,1.07
8427,46.2,996.4942,-28962.36,1.28
8428,51.52,1037.5183,-33730.9,1.39
8429,56.28,993.2028,-40982.99,1.07
8430,25.84,999.8292,-34945.66,1.13
8431,55.12,1168.6107,-49310.19,1.18
8432,52.8,1108.2728,-41089.95,1.22
8433,47.44,980.5689,-28571.61,1.14
8434,64.48,1007.155,-41079.06,1.05
8435,34.92,1049.9254,-38211.32,1.52
8436,49.12,1004.7892,-39105.88,1.03
8437,48.76,1037.7211,-37604.68,1.21
8438,62.52,1007.9318,-37195.21,1.4
8439,36.36,995.264,-34884.59,1.12
8440,53.76,1050.4763,-30268.24,1.21
8441,26.28,1024.0747,-39133.81,1.22
8442,48.08,1056.7731,-47601.96,1.21
8443,41.12,1013.5784,-31355.4,1.19
8444,47.96,1055.4432,-38362.5,1.29
8445,30.76,1034.8488,-33841.46,1.25
8446,50.08,1105.8131,-38695.64,1.34
8447,50.04,1035.4314,-37520.95,1.16
8448,58.0,1060.564,-34405.98,1.13
8449,51.0,1038.1282,-33612.49,1.31
8450,49.12,1005.6074,-35061.15,1.25
8451,44.64,1063.6698,-42365.46,1.15
8452,43.52,1036.891,-39729.64,1.22
8453,36.28,1036.9121,-29734.85,1.34
8454,55.84,1038.3555,-29969.14,1.36
8455,42.8,1044.7902,-31903.12,1.79
8456,59.76,1029.6946,-33583.26,1.36
8457,48.96,1021.0555,-29511.47,1.16
8458,30.28,998.6508,-36828.71,1.02
8459,54.76,1054.2077,-36301.74,1.2
8460,46.12,1051.5096,-33895.32,1.26
8461,24.32,1021.8087,-27563.09,1.1
8462,51.96,1034.8496,-29927.27,1.08
8463,44.32,1025.0425,-33478.28,1.38
8464,45.72,1044.3919,-26109.8,1.32
8465,46.88,1005.7222,-31080.42,1.15
8466,50.0,1066.7013,-32384.42,1.33
8467,53.6,1017.9874,-27420.99,1.24
8468,57.6,1058.3952,-40263.24,1.29
8469,40.32,1006.6809,-35141.44,1.24
8470,46.56,1053.5735,-30310.28,1.14
8471,52.72,1030.7487,-27796.57,1.27
8472,52.72,994.9474,-28900.33,0.98
8473,39.12,1045.3245,-33917.3,1.43
8474,43.6,1024.4234,-31595.92,1.35
8475,46.28,1007.7388,-29128.06,1.3
8476,47.6,1056.4352,-44030.04,1.36
8477,63.56,1001.7553,-29089.39,1.17
8478,51.64,1122.3882,-37535.14,1.12
8479,50.8,1023.654,-29631.21,1.28
8480,47.2,1014.7118,-27398.51,1.29
8481,45.72,1097.789,-35181.6,1.49
8482,47.6,1037.3662,-33731.34,1.53
8483,43.08,1038.3398,-33934.01,1.31
8484,48.44,984.5048,-28656.07,1.16
8485,25.0,977.5153,-42596.43,0.99
8486,53.56,1002.5112,-27085.83,1.26
8487,50.48,1079.5094,-29019.36,1.24
8488,36.8,1045.1623,-28147.02,1.21
8489,59.84,1051.7214,-30368.53,1.22
8490,51.48,1026.0374,-33430.23,1.41
8491,61.52,1045.3148,-35886.04,1.27
8492,49.64,989.2275,-34762.39,1.25
8493,46.08,1053.2231,-32039.18,1.28
8494,46.48,1013.6334,-37331.62,1.07
8495,27.88,1044.2967,-32014.93,1.22
8496,46.48,1004.426,-31077.44,1.34
8497,54.64,1054.9161,-34285.94,1.32
8498,37.92,1000.0567,-35049.16,1.37
8499,55.72,1039.0642,-31959.47,1.4
8500,53.52,1044.9257,-35857.4,1.3
8501,41.16,1215.1328,-37403.6,1.49
8502,44.84,1013.8159,-39321.44,1.4
8503,65.68,1038.4109,-29838.3,1.32
8504,30.48,1003.8246,-37064.09,1.22
8505,54.4,1029.4974,-27676.83,1.23
8506,53.6,1049.0698,-33729.88,1.25
8507,51.68,1015.4712,-35395.95,1.03
8508,49.48,1040.0144,-28000.56,1.01
8509,55.8,1065.4022,-32413.48,1.34
8510,45.44,1029.0542,-35753.78,1.24
8511,42.92,1070.8232,-32602.98,1.32
8512,50.36,1028.7198,-27732.89,1.28
8513,47.68,1237.8594,-41393.72,1.35
8514,56.36,1018.2059,-27474.1,1.25
8515,65.28,1031.3545,-29831.77,1.15
8516,54.92,1020.3081,-25507.7,1.22
8517,38.24,1058.8946,-29906.88,1.16
8518,49.32,1075.2559,-34576.8,1.09
8519,57.76,1026.1348,-27690.39,1.47
8520,56.52,1038.0011,-27807.97,1.4
8521,35.2,999.8338,-29002.35,1.33
8522,42.96,1025.2253,-33704.57,1.25
8523,48.08,1017.8548,-27465.61,1.13
8524,46.52,1075.3828,-32553.42,1.06
8525,57.52,1037.0108,-35772.02,1.35
8526,49.6,1002.5552,-33142.66,1.26
8527,34.88,1021.8684,-33461.65,1.38
8528,40.16,1015.5111,-31227.31,1.16
8529,41.68,1052.0878,-28231.32,1.48
8530,49.16,1012.8633,-29215.35,1.3
8531,43.48,1020.133,-35179.41,1.37
8532,43.72,1033.4979,-29836.54,1.59
8533,36.56,1009.6167,-31179.03,1.16
8534,55.16,982.4865,-32685.91,1.02
8535,47.52,1041.1511,-33980.69,1.13
8536,37.64,1038.8758,-31937.71,1.02
8537,48.16,1023.7388,-31574.83,1.27
8538,62.56,991.6927,-24792.32,1.15
8539,51.88,1127.7562,-32079.72,0.92
8540,47.96,995.6602,-28824.12,1.43
8541,32.92,1028.9997,-29743.36,1.3
8542,49.28,1111.8655,-27796.64,1.65
8543,45.64,1028.416,-25710.4,1.69
8544,60.52,1012.0704,-29316.47,1.73
8545,54.72,1031.742,-27815.61,1.44
8546,51.32,1019.0454,-25476.14,1.64
8547,55.4,1005.8982,-27166.88,1.61
8548,52.72,1029.4124,-25735.31,1.42
8549,41.48,1015.8978,-31355.19,1.35
8550,52.0,1014.3834,-31400.27,1.29
8551,46.88,1014.1194,-25352.99,1.43
8552,58.44,1037.2462,-25931.16,1.47
8553,65.0,1008.616,-31190.74,1.54
8554,47.4,1005.3795,-29136.89,1.49
8555,43.6,1034.5994,-41369.1,1.2
8556,52.44,1052.8639,-30288.4,1.47
8557,47.64,1007.571,-29182.81,1.72
8558,37.36,1010.3,-29280.6,1.35
8559,50.2,995.451,-28837.88,1.47
8560,28.24,1006.8172,-35214.86,1.28
8561,35.12,1026.5431,-33673.11,1.05
8562,43.6,1026.5822,-31598.61,1.32
8563,39.88,994.3761,-30967.92,1.51
8564,49.96,1017.2253,-29233.98,1.04
8565,37.32,1020.8743,-37411.84,1.31
8566,41.76,1029.8303,-35680.07,1.31
8567,51.12,1035.587,-29862.52,1.12
8568,46.04,1045.7062,-34099.82,1.31
8569,38.52,1052.5878,-30040.13,1.3
8570,60.6,997.4198,-26937.94,1.34
8571,38.44,986.193,-36738.32,1.12
8572,36.92,1026.4941,-33585.03,1.24
8573,51.84,1008.3188,-26926.89,1.42
8574,53.36,1043.9351,-33712.48,1.33
8575,52.4,1010.4358,-31199.31,1.26
8576,47.68,1017.8873,-35423.07,1.32
8577,50.72,1000.3799,-35098.37,1.29
8578,55.52,1033.7445,-34927.78,1.21
8579,34.52,1010.623,-31195.94,1.08
8580,44.48,1100.933,-33183.16,1.29
8581,33.0,1012.8318,-31268.72,1.24
8582,42.2,1026.4963,-39429.77,1.1
8583,42.68,1040.9341,-30007.21,1.31
8584,43.92,1040.2572,-27605.51,1.29
8585,43.92,1008.8079,-29223.58,1.28
8586,42.0,1003.7294,-29136.65,1.44
8587,48.56,1035.6386,-31858.8,1.32
8588,44.0,1026.4901,-27607.98,1.47
8589,59.44,1049.3138,-32248.67,1.22
8590,47.36,1010.9948,-29204.56,1.17
8591,47.4,1024.4464,-37709.7,1.67
8592,53.48,1049.6765,-28178.37,1.5
8593,30.36,1028.5625,-45453.37,1.38
8594,50.16,1001.2902,-35009.55,1.08
8595,53.96,1051.0453,-37987.36,1.12
8596,32.16,1018.18,-27423.8,1.23
8597,53.92,1034.229,-39555.79,1.66
8598,54.4,1058.9838,-36260.44,1.43
8599,43.88,1024.1155,-33497.39,1.46
8600,46.48,1041.5852,-37698.91,1.17
8601,28.96,999.9628,-38969.1,1.32
8602,56.28,998.371,-24959.27,1.22
8603,42.08,1062.4772,-42267.3,1.48
8604,42.24,1038.902,-31987.68,1.64
8605,44.6,1016.5584,-29429.92,1.28
8606,34.68,1015.3024,-39428.22,1.26
8607,61.84,1013.9572,-33394.86,1.28
8608,45.12,1043.2108,-33558.44,1.15
8609,46.04,1020.1102,-39127.39,0.97
8610,52.76,1023.4694,-33606.19,1.04
8611,37.8,1022.4744,-27505.24,1.33
8612,36.24,1019.8012,-29428.51,1.2
8613,48.0,1020.755,-33352.71,0.97
8614,40.6,1083.799,-44665.38,1.3
8615,49.28,1014.4236,-37071.87,1.27
8616,50.32,1059.3506,-32428.77,1.14
8617,39.8,1017.8717,-33394.25,1.28
8618,46.2,1052.1738,-32313.96,1.31
8619,44.16,1073.234,-53826.7,1.57
8620,50.44,1012.8986,-39126.32,1.14
8621,43.04,1030.0068,-35682.9,1.31
8622,29.88,1022.0157,-41249.38,1.18
8623,42.8,1052.3368,-34176.63,1.15
8624,53.2,1035.2174,-27734.17,1.23
8625,54.48,1004.2183,-37045.19,1.27
8626,48.68,1051.3592,-32176.91,1.26
8627,39.44,1006.5386,-37184.73,1.2
8628,29.88,1001.4651,-49327.67,1.4
8629,50.28,1025.1043,-33487.06,1.25
8630,29.88,1009.9556,-43291.73,1.13
8631,49.6,1013.7965,-37470.4,1.45
8632,53.16,1025.1438,-33415.71,1.53
8633,45.36,1027.4636,-37681.7,1.46
8634,44.84,1025.3241,-29563.61,1.29
8635,42.36,1031.4334,-33653.51,1.39
8636,47.68,1026.0302,-37608.82,1.39
8637,42.56,1004.9626,-39124.93,1.51
8638,52.0,1036.8273,-33912.98,1.27
8639,25.92,1068.8074,-26720.19,1.48
8640,48.72,1040.3166,-29972.52,1.29
8641,49.24,1021.5086,-41141.14,1.27
8642,37.32,1028.5632,-41248.64,1.4
8643,48.12,1047.003,-35971.95,1.47
8644,50.0,1014.9533,-41441.19,1.28
8645,38.56,982.3847,-26591.09,1.34
8646,59.16,1034.8556,-41684.3,1.18
8647,58.16,1059.9484,-40307.12,1.45
8648,47.12,1036.5592,-47075.73,1.13
8649,56.04,1026.9019,-47448.25,1.29
8650,55.44,1091.5387,-36387.8,1.28
8651,48.92,1014.3297,-39167.52,1.27
8652,56.12,1024.8423,-37631.4,1.25
8653,54.2,1009.7734,-31256.11,1.31
8654,52.68,1040.4971,-43275.92,1.21
8655,51.4,1035.2691,-31595.34,1.1
8656,40.24,1014.4829,-46947.18,1.22
8657,47.68,1043.9165,-33935.78,1.16
8658,44.56,1048.1638,-33890.21,1.21
8659,43.92,1050.2354,-41741.14,1.29
8660,38.12,1027.729,-35638.94,1.16
8661,41.52,1037.597,-53207.0,1.2
8662,53.92,1049.3854,-35757.64,1.31
8663,41.6,988.5979,-44730.98,1.28
8664,41.56,1020.5847,-39258.26,1.33
8665,39.8,1015.0079,-27371.44,1.53
8666,56.8,1011.0918,-39340.97,1.17
8667,49.72,1031.7448,-43521.21,1.27
8668,49.04,1025.7076,-41449.22,1.08
8669,30.0,998.9983,-37032.49,1.14
8670,40.64,1004.2938,-36917.23,1.24
8671,52.16,1052.7691,-32249.22,1.3
8672,57.28,999.0217,-40743.75,1.3
8673,45.92,1035.0596,-37596.95,1.12
8674,39.92,1021.551,-47265.8,1.14
8675,48.12,1009.3272,-47198.25,1.03
8676,43.36,1015.4542,-39209.53,1.13
8677,35.64,995.5757,-37079.76,1.15
8678,49.96,1070.7762,-46246.98,1.36
8679,27.68,1019.5103,-33268.22,1.21
8680,41.64,1005.822,-31159.09,1.39
8681,48.4,1049.5488,-36043.9,1.35
8682,46.2,1037.105,-33910.97,1.47
8683,33.04,977.7625,-32564.6,1.64
8684,38.48,1053.263,-45950.86,1.31
8685,44.44,1015.067,-27376.31,1.45
8686,50.36,1024.0826,-35490.77,1.26
8687,43.96,1046.0175,-36129.24,1.34
8688,47.44,1094.2128,-42446.95,1.26
8689,60.36,1033.2642,-39430.51,1.23
8690,39.68,1009.8143,-35268.39,1.35
8691,49.16,1050.6794,-37987.84,1.73
8692,50.52,1014.3532,-37228.82,1.6
8693,46.08,1086.6472,-44355.61,1.21
8694,43.8,1069.5141,-43949.33,1.17
8695,55.52,1023.0907,-37456.05,1.29
8696,43.68,1013.6047,-41296.41,1.62
8697,43.32,1035.1958,-39552.48,1.51
8698,54.68,1055.0414,-37971.66,1.77
8699,52.32,1031.2031,-31581.87,1.5
8700,49.2,1102.2192,-39360.37,1.29
8701,48.44,1049.3284,-33860.34,1.23
8702,41.16,1027.1762,-43470.94,1.24
8703,52.4,1059.9857,-32491.44,1.3
8704,61.96,1071.0744,-32799.41,1.2
8705,45.92,1014.4182,-35374.43,1.19
8706,36.52,997.5218,-41129.94,1.22
8707,38.64,1081.44,-36466.47,1.28
8708,46.6,1100.5668,-35097.93,1.26
8709,39.28,1008.7839,-36934.5,1.08
8710,44.32,1001.1719,-31025.62,1.28
8711,48.56,994.2519,-34931.32,1.13
8712,55.2,1024.3842,-35289.92,1.14
8713,41.08,1031.3119,-31873.83,1.21
8714,45.8,1053.7212,-46065.17,1.18
8715,40.24,1060.6479,-38210.41,1.22
8716,41.72,1027.5251,-33675.62,1.29
8717,61.24,1035.0198,-25875.49,1.29
8718,46.88,1099.0105,-37024.22,1.2
8719,44.04,1052.9202,-36164.02,1.22
8720,38.88,1072.4883,-32675.51,1.24
8721,53.64,1040.6309,-28022.17,1.33
8722,42.56,1001.8372,-36924.25,1.14
8723,49.88,1052.4274,-31994.17,1.3
8724,34.44,996.4008,-28856.01,1.12
8725,50.68,1014.5034,-33364.48,1.14
8726,33.04,1007.1158,-48963.79,1.04
8727,32.8,985.7659,-30650.65,1.14
8728,52.28,1025.6096,-33659.9,1.5
8729,46.0,993.6201,-36959.63,1.12
8730,41.56,1039.1227,-29889.99,1.19
8731,39.0,1069.7645,-28710.97,1.31
8732,41.92,1085.7912,-34591.9,1.23
8733,53.04,1026.5895,-31404.0,1.2
8734,36.92,1010.8894,-31257.44,1.19
8735,32.16,1004.008,-33052.64,1.67
8736,49.32,1041.3564,-39890.37,1.11
8737,28.16,986.0951,-36738.42,1.24
8738,49.6,1033.8108,-29644.62,1.16
8739,33.76,1155.8301,-50930.16,1.13
8740,53.08,1050.6476,-35883.86,1.19
8741,50.92,1016.8737,-30993.01,1.21
8742,58.16,1037.3122,-29930.3,1.27
8743,56.68,1010.7032,-31247.02,1.16
8744,43.32,1013.2086,-29332.0,1.04
8745,39.4,1003.7913,-35192.31,1.5
8746,58.72,1013.7794,-35258.71,1.46
8747,44.52,1027.5576,-35563.28,1.23
8748,41.52,1001.1645,-31080.12,1.2
8749,32.04,1019.4092,-33603.1,0.96
8750,47.84,1015.2819,-31353.26,1.09
8751,47.6,1041.6018,-29975.79,1.12
8752,45.96,1080.209,-32734.79,1.2
8753,51.68,1004.698,-32977.55,1.1
8754,58.4,1046.749,-33814.62,1.23
8755,46.88,1013.339,-39094.26,1.09
8756,54.48,1144.1254,-34571.52,1.2
8757,52.52,1020.7054,-29484.93,1.28
8758,54.8,1064.9357,-40219.08,1.22
8759,50.88,1036.5466,-25913.67,1.38
8760,47.8,1065.3642,-30511.46,1.2
8761,25.52,1015.0169,-31261.21,0.97
8762,53.4,1045.4281,-32141.65,1.18
8763,49.28,1010.3438,-27206.64,1.28
8764,65.6,1031.6468,-27801.99,1.61
8765,57.76,1025.7929,-45443.56,1.14
8766,38.64,997.1618,-36885.22,1.25
8767,48.8,1068.4316,-28733.55,1.1
8768,58.4,1007.2464,-29198.04,1.21
8769,44.52,1007.788,-25194.7,1.09
8770,58.52,1014.6264,-35251.22,1.08
8771,51.88,1035.6411,-31680.28,1.31
8772,47.04,1112.0277,-39446.28,1.14
8773,56.88,1040.8341,-31828.74,1.29
8774,33.24,990.1384,-30753.0,1.19
8775,50.16,1042.245,-29965.64,1.21
8776,58.32,1062.5011,-40225.08,1.29
8777,54.92,1048.913,-36045.41,1.42
8778,51.8,1011.212,-27304.39,1.14
8779,34.32,994.848,-30848.53,1.18
8780,52.16,1030.4526,-33756.4,1.35
8781,22.8,999.5756,-26988.74,1.15
8782,53.12,1072.1532,-34374.42,1.2
8783,50.56,1003.2342,-36949.12,1.19
8784,45.96,1017.8226,-29389.45,1.18
8785,50.24,1023.4339,-31575.1,1.15
8786,44.68,1021.8654,-33461.5,1.11
8787,30.12,1033.3676,-39344.08,1.21
8788,68.8,1008.4697,-27235.56,1.16
8789,43.8,1002.4754,-35160.25,1.16
8790,52.52,993.7301,-36981.69,1.05
8791,42.2,1003.8937,-31117.2,1.17
8792,45.32,1034.1113,-37793.24,1.33
8793,46.36,1021.4485,-27500.1,1.08
8794,46.12,1031.0152,-39623.87,1.04
8795,60.44,1042.0786,-30063.18,1.2
8796,30.96,1007.375,-31151.49,1.22
8797,49.28,1028.7346,-31593.55,1.19
8798,37.76,1037.6842,-29955.55,1.17
8799,59.68,1030.1979,-35527.19,1.27
8800,44.32,1025.1902,-29587.29,1.09
8801,50.48,1140.2612,-30170.52,1.25
8802,57.92,1021.0607,-31448.18,1.01
8803,50.68,1039.2063,-35764.24,1.1
8804,53.88,1042.6688,-33993.1,1.15
8805,40.64,980.6322,-26481.15,1.09
8806,53.48,1012.0274,-25300.68,1.0
8807,46.56,1269.6388,-31740.97,0.95
8808,56.04,1021.7005,-35595.22,1.12
8809,32.52,996.3792,-24909.48,0.94
8810,48.16,971.7358,-24293.39,0.76
8811,45.32,1046.1211,-32144.34,0.96
8812,42.36,993.5852,-24839.63,0.85
8813,31.8,1023.6413,-29346.1,1.09
8814,59.88,981.0249,-28600.17,0.94
8815,60.4,1014.1498,-27321.9,1.07
8816,56.88,1035.1183,-31834.23,0.94
8817,33.28,1047.3997,-28221.8,0.82
8818,53.88,986.6804,-28712.97,1.05
8819,28.68,1023.2614,-29546.2,1.32
8820,31.2,1044.3418,-28128.49,1.13
8821,55.64,1032.9823,-27791.18,0.83
8822,55.16,1025.6727,-29614.01,0.74
8823,59.28,1042.0046,-28073.14,1.09
8824,42.92,990.4785,-26781.49,1.23
8825,50.92,980.229,-26533.77,0.87
8826,46.72,1093.7623,-29317.51,0.9
8827,42.56,1028.6238,-29425.07,1.07
8828,55.12,965.2206,-24130.52,1.07
8829,67.32,1063.5646,-28523.55,0.89
8830,54.48,1041.7046,-27976.42,1.13
8831,53.2,1138.1851,-28454.63,1.01
8832,61.32,1022.921,-27480.23,0.9
8833,49.24,1143.19,-28579.75,0.72
8834,49.8,992.155,-26836.49,1.01
8835,47.96,1039.3201,-27948.21,1.03
8836,47.52,1157.7738,-30781.43,0.85
8837,56.04,1056.6116,-30367.84,0.87
8838,35.76,984.2276,-24605.69,0.8
8839,44.36,1059.0393,-28510.71,0.75
8840,43.36,1041.078,-26026.95,0.9
8841,61.04,1076.7324,-28665.37,1.07
8842,48.8,1075.0959,-28896.53,0.88
8843,58.88,1042.177,-26054.43,0.87
8844,25.48,1011.401,-25285.02,0.93
8845,26.88,1012.0735,-25301.84,0.88
8846,24.28,1020.5215,-29513.64,0.96
8847,41.24,973.7962,-24344.9,0.84
8848,28.92,1017.5387,-25438.47,1.18
8849,49.96,1033.5445,-29853.1,1.1
8850,55.2,1045.763,-27906.67,1.14
8851,37.28,1022.9138,-27538.83,1.14
8852,41.44,1012.4556,-27289.26,0.98
8853,54.2,1077.3749,-30958.37,1.09
8854,24.56,1016.3642,-27427.91,0.93
8855,38.72,1073.3741,-26834.35,0.89
8856,54.56,1049.7298,-30076.58,0.95
8857,44.68,1027.08,-27550.63,0.86
8858,53.68,1060.9038,-36407.36,0.94
8859,40.72,1035.578,-25889.45,1.01
8860,56.6,1059.2038,-26480.09,0.95
8861,38.4,1040.9786,-29950.93,0.91
8862,36.2,1023.539,-25588.47,0.78
8863,39.32,1013.4265,-31322.95,0.91
8864,23.56,1007.1148,-27198.09,0.94
8865,51.36,1050.6245,-30258.09,0.93
8866,53.08,1019.2731,-27462.46,0.92
8867,49.8,1102.5683,-29415.55,0.84
8868,49.84,1029.1108,-27696.5,0.82
8869,47.24,1056.7454,-28442.84,0.89
8870,59.28,1046.4606,-26161.52,0.88
8871,46.4,1037.21,-25930.25,0.84
8872,40.76,1022.2474,-25556.19,1.3
8873,53.76,1202.9655,-31702.8,0.85
8874,28.8,990.6848,-28808.04,0.98
8875,59.68,1058.0351,-26450.88,1.0
8876,49.2,1039.3892,-27942.72,0.74
8877,49.76,971.6141,-24290.35,0.96
8878,47.76,1024.007,-27564.01,1.02
8879,53.52,1055.3952,-28334.44,0.82
8880,40.8,1019.778,-27475.34,0.85
8881,39.68,1009.2074,-25230.18,0.99
8882,32.16,1035.4162,-27833.91,0.91
8883,50.44,1010.5725,-25264.31,0.9
8884,42.8,1050.7271,-26268.18,0.95
8885,46.6,1019.924,-27481.27,1.07
8886,36.28,1086.8224,-29075.5,1.08
8887,48.92,1246.5731,-31164.33,0.7
8888,23.52,999.1018,-26924.8,1.02
8889,33.44,1004.0821,-27072.73,0.92
8890,61.2,1271.9026,-33514.79,0.8
8891,42.44,980.9836,-28568.53,0.77
8892,58.84,989.7821,-26781.47,0.8
8893,32.56,1028.5083,-25712.71,1.08
8894,58.0,1076.3176,-30818.95,1.1
8895,58.6,1030.8742,-25771.85,0.83
8896,44.8,1036.261,-29817.05,1.08
8897,44.92,1053.0475,-28271.15,0.79
8898,36.76,1069.6056,-26740.14,1.15
8899,52.68,1044.617,-27864.71,1.0
8900,50.52,989.8854,-32853.95,1.17
8901,54.68,1056.3883,-26409.71,0.92
8902,21.8,996.453,-24911.32,1.11
8903,40.92,1034.758,-29629.34,0.92
8904,49.84,1004.9557,-31192.22,0.84
8905,53.48,998.574,-24964.35,0.9
8906,49.52,1025.822,-27590.66,1.14
8907,37.04,1082.0549,-29082.85,0.97
8908,57.88,1065.2193,-28624.98,1.22
8909,42.2,1030.1676,-29778.16,1.01
8910,53.56,1044.1079,-29972.07,0.93
8911,39.68,1032.621,-29745.67,0.8
8912,44.84,1018.4613,-31365.58,0.91
8913,30.0,998.3412,-28966.37,0.99
8914,34.24,1011.3446,-25283.61,0.9
8915,44.36,1022.5666,-31552.74,0.95
8916,51.56,1050.9397,-28221.63,1.0
8917,38.88,1074.7258,-32869.75,1.07
8918,46.88,1064.0292,-34547.17,0.92
8919,31.12,980.5546,-28474.43,0.78
8920,47.4,1052.247,-28329.56,0.97
8921,51.4,1015.0627,-33475.87,0.87
8922,46.12,1026.4298,-25660.75,0.84
8923,55.6,1266.789,-33616.6,0.8
8924,51.68,1065.8361,-28610.99,0.83
8925,48.24,1054.363,-32197.51,0.91
8926,56.04,1024.2027,-25605.07,0.88
8927,36.6,1017.2699,-27398.9,1.06
8928,56.24,1013.5553,-33257.74,1.18
8929,53.84,1049.521,-28213.65,0.93
8930,38.92,1048.2605,-27872.37,0.97
8931,31.68,1019.9144,-25497.86,1.16
8932,35.24,1007.8176,-25195.44,1.14
8933,45.88,1030.8911,-27795.4,1.29
8934,54.72,1003.0652,-29103.66,0.95
8935,36.68,1015.0407,-25376.02,1.19
8936,53.4,985.4366,-24635.91,1.02
8937,44.2,1049.7134,-26242.83,0.75
8938,50.96,1245.4407,-31136.02,0.82
8939,45.56,1024.5319,-35442.13,0.82
8940,41.92,1042.5844,-30044.36,0.83
8941,35.0,1184.3102,-29607.75,1.08
8942,49.44,1046.898,-26172.45,0.93
8943,58.12,1139.9122,-28497.8,0.95
8944,41.4,983.338,-24583.45,0.92
8945,45.44,986.7394,-24668.48,0.75
8946,35.0,1047.8628,-26196.57,1.08
8947,56.8,1194.4332,-31628.48,0.79
8948,45.0,1012.2983,-25307.46,0.86
8949,53.48,1114.0812,-29624.45,0.87
8950,49.2,1077.4461,-28856.51,0.87
8951,53.16,1033.9036,-25847.59,0.89
8952,46.8,1044.6096,-28138.77,0.87
8953,48.36,1035.4219,-27849.4,0.8
8954,58.68,966.4865,-26199.88,0.96
8955,59.04,1017.8527,-25446.32,0.83
8956,42.64,1027.3704,-31700.74,0.96
8957,54.88,989.1807,-24729.52,1.18
8958,57.12,1049.6483,-26241.21,0.99
8959,45.8,1395.5726,-36477.59,0.86
8960,33.92,1041.7274,-31957.13,1.04
8961,45.76,1057.8518,-26446.29,1.04
8962,63.04,1011.2958,-25282.4,0.95
8963,56.8,986.0779,-24651.95,1.17
8964,53.6,1053.8938,-30149.47,0.88
8965,43.36,1035.1677,-29852.3,0.84
8966,38.12,1071.3064,-28711.46,0.72
8967,53.52,1013.8023,-25345.06,0.75
8968,53.76,1054.8701,-26371.75,0.96
8969,37.12,1047.7114,-28135.29,1.0
8970,44.12,1009.2868,-27221.65,0.88
8971,38.32,981.283,-24532.08,0.87
8972,50.28,1029.8611,-25746.53,0.9
8973,37.8,976.2338,-24405.84,0.78
8974,44.0,998.1366,-24953.41,1.02
8975,63.48,1049.3995,-32094.66,0.66
8976,51.8,1129.9913,-28249.78,0.87
8977,59.44,1088.5145,-27212.86,0.94
8978,29.04,1025.15,-25628.75,1.06
8979,45.08,982.8976,-26590.88,0.9
8980,38.44,1014.3832,-25359.58,0.95
8981,45.4,1020.6294,-25515.73,0.92
8982,52.52,1046.9771,-26174.43,0.96
8983,59.52,994.302,-24857.55,0.83
8984,44.64,976.3551,-26432.02,0.86
8985,24.32,1000.8955,-27022.27,0.87
8986,42.24,1018.2488,-25456.22,1.11
8987,55.84,1050.7782,-26269.46,0.77
8988,62.24,979.1453,-24478.63,0.8
8989,66.64,1184.4496,-29611.24,0.83
8990,37.92,1027.236,-25680.9,0.86
8991,44.08,975.4239,-24385.6,0.87
8992,49.16,1062.895,-28505.56,0.76
8993,49.44,1084.1391,-27103.48,1.02
8994,43.08,1006.6263,-29139.95,0.99
8995,44.6,1073.0855,-26827.14,0.9
8996,46.0,1048.6517,-28164.48,1.24
8997,49.92,1011.4812,-25287.03,1.01
8998,53.24,1028.7427,-27726.84,1.11
8999,64.92,1068.3572,-26708.93,0.84
9000,54.72,1021.3918,-27571.55,0.94
9001,41.28,973.5507,-26365.55,0.85
9002,53.96,1030.3734,-25759.33,0.9
9003,55.24,1029.9004,-25747.51,0.81
9004,40.68,1125.8951,-31866.57,0.85
9005,55.16,1369.351,-34233.78,0.79
9006,57.32,992.0956,-24802.39,0.87
9007,46.28,1102.61,-29436.19,0.8
9008,49.08,1016.8069,-25420.17,0.98
9009,38.16,1026.9934,-27624.4,0.88
9010,66.68,1143.4574,-30287.39,0.98
9011,51.56,1022.428,-27565.24,1.07
9012,53.4,985.3556,-28662.52,1.02
9013,46.72,1015.9914,-31422.09,0.99
9014,46.56,1074.7858,-28817.71,0.95
9015,59.56,1042.5335,-30111.2,0.93
9016,39.24,987.88,-26734.33,1.23
9017,62.2,995.7714,-24894.29,1.38
9018,55.0,1082.5552,-32951.52,1.03
9019,56.8,1002.1676,-32766.21,0.99
9020,54.2,1015.9898,-27423.74,0.87
9021,25.6,1008.2076,-33142.45,1.11
9022,45.8,1017.358,-29480.76,1.09
9023,27.04,1026.7525,-27653.43,1.03
9024,62.88,1020.9556,-29489.94,0.93
9025,42.96,1047.5716,-28218.99,0.92
9026,42.44,1029.2564,-27731.74,0.9
9027,48.56,1034.4852,-25862.13,0.85
9028,42.48,1012.9804,-29040.8,0.98
9029,50.84,1115.0447,-33344.97,1.22
9030,59.12,1047.5558,-40035.23,1.02
9031,48.92,1013.0242,-25325.61,0.98
9032,27.12,1025.0883,-25627.21,1.03
9033,59.68,1033.5633,-29771.08,0.78
9034,52.24,978.206,-24455.15,0.99
9035,57.12,1055.1207,-32334.39,1.04
9036,67.48,1031.937,-27819.91,0.89
9037,33.6,1044.6083,-28117.69,1.0
9038,65.56,1014.6334,-27329.84,0.9
9039,52.8,1036.4251,-25910.63,1.47
9040,37.52,1143.7516,-30345.09,0.98
9041,50.84,1129.4296,-30099.6,0.89
9042,60.8,1102.0644,-31343.46,0.76
9043,46.84,1092.3338,-29062.04,0.84
9044,30.48,997.3636,-26936.05,0.8
9045,49.24,1054.0955,-28311.63,0.7
9046,55.48,1207.8705,-31998.0,0.76
9047,44.96,989.267,-24731.67,1.0
9048,37.08,1022.7086,-27583.3,1.01
9049,46.84,977.1115,-26465.7,0.97
9050,50.8,1056.4394,-26410.99,1.1
9051,49.48,1091.2326,-31115.65,1.36
9052,46.92,1062.5935,-32308.96,1.08
9053,30.32,1028.6169,-27693.55,1.25
9054,47.72,996.4554,-26919.55,1.03
9055,51.64,1027.5978,-25689.94,1.26
9056,35.52,976.5927,-26448.11,1.1
9057,58.64,1005.5333,-33228.46,1.25
9058,48.48,1047.6036,-28173.82,0.97
9059,56.96,1152.391,-30509.86,1.03
9060,50.96,1013.9243,-27380.32,1.16
9061,37.28,1007.3603,-29169.83,1.16
9062,32.56,1036.0148,-27923.47,1.32
9063,45.48,1175.2724,-36918.68,1.03
9064,42.8,995.3802,-28927.79,0.79
9065,64.92,1052.3814,-30184.09,1.09
9066,40.04,1000.2797,-29009.29,0.76
9067,61.56,1027.4131,-29729.81,1.36
9068,36.2,1034.4919,-25862.3,1.35
9069,53.04,993.6895,-30876.29,1.15
9070,50.4,1032.7988,-25819.97,1.16
9071,55.68,1028.034,-31422.0,1.2
9072,40.16,1017.3503,-35283.86,1.29
9073,61.24,1023.4764,-31548.05,1.57
9074,45.72,1064.2349,-28628.7,1.05
9075,43.6,1054.22,-28346.12,1.11
9076,63.68,1004.3069,-33162.16,1.08
9077,50.76,1003.5359,-38997.05,1.02
9078,46.36,1037.2385,-47401.86,0.81
9079,62.52,1119.1586,-37392.59,1.11
9080,40.48,1022.2851,-27520.99,1.08
9081,55.88,1030.7758,-37515.05,1.26
9082,59.08,1012.6722,-43212.1,1.11
9083,59.08,1060.2678,-41669.63,1.27
9084,59.52,1080.5202,-44011.44,1.07
9085,40.2,1048.1972,-29843.31,1.08
9086,45.48,1087.9166,-48390.62,1.04
9087,64.68,1014.6304,-39111.34,0.89
9088,51.6,1019.7789,-31589.27,0.98
9089,50.04,1050.5969,-36355.21,1.09
9090,45.8,1019.8222,-27484.86,1.11
9091,54.4,1055.5392,-36189.7,1.25
9092,53.6,1101.0386,-44860.93,1.16
9093,69.36,1021.7747,-49366.94,1.52
9094,65.0,1069.7818,-48231.51,0.98
9095,68.2,1025.9913,-49383.21,1.08
9096,42.52,1041.3733,-45554.11,1.27
9097,61.64,1021.0921,-41280.95,1.36
9098,46.76,1040.4738,-43416.47,1.29
9099,61.64,1038.8356,-49233.64,1.21
9100,59.72,1018.6653,-47371.53,1.13
9101,56.64,1023.0457,-39167.72,1.31
9102,55.4,1049.2589,-43822.97,1.13
9103,51.16,1018.5466,-33545.91,1.12
9104,58.16,1060.6049,-41741.9,1.26
9105,51.8,1046.3844,-44103.52,1.24
9106,48.08,1000.7808,-44908.91,1.28
9107,51.08,1045.3818,-39966.29,1.23
9108,60.2,1025.0278,-43373.85,1.26
9109,58.32,1047.083,-39682.87,1.28
9110,49.56,1010.4409,-37217.52,1.2
9111,63.32,1035.305,-45542.86,1.13
9112,53.08,1038.1265,-41662.41,1.22
9113,54.6,1009.2656,-41266.88,1.3
9114,59.08,1036.5906,-31880.64,1.18
9115,63.4,992.259,-32955.76,1.1
9116,47.04,1043.9602,-33759.51,1.24
9117,36.56,1018.5904,-45307.09,1.4
9118,56.2,1013.0767,-49099.25,1.17
9119,41.52,1003.4919,-32980.08,1.32
9120,51.84,996.121,-48848.82,1.06
9121,49.8,1016.0655,-45294.99,1.18
9122,62.4,1030.1863,-43450.27,1.32
9123,39.12,1045.2674,-46066.98,0.9
9124,58.68,1018.6688,-45348.97,1.24
9125,43.76,1010.4551,-39158.4,1.2
9126,61.28,1012.0929,-39273.26,1.03
9127,53.04,1086.9786,-40903.45,1.21
9128,44.56,1043.1108,-36191.89,1.35
9129,47.88,1036.6129,-45631.9,1.42
9130,68.44,1030.6174,-41294.31,1.32
9131,50.48,1118.9841,-39713.4,1.12
9132,56.12,1038.7658,-41892.88,1.18
9133,46.12,1034.8311,-31822.53,1.21
9134,43.64,1077.9182,-34705.75,1.15
9135,52.0,1107.6845,-35406.18,1.3
9136,52.44,1031.7328,-35640.72,1.24
9137,65.12,1046.7506,-43730.63,1.34
9138,45.08,1037.0104,-31453.11,1.25
9139,41.76,1047.9531,-26198.83,1.1
9140,55.92,1055.4473,-32311.2,0.98
9141,54.04,1014.7433,-33345.92,1.21
9142,50.04,1055.8254,-28378.96,1.17
9143,59.92,1033.5408,-27718.0,1.24
9144,52.48,1017.0832,-37413.57,0.94
9145,63.12,1086.2055,-36886.36,1.21
9146,50.48,1010.2456,-33254.59,1.12
9147,52.68,1089.87,-32820.23,1.22
9148,73.16,1015.7615,-33281.52,1.32
9149,49.52,1060.1641,-26504.1,0.92
9150,53.88,1084.9253,-31026.97,1.08
9151,59.4,1006.4768,-25161.92,1.15
9152,46.8,1004.3251,-31033.73,1.09
9153,45.68,1055.5348,-26388.37,1.12
9154,65.48,1021.1091,-35497.27,1.03
9155,62.44,1023.1681,-29544.01,1.16
9156,33.36,1050.1466,-30149.71,1.04
9157,55.76,1048.975,-28260.73,1.05
9158,42.96,1035.7765,-31721.24,1.35
9159,44.32,1074.6188,-26865.47,1.17
9160,45.76,1027.9075,-29681.01,1.06
9161,51.96,1041.0661,-29939.05,1.05
9162,44.64,1012.585,-29288.66,1.32
9163,56.6,999.8458,-37058.42,1.09
9164,56.24,999.1946,-32989.48,1.16
9165,53.52,1021.9066,-29560.02,1.26
9166,57.88,1023.0711,-31603.48,1.07
9167,38.88,1010.31,-34948.08,1.38
9168,53.48,1075.9913,-34374.78,1.3
9169,54.36,1055.7236,-32300.01,1.19
9170,32.8,1017.5568,-27252.68,1.25
9171,50.08,987.811,-28584.56,1.1
9172,56.6,1013.9042,-39294.12,1.35
9173,45.56,1112.3765,-39638.63,1.14
9174,68.12,1162.2268,-38310.38,1.24
9175,30.24,1051.4994,-28289.61,1.04
9176,59.4,1047.9062,-30179.35,1.27
9177,61.72,1039.1921,-33987.54,0.99
9178,58.92,1020.0079,-31488.13,1.28
9179,33.12,1056.8388,-32302.35,1.41
9180,60.56,1006.7973,-29243.38,1.24
9181,51.24,1001.8778,-34993.84,1.14
9182,46.52,1069.9651,-36563.19,1.2
9183,60.68,1021.3987,-39486.67,0.9
9184,51.76,1072.8659,-32340.94,1.2
9185,43.68,1059.04,-41974.42,0.97
9186,56.56,1040.6585,-37825.61,1.09
9187,50.24,995.806,-30931.05,1.27
9188,44.36,1023.7523,-39618.06,1.18
9189,37.84,1044.5065,-34091.33,1.24
9190,53.96,1021.5381,-33416.09,1.04
9191,51.72,1040.2374,-35952.98,0.92
9192,50.64,1038.3168,-41597.18,1.18
9193,51.96,997.0873,-30986.37,1.24
9194,57.96,1019.0043,-31419.59,1.23
9195,59.0,1007.6601,-37140.03,1.38
9196,59.88,1033.4764,-35706.9,1.29
9197,45.24,1041.5493,-37940.21,1.1
9198,53.6,1049.9929,-39873.42,1.22
9199,46.32,1041.1109,-31917.45,1.18
9200,55.04,1002.1868,-27020.88,1.03
9201,42.36,1038.8209,-33853.91,1.22
9202,54.64,988.9901,-28771.35,1.15
9203,57.8,1013.9907,-37324.11,1.2
9204,53.76,1039.1042,-37611.49,1.28
9205,45.68,1035.0307,-39889.6,0.93
9206,31.44,1009.4832,-35346.54,1.25
9207,45.2,1022.0519,-39625.33,1.2
9208,38.64,996.5993,-38789.21,1.11
9209,55.16,1052.8923,-40225.64,1.14
9210,50.64,1040.8641,-31630.15,1.27
9211,51.68,1004.5636,-29123.91,1.11
9212,52.24,986.8373,-30745.83,0.99
9213,40.6,1010.8347,-34986.38,1.26
9214,45.28,1075.3955,-32295.05,1.09
9215,48.4,1034.7369,-37400.26,1.11
9216,45.52,982.4769,-50776.95,0.96
9217,56.2,1018.298,-37444.11,1.19
9218,43.24,1005.0142,-39157.63,1.28
9219,47.64,1009.2382,-35256.03,1.22
9220,52.8,1037.8387,-39767.93,0.99
9221,58.92,1040.4385,-35676.47,0.97
9222,44.48,1036.8684,-39873.38,0.96
9223,42.6,1011.2315,-33224.14,1.31
9224,49.4,1045.5969,-39415.2,1.18
9225,53.88,1019.947,-29490.21,1.03
9226,41.88,1002.9964,-40740.58,1.02
9227,50.52,1004.619,-35001.86,1.42
9228,30.96,1061.5906,-34490.72,1.01
9229,38.84,996.3902,-32911.83,1.02
9230,50.36,1046.1486,-40092.13,0.88
9231,49.52,1075.7405,-34453.91,1.04
9232,59.32,1020.9038,-31504.54,1.01
9233,32.4,1034.1193,-35634.42,1.02
9234,27.88,982.8408,-38741.68,1.14
9235,45.52,1000.118,-30896.58,1.05
9236,43.4,1040.167,-33635.26,1.09
9237,52.64,1023.6439,-29600.39,0.89
9238,60.24,1058.6909,-37224.76,1.23
9239,37.56,1041.0503,-35964.31,1.01
9240,46.64,1053.7244,-32166.4,1.06
9241,50.76,1036.1716,-33415.15,1.06
9242,55.4,1036.3141,-27898.49,1.16
9243,51.4,1050.9266,-43980.41,1.0
9244,44.08,1083.7142,-31108.6,1.37
9245,47.64,1012.9917,-33325.6,1.14
9246,27.32,1108.1093,-35434.84,1.12
9247,56.08,1041.8783,-34033.01,1.11
9248,37.8,1005.6189,-29116.3,1.22
9249,42.36,1015.8368,-29346.87,1.05
9250,46.24,1009.628,-34990.33,0.82
9251,53.72,1019.0689,-31384.57,0.94
9252,54.36,1037.7913,-27932.62,0.81
9253,42.04,982.3023,-30613.27,0.72
9254,46.68,1009.5775,-27276.19,1.23
9255,51.92,1046.7294,-32169.65,1.15
9256,44.84,1038.6488,-27988.96,0.97
9257,40.52,1016.5336,-35229.82,1.16
9258,37.0,986.2131,-34801.97,1.01
9259,55.32,1032.924,-29808.12,1.02
9260,42.6,1036.3197,-27871.33,1.03
9261,49.48,992.9352,-28855.3,1.07
9262,44.0,1012.0967,-29300.39,0.97
9263,50.76,1011.0533,-33288.54,1.17
9264,31.84,991.2003,-40841.95,0.92
9265,46.88,1029.3245,-29745.63,0.94
9266,58.44,1023.6941,-27610.88,0.96
9267,52.76,1040.9612,-45793.59,0.92
9268,38.08,1019.015,-29465.36,0.89
9269,32.64,1019.6167,-33371.14,1.01
9270,37.92,1004.2909,-27133.8,1.11
9271,37.88,1052.0408,-32212.99,1.09
9272,37.0,1029.3803,-43766.36,1.01
9273,33.6,995.0924,-32901.03,1.39
9274,44.64,1016.9363,-33409.2,1.17
9275,28.88,1011.2332,-37233.7,1.23
9276,48.4,1105.9154,-43225.15,1.04
9277,43.24,1017.9993,-31373.14,1.04
9278,56.52,1000.1976,-33085.04,1.03
9279,53.12,1031.4816,-27753.3,0.93
9280,33.52,995.7206,-26911.37,1.13
9281,51.52,1040.2772,-35811.95,0.89
9282,49.16,1053.38,-32259.62,1.11
9283,56.96,1018.764,-35375.68,0.77
9284,34.88,1021.3846,-27553.08,1.24
9285,56.72,1004.7104,-29113.73,1.11
9286,48.48,1076.5259,-32567.64,1.18
9287,40.64,1009.7276,-29241.5,0.94
9288,60.84,1022.8895,-25572.24,0.91
9289,45.44,1033.2155,-29796.69,1.04
9290,54.24,1123.9179,-33706.04,0.91
9291,46.92,1013.7123,-29328.2,0.96
9292,46.96,1046.3936,-28127.31,1.26
9293,54.8,1078.7005,-26967.51,0.97
9294,57.8,1101.7152,-27542.88,0.98
9295,69.56,1065.825,-30547.79,0.92
9296,53.64,1019.4458,-33521.75,0.99
9297,42.4,1076.9549,-28955.34,0.88
9298,42.76,976.6668,-26451.11,1.19
9299,63.08,1047.8781,-32168.49,1.15
9300,59.92,1055.4767,-26386.92,1.27
9301,45.44,1022.2641,-31228.51,0.96
9302,37.28,1029.5576,-25738.94,1.01
9303,54.08,1060.2173,-26505.43,1.16
9304,48.08,1044.3769,-26109.42,1.11
9305,52.48,1042.8444,-28046.49,1.07
9306,48.64,1029.5406,-29737.44,0.95
9307,35.68,1003.0165,-25075.41,0.91
9308,34.08,991.6362,-30873.27,1.14
9309,54.6,1020.7461,-27505.23,0.87
9310,51.08,1016.6055,-29430.98,0.82
9311,46.24,1037.9468,-29838.76,1.04
9312,58.0,1023.0296,-29609.12,1.05
9313,38.96,1098.2679,-31135.95,1.01
9314,39.0,1019.5946,-33263.75,1.16
9315,42.12,1021.2261,-29395.84,1.11
9316,46.2,983.5841,-28590.72,0.91
9317,53.56,989.7808,-30788.71,1.23
9318,41.6,1036.2258,-31919.61,0.97
9319,36.16,1008.9455,-25223.64,0.91
9320,45.56,1095.3281,-27383.2,0.85
9321,43.12,1028.1019,-29382.78,0.8
9322,46.28,1054.04,-32198.86,1.07
9323,55.84,1099.3189,-29241.56,0.87
9324,58.56,989.0308,-26738.7,0.81
9325,60.04,1020.9467,-27502.79,0.99
9326,44.6,1012.0597,-29032.88,1.26
9327,45.68,1071.34,-26783.5,0.96
9328,53.72,997.2152,-28893.81,0.95
9329,50.0,1194.7554,-35416.49,0.74
9330,40.32,1013.2876,-29275.45,1.4
9331,39.68,1005.9184,-33166.51,0.99
9332,51.16,1072.6979,-26817.45,0.9
9333,57.84,1016.4769,-29075.04,0.84
9334,40.2,1075.6763,-30706.9,1.12
9335,50.44,1017.5337,-31518.63,1.09
9336,42.64,980.831,-30590.24,1.21
9337,41.68,1021.972,-43366.49,0.88
9338,44.76,1024.1663,-27578.57,1.21
9339,45.52,1039.1618,-33977.32,1.07
9340,48.56,1027.9956,-39398.22,1.04
9341,54.08,1065.9533,-36282.16,1.11
9342,36.84,1059.5892,-36263.34,0.89
9343,47.48,1035.2975,-27904.48,1.19
9344,33.72,1032.6647,-37586.02,1.13
9345,43.92,1015.6088,-33415.8,0.85
9346,43.48,1022.9519,-27569.85,1.0
9347,43.24,1042.5431,-34012.55,1.18
9348,45.0,1009.1816,-31246.28,0.95
9349,35.84,998.9016,-40961.46,1.28
9350,50.28,1106.7569,-34986.01,1.02
9351,35.44,1004.3283,-35189.53,0.93
9352,53.04,994.3379,-32867.55,0.91
9353,40.72,1024.3809,-31539.57,1.04
9354,47.12,1006.8972,-33031.26,1.06
9355,41.36,1002.4707,-33003.13,0.99
9356,45.2,1034.4875,-41761.89,1.17
9357,48.36,1025.6813,-43398.15,1.13
9358,52.56,1023.2288,-37474.42,1.32
9359,21.72,1004.3487,-43050.97,1.16
9360,40.52,1040.6999,-31898.8,1.26
9361,54.88,1029.5021,-35583.99,1.18
9362,45.0,1015.0307,-43383.61,1.22
9363,35.88,1033.0404,-35459.29,0.99
9364,48.04,1028.3893,-31638.18,1.14
9365,30.0,1039.3801,-33636.19,1.05
9366,37.96,1075.09,-32613.09,1.17
9367,36.48,1005.0195,-41059.69,0.91
9368,52.24,1008.8132,-31239.8,1.12
9369,40.0,988.7715,-34777.5,1.0
9370,20.6,1027.3119,-33520.77,1.04
9371,46.72,1004.3214,-33097.97,1.18
9372,51.24,1069.5968,-38181.23,1.0
9373,42.2,1015.1268,-39146.17,0.93
9374,50.88,1028.7534,-39646.52,0.9
9375,50.72,1048.8332,-32083.51,1.15
9376,42.12,1038.4244,-39738.73,1.13
9377,45.8,997.016,-34969.26,1.03
9378,46.28,1082.7804,-38756.66,1.17
9379,38.36,1030.146,-51392.06,0.81
9380,51.4,1025.4812,-35633.68,1.23
9381,49.48,1027.8521,-33623.23,1.23
9382,37.0,1037.2964,-31792.11,1.07
9383,40.08,1018.488,-37562.97,1.25
9384,32.12,975.7061,-36502.11,1.24
9385,36.8,1011.5944,-33322.93,0.94
9386,50.48,995.9971,-28956.1,1.23
9387,52.88,1013.5642,-33374.97,1.23
9388,37.68,991.8182,-36931.86,1.27
9389,56.76,1046.5162,-32025.77,1.39
9390,30.4,1116.7544,-37202.43,1.32
9391,35.16,995.3388,-38927.14,0.97
9392,32.72,1055.5978,-42304.75,1.24
9393,56.56,1052.9391,-34260.44,1.13
9394,44.32,1063.2047,-30336.22,1.08
9395,37.32,1040.2529,-29975.3,1.19
9396,57.6,1048.1116,-28054.66,1.01
9397,42.08,1007.2466,-39138.35,0.97
9398,30.56,1089.5993,-34786.33,1.13
9399,40.8,1009.3284,-39188.08,1.07
9400,57.44,1016.3477,-35091.71,0.95
9401,66.84,1039.8761,-28004.45,1.26
9402,45.92,1019.9895,-27507.5,1.17
9403,50.44,1010.0804,-33207.84,1.38
9404,49.92,1024.336,-33548.59,1.13
9405,35.44,987.4752,-38746.43,1.18
9406,29.76,999.2839,-38922.09,1.26
9407,44.76,1039.9164,-33732.61,1.18
9408,53.84,1097.0475,-34963.9,1.1
9409,39.92,983.9707,-32671.58,1.24
9410,55.0,1022.1501,-37471.07,1.18
9411,44.52,1044.8493,-36076.78,1.26
9412,42.6,1066.6647,-38274.76,1.15
9413,43.76,1065.0007,-32639.29,1.16
9414,52.8,1001.5752,-33023.09,1.2
9415,39.68,1046.7586,-35946.24,1.21
9416,59.32,1013.1211,-33250.02,1.21
9417,58.28,1036.7248,-33670.76,1.11
9418,43.84,1036.238,-33853.29,1.17
9419,52.68,1009.679,-31209.66,1.01
9420,60.48,985.3093,-28644.54,1.04
9421,58.76,1171.2256,-39963.2,1.17
9422,36.48,1283.7456,-37208.99,1.15
9423,54.4,1010.1541,-27248.4,1.08
9424,54.4,1018.2735,-27474.61,1.17
9425,25.2,1000.7044,-34971.8,0.84
9426,46.08,1034.554,-37838.08,1.09
9427,31.52,1062.0391,-28582.58,1.07
9428,50.16,1024.5288,-37441.79,0.95
9429,43.6,1022.5369,-31664.4,1.16
9430,40.48,997.5417,-34820.73,1.2
9431,56.24,1089.5481,-29183.8,1.01
9432,60.2,1059.2124,-34239.22,0.89
9433,43.92,1009.4971,-31251.5,0.86
9434,56.56,1036.5584,-29957.84,1.06
9435,26.68,979.2484,-32561.93,0.77
9436,58.72,1043.995,-35802.98,1.03
9437,45.0,1037.2256,-33878.38,1.16
9438,35.76,1010.548,-31180.81,0.89
9439,43.52,1045.6156,-39728.92,1.37
9440,40.64,1010.6243,-31302.87,1.0
9441,55.2,1076.2721,-30416.82,0.96
9442,63.76,971.2447,-26317.38,1.29
9443,51.92,1068.1784,-30472.68,1.13
9444,50.84,1090.4329,-31298.15,1.11
9445,47.08,982.815,-28607.81,0.9
9446,49.56,1020.8607,-31336.08,1.01
9447,38.12,1022.6597,-29459.37,1.04
9448,38.92,1014.7763,-39054.38,0.87
9449,45.2,1031.8236,-27428.41,0.96
9450,55.96,1016.6909,-35430.61,1.18
9451,40.32,968.4888,-30318.28,1.02
9452,56.84,1053.12,-30203.81,0.85
9453,44.44,1189.6336,-35124.19,1.19
9454,61.72,1090.9688,-30986.75,0.9
9455,41.16,1016.2893,-35220.1,0.83
9456,45.2,1090.942,-31061.12,1.06
9457,47.16,1047.7212,-30214.02,1.09
9458,65.52,1044.4076,-30038.82,1.13
9459,27.4,1030.8054,-27733.87,0.89
9460,55.16,978.2772,-30535.33,1.08
9461,38.44,1024.5685,-27641.78,1.06
9462,43.84,1070.1644,-34320.48,1.19
9463,43.8,1083.3291,-33011.07,1.09
9464,38.28,1095.9716,-29014.9,1.46
9465,62.08,982.9157,-26610.12,0.89
9466,40.0,1077.9557,-28822.2,1.17
9467,37.32,1057.0923,-34186.27,1.16
9468,29.88,1000.8796,-37019.12,1.1
9469,52.52,1004.3763,-29097.49,1.03
9470,47.0,1046.3659,-26159.15,1.0
9471,50.64,1013.4533,-29337.95,1.38
9472,47.8,1102.9349,-33163.5,1.15
9473,50.48,1180.7136,-33201.32,1.25
9474,53.32,1067.072,-26676.8,1.09
9475,43.56,1036.6834,-25917.08,1.0
9476,57.68,1055.7022,-28415.78,1.32
9477,44.08,976.8169,-24420.42,0.95
9478,35.4,1008.3847,-27186.02,1.12
9479,35.0,1036.0993,-35574.63,1.22
9480,45.88,981.5156,-24537.89,0.73
9481,54.6,1006.1073,-29209.37,1.21
9482,52.2,1022.5206,-25563.01,1.0
9483,62.08,1074.2516,-28892.3,1.0
9484,55.72,1015.8215,-33116.56,1.12
9485,35.48,994.1125,-30912.33,1.12
9486,51.28,1060.848,-34310.1,0.79
9487,49.4,990.2455,-32817.18,0.8
9488,58.6,1026.7756,-31627.84,0.89
9489,49.28,996.0364,-34918.96,1.08
9490,22.48,985.6029,-32768.46,1.16
9491,42.48,1070.207,-30560.4,1.3
9492,52.88,1026.8936,-27685.8,1.24
9493,45.52,1066.47,-28653.49,1.18
9494,31.12,1048.9834,-30143.67,1.06
9495,45.8,1063.6868,-36325.4,1.18
9496,62.4,1073.2072,-28753.53,0.9
9497,47.2,1074.14,-30632.23,1.24
9498,33.96,1040.6041,-28049.79,0.95
9499,66.92,968.6537,-30304.0,0.96
9500,49.6,1050.8189,-36095.8,1.05
9501,39.72,1022.4489,-33471.33,0.9
9502,56.16,1004.5907,-41191.65,1.05
9503,48.96,987.403,-32794.48,1.16
9504,58.28,1055.3359,-28322.8,1.17
9505,39.76,1041.0682,-28047.25,1.1
9506,37.76,1085.4446,-32705.17,1.08
9507,42.6,987.051,-26671.51,1.22
9508,61.48,1092.7082,-27317.7,1.07
9509,50.52,1013.0354,-29254.24,1.06
9510,53.64,1172.8424,-34799.81,0.76
9511,21.2,1001.055,-26991.46,1.21
9512,58.16,1026.1447,-33552.37,0.79
9513,60.52,1055.6422,-28337.47,1.05
9514,45.2,1138.9432,-30497.35,1.24
9515,48.56,1049.2433,-30095.48,0.93
9516,46.96,1046.3448,-32088.94,0.94
9517,40.68,986.1537,-26682.29,1.02
9518,47.64,986.808,-24670.2,1.08
9519,42.96,1049.8282,-34037.45,1.06
9520,41.28,1005.6731,-29171.67,1.19
9521,21.6,1081.2248,-29007.96,1.12
9522,35.56,1022.1406,-25553.52,1.07
9523,64.08,1115.1281,-27878.2,1.04
9524,58.44,1012.3215,-27332.03,0.76
9525,29.96,1139.0656,-32168.28,0.88
9526,53.72,1060.915,-26522.87,1.23
9527,65.6,1019.83,-25495.75,0.82
9528,52.8,1103.317,-29421.29,1.14
9529,47.64,985.2555,-26655.35,0.81
9530,45.44,1055.0991,-28325.9,0.88
9531,42.48,1010.7124,-25267.81,0.84
9532,61.4,1033.7606,-25844.01,0.83
9533,58.28,1008.0651,-27178.9,0.99
9534,44.36,1071.2351,-26780.88,1.08
9535,24.92,975.9061,-24397.65,0.93
9536,42.72,1059.1782,-28504.05,1.31
9537,38.76,1044.0511,-28046.46,0.95
9538,39.88,1054.7717,-28321.42,1.07
9539,48.68,1003.8498,-29114.8,1.18
9540,36.16,1022.0814,-25552.03,1.16
9541,38.68,997.4847,-26909.78,0.97
9542,60.64,1026.1441,-27667.39,1.2
9543,50.4,1024.3212,-27591.82,1.06
9544,42.24,1028.779,-25719.47,0.96
9545,27.0,1017.6248,-27441.87,1.01
9546,47.68,1107.714,-29492.51,0.88
9547,59.68,990.155,-26766.21,1.45
9548,44.44,1003.0238,-31124.74,1.27
9549,50.72,1018.3116,-27446.82,1.13
9550,50.72,1050.2169,-30091.02,1.21
9551,22.96,1018.2536,-31412.08,1.19
9552,53.8,1090.2408,-30999.77,1.19
9553,37.8,1028.1549,-25703.87,1.31
9554,49.64,1107.5232,-27688.08,1.05
9555,57.84,1085.441,-27136.02,0.79
9556,42.6,1214.7163,-32391.13,1.0
9557,41.6,1048.938,-30157.16,1.2
9558,57.88,1060.5035,-28531.04,1.18
9559,44.84,1012.4002,-27273.91,1.09
9560,59.36,993.1257,-26840.49,0.87
9561,58.4,1043.759,-26093.98,1.22
9562,54.36,1069.783,-26744.58,0.97
9563,45.0,1121.0556,-31907.86,1.1
9564,39.64,996.5776,-28897.32,1.05
9565,43.48,1046.6166,-30040.5,0.95
9566,52.72,1004.1483,-27097.81,0.98
9567,52.44,1180.797,-36568.96,1.24
9568,46.8,999.3717,-26950.29,1.13
9569,51.8,1089.842,-27246.05,0.82
9570,52.24,1045.6778,-28165.69,1.11
9571,48.72,1086.0703,-29093.38,1.09
9572,57.04,1006.5334,-25163.34,0.81
9573,41.84,1027.4913,-27635.13,1.04
9574,48.4,1004.9261,-29159.42,0.92
9575,53.52,1028.3161,-29658.04,0.89
9576,46.12,1057.5459,-30503.19,1.15
9577,52.12,1105.19,-33402.26,1.15
9578,57.88,990.5762,-30758.53,1.07
9579,41.84,1044.2101,-29852.8,1.11
9580,46.76,1166.1881,-34810.76,0.75
9581,49.56,984.2546,-30588.93,0.7
9582,40.84,1118.3369,-35162.38,1.1
9583,62.68,1033.5664,-29735.97,1.09
9584,42.08,1032.5529,-31877.22,1.06
9585,37.96,1021.2524,-27554.43,0.89
9586,50.8,1002.4096,-27039.88,1.07
9587,39.2,1049.9733,-28213.14,0.75
9588,47.72,1012.7436,-29297.28,0.83
9589,27.24,979.3027,-26502.94,0.86
9590,51.32,1024.6747,-25616.87,0.87
9591,39.6,1061.6412,-28325.56,1.0
9592,58.6,1024.4656,-25611.64,1.04
9593,38.52,1027.9341,-27632.85,1.21
9594,47.6,1013.964,-27372.43,1.03
9595,47.28,1067.8424,-28678.11,1.03
9596,64.16,1018.3918,-25459.8,0.77
9597,48.04,1059.6932,-30410.33,1.12
9598,43.8,1029.1894,-29656.64,1.08
9599,45.08,997.5932,-26958.29,0.99
9600,32.16,1009.6689,-29223.24,0.91
9601,46.0,1012.8001,-25320.0,0.87
9602,62.8,1071.479,-30796.31,1.34
9603,49.68,986.9272,-26685.54,0.97
9604,57.36,1014.5332,-25363.33,1.22
9605,39.44,1045.9439,-30154.4,1.0
9606,47.24,968.0689,-26232.22,1.17
9607,49.44,1025.965,-27620.67,1.17
9608,50.2,1021.1121,-27517.11,1.02
9609,61.08,1016.743,-25418.57,1.03
9610,50.04,1034.666,-27833.12,1.31
9611,38.36,1045.1854,-28147.98,1.03
9612,34.72,1051.7688,-32012.98,1.14
9613,56.6,992.2033,-24805.08,0.84
9614,53.24,1066.3923,-26659.81,1.12
9615,47.92,1109.1729,-27729.32,1.04
9616,51.56,1151.8472,-28796.18,1.07
9617,56.96,1066.7659,-28275.98,1.03
9618,48.96,1097.9736,-31254.71,1.25
9619,24.64,1003.743,-27092.89,0.94
9620,40.16,981.0258,-28562.46,0.88
9621,48.96,1035.6173,-25890.43,1.11
9622,40.68,989.0752,-26745.67,0.93
9623,48.04,1076.8204,-30742.49,1.28
9624,38.56,1040.9206,-26023.02,1.01
9625,35.48,1010.9673,-27294.22,1.05
9626,32.16,1021.912,-37287.78,0.99
9627,50.56,1043.1007,-26077.52,1.34
9628,49.68,1032.335,-25808.38,1.01
9629,59.24,983.1384,-24578.46,1.23
9630,52.4,1030.1632,-27764.26,1.12
9631,52.64,991.2298,-26817.62,1.2
9632,51.92,994.884,-26891.75,1.14
9633,49.48,1205.121,-42627.49,1.15
9634,34.92,1027.3926,-33538.28,1.02
9635,52.24,996.1825,-38952.93,1.26
9636,39.88,1144.3921,-32591.01,1.12
9637,38.68,1020.415,-39504.38,1.19
9638,33.84,1025.0565,-25626.41,1.23
9639,30.76,1016.2682,-31336.78,1.14
9640,48.56,1034.994,-27826.88,1.17
9641,41.88,995.2752,-26905.05,1.26
9642,54.52,1086.666,-38713.33,1.16
9643,26.16,970.881,-30359.52,0.8
9644,48.92,1068.2472,-28557.69,1.14
9645,36.68,1025.865,-33605.11,1.19
9646,50.16,1004.7043,-27101.4,1.13
9647,38.72,1004.2928,-38960.89,1.13
9648,43.28,1055.0006,-30035.44,1.25
9649,41.4,1037.476,-29810.97,0.92
9650,46.0,1046.8286,-28147.88,1.27
9651,36.24,998.8975,-30973.84,0.97
9652,53.68,1002.4532,-30987.53,1.05
9653,43.28,1080.315,-32811.48,1.22
9654,51.2,1018.0745,-33524.42,1.15
9655,43.24,998.5322,-35016.3,1.04
9656,42.6,1019.6113,-29126.66,1.26
9657,44.8,1077.0236,-30799.79,1.12
9658,51.08,1165.6098,-30884.27,0.92
9659,41.68,975.6596,-26425.37,0.95
9660,48.32,1000.8204,-31002.67,1.15
9661,52.32,1024.6829,-25617.07,1.16
9662,37.76,1024.6214,-25615.54,1.32
9663,50.48,1025.1869,-31717.93,1.28
9664,44.68,1003.9823,-25099.56,1.12
9665,42.72,1062.3404,-26558.51,1.17
9666,42.16,1021.9703,-29605.71,1.12
9667,59.04,998.2074,-30898.54,1.17
9668,47.76,990.7894,-26806.02,0.99
9669,29.76,970.0192,-30347.29,0.85
9670,33.92,986.4145,-28653.17,1.29
9671,61.6,1015.9208,-25398.02,1.23
9672,61.36,967.8062,-24195.16,1.17
9673,33.24,985.2189,-28687.6,1.06
9674,45.2,1010.348,-27252.15,0.85
9675,47.28,1038.3783,-25959.46,0.97
9676,45.8,1131.5789,-30152.4,1.0
9677,28.6,1089.3511,-27233.78,0.98
9678,32.76,984.9184,-24622.96,1.13
9679,41.32,1046.6182,-26165.45,1.02
9680,49.8,1041.1305,-26028.26,1.11
9681,63.16,1008.5858,-25214.64,1.07
9682,57.08,1050.5582,-28227.2,0.97
9683,61.4,963.1345,-24078.36,0.92
9684,41.24,1046.2202,-26155.51,1.31
9685,53.36,1098.8594,-27471.48,1.13
9686,50.12,1104.0795,-27601.99,1.09
9687,42.88,1031.1647,-29631.63,1.02
9688,33.04,1060.8268,-26520.67,1.07
9689,53.08,1069.2516,-26731.29,1.19
9690,39.8,1085.6573,-28938.99,0.9
9691,45.72,1061.8423,-28518.63,1.1
9692,50.52,1014.069,-27359.46,1.05
9693,43.76,982.6518,-26585.51,0.77
9694,45.04,1202.6912,-30067.28,1.1
9695,49.24,998.2325,-24955.81,1.07
9696,44.04,1033.4414,-25836.04,0.85
9697,51.84,1023.0379,-25575.95,1.14
9698,45.56,1028.0981,-27675.42,0.85
9699,37.6,1101.6086,-31213.16,1.22
9700,49.56,1050.9607,-28222.55,0.84
9701,35.24,1177.381,-29434.53,0.9
9702,47.96,1117.461,-29938.76,0.98
9703,62.44,998.1102,-24952.75,1.07
9704,54.84,1065.64,-26641.0,0.86
9705,51.8,1031.7742,-27832.05,0.89
9706,48.68,1097.2423,-27431.06,1.09
9707,38.36,982.3524,-24558.81,0.74
9708,32.76,1005.7121,-25142.8,1.02
9709,49.4,978.0053,-24450.13,0.76
9710,40.24,1033.2158,-25830.4,1.06
9711,53.52,993.2468,-24831.17,0.81
9712,41.16,1045.874,-26146.85,1.15
9713,40.84,984.3846,-24609.62,0.87
9714,61.32,977.737,-26467.66,0.83
9715,50.32,1118.2412,-27956.03,1.46
9716,60.8,1019.0823,-25477.06,0.86
9717,43.76,1052.0644,-28249.61,0.88
9718,42.52,1147.0041,-28675.1,0.92
9719,37.04,1046.2894,-26157.24,1.14
9720,55.68,1393.682,-36438.64,0.84
9721,40.88,990.4807,-26780.63,1.04
9722,44.76,1003.1714,-27095.68,0.99
9723,43.48,1028.7199,-25718.0,1.02
9724,45.64,1042.6448,-28032.35,0.71
9725,22.96,1000.0332,-25000.83,0.86
9726,58.72,975.9663,-24399.16,0.72
9727,49.72,1061.3663,-26534.16,0.78
9728,48.16,1053.4867,-26337.17,0.88
9729,28.88,1057.6668,-26441.67,0.9
9730,46.08,1033.6246,-29841.4,0.88
9731,55.6,1043.9459,-26098.65,1.09
9732,42.32,1034.3625,-25859.06,0.89
9733,36.76,962.6378,-26103.84,0.73
9734,47.64,1069.0954,-28659.97,0.97
9735,57.36,1152.528,-28813.2,1.05
9736,27.2,1001.2502,-27029.62,0.82
9737,44.44,1324.6263,-33115.66,0.77
9738,50.92,1039.9887,-25999.72,0.83
9739,36.4,997.3498,-24933.74,1.03
9740,63.68,1017.2999,-27418.29,1.14
9741,60.32,1015.4576,-27372.44,1.09
9742,53.12,1032.9398,-25823.5,0.73
9743,40.48,1008.5216,-27209.2,1.11
9744,53.52,990.8427,-24771.07,0.94
9745,52.04,976.5352,-24413.38,1.15
9746,60.48,988.557,-24713.92,0.69
9747,67.12,993.4611,-24836.53,0.86
9748,32.04,976.2528,-26443.3,0.87
9749,44.68,978.8872,-24472.18,0.86
9750,51.6,1069.059,-26726.48,0.89
9751,57.8,966.9994,-26211.64,0.83
9752,34.88,971.1291,-24278.23,1.07
9753,53.36,1036.9941,-25924.85,0.86
9754,47.48,1112.7339,-31781.87,1.08
9755,28.2,1064.727,-26618.17,0.99
9756,50.88,1022.8359,-25570.9,0.83
9757,40.24,1008.5258,-25213.15,1.05
9758,50.4,1019.7771,-25494.43,0.88
9759,48.08,1124.2579,-28106.45,1.04
9760,53.84,1038.1241,-27971.48,0.93
9761,46.04,1003.7358,-25093.4,0.9
9762,50.16,1039.9317,-25998.29,1.13
9763,42.2,995.0602,-24876.5,0.72
9764,47.92,1028.7639,-25719.1,1.06
9765,73.32,1042.2662,-26056.65,0.91
9766,47.44,1018.1175,-29234.01,0.8
9767,59.0,1049.9642,-28195.52,0.88
9768,67.32,991.85,-24796.25,0.75
9769,45.32,1042.3559,-26058.9,0.84
9770,40.76,1151.1842,-28779.6,0.81
9771,38.36,1031.9627,-25799.07,0.89
9772,46.84,981.4293,-26555.33,0.73
9773,40.6,988.4813,-24712.03,0.9
9774,42.84,1010.3105,-25257.76,0.89
9775,36.56,980.9022,-24522.56,0.81
9776,41.68,1080.1098,-27002.75,1.11
9777,47.32,1125.1318,-28128.29,0.8
9778,66.04,1002.3622,-25059.05,0.89
9779,45.28,983.512,-24587.8,0.76
9780,51.84,978.6745,-26491.06,1.14
9781,50.12,1064.9617,-30526.46,0.73
9782,52.44,1011.8214,-25295.54,0.77
9783,55.68,1053.0679,-26326.7,1.02
9784,49.04,1019.269,-25481.72,1.14
9785,53.0,1017.7009,-27429.54,0.78
9786,58.56,1001.8082,-25045.21,0.82
9787,46.32,1052.8788,-26321.97,0.79
9788,55.28,1035.2576,-25881.44,0.88
9789,51.44,1052.6402,-26316.0,0.93
9790,29.16,1028.4556,-25711.39,0.9
9791,51.36,1011.6711,-25291.78,0.94
9792,63.96,1106.2382,-27655.96,1.02
9793,45.2,1277.5408,-31938.52,1.11
9794,48.6,1246.8031,-31170.08,1.1
9795,59.4,1059.7118,-26492.8,0.78
9796,50.12,1010.4336,-27205.56,1.02
9797,47.92,1326.6526,-35189.91,0.97
9798,50.12,1051.1372,-26278.43,0.79
9799,46.8,1173.7811,-31133.67,0.97
9800,39.84,1065.0005,-26625.01,0.94
9801,52.52,1062.8202,-26570.5,0.85
9802,33.08,998.4506,-24961.26,0.78
9803,42.88,990.6944,-24767.36,0.77
9804,32.44,990.8028,-24770.07,0.74
9805,56.48,1048.0865,-26202.16,1.06
9806,40.8,977.894,-24447.35,0.76
9807,47.36,985.469,-24636.73,1.04
9808,43.48,1210.5987,-32204.28,0.81
9809,53.84,1032.8696,-25821.74,0.84
9810,26.4,1032.1016,-25802.54,0.9
9811,49.04,1033.7729,-25844.32,0.74
9812,45.4,1032.4538,-25811.34,0.83
9813,37.04,1060.8739,-26521.85,0.87
9814,56.08,1212.7455,-33874.87,0.75
9815,60.48,965.498,-26174.88,0.72
9816,51.16,1036.0576,-25901.44,0.82
9817,50.48,1323.2928,-33082.32,0.78
9818,50.0,1100.6496,-33543.04,0.99
9819,57.52,1031.9432,-25798.58,0.96
9820,43.88,978.4529,-24461.32,0.75
9821,43.84,977.0425,-24426.06,0.74
9822,29.32,968.3309,-24208.27,0.74
9823,39.68,1009.5565,-25238.91,0.76
9824,53.4,999.8749,-24996.87,0.85
9825,41.24,1034.8301,-25870.75,0.72
9826,49.24,1249.3031,-31232.58,0.71
9827,30.24,968.8754,-28284.89,0.76
9828,55.36,1017.2176,-25430.44,0.87
9829,46.08,1020.4442,-25511.11,0.79
9830,51.72,1012.1675,-27290.87,0.72
9831,64.0,979.8206,-30565.44,0.67
9832,62.68,1077.0089,-26925.22,0.98
9833,48.04,981.4068,-24535.17,1.06
9834,46.28,980.5692,-24514.23,0.73
9835,34.4,1070.2667,-28621.18,0.93
9836,54.64,1387.3127,-34682.82,0.72
9837,58.44,1049.3694,-26234.23,0.97
9838,50.72,1025.9833,-27499.74,0.97
9839,33.44,985.509,-26660.0,0.82
9840,59.96,1006.2081,-29091.58,1.01
9841,33.96,1060.5173,-26512.93,0.95
9842,51.44,1036.7817,-27864.23,0.78
9843,57.84,1062.0468,-26551.17,0.74
9844,57.64,991.211,-24780.28,0.89
9845,53.24,1054.8514,-26371.29,1.09
9846,59.68,1006.9586,-25173.96,0.98
9847,45.4,1000.9488,-25023.72,1.02
9848,58.6,1034.0839,-29782.51,0.81
9849,53.96,1025.7128,-27610.08,1.0
9850,65.8,1285.1175,-32127.94,0.98
9851,32.8,1051.892,-28242.43,0.89
9852,36.76,984.5247,-24613.12,1.02
9853,54.96,1029.7541,-25743.85,0.91
9854,54.96,1075.3066,-26882.67,0.88
9855,51.12,1137.4757,-28436.89,0.83
9856,47.88,1137.6344,-30297.91,0.97
9857,60.48,1011.001,-25275.02,0.88
9858,39.48,1028.1044,-27704.9,1.13
9859,49.84,1013.2768,-25331.92,0.73
9860,48.0,1018.7344,-29381.74,0.87
9861,36.08,1087.5059,-29102.35,0.84
9862,50.16,1016.0168,-25400.42,0.81
9863,47.72,1202.48,-30062.0,0.71
9864,29.6,969.4652,-24236.63,0.82
9865,46.96,1202.3419,-30058.55,1.06
9866,43.72,1048.2964,-26207.41,0.98
9867,31.36,1369.1809,-37460.67,0.82
9868,45.88,1005.3355,-25133.39,0.89
9869,58.6,1070.3432,-26758.58,0.85
9870,37.76,974.4291,-24360.73,1.01
9871,44.44,1238.8349,-30970.87,0.78
9872,45.44,976.5429,-24413.57,0.88
9873,63.72,993.4222,-24835.56,0.83
9874,44.24,1053.9054,-26347.64,0.99
9875,42.84,1023.4093,-27575.82,0.97
9876,55.2,1031.8231,-27763.78,0.99
9877,46.92,981.3374,-24533.43,0.81
9878,38.72,1030.056,-27770.97,1.05
9879,53.28,1035.1102,-25877.75,1.01
9880,38.64,1033.7219,-27810.05,0.75
9881,48.88,1058.7676,-30490.99,0.84
9882,50.56,1033.0218,-25825.54,0.97
9883,53.16,991.2063,-24780.16,0.82
9884,53.64,1039.5858,-27956.5,0.95
9885,44.76,1050.4078,-28209.04,0.76
9886,36.0,1036.3478,-29958.99,1.03
9887,39.0,983.0537,-26596.28,0.71
9888,22.84,980.6316,-24515.79,0.84
9889,46.96,1245.2946,-31132.37,0.74
9890,23.68,983.2289,-26612.21,0.82
9891,51.36,1006.7553,-25168.88,0.85
9892,50.32,1014.6078,-25365.2,0.69
9893,58.12,1391.3859,-34784.65,0.73
9894,34.04,970.9558,-24273.89,0.98
9895,38.96,1010.4051,-27224.63,0.93
9896,46.04,976.3182,-24407.95,0.8
9897,53.6,993.0172,-26833.11,1.18
9898,50.8,975.343,-26420.69,0.98
9899,42.08,985.6666,-24641.66,0.76
9900,33.2,970.3296,-26290.64,0.72
9901,46.72,1054.9101,-28321.62,0.73
9902,42.08,1060.8584,-28459.59,0.7
9903,43.24,981.7,-26541.77,1.02
9904,54.32,1015.3003,-27366.11,0.76
9905,26.36,999.6909,-26992.42,0.68
9906,42.28,999.0736,-26995.48,0.74
9907,44.36,1022.1792,-27545.31,0.79
9908,41.72,977.721,-24443.03,0.72
9909,51.88,1035.9984,-25899.96,0.88
9910,31.84,1043.6344,-26090.86,1.13
9911,39.16,1135.4461,-28386.15,0.98
9912,49.88,993.454,-26843.34,0.98
9913,53.48,1022.869,-25571.72,0.93
9914,44.24,1053.5067,-26337.67,0.78
9915,48.08,1032.955,-25823.88,0.69
9916,51.08,1040.6252,-26015.63,0.68
9917,51.08,1007.2535,-27175.23,0.89
9918,50.08,1029.7035,-25742.59,1.03
9919,36.8,1039.9913,-25999.78,0.88
9920,39.32,971.6826,-24292.07,0.67
9921,49.96,1059.1057,-26477.64,0.78
9922,33.8,1031.0597,-25776.49,1.19
9923,25.24,1001.1022,-25027.55,0.81
9924,43.48,1237.2805,-30932.01,0.74
9925,47.92,1141.8982,-28547.46,0.78
9926,62.92,1021.8406,-25546.02,1.0
9927,62.16,988.5745,-24714.36,0.81
9928,49.72,1286.1888,-32154.72,0.75
9929,62.48,1013.1184,-25327.96,1.26
9930,49.76,1023.5772,-25589.43,0.79
9931,43.8,1162.9867,-30904.01,0.84
9932,55.24,985.9866,-24649.67,0.71
9933,48.84,1016.9406,-27407.23,0.74
9934,46.88,1065.233,-28570.04,0.87
9935,35.6,975.6347,-28446.15,0.95
9936,36.6,1053.7139,-32191.73,0.75
9937,50.12,1028.4832,-25712.08,0.97
9938,47.6,1059.6148,-28513.52,0.88
9939,32.84,980.2581,-32585.65,0.9
9940,50.6,1016.686,-29419.57,0.98
9941,33.76,1015.4588,-25386.47,1.18
9942,45.24,1030.4474,-29435.47,1.12
9943,41.52,1052.3164,-26307.91,1.21
9944,61.28,1007.6614,-27198.52,1.05
9945,55.16,1020.662,-29518.71,1.07
9946,44.16,1048.0853,-29952.55,1.34
9947,47.16,1016.318,-27427.23,1.12
9948,44.52,1018.6648,-33468.88,0.92
9949,48.8,1073.3096,-32435.04,1.17
9950,51.84,1046.3659,-26159.15,0.88
9951,43.68,1343.3929,-36728.14,0.91
9952,42.96,1020.4117,-29585.76,1.18
9953,54.6,998.873,-29019.3,1.18
9954,67.2,1011.4686,-27267.74,1.2
9955,56.4,1055.6326,-32246.53,1.22
9956,55.08,1022.4727,-29430.42,1.09
9957,47.24,1033.8788,-31789.73,1.11
9958,42.12,1023.2568,-29623.0,1.12
9959,51.2,1021.411,-25535.27,0.98
9960,46.12,1051.5211,-26288.03,1.21
9961,61.4,1023.2591,-31515.59,0.79
9962,56.64,1040.1036,-26002.59,0.85
9963,58.4,1079.2862,-32901.42,1.16
9964,62.36,1023.4655,-29431.17,0.92
9965,38.64,1124.7706,-30137.85,1.17
9966,61.4,1015.5114,-27411.18,0.91
9967,48.08,1032.5488,-31715.27,1.04
9968,30.8,1032.9434,-27672.53,1.16
9969,58.6,1071.0775,-26776.94,0.82
9970,37.0,1028.3156,-25707.89,1.28
9971,44.04,1028.6635,-25716.59,1.22
9972,59.2,1138.6142,-32175.53,0.79
9973,51.56,1006.9844,-27168.92,0.92
9974,46.44,1034.711,-29828.55,0.99
9975,52.92,991.9702,-30823.02,0.81
9976,48.84,1129.4493,-28236.23,0.96
9977,48.2,985.1302,-24628.26,1.1
9978,47.04,979.5192,-24487.98,0.78
9979,56.4,1041.5369,-28036.44,1.15
9980,42.92,989.4145,-24735.36,1.14
9981,47.24,1009.0077,-27241.11,0.97
9982,40.64,1368.4489,-35826.82,1.13
9983,38.72,1004.3388,-25108.47,1.01
9984,26.0,997.0129,-24925.32,1.16
9985,33.52,996.5518,-32921.9,0.77
9986,58.84,1044.6841,-26117.1,1.09
9987,45.16,977.6258,-24440.64,0.76
9988,53.08,1004.1443,-29062.96,0.92
9989,54.0,1033.9989,-27814.22,0.81
9990,56.92,1054.8671,-28335.58,1.1
9991,45.2,1040.6618,-29916.3,0.94
9992,50.0,1026.3452,-27622.39,0.93
9993,39.16,1032.9594,-25823.99,1.15
9994,56.56,1099.274,-31276.46,1.1
9995,46.76,1046.1852,-27820.12,0.97
9996,54.44,1011.6613,-27317.56,1.35
9997,49.08,1046.4146,-28120.62,0.85
9998,55.88,1054.3394,-26358.48,1.02
9999,45.76,1032.3669,-29743.58,1.1
10000,47.72,1027.0442,-25676.1,1.02
