episode,avg_pods,avg_latency,reward,execution_time
1,35.12,1015.1246,-55612.41,1.07
2,50.0,1038.4845,-59543.89,1.01
3,34.0,1012.6676,-49123.08,1.12
4,38.04,1020.0156,-51162.77,1.12
5,52.72,1058.5338,-51454.19,1.13
6,54.16,987.526,-48829.01,1.27
7,47.72,1014.0346,-51133.59,1.34
8,50.2,1051.7218,-53582.5,1.32
9,37.04,1067.101,-51742.59,1.15
10,54.08,1058.5776,-55442.67,1.14
11,49.68,1035.342,-53114.93,1.15
12,31.24,1015.9106,-47408.06,1.25
13,53.56,1045.7567,-53377.16,1.15
14,42.0,1022.8248,-55448.65,1.2
15,49.56,1023.2438,-43351.19,1.19
16,62.28,1064.9023,-47966.77,1.28
17,51.32,1029.35,-43324.79,1.16
18,54.12,1041.1842,-51921.01,1.01
19,41.04,1047.2171,-49767.02,1.14
20,45.96,1020.6321,-55268.14,1.18
21,45.4,1070.1765,-53975.77,1.09
22,34.8,994.1007,-56884.71,1.15
23,56.72,1032.6791,-49294.72,1.35
24,39.04,1014.7577,-45173.9,1.45
25,35.8,1063.1314,-51816.45,1.21
26,60.36,1075.3183,-57917.7,1.03
27,60.2,1007.255,-41119.52,1.23
28,53.4,1051.2555,-53288.62,1.17
29,50.36,1006.0627,-43117.15,1.38
30,52.6,1052.2021,-53645.43,1.17
31,56.32,1054.2689,-41803.89,1.16
32,48.64,1019.015,-49545.93,1.17
33,53.44,1024.7124,-47432.5,1.05
34,51.48,1026.1533,-45394.03,1.14
35,47.64,1037.6906,-53456.38,1.15
36,45.44,1094.1319,-42933.76,1.18
37,47.4,1089.0421,-57685.43,1.03
38,48.8,1023.5887,-55488.5,1.21
39,49.04,1060.0605,-51686.4,1.21
40,49.2,1023.8548,-53257.24,1.18
41,51.84,1017.4412,-47139.7,1.29
42,45.4,1005.2391,-45173.86,1.25
43,29.64,1010.5185,-47216.97,1.27
44,58.52,1062.9118,-44363.59,1.2
45,44.32,996.5025,-49027.29,1.12
46,59.08,1047.7985,-55310.08,1.16
47,35.96,1031.6148,-49270.32,1.13
48,50.84,1002.5387,-48980.35,1.38
49,57.68,1031.6732,-47416.49,1.26
50,54.2,1037.8357,-47578.29,1.25
51,45.44,1004.3169,-53220.29,1.29
52,50.64,1036.4565,-51423.02,1.11
53,50.2,1038.8076,-55360.22,1.07
54,53.12,1017.287,-49352.65,1.51
55,46.4,999.0788,-44949.19,1.11
56,46.56,1023.8957,-47263.92,1.33
57,59.76,1021.4001,-55372.14,1.41
58,50.84,1044.2269,-39428.91,1.34
59,53.64,1084.2052,-46022.61,1.3
60,53.92,1059.2086,-47670.4,1.19
61,65.52,992.8763,-46995.42,1.09
62,50.36,1020.1316,-51459.4,1.22
63,47.32,1080.7129,-55805.98,1.08
64,47.76,1047.7267,-49787.22,1.25
65,43.96,1045.9954,-51498.28,1.22
66,51.56,1094.5053,-52119.95,1.17
67,59.08,1007.027,-46921.88,1.24
68,42.12,1009.3848,-43123.27,1.2
69,57.6,1023.4446,-53131.49,1.1
70,60.88,1013.3593,-52946.98,1.25
71,40.6,1044.3124,-45323.68,1.34
72,43.0,1032.1989,-49443.13,1.46
73,44.92,1036.0692,-49467.18,1.09
74,43.04,1051.7941,-51615.12,1.32
75,52.76,1020.3618,-51376.38,1.13
76,53.12,1032.622,-49404.9,1.29
77,40.24,1155.6348,-52716.81,1.17
78,56.68,1018.8893,-45281.88,1.28
79,56.56,1033.4956,-47667.41,1.15
80,57.8,1047.8124,-41955.92,1.2
81,56.44,1039.8383,-42110.0,1.22
82,48.16,1042.3392,-51501.45,1.23
83,62.88,1011.1328,-39400.38,1.34
84,41.8,1021.8337,-45001.72,1.27
85,54.48,1057.9298,-43289.53,1.25
86,50.76,1014.6886,-55267.98,1.07
87,47.08,1059.2217,-43874.79,1.27
88,47.84,1020.2552,-49126.03,1.26
89,51.72,1059.9162,-42071.87,1.27
90,46.76,1061.6106,-51749.2,1.15
91,42.96,1052.1638,-51710.25,1.26
92,45.0,1025.3273,-47402.42,1.18
93,51.0,1047.2008,-39621.29,1.25
94,43.2,1022.7138,-51439.39,1.35
95,49.52,1082.0636,-52097.79,1.43
96,51.84,1018.5132,-49157.92,1.22
97,52.4,1070.5684,-47879.36,1.29
98,47.56,1083.2606,-53750.13,1.17
99,44.32,1057.4158,-34193.78,1.26
100,43.48,984.224,-54883.51,1.22
101,37.52,989.5772,-48748.71,1.37
102,38.16,995.5254,-49065.01,1.6
103,59.8,1053.9358,-45838.36,1.28
104,54.32,1064.306,-51926.68,1.31
105,39.76,1002.4052,-47060.17,1.31
106,48.04,1029.3838,-47295.62,1.15
107,57.52,1056.7447,-49823.38,1.22
108,41.44,1021.605,-51276.12,1.19
109,44.84,1082.2527,-43966.66,1.21
110,29.96,1029.2778,-55306.32,1.2
111,48.0,1084.6041,-51935.78,1.12
112,44.16,1037.8407,-47144.42,1.1
113,31.92,1038.9854,-59245.2,1.25
114,41.68,1046.1078,-41359.29,1.2
115,48.96,1046.4414,-51619.99,1.1
116,47.24,1014.6338,-41545.7,1.11
117,51.0,1041.4524,-45301.13,1.37
118,39.92,1051.5935,-49671.96,1.38
119,52.4,1001.8258,-59015.8,1.07
120,42.4,1023.4218,-43225.67,1.26
121,34.16,994.864,-49036.34,1.41
122,55.84,1007.7153,-47194.32,1.24
123,46.84,1023.2693,-52976.85,1.02
124,44.28,1049.321,-49928.08,1.23
125,64.2,1004.033,-43357.59,1.25
126,47.4,1018.1982,-47337.9,1.2
127,37.24,1010.3278,-47382.33,1.24
128,64.24,1045.614,-49599.95,1.16
129,57.96,1055.841,-41791.24,1.19
130,38.76,1036.0339,-59048.27,1.08
131,59.0,1055.061,-47704.52,1.21
132,38.0,980.6028,-50771.61,1.2
133,48.0,1092.1778,-52344.85,1.16
134,47.32,1013.4034,-43305.81,1.18
135,30.56,1044.7993,-55458.25,1.16
136,60.32,1126.6133,-45156.87,1.19
137,55.36,1047.3882,-49362.29,1.14
138,47.0,999.9152,-48965.32,1.17
139,55.24,1060.9749,-47827.82,1.16
140,53.28,1001.9912,-46913.86,1.1
141,60.28,1030.3656,-51529.6,1.35
142,50.52,1037.4295,-41559.59,1.19
143,45.32,1065.7849,-49693.52,1.11
144,52.04,1015.9214,-52988.0,1.11
145,42.56,1030.3738,-43515.62,1.17
146,54.12,1048.4162,-52021.51,1.15
147,41.4,1028.7461,-45627.35,1.15
148,41.6,1012.4627,-51134.94,1.04
149,50.0,1024.5173,-51602.67,1.34
150,52.0,1038.9389,-43727.33,1.25
151,39.16,1020.8912,-47427.16,1.35
152,41.08,1075.102,-40302.61,1.23
153,45.76,1025.8073,-55067.06,1.21
154,55.48,1048.5843,-39832.66,1.25
155,37.6,1036.2867,-51296.17,1.18
156,55.6,1048.4848,-57902.69,1.24
157,43.24,1051.8836,-49345.18,1.25
158,49.92,1053.5245,-43910.22,1.19
159,55.76,1043.929,-41530.26,1.75
160,33.32,1011.8708,-49029.18,1.68
161,43.92,1132.8225,-46789.53,1.16
162,43.6,1051.6844,-47688.21,1.1
163,58.24,1081.3491,-44108.97,1.22
164,61.36,1121.1828,-53999.21,1.29
165,53.2,1022.8494,-49322.13,1.04
166,51.88,1026.4535,-45473.67,1.23
167,50.56,986.664,-54845.72,1.13
168,61.92,988.2688,-50870.22,1.16
169,44.2,1015.993,-56880.36,1.09
170,55.6,1033.1998,-43543.31,1.27
171,45.76,1014.1404,-47281.72,1.19
172,52.64,1003.9488,-41117.43,1.18
173,56.52,1054.1884,-49799.33,1.25
174,39.12,1072.7739,-46129.04,1.15
175,59.0,1058.2755,-43750.79,1.25
176,52.56,1053.156,-51268.51,1.08
177,47.28,1037.855,-45226.92,1.1
178,53.32,1015.4663,-41210.7,1.21
179,43.4,1032.5668,-47500.47,1.2
180,43.72,1046.656,-45664.38,1.22
181,49.96,1020.0023,-45121.13,0.97
182,27.88,995.9776,-49246.9,1.16
183,57.08,1025.9445,-53192.31,1.21
184,46.04,1006.6562,-53131.0,1.23
185,36.88,998.328,-56871.84,1.13
186,59.8,1069.5707,-44435.57,1.12
187,49.88,993.9556,-46894.81,1.15
188,52.8,1035.2093,-55292.71,1.25
189,51.8,1010.5034,-45026.51,1.26
190,49.48,1023.9519,-51358.22,1.27
191,47.84,1082.1142,-46242.54,1.12
192,47.4,1020.8016,-45399.46,1.13
193,48.48,1024.2893,-43352.2,1.25
194,52.12,1036.0542,-49010.16,1.21
195,45.04,1010.3782,-47108.08,1.21
196,58.6,1029.6025,-43533.19,1.21
197,28.64,1022.1802,-52871.79,1.11
198,39.52,1028.68,-41706.11,1.27
199,44.52,1043.7517,-49668.47,1.25
200,49.36,1034.8156,-51327.25,1.25
201,34.44,1011.9606,-50988.99,1.42
202,41.44,1027.0548,-43147.31,1.34
203,50.56,1060.6578,-42051.86,1.19
204,50.56,1079.2154,-55775.15,1.17
205,51.6,1019.469,-43280.49,1.21
206,42.84,1038.6257,-49434.89,1.23
207,54.72,1051.274,-49720.67,1.1
208,47.96,1035.1154,-49539.47,1.13
209,54.68,1085.7275,-49854.0,1.09
210,43.8,1007.5553,-41287.66,1.21
211,43.2,1063.0156,-44083.47,1.22
212,42.8,1039.6601,-47593.9,1.28
213,51.52,1096.8657,-42573.16,1.24
214,46.36,1040.4814,-55156.54,1.11
215,42.76,1027.526,-45592.12,1.27
216,49.24,1044.0754,-45790.77,1.02
217,57.0,1036.8957,-47602.92,1.12
218,59.44,1023.6782,-53239.79,1.23
219,40.36,1037.9876,-53336.61,1.18
220,52.96,1028.6091,-51488.37,1.11
221,41.52,1057.1024,-49711.65,1.19
222,49.92,1030.2396,-49569.35,1.09
223,58.72,1002.8085,-54932.42,1.16
224,43.6,1031.2983,-47460.85,1.12
225,57.28,1027.0974,-41323.35,1.21
226,42.6,1018.041,-49320.44,1.28
227,51.24,1040.8083,-47721.55,1.15
228,49.04,1028.802,-51470.69,1.04
229,46.16,1062.8429,-54090.92,1.25
230,49.52,1025.041,-47309.09,1.26
231,56.2,1030.3372,-49530.28,1.16
232,45.28,1015.7345,-47055.17,1.17
233,50.92,1011.5014,-49479.74,1.11
234,33.76,1008.5573,-51149.88,1.16
235,42.2,1025.6278,-44842.73,1.17
236,42.52,1022.6637,-45363.37,1.21
237,46.68,990.8362,-42939.57,1.3
238,49.16,1036.1738,-47539.6,1.12
239,43.0,1079.3555,-47930.11,1.18
240,47.84,1090.7401,-42583.83,1.12
241,56.96,1059.1255,-57950.28,1.12
242,48.4,991.8155,-50939.51,1.16
243,51.64,1050.782,-45633.28,1.17
244,43.84,1010.3706,-49235.41,1.36
245,28.08,1034.1948,-49419.49,1.18
246,45.48,1041.9064,-53137.01,1.14
247,41.44,1020.8794,-47288.83,1.14
248,44.44,1043.9247,-53752.28,1.13
249,43.56,1034.3505,-43491.17,1.46
250,39.12,1033.3999,-45315.96,1.22
251,56.64,1051.2432,-51999.48,1.13
252,37.12,1009.9008,-50964.37,1.3
253,52.96,1004.5419,-45214.03,1.15
254,49.04,1016.1142,-49160.94,1.25
255,51.6,1039.0832,-47190.6,1.23
256,48.24,1036.9634,-55394.1,1.23
257,47.72,1010.1422,-49020.34,1.25
258,42.48,1031.9741,-45716.76,1.22
259,51.16,1007.1354,-49194.48,1.0
260,27.4,1003.4393,-54835.31,1.23
261,50.0,1087.0164,-52093.21,1.2
262,47.68,1025.6032,-45376.72,1.09
263,43.24,1035.5567,-43492.24,1.16
264,60.04,1071.9827,-55538.52,1.08
265,41.88,1014.0154,-47076.22,1.18
266,55.52,1035.0546,-55574.46,1.21
267,46.16,1036.1358,-45477.26,1.09
268,45.72,1029.5277,-55156.83,0.98
269,54.04,1009.8764,-48952.18,1.08
270,50.56,1028.5577,-45489.93,1.19
271,60.24,1025.9882,-45321.47,1.25
272,53.24,1028.8882,-53091.04,1.1
273,42.68,1036.422,-55628.31,1.2
274,38.6,1018.1285,-45423.86,1.18
275,47.68,1042.068,-59490.63,1.06
276,58.24,1049.1154,-47519.05,1.11
277,38.84,987.8013,-44866.38,1.22
278,48.88,1016.3671,-49144.74,1.26
279,49.8,1000.7759,-41165.47,1.25
280,49.08,1027.6808,-45496.8,1.18
281,56.24,1067.6226,-45751.81,1.18
282,48.6,1015.5887,-51251.32,1.17
283,44.28,1007.6542,-48985.09,1.07
284,54.04,1061.6366,-51020.72,1.14
285,42.36,1000.0032,-50980.02,1.24
286,48.52,1033.4007,-37896.32,1.17
287,54.2,1038.1888,-45531.33,1.18
288,49.2,1034.7682,-57120.38,1.06
289,43.2,1062.198,-51935.12,1.1
290,52.24,1105.6295,-56028.63,1.14
291,46.44,979.8011,-44706.06,1.15
292,44.8,1019.8647,-45214.92,1.16
293,44.72,1023.0002,-53069.61,1.22
294,50.48,1039.3187,-49520.48,1.29
295,45.4,1102.2012,-54070.98,1.02
296,33.92,1063.0941,-54176.22,1.09
297,48.52,1003.8738,-49134.68,1.23
298,50.2,1056.958,-55698.3,1.19
299,27.28,1042.6927,-45788.8,1.09
300,48.8,1022.1821,-47356.9,1.27
301,40.12,1063.8361,-55474.07,1.29
302,53.4,1060.1858,-47530.28,1.21
303,39.52,1038.4455,-45086.54,1.07
304,50.76,1084.3861,-44596.61,1.18
305,41.48,1004.0356,-39209.94,1.29
306,55.44,1043.5176,-45871.3,1.1
307,55.32,1034.752,-53360.82,1.11
308,64.08,1023.3525,-53211.59,1.25
309,58.28,1069.2838,-40562.68,1.32
310,48.48,1014.3856,-43459.76,1.27
311,48.16,1024.5174,-49156.43,1.28
312,42.64,1016.9613,-49138.19,1.29
313,53.16,1028.3489,-47497.7,1.2
314,48.52,1064.1532,-46180.45,1.2
315,57.36,1041.1556,-37890.67,1.32
316,49.16,1029.4538,-51211.77,1.13
317,62.44,1034.8041,-45302.01,1.24
318,55.8,1018.5596,-45165.56,1.16
319,56.92,1062.6722,-45830.3,1.21
320,52.28,989.5472,-46951.95,1.17
321,31.96,1029.6325,-43463.15,1.24
322,53.0,1030.8479,-53230.99,1.16
323,40.68,1037.6193,-41909.69,1.24
324,40.96,1039.157,-49130.3,1.11
325,55.64,1037.0551,-45353.59,1.22
326,46.76,1088.0728,-48394.67,1.14
327,52.8,1029.1699,-49440.91,1.23
328,38.6,1011.9745,-59219.07,1.09
329,43.8,1104.3886,-52322.4,1.27
330,56.96,1031.8512,-43716.62,1.23
331,45.8,1004.6656,-51027.06,1.09
332,42.84,1025.6188,-43276.25,1.27
333,43.08,1003.509,-46829.21,1.31
334,41.96,1021.026,-43331.66,1.27
335,55.96,1040.563,-55495.38,1.25
336,37.64,1071.6988,-54378.59,1.02
337,50.88,1042.5625,-49410.7,1.01
338,44.6,1024.7089,-50933.83,1.15
339,48.28,1063.5017,-47904.87,1.26
340,39.72,1048.6158,-49760.34,1.24
341,49.6,1020.0038,-51210.06,1.35
342,61.4,1062.3278,-59899.3,1.16
343,52.76,1051.4976,-46118.74,1.21
344,30.08,1007.1398,-49084.05,1.12
345,55.2,1015.7216,-51102.28,1.12
346,60.52,1059.1994,-43901.09,1.24
347,45.88,1010.3089,-51108.69,1.08
348,39.8,1003.2432,-49120.81,1.21
349,38.6,1054.1528,-49471.2,1.25
350,54.96,1043.6244,-51324.69,1.2
351,46.12,1057.9384,-49336.87,1.24
352,47.72,1003.5559,-47210.83,1.25
353,46.44,1030.5738,-53590.26,1.22
354,53.36,1035.5647,-45284.57,1.19
355,49.0,1054.1079,-49274.81,1.27
356,48.64,1162.3516,-54944.24,1.16
357,36.72,1033.9382,-55299.31,1.33
358,43.72,1016.6918,-41337.89,1.29
359,47.12,1029.7223,-55069.11,1.17
360,37.68,1034.6863,-53446.28,1.19
361,40.72,1039.5407,-49111.47,1.19
362,47.44,1069.6736,-51761.09,1.16
363,53.72,1038.9073,-49529.07,1.26
364,50.48,1036.7993,-51811.91,1.15
365,57.56,977.984,-54792.78,1.13
366,39.68,1015.0153,-38879.88,1.37
367,35.04,1021.323,-47469.8,1.29
368,54.72,1030.385,-43548.91,2.57
369,41.92,1006.2412,-54877.52,1.13
370,49.96,1045.3075,-49408.28,1.29
371,39.84,1009.7788,-47177.66,1.18
372,42.48,1048.368,-48244.51,1.27
373,44.44,1041.9613,-45585.88,1.3
374,53.72,1044.677,-49387.81,1.31
375,48.12,1026.4553,-55072.53,1.01
376,49.88,1020.7984,-45163.61,1.32
377,42.32,999.6754,-46827.16,1.24
378,44.8,1075.6393,-59647.34,1.1
379,50.64,1011.3494,-45127.49,1.21
380,33.24,1062.4812,-46441.42,1.29
381,55.76,1021.1892,-51223.42,1.19
382,44.88,1037.9093,-47949.29,1.18
383,57.24,1070.31,-47613.19,1.23
384,38.6,1124.9767,-55757.4,1.18
385,46.6,1028.3919,-37590.35,1.2
386,54.6,1055.866,-49315.76,1.19
387,47.84,1001.1912,-50780.97,1.14
388,53.48,1037.0097,-51571.37,1.39
389,39.96,1027.8442,-41525.57,1.32
390,41.72,1013.2019,-46908.31,1.31
391,55.4,1032.0846,-47361.44,1.25
392,51.12,1032.3329,-49483.65,1.22
393,42.8,1030.6788,-49215.43,1.23
394,50.24,1055.6938,-47789.58,1.29
395,51.16,1116.8221,-50369.9,1.14
396,50.44,1112.3936,-51799.58,1.2
397,48.48,1014.9996,-55070.88,1.28
398,51.76,1026.5332,-49002.03,1.31
399,48.96,1044.528,-47397.68,1.24
400,50.04,1057.8365,-55769.5,1.15
401,42.8,1027.6624,-49076.74,1.08
402,46.6,1030.4592,-51382.32,1.34
403,53.32,1054.0023,-49285.3,1.06
404,47.2,987.0119,-46856.35,1.19
405,55.6,1027.8578,-43661.22,1.09
406,57.56,1043.4655,-53207.78,1.08
407,56.8,1080.9956,-49582.7,1.08
408,44.76,1008.9608,-51220.9,1.2
409,40.16,1060.3173,-42042.69,1.3
410,50.36,999.2309,-43093.08,1.23
411,56.2,1030.9435,-45341.04,1.16
412,49.84,1026.853,-49247.97,1.1
413,51.84,1066.2293,-47859.17,1.13
414,49.56,1000.7704,-50946.02,1.21
415,50.84,1023.8222,-43345.22,1.26
416,47.24,1035.902,-45502.9,1.18
417,63.4,1127.5582,-52274.01,1.18
418,37.36,1028.2302,-45521.51,1.06
419,52.24,1002.9203,-49085.58,1.08
420,45.0,1023.0805,-49354.82,1.22
421,54.2,1027.8136,-47368.23,1.18
422,63.4,1062.0401,-53524.0,1.16
423,54.6,1056.8694,-57156.52,1.27
424,46.16,1059.1664,-51469.02,1.19
425,24.92,1017.6454,-47300.95,1.18
426,62.0,989.6768,-42865.94,1.33
427,47.64,1023.7756,-47351.83,1.24
428,43.92,1030.7937,-51430.33,1.2
429,44.2,1164.7203,-47456.85,1.25
430,48.68,1093.3668,-47960.76,1.07
431,43.72,1012.715,-47320.48,1.18
432,40.72,1035.0813,-47029.49,1.24
433,40.96,1009.2724,-51226.01,1.2
434,48.44,1024.843,-47249.5,1.19
435,52.12,1096.7336,-38596.66,1.27
436,46.56,1028.9191,-49211.42,1.05
437,46.52,1018.7789,-51006.04,1.11
438,50.56,1013.5255,-44913.73,1.13
439,57.68,991.1625,-46899.0,1.09
440,43.32,1018.4164,-57155.04,1.13
441,44.44,994.6689,-40840.42,1.22
442,37.68,1023.1836,-43280.83,1.23
443,41.52,1028.5241,-57684.54,1.18
444,52.2,1044.7168,-46043.86,1.21
445,52.36,1058.7719,-44110.29,1.25
446,54.32,1010.6534,-41033.58,1.29
447,58.0,1047.7664,-41777.47,1.25
448,42.84,1043.4082,-41814.05,1.14
449,45.0,1069.5991,-46171.08,1.19
450,37.84,1059.872,-57319.42,0.97
451,56.52,1064.2713,-51802.5,1.3
452,47.08,1033.0845,-47462.15,1.19
453,47.84,1062.3592,-55697.19,1.05
454,61.08,1029.0638,-55018.58,0.97
455,49.04,1073.656,-43878.44,1.17
456,47.12,1032.74,-43385.53,1.19
457,53.0,1001.3827,-47034.46,1.32
458,50.36,1111.5286,-50524.7,1.19
459,46.4,1059.1054,-49731.13,1.15
460,56.2,1098.6832,-56553.2,1.14
461,50.92,1033.5681,-45457.09,1.2
462,46.4,1116.349,-53816.57,1.2
463,49.0,1018.6253,-45249.91,1.18
464,39.48,1010.4653,-50983.77,1.11
465,43.24,1001.1687,-47126.01,1.14
466,42.6,1021.9878,-53439.4,1.17
467,50.16,1001.7077,-49015.99,1.22
468,44.0,978.3958,-52753.73,1.06
469,49.8,1071.8585,-53417.73,1.24
470,49.28,1006.0914,-45142.07,1.14
471,48.0,1045.1648,-53214.42,1.14
472,59.44,1047.676,-45438.92,1.19
473,51.64,1071.8018,-53951.72,1.16
474,36.56,1030.2613,-39425.78,1.17
475,56.72,1059.4944,-55414.43,1.0
476,50.52,1077.144,-44287.81,1.23
477,49.52,1062.8411,-40312.2,1.2
478,43.24,1015.6113,-40941.58,1.2
479,54.32,1028.9692,-39675.04,1.3
480,53.88,1024.8498,-49266.37,1.14
481,35.76,1028.6356,-39534.26,1.39
482,45.88,1003.3619,-39222.02,1.35
483,34.36,1022.4501,-47292.84,1.09
484,40.28,1022.5461,-57191.21,1.08
485,55.48,1073.9657,-46043.07,1.25
486,43.44,1038.2935,-47687.84,1.13
487,53.04,1020.094,-47258.76,1.53
488,42.32,1035.8864,-49414.39,1.37
489,61.2,1010.5717,-37356.82,1.32
490,42.2,1021.4767,-47254.11,1.19
491,39.44,1022.2928,-49559.12,1.29
492,57.28,993.5898,-53052.01,1.11
493,45.52,1010.7338,-54957.36,1.14
494,49.16,1058.3523,-49586.43,1.21
495,51.48,1017.4685,-45293.86,1.22
496,51.36,1014.0671,-43305.22,1.21
497,52.6,1031.7983,-45565.28,1.19
498,44.68,1023.2092,-49281.78,1.19
499,52.96,1017.1264,-49191.02,1.38
500,45.28,1021.8565,-43413.46,1.23
501,38.8,1026.9761,-53295.25,1.21
502,60.4,1046.887,-55464.1,1.19
503,36.08,972.9938,-48719.65,1.02
504,41.36,1008.8474,-57294.83,1.09
505,45.6,1024.6505,-47409.98,1.13
506,55.92,1078.3639,-48455.91,1.24
507,51.08,1021.6416,-51158.54,1.11
508,46.92,1045.1689,-43729.22,1.1
509,49.4,1041.2251,-55601.97,1.1
510,51.44,1055.374,-51471.36,1.23
511,54.92,1098.08,-50019.91,1.13
512,53.24,1025.4431,-59001.31,1.3
513,47.04,1034.6176,-37374.66,1.22
514,62.72,1035.9118,-49258.08,1.21
515,49.84,1169.262,-45669.76,1.19
516,53.56,1037.06,-47777.55,1.13
517,52.16,1014.4368,-39080.99,1.29
518,48.44,1010.9373,-49207.15,1.15
519,48.4,1028.6696,-41589.49,1.26
520,37.44,1026.1291,-49198.97,1.12
521,41.76,1024.6104,-43582.29,1.16
522,56.48,1027.8586,-43423.7,1.18
523,58.6,1046.1851,-49685.39,1.33
524,40.64,1032.9968,-59435.73,1.14
525,57.72,1042.7452,-41549.6,1.08
526,54.72,995.1012,-44888.78,1.18
527,59.36,1034.1131,-51262.83,1.14
528,50.96,1030.2093,-45604.76,1.24
529,33.6,1060.8517,-41999.86,1.34
530,43.28,1022.7906,-47265.43,1.21
531,44.68,1063.0021,-44256.03,1.13
532,56.52,1031.3902,-47381.15,0.96
533,38.8,1042.7473,-53687.79,1.14
534,65.04,1013.0947,-47224.91,1.13
535,51.52,1196.3494,-49810.93,1.18
536,48.96,1016.9109,-49283.5,1.23
537,48.8,979.4374,-40637.29,1.13
538,45.88,1034.1465,-51181.92,1.2
539,49.8,1073.3095,-56013.19,1.13
540,44.96,1019.1924,-43473.15,1.25
541,44.68,1032.8486,-53472.45,1.12
542,52.4,1025.0201,-51120.87,1.13
543,44.76,1016.2179,-57156.38,1.19
544,41.16,996.8144,-59073.88,0.98
545,46.6,994.4287,-38960.82,1.31
546,54.52,1021.3733,-49084.65,1.11
547,48.04,1013.2108,-49132.98,1.29
548,60.16,1108.2791,-52696.58,1.16
549,34.28,1004.9988,-53092.56,1.17
550,55.96,1037.7278,-41960.11,1.15
551,51.04,1044.9714,-55764.48,1.18
552,50.04,1054.5865,-49940.6,1.13
553,54.0,1004.584,-43085.35,1.29
554,44.36,1048.0949,-49411.15,1.25
555,36.44,1036.2004,-37599.92,1.25
556,56.72,1066.4351,-47959.14,1.24
557,49.92,1009.2388,-44901.45,1.19
558,53.08,1021.2588,-45309.55,1.1
559,40.2,1073.0776,-50251.17,1.12
560,43.68,1036.8899,-55259.91,1.22
561,46.24,1096.0914,-59852.02,1.15
562,41.4,1038.0453,-39778.15,1.2
563,39.68,1023.9783,-51372.31,1.03
564,52.08,1013.2511,-47071.92,1.28
565,58.12,1059.6094,-45683.76,1.22
566,45.88,1009.5231,-44965.25,1.24
567,50.48,1040.3026,-47611.67,1.41
568,55.32,1036.6239,-51310.96,1.25
569,55.84,1068.5064,-47441.14,1.12
570,53.96,1017.3956,-43260.65,1.15
571,49.52,1033.5902,-51808.69,1.12
572,46.6,1058.4876,-51750.41,1.34
573,48.76,1021.3798,-47293.0,1.03
574,41.04,1029.0958,-47599.32,1.34
575,53.44,1008.6809,-43123.47,1.18
576,48.16,1005.4664,-55026.06,1.32
577,44.36,1028.994,-45186.03,1.15
578,33.6,1003.6529,-38989.02,1.16
579,40.64,987.8782,-42721.58,1.18
580,40.44,1033.6758,-47488.16,1.18
581,55.96,1024.2429,-49455.9,1.09
582,37.36,1038.7379,-53454.99,1.11
583,50.28,1033.9516,-58862.51,0.96
584,59.36,1025.5827,-57426.86,1.1
585,33.6,1034.4786,-41479.77,1.22
586,59.52,1087.2549,-56027.32,1.18
587,40.4,1010.7857,-51036.43,1.22
588,57.08,1013.7775,-43392.97,1.25
589,57.32,1014.4617,-39191.63,1.18
590,42.08,1059.5547,-49824.79,1.25
591,39.04,1031.7906,-47533.72,1.2
592,52.72,996.8267,-46898.39,1.18
593,55.08,1007.2628,-53012.35,1.02
594,24.8,1037.0752,-47288.45,1.2
595,48.88,1155.7197,-52231.84,1.18
596,53.52,1052.7309,-43699.03,1.31
597,43.48,1029.6476,-53372.86,1.12
598,50.88,1028.5277,-51294.95,1.27
599,58.28,1024.8816,-49590.28,0.99
600,36.24,1008.371,-49257.06,1.14
601,50.76,1041.0056,-45676.71,1.22
602,41.28,997.9338,-42897.24,1.1
603,35.24,1021.1549,-55302.14,1.13
604,45.64,1020.1449,-41342.85,1.26
605,45.0,1006.2899,-43266.48,1.17
606,52.28,1030.102,-45719.18,1.18
607,44.24,1037.8176,-53663.15,1.19
608,48.24,1028.9567,-47288.71,1.29
609,46.64,1069.575,-48265.08,1.25
610,50.76,1010.6417,-51137.98,1.12
611,56.28,1047.0826,-45709.83,1.28
612,51.6,1017.0345,-54992.83,1.21
613,45.6,989.9475,-51055.4,1.15
614,55.8,1100.3896,-51975.02,1.11
615,48.6,1047.4408,-41774.02,1.29
616,40.16,1053.534,-49985.01,1.35
617,39.16,1003.9222,-56978.34,0.95
618,49.8,1018.5228,-49298.44,1.23
619,47.6,1087.6994,-58307.82,1.11
620,38.16,1034.3644,-45417.9,1.3
621,30.16,1004.0649,-47334.05,1.17
622,46.04,1039.5394,-49555.54,1.56
623,53.48,1032.4138,-47493.34,1.19
624,56.56,1023.9188,-43577.48,1.21
625,51.44,1031.2317,-55409.53,1.13
626,48.4,1107.8683,-45009.78,1.22
627,45.56,1012.4297,-45311.23,1.22
628,40.88,1097.7927,-50271.33,1.08
629,49.12,1041.17,-55433.08,1.23
630,62.88,996.6223,-46848.6,1.23
631,42.48,1000.6972,-51086.23,1.03
632,52.04,1026.624,-47174.82,1.25
633,56.76,1065.112,-61189.65,1.04
634,55.92,1043.1792,-49625.77,1.23
635,46.48,1009.0207,-50950.76,1.28
636,40.0,1044.0652,-43617.85,1.04
637,56.6,1043.3875,-37838.91,1.25
638,45.72,1025.8059,-45077.67,1.18
639,29.04,1036.2578,-43528.37,1.2
640,45.16,1047.5798,-47421.03,1.27
641,50.12,1057.6333,-49776.72,1.09
642,53.52,1040.0382,-35217.91,1.23
643,55.56,993.619,-38892.04,1.37
644,51.0,1073.2173,-50732.56,1.4
645,33.52,1042.1574,-51426.07,1.16
646,45.44,1021.4937,-45264.81,1.17
647,49.48,1182.2275,-56475.94,1.17
648,50.08,1031.0692,-55302.83,1.09
649,62.16,1067.6637,-40152.59,1.22
650,34.64,1036.1784,-41625.44,1.21
651,63.88,1162.2279,-56404.06,0.99
652,43.4,1021.8315,-47497.47,1.19
653,55.76,1059.9074,-49719.24,1.31
654,43.6,1013.73,-39293.94,1.14
655,49.8,1018.0704,-43449.97,1.16
656,49.4,1034.336,-45189.15,1.23
657,38.32,1014.6539,-50882.9,1.07
658,47.04,1240.0665,-50100.71,1.08
659,50.96,1035.7267,-41545.22,1.31
660,43.84,1009.3332,-41301.68,1.25
661,48.12,1020.4014,-55218.47,1.17
662,56.48,1004.2647,-47143.06,1.32
663,44.56,1019.8642,-55103.48,1.09
664,43.24,1042.7535,-55212.98,1.26
665,54.0,1005.8658,-51065.47,1.15
666,42.84,1045.603,-39765.76,1.2
667,40.68,1026.8986,-53206.2,1.22
668,48.68,986.3304,-51029.77,1.36
669,54.44,1037.3761,-33608.94,1.18
670,44.92,1070.5422,-49205.9,1.16
671,49.32,1031.3798,-43624.59,1.26
672,46.92,991.9495,-38865.09,1.15
673,50.96,1026.4496,-43638.57,1.25
674,41.32,1038.7342,-47871.08,1.24
675,36.4,1046.7316,-53531.43,1.1
676,48.44,1056.0148,-49617.37,1.12
677,36.6,1013.3438,-47004.75,1.25
678,57.16,1023.6866,-55285.25,1.25
679,34.64,1054.5882,-51783.74,1.22
680,44.84,1061.9806,-47897.83,1.09
681,58.56,1084.0173,-44268.9,1.29
682,47.8,1065.6821,-55702.2,1.21
683,48.24,1041.2929,-41679.24,1.14
684,56.12,1066.8606,-55336.02,1.2
685,57.44,1021.0479,-43393.92,1.19
686,55.64,1054.53,-53568.38,1.21
687,47.8,1028.5184,-55313.64,1.26
688,56.88,1063.5772,-57733.71,1.02
689,40.32,1060.2861,-57314.42,1.15
690,36.04,1043.8394,-59426.01,1.03
691,45.28,1021.8824,-53296.24,1.14
692,38.28,1008.4318,-51320.56,1.29
693,61.8,1000.2276,-46979.67,1.15
694,52.44,1054.2341,-59872.77,1.1
695,30.6,1034.8601,-59431.46,1.13
696,50.8,1003.3021,-45020.29,1.19
697,42.76,1023.7662,-49247.94,1.23
698,36.04,1085.639,-50530.08,1.08
699,55.96,1047.5528,-41958.33,1.24
700,46.0,1018.9362,-47036.29,1.16
701,46.76,1005.2693,-45067.55,1.24
702,45.12,1052.1365,-47319.43,1.25
703,31.08,1040.6857,-53362.18,1.3
704,45.92,1006.9303,-49241.9,1.08
705,43.84,1043.2647,-49437.57,1.13
706,59.2,1019.9137,-47316.77,1.2
707,53.96,1030.1566,-43450.75,1.29
708,43.04,1008.4159,-45132.15,1.32
709,49.92,1005.2606,-45041.79,1.14
710,52.8,1023.3183,-47656.78,1.18
711,52.36,999.1249,-44889.11,1.28
712,55.48,1011.7394,-46981.73,1.09
713,45.6,1060.5928,-46320.75,1.2
714,32.04,1031.1593,-49178.45,1.14
715,48.36,1031.9073,-49723.84,1.2
716,43.68,1022.2892,-47568.55,1.36
717,42.88,1021.8255,-47493.2,1.24
718,48.52,1037.4292,-53022.28,1.3
719,46.44,1032.5653,-47303.88,1.23
720,49.08,1023.9355,-59269.75,1.09
721,54.56,995.6846,-50864.48,1.19
722,53.76,1030.1077,-57325.8,1.13
723,55.76,1109.5475,-50271.71,1.16
724,52.0,1029.5018,-47556.67,1.14
725,43.56,1114.9348,-58171.44,1.18
726,52.04,1045.3476,-45791.92,1.06
727,50.12,1063.5449,-51581.88,1.1
728,55.56,1087.3675,-52154.78,1.19
729,49.4,1058.9428,-50351.95,1.29
730,44.72,1021.5673,-53078.54,1.15
731,52.24,1024.9128,-47187.15,1.22
732,47.08,1127.3872,-48631.49,1.14
733,51.4,1033.0028,-49582.56,1.25
734,59.44,992.4944,-60926.43,1.06
735,46.52,1065.9307,-53598.36,1.12
736,35.96,1009.1671,-43129.61,1.2
737,55.04,1047.0868,-45387.49,1.28
738,41.12,1049.3396,-53644.39,1.2
739,63.32,1063.0433,-51590.33,1.1
740,42.8,1007.0361,-48972.2,1.33
741,45.56,1181.5209,-51270.93,1.1
742,50.56,1017.6558,-47252.65,1.2
743,35.2,1006.3676,-55005.17,1.05
744,43.36,1086.8373,-45449.41,1.21
745,53.04,1009.9405,-51135.79,1.15
746,48.2,1032.5756,-43505.08,1.12
747,49.72,1022.5277,-47501.58,1.1
748,46.88,1010.4746,-55037.92,1.06
749,47.64,1019.9543,-53106.75,0.94
750,39.2,1042.0356,-49932.85,1.18
751,53.4,980.1919,-54735.0,1.14
752,40.2,1027.3293,-41604.65,1.17
753,45.24,1051.0103,-49656.04,1.18
754,40.32,1029.758,-45672.78,1.24
755,49.0,1045.1479,-49442.16,1.19
756,53.96,1026.9397,-53188.63,1.12
757,40.72,1035.1218,-55347.34,1.04
758,40.12,1084.8011,-52112.75,1.14
759,57.96,1025.1392,-57052.01,1.08
760,52.64,1036.5253,-37596.21,1.22
761,50.4,1022.2318,-41197.03,1.19
762,49.16,1156.354,-54797.21,1.18
763,45.16,1037.138,-45639.25,1.18
764,42.28,1021.9145,-49269.17,1.46
765,36.44,1061.2244,-45929.78,1.13
766,49.96,1091.5331,-48294.51,1.22
767,45.64,1095.3818,-50345.24,1.2
768,50.96,1070.5448,-40320.59,1.14
769,44.48,1046.2184,-43763.77,1.21
770,41.48,1028.6305,-41602.77,1.21
771,51.84,1050.4762,-51660.3,1.08
772,47.64,1013.4448,-43208.69,1.16
773,31.8,1014.1372,-57062.11,1.05
774,37.6,985.5328,-54831.6,1.14
775,38.64,1107.3812,-51118.8,1.29
776,36.76,1015.8458,-55139.53,1.16
777,32.72,1062.1817,-43977.4,1.24
778,51.08,1051.8388,-55525.62,1.1
779,37.12,1001.998,-49236.86,1.0
780,37.68,1063.8014,-51586.64,1.09
781,47.04,1028.2369,-41785.2,1.3
782,40.28,1130.8232,-56855.44,1.07
783,61.04,1025.4944,-45414.22,1.2
784,42.56,1031.1143,-41551.17,1.28
785,48.92,1023.4244,-47205.81,1.23
786,48.36,1022.3549,-41485.0,1.14
787,58.44,1018.0175,-53212.46,1.16
788,37.96,1040.666,-45632.42,1.15
789,55.32,1056.8332,-53774.26,1.21
790,33.12,994.4482,-58970.68,1.12
791,50.36,1027.8107,-55266.88,1.18
792,44.04,1005.368,-47076.74,1.16
793,47.64,1067.7668,-50042.83,1.25
794,43.52,1081.0186,-51916.67,1.18
795,39.2,1074.5952,-45645.22,1.21
796,39.84,1019.0841,-43412.87,1.26
797,50.84,1091.5276,-49903.67,1.09
798,49.28,1038.6972,-49614.22,1.22
799,51.12,1006.3152,-43053.77,1.17
800,52.92,1036.6731,-45477.73,1.07
801,39.92,1013.5949,-45247.21,1.26
802,37.28,1031.3904,-53244.04,0.97
803,53.08,1022.6501,-51401.88,1.13
804,28.6,1032.3516,-49592.81,1.15
805,56.44,1061.8846,-57338.63,1.12
806,50.16,1018.1948,-45188.73,1.14
807,46.2,1015.9802,-45239.52,1.1
808,44.0,1042.1628,-47500.6,1.2
809,56.12,1047.2715,-47928.88,1.32
810,54.08,1006.6585,-50933.43,1.24
811,44.0,1056.4771,-37144.21,1.13
812,50.04,1029.2705,-33674.34,1.17
813,47.52,1056.8775,-44233.4,1.23
814,41.0,1035.5276,-43374.72,1.2
815,50.8,1028.7425,-43158.66,1.13
816,37.56,1011.2586,-49262.33,1.14
817,43.4,1029.1155,-51478.47,1.21
818,27.92,1010.0582,-47256.14,1.15
819,45.12,1015.1486,-49251.93,1.23
820,44.0,1037.0145,-47449.8,1.17
821,46.04,1088.0027,-44643.96,1.18
822,28.16,994.2346,-44954.3,1.16
823,54.48,1035.4035,-47503.68,1.09
824,51.76,1033.9119,-53434.06,1.15
825,50.0,989.4806,-50983.71,1.18
826,47.92,1097.4517,-47958.84,1.16
827,37.52,1015.0646,-47436.86,1.18
828,45.68,1064.7808,-51631.98,1.24
829,43.8,1031.3937,-45665.76,1.28
830,43.32,992.9077,-50796.4,1.17
831,38.0,1030.997,-35367.12,1.25
832,48.8,1077.5964,-53531.2,1.15
833,57.4,1015.0049,-57377.92,1.17
834,52.72,1046.8214,-59230.84,1.23
835,45.64,1027.54,-51716.53,1.1
836,46.36,1038.1885,-55516.87,1.06
837,56.84,1014.4758,-45256.82,1.36
838,46.8,1033.3049,-49567.58,1.25
839,39.12,1030.3647,-45223.87,1.11
840,51.6,1039.991,-49689.26,1.14
841,48.84,1031.9691,-58875.27,1.01
842,48.88,1033.1104,-53864.17,1.13
843,53.52,1016.414,-49348.77,1.07
844,46.24,1042.3541,-49268.71,1.07
845,60.28,1082.7536,-47638.88,1.05
846,50.76,1038.5803,-45196.32,1.17
847,55.64,1044.02,-47590.33,1.19
848,49.24,1056.3482,-49908.95,1.22
849,51.2,1041.0812,-47247.41,1.13
850,50.76,1019.3917,-41233.34,1.24
851,52.6,1032.2865,-47473.35,1.17
852,45.88,1018.9803,-53119.17,1.02
853,38.24,1065.4946,-54973.81,1.21
854,41.72,1013.1844,-48953.74,1.42
855,49.88,1018.3509,-49239.84,1.1
856,53.4,1040.1616,-47683.35,1.15
857,46.0,1024.6531,-51243.6,1.33
858,45.76,1025.067,-43363.05,1.14
859,53.2,1027.012,-53250.25,1.19
860,49.24,1014.9824,-45072.62,1.3
861,44.36,1000.5149,-44879.59,1.18
862,44.52,1001.9262,-55048.73,1.06
863,58.44,1025.341,-49041.43,1.15
864,50.08,1015.0708,-39365.8,1.14
865,50.12,1009.2705,-31249.52,1.25
866,29.6,1040.2775,-57193.69,1.07
867,42.6,1061.5072,-46108.49,1.24
868,49.56,1015.2908,-43474.34,1.08
869,44.36,1100.1943,-47145.15,1.14
870,49.28,1047.9525,-51796.88,1.13
871,49.8,1013.4138,-47227.11,1.15
872,57.48,1184.5495,-52837.79,1.24
873,51.56,1077.4377,-42247.82,1.26
874,47.28,1067.7109,-53878.26,1.11
875,49.64,1023.9417,-51304.96,1.06
876,55.56,1020.3031,-51192.89,1.08
877,60.6,1057.182,-49582.41,1.18
878,51.88,1057.0396,-53921.44,1.21
879,39.0,983.0422,-50805.04,1.14
880,42.24,1008.1787,-54907.23,1.01
881,42.12,1035.342,-47366.26,1.2
882,43.04,1036.3746,-47612.92,1.13
883,45.84,1013.8636,-43363.0,1.19
884,61.52,1033.4122,-45616.44,1.24
885,40.96,1073.9908,-47674.81,1.17
886,45.44,1029.0684,-37490.79,1.39
887,51.28,1026.2638,-53214.81,1.16
888,41.8,1012.2405,-43193.77,1.21
889,49.24,1008.1579,-49091.54,1.07
890,56.48,1012.5506,-49183.32,1.06
891,56.04,1027.6455,-49154.8,1.16
892,51.12,1012.7233,-51376.73,1.14
893,43.04,1030.6186,-55395.53,1.15
894,47.44,1045.469,-47797.32,1.02
895,38.72,1004.8074,-44988.39,1.14
896,43.0,1029.7538,-49606.59,1.25
897,58.56,1034.1942,-51673.31,1.14
898,44.12,1002.879,-39016.24,1.13
899,54.68,1023.7572,-49299.5,1.18
900,39.6,1029.0532,-45617.72,1.44
901,45.28,1030.8598,-45537.63,1.22
902,52.24,1039.0821,-47941.18,1.17
903,44.76,1101.815,-43947.72,1.11
904,49.08,1084.4048,-53620.75,1.16
905,50.04,1038.4588,-47785.15,1.07
906,50.92,996.2138,-45024.28,1.12
907,57.08,1044.6156,-47476.78,1.15
908,53.2,1027.1607,-49117.92,1.24
909,54.56,1009.1529,-58883.7,1.19
910,58.92,1049.5133,-55390.98,1.13
911,45.24,1045.118,-47684.85,1.29
912,49.64,993.3976,-59029.55,0.99
913,35.56,1017.0174,-47089.61,1.21
914,51.04,988.4947,-52654.49,1.14
915,50.04,1027.6924,-44965.09,1.16
916,53.8,1017.427,-47248.34,1.18
917,54.6,1061.8604,-53109.6,1.22
918,54.04,1074.4367,-48274.53,1.18
919,39.84,1041.7426,-53472.4,1.2
920,52.8,1041.6614,-43713.86,1.26
921,52.6,1089.8732,-47635.85,1.19
922,39.76,1005.0804,-47121.93,1.15
923,28.84,1005.6506,-51039.75,1.29
924,34.68,1043.4704,-49761.03,1.24
925,51.2,1028.828,-51263.54,1.12
926,45.2,1064.1608,-50009.27,1.18
927,53.88,1071.0026,-51862.72,1.11
928,48.76,1007.111,-41303.01,1.22
929,29.12,1053.8579,-57786.54,1.24
930,43.84,1022.0545,-50993.17,1.29
931,53.16,1030.1762,-45580.18,1.13
932,49.04,1006.0942,-47133.68,1.1
933,48.0,1015.9705,-43173.45,1.16
934,46.44,1028.1196,-65208.77,1.1
935,43.28,1041.0544,-43431.43,1.41
936,56.4,1030.4503,-49551.59,1.2
937,43.88,1039.7304,-41861.24,1.26
938,56.2,1102.9272,-46744.47,1.28
939,40.12,1036.9401,-46046.46,1.2
940,39.6,1039.2802,-51416.45,1.21
941,39.4,1043.5166,-47808.99,1.19
942,38.56,1023.8074,-50918.2,1.31
943,54.6,1027.4113,-43569.21,1.08
944,52.8,1060.6729,-50054.0,1.09
945,52.72,1041.7142,-53404.24,1.12
946,46.96,1036.9024,-49287.41,1.17
947,54.32,1041.5442,-47395.86,1.23
948,42.56,1019.4555,-51382.63,1.25
949,36.24,1023.9461,-52926.36,1.1
950,47.36,1023.232,-57264.87,1.07
951,46.36,1021.4471,-47356.44,1.15
952,53.0,1006.7537,-50999.89,1.1
953,60.56,1068.1701,-58084.36,1.23
954,59.52,1036.2332,-49589.19,1.13
955,50.68,999.4685,-44943.78,1.11
956,52.0,1054.5874,-51971.18,1.29
957,41.2,1028.9447,-61464.56,1.04
958,55.8,1044.6851,-51571.99,1.11
959,43.04,1065.0648,-43791.41,1.15
960,47.36,1058.7986,-49486.72,1.34
961,39.56,989.8367,-48848.61,1.22
962,50.92,1060.9265,-53969.12,1.14
963,50.0,1030.8759,-45629.75,1.26
964,52.24,1072.8083,-52030.78,1.16
965,44.6,1058.2613,-44019.31,1.13
966,49.72,1056.6415,-51719.8,1.11
967,62.24,1031.7027,-41759.25,1.17
968,60.0,1047.7034,-55217.82,1.17
969,50.28,1028.1252,-45100.44,1.18
970,42.88,1025.3986,-43578.07,1.25
971,50.4,1053.3848,-43974.37,1.29
972,44.88,1048.8864,-55038.94,1.16
973,50.12,1021.1959,-43193.94,1.17
974,40.24,1016.3284,-47335.75,1.28
975,43.16,1048.9884,-53514.94,1.21
976,43.36,1026.7326,-45442.31,1.23
977,54.0,1042.3847,-47837.37,1.07
978,62.28,990.8524,-38870.94,1.16
979,55.16,1081.653,-47755.33,1.28
980,45.16,1039.5152,-49590.57,1.14
981,43.04,1020.8271,-47314.62,1.14
982,48.68,1055.2617,-47841.77,1.13
983,49.2,1030.163,-43613.4,1.43
984,53.6,1056.0044,-49860.49,1.19
985,40.68,1062.1199,-42286.83,1.19
986,38.92,996.4588,-48999.87,1.18
987,53.8,1034.3403,-53471.02,1.07
988,53.96,1007.9419,-42950.51,1.12
989,43.4,1019.8974,-43269.78,1.17
990,56.96,1056.924,-59198.46,1.01
991,46.96,1001.4941,-53089.39,1.15
992,36.12,1003.7993,-50974.16,1.12
993,57.76,1014.7944,-49300.03,1.22
994,41.56,987.6577,-44933.23,1.17
995,45.2,1009.5282,-45206.58,1.29
996,62.16,1032.8032,-45407.88,1.25
997,51.64,1071.8206,-53843.61,1.18
998,53.68,1079.3103,-43749.65,1.18
999,43.4,976.3881,-42626.97,1.23
1000,52.24,1021.2939,-51175.45,1.18
1001,49.68,1012.7424,-47432.18,1.19
1002,57.28,1042.2237,-51478.39,1.13
1003,49.44,1036.1734,-47456.16,1.13
1004,41.4,1029.5077,-41505.62,1.15
1005,57.16,1000.303,-61044.83,1.13
1006,59.44,1040.8107,-45354.52,1.1
1007,49.2,1035.7802,-47491.2,1.17
1008,39.64,1030.109,-43837.26,1.24
1009,54.88,1061.788,-46147.03,1.21
1010,54.2,1011.462,-43286.26,1.12
1011,57.12,1020.892,-47123.79,1.23
1012,48.24,1017.4428,-49247.83,1.18
1013,58.0,1012.1273,-46889.04,1.21
1014,49.76,1041.8786,-53520.09,1.08
1015,55.48,1019.347,-51237.83,1.05
1016,47.8,1042.7657,-63323.46,1.14
1017,59.12,1028.109,-49068.13,1.29
1018,36.4,1004.0812,-48819.41,1.13
1019,43.48,1025.7789,-55178.81,1.23
1020,58.8,1031.3868,-50734.38,1.12
1021,42.8,1022.7658,-51342.68,1.17
1022,38.56,1004.5005,-47045.18,1.14
1023,48.48,1040.7899,-49260.18,1.21
1024,47.76,1060.2045,-51410.7,1.11
1025,48.16,1018.1768,-52966.18,1.13
1026,40.8,1065.2307,-49664.75,1.24
1027,48.0,1003.8718,-44987.53,1.15
1028,47.6,1063.6803,-48032.53,1.2
1029,35.6,1024.3026,-53337.67,1.32
1030,43.56,1007.574,-47152.17,1.26
1031,53.4,1041.7168,-49471.08,1.09
1032,50.16,1001.5018,-53097.21,1.41
1033,54.04,1054.7049,-45849.96,1.31
1034,44.4,1007.0071,-43254.27,1.25
1035,44.0,1023.7955,-51192.81,1.1
1036,54.88,1016.8952,-53309.57,1.15
1037,45.24,1034.5379,-47403.57,1.08
1038,42.36,1027.217,-51106.8,1.13
1039,54.2,1076.2304,-44277.71,1.19
1040,53.12,1016.1384,-54946.85,1.27
1041,58.16,1005.3698,-44861.63,1.15
1042,47.16,1057.4473,-46274.55,1.13
1043,54.12,997.7956,-44902.57,1.35
1044,56.48,1035.2751,-37844.9,1.19
1045,55.04,1058.7034,-45666.6,1.15
1046,40.4,1024.0695,-55451.2,1.11
1047,45.48,1058.3761,-46117.43,1.21
1048,43.68,1105.429,-42342.91,1.21
1049,47.6,1006.0054,-47101.27,1.17
1050,47.84,1023.9965,-41111.61,1.19
1051,54.48,1001.3497,-44869.3,1.01
1052,55.72,1067.3629,-51817.42,1.12
1053,56.8,1037.8688,-45453.56,1.11
1054,50.12,1002.7857,-49126.09,1.22
1055,46.68,1011.6002,-47187.14,1.19
1056,50.64,1031.5193,-47439.05,1.21
1057,38.52,1028.5685,-47608.44,1.31
1058,52.84,1020.218,-53098.53,1.03
1059,41.88,1038.0568,-51857.57,1.29
1060,28.12,1004.3342,-55226.32,1.23
1061,58.0,1054.5292,-51604.69,1.26
1062,32.48,1003.4198,-45186.2,1.16
1063,50.52,1015.1423,-51146.48,1.1
1064,47.68,1048.7316,-45736.68,1.22
1065,52.36,1038.8827,-45646.35,1.13
1066,60.4,1013.5503,-49145.88,1.02
1067,50.64,1069.4025,-44353.23,1.14
1068,55.6,1066.3781,-51913.94,0.97
1069,52.0,1189.8898,-54578.09,1.11
1070,50.6,1028.8371,-45510.67,1.07
1071,48.2,1004.5501,-43160.46,1.13
1072,37.16,1046.3618,-42152.9,1.08
1073,44.28,1129.5748,-52503.0,1.19
1074,49.8,1022.9112,-53245.0,1.25
1075,45.12,1062.1205,-44140.38,1.21
1076,46.36,1115.4186,-54554.25,1.01
1077,44.08,1011.1736,-48982.48,1.16
1078,47.28,1041.294,-49585.96,1.22
1079,56.88,1009.4432,-49200.47,1.01
1080,42.76,1075.5237,-49731.51,1.08
1081,47.32,1029.3544,-51324.35,1.24
1082,38.84,1052.3904,-61655.31,1.04
1083,34.88,1005.5621,-51176.64,1.03
1084,42.2,1051.6394,-47105.01,1.16
1085,56.48,1014.6528,-51257.81,1.17
1086,59.52,1021.9946,-53577.6,1.02
1087,44.28,1015.099,-37536.12,1.2
1088,38.68,1003.0826,-54862.46,1.12
1089,49.16,1015.0819,-47227.89,1.35
1090,53.88,1011.9022,-52976.57,1.15
1091,45.04,1033.3766,-47711.34,1.16
1092,55.4,1038.2202,-49525.51,1.12
1093,61.52,1021.186,-50979.27,1.21
1094,51.92,1010.6743,-57016.07,1.13
1095,52.48,1040.0282,-37661.27,1.22
1096,54.48,1035.5703,-47433.31,1.2
1097,41.24,1029.1763,-51735.56,1.24
1098,51.48,996.2447,-55185.76,1.12
1099,44.4,1032.4924,-45155.61,1.15
1100,41.92,1029.0776,-59245.19,1.06
1101,42.4,1060.4512,-47999.97,1.2
1102,43.76,1030.0059,-49074.48,1.22
1103,63.12,1084.6119,-49851.3,1.19
1104,44.48,1015.5488,-51114.67,1.21
1105,42.04,1045.4373,-44017.25,1.14
1106,34.48,1027.5764,-45589.62,1.28
1107,52.04,1043.6537,-47684.34,1.13
1108,44.08,1049.3172,-59607.45,1.09
1109,55.2,989.4797,-51002.29,1.2
1110,40.08,1042.8285,-45724.83,1.25
1111,36.12,1021.401,-51349.11,1.13
1112,47.76,1041.5747,-49585.82,1.32
1113,34.92,1035.0852,-49108.12,1.17
1114,47.04,1036.4406,-53315.87,1.17
1115,51.36,1046.1634,-53308.08,1.17
1116,54.28,1037.0635,-55654.44,1.2
1117,43.52,1021.9692,-43382.18,1.18
1118,43.16,1007.8171,-49197.64,1.25
1119,49.28,1040.6219,-57616.04,0.97
1120,48.76,1041.2,-51654.39,1.16
1121,54.36,1016.0078,-51226.08,1.12
1122,44.24,1028.4473,-47130.3,1.05
1123,49.12,1019.8041,-43249.22,1.23
1124,50.2,1041.2296,-51189.67,1.12
1125,42.08,1064.5379,-59646.02,1.13
1126,65.64,1011.5358,-47306.04,1.22
1127,45.56,1022.2096,-59071.77,1.15
1128,52.24,1012.1073,-49218.22,1.16
1129,56.08,1037.8658,-49464.48,1.1
1130,48.28,1047.6486,-50018.07,1.29
1131,51.0,1077.3284,-40759.56,1.23
1132,44.92,1029.762,-45531.88,1.16
1133,42.4,1008.601,-44946.42,1.15
1134,47.68,1037.1157,-51318.79,1.17
1135,53.56,1030.0632,-47400.6,1.2
1136,46.96,1045.5524,-55434.42,1.36
1137,51.0,1037.4435,-39926.05,1.18
1138,54.4,1012.6047,-41250.64,1.2
1139,43.2,1060.7283,-51256.62,1.14
1140,47.44,1012.8546,-41275.97,1.17
1141,43.44,1118.7294,-50474.75,1.17
1142,45.92,1046.8887,-39964.89,1.33
1143,47.64,1037.9686,-43138.55,1.08
1144,45.28,1049.3958,-41277.6,1.19
1145,43.28,1085.0581,-50315.24,1.24
1146,43.4,1006.0492,-37144.92,1.22
1147,47.0,1023.7218,-53205.88,1.26
1148,47.08,1003.0384,-52905.54,1.15
1149,47.6,998.6995,-46921.13,1.01
1150,31.84,981.8624,-52871.18,1.06
1151,61.6,979.0548,-58809.95,0.97
1152,49.48,1029.566,-43434.66,1.11
1153,43.24,1030.7439,-43336.79,1.05
1154,48.44,1065.1752,-47632.41,1.21
1155,41.44,1003.6746,-45013.8,1.19
1156,54.8,1035.0986,-45701.64,1.2
1157,48.84,1061.7365,-49481.31,1.28
1158,35.44,1037.0355,-47866.15,1.21
1159,53.6,1041.4451,-53496.38,1.16
1160,46.24,1014.8929,-44965.84,1.3
1161,50.6,1052.3042,-39954.67,1.15
1162,59.76,1005.7488,-45200.38,1.15
1163,41.8,1018.7997,-53294.95,1.08
1164,51.48,1026.5148,-47663.27,1.19
1165,63.8,1085.3145,-54079.98,1.12
1166,41.0,1018.0943,-43183.88,1.11
1167,45.88,1013.1024,-55248.1,0.96
1168,47.08,1052.5159,-47434.63,1.26
1169,47.88,1003.395,-53056.96,1.2
1170,48.28,1058.5735,-49698.7,1.2
1171,62.16,996.6436,-47003.03,1.19
1172,38.08,1048.3015,-49530.56,1.27
1173,42.76,1019.3388,-53162.02,1.15
1174,36.8,1047.0378,-49602.35,1.19
1175,50.24,1036.796,-47453.21,1.12
1176,43.36,1036.5763,-41662.42,1.13
1177,52.0,1027.9653,-45446.48,1.13
1178,48.44,1027.7017,-43406.53,1.08
1179,43.52,1053.083,-51766.41,1.03
1180,41.56,1029.8281,-53172.41,1.24
1181,33.84,1024.5638,-49490.52,1.33
1182,57.24,1020.768,-59271.15,1.24
1183,37.44,1013.9016,-45235.97,1.07
1184,48.6,1082.6135,-57690.19,1.1
1185,64.16,1047.3536,-49640.45,1.17
1186,41.64,1016.83,-39183.77,1.29
1187,51.44,1021.2121,-45461.65,1.17
1188,48.8,1053.4752,-41980.72,1.1
1189,45.24,1023.126,-51137.82,1.18
1190,55.32,1021.5276,-57395.76,1.21
1191,45.04,1032.1669,-47530.97,1.32
1192,50.52,1004.5594,-44975.22,1.29
1193,47.76,1012.5336,-47022.38,1.12
1194,54.52,1040.5454,-49462.58,1.23
1195,43.24,1038.6346,-47610.88,1.2
1196,56.16,1026.8711,-49479.72,1.17
1197,46.2,1024.0176,-45456.26,1.11
1198,50.08,1005.7358,-43205.13,1.2
1199,54.08,1003.8668,-45034.95,1.27
1200,39.92,1053.5482,-47649.86,1.24
1201,48.84,1027.1972,-43689.72,1.12
1202,48.52,1012.9105,-45016.27,1.13
1203,46.24,1012.657,-48962.4,1.29
1204,56.88,1001.1326,-51094.92,1.17
1205,44.32,1054.4996,-51205.65,1.31
1206,54.4,1093.2137,-49901.25,1.25
1207,42.12,1053.8234,-43729.94,1.32
1208,57.24,1100.2712,-48103.59,1.17
1209,59.44,1081.2554,-49503.51,1.17
1210,37.4,1013.6158,-53005.67,1.05
1211,40.24,995.4255,-51013.02,1.11
1212,43.72,1012.5247,-43174.72,1.34
1213,50.08,1112.3762,-52359.52,1.23
1214,53.36,1059.755,-51991.05,1.13
1215,48.72,1029.1386,-41305.43,1.26
1216,51.12,1033.0192,-51346.88,1.34
1217,47.36,1149.4104,-48312.3,1.15
1218,58.64,1089.1778,-59608.44,1.08
1219,46.04,1023.4768,-49467.8,1.14
1220,56.24,1048.8802,-49684.91,1.24
1221,53.4,1058.0139,-51557.86,1.23
1222,44.12,1052.5471,-51529.03,1.22
1223,36.56,1012.2468,-51371.29,1.21
1224,51.48,1034.0664,-35518.64,1.13
1225,51.16,1027.298,-51608.98,1.19
1226,46.52,1011.2614,-51428.05,1.16
1227,59.48,1047.0984,-53432.85,1.18
1228,53.32,1040.1002,-57426.79,1.28
1229,43.92,995.1191,-51148.94,1.08
1230,55.36,1104.0017,-46581.23,1.2
1231,49.4,1041.8506,-51688.3,1.13
1232,48.56,1002.707,-55049.04,1.11
1233,56.76,1049.2914,-57476.34,1.12
1234,51.16,1024.1081,-51502.25,1.17
1235,40.88,1064.7808,-50093.22,1.31
1236,42.92,1045.5088,-45890.25,1.2
1237,55.64,1011.3952,-51246.59,1.26
1238,46.96,1019.5496,-43324.55,1.19
1239,47.32,1069.274,-57657.49,1.17
1240,39.88,1034.9112,-55190.58,1.16
1241,45.28,1079.9108,-53763.91,1.18
1242,50.0,1015.2762,-43156.2,1.16
1243,55.36,1048.9294,-49446.35,1.11
1244,58.2,1086.0037,-47678.03,1.18
1245,44.6,1068.8926,-53873.44,1.11
1246,51.16,1059.3728,-40099.04,1.3
1247,41.84,1023.0235,-43548.71,1.18
1248,49.0,1064.2635,-49981.43,1.07
1249,46.84,1018.5602,-41097.99,1.2
1250,40.04,1026.8968,-39591.96,1.26
1251,52.04,1088.2115,-55536.2,1.2
1252,37.56,1005.7674,-51092.89,1.26
1253,54.28,1042.5967,-38011.64,1.17
1254,31.64,984.3749,-52904.69,1.11
1255,51.52,1026.1488,-47329.82,1.31
1256,47.96,1027.4483,-57086.03,1.18
1257,47.44,1044.4706,-43402.08,1.23
1258,49.8,1035.801,-49830.33,1.1
1259,53.2,999.3476,-44959.29,1.07
1260,55.32,1026.1887,-49213.96,1.12
1261,49.76,1141.8736,-41549.64,1.17
1262,68.36,1036.1832,-49578.64,1.16
1263,54.52,1048.6123,-49399.91,1.16
1264,57.32,981.9101,-46832.53,1.16
1265,55.4,1052.6803,-41505.44,1.27
1266,48.4,1003.385,-44951.47,1.3
1267,58.0,1021.772,-41340.55,1.21
1268,55.76,980.692,-48938.75,1.27
1269,55.24,1039.03,-53751.25,1.3
1270,54.84,1020.263,-57336.39,1.23
1271,59.16,996.378,-45194.25,1.1
1272,53.4,1064.7784,-55159.42,1.13
1273,43.56,1013.9594,-47319.29,1.24
1274,44.76,1010.0175,-41365.58,1.28
1275,38.64,1083.7216,-46059.83,1.4
1276,49.4,1083.9713,-48162.71,1.25
1277,47.84,1022.722,-45265.35,1.19
1278,52.36,1056.4492,-45914.79,1.21
1279,54.96,1089.9518,-52852.11,1.22
1280,35.4,1135.0249,-50635.75,1.18
1281,55.12,1060.3872,-40106.81,1.19
1282,39.36,1025.6732,-57389.67,1.13
1283,48.92,1021.8102,-47204.52,1.24
1284,49.64,1041.3978,-53104.0,1.27
1285,27.6,1030.5001,-41605.77,1.23
1286,47.56,1028.6665,-51648.47,1.09
1287,50.48,1039.8816,-55402.2,1.17
1288,46.96,1045.6564,-43981.7,1.12
1289,52.6,1042.9216,-49473.04,1.14
1290,45.04,1036.0285,-47546.59,1.16
1291,54.16,1082.3536,-53724.06,1.14
1292,59.28,997.9319,-51013.04,1.04
1293,45.56,1042.6909,-45584.99,1.15
1294,59.84,1029.3079,-49009.06,1.15
1295,59.52,1020.3485,-45176.97,1.21
1296,53.76,1071.212,-46158.29,1.16
1297,66.72,1048.6923,-57649.32,1.04
1298,55.28,1052.9135,-55436.2,1.12
1299,44.56,1011.6102,-47270.2,1.06
1300,48.68,991.2732,-38905.15,1.26
1301,43.44,1043.3772,-59300.58,1.02
1302,57.64,1008.2576,-45218.47,1.23
1303,43.2,1036.1074,-47410.75,1.27
1304,46.2,1057.0408,-43491.59,1.21
1305,44.64,1012.0128,-45392.42,1.1
1306,44.68,1050.8103,-49841.55,1.3
1307,37.6,1052.1847,-43651.57,1.29
1308,59.56,1052.6228,-47637.03,1.18
1309,48.44,1036.0181,-52938.39,1.09
1310,41.32,1036.4188,-57248.21,1.28
1311,52.24,1008.3295,-46972.72,1.14
1312,41.92,1027.5665,-49627.0,1.22
1313,51.2,1021.9266,-49093.13,1.14
1314,49.12,1043.9934,-51218.36,1.15
1315,45.44,1092.8269,-51401.63,1.37
1316,48.16,1017.1617,-49244.07,1.24
1317,55.08,1058.2715,-45754.47,1.15
1318,49.96,1041.5709,-41916.87,1.33
1319,41.8,1059.5036,-47940.36,1.04
1320,53.2,1036.1509,-49393.28,1.16
1321,53.44,1086.951,-47861.9,1.26
1322,49.96,988.0453,-50977.26,1.28
1323,53.04,1023.1602,-41418.82,1.25
1324,64.36,1046.7558,-43398.95,1.3
1325,53.2,1031.2705,-49765.03,1.41
1326,46.16,999.554,-53035.97,1.09
1327,35.52,1038.4091,-55273.19,1.04
1328,38.32,1023.33,-39160.81,1.31
1329,53.8,996.5891,-52936.48,1.2
1330,53.8,1036.4618,-49241.47,1.33
1331,46.56,1012.0925,-41398.93,1.23
1332,57.72,1088.6942,-48460.16,1.25
1333,36.76,1050.5565,-51997.36,1.3
1334,50.2,1005.1122,-49069.25,1.19
1335,43.64,1034.5984,-43674.29,1.08
1336,43.48,1009.881,-48861.53,1.08
1337,43.16,1009.1835,-53193.99,1.23
1338,45.0,1033.3121,-43232.55,1.24
1339,40.88,1024.761,-45215.51,1.17
1340,51.04,1007.9794,-47114.09,1.16
1341,33.88,1042.9385,-51825.82,1.21
1342,45.32,1052.2653,-45586.74,1.07
1343,44.12,1039.557,-47902.5,1.14
1344,56.84,1029.6447,-51576.93,1.26
1345,50.88,1027.7411,-45525.26,1.2
1346,51.28,1055.8021,-44090.66,1.3
1347,50.12,1010.6752,-51049.43,1.28
1348,37.16,1002.6497,-42988.38,1.35
1349,47.16,1012.5856,-47123.54,1.15
1350,46.84,1060.2404,-57436.39,1.1
1351,52.96,1082.5746,-47833.08,1.21
1352,38.88,999.5889,-45125.76,1.15
1353,56.12,1053.1704,-43866.48,1.29
1354,44.16,1032.263,-55223.93,1.14
1355,35.36,1066.6638,-49734.69,1.26
1356,50.6,1047.3665,-49472.6,1.18
1357,47.04,1034.06,-45624.63,1.19
1358,54.48,1020.6063,-49071.64,1.17
1359,49.6,1048.7681,-48153.61,1.18
1360,54.44,1020.7816,-53083.51,1.26
1361,53.24,996.9602,-44938.32,1.27
1362,46.2,1044.6376,-45741.62,1.23
1363,47.68,1041.1084,-43407.82,1.21
1364,48.72,1076.4881,-45662.8,1.2
1365,51.76,1061.1015,-51688.64,1.22
1366,51.28,1013.4139,-57161.69,1.2
1367,50.6,1023.7498,-51264.61,1.2
1368,51.44,1027.0598,-45367.68,1.25
1369,47.92,1011.5372,-51111.26,1.3
1370,53.52,1012.7401,-55065.22,1.11
1371,50.68,1054.5975,-53328.97,1.09
1372,55.64,1048.774,-41813.34,1.35
1373,50.04,1044.8052,-55347.75,1.23
1374,38.68,1008.0422,-50989.4,1.21
1375,55.12,1018.5802,-49279.45,1.18
1376,58.4,1092.6777,-55912.77,1.08
1377,48.2,1003.2292,-45027.39,1.21
1378,33.84,1032.9244,-53187.96,1.18
1379,53.12,1005.0508,-47154.91,1.14
1380,45.4,1012.7403,-41378.98,1.23
1381,43.44,1021.2015,-37368.46,1.34
1382,55.92,1085.4996,-51955.57,1.13
1383,57.6,1031.5791,-47215.82,1.24
1384,45.88,1002.914,-55041.22,0.95
1385,57.96,1019.2379,-53169.69,1.2
1386,53.88,1003.2954,-45086.12,1.12
1387,48.92,1048.1213,-51450.85,1.05
1388,46.16,1040.3115,-49516.1,1.02
1389,29.72,1041.3777,-49550.81,1.23
1390,51.4,1032.0615,-47169.07,1.23
1391,57.56,1057.0706,-45534.04,1.21
1392,46.4,1016.214,-45285.85,1.25
1393,44.88,1032.5561,-41506.26,1.29
1394,47.56,1071.0446,-40148.78,1.37
1395,48.72,1027.5939,-45545.91,1.3
1396,45.52,1028.4494,-53255.82,1.18
1397,41.16,1027.5908,-47255.12,1.29
1398,37.2,1061.9386,-49590.43,1.18
1399,47.64,1027.4655,-41104.79,1.34
1400,50.56,1045.3546,-59500.17,1.08
1401,61.16,1089.1772,-55699.19,1.01
1402,50.4,1054.965,-55876.57,1.16
1403,53.48,1041.5614,-53320.91,1.2
1404,47.64,1070.0354,-49651.29,1.18
1405,48.64,1044.9988,-45474.01,1.15
1406,55.12,1019.6412,-53414.15,1.14
1407,57.84,995.8056,-55165.15,1.06
1408,53.12,1060.4744,-49496.4,1.14
1409,49.92,1020.0333,-43254.6,1.41
1410,54.56,1007.8737,-43117.92,1.19
1411,48.56,1051.1448,-43350.8,1.18
1412,56.96,1002.7469,-50895.56,1.19
1413,44.4,1000.7304,-50937.28,1.16
1414,37.36,987.4489,-44916.43,1.2
1415,46.16,1031.7134,-57270.24,1.17
1416,60.24,1028.4113,-49212.57,1.15
1417,51.04,1038.9237,-57137.76,1.17
1418,45.48,1020.121,-53302.21,1.21
1419,44.48,1029.5301,-55497.91,1.46
1420,57.64,1048.6748,-43740.55,1.27
1421,48.6,1014.2121,-46786.57,1.25
1422,42.0,1057.3168,-47799.52,1.2
1423,51.68,1022.4288,-45302.32,1.22
1424,51.04,1182.5571,-48226.76,1.21
1425,52.08,1018.991,-47276.78,1.24
1426,51.84,1054.303,-49751.03,1.17
1427,46.32,1042.3247,-49542.36,1.21
1428,46.52,1045.933,-49159.29,1.18
1429,37.6,1030.4288,-41684.7,1.32
1430,54.2,1009.163,-53262.26,1.22
1431,37.24,1033.2456,-57359.55,1.06
1432,40.96,1037.1597,-39740.55,1.25
1433,41.56,1109.1591,-48510.56,1.22
1434,37.16,1030.5302,-45209.28,1.29
1435,47.92,1041.1638,-43656.67,1.17
1436,58.6,1036.476,-45670.76,1.28
1437,60.0,1006.4442,-52990.13,1.06
1438,41.0,1043.9541,-53398.09,1.19
1439,41.68,1001.8281,-52951.43,1.12
1440,63.2,1022.0472,-45476.71,1.15
1441,45.08,1049.1475,-51242.7,1.2
1442,54.48,1067.5108,-47476.73,1.31
1443,50.6,1024.8303,-45217.19,1.22
1444,43.36,1046.7608,-49990.59,1.27
1445,53.32,1074.4264,-53685.16,1.22
1446,51.68,1017.925,-45367.84,1.25
1447,36.96,993.5976,-48765.19,1.13
1448,40.56,1076.2138,-56410.51,1.16
1449,52.28,1039.329,-53009.39,1.16
1450,47.72,1011.0281,-37084.84,1.25
1451,56.12,1092.5573,-44169.34,1.26
1452,39.92,1060.2917,-47832.15,1.29
1453,41.36,1030.2919,-47853.38,1.21
1454,63.0,1006.9361,-55157.77,1.16
1455,58.44,1007.3458,-55029.28,1.07
1456,46.28,1066.3026,-43852.05,1.26
1457,44.64,1010.831,-48983.82,1.11
1458,56.76,1088.2554,-54683.29,1.16
1459,48.12,1054.0628,-41983.86,1.38
1460,52.76,1013.121,-49270.58,1.11
1461,34.16,1051.2794,-49995.78,1.08
1462,35.36,1038.9802,-51335.73,1.19
1463,44.48,1073.22,-49628.65,1.21
1464,57.12,1034.2894,-49318.81,1.19
1465,49.48,1035.648,-45437.78,1.12
1466,48.76,1009.5673,-47216.55,1.26
1467,60.52,1007.9152,-48922.46,1.37
1468,52.4,1039.3514,-47587.5,1.23
1469,49.08,1050.469,-47134.45,1.3
1470,48.76,1013.1181,-51020.25,1.09
1471,41.32,1010.6343,-49293.07,1.34
1472,41.24,1057.3588,-53762.55,1.21
1473,34.64,1057.6688,-49527.0,1.26
1474,51.48,1042.0297,-49494.44,1.18
1475,53.8,1024.9062,-41190.19,1.12
1476,47.2,1036.2004,-47798.26,1.24
1477,52.64,1017.4854,-53322.34,1.17
1478,46.92,1049.7838,-41949.58,1.24
1479,65.52,1030.8262,-39532.7,1.17
1480,50.68,1023.1976,-55264.05,1.06
1481,51.4,1056.376,-50332.73,1.15
1482,45.88,1061.8622,-51890.56,1.25
1483,33.4,990.4482,-48914.28,1.2
1484,46.8,1042.6324,-49508.78,1.02
1485,51.84,1065.9948,-50256.22,1.18
1486,52.28,1054.0728,-51681.66,1.27
1487,57.76,1033.167,-51187.35,1.22
1488,47.72,1018.9648,-41133.52,1.17
1489,46.88,989.1119,-44861.71,1.23
1490,50.36,1002.433,-41005.23,1.24
1491,44.6,1017.8878,-47276.63,1.17
1492,41.76,1007.5711,-47114.81,1.17
1493,53.16,993.8331,-50792.46,1.23
1494,40.16,990.2308,-50890.88,1.08
1495,39.6,1047.5514,-43571.6,1.22
1496,55.04,1034.8428,-37726.23,1.22
1497,46.0,1116.2776,-44491.32,1.27
1498,41.72,1019.0335,-49383.16,1.07
1499,54.64,1047.744,-45555.51,1.19
1500,46.44,998.8399,-43120.14,1.25
1501,54.56,1065.477,-42253.19,1.21
1502,51.4,999.8273,-43003.8,1.19
1503,51.0,1033.7531,-41579.69,1.22
1504,42.12,1017.2026,-54994.8,1.32
1505,43.96,998.0548,-52986.88,1.15
1506,57.64,1011.6095,-49280.93,1.26
1507,51.56,1071.2626,-47724.85,1.18
1508,55.0,1050.5276,-45981.51,1.25
1509,61.64,1066.7608,-48046.5,1.24
1510,54.56,1052.7214,-48414.39,1.03
1511,51.8,1007.207,-51082.85,1.17
1512,51.36,1016.722,-49185.9,1.13
1513,40.36,1015.6855,-45304.18,1.2
1514,42.72,1021.4628,-49204.45,1.41
1515,36.68,1005.2117,-51372.38,1.01
1516,44.68,1063.0482,-49803.12,1.34
1517,48.4,1073.749,-47903.77,1.15
1518,48.04,1067.6298,-48503.16,1.15
1519,46.52,1014.5117,-47403.03,1.23
1520,46.4,1024.249,-51317.83,1.21
1521,39.4,1010.5516,-45289.48,1.18
1522,52.0,1046.6904,-45420.53,1.22
1523,49.76,1068.3475,-49710.82,1.24
1524,45.72,1018.5929,-45023.47,1.16
1525,57.24,1027.8314,-48982.84,1.01
1526,55.52,1031.0033,-41688.43,1.07
1527,56.6,1012.7551,-41327.96,1.32
1528,46.52,1002.9823,-47099.74,1.1
1529,49.56,1074.5302,-53932.05,1.2
1530,42.32,1037.2474,-39767.65,1.19
1531,65.84,1112.1113,-50421.38,1.19
1532,53.52,1062.3209,-42055.62,1.12
1533,54.2,1042.7113,-47504.45,1.18
1534,46.08,993.4595,-40826.16,1.21
1535,49.4,1087.2476,-44368.61,1.32
1536,51.52,1012.6036,-39185.06,1.06
1537,53.28,1002.6951,-53052.09,1.21
1538,45.52,1044.2938,-47647.19,1.31
1539,46.92,1033.3671,-45486.94,1.24
1540,46.04,1042.1156,-43525.46,1.12
1541,51.32,1057.5541,-49795.27,1.05
1542,45.6,1031.5299,-53494.78,1.18
1543,47.92,1026.848,-47305.52,1.22
1544,52.24,1103.3223,-52306.94,1.23
1545,42.48,1020.3528,-37135.8,1.29
1546,53.36,1040.7312,-55160.05,1.19
1547,44.32,1077.1836,-53920.85,1.27
1548,43.76,1014.4511,-55145.36,1.08
1549,45.68,1036.1726,-49589.09,1.13
1550,55.12,1043.3532,-47248.48,1.19
1551,45.96,1075.7949,-53914.1,1.12
1552,44.84,1018.586,-57192.42,1.25
1553,36.76,1090.9264,-48622.14,1.16
1554,45.76,1045.7268,-55303.44,1.26
1555,42.08,1098.437,-46320.51,1.27
1556,40.52,1037.0646,-47579.88,1.19
1557,38.68,1021.5359,-49156.93,1.2
1558,52.56,1023.9754,-43555.79,1.28
1559,46.64,1043.6748,-51706.03,1.2
1560,44.44,1015.8432,-51140.3,1.14
1561,47.72,1005.5703,-47420.61,1.42
1562,46.56,1014.76,-45200.8,1.15
1563,49.84,1012.7508,-47311.97,1.38
1564,47.4,1062.4529,-51887.8,1.21
1565,37.96,1029.988,-43830.03,1.24
1566,57.72,1090.8049,-57811.73,1.11
1567,54.52,1035.5688,-43668.64,1.25
1568,45.8,1050.2502,-53295.63,1.24
1569,47.72,1015.4066,-45092.87,1.26
1570,45.64,1023.4877,-37416.29,1.2
1571,49.8,1044.5307,-49701.29,1.21
1572,55.84,1059.2255,-51545.69,1.17
1573,52.0,1007.8508,-47160.95,1.18
1574,55.0,991.2578,-56974.77,1.13
1575,44.2,1034.613,-49635.17,1.34
1576,48.32,1006.4207,-44918.03,1.34
1577,55.44,1046.99,-47651.08,1.24
1578,57.88,1031.3382,-47243.35,1.23
1579,44.44,1017.2306,-41323.37,1.2
1580,44.44,1021.4772,-53111.85,1.12
1581,57.16,1024.4796,-47333.01,1.22
1582,48.08,1040.138,-55454.08,1.23
1583,48.8,1012.4528,-51166.43,1.29
1584,57.24,1060.2948,-50072.79,1.26
1585,37.56,1029.4518,-43329.44,1.3
1586,43.76,1015.5379,-47304.52,1.16
1587,53.6,1011.0938,-45031.23,1.17
1588,47.88,1034.2058,-41227.99,1.04
1589,51.2,1035.3326,-35556.76,1.23
1590,47.84,1030.0808,-49219.07,1.03
1591,53.64,1105.1394,-59671.91,1.01
1592,38.48,1002.3529,-39052.35,1.27
1593,54.52,1036.7235,-55160.3,1.08
1594,50.88,1009.2456,-51214.1,1.16
1595,49.6,1008.1447,-43289.03,1.08
1596,51.16,1052.6529,-42274.01,1.16
1597,51.8,1061.2696,-47900.68,1.26
1598,51.2,1071.534,-47802.59,1.26
1599,51.44,1035.1181,-57057.74,1.17
1600,51.8,1000.7094,-53082.99,1.22
1601,40.92,1009.3538,-49208.01,1.26
1602,55.16,1057.5967,-47864.22,1.23
1603,45.2,1051.6119,-57294.44,1.16
1604,43.76,1003.7421,-39011.18,1.25
1605,47.96,1018.9152,-43058.21,1.28
1606,55.24,1023.8528,-39287.65,1.2
1607,48.8,1046.0464,-47698.01,1.24
1608,45.12,1034.1719,-47319.08,1.14
1609,43.2,1030.6929,-57215.5,1.19
1610,48.8,1036.5634,-43795.44,1.41
1611,42.12,1022.4515,-53247.9,1.26
1612,29.24,1047.243,-55690.03,0.95
1613,32.88,1025.0939,-53118.1,1.2
1614,58.68,1044.3526,-53977.24,1.22
1615,53.24,1019.212,-43220.5,1.36
1616,44.76,1061.0798,-47079.97,1.09
1617,45.32,1090.1099,-48325.87,1.28
1618,47.88,1025.7377,-41584.68,1.21
1619,42.72,988.201,-49002.86,1.12
1620,54.48,1017.0486,-51248.49,1.2
1621,40.36,1033.1183,-45317.0,1.19
1622,49.72,1060.6218,-49711.96,1.05
1623,51.68,1016.1793,-41413.5,1.1
1624,46.68,1069.0317,-41932.89,1.22
1625,53.88,1004.3014,-50996.01,1.16
1626,50.8,1047.9936,-43711.62,1.18
1627,39.92,1009.8376,-47010.89,1.29
1628,52.16,1087.7436,-53644.6,1.22
1629,43.88,1062.9268,-51647.79,1.22
1630,46.8,1028.4581,-43564.11,1.13
1631,50.32,1036.8262,-47331.3,1.13
1632,46.48,1008.5322,-49150.63,1.21
1633,44.16,1038.9094,-45801.39,1.34
1634,42.12,1086.0276,-49792.69,1.18
1635,57.84,1020.7227,-49381.11,1.13
1636,48.68,1006.501,-45095.11,1.16
1637,47.92,980.5375,-48693.42,1.21
1638,42.52,1031.4452,-49185.28,1.19
1639,60.12,1051.8065,-47476.29,1.18
1640,43.0,1018.7712,-41592.39,1.21
1641,49.04,1088.9563,-51322.6,1.1
1642,60.04,1052.2776,-53180.15,1.12
1643,55.04,1063.543,-55910.48,1.27
1644,41.48,1054.7628,-37838.55,1.15
1645,49.48,1045.2664,-51307.19,1.16
1646,53.08,1053.382,-47405.08,1.22
1647,47.12,1018.6307,-45294.65,1.18
1648,55.08,1096.2312,-54071.5,1.23
1649,36.52,1037.8165,-49264.34,1.31
1650,54.92,1030.7482,-51277.07,1.13
1651,59.72,1046.4942,-55479.83,1.13
1652,51.56,1052.7052,-43890.84,1.2
1653,46.32,1071.7472,-49913.69,1.22
1654,42.04,1074.7686,-57406.63,1.05
1655,52.04,994.3948,-48682.37,1.26
1656,53.12,1012.5743,-41138.53,1.16
1657,46.96,1103.0441,-54134.31,1.52
1658,40.16,1036.1492,-47566.16,1.17
1659,47.76,1006.1552,-51296.29,1.09
1660,41.88,1038.3416,-47906.96,1.19
1661,62.0,1084.3285,-52203.68,1.07
1662,50.36,1027.2145,-45538.35,1.2
1663,53.2,1068.5708,-48172.77,1.17
1664,49.6,1006.7487,-43113.37,1.21
1665,42.84,1010.3339,-44937.49,1.18
1666,50.32,988.9888,-50949.02,1.16
1667,38.64,997.4672,-54884.02,1.17
1668,48.2,1071.338,-50450.59,1.13
1669,69.32,1036.5038,-47567.19,1.1
1670,33.4,1171.1292,-56481.21,1.16
1671,38.08,1020.2946,-53210.76,1.01
1672,43.72,989.1635,-42771.5,1.27
1673,49.28,1011.141,-43326.52,1.23
1674,43.16,1033.4399,-51281.91,1.32
1675,54.08,1068.6457,-40386.49,1.22
1676,36.88,1005.8326,-43035.57,1.11
1677,45.76,1004.2132,-51166.19,1.22
1678,53.16,1011.5146,-53131.54,1.1
1679,37.24,1046.4796,-53523.87,1.23
1680,43.2,1028.5841,-47250.14,1.23
1681,47.12,1027.485,-45293.84,1.22
1682,45.44,1049.1741,-51620.9,1.22
1683,44.44,1004.6469,-51010.29,1.15
1684,48.8,995.2358,-54759.02,1.03
1685,53.92,993.6245,-46930.76,1.15
1686,43.72,1016.4169,-43257.99,1.17
1687,52.84,1022.3956,-47392.61,1.31
1688,50.6,1005.1091,-47027.5,1.13
1689,42.08,998.7625,-44997.59,1.18
1690,46.36,1059.5452,-47914.22,1.27
1691,42.64,982.9699,-56929.43,1.04
1692,36.48,1037.8189,-49556.55,1.12
1693,52.96,1013.1579,-47288.1,1.27
1694,40.4,1049.9868,-51759.15,1.13
1695,60.16,1032.3946,-39658.51,1.12
1696,44.2,1007.1805,-55031.47,1.24
1697,54.72,1027.7945,-41643.82,1.21
1698,62.0,988.9311,-59004.86,1.09
1699,54.96,1045.1331,-49325.04,1.16
1700,39.44,1010.541,-48915.67,1.2
1701,41.88,1012.6259,-47121.59,1.15
1702,48.04,993.5887,-36960.76,1.21
1703,49.88,1048.5664,-45603.59,1.35
1704,55.6,1010.9099,-47246.13,1.23
1705,47.56,1038.9549,-53680.74,1.25
1706,45.68,1014.9852,-41154.56,1.33
1707,50.04,1055.8942,-47470.49,1.18
1708,47.92,1014.1228,-47205.96,1.1
1709,53.0,1011.1449,-39102.67,1.17
1710,56.44,1040.8908,-53317.13,1.16
1711,45.56,1013.024,-49367.8,1.24
1712,49.04,1055.052,-43830.61,1.22
1713,45.72,1118.9375,-51645.24,1.22
1714,42.84,1005.6192,-52853.26,1.2
1715,42.2,1000.1949,-46990.76,1.27
1716,33.0,1025.3436,-51573.69,1.18
1717,43.24,1095.1984,-46461.8,1.21
1718,29.52,1061.9774,-55805.06,1.05
1719,45.12,1008.0336,-47104.07,1.34
1720,57.04,1007.6189,-46932.45,1.11
1721,36.16,1025.2949,-43306.21,1.2
1722,44.8,1045.2168,-53445.29,0.96
1723,51.8,1029.8064,-45385.66,1.24
1724,52.44,1001.7701,-57115.04,1.2
1725,46.32,1010.7487,-49020.17,1.11
1726,64.8,1130.9909,-52851.75,1.25
1727,47.6,1033.642,-51053.93,1.16
1728,58.2,1004.8039,-53030.05,1.3
1729,55.68,1035.3382,-54957.13,1.21
1730,57.6,1017.092,-55425.6,1.12
1731,57.72,1010.2169,-49222.27,1.27
1732,46.32,1055.3751,-48222.93,1.18
1733,33.4,1022.1439,-50891.81,1.15
1734,50.16,1053.7509,-39919.58,1.18
1735,40.04,1016.1498,-43337.04,1.21
1736,52.28,1036.8794,-49444.15,1.25
1737,42.16,1048.2393,-53624.6,1.23
1738,51.08,1042.041,-37849.23,1.17
1739,48.76,1034.6476,-51427.28,1.24
1740,37.36,1025.162,-53496.51,1.19
1741,55.28,1045.2484,-53255.38,0.98
1742,36.04,1015.192,-49262.87,1.06
1743,48.96,1046.6112,-45690.9,1.26
1744,56.88,1024.4141,-47469.35,1.18
1745,41.28,1004.5076,-43179.69,1.26
1746,65.64,1035.1325,-51793.88,1.0
1747,47.88,1008.3603,-47191.37,1.03
1748,44.88,1046.4418,-59118.68,1.24
1749,56.36,1021.6606,-49273.38,1.41
1750,61.96,1063.0181,-49949.88,1.15
1751,50.92,1050.561,-53325.46,1.21
1752,40.04,1015.7724,-51218.66,1.31
1753,45.48,1034.7649,-49445.93,1.21
1754,44.2,1058.916,-49799.83,1.26
1755,57.04,1029.1943,-45372.45,1.32
1756,46.08,1041.5192,-45753.88,1.21
1757,49.4,1046.0753,-45742.05,1.17
1758,58.88,1047.6079,-43575.2,1.31
1759,37.68,1066.7105,-50204.5,1.21
1760,39.96,1044.4686,-45741.6,1.23
1761,36.16,1019.325,-43170.08,1.18
1762,54.0,1042.2052,-47086.68,1.14
1763,44.8,1019.9934,-49449.77,1.23
1764,52.16,1023.327,-47064.84,1.17
1765,41.84,1061.4447,-43880.91,1.21
1766,49.32,1017.078,-45531.8,1.2
1767,43.0,1021.8708,-47468.2,1.2
1768,44.84,1058.6411,-50384.99,1.18
1769,49.0,1057.8876,-51819.46,1.1
1770,47.52,1012.893,-48993.88,1.13
1771,48.84,1056.2895,-47829.05,1.18
1772,32.2,1047.1043,-55904.42,1.18
1773,42.0,1044.67,-41490.81,1.2
1774,43.32,1011.4037,-45039.28,1.2
1775,56.4,1038.9838,-51777.76,1.27
1776,42.16,1011.7276,-57092.33,1.24
1777,47.32,988.6136,-52898.57,1.19
1778,50.48,1045.0882,-47242.41,1.28
1779,52.24,978.8824,-60812.43,1.02
1780,55.36,1092.6471,-49964.82,1.21
1781,48.48,1044.82,-43739.43,1.23
1782,52.2,1046.6537,-49610.05,1.13
1783,51.12,1052.6142,-53289.79,1.13
1784,52.0,1019.9752,-49429.93,1.26
1785,54.44,1038.5703,-55548.57,1.1
1786,45.24,998.7506,-46901.97,1.2
1787,43.04,1066.6998,-41822.39,1.27
1788,46.12,1007.6701,-49159.46,1.07
1789,52.36,1032.8566,-57347.07,1.02
1790,56.68,1090.7384,-46712.97,1.2
1791,56.0,1019.5929,-51174.82,1.37
1792,60.56,1023.0894,-49152.86,1.15
1793,51.92,1036.0397,-55365.23,1.06
1794,57.64,1028.0642,-53329.92,1.04
1795,41.08,1031.2624,-45553.88,1.17
1796,57.72,1031.1592,-43312.18,1.12
1797,50.12,1016.5361,-39376.25,1.23
1798,47.52,1014.4072,-45370.67,1.16
1799,52.24,1024.005,-47554.68,1.38
1800,43.04,1028.826,-41617.85,1.13
1801,39.64,1029.4893,-51285.57,1.17
1802,44.04,1014.0687,-41223.06,1.19
1803,43.72,1041.0463,-51299.74,1.26
1804,45.44,1087.8284,-34887.5,1.35
1805,50.0,990.2026,-46788.84,1.24
1806,58.84,1005.3279,-45103.26,1.17
1807,38.12,1027.5803,-45434.23,1.22
1808,46.4,997.2806,-48930.9,1.19
1809,52.2,1076.0505,-45426.6,1.29
1810,48.56,1065.7358,-47891.23,1.21
1811,57.84,1036.8774,-51015.14,1.2
1812,48.8,1003.7005,-43164.01,1.12
1813,47.52,1054.2118,-39937.48,1.25
1814,47.68,1049.3439,-53614.13,1.06
1815,58.04,1041.7387,-45187.58,1.25
1816,44.64,1047.4792,-41829.19,1.28
1817,45.36,1012.1958,-41306.08,1.14
1818,49.48,1057.4169,-49877.94,1.2
1819,51.76,1021.6537,-55170.05,1.09
1820,40.6,1105.7978,-50498.67,1.17
1821,30.84,998.7881,-53000.43,1.06
1822,48.2,1062.3874,-51673.98,1.18
1823,44.0,992.1287,-48897.04,1.27
1824,42.4,1026.3871,-39649.65,1.24
1825,43.72,1055.4562,-46036.02,1.23
1826,49.4,1078.3766,-57650.81,1.04
1827,53.2,1019.0892,-39269.32,1.24
1828,54.44,1032.6172,-41720.22,1.17
1829,39.4,1024.5289,-43444.68,1.19
1830,44.2,1025.1376,-53214.5,1.11
1831,51.76,1000.4637,-43016.57,1.24
1832,53.04,996.204,-50904.67,1.3
1833,50.48,1022.8736,-49253.07,1.17
1834,47.52,1014.1642,-55064.75,1.11
1835,54.48,1043.4502,-51456.06,1.05
1836,51.76,1047.2108,-51448.14,1.12
1837,45.56,1062.155,-49720.73,1.2
1838,51.0,984.5136,-48747.62,1.23
1839,33.36,1029.7858,-49467.74,1.25
1840,45.84,992.3715,-52887.44,1.14
1841,53.6,1109.6616,-47624.86,1.1
1842,45.96,1049.4216,-47830.97,1.1
1843,37.56,1044.3928,-45493.05,1.08
1844,43.4,1016.1488,-47196.87,1.05
1845,48.56,1045.4146,-43465.4,1.2
1846,50.04,1006.7022,-49152.92,1.18
1847,51.8,1024.732,-43565.05,1.28
1848,64.96,1037.2212,-43562.55,1.22
1849,49.48,1041.2343,-51389.01,1.27
1850,48.6,1010.279,-53171.95,1.08
1851,41.16,1028.9368,-45752.92,1.07
1852,40.96,998.8494,-55175.59,1.14
1853,49.36,1080.1321,-51818.12,1.14
1854,47.36,1010.6962,-45221.56,1.25
1855,44.92,1014.0643,-57066.31,1.07
1856,51.64,1023.0681,-55373.43,1.12
1857,46.36,1013.3972,-39259.8,1.22
1858,50.08,1049.3897,-45532.86,1.17
1859,42.64,1054.9274,-49844.23,1.24
1860,56.48,1052.4913,-47762.4,1.18
1861,37.48,1030.3544,-47295.66,1.07
1862,39.28,981.7332,-44723.03,1.17
1863,39.32,1043.8748,-43731.24,1.15
1864,54.76,1057.3919,-43752.93,1.14
1865,48.28,1053.3539,-47687.28,1.25
1866,50.48,994.8992,-49034.74,1.02
1867,46.08,1041.7532,-47859.32,1.16
1868,55.96,1039.0559,-53502.26,1.13
1869,48.16,1006.9532,-49203.54,1.08
1870,42.72,1018.1763,-41451.06,1.18
1871,33.52,1029.9468,-49388.94,1.17
1872,46.68,1035.0484,-55572.36,1.05
1873,44.48,1027.0711,-59439.72,1.12
1874,52.0,1016.7438,-43206.56,1.3
1875,43.4,1015.0774,-49115.48,1.21
1876,50.44,1008.2381,-55062.86,1.14
1877,45.44,1035.5394,-45999.04,1.22
1878,52.16,1032.6666,-49302.61,1.16
1879,42.0,1075.6219,-50127.86,1.12
1880,51.44,1059.0591,-53794.42,1.32
1881,49.8,1027.4256,-49396.47,1.2
1882,58.04,1039.5376,-47315.47,1.19
1883,44.56,1044.1541,-47353.56,1.18
1884,44.6,1034.7716,-49772.34,1.17
1885,50.96,1024.9582,-50966.08,1.28
1886,51.56,1023.3566,-49293.61,1.18
1887,59.2,1073.1362,-45859.39,1.23
1888,45.8,1051.0593,-49661.44,1.18
1889,38.28,1010.351,-39273.04,1.3
1890,53.04,1031.2734,-47357.17,1.19
1891,47.56,1079.421,-48312.31,1.08
1892,43.72,1008.1607,-49050.12,1.11
1893,46.0,1031.3731,-47168.66,1.22
1894,40.96,1201.3829,-53327.11,1.26
1895,47.4,1075.8927,-44269.09,1.36
1896,49.68,1030.7298,-51157.68,1.23
1897,57.24,1013.5463,-51158.35,1.28
1898,42.76,1041.5926,-51508.23,1.23
1899,54.08,1062.6452,-41759.56,1.25
1900,50.08,1080.1676,-44024.85,1.18
1901,32.84,1034.7553,-51405.96,1.16
1902,52.24,1067.6425,-47959.46,1.24
1903,50.32,1012.7737,-47356.65,1.13
1904,49.16,1036.0738,-47349.66,1.23
1905,40.12,1010.8293,-43332.66,1.24
1906,42.04,1051.3494,-51548.07,1.19
1907,42.2,1085.394,-54066.17,1.2
1908,44.56,1019.4891,-41587.08,1.22
1909,52.88,1044.1838,-53476.98,1.26
1910,32.8,1051.2277,-51375.59,1.22
1911,52.08,1072.6548,-51798.33,1.18
1912,62.36,1052.8472,-43827.31,1.15
1913,35.92,1011.3082,-49084.34,1.25
1914,47.84,1036.5425,-49137.62,1.22
1915,37.32,1030.5172,-39556.12,1.11
1916,51.48,1102.8494,-44361.14,1.23
1917,54.96,1012.725,-51289.44,1.2
1918,52.48,1019.9179,-45377.86,1.08
1919,33.28,1053.5531,-39711.18,1.21
1920,57.0,1001.1966,-49058.62,1.26
1921,52.64,1063.8672,-53971.19,1.3
1922,55.2,1013.8969,-37177.01,1.29
1923,45.08,1006.2703,-49097.01,1.24
1924,54.8,1030.4004,-53261.72,1.09
1925,47.12,1013.3217,-41366.24,1.35
1926,41.16,1030.0418,-51466.31,1.04
1927,50.56,1068.8671,-45852.44,1.11
1928,44.2,1023.0274,-53157.47,1.17
1929,48.4,1172.4312,-45480.86,1.2
1930,56.08,1016.7832,-43278.75,1.09
1931,55.36,1015.1421,-53095.22,1.09
1932,43.24,1028.5174,-43441.45,1.21
1933,31.92,1014.8023,-43287.53,1.24
1934,37.24,1032.507,-49173.22,1.24
1935,50.36,1022.6342,-49714.13,1.11
1936,50.48,1070.1582,-51878.79,1.17
1937,55.36,1043.1382,-47719.39,1.21
1938,38.44,1013.4788,-47281.57,1.27
1939,54.0,1063.4546,-53457.09,1.13
1940,53.8,1046.9506,-47720.42,1.22
1941,53.2,1031.8824,-59117.36,1.25
1942,54.6,1044.8606,-51664.23,1.13
1943,49.04,1019.2804,-51302.79,0.99
1944,50.72,1049.5822,-43554.76,1.29
1945,43.2,1024.3792,-49213.41,1.35
1946,52.4,1038.775,-45552.41,1.17
1947,52.96,1007.6767,-47270.3,1.23
1948,30.24,1032.704,-43499.44,1.24
1949,54.8,1186.8128,-46235.75,1.02
1950,45.56,1052.6973,-51288.74,1.15
1951,45.36,1037.1706,-43344.25,1.24
1952,43.32,1124.5502,-44565.11,1.09
1953,41.84,1009.107,-49155.97,1.14
1954,57.76,1003.8808,-63049.42,1.12
1955,46.76,1013.7701,-47184.82,1.19
1956,63.44,1025.4303,-47487.83,1.2
1957,47.68,1009.5476,-53076.48,1.07
1958,55.28,1059.3608,-46011.61,1.18
1959,49.76,1054.4346,-49953.29,1.15
1960,40.84,1113.8923,-48403.88,1.23
1961,37.72,1114.9887,-50493.69,1.12
1962,42.28,1032.6503,-31733.24,1.18
1963,50.88,1026.8442,-45190.91,1.16
1964,53.84,1053.5404,-45697.49,1.21
1965,50.48,1068.5372,-47883.04,1.3
1966,51.12,1034.6946,-49359.62,1.08
1967,49.76,1010.3525,-53422.78,1.14
1968,51.68,1021.1804,-49343.14,1.17
1969,54.32,1033.9397,-47575.89,1.33
1970,57.12,1011.7118,-49246.42,1.35
1971,55.2,1044.9651,-45901.8,1.09
1972,55.2,990.8356,-48988.22,1.07
1973,48.4,1047.5945,-57282.03,1.15
1974,42.04,1034.3221,-53585.76,1.13
1975,47.56,1007.5308,-47071.45,1.24
1976,51.76,1054.1786,-44268.28,1.19
1977,49.84,1024.4478,-43459.64,1.22
1978,44.08,1023.3756,-43610.27,1.41
1979,50.52,1039.2269,-45474.5,1.26
1980,50.88,1044.6264,-47558.79,1.21
1981,54.0,1017.4862,-45215.12,1.32
1982,57.08,1011.7786,-49018.02,1.36
1983,41.72,1021.7359,-49357.43,1.44
1984,50.76,989.5692,-44845.1,1.31
1985,38.2,1053.5131,-47819.47,1.41
1986,25.64,1013.0863,-45134.88,1.29
1987,50.84,1063.1738,-49911.59,1.31
1988,43.36,1055.5318,-48012.26,1.55
1989,46.72,1026.2038,-39676.75,1.27
1990,46.4,1012.9642,-50964.55,1.24
1991,40.28,1053.9887,-45699.04,1.19
1992,52.04,980.9807,-52802.75,1.28
1993,54.32,1016.9848,-49208.07,1.36
1994,42.88,1040.7237,-49486.26,1.34
1995,45.4,1009.2048,-43154.14,1.16
1996,40.64,1044.642,-54041.04,1.17
1997,53.04,1000.8771,-39027.65,1.09
1998,49.72,1007.0307,-47103.64,1.25
1999,36.56,1050.3306,-42190.24,1.25
2000,48.4,1004.5696,-61153.11,1.09
2001,45.76,1044.5553,-45931.0,1.21
2002,44.52,1031.5455,-45301.44,1.21
2003,57.4,1013.9644,-45269.29,1.14
2004,61.8,1067.7846,-55703.57,1.22
2005,45.24,1039.8049,-53688.62,1.17
2006,49.92,1039.4402,-43579.51,1.15
2007,46.2,1070.8124,-48024.78,1.2
2008,46.04,1029.9452,-45506.45,1.22
2009,43.6,1044.3328,-47638.04,1.28
2010,44.72,1014.7845,-45305.13,1.33
2011,51.2,1038.3476,-47053.34,1.04
2012,54.92,989.6112,-46890.05,1.2
2013,50.12,1044.5479,-47833.89,1.15
2014,44.48,1043.4749,-41757.06,1.18
2015,36.44,1045.0704,-55637.12,1.18
2016,46.2,1029.6175,-41773.98,1.3
2017,51.88,1020.792,-49307.36,1.14
2018,55.52,1076.9277,-40786.49,1.32
2019,38.08,1110.2274,-56080.17,1.24
2020,48.24,1018.2142,-41426.86,1.19
2021,56.8,1031.2303,-55046.35,1.13
2022,46.08,1103.4894,-48273.93,1.23
2023,63.52,1120.355,-50544.43,1.11
2024,46.12,1055.5303,-46183.39,1.27
2025,45.12,1035.8192,-45508.23,1.22
2026,59.88,1008.7134,-45136.63,1.2
2027,38.68,997.5958,-56980.41,1.16
2028,49.72,1056.1665,-45755.57,1.23
2029,47.72,1011.8069,-45155.75,1.17
2030,31.16,1042.1114,-52975.53,1.3
2031,57.32,1036.0768,-39852.49,1.17
2032,44.8,1024.2448,-51240.51,1.07
2033,45.28,1027.585,-51047.72,1.26
2034,38.68,1031.1911,-51508.31,1.14
2035,52.76,1040.6025,-43610.89,1.46
2036,52.8,1009.1196,-47108.11,1.21
2037,37.4,1041.5503,-47279.69,1.2
2038,58.48,1100.4886,-49715.42,1.16
2039,37.4,1073.2414,-44155.85,1.36
2040,38.72,1007.2541,-51315.2,1.3
2041,42.24,1040.7439,-45437.56,1.21
2042,42.28,1103.5496,-48846.64,1.08
2043,52.32,1018.241,-47292.0,1.29
2044,39.16,1034.1193,-51660.97,1.04
2045,51.8,1045.3634,-48077.71,1.14
2046,60.0,1093.9794,-57680.85,1.12
2047,50.88,1009.0545,-49163.85,1.19
2048,45.52,1031.3511,-47343.49,1.14
2049,47.6,1023.5059,-47292.23,1.2
2050,45.36,1033.2531,-51195.93,1.17
2051,39.4,1028.2189,-45477.23,1.2
2052,49.68,1096.343,-50259.91,1.21
2053,60.88,1057.5857,-47784.56,1.15
2054,42.28,1035.8242,-49403.87,1.18
2055,43.44,1014.7774,-53090.23,1.21
2056,49.76,1039.7772,-49481.6,1.15
2057,58.6,1029.9456,-43552.91,1.07
2058,46.16,1050.164,-41884.96,1.23
2059,63.4,1104.1045,-57729.14,1.23
2060,54.6,1072.253,-47875.05,1.26
2061,48.52,1043.6639,-45632.47,1.17
2062,53.24,1038.5804,-44120.57,1.26
2063,41.68,1039.7388,-48040.67,1.39
2064,52.6,1051.3914,-47861.08,1.25
2065,39.12,1041.7217,-47780.84,1.26
2066,36.6,1073.2768,-51731.11,1.19
2067,58.88,1017.1122,-49123.94,1.18
2068,52.92,1072.7313,-51432.15,1.28
2069,51.76,1030.2695,-51033.48,1.29
2070,45.76,1017.63,-53200.79,1.17
2071,45.72,1017.8031,-51185.34,1.15
2072,43.6,1052.1098,-59271.64,1.17
2073,58.48,1052.29,-43939.15,1.27
2074,41.04,1021.0379,-43252.37,1.15
2075,54.04,1039.6227,-41931.83,1.18
2076,52.96,1014.8654,-47212.56,1.17
2077,57.6,988.3215,-54829.45,1.04
2078,56.48,1025.2598,-45349.93,1.29
2079,38.88,1024.9655,-55328.81,1.21
2080,63.28,1045.0588,-59272.64,1.18
2081,50.72,1052.231,-43595.5,1.45
2082,50.52,1031.5478,-43463.9,1.27
2083,52.08,1015.5999,-49398.11,1.28
2084,44.88,1028.9085,-45396.8,1.27
2085,51.92,1009.1412,-46885.72,1.25
2086,59.52,1028.7672,-53623.66,1.33
2087,51.56,1043.6914,-43645.8,1.27
2088,49.24,1056.518,-47506.67,1.21
2089,48.28,1020.8233,-47278.56,1.24
2090,58.48,1045.4292,-45600.63,1.22
2091,49.48,1095.4272,-57741.03,1.2
2092,46.32,1023.1229,-45027.18,1.19
2093,49.2,1025.0092,-61279.63,1.04
2094,51.24,1053.0787,-41837.3,1.19
2095,39.04,1016.0323,-56854.14,1.3
2096,57.68,1005.1681,-48955.15,1.02
2097,45.16,1078.0178,-52590.16,1.14
2098,60.64,1059.8771,-44399.18,1.21
2099,48.16,1008.1674,-45131.46,1.11
2100,48.56,1011.9277,-47244.58,1.24
2101,45.6,1006.1472,-53220.7,1.14
2102,56.32,1024.2793,-39423.76,1.3
2103,49.8,1020.0626,-43417.51,1.16
2104,46.68,993.1919,-45176.09,1.21
2105,35.0,1010.5018,-53048.25,1.06
2106,48.68,1055.6358,-51980.55,0.99
2107,55.96,1014.9115,-45006.33,1.19
2108,38.16,996.957,-44893.94,1.15
2109,57.24,1092.9878,-57664.94,1.18
2110,47.4,1056.1773,-53628.02,1.28
2111,57.44,1019.2116,-39429.57,1.33
2112,44.16,1025.0919,-47059.55,1.25
2113,49.16,1016.644,-43125.49,1.12
2114,38.4,1019.4692,-35469.55,1.13
2115,50.96,1103.672,-41818.7,1.19
2116,33.0,1025.5628,-51316.46,1.2
2117,46.88,1016.2497,-51346.47,1.19
2118,44.96,1035.0074,-53359.84,1.1
2119,50.32,1055.7918,-43967.14,1.21
2120,46.84,1005.1636,-45148.39,1.35
2121,40.88,1078.886,-52188.43,1.03
2122,51.64,1031.4879,-45102.66,1.23
2123,57.2,1040.4421,-53345.74,1.19
2124,55.88,1079.1656,-47947.92,1.14
2125,51.72,1015.0513,-41312.59,1.26
2126,57.72,1033.6684,-41744.58,1.17
2127,50.04,1025.2978,-35651.83,1.23
2128,47.68,1102.2985,-46717.2,1.22
2129,50.4,1093.0315,-53997.98,1.35
2130,48.4,1032.2018,-52973.85,1.19
2131,47.92,1041.5767,-47380.9,1.2
2132,34.8,1021.3183,-43440.33,1.11
2133,38.24,1090.1449,-51995.21,1.25
2134,40.44,1005.4442,-55014.9,1.19
2135,48.44,1052.5858,-43585.49,1.33
2136,46.2,1038.3926,-49614.78,1.17
2137,48.16,1025.6741,-37640.87,1.23
2138,37.28,1054.9597,-47923.45,1.24
2139,45.2,1021.0067,-53546.76,1.29
2140,43.48,1017.5003,-51441.76,1.26
2141,33.76,1039.5912,-57283.07,1.03
2142,48.68,1049.6048,-51614.92,1.21
2143,40.28,1033.2512,-55206.6,1.15
2144,50.8,1028.1394,-47446.86,1.21
2145,59.2,1026.96,-53473.54,1.2
2146,34.0,1042.4786,-49906.17,1.27
2147,53.32,1111.0484,-50419.53,1.03
2148,42.52,1028.5403,-47213.66,1.25
2149,36.36,1025.7516,-51478.29,1.17
2150,45.52,1093.5121,-57837.87,1.03
2151,59.44,1006.2423,-43126.52,1.01
2152,45.0,1056.1142,-57512.97,1.09
2153,41.56,1015.8704,-45480.9,1.23
2154,63.04,1097.7104,-45974.48,1.24
2155,35.2,1008.0698,-53134.07,1.13
2156,41.52,1101.8009,-46442.55,1.24
2157,60.04,1004.4589,-47415.81,1.19
2158,62.92,1036.4732,-57375.37,1.01
2159,46.64,1051.1374,-45474.28,1.45
2160,60.56,1030.7123,-53463.68,1.26
2161,49.64,1018.3173,-45317.7,1.21
2162,46.92,1016.1961,-47235.07,1.16
2163,50.28,1044.3486,-49033.69,1.09
2164,45.16,1041.0938,-55690.83,1.23
2165,47.24,1073.1182,-52095.91,1.23
2166,49.0,1038.98,-47571.44,1.27
2167,40.52,1026.058,-43571.27,1.25
2168,49.04,1044.6819,-51429.71,1.24
2169,47.8,1026.3154,-55262.3,1.11
2170,52.44,1027.7033,-43359.54,1.15
2171,50.08,1072.8478,-46210.47,1.26
2172,52.08,1072.5561,-44299.72,1.38
2173,47.56,1064.2235,-57534.28,1.22
2174,51.4,1051.5122,-51384.85,1.07
2175,48.96,1038.3422,-53522.26,1.2
2176,59.2,1075.8066,-54016.94,1.32
2177,52.0,1088.8544,-47706.77,1.14
2178,51.24,1041.342,-47820.73,1.15
2179,64.88,1034.7889,-45321.03,1.18
2180,46.52,1008.4244,-39160.6,1.21
2181,46.96,1003.1734,-46921.27,1.11
2182,47.52,975.3535,-46671.06,1.23
2183,50.96,1041.2101,-37932.48,1.29
2184,49.76,1043.7145,-45192.01,1.21
2185,49.12,1025.9372,-51309.83,1.13
2186,49.56,1042.4387,-47579.16,1.22
2187,49.2,980.8842,-42729.75,1.36
2188,42.72,1032.3845,-45373.83,1.27
2189,51.96,1030.8903,-47387.62,1.22
2190,36.76,999.5992,-50923.42,1.23
2191,47.2,1057.8549,-53310.42,1.23
2192,48.76,1029.0114,-39307.77,1.3
2193,43.92,1006.0512,-50992.58,1.2
2194,58.04,1071.1956,-45610.58,1.02
2195,36.04,991.1613,-48861.15,1.17
2196,51.4,1027.6216,-51040.28,1.24
2197,45.4,1019.4824,-49454.5,1.26
2198,51.4,1022.584,-43018.0,1.13
2199,59.24,1026.704,-53208.79,1.2
2200,61.84,1045.3482,-43651.89,1.25
2201,47.8,1021.0137,-37304.83,1.24
2202,49.88,1020.9353,-43509.99,1.01
2203,41.92,1005.4171,-48964.72,1.23
2204,47.84,1007.7652,-42989.61,1.19
2205,49.28,1030.2819,-45414.7,1.19
2206,36.96,1031.6208,-47449.26,1.35
2207,54.12,1026.1575,-47452.93,1.24
2208,41.36,1000.7534,-53049.68,1.03
2209,37.0,1021.2774,-49294.92,1.15
2210,48.56,1052.5462,-49749.08,1.23
2211,55.88,1035.6259,-41604.87,1.1
2212,49.96,1046.0328,-49629.48,1.16
2213,39.92,1043.7955,-43733.57,1.23
2214,44.12,1025.5626,-59290.4,0.96
2215,44.72,1059.2082,-49506.38,1.06
2216,57.48,1043.8092,-47675.64,1.26
2217,47.64,1031.5106,-35483.87,1.13
2218,32.44,1002.4749,-43292.03,1.17
2219,50.04,1042.5941,-51755.33,1.23
2220,42.88,1049.367,-43874.0,1.17
2221,43.4,1057.4296,-49593.01,1.15
2222,62.36,1024.4693,-53480.15,1.12
2223,51.6,1024.8849,-41538.64,1.2
2224,57.84,1049.8468,-44051.67,1.27
2225,40.68,1025.5752,-49351.34,1.28
2226,38.4,1022.3206,-43296.63,1.17
2227,52.84,1037.2638,-47887.58,1.25
2228,47.52,1052.356,-43484.75,1.28
2229,49.8,1049.3592,-47852.15,1.24
2230,52.48,1044.8322,-43944.46,1.42
2231,57.72,1026.9996,-49436.98,1.22
2232,54.64,1037.9163,-45841.28,1.26
2233,51.92,1038.8694,-37653.27,1.26
2234,58.04,1038.6608,-47656.16,1.14
2235,49.92,1073.3157,-48106.31,1.24
2236,51.44,1037.312,-45647.67,1.24
2237,61.8,1083.4164,-53933.21,1.07
2238,54.08,1095.3065,-44805.46,1.28
2239,43.4,1032.1932,-49445.92,1.09
2240,42.4,987.5744,-40823.78,1.29
2241,58.68,1104.0234,-54581.65,1.25
2242,42.04,1099.6409,-46248.31,1.21
2243,45.0,1064.7475,-45200.63,1.21
2244,45.08,1014.3861,-45050.34,1.27
2245,41.8,995.4509,-42928.42,1.12
2246,46.64,1041.7496,-45508.8,1.23
2247,35.24,993.1881,-46903.32,1.26
2248,51.24,1016.2816,-35523.48,1.23
2249,56.76,1024.2197,-41407.56,1.26
2250,53.08,1043.0104,-41553.88,1.19
2251,36.68,1029.0088,-53348.05,1.19
2252,36.56,1009.4908,-43094.16,1.15
2253,57.64,1045.1366,-50098.48,1.19
2254,41.08,1024.3962,-61363.78,1.06
2255,55.04,1037.8497,-53572.86,1.01
2256,49.32,1077.1017,-48100.36,1.25
2257,36.76,1016.6409,-47526.78,1.19
2258,59.12,990.8583,-59047.99,1.12
2259,51.52,1080.5875,-51598.99,1.15
2260,44.36,1016.8386,-53225.14,1.09
2261,41.16,989.8735,-48939.72,1.07
2262,42.92,1024.7758,-51403.46,1.2
2263,44.92,1059.5905,-49582.35,1.22
2264,54.56,1034.1034,-41704.95,1.26
2265,61.2,1025.7444,-57224.97,1.13
2266,53.32,1056.3284,-45379.15,1.33
2267,38.04,1021.476,-51066.95,1.13
2268,60.32,1025.7039,-45282.09,1.26
2269,52.48,1008.293,-57043.38,1.15
2270,38.76,1016.4044,-51091.06,1.3
2271,37.4,1054.7444,-49740.04,1.2
2272,32.92,990.1853,-48780.1,1.45
2273,42.04,1027.631,-51292.24,1.22
2274,43.64,1061.4142,-46085.18,1.21
2275,45.68,1010.3177,-45123.84,1.1
2276,63.24,1055.0587,-43866.04,1.18
2277,55.04,1061.3224,-59647.3,1.17
2278,49.48,1037.248,-59208.2,1.12
2279,50.04,1017.0118,-47038.86,1.35
2280,53.04,1028.59,-53432.7,1.15
2281,57.92,1018.4558,-49228.54,1.17
2282,38.6,1035.3185,-57537.5,1.14
2283,52.24,1035.3591,-59198.41,1.1
2284,48.0,1050.8424,-49208.59,1.16
2285,52.88,1043.2014,-51555.18,1.08
2286,43.88,1017.1117,-53020.25,1.06
2287,42.6,1023.1138,-49285.69,1.28
2288,39.32,1002.7277,-45208.26,1.22
2289,53.8,1039.8487,-47538.86,1.11
2290,58.48,1017.9508,-49213.32,1.25
2291,59.04,1010.6218,-51081.57,1.19
2292,51.28,1052.7734,-47571.88,1.18
2293,37.2,1004.851,-57139.65,1.06
2294,50.4,1065.2553,-37922.93,1.14
2295,37.88,1028.5448,-41264.28,1.09
2296,46.52,1070.7279,-53224.77,1.16
2297,41.04,1049.4178,-44214.54,1.28
2298,62.28,1039.0529,-49364.29,1.09
2299,38.12,1019.553,-50816.28,1.11
2300,41.36,1030.1391,-41804.35,1.27
2301,58.28,994.3324,-51019.41,1.24
2302,54.08,1023.5979,-35500.3,1.31
2303,56.32,1060.256,-45700.43,1.17
2304,61.32,1039.4233,-51144.82,1.18
2305,61.68,1082.5994,-48041.74,1.18
2306,46.12,1030.5568,-57265.58,1.09
2307,56.12,1038.6368,-49616.86,1.22
2308,39.88,1046.3668,-43798.71,1.19
2309,38.36,1069.6988,-48050.58,1.23
2310,42.76,1077.2589,-50287.77,1.19
2311,44.56,1047.0748,-47423.47,1.17
2312,48.04,1008.9332,-42860.19,1.05
2313,59.88,1015.7973,-45028.79,1.23
2314,50.6,1030.5483,-45773.3,1.29
2315,43.6,1022.7434,-49141.84,1.19
2316,49.6,1012.4344,-44952.86,1.24
2317,52.32,1039.4365,-47777.38,1.2
2318,26.0,1055.2818,-49968.62,1.18
2319,56.32,1018.5668,-55219.22,1.3
2320,39.64,1022.8906,-53490.2,1.15
2321,54.72,1046.446,-42038.14,1.38
2322,61.52,1057.7987,-49724.76,1.26
2323,61.16,1037.465,-45557.05,1.18
2324,56.04,1029.4034,-45359.92,1.34
2325,55.36,1032.7518,-47518.22,1.33
2326,43.04,1011.2005,-43147.64,1.13
2327,51.16,1009.0736,-45227.1,1.1
2328,50.92,1082.3514,-51723.03,1.17
2329,61.44,1022.8012,-41262.96,1.09
2330,54.4,1068.8709,-49926.79,1.3
2331,42.56,1046.9002,-53298.81,1.3
2332,54.4,1034.0229,-47225.01,1.15
2333,43.6,1057.7543,-45893.96,1.1
2334,45.72,1011.244,-55082.18,1.02
2335,41.72,999.0496,-48934.19,1.0
2336,44.68,1047.9353,-49807.44,1.26
2337,43.28,1027.9826,-47387.39,1.26
2338,42.4,1059.2956,-43325.19,1.28
2339,53.12,1011.9828,-55255.84,0.92
2340,58.52,1107.0098,-44170.41,0.98
2341,61.2,1048.1119,-51934.38,1.29
2342,54.4,1041.686,-43275.97,1.24
2343,48.56,1068.1622,-50135.11,1.07
2344,49.68,1086.3847,-54119.52,1.17
2345,48.04,1039.9928,-43635.58,1.22
2346,49.48,1042.929,-49681.83,1.22
2347,38.36,1036.182,-55312.71,1.05
2348,48.84,1053.1499,-47641.34,1.26
2349,45.44,1055.447,-43595.71,1.17
2350,43.68,1010.5346,-45109.04,1.35
2351,50.16,1096.685,-52215.9,1.17
2352,44.76,1009.8225,-43168.91,1.24
2353,57.72,1043.1714,-45629.83,1.27
2354,48.24,1020.8207,-37216.72,1.2
2355,46.48,1036.1721,-45774.93,1.27
2356,42.04,991.9118,-56996.42,1.25
2357,48.08,1050.4006,-43797.9,1.21
2358,52.24,1019.9501,-55031.57,1.15
2359,45.88,1032.4101,-51335.5,1.07
2360,45.72,983.3922,-48847.23,1.3
2361,53.84,1024.9338,-45448.65,1.19
2362,43.84,1056.5881,-43883.27,1.18
2363,52.84,1052.0814,-47968.34,1.29
2364,45.6,1006.3018,-45146.21,0.97
2365,58.84,1006.4864,-47263.43,1.12
2366,48.52,1003.5015,-51097.0,1.13
2367,58.8,1058.9728,-49562.78,1.48
2368,46.0,1045.4255,-43742.09,1.28
2369,52.84,1029.8093,-49504.13,1.18
2370,46.12,1024.471,-51319.47,1.24
2371,57.48,1004.935,-47140.66,1.23
2372,47.12,1027.7772,-47528.84,1.26
2373,48.56,1040.3784,-51388.18,1.13
2374,43.44,1042.6691,-43603.44,1.21
2375,43.2,1019.8916,-53315.27,0.98
2376,45.96,1068.3121,-55673.21,1.16
2377,49.16,998.7898,-52963.59,1.26
2378,35.68,996.8321,-46965.81,1.23
2379,51.32,1025.0259,-55390.06,1.23
2380,33.32,1033.4218,-51627.12,1.13
2381,44.08,1016.335,-47376.19,1.22
2382,48.16,1040.4006,-51656.43,1.18
2383,50.92,1072.9725,-42291.03,1.29
2384,50.2,1103.7388,-46666.04,1.2
2385,49.88,1106.8492,-46376.95,1.17
2386,37.32,1071.1725,-47863.14,1.17
2387,45.48,1077.3232,-48209.52,1.19
2388,44.96,1022.4173,-53056.01,1.18
2389,50.6,993.5852,-49020.43,1.14
2390,54.56,1072.968,-48270.97,1.19
2391,28.08,994.5855,-42952.28,1.28
2392,45.56,1047.2194,-43693.58,1.31
2393,58.4,1045.704,-43451.62,1.27
2394,57.64,1075.3335,-51835.23,1.21
2395,36.36,1005.3052,-43204.84,1.25
2396,47.8,995.421,-54945.63,1.15
2397,47.84,1013.2068,-37037.16,1.45
2398,49.12,1030.9746,-47262.92,1.27
2399,48.0,1045.1722,-47833.09,1.35
2400,54.44,1011.8548,-46961.23,1.17
2401,37.64,1007.1686,-46960.12,1.27
2402,54.96,1021.3539,-53195.75,1.08
2403,42.32,1000.4414,-45011.17,1.18
2404,42.28,1055.9419,-49655.29,1.25
2405,60.08,1040.759,-53513.71,1.17
2406,53.0,1037.7662,-59034.25,1.17
2407,62.16,1026.7511,-53328.58,1.16
2408,64.28,1032.4011,-57310.08,1.14
2409,49.36,1030.3772,-53469.22,1.16
2410,48.56,1044.2935,-51395.88,1.25
2411,54.48,1017.8093,-47011.86,1.23
2412,45.4,1021.0892,-45466.06,1.26
2413,47.04,1004.0959,-47068.96,1.14
2414,30.4,1032.7502,-53575.19,1.14
2415,60.08,1023.9425,-59088.2,1.16
2416,40.28,1062.4692,-45957.19,1.26
2417,47.2,1038.2784,-53348.23,1.15
2418,58.88,1053.672,-47495.27,1.46
2419,49.52,1055.8067,-45803.84,1.33
2420,47.64,1010.331,-51109.42,1.34
2421,50.44,1033.2949,-43437.3,1.22
2422,47.8,1023.3541,-45256.07,1.11
2423,49.6,1026.0532,-45726.4,1.25
2424,58.72,1041.8567,-45583.93,1.17
2425,53.96,1047.8789,-37893.49,1.22
2426,35.12,1002.7366,-39134.95,1.22
2427,54.8,1059.4582,-41736.33,1.25
2428,50.0,1051.1194,-49571.49,1.25
2429,51.0,995.1968,-48989.01,1.23
2430,35.4,1034.4422,-51480.75,1.12
2431,52.28,1010.4099,-51258.04,1.29
2432,49.6,987.7802,-48874.62,1.19
2433,45.52,1002.8058,-47073.21,1.33
2434,43.04,1020.4591,-53405.84,1.13
2435,50.76,1000.5051,-47120.95,1.06
2436,52.52,1040.19,-43604.32,1.18
2437,44.68,999.0544,-48997.48,1.2
2438,57.24,1033.6177,-49578.31,1.12
2439,45.12,1052.0608,-43777.3,1.28
2440,39.76,1038.2455,-45613.91,1.01
2441,51.04,1111.6117,-47451.94,1.18
2442,56.44,1032.5903,-57247.06,1.12
2443,38.6,1041.2959,-57038.22,1.13
2444,50.96,1027.1771,-51224.51,1.38
2445,49.28,1050.0593,-51803.0,1.22
2446,49.72,1060.9491,-45718.43,1.21
2447,45.84,1039.416,-41930.89,1.27
2448,47.4,997.9482,-44958.72,1.16
2449,43.88,1054.2187,-43595.58,1.2
2450,36.88,1052.727,-43657.89,1.22
2451,57.96,1011.0525,-51272.48,1.11
2452,45.76,992.2463,-50890.13,1.17
2453,68.76,1018.8155,-55132.35,0.99
2454,57.2,1031.0223,-51450.78,1.12
2455,46.72,1035.4321,-49717.71,1.22
2456,40.36,986.8647,-42845.86,1.25
2457,32.84,1014.3864,-53359.92,1.23
2458,39.8,1037.6299,-57250.87,1.2
2459,43.12,1039.9349,-43553.88,1.32
2460,45.0,1018.8587,-41320.34,1.27
2461,36.44,1015.3886,-49379.09,1.11
2462,59.44,1009.8427,-48981.07,1.3
2463,59.52,1029.4491,-41700.41,1.18
2464,33.72,1025.4912,-43566.66,1.28
2465,51.56,1052.2038,-47443.04,1.3
2466,50.32,1042.6898,-57790.08,1.13
2467,39.16,1036.0874,-56989.14,1.02
2468,34.32,995.6612,-54931.81,1.39
2469,27.76,1002.761,-50959.66,1.06
2470,54.6,1032.7914,-37638.5,1.2
2471,55.36,1037.5071,-45462.94,1.24
2472,37.12,1013.7984,-53010.6,1.3
2473,46.36,1030.3855,-45396.26,1.19
2474,53.32,1019.2072,-49205.51,1.24
2475,54.12,1013.0882,-49388.12,1.17
2476,60.08,1085.1462,-53348.33,0.9
2477,64.16,1050.3524,-57578.92,1.03
2478,55.48,1047.1789,-47660.52,1.19
2479,43.8,1017.7153,-47236.46,1.15
2480,47.08,1010.9388,-51049.1,1.14
2481,53.08,994.8155,-44890.76,1.13
2482,49.0,1026.8484,-57598.39,1.18
2483,54.8,1070.2767,-48165.93,1.16
2484,58.44,1019.788,-43448.69,1.18
2485,46.08,1124.974,-46561.68,1.27
2486,53.8,1033.2012,-49537.99,1.15
2487,35.88,1183.6537,-45100.81,1.25
2488,59.16,1025.4826,-43137.55,1.24
2489,47.72,1039.2609,-45827.71,1.07
2490,45.68,1009.7231,-45180.58,1.19
2491,51.76,1016.0418,-53654.1,1.25
2492,49.48,1043.3727,-47905.86,1.18
2493,52.24,1060.1849,-44223.37,1.37
2494,43.8,990.5976,-47079.81,1.16
2495,42.88,1006.0512,-39173.11,1.25
2496,38.96,1020.4148,-43265.03,1.21
2497,51.8,1030.2292,-51517.97,1.24
2498,48.56,1042.8362,-45661.98,1.22
2499,46.08,1039.8751,-55275.2,1.11
2500,54.36,1014.7662,-43270.54,1.16
2501,46.48,1089.1773,-53406.24,1.13
2502,49.96,1057.9069,-55660.15,1.17
2503,48.16,1035.7017,-47274.5,1.29
2504,48.68,1049.5145,-50080.09,1.14
2505,54.72,1044.9075,-51281.87,1.12
2506,54.72,1026.7884,-45439.08,1.22
2507,43.8,1008.997,-43284.32,1.23
2508,50.6,1019.273,-51004.24,1.19
2509,49.32,1070.3424,-50418.91,1.2
2510,44.12,1028.119,-45452.3,1.46
2511,51.72,1014.4149,-61343.61,1.22
2512,38.04,1044.1539,-41451.41,1.11
2513,49.8,1021.9294,-57119.95,1.2
2514,58.16,1077.3582,-46483.72,1.16
2515,56.88,1080.2821,-53763.95,1.14
2516,44.64,997.0196,-49103.02,1.33
2517,39.28,1035.0578,-57034.12,1.37
2518,48.2,1083.0975,-45856.58,1.31
2519,45.36,1044.4248,-51530.73,1.12
2520,45.36,1033.78,-49659.25,1.1
2521,54.64,1087.0999,-51980.19,0.98
2522,49.28,1017.0727,-49439.52,1.16
2523,44.0,998.9902,-50980.73,1.2
2524,36.96,1014.1351,-53086.24,1.22
2525,34.88,994.0828,-49122.52,1.06
2526,49.0,1016.112,-49271.87,1.27
2527,41.4,1019.0203,-41424.05,1.12
2528,38.88,1050.9227,-51422.87,1.26
2529,54.52,1089.164,-47546.13,1.19
2530,52.6,1020.6824,-37520.0,1.21
2531,35.0,1033.1612,-49476.86,1.13
2532,58.88,1071.9968,-46024.54,1.14
2533,41.08,1143.939,-52872.3,1.17
2534,48.8,1042.4414,-46041.17,1.26
2535,52.6,1076.6255,-43649.19,1.23
2536,40.28,1016.5097,-53151.08,1.15
2537,49.96,1037.7825,-43284.46,1.18
2538,48.92,1017.1128,-47321.59,1.24
2539,44.08,1011.7216,-39271.1,1.24
2540,50.16,1034.5034,-49374.55,1.13
2541,50.96,1032.2277,-53482.12,1.34
2542,46.16,1027.9452,-53137.86,1.2
2543,50.72,1029.5696,-53609.17,1.31
2544,48.48,1043.8122,-53200.45,1.21
2545,51.8,1021.9774,-47224.94,1.17
2546,52.92,1051.6396,-45546.48,1.27
2547,50.2,1060.484,-50022.06,1.12
2548,58.84,1037.9364,-47302.34,1.24
2549,47.84,1012.9624,-47177.58,1.28
2550,42.08,1044.4878,-47425.08,1.08
2551,48.32,1009.8745,-58987.03,1.09
2552,51.68,1050.6214,-41705.49,1.31
2553,52.88,1055.086,-44032.47,1.31
2554,55.12,1048.6571,-47576.81,1.16
2555,58.44,1033.6212,-53406.64,1.1
2556,41.88,1096.4726,-44435.86,1.16
2557,47.64,1048.416,-38020.3,1.23
2558,46.36,1022.0205,-39308.56,1.17
2559,50.76,1040.1106,-47562.3,1.46
2560,57.76,1110.0205,-48647.37,1.25
2561,33.92,989.059,-52954.95,1.02
2562,60.28,1071.3606,-48010.0,1.09
2563,47.56,994.4914,-54913.04,1.14
2564,49.32,1053.572,-45665.72,1.33
2565,33.08,991.9359,-50939.35,1.22
2566,55.32,1053.6326,-57522.83,1.09
2567,48.4,1043.1638,-38100.46,1.22
2568,54.16,1255.3626,-55781.57,1.22
2569,68.36,1043.5445,-49704.15,1.15
2570,49.24,1045.1363,-46161.4,1.17
2571,38.36,1073.3587,-44166.41,1.2
2572,55.36,1003.796,-43054.85,1.36
2573,34.04,986.2354,-50868.84,1.28
2574,47.6,1051.531,-59099.52,1.14
2575,50.44,1071.5746,-46359.32,1.16
2576,38.08,1065.0016,-40573.64,1.23
2577,52.64,1013.5823,-51194.48,1.19
2578,36.92,1036.1428,-53304.39,1.25
2579,49.16,1027.5586,-47360.9,1.23
2580,46.76,1022.8273,-49351.33,1.12
2581,53.0,1025.7018,-45445.05,1.19
2582,41.8,1037.8089,-35634.38,1.22
2583,41.72,992.7373,-50885.77,1.12
2584,54.8,1056.6827,-49734.92,1.25
2585,39.84,1149.3207,-53433.66,1.13
2586,60.2,1057.2975,-45636.38,1.17
2587,44.84,1004.8183,-45012.77,1.16
2588,49.68,1087.4884,-53851.2,1.2
2589,47.8,1035.7601,-43551.3,1.25
2590,50.52,1049.3122,-45749.77,1.21
2591,41.72,996.9415,-46990.01,1.13
2592,39.96,1052.6803,-49674.77,1.08
2593,51.04,1014.928,-49220.89,1.17
2594,44.04,1113.5626,-61832.87,0.76
2595,47.16,1028.9161,-45397.44,1.3
2596,54.28,1027.3684,-43452.52,1.2
2597,45.16,1024.303,-47354.38,1.22
2598,43.12,1021.3866,-47174.56,1.27
2599,43.32,1036.3536,-49855.49,1.14
2600,53.92,1044.0534,-51748.43,1.11
2601,43.8,1022.2374,-41160.8,1.19
2602,61.4,1077.3292,-42419.51,1.25
2603,53.64,1029.296,-55321.29,1.15
2604,48.4,1010.3696,-45081.25,1.09
2605,59.2,1106.062,-52369.17,1.14
2606,60.76,1045.74,-55619.94,1.26
2607,38.36,1020.6906,-47212.31,1.19
2608,46.92,1027.959,-43411.85,1.11
2609,51.28,1015.843,-49124.24,1.19
2610,60.52,1057.1127,-47870.46,1.29
2611,55.44,1034.2392,-55380.9,1.15
2612,51.12,1007.3709,-43114.88,1.31
2613,54.0,1042.3608,-54975.54,1.24
2614,39.8,1045.8315,-43936.12,1.15
2615,50.36,1056.8315,-48027.84,1.12
2616,52.0,1017.6625,-47389.93,1.25
2617,55.12,1058.3258,-49773.29,1.24
2618,44.08,1038.163,-43646.47,1.17
2619,45.84,1022.6776,-43318.31,1.32
2620,28.48,1017.9663,-55299.51,1.2
2621,33.4,1005.3893,-53299.53,1.13
2622,58.04,1017.7674,-39289.1,1.29
2623,59.52,1046.3345,-49545.65,1.27
2624,54.12,1034.524,-49449.98,1.28
2625,43.52,1033.408,-51790.56,1.25
2626,43.84,1031.8419,-45292.73,1.22
2627,59.44,1004.6233,-51164.34,1.09
2628,45.92,1037.5953,-41924.64,1.22
2629,49.16,1042.468,-43900.27,1.2
2630,44.16,1059.4067,-47842.5,1.18
2631,52.44,986.6938,-48986.45,1.15
2632,60.88,1072.3475,-50166.87,1.07
2633,52.24,1009.2514,-49181.51,1.17
2634,44.76,1029.7027,-53814.37,1.11
2635,41.8,1013.0456,-49186.0,1.16
2636,47.92,1053.7016,-49786.58,1.31
2637,58.24,1007.1699,-43014.67,1.29
2638,40.56,1039.3352,-53626.47,1.17
2639,45.36,998.5486,-47106.47,1.21
2640,42.68,1026.1604,-49290.35,1.21
2641,47.36,1005.9195,-49017.32,1.13
2642,43.72,1013.9282,-49292.3,1.2
2643,48.2,998.7511,-44952.91,1.09
2644,41.44,1063.3808,-43485.05,1.23
2645,43.0,1036.6042,-49399.8,1.16
2646,36.76,1053.3695,-45951.6,1.29
2647,49.8,987.358,-54856.27,1.1
2648,48.16,1039.4872,-43530.66,1.3
2649,56.48,1002.4152,-54807.2,1.2
2650,46.4,1029.197,-55431.62,1.17
2651,45.64,1040.0422,-45383.23,1.32
2652,40.76,998.399,-44919.84,1.15
2653,53.84,1045.9364,-49656.31,1.46
2654,39.04,1019.0187,-45302.93,1.23
2655,59.12,1066.5724,-47330.75,1.28
2656,35.12,1013.0322,-43218.58,1.16
2657,58.68,1091.9453,-46297.6,1.05
2658,49.36,1014.2224,-43152.81,1.25
2659,47.52,1039.7424,-35336.61,1.22
2660,58.96,1042.0617,-41958.73,1.33
2661,52.32,1014.9413,-45189.55,1.29
2662,46.04,1008.316,-51044.87,1.2
2663,60.28,1113.9443,-52523.48,1.14
2664,50.08,1049.5591,-47574.86,1.15
2665,53.48,1003.7306,-41046.66,1.26
2666,57.2,1027.5513,-47215.79,1.25
2667,36.84,1034.1649,-53338.34,1.3
2668,41.88,1062.513,-48005.75,1.2
2669,51.52,1033.0394,-49705.39,1.25
2670,48.04,1006.5868,-49193.72,1.05
2671,35.2,1024.515,-49510.62,1.21
2672,56.16,1012.5974,-41083.76,1.1
2673,51.32,1026.7041,-45702.82,1.16
2674,56.72,1036.7754,-47316.78,1.21
2675,40.12,1005.151,-49008.65,1.2
2676,52.04,1036.0913,-55379.41,0.97
2677,48.88,1016.8898,-54998.93,1.25
2678,50.08,1120.1538,-46781.05,1.27
2679,52.84,1051.7238,-48245.2,1.24
2680,45.28,1045.3878,-39464.3,1.22
2681,54.96,1096.4992,-50198.96,1.01
2682,43.0,1021.9646,-43247.45,1.2
2683,50.52,1023.0787,-41510.13,1.33
2684,27.56,1028.9025,-53363.2,1.23
2685,52.64,1020.1498,-50983.7,1.15
2686,46.24,992.1352,-40897.48,1.27
2687,42.48,1091.777,-52227.4,1.12
2688,45.16,1001.8876,-43044.22,1.24
2689,40.12,1058.9914,-46008.78,1.2
2690,57.08,1044.0415,-41591.97,1.19
2691,49.6,1011.6602,-43094.55,1.23
2692,46.4,1132.2837,-44394.85,1.21
2693,47.2,1052.3679,-42019.1,1.23
2694,39.6,998.0843,-49007.77,1.18
2695,38.56,1003.1415,-45222.22,1.16
2696,53.88,1030.6239,-43741.59,1.17
2697,37.56,995.7193,-57045.52,1.15
2698,60.32,1047.9136,-51242.61,1.3
2699,52.52,1054.8529,-47721.75,1.09
2700,42.32,1019.8344,-51105.73,1.23
2701,48.92,1021.5844,-49447.16,1.18
2702,45.56,1054.4845,-57355.11,1.15
2703,46.12,1021.3182,-43330.34,1.27
2704,57.24,1069.3609,-43924.38,1.14
2705,51.92,1031.6774,-41715.25,1.29
2706,53.08,1033.4073,-47345.94,1.21
2707,34.72,1016.6236,-57486.87,1.1
2708,44.12,1006.9824,-52961.48,1.09
2709,56.48,1040.7235,-49295.0,1.06
2710,53.4,1007.1446,-49009.11,1.22
2711,61.76,1018.9152,-47106.4,0.98
2712,54.72,1042.9109,-44002.65,1.27
2713,45.04,1015.317,-45123.43,1.2
2714,50.12,1047.8179,-37756.33,1.22
2715,42.08,1034.4798,-43656.21,1.1
2716,44.28,1026.5659,-39368.21,1.11
2717,63.08,1024.8173,-51423.65,1.27
2718,53.32,1034.6084,-55041.32,1.26
2719,42.36,1140.0208,-50988.09,1.23
2720,55.0,1057.4153,-47765.04,1.19
2721,47.24,1002.7392,-60920.68,1.06
2722,47.2,1082.1907,-51928.08,1.23
2723,42.64,1020.0376,-45372.38,1.24
2724,43.72,1029.208,-45626.43,1.16
2725,46.4,1029.1236,-49489.73,1.17
2726,50.4,1041.636,-57029.57,1.23
2727,39.8,997.8517,-45064.48,1.17
2728,51.72,1016.2248,-45195.24,1.04
2729,52.36,1063.9734,-50071.06,1.15
2730,36.4,1036.0615,-53983.98,1.21
2731,44.76,1123.6808,-50252.38,1.27
2732,41.96,1166.2648,-46258.99,1.32
2733,45.92,1010.1399,-43224.37,1.27
2734,50.32,1062.2036,-57342.72,0.93
2735,42.04,1026.0849,-43275.98,1.2
2736,46.04,1010.0243,-47288.28,1.17
2737,43.56,1038.1636,-55561.74,1.17
2738,45.96,1122.5923,-51953.79,1.05
2739,51.32,1041.9456,-45944.0,1.2
2740,51.92,1025.864,-41466.11,1.15
2741,47.52,1059.7345,-49178.85,1.25
2742,47.72,1053.6089,-51805.82,1.22
2743,40.04,1026.2106,-57434.27,1.11
2744,35.28,1047.9208,-44236.39,1.23
2745,46.96,1031.1933,-41569.43,1.24
2746,56.6,1017.6315,-47295.99,1.16
2747,58.04,1020.3478,-53476.79,1.12
2748,57.76,1026.4687,-51069.11,0.95
2749,51.84,1008.3604,-57035.42,1.09
2750,48.16,1059.2256,-47959.01,1.22
2751,45.84,1044.3934,-43706.64,1.37
2752,45.44,1034.6744,-47694.62,1.29
2753,48.04,1020.6288,-45498.72,1.23
2754,50.36,1040.8324,-41823.78,1.22
2755,43.4,1023.4912,-41269.31,1.26
2756,49.24,993.5369,-46929.36,1.27
2757,42.92,1009.0293,-37186.82,1.23
2758,41.12,1009.3519,-41288.74,1.13
2759,54.4,1032.7916,-49573.98,1.19
2760,56.52,1059.214,-51836.08,1.17
2761,44.64,1013.5788,-51267.79,1.16
2762,37.52,1019.8648,-45385.67,1.06
2763,43.32,1056.9442,-41854.76,1.25
2764,51.68,1098.2401,-52211.76,1.16
2765,48.04,1056.9002,-49691.1,1.24
2766,44.76,1055.34,-43536.31,1.25
2767,56.6,1029.2712,-47534.98,1.1
2768,57.0,1011.7321,-51078.84,1.14
2769,49.52,1020.9471,-49090.43,1.22
2770,50.84,1036.771,-53297.96,1.3
2771,47.08,1043.2193,-39854.96,1.15
2772,63.76,1068.5354,-52068.47,1.18
2773,60.88,1047.9155,-45858.85,1.24
2774,49.24,1072.0775,-47676.72,1.22
2775,46.52,1095.736,-50629.98,1.08
2776,33.92,1021.3802,-41454.5,1.23
2777,53.52,1049.107,-51399.69,1.21
2778,58.04,1043.8799,-43403.93,1.21
2779,54.32,1013.886,-45135.67,1.04
2780,46.0,1034.215,-47334.93,1.28
2781,48.8,1063.9786,-41881.6,1.22
2782,50.76,1045.8298,-57263.62,1.14
2783,45.84,1003.9742,-41140.86,1.19
2784,49.0,1021.8904,-43429.94,1.23
2785,45.44,998.2469,-46919.22,1.24
2786,48.8,1011.167,-39332.96,1.26
2787,46.04,1013.7123,-59376.92,1.16
2788,41.2,1016.0412,-47209.61,1.21
2789,42.28,1007.1612,-41208.01,1.11
2790,48.72,1037.0824,-43617.53,1.21
2791,44.64,1027.4398,-49527.97,1.14
2792,39.96,1034.496,-53405.14,1.13
2793,52.48,1049.3544,-46315.67,1.12
2794,41.6,1044.1056,-49596.84,1.28
2795,37.12,1058.0142,-51396.65,1.16
2796,45.6,1062.1338,-49618.29,1.15
2797,40.8,1056.3344,-47294.1,1.4
2798,51.64,1049.0884,-53879.62,1.13
2799,56.56,1044.0103,-49798.11,1.29
2800,36.2,1033.4412,-45425.57,1.13
2801,52.32,1030.0544,-45460.44,1.06
2802,43.28,1027.9993,-51575.23,1.14
2803,46.4,1051.6399,-59244.22,1.06
2804,31.12,1023.085,-53118.17,1.26
2805,47.56,1065.4372,-38173.57,1.22
2806,49.12,1040.2091,-55078.41,1.28
2807,46.32,1041.9861,-43499.91,1.25
2808,42.44,1026.8208,-47346.9,1.27
2809,58.72,1044.0478,-49438.98,1.15
2810,51.28,1016.4454,-51043.35,1.19
2811,56.16,1053.8107,-38183.72,1.24
2812,41.96,1015.8505,-48904.54,1.16
2813,45.92,1011.453,-43371.52,1.24
2814,41.6,1122.6964,-50162.71,1.23
2815,54.76,1057.1834,-51110.2,1.2
2816,50.84,1011.0349,-49128.69,1.23
2817,49.96,1011.0242,-47027.85,1.08
2818,35.16,1024.9085,-49150.15,1.19
2819,51.92,1046.4706,-41737.1,1.23
2820,47.92,1004.6168,-51104.95,1.16
2821,50.4,1078.712,-44337.31,1.23
2822,52.8,1042.3376,-39443.9,1.17
2823,45.68,1093.2613,-55919.99,0.91
2824,43.48,1044.7785,-47456.57,1.31
2825,52.04,994.1749,-44860.09,1.24
2826,52.16,1017.8704,-43298.22,1.2
2827,53.92,1015.7522,-49470.75,1.1
2828,48.52,1047.8135,-39953.34,1.33
2829,52.4,1044.6956,-51529.4,1.25
2830,41.8,1017.3173,-43153.69,1.06
2831,55.72,1025.7949,-47504.09,1.31
2832,59.08,1029.2498,-49051.89,1.12
2833,46.88,1140.8126,-45140.94,1.31
2834,47.08,1063.8152,-45579.12,1.18
2835,52.24,1001.1316,-49060.29,1.17
2836,58.0,1021.9973,-47238.11,1.17
2837,54.12,1021.0705,-51669.23,1.13
2838,45.52,1033.8792,-37595.22,1.22
2839,45.76,1038.0565,-53625.59,1.13
2840,45.28,1103.2241,-46476.5,1.23
2841,48.76,1013.0679,-47511.84,1.03
2842,58.72,1035.0859,-49305.13,1.17
2843,46.6,1030.6431,-61082.67,1.08
2844,57.96,1043.2506,-49529.78,1.4
2845,48.0,1056.3523,-45950.08,1.27
2846,36.24,1005.567,-51062.32,1.14
2847,45.6,1060.0033,-50006.54,1.19
2848,57.68,1065.1014,-49776.1,1.14
2849,35.0,991.4088,-52980.04,1.04
2850,47.36,1035.4622,-49419.09,1.18
2851,52.48,1015.5441,-47276.67,1.26
2852,46.48,1011.8944,-47262.47,1.3
2853,54.2,997.107,-44940.44,1.24
2854,57.72,1096.1312,-54503.61,1.2
2855,46.88,1004.9652,-53083.54,1.19
2856,34.28,994.0894,-47125.3,1.15
2857,52.52,1062.802,-45798.39,1.19
2858,49.64,1025.9564,-45481.77,1.2
2859,51.24,1080.2301,-50033.46,1.29
2860,59.76,1028.5328,-47495.31,1.25
2861,45.04,1012.1189,-53214.86,1.14
2862,43.52,1000.888,-53054.98,1.18
2863,43.04,1043.0418,-47434.45,1.24
2864,43.04,1075.8928,-42088.83,1.24
2865,44.44,1031.3952,-47105.74,1.23
2866,54.44,1062.8655,-53667.12,1.19
2867,50.0,1031.8968,-51477.99,1.16
2868,58.16,1025.2242,-56967.72,1.05
2869,45.12,1026.939,-51241.71,1.09
2870,62.04,1224.546,-56919.69,1.12
2871,49.04,979.782,-50776.6,1.24
2872,54.28,1018.6325,-47145.74,1.2
2873,50.8,1024.9382,-43533.78,1.17
2874,48.32,1045.143,-45161.16,1.2
2875,40.36,1057.6558,-53462.47,1.12
2876,41.48,1033.449,-57200.62,1.2
2877,48.6,1049.2065,-44009.76,1.1
2878,64.68,1008.4382,-49106.61,1.04
2879,45.12,1149.9786,-42359.36,1.24
2880,63.68,1051.3106,-43375.04,1.24
2881,53.52,1157.0512,-52488.32,1.18
2882,49.52,1057.7284,-55696.69,1.11
2883,47.44,1024.1154,-51048.44,1.28
2884,45.76,1055.2328,-48053.88,1.24
2885,45.0,1045.1576,-47452.35,1.23
2886,63.68,1061.0334,-48105.8,1.2
2887,53.56,1062.6202,-49567.08,1.27
2888,45.8,1027.3947,-45500.85,1.29
2889,50.28,989.8006,-50923.56,1.24
2890,53.76,1012.0261,-53069.73,1.26
2891,53.64,1022.9057,-47241.75,1.21
2892,58.4,1045.3087,-49182.37,1.4
2893,41.76,1032.1455,-57212.39,1.29
2894,41.72,1016.502,-49221.86,1.16
2895,46.72,1031.7967,-51785.88,1.22
2896,48.2,1033.8393,-45557.2,1.26
2897,57.96,996.3555,-55310.01,1.13
2898,51.8,1027.9132,-45527.99,1.16
2899,43.84,1011.6388,-48986.11,1.19
2900,44.88,1047.7801,-57323.04,1.32
2901,55.8,1003.6348,-49110.72,1.21
2902,35.64,990.5798,-44884.92,1.14
2903,60.2,1064.237,-47909.35,1.22
2904,52.72,1100.0023,-54020.13,1.24
2905,56.92,1013.508,-43310.52,1.22
2906,58.52,1027.4088,-53312.47,1.19
2907,57.8,1021.9327,-49713.79,1.15
2908,52.88,1086.8839,-48137.86,1.23
2909,39.32,990.0151,-40882.39,1.27
2910,54.36,1027.1815,-41415.46,1.14
2911,41.64,1058.0341,-55550.99,1.22
2912,52.28,1044.7708,-41810.88,1.22
2913,49.56,1015.814,-39073.45,1.2
2914,50.44,985.7996,-48748.81,1.15
2915,49.88,1059.1901,-43825.89,1.25
2916,42.64,1056.6777,-49679.49,1.11
2917,51.32,1090.1003,-48734.79,1.21
2918,42.52,1008.7628,-43093.73,1.22
2919,52.04,1031.0056,-42980.37,1.12
2920,47.48,994.1657,-56853.05,0.99
2921,51.04,1055.4928,-47941.04,1.16
2922,50.04,1064.7556,-55697.19,1.13
2923,59.64,1035.2752,-43423.68,1.37
2924,52.16,1025.7067,-43114.44,1.23
2925,50.0,1030.1188,-41473.87,1.18
2926,37.16,1013.2586,-55147.1,1.22
2927,53.92,1054.5055,-49934.74,1.2
2928,35.0,1016.864,-47397.25,1.11
2929,40.64,1027.2616,-49478.93,1.09
2930,39.4,999.3008,-53036.28,1.18
2931,29.32,1035.2576,-55468.03,1.18
2932,43.68,1051.1448,-45539.19,1.25
2933,52.52,1009.9631,-56944.88,1.08
2934,40.24,1061.5816,-43555.93,1.27
2935,45.52,1029.9636,-41155.78,1.31
2936,53.04,1039.3691,-55520.76,1.1
2937,42.72,1027.1713,-47440.72,1.18
2938,43.64,1042.7867,-55658.99,1.08
2939,49.84,1013.9687,-41108.81,1.25
2940,55.76,1047.5427,-53404.42,1.22
2941,48.12,1028.8186,-55392.99,1.21
2942,59.64,1044.1623,-40032.51,1.18
2943,44.88,1002.637,-43226.05,1.27
2944,43.8,1006.1485,-42970.38,1.2
2945,44.48,988.187,-46881.64,1.12
2946,54.8,995.568,-49119.32,1.14
2947,55.56,1031.2152,-49342.23,1.13
2948,58.44,1018.6505,-39365.0,1.17
2949,57.8,1020.372,-57693.24,1.12
2950,47.08,987.3185,-40794.46,1.15
2951,49.4,1041.4961,-51535.18,1.1
2952,40.16,1012.8659,-57233.69,1.16
2953,45.52,1071.6048,-49849.58,1.15
2954,33.44,1025.063,-41369.41,1.17
2955,49.48,1036.3298,-42996.95,1.16
2956,48.52,1082.862,-45827.16,1.22
2957,51.44,1120.6564,-56198.28,1.13
2958,56.12,1077.8479,-50023.23,1.12
2959,47.44,1025.8417,-41390.46,1.15
2960,44.6,1030.286,-53484.79,1.15
2961,51.52,1015.0206,-61244.03,0.87
2962,49.2,1029.9472,-47414.13,1.11
2963,46.8,993.5672,-54882.07,1.03
2964,26.48,999.8541,-51048.55,1.06
2965,57.88,1025.9085,-45180.5,1.24
2966,42.4,995.3749,-59037.01,1.21
2967,55.72,1034.747,-41299.95,1.27
2968,43.68,1031.5489,-43607.65,1.16
2969,63.0,1040.4376,-49653.31,1.1
2970,48.04,1019.1389,-57196.62,1.24
2971,52.48,1011.317,-45250.31,1.14
2972,62.6,1036.8669,-49574.82,1.34
2973,45.2,1000.088,-47235.55,1.32
2974,38.6,1058.9069,-46317.13,1.26
2975,53.64,1049.9842,-43726.08,1.18
2976,52.88,986.4682,-40843.55,1.21
2977,52.28,1023.1966,-43294.67,1.17
2978,43.56,990.6104,-52761.93,1.1
2979,44.96,996.2251,-46881.79,1.14
2980,45.96,1020.5334,-49376.09,1.18
2981,51.64,1002.307,-47043.98,1.21
2982,48.12,1064.6796,-59327.1,1.17
2983,51.32,999.3448,-50815.35,1.14
2984,26.88,1033.9678,-51107.32,1.18
2985,44.84,1095.0498,-52099.69,1.06
2986,43.56,1030.3855,-43441.93,1.42
2987,45.0,1048.9624,-39602.2,1.24
2988,56.64,1077.8728,-45568.78,1.24
2989,48.72,1042.2778,-53567.62,1.23
2990,41.04,1012.4789,-51130.69,1.02
2991,48.72,1061.6084,-42254.71,0.99
2992,48.2,1030.0991,-41452.6,1.23
2993,44.12,1013.5043,-31308.66,1.35
2994,52.08,1121.4672,-43051.83,1.12
2995,55.04,1023.1144,-47256.08,1.08
2996,49.4,1019.3434,-49064.67,1.28
2997,62.48,1013.6301,-47309.55,1.23
2998,50.2,1030.5962,-45474.5,1.14
2999,65.24,1034.9358,-47327.57,1.2
3000,44.72,1026.2588,-49310.98,1.1
3001,54.92,1016.1359,-53169.3,1.11
3002,37.72,1035.2134,-47352.87,1.09
3003,46.28,1067.7554,-36490.44,1.17
3004,43.52,1038.6682,-59562.09,1.12
3005,49.32,1128.3652,-56612.32,1.17
3006,36.96,1112.8224,-54679.68,1.22
3007,35.24,1042.689,-51923.96,1.14
3008,48.44,993.5676,-52809.88,1.09
3009,47.88,1023.533,-51051.94,1.19
3010,34.56,1021.3534,-47429.0,1.21
3011,46.12,1037.7282,-49400.22,1.39
3012,41.56,988.2102,-50775.14,1.15
3013,35.32,985.7795,-52847.34,1.2
3014,38.44,1008.5949,-41194.89,1.12
3015,51.2,1018.6512,-41221.43,1.37
3016,46.68,1065.9749,-55511.11,1.18
3017,60.96,990.4099,-48890.62,1.13
3018,43.6,996.3485,-44998.88,1.19
3019,44.96,1034.9769,-51400.08,1.31
3020,44.32,1056.4976,-40373.52,1.34
3021,54.08,1062.6446,-51792.62,1.09
3022,42.44,988.9,-40779.89,1.15
3023,57.6,1061.7396,-47570.38,1.2
3024,48.56,1023.8637,-49230.62,1.13
3025,46.96,1021.4887,-55488.24,1.06
3026,50.28,1006.0051,-47113.46,1.18
3027,49.0,1031.3046,-37610.14,1.36
3028,53.2,996.7919,-46907.51,1.21
3029,37.36,1046.3166,-55815.88,1.08
3030,57.52,1032.5153,-49227.58,1.3
3031,45.32,1004.0935,-49116.41,1.26
3032,42.96,1032.3832,-47738.68,1.32
3033,42.72,1012.9691,-45244.04,1.24
3034,42.16,1040.3543,-51553.88,1.36
3035,42.04,1030.0412,-47387.71,1.29
3036,44.08,1052.4252,-43883.23,1.16
3037,33.56,1060.4765,-51796.79,1.05
3038,44.84,1035.9953,-46010.36,1.24
3039,57.56,1016.2686,-47187.41,1.11
3040,71.12,1008.1901,-47233.98,1.03
3041,50.8,1041.7128,-38016.62,1.33
3042,47.56,1009.1575,-47198.41,1.29
3043,37.8,1006.7499,-43322.64,1.33
3044,53.0,1069.4051,-53598.45,1.22
3045,44.68,1049.9879,-45740.62,1.07
3046,48.84,1021.1596,-39668.0,1.26
3047,50.76,1027.8496,-41735.48,1.19
3048,55.56,1057.4695,-47775.38,1.28
3049,39.32,1028.9134,-57151.91,1.2
3050,53.44,1037.4987,-49584.56,1.16
3051,58.32,993.1774,-48926.13,1.22
3052,58.08,1071.6115,-49888.62,1.18
3053,59.4,1033.7116,-49595.18,1.19
3054,43.08,1033.1924,-39721.27,1.18
3055,39.32,1008.6505,-49286.57,1.22
3056,46.8,1166.9072,-54595.53,1.2
3057,36.4,1039.4165,-53558.29,1.21
3058,49.36,1011.0432,-51155.32,1.2
3059,49.44,1060.5611,-43738.2,1.02
3060,52.28,997.914,-46991.52,1.1
3061,37.04,1027.6883,-51342.09,1.13
3062,56.88,1012.5556,-43200.58,1.24
3063,55.08,1036.6464,-43582.36,1.18
3064,43.84,1034.5296,-49864.37,1.1
3065,51.4,1059.3182,-53847.59,1.2
3066,52.44,1059.7767,-50032.67,1.17
3067,48.92,1018.0221,-47072.3,1.22
3068,41.08,1035.7562,-47496.61,1.27
3069,38.52,1044.3098,-55252.13,1.07
3070,58.04,1062.0632,-44224.31,1.22
3071,50.2,1035.7722,-46004.62,1.22
3072,63.4,1087.6282,-55586.44,1.27
3073,61.08,1064.5948,-41945.9,1.15
3074,46.16,1012.3823,-49257.41,1.2
3075,33.16,1023.5761,-59029.12,0.97
3076,40.2,1025.3293,-55271.08,1.12
3077,43.44,1016.5694,-51202.57,1.15
3078,41.84,1007.0309,-43233.8,1.2
3079,46.44,1007.2712,-51111.34,1.11
3080,53.96,1043.275,-47732.36,1.06
3081,57.88,1025.8488,-51262.97,1.43
3082,45.92,1147.6971,-56417.27,1.21
3083,51.12,1029.024,-49064.78,1.19
3084,56.72,1006.4259,-45209.92,1.24
3085,46.6,980.5466,-48701.92,1.24
3086,35.76,1010.9536,-47134.61,1.25
3087,58.2,1033.2112,-45691.89,1.2
3088,51.64,1033.0609,-59304.39,1.22
3089,42.6,1033.7388,-43520.67,1.32
3090,40.2,1028.8954,-51548.48,1.26
3091,40.28,999.7602,-51043.22,1.32
3092,30.48,1007.9065,-53033.94,1.17
3093,44.2,1012.3672,-53177.52,1.14
3094,52.68,998.9058,-42898.85,1.2
3095,45.04,1043.8941,-47547.62,1.13
3096,48.56,1005.292,-48928.82,1.14
3097,55.12,1031.0113,-53085.52,1.16
3098,52.24,1024.5273,-51388.61,1.2
3099,41.2,1035.0359,-51310.18,1.28
3100,44.4,1014.9303,-37021.97,1.25
3101,55.64,1024.2581,-47506.52,1.08
3102,59.48,1027.1322,-47502.81,1.13
3103,54.08,1014.5184,-47210.8,1.2
3104,45.76,1023.1068,-45437.34,1.31
3105,59.44,995.703,-47005.58,1.12
3106,49.32,1024.0786,-47382.03,1.25
3107,42.76,1067.3704,-51848.93,1.18
3108,47.84,1024.4108,-51368.83,1.23
3109,57.16,1038.6412,-51377.8,1.14
3110,37.88,1116.7756,-49944.63,1.13
3111,41.6,1026.3679,-53319.09,1.2
3112,48.24,1040.702,-51501.5,1.18
3113,51.28,1016.7973,-37454.58,1.17
3114,51.08,1018.6167,-43227.07,1.31
3115,53.28,1062.4043,-47580.65,1.46
3116,55.08,1011.0946,-53201.63,1.18
3117,46.4,1028.0017,-49399.62,1.17
3118,43.28,1024.7997,-51348.07,1.12
3119,42.68,1027.3197,-47418.2,1.33
3120,43.44,1070.0741,-53982.62,1.19
3121,52.12,1045.7924,-47635.18,1.19
3122,37.8,1048.3833,-43916.34,1.21
3123,48.16,1009.2676,-46936.33,1.16
3124,56.48,1019.7297,-51248.59,1.24
3125,53.96,1038.9021,-45880.97,1.26
3126,49.44,1043.1929,-47394.9,1.14
3127,44.88,1058.9861,-49721.3,1.11
3128,60.16,1033.8666,-41211.77,1.15
3129,56.6,1003.5861,-51100.8,1.24
3130,54.4,1016.175,-41250.93,1.24
3131,61.72,1045.2202,-55557.96,1.2
3132,43.68,1085.995,-49720.87,1.19
3133,40.88,1007.4176,-47220.04,1.21
3134,58.64,1083.002,-46284.95,1.28
3135,49.68,993.3476,-50963.4,1.18
3136,44.0,1006.9767,-53240.6,1.1
3137,38.36,1019.3821,-47348.39,1.28
3138,40.68,1123.4438,-56104.07,1.08
3139,30.24,1045.61,-45651.55,1.27
3140,43.32,1035.0597,-57731.64,1.16
3141,36.24,1068.3005,-51959.03,1.13
3142,50.12,1009.2778,-39206.79,1.24
3143,52.36,1007.0151,-43216.16,1.22
3144,46.56,1042.3092,-49284.38,1.11
3145,38.96,1050.9475,-45728.44,1.19
3146,55.4,1064.7489,-42130.38,1.14
3147,53.2,1053.5444,-44338.63,1.25
3148,57.8,1054.9086,-51856.31,1.16
3149,44.48,1014.5962,-50859.23,1.17
3150,58.44,1014.7841,-53158.89,1.11
3151,48.32,1082.9555,-49757.34,1.25
3152,34.6,1027.5569,-51501.18,1.14
3153,44.68,1064.3016,-43951.2,1.2
3154,56.44,1038.2944,-51529.46,1.19
3155,60.12,1042.7521,-47643.9,1.22
3156,46.24,1051.1804,-53718.68,1.02
3157,51.6,1064.7795,-39911.19,1.21
3158,44.04,1097.284,-42210.98,1.09
3159,29.88,1005.5248,-48959.03,1.17
3160,49.84,1055.3035,-47737.22,1.21
3161,56.72,1017.9475,-41365.82,1.21
3162,51.52,1052.8907,-45489.18,1.24
3163,67.76,1018.9774,-41415.95,1.39
3164,50.0,1033.2843,-51416.55,1.14
3165,37.08,1032.5873,-51177.32,1.43
3166,54.72,1033.3619,-53810.83,1.2
3167,47.64,1018.0015,-45197.97,1.07
3168,53.04,1007.5892,-51080.36,1.24
3169,52.04,1065.2288,-40342.14,1.28
3170,34.68,1089.1741,-52058.15,1.13
3171,46.92,1042.7892,-53309.38,1.13
3172,50.32,1021.1961,-39348.56,1.19
3173,50.76,1066.2574,-43995.68,1.24
3174,47.0,1021.0465,-53163.11,1.19
3175,51.96,1008.847,-57048.5,1.28
3176,44.24,1056.1716,-49547.15,1.14
3177,35.96,1009.4076,-41362.51,1.41
3178,47.6,1017.1668,-43271.02,1.11
3179,47.64,1079.212,-53402.06,1.29
3180,55.92,1024.3352,-43031.85,1.32
3181,43.04,1059.3672,-42127.39,1.26
3182,48.44,1016.5345,-49150.87,1.21
3183,45.16,1029.8369,-47394.65,1.17
3184,38.12,1034.3981,-53293.11,1.08
3185,45.72,1037.4823,-43759.74,1.12
3186,48.24,1033.3133,-49287.37,1.3
3187,40.16,993.7855,-51000.02,1.1
3188,41.64,1018.9651,-47332.41,1.16
3189,56.8,1073.1408,-47769.22,1.23
3190,52.64,1040.4258,-55350.2,1.24
3191,60.84,1044.9175,-41837.37,1.09
3192,50.24,1038.3738,-45294.43,1.17
3193,56.56,1017.5468,-47231.5,1.24
3194,34.8,1011.6125,-51362.24,1.15
3195,59.52,1031.3607,-47325.28,1.31
3196,51.28,1039.8409,-41500.72,1.31
3197,47.96,1075.1188,-49864.51,1.18
3198,58.16,1064.7152,-42248.52,1.26
3199,44.68,1027.4901,-51477.14,1.19
3200,49.96,1025.0843,-51266.94,1.11
3201,44.48,970.5213,-52681.74,1.28
3202,36.88,1085.0332,-42237.73,1.26
3203,31.96,1013.0768,-53269.38,1.22
3204,54.84,1013.0854,-52883.28,1.16
3205,38.68,1010.1383,-53226.92,1.35
3206,43.16,1046.7929,-55356.68,1.22
3207,46.24,1125.0108,-55236.2,1.18
3208,50.84,1031.5794,-49210.12,1.27
3209,42.32,1065.2882,-48422.66,1.22
3210,46.44,1066.3353,-45781.52,1.16
3211,50.16,1050.7292,-53249.07,1.04
3212,45.08,1035.3364,-39895.47,1.32
3213,57.16,1025.7482,-53615.64,1.21
3214,44.04,1029.7524,-39718.94,1.18
3215,51.56,1034.4352,-59315.07,1.26
3216,36.32,1029.2178,-43518.97,1.16
3217,43.36,1040.6947,-37946.49,1.26
3218,46.28,1100.6631,-42922.18,1.04
3219,49.84,1012.417,-41207.34,1.23
3220,46.08,1021.5335,-53103.04,1.18
3221,48.04,1009.8403,-43123.14,1.13
3222,50.56,1037.2284,-51585.89,1.11
3223,46.32,1002.1969,-56967.08,1.0
3224,39.04,1047.691,-41501.95,1.38
3225,45.36,1027.5151,-45485.01,1.16
3226,43.8,1054.7461,-51602.57,1.17
3227,56.44,1015.1009,-47229.55,1.17
3228,61.44,1054.4024,-49579.01,1.18
3229,48.96,1030.208,-49328.35,1.29
3230,50.92,1032.8194,-55470.91,1.21
3231,54.84,987.9548,-48778.82,1.17
3232,47.0,1043.2956,-49117.51,1.28
3233,51.28,1015.1554,-51170.3,1.0
3234,52.2,1054.5535,-45973.75,1.37
3235,41.88,1023.1284,-43399.52,1.0
3236,52.56,1115.0586,-59647.87,1.1
3237,54.88,1017.9582,-47410.52,1.19
3238,52.4,1032.9061,-43682.21,1.28
3239,56.84,1016.09,-37244.78,1.31
3240,46.88,999.6134,-48931.39,1.21
3241,49.76,1016.8268,-43035.03,1.2
3242,57.8,1010.8494,-49292.31,1.05
3243,37.68,1020.6782,-51290.93,1.21
3244,49.32,995.1316,-48926.71,1.26
3245,47.88,1027.1225,-39537.16,1.32
3246,58.4,1035.5018,-41711.1,1.24
3247,46.56,997.1517,-46875.49,1.19
3248,52.56,1002.0111,-51066.95,1.08
3249,48.0,1035.8715,-45696.36,1.14
3250,62.28,1015.4068,-46962.63,1.19
3251,59.96,1041.5465,-51795.1,1.22
3252,54.0,1029.3148,-49138.82,1.3
3253,45.92,1085.8873,-48053.93,1.28
3254,50.88,1040.9866,-45565.72,1.14
3255,52.92,1064.284,-47559.74,1.2
3256,59.88,1038.2433,-43793.97,1.26
3257,45.76,1072.7111,-51720.42,1.04
3258,64.84,1114.3998,-48530.34,1.27
3259,52.68,1017.3851,-51399.05,1.22
3260,62.68,1123.3652,-57824.63,1.07
3261,49.72,1095.6008,-48218.21,1.06
3262,47.2,1036.5282,-57222.5,1.09
3263,46.64,1072.886,-41758.93,1.31
3264,56.92,1025.7947,-45678.98,1.23
3265,52.96,1035.2214,-47471.97,1.19
3266,56.76,1062.4936,-53512.04,1.19
3267,45.28,1019.931,-33531.47,1.3
3268,48.72,1055.0685,-47720.66,1.25
3269,56.44,1018.8739,-41391.23,1.21
3270,52.88,1051.2814,-51764.69,1.12
3271,57.48,1033.33,-51715.34,1.04
3272,39.48,1026.5142,-43425.8,1.18
3273,54.76,1053.7131,-45554.15,1.45
3274,41.44,1007.1528,-41048.49,1.2
3275,40.28,995.7703,-50851.79,1.24
3276,45.16,1020.0244,-47200.21,1.39
3277,51.48,1051.0488,-41918.78,1.19
3278,42.6,1024.3853,-55460.07,1.14
3279,52.92,1043.7555,-57308.18,1.05
3280,54.72,1048.6856,-47592.94,1.28
3281,56.04,1032.3719,-49169.44,1.34
3282,51.8,1066.0581,-43939.14,1.17
3283,52.96,990.8723,-47048.12,1.12
3284,54.88,1016.1964,-47356.98,1.21
3285,52.8,1024.1048,-39311.71,1.25
3286,52.52,1021.6294,-55364.51,1.07
3287,50.4,1060.9426,-39964.09,1.28
3288,38.2,986.745,-48803.65,1.2
3289,48.72,1050.1553,-43730.34,1.16
3290,50.44,1022.5806,-53290.71,1.1
3291,50.6,1028.6125,-51165.66,1.13
3292,47.8,1004.1619,-49210.29,1.22
3293,43.04,1031.7602,-43710.57,1.25
3294,48.76,1010.8543,-37277.04,1.22
3295,55.64,1024.2508,-45348.66,1.27
3296,54.08,1053.8828,-38226.5,1.21
3297,52.64,1054.5394,-49923.31,1.28
3298,52.8,1046.7498,-55428.25,1.1
3299,47.2,1015.9828,-47386.81,1.22
3300,55.68,1128.1711,-46184.2,1.17
3301,51.4,1068.5396,-55798.11,1.02
3302,45.04,1003.9775,-40885.71,1.11
3303,59.68,1029.8953,-45740.45,1.28
3304,51.4,1029.2753,-47209.54,1.17
3305,49.6,1028.9691,-49582.28,1.36
3306,54.84,1104.028,-40447.69,1.25
3307,49.04,1026.2159,-45156.65,1.15
3308,46.4,1103.8898,-44292.66,1.14
3309,38.72,1011.9696,-49100.96,1.24
3310,41.08,1013.1964,-50879.22,1.17
3311,43.6,1065.2077,-50052.77,1.06
3312,47.48,1005.639,-54975.89,1.24
3313,46.52,1023.2138,-49234.65,1.21
3314,35.4,1020.5014,-56904.22,1.2
3315,44.4,1032.9018,-45265.46,1.15
3316,52.88,1064.3165,-53481.97,1.02
3317,47.12,1007.0314,-43066.57,1.25
3318,45.6,1060.7138,-48061.28,1.22
3319,39.92,1064.1354,-51816.86,1.21
3320,46.04,1045.4286,-51675.05,1.37
3321,55.96,1056.1976,-36340.36,1.19
3322,50.04,1042.8126,-51339.82,1.11
3323,48.44,992.1101,-47012.82,1.13
3324,48.28,1039.6994,-41549.36,1.2
3325,37.24,1027.6398,-47582.8,1.04
3326,42.12,998.6158,-49263.17,1.24
3327,54.76,1046.5979,-48083.99,1.12
3328,47.48,1040.5429,-45382.15,1.23
3329,47.12,1033.3828,-47592.13,1.22
3330,50.36,1024.6782,-57321.35,1.22
3331,55.8,1051.0012,-51712.64,1.19
3332,48.72,1005.9784,-52968.6,1.28
3333,49.64,1045.5636,-45473.95,1.2
3334,37.36,1040.1158,-47569.29,1.24
3335,51.4,1072.1225,-49933.77,1.07
3336,48.28,1041.7139,-53203.69,1.17
3337,48.96,1047.0539,-45887.67,1.24
3338,52.28,1022.4201,-49406.5,1.15
3339,52.2,1029.8005,-51525.51,1.25
3340,46.4,1009.4973,-49122.48,1.18
3341,42.48,1037.0444,-51666.22,1.13
3342,43.36,989.6649,-56778.71,1.0
3343,35.08,1047.9946,-45672.45,1.25
3344,44.04,1018.2711,-55296.83,1.19
3345,54.92,1045.3682,-49897.59,1.27
3346,54.64,1041.5029,-47400.18,1.07
3347,55.36,975.4817,-42589.0,1.19
3348,34.24,997.9373,-46936.55,1.22
3349,30.92,1020.8688,-51317.56,1.16
3350,44.8,1012.2761,-49120.12,1.16
3351,47.64,1030.8703,-58962.39,1.12
3352,48.52,1016.14,-51231.8,1.15
3353,51.56,1009.935,-39144.33,1.26
3354,40.32,1028.7256,-48884.56,1.33
3355,53.0,1011.9181,-45055.05,1.25
3356,53.84,1055.58,-48068.15,1.14
3357,67.48,1005.3709,-54949.44,1.25
3358,46.04,1025.3087,-45376.83,1.2
3359,54.36,1009.3505,-48994.19,1.05
3360,50.28,1035.2883,-43530.81,1.17
3361,41.76,1004.7906,-47066.97,1.15
3362,47.8,1044.0553,-55436.74,1.21
3363,34.68,1029.2771,-45178.89,1.17
3364,36.32,1020.7064,-47125.13,1.33
3365,37.2,1077.4641,-53891.52,1.26
3366,53.76,1026.2516,-47496.84,1.18
3367,38.64,1017.8556,-49225.77,1.23
3368,53.84,1031.453,-51577.01,1.25
3369,51.8,1048.697,-51414.48,1.22
3370,53.2,1045.9086,-53648.67,1.26
3371,37.16,1028.1675,-51078.21,1.25
3372,57.04,1065.1976,-47470.63,1.15
3373,41.56,1041.5178,-45559.39,1.26
3374,46.36,1060.3961,-51706.68,1.19
3375,53.56,1015.6592,-55103.23,1.06
3376,42.8,1004.0631,-35021.78,1.28
3377,56.88,1167.0097,-52410.9,1.19
3378,38.44,1029.9356,-49708.94,1.27
3379,46.56,1015.7012,-50983.77,1.29
3380,52.92,1010.8995,-40980.93,1.16
3381,46.48,1018.3034,-55031.72,1.21
3382,48.96,1031.7051,-55622.46,1.15
3383,36.2,1041.968,-45982.76,1.12
3384,51.8,1036.2807,-41418.94,1.12
3385,34.44,1042.3851,-53424.3,1.16
3386,54.0,1048.9324,-51760.82,1.14
3387,48.6,1019.5374,-43444.13,1.1
3388,48.08,1034.6396,-51461.79,1.26
3389,56.68,1029.3564,-49352.48,1.1
3390,52.44,1078.6875,-49972.79,1.14
3391,45.44,1041.008,-53326.38,1.22
3392,47.68,1049.2152,-49677.28,1.31
3393,53.4,1007.1758,-49068.05,1.25
3394,52.88,1084.542,-48466.65,1.31
3395,44.36,1060.4525,-61576.54,1.0
3396,38.12,1065.6079,-51551.16,1.14
3397,38.52,1047.539,-55382.21,1.3
3398,53.04,1051.6968,-46029.19,1.26
3399,51.64,1040.3994,-47493.03,1.12
3400,51.88,1028.3984,-42993.12,1.13
3401,52.84,1028.1608,-57335.69,1.18
3402,41.12,1009.6018,-43290.64,1.26
3403,36.4,1053.973,-47980.24,1.32
3404,43.08,1023.69,-49345.25,1.21
3405,45.36,1066.5716,-43890.29,1.24
3406,48.52,1007.3434,-49129.59,0.96
3407,50.24,1017.6026,-55136.46,1.18
3408,49.48,1025.6418,-51365.57,1.09
3409,55.32,1031.3316,-51648.44,1.22
3410,42.0,1046.1281,-41985.05,1.17
3411,52.92,1009.2502,-43090.82,1.4
3412,46.6,1033.0852,-47228.58,1.18
3413,45.88,1024.2122,-51439.25,1.24
3414,48.28,1053.5298,-47582.84,1.19
3415,57.04,1039.5681,-55502.56,1.07
3416,43.12,1000.1214,-53024.66,1.29
3417,38.68,1018.2741,-49172.54,1.18
3418,49.44,1030.4848,-49636.99,1.16
3419,47.52,1070.0093,-53646.28,1.22
3420,42.08,1025.7089,-41567.17,1.19
3421,56.56,1044.97,-39605.95,1.36
3422,49.0,1018.5878,-43267.44,1.23
3423,55.0,1020.939,-49467.54,1.19
3424,53.52,1069.8416,-38084.65,1.23
3425,48.64,1037.7111,-45260.81,1.15
3426,56.6,1021.6324,-55351.55,1.29
3427,46.56,1032.2665,-43760.34,1.19
3428,43.4,1033.7687,-49156.47,1.18
3429,39.92,1016.3687,-47376.79,1.27
3430,52.88,1005.5685,-53066.62,1.2
3431,57.76,1050.5394,-53256.01,1.14
3432,49.4,1011.4456,-53033.3,1.19
3433,52.4,998.6033,-55077.6,1.03
3434,46.64,1054.5466,-49604.76,1.17
3435,54.0,1125.1728,-48252.94,1.3
3436,56.04,1035.1748,-43448.17,1.25
3437,44.0,1027.1318,-43482.53,1.19
3438,42.2,1030.4974,-53097.5,1.13
3439,48.0,1107.9953,-48510.91,1.07
3440,36.28,1010.408,-49078.71,1.24
3441,45.88,1057.9869,-57712.36,1.18
3442,34.24,1021.5889,-41398.28,1.14
3443,47.76,1117.1581,-55564.34,1.27
3444,45.6,1017.0999,-49330.08,1.26
3445,46.48,1095.0812,-34983.89,1.23
3446,43.92,1088.8067,-41884.5,1.15
3447,63.16,1026.1928,-45347.17,1.16
3448,41.52,1082.2677,-44828.07,1.1
3449,59.68,1023.9422,-39467.98,1.36
3450,45.44,992.8519,-48884.65,1.37
3451,53.16,1021.7092,-49112.82,1.2
3452,62.72,1021.9731,-55054.32,1.18
3453,51.44,1039.9354,-45364.47,1.14
3454,51.48,1068.1823,-51655.23,1.21
3455,48.36,1020.9004,-41525.33,1.19
3456,46.68,1045.6147,-56906.03,1.12
3457,38.08,981.4365,-48860.29,1.17
3458,39.56,1055.7788,-51692.34,1.46
3459,60.2,1079.3216,-51605.02,1.17
3460,55.08,1021.6669,-43084.46,1.27
3461,54.0,1029.1566,-47671.12,1.24
3462,57.12,1041.0445,-45880.01,1.17
3463,53.52,1108.1767,-49887.02,1.15
3464,57.16,1038.8319,-43900.15,1.27
3465,43.6,1062.1981,-51918.62,1.16
3466,48.8,1012.106,-41289.96,1.19
3467,34.16,1018.9922,-43244.75,1.28
3468,35.92,1089.5948,-49701.01,1.24
3469,54.0,1032.5327,-49544.72,1.08
3470,55.88,1045.4755,-45670.2,1.13
3471,51.72,1045.2707,-43593.98,1.18
3472,53.52,1014.6064,-39275.36,1.15
3473,56.48,1043.7143,-43784.59,1.38
3474,43.32,1023.7696,-52947.6,1.17
3475,53.32,1045.5086,-55263.5,1.23
3476,53.12,1012.807,-51080.29,1.03
3477,40.92,1170.6457,-46234.04,1.23
3478,35.72,1014.1429,-47356.33,1.03
3479,50.28,1039.8439,-43615.07,1.18
3480,55.36,1026.4423,-41603.5,1.32
3481,38.64,1011.8611,-45210.94,1.26
3482,48.8,1033.56,-47705.65,1.08
3483,39.68,1025.6069,-45347.41,1.11
3484,49.28,1023.6019,-49457.43,1.16
3485,38.12,1018.3006,-48901.66,1.11
3486,50.48,1037.7125,-51017.23,1.14
3487,55.24,1028.1553,-47065.39,1.07
3488,47.76,1037.6487,-45566.38,1.12
3489,55.6,1028.2067,-53122.74,1.2
3490,48.64,1033.77,-41747.47,1.18
3491,37.12,1035.1463,-53018.04,1.21
3492,44.52,1057.2126,-38279.81,1.27
3493,46.04,1051.9602,-51307.82,1.1
3494,33.96,1009.0658,-46979.13,1.17
3495,52.6,1047.5863,-38074.77,1.24
3496,49.28,1021.1095,-49281.39,1.2
3497,45.72,1007.5998,-47189.99,1.18
3498,47.96,1027.4199,-45148.77,1.36
3499,58.68,1066.7096,-49489.51,1.29
3500,42.72,1034.3189,-53317.69,1.17
3501,47.28,1034.869,-51462.72,1.15
3502,57.2,1021.2108,-45142.21,1.2
3503,37.4,1052.3238,-53846.15,1.22
3504,51.28,1029.7254,-43398.11,1.35
3505,48.36,1022.1939,-51683.2,1.18
3506,49.96,1035.4866,-41616.64,1.15
3507,53.08,1033.8278,-47434.49,1.16
3508,47.24,1019.2066,-53218.28,1.07
3509,51.4,1068.7162,-46444.44,1.15
3510,56.2,1072.8666,-52010.17,1.04
3511,55.28,1135.3348,-49390.84,1.12
3512,46.56,1020.5232,-47286.25,1.05
3513,42.72,1064.0416,-57620.37,1.1
3514,59.56,1042.626,-53596.08,1.26
3515,35.56,1038.1218,-45399.51,1.27
3516,39.36,1024.4885,-41564.41,1.21
3517,42.92,1012.0314,-47152.49,1.16
3518,57.72,1029.8181,-37747.44,1.32
3519,48.24,1030.5498,-47550.21,1.19
3520,43.48,1012.3245,-47479.5,1.27
3521,43.48,1007.4835,-49062.07,1.31
3522,47.52,1011.1759,-39265.53,1.21
3523,43.68,1061.9013,-49949.25,1.29
3524,43.04,1031.0202,-47323.05,1.37
3525,52.84,1064.9033,-49509.11,1.2
3526,41.68,1013.1614,-39215.66,1.24
3527,50.6,1008.4924,-37200.72,1.08
3528,52.84,1048.901,-45625.03,1.25
3529,43.2,1001.0588,-57147.08,1.09
3530,62.52,1035.4538,-53629.5,1.31
3531,49.4,1067.6968,-39746.52,1.1
3532,49.56,1040.1058,-45905.72,1.44
3533,46.04,1044.9554,-47636.99,1.27
3534,49.0,1046.3992,-47845.29,1.53
3535,47.96,1041.0653,-47814.33,2.41
3536,59.8,1048.231,-42078.77,2.46
3537,50.0,1038.5557,-41627.3,1.93
3538,36.64,1018.4148,-44980.1,1.77
3539,42.36,1068.2882,-52019.77,1.62
3540,32.48,1033.4184,-49595.87,1.67
3541,47.44,1016.754,-51358.3,2.11
3542,50.92,1053.0684,-57349.07,1.67
3543,48.16,997.7178,-46982.8,1.77
3544,52.28,1075.5492,-57863.48,1.54
3545,46.6,1047.741,-55493.45,1.39
3546,53.72,1019.564,-43210.11,1.44
3547,45.28,1016.3451,-43366.22,1.52
3548,48.0,1013.5844,-49038.99,1.55
3549,49.76,1055.824,-49625.71,1.55
3550,43.6,1001.1018,-43037.03,1.38
3551,50.12,1040.2074,-51603.52,1.66
3552,52.52,1013.4696,-47219.91,1.54
3553,46.72,999.7142,-48831.56,1.35
3554,48.44,1008.8045,-56848.73,1.44
3555,54.16,1092.601,-49903.84,1.39
3556,60.52,1018.467,-47098.12,1.49
3557,55.76,1032.6271,-41649.65,1.49
3558,38.44,1034.0369,-49296.94,1.13
3559,45.0,1040.1244,-47661.76,1.29
3560,52.64,1030.2082,-47695.16,1.3
3561,49.96,1013.5599,-51282.83,1.38
3562,49.48,1127.984,-59902.94,1.56
3563,30.64,1026.9796,-43631.44,1.25
3564,48.08,1015.0381,-35342.9,1.31
3565,52.96,1034.2643,-47390.06,1.58
3566,56.88,993.4272,-45046.22,1.34
3567,37.72,994.6104,-44874.16,1.34
3568,51.84,1065.5664,-48046.4,1.13
3569,53.72,995.2713,-50966.01,1.24
3570,54.64,1031.4397,-47475.55,1.22
3571,39.92,1042.5301,-47313.38,1.15
3572,52.72,1172.0636,-50683.79,1.18
3573,50.64,1004.8898,-41053.49,1.41
3574,49.4,1016.3228,-49341.79,1.34
3575,45.08,1012.6193,-53158.89,1.25
3576,43.08,1006.0242,-53113.86,1.42
3577,51.68,1019.6547,-53183.11,1.22
3578,54.44,1018.558,-49052.49,1.08
3579,52.48,1059.6282,-41662.94,1.17
3580,48.4,1117.6675,-53789.66,0.89
3581,36.76,997.3348,-60957.25,1.4
3582,45.76,1030.7178,-41286.38,1.78
3583,64.72,1015.695,-47193.22,2.31
3584,43.92,1014.9758,-41089.8,2.97
3585,33.36,1038.0264,-49669.3,3.62
3586,61.24,1037.703,-47446.59,2.34
3587,60.24,1008.5748,-47241.0,6.02
3588,47.48,1033.5752,-45651.12,5.15
3589,38.96,996.1242,-44990.65,5.57
3590,45.8,1000.8093,-51004.12,4.59
3591,50.64,1012.6748,-49127.89,6.32
3592,41.44,1027.0829,-39679.49,4.99
3593,56.24,1036.1608,-41732.07,2.87
3594,46.24,1150.0378,-54709.34,1.89
3595,43.56,1038.0379,-49665.67,2.09
3596,47.24,1033.3111,-51429.44,1.85
3597,36.64,1043.715,-47525.59,1.89
3598,50.08,1020.3478,-56790.81,1.38
3599,48.16,1014.1495,-47112.49,2.63
3600,56.56,1021.8129,-47320.68,1.58
3601,52.0,988.5369,-46806.72,1.78
3602,56.0,1080.6905,-48256.22,1.75
3603,42.52,1039.8321,-47036.04,2.62
3604,41.6,1066.0816,-40647.12,2.78
3605,55.16,1008.3674,-51311.73,2.78
3606,51.28,1066.9636,-53630.49,2.19
3607,57.44,1080.5764,-49928.43,1.56
3608,56.96,1013.4451,-51324.12,1.81
3609,38.16,1037.4298,-43774.88,1.92
3610,47.72,1090.815,-57802.11,2.13
3611,51.32,1040.4915,-45837.71,2.6
3612,41.52,1024.9584,-51127.92,2.18
3613,36.16,1053.6568,-51715.8,2.31
3614,60.76,1061.7328,-49874.45,2.01
3615,47.48,1011.2403,-43265.62,1.97
3616,46.4,998.7131,-53110.25,1.96
3617,43.16,1056.1074,-49714.85,1.87
3618,57.68,1089.6172,-54141.16,1.53
3619,55.92,1024.0302,-45442.37,2.08
3620,56.64,982.2549,-56924.62,2.54
3621,48.36,1009.4657,-47327.11,2.27
3622,51.56,1035.1934,-49337.63,1.9
3623,51.88,1034.2954,-41677.08,1.75
3624,46.28,1006.5933,-49010.17,1.81
3625,62.16,1141.5178,-47376.62,1.75
3626,55.04,1026.617,-43306.87,1.5
3627,39.08,994.5847,-48944.61,1.59
3628,52.68,1027.9186,-43260.54,1.47
3629,45.84,1012.9439,-49321.67,1.27
3630,62.2,1048.0672,-49910.97,1.53
3631,45.12,1082.3394,-41928.75,1.43
3632,56.36,1061.364,-47642.42,1.42
3633,45.48,1024.1829,-41351.68,1.27
3634,53.72,1015.476,-41227.27,1.25
3635,31.56,1008.9459,-47096.43,1.27
3636,53.76,1007.7969,-54928.07,1.18
3637,39.2,1073.4826,-49887.21,1.17
3638,47.08,1048.5687,-59258.74,1.26
3639,53.12,1015.7776,-45268.29,1.26
3640,60.12,1019.2593,-49086.47,1.19
3641,55.48,1032.6413,-45304.22,1.26
3642,56.2,992.4577,-46871.93,1.11
3643,42.16,1028.3022,-45352.97,1.2
3644,51.4,1059.4662,-50330.53,1.34
3645,45.08,1053.7262,-45751.51,1.24
3646,42.88,1015.4144,-41404.64,1.35
3647,38.12,1001.3228,-47054.87,1.33
3648,46.76,1034.0649,-51137.37,1.23
3649,48.48,1016.6058,-45334.97,1.58
3650,37.76,1041.8315,-49244.19,1.21
3651,50.36,1034.1412,-55258.65,1.13
3652,51.08,1026.4824,-47433.89,1.22
3653,40.44,1027.5582,-45423.65,1.18
3654,52.12,1018.5198,-49319.12,1.13
3655,43.8,1001.6227,-37129.76,1.22
3656,45.4,1045.3027,-53536.62,1.17
3657,45.76,1092.8992,-52205.33,1.21
3658,40.08,1025.6634,-43485.65,1.21
3659,42.04,995.1451,-49161.07,1.18
3660,52.12,1037.9628,-45576.08,1.18
3661,50.24,1092.9,-48453.83,1.22
3662,31.6,1049.4862,-47681.4,1.2
3663,51.08,1011.5267,-43334.32,1.37
3664,56.0,1042.7463,-53645.82,1.21
3665,51.56,1021.6784,-47289.07,1.38
3666,47.16,1079.2981,-40146.26,1.37
3667,46.08,1098.2924,-46201.76,1.22
3668,44.44,1058.0937,-51540.5,1.16
3669,59.96,1014.9611,-41108.47,1.22
3670,44.24,1016.0659,-41240.45,1.56
3671,52.6,1029.1461,-47425.36,1.82
3672,40.56,1016.091,-51491.26,1.17
3673,51.36,1024.2106,-51317.46,1.39
3674,45.48,1038.2457,-55303.24,1.13
3675,38.52,1011.1811,-49179.9,1.17
3676,44.32,992.3868,-38896.18,1.28
3677,39.8,1063.7267,-45555.41,1.1
3678,42.72,1034.1999,-45627.08,1.32
3679,58.16,1051.7678,-47724.57,1.09
3680,53.52,995.1596,-46957.26,1.17
3681,46.44,1032.3405,-55142.26,1.11
3682,46.6,1009.8116,-52918.81,1.53
3683,40.56,1004.3171,-45105.74,1.34
3684,59.56,1011.5902,-47204.93,1.33
3685,54.28,1036.5708,-43786.1,1.29
3686,48.44,1065.3362,-45991.32,1.27
3687,50.2,1018.1555,-49220.95,1.38
3688,44.32,995.3798,-43027.39,1.31
3689,40.96,1007.2574,-55014.79,1.23
3690,50.96,1041.2383,-41853.81,1.19
3691,50.68,1059.8779,-53436.44,1.27
3692,39.48,1014.2639,-43319.39,1.2
3693,52.36,1072.8408,-50177.87,1.19
3694,42.88,1045.6802,-47523.91,1.61
3695,40.48,1057.7805,-39899.0,1.11
3696,46.8,1036.6958,-51408.27,1.15
3697,49.24,1040.6721,-55646.19,1.14
3698,47.84,1072.8029,-48052.53,1.53
3699,48.72,1076.9855,-43785.15,1.25
3700,47.6,1043.4974,-48198.07,1.34
3701,46.08,1049.0902,-47612.17,1.26
3702,55.12,1028.4999,-47506.23,1.31
3703,54.56,1041.1165,-49695.18,1.42
3704,55.84,1003.5132,-52990.12,1.18
3705,53.24,1035.9725,-47684.39,1.32
3706,41.44,1005.635,-55051.81,1.32
3707,44.84,1035.5244,-49257.12,1.26
3708,50.52,1013.0686,-45229.88,1.18
3709,54.16,1076.1344,-46297.46,1.26
3710,38.44,992.1888,-49022.23,1.45
3711,48.04,1028.1502,-41356.19,1.23
3712,48.44,1008.8848,-47048.7,1.32
3713,51.56,1022.5678,-47298.14,1.24
3714,47.28,1042.8464,-51292.21,1.4
3715,50.68,997.8391,-55039.22,1.91
3716,59.36,997.9367,-51061.58,1.97
3717,46.92,1018.4088,-41265.49,1.99
3718,48.64,1012.9686,-51207.71,2.07
3719,45.88,1019.766,-45217.54,2.04
3720,57.08,1017.2266,-49349.92,1.3
3721,54.12,1024.4485,-43425.97,1.38
3722,41.68,1019.8816,-51211.42,1.17
3723,48.16,1043.0903,-53602.34,1.38
3724,44.64,1010.2916,-39167.36,1.82
3725,42.12,1012.441,-41291.05,1.22
3726,51.52,1001.3219,-48959.41,1.2
3727,44.88,1023.4444,-41360.63,1.4
3728,46.64,1002.9315,-52945.32,1.36
3729,47.64,1005.0705,-57171.32,1.22
3730,46.96,1002.1307,-42951.44,1.33
3731,49.64,1033.1234,-47111.55,1.39
3732,36.6,985.8957,-36674.3,1.33
3733,49.72,1060.6682,-51880.61,1.37
3734,43.0,1037.79,-55461.79,1.12
3735,58.72,1024.354,-51189.98,1.53
3736,56.24,984.2038,-44741.32,1.23
3737,41.64,1025.3221,-49213.45,1.19
3738,53.04,1009.947,-45197.61,1.23
3739,46.88,1023.8942,-45431.28,1.3
3740,42.0,1033.5459,-45423.44,1.73
3741,47.12,1038.2183,-45549.08,1.48
3742,59.64,1031.5474,-53151.1,0.97
3743,48.32,1005.2034,-44835.19,1.15
3744,61.52,1018.5225,-51090.65,1.54
3745,54.52,1099.1269,-52098.04,1.28
3746,48.52,1028.6496,-43278.62,1.63
3747,57.8,1200.1338,-48275.3,1.82
3748,50.72,1022.0613,-45438.4,1.55
3749,46.16,1063.8087,-44214.96,1.88
3750,43.64,1040.241,-49273.67,1.47
3751,47.16,1042.4903,-47890.04,1.65
3752,49.8,1003.8248,-52912.93,1.52
3753,60.24,1020.0474,-49325.93,1.62
3754,34.92,1029.2778,-51414.22,1.72
3755,55.68,1006.5201,-49169.4,1.81
3756,47.84,1018.6848,-51272.26,1.56
3757,33.44,996.0317,-48797.87,1.53
3758,56.68,1038.9602,-53495.03,1.58
3759,38.92,1128.0544,-52801.92,1.42
3760,58.16,1053.3426,-49532.91,1.71
3761,45.56,1021.2666,-43361.7,1.84
3762,50.68,1005.9266,-41045.69,1.73
3763,48.2,1038.5518,-45541.14,1.47
3764,66.04,1052.7978,-47318.09,1.41
3765,52.28,1036.4636,-45766.62,1.71
3766,42.04,1049.8776,-55327.98,2.25
3767,43.04,1038.021,-49541.59,1.94
3768,46.2,1051.0118,-49549.59,1.61
3769,47.44,1064.8831,-43930.96,1.67
3770,49.36,1009.0706,-49256.22,1.6
3771,46.08,975.8893,-48697.88,1.98
3772,49.08,997.8835,-53054.76,1.9
3773,55.28,969.4257,-50590.2,1.74
3774,43.04,1065.3316,-53655.23,1.7
3775,45.6,1026.6361,-47044.81,1.82
3776,48.88,1031.3388,-59212.65,1.77
3777,44.8,1021.3768,-55417.8,1.27
3778,48.6,1039.6784,-49509.25,1.5
3779,39.8,1021.3455,-45069.49,1.84
3780,54.36,1034.7282,-57103.19,1.88
3781,38.72,1041.7494,-39555.37,1.98
3782,43.68,1018.8624,-45161.23,2.46
3783,52.16,999.6754,-48972.58,1.61
3784,44.44,1049.0706,-49624.08,1.9
3785,46.0,998.0977,-42988.46,1.79
3786,41.4,1023.187,-47117.64,1.77
3787,51.88,1050.1472,-55521.05,2.23
3788,48.88,1037.8557,-41720.53,3.02
3789,45.92,1020.7598,-49285.43,1.95
3790,45.0,1032.1767,-49475.3,2.3
3791,61.72,1025.526,-47172.4,1.8
3792,44.92,1015.1118,-55232.38,1.58
3793,50.6,1165.6566,-47121.75,1.69
3794,60.6,1095.7604,-55786.06,1.52
3795,53.96,1022.8649,-49086.01,1.72
3796,45.28,1021.3985,-45180.43,1.96
3797,57.64,994.4762,-42972.98,1.84
3798,35.36,1027.801,-44918.55,1.95
3799,55.36,1039.3942,-41413.15,1.58
3800,51.36,1036.955,-47870.21,1.44
3801,44.04,1104.5159,-47881.07,1.66
3802,52.72,1058.2054,-45643.95,2.13
3803,48.16,1030.4792,-45481.52,1.71
3804,47.56,1041.3253,-45773.19,1.78
3805,41.92,1061.8143,-53614.43,2.47
3806,46.96,1021.8442,-47304.65,2.28
3807,62.6,1033.951,-47507.22,1.99
3808,48.48,1063.6034,-44485.49,1.99
3809,45.68,1016.7025,-41392.66,1.76
3810,57.6,1027.2406,-45218.89,2.07
3811,49.92,1011.1623,-53227.31,2.13
3812,51.88,1030.7012,-53394.74,2.47
3813,54.44,1044.3523,-43865.55,3.19
3814,54.96,1077.4771,-51993.58,1.86
3815,44.0,1015.1319,-51075.98,1.85
3816,56.68,1052.8524,-40046.83,2.94
3817,50.6,1029.381,-43455.74,1.87
3818,51.68,1041.7733,-49901.76,1.8
3819,52.52,1003.3128,-47125.86,1.48
3820,48.92,1003.8276,-39095.15,1.51
3821,31.48,996.5185,-44948.51,1.7
3822,33.0,1038.1623,-45547.29,1.73
3823,38.32,1010.7364,-35203.46,1.67
3824,52.04,1181.4952,-43618.81,1.55
3825,49.48,1045.508,-47446.37,1.35
3826,60.44,1008.1454,-53043.33,1.57
3827,42.04,996.187,-50975.98,1.67
3828,44.64,1032.0218,-47184.13,1.44
3829,46.6,1047.2189,-52127.49,1.49
3830,40.28,997.7832,-52847.92,1.37
3831,45.0,1030.9998,-49745.84,1.67
3832,43.88,1048.7212,-42077.82,1.41
3833,59.52,1025.9581,-49295.78,1.24
3834,58.76,1017.5883,-53213.07,1.38
3835,50.24,1100.3408,-52557.58,1.3
3836,56.12,1030.2294,-43724.12,1.1
3837,53.88,987.4932,-52870.28,1.43
3838,44.0,1125.6789,-50602.77,1.32
3839,59.72,1017.0525,-53564.56,1.35
3840,48.64,1076.1852,-38596.95,1.29
3841,50.72,1001.2966,-45086.38,1.18
3842,45.28,1012.0765,-53111.55,1.34
3843,43.76,1019.6364,-41295.37,2.78
3844,50.0,1023.4343,-49544.38,1.6
3845,59.28,1067.8288,-46057.54,1.39
3846,43.8,1049.0202,-43952.28,1.39
3847,43.08,999.973,-44944.34,1.5
3848,58.24,1054.5905,-51654.04,1.21
3849,49.6,1028.6079,-49500.06,1.26
3850,46.4,1011.46,-51096.19,1.34
3851,44.8,1061.4954,-51865.02,1.18
3852,55.48,1074.2819,-49584.4,1.39
3853,53.48,1036.5559,-61039.87,1.49
3854,42.48,1016.6026,-51206.4,1.15
3855,36.44,1018.5906,-41547.05,1.51
3856,51.52,1080.856,-47973.96,1.5
3857,59.32,1016.5231,-53024.26,1.35
3858,54.12,1040.9493,-47598.61,1.31
3859,60.88,985.0188,-44811.66,1.09
3860,46.8,1069.5992,-44105.5,1.13
3861,48.16,1083.1194,-46263.3,1.23
3862,50.32,1055.5817,-54929.92,1.1
3863,50.8,1026.5639,-51072.59,0.99
3864,57.0,1038.2056,-53695.31,1.44
3865,53.76,1029.8528,-41610.33,1.84
3866,43.12,1050.085,-45665.58,1.66
3867,49.88,1023.9496,-37654.36,1.48
3868,47.44,1067.1108,-51779.71,1.34
3869,36.8,1031.0353,-52978.12,1.58
3870,52.2,1045.4174,-43664.13,1.54
3871,48.68,1026.3282,-43493.03,1.42
3872,49.36,1007.5491,-47048.66,1.54
3873,50.96,1061.4591,-55645.6,1.48
3874,41.64,1074.5946,-42102.4,1.42
3875,55.08,1007.2827,-49066.26,1.46
3876,52.52,1031.3808,-45334.54,1.7
3877,51.76,1027.9353,-43664.1,1.48
3878,54.24,1012.9212,-53066.13,1.2
3879,53.12,1070.6118,-42150.79,1.6
3880,50.44,1007.5167,-39137.17,1.46
3881,50.56,1025.4825,-49411.6,1.49
3882,40.84,975.8199,-42646.63,1.58
3883,42.12,1013.5589,-45022.24,1.82
3884,48.0,1085.4809,-44424.06,1.25
3885,63.2,1017.4186,-41214.3,1.09
3886,50.36,1112.746,-50386.09,1.17
3887,41.64,980.4357,-46704.32,1.11
3888,33.36,1088.3051,-57871.64,1.18
3889,40.6,1032.0885,-51447.9,1.26
3890,44.08,1131.3077,-52521.42,1.14
3891,59.0,1059.4536,-56011.91,1.04
3892,49.56,1010.8395,-43010.8,1.1
3893,53.72,1067.0327,-47672.86,1.15
3894,53.76,1070.9184,-50000.5,1.19
3895,42.48,1017.0382,-43383.07,1.04
3896,33.8,1030.373,-49500.83,1.18
3897,50.6,1008.0584,-47071.24,1.35
3898,50.8,1023.3011,-49449.22,1.24
3899,49.24,1013.4583,-45139.63,1.19
3900,46.44,1041.8488,-49577.81,1.17
3901,57.72,1027.0891,-51373.15,1.4
3902,44.68,1010.4731,-41181.95,1.18
3903,47.8,1027.0226,-49250.0,1.46
3904,43.4,1042.131,-43493.75,1.32
3905,56.0,1028.0403,-47253.24,1.09
3906,54.48,1013.0358,-41451.6,1.22
3907,57.24,1000.0768,-51038.3,1.01
3908,40.0,1003.771,-44830.73,1.34
3909,42.0,1038.1932,-53525.41,1.13
3910,45.56,1061.3249,-38096.92,1.14
3911,47.0,1040.1498,-57318.52,1.18
3912,52.84,1039.5001,-51689.82,1.37
3913,50.96,1006.4028,-37272.96,1.32
3914,49.16,1055.9955,-49653.44,1.25
3915,41.28,1035.9802,-52957.41,1.35
3916,46.36,1028.1751,-49286.76,1.16
3917,55.4,1022.1042,-49290.94,1.15
3918,49.4,1014.0207,-45333.28,1.19
3919,55.36,1055.4012,-45914.86,1.27
3920,41.36,1042.9412,-45716.89,1.22
3921,39.84,1007.3026,-51144.89,1.41
3922,41.04,1002.4938,-49202.91,1.21
3923,51.68,1024.6426,-47234.82,1.36
3924,40.28,1064.8792,-38156.56,1.28
3925,60.44,1059.2706,-44147.25,1.35
3926,59.44,1042.8186,-43545.6,1.24
3927,32.2,1022.1974,-41530.95,1.68
3928,47.2,1075.1826,-48425.28,1.42
3929,44.4,1050.3439,-43930.25,1.25
3930,41.0,998.3856,-56828.24,1.16
3931,49.28,1037.3472,-53766.14,1.33
3932,47.36,1036.5302,-47613.54,1.32
3933,66.52,1016.7192,-51086.64,1.26
3934,56.96,1028.1792,-43364.69,1.25
3935,51.12,1023.1067,-47245.9,1.31
3936,57.36,1054.3981,-45985.57,1.31
3937,50.32,1039.381,-45598.8,1.24
3938,46.92,993.3469,-48842.91,1.24
3939,49.12,1055.6522,-59352.82,1.34
3940,51.52,1059.8902,-49908.28,1.23
3941,56.52,1073.9112,-59448.2,1.04
3942,44.56,1056.2958,-49875.02,1.45
3943,54.76,1065.4751,-52000.83,1.26
3944,46.24,1014.6358,-53275.7,1.34
3945,40.12,1010.2497,-45112.39,1.25
3946,52.44,1020.3113,-49185.67,1.24
3947,52.28,1024.1661,-49208.71,1.4
3948,51.64,1092.8098,-46156.66,1.27
3949,43.4,997.0019,-44827.64,1.32
3950,47.2,1045.5058,-44082.95,1.35
3951,47.04,1018.5641,-45289.62,1.29
3952,58.28,1030.3228,-45606.52,1.15
3953,52.08,1088.5957,-53999.21,1.44
3954,46.8,1015.4768,-43125.38,1.51
3955,54.48,1096.9816,-54090.46,1.12
3956,30.24,1091.6989,-51822.79,1.58
3957,46.08,1025.9721,-53042.17,1.3
3958,50.48,1078.0838,-54027.5,1.21
3959,47.84,1035.0641,-47571.45,1.32
3960,51.96,1031.9627,-45561.95,1.21
3961,50.24,1001.929,-43068.01,1.26
3962,49.0,1096.3761,-40724.53,1.35
3963,45.4,1066.8686,-40255.08,1.35
3964,45.6,1036.8603,-59044.86,1.63
3965,42.04,1019.2532,-49076.86,2.86
3966,44.4,1027.8676,-43285.71,1.21
3967,50.88,1069.9286,-54021.24,1.12
3968,52.0,1045.7171,-39922.7,1.14
3969,46.56,1040.1682,-37904.52,1.2
3970,61.48,1061.9302,-42263.93,1.59
3971,50.64,1014.8625,-51226.13,1.62
3972,50.36,1065.2474,-40369.14,1.54
3973,44.72,1057.8865,-47820.15,1.13
3974,41.24,1037.7135,-43489.13,1.28
3975,49.6,1071.0511,-49801.91,1.43
3976,50.56,1011.3287,-55151.53,1.36
3977,50.08,1059.5053,-57176.2,1.26
3978,57.8,1018.7755,-43278.05,1.18
3979,46.64,1025.8536,-43445.65,1.37
3980,52.0,1023.7718,-45307.63,1.53
3981,53.36,1036.8478,-57502.54,1.21
3982,48.64,1020.8196,-47083.88,0.99
3983,42.28,1041.3802,-47484.91,1.08
3984,50.52,1151.3629,-53000.98,1.2
3985,44.28,1018.0478,-47358.65,1.28
3986,48.2,1070.103,-47740.11,1.27
3987,48.64,1060.2268,-49890.36,1.15
3988,56.48,1024.0409,-37277.68,1.25
3989,43.68,1038.2993,-41828.91,1.16
3990,54.4,1004.5292,-44999.74,1.11
3991,49.56,1023.1851,-51194.67,1.23
3992,41.84,1047.6898,-43708.1,1.18
3993,55.92,1069.4041,-53609.12,1.26
3994,54.04,1051.7234,-53593.22,1.2
3995,53.68,1042.854,-41711.49,1.16
3996,48.88,1141.9738,-56351.66,1.32
3997,53.88,1018.619,-45200.57,1.15
3998,56.92,1044.2208,-59180.55,1.59
3999,45.92,1223.6565,-48379.93,1.66
4000,57.32,1082.7063,-59577.81,1.38
4001,43.44,1001.5809,-46984.81,1.49
4002,35.6,1032.8206,-37687.21,1.63
4003,48.04,1007.9896,-51300.83,1.51
4004,52.6,1019.9068,-45191.61,1.36
4005,41.36,1040.1487,-45467.39,1.87
4006,47.24,1009.1002,-49154.47,1.85
4007,55.76,1043.4156,-47788.59,1.42
4008,49.24,1071.7245,-47444.56,1.48
4009,51.92,1009.6091,-40977.04,1.68
4010,43.36,1038.8283,-41840.37,1.66
4011,55.68,1053.6309,-55527.59,1.23
4012,54.28,1043.2915,-49575.89,1.34
4013,33.12,1004.5858,-50842.68,1.49
4014,54.92,1106.3154,-49550.07,1.5
4015,46.4,996.6334,-52945.98,1.41
4016,57.12,1015.9226,-47173.45,1.58
4017,52.08,1055.6593,-48278.95,1.42
4018,56.68,1004.4956,-45297.92,1.51
4019,57.8,1025.8696,-49585.12,1.58
4020,41.68,1066.3903,-45959.09,1.56
4021,59.4,1041.8192,-51147.46,1.27
4022,44.0,1031.0728,-53295.91,1.59
4023,52.88,1024.8034,-47406.0,1.61
4024,37.52,1012.9269,-52965.17,1.38
4025,63.84,1040.9313,-45756.19,1.78
4026,45.48,1027.8714,-41412.11,1.65
4027,60.36,1017.3504,-51352.46,1.34
4028,63.04,1056.7563,-51589.25,1.45
4029,41.04,1029.8037,-55252.29,1.37
4030,37.08,1021.4512,-41627.43,1.61
4031,55.28,1019.7888,-53207.42,1.44
4032,47.24,1003.5535,-56963.28,1.41
4033,47.92,1026.4009,-43126.17,1.64
4034,52.12,1031.1546,-59438.31,1.63
4035,44.88,1031.6918,-41542.6,1.53
4036,47.88,1025.2685,-51504.4,1.49
4037,52.96,1014.7126,-47381.48,1.5
4038,42.84,1034.6642,-53206.57,1.58
4039,52.48,1023.9817,-47362.74,1.42
4040,49.08,1037.3983,-53632.1,1.4
4041,52.52,1020.0958,-51094.5,1.52
4042,45.84,1021.3225,-51479.19,1.41
4043,49.64,1008.7964,-39155.69,1.63
4044,48.4,1033.1842,-43713.65,1.77
4045,50.72,1022.5658,-39287.2,1.87
4046,56.56,1057.0395,-49705.15,1.2
4047,44.08,1041.2215,-45435.14,1.14
4048,46.68,1051.3368,-49532.79,1.15
4049,49.68,1015.2171,-45236.07,1.2
4050,49.12,1060.559,-44482.77,1.2
4051,60.68,1015.3171,-48979.57,1.12
4052,57.08,1069.6502,-38373.57,1.16
4053,45.84,1044.7962,-55400.49,1.08
4054,48.6,1062.0264,-47936.76,1.2
4055,45.0,999.8022,-51092.74,1.13
4056,35.48,1020.9577,-59218.33,1.35
4057,45.52,1036.7981,-45610.8,1.48
4058,51.28,1029.9254,-45545.06,1.16
4059,65.24,1080.1774,-48294.24,1.39
4060,52.08,1037.7732,-47569.44,1.39
4061,61.12,1014.2931,-56963.44,0.97
4062,43.64,994.6824,-38844.09,1.17
4063,49.56,1040.3859,-39439.78,1.18
4064,43.72,1049.327,-39476.58,1.15
4065,55.16,1014.8964,-41402.12,1.28
4066,55.28,997.6077,-45121.04,1.46
4067,43.28,1044.4336,-47792.42,1.3
4068,42.76,998.7294,-47001.83,1.06
4069,38.2,986.4813,-48685.28,1.16
4070,47.2,1048.5984,-39653.43,1.33
4071,50.48,1047.8136,-45926.11,1.21
4072,57.16,1063.4807,-48166.64,1.17
4073,42.16,1001.1218,-48869.06,1.08
4074,47.56,1030.2904,-49589.65,1.18
4075,42.88,1006.7247,-50907.32,1.13
4076,41.2,1015.2129,-49114.97,1.14
4077,59.64,994.2988,-56985.39,1.2
4078,48.84,1026.3239,-45323.61,1.27
4079,46.28,1088.5953,-53887.23,1.11
4080,53.92,1014.1911,-51142.19,1.06
4081,44.48,1010.3688,-53044.04,1.6
4082,46.6,1044.2203,-49549.0,1.36
4083,40.84,1022.913,-51287.78,1.14
4084,47.36,1014.9127,-53169.48,1.05
4085,41.36,1039.3912,-56979.32,1.21
4086,35.44,1004.3428,-41199.8,1.22
4087,41.52,1031.8508,-35640.33,1.3
4088,40.12,996.3189,-40940.17,1.4
4089,53.16,1028.7826,-50945.39,1.71
4090,55.52,1010.7696,-45297.83,1.56
4091,47.4,1014.5786,-47247.31,1.2
4092,41.8,1018.045,-39593.18,1.23
4093,46.24,1014.5178,-45268.53,1.21
4094,51.04,1030.454,-47725.26,1.24
4095,50.4,1103.085,-50112.84,1.22
4096,54.8,1048.4761,-49461.98,1.16
4097,38.08,993.319,-40908.1,1.2
4098,49.6,1042.6201,-45448.85,1.31
4099,54.72,1028.0405,-49540.5,1.13
4100,34.44,1021.6309,-61464.03,1.07
4101,55.44,1046.3016,-47454.84,1.4
4102,48.08,1012.4593,-55171.65,1.05
4103,60.8,1019.6262,-55111.5,1.21
4104,50.12,1079.01,-42381.62,1.51
4105,34.2,1031.5452,-51724.95,1.38
4106,55.16,1021.1921,-50936.15,1.14
4107,47.2,1032.8463,-49197.14,1.33
4108,45.36,1151.5878,-45500.07,1.18
4109,36.56,1000.6404,-53177.65,1.24
4110,46.28,1031.0056,-49134.39,1.13
4111,43.32,1049.4747,-50068.78,1.24
4112,57.4,1019.0844,-49450.85,1.28
4113,41.56,1025.562,-45531.44,1.31
4114,49.24,1053.3106,-52061.33,1.18
4115,23.12,1019.4111,-57033.62,1.28
4116,52.4,1047.0131,-45565.03,1.09
4117,42.2,1021.3368,-53035.49,1.03
4118,41.6,1054.8488,-51798.06,1.4
4119,39.68,1028.7368,-49296.16,1.14
4120,48.44,1019.5494,-53261.49,1.17
4121,58.4,1003.3366,-48996.51,1.1
4122,66.16,1043.1612,-49575.62,1.17
4123,50.52,1060.148,-40117.01,1.27
4124,55.6,1039.9228,-45660.3,1.17
4125,51.84,1025.471,-41512.3,1.18
4126,47.68,1024.5694,-53208.39,1.26
4127,49.4,1066.289,-47832.54,1.31
4128,47.0,1035.0776,-51586.82,1.21
4129,46.08,1048.851,-43559.93,1.21
4130,36.32,1059.0852,-55774.21,1.03
4131,41.32,1005.6943,-47125.24,1.28
4132,39.4,1014.2856,-51243.73,1.08
4133,41.08,1019.0377,-53224.64,1.37
4134,48.44,1019.5711,-47146.25,1.22
4135,51.52,1022.9563,-43497.59,1.33
4136,44.56,1070.7055,-49284.89,1.21
4137,53.84,1046.686,-45732.0,1.39
4138,42.32,1031.7266,-49647.97,1.1
4139,48.92,1029.8568,-41146.5,1.21
4140,49.8,1017.0656,-55180.43,1.08
4141,52.24,1039.6302,-45477.89,1.16
4142,49.32,1070.426,-41842.57,1.19
4143,49.16,1036.5575,-47455.33,1.16
4144,44.92,1028.3528,-47478.98,1.02
4145,48.16,1026.9912,-45182.02,1.16
4146,46.8,1042.7496,-57353.75,1.07
4147,50.2,1026.262,-39525.09,1.28
4148,52.64,1047.0356,-53828.9,1.21
4149,53.6,1020.4688,-43363.81,1.23
4150,55.08,1011.8152,-57132.98,1.39
4151,55.36,1021.4323,-49281.3,1.27
4152,31.28,1011.938,-59067.3,1.17
4153,45.12,1033.2838,-41648.58,1.2
4154,52.84,1014.1392,-43378.5,1.57
4155,43.96,1000.2796,-51051.22,1.3
4156,52.84,1061.611,-45752.51,1.59
4157,36.84,1006.8794,-49234.77,1.32
4158,51.16,1069.8593,-46210.29,1.66
4159,50.96,994.2574,-38830.48,1.36
4160,54.04,1024.3075,-51338.28,1.64
4161,46.64,1070.3239,-42276.99,1.56
4162,50.12,1064.7454,-42218.06,1.66
4163,52.44,1018.9444,-47397.61,1.75
4164,53.72,1036.6785,-45331.21,1.87
4165,59.04,1047.7872,-42165.9,1.91
4166,51.68,1034.6731,-49720.21,1.76
4167,61.56,1022.7132,-49135.71,1.75
4168,48.92,1057.0712,-51712.41,1.85
4169,37.8,1020.5068,-47429.05,1.65
4170,64.2,1019.381,-48969.16,1.69
4171,52.16,999.5818,-52999.57,1.52
4172,45.48,1026.7356,-49291.36,1.62
4173,50.64,1085.1046,-46456.45,1.39
4174,56.2,1019.65,-43391.96,1.4
4175,44.92,1015.4736,-47351.71,1.16
4176,48.04,1019.0354,-49248.62,1.17
4177,43.68,1037.062,-49241.85,1.27
4178,41.56,999.9167,-46677.68,1.47
4179,49.0,1034.2244,-45373.61,1.06
4180,30.44,1005.997,-42906.42,1.38
4181,51.48,1048.6572,-49899.49,1.26
4182,47.52,1058.8818,-53550.73,1.23
4183,45.52,1032.9546,-39857.1,1.2
4184,57.8,1040.0645,-51389.91,1.19
4185,36.48,1044.5388,-41923.46,1.26
4186,53.28,1021.1102,-39696.73,1.34
4187,51.04,1050.8287,-41574.67,1.27
4188,41.72,1075.3824,-49940.76,1.63
4189,45.6,1033.8762,-39861.28,1.51
4190,46.32,1038.715,-45584.31,1.33
4191,50.04,1005.3904,-43147.89,1.46
4192,49.4,1018.4272,-48923.15,1.47
4193,54.24,1029.7812,-49620.68,1.24
4194,38.52,1000.3148,-47142.26,1.82
4195,45.72,999.3022,-47041.8,1.3
4196,49.84,1006.2563,-59094.06,1.21
4197,55.24,1039.2112,-47742.25,1.38
4198,41.92,1018.1498,-43356.53,1.62
4199,45.44,1029.0146,-49376.14,1.45
4200,51.04,1037.5626,-45394.93,1.35
4201,51.16,1026.9617,-45401.66,1.32
4202,44.92,1045.6318,-45765.2,1.25
4203,57.76,1038.7474,-41841.18,1.18
4204,47.96,1065.1635,-47880.4,1.17
4205,49.24,1034.8726,-43628.18,1.39
4206,37.64,1033.8799,-51495.7,1.55
4207,45.6,1009.9834,-47206.19,1.74
4208,51.52,1100.6503,-55980.74,1.2
4209,53.08,1010.3571,-53129.17,1.27
4210,52.32,1050.3802,-49812.24,1.36
4211,41.76,1016.372,-47176.59,1.32
4212,45.0,1118.2485,-44848.72,1.11
4213,51.32,1016.7641,-51269.79,1.22
4214,42.52,1071.86,-53842.13,1.34
4215,52.52,1014.0362,-47416.07,1.3
4216,54.12,1021.3326,-47378.48,1.24
4217,55.56,1030.0251,-47352.3,1.25
4218,45.12,1094.7119,-44488.0,1.21
4219,50.76,1007.5738,-51150.02,1.36
4220,47.48,1004.5336,-44971.3,1.51
4221,42.64,1024.6564,-43640.39,1.39
4222,61.72,1177.4762,-49115.59,1.56
4223,55.32,1035.8904,-49646.64,2.19
4224,44.68,1022.3411,-43386.46,1.54
4225,48.12,1023.5656,-47160.74,1.24
4226,37.96,1061.0493,-42289.82,1.87
4227,43.4,1019.8395,-49132.48,2.11
4228,57.64,1043.4002,-43946.4,1.9
4229,58.32,1015.0702,-51313.32,1.63
4230,58.28,1047.3002,-49995.71,1.5
4231,64.84,1009.6247,-41327.25,1.62
4232,52.68,1042.2871,-55502.03,1.49
4233,46.48,1025.3037,-43558.09,1.56
4234,43.08,1065.6035,-45722.24,1.95
4235,49.92,1170.2829,-47523.77,1.32
4236,42.2,1031.6283,-45081.34,1.55
4237,51.28,1064.7558,-44500.82,1.55
4238,46.84,1041.2293,-51554.77,1.57
4239,40.92,1021.6284,-41459.17,1.29
4240,53.08,1011.741,-47258.81,1.29
4241,44.84,1020.1679,-57215.17,1.25
4242,40.64,1022.4603,-47483.35,1.09
4243,54.48,1030.776,-47281.65,1.12
4244,63.64,992.0116,-50876.98,1.29
4245,40.56,991.3004,-50872.81,1.09
4246,47.8,1003.9679,-49077.81,1.11
4247,48.64,1035.7434,-47783.54,1.12
4248,41.2,1087.0514,-48489.43,1.21
4249,56.4,1042.698,-43556.65,1.3
4250,60.2,1035.3696,-47254.31,1.27
4251,44.12,1088.1854,-50914.05,1.37
4252,39.12,1037.0544,-49197.28,1.17
4253,52.52,1050.731,-57347.46,1.09
4254,51.2,1001.1572,-51178.12,1.25
4255,42.04,1031.65,-47047.56,1.29
4256,50.24,1048.4772,-53049.19,1.06
4257,54.44,1208.0228,-49482.71,0.96
4258,51.4,1050.1894,-43919.58,1.21
4259,48.52,1027.9104,-49494.16,1.18
4260,58.48,1022.0775,-49358.81,1.29
4261,58.36,1038.8531,-34001.1,1.42
4262,47.6,1008.6143,-52998.63,1.26
4263,47.08,1030.1187,-47701.1,1.24
4264,53.08,1002.702,-45156.02,1.17
4265,42.44,998.9386,-50939.34,1.19
4266,51.68,1010.739,-45089.06,1.24
4267,49.64,1081.0364,-55888.16,1.15
4268,49.24,1024.5323,-47685.54,1.09
4269,51.36,995.625,-48962.6,0.99
4270,50.08,1050.933,-41470.03,1.17
4271,56.32,1058.1669,-51416.62,1.17
4272,50.56,1021.4558,-51393.57,1.16
4273,55.68,1055.871,-47511.78,1.24
4274,54.92,1013.2408,-46905.15,1.29
4275,44.16,1031.5246,-51231.6,1.14
4276,68.8,1156.8148,-52662.94,1.0
4277,49.72,1022.4136,-47316.13,1.12
4278,44.0,1035.7428,-53193.63,1.26
4279,57.88,1003.442,-49148.48,1.23
4280,38.04,1032.4083,-47369.8,1.26
4281,53.52,1023.0676,-47349.31,1.47
4282,55.44,1040.2723,-49047.13,1.27
4283,30.36,1030.3185,-55353.43,1.22
4284,48.8,1033.402,-53069.28,1.3
4285,34.8,1024.0064,-53403.99,1.27
4286,51.2,1090.1578,-44126.52,1.21
4287,39.24,998.4351,-38956.18,1.3
4288,48.64,1037.7092,-45609.12,1.28
4289,41.56,1062.1177,-49891.84,1.21
4290,41.0,1041.2176,-45861.11,1.36
4291,48.52,1053.1057,-41906.75,1.22
4292,43.36,1017.8039,-45048.52,1.33
4293,49.36,1020.8569,-47536.19,1.12
4294,38.64,1033.1944,-49355.86,1.22
4295,41.96,1011.8404,-47022.48,1.13
4296,47.32,1022.7306,-53153.31,1.25
4297,57.96,1036.7488,-43642.35,1.22
4298,38.0,1033.2274,-45520.33,1.07
4299,47.0,1014.9337,-49155.38,1.22
4300,51.68,1024.2458,-51602.48,1.19
4301,65.36,1027.7041,-51370.33,1.33
4302,49.44,1014.3128,-47241.71,1.19
4303,57.72,1012.5399,-49303.29,1.1
4304,40.72,1031.3252,-41527.26,1.29
4305,49.04,1111.4056,-51363.15,1.28
4306,48.84,1054.5928,-49351.53,1.46
4307,49.56,1012.7598,-45158.68,1.18
4308,51.8,1036.0183,-41526.84,1.49
4309,41.16,1028.8434,-39407.47,1.26
4310,46.92,1009.8104,-44951.39,1.28
4311,53.12,1033.3842,-45437.35,1.26
4312,51.12,997.191,-40808.84,1.42
4313,58.24,1046.2796,-45448.49,1.22
4314,39.76,1003.5291,-45045.95,1.25
4315,47.04,1109.791,-49296.38,1.29
4316,28.52,1031.0723,-53574.02,1.21
4317,47.8,1070.7042,-46478.39,1.22
4318,62.88,1034.3706,-53169.07,1.2
4319,39.76,1017.964,-49260.51,1.2
4320,55.2,1020.3011,-49079.59,1.32
4321,40.68,1026.6138,-47369.77,1.24
4322,51.0,1063.1805,-53541.74,1.17
4323,33.8,1060.1826,-53205.81,1.22
4324,56.88,1002.5222,-44931.41,1.26
4325,46.92,1021.3672,-51298.21,1.25
4326,53.08,1041.0681,-45901.23,1.32
4327,60.52,1035.8193,-45553.82,1.23
4328,42.6,1049.0595,-55592.77,1.06
4329,43.6,1010.2376,-39178.46,1.4
4330,41.24,979.3232,-46834.59,1.11
4331,43.84,1037.1975,-41517.65,1.34
4332,47.52,1043.5873,-49368.56,1.2
4333,49.32,1122.0294,-57947.98,0.98
4334,49.6,1019.4696,-39375.54,1.31
4335,48.56,1025.3578,-51365.93,1.15
4336,52.72,1073.8694,-51575.54,1.21
4337,47.36,1096.8936,-48086.41,1.27
4338,47.68,1136.6816,-45120.35,1.3
4339,58.8,1030.0205,-43412.9,1.34
4340,55.32,1100.4201,-54272.66,1.34
4341,45.12,1006.423,-35252.78,1.26
4342,55.24,1063.4123,-45709.87,1.9
4343,60.44,1016.248,-55123.94,1.64
4344,55.68,1032.527,-53515.36,1.16
4345,43.04,999.9328,-51007.62,1.61
4346,45.8,1008.8847,-49157.19,1.47
4347,41.32,998.5442,-44849.38,1.48
4348,35.88,1034.6821,-43898.92,1.39
4349,51.64,992.4987,-50821.72,1.64
4350,49.88,1020.1129,-41341.46,1.74
4351,48.96,1025.4046,-37669.05,1.75
4352,49.36,1081.2385,-45903.25,1.75
4353,55.88,1030.9455,-47699.07,1.6
4354,50.44,1052.8395,-55150.38,1.58
4355,40.28,1045.1955,-51343.62,1.7
4356,42.28,1008.4613,-51138.08,1.61
4357,55.76,1026.416,-45569.43,1.46
4358,52.92,1011.7145,-55227.63,1.61
4359,59.08,1024.8805,-49238.18,1.8
4360,46.92,997.3892,-43013.41,1.59
4361,47.88,1036.0062,-45481.09,1.66
4362,50.0,1033.0892,-45425.51,1.54
4363,56.92,1030.3628,-53067.89,1.56
4364,56.36,1024.6388,-41437.92,1.8
4365,46.84,997.9608,-46873.21,1.71
4366,40.76,1033.882,-33783.43,1.8
4367,41.6,1027.8037,-37717.99,1.62
4368,34.6,997.5304,-48929.21,1.7
4369,49.12,1036.0425,-47416.66,2.23
4370,52.12,1050.3796,-49538.72,1.59
4371,50.0,1046.8359,-45678.06,1.76
4372,52.72,1026.7124,-57134.6,1.58
4373,55.88,1060.6193,-42236.66,1.65
4374,48.32,1060.9966,-49675.16,1.61
4375,35.4,1026.5112,-45272.02,1.68
4376,49.68,1021.2081,-41562.74,1.77
4377,50.6,1032.0056,-49507.42,1.39
4378,47.24,1045.2763,-45613.81,2.08
4379,46.52,1015.5706,-41426.4,1.92
4380,41.48,1045.6339,-55118.01,2.08
4381,40.64,1019.1542,-42998.27,1.6
4382,45.2,1049.1395,-47525.31,1.67
4383,50.32,1017.152,-49425.26,1.89
4384,55.96,1044.8556,-45726.9,1.99
4385,45.56,1048.4173,-43595.95,2.16
4386,37.36,1049.9752,-49579.16,1.92
4387,37.52,1074.351,-54082.39,1.66
4388,38.24,1004.0569,-46881.78,1.78
4389,47.72,1054.2205,-55132.29,2.04
4390,43.16,1035.9072,-41549.95,1.93
4391,37.52,1051.9986,-47716.66,1.43
4392,54.16,1014.1599,-46980.78,1.66
4393,48.36,1026.4471,-45382.78,2.08
4394,58.0,1021.7244,-43382.11,1.88
4395,52.44,1034.9078,-47577.33,1.78
4396,43.16,1036.4927,-49494.63,1.6
4397,41.88,1050.2303,-47892.21,1.84
4398,52.4,1055.7973,-43915.04,1.67
4399,48.08,1015.0653,-58951.94,1.68
4400,41.68,995.2026,-41034.73,1.92
4401,51.0,991.1229,-46850.22,1.73
4402,50.48,1053.2456,-43451.15,1.9
4403,54.92,1071.4126,-47932.73,1.59
4404,50.36,1034.5204,-45265.61,1.95
4405,54.56,1066.5921,-42168.38,1.62
4406,38.36,1014.5012,-45205.86,1.91
4407,29.52,1001.7874,-51172.31,1.63
4408,53.84,1019.7658,-41235.06,1.16
4409,45.08,990.2908,-36843.96,1.31
4410,57.4,1054.9332,-47504.21,1.13
4411,47.2,1034.6412,-47542.68,1.12
4412,60.96,1089.1883,-49912.03,1.22
4413,41.84,990.7824,-50957.86,1.22
4414,49.52,1051.4248,-37785.72,1.65
4415,44.72,1029.4926,-37675.16,1.34
4416,41.0,992.3084,-36783.59,1.38
4417,42.08,1042.664,-51456.85,1.38
4418,50.8,1119.1792,-48619.98,1.26
4419,50.96,1097.202,-45715.22,1.41
4420,48.2,1041.8439,-45410.21,1.52
4421,53.56,1008.9062,-47203.56,1.33
4422,34.8,1002.0132,-51001.73,1.57
4423,42.36,1074.8748,-53951.66,1.31
4424,50.84,1026.9003,-43239.36,1.35
4425,36.56,1000.5155,-54992.68,1.37
4426,49.48,998.0681,-37057.92,1.32
4427,53.64,1025.7,-53035.45,1.21
4428,46.88,1016.6058,-53119.2,1.29
4429,53.64,1039.229,-47452.68,1.21
4430,42.92,1063.1609,-45949.25,1.38
4431,56.04,1054.763,-51593.7,1.38
4432,47.68,1025.339,-49217.25,1.51
4433,52.4,1049.7972,-45391.01,1.99
4434,52.08,1035.7444,-45278.36,1.94
4435,44.84,1033.4226,-45577.4,1.58
4436,45.52,1027.7843,-37377.14,1.68
4437,53.6,1013.273,-47131.92,1.5
4438,44.8,1003.8148,-48914.84,1.75
4439,55.44,1063.4741,-40233.68,2.15
4440,39.92,1057.147,-51801.73,1.78
4441,46.32,1053.3545,-43706.96,1.83
4442,49.88,1058.5816,-47652.39,1.76
4443,48.4,1018.7737,-47141.51,2.2
4444,36.36,1084.789,-48390.62,1.84
4445,49.44,1079.095,-50266.5,1.87
4446,46.8,1018.4742,-38952.05,1.95
4447,54.64,1063.0176,-42132.19,2.2
4448,52.0,1052.2261,-59436.66,1.66
4449,51.04,1044.2018,-47603.55,1.72
4450,42.32,1066.3627,-40265.64,1.85
4451,42.32,1013.8356,-51059.53,1.9
4452,53.32,998.0374,-52983.19,1.49
4453,52.76,1040.3156,-47466.06,1.75
4454,57.36,1035.888,-53552.78,2.05
4455,52.48,1076.152,-43295.22,1.9
4456,47.24,1049.8768,-55494.15,1.74
4457,55.8,1089.0605,-53957.53,1.49
4458,42.48,1034.3678,-47705.93,1.5
4459,42.08,1064.3348,-42273.7,1.68
4460,51.56,1045.4127,-52064.99,1.21
4461,40.8,999.8048,-51044.49,1.24
4462,54.84,1011.5466,-55336.4,1.07
4463,43.52,1029.7139,-51414.59,1.52
4464,43.6,1000.7708,-46946.2,1.51
4465,49.32,1034.6356,-45586.9,1.17
4466,52.32,1029.8917,-55283.3,1.28
4467,49.88,1085.9545,-48502.71,1.21
4468,54.68,1007.383,-47058.6,1.32
4469,49.16,1021.0139,-39396.44,1.36
4470,37.36,1010.3916,-51168.23,1.32
4471,35.96,1027.9171,-51527.14,1.28
4472,55.0,1036.2303,-45585.26,1.39
4473,58.0,1014.7569,-51241.18,1.25
4474,49.68,1046.4386,-47668.29,1.35
4475,59.12,999.4455,-57048.9,1.38
4476,57.08,1016.1497,-53153.21,1.26
4477,33.16,982.0755,-44700.8,1.23
4478,43.6,1001.8499,-47119.12,1.28
4479,46.36,1053.5374,-42172.92,1.29
4480,52.2,1073.6882,-46020.62,1.21
4481,49.08,1034.5966,-47435.6,1.41
4482,67.64,1008.4629,-52966.18,1.29
4483,57.4,1006.7968,-57101.18,1.39
4484,45.72,1024.6732,-53410.96,0.97
4485,39.08,1046.335,-46205.08,1.33
4486,50.88,1021.8628,-47482.27,1.34
4487,32.2,1024.3002,-49692.39,1.4
4488,47.28,1043.0428,-43812.52,1.18
4489,48.96,1003.9308,-44776.57,1.46
4490,52.68,1027.079,-53664.79,1.31
4491,47.72,1007.5918,-50804.89,1.11
4492,40.72,1022.6908,-53104.79,1.22
4493,49.28,1032.0369,-51577.72,1.25
4494,45.36,1037.1566,-47530.67,1.38
4495,56.72,1092.2359,-54303.01,1.22
4496,57.68,1088.0868,-54021.69,1.29
4497,57.6,1085.2584,-60143.22,1.17
4498,44.56,1050.1982,-57563.16,1.23
4499,53.6,1045.562,-45735.23,1.25
4500,40.28,1027.0804,-49269.93,1.51
4501,53.64,1047.9698,-41865.38,1.42
4502,47.24,1063.3309,-53653.0,1.24
4503,43.32,1000.5144,-52786.47,1.19
4504,52.8,1008.6856,-43190.35,1.28
4505,49.84,1111.8032,-44502.64,1.42
4506,54.04,1025.1086,-53351.22,1.32
4507,58.08,1006.4754,-39143.96,1.26
4508,34.0,1022.9894,-45355.39,1.2
4509,42.64,1042.6153,-47591.05,1.27
4510,51.32,1028.4922,-49005.14,1.23
4511,50.56,1012.806,-43152.4,1.39
4512,49.44,1093.8971,-50638.99,1.3
4513,45.6,1006.0573,-55163.43,1.1
4514,51.08,1000.7815,-42978.4,1.24
4515,38.2,1106.3751,-49941.09,1.19
4516,50.24,1055.3322,-49376.05,1.21
4517,39.52,1038.8998,-41707.83,1.27
4518,43.36,1045.745,-51507.9,1.3
4519,41.76,1052.1446,-49701.67,1.14
4520,57.28,993.8004,-38988.92,1.43
4521,56.4,1061.2243,-53677.98,1.24
4522,53.36,1054.9867,-47918.28,1.28
4523,38.36,1021.3008,-41589.76,1.34
4524,36.56,1006.2619,-41132.79,1.46
4525,45.64,1006.4509,-49277.21,1.2
4526,49.88,1061.047,-41666.44,1.42
4527,45.68,1092.3183,-49769.66,1.36
4528,49.72,1034.3225,-49665.28,1.3
4529,54.96,1026.0302,-47427.45,1.15
4530,58.52,1048.8858,-49738.87,1.41
4531,32.92,1037.5587,-45718.08,1.53
4532,47.48,1037.8195,-57478.06,1.46
4533,45.28,1132.3425,-54130.83,1.33
4534,43.12,1033.805,-47769.92,1.35
4535,60.2,1070.7705,-41786.67,1.37
4536,47.84,1010.5991,-41188.65,1.4
4537,59.76,1062.5145,-43791.41,1.22
4538,43.4,1053.7157,-45881.74,1.25
4539,47.0,1021.8914,-55109.85,1.23
4540,50.0,1023.3078,-51447.06,1.33
4541,62.44,1013.4841,-52914.08,1.51
4542,45.12,1081.1909,-49720.11,1.39
4543,46.44,1041.0452,-39901.61,1.54
4544,46.64,1024.4522,-47597.17,1.39
4545,56.6,1023.2193,-39410.87,1.22
4546,58.32,1044.6186,-55474.87,1.25
4547,44.0,1003.9732,-45118.3,1.38
4548,51.72,1005.9372,-49036.91,1.22
4549,48.04,1005.3934,-55246.27,1.24
4550,60.04,1035.025,-49475.06,1.55
4551,44.84,1019.745,-43431.14,1.91
4552,60.12,995.807,-44940.36,1.51
4553,48.76,1036.6379,-45854.93,1.32
4554,46.48,1040.8748,-45609.34,1.32
4555,49.88,1028.61,-47225.77,1.21
4556,40.36,1024.9946,-37395.46,1.4
4557,31.0,1003.9473,-49270.64,1.33
4558,38.16,1001.5964,-45084.87,1.61
4559,42.0,1028.0975,-49558.21,1.34
4560,42.24,1016.5652,-55286.96,1.17
4561,40.96,1041.1418,-45553.39,1.6
4562,46.84,1042.5943,-49493.97,1.34
4563,42.04,1061.9194,-47565.39,1.16
4564,58.2,1006.9804,-54866.08,1.29
4565,59.56,1015.0766,-55382.5,1.32
4566,49.48,1098.409,-36733.41,1.4
4567,39.2,1040.0063,-49393.25,1.19
4568,57.2,1084.4004,-49788.54,1.17
4569,56.12,1064.711,-45692.98,1.37
4570,39.72,1012.7792,-55074.04,1.33
4571,27.44,1074.6723,-51854.4,1.28
4572,48.52,1024.08,-52858.15,1.33
4573,50.32,1027.5092,-45849.47,1.49
4574,41.8,1000.5524,-46960.61,1.29
4575,49.56,1110.4491,-43386.37,1.28
4576,53.08,1032.0758,-43297.79,1.78
4577,49.8,1016.1128,-45376.58,1.29
4578,44.76,1035.1648,-47705.25,1.18
4579,54.6,1051.003,-51833.04,1.36
4580,52.56,1045.3482,-47688.65,2.19
4581,54.52,1038.1456,-45841.4,1.47
4582,50.36,1017.1347,-51234.89,1.19
4583,46.04,1037.2396,-41780.81,1.19
4584,60.04,994.3646,-52943.52,1.27
4585,56.36,1011.3896,-47442.22,1.59
4586,36.08,991.2932,-42898.96,1.41
4587,54.36,1068.3394,-51647.39,1.18
4588,45.92,991.1538,-44922.73,1.53
4589,47.6,1042.5796,-47437.52,1.31
4590,51.32,1011.4173,-49269.61,1.22
4591,49.8,1056.4829,-51854.26,1.32
4592,55.76,1029.0839,-51559.03,1.07
4593,45.16,1042.8686,-47346.5,1.33
4594,52.72,1093.6468,-50391.45,1.32
4595,35.0,1026.9454,-47475.24,1.05
4596,59.64,1026.3206,-53252.51,1.09
4597,42.48,985.1981,-44863.78,1.17
4598,45.96,1034.1702,-45603.34,1.17
4599,41.8,1058.5276,-49782.53,1.02
4600,41.04,1026.5729,-51296.72,1.13
4601,47.68,1034.2209,-41460.65,1.43
4602,38.48,1018.8571,-52937.61,1.17
4603,47.64,1020.9091,-47034.16,1.29
4604,56.0,1062.9414,-49665.78,1.35
4605,34.0,996.0143,-48979.76,1.18
4606,52.08,1021.5837,-43377.53,1.27
4607,48.48,1021.3407,-53436.15,1.07
4608,46.92,1033.4442,-51344.28,1.18
4609,47.64,1016.2002,-47127.73,1.29
4610,61.4,1032.9118,-49643.34,1.24
4611,48.6,1021.4338,-47151.24,1.34
4612,38.72,1033.5712,-53508.33,1.01
4613,45.48,1016.719,-49427.49,1.17
4614,48.76,1003.5286,-40944.43,1.1
4615,39.4,1015.8182,-43395.52,1.14
4616,47.16,1033.337,-45437.69,1.23
4617,51.72,1037.9767,-45553.17,1.03
4618,51.76,1032.6723,-55130.55,1.74
4619,48.2,1019.7966,-49211.47,1.2
4620,52.64,1023.8248,-43356.42,1.22
4621,58.92,1061.8087,-47960.89,1.12
4622,42.48,1027.8883,-45349.67,1.22
4623,53.28,1002.817,-50917.41,1.11
4624,36.44,993.3785,-48902.97,1.4
4625,47.36,1086.0742,-49669.27,1.2
4626,32.44,1061.3848,-47804.4,1.15
4627,38.44,1117.8342,-52591.83,1.2
4628,46.2,1056.9213,-47817.42,1.16
4629,60.4,1046.7832,-40073.61,1.27
4630,57.48,1029.3806,-41518.24,1.15
4631,50.64,1034.7446,-49443.01,1.13
4632,54.08,1026.101,-45393.0,1.07
4633,43.88,1022.0119,-47168.11,1.12
4634,45.52,1040.0724,-43813.19,1.38
4635,46.72,1013.4868,-47181.69,1.26
4636,56.2,1131.4316,-39427.42,1.31
4637,40.4,1017.58,-39372.15,1.22
4638,52.8,995.8014,-44888.72,1.51
4639,38.52,1044.1859,-45404.72,1.29
4640,44.96,1005.9931,-37238.81,1.29
4641,35.76,1030.8275,-43249.54,1.1
4642,48.2,1109.5099,-48221.73,1.07
4643,57.0,1052.3911,-29960.65,1.16
4644,42.64,1067.0575,-39929.77,1.14
4645,44.84,1053.3751,-41978.49,1.21
4646,43.68,1043.8454,-49788.46,1.14
4647,37.84,1047.3364,-43874.4,1.12
4648,51.32,1028.1404,-49249.93,1.19
4649,51.44,1080.1924,-50116.5,1.13
4650,45.96,1024.3553,-45427.87,1.24
4651,43.12,1009.6991,-49335.53,1.14
4652,57.44,996.7442,-46886.51,1.23
4653,59.24,1035.8386,-41519.56,1.37
4654,44.92,1034.7322,-49635.45,1.25
4655,44.32,1023.2871,-57079.12,1.19
4656,40.4,994.5165,-40950.37,1.1
4657,43.72,1025.3469,-47268.32,1.2
4658,41.84,1034.3436,-51501.16,1.3
4659,49.88,999.7394,-37082.1,1.45
4660,38.92,1006.2446,-42898.98,1.26
4661,51.8,1010.2809,-37158.08,1.28
4662,37.36,1032.6647,-43613.58,1.22
4663,43.64,1048.793,-45425.51,1.19
4664,63.12,1081.7978,-50368.52,1.37
4665,46.16,997.2727,-48820.04,1.72
4666,47.04,1050.1424,-41905.46,1.41
4667,45.32,1037.4004,-47772.0,1.44
4668,44.44,1070.5482,-47769.89,1.44
4669,49.2,1053.4635,-51521.06,1.31
4670,51.2,1094.6792,-55749.41,1.24
4671,49.4,1018.4389,-53097.2,1.18
4672,40.92,1073.2902,-44466.58,1.22
4673,52.24,1081.9029,-45932.16,1.39
4674,54.56,1054.0446,-49513.6,1.37
4675,59.6,1063.0913,-42251.87,1.35
4676,47.96,1048.0232,-53554.29,1.38
4677,45.56,1112.1602,-50694.58,1.16
4678,52.12,1035.3643,-45533.56,1.1
4679,47.56,1060.7857,-49343.98,1.12
4680,37.84,1035.867,-41756.2,1.21
4681,44.52,1038.6438,-45628.55,1.19
4682,44.72,1034.4489,-41450.7,1.14
4683,43.76,1043.2649,-47440.1,1.34
4684,39.08,1004.1902,-47025.87,1.07
4685,51.0,1024.4384,-45395.33,1.12
4686,50.08,1028.6679,-45610.63,1.47
4687,44.96,1051.0334,-49627.46,1.07
4688,55.12,1006.3166,-47247.88,1.46
4689,47.08,1019.6703,-47167.75,1.19
4690,45.76,997.52,-49077.09,1.15
4691,59.32,1054.7333,-55806.68,1.3
4692,51.12,1030.1152,-57014.21,1.31
4693,46.08,1020.6962,-51337.74,1.17
4694,55.32,1022.4062,-49237.36,1.19
4695,47.12,1050.4045,-49471.43,1.29
4696,60.12,998.7026,-48957.56,1.14
4697,62.04,1012.4315,-43083.1,1.24
4698,40.44,1054.3843,-45689.64,1.63
4699,42.48,1039.8472,-45389.93,1.18
4700,40.76,1019.6056,-49550.29,1.29
4701,62.6,994.777,-48874.73,1.27
4702,46.92,1040.684,-57659.23,1.46
4703,43.16,1005.3542,-47145.1,1.07
4704,42.52,1031.6174,-55728.39,1.17
4705,35.24,971.978,-46573.62,1.17
4706,54.0,1016.4154,-49213.46,1.08
4707,48.12,1072.5711,-54240.97,1.15
4708,49.8,1027.5969,-53454.44,1.3
4709,44.76,1046.6939,-45656.02,1.38
4710,49.6,1026.6647,-49553.01,1.11
4711,57.4,1066.2804,-42417.59,1.33
4712,45.64,1024.5712,-55636.02,1.44
4713,39.4,1040.6543,-43652.46,1.37
4714,37.44,1059.8212,-55640.21,1.31
4715,37.92,1010.7637,-47122.67,1.87
4716,44.72,1074.8961,-45860.43,2.42
4717,35.4,1007.3488,-49093.17,2.94
4718,33.76,1043.841,-57392.3,2.79
4719,42.44,1049.9252,-45861.96,1.66
4720,46.0,1038.6843,-43592.27,2.42
4721,50.68,1025.1527,-49221.47,1.89
4722,41.4,1018.7884,-49079.41,1.75
4723,47.28,1018.3328,-47114.8,1.71
4724,38.76,1026.4577,-37741.73,1.97
4725,38.36,1094.905,-50120.59,1.35
4726,50.92,1017.8939,-51105.58,1.44
4727,57.56,1005.5032,-45198.99,1.34
4728,53.92,1043.3027,-55556.54,1.64
4729,34.08,1047.5636,-49316.8,1.33
4730,53.44,1044.9794,-43824.97,1.26
4731,32.68,1031.2792,-41448.84,2.06
4732,34.0,988.2994,-40812.13,1.5
4733,53.2,1044.0558,-51426.24,1.43
4734,43.48,1039.1714,-49763.33,1.65
4735,30.84,1005.7538,-47123.08,1.56
4736,54.04,1021.3182,-47016.0,1.49
4737,50.12,1006.9714,-49176.5,1.32
4738,57.52,1268.9908,-54027.75,1.6
4739,58.72,1039.9096,-53202.22,1.23
4740,58.52,1000.7032,-43105.86,1.39
4741,52.96,1023.678,-51068.33,1.3
4742,47.64,1068.0179,-49597.94,1.17
4743,24.32,1021.4971,-52899.25,1.1
4744,51.8,1048.3152,-37830.98,1.57
4745,50.68,1010.7864,-47057.54,1.23
4746,54.72,1057.8823,-49746.49,1.41
4747,46.68,1020.7737,-49130.17,1.69
4748,31.84,1016.9801,-57121.41,1.46
4749,41.72,1047.6416,-53828.12,1.31
4750,52.92,1014.9238,-49097.18,1.3
4751,33.52,1020.916,-43475.32,1.13
4752,35.72,1013.5665,-49067.72,1.12
4753,43.44,1016.8354,-47059.8,1.09
4754,41.6,1049.742,-53510.0,1.24
4755,44.16,999.0104,-49130.44,1.18
4756,49.12,978.7561,-52779.76,1.2
4757,46.88,1028.4834,-41582.27,1.24
4758,41.56,1015.0182,-45260.28,1.3
4759,40.96,1008.6183,-45155.89,1.52
4760,44.48,1048.8022,-43508.55,1.32
4761,58.84,1035.781,-47664.07,1.38
4762,52.28,993.7064,-40917.72,1.54
4763,46.36,1023.7568,-47073.2,1.54
4764,46.84,1029.8854,-47462.82,1.31
4765,49.48,1021.4634,-55200.5,1.42
4766,45.36,1044.107,-49494.74,1.72
4767,53.72,1040.7149,-43832.61,1.42
4768,52.72,1026.3036,-41493.38,1.69
4769,55.28,1220.5092,-57310.25,1.49
4770,55.44,1004.2869,-51094.97,1.27
4771,52.64,1008.0951,-47148.1,1.29
4772,56.12,1014.866,-42891.17,1.5
4773,36.4,1039.8876,-51304.91,1.68
4774,51.4,1048.5921,-49935.49,1.33
4775,54.36,1092.4577,-48142.2,1.31
4776,48.32,1021.4404,-44928.67,1.56
4777,54.12,1048.608,-49685.96,1.47
4778,50.8,1079.8426,-55392.04,1.5
4779,61.84,1023.1819,-47468.77,1.31
4780,57.32,1058.2744,-41979.72,1.17
4781,56.6,1042.4938,-41517.32,1.23
4782,52.24,1051.3692,-38227.94,1.23
4783,39.24,1035.0501,-49612.79,1.28
4784,51.12,997.4418,-42920.01,1.34
4785,60.16,984.4175,-54885.03,0.98
4786,46.36,1052.8371,-57662.65,1.25
4787,56.24,1034.9637,-53097.42,1.23
4788,48.44,1142.8713,-47594.23,1.32
4789,43.0,1015.5116,-41278.06,1.29
4790,57.12,1054.3118,-49897.89,1.2
4791,49.68,1020.9073,-41145.41,1.2
4792,39.36,1093.3788,-49489.48,1.13
4793,53.28,1060.1916,-49233.31,1.36
4794,44.84,1044.5782,-41424.59,1.24
4795,48.76,1029.9093,-49531.15,1.38
4796,49.56,1004.0896,-53291.26,1.39
4797,35.92,1019.7263,-45169.69,1.24
4798,41.16,1006.5642,-43199.79,1.46
4799,45.16,1057.2194,-47804.19,1.46
4800,47.84,1025.6957,-41599.63,1.23
4801,41.0,1017.6173,-41008.73,1.21
4802,42.48,1043.5443,-41711.26,1.38
4803,43.8,1025.2433,-53275.42,1.3
4804,53.0,1025.7867,-55205.36,1.38
4805,53.84,1016.4737,-43317.2,1.19
4806,42.68,1037.5002,-39383.22,1.29
4807,44.76,1077.3871,-59453.23,1.13
4808,26.32,1010.1038,-50965.75,1.14
4809,60.52,1042.3677,-45537.74,1.23
4810,43.2,1008.4328,-65122.93,0.95
4811,53.64,1044.3495,-49582.44,1.31
4812,55.4,1024.7078,-43330.48,1.23
4813,49.36,1041.4042,-47538.58,1.2
4814,47.32,1024.2156,-53282.79,1.28
4815,47.08,1014.1108,-45206.81,1.33
4816,49.56,1105.3552,-48153.56,1.3
4817,44.2,1023.5293,-47524.04,1.3
4818,43.52,1037.7753,-41824.32,1.46
4819,38.8,1015.3199,-47127.26,1.32
4820,59.04,1146.1713,-43128.18,1.39
4821,54.16,1018.4346,-51280.77,1.2
4822,53.36,1092.8583,-55607.27,1.19
4823,57.72,1037.0437,-49542.01,1.16
4824,46.84,1047.4754,-49692.24,1.28
4825,53.96,1031.4045,-41582.24,1.34
4826,56.32,1043.0923,-41954.62,1.42
4827,61.0,1042.0183,-49610.34,1.16
4828,35.48,999.5678,-42930.45,1.22
4829,40.0,1021.9188,-41312.9,1.26
4830,37.4,1006.8104,-45236.36,1.27
4831,31.8,1049.4962,-53656.26,1.23
4832,51.8,1036.875,-49248.13,1.19
4833,58.0,1033.9321,-49391.93,1.32
4834,41.44,1007.2308,-45092.05,1.23
4835,47.12,1024.9184,-43597.82,1.34
4836,50.24,1007.4992,-42858.36,1.25
4837,56.36,1026.0562,-43400.42,1.23
4838,46.84,1077.8448,-46259.95,1.55
4839,60.16,1077.6499,-55653.13,1.15
4840,43.56,1033.374,-47392.05,1.13
4841,35.16,1049.5897,-45580.26,1.45
4842,49.12,1020.9548,-47373.86,1.52
4843,53.4,1048.4967,-47739.55,1.16
4844,38.28,1024.1004,-47381.03,1.16
4845,65.48,1035.8919,-45232.96,1.2
4846,40.88,1092.3245,-40636.35,1.41
4847,40.84,1033.4048,-51593.72,1.38
4848,59.0,1008.9418,-51148.47,1.08
4849,64.16,1007.6737,-41115.41,1.21
4850,34.52,997.923,-49161.37,1.21
4851,43.56,1074.5532,-51845.59,1.26
4852,45.36,1015.4893,-51142.97,1.34
4853,50.28,1233.1445,-51831.22,1.24
4854,42.6,1132.5319,-61641.36,1.16
4855,40.48,1052.3028,-47205.62,1.44
4856,53.6,996.3979,-40737.81,1.29
4857,52.16,1018.3604,-47114.65,1.28
4858,44.32,1030.1718,-45526.41,1.24
4859,51.8,1099.5062,-56263.16,1.11
4860,59.12,1061.1594,-45715.66,1.25
4861,56.28,1049.9849,-43918.15,1.27
4862,46.12,1030.3266,-48878.77,1.25
4863,46.92,1042.2438,-53436.62,1.3
4864,37.4,983.1567,-50748.58,1.19
4865,47.6,1020.5949,-43457.64,1.44
4866,45.64,1070.4432,-55700.35,1.18
4867,48.16,1033.0293,-49464.75,1.33
4868,42.52,1015.759,-41417.62,1.49
4869,45.24,1042.6199,-43853.57,1.55
4870,45.2,1042.5461,-45681.08,1.7
4871,45.04,1004.8933,-56968.47,1.32
4872,52.32,1066.1548,-45986.58,1.52
4873,48.4,1022.3372,-45624.43,1.56
4874,35.04,1027.5807,-53252.98,1.62
4875,56.2,1008.729,-51319.16,1.67
4876,44.92,1019.6611,-49146.61,1.47
4877,54.88,1038.3404,-41868.54,1.56
4878,51.8,1011.305,-49005.2,1.58
4879,36.44,1040.242,-45773.56,1.43
4880,47.48,1029.8653,-57355.21,1.2
4881,39.32,1024.7004,-47454.16,1.26
4882,34.6,1008.71,-47042.22,1.24
4883,50.64,1011.1406,-45206.49,1.21
4884,50.28,1036.6812,-41667.83,1.24
4885,39.8,999.1652,-52983.71,1.21
4886,48.84,1006.0822,-48958.02,1.44
4887,47.2,1053.045,-51340.31,1.1
4888,43.36,1039.098,-45605.45,1.28
4889,55.56,1042.5585,-47657.93,1.11
4890,54.36,1013.3535,-55177.83,1.2
4891,48.36,1038.1442,-51463.68,1.17
4892,55.28,1010.5794,-51135.64,1.26
4893,43.96,1027.2065,-45504.02,1.24
4894,50.92,1028.1555,-47510.06,1.26
4895,45.96,1020.2874,-41137.42,1.13
4896,49.32,1020.9574,-51178.9,1.26
4897,54.2,1018.5842,-45384.6,1.28
4898,51.6,1013.325,-39303.78,1.61
4899,42.56,1039.9728,-49333.49,1.41
4900,51.56,1010.0528,-37162.37,1.31
4901,56.92,1013.4791,-53031.73,1.23
4902,52.8,1036.0487,-47530.32,1.19
4903,58.48,1043.3,-53434.9,1.28
4904,50.08,1034.3374,-51615.9,1.2
4905,48.68,1125.0308,-48237.96,1.1
4906,48.28,1068.9636,-51983.44,1.36
4907,46.28,1055.1426,-55418.75,1.06
4908,51.76,1056.2948,-51648.26,1.22
4909,61.6,1011.1416,-43135.37,1.33
4910,48.04,1060.5244,-52153.23,1.3
4911,49.0,1022.7299,-35536.99,1.27
4912,49.44,1079.3932,-48179.76,1.1
4913,45.56,1014.1561,-43369.25,1.15
4914,43.64,1020.1645,-39285.87,1.21
4915,48.2,1041.5661,-47484.02,1.11
4916,54.44,1040.3334,-55578.81,1.23
4917,47.92,1041.8196,-45469.42,1.06
4918,51.08,1038.7704,-47770.03,1.2
4919,43.6,998.2294,-41198.42,1.12
4920,45.92,1072.5334,-48129.45,1.21
4921,53.72,1029.8646,-55588.54,1.15
4922,49.76,1019.0403,-57294.39,1.42
4923,53.88,1049.2889,-45764.78,1.26
4924,54.08,1037.7777,-45551.99,1.04
4925,45.16,1008.9072,-45217.75,1.11
4926,54.72,1100.5157,-53988.68,1.13
4927,48.32,1025.0535,-49382.69,1.11
4928,59.36,1023.8406,-49340.75,1.3
4929,50.32,1013.3098,-47038.96,1.21
4930,45.48,1061.6828,-57596.71,1.14
4931,38.08,1035.7818,-51608.18,1.11
4932,40.2,1012.9368,-41159.42,1.2
4933,42.4,1011.6772,-37313.07,1.4
4934,38.76,1032.1285,-53289.42,1.2
4935,53.2,1017.017,-43377.2,1.26
4936,48.12,1043.1755,-51190.48,1.26
4937,45.8,1013.3671,-41263.52,1.19
4938,50.0,1048.5964,-39600.41,1.17
4939,42.52,1016.5836,-51385.34,1.06
4940,44.48,1045.3649,-49312.29,1.26
4941,42.36,1030.1121,-41492.25,1.3
4942,50.08,1035.2154,-49310.16,1.09
4943,31.2,1008.8008,-43207.92,1.27
4944,52.56,1034.514,-45806.41,1.27
4945,49.56,1028.5842,-47349.39,1.17
4946,53.04,1070.583,-42588.79,1.14
4947,37.36,1023.8362,-37383.68,1.21
4948,40.56,1014.2118,-53191.4,1.17
4949,57.64,1019.654,-45393.53,1.43
4950,41.64,1020.7164,-53108.64,1.14
4951,50.64,1087.5372,-48259.38,1.25
4952,53.88,986.6786,-52841.08,1.57
4953,48.52,1045.1712,-45760.08,1.24
4954,48.0,1047.8822,-51272.86,1.32
4955,55.04,1050.6063,-47621.85,1.44
4956,47.88,1049.6173,-47669.97,1.38
4957,35.12,1036.8788,-53514.9,1.04
4958,48.12,978.0246,-54757.88,1.29
4959,50.2,1031.3548,-47357.1,1.21
4960,48.12,1031.0419,-45579.44,1.37
4961,51.4,1052.3236,-38119.74,1.27
4962,55.36,1071.6851,-53462.74,1.11
4963,48.08,1001.664,-46879.85,1.33
4964,36.6,1035.7156,-35825.9,1.27
4965,43.96,1004.9251,-53058.55,1.24
4966,44.84,1100.2511,-44680.68,1.45
4967,48.36,1042.8162,-51326.98,1.16
4968,49.2,1042.0953,-53254.29,1.22
4969,53.12,1016.2506,-43491.41,1.28
4970,34.84,1046.8685,-45699.5,1.48
4971,48.48,987.9526,-42813.23,1.33
4972,51.0,1140.989,-50651.39,1.18
4973,34.64,1036.4012,-45490.33,1.42
4974,38.64,1034.6056,-49207.13,2.04
4975,35.68,1020.0479,-49185.47,1.44
4976,59.4,1015.613,-47292.7,1.52
4977,46.32,1022.5528,-49248.33,1.43
4978,44.28,1111.6057,-48496.09,1.25
4979,44.32,1014.5294,-47430.83,1.25
4980,47.2,1026.9938,-51404.68,1.18
4981,38.88,1041.2148,-45601.54,1.19
4982,52.12,1039.6806,-51490.72,1.16
4983,37.12,1023.5388,-51331.94,1.21
4984,49.24,1041.7812,-55282.35,1.11
4985,53.84,1012.3119,-41243.64,1.39
4986,29.36,995.8029,-52897.45,1.52
4987,59.8,1027.6453,-53145.75,1.38
4988,58.28,1044.5354,-49421.16,1.44
4989,26.2,1015.683,-47266.68,1.24
4990,44.04,1087.8696,-48206.93,1.35
4991,50.64,1055.7042,-40100.28,1.33
4992,43.88,1032.1276,-37567.59,1.18
4993,48.76,1059.7015,-45565.4,1.36
4994,47.6,1014.8989,-49145.76,1.08
4995,32.48,996.3253,-44938.28,1.19
4996,56.72,1058.4467,-49421.01,1.13
4997,55.76,1057.3804,-39992.07,1.18
4998,50.04,1024.2882,-51466.3,1.26
4999,50.08,1063.3065,-53794.08,1.11
5000,37.4,1038.2796,-43797.26,1.55
5001,52.6,1064.3909,-43823.24,1.4
5002,56.12,1049.2192,-43996.28,1.24
5003,49.32,1090.8876,-50305.1,1.2
5004,49.84,1045.8417,-47509.18,1.22
5005,54.68,1100.3944,-49802.72,1.21
5006,48.0,1053.412,-49819.03,1.27
5007,33.44,1023.066,-56911.8,1.29
5008,54.44,1009.9123,-55121.33,1.15
5009,45.72,1012.6316,-48957.23,1.28
5010,47.0,1039.6523,-41635.2,1.32
5011,58.36,1057.3446,-39798.4,1.26
5012,48.84,1076.6875,-46323.38,1.39
5013,50.6,1067.6105,-53568.47,1.24
5014,44.92,1016.223,-44954.5,1.22
5015,41.12,1085.2742,-52010.84,1.18
5016,36.56,1066.8925,-45720.09,1.25
5017,47.76,1032.9442,-45504.55,1.32
5018,63.2,1030.9769,-47577.38,1.25
5019,29.84,993.4128,-48904.12,1.41
5020,44.8,1022.3758,-45303.17,1.1
5021,35.6,1033.831,-37770.42,1.22
5022,43.28,1033.0643,-49134.16,1.39
5023,53.04,1009.1638,-55056.28,1.14
5024,37.88,1060.0342,-53401.39,1.26
5025,60.48,1008.6296,-45275.03,1.27
5026,40.56,1012.8415,-45171.94,1.24
5027,56.92,1035.9284,-43567.22,1.26
5028,40.2,983.8059,-50785.56,1.2
5029,35.32,1011.5164,-51068.94,1.25
5030,50.48,1037.5886,-43543.45,1.3
5031,62.12,1089.899,-42647.46,1.22
5032,42.88,1016.2214,-45237.29,1.29
5033,54.4,1065.8793,-47645.21,1.27
5034,59.96,1090.5916,-59624.76,1.23
5035,36.24,1016.0076,-47058.03,1.31
5036,50.72,1076.4886,-51848.9,1.05
5037,40.28,1016.3935,-43184.35,1.24
5038,58.68,1041.1014,-49875.6,1.19
5039,49.68,1044.9274,-44239.36,1.2
5040,39.08,1031.0235,-49472.2,1.15
5041,47.48,1058.4601,-49834.85,1.4
5042,52.4,1029.6135,-41530.01,1.21
5043,46.76,999.1991,-35015.72,1.3
5044,55.08,1049.4617,-47622.12,1.21
5045,58.8,1045.1063,-51495.32,1.32
5046,53.72,1040.4759,-35869.8,1.29
5047,46.24,1041.12,-45189.61,1.29
5048,61.32,1057.3718,-40036.51,1.18
5049,49.08,1049.639,-49601.04,1.21
5050,50.92,1052.0838,-51458.17,1.11
5051,46.72,1014.3089,-41234.78,1.3
5052,49.56,1025.3753,-49031.32,1.23
5053,57.0,1008.9141,-49147.75,1.03
5054,39.68,1089.9728,-46204.81,1.19
5055,47.04,983.4507,-42735.15,1.23
5056,57.32,1034.6129,-49137.43,1.22
5057,49.72,1042.2816,-39545.38,1.33
5058,52.04,1027.1934,-51410.32,1.26
5059,46.64,1124.358,-48688.77,1.27
5060,52.92,1082.437,-53992.87,1.16
5061,51.68,1016.8606,-55083.43,1.19
5062,56.08,1038.2496,-47448.52,1.14
5063,39.4,1088.7076,-52024.01,1.18
5064,48.92,1160.6812,-47346.51,1.35
5065,45.72,1022.0759,-45332.58,1.43
5066,57.6,1061.9317,-59784.14,1.18
5067,44.96,1019.9107,-43344.98,1.24
5068,43.84,1009.1388,-49322.61,1.33
5069,53.04,1122.4488,-54451.27,1.06
5070,49.68,1067.8551,-50272.0,1.33
5071,53.16,1045.8006,-49887.59,1.25
5072,62.68,1079.3962,-49804.08,1.3
5073,55.56,1021.7664,-47387.97,1.24
5074,45.88,1036.5711,-39889.37,1.45
5075,61.0,994.8945,-40941.57,1.86
5076,56.96,1014.1221,-47247.87,1.58
5077,49.08,1039.094,-53325.93,1.36
5078,50.52,1036.0548,-49469.0,1.47
5079,54.76,1019.6795,-47165.06,1.22
5080,40.88,1033.4585,-47545.54,1.55
5081,48.68,1046.8603,-45609.36,1.19
5082,49.16,1029.7891,-45573.14,1.17
5083,44.08,1058.5373,-45911.47,1.45
5084,48.0,1108.9306,-48562.35,1.32
5085,41.88,1025.9598,-49389.01,1.53
5086,48.44,1028.1657,-47481.36,1.82
5087,50.2,997.1072,-48972.7,1.31
5088,45.8,1011.1346,-49087.69,1.94
5089,40.28,1019.4744,-43414.34,1.81
5090,45.52,1022.3281,-44923.11,1.56
5091,56.0,1029.6467,-49123.68,1.45
5092,53.2,1107.7727,-50363.36,1.56
5093,58.68,1161.5756,-56868.1,1.56
5094,47.64,1084.5262,-40466.4,1.73
5095,45.96,1017.4272,-51280.5,1.54
5096,54.48,1044.2244,-51771.83,1.46
5097,42.96,1058.5959,-43597.17,1.46
5098,58.64,1027.7949,-49361.56,1.66
5099,44.28,1031.557,-45341.59,1.83
5100,48.04,1026.8868,-43411.07,1.47
5101,55.12,1039.5618,-45546.06,1.67
5102,54.28,1032.1551,-65260.77,1.66
5103,50.76,1008.3458,-45150.88,1.57
5104,36.6,1005.3057,-62864.71,1.18
5105,44.24,1004.5512,-41198.56,1.69
5106,53.4,1084.5798,-52062.68,1.5
5107,42.4,1060.1542,-45789.17,2.0
5108,49.8,1045.6476,-45996.78,1.3
5109,59.72,1029.8401,-39152.34,1.81
5110,46.04,996.5854,-47067.5,1.81
5111,44.72,1043.3584,-49643.83,1.81
5112,30.92,1019.3685,-47037.66,1.49
5113,44.24,1028.2933,-47287.44,1.45
5114,44.72,1051.1615,-59393.68,1.16
5115,56.12,1030.4781,-51406.72,1.35
5116,32.92,1053.4357,-44005.95,1.66
5117,36.56,1035.9952,-49240.62,1.55
5118,35.56,1015.431,-53183.5,1.36
5119,54.24,1051.349,-35745.65,1.61
5120,53.32,1019.4984,-45322.03,1.56
5121,41.36,1036.597,-41790.97,1.87
5122,62.04,1053.4246,-49758.52,1.87
5123,54.0,1000.4311,-39077.1,1.98
5124,48.4,1074.2964,-51649.32,1.68
5125,46.24,1014.4732,-37330.92,1.54
5126,58.28,1107.6752,-48673.61,1.62
5127,48.12,1023.2839,-47272.17,1.5
5128,41.16,1046.9436,-43901.05,1.66
5129,34.2,1014.2581,-43084.62,1.38
5130,55.4,1029.0564,-49349.58,1.7
5131,54.8,1057.7608,-53620.29,1.87
5132,52.6,1004.3945,-45223.2,1.53
5133,53.4,1141.6272,-50891.7,1.83
5134,59.8,1059.8212,-44160.6,1.85
5135,35.88,1033.1366,-51845.24,1.54
5136,57.2,1001.4372,-41143.72,1.67
5137,60.04,1013.9938,-47331.61,1.81
5138,36.88,1100.9858,-57829.55,1.64
5139,55.72,1039.3378,-49870.36,1.93
5140,42.52,1019.3854,-45282.44,2.05
5141,42.36,1048.9719,-42070.16,1.96
5142,46.6,1011.6078,-51272.52,1.62
5143,57.56,1074.7234,-57549.14,1.54
5144,32.2,998.7496,-41019.41,1.7
5145,51.28,1021.1121,-49371.52,1.75
5146,51.36,1048.0507,-51747.95,1.72
5147,39.48,1038.6342,-43713.12,1.61
5148,49.48,1014.8321,-49214.92,1.43
5149,41.84,1026.3286,-40931.71,1.87
5150,56.16,1026.6599,-43465.78,1.61
5151,57.52,1007.1048,-43097.35,1.71
5152,49.16,1051.182,-45530.45,1.76
5153,53.28,1030.2341,-49641.09,1.84
5154,45.36,1031.4621,-45486.14,1.72
5155,45.56,1023.0472,-47302.49,1.72
5156,42.48,1089.5372,-48434.88,1.8
5157,47.04,1015.6152,-49528.19,2.43
5158,39.2,1019.6367,-55163.44,1.38
5159,51.2,1002.0235,-48801.09,1.24
5160,40.4,1059.1291,-49445.25,1.17
5161,51.24,1023.2824,-51222.01,1.15
5162,49.92,977.3096,-50630.36,1.17
5163,43.92,1013.7289,-47336.63,1.08
5164,42.76,1162.428,-54159.05,1.08
5165,58.16,1012.0933,-45399.45,1.13
5166,41.2,1013.3791,-55170.87,1.11
5167,45.88,1032.1165,-45292.6,1.15
5168,46.2,1008.0956,-57224.85,1.03
5169,44.16,1092.815,-50096.8,1.15
5170,46.4,1006.349,-49279.8,1.18
5171,52.32,1034.2364,-45586.45,1.12
5172,37.32,1013.2829,-43208.69,1.2
5173,47.0,1012.0795,-46901.28,1.15
5174,53.68,1052.5318,-44142.79,1.04
5175,48.16,1049.7044,-43840.51,1.2
5176,51.84,1013.4104,-51452.81,1.43
5177,58.96,1026.4873,-39657.61,1.48
5178,42.04,1027.2308,-57068.48,1.41
5179,56.16,1040.1992,-47351.37,1.28
5180,49.24,1008.0041,-53056.76,1.26
5181,51.12,1010.8377,-47100.82,1.46
5182,58.92,1014.4088,-41333.34,1.45
5183,49.48,1275.0276,-53937.21,1.17
5184,44.96,1046.0332,-40097.19,1.34
5185,52.96,1052.8761,-47680.22,1.39
5186,34.28,1143.5589,-45116.01,1.22
5187,49.16,1056.1342,-41646.93,1.32
5188,45.4,1046.144,-53204.05,1.12
5189,36.4,1045.2443,-51703.72,1.27
5190,53.52,1041.2006,-43581.89,1.31
5191,44.56,1022.0955,-51202.47,1.33
5192,51.6,1002.4886,-48952.33,1.13
5193,55.76,1049.93,-47701.53,1.28
5194,52.48,994.0862,-50871.12,1.18
5195,58.36,1043.5574,-43788.33,1.46
5196,63.04,1097.2638,-57346.39,1.54
5197,48.0,1051.7395,-47309.83,1.06
5198,49.48,1034.1307,-57304.67,0.92
5199,38.28,1021.4172,-44833.48,1.06
5200,53.84,1024.2904,-41422.7,1.16
5201,61.92,1018.7542,-51543.78,1.16
5202,55.4,1033.7942,-49406.53,1.39
5203,57.56,1033.6188,-53368.6,1.53
5204,57.96,1004.2728,-48957.82,1.41
5205,59.28,1022.7076,-49309.96,1.41
5206,56.76,1031.6474,-53235.67,1.82
5207,55.0,1024.1533,-41598.13,1.57
5208,35.68,1008.6531,-45111.5,1.89
5209,51.08,1045.1357,-40046.51,1.89
5210,47.6,1053.5306,-49678.27,1.72
5211,45.96,1047.8404,-43266.62,1.89
5212,61.48,1100.4639,-50526.59,1.88
5213,54.24,991.916,-50908.28,1.4
5214,39.88,1062.372,-47840.28,1.76
5215,46.8,1049.1938,-45828.78,1.68
5216,48.04,1019.0765,-55313.91,1.61
5217,49.12,1076.3044,-48032.56,1.51
5218,52.0,1018.9014,-41520.01,1.49
5219,42.68,1026.8361,-59089.3,1.24
5220,49.52,1024.2194,-47418.15,1.55
5221,44.2,1021.1254,-53182.66,1.78
5222,54.44,1037.7627,-51147.9,1.55
5223,49.76,1047.064,-49442.76,1.59
5224,45.28,1019.9042,-43073.24,1.64
5225,39.24,1038.9218,-41521.42,1.58
5226,47.28,1017.8134,-45249.22,1.57
5227,43.56,1088.5538,-50042.61,1.57
5228,46.8,1122.9602,-49610.38,1.56
5229,51.28,1030.1185,-53367.66,1.6
5230,43.0,1040.2024,-41730.8,1.41
5231,53.96,1018.1019,-47145.58,1.42
5232,35.8,1042.6219,-43518.54,1.64
5233,54.16,1015.9283,-47408.2,1.73
5234,41.32,1005.1215,-42959.01,1.53
5235,43.12,1022.0276,-51330.43,1.69
5236,40.48,1010.1455,-43205.71,1.68
5237,42.32,1003.0574,-37086.57,1.92
5238,40.88,1132.0722,-50700.87,1.72
5239,48.84,1008.5321,-46987.41,1.64
5240,58.64,1069.7397,-55085.98,1.99
5241,47.68,1066.2113,-49801.68,1.86
5242,56.68,1022.2266,-43395.84,2.55
5243,53.16,1083.1197,-44703.44,2.1
5244,47.28,1050.2142,-49714.32,1.92
5245,61.88,1039.5944,-47407.2,1.88
5246,48.68,1001.6546,-43006.89,1.73
5247,56.96,1001.0081,-52917.09,1.69
5248,33.76,1014.9178,-45324.6,2.41
5249,46.56,1025.5147,-49180.67,1.96
5250,38.76,1025.6817,-45638.44,1.7
5251,49.2,1037.3353,-49462.59,1.69
5252,48.92,1046.829,-43349.27,1.66
5253,57.2,1087.714,-44306.37,2.31
5254,50.36,1029.9406,-49535.68,2.93
5255,36.28,1030.3139,-51134.43,2.24
5256,41.12,1015.4934,-45522.53,2.14
5257,43.08,1051.1978,-53585.36,2.07
5258,40.2,1019.7179,-49175.38,2.27
5259,48.52,1067.9982,-53600.78,1.79
5260,44.44,1021.9842,-43373.71,1.4
5261,65.2,972.1236,-42524.83,1.45
5262,30.48,1008.3932,-47218.4,1.25
5263,41.6,1053.567,-47739.27,1.3
5264,39.12,996.6494,-47109.99,1.14
5265,43.04,1049.9484,-53010.11,1.22
5266,54.56,1109.3057,-53803.59,1.18
5267,43.92,1043.518,-43467.96,1.26
5268,35.84,1021.9592,-57091.41,1.05
5269,35.52,1006.6444,-53059.79,1.33
5270,48.0,1044.0434,-49744.7,1.09
5271,53.52,1009.1086,-47172.69,1.37
5272,58.28,1038.4374,-45586.46,1.41
5273,44.76,1005.0624,-35234.45,1.55
5274,42.16,999.0232,-49047.3,1.18
5275,43.72,1056.9871,-46060.86,1.33
5276,43.16,1020.6234,-43336.82,1.35
5277,45.56,1008.6721,-47218.17,1.3
5278,48.84,1007.4459,-47109.58,1.42
5279,41.44,1012.223,-43172.35,1.31
5280,35.0,1008.501,-47267.21,1.21
5281,63.64,1049.646,-45653.73,1.43
5282,40.24,1002.7147,-45184.64,1.27
5283,43.12,999.1388,-32936.57,1.31
5284,52.12,1035.6257,-49165.89,1.28
5285,47.96,1074.1998,-47962.92,1.18
5286,50.64,997.3768,-51122.21,1.17
5287,47.68,1029.1535,-45771.71,1.2
5288,54.64,1015.3681,-49318.45,1.11
5289,42.24,1034.0931,-47162.85,1.35
5290,47.4,1012.647,-49064.36,1.13
5291,54.24,1034.1883,-37710.79,1.27
5292,59.56,1057.038,-49623.03,1.13
5293,42.16,1014.5885,-51139.17,1.15
5294,68.28,1023.5144,-53336.39,1.21
5295,43.2,1000.5005,-55112.4,1.32
5296,34.2,1032.9144,-55302.39,1.17
5297,50.08,996.12,-51000.78,1.22
5298,47.6,1034.4703,-51395.35,0.99
5299,47.92,1029.4437,-39652.94,1.24
5300,44.16,1068.7438,-36097.6,1.19
5301,53.6,1053.7318,-50639.78,1.46
5302,39.88,1033.2821,-43421.32,1.27
5303,48.24,1054.2898,-42147.71,1.27
5304,43.08,1052.0186,-51750.75,1.3
5305,46.04,1140.8814,-50777.07,1.35
5306,55.72,992.2276,-46918.02,1.23
5307,59.16,1024.6146,-51182.46,1.29
5308,46.44,1000.7704,-45034.58,1.41
5309,51.56,1031.775,-47396.23,1.13
5310,46.76,1035.0772,-49546.14,1.44
5311,51.56,1034.1988,-47246.42,1.41
5312,43.8,1015.117,-39177.54,1.87
5313,52.88,993.607,-42857.26,1.84
5314,64.24,1026.2616,-45311.03,1.5
5315,46.64,1029.1884,-55499.71,1.6
5316,41.12,1015.8115,-37401.38,1.9
5317,39.4,1182.2894,-49811.92,1.53
5318,32.16,1022.8995,-45478.09,1.58
5319,39.8,1022.2837,-51049.75,1.55
5320,46.72,1016.9146,-41057.62,1.66
5321,51.48,1039.8092,-45150.89,1.84
5322,58.4,1037.3112,-39626.92,1.7
5323,33.56,1064.289,-49439.39,1.7
5324,47.0,1060.1941,-59344.31,1.61
5325,41.44,1033.017,-49446.97,1.92
5326,50.2,1049.7286,-51885.2,1.47
5327,34.8,1012.6605,-43259.61,1.6
5328,38.8,1053.9674,-51779.74,1.75
5329,48.84,1031.0128,-53505.81,1.49
5330,57.16,1017.1987,-49335.59,1.62
5331,33.04,1094.3791,-53915.21,1.51
5332,47.0,1039.9477,-49697.96,1.67
5333,46.36,1006.075,-49217.55,1.83
5334,61.44,1033.6752,-53438.95,1.87
5335,51.12,1048.9143,-49726.41,1.86
5336,36.6,1011.0608,-43262.63,2.23
5337,35.48,1005.0618,-47016.82,1.69
5338,51.04,1067.8588,-44415.71,1.72
5339,54.36,1074.2109,-50264.41,1.75
5340,53.88,1029.1404,-43770.72,1.91
5341,46.32,1039.6134,-49759.06,2.0
5342,54.36,1147.377,-56674.33,1.65
5343,38.2,1043.7769,-45780.73,1.69
5344,46.36,1049.9774,-51547.55,1.55
5345,56.12,1022.7592,-55355.44,1.51
5346,56.2,1066.3502,-45967.12,1.78
5347,45.88,1004.9291,-55311.67,1.57
5348,42.64,1033.9054,-46933.36,1.3
5349,60.24,1012.5562,-44882.48,1.5
5350,51.68,1065.8786,-44297.1,2.0
5351,38.84,1013.4311,-49068.87,1.62
5352,42.12,1013.1997,-41127.09,1.73
5353,49.68,1044.7972,-49560.62,1.77
5354,51.48,1059.3198,-52240.86,1.68
5355,41.04,1025.1644,-45016.98,2.39
5356,37.4,1032.4752,-43788.81,1.98
5357,31.96,1009.04,-47096.4,2.15
5358,45.6,1072.4926,-47934.9,2.29
5359,41.52,983.8248,-48767.31,1.58
5360,49.8,1028.4474,-48963.74,1.63
5361,54.64,1025.6615,-45414.58,2.33
5362,49.88,1164.9308,-50983.88,1.93
5363,48.52,1049.0727,-51562.88,1.67
5364,42.04,1054.866,-49789.13,3.04
5365,45.96,1011.2836,-41284.38,2.83
5366,53.12,1060.7914,-49635.96,2.47
5367,53.28,1009.7466,-42924.6,2.15
5368,55.72,1057.025,-51699.03,2.44
5369,45.64,1016.6608,-55260.13,2.33
5370,50.24,1082.3399,-52196.77,1.93
5371,46.44,1028.8092,-47227.86,1.55
5372,47.52,1077.9437,-55815.74,1.86
5373,42.64,1114.023,-45149.09,1.55
5374,36.8,1032.2541,-51839.97,1.31
5375,62.2,1006.794,-43063.89,1.49
5376,56.28,1015.5474,-47358.47,1.51
5377,53.24,1039.8761,-45520.07,2.31
5378,39.36,1105.9545,-45936.96,1.45
5379,60.44,1037.489,-49388.38,1.7
5380,48.36,999.9946,-45064.88,1.67
5381,51.04,1020.4257,-47440.71,2.33
5382,40.84,1000.1034,-44858.89,1.78
5383,37.16,1038.8532,-55443.4,1.65
5384,56.36,1042.1536,-53452.8,1.97
5385,48.56,1054.0404,-43541.8,1.91
5386,36.16,1046.4846,-47304.6,2.03
5387,37.72,1014.1755,-57031.17,2.56
5388,52.48,1039.6288,-39975.57,3.31
5389,49.08,1067.6378,-51773.63,2.36
5390,40.2,984.3382,-46949.51,1.49
5391,62.16,1029.5552,-55393.08,1.29
5392,44.72,1033.0836,-41499.83,1.74
5393,62.2,1032.7801,-45538.25,1.74
5394,50.52,1038.85,-55546.8,2.08
5395,53.48,998.6634,-47014.42,2.02
5396,49.64,1035.784,-51067.47,1.92
5397,54.28,1038.9981,-49592.57,1.26
5398,40.52,993.5681,-44900.12,1.47
5399,55.44,1008.2654,-53097.09,2.13
5400,43.16,1114.5698,-50345.76,2.32
5401,49.64,982.5498,-48729.99,2.2
5402,44.68,1027.2844,-43070.04,2.02
5403,49.68,1053.7131,-42304.52,1.6
5404,61.6,1022.0598,-41514.17,1.2
5405,51.96,1019.2884,-45421.28,1.4
5406,48.4,1006.0155,-43041.96,1.34
5407,47.92,1015.3941,-47163.72,1.27
5408,55.56,1043.7327,-43625.6,1.89
5409,41.48,1051.5099,-57135.5,1.62
5410,52.68,1003.9558,-59268.89,1.61
5411,51.12,999.2342,-38826.4,1.54
5412,37.28,1056.5144,-49531.18,1.58
5413,47.08,1105.7531,-50058.93,1.43
5414,47.92,996.6761,-59130.17,1.49
5415,40.44,1052.7002,-45934.4,1.42
5416,56.88,1072.9388,-55677.39,1.56
5417,45.08,1116.935,-59589.21,1.55
5418,47.2,994.515,-46831.57,1.52
5419,51.24,1052.0295,-53383.26,1.48
5420,45.64,1054.9553,-49467.59,1.43
5421,58.24,1023.7369,-47390.43,1.52
5422,44.48,1033.6349,-45466.87,1.54
5423,38.52,1031.2238,-47442.86,1.44
5424,52.88,1076.4639,-49813.59,1.51
5425,48.56,1024.8929,-47442.45,1.34
5426,53.4,1070.8076,-51814.96,1.48
5427,53.92,1080.1638,-51914.69,1.5
5428,53.12,1025.9134,-46901.77,1.51
5429,40.68,1054.795,-47343.49,1.72
5430,37.72,1018.5898,-43409.98,1.36
5431,43.12,1051.7357,-47983.42,1.39
5432,39.92,1054.8974,-49962.0,1.57
5433,48.64,1023.7024,-43622.74,1.5
5434,47.0,1033.9895,-47320.63,1.32
5435,36.72,1021.2829,-37468.72,1.33
5436,54.48,1031.293,-41740.78,1.32
5437,46.6,1043.72,-45764.5,1.44
5438,56.0,1023.965,-51389.72,1.31
5439,45.12,1021.9169,-49589.45,1.15
5440,48.48,1089.6858,-42861.39,1.18
5441,52.56,1084.1825,-55554.98,1.24
5442,39.24,1042.2278,-35797.61,1.5
5443,51.12,1033.4112,-45262.17,1.39
5444,48.72,1073.3078,-48167.16,1.22
5445,42.56,1007.9253,-45105.71,1.95
5446,52.36,1027.8878,-49048.03,1.74
5447,41.64,1032.859,-47613.72,1.4
5448,50.72,1026.042,-39351.77,1.29
5449,39.12,1028.0803,-53157.56,1.3
5450,66.92,1027.2661,-47137.76,1.34
5451,50.16,1056.8478,-53355.01,1.36
5452,52.32,1053.9624,-43369.34,1.16
5453,41.68,995.7048,-42879.44,1.08
5454,47.64,1029.6924,-51356.75,1.17
5455,53.56,1014.151,-43187.93,1.2
5456,45.6,1006.0844,-51097.85,1.1
5457,60.84,1060.8214,-49648.72,1.06
5458,56.96,1046.7953,-53374.33,1.35
5459,44.32,1056.1909,-43976.71,1.58
5460,40.24,1115.7746,-48255.51,1.05
5461,61.64,984.8449,-40750.72,1.04
5462,51.36,1076.0434,-49708.34,1.19
5463,48.16,1027.5536,-41783.93,1.15
5464,49.2,993.5468,-44961.4,1.1
5465,63.8,1064.6324,-47606.56,1.12
5466,46.96,1061.4555,-43952.7,1.31
5467,47.24,995.3896,-60931.5,1.22
5468,52.44,1052.2772,-53540.95,1.28
5469,52.6,1047.007,-45784.46,1.82
5470,46.92,1049.7788,-53227.15,1.34
5471,56.84,1001.4481,-59009.25,1.18
5472,47.84,1144.9036,-48722.79,1.31
5473,43.24,1021.2652,-39215.17,1.46
5474,52.56,1058.3022,-55781.35,1.21
5475,56.04,1039.3272,-54032.99,1.19
5476,47.12,1071.5828,-48081.54,1.74
5477,43.24,1011.23,-47299.85,2.13
5478,52.28,1057.9452,-52107.69,1.26
5479,57.28,1010.8311,-45103.72,1.16
5480,45.12,999.1402,-47212.69,0.97
5481,51.4,1076.7609,-40320.28,1.53
5482,33.8,1083.2683,-51519.71,1.17
5483,55.64,1036.5317,-45652.88,1.19
5484,55.92,1028.1324,-47613.23,1.27
5485,47.76,1024.4998,-49509.94,1.16
5486,42.2,993.3055,-40917.8,1.31
5487,54.24,1015.3745,-39079.17,1.34
5488,57.44,1041.4538,-43820.59,2.43
5489,42.48,1070.7748,-46439.21,1.99
5490,53.12,1039.9735,-47427.72,1.23
5491,61.72,1047.8722,-49766.34,1.22
5492,55.92,1065.9663,-51830.7,1.01
5493,61.16,1030.7695,-47520.36,1.35
5494,52.68,1016.4475,-47201.49,1.07
5495,44.08,1008.3719,-41257.5,1.2
5496,51.24,1052.6624,-51846.54,1.63
5497,54.76,1016.537,-41534.96,1.32
5498,46.08,1019.1565,-37472.86,1.33
5499,50.8,1060.6016,-47619.75,1.32
5500,45.64,1038.5508,-51694.9,1.35
5501,53.36,1037.7246,-55565.98,1.1
5502,55.08,1052.5032,-47514.63,1.29
5503,54.08,1048.6309,-39833.69,1.27
5504,48.04,973.4008,-42575.33,1.09
5505,44.84,1040.1237,-39626.25,1.19
5506,55.2,1071.3818,-46126.75,1.09
5507,57.96,1035.3429,-49841.88,1.05
5508,48.04,1027.4456,-37496.1,1.06
5509,51.64,1019.5087,-45053.08,1.28
5510,36.92,998.8981,-45118.67,1.09
5511,39.2,1015.367,-53240.4,1.1
5512,41.68,993.889,-45081.13,1.11
5513,61.6,1023.1271,-46853.72,1.15
5514,38.92,1024.3828,-49305.9,1.21
5515,58.68,1092.3699,-59697.09,0.93
5516,57.36,994.4373,-55098.33,1.13
5517,47.52,1042.5238,-43718.02,1.28
5518,46.52,1064.9633,-45877.19,1.13
5519,54.88,1011.2349,-45154.5,1.21
5520,58.24,1004.5301,-53171.32,1.06
5521,51.16,1011.791,-39329.61,1.1
5522,44.2,1040.4154,-43806.49,1.16
5523,39.76,1012.0705,-45175.41,1.23
5524,60.96,1039.4563,-51336.37,1.21
5525,42.2,1080.5635,-46403.94,1.17
5526,40.84,1066.1312,-44165.13,1.22
5527,43.84,999.6782,-47030.31,1.2
5528,41.36,1051.4919,-45809.17,1.05
5529,52.2,1055.3881,-46121.34,1.3
5530,48.2,1046.9486,-49332.67,1.01
5531,55.52,1056.1291,-37756.91,1.09
5532,48.92,1056.8061,-47497.16,1.33
5533,45.0,1058.3987,-37887.62,1.17
5534,49.72,1031.954,-57232.52,1.01
5535,51.96,1038.5742,-47568.33,1.41
5536,30.04,1011.9119,-53095.75,1.04
5537,58.04,1048.0581,-45676.57,1.29
5538,41.52,1031.9,-47511.78,1.2
5539,47.6,1079.3024,-47970.34,1.26
5540,47.36,1051.0274,-49131.96,1.24
5541,50.92,1035.4808,-43430.29,1.26
5542,49.24,1026.2342,-47191.48,1.22
5543,40.36,1021.185,-47122.95,1.26
5544,38.56,1043.7192,-49483.72,1.19
5545,53.76,1075.7157,-47825.93,1.44
5546,47.96,1004.7424,-41189.56,1.5
5547,65.0,1040.1856,-49312.07,1.25
5548,51.52,991.8018,-54920.65,1.25
5549,44.84,1045.0252,-43913.22,1.13
5550,40.0,1014.1989,-47215.64,1.24
5551,46.4,995.2755,-48954.81,1.11
5552,35.6,1030.6803,-45502.45,1.16
5553,49.04,1049.1576,-45584.43,1.2
5554,55.96,1076.9827,-43959.06,1.38
5555,39.44,991.6775,-44925.89,1.36
5556,44.48,1011.2539,-59257.06,1.08
5557,42.12,1127.182,-45013.99,1.22
5558,34.48,1000.4706,-53006.79,1.69
5559,48.2,1072.5626,-45350.58,1.28
5560,51.36,1093.1833,-52749.76,1.2
5561,34.96,984.9733,-46904.78,1.67
5562,48.4,1100.1809,-52146.94,1.6
5563,42.28,1018.3313,-49090.03,1.55
5564,46.48,1033.5039,-43393.92,1.45
5565,45.84,994.2002,-44860.28,1.08
5566,45.6,1024.6151,-53259.28,1.2
5567,55.72,1010.3249,-55050.25,1.24
5568,45.12,1062.9062,-49924.65,1.6
5569,53.24,997.3025,-44883.91,1.44
5570,51.68,1065.1646,-44328.85,1.43
5571,50.52,1034.1062,-53395.5,1.32
5572,54.12,1067.9173,-43867.63,1.19
5573,49.36,1000.3163,-50883.58,1.19
5574,41.48,1021.3427,-39439.62,1.18
5575,48.68,1024.7194,-55536.01,1.05
5576,38.84,1018.773,-47594.91,1.14
5577,51.48,1045.5346,-49602.87,1.13
5578,41.08,1015.8781,-43325.84,1.19
5579,36.44,1019.9572,-47246.99,0.99
5580,33.2,1140.7236,-58079.51,1.01
5581,49.24,1041.0195,-57279.55,1.05
5582,56.04,1015.3295,-53496.22,1.18
5583,42.08,998.108,-47052.62,1.12
5584,55.44,1033.002,-53207.88,1.18
5585,55.24,1070.9204,-51614.66,1.19
5586,50.84,1074.2715,-46277.61,1.3
5587,48.24,1029.8806,-41196.99,1.28
5588,48.68,1033.7918,-39635.49,1.2
5589,56.68,1008.3414,-49167.74,1.21
5590,37.52,987.5702,-42860.04,1.05
5591,41.88,1052.0785,-48053.45,1.34
5592,38.44,1006.7762,-41140.5,1.25
5593,38.52,1024.8287,-45424.47,1.25
5594,54.12,1138.113,-54506.0,1.17
5595,52.44,1001.3232,-45020.42,1.27
5596,47.64,1008.5053,-41171.34,1.34
5597,34.36,1023.6684,-47326.35,1.76
5598,54.16,1031.3984,-41629.3,1.23
5599,49.36,1028.2324,-43308.71,1.6
5600,47.84,1005.1602,-47243.51,1.9
5601,49.36,1023.1414,-39136.8,1.6
5602,49.32,1057.0964,-47675.34,2.04
5603,41.04,1023.0894,-39673.81,1.64
5604,52.24,1061.6459,-48418.49,1.45
5605,40.6,1035.4514,-43748.11,2.01
5606,51.08,1008.61,-47017.96,1.56
5607,54.0,1099.57,-55736.52,1.24
5608,31.72,1033.8975,-43591.99,1.28
5609,41.2,1042.352,-51511.08,1.29
5610,44.44,1011.8502,-49118.33,1.34
5611,48.96,1044.2518,-47169.45,1.23
5612,43.96,1068.254,-53603.06,1.34
5613,52.24,1028.8287,-43359.59,1.31
5614,59.04,996.42,-54918.03,1.3
5615,47.32,1000.1634,-44970.36,1.28
5616,43.6,1016.4294,-51105.49,1.42
5617,54.96,983.3823,-48855.1,1.22
5618,48.44,1002.0596,-51109.29,1.39
5619,32.8,1042.5752,-47528.55,1.42
5620,56.64,1043.3339,-45142.87,1.35
5621,48.88,1030.9108,-53270.31,1.25
5622,51.0,1024.6193,-53380.25,1.17
5623,61.72,1083.1219,-56029.97,1.3
5624,49.64,1045.2005,-51886.61,1.39
5625,54.0,990.6424,-40875.02,1.33
5626,40.6,986.1917,-52782.6,1.31
5627,49.4,1032.3905,-49321.45,1.5
5628,32.36,1030.0064,-35770.2,1.51
5629,48.28,1052.7608,-45657.45,1.51
5630,35.84,1025.5784,-45461.73,1.35
5631,39.48,1013.1322,-46838.83,1.25
5632,54.24,1017.9177,-47276.55,1.45
5633,55.92,1020.502,-47459.82,1.38
5634,41.84,1032.9204,-53451.55,1.41
5635,42.92,1030.737,-47756.14,1.34
5636,49.2,1002.3216,-49041.14,1.3
5637,39.08,1048.5169,-47710.92,1.29
5638,58.44,977.5709,-48753.61,1.24
5639,48.8,1068.9452,-47557.14,1.36
5640,56.12,1046.8855,-51498.33,1.36
5641,48.72,1054.8603,-44074.49,1.45
5642,51.24,1029.5752,-41143.81,1.37
5643,42.32,1008.8392,-49043.99,1.43
5644,59.8,1009.1069,-41193.77,1.3
5645,48.44,1069.602,-46054.25,1.28
5646,59.0,1058.5882,-47541.81,1.43
5647,50.96,1000.4386,-45069.58,1.35
5648,50.52,1066.003,-55579.44,1.52
5649,45.32,1043.4906,-49373.46,1.43
5650,43.0,1032.185,-49481.06,1.3
5651,43.4,999.568,-44885.37,1.35
5652,55.52,1029.5087,-45860.33,1.27
5653,34.96,1075.5113,-53749.93,1.31
5654,57.56,1033.6971,-53362.48,1.36
5655,53.32,1007.0895,-53163.8,1.25
5656,52.84,1013.397,-45248.72,1.24
5657,42.48,994.931,-42929.11,1.32
5658,60.84,1056.0356,-53905.7,1.26
5659,52.72,1014.749,-49314.45,1.45
5660,44.44,1032.354,-45556.35,1.31
5661,41.2,1011.6722,-52993.76,1.36
5662,40.56,1078.6492,-53871.56,1.34
5663,54.76,1026.4567,-45182.85,1.3
5664,54.92,1016.9345,-52984.15,1.33
5665,52.88,1047.7309,-49593.68,1.39
5666,54.36,1023.8056,-49360.44,1.32
5667,41.96,1029.1313,-41544.94,1.41
5668,47.36,1004.8743,-47075.25,1.43
5669,61.28,1017.7547,-49070.41,1.45
5670,50.68,997.51,-49157.17,1.53
5671,40.44,992.828,-52766.77,1.26
5672,43.52,1033.2214,-41727.08,1.29
5673,41.4,996.0055,-46895.67,1.38
5674,54.16,1053.2562,-55556.92,1.46
5675,51.76,1035.8436,-49571.17,1.27
5676,40.96,997.1468,-41070.75,1.36
5677,50.04,1060.3689,-51831.42,1.38
5678,40.84,1022.8909,-45509.38,0.92
5679,36.12,1017.5484,-49204.25,1.5
5680,42.04,1027.7273,-41601.15,1.31
5681,31.92,1030.7812,-45878.68,1.44
5682,32.92,998.8187,-48945.4,1.36
5683,54.16,1017.2964,-50854.72,1.31
5684,43.52,1020.2674,-47093.96,1.35
5685,33.96,1007.3131,-37197.63,1.31
5686,53.4,1109.7643,-48165.28,1.19
5687,47.96,1147.1712,-54398.85,1.24
5688,59.64,1042.2019,-51520.35,1.23
5689,32.04,1018.6356,-51363.79,1.21
5690,49.64,1043.621,-39500.41,1.4
5691,47.68,1029.0068,-39434.81,1.76
5692,55.52,1048.6824,-55180.64,1.26
5693,49.48,1049.5595,-51338.88,1.43
5694,41.08,1044.6669,-47720.48,1.42
5695,46.32,1053.235,-53649.18,1.24
5696,41.04,1037.4898,-45731.62,1.36
5697,46.36,1034.9491,-37765.89,1.44
5698,40.36,1057.0543,-47284.33,1.51
5699,58.4,1058.3229,-44304.07,1.41
5700,46.6,1049.5767,-43808.27,1.44
5701,45.88,1004.433,-48966.51,1.25
5702,52.32,1082.1684,-48163.52,1.22
5703,45.08,1025.5948,-45592.75,1.55
5704,44.24,998.932,-45000.66,1.46
5705,39.44,1034.5916,-45614.98,1.43
5706,55.56,1050.9431,-44254.5,1.29
5707,41.48,1009.0326,-41140.28,1.3
5708,47.64,1010.0197,-43310.47,1.25
5709,54.68,1028.192,-55242.5,1.14
5710,34.36,1021.1036,-41419.35,1.23
5711,35.2,1005.1786,-39211.23,1.46
5712,53.68,1022.3205,-45548.5,1.68
5713,52.36,1052.2186,-49665.06,1.43
5714,51.92,1026.8176,-49352.7,1.14
5715,54.12,1043.3592,-41730.5,1.29
5716,44.28,1027.1394,-45381.1,1.25
5717,40.28,1053.7686,-52049.23,1.35
5718,46.32,1026.6078,-55355.71,1.34
5719,44.48,1016.4787,-35347.32,1.34
5720,50.52,1034.1299,-39434.82,1.33
5721,36.52,1023.12,-43309.66,1.36
5722,44.44,1029.16,-45709.1,1.35
5723,56.24,1033.5758,-45098.56,1.42
5724,47.32,1027.1072,-53263.9,1.33
5725,58.4,1058.407,-38213.24,1.38
5726,48.64,997.486,-42931.31,1.5
5727,45.16,994.8572,-42952.33,1.33
5728,52.6,1086.1207,-48254.45,1.32
5729,35.52,1006.2088,-48950.17,1.31
5730,49.04,1034.4873,-51392.3,1.2
5731,49.32,1018.832,-41223.03,1.54
5732,49.24,1020.2814,-48987.62,1.36
5733,57.88,1002.7085,-45003.75,1.53
5734,43.68,1018.2902,-51262.91,1.46
5735,38.32,1031.964,-51153.33,1.25
5736,57.6,1043.978,-49432.15,1.25
5737,39.16,1003.0495,-42894.57,1.14
5738,61.2,1016.679,-53204.86,1.27
5739,39.04,1027.4951,-47277.26,1.32
5740,50.88,1015.0567,-53033.32,1.18
5741,45.96,1032.2811,-47404.15,1.32
5742,53.04,1058.7404,-43531.85,1.21
5743,44.6,1041.6684,-45846.36,1.23
5744,36.64,995.4834,-55002.16,1.22
5745,54.52,1003.6134,-49041.34,1.09
5746,54.84,1037.0875,-41521.52,1.38
5747,47.4,1061.1562,-42148.65,1.19
5748,52.04,1000.6607,-53198.57,1.19
5749,50.88,1022.0093,-33320.67,1.41
5750,52.44,1026.9476,-39301.61,1.38
5751,59.88,1103.8746,-46912.99,1.43
5752,47.48,1034.6988,-35558.63,1.31
5753,44.68,992.5904,-40674.69,1.36
5754,39.64,1027.6575,-43643.56,1.46
5755,38.64,999.7442,-52967.1,1.59
5756,41.68,1022.5233,-49295.31,1.16
5757,60.6,1043.2481,-53397.71,1.04
5758,45.08,984.7643,-40746.26,1.24
5759,57.96,1016.9546,-41085.49,1.26
5760,49.08,1054.9486,-35934.21,1.52
5761,49.08,1064.4892,-44476.1,1.31
5762,51.64,1035.0624,-45184.96,1.4
5763,45.16,1035.641,-49226.94,1.29
5764,43.96,1007.2133,-51431.55,1.19
5765,55.64,1027.9547,-43559.51,1.28
5766,47.84,1034.5862,-41587.0,1.32
5767,49.12,1013.4463,-53210.75,1.32
5768,36.88,1029.5746,-51198.1,1.15
5769,53.2,1036.8132,-39412.31,1.53
5770,42.84,1035.2875,-53561.71,1.22
5771,47.04,1048.3678,-47808.32,1.23
5772,41.92,1058.2281,-51639.69,1.97
5773,46.6,996.7323,-45024.98,1.46
5774,37.8,992.1496,-48908.72,1.31
5775,55.04,1050.7084,-41966.86,1.36
5776,55.12,1057.9328,-53733.21,1.67
5777,46.32,1029.6144,-49589.17,1.38
5778,53.76,1055.2958,-46276.93,1.21
5779,50.64,992.7433,-55229.11,1.16
5780,47.84,1034.9979,-37416.1,1.43
5781,49.68,1027.9711,-39552.17,1.3
5782,51.08,1050.9261,-35782.64,1.42
5783,55.48,1027.7677,-51375.27,1.31
5784,43.56,1028.3079,-51334.11,1.37
5785,43.0,1029.6787,-47494.13,1.37
5786,43.68,1037.3903,-57553.11,1.21
5787,45.72,1048.615,-41703.3,1.22
5788,42.84,1096.4829,-46746.28,1.33
5789,46.96,1013.212,-45104.42,1.42
5790,65.04,1026.0735,-47533.86,1.37
5791,40.8,1012.1069,-45203.28,1.32
5792,51.16,1055.2849,-49555.82,1.39
5793,56.88,1023.9171,-45161.21,1.4
5794,45.52,1061.7798,-39991.17,1.89
5795,35.16,1003.594,-45108.13,1.63
5796,39.24,1029.2394,-45567.7,1.4
5797,46.4,1021.68,-57221.6,1.58
5798,39.24,1015.5206,-47173.19,1.4
5799,60.0,1017.9078,-41305.98,1.28
5800,51.52,1044.0477,-43460.99,1.22
5801,50.8,1053.9427,-37726.33,1.39
5802,37.44,999.7767,-51066.45,1.32
5803,41.8,1009.6848,-43078.67,1.25
5804,46.84,1014.9675,-43313.19,1.34
5805,60.72,1006.9986,-43113.19,1.35
5806,50.12,997.1664,-46929.9,1.21
5807,50.96,1020.4223,-49281.0,1.37
5808,58.52,1056.4139,-51490.35,1.2
5809,46.88,1011.2118,-47072.55,1.4
5810,35.6,999.1211,-38899.94,1.48
5811,48.6,1037.4149,-51741.22,1.11
5812,47.16,1042.2138,-43969.56,1.42
5813,53.36,1032.3686,-51106.59,1.33
5814,54.76,1063.0729,-51584.39,1.37
5815,49.2,1096.174,-47955.5,1.36
5816,62.8,1027.1364,-49185.98,1.38
5817,54.04,1027.3185,-53288.34,1.38
5818,42.72,1062.9316,-43947.97,1.85
5819,53.6,1007.6966,-53255.42,1.5
5820,55.64,1058.8164,-45947.79,1.31
5821,43.32,1044.6726,-35644.29,1.35
5822,35.44,1000.0133,-44907.17,1.27
5823,42.24,1001.6952,-41172.63,1.39
5824,42.72,1066.7092,-51982.6,1.32
5825,53.44,1067.6414,-49777.57,1.31
5826,52.44,1016.6071,-43193.48,1.45
5827,56.6,1011.4518,-49414.6,1.22
5828,54.52,1043.1247,-53265.69,1.36
5829,51.2,978.131,-42679.83,1.39
5830,44.8,1018.7971,-47134.38,1.2
5831,43.28,1057.2548,-38072.32,1.27
5832,62.08,1014.4847,-37286.61,1.4
5833,39.52,1063.5281,-45899.81,1.35
5834,43.56,1016.7311,-43328.7,1.38
5835,39.24,1009.5022,-51179.86,1.26
5836,39.64,1038.3951,-39725.2,1.33
5837,44.36,1045.6946,-41677.52,1.42
5838,52.48,1067.2378,-51694.74,1.25
5839,47.0,1024.3059,-59120.14,1.56
5840,45.44,1035.4135,-43280.25,1.47
5841,52.44,1018.8159,-41213.49,1.3
5842,47.72,1044.611,-47700.5,1.28
5843,42.4,1041.734,-53345.3,1.32
5844,48.48,1036.5379,-51674.01,1.32
5845,55.0,1061.4758,-50205.44,1.39
5846,51.24,1082.7567,-44113.33,1.43
5847,49.84,1018.615,-45153.95,1.34
5848,44.2,992.4318,-50868.85,1.27
5849,57.36,1043.9586,-45725.86,1.34
5850,37.08,1017.8094,-35251.48,1.32
5851,44.76,1019.3902,-43440.4,1.28
5852,38.0,997.9143,-42959.07,1.35
5853,48.76,1060.7752,-46119.16,1.42
5854,43.48,1040.035,-53512.38,1.21
5855,60.0,1207.4362,-49531.85,1.23
5856,41.8,996.3142,-45171.21,1.19
5857,43.08,1177.0133,-45546.76,1.28
5858,56.72,1049.2194,-41867.2,1.31
5859,54.2,1035.4065,-49821.19,1.29
5860,60.32,1055.069,-45875.0,1.42
5861,52.64,1024.515,-45531.4,1.31
5862,48.68,1109.9826,-47160.6,1.12
5863,57.12,1038.155,-47535.73,1.35
5864,49.68,1081.8662,-51416.16,1.27
5865,61.32,1029.926,-39739.85,1.46
5866,41.68,1047.5833,-51222.02,1.37
5867,52.68,1018.9214,-43523.9,1.42
5868,51.92,1042.3585,-49832.76,1.41
5869,42.8,1078.2205,-51850.28,1.31
5870,64.64,1036.8642,-49008.51,1.2
5871,51.8,1020.59,-49334.3,1.16
5872,66.2,1020.5448,-53147.83,1.09
5873,53.04,1053.1558,-53698.5,1.27
5874,41.28,1048.9054,-47502.63,1.2
5875,59.96,1050.2766,-45484.24,1.23
5876,49.92,1034.5085,-39204.13,1.4
5877,46.4,1019.8384,-43281.64,1.28
5878,44.24,1046.6069,-47799.43,1.37
5879,35.88,1048.958,-53384.86,1.22
5880,47.84,1000.0275,-49043.08,1.33
5881,45.92,1015.598,-58917.47,1.13
5882,51.52,1026.7522,-43499.26,1.52
5883,42.84,1034.2279,-49452.6,1.36
5884,58.56,1028.8408,-43488.51,1.36
5885,41.28,1053.1615,-53529.18,1.31
5886,60.68,1242.9245,-52272.03,1.05
5887,47.28,1010.5986,-51064.07,1.35
5888,59.4,1020.6204,-47229.49,1.25
5889,43.04,1021.2928,-51436.22,1.22
5890,43.92,1019.473,-47275.35,1.35
5891,56.48,1087.989,-45887.27,1.35
5892,35.92,1011.2006,-55228.29,1.28
5893,51.56,1028.7641,-49237.85,1.2
5894,40.12,1049.8442,-45530.26,1.35
5895,53.68,1074.6896,-47554.73,1.23
5896,32.76,995.3415,-44884.01,1.4
5897,52.08,1080.491,-53876.59,1.33
5898,46.24,1026.4954,-47403.73,1.36
5899,40.16,1031.0074,-47792.89,1.47
5900,51.72,998.8374,-48760.24,1.29
5901,51.04,1020.4195,-51268.1,1.3
5902,51.44,1053.0574,-49565.03,1.35
5903,49.88,1007.1844,-42957.25,1.31
5904,47.24,1022.971,-37396.28,1.47
5905,44.8,1021.375,-45488.98,1.32
5906,41.12,1075.2263,-44602.88,1.38
5907,59.24,1055.2232,-44264.41,1.33
5908,43.6,1145.9723,-46790.4,1.3
5909,53.96,1020.4272,-47153.41,1.23
5910,48.28,1011.8355,-47446.98,1.44
5911,43.44,1027.8806,-53023.97,1.27
5912,43.24,1034.8587,-47837.24,1.42
5913,41.64,1024.2786,-51110.12,1.43
5914,41.8,1035.2437,-45562.44,1.29
5915,50.24,1035.694,-45411.16,1.31
5916,31.16,1011.6402,-47182.66,1.47
5917,53.4,1061.659,-45522.47,1.39
5918,40.0,1008.4434,-50910.87,1.34
5919,44.08,1004.466,-54933.84,1.22
5920,42.88,1047.2152,-47430.28,1.36
5921,59.16,1061.944,-50033.45,1.3
5922,47.2,1033.8854,-51168.43,1.18
5923,42.72,1049.9238,-41781.55,1.4
5924,40.76,1007.863,-50886.44,1.39
5925,62.16,1033.6458,-45396.0,1.53
5926,44.56,1039.5046,-43639.05,1.69
5927,51.72,1040.9017,-53268.68,2.08
5928,42.64,1005.9336,-47077.19,1.99
5929,39.68,1010.5074,-47251.5,1.64
5930,42.24,1028.2852,-43530.8,1.32
5931,51.44,1038.9873,-45846.21,1.36
5932,45.84,1031.1767,-35391.52,1.37
5933,47.52,1026.646,-47282.85,1.44
5934,38.76,1008.7654,-49097.8,1.44
5935,47.64,1038.9409,-49563.28,1.25
5936,59.52,1021.9696,-59157.61,1.23
5937,60.36,1036.0259,-41771.84,1.31
5938,47.08,1033.9787,-55035.05,1.28
5939,49.6,1040.7593,-45596.74,1.29
5940,45.44,1014.7354,-47415.87,1.44
5941,45.8,1008.9977,-43379.02,1.35
5942,36.8,1009.7392,-31298.25,1.46
5943,51.8,1037.4488,-45509.0,1.37
5944,50.4,1012.6019,-49203.4,1.61
5945,59.84,1223.2116,-48154.37,1.12
5946,55.56,1021.6886,-57118.69,1.26
5947,46.88,1070.7186,-42211.04,1.36
5948,53.28,1072.4343,-51771.09,1.55
5949,49.44,1012.4278,-41123.1,1.42
5950,64.16,1015.7994,-45274.9,1.28
5951,44.72,1010.1274,-45205.77,1.26
5952,53.32,1052.4933,-45647.94,1.37
5953,52.36,1022.6978,-51425.43,1.36
5954,51.68,1072.0778,-46392.41,1.5
5955,39.92,1047.9434,-51561.04,1.36
5956,62.24,1002.9372,-47130.44,1.27
5957,41.68,1027.8495,-41600.93,1.49
5958,48.08,1095.8582,-48244.54,1.42
5959,61.8,1022.9924,-45360.95,1.7
5960,47.32,1032.4319,-41338.06,1.62
5961,52.08,1108.1996,-48420.63,1.4
5962,41.48,1047.0291,-48033.22,1.44
5963,66.32,1009.2486,-42970.2,1.42
5964,47.04,1041.1741,-43219.48,1.49
5965,42.68,997.9963,-47111.79,1.86
5966,53.0,1011.6114,-48978.98,1.39
5967,37.6,998.209,-51069.42,1.24
5968,42.12,1020.2743,-59084.05,1.03
5969,48.44,1070.4233,-46091.27,1.31
5970,34.44,1001.4534,-40947.94,1.45
5971,50.24,1018.7156,-41250.7,1.15
5972,48.16,1093.9479,-50195.03,1.3
5973,33.88,1012.3407,-51305.39,1.0
5974,44.36,1025.7374,-41290.98,1.22
5975,50.92,1011.692,-39360.88,1.12
5976,43.84,1046.9263,-47461.93,1.16
5977,38.36,1015.6512,-47451.48,1.19
5978,47.04,1012.3542,-49082.5,1.19
5979,55.04,1041.0638,-45494.33,1.25
5980,59.32,1024.1818,-51255.68,1.13
5981,40.96,1007.36,-61061.15,0.97
5982,39.2,1034.6914,-51428.42,1.17
5983,37.72,1035.9582,-45400.34,1.06
5984,46.0,1011.3554,-49271.89,1.13
5985,53.28,1039.2052,-45599.37,1.06
5986,58.04,1007.6795,-51170.72,1.15
5987,52.32,1019.2369,-51398.73,1.16
5988,55.04,1026.3526,-39527.83,1.19
5989,57.52,1022.5904,-45083.73,1.19
5990,50.84,1045.7445,-53661.23,1.03
5991,49.24,1115.7236,-50339.57,1.07
5992,47.16,1011.041,-54997.63,1.07
5993,49.88,1015.901,-41491.01,1.19
5994,38.44,1004.42,-43222.89,1.16
5995,51.48,1008.0012,-52976.34,1.09
5996,44.92,1024.037,-45235.21,1.14
5997,47.28,1017.6719,-51298.24,1.08
5998,55.44,1044.973,-49496.11,1.17
5999,46.04,1002.5577,-42795.71,1.14
6000,56.2,1003.1786,-43155.01,1.3
6001,51.88,1035.4552,-35873.44,1.31
6002,54.04,1031.3118,-57240.14,1.16
6003,47.92,1022.3967,-45178.31,1.27
6004,38.84,1038.0147,-57186.57,1.25
6005,49.6,1027.2758,-43006.44,1.16
6006,52.24,1028.7326,-47511.54,1.49
6007,53.0,1007.7352,-44928.89,1.23
6008,48.04,1058.9224,-57289.6,1.02
6009,50.8,1018.9779,-51075.17,1.14
6010,49.2,1004.8221,-41125.71,1.12
6011,50.32,1012.6327,-55236.47,1.15
6012,49.0,1046.6814,-49536.53,1.16
6013,53.72,1020.5886,-43448.94,1.23
6014,54.08,1016.9696,-47367.71,1.16
6015,55.84,1047.9655,-57315.34,1.13
6016,55.28,1064.4632,-44304.19,1.19
6017,46.68,1013.8836,-43308.41,1.31
6018,47.32,996.8197,-52962.58,1.09
6019,39.2,1012.481,-56997.88,0.91
6020,57.08,1093.6276,-43843.94,1.22
6021,60.28,1045.4949,-49713.97,1.09
6022,29.2,989.5753,-52900.29,1.11
6023,52.84,1088.375,-52555.81,1.16
6024,40.96,1044.478,-49796.22,1.03
6025,43.88,1052.5485,-51695.19,1.11
6026,38.96,1072.4462,-38716.05,1.21
6027,49.92,1068.0577,-51850.73,1.19
6028,57.08,1034.4518,-43414.88,1.22
6029,33.56,1043.3883,-51833.42,1.13
6030,43.84,1029.0768,-49572.54,1.24
6031,42.56,1016.0282,-37203.07,1.17
6032,49.76,1020.6814,-41402.49,1.2
6033,45.28,1020.3768,-49437.82,1.22
6034,45.88,1106.7836,-46865.8,1.18
6035,42.12,1021.9208,-49327.7,1.12
6036,42.72,1029.8214,-43470.59,1.07
6037,41.32,1054.113,-50071.27,1.33
6038,53.36,1031.5727,-45530.32,1.64
6039,43.32,1049.3041,-45749.61,1.31
6040,47.64,1032.3274,-45565.19,1.57
6041,49.12,1014.5092,-45376.41,1.34
6042,58.04,997.2808,-44978.37,1.53
6043,33.2,1026.397,-47307.88,1.48
6044,43.24,1042.4214,-53392.58,1.64
6045,47.92,1191.8222,-49343.05,1.45
6046,60.88,1126.4651,-61700.26,1.3
6047,49.08,1007.0764,-41154.01,1.86
6048,49.24,1038.6193,-45641.65,1.4
6049,62.88,1038.3018,-47478.52,1.29
6050,49.16,1045.6663,-51944.1,1.39
6051,45.56,1040.7359,-49657.3,1.46
6052,52.96,1010.1338,-47131.06,1.73
6053,47.12,1016.2797,-55223.23,1.53
6054,40.88,1024.5539,-45355.46,1.45
6055,53.2,1038.0879,-41785.11,1.44
6056,50.56,1050.0286,-45843.32,1.4
6057,45.28,1016.0736,-51338.93,1.35
6058,43.8,1037.8796,-53281.41,1.3
6059,52.56,1087.219,-55795.85,1.34
6060,49.08,1053.1836,-45639.02,1.42
6061,54.36,991.9806,-42898.28,1.25
6062,45.92,1000.6513,-53036.44,1.4
6063,41.72,1026.9884,-51264.87,1.83
6064,56.84,1024.7247,-45517.37,1.85
6065,43.16,992.4787,-44803.5,1.63
6066,36.28,1066.863,-44348.31,1.38
6067,58.48,1041.1151,-45600.16,1.28
6068,51.12,1058.7446,-43664.07,1.62
6069,57.36,1063.6721,-48050.83,1.32
6070,58.56,1054.3564,-45701.27,1.77
6071,37.24,996.607,-49003.32,1.71
6072,58.2,1033.2744,-43790.92,2.39
6073,50.72,1062.3472,-40479.65,1.99
6074,53.16,1072.6034,-52022.04,2.11
6075,52.52,1028.0969,-55619.67,2.49
6076,49.48,1042.1396,-41894.58,2.15
6077,35.08,999.1758,-56967.87,2.06
6078,50.48,1022.3521,-49399.25,2.26
6079,50.68,1003.8378,-43082.76,2.4
6080,53.96,1016.5711,-43215.9,2.45
6081,44.28,1057.6759,-53086.44,1.78
6082,49.16,997.1668,-45057.55,1.92
6083,48.04,1033.1883,-39748.53,1.98
6084,58.44,1040.509,-47449.28,2.16
6085,43.68,1054.3104,-47865.52,1.74
6086,55.4,1050.8132,-41744.03,1.46
6087,53.04,1032.9695,-49370.2,1.14
6088,40.48,1029.9816,-55311.87,1.22
6089,45.48,1036.5719,-49497.43,1.38
6090,52.6,1026.3781,-41671.72,1.5
6091,45.2,997.8703,-50967.63,1.31
6092,49.12,1030.4862,-35164.98,1.27
6093,42.92,1021.4594,-41405.4,1.42
6094,42.56,1023.6824,-43208.39,1.24
6095,65.36,1026.4934,-45178.77,1.27
6096,48.8,1017.3018,-47116.95,1.19
6097,41.0,1062.1724,-47936.59,1.22
6098,39.52,1044.0733,-57687.64,1.13
6099,53.24,1015.5042,-47242.72,1.21
6100,53.88,1046.1878,-59270.44,1.41
6101,56.56,1058.8586,-51857.46,1.22
6102,48.88,1032.6321,-39804.91,1.17
6103,46.76,1039.8069,-41678.36,1.24
6104,41.28,1021.322,-49020.54,1.17
6105,46.32,1005.1146,-49025.86,1.32
6106,58.4,977.9168,-52772.69,1.16
6107,48.44,1051.7804,-47316.19,1.2
6108,47.2,1065.7275,-49580.21,1.39
6109,49.44,1036.6263,-53431.7,1.23
6110,36.48,1055.3624,-49850.63,1.23
6111,38.68,1043.2334,-55529.48,1.19
6112,42.32,1024.8321,-45123.12,1.23
6113,47.36,1022.875,-47264.26,1.53
6114,60.6,1017.4369,-49462.0,1.27
6115,55.76,1051.2067,-55466.57,1.2
6116,46.0,1013.4845,-43419.61,1.22
6117,40.12,996.4653,-47001.74,1.24
6118,59.24,1053.1067,-59440.41,1.1
6119,45.0,1006.2977,-43192.75,1.3
6120,46.32,1064.0388,-41763.69,1.21
6121,48.76,1091.8838,-48324.39,1.16
6122,42.52,1064.8501,-54367.49,1.28
6123,51.16,1029.7102,-49409.54,1.48
6124,46.92,1025.4515,-47415.32,1.17
6125,46.68,1062.9662,-49871.32,1.21
6126,38.24,1050.79,-51333.32,1.25
6127,56.88,1051.5311,-49867.22,1.15
6128,47.32,1055.6068,-47015.15,1.21
6129,48.32,1048.063,-45522.52,1.3
6130,56.32,1055.8562,-41464.72,1.23
6131,56.6,1047.6402,-51410.68,1.26
6132,58.92,1029.608,-63104.6,1.15
6133,45.68,1007.4442,-49199.31,1.3
6134,51.6,1047.4212,-49391.2,1.32
6135,51.28,1049.8787,-53192.57,1.36
6136,55.64,1042.6934,-45703.23,1.32
6137,55.12,1029.5829,-55056.12,1.22
6138,50.72,1076.8874,-42110.34,1.39
6139,50.16,1021.598,-51187.32,1.36
6140,58.2,1032.2263,-49420.56,1.51
6141,57.56,1028.731,-41590.49,1.37
6142,57.84,1019.9642,-53152.65,1.57
6143,38.24,1017.997,-54919.53,1.66
6144,54.44,1005.1586,-53214.48,1.4
6145,39.0,1010.4604,-55099.88,1.49
6146,49.12,1002.1534,-43085.36,1.55
6147,50.04,1031.2905,-43206.96,1.62
6148,42.12,1003.1571,-49065.25,1.45
6149,36.52,1000.8911,-57056.03,2.34
6150,49.92,1015.8395,-41408.82,1.67
6151,54.96,1025.975,-45243.01,1.5
6152,38.36,1075.9522,-48273.27,1.73
6153,44.68,1051.1035,-43778.51,1.8
6154,47.12,1062.5242,-43985.72,1.8
6155,45.32,1022.5323,-43285.06,1.65
6156,50.8,1068.2944,-59635.24,1.59
6157,60.44,1084.022,-47996.97,1.54
6158,62.12,1122.9822,-48514.6,1.8
6159,42.04,1080.6532,-40523.05,1.49
6160,59.92,1016.4145,-41323.11,1.41
6161,57.72,1029.6894,-45596.05,1.35
6162,47.8,1026.4914,-43294.43,1.44
6163,49.96,998.4773,-50792.48,1.36
6164,49.92,1012.9909,-43065.78,1.52
6165,40.12,1036.4036,-45428.7,1.23
6166,57.08,1005.2803,-59284.24,0.94
6167,45.88,1027.232,-41315.33,1.36
6168,51.56,1009.3004,-39172.87,1.35
6169,59.6,1017.1362,-43427.6,1.33
6170,42.76,1052.4136,-47447.29,1.15
6171,57.08,1029.1506,-47280.56,1.16
6172,54.92,1053.4571,-53999.9,1.23
6173,48.32,1010.992,-52907.89,1.2
6174,46.56,1009.2163,-51029.87,1.55
6175,38.4,1063.5069,-51941.96,1.87
6176,53.08,1007.4156,-47327.64,1.53
6177,53.32,1019.991,-45169.87,1.39
6178,46.56,1081.9787,-54181.83,1.91
6179,42.8,1033.3484,-47421.09,1.77
6180,37.0,1028.8484,-51311.17,1.41
6181,53.96,1043.2962,-49639.62,1.26
6182,49.36,1019.571,-44966.93,1.52
6183,57.2,1016.4263,-45347.23,1.42
6184,54.2,1012.5733,-37216.02,1.59
6185,41.04,1012.4658,-49106.89,1.38
6186,44.76,999.1069,-36952.68,1.48
6187,47.84,1054.4359,-38061.71,1.36
6188,41.28,1001.1937,-42968.27,1.64
6189,44.16,1023.8992,-51342.84,1.66
6190,39.88,993.2126,-44922.34,1.68
6191,52.24,1046.9527,-41771.49,1.39
6192,56.72,1076.6275,-44068.6,1.67
6193,59.16,1062.7271,-47776.86,1.5
6194,58.52,1011.4946,-59135.86,1.36
6195,46.2,1090.2572,-51668.89,1.47
6196,52.0,1025.3588,-53480.17,1.28
6197,49.04,1033.257,-41793.22,1.5
6198,49.52,1064.548,-36110.34,1.57
6199,49.84,1000.8043,-47061.87,1.34
6200,47.08,1018.2903,-46729.38,1.45
6201,46.88,1018.1996,-39360.51,1.34
6202,54.2,1047.6126,-51583.27,1.44
6203,54.24,1019.8062,-51275.64,1.47
6204,50.08,1051.3911,-36148.53,1.4
6205,59.68,991.0032,-40862.65,1.91
6206,49.56,997.0801,-54889.4,1.65
6207,52.16,1049.7481,-43976.4,1.87
6208,44.12,1049.4993,-57498.68,1.83
6209,51.08,1061.808,-42294.94,1.69
6210,43.88,1018.8064,-47129.3,1.95
6211,56.96,1045.4459,-47460.76,1.77
6212,39.0,1045.7202,-61214.97,1.59
6213,53.04,1046.9536,-49643.97,1.93
6214,45.84,1055.71,-43867.58,1.97
6215,46.84,1007.4388,-48966.32,1.22
6216,43.48,1016.779,-43407.33,1.77
6217,50.36,1014.1977,-51130.38,1.99
6218,52.52,1108.9769,-44376.57,1.52
6219,41.32,1022.7479,-49256.58,1.95
6220,58.24,1069.8766,-47810.41,1.43
6221,52.92,1024.6189,-51452.02,1.41
6222,54.88,1051.1899,-45795.94,1.13
6223,48.68,995.7922,-48972.48,1.38
6224,52.68,1034.9973,-35469.42,1.33
6225,51.6,1023.8042,-51310.38,1.22
6226,47.44,1073.8899,-53541.9,0.98
6227,50.36,1021.7954,-47503.48,1.24
6228,47.52,1025.1461,-47630.78,1.25
6229,52.04,1016.769,-51113.47,1.09
6230,51.36,1031.5449,-45535.64,1.29
6231,37.92,995.2255,-52915.13,1.23
6232,54.56,1054.1514,-52080.85,1.4
6233,54.84,1067.019,-51915.71,1.1
6234,50.16,1027.4134,-39453.6,1.38
6235,52.72,1028.7075,-47352.65,1.23
6236,49.6,1037.2588,-43635.8,1.3
6237,49.84,1023.7934,-45444.11,1.29
6238,54.24,1022.909,-43611.8,1.14
6239,51.88,1042.6026,-49539.31,1.29
6240,38.24,1069.1461,-51992.7,1.24
6241,57.32,1041.2195,-49487.24,1.73
6242,37.96,1061.8082,-49664.89,1.44
6243,54.56,1037.8891,-47400.58,1.24
6244,49.24,1021.7628,-49240.67,1.18
6245,40.48,1034.147,-39404.32,1.28
6246,56.08,1070.5346,-55425.12,1.23
6247,34.48,1012.4384,-49110.16,1.41
6248,47.92,1020.5836,-38954.71,1.41
6249,38.76,995.5426,-49028.83,1.36
6250,60.4,1026.7667,-53099.78,1.29
6251,43.2,1002.6676,-45016.88,1.29
6252,51.36,1004.6071,-47193.96,1.4
6253,35.92,1023.3265,-55262.92,1.26
6254,43.28,1079.247,-44666.08,1.42
6255,46.52,1074.1562,-55594.2,1.27
6256,31.68,1008.7806,-55126.66,1.19
6257,57.88,1026.1342,-43807.65,1.43
6258,45.48,982.7339,-44684.86,1.24
6259,52.08,1015.0557,-51059.56,1.18
6260,56.32,1066.7346,-53705.85,1.2
6261,42.32,1025.6216,-41240.66,1.22
6262,42.88,1022.4223,-45122.84,1.27
6263,53.28,993.8452,-51063.41,1.39
6264,42.68,1030.1234,-53475.55,1.45
6265,53.44,1002.1114,-45043.54,1.39
6266,45.04,1040.6748,-45615.44,1.31
6267,45.32,1065.0469,-47799.1,1.69
6268,41.6,1019.9009,-51145.74,1.44
6269,45.36,1067.3741,-53938.27,1.31
6270,44.68,1108.1261,-52400.81,1.99
6271,50.8,998.0526,-43056.92,2.11
6272,60.88,1053.9775,-47839.17,2.46
6273,34.6,1036.912,-57365.78,1.61
6274,46.32,1126.4106,-46358.12,1.12
6275,54.36,1132.3906,-51869.29,1.55
6276,48.0,1009.5862,-49289.4,1.19
6277,56.2,1041.0231,-51787.83,1.57
6278,52.4,1045.9098,-39934.27,1.33
6279,51.44,1060.5676,-43701.76,1.14
6280,46.16,1111.7623,-50809.06,1.25
6281,42.2,1074.8403,-38367.56,1.97
6282,46.36,1020.9028,-45318.26,1.88
6283,49.76,1040.4187,-47909.77,1.43
6284,50.84,987.5653,-58861.38,1.36
6285,41.6,1037.0214,-49566.96,1.54
6286,64.6,1018.3231,-47379.51,1.25
6287,47.04,1011.348,-51237.61,1.3
6288,52.2,1000.6996,-51099.92,1.33
6289,52.56,1068.896,-48270.03,1.61
6290,42.28,1011.7289,-51112.08,1.62
6291,45.0,1029.7643,-41232.17,1.63
6292,39.16,1047.2415,-51222.37,1.46
6293,39.24,1032.8811,-45266.14,1.37
6294,54.4,1006.6416,-45098.92,1.38
6295,55.08,1004.6581,-45204.87,1.51
6296,52.12,1035.4674,-51144.42,1.41
6297,53.52,1015.4201,-43070.58,1.71
6298,53.8,1021.6198,-41537.31,1.94
6299,56.88,1030.3021,-43560.47,1.91
6300,50.48,1032.1241,-45570.67,1.94
6301,53.56,1027.409,-47339.66,2.08
6302,43.64,1035.7133,-43905.23,2.03
6303,43.96,1053.6893,-42321.64,1.77
6304,52.68,1005.4952,-47111.96,1.84
6305,50.84,1026.9049,-33693.35,1.54
6306,49.4,1050.5093,-43452.73,1.45
6307,44.48,1004.9477,-55075.24,1.34
6308,49.4,993.7354,-38937.8,1.7
6309,56.24,1071.8986,-52057.24,1.36
6310,46.4,1041.9608,-59512.42,1.47
6311,48.24,1085.4564,-42304.79,2.06
6312,46.8,1019.7146,-51086.06,1.95
6313,56.48,1064.1419,-40246.34,1.9
6314,45.6,1071.445,-49879.35,1.45
6315,52.88,1021.7431,-45335.15,1.35
6316,47.76,1035.285,-47364.09,1.79
6317,48.4,1074.0956,-55659.97,1.75
6318,50.92,994.4986,-46853.4,1.25
6319,48.52,1021.841,-47230.37,1.26
6320,40.84,1047.4974,-42002.91,1.5
6321,42.92,1012.1616,-47252.22,2.02
6322,53.36,1029.95,-45584.79,1.88
6323,34.84,1024.4195,-47343.22,1.67
6324,42.56,1071.0816,-48023.87,1.49
6325,37.68,1036.1259,-41687.16,1.59
6326,52.28,1053.1218,-49756.64,1.79
6327,38.76,987.2032,-52818.59,1.75
6328,55.72,1060.5648,-38401.89,1.93
6329,54.96,1030.2451,-43666.48,1.97
6330,50.24,1020.5036,-54928.0,1.82
6331,46.6,1049.2831,-51784.06,1.64
6332,58.04,1063.6518,-52090.11,1.96
6333,60.6,1009.5066,-46997.97,1.56
6334,49.28,999.3391,-41032.85,1.67
6335,54.2,1046.7425,-49920.57,1.97
6336,56.64,1050.5108,-55240.16,2.0
6337,48.2,1027.1508,-41584.29,2.24
6338,33.12,1023.5203,-53195.73,1.85
6339,52.44,1050.3178,-45661.36,1.95
6340,54.68,1019.2621,-39481.6,1.77
6341,46.36,999.5354,-48962.04,2.01
6342,40.28,1023.7532,-51185.64,1.67
6343,43.76,1084.0812,-50010.49,1.21
6344,58.16,1023.0146,-45491.52,1.43
6345,57.12,1024.7245,-43594.55,1.57
6346,55.6,1012.6753,-39227.7,1.4
6347,57.8,1068.1795,-45595.83,1.21
6348,48.48,1053.8992,-44298.41,1.22
6349,49.48,1007.714,-45034.91,1.24
6350,59.04,997.6048,-55049.26,1.21
6351,42.28,1052.422,-51757.03,1.23
6352,36.2,1003.3069,-46942.17,1.1
6353,39.72,993.3691,-50982.49,1.07
6354,58.16,1025.1005,-45357.29,1.2
6355,43.56,1011.9669,-49011.65,1.08
6356,40.52,1034.6429,-39701.63,1.15
6357,47.8,1034.1712,-41696.09,1.25
6358,45.36,1045.6929,-37838.7,1.2
6359,50.08,1012.4296,-49394.39,1.18
6360,46.68,1074.1516,-44631.55,1.15
6361,49.16,1042.4495,-53603.15,1.18
6362,57.44,1053.4287,-41993.12,1.12
6363,50.2,1051.0612,-50160.79,1.35
6364,55.0,1055.3745,-59602.73,1.06
6365,37.4,1024.8619,-57388.73,1.14
6366,51.16,1016.9209,-49127.32,1.12
6367,40.84,1023.801,-39588.45,1.21
6368,48.56,1043.7098,-41490.68,1.08
6369,58.52,1016.5658,-43171.14,1.18
6370,49.08,1034.3566,-49264.27,1.1
6371,38.28,1062.2345,-47487.93,1.02
6372,48.2,1021.8592,-39571.48,1.15
6373,52.68,1023.3785,-49204.23,1.11
6374,37.96,1038.9014,-49379.15,1.08
6375,46.04,1002.5017,-44801.25,1.11
6376,52.4,1044.863,-49542.69,1.09
6377,49.88,1046.2845,-51312.72,1.07
6378,44.24,1012.2892,-45299.29,1.23
6379,38.0,1045.3751,-49879.98,1.17
6380,43.88,1056.8526,-45684.19,1.18
6381,49.48,1010.491,-41309.45,1.13
6382,36.32,1021.6668,-39182.6,1.16
6383,45.24,1050.8941,-39746.16,1.23
6384,42.68,1058.8447,-45888.32,1.15
6385,58.48,1058.6297,-44064.4,1.19
6386,36.92,1020.3162,-47159.61,1.33
6387,54.24,1048.5051,-45786.83,1.04
6388,46.48,1020.1996,-45225.71,1.39
6389,58.68,1013.8773,-49239.56,1.18
6390,39.52,1041.3016,-49609.64,1.13
6391,55.64,1016.2649,-51155.94,1.14
6392,44.4,1011.7582,-53256.03,1.18
6393,52.96,1064.5759,-38228.11,1.12
6394,45.96,1036.4226,-45560.84,1.17
6395,44.48,1057.1196,-44104.71,1.04
6396,44.96,1016.223,-55408.36,1.31
6397,54.76,1185.3389,-50984.38,1.26
6398,40.88,1023.3694,-51183.6,1.19
6399,48.4,1074.7242,-52013.33,1.23
6400,63.92,1022.6385,-51540.96,1.18
6401,49.08,1018.1808,-57123.74,1.12
6402,57.48,1045.6868,-39593.21,1.21
6403,50.44,1065.5141,-40507.38,1.24
6404,47.2,1022.8991,-43504.32,1.35
6405,49.12,1144.9095,-37764.76,1.49
6406,42.04,1010.7918,-48903.14,1.2
6407,49.4,1042.268,-43760.64,1.27
6408,39.96,1039.4124,-55622.11,1.13
6409,55.12,1052.4001,-47328.28,1.33
6410,41.6,1041.4618,-47732.13,1.23
6411,52.4,1128.5426,-47526.97,1.31
6412,43.0,1049.5246,-39882.18,1.31
6413,45.2,1027.0694,-45465.96,1.31
6414,56.68,1062.7595,-50238.29,1.2
6415,52.4,1115.1645,-50399.64,1.28
6416,50.52,1053.6237,-45922.31,1.39
6417,51.48,1067.6088,-51913.99,1.26
6418,53.04,1033.439,-53340.03,1.28
6419,40.04,1023.899,-41400.14,1.36
6420,42.88,1051.2279,-47720.36,1.35
6421,50.16,1073.737,-51826.16,1.66
6422,42.88,1055.1383,-43954.58,1.49
6423,51.6,1067.7372,-51869.1,1.35
6424,45.84,1066.6233,-48253.96,1.34
6425,51.12,1054.8172,-47822.36,1.25
6426,49.52,1053.1905,-43655.88,1.29
6427,47.52,1056.7297,-43614.15,1.19
6428,52.92,1066.6154,-51801.0,1.14
6429,49.72,1055.4778,-49883.59,1.04
6430,57.36,1011.1403,-39388.6,1.18
6431,65.88,1006.2092,-47184.42,1.2
6432,48.96,1017.2329,-45597.09,1.12
6433,44.16,1043.5151,-51327.66,1.27
6434,28.44,992.1264,-47053.54,1.34
6435,32.96,1047.1892,-47719.94,1.07
6436,50.88,1051.1054,-40067.71,1.29
6437,48.48,1079.2902,-51702.77,1.19
6438,50.76,1011.6879,-51077.0,1.19
6439,49.92,1050.8219,-49513.98,1.24
6440,55.68,1041.6655,-47771.41,1.29
6441,47.76,1073.1993,-49969.21,1.21
6442,45.16,1034.2824,-41615.33,1.37
6443,45.56,1086.6803,-45754.18,1.1
6444,62.76,987.6672,-42821.94,1.07
6445,34.28,1032.9398,-45434.77,1.29
6446,39.44,1042.8417,-49347.68,1.05
6447,46.04,1108.213,-46848.75,1.04
6448,55.6,1018.3955,-45108.27,1.24
6449,54.44,1083.2237,-46502.23,1.23
6450,44.4,1000.8284,-41132.66,1.18
6451,53.72,1087.8931,-55855.02,1.08
6452,50.8,1021.1539,-47023.32,1.21
6453,51.16,1043.7448,-51904.89,1.28
6454,52.56,1030.3324,-55319.93,1.19
6455,60.24,1025.6182,-51066.29,1.18
6456,40.64,1014.356,-41228.48,1.1
6457,49.36,1047.5544,-40011.93,1.18
6458,49.8,1077.1488,-49621.45,1.22
6459,57.12,1049.4862,-45726.04,1.19
6460,41.12,1034.8388,-55277.4,1.07
6461,52.0,1037.5586,-49070.27,0.99
6462,47.12,1033.6732,-49209.24,0.92
6463,53.48,1015.0854,-47245.36,1.15
6464,59.96,1033.994,-47404.83,1.17
6465,52.84,1007.3325,-49199.17,1.18
6466,42.44,1011.5986,-55178.94,1.23
6467,56.32,1034.7209,-49538.18,1.08
6468,48.2,1019.8165,-49145.13,1.14
6469,59.6,1020.1333,-41327.68,1.1
6470,38.56,1011.1315,-45281.33,1.07
6471,58.24,1116.0493,-48615.19,1.11
6472,45.2,1049.0212,-45862.29,1.13
6473,47.0,1047.9687,-45893.35,1.49
6474,54.68,1001.9799,-46837.11,1.52
6475,58.8,1098.1587,-57781.25,1.59
6476,44.68,1066.051,-49814.18,1.83
6477,40.08,989.594,-58898.59,1.38
6478,47.44,1011.7985,-43134.5,1.69
6479,59.12,1068.1846,-46220.21,1.13
6480,48.76,1037.7968,-41914.36,1.55
6481,40.8,1019.3926,-53243.09,1.07
6482,54.04,1068.9559,-49970.62,1.18
6483,41.16,1024.319,-57355.63,1.05
6484,52.56,1034.3403,-43585.46,1.35
6485,51.32,1067.215,-49628.05,1.27
6486,55.2,1016.0778,-47125.22,1.3
6487,47.2,994.6716,-56806.38,1.15
6488,55.36,1046.1722,-51456.82,1.34
6489,49.84,1075.4028,-55573.92,1.41
6490,61.84,1042.7574,-49347.75,1.31
6491,41.16,1019.9,-51354.79,1.11
6492,59.6,997.5962,-50942.83,0.97
6493,48.28,1021.9866,-45127.92,1.2
6494,47.64,1027.7968,-47003.95,1.22
6495,56.48,1009.6331,-37248.36,1.13
6496,43.52,1143.9061,-44955.58,1.18
6497,47.84,1029.3277,-45488.32,1.11
6498,46.8,1035.5252,-53533.63,1.12
6499,48.24,1016.3024,-47183.52,1.42
6500,37.72,1079.1898,-41779.4,1.18
6501,33.48,1029.1734,-33868.91,1.16
6502,42.56,1029.3734,-47652.98,1.15
6503,41.0,1023.5419,-49429.9,1.11
6504,46.4,1018.043,-41420.16,1.3
6505,36.6,1011.7727,-47406.75,1.27
6506,43.76,1020.1096,-47243.77,1.24
6507,44.64,988.0952,-54894.49,1.12
6508,45.44,1030.023,-45428.21,1.22
6509,36.48,1025.8488,-43646.57,1.41
6510,44.08,1040.3028,-51492.36,1.54
6511,52.2,1042.2391,-43602.01,1.29
6512,56.28,1043.815,-59291.43,1.47
6513,55.32,1032.9752,-51409.2,1.77
6514,43.04,1003.2812,-39030.57,1.87
6515,50.52,1068.8221,-47696.14,1.61
6516,60.08,1029.4884,-61046.77,1.6
6517,42.4,1007.6397,-41071.86,1.85
6518,52.88,1022.1152,-47235.21,1.85
6519,49.44,1027.8354,-49280.13,1.59
6520,40.16,1018.7464,-43204.03,1.53
6521,54.0,1070.9657,-49639.38,1.3
6522,54.08,1059.1318,-42274.9,1.28
6523,41.84,1071.5038,-55089.03,1.84
6524,48.8,1088.789,-49932.13,1.75
6525,48.2,1042.8683,-47549.42,1.92
6526,45.36,1029.1985,-47499.88,1.67
6527,41.0,1049.8859,-53488.69,1.63
6528,48.0,1056.0585,-41788.83,1.61
6529,58.52,1045.9493,-33946.29,2.03
6530,56.08,1056.8671,-40374.59,1.81
6531,47.72,1031.4373,-45330.53,1.77
6532,41.24,1028.7291,-45611.03,1.65
6533,41.56,996.4748,-51085.99,1.66
6534,51.24,1110.8385,-37099.36,1.63
6535,50.68,1014.0277,-53243.34,1.38
6536,50.52,1093.832,-56014.52,1.63
6537,50.36,1053.3046,-41793.39,1.81
6538,35.32,1020.8379,-43529.01,1.49
6539,57.08,1029.3942,-53272.78,1.25
6540,47.0,1001.115,-39000.69,2.0
6541,41.8,1027.6298,-53036.8,1.44
6542,48.24,1052.3896,-44207.24,1.43
6543,42.4,1021.3132,-47051.64,1.23
6544,53.44,1066.0067,-49321.23,1.3
6545,53.84,1091.7034,-42465.11,1.51
6546,36.12,996.1377,-45001.41,1.26
6547,45.88,1008.2516,-44977.21,1.27
6548,60.84,1027.7655,-45266.9,1.18
6549,49.52,1044.7334,-55437.21,1.14
6550,48.92,1006.8246,-50861.87,1.2
6551,47.52,1011.3877,-47030.06,1.36
6552,43.16,1056.6017,-44145.02,1.5
6553,48.16,1044.396,-46163.55,1.27
6554,47.36,1021.8995,-47194.81,1.24
6555,60.68,1041.4906,-43845.77,1.55
6556,49.72,1015.7027,-45324.98,1.17
6557,46.24,1020.9401,-47367.42,1.17
6558,61.28,998.7904,-45029.44,1.33
6559,41.76,997.9731,-48897.22,1.12
6560,49.2,1060.9318,-48013.29,1.48
6561,66.44,994.142,-44938.72,1.33
6562,54.44,1100.5021,-48430.83,1.19
6563,54.36,1066.5708,-45502.7,1.35
6564,46.68,1036.9832,-55641.58,1.21
6565,40.64,1008.5712,-45119.53,1.23
6566,55.96,1040.5629,-45884.85,1.32
6567,43.88,1009.2882,-45384.07,0.99
6568,44.8,1044.1842,-49738.31,1.15
6569,35.6,1028.0268,-47266.77,1.33
6570,44.48,1030.667,-45535.12,1.72
6571,43.28,1055.2204,-42013.63,1.94
6572,48.92,1048.4754,-46317.62,1.55
6573,63.0,1038.5909,-51191.27,1.51
6574,28.88,1053.3277,-61756.15,1.59
6575,50.0,1040.1139,-45599.99,1.61
6576,48.0,1007.3616,-51055.1,2.14
6577,43.96,1055.0526,-55647.38,1.61
6578,43.32,1027.3834,-45691.96,1.44
6579,46.64,1045.3413,-49981.49,1.6
6580,45.56,1027.0516,-53571.69,1.26
6581,50.4,1024.8135,-49417.53,1.46
6582,46.08,1023.9666,-49211.72,1.49
6583,48.28,987.592,-42844.03,1.2
6584,44.16,1036.0975,-49761.34,1.28
6585,42.8,1031.1054,-47669.39,1.31
6586,44.68,1006.0185,-52935.09,1.24
6587,42.0,1093.7328,-49987.98,1.18
6588,56.92,1056.1516,-49597.21,1.16
6589,39.2,1021.3051,-49416.03,1.28
6590,55.48,1055.0415,-57606.56,1.12
6591,41.2,1056.7537,-53324.47,1.1
6592,49.6,1020.6254,-57506.58,1.19
6593,46.16,1046.0785,-47858.82,1.13
6594,52.96,1077.3012,-58087.38,1.37
6595,43.76,1013.755,-45121.17,1.28
6596,40.4,1050.5058,-41917.79,1.3
6597,54.16,1028.7293,-41454.97,1.23
6598,54.52,1058.5746,-53540.82,1.28
6599,51.24,1045.8142,-63125.42,1.14
6600,54.72,1075.6008,-42448.59,1.92
6601,61.28,1049.877,-47699.46,1.09
6602,46.8,1028.9448,-47324.82,1.37
6603,50.96,1014.0683,-43124.49,1.66
6604,55.44,1107.0849,-42838.19,1.37
6605,37.28,993.7864,-42984.87,1.24
6606,56.0,1038.4658,-51307.78,1.24
6607,43.2,1060.7249,-48568.8,1.22
6608,60.96,1021.1744,-49254.78,1.19
6609,45.2,1019.6822,-43281.98,1.28
6610,51.32,1083.6156,-55964.11,1.22
6611,56.16,1078.3008,-47923.03,1.16
6612,49.88,1034.0506,-51067.05,1.27
6613,62.24,993.1202,-40854.18,1.32
6614,49.76,1075.723,-53908.75,1.15
6615,42.64,1053.7188,-41808.19,1.31
6616,42.88,1062.652,-59459.93,1.34
6617,48.64,1039.6944,-49657.54,1.29
6618,48.36,1016.0518,-45011.63,1.37
6619,55.96,1070.7732,-53927.07,1.26
6620,50.84,1038.1534,-51621.92,1.2
6621,46.12,995.5525,-46842.98,1.29
6622,41.24,1076.8847,-56205.22,1.59
6623,56.96,1322.3407,-54373.14,1.11
6624,45.04,1060.3249,-54073.95,1.21
6625,45.8,1104.8074,-41299.83,1.45
6626,34.32,1045.9456,-43650.3,1.55
6627,59.52,1040.0706,-59224.49,1.36
6628,31.52,1038.8706,-47491.91,1.29
6629,41.44,1037.8769,-49556.18,1.27
6630,41.8,1002.6634,-49140.47,1.62
6631,49.56,1010.0351,-49146.59,1.33
6632,43.32,1029.1638,-45245.1,1.4
6633,46.36,1041.2163,-43498.36,1.48
6634,47.4,1093.6838,-56017.4,1.45
6635,53.64,1006.8276,-47204.36,1.61
6636,54.36,1015.6766,-47237.72,2.6
6637,47.56,1046.6097,-53461.43,1.56
6638,55.32,1012.2806,-47274.46,1.33
6639,56.52,1004.997,-35099.41,1.62
6640,46.76,1027.2192,-55256.97,1.35
6641,49.24,1152.92,-44957.19,1.59
6642,47.8,1033.4177,-49429.77,1.58
6643,51.36,1040.0609,-57252.56,1.3
6644,50.56,1016.9222,-49448.16,2.09
6645,50.92,1058.8808,-45442.26,2.09
6646,46.84,1058.9114,-37855.09,1.77
6647,44.0,1070.659,-46829.82,1.95
6648,48.56,1047.9467,-42067.17,1.75
6649,39.92,1043.9445,-45643.08,1.95
6650,46.44,1020.291,-41250.7,1.49
6651,55.52,1003.079,-43186.14,1.65
6652,36.76,993.6592,-36828.55,1.67
6653,53.24,1015.6944,-46954.56,1.91
6654,49.84,1009.7455,-45300.14,2.11
6655,48.44,1035.3849,-45438.19,2.21
6656,41.28,1046.7254,-46077.99,2.47
6657,42.4,1098.4246,-46337.75,3.02
6658,43.08,1072.5096,-46368.69,2.99
6659,45.16,1019.4336,-43520.57,2.58
6660,47.92,1079.8343,-53861.5,1.7
6661,33.72,1104.8048,-52018.8,1.41
6662,47.24,1019.6572,-49092.92,1.7
6663,50.08,1101.6676,-44199.43,1.66
6664,42.44,1014.8984,-43076.06,1.4
6665,45.64,1053.4076,-47418.95,1.72
6666,46.36,995.5289,-50933.19,1.12
6667,51.56,1062.8285,-44254.56,1.66
6668,55.04,1007.0375,-47071.5,1.28
6669,53.0,1053.8675,-49770.91,1.33
6670,41.28,1027.4442,-45727.36,1.24
6671,50.76,1066.8557,-42038.09,1.2
6672,46.56,1056.2972,-53733.75,1.14
6673,51.56,1049.9672,-44065.95,1.23
6674,47.44,1012.75,-37309.32,1.3
6675,48.44,1021.1349,-47178.39,1.23
6676,54.36,1064.6938,-47632.75,1.28
6677,42.84,1040.4552,-45405.04,1.38
6678,40.32,1045.1339,-45643.08,1.4
6679,65.08,1149.2737,-46763.38,1.08
6680,43.64,1024.876,-33503.21,1.31
6681,54.96,1058.083,-63803.81,1.15
6682,51.64,1022.9344,-55559.48,0.97
6683,30.44,1059.3375,-43952.62,1.23
6684,55.52,1024.8855,-43473.0,1.2
6685,57.64,1059.0533,-47306.61,1.2
6686,45.96,1033.9739,-41535.74,1.26
6687,42.08,1036.5794,-43841.53,1.28
6688,54.6,1004.6147,-48971.98,1.37
6689,48.64,995.138,-48859.79,1.33
6690,57.92,1024.2631,-51438.21,1.26
6691,55.88,1014.867,-50948.29,1.15
6692,60.04,1068.8471,-47738.62,1.24
6693,40.96,1015.4871,-47287.88,1.14
6694,53.88,1033.9114,-43672.25,1.15
6695,43.32,1016.7364,-47306.51,1.38
6696,53.68,1040.3261,-49772.15,1.28
6697,52.64,1049.1372,-43663.65,1.2
6698,57.32,1025.648,-47307.8,1.16
6699,39.84,1015.1338,-49170.71,1.38
6700,48.28,1020.0842,-51423.88,1.11
6701,48.16,1067.7611,-50025.6,1.5
6702,47.2,1016.7976,-41434.31,1.18
6703,56.72,1009.0919,-47046.24,1.23
6704,45.8,1029.5367,-43535.39,1.28
6705,52.6,1003.6984,-47197.51,1.27
6706,53.64,1092.3877,-46199.33,1.23
6707,51.08,1044.2382,-45755.9,1.57
6708,46.08,1055.4585,-54315.29,1.51
6709,25.64,1011.1079,-51285.98,1.62
6710,42.28,1039.1341,-45591.96,1.49
6711,45.52,1063.7057,-45679.0,1.61
6712,44.24,1019.2239,-54922.17,1.66
6713,42.12,1024.1062,-55181.82,1.43
6714,44.68,1037.8318,-51452.76,1.66
6715,36.12,1051.2491,-53799.81,1.51
6716,40.32,1013.6484,-49429.57,1.47
6717,40.96,1075.1628,-42706.32,1.67
6718,54.12,1017.016,-58886.75,1.25
6719,39.4,1033.3513,-51500.83,1.18
6720,52.32,1036.6066,-53367.14,1.11
6721,55.36,1010.5986,-47163.82,1.2
6722,50.12,1047.7268,-45435.12,1.32
6723,47.88,1035.8361,-49259.61,1.2
6724,51.52,1025.029,-43473.21,1.14
6725,51.84,1069.1408,-51935.53,1.18
6726,47.68,1012.2644,-45236.21,1.26
6727,37.84,1048.669,-53948.85,1.19
6728,50.12,1091.7708,-50895.53,1.02
6729,38.88,1054.3228,-47451.92,1.16
6730,40.64,1052.0017,-55461.65,1.15
6731,53.28,1044.5945,-53457.4,1.11
6732,43.96,1052.0629,-49613.12,1.19
6733,49.72,1007.8213,-49073.46,1.16
6734,42.88,1111.6592,-46419.02,1.18
6735,46.04,1046.7456,-49169.86,1.37
6736,69.12,978.9078,-44682.14,1.14
6737,55.96,1071.1518,-39648.67,1.27
6738,33.28,1024.9964,-47647.78,1.17
6739,39.6,986.904,-44728.59,1.27
6740,46.52,1017.1098,-45512.72,1.16
6741,35.12,1024.9325,-59132.29,1.05
6742,43.88,1024.33,-49417.24,1.21
6743,52.28,1042.39,-48937.72,1.31
6744,42.16,1043.924,-41940.15,1.2
6745,62.44,1028.2834,-55204.37,1.4
6746,37.56,1031.8686,-49324.2,1.25
6747,38.24,1039.6056,-45709.46,1.21
6748,50.48,1038.2893,-43717.96,1.26
6749,38.8,1086.5348,-51707.53,1.25
6750,44.88,1027.4068,-51303.13,1.2
6751,42.84,1053.1986,-39546.99,1.37
6752,50.12,1085.7532,-53633.54,1.11
6753,35.72,1017.7018,-49242.74,1.27
6754,47.64,1021.5562,-43210.24,1.21
6755,57.04,1040.3216,-47335.53,1.11
6756,50.52,1053.5496,-36176.67,1.27
6757,57.0,1063.3448,-51813.12,1.19
6758,46.88,998.3409,-52881.5,1.18
6759,50.6,1050.0289,-47961.24,1.33
6760,43.76,1074.1343,-55805.41,1.3
6761,50.48,1018.2262,-39193.71,1.31
6762,33.4,1012.8558,-47240.88,1.23
6763,38.56,1025.6599,-53542.07,1.12
6764,59.12,993.823,-48881.36,1.15
6765,45.2,1054.7182,-49819.43,1.26
6766,51.24,1016.8888,-45369.81,1.31
6767,53.32,1033.0663,-59142.27,1.33
6768,46.08,997.203,-48907.31,1.19
6769,50.56,1018.1415,-53265.34,1.24
6770,52.8,1079.4846,-49965.89,1.22
6771,50.8,1040.0492,-47746.15,1.17
6772,39.24,1063.4198,-53098.05,1.18
6773,59.56,1021.077,-45314.11,1.28
6774,60.48,1034.0853,-45601.79,1.22
6775,50.96,1024.5393,-45307.32,1.06
6776,52.24,1018.5838,-41301.46,1.29
6777,56.52,1042.1161,-47501.31,1.17
6778,51.32,1021.4119,-47346.29,1.15
6779,46.44,1006.0752,-43155.38,1.21
6780,47.2,1033.6458,-51330.05,1.2
6781,49.4,1087.4447,-53989.49,1.16
6782,52.52,1008.7441,-53053.66,1.24
6783,38.92,1005.4785,-44898.03,1.29
6784,53.28,1021.6557,-39123.56,1.33
6785,51.48,1076.8334,-42593.97,1.35
6786,58.52,1094.2427,-50836.96,1.22
6787,49.2,1021.8048,-41433.17,1.3
6788,46.48,1039.4737,-57147.01,1.18
6789,43.52,982.9696,-46550.0,1.25
6790,41.72,1033.737,-47557.48,1.28
6791,58.2,990.7062,-46754.76,1.31
6792,48.84,1001.3572,-48995.52,1.27
6793,53.08,1058.6862,-44210.5,1.24
6794,35.16,1028.092,-41546.45,1.23
6795,48.04,1021.9624,-49235.38,1.17
6796,50.12,1036.9932,-41464.88,1.15
6797,35.72,1029.2946,-41608.49,1.12
6798,54.76,1057.0106,-49551.82,1.27
6799,55.16,1009.4303,-49199.06,0.97
6800,54.12,1034.2626,-39671.68,1.34
6801,50.24,1040.6622,-51337.18,1.06
6802,64.96,1028.9561,-45440.21,1.09
6803,39.36,1062.3096,-47782.68,1.17
6804,53.68,1047.4368,-41474.56,1.19
6805,40.56,1052.0612,-51579.33,1.15
6806,32.28,1054.3258,-49713.38,1.37
6807,40.92,1011.8686,-55144.89,1.21
6808,56.6,1051.4732,-49785.99,1.28
6809,49.24,996.4386,-38951.83,1.29
6810,52.28,1024.9599,-45306.91,1.16
6811,54.08,1045.8335,-47737.95,1.15
6812,56.36,1071.1922,-42021.13,1.21
6813,56.92,1037.8408,-47416.11,1.22
6814,53.28,1039.2925,-47643.14,1.22
6815,51.24,1022.0186,-51151.6,1.21
6816,53.48,1000.9213,-47023.94,1.57
6817,45.04,1031.9331,-53368.5,1.12
6818,51.8,1040.9622,-45538.26,1.35
6819,47.0,1062.8341,-39684.15,1.22
6820,53.72,1055.0458,-49579.91,1.1
6821,57.52,996.8551,-48966.55,1.34
6822,42.8,1067.1984,-54070.69,1.16
6823,44.4,1051.9182,-46107.97,1.37
6824,45.84,1006.6002,-51331.44,1.16
6825,42.4,1033.0392,-51300.41,1.15
6826,57.0,1016.3767,-45342.39,1.2
6827,54.44,1049.7448,-46031.0,1.28
6828,43.72,1054.9351,-55431.69,1.22
6829,39.8,1029.0997,-53216.3,1.15
6830,46.48,1036.8413,-51484.94,0.91
6831,42.8,1018.675,-47352.53,1.26
6832,41.64,1008.8038,-47228.26,1.21
6833,46.92,1032.2047,-45226.02,1.21
6834,57.2,1000.3148,-34955.9,1.25
6835,52.08,998.8243,-40955.01,1.15
6836,54.12,1014.4154,-45382.72,1.19
6837,50.24,1020.7569,-53024.38,1.27
6838,54.76,1041.1843,-53576.99,1.21
6839,53.8,1011.2066,-47207.43,1.28
6840,37.12,1038.0604,-47621.65,1.32
6841,53.2,1045.0603,-37534.97,1.27
6842,47.8,1042.1285,-39897.72,1.22
6843,45.16,1082.4266,-49623.66,1.29
6844,51.56,1045.4816,-47664.32,1.19
6845,49.68,1035.9444,-45160.31,1.23
6846,48.44,1019.7736,-43436.1,1.24
6847,63.2,1005.1772,-43115.52,1.2
6848,52.6,1023.2619,-59271.51,1.11
6849,50.6,1044.0758,-47541.13,1.31
6850,51.32,1029.198,-47281.54,1.2
6851,47.12,999.6628,-52989.75,1.13
6852,55.12,1041.3163,-51707.84,1.14
6853,45.96,1023.4365,-41505.78,1.43
6854,31.12,1011.3148,-57174.33,1.23
6855,51.08,1001.4536,-55155.79,1.16
6856,45.48,1084.6568,-38718.79,1.41
6857,38.24,1014.8359,-59395.88,1.18
6858,49.92,1028.3166,-48926.92,1.08
6859,45.04,1039.1966,-47353.31,0.95
6860,52.88,1016.2249,-43417.28,1.28
6861,52.24,1062.6327,-49590.28,1.21
6862,38.36,1103.0504,-52000.64,1.19
6863,47.84,1067.7433,-49771.52,1.26
6864,44.32,1033.3324,-47203.62,1.18
6865,55.72,1017.661,-37363.65,1.19
6866,46.84,1018.8449,-45356.77,1.25
6867,55.6,1075.7924,-44125.4,1.18
6868,53.96,1041.4901,-39793.49,1.24
6869,51.28,1016.457,-48953.1,1.22
6870,61.32,995.0654,-40897.97,1.21
6871,56.6,983.88,-44768.05,1.14
6872,56.44,1033.6456,-45442.43,1.36
6873,52.4,1016.6593,-55120.51,1.21
6874,45.16,1026.237,-51252.07,1.21
6875,48.92,1021.537,-35413.28,1.27
6876,46.96,1010.6549,-41341.93,1.19
6877,45.56,1072.5248,-49929.0,1.15
6878,46.8,1055.278,-43942.98,1.21
6879,53.16,1014.1635,-45006.92,1.27
6880,44.2,1052.4956,-48142.03,1.22
6881,55.2,1055.9917,-48236.25,1.29
6882,55.4,981.4111,-48755.86,1.17
6883,52.88,1056.2336,-47908.47,1.13
6884,54.68,1017.8569,-47076.96,1.23
6885,38.32,1057.5163,-57574.19,1.29
6886,55.6,1008.7879,-49223.26,1.31
6887,54.88,1077.366,-48291.93,1.3
6888,47.72,1015.1636,-43131.18,1.37
6889,45.52,1029.2638,-49453.85,1.16
6890,47.12,1027.0188,-47298.84,1.13
6891,43.12,1004.3811,-53065.23,1.09
6892,51.44,999.6068,-46905.37,1.29
6893,57.84,1112.7066,-50521.97,1.27
6894,51.92,1026.2907,-43258.14,1.07
6895,42.52,1026.0787,-47340.81,1.19
6896,48.88,1089.9855,-45912.47,1.33
6897,29.52,1003.9242,-46866.09,1.41
6898,55.08,1122.4689,-40916.37,1.37
6899,43.4,1048.7495,-43736.19,1.27
6900,50.28,1015.4265,-43272.18,1.36
6901,52.56,1059.6778,-49501.45,1.27
6902,47.36,1023.068,-47494.18,1.28
6903,40.8,1028.6382,-57284.17,1.05
6904,47.48,1083.6038,-42211.86,1.42
6905,48.48,1017.1229,-47130.34,1.27
6906,51.16,1003.7819,-45049.08,1.17
6907,44.32,1003.9976,-47164.18,1.25
6908,48.36,1052.6822,-43939.16,1.3
6909,33.32,1033.2668,-35721.23,1.7
6910,42.88,1036.4482,-51609.95,1.35
6911,43.2,1036.8411,-49277.7,1.23
6912,42.28,1030.327,-47407.19,1.23
6913,52.64,1061.9732,-40194.75,1.32
6914,54.44,1034.3156,-43635.51,1.34
6915,53.16,1011.378,-43122.61,1.47
6916,38.16,1004.2819,-41095.78,1.48
6917,55.24,1030.3036,-47658.32,1.4
6918,48.96,1003.243,-44962.86,1.23
6919,52.2,1031.3583,-47478.12,1.37
6920,31.92,1009.458,-45224.25,1.43
6921,38.64,1009.2569,-45170.82,1.46
6922,34.16,1067.2945,-47742.34,1.53
6923,39.64,1016.0261,-50852.65,1.25
6924,63.92,1019.7045,-47364.58,1.24
6925,47.48,1040.8811,-55398.82,1.22
6926,54.84,1038.0953,-45578.36,1.4
6927,55.8,1054.3891,-43448.85,1.4
6928,38.32,985.9232,-44778.81,1.28
6929,50.28,1057.422,-45867.78,1.29
6930,58.24,1075.7529,-54087.83,1.29
6931,42.44,1032.4327,-51397.02,1.21
6932,54.96,1007.4797,-49103.97,1.06
6933,54.0,1036.2582,-49425.28,1.22
6934,44.28,1032.531,-45532.18,1.33
6935,61.4,1051.9729,-45582.74,1.2
6936,53.56,1040.189,-59337.65,1.2
6937,36.08,1022.565,-51382.51,1.31
6938,46.4,1035.2987,-47570.48,1.28
6939,62.12,1060.9532,-49534.85,1.17
6940,43.36,1058.4914,-46042.18,1.22
6941,43.24,1024.8773,-47204.98,1.37
6942,49.72,1031.2294,-41593.72,1.2
6943,48.6,1018.848,-41418.82,1.22
6944,34.0,1044.6851,-41561.49,1.28
6945,47.6,1041.5031,-47690.82,1.18
6946,39.36,998.6522,-42931.28,1.18
6947,38.24,1032.0193,-51482.8,1.2
6948,46.96,1035.9374,-47353.36,1.43
6949,43.36,1050.736,-41842.46,1.35
6950,51.76,997.8137,-46876.26,1.12
6951,36.8,1008.1203,-46956.05,1.19
6952,57.0,1059.494,-41880.11,1.28
6953,53.04,1086.1094,-53918.82,1.09
6954,50.36,988.3634,-50817.67,1.25
6955,46.56,1033.3982,-57232.97,1.2
6956,50.36,1031.9096,-41852.09,1.12
6957,55.84,1046.9532,-51251.38,1.15
6958,53.88,1000.8244,-43013.02,1.27
6959,45.52,1015.9433,-43147.2,1.23
6960,36.16,1067.992,-46269.82,1.09
6961,45.52,1032.9435,-43638.14,1.23
6962,51.6,1043.679,-45444.53,1.24
6963,49.24,1024.4962,-51428.02,1.14
6964,49.76,1061.2076,-48051.5,1.26
6965,41.2,1030.6582,-43414.48,1.39
6966,46.2,1036.9072,-39740.84,1.22
6967,41.64,1009.4321,-39206.27,1.28
6968,60.6,1075.7806,-50229.19,1.24
6969,31.68,1031.7939,-51561.81,1.13
6970,43.04,1014.768,-47345.81,1.2
6971,36.88,991.4014,-46855.91,1.14
6972,50.2,1040.2713,-53278.07,1.3
6973,57.32,1022.6032,-49133.46,1.34
6974,41.36,1020.8456,-49424.12,1.22
6975,62.0,1018.4757,-51263.28,1.14
6976,57.48,1032.9626,-49548.53,1.14
6977,38.08,1001.942,-37044.91,1.51
6978,47.84,1001.2289,-51067.67,1.15
6979,51.56,1033.1728,-53629.03,1.2
6980,48.44,1065.565,-47719.94,1.21
6981,47.92,992.0536,-42891.57,1.25
6982,60.68,1043.9248,-55566.4,0.96
6983,52.0,1037.1778,-47696.61,1.19
6984,32.96,1108.82,-48215.38,1.24
6985,41.88,1076.7128,-53605.99,1.21
6986,36.52,1029.8621,-51378.21,1.11
6987,33.92,992.6921,-50954.68,1.2
6988,40.16,1063.98,-51792.28,1.27
6989,46.76,1065.3833,-41973.89,1.26
6990,55.96,1023.952,-43165.28,1.3
6991,48.32,1009.5068,-49226.82,1.19
6992,43.68,1039.3429,-45780.51,1.16
6993,47.08,1007.3612,-47096.2,1.26
6994,52.36,1065.6484,-53602.28,1.07
6995,45.8,1001.9,-51093.32,1.29
6996,39.28,1005.7425,-47119.17,1.09
6997,51.36,1010.9573,-53063.29,1.13
6998,48.2,1024.1631,-53324.02,1.19
6999,40.28,999.1752,-41053.58,1.22
7000,42.04,994.6257,-57081.99,0.93
7001,50.24,1044.5679,-49406.79,1.15
7002,35.84,1025.279,-41651.51,1.22
7003,35.76,1046.5612,-53608.85,1.28
7004,43.72,1012.6337,-43179.41,1.26
7005,53.4,1016.1706,-47303.33,1.13
7006,56.0,1039.0935,-39539.65,1.3
7007,58.44,1042.8922,-49619.31,1.13
7008,57.72,1044.485,-53283.86,1.06
7009,51.2,1150.017,-51734.35,1.23
7010,42.56,1023.7777,-49276.93,1.26
7011,53.92,1019.292,-44964.37,1.24
7012,46.72,1015.4146,-41140.05,1.28
7013,53.56,1220.1273,-59616.35,1.08
7014,47.88,987.047,-40834.59,1.24
7015,48.56,1075.438,-43802.35,1.31
7016,49.24,999.5627,-47031.36,1.17
7017,43.88,1035.3495,-35827.03,1.19
7018,54.36,997.6585,-47063.5,1.25
7019,53.76,1015.4446,-39485.7,1.21
7020,53.44,1033.3745,-45690.27,1.18
7021,39.92,1043.6135,-43346.33,1.24
7022,49.12,1043.7615,-53453.76,1.27
7023,47.2,1001.4966,-47155.88,1.24
7024,46.52,1005.4343,-43174.2,1.41
7025,44.6,1111.2706,-56110.32,0.96
7026,51.44,1046.8147,-47628.27,1.32
7027,39.28,1060.5974,-45900.79,1.31
7028,43.76,1054.2326,-49908.32,1.24
7029,32.96,1009.4945,-55153.1,1.17
7030,43.08,994.7589,-46963.77,1.32
7031,54.44,1034.3353,-45511.55,1.19
7032,49.8,1052.6938,-44349.28,1.19
7033,53.2,1071.983,-47601.36,1.13
7034,54.04,1053.4747,-43871.17,1.23
7035,58.96,1022.7058,-43332.89,1.12
7036,52.56,1094.6074,-48497.35,1.34
7037,45.08,1030.7806,-35548.05,1.17
7038,36.96,991.9388,-50905.34,1.17
7039,55.72,1018.8387,-48887.59,1.23
7040,36.68,1007.8757,-51273.34,1.67
7041,58.8,1051.4184,-47947.05,1.76
7042,48.52,1052.2286,-48172.9,1.58
7043,51.08,1040.8587,-39711.78,1.33
7044,44.32,1024.3505,-43360.02,1.48
7045,52.56,1106.8717,-46317.39,1.3
7046,54.0,966.2782,-48604.2,1.34
7047,47.24,1029.6898,-51292.35,1.45
7048,52.24,1018.4164,-47205.22,1.19
7049,66.64,1024.0257,-49442.93,1.21
7050,44.96,1037.8439,-47635.25,1.19
7051,47.88,1015.6224,-53237.3,1.23
7052,56.16,1038.2025,-43631.53,1.06
7053,45.76,1017.1575,-47235.01,1.18
7054,52.04,1021.6699,-47335.55,1.26
7055,32.52,1082.7921,-47997.58,1.32
7056,42.68,1006.6206,-39115.05,1.3
7057,45.2,1045.5634,-47712.56,1.47
7058,50.0,1021.9352,-41193.92,1.29
7059,33.48,1004.9007,-48933.72,1.19
7060,49.52,1048.4653,-51089.86,1.18
7061,49.96,1020.8382,-51390.55,1.21
7062,46.48,1169.7539,-47134.7,1.15
7063,51.56,1052.4108,-57430.23,1.25
7064,60.16,1012.1918,-49241.78,1.27
7065,43.12,1054.1882,-42071.05,1.4
7066,52.6,1023.5541,-51211.21,1.17
7067,43.04,991.616,-40880.06,1.09
7068,50.72,1060.3422,-49738.32,1.24
7069,52.0,1029.7869,-47387.73,1.5
7070,46.24,1003.3043,-49267.03,1.21
7071,62.6,1014.1388,-55090.26,1.05
7072,46.28,1052.6669,-57714.93,1.16
7073,39.88,1018.8782,-55098.92,1.27
7074,44.28,1005.7198,-39137.66,1.19
7075,45.72,1019.2194,-43403.78,1.17
7076,50.28,1104.2892,-50610.07,1.13
7077,53.28,1091.5352,-46056.67,1.27
7078,42.8,1002.4485,-45129.66,1.14
7079,43.8,1009.2955,-43118.32,1.21
7080,58.12,1041.5031,-55188.88,1.15
7081,46.76,987.2346,-40795.36,1.27
7082,38.4,1039.4967,-53054.27,1.37
7083,50.64,1048.7539,-45473.0,1.73
7084,39.08,990.8359,-50835.23,1.23
7085,47.88,1040.2817,-55262.32,1.35
7086,44.76,1033.7429,-39578.13,1.22
7087,51.12,1035.6765,-47761.0,1.28
7088,49.84,1067.8684,-53938.62,1.2
7089,45.88,1009.8024,-45117.37,1.55
7090,54.88,1015.0904,-43017.39,1.32
7091,42.6,1014.8333,-47335.75,1.48
7092,47.76,1044.0709,-45768.5,1.85
7093,45.96,1010.6519,-45179.76,1.18
7094,31.68,1012.1696,-51326.59,1.18
7095,53.28,1037.2657,-43937.41,1.13
7096,54.32,1048.7205,-47585.25,1.22
7097,48.28,1042.0643,-49371.93,1.31
7098,47.36,1021.0817,-57248.17,1.29
7099,52.88,1041.6042,-37928.76,1.61
7100,55.68,1132.1929,-51477.14,1.32
7101,42.92,1039.8257,-47822.45,1.39
7102,47.12,995.0004,-40911.74,1.87
7103,49.64,1013.6116,-51177.38,1.81
7104,47.84,1040.6507,-45625.72,1.62
7105,50.72,1009.0959,-47342.19,1.39
7106,40.48,1020.8522,-45346.63,1.51
7107,50.84,1036.0968,-37530.15,1.75
7108,54.4,1028.8686,-39521.82,1.6
7109,45.4,1025.0978,-53052.75,1.91
7110,57.28,1024.614,-43378.74,1.61
7111,57.72,1007.1586,-49390.29,1.74
7112,35.68,1044.6217,-43907.72,1.69
7113,52.96,1033.7048,-45917.08,1.71
7114,49.56,1066.0903,-44254.53,1.86
7115,46.32,1008.5526,-46983.97,1.58
7116,33.52,1045.9805,-46028.11,1.66
7117,43.12,1011.3581,-48993.12,1.67
7118,50.6,1034.1938,-49577.88,1.68
7119,44.72,1046.3718,-38073.75,1.41
7120,57.36,998.8513,-49103.82,2.26
7121,51.72,1027.5204,-53532.84,1.97
7122,43.12,1121.7934,-44818.44,1.63
7123,54.0,1023.7523,-57145.84,1.92
7124,49.6,1015.3494,-53107.44,1.84
7125,44.12,1085.1258,-40854.17,1.76
7126,53.88,991.4161,-38855.96,1.87
7127,40.72,1017.9149,-41305.64,2.29
7128,59.48,1023.4096,-49454.11,1.49
7129,47.88,1018.603,-48941.01,1.64
7130,43.36,1072.4852,-49798.07,1.68
7131,48.64,1036.5704,-47494.48,1.58
7132,57.44,1014.2239,-43123.4,1.5
7133,47.28,1070.959,-44553.25,1.41
7134,48.96,1002.0176,-48929.96,1.38
7135,48.36,1045.573,-45523.12,1.68
7136,45.84,1061.6157,-47901.5,2.03
7137,52.92,1121.4172,-48688.71,1.95
7138,48.28,1050.431,-40015.82,2.26
7139,49.12,1055.4508,-48025.75,2.39
7140,43.48,1053.9194,-46015.87,1.92
7141,41.6,1006.5568,-58923.64,1.63
7142,45.72,1003.7135,-53148.96,1.96
7143,40.2,1061.5466,-45795.26,2.48
7144,55.48,1026.288,-53391.95,1.73
7145,46.56,1040.0042,-45669.68,2.3
7146,46.04,1010.8851,-35308.12,2.45
7147,47.68,1044.2765,-45656.21,2.04
7148,41.12,1063.7332,-51984.53,2.37
7149,48.32,1001.0893,-53037.78,1.78
7150,42.0,1053.6286,-37677.85,2.05
7151,61.2,1003.9784,-53032.69,1.87
7152,48.92,1010.8766,-45114.76,2.1
7153,59.76,1080.7648,-40582.25,2.54
7154,47.6,1057.655,-40248.92,2.19
7155,50.28,1092.378,-54407.4,1.81
7156,49.32,1046.3114,-41986.14,1.91
7157,40.16,995.9139,-44901.31,2.03
7158,52.4,1001.581,-55242.54,2.14
7159,56.08,1056.7895,-42115.22,2.25
7160,53.88,1046.2974,-49428.73,2.02
7161,34.32,1026.3337,-43533.94,1.82
7162,48.68,1036.6881,-49273.82,1.69
7163,54.04,1064.0,-47831.59,1.96
7164,59.64,1006.9862,-49250.25,1.71
7165,55.76,1026.4455,-41265.45,1.44
7166,52.44,1041.7651,-53267.33,1.63
7167,50.84,1073.6963,-42283.1,2.54
7168,41.56,1018.5132,-44971.96,2.3
7169,43.2,1016.0945,-39310.71,1.79
7170,38.0,1041.5376,-47510.8,1.89
7171,49.16,1046.8167,-45431.85,2.94
7172,52.32,1057.356,-38246.26,1.68
7173,47.16,1008.8858,-37295.58,1.83
7174,58.08,1027.2274,-55131.02,1.63
7175,49.8,1019.4228,-47476.44,1.74
7176,52.4,1065.208,-44170.44,1.88
7177,48.24,1051.6372,-41947.42,1.81
7178,57.6,1021.3794,-43312.8,1.89
7179,37.84,1009.963,-37043.63,1.64
7180,41.96,995.6224,-43010.23,1.46
7181,52.84,1019.0936,-51170.83,1.43
7182,56.08,1022.8416,-47444.66,1.46
7183,45.6,1054.9501,-46087.89,1.7
7184,46.24,1016.0905,-45439.62,2.16
7185,51.72,1042.0018,-46067.65,1.37
7186,48.08,1045.5032,-49597.93,1.57
7187,39.32,1013.7413,-49166.27,1.96
7188,52.08,1041.2948,-49632.74,2.09
7189,39.28,1081.548,-44383.47,1.99
7190,59.4,1031.9738,-43909.36,1.77
7191,51.2,1015.7369,-47374.97,1.99
7192,37.08,1068.0129,-42250.97,1.87
7193,44.92,1122.113,-51140.76,1.67
7194,50.72,1069.7719,-50164.05,1.9
7195,53.0,1092.0155,-44606.35,2.18
7196,52.0,1028.2218,-57185.9,1.6
7197,49.16,1081.6881,-48201.02,1.67
7198,45.92,1026.7946,-47420.4,1.44
7199,42.08,1002.4352,-41202.81,1.58
7200,40.2,1033.6683,-39701.83,1.75
7201,45.52,1002.5788,-46998.77,2.64
7202,53.52,1040.9056,-55210.16,2.29
7203,50.36,1193.0981,-48486.89,2.05
7204,56.68,1053.5247,-44175.37,2.32
7205,32.84,992.1352,-42854.66,1.56
7206,51.08,1038.661,-47715.97,1.63
7207,41.48,1026.2394,-51337.46,1.64
7208,56.48,1088.7773,-61388.95,1.76
7209,50.84,1046.5812,-43457.96,1.56
7210,48.52,1064.9589,-42551.11,1.73
7211,57.4,1005.9417,-47131.68,1.71
7212,45.88,1050.5058,-42080.61,1.71
7213,59.12,1084.8574,-46297.13,1.66
7214,43.16,1012.1047,-49296.76,1.91
7215,50.52,1018.4896,-47273.94,1.69
7216,48.4,1039.1462,-41574.02,1.79
7217,46.32,1007.9581,-53129.95,1.59
7218,48.6,1008.5651,-41253.96,1.53
7219,44.64,1052.666,-40378.36,2.01
7220,53.16,1024.8932,-47356.29,1.68
7221,42.16,1055.0853,-51679.17,1.73
7222,49.6,1041.7175,-47559.21,1.95
7223,46.88,1067.0698,-44054.66,1.94
7224,54.72,1008.5284,-48904.41,1.85
7225,53.52,1044.4294,-41966.79,1.96
7226,43.56,1016.1662,-45042.64,1.83
7227,43.88,1071.4148,-55466.72,1.34
7228,53.92,989.6724,-52802.4,1.98
7229,49.52,1046.3751,-39836.65,1.84
7230,37.76,1047.4288,-41907.06,1.72
7231,31.76,1102.5124,-50086.64,1.81
7232,51.84,1030.979,-39423.61,2.9
7233,30.68,1036.7401,-47015.38,2.3
7234,45.72,992.5964,-44839.84,1.87
7235,32.72,1023.6692,-45361.38,1.94
7236,47.76,1037.4825,-45790.89,2.45
7237,46.6,1020.1145,-46995.82,1.94
7238,43.24,1090.8632,-54149.41,1.66
7239,44.64,1053.2503,-45821.81,1.92
7240,48.84,1062.4161,-46169.5,1.78
7241,57.76,1011.744,-41366.25,1.93
7242,50.44,1028.3754,-45227.93,2.0
7243,41.32,1000.5238,-55111.39,1.63
7244,52.08,1042.9301,-45838.22,1.84
7245,52.2,1053.775,-47888.49,1.83
7246,40.32,1030.6269,-37312.46,1.69
7247,51.48,1010.55,-49179.99,1.56
7248,46.56,1046.7965,-44052.35,1.89
7249,46.64,1065.9973,-49943.32,2.47
7250,35.04,1004.7609,-47088.62,1.49
7251,39.96,1043.54,-55710.59,1.57
7252,45.44,1015.4098,-45188.71,1.67
7253,41.28,1017.7362,-41241.2,1.39
7254,40.08,1038.0696,-45414.79,1.35
7255,39.2,1003.3366,-36742.15,1.78
7256,58.76,1054.3476,-43816.67,1.7
7257,44.0,1042.329,-43582.58,1.81
7258,33.12,1062.8386,-49603.36,1.72
7259,44.36,1042.906,-53891.81,1.54
7260,52.64,1110.8871,-50464.23,1.51
7261,39.76,1048.3744,-55112.82,1.54
7262,41.44,1073.3324,-38304.31,1.61
7263,45.36,1029.6621,-45274.39,1.53
7264,58.24,1018.8928,-42920.83,1.78
7265,56.48,1038.7848,-41614.86,1.63
7266,59.28,1109.6157,-42935.59,1.97
7267,48.84,1040.5769,-57658.65,1.7
7268,43.36,1033.6611,-37894.72,1.79
7269,36.56,1011.4409,-47112.77,1.88
7270,45.76,1007.1588,-41158.31,1.72
7271,43.08,1027.4706,-53151.3,1.71
7272,39.64,1018.7402,-45494.49,1.58
7273,54.16,1014.1058,-52905.87,1.48
7274,53.28,1011.3705,-43145.7,1.4
7275,53.24,1054.8441,-49637.85,1.63
7276,37.44,1038.3416,-43479.45,1.88
7277,43.6,1017.7817,-41353.53,1.81
7278,56.48,1053.3511,-45983.37,1.7
7279,36.0,1017.8656,-45496.95,1.48
7280,48.72,1070.4041,-50301.64,1.6
7281,51.4,1013.178,-53335.83,1.38
7282,38.32,1021.0549,-49106.49,1.53
7283,57.44,1009.355,-46950.54,1.71
7284,56.08,1076.1655,-48019.51,1.71
7285,52.64,1003.2498,-40955.65,1.56
7286,35.92,1076.9019,-57403.89,1.63
7287,43.76,1005.2476,-40813.41,2.04
7288,58.24,1042.4132,-49563.4,1.52
7289,48.92,1021.4192,-45347.36,2.0
7290,38.72,1025.606,-49225.86,1.47
7291,55.04,1035.2018,-43587.26,1.74
7292,57.2,1029.9532,-43507.7,1.87
7293,53.4,1050.9127,-55437.08,1.99
7294,42.68,1053.3124,-40079.46,2.16
7295,49.0,1003.3006,-51015.74,1.63
7296,49.64,1049.4167,-51655.69,1.92
7297,59.52,1062.7177,-49565.53,1.62
7298,45.68,1098.1076,-43967.47,1.75
7299,32.88,1006.9742,-55182.31,1.51
7300,45.08,1011.9022,-43211.04,2.14
7301,54.6,999.5092,-35054.45,1.48
7302,49.44,1017.6968,-45213.26,1.47
7303,43.68,1022.7492,-33549.89,1.76
7304,45.92,1057.0198,-57440.0,1.92
7305,49.12,1024.8796,-53161.13,2.4
7306,63.48,1006.7952,-47101.55,2.57
7307,48.76,1071.0672,-42307.51,1.97
7308,52.68,1031.5963,-49386.2,1.93
7309,54.0,990.4972,-49012.21,1.78
7310,64.04,1077.0444,-40445.54,1.99
7311,45.84,1038.2926,-41411.91,2.04
7312,61.48,1041.6006,-45717.36,1.65
7313,36.16,1014.6066,-45306.52,1.81
7314,40.4,1000.433,-56986.85,1.84
7315,46.2,1032.6591,-45488.89,2.35
7316,59.24,1046.6732,-41772.92,2.11
7317,42.04,995.7337,-47043.64,1.53
7318,62.6,983.1992,-57081.3,1.73
7319,45.08,1033.7322,-45193.01,1.86
7320,35.68,1065.9219,-47905.9,1.84
7321,47.16,1016.6356,-35515.86,2.1
7322,57.68,1161.5855,-54405.32,1.72
7323,58.96,1096.4186,-52103.95,1.69
7324,42.44,1040.2648,-51739.31,1.64
7325,53.72,1009.6117,-41315.42,2.16
7326,46.48,1017.4814,-45148.48,1.92
7327,56.44,1024.9524,-43268.15,2.11
7328,51.88,1099.33,-44836.09,1.96
7329,56.84,1013.403,-41172.37,1.96
7330,51.24,1026.3018,-49231.02,2.3
7331,46.72,993.9889,-48970.73,1.75
7332,42.36,1099.0406,-56252.22,2.03
7333,45.88,1014.4011,-43238.4,1.68
7334,55.48,1001.6282,-37038.11,1.97
7335,49.8,1052.758,-52043.58,1.65
7336,32.24,991.406,-39010.3,1.96
7337,47.0,1023.1189,-51127.18,2.0
7338,51.8,1028.4308,-47546.9,2.22
7339,57.4,1036.9348,-43596.2,1.81
7340,36.64,990.0197,-46817.01,1.27
7341,42.56,1035.4761,-45655.36,1.17
7342,59.48,1054.9219,-51800.7,1.07
7343,48.24,997.5631,-41082.21,1.24
7344,52.4,1014.6591,-43310.64,1.33
7345,44.88,1064.1564,-48095.32,1.38
7346,29.32,1017.1388,-49377.59,1.18
7347,42.96,1035.8428,-49327.53,1.26
7348,58.44,1021.419,-45307.27,1.31
7349,39.12,1021.5014,-45373.66,1.43
7350,50.28,1083.3272,-49575.45,1.47
7351,52.4,1014.0562,-39431.52,1.32
7352,45.32,1038.9201,-54887.61,1.2
7353,56.12,1010.3449,-48867.09,1.03
7354,39.84,1114.1429,-55907.94,1.3
7355,47.2,1023.4988,-45511.18,1.27
7356,53.52,1004.8116,-45198.04,1.36
7357,41.8,1045.0063,-49703.47,1.32
7358,49.64,1052.5127,-45707.43,1.28
7359,50.52,1052.1084,-47680.59,1.57
7360,59.12,1017.9938,-51362.85,1.37
7361,49.4,1042.4691,-39803.16,1.25
7362,35.64,1008.0877,-44960.09,1.27
7363,36.8,1021.6455,-47441.16,1.34
7364,48.08,1036.9139,-41358.66,1.23
7365,57.16,1071.7056,-55589.04,1.13
7366,54.24,1036.2743,-47804.17,1.29
7367,39.28,1009.067,-57016.76,1.07
7368,52.2,1001.6891,-53245.77,1.08
7369,32.88,1010.5346,-44935.95,1.19
7370,33.12,1020.9381,-41565.59,1.31
7371,53.76,1045.8877,-49632.68,1.04
7372,49.12,1173.6538,-49237.35,1.02
7373,34.88,1014.9542,-41212.54,1.2
7374,38.6,1037.2478,-43575.75,1.11
7375,48.96,1052.5646,-46017.41,1.86
7376,56.12,1044.1286,-47932.55,1.34
7377,44.76,1107.7023,-48824.91,1.37
7378,63.92,1018.0624,-45317.88,1.44
7379,48.08,1002.1971,-53000.01,1.11
7380,42.64,1022.7041,-49112.79,1.22
7381,47.52,1024.9397,-51293.08,1.33
7382,47.04,1008.7106,-48993.6,1.4
7383,43.76,977.7381,-48721.11,1.21
7384,45.36,1026.2343,-39381.52,1.36
7385,54.92,1031.8055,-47445.62,1.2
7386,45.0,1008.9788,-40892.99,1.38
7387,47.72,1038.1639,-51424.11,1.99
7388,39.84,1054.2385,-40036.67,1.44
7389,48.64,1058.4259,-47880.07,1.37
7390,49.68,1045.9526,-51521.88,1.22
7391,44.24,1020.4364,-47293.05,1.17
7392,50.32,1157.4604,-47305.58,1.44
7393,50.44,1043.6845,-51528.62,1.31
7394,45.72,1056.5206,-51481.23,1.18
7395,42.12,1152.5142,-43397.22,1.2
7396,47.84,1018.1252,-39375.45,1.27
7397,48.88,1036.7653,-47552.47,1.24
7398,38.8,1032.9336,-39655.82,1.35
7399,58.84,1032.2706,-43252.08,1.25
7400,34.32,1020.5691,-43470.46,1.33
7401,45.8,1016.6148,-45164.46,1.31
7402,44.2,1055.7906,-47501.59,1.26
7403,46.76,1076.3251,-49459.7,1.3
7404,48.76,1057.2556,-53552.07,1.13
7405,43.96,1025.0988,-45490.31,1.26
7406,53.16,1095.6338,-50843.76,1.13
7407,54.48,1050.7006,-49670.37,1.35
7408,46.76,1006.5654,-43152.0,1.2
7409,33.6,992.8355,-50856.1,1.2
7410,44.64,1011.3792,-48900.6,1.14
7411,42.68,998.439,-37092.7,1.25
7412,48.44,990.1074,-51005.04,1.11
7413,51.44,1047.7614,-45957.79,1.61
7414,40.32,998.494,-48817.6,1.78
7415,67.0,1010.5728,-55031.19,1.43
7416,33.4,1003.2731,-51007.41,1.56
7417,52.56,1036.0662,-45593.85,1.35
7418,48.68,1042.4397,-43342.06,1.26
7419,47.72,1025.19,-39587.94,1.33
7420,41.48,1045.4754,-47651.69,1.45
7421,57.4,1002.2137,-46941.31,1.64
7422,57.08,1019.2601,-47458.8,1.47
7423,48.72,1050.376,-51917.96,1.29
7424,59.4,1012.895,-33276.19,1.34
7425,41.04,1038.456,-41860.45,1.29
7426,60.16,1077.6477,-39815.25,1.86
7427,52.08,1024.7527,-49423.28,1.55
7428,59.2,1040.6423,-47646.79,1.88
7429,38.72,1031.861,-49416.65,2.12
7430,41.2,1018.7568,-45622.39,1.77
7431,47.28,1024.488,-39317.44,1.28
7432,55.36,995.1616,-40941.87,1.12
7433,39.36,1023.7724,-39364.58,1.26
7434,48.08,1059.2544,-49901.88,1.49
7435,42.8,1035.2837,-43889.1,1.58
7436,51.24,1103.4364,-40795.57,2.03
7437,39.0,1023.0435,-53301.05,1.97
7438,55.44,1021.7642,-51409.86,1.61
7439,43.84,1083.8614,-50190.05,1.22
7440,30.92,1049.7574,-50003.69,1.03
7441,51.6,1023.5164,-45499.59,1.17
7442,61.8,994.7862,-49054.31,1.45
7443,47.56,1022.404,-51164.82,1.43
7444,53.0,1015.0277,-35413.4,1.55
7445,56.6,1087.5046,-46160.4,1.41
7446,45.32,1009.1394,-47149.69,1.33
7447,47.68,1021.3892,-47111.99,1.29
7448,49.68,1016.0547,-47321.14,1.24
7449,56.32,1012.5532,-47145.49,1.44
7450,45.52,1039.4604,-49432.0,1.41
7451,54.12,1035.5804,-51440.1,1.34
7452,47.12,1050.5992,-40111.67,1.17
7453,45.48,1027.0372,-43473.53,1.53
7454,48.96,1039.91,-45163.88,1.25
7455,52.92,1068.0603,-40258.07,1.36
7456,41.2,1006.5063,-49100.2,1.32
7457,31.16,1059.7367,-53554.19,1.21
7458,48.72,1011.7952,-51055.37,1.15
7459,42.88,1066.5923,-49711.55,0.98
7460,48.44,1027.376,-47317.62,1.24
7461,54.48,1022.4136,-51182.94,1.38
7462,61.04,1003.1889,-43190.93,1.43
7463,51.8,1029.0711,-39833.45,1.43
7464,46.6,1016.2357,-49393.13,1.3
7465,51.68,1047.7434,-49300.24,1.5
7466,42.84,1080.6478,-44017.7,1.37
7467,56.36,1046.5664,-41695.66,1.46
7468,54.28,1105.8708,-54062.37,1.17
7469,36.6,1085.7599,-48214.91,1.66
7470,24.56,1044.0626,-51472.6,1.38
7471,43.08,1046.1963,-45308.87,1.26
7472,53.64,1013.3754,-53269.6,1.21
7473,35.32,1035.1759,-47652.0,1.24
7474,59.48,1006.4644,-45086.71,1.53
7475,41.36,1001.1902,-42948.43,1.59
7476,47.68,1030.0772,-47416.63,1.46
7477,42.24,1034.968,-47123.75,1.39
7478,47.64,1096.8187,-42808.13,1.33
7479,42.08,1050.3735,-51720.29,1.09
7480,33.56,1047.9564,-43324.37,1.21
7481,55.12,1036.1036,-53342.61,1.25
7482,34.68,1006.9925,-43027.34,1.18
7483,57.04,1029.3011,-41250.12,1.22
7484,32.16,1009.8667,-43002.39,1.31
7485,49.52,1040.4934,-51623.43,1.18
7486,44.76,1095.7634,-46752.92,1.44
7487,48.84,1033.0325,-39589.8,1.32
7488,55.08,1077.2836,-50000.46,1.13
7489,66.6,1031.2416,-55250.81,1.3
7490,50.64,1058.4523,-43989.65,1.69
7491,52.88,1075.8104,-46217.89,1.36
7492,52.6,984.4903,-46897.03,1.36
7493,35.88,1021.7014,-45540.41,1.33
7494,51.12,1034.0447,-43618.34,1.48
7495,41.36,1018.9819,-49434.17,1.44
7496,38.92,991.5342,-42696.62,1.61
7497,52.6,1002.1795,-50846.29,1.32
7498,53.28,995.2717,-46947.84,1.24
7499,60.84,1032.8531,-49175.78,1.24
7500,49.72,1081.9418,-46375.11,1.29
7501,51.24,1051.1372,-47913.91,1.14
7502,40.12,1119.2356,-52457.55,1.06
7503,43.68,1077.93,-49358.89,1.25
7504,40.56,1023.2694,-47089.03,1.33
7505,42.68,1028.9579,-40891.53,1.33
7506,36.84,1006.0772,-51206.8,1.52
7507,56.44,1011.9119,-43210.81,1.51
7508,55.08,1004.9604,-47089.09,1.81
7509,44.24,1066.5154,-53798.99,1.52
7510,37.52,1013.6819,-43246.83,1.68
7511,44.0,1009.3902,-47193.35,1.57
7512,52.52,1017.2373,-43209.13,1.54
7513,53.8,1076.0289,-46112.66,1.31
7514,40.88,990.9484,-50926.12,1.32
7515,44.8,1005.3859,-39116.24,1.49
7516,49.16,1014.5353,-49246.93,1.51
7517,41.72,1013.4319,-46941.8,1.57
7518,53.48,1014.7643,-41268.08,1.65
7519,60.84,1052.079,-51897.53,1.53
7520,48.88,1149.2277,-54369.84,1.41
7521,53.24,1042.9446,-36059.89,1.51
7522,40.24,1001.0495,-36993.92,1.66
7523,51.2,1040.7817,-43547.61,1.54
7524,53.92,1043.3112,-55209.99,1.43
7525,53.52,1062.7122,-45705.65,1.57
7526,42.72,1065.2964,-54057.24,1.59
7527,45.84,1016.288,-47206.71,1.43
7528,23.04,1015.1471,-55030.95,1.42
7529,51.04,1021.8963,-54975.49,1.5
7530,49.8,1037.9232,-49565.08,1.64
7531,46.76,1075.6279,-53737.77,1.54
7532,43.48,1007.5865,-37184.48,1.89
7533,45.32,1011.5705,-46914.4,1.74
7534,46.44,1060.5517,-49826.88,1.59
7535,42.48,1049.1802,-44082.49,2.2
7536,49.4,1014.3212,-43144.52,1.61
7537,62.8,1054.0564,-40038.38,1.74
7538,40.16,1016.838,-45147.65,1.35
7539,54.48,1044.3776,-45686.27,1.67
7540,48.88,1040.7235,-35992.47,1.62
7541,50.0,1017.0538,-45368.27,1.79
7542,53.76,1034.8874,-53396.58,1.69
7543,58.92,1029.5078,-51336.4,1.4
7544,60.76,1002.4621,-49064.37,1.39
7545,49.36,1036.5621,-45358.83,1.35
7546,41.28,1024.462,-43199.6,1.19
7547,51.36,1055.3106,-44121.66,1.31
7548,47.24,1013.3632,-43172.78,1.4
7549,47.76,1084.4578,-59408.04,1.59
7550,57.6,1230.0,-47071.52,1.77
7551,48.32,1082.8582,-42590.72,2.26
7552,53.4,1023.9697,-49235.21,2.1
7553,54.48,1025.4529,-47238.19,1.6
7554,50.92,1066.2166,-43857.61,1.34
7555,61.84,989.0942,-46824.96,1.27
7556,33.36,1082.3761,-46601.58,1.56
7557,54.84,1069.8726,-55791.57,1.4
7558,41.32,1024.0434,-49722.04,1.44
7559,49.96,1003.8757,-44995.22,1.92
7560,33.76,1003.3347,-53234.16,1.75
7561,37.76,1045.5049,-41705.1,1.59
7562,49.6,1009.1828,-46960.11,1.49
7563,46.68,1041.1738,-49350.31,1.58
7564,49.64,1056.5167,-47903.22,1.74
7565,56.16,999.0284,-55029.91,1.31
7566,40.72,1010.8462,-49097.4,1.3
7567,58.56,1139.9604,-50336.81,1.15
7568,53.96,1023.6244,-49306.76,1.44
7569,38.96,1056.5397,-61279.45,1.39
7570,51.32,1011.2276,-55099.88,1.34
7571,63.36,1019.56,-37268.04,1.77
7572,60.92,1048.7577,-41947.73,1.4
7573,50.28,1036.3018,-53434.37,1.39
7574,50.52,1021.1759,-51090.46,1.36
7575,54.32,1041.0474,-37570.03,1.48
7576,51.4,1025.6794,-47261.22,1.8
7577,39.88,1059.4622,-46479.74,1.62
7578,47.88,1027.1654,-47161.44,1.86
7579,48.68,1075.6196,-55995.37,1.36
7580,46.04,1001.5177,-41006.77,1.43
7581,53.04,1028.0083,-41589.72,1.32
7582,46.44,1032.6518,-45413.84,1.44
7583,45.48,1041.4448,-47623.08,1.6
7584,43.0,1027.4047,-53264.81,1.62
7585,57.56,1014.3167,-43302.18,1.28
7586,49.56,1016.793,-39341.52,1.28
7587,51.56,1045.9642,-45723.18,1.36
7588,49.16,1011.0243,-50962.76,1.26
7589,42.68,1042.1032,-51462.07,1.11
7590,47.6,1017.6281,-53192.56,1.08
7591,53.76,1053.1142,-40312.24,1.35
7592,30.56,988.4112,-46840.72,1.38
7593,49.92,1051.6555,-51255.82,1.16
7594,46.68,1051.9856,-43483.84,1.14
7595,41.72,1070.1599,-45990.64,1.11
7596,51.6,1011.0264,-42957.71,1.2
7597,48.04,995.9301,-48807.9,1.05
7598,46.68,1038.2268,-43469.11,1.17
7599,45.24,1021.246,-39262.91,1.2
7600,39.84,1051.249,-48030.93,1.13
7601,56.92,1031.0633,-41863.15,1.05
7602,54.88,1015.6413,-41350.59,1.15
7603,48.4,1020.4436,-47333.96,1.19
7604,49.76,1015.7275,-51241.63,1.29
7605,39.28,1054.6724,-47742.21,1.13
7606,37.76,1009.6709,-41353.64,1.2
7607,33.04,998.681,-42944.02,1.18
7608,42.32,1017.1772,-41066.58,1.27
7609,47.48,1035.0185,-47412.09,1.22
7610,38.32,1007.2257,-51191.04,1.22
7611,34.2,1020.3498,-49349.5,1.18
7612,39.16,1006.2428,-45043.8,1.19
7613,55.68,1042.3926,-51708.58,1.28
7614,42.44,1056.1707,-45910.54,1.36
7615,44.6,1016.204,-49318.34,1.2
7616,46.56,1004.333,-49217.42,1.19
7617,43.64,1033.9016,-49510.36,0.99
7618,58.64,1082.5715,-40414.08,1.13
7619,53.84,1033.8292,-47700.92,1.12
7620,45.76,1016.5236,-43082.39,1.18
7621,51.76,1049.7019,-43689.61,1.17
7622,51.64,1046.7201,-47812.48,1.12
7623,46.68,1025.316,-49489.48,1.17
7624,51.48,1062.1094,-47991.12,1.23
7625,43.56,1083.3747,-44141.34,1.11
7626,56.4,1064.6836,-45419.42,1.06
7627,51.08,1035.9725,-47222.51,1.23
7628,37.32,1067.1547,-50183.44,1.46
7629,53.84,1052.3302,-49804.98,1.24
7630,50.56,1148.6559,-49393.06,1.28
7631,58.72,1035.9032,-51578.66,2.55
7632,48.12,1007.6234,-47191.17,1.76
7633,48.44,1013.4024,-48868.39,1.33
7634,49.76,995.7164,-40894.82,1.29
7635,42.8,1042.1094,-55243.43,1.39
7636,36.04,1118.8551,-52222.01,1.58
7637,52.52,1026.2809,-39531.51,1.62
7638,54.16,998.8026,-47345.1,1.46
7639,52.88,1094.0452,-50186.51,1.52
7640,49.92,1014.4329,-49282.81,1.34
7641,52.92,1076.1263,-44587.13,1.37
7642,38.2,979.8208,-50738.31,1.41
7643,45.96,1006.973,-39040.65,1.37
7644,44.44,996.6126,-52883.21,1.34
7645,45.68,1034.1528,-44004.99,1.17
7646,56.88,1015.6825,-50997.8,1.39
7647,50.68,1033.0203,-37665.99,1.34
7648,53.16,1016.7221,-43481.85,1.31
7649,43.6,1037.5868,-45646.19,1.43
7650,41.24,993.0321,-38930.88,1.96
7651,44.36,1004.4977,-57237.71,1.31
7652,55.44,1084.8066,-44794.86,1.39
7653,47.76,1019.242,-43231.72,1.32
7654,46.96,1067.3807,-53322.56,1.27
7655,53.32,1073.0816,-48387.64,1.22
7656,47.88,1012.2018,-53223.9,1.43
7657,57.92,1026.2652,-47038.65,1.73
7658,42.32,987.8431,-44824.43,1.4
7659,49.2,1055.9647,-47352.97,1.45
7660,49.2,1028.6348,-51561.21,1.52
7661,40.96,1022.927,-53275.04,1.72
7662,44.92,994.3419,-46916.19,1.82
7663,54.92,1044.8345,-43669.52,1.81
7664,46.56,1047.8925,-45822.29,2.08
7665,55.2,1042.7472,-49599.31,1.79
7666,59.72,1005.7004,-47124.38,1.72
7667,23.96,974.2941,-48661.13,1.53
7668,48.32,1033.937,-47472.73,1.97
7669,52.08,1058.0093,-49989.17,1.87
7670,43.04,1002.8964,-45145.08,1.97
7671,36.44,1024.3138,-51226.6,1.39
7672,43.6,1039.4203,-43558.74,1.31
7673,42.52,1036.0483,-47869.97,1.35
7674,57.16,1025.1471,-47396.15,1.43
7675,47.16,1018.4239,-53103.59,1.53
7676,48.84,1019.6331,-51127.6,1.47
7677,47.44,1039.8984,-45638.37,1.99
7678,42.88,1059.9351,-49947.88,1.59
7679,40.52,1007.9549,-46961.63,1.47
7680,56.52,1061.919,-32281.57,1.66
7681,49.64,1017.3394,-45353.45,1.91
7682,61.2,1024.0189,-59396.79,1.42
7683,64.8,1019.3691,-51116.37,1.47
7684,40.24,1027.6108,-51465.93,1.26
7685,53.76,1082.582,-40353.25,1.12
7686,42.04,989.4793,-54857.5,1.16
7687,56.12,1013.7938,-37163.88,1.1
7688,52.24,1044.08,-39960.59,1.25
7689,53.76,1088.034,-44567.9,1.16
7690,54.96,1065.6499,-48171.56,1.1
7691,57.32,1052.6768,-44147.54,1.04
7692,55.28,1029.1931,-39559.69,1.09
7693,44.52,1071.9665,-38199.83,1.26
7694,54.48,1088.96,-46547.22,1.22
7695,49.44,1003.786,-49296.46,1.4
7696,36.52,1010.7708,-49008.68,1.26
7697,44.76,1046.5637,-49369.59,1.21
7698,54.88,1010.8358,-41263.08,1.15
7699,50.76,1078.5486,-47961.61,1.25
7700,55.24,1028.8263,-35420.65,1.14
7701,64.92,1045.8766,-53510.67,1.09
7702,48.32,990.3785,-59061.7,1.01
7703,45.16,1024.4018,-39333.64,1.23
7704,53.56,1020.5221,-53293.32,1.11
7705,39.72,1014.0423,-37299.21,1.24
7706,63.92,1061.5964,-49683.47,0.98
7707,47.6,1032.2937,-49472.22,1.27
7708,49.64,1015.9808,-41095.0,1.1
7709,47.2,1040.0684,-41843.73,1.23
7710,66.24,1010.0432,-49050.57,1.22
7711,53.88,1029.4534,-51482.68,1.17
7712,30.08,994.9721,-50931.75,1.05
7713,48.28,1060.6445,-45990.41,1.2
7714,43.48,1031.6239,-47267.27,1.21
7715,47.6,1018.938,-43392.97,1.25
7716,51.52,1023.9435,-47420.21,1.05
7717,42.72,1019.2239,-51294.38,1.17
7718,60.88,1017.957,-51051.82,1.06
7719,33.96,1031.648,-51768.8,1.21
7720,48.28,1042.4798,-49304.06,1.17
7721,43.24,1014.5639,-57316.61,1.14
7722,44.88,990.7758,-53018.05,0.99
7723,45.8,1050.9049,-38217.59,1.17
7724,55.64,1021.5574,-49302.12,1.13
7725,35.72,1014.0293,-45241.1,1.39
7726,50.04,1041.9951,-45489.67,1.13
7727,50.88,1037.8582,-39629.61,1.38
7728,55.32,1050.183,-49381.95,1.38
7729,46.6,1057.8694,-49449.09,1.73
7730,54.6,1033.754,-33694.31,1.29
7731,47.72,1058.9907,-47655.63,1.23
7732,43.0,1007.8017,-44979.0,1.04
7733,50.12,1026.5712,-49362.56,1.17
7734,44.04,1013.0942,-37034.44,1.27
7735,49.76,987.0202,-48771.92,1.14
7736,39.2,1030.7901,-43645.49,1.33
7737,42.88,994.4384,-42964.33,1.52
7738,57.24,1066.9379,-43704.44,1.37
7739,50.92,1131.1253,-54438.83,1.04
7740,55.04,1032.9391,-47249.12,1.06
7741,57.6,1044.4369,-41344.94,1.54
7742,48.16,1049.3716,-39832.6,1.97
7743,55.72,990.9421,-58913.59,1.11
7744,45.24,1039.2375,-49811.35,1.27
7745,51.48,1016.4794,-51158.95,1.06
7746,40.44,1030.4074,-43178.23,1.33
7747,53.76,1031.9073,-47230.34,1.25
7748,57.6,1001.6611,-51109.26,1.19
7749,50.96,1047.9497,-45503.51,1.19
7750,53.68,1074.5478,-40555.59,1.15
7751,51.4,1061.6479,-42398.35,1.24
7752,50.32,1002.721,-52881.06,1.37
7753,38.24,1033.5481,-51345.31,1.19
7754,50.08,1032.8878,-57197.91,1.14
7755,42.48,1019.4904,-47327.45,1.22
7756,33.48,1043.8891,-47530.93,1.1
7757,42.72,1085.2764,-50146.1,1.21
7758,48.36,1084.2768,-48164.71,1.16
7759,53.68,1004.6201,-53036.47,1.13
7760,43.28,1048.8126,-51459.78,1.16
7761,55.64,1029.7542,-43592.4,1.19
7762,49.08,1051.3946,-51887.47,1.31
7763,51.96,1030.3088,-45401.41,1.18
7764,43.44,1033.3523,-53299.68,1.24
7765,59.16,1098.2618,-42794.02,1.26
7766,45.4,1066.8132,-41817.83,1.47
7767,53.16,1018.4489,-47623.48,1.21
7768,43.16,1011.9963,-39121.14,1.57
7769,57.36,1005.7217,-45170.13,1.25
7770,53.16,1019.1922,-43212.25,1.26
7771,49.64,1069.8131,-49761.78,1.05
7772,43.52,1037.8028,-47409.8,1.27
7773,44.2,1036.0765,-45140.36,1.03
7774,45.64,988.6439,-46836.66,1.21
7775,53.44,1041.0108,-51310.88,1.2
7776,43.92,1008.451,-53324.97,1.17
7777,41.44,1048.2166,-39855.8,1.1
7778,40.8,1036.7111,-51628.93,1.23
7779,39.12,1022.9813,-41338.38,1.39
7780,50.64,1010.7617,-41387.73,1.46
7781,44.4,1018.0464,-51033.29,1.79
7782,63.96,1016.61,-49275.8,1.48
7783,45.56,1066.7761,-47456.76,1.69
7784,52.68,1011.8076,-51159.31,1.27
7785,59.4,1043.1573,-45578.35,1.28
7786,63.36,986.9708,-46843.02,1.18
7787,48.12,999.3976,-45080.56,1.41
7788,43.96,1022.3654,-37497.67,1.41
7789,56.44,1010.2832,-53236.5,1.45
7790,53.84,998.0055,-35016.7,1.47
7791,45.52,1012.6981,-41226.88,1.35
7792,54.44,1031.7914,-47467.77,1.44
7793,52.84,1048.3399,-47833.19,1.51
7794,46.16,1052.5967,-48082.19,1.19
7795,57.48,1005.7648,-44899.83,1.22
7796,49.88,1007.2073,-53043.45,1.04
7797,49.68,1029.0844,-49084.62,1.29
7798,43.68,999.3276,-49068.71,1.14
7799,55.32,1106.1646,-46066.89,1.44
7800,44.16,1062.7338,-47627.08,1.25
7801,57.72,1009.8206,-35316.39,1.36
7802,62.12,986.4377,-44853.34,1.01
7803,41.64,997.7506,-49030.35,1.17
7804,55.56,1008.3292,-43279.04,1.62
7805,52.0,1064.679,-47879.91,1.19
7806,51.88,1052.9053,-41978.92,1.4
7807,45.36,1015.8475,-55205.7,1.32
7808,48.8,1007.8023,-45158.3,1.22
7809,51.56,1019.0471,-43439.37,1.4
7810,57.08,1007.5422,-49093.26,1.19
7811,37.6,1040.6954,-51240.86,1.17
7812,33.84,984.3186,-48814.85,1.22
7813,29.88,996.4236,-45033.37,1.26
7814,46.8,1029.7748,-35501.19,1.29
7815,52.96,1036.054,-49365.86,1.06
7816,49.04,1018.1843,-41167.31,1.4
7817,53.36,1059.9368,-55162.94,1.37
7818,61.48,989.3319,-40939.24,1.17
7819,62.4,1000.7822,-41024.62,1.22
7820,48.44,1073.9603,-54110.11,1.2
7821,62.32,1016.5717,-51194.0,1.18
7822,47.72,1051.8672,-51503.34,1.07
7823,44.44,1041.8071,-41627.37,1.2
7824,38.52,1047.3947,-47177.17,1.19
7825,47.0,1015.6288,-41357.66,1.23
7826,47.0,1094.2864,-50117.8,1.29
7827,50.44,1020.6784,-45402.38,1.31
7828,48.96,1030.4831,-41506.28,1.37
7829,54.88,980.4964,-42729.95,1.64
7830,50.32,1004.22,-41093.72,1.43
7831,60.24,1039.9582,-43750.78,1.62
7832,53.72,1003.8287,-59046.91,1.2
7833,52.44,1041.7548,-53450.42,1.06
7834,47.16,1042.7946,-39983.74,1.17
7835,37.48,1010.4149,-51144.97,1.17
7836,52.52,1034.8086,-49227.62,1.82
7837,41.2,1046.6034,-53398.42,1.08
7838,44.4,1064.5314,-42085.96,1.6
7839,39.84,1035.8375,-53589.24,1.65
7840,45.68,1058.6644,-45767.89,1.27
7841,37.6,1011.2453,-49397.36,1.62
7842,55.08,1037.4853,-45417.38,2.24
7843,48.96,1065.075,-49667.84,1.23
7844,40.88,1036.3272,-41630.25,1.61
7845,43.04,1004.8504,-51148.61,1.09
7846,53.28,1038.7267,-39841.92,1.08
7847,54.12,1019.6998,-49335.68,1.05
7848,44.76,1027.0315,-41460.6,1.23
7849,53.0,1035.5063,-51283.28,1.2
7850,47.52,1005.2522,-47261.43,1.11
7851,40.64,1031.173,-45170.22,1.3
7852,52.96,1078.8838,-39827.38,2.39
7853,49.8,1112.2959,-44527.24,2.08
7854,54.88,1012.911,-53047.81,1.22
7855,40.12,1108.484,-48340.11,1.21
7856,51.76,1052.7934,-49879.09,1.51
7857,48.88,1051.8518,-47883.33,1.46
7858,44.2,1044.637,-49599.09,1.29
7859,43.64,1042.7446,-57474.4,1.24
7860,41.36,1047.9206,-47972.03,1.1
7861,43.36,1042.443,-49711.45,1.15
7862,52.88,1081.8854,-51863.14,1.21
7863,52.08,1029.2192,-47761.73,1.31
7864,45.2,1008.4603,-45174.24,1.12
7865,54.88,976.6561,-48579.66,1.17
7866,51.28,1021.9617,-43342.37,1.19
7867,52.0,1032.0534,-51243.86,1.11
7868,48.88,1028.1222,-53341.34,1.19
7869,35.4,1029.3992,-41425.05,1.18
7870,42.52,1001.6828,-51042.62,1.06
7871,46.36,1181.6031,-49110.41,1.1
7872,54.6,1058.3246,-50393.43,1.13
7873,50.8,1027.4556,-45175.26,1.08
7874,53.72,1049.7324,-41861.87,1.16
7875,48.68,1032.124,-51542.13,1.2
7876,47.92,1025.0165,-37583.4,1.3
7877,59.8,1034.6518,-47164.29,1.09
7878,42.44,1003.9778,-52871.02,1.13
7879,58.76,1085.9537,-53786.88,1.33
7880,61.28,989.2918,-40757.52,1.13
7881,52.88,1024.428,-41630.77,1.12
7882,40.44,1052.2799,-51459.51,1.09
7883,37.8,1199.7832,-45919.21,1.16
7884,45.88,1036.7764,-47414.08,1.13
7885,55.48,1037.7644,-57338.57,1.09
7886,48.72,1016.8597,-43439.89,0.96
7887,55.68,1013.9722,-47049.69,1.24
7888,52.2,1035.6019,-45812.34,1.57
7889,52.32,1110.8058,-60110.78,1.45
7890,54.96,1044.7056,-47875.53,1.29
7891,40.24,1067.0294,-44370.24,1.25
7892,48.08,1030.0973,-47616.45,1.45
7893,51.0,1038.712,-49625.22,1.25
7894,51.48,1065.438,-51587.85,1.54
7895,51.36,1021.2603,-49287.85,1.36
7896,57.44,1020.3665,-43298.93,1.18
7897,44.92,1036.6327,-43562.37,1.15
7898,48.88,1080.5164,-45790.41,1.28
7899,47.76,1046.629,-47663.41,1.41
7900,34.92,1023.4606,-47218.59,1.19
7901,52.48,1049.8288,-41692.1,1.25
7902,50.64,998.317,-55031.44,1.08
7903,51.16,1019.8635,-47382.27,1.2
7904,49.44,1043.6893,-43774.79,1.19
7905,51.08,1051.7523,-40228.3,1.21
7906,38.08,1045.4274,-43839.59,1.12
7907,34.32,999.7002,-51022.24,1.12
7908,50.96,1032.5352,-51428.09,1.07
7909,68.6,1026.1823,-45251.52,1.1
7910,41.24,1035.6102,-51386.14,1.11
7911,55.64,982.8406,-50819.42,1.18
7912,60.0,1031.8446,-47423.02,1.09
7913,48.28,1054.6068,-51645.73,1.24
7914,37.28,1059.441,-51569.45,1.03
7915,47.84,1006.1846,-42854.41,1.14
7916,56.8,1007.5778,-48961.81,1.07
7917,51.96,1020.733,-49121.48,1.07
7918,55.72,1078.5654,-42098.13,1.21
7919,41.76,1005.1878,-43196.0,1.24
7920,47.88,1012.8388,-45188.83,1.33
7921,56.76,1036.2898,-55068.58,1.24
7922,54.24,1017.7648,-41321.95,1.28
7923,63.92,997.6506,-54901.09,1.11
7924,43.36,1066.4531,-55615.42,1.22
7925,43.36,1019.7805,-45471.02,1.17
7926,54.32,1026.0483,-47314.86,1.31
7927,51.88,1032.0478,-49403.25,1.06
7928,47.12,1022.4562,-45536.85,1.13
7929,31.28,1082.4224,-53655.52,1.16
7930,39.88,1045.2784,-43549.88,1.12
7931,50.12,1052.6098,-50014.66,1.07
7932,48.92,1033.6135,-49339.92,1.04
7933,45.04,1066.8395,-43704.67,1.2
7934,56.72,1017.2273,-47124.7,1.41
7935,48.56,1047.7128,-48134.37,1.09
7936,55.56,1053.4222,-45706.01,1.36
7937,40.36,1046.9894,-53554.35,1.16
7938,54.64,1005.3032,-50818.29,1.37
7939,48.52,1073.4071,-53899.15,1.21
7940,48.04,1050.1172,-51830.63,1.25
7941,36.72,1022.6468,-43482.73,1.23
7942,50.56,1001.1033,-43010.58,1.27
7943,43.76,1035.0446,-45559.49,1.34
7944,51.48,1045.4045,-51741.41,1.36
7945,38.92,1008.123,-49246.56,1.31
7946,39.8,1035.2243,-47600.24,1.69
7947,55.6,1001.9723,-52924.96,1.2
7948,55.36,1063.0813,-51423.71,1.27
7949,61.96,1058.8588,-50068.02,1.22
7950,43.8,997.6538,-46995.8,1.23
7951,49.12,1011.7924,-49407.62,1.13
7952,35.96,1021.7196,-49433.84,1.26
7953,53.32,1007.0218,-41071.82,1.06
7954,52.88,1093.1964,-48396.85,1.27
7955,51.4,1009.8027,-39294.5,1.25
7956,51.6,1073.9752,-54288.24,1.15
7957,60.84,1086.6684,-49721.79,1.11
7958,55.84,1060.8777,-49480.32,1.23
7959,44.4,1047.196,-49437.7,1.16
7960,50.0,1044.1673,-43645.95,1.25
7961,55.24,1035.9579,-45604.97,1.2
7962,57.68,1053.5366,-43887.72,1.12
7963,44.88,1007.2816,-59181.18,1.18
7964,39.44,1015.9868,-39154.79,1.38
7965,59.96,1070.0052,-46134.37,1.21
7966,55.52,1075.3082,-42509.22,1.17
7967,59.04,1002.8225,-37049.63,1.23
7968,38.36,1049.3292,-57446.22,1.2
7969,48.76,1086.6088,-46359.31,1.11
7970,58.4,1180.2442,-44231.92,1.24
7971,54.24,990.9136,-36888.04,1.13
7972,54.16,1047.763,-43959.99,1.16
7973,48.36,1000.3463,-50950.83,1.16
7974,60.36,1000.4933,-36910.74,1.2
7975,29.0,990.5162,-50979.03,0.99
7976,47.16,1019.5948,-53475.71,1.05
7977,36.56,1039.2488,-47571.85,1.13
7978,43.76,1014.1531,-43155.0,1.15
7979,36.48,1024.8525,-53077.03,0.99
7980,43.84,1076.4225,-47704.18,1.12
7981,50.32,1032.8445,-53135.63,1.06
7982,39.0,1027.5114,-49668.47,1.12
7983,35.52,995.3376,-44900.2,1.19
7984,56.76,1065.9828,-49834.57,1.16
7985,37.44,1054.2511,-57569.96,1.2
7986,47.04,1049.6132,-43930.37,1.19
7987,38.48,1002.6035,-38921.05,1.11
7988,57.56,1014.9896,-47253.81,1.13
7989,54.08,1022.2525,-45280.21,1.21
7990,46.52,1004.53,-43159.33,1.23
7991,51.92,1025.8764,-45642.81,1.21
7992,51.84,1059.2376,-45602.69,1.25
7993,52.96,1045.4188,-45820.08,1.12
7994,47.24,994.943,-54767.07,1.14
7995,47.44,1037.3593,-47521.95,1.36
7996,56.28,1019.8706,-47351.97,1.05
7997,54.64,1066.3862,-54037.03,1.12
7998,56.76,1025.1225,-41626.68,1.13
7999,54.76,1022.9334,-51175.03,1.09
8000,57.12,1014.5877,-54957.25,1.07
8001,65.12,1002.4862,-41072.07,1.15
8002,47.44,1010.5212,-41241.17,1.21
8003,57.64,1055.2656,-49847.88,1.06
8004,48.88,1064.123,-37927.59,1.11
8005,44.64,1041.1422,-45277.19,1.22
8006,42.56,1037.4084,-47696.61,1.24
8007,46.24,1031.6046,-53012.37,1.14
8008,53.16,1012.4144,-53227.2,1.02
8009,52.12,1038.2519,-43710.7,1.18
8010,40.48,1007.5258,-45180.8,1.22
8011,56.12,1022.9481,-47253.3,1.14
8012,44.32,1051.2162,-45672.53,1.24
8013,51.24,1061.6602,-44201.34,1.27
8014,43.68,1037.8619,-51382.07,1.25
8015,49.24,1119.9317,-40945.22,1.34
8016,40.88,1038.6968,-49775.32,1.17
8017,47.36,1012.1944,-47111.72,1.2
8018,43.12,1003.8294,-49028.37,1.01
8019,43.72,1082.6215,-42428.06,1.13
8020,42.24,1012.4067,-53017.23,1.05
8021,62.68,1030.4496,-47693.3,1.04
8022,69.2,1030.608,-49437.8,1.36
8023,49.08,1029.6031,-47447.7,1.4
8024,55.88,1038.2614,-53427.3,1.19
8025,56.84,1034.4109,-49522.55,1.12
8026,46.92,1003.0684,-45078.27,1.52
8027,45.64,1005.1131,-51011.11,1.59
8028,45.08,1008.7109,-41370.56,1.61
8029,58.8,1028.003,-37535.15,1.47
8030,34.68,997.5131,-47013.42,1.45
8031,34.64,1025.6638,-43201.56,1.37
8032,46.16,1041.7892,-41765.27,1.55
8033,57.44,1037.9228,-51563.86,1.39
8034,45.8,1043.4056,-43836.17,1.48
8035,47.24,1053.7494,-49683.77,1.62
8036,44.32,1016.9612,-45145.01,1.4
8037,31.44,1005.7344,-56953.37,0.9
8038,50.92,1031.9095,-43429.93,1.24
8039,53.2,1013.2518,-49362.07,1.26
8040,48.12,1009.5665,-39092.31,1.16
8041,57.36,1064.8166,-41862.56,1.29
8042,43.2,1011.9374,-51431.06,1.45
8043,46.04,1017.9192,-55439.09,1.05
8044,55.92,1020.4053,-37536.72,1.19
8045,49.28,1034.9668,-39555.63,1.2
8046,50.68,1015.6456,-37521.47,1.21
8047,57.28,1038.8028,-41512.02,1.11
8048,62.4,998.641,-44881.74,1.18
8049,51.24,1006.2153,-49123.09,1.14
8050,48.04,992.392,-50870.89,1.27
8051,52.44,994.8682,-51075.41,1.34
8052,31.48,1046.8329,-49475.18,1.45
8053,41.28,1016.6729,-43215.47,1.35
8054,44.44,1044.8967,-43423.9,1.35
8055,52.12,1026.2592,-43379.69,1.23
8056,38.72,1042.1106,-51455.92,1.22
8057,42.12,1021.5797,-43438.19,1.16
8058,37.96,1050.6487,-38060.78,1.12
8059,58.6,1058.9265,-48119.69,1.07
8060,41.4,1011.1611,-51237.35,1.07
8061,47.08,1021.7956,-53179.56,1.35
8062,51.68,1046.2826,-43628.15,1.25
8063,49.28,1094.4354,-46214.42,1.48
8064,35.76,1028.0679,-41631.66,1.43
8065,46.92,1025.134,-35500.19,1.28
8066,52.12,1016.8428,-43472.53,1.21
8067,48.72,1077.6426,-40397.69,1.17
8068,44.12,1030.106,-45522.58,1.18
8069,50.2,1059.9273,-42382.36,1.33
8070,51.32,1063.5588,-50027.94,1.1
8071,49.92,1036.6209,-43544.1,1.31
8072,38.36,1028.0884,-55312.23,1.21
8073,58.96,1033.1576,-53498.02,1.13
8074,50.04,1053.7674,-47579.25,1.24
8075,50.4,1024.0226,-51169.77,1.28
8076,49.4,1133.5221,-43879.65,1.35
8077,57.48,1043.4953,-39970.65,1.22
8078,44.52,1030.683,-43400.08,1.3
8079,61.32,1019.1847,-49051.51,1.3
8080,45.2,992.7056,-52842.66,1.23
8081,50.12,1030.3292,-55222.94,1.2
8082,43.84,1043.1162,-44967.74,1.24
8083,46.56,1106.1548,-48272.24,1.1
8084,50.2,1004.2114,-45146.72,1.37
8085,48.92,1068.4683,-52454.48,1.14
8086,41.84,1035.315,-43549.75,1.15
8087,44.8,994.5274,-40898.98,1.34
8088,60.88,1026.2754,-51566.87,1.16
8089,53.12,1011.0315,-45100.21,1.28
8090,49.24,1012.549,-43292.39,1.21
8091,57.2,1011.8619,-47251.46,1.13
8092,48.56,1048.0052,-51439.03,1.15
8093,47.12,1068.3344,-40486.58,1.32
8094,38.92,986.5952,-38881.86,1.27
8095,44.44,1134.3883,-46773.54,1.21
8096,33.56,1065.0979,-52127.13,1.1
8097,45.0,1037.4138,-43782.51,1.35
8098,45.56,1039.5908,-43670.92,1.22
8099,67.68,1005.1044,-56959.07,1.06
8100,44.8,992.243,-42768.8,1.51
8101,38.88,1001.5631,-45081.61,1.29
8102,51.76,1061.7486,-41739.22,1.13
8103,39.12,1017.1907,-47190.07,1.23
8104,50.44,1009.349,-47279.0,1.26
8105,40.24,1013.1733,-43249.78,1.15
8106,37.76,1028.4163,-45671.31,1.27
8107,58.68,1051.206,-44065.85,1.63
8108,45.0,1015.6094,-47021.57,1.76
8109,36.8,1007.7037,-45126.98,1.73
8110,40.64,1051.6734,-53441.35,1.42
8111,54.68,1049.5151,-55275.99,1.24
8112,54.96,1042.7766,-43751.96,1.07
8113,45.84,1042.9013,-39874.04,1.16
8114,44.52,1065.8594,-44017.99,1.21
8115,42.84,998.9318,-41091.26,1.14
8116,41.88,1011.2296,-41076.89,1.17
8117,35.08,1025.6571,-45416.69,1.27
8118,44.08,1015.6518,-51151.4,1.16
8119,45.88,1027.1563,-51408.59,1.19
8120,44.72,1037.4798,-37704.69,1.07
8121,52.0,1014.1574,-37329.36,1.37
8122,54.56,1059.5789,-55733.57,1.54
8123,43.6,986.5218,-56927.25,1.02
8124,52.6,1001.6049,-40930.7,1.1
8125,51.8,1074.3921,-53774.4,1.05
8126,52.08,1034.0878,-49373.46,1.23
8127,49.52,1019.6415,-53053.11,1.35
8128,45.28,1011.0862,-47035.26,1.18
8129,45.64,1040.5504,-55791.73,1.24
8130,51.92,1028.0327,-51341.54,1.12
8131,58.8,999.2092,-47117.97,1.52
8132,43.52,985.143,-50789.58,1.58
8133,61.4,1038.6679,-45142.79,1.22
8134,49.92,1094.1948,-50216.06,1.18
8135,47.24,1022.1404,-41381.41,1.29
8136,42.96,1034.5234,-39546.01,1.35
8137,49.24,1041.6799,-41490.02,1.34
8138,39.56,1116.9565,-48300.8,1.25
8139,27.36,1015.6504,-51457.36,1.24
8140,42.84,1049.9413,-45266.39,1.19
8141,52.32,1080.0774,-53413.26,1.37
8142,57.6,1041.6395,-45823.8,1.16
8143,49.44,1020.5718,-45345.55,1.14
8144,45.16,996.6568,-35037.76,1.29
8145,31.08,1012.4804,-39332.11,1.24
8146,52.36,1058.8294,-45677.76,1.23
8147,47.16,1051.924,-43691.32,1.21
8148,53.28,1032.6384,-39751.91,1.28
8149,50.16,1010.4159,-51107.67,1.27
8150,46.16,1053.1586,-47874.07,1.25
8151,55.72,1031.7842,-49262.12,1.21
8152,43.32,1044.4833,-53763.02,1.18
8153,62.12,1016.6312,-57116.9,1.19
8154,35.4,1002.056,-49076.73,1.22
8155,38.88,1043.5362,-37706.59,1.27
8156,53.44,996.4517,-43000.34,1.38
8157,40.8,1033.1653,-51598.86,1.24
8158,42.4,1031.6524,-41633.1,1.26
8159,42.88,992.3056,-52864.34,1.3
8160,48.72,1078.8419,-46458.22,1.36
8161,57.36,1050.6223,-45443.64,1.12
8162,59.92,1004.4994,-43088.14,1.17
8163,47.0,1054.234,-43613.55,1.33
8164,58.56,1024.9227,-39203.36,1.31
8165,49.28,1014.003,-49152.67,1.36
8166,51.68,1007.9799,-42995.72,1.16
8167,45.4,1034.9861,-51521.7,1.25
8168,63.6,1073.7222,-55261.45,1.15
8169,34.72,1019.7417,-51387.81,1.43
8170,59.84,1061.0062,-47622.02,1.38
8171,52.28,1005.7845,-49001.39,1.34
8172,42.56,1052.1088,-55836.48,1.37
8173,25.84,1020.1148,-50954.61,1.29
8174,48.68,1058.159,-45936.24,1.36
8175,47.2,1030.6552,-47335.69,1.45
8176,32.72,994.4032,-40870.52,1.26
8177,47.4,1037.1874,-53366.41,1.41
8178,48.12,1040.5598,-41539.99,1.38
8179,43.92,1029.9623,-49455.32,1.45
8180,49.36,1018.1789,-51294.58,1.18
8181,50.64,1069.9946,-57911.97,1.26
8182,41.6,1041.1886,-49422.74,1.26
8183,57.64,1014.058,-53013.27,1.0
8184,44.4,1004.2049,-43065.31,1.14
8185,51.2,1024.786,-45480.19,1.11
8186,32.44,1019.733,-47001.12,1.07
8187,48.04,1014.7803,-47475.42,1.16
8188,63.16,1014.525,-53146.41,1.05
8189,48.36,1023.9597,-47464.93,1.16
8190,50.8,1000.5122,-57022.8,1.14
8191,59.0,1041.6782,-49429.35,1.1
8192,38.08,1012.114,-54974.73,1.06
8193,49.6,1078.724,-38497.39,1.11
8194,52.12,1020.2995,-43250.55,1.2
8195,25.84,1021.7905,-55121.42,1.19
8196,50.04,1015.6481,-39189.31,1.15
8197,47.32,1052.7108,-40077.66,1.19
8198,48.96,1003.5579,-53085.74,1.12
8199,40.44,1011.6879,-46973.37,1.11
8200,45.56,1049.0859,-51500.98,1.07
8201,48.6,1164.766,-49499.16,1.22
8202,50.56,1001.464,-48819.93,1.18
8203,42.2,1030.6247,-47339.74,1.25
8204,30.92,1087.2145,-54273.42,1.13
8205,51.08,1047.5152,-37654.11,1.24
8206,48.68,1066.8337,-42162.92,1.09
8207,60.6,1009.5922,-50922.28,1.21
8208,47.96,1003.5196,-44922.31,1.1
8209,47.48,1018.9577,-53644.44,1.07
8210,52.24,1000.8235,-43246.35,1.24
8211,42.4,1008.9118,-43122.32,1.27
8212,60.56,1030.259,-43907.25,1.03
8213,63.88,1013.1949,-41177.08,0.98
8214,38.12,1035.7284,-53539.23,1.13
8215,51.24,1038.7138,-51346.27,0.92
8216,49.12,1182.8444,-51155.11,1.2
8217,53.04,1000.0321,-49092.53,1.14
8218,54.72,1034.051,-47736.66,1.13
8219,41.12,1022.0453,-41343.5,1.22
8220,53.88,1074.1694,-53790.25,1.01
8221,45.6,998.1628,-40981.46,1.15
8222,46.92,1011.3159,-39169.56,1.22
8223,51.52,1045.4016,-47828.35,1.2
8224,44.24,1019.4131,-41393.25,1.23
8225,45.96,1028.3665,-47364.94,1.26
8226,46.36,1007.2288,-43093.4,1.23
8227,43.52,1036.3392,-45875.53,1.4
8228,46.36,1066.8326,-45862.99,1.17
8229,48.84,1039.4538,-39536.52,1.12
8230,64.4,1056.9677,-53528.16,1.02
8231,41.2,1006.2954,-45145.82,1.18
8232,45.32,1022.5756,-39599.82,1.18
8233,41.28,1090.268,-44204.0,1.16
8234,29.2,1006.5523,-43186.69,1.24
8235,28.68,976.6172,-50748.16,1.07
8236,49.28,1068.2846,-44229.72,1.21
8237,40.52,1023.1387,-55314.45,1.08
8238,45.6,1006.0252,-53110.81,1.07
8239,62.8,1005.8919,-49273.04,1.16
8240,43.68,997.4597,-45011.96,1.22
8241,54.08,1137.4817,-48837.56,1.0
8242,58.8,1048.919,-49446.08,1.2
8243,45.84,991.916,-44795.56,1.1
8244,40.6,1033.6721,-43597.96,1.12
8245,43.88,1035.7708,-49419.68,1.22
8246,42.0,1044.0461,-45712.64,1.12
8247,39.4,1050.584,-43843.97,1.16
8248,49.92,1040.449,-43720.64,1.24
8249,53.04,1030.6886,-45511.61,1.09
8250,48.12,1105.8671,-49888.95,1.14
8251,58.28,1056.5714,-49736.4,1.13
8252,44.96,1021.2468,-41442.45,1.27
8253,39.76,1009.7528,-45291.72,1.13
8254,48.64,1052.2018,-44028.28,1.08
8255,45.92,1001.5708,-49309.76,1.06
8256,37.04,1069.8905,-40417.05,1.03
8257,41.64,1025.3832,-52983.67,1.06
8258,43.24,1044.9921,-53369.54,1.12
8259,38.24,1011.4814,-37345.3,1.09
8260,35.92,1028.334,-41349.43,1.22
8261,59.32,1028.8952,-46991.61,1.19
8262,55.44,1060.8105,-53691.4,1.14
8263,45.56,1007.6606,-47364.34,1.06
8264,42.36,1016.4558,-43324.33,1.07
8265,58.68,1022.0753,-39163.85,1.19
8266,51.36,1036.9431,-41608.0,1.16
8267,36.56,1018.9121,-45369.1,1.15
8268,52.24,1037.4969,-37891.35,1.22
8269,42.64,1008.0834,-52990.06,1.08
8270,55.96,1000.6623,-47032.28,1.18
8271,55.32,1059.0622,-53293.88,1.59
8272,42.24,1072.6686,-51125.93,1.03
8273,58.72,1021.8238,-45462.36,1.22
8274,41.72,1041.6385,-49306.92,1.1
8275,51.56,1048.745,-49684.85,1.12
8276,49.72,1062.5693,-47495.05,1.12
8277,49.92,1038.2564,-45387.51,1.37
8278,41.24,1003.158,-43197.05,1.13
8279,40.52,1041.5251,-45392.04,1.18
8280,44.96,1033.2781,-41688.21,1.19
8281,58.76,1015.3788,-43096.77,1.23
8282,28.24,1005.8708,-49255.54,1.01
8283,55.0,1075.69,-45831.53,1.04
8284,46.36,1036.1217,-45833.57,1.2
8285,56.2,1049.516,-49495.39,1.2
8286,48.12,1033.2246,-53412.57,1.1
8287,55.08,1075.2106,-48283.77,1.1
8288,37.2,1067.9642,-45995.66,1.12
8289,52.84,1020.228,-51144.46,1.1
8290,46.48,1075.5059,-44646.68,1.37
8291,52.8,1025.7198,-49593.43,1.12
8292,50.28,1051.5648,-49475.16,1.14
8293,46.8,1049.0621,-45684.36,1.29
8294,58.88,1087.7698,-47778.56,1.19
8295,48.0,1060.1463,-50071.39,1.15
8296,43.12,1033.0149,-54884.32,1.19
8297,48.68,1027.8175,-45467.64,1.15
8298,51.92,1102.2284,-43084.01,1.17
8299,47.44,1101.0225,-46243.83,1.2
8300,36.28,1022.4182,-45131.57,1.23
8301,35.12,1020.452,-53225.12,1.2
8302,50.04,1072.0213,-42229.78,1.19
8303,40.12,1023.4346,-49339.62,1.02
8304,46.72,1040.3838,-38057.65,1.25
8305,42.32,1025.3705,-41609.81,1.23
8306,50.32,1017.0484,-45226.81,1.13
8307,52.84,1158.8569,-48581.32,1.05
8308,50.72,1021.9767,-41599.38,1.22
8309,57.8,1046.2186,-49507.04,1.18
8310,60.76,1078.3816,-50473.33,0.95
8311,30.0,1000.7451,-38759.72,1.18
8312,47.32,1058.9593,-46079.72,1.17
8313,53.64,1018.296,-47236.67,1.01
8314,58.24,1046.6898,-55343.55,1.09
8315,44.56,1083.3852,-54417.3,1.04
8316,49.52,1011.9175,-37130.5,1.21
8317,34.84,1049.0621,-40090.09,1.18
8318,33.56,1014.71,-49113.17,1.33
8319,38.2,1039.0073,-51396.04,1.21
8320,41.12,1012.7102,-45424.08,1.06
8321,55.0,1086.9017,-56005.45,1.12
8322,43.6,1052.2106,-47746.4,1.16
8323,39.44,1054.3526,-43939.26,1.2
8324,33.76,1013.4118,-53122.02,1.14
8325,57.32,1005.2815,-43033.28,1.3
8326,47.24,1022.3082,-47648.83,1.24
8327,41.6,1012.8185,-53030.16,1.06
8328,60.16,1065.574,-43764.35,1.16
8329,51.52,1028.0564,-43387.94,1.08
8330,50.04,1001.2402,-47054.7,0.96
8331,48.6,1047.7349,-47697.75,1.1
8332,53.04,1028.0882,-45198.31,1.19
8333,59.76,1037.4137,-49149.62,1.09
8334,38.12,1021.8275,-45451.35,0.96
8335,55.72,1049.6575,-47854.13,1.11
8336,56.24,1045.0716,-39832.9,1.16
8337,41.48,1012.2744,-41206.21,1.09
8338,40.36,1052.237,-47657.37,1.12
8339,62.16,998.6054,-39089.71,1.18
8340,50.32,1031.3546,-49301.69,1.28
8341,44.48,985.7746,-50710.64,1.12
8342,40.24,1055.0049,-41753.25,1.23
8343,51.96,1060.8363,-50056.19,1.14
8344,42.44,1008.9211,-46992.15,1.13
8345,50.96,1021.1135,-43145.32,1.14
8346,48.92,1022.8014,-51314.39,1.22
8347,37.08,1005.2585,-44830.39,1.13
8348,53.68,1050.8457,-37805.41,1.15
8349,53.12,1102.6568,-47906.66,1.09
8350,46.32,1111.9705,-44984.52,1.12
8351,34.96,995.8011,-49009.47,1.28
8352,55.72,1027.4659,-43290.18,1.13
8353,57.2,1012.0577,-47112.63,1.14
8354,43.0,1028.1076,-31570.15,1.09
8355,42.96,1013.6198,-49264.09,1.22
8356,55.72,1035.1603,-61514.52,1.09
8357,59.72,1008.5321,-53267.33,1.04
8358,58.96,1035.87,-51386.36,1.16
8359,45.24,1054.9964,-49825.59,1.15
8360,52.12,1037.0216,-49357.75,1.15
8361,46.92,1029.607,-39760.59,1.2
8362,40.64,1026.88,-43327.28,1.17
8363,57.56,1028.7349,-51202.13,1.01
8364,46.56,1002.6236,-51163.12,1.31
8365,52.36,1047.9601,-53691.48,1.17
8366,63.44,1051.7454,-51560.71,1.39
8367,49.2,1019.4168,-39244.2,1.35
8368,39.16,1012.1925,-45077.95,1.03
8369,47.4,1003.9242,-44947.68,1.08
8370,53.04,1061.5536,-40325.88,1.13
8371,34.6,1026.1442,-57229.6,1.13
8372,55.72,1045.0266,-46059.56,1.08
8373,49.44,1048.8998,-45829.59,1.13
8374,41.08,1007.049,-55165.29,1.0
8375,63.96,1025.7182,-41287.18,1.07
8376,41.76,1039.0854,-39691.24,1.2
8377,46.36,1029.0214,-55220.76,1.15
8378,57.44,1015.81,-46925.11,1.23
8379,52.4,1025.4883,-43283.52,1.17
8380,40.6,1081.6672,-50244.54,1.15
8381,57.28,1050.0218,-45967.91,1.07
8382,38.32,1013.1531,-51007.25,1.06
8383,52.28,1047.4022,-39477.84,1.33
8384,46.96,1035.9208,-47178.12,1.33
8385,54.24,999.6311,-44866.58,1.39
8386,41.76,1032.6406,-51443.05,1.16
8387,54.64,1013.7952,-43222.01,1.19
8388,39.0,1017.2931,-49062.29,1.21
8389,42.96,1016.3414,-43230.23,1.19
8390,47.32,1022.6706,-47398.17,1.12
8391,62.28,1024.7682,-61250.53,1.1
8392,53.24,1036.1652,-41662.12,0.96
8393,48.44,1029.4418,-51235.45,1.1
8394,38.72,1010.8072,-51316.56,1.1
8395,50.92,1078.2603,-57807.85,1.17
8396,43.88,1085.8396,-50375.76,1.06
8397,46.48,1027.0583,-37725.96,1.22
8398,46.16,1039.6177,-49626.03,1.12
8399,53.24,1026.5305,-49674.42,1.2
8400,47.84,1037.5259,-41742.05,1.21
8401,50.2,1041.9657,-53571.75,1.09
8402,47.04,1029.4227,-49521.24,1.04
8403,38.96,1010.6061,-49414.21,1.03
8404,48.2,1020.5258,-39488.28,1.08
8405,43.8,999.7052,-53106.27,1.17
8406,48.32,996.5635,-48987.91,1.21
8407,51.8,1036.51,-45434.47,1.14
8408,48.76,995.1592,-51037.31,1.13
8409,46.92,986.2851,-46867.43,1.14
8410,55.28,1014.3108,-39323.99,1.34
8411,51.72,1018.4542,-45009.38,1.16
8412,49.6,1029.3333,-45451.55,1.11
8413,49.72,1013.5019,-47219.75,1.23
8414,35.96,1061.3815,-40342.22,1.3
8415,48.64,1044.479,-43978.93,1.16
8416,35.32,1039.028,-47655.36,1.19
8417,46.32,1023.8348,-43232.71,1.19
8418,40.4,1021.0229,-41293.72,1.25
8419,44.36,1017.2648,-53326.43,1.24
8420,48.16,1056.7576,-42289.97,1.2
8421,57.76,1013.0799,-43160.01,1.18
8422,44.84,1087.9169,-44405.59,1.19
8423,52.88,1014.0841,-47060.84,1.16
8424,59.16,1020.5032,-43107.51,1.31
8425,52.44,1055.577,-36198.52,1.23
8426,46.44,1017.6797,-47074.36,1.08
8427,44.04,1024.4134,-43528.67,1.22
8428,47.72,1036.9834,-43341.09,1.08
8429,51.84,1047.6435,-45537.14,1.11
8430,29.44,1032.751,-47227.4,1.04
8431,59.64,1131.2197,-50289.39,1.0
8432,54.04,1021.6168,-51403.77,1.04
8433,52.04,1032.537,-51592.36,1.27
8434,59.88,1031.3995,-49556.88,0.96
8435,31.48,1102.5139,-55843.37,1.09
8436,40.64,1064.152,-45747.6,1.22
8437,45.76,1029.4795,-41568.92,1.27
8438,57.52,1026.6548,-49412.51,1.18
8439,41.28,1020.431,-41411.16,1.13
8440,49.92,1030.8542,-47432.38,1.13
8441,32.84,998.8374,-51026.34,1.05
8442,46.68,1047.6178,-55656.07,1.05
8443,43.04,1036.2318,-47107.1,1.19
8444,49.64,1025.221,-47541.76,1.24
8445,37.64,993.997,-46866.15,1.17
8446,53.2,1052.8242,-47420.49,1.07
8447,49.6,1065.039,-44238.54,1.18
8448,55.96,1013.5126,-50953.6,1.06
8449,51.16,1015.1049,-55073.18,1.15
8450,48.32,1027.8231,-43307.62,1.25
8451,47.24,1043.088,-43943.35,0.97
8452,41.4,1021.9705,-47289.13,1.12
8453,32.04,1033.1602,-41459.4,1.15
8454,60.92,1038.7474,-47370.54,1.2
8455,43.2,1080.2472,-46171.62,1.18
8456,51.36,1039.1074,-47604.28,1.11
8457,46.96,1032.9095,-39713.83,1.24
8458,35.56,1002.4161,-35012.92,1.31
8459,58.48,1031.5803,-49630.62,1.07
8460,47.32,1010.5587,-45228.51,1.1
8461,34.56,1013.4863,-41118.21,1.16
8462,55.36,1019.5562,-55393.35,1.14
8463,41.64,1018.1812,-49237.82,1.31
8464,49.8,1068.4176,-45862.92,1.05
8465,45.32,1012.0068,-45274.98,1.16
8466,56.16,1053.8032,-45997.12,1.13
8467,52.44,1003.9958,-39227.85,1.18
8468,52.2,1047.0407,-41732.87,1.16
8469,47.64,1007.5789,-47037.54,1.14
8470,52.96,1009.6999,-53177.62,1.18
8471,58.4,1033.1526,-45565.18,1.18
8472,57.4,1032.4583,-49505.3,1.17
8473,40.4,1025.4632,-51118.36,1.14
8474,42.92,1041.6786,-53633.59,1.2
8475,46.92,1017.7031,-43328.14,1.29
8476,45.4,1089.1748,-46230.58,1.09
8477,54.52,1031.462,-45723.11,1.26
8478,55.36,1047.3266,-39914.16,1.1
8479,47.88,1046.8286,-45797.39,1.07
8480,52.48,1018.3778,-41198.6,1.11
8481,55.16,1059.4307,-39614.13,1.17
8482,46.88,1070.5185,-47900.5,1.18
8483,42.96,1033.8138,-44024.01,1.12
8484,50.0,999.732,-43125.08,1.19
8485,27.36,986.622,-56922.22,0.94
8486,49.64,1042.2393,-45829.82,1.2
8487,51.76,1003.4087,-45053.14,1.06
8488,39.92,995.8629,-44865.92,1.24
8489,55.72,1008.069,-47209.26,1.23
8490,52.28,1016.934,-39387.71,1.19
8491,51.4,1064.0184,-50145.84,1.11
8492,47.48,1067.879,-38630.9,1.14
8493,47.8,1043.6384,-41825.0,1.23
8494,51.08,1036.0746,-45246.84,1.02
8495,29.36,1013.1348,-37242.98,1.08
8496,49.72,1046.2567,-40126.2,1.09
8497,52.8,1048.3195,-45681.66,1.12
8498,26.96,992.8773,-41055.3,1.03
8499,48.08,1072.7731,-50185.81,1.13
8500,54.88,1026.8775,-43401.26,1.27
8501,47.16,1079.0202,-51767.72,1.07
8502,41.28,1036.4342,-43678.73,1.16
8503,62.32,1035.3272,-43374.21,1.1
8504,39.28,1028.0727,-45296.18,1.21
8505,56.32,1029.965,-41559.01,1.22
8506,50.84,1016.3547,-43156.92,1.16
8507,48.24,1047.9479,-53470.02,1.25
8508,46.48,988.8458,-44828.33,1.09
8509,53.6,1021.3034,-47430.37,1.12
8510,45.6,1006.2117,-50909.38,1.24
8511,42.68,1062.2519,-47894.72,1.27
8512,49.68,1051.1077,-41564.05,1.1
8513,46.44,1052.2172,-47810.77,1.24
8514,54.76,1012.5161,-51080.46,1.12
8515,62.16,1046.6462,-49609.46,1.31
8516,47.32,1036.3777,-51180.08,1.44
8517,39.44,1009.3603,-41091.77,1.42
8518,49.36,1021.5326,-47306.72,1.39
8519,54.68,1042.5208,-45934.34,1.25
8520,58.68,1065.5924,-53552.7,1.39
8521,38.72,1051.9674,-43610.19,1.25
8522,40.92,1000.1562,-37001.04,1.59
8523,48.36,992.1222,-48861.67,1.22
8524,50.88,1074.5511,-46445.21,1.93
8525,56.4,1054.2599,-43669.0,1.69
8526,48.88,1040.054,-49311.39,1.61
8527,44.12,1007.3154,-49136.01,1.26
8528,47.2,1030.0868,-37637.0,1.28
8529,36.56,1030.6426,-47612.04,1.16
8530,42.4,1044.0917,-45586.76,1.5
8531,56.6,1019.7332,-53308.61,1.46
8532,42.36,1025.2447,-51269.33,1.18
8533,51.6,1038.7043,-43497.71,1.31
8534,57.28,1024.1559,-41237.91,1.31
8535,53.36,1049.5752,-41694.24,1.43
8536,47.44,1003.5328,-37140.73,1.37
8537,48.6,1050.0098,-49704.69,1.18
8538,60.4,1061.3012,-53535.02,1.25
8539,51.44,1028.0604,-45635.77,1.46
8540,51.24,1072.0728,-47967.35,1.22
8541,43.56,1023.3997,-51368.54,1.06
8542,45.52,1129.0203,-51592.44,1.32
8543,49.52,1040.2968,-49507.1,1.13
8544,59.36,1016.1564,-41137.74,2.58
8545,52.08,1011.6231,-45158.19,2.19
8546,54.64,1004.3216,-49043.07,1.58
8547,58.4,1032.5664,-45392.21,1.28
8548,47.6,1035.1225,-49420.86,1.53
8549,52.6,1005.2079,-53296.41,1.54
8550,49.92,1022.8234,-43081.83,1.21
8551,41.56,1015.5039,-49042.11,1.28
8552,56.08,1016.4572,-47039.48,1.56
8553,59.4,1015.5459,-48916.13,1.35
8554,52.96,1024.2193,-50995.81,1.15
8555,43.36,986.4897,-50790.82,0.98
8556,52.68,1045.5786,-45635.2,1.32
8557,54.08,1016.3708,-45254.7,1.28
8558,45.36,984.6898,-54833.66,1.07
8559,56.12,1005.7778,-51131.99,1.58
8560,34.24,1014.6016,-45333.65,1.33
8561,38.48,1051.14,-47806.65,1.56
8562,45.88,1045.0718,-45371.99,1.42
8563,53.0,1028.2319,-43645.32,1.53
8564,52.64,1037.749,-47488.55,1.35
8565,39.96,1067.4524,-47657.68,1.49
8566,54.24,1106.8931,-56546.75,1.57
8567,51.16,1021.8514,-45477.4,1.65
8568,48.52,980.3608,-34630.2,1.53
8569,49.08,1066.2478,-47896.54,1.56
8570,65.16,1051.4994,-46051.15,1.54
8571,41.84,1016.6404,-49348.48,1.47
8572,44.16,989.8001,-54909.46,1.4
8573,58.88,1026.0843,-45409.62,1.64
8574,50.92,1034.8804,-43502.58,1.74
8575,58.6,999.4501,-50899.46,1.35
8576,51.08,1071.4171,-57373.85,1.45
8577,58.24,1064.5386,-43980.49,1.72
8578,51.04,1025.7765,-51302.26,1.33
8579,41.6,1042.6533,-47364.52,1.21
8580,58.0,1074.9214,-36487.96,1.4
8581,37.72,1017.9372,-45380.67,1.14
8582,48.0,1055.2471,-43945.92,1.16
8583,45.8,1053.9257,-49609.98,1.26
8584,51.2,1058.3854,-43912.69,1.11
8585,42.84,1010.4954,-45384.42,1.08
8586,49.4,1017.0645,-35363.12,1.16
8587,50.84,1002.9231,-47057.64,1.16
8588,48.4,1018.4004,-51135.49,1.01
8589,60.92,1040.3969,-43841.4,1.09
8590,54.04,1033.782,-33761.4,1.61
8591,49.12,1069.767,-51879.75,1.4
8592,57.32,1046.058,-51690.09,1.61
8593,36.76,1022.1614,-47185.65,1.76
8594,53.96,1015.013,-57109.59,1.34
8595,48.92,1027.7256,-53305.31,1.17
8596,34.56,1012.6342,-37386.7,1.55
8597,51.36,1115.1093,-50688.52,1.48
8598,51.76,1037.1612,-47743.85,1.77
8599,38.08,996.0953,-44871.65,1.31
8600,48.6,1060.2561,-51651.09,1.57
8601,36.24,1008.2982,-39122.59,1.32
8602,51.52,1053.3134,-42026.29,1.44
8603,46.6,1007.2994,-37096.04,1.3
8604,49.2,1045.4026,-45698.09,1.53
8605,48.6,1015.9284,-41452.46,1.52
8606,35.84,996.9804,-43133.35,1.1
8607,61.12,1049.3448,-39901.31,1.12
8608,49.84,1042.7326,-43749.14,1.23
8609,46.48,1059.1833,-49920.54,1.11
8610,54.52,1045.8249,-47399.89,1.13
8611,44.24,1042.6306,-41600.26,1.19
8612,50.28,1060.2056,-51900.5,1.21
8613,55.96,995.3665,-46828.2,1.17
8614,44.52,1057.1504,-51567.57,1.15
8615,53.8,1083.6312,-39967.63,1.23
8616,54.8,1037.0892,-45360.04,1.15
8617,48.12,1000.0006,-51078.44,1.26
8618,59.56,1012.6357,-45228.34,1.22
8619,50.08,1030.3447,-47156.68,1.22
8620,54.08,1093.6377,-49016.97,1.13
8621,51.56,999.1507,-48888.02,1.26
8622,30.72,1014.0266,-47277.78,1.23
8623,43.92,1019.6788,-45104.15,1.35
8624,48.76,1039.9235,-45533.91,1.28
8625,56.56,1016.3582,-39256.72,1.19
8626,54.04,1121.3986,-44735.79,1.1
8627,40.2,1072.6697,-48094.11,1.13
8628,34.2,982.3039,-40615.5,1.31
8629,49.28,1054.85,-40045.15,1.16
8630,44.52,1069.0538,-43972.87,1.18
8631,54.16,1017.2218,-53164.07,1.13
8632,48.88,1006.546,-43124.79,1.19
8633,50.76,1245.5967,-48998.83,1.14
8634,48.24,1016.6058,-43361.65,1.31
8635,48.48,1073.1544,-49955.23,1.22
8636,47.0,1078.927,-53500.6,1.16
8637,45.28,1030.565,-43589.33,1.22
8638,50.2,1071.4242,-42175.52,1.22
8639,38.88,1017.3255,-35410.47,1.16
8640,56.36,1065.0644,-37932.21,1.21
8641,49.92,1055.3598,-40119.05,1.25
8642,44.36,1059.5497,-40867.4,1.15
8643,46.72,1046.3527,-45736.81,1.06
8644,49.64,1019.4468,-47284.37,1.15
8645,41.44,1012.1897,-41174.92,1.25
8646,54.88,1020.147,-47497.26,1.75
8647,56.8,993.3002,-46832.26,1.35
8648,40.4,1035.541,-49679.62,1.32
8649,62.88,1022.8672,-41396.7,1.26
8650,64.04,1033.9271,-43536.36,1.5
8651,47.76,1030.1925,-51373.46,1.54
8652,60.72,1022.3299,-48986.15,1.95
8653,54.56,1030.8481,-45485.95,1.5
8654,52.08,1043.6633,-47517.68,1.19
8655,48.04,988.1566,-36790.27,1.06
8656,39.12,1051.1495,-55604.23,1.01
8657,54.8,1078.1992,-44772.15,1.07
8658,43.8,1030.8734,-47605.32,1.2
8659,44.28,1012.0302,-49457.63,1.23
8660,44.36,1078.4738,-34593.98,1.22
8661,46.24,1077.3561,-50005.78,1.23
8662,52.24,1082.961,-44224.58,1.15
8663,47.4,1016.3028,-55331.33,1.22
8664,42.52,989.9395,-44860.17,1.18
8665,45.6,1019.0482,-45201.65,1.08
8666,54.28,1036.4739,-49400.42,1.0
8667,50.96,1036.2865,-47506.35,1.17
8668,50.92,1027.4316,-47583.1,1.14
8669,33.84,1128.3966,-56236.26,1.1
8670,49.12,1025.381,-45517.81,1.22
8671,59.2,1064.973,-43987.08,1.11
8672,58.44,1009.038,-42999.24,1.14
8673,48.16,1027.5853,-41344.41,1.11
8674,39.28,1048.6092,-51693.72,1.91
8675,55.24,1026.9836,-51416.09,1.24
8676,51.84,1015.7177,-49286.21,1.12
8677,44.84,1006.6096,-47395.44,1.16
8678,51.2,1035.687,-55390.45,1.14
8679,44.48,1017.4959,-45285.06,1.17
8680,49.56,999.7724,-41088.61,1.08
8681,53.28,1057.5042,-36051.03,1.18
8682,51.56,1013.6621,-51083.54,1.11
8683,41.04,1054.9108,-41866.43,1.2
8684,46.36,1048.2656,-47594.23,1.21
8685,46.72,975.3349,-44661.69,1.18
8686,52.28,1000.6372,-45070.82,1.25
8687,46.68,1022.2911,-45505.03,1.23
8688,48.4,1016.6378,-35291.95,1.27
8689,58.2,1087.6256,-57716.82,1.1
8690,44.72,1013.138,-49205.67,1.18
8691,46.88,1057.9674,-48186.62,1.1
8692,51.4,1014.3519,-51134.62,1.04
8693,50.24,1175.4726,-53265.2,1.05
8694,47.24,1046.3342,-41932.45,1.19
8695,61.4,996.4864,-50921.72,1.23
8696,43.28,1058.575,-49729.85,1.12
8697,42.84,1062.7325,-43935.81,1.23
8698,50.64,1032.1996,-41845.78,1.5
8699,55.44,1028.7119,-41628.36,1.25
8700,55.56,1041.8688,-45283.7,1.29
8701,45.96,1031.5627,-49421.44,1.18
8702,42.4,1032.9663,-43361.75,1.2
8703,40.6,1054.8656,-47430.42,1.22
8704,61.12,1072.7219,-48213.05,1.25
8705,44.16,1020.196,-43352.78,1.13
8706,31.32,1023.7022,-51290.19,1.21
8707,43.4,1012.3137,-47045.2,1.06
8708,58.4,1096.9065,-46418.46,1.25
8709,52.24,1038.6645,-43764.94,1.2
8710,50.44,1052.95,-47809.22,1.25
8711,49.76,1024.08,-57132.13,1.14
8712,54.24,1048.8072,-47433.43,1.31
8713,39.52,1010.0382,-39158.62,1.19
8714,52.76,1059.8534,-43906.75,1.21
8715,39.88,1034.2072,-33871.64,1.27
8716,51.48,995.7709,-34932.23,1.3
8717,54.04,1068.3456,-42030.94,1.16
8718,51.76,1052.0796,-54977.1,1.11
8719,46.64,1031.8418,-53338.46,1.09
8720,38.72,1013.5782,-52817.38,1.08
8721,59.8,1043.6912,-42016.27,1.23
8722,47.68,1050.2403,-45584.02,1.21
8723,56.88,1043.9173,-43786.47,1.24
8724,35.2,1012.4019,-43144.67,1.15
8725,54.08,1007.6108,-41165.72,1.21
8726,38.24,1038.0766,-47529.95,1.13
8727,42.8,1084.1373,-51811.93,1.16
8728,51.84,1132.7092,-48595.77,1.11
8729,44.36,1009.4356,-45377.76,1.09
8730,42.44,1015.3573,-51386.24,1.16
8731,48.04,1091.2004,-46710.21,1.24
8732,48.2,1079.6938,-44141.35,1.13
8733,56.88,997.172,-44957.16,1.17
8734,41.84,1016.7257,-49309.06,1.02
8735,43.28,1015.0742,-47319.58,1.2
8736,49.48,1033.4751,-45179.93,1.33
8737,34.12,996.6991,-49145.53,1.13
8738,52.28,1006.4336,-43176.66,1.12
8739,41.92,1089.7936,-42993.81,1.19
8740,56.48,1063.3676,-53812.56,1.07
8741,57.68,1081.6175,-51038.67,1.59
8742,49.6,1024.2145,-49438.51,1.37
8743,54.44,1028.2068,-47366.85,1.16
8744,53.44,986.4139,-44898.1,1.07
8745,44.8,1005.6818,-41099.08,1.17
8746,48.4,1065.623,-42179.03,1.34
8747,52.12,1020.7719,-47388.84,1.4
8748,45.56,1022.4292,-43467.28,1.17
8749,41.96,1023.7584,-53421.02,1.14
8750,43.48,1034.1135,-47592.67,1.13
8751,46.6,1038.5299,-41637.22,1.15
8752,41.04,1055.4285,-49489.58,1.11
8753,44.12,1037.1074,-37689.67,1.13
8754,54.56,1036.8742,-55507.23,1.09
8755,51.6,1065.2217,-53480.03,1.02
8756,57.64,1060.4896,-48242.36,1.22
8757,48.24,1011.0527,-45120.34,1.06
8758,59.44,1048.0515,-51553.53,1.05
8759,50.0,1042.2407,-53338.24,1.24
8760,43.08,1053.2196,-55397.9,1.22
8761,35.84,1002.3596,-42948.14,1.16
8762,53.92,1020.3342,-43031.31,1.15
8763,42.92,1011.8443,-53160.2,1.2
8764,62.64,1056.2722,-44092.41,1.16
8765,58.16,1029.025,-41530.52,1.2
8766,35.84,1016.044,-53352.05,1.15
8767,48.0,1069.6631,-50128.48,1.12
8768,56.96,1033.5804,-37657.25,1.15
8769,43.92,1005.0488,-49159.45,1.05
8770,54.04,1035.9534,-45514.81,1.06
8771,52.68,1043.6218,-51301.07,1.08
8772,58.32,1039.6539,-39460.33,1.29
8773,55.2,1090.8536,-42620.4,1.21
8774,34.8,1010.1744,-51316.46,1.05
8775,47.92,1022.6182,-41595.82,1.07
8776,55.28,1060.9507,-41779.44,1.22
8777,54.52,1053.8659,-45735.49,1.21
8778,41.96,1022.5611,-37562.52,1.17
8779,37.36,1049.6064,-51483.72,1.2
8780,48.96,1041.7459,-43559.18,1.1
8781,25.4,1020.7135,-51469.97,1.09
8782,45.68,1023.897,-53226.06,1.11
8783,44.64,995.8401,-50918.05,1.07
8784,51.36,1010.6308,-49148.56,1.0
8785,47.36,1007.6133,-43110.42,1.38
8786,45.08,1015.5919,-39391.14,1.12
8787,29.96,1013.1438,-55029.39,1.04
8788,68.12,1015.5323,-45227.95,1.16
8789,41.92,1008.0641,-35286.52,1.2
8790,54.96,1019.7116,-45357.73,1.12
8791,38.72,984.9198,-50926.37,1.06
8792,47.68,1004.0394,-37020.18,1.2
8793,47.4,1045.3837,-41833.2,1.12
8794,54.52,1010.4923,-39193.97,1.33
8795,60.24,1014.131,-47323.96,1.1
8796,30.56,1023.0063,-43454.71,1.15
8797,53.28,1031.6962,-37608.55,1.21
8798,33.6,1007.0246,-51123.84,0.99
8799,53.48,1054.4963,-37694.21,1.05
8800,51.04,1045.0714,-47614.09,1.12
8801,50.8,1041.4844,-41656.09,1.19
8802,53.52,1014.6742,-51147.68,1.0
8803,46.2,1057.3526,-49816.15,0.98
8804,45.8,1010.1622,-41278.66,1.26
8805,41.56,1020.5535,-57221.85,1.16
8806,50.2,1033.282,-51450.46,1.18
8807,47.88,1122.2961,-44550.69,1.15
8808,52.0,1024.6708,-47021.93,1.1
8809,36.24,1004.2342,-45179.0,1.14
8810,54.52,1010.1036,-43062.26,1.41
8811,45.2,1093.8518,-44461.51,1.15
8812,50.52,1009.8427,-43320.94,1.05
8813,40.88,1014.1518,-43360.96,1.11
8814,60.6,1027.8608,-45516.92,1.07
8815,55.92,1073.0607,-46039.97,1.17
8816,59.08,1007.3471,-59004.99,1.4
8817,44.76,1011.28,-45211.32,1.4
8818,51.64,1004.5769,-49045.78,1.23
8819,35.64,1019.9078,-51501.66,1.38
8820,39.56,1006.0486,-43065.02,1.26
8821,52.76,1056.4318,-47717.24,1.22
8822,51.8,1008.9465,-39219.2,1.24
8823,52.12,1011.1534,-35274.02,1.25
8824,41.32,987.3672,-52947.58,1.06
8825,52.4,1006.5981,-48995.61,1.15
8826,48.04,1048.7466,-49589.34,1.04
8827,40.08,1005.4016,-56889.34,1.07
8828,52.0,1020.6054,-51269.3,1.25
8829,57.72,1042.2325,-51615.73,1.1
8830,49.28,1025.2099,-45639.68,1.09
8831,50.16,1071.9796,-45491.59,1.13
8832,58.32,1041.3437,-47542.16,1.19
8833,45.36,1090.1434,-48468.76,1.15
8834,55.96,1031.9772,-43509.62,1.24
8835,46.32,1056.8117,-42278.62,1.17
8836,43.36,1084.923,-54250.86,1.27
8837,64.16,1080.1767,-46474.34,1.13
8838,44.64,1007.2442,-49276.8,1.05
8839,44.96,996.7654,-52994.16,1.3
8840,45.04,1074.0594,-46224.13,1.02
8841,56.08,1048.8593,-41565.8,1.23
8842,51.88,1052.8155,-53606.5,1.09
8843,51.8,1050.2725,-41909.8,1.3
8844,30.16,1031.6027,-43540.32,1.18
8845,40.92,1032.0091,-47370.96,1.3
8846,30.24,1038.5522,-43658.03,1.14
8847,49.84,1018.7263,-45478.0,1.2
8848,39.6,1000.5078,-40993.8,1.28
8849,47.08,1073.838,-50327.25,1.24
8850,58.2,1089.9596,-46676.54,1.33
8851,47.12,1023.838,-49136.39,1.3
8852,34.04,1040.9907,-39820.7,1.27
8853,46.8,1033.2516,-39708.67,1.41
8854,29.6,1017.7352,-49329.72,1.21
8855,41.64,1019.9883,-45213.51,1.29
8856,57.88,1039.0849,-45646.76,1.24
8857,49.6,1028.1611,-47199.98,1.17
8858,60.8,1024.6956,-45517.53,1.23
8859,39.4,1035.6944,-37770.08,1.15
8860,61.0,1084.5708,-50655.08,1.13
8861,50.88,1051.0058,-41882.23,1.11
8862,40.4,1045.8162,-38092.98,1.1
8863,47.64,993.1429,-40895.53,1.15
8864,25.52,998.8133,-59129.25,1.07
8865,60.48,1051.0718,-41914.69,1.06
8866,62.84,1023.397,-51213.26,1.13
8867,52.28,1071.5561,-43832.44,1.09
8868,52.08,1006.0242,-47234.08,1.18
8869,52.0,1006.6193,-39153.2,1.34
8870,52.8,1009.4506,-45257.93,1.16
8871,48.96,1057.1315,-49440.09,1.11
8872,42.24,1019.43,-47142.06,1.22
8873,61.88,1097.4738,-47937.22,1.34
8874,31.32,1015.3429,-43130.58,1.15
8875,47.12,1037.5531,-43103.85,1.26
8876,58.28,1059.9819,-47929.47,1.23
8877,44.92,975.4373,-48764.82,1.09
8878,45.52,1124.668,-52730.91,1.27
8879,57.2,1026.8466,-35661.96,1.49
8880,40.12,997.0096,-58899.18,1.17
8881,35.68,1112.4725,-39108.79,1.33
8882,37.68,1005.811,-49324.13,1.25
8883,57.72,1027.8256,-49263.78,1.13
8884,47.56,1021.8301,-51117.03,1.14
8885,54.48,1063.3988,-47753.94,1.16
8886,39.92,1035.8072,-43396.91,1.16
8887,51.12,1024.5147,-54825.51,1.07
8888,28.92,1001.611,-34987.0,1.16
8889,39.76,1026.2559,-41632.67,1.36
8890,62.92,1094.6015,-52452.18,0.94
8891,43.24,1012.5787,-45189.34,1.22
8892,55.0,1032.1944,-49032.37,1.09
8893,34.04,1031.4448,-45517.88,1.32
8894,51.52,1122.7188,-54409.83,1.14
8895,63.32,1047.0437,-49551.18,1.14
8896,48.44,1071.8258,-53580.38,1.13
8897,46.84,1016.5027,-51180.88,1.12
8898,48.2,1047.7599,-37713.87,1.21
8899,58.8,1049.6934,-51928.59,1.09
8900,48.64,1012.6528,-53183.05,1.11
8901,50.32,1012.7642,-41222.91,1.1
8902,30.4,1021.4165,-43339.03,1.1
8903,41.56,1009.2684,-36817.72,1.12
8904,47.32,1030.1345,-41778.46,1.26
8905,44.4,1030.4645,-53388.11,1.22
8906,55.68,1020.2694,-35417.64,1.35
8907,37.48,1054.8266,-57463.94,1.13
8908,64.84,1030.9422,-49626.71,1.17
8909,48.04,1061.4524,-40507.51,1.19
8910,51.32,1017.8362,-45461.64,1.16
8911,40.16,1061.7446,-49443.82,1.33
8912,51.96,1032.1913,-49127.71,1.1
8913,41.8,1055.845,-38351.77,1.39
8914,39.44,1034.4003,-53540.75,1.21
8915,44.8,1005.9998,-50999.4,1.61
8916,55.4,1022.5669,-49310.73,1.21
8917,45.24,1030.4902,-45359.92,1.68
8918,46.92,1080.1018,-47889.02,1.17
8919,45.48,1017.3784,-47227.74,1.24
8920,53.24,1028.5258,-43484.22,1.26
8921,47.6,1026.5382,-43379.36,1.34
8922,40.52,1016.1775,-43549.32,1.2
8923,51.04,1078.4759,-48088.92,1.5
8924,49.6,1012.1897,-55130.44,1.48
8925,54.24,1011.6356,-49209.34,1.38
8926,55.84,1040.9455,-43548.79,1.48
8927,41.96,995.9365,-36972.43,1.22
8928,57.32,1016.0617,-43229.52,1.65
8929,48.28,1023.5965,-39491.2,1.41
8930,37.88,1001.6562,-41032.48,1.32
8931,41.36,1042.484,-47730.39,1.33
8932,46.36,1027.7839,-51138.11,1.1
8933,43.56,1020.7207,-43392.86,1.26
8934,52.32,1031.7766,-49682.24,1.4
8935,52.68,1027.866,-33718.1,1.33
8936,56.44,1020.3445,-47309.01,1.34
8937,40.52,1033.5533,-41405.87,1.16
8938,57.12,1181.5164,-46097.54,1.38
8939,42.6,1027.7992,-41484.38,1.23
8940,40.16,1037.0004,-47634.32,1.29
8941,42.16,1091.2683,-46078.19,1.58
8942,46.28,1078.8994,-47957.43,1.21
8943,58.08,1054.1666,-49653.56,1.46
8944,42.6,1004.424,-41149.03,1.26
8945,47.52,1030.9567,-45899.71,1.14
8946,34.12,1040.6074,-45525.14,1.15
8947,54.96,1155.3221,-47003.9,1.29
8948,51.04,1014.6995,-47155.34,1.16
8949,51.48,1036.8916,-55305.06,1.0
8950,48.0,1086.2582,-52131.46,1.21
8951,52.08,1007.415,-49045.21,1.27
8952,51.12,1053.3939,-50119.37,1.35
8953,39.24,1012.9007,-45406.39,1.34
8954,52.08,986.4652,-48979.49,1.61
8955,50.84,1005.6686,-51115.88,1.38
8956,43.48,1038.4797,-37822.61,1.57
8957,57.4,1001.3658,-44939.43,2.27
8958,52.76,1020.6989,-55325.42,1.98
8959,45.12,1053.4062,-43771.94,1.75
8960,37.92,1047.8637,-47997.67,1.11
8961,54.16,1019.7923,-51251.54,1.14
8962,51.28,1017.1595,-39282.17,1.16
8963,57.0,1005.9206,-43080.06,1.57
8964,48.36,994.6539,-46835.82,1.24
8965,50.24,994.2594,-46957.24,1.19
8966,38.16,1055.9473,-42055.84,2.01
8967,46.24,998.3051,-45101.48,1.41
8968,58.76,1038.8669,-45622.26,1.28
8969,45.84,1036.2895,-49398.1,1.17
8970,45.76,1020.0229,-47343.35,1.34
8971,41.52,1033.3145,-45288.73,1.22
8972,43.4,1031.2591,-47118.18,1.22
8973,43.48,1017.9043,-45402.04,1.29
8974,40.2,1013.3302,-49219.47,1.21
8975,59.64,1032.0398,-47421.61,1.21
8976,58.88,1057.6758,-59477.37,1.15
8977,56.2,1067.7041,-42575.08,1.28
8978,28.72,1059.8827,-51904.04,1.12
8979,48.72,1031.6973,-47065.0,1.27
8980,46.08,1033.338,-47735.8,1.15
8981,40.0,1015.0392,-57324.58,1.24
8982,54.44,1061.2066,-51248.46,1.18
8983,48.0,1081.987,-46498.77,1.4
8984,41.32,1008.3819,-47224.82,1.32
8985,33.6,987.4265,-44748.45,1.34
8986,53.48,1058.1422,-42172.64,1.25
8987,52.16,1026.9094,-43398.36,1.14
8988,62.24,997.5486,-44811.1,1.12
8989,66.44,1066.894,-49807.64,1.01
8990,40.16,1022.3645,-47460.32,1.21
8991,50.84,1049.2891,-47855.04,1.11
8992,50.2,1036.5419,-51398.51,1.13
8993,47.92,1065.2362,-51852.13,1.13
8994,52.08,1016.0353,-45272.79,1.22
8995,47.4,1030.7542,-43738.94,1.19
8996,45.68,1013.9062,-49148.82,1.14
8997,44.84,1020.1234,-41307.18,1.19
8998,50.4,1048.6278,-39966.7,1.26
8999,56.6,1019.6349,-45328.93,1.05
9000,52.6,1026.0436,-45370.18,1.18
9001,46.8,1026.8899,-41508.53,1.33
9002,51.56,1067.2634,-59110.21,1.26
9003,54.44,1029.3684,-51219.22,1.15
9004,46.4,1102.8183,-40628.5,1.42
9005,54.56,1054.7014,-44010.28,1.24
9006,57.52,1070.9358,-53719.74,1.22
9007,46.48,1035.628,-45508.11,1.26
9008,37.64,1035.161,-57097.15,1.18
9009,37.24,1004.4667,-52989.87,1.08
9010,54.88,1077.539,-46074.25,1.15
9011,49.88,1012.2774,-47430.67,1.13
9012,39.96,1031.5666,-45174.93,1.23
9013,45.6,1024.8794,-47123.78,1.19
9014,47.32,1030.2161,-45511.26,1.18
9015,50.88,1004.6531,-41156.8,1.12
9016,38.0,1007.555,-51061.62,1.09
9017,54.08,1018.3803,-49246.82,1.18
9018,52.84,1066.0864,-47804.47,1.33
9019,49.56,1023.6854,-49599.39,1.06
9020,52.36,991.6555,-50947.47,1.2
9021,31.56,1021.1404,-45369.13,1.08
9022,51.4,1016.6595,-41450.6,1.15
9023,32.6,994.9109,-50860.71,1.08
9024,54.8,1045.1868,-34123.75,1.14
9025,47.16,1060.3138,-42016.33,1.18
9026,43.28,1030.1906,-45516.08,1.07
9027,48.2,1006.3784,-49123.5,1.2
9028,47.96,1032.4397,-46896.07,1.21
9029,45.92,1022.4004,-39288.19,1.27
9030,60.12,1070.3032,-51793.89,1.25
9031,46.76,1059.6758,-39813.2,1.17
9032,39.96,1014.1112,-49090.65,1.25
9033,55.44,1075.0089,-49944.37,1.15
9034,49.32,1036.9298,-45389.34,1.25
9035,51.92,1003.7612,-47109.69,1.12
9036,62.92,1003.4944,-44880.3,1.14
9037,45.64,1002.902,-46919.37,1.15
9038,62.52,1001.4843,-49031.66,1.12
9039,43.76,1004.6906,-41150.66,1.22
9040,43.24,1048.9098,-45435.2,1.13
9041,53.4,1037.3408,-45338.57,1.23
9042,55.24,1045.7531,-43604.03,1.16
9043,44.08,1027.7311,-47076.07,1.17
9044,43.88,1031.2345,-47796.28,1.2
9045,49.28,1009.1298,-49351.33,1.18
9046,55.56,1094.6534,-55156.64,0.93
9047,49.96,1047.267,-43682.33,1.21
9048,43.44,1057.1543,-47526.69,1.25
9049,47.16,992.3235,-40940.82,1.07
9050,49.04,1049.1715,-43393.6,1.17
9051,50.64,1017.4306,-45308.23,1.08
9052,41.04,1028.9593,-41668.35,1.29
9053,36.52,1104.7713,-43975.54,1.43
9054,43.48,1025.3047,-43246.74,1.19
9055,55.4,1021.0833,-45296.94,1.15
9056,42.72,1072.0686,-46049.86,1.09
9057,57.32,1021.1789,-53280.37,1.17
9058,54.76,1057.9965,-42352.52,1.21
9059,45.76,1033.177,-51451.37,1.15
9060,50.16,1030.3523,-53383.63,1.15
9061,42.84,1019.8035,-43374.39,1.28
9062,42.44,1005.5487,-47052.6,1.32
9063,42.8,1068.9733,-46124.27,1.4
9064,45.44,994.0736,-40996.43,1.33
9065,62.32,1034.0994,-51337.93,1.46
9066,39.56,1037.0998,-45683.83,1.35
9067,56.72,1017.0587,-45237.24,1.4
9068,42.76,1046.3356,-41412.85,1.42
9069,47.32,1045.719,-49354.87,1.22
9070,46.44,1016.6254,-39253.73,1.27
9071,44.92,1050.3192,-47629.72,1.42
9072,39.08,992.2395,-48844.89,1.36
9073,48.8,1038.0614,-47554.27,1.2
9074,47.12,1030.489,-43649.91,1.08
9075,40.68,1034.7765,-53385.16,1.14
9076,57.96,1007.747,-44943.93,1.19
9077,55.76,1046.2468,-45767.85,1.44
9078,51.52,1071.7931,-54249.14,1.2
9079,55.2,1077.5249,-52048.9,1.25
9080,32.08,1034.4227,-47422.34,1.07
9081,43.0,1069.0594,-42712.86,1.11
9082,51.64,1062.9992,-44063.97,1.23
9083,52.8,1044.5673,-51821.17,1.19
9084,50.44,1030.8204,-43322.67,1.14
9085,42.64,1007.3279,-43044.36,1.18
9086,36.92,1021.3472,-41109.76,1.19
9087,53.68,1002.4317,-46901.56,1.14
9088,59.4,990.6464,-40919.45,1.24
9089,46.08,1093.5945,-44324.69,1.29
9090,42.24,1010.7562,-47120.65,1.15
9091,41.4,1056.9827,-49675.27,1.24
9092,45.0,1060.9726,-32333.65,1.1
9093,59.76,1041.9896,-41792.66,1.16
9094,49.2,1079.1843,-44482.02,1.14
9095,58.36,1020.6878,-41467.76,1.12
9096,40.04,1014.5459,-41406.79,1.25
9097,46.52,1032.4203,-37399.51,1.17
9098,50.96,1026.0788,-39434.65,1.2
9099,58.84,1063.8868,-38347.17,1.27
9100,60.84,1061.3999,-53859.54,1.14
9101,48.0,1128.6797,-43620.5,1.22
9102,47.96,1049.1268,-47344.91,1.23
9103,41.4,1021.4402,-37325.81,1.32
9104,50.8,1008.8449,-47150.79,1.11
9105,51.32,1019.0036,-49384.2,1.16
9106,44.4,982.5114,-50800.33,1.15
9107,46.64,1064.3351,-47625.9,1.2
9108,48.36,1008.5278,-45248.45,1.24
9109,49.12,1033.9155,-39984.53,1.23
9110,48.16,1060.118,-45788.54,1.12
9111,54.2,993.019,-50978.99,1.17
9112,46.44,1032.2259,-47644.59,1.27
9113,45.2,1016.6535,-41312.43,1.15
9114,43.64,999.8561,-50855.5,1.13
9115,57.32,1046.367,-39337.15,1.17
9116,38.56,1030.0964,-41554.67,1.31
9117,37.4,1030.9138,-45447.72,1.26
9118,56.08,1033.3833,-47501.82,1.21
9119,32.84,999.1617,-49008.26,1.25
9120,40.48,1004.7454,-46964.52,1.22
9121,52.04,1000.0744,-48979.57,1.22
9122,55.92,987.2158,-44721.48,1.2
9123,34.0,1001.5674,-49044.7,1.32
9124,54.76,1052.6588,-47873.9,1.14
9125,40.76,1012.4158,-51340.91,1.1
9126,45.8,1022.6228,-45364.45,1.14
9127,41.44,1031.4024,-47462.83,1.36
9128,35.4,988.137,-50850.11,1.2
9129,44.36,1045.9387,-41547.29,1.23
9130,60.84,998.0141,-48933.36,1.11
9131,37.0,1025.3206,-45419.97,1.11
9132,49.28,1048.5694,-43943.45,1.35
9133,45.96,1078.1986,-48707.86,1.22
9134,33.96,1078.1238,-54040.26,1.25
9135,41.88,1086.7364,-40738.14,1.23
9136,48.72,1010.6193,-43163.52,1.33
9137,55.8,1014.4659,-43286.96,1.14
9138,44.6,1016.1682,-45290.21,1.13
9139,46.32,1067.6213,-46153.39,1.21
9140,52.24,1008.9128,-43306.37,1.03
9141,53.28,1029.9805,-41528.98,1.05
9142,53.12,1031.0142,-47136.15,1.14
9143,52.96,1014.594,-55121.76,1.1
9144,54.24,1116.1089,-57844.35,1.18
9145,52.8,1085.5393,-39926.51,1.17
9146,44.92,1028.6189,-49560.81,1.13
9147,53.52,1036.8733,-51616.42,1.27
9148,61.28,1046.5197,-55526.94,1.14
9149,49.12,1028.3809,-51441.49,1.23
9150,50.6,1073.2188,-46106.65,1.12
9151,56.28,1018.8556,-37145.11,1.14
9152,47.36,1013.4143,-39226.02,1.33
9153,44.4,1096.6552,-54315.15,1.14
9154,58.52,1001.5023,-50854.59,1.15
9155,51.96,1036.7439,-47465.29,1.1
9156,30.8,1030.9455,-45360.86,1.19
9157,52.4,1043.5379,-39384.22,1.16
9158,40.04,1033.8825,-53787.76,1.16
9159,47.44,1019.7215,-47159.17,1.17
9160,41.92,1016.786,-42920.19,1.07
9161,49.72,1007.3237,-49041.15,1.16
9162,43.36,1032.7359,-39469.6,1.21
9163,56.48,1012.5352,-53319.17,1.21
9164,45.8,997.1805,-46734.0,1.29
9165,48.76,1031.0957,-47303.3,1.3
9166,42.72,1014.0275,-43153.32,1.18
9167,36.4,1010.1083,-47241.17,1.14
9168,51.8,1028.5619,-41269.64,1.16
9169,54.0,1018.1748,-37286.99,1.12
9170,38.8,1041.4596,-41765.84,1.2
9171,47.76,1039.8907,-55089.12,1.18
9172,58.96,1028.5029,-47264.18,1.24
9173,58.72,1041.1323,-43610.32,1.09
9174,65.64,1031.678,-49234.88,1.32
9175,33.32,1043.148,-49805.14,1.12
9176,49.64,1057.5192,-39795.78,1.29
9177,57.92,1021.3013,-53499.52,1.01
9178,59.88,1064.4874,-44098.41,1.47
9179,40.08,998.3878,-51071.5,1.91
9180,59.44,1080.4032,-48209.81,1.83
9181,43.16,995.5992,-41078.71,1.79
9182,41.76,1040.4359,-49402.84,1.94
9183,65.16,1035.5449,-45514.43,2.13
9184,49.32,1034.3598,-61429.92,1.39
9185,44.92,1089.2879,-44360.57,1.39
9186,56.08,1043.7685,-47730.31,1.58
9187,46.28,1029.8955,-45284.5,2.61
9188,48.88,1045.205,-51564.68,1.5
9189,41.04,1026.7194,-45505.58,1.27
9190,53.0,994.2466,-50949.57,1.37
9191,52.24,1018.6376,-48923.93,1.24
9192,49.04,1028.5734,-45223.23,1.28
9193,57.48,1043.014,-38094.3,1.3
9194,55.72,1047.7316,-47380.1,1.18
9195,57.12,1000.9735,-40930.75,1.4
9196,56.56,1086.8587,-53966.72,1.24
9197,48.6,988.5714,-46956.43,1.26
9198,51.16,1043.6194,-39815.54,1.6
9199,45.88,1046.0421,-51228.81,1.29
9200,50.88,1006.7747,-47088.55,1.28
9201,51.4,1049.357,-41879.84,1.29
9202,49.08,993.4402,-42965.61,1.54
9203,54.92,1022.1414,-47375.3,1.21
9204,52.4,1037.9671,-40020.26,1.16
9205,54.08,1068.4118,-42063.09,1.25
9206,42.04,1027.5698,-49310.35,1.26
9207,38.56,1048.6806,-43865.05,1.76
9208,44.0,1016.7076,-49162.01,1.33
9209,56.4,1093.8352,-52464.93,1.15
9210,45.64,1001.9124,-42866.74,1.16
9211,46.28,1045.5922,-42004.0,1.24
9212,51.8,1059.5746,-42221.03,1.45
9213,49.12,1052.0128,-47875.74,1.14
9214,47.12,1045.8313,-47734.65,1.14
9215,54.56,1054.3714,-44071.66,1.31
9216,47.88,992.9231,-46794.9,1.2
9217,49.44,1017.7677,-37456.17,1.18
9218,53.04,1049.3686,-47268.99,1.14
9219,43.8,1045.6101,-43496.13,1.09
9220,53.4,1041.6211,-51615.75,1.04
9221,58.84,1016.6445,-49318.96,1.18
9222,42.56,1033.783,-47475.56,1.44
9223,43.8,1058.1575,-41746.88,1.2
9224,52.32,1022.6302,-39679.74,1.22
9225,55.36,1078.2732,-46226.59,1.61
9226,51.4,1008.64,-37144.49,1.22
9227,47.36,999.0333,-35114.24,1.24
9228,33.76,995.6093,-45071.04,1.1
9229,42.32,1008.9637,-42943.55,1.21
9230,55.2,1033.0463,-45451.92,1.15
9231,52.96,1105.7108,-48482.39,1.14
9232,57.08,1068.6875,-49960.99,1.29
9233,36.12,1086.4934,-48529.4,1.18
9234,26.08,1027.1016,-49572.07,1.12
9235,44.88,1022.4883,-43444.72,1.11
9236,52.44,1051.1499,-49436.13,1.3
9237,49.56,1033.6262,-39700.43,1.26
9238,58.0,1009.5236,-47340.99,1.17
9239,36.88,1054.4051,-61362.8,1.08
9240,44.6,1054.8625,-44240.74,1.08
9241,42.12,1023.9425,-49279.44,1.2
9242,52.8,1030.3919,-49244.95,1.18
9243,42.68,1053.3836,-57290.23,1.2
9244,52.88,1038.1412,-47490.21,1.14
9245,55.4,1036.8628,-35529.21,1.19
9246,33.24,1029.1415,-41427.03,1.2
9247,53.52,1030.2266,-41152.52,1.48
9248,39.28,1061.8774,-48106.33,1.33
9249,46.64,1026.5622,-37504.53,1.33
9250,60.68,997.5689,-40857.6,1.18
9251,58.28,1052.8496,-47847.51,1.21
9252,49.72,1043.7581,-51458.46,1.19
9253,44.12,998.3123,-45079.6,1.08
9254,47.32,1026.022,-45225.16,1.13
9255,50.76,1002.8716,-39114.42,1.08
9256,48.68,1065.226,-48343.99,1.23
9257,32.88,1041.5583,-43318.65,1.2
9258,37.4,990.8304,-46775.74,1.21
9259,54.24,1053.2902,-41574.33,1.26
9260,42.88,1030.229,-59214.34,1.16
9261,57.0,1000.0502,-46977.78,1.11
9262,51.52,1016.4414,-55460.57,1.26
9263,49.2,997.116,-45089.87,1.06
9264,37.68,1053.4834,-47241.73,1.18
9265,48.4,1015.5281,-43071.4,1.17
9266,72.16,1059.1666,-41985.03,1.16
9267,46.28,1029.5324,-47680.7,1.22
9268,45.68,1000.4397,-44969.27,1.26
9269,41.48,1011.4311,-43147.67,1.26
9270,36.28,1054.1748,-55241.38,1.06
9271,49.4,1030.3008,-47481.21,1.19
9272,36.68,1089.2654,-46683.85,1.2
9273,37.32,1015.8844,-43164.65,1.28
9274,44.68,1023.4442,-41622.32,1.3
9275,39.12,999.5075,-41033.89,1.34
9276,51.28,1095.8946,-49920.76,1.25
9277,46.56,1046.4964,-38079.58,1.18
9278,53.88,1061.1028,-51554.0,1.16
9279,54.6,998.3967,-47096.48,1.2
9280,37.48,1011.974,-51474.06,1.19
9281,45.96,1070.6244,-45636.68,1.21
9282,51.68,1013.8583,-45346.1,1.28
9283,59.88,1030.0626,-41682.55,1.25
9284,36.44,1032.1924,-45300.3,1.22
9285,52.96,1031.9973,-37746.62,1.27
9286,54.88,1026.6546,-43448.42,1.15
9287,44.48,1008.2294,-39186.72,1.17
9288,65.28,1023.5008,-41211.57,1.16
9289,51.68,1053.4569,-44228.78,1.19
9290,57.52,1045.6158,-49360.15,1.47
9291,42.4,1010.2568,-41227.97,1.18
9292,41.88,1029.5392,-47296.93,1.47
9293,50.6,1109.0783,-44654.37,1.57
9294,43.44,1038.4871,-39812.97,1.63
9295,65.52,1053.7522,-52026.97,1.3
9296,54.16,1046.1372,-43647.3,1.48
9297,41.96,1048.2511,-49083.78,1.19
9298,45.28,988.4922,-51155.59,1.45
9299,55.64,1021.1301,-47093.18,1.74
9300,62.52,1017.9422,-47496.91,1.35
9301,48.24,1004.7559,-55024.24,1.08
9302,41.0,1047.9069,-49202.95,1.43
9303,53.0,1046.5408,-45729.75,1.27
9304,52.76,1015.5849,-49001.17,1.32
9305,54.36,1024.9578,-45127.54,1.31
9306,50.56,1017.7043,-55296.22,1.15
9307,39.96,1028.3346,-51572.3,1.13
9308,35.96,1037.0095,-33472.58,1.66
9309,49.72,1047.3474,-55575.98,1.37
9310,55.48,1000.5994,-44927.12,1.39
9311,44.16,1043.8296,-47485.37,1.25
9312,53.24,1025.3495,-45186.87,1.37
9313,42.84,1061.7737,-45956.03,1.24
9314,42.04,996.4868,-45037.7,1.3
9315,47.44,1022.1171,-53496.33,1.45
9316,40.64,993.6228,-53018.3,1.45
9317,53.0,1033.2874,-45530.01,2.0
9318,39.04,1029.4706,-53492.83,1.44
9319,39.32,1010.9408,-51158.26,1.65
9320,56.12,1014.5981,-47149.24,1.27
9321,43.96,1057.1251,-41963.56,1.33
9322,52.24,1099.0826,-39206.2,1.35
9323,54.16,1022.4948,-49166.95,1.08
9324,53.0,1029.8873,-49592.65,1.31
9325,59.56,1003.9394,-52972.51,1.32
9326,53.68,1012.3657,-43550.67,1.35
9327,47.24,1014.965,-41295.06,1.16
9328,51.0,1045.2263,-41680.99,1.32
9329,45.84,1104.115,-44909.79,1.27
9330,45.44,1043.4012,-53770.47,1.15
9331,45.4,1015.183,-43447.94,1.17
9332,50.52,1056.1171,-50095.99,1.21
9333,59.52,997.5111,-53029.05,1.38
9334,44.4,1035.8329,-47405.78,1.23
9335,54.96,1021.425,-47484.41,1.3
9336,46.44,1043.8095,-42100.11,1.1
9337,46.28,1132.9583,-48322.52,1.22
9338,45.72,1018.3821,-43416.93,1.55
9339,50.28,1025.2659,-55412.35,1.39
9340,53.28,1017.7866,-43158.42,1.19
9341,50.0,1035.1116,-45685.34,1.35
9342,54.72,1051.3648,-51610.11,1.22
9343,51.68,1003.4359,-49021.3,1.16
9344,37.2,1009.2513,-39341.15,1.31
9345,43.56,1042.3537,-43535.01,1.28
9346,52.48,1038.1892,-51215.32,1.03
9347,51.96,1031.2165,-41862.22,1.2
9348,44.28,1028.9253,-51547.89,1.37
9349,44.44,1027.7736,-45637.84,1.35
9350,54.4,1097.7076,-44594.67,1.25
9351,34.16,1034.9102,-37330.33,1.29
9352,47.6,1010.9561,-39284.24,1.43
9353,46.84,1062.9931,-32310.92,1.44
9354,49.0,1021.0574,-47214.66,0.99
9355,47.72,1015.2703,-54848.3,1.42
9356,48.76,1030.9383,-47495.04,1.32
9357,40.32,1015.957,-39350.43,1.21
9358,49.88,1030.215,-45002.14,1.23
9359,30.68,1030.216,-43430.34,1.25
9360,44.84,1124.841,-46900.84,1.01
9361,61.76,1029.7296,-53274.99,1.3
9362,46.4,1017.5848,-43365.58,1.4
9363,41.84,1032.8258,-47551.98,1.28
9364,52.48,1020.1886,-57292.83,1.19
9365,39.44,1001.462,-47087.57,1.41
9366,48.88,1031.5003,-53255.94,1.09
9367,48.44,1050.4214,-44132.85,1.25
9368,49.04,1035.2774,-45228.12,1.29
9369,51.04,1024.6972,-41479.14,1.37
9370,32.04,1054.5085,-47927.26,1.35
9371,53.0,1019.4886,-47217.66,1.46
9372,56.92,1007.1118,-45081.96,1.15
9373,43.12,1010.3174,-49202.76,1.19
9374,56.92,1042.426,-47759.03,1.19
9375,58.12,1008.6253,-45172.76,1.52
9376,46.48,1012.1234,-49182.2,1.23
9377,48.28,1005.1014,-50997.54,1.32
9378,45.88,1027.0004,-45402.38,1.11
9379,42.44,1008.939,-54996.0,1.25
9380,53.68,1040.6426,-47371.13,1.15
9381,52.96,1029.8718,-45210.77,1.32
9382,47.44,1037.133,-43453.28,1.18
9383,44.08,1022.4656,-47438.13,1.34
9384,41.52,1040.8569,-47441.26,1.13
9385,48.4,1087.9214,-40895.74,1.32
9386,56.32,1026.0178,-45472.1,1.01
9387,52.76,1033.5264,-39717.66,1.24
9388,44.2,1019.9221,-39349.3,1.25
9389,51.44,1091.4706,-44237.3,1.29
9390,35.2,1069.9385,-41603.27,1.17
9391,40.8,1023.745,-49186.26,1.17
9392,43.24,1001.6386,-39108.34,1.18
9393,49.16,1046.7224,-41791.23,1.39
9394,44.44,1009.8416,-49314.17,1.35
9395,45.72,1045.476,-41443.16,1.14
9396,54.76,1037.4582,-41407.44,1.24
9397,53.4,1038.9123,-53355.7,1.12
9398,38.92,1086.2888,-50488.0,1.34
9399,51.56,1035.8712,-39219.29,1.2
9400,53.76,1032.7386,-53427.17,1.17
9401,62.08,1026.8664,-49317.92,1.06
9402,52.68,1031.7758,-45674.84,1.11
9403,45.32,1012.5225,-43135.43,1.19
9404,55.64,999.3948,-49051.0,1.14
9405,45.0,1104.8147,-57933.34,1.19
9406,39.6,1034.8324,-45499.31,1.14
9407,52.16,1025.4092,-53440.44,1.1
9408,62.84,1033.2035,-39702.31,1.24
9409,45.08,1010.7022,-45163.31,1.16
9410,56.2,1016.4451,-47311.69,1.35
9411,42.68,1060.2739,-46110.6,1.29
9412,52.72,1064.6311,-53797.95,1.13
9413,47.44,1021.8488,-49157.93,1.26
9414,50.6,1028.7024,-43602.53,1.16
9415,41.32,1065.873,-49900.48,1.17
9416,64.16,1044.9114,-55539.74,1.09
9417,63.04,1036.0242,-45335.92,1.14
9418,45.12,1028.407,-43636.8,1.54
9419,47.84,1045.1241,-43703.42,1.52
9420,58.84,1008.5953,-49165.72,1.19
9421,56.64,1062.589,-48217.97,1.35
9422,50.16,1038.4506,-35593.1,1.19
9423,47.96,1026.2321,-49458.64,1.26
9424,56.04,1028.401,-47227.48,1.18
9425,43.68,1027.7714,-43231.54,1.3
9426,52.76,1053.9653,-49901.64,1.26
9427,40.48,1013.1966,-46935.3,1.15
9428,47.8,1049.5438,-57082.19,1.23
9429,47.72,1030.2148,-43406.76,2.27
9430,39.6,1010.5131,-45212.3,1.68
9431,52.72,1015.6278,-51163.88,1.37
9432,60.56,1026.1278,-41516.26,1.29
9433,50.12,1057.6073,-47430.31,1.18
9434,57.96,1037.3252,-43400.3,1.09
9435,39.48,974.4664,-44637.74,1.14
9436,54.92,1033.7922,-53037.99,1.1
9437,53.76,1019.3546,-39357.85,1.36
9438,42.64,1036.9897,-49827.97,1.09
9439,50.16,1028.662,-45187.95,1.46
9440,49.24,1034.7082,-47847.44,1.52
9441,56.72,1079.288,-47995.69,1.19
9442,57.08,1122.8982,-50156.9,1.27
9443,50.44,1028.6834,-45446.74,1.33
9444,50.68,1053.2434,-34386.84,1.28
9445,49.88,1024.2604,-47525.28,1.18
9446,45.64,1020.3381,-35254.8,1.48
9447,39.68,1021.6678,-45145.46,1.31
9448,38.56,1063.513,-47641.67,1.63
9449,50.76,1029.4279,-41586.38,1.65
9450,53.36,1026.3315,-49411.48,1.18
9451,40.88,980.0518,-50789.99,1.61
9452,56.36,1023.027,-43252.59,1.32
9453,48.92,1124.8642,-39063.35,1.37
9454,54.64,1052.9992,-42121.22,1.38
9455,52.96,1024.3307,-47388.23,1.43
9456,48.28,1061.9071,-43920.76,1.57
9457,56.64,1069.479,-47791.58,1.5
9458,62.6,1093.1514,-52047.12,1.37
9459,42.0,1013.547,-43277.03,1.36
9460,55.92,1026.4624,-43826.39,1.25
9461,39.52,1001.2464,-51260.18,1.01
9462,45.28,1073.2312,-38742.52,1.52
9463,41.36,1031.2543,-47187.74,1.53
9464,40.92,992.358,-40854.38,1.28
9465,65.08,1013.379,-57449.68,1.28
9466,44.16,1032.7854,-49525.18,1.25
9467,45.36,1047.875,-49392.01,1.31
9468,34.28,1024.635,-43627.23,1.33
9469,52.12,1009.375,-47013.92,1.24
9470,52.56,1060.376,-55337.7,1.17
9471,42.4,1076.7118,-47927.4,1.36
9472,51.08,1111.6466,-56262.14,1.24
9473,50.52,1093.353,-42391.43,1.24
9474,55.96,1001.4972,-47046.52,1.28
9475,47.24,1134.113,-50821.8,1.4
9476,52.52,1001.8811,-43017.69,1.41
9477,60.0,998.9285,-42980.06,1.48
9478,38.2,1028.3984,-39587.45,1.6
9479,35.12,1009.9496,-49094.74,1.41
9480,50.4,1034.2859,-45493.18,1.21
9481,46.04,992.3291,-42722.15,1.55
9482,50.52,1065.1467,-39788.89,1.31
9483,52.84,1022.3176,-39403.05,1.41
9484,53.16,1033.7639,-45742.63,1.35
9485,50.12,1058.8002,-45723.21,1.32
9486,43.0,1037.8246,-57391.85,1.25
9487,50.0,1029.5831,-49541.8,1.29
9488,60.16,1028.0105,-41438.58,1.42
9489,52.28,1008.7559,-49267.51,1.46
9490,29.28,1000.3384,-49007.41,1.48
9491,43.4,1024.9316,-47272.43,1.55
9492,57.6,1023.5609,-55382.04,1.05
9493,52.56,1044.8327,-37549.57,1.51
9494,35.96,1042.5316,-47661.09,1.37
9495,49.72,1035.801,-51668.73,1.72
9496,57.64,1062.5691,-55545.31,1.16
9497,43.28,1079.8349,-48119.95,1.16
9498,40.04,1039.9378,-51592.47,1.34
9499,62.08,973.1209,-44702.8,1.77
9500,42.6,1036.634,-43409.08,1.63
9501,46.4,1039.3243,-47680.81,1.29
9502,46.72,1013.9808,-54976.91,1.53
9503,51.24,1009.0267,-45152.42,1.26
9504,52.68,1040.8257,-41886.75,1.32
9505,41.64,1042.4196,-49857.05,1.24
9506,40.96,1018.3462,-45381.84,1.37
9507,46.28,1021.3032,-39513.36,1.27
9508,55.68,1055.6158,-45768.97,1.18
9509,46.84,1031.8223,-47834.81,1.15
9510,44.64,1044.3219,-43370.48,1.33
9511,38.04,1029.4104,-45878.73,1.23
9512,54.16,1012.8735,-43175.05,1.18
9513,66.12,1025.2956,-47388.06,1.26
9514,48.32,1002.1612,-49293.39,1.3
9515,50.2,1042.2087,-39736.55,1.35
9516,49.12,1022.5465,-53218.35,1.22
9517,45.2,1012.3884,-49057.89,1.19
9518,49.64,1005.3576,-43086.45,1.38
9519,51.0,1080.7696,-40691.42,1.22
9520,38.84,1027.7482,-45502.87,1.6
9521,26.56,1002.0533,-53259.72,1.29
9522,28.2,1002.3747,-53033.58,1.4
9523,59.56,1239.2243,-53659.11,1.27
9524,50.76,1007.2117,-53077.98,1.83
9525,36.28,1107.1118,-55978.33,1.39
9526,48.16,1031.9827,-45900.27,1.45
9527,62.24,1029.3555,-53307.65,1.24
9528,52.48,1067.5257,-49580.27,1.68
9529,42.68,1026.09,-45418.25,2.21
9530,46.36,1052.2423,-51956.47,1.99
9531,45.48,1118.8679,-50533.12,2.01
9532,59.72,1018.4803,-42978.1,2.1
9533,63.32,1009.2348,-42974.06,1.99
9534,38.8,1024.8948,-53363.96,1.22
9535,33.28,993.5578,-48803.45,1.54
9536,48.4,1003.9417,-41074.99,1.41
9537,48.84,1032.0016,-47743.9,1.29
9538,40.8,1041.7122,-41673.25,1.59
9539,49.56,1018.3427,-41115.24,1.46
9540,49.88,1058.3939,-44091.42,1.7
9541,47.84,994.1732,-46881.48,1.8
9542,58.96,1035.2988,-45452.94,1.41
9543,50.84,999.6655,-42869.97,1.47
9544,56.64,1049.5201,-53485.82,1.7
9545,38.68,1059.4172,-39953.04,1.57
9546,52.88,1014.551,-39117.66,1.49
9547,64.0,1034.4343,-39607.52,1.35
9548,49.24,993.56,-45021.3,1.57
9549,47.2,1028.3903,-45575.81,1.47
9550,60.04,1040.4609,-43598.14,1.65
9551,37.88,985.7162,-48951.47,1.48
9552,58.84,1004.261,-36992.16,2.39
9553,42.88,1022.0285,-47157.86,2.39
9554,55.28,1020.6486,-53077.68,1.38
9555,57.12,1066.0272,-39871.07,1.5
9556,57.72,1067.4626,-39778.12,1.47
9557,46.36,1046.3222,-49437.69,1.46
9558,60.8,1038.593,-43117.63,1.47
9559,45.16,1031.6612,-49338.42,1.68
9560,57.12,1004.4485,-45124.26,1.44
9561,55.24,1015.1721,-53291.58,1.33
9562,51.64,1039.7579,-43854.58,1.34
9563,46.52,1063.0947,-47788.88,1.38
9564,49.0,1028.1205,-47458.54,1.51
9565,49.08,1024.0409,-39376.22,1.52
9566,52.64,1048.5701,-47546.3,1.42
9567,46.32,1035.8426,-45525.84,1.38
9568,49.0,1018.6567,-43444.54,1.43
9569,61.08,1052.4856,-38163.24,1.55
9570,49.72,1035.5715,-53590.22,1.55
9571,52.44,1150.2044,-43445.75,1.46
9572,55.16,1017.832,-45331.95,1.49
9573,44.6,1032.9476,-41713.84,1.52
9574,58.16,1020.7921,-47115.69,1.63
9575,52.72,1027.4405,-49911.96,1.51
9576,44.92,1041.2081,-51510.49,1.38
9577,50.84,1039.8917,-47777.45,1.52
9578,58.08,1022.5518,-55227.51,1.59
9579,52.12,1045.0864,-39529.49,1.88
9580,45.48,1039.4702,-59386.89,1.24
9581,47.68,1083.2754,-50232.12,1.45
9582,45.2,1029.9608,-41505.26,1.43
9583,54.88,1059.8098,-43843.01,1.39
9584,41.56,1019.682,-41281.06,1.48
9585,40.72,1009.4532,-43325.18,1.34
9586,53.44,1045.1539,-47475.8,1.49
9587,40.6,1033.8684,-51266.4,1.32
9588,50.12,1049.4649,-50290.43,1.37
9589,29.6,1003.4181,-54942.63,1.55
9590,48.0,1039.6418,-37586.59,1.33
9591,47.36,1013.4733,-49125.53,1.49
9592,57.28,1084.67,-44164.58,1.43
9593,44.6,1032.5779,-41616.25,1.51
9594,48.44,1019.8766,-47109.17,1.29
9595,52.6,1008.1744,-49138.83,1.36
9596,60.68,1026.0904,-53072.04,1.41
9597,49.48,1018.5702,-39393.24,1.53
9598,44.56,1022.7667,-51348.2,1.36
9599,43.96,1022.2258,-41564.54,1.56
9600,38.72,984.084,-50834.95,1.4
9601,47.16,1048.723,-43862.29,1.39
9602,55.8,1036.7162,-43741.6,1.5
9603,50.88,990.2457,-44892.97,1.37
9604,57.84,1045.6489,-44043.59,1.47
9605,40.24,1006.3201,-29111.32,1.42
9606,51.32,984.8608,-40774.19,1.64
9607,48.88,991.9182,-46846.17,1.56
9608,45.12,1039.9476,-45785.77,1.47
9609,65.12,1046.6937,-43789.06,1.6
9610,47.6,1025.3031,-47211.15,1.32
9611,30.12,1022.3852,-43154.03,1.5
9612,50.36,1056.3852,-43906.47,1.45
9613,54.72,1046.3542,-49038.31,1.34
9614,56.16,1057.9128,-45821.24,1.41
9615,49.16,1044.7535,-43565.39,1.45
9616,50.68,1044.2609,-41754.39,1.45
9617,52.84,1039.386,-53267.39,1.22
9618,45.84,1043.625,-53522.13,1.82
9619,34.08,1006.0962,-55135.03,1.54
9620,42.28,1050.8412,-51638.8,1.31
9621,44.8,1069.3104,-40719.13,1.44
9622,46.64,1006.4913,-33225.89,1.43
9623,48.24,1012.2408,-49193.09,1.16
9624,42.72,1013.5375,-45329.42,1.45
9625,34.52,1016.4684,-47288.89,1.5
9626,40.32,1041.2619,-43516.75,1.42
9627,45.96,1053.7283,-40179.14,1.74
9628,49.36,1048.3526,-43716.83,1.48
9629,54.52,1002.0291,-41084.17,1.57
9630,51.6,1055.6066,-49950.69,1.6
9631,57.72,999.9181,-40944.0,1.45
9632,54.4,1011.8263,-57099.0,1.51
9633,44.4,993.1963,-46829.45,2.04
9634,37.8,1028.4199,-53153.75,1.56
9635,60.56,1021.8897,-45352.03,1.48
9636,43.8,1325.2287,-55045.43,1.28
9637,42.6,1034.6686,-45555.52,1.73
9638,41.0,1075.0513,-57607.79,1.51
9639,36.84,1004.8108,-35150.21,1.61
9640,42.44,1035.943,-45323.37,1.51
9641,50.24,1051.6868,-42239.99,1.49
9642,52.0,1047.7924,-47787.7,1.33
9643,31.8,978.0129,-52843.14,1.5
9644,51.68,1063.6498,-46011.74,1.54
9645,42.0,1034.6023,-39712.57,1.63
9646,49.28,1001.4777,-43054.56,1.47
9647,44.88,1067.178,-48266.79,1.62
9648,49.56,1024.4773,-39507.01,1.77
9649,45.08,1062.7623,-45918.81,1.53
9650,50.72,1094.0375,-44451.92,1.57
9651,41.8,1009.5024,-49066.35,1.24
9652,47.84,997.8864,-43069.66,1.74
9653,46.92,1083.8566,-46317.87,1.34
9654,54.16,995.2682,-50988.44,1.25
9655,44.36,1102.9261,-44230.97,1.58
9656,46.68,1002.041,-44976.78,1.71
9657,45.12,1063.3378,-40195.7,1.48
9658,52.92,1017.7518,-51209.17,1.36
9659,39.8,1038.7097,-45637.84,1.48
9660,39.36,1033.2413,-43388.46,1.54
9661,48.48,1032.4765,-45268.31,1.4
9662,38.96,1013.8928,-45491.7,1.43
9663,45.88,1038.2554,-43653.38,1.47
9664,46.92,1030.9341,-45749.25,1.47
9665,48.12,1046.896,-50090.19,1.46
9666,43.44,1021.3576,-51397.22,1.52
9667,53.64,1003.3651,-49151.29,1.67
9668,47.76,1025.421,-47422.88,1.59
9669,42.84,995.3032,-32974.49,1.62
9670,43.44,1002.7018,-39058.99,1.45
9671,52.44,1055.6382,-43851.07,1.48
9672,55.12,1033.5792,-41297.54,1.32
9673,43.68,983.8098,-44628.79,1.48
9674,47.96,1045.9827,-45875.85,1.49
9675,49.28,1031.0986,-41488.41,1.66
9676,46.68,1026.9421,-53185.4,1.53
9677,36.2,1036.9711,-39209.69,1.5
9678,36.44,1015.4985,-39307.82,1.54
9679,47.84,1032.5552,-47619.64,1.86
9680,55.96,1028.0833,-45287.46,2.35
9681,61.24,1018.833,-47234.47,1.48
9682,51.04,1090.9084,-43835.79,2.04
9683,56.2,1067.8394,-48117.57,1.45
9684,44.24,1014.9592,-45088.78,2.09
9685,48.52,1117.1147,-40941.8,1.53
9686,45.36,1028.3016,-45429.68,1.3
9687,43.76,1004.7122,-49357.75,1.46
9688,40.28,1012.2253,-51063.1,1.34
9689,50.64,1070.2198,-49970.82,1.55
9690,36.88,996.6089,-57292.17,1.48
9691,55.32,1054.2905,-42111.82,1.77
9692,56.44,1063.8018,-57622.39,1.64
9693,44.44,999.836,-49077.36,1.74
9694,48.36,1175.5646,-47473.47,1.72
9695,58.16,988.6862,-48840.73,1.94
9696,46.96,1027.3872,-45649.02,1.69
9697,49.08,1029.1737,-47616.93,1.62
9698,44.76,1029.0604,-47250.39,1.43
9699,43.84,1058.7633,-45550.4,1.51
9700,51.44,1048.7501,-41709.58,1.44
9701,39.8,1034.893,-43299.4,1.45
9702,43.12,1027.3192,-52992.46,1.44
9703,55.64,1006.9988,-46901.33,1.22
9704,46.84,1029.189,-45582.85,1.68
9705,47.72,1003.1824,-45141.95,1.62
9706,52.16,1052.7394,-47665.23,1.44
9707,41.44,1025.3479,-45454.69,1.29
9708,37.88,1013.7618,-55160.48,1.32
9709,46.96,1027.7532,-49424.68,1.2
9710,43.84,1038.6124,-41720.69,1.51
9711,58.04,1025.5003,-45549.05,1.73
9712,43.84,1078.9344,-40131.39,1.58
9713,43.2,987.4623,-46918.21,1.45
9714,58.4,1017.656,-45159.14,1.52
9715,55.2,1038.1605,-41556.57,1.61
9716,62.88,1023.0885,-37670.03,1.44
9717,45.16,1029.6112,-49262.87,1.44
9718,42.88,1003.2674,-45118.78,1.6
9719,49.44,1009.4595,-43087.57,1.35
9720,55.48,1139.4612,-48498.15,1.36
9721,48.28,992.0584,-40950.97,1.53
9722,51.0,997.8562,-50876.79,1.42
9723,43.76,1078.3274,-55854.79,1.81
9724,48.84,1028.911,-45356.57,1.89
9725,31.6,1041.929,-47646.53,1.76
9726,63.36,981.2064,-48784.74,1.75
9727,53.72,1001.4568,-40911.48,1.91
9728,52.92,1026.2752,-53176.92,1.86
9729,32.2,1061.176,-51368.03,1.97
9730,48.72,1013.2722,-51379.81,1.42
9731,56.72,1025.9108,-45515.84,1.64
9732,43.32,1039.4747,-47434.07,1.61
9733,44.96,1030.6672,-39418.61,1.47
9734,52.76,1060.0308,-38180.12,1.48
9735,51.4,1051.9675,-48035.52,1.38
9736,31.16,1008.9998,-50988.3,1.27
9737,52.12,1074.5152,-49630.21,1.43
9738,46.76,1023.6676,-47325.53,1.4
9739,42.76,1036.7205,-47464.0,1.65
9740,59.52,1010.4329,-47068.54,2.46
9741,57.48,1059.735,-44218.36,1.75
9742,46.52,1040.1421,-43667.42,1.26
9743,43.36,1021.3056,-41564.5,1.5
9744,52.76,1020.2621,-43325.54,1.22
9745,54.68,1040.1338,-47502.47,1.35
9746,58.88,1029.7018,-43404.73,1.2
9747,56.16,991.2766,-46943.73,1.93
9748,38.0,990.5333,-51095.78,1.89
9749,48.88,1008.3801,-53169.58,1.87
9750,53.32,1028.1784,-41582.7,2.12
9751,56.92,1005.4213,-47066.84,1.81
9752,42.04,988.5889,-46922.62,1.86
9753,44.8,1019.9899,-45408.09,1.68
9754,47.32,1037.39,-45360.31,1.91
9755,28.68,1031.86,-57518.45,1.55
9756,46.84,1092.977,-46182.13,2.18
9757,41.12,1045.4261,-47751.8,1.75
9758,47.68,1047.6399,-53443.62,1.76
9759,48.12,1083.91,-46335.6,2.09
9760,59.32,1025.6189,-51233.9,1.69
9761,48.52,980.8581,-42640.73,1.74
9762,49.08,1055.3479,-49976.65,2.05
9763,40.44,1105.7875,-48670.05,1.99
9764,53.4,1048.3807,-44013.88,1.84
9765,64.88,1013.7836,-41152.07,1.62
9766,48.32,1039.7536,-45339.73,1.96
9767,63.68,1044.4352,-45676.28,1.62
9768,70.12,1014.4994,-53277.39,1.62
9769,46.2,1021.1856,-43315.78,1.95
9770,47.84,1016.5941,-46878.42,1.62
9771,45.92,1023.7768,-41463.68,1.56
9772,49.32,1011.6238,-49149.13,1.79
9773,38.64,1029.1714,-39758.92,1.4
9774,41.96,1041.5082,-49931.54,1.78
9775,39.52,1032.1896,-49640.12,1.87
9776,48.12,1063.9478,-54310.05,1.39
9777,50.32,1065.3126,-44261.66,1.72
9778,58.28,1001.7871,-39054.7,1.91
9779,45.8,1034.7482,-45324.28,1.65
9780,49.32,1011.8717,-45223.31,1.6
9781,49.96,1026.116,-41234.95,1.55
9782,49.68,1045.5917,-49308.08,2.02
9783,59.24,1026.2298,-49194.86,1.76
9784,55.44,1008.2596,-43044.35,1.69
9785,50.92,1039.2134,-39642.77,1.34
9786,53.84,1005.5668,-45114.94,1.38
9787,44.12,1043.0211,-53480.21,1.24
9788,58.96,1041.2092,-49371.51,1.42
9789,52.36,1052.1996,-36098.63,1.68
9790,43.24,1073.4835,-44139.4,1.7
9791,50.16,991.5803,-51015.12,2.03
9792,56.44,1058.9301,-45884.54,2.16
9793,50.96,1120.3555,-49112.38,1.88
9794,50.8,1140.2506,-53969.23,1.33
9795,59.8,1033.8654,-45342.05,1.37
9796,42.88,1012.4358,-30994.32,1.55
9797,63.44,1068.4464,-45619.7,1.93
9798,50.88,1009.9215,-43096.78,1.69
9799,40.36,1167.0848,-56831.93,1.51
9800,47.12,1038.0949,-47684.06,1.92
9801,51.52,1064.2735,-51846.89,1.63
9802,46.76,1012.6736,-39287.48,1.43
9803,43.12,1033.7509,-41497.58,1.36
9804,33.64,1029.0418,-46996.06,1.66
9805,53.6,1048.8668,-49844.33,1.4
9806,41.24,1000.8259,-48896.8,1.64
9807,41.32,1042.2386,-55543.26,1.56
9808,47.28,1032.4098,-43723.9,1.96
9809,60.12,1105.9206,-46235.02,1.66
9810,33.2,1004.8756,-39214.39,1.45
9811,46.36,1003.9468,-37060.13,1.5
9812,53.84,1018.1676,-45370.08,1.97
9813,42.36,1053.8301,-47716.33,1.92
9814,61.44,1029.782,-41081.28,2.28
9815,51.76,1044.0956,-45512.38,1.54
9816,39.2,1025.1287,-51221.26,1.44
9817,52.4,1151.525,-43315.37,1.37
9818,56.2,1045.8806,-43769.73,1.64
9819,61.04,1005.4478,-49021.5,1.37
9820,48.56,1043.9466,-49895.68,1.64
9821,44.64,1070.595,-45695.22,1.33
9822,40.32,1036.1058,-41904.44,1.23
9823,47.08,997.078,-49002.55,1.26
9824,55.88,1029.3588,-39531.3,1.69
9825,41.52,1005.644,-41047.54,1.42
9826,54.92,1027.233,-53424.84,1.36
9827,29.72,976.6516,-48717.56,1.49
9828,56.84,1042.302,-39472.7,1.3
9829,47.28,1007.6064,-43203.68,1.18
9830,49.4,1033.836,-49659.92,1.54
9831,65.68,1059.2925,-61448.94,1.78
9832,54.4,1050.0044,-34238.66,1.77
9833,39.32,1027.2239,-43210.94,2.08
9834,43.44,1073.0281,-52256.13,1.62
9835,38.12,1027.294,-39628.42,1.85
9836,51.48,1159.7508,-50874.96,1.66
9837,51.76,1042.5816,-49450.3,1.51
9838,49.6,1054.431,-48278.59,1.99
9839,41.08,1055.3571,-61282.75,1.69
9840,61.76,1036.0937,-47523.26,1.35
9841,36.8,1022.3219,-47111.92,1.36
9842,49.24,1055.8295,-53353.28,1.82
9843,50.96,1030.2537,-49387.23,1.95
9844,59.28,1044.0564,-41909.73,1.94
9845,52.72,1051.481,-39984.98,2.17
9846,57.28,1013.9108,-47332.6,2.38
9847,44.52,992.169,-52847.17,1.63
9848,56.04,1017.5398,-39374.67,1.74
9849,52.12,1017.2655,-43178.16,1.88
9850,62.32,1074.3008,-38303.16,1.25
9851,40.32,1027.1199,-47325.51,1.19
9852,42.56,1041.0111,-55364.38,1.33
9853,54.12,1015.0017,-41191.68,1.26
9854,50.36,1020.8514,-41406.39,1.33
9855,46.88,1063.4516,-53711.56,1.06
9856,45.24,1050.9458,-51445.58,1.19
9857,51.4,1000.562,-38846.75,1.14
9858,39.92,1045.629,-43627.95,1.3
9859,61.44,1014.0019,-49158.67,1.33
9860,43.56,1059.2769,-47721.15,1.37
9861,39.88,1060.4936,-45986.8,1.53
9862,50.4,1011.8765,-59229.93,1.04
9863,46.32,1087.3462,-48037.26,1.07
9864,40.96,980.3471,-50734.01,1.12
9865,44.32,1082.0082,-42925.79,1.15
9866,44.12,1022.9638,-45142.67,1.22
9867,37.68,971.7276,-48678.19,1.21
9868,46.68,1049.4257,-47631.63,1.27
9869,48.12,1053.9795,-47728.74,1.23
9870,38.24,1049.4118,-51623.02,1.14
9871,48.36,1067.5969,-51436.09,1.06
9872,46.52,1015.4447,-47403.56,1.41
9873,62.84,1029.592,-47177.18,1.24
9874,43.0,1065.9443,-58068.57,1.12
9875,44.96,1008.1488,-39271.38,1.29
9876,55.48,1052.4866,-49661.76,1.07
9877,54.28,1040.6669,-51409.3,1.28
9878,41.72,1038.3616,-49729.98,1.19
9879,42.84,1012.2363,-41252.67,1.17
9880,43.68,1063.6005,-43948.56,1.13
9881,40.44,1015.5079,-44949.1,1.12
9882,49.96,1036.8965,-47597.71,1.04
9883,48.44,1004.0456,-46804.68,1.14
9884,50.84,1020.1768,-49246.97,1.04
9885,48.48,1018.8108,-49219.2,1.23
9886,43.76,1021.1904,-53153.43,1.33
9887,46.12,1029.7953,-47573.37,1.32
9888,28.44,1003.606,-52979.14,1.05
9889,43.6,1034.4298,-47177.76,1.12
9890,35.0,1032.3317,-49288.06,1.25
9891,49.84,1029.5358,-41543.57,1.17
9892,49.64,1051.4514,-41627.19,1.11
9893,56.24,1049.9752,-45523.16,1.04
9894,35.56,1001.7843,-44897.57,1.23
9895,48.76,1001.1308,-41031.65,1.05
9896,46.2,999.4965,-57025.24,0.96
9897,52.76,1011.6391,-43247.7,1.36
9898,53.48,1023.4088,-49721.65,1.15
9899,45.12,1030.5696,-39491.98,1.13
9900,38.0,1014.2074,-47398.12,1.1
9901,46.56,1034.6607,-43757.93,1.23
9902,48.12,1068.7844,-45938.53,1.12
9903,41.2,1083.3304,-51858.65,1.36
9904,50.56,1062.1602,-53938.13,1.08
9905,34.24,1008.2245,-49283.62,1.17
9906,44.28,1042.1054,-43444.33,1.12
9907,47.92,1069.0562,-41985.8,1.19
9908,50.36,1036.7544,-39689.43,1.28
9909,57.76,1055.9479,-47873.09,1.16
9910,36.96,1095.9603,-50620.08,1.26
9911,36.52,1034.9935,-47499.75,1.28
9912,52.36,1062.6946,-53337.22,1.43
9913,53.4,1046.0742,-45431.29,1.2
9914,53.76,1035.6145,-51553.03,1.08
9915,46.36,1019.4341,-47059.6,1.09
9916,50.28,1037.919,-41378.3,1.04
9917,60.96,1042.1581,-51358.96,1.13
9918,41.92,1036.5888,-43394.27,1.2
9919,41.28,1026.9231,-49320.18,1.21
9920,41.96,1054.6604,-43855.86,1.11
9921,53.6,1015.5881,-47061.47,1.23
9922,44.6,1033.2217,-45300.56,1.11
9923,39.52,1049.3987,-38107.42,1.15
9924,50.32,1046.4166,-49274.57,1.07
9925,45.92,1077.7439,-48117.14,1.18
9926,60.16,1021.7722,-43217.79,1.19
9927,58.08,1073.7229,-38811.15,1.15
9928,44.44,1032.5883,-41082.1,1.15
9929,49.48,1056.0349,-47961.51,1.18
9930,51.8,1019.6702,-39347.67,0.99
9931,45.04,1096.4334,-34995.09,1.12
9932,55.36,1015.7537,-43291.78,1.1
9933,46.8,997.5386,-40961.53,1.32
9934,49.48,1028.4141,-51055.97,1.13
9935,40.56,1006.1906,-51067.21,1.25
9936,44.88,1004.087,-47168.3,1.14
9937,55.68,1052.0347,-41841.23,1.19
9938,47.72,1061.7164,-49428.81,1.18
9939,41.48,1062.1724,-49424.28,1.12
9940,46.92,1016.3336,-37386.99,1.13
9941,39.08,1049.9255,-41908.18,1.08
9942,55.16,1022.5834,-49397.97,1.13
9943,44.48,1013.0541,-47324.16,1.2
9944,57.2,1042.7653,-49645.22,1.12
9945,52.6,1017.603,-47222.02,1.2
9946,49.72,1075.4198,-45540.6,1.37
9947,53.0,1035.097,-37886.66,1.28
9948,44.72,1056.6067,-49780.19,1.03
9949,49.64,1024.5202,-61586.32,1.16
9950,52.88,1050.4645,-45883.66,1.24
9951,44.92,1027.2058,-39713.48,1.4
9952,38.76,992.2861,-36925.5,1.29
9953,50.88,1048.8454,-47624.14,1.24
9954,59.76,1022.8948,-45423.25,1.23
9955,52.84,1034.1445,-47575.56,1.27
9956,44.08,1053.5726,-53851.06,1.42
9957,43.96,1022.3172,-49174.94,1.15
9958,38.48,1061.7133,-44069.99,1.12
9959,52.24,1028.6116,-43602.84,1.34
9960,40.04,1027.3218,-49320.58,1.19
9961,60.6,1074.8534,-47990.02,1.24
9962,57.68,1039.3386,-43635.49,1.27
9963,61.2,1041.9062,-51094.92,1.31
9964,57.8,1026.9048,-53243.97,1.27
9965,51.04,1061.233,-49932.81,1.34
9966,61.72,1044.4721,-47565.32,1.12
9967,49.32,1034.2669,-45272.38,1.17
9968,39.2,1014.8636,-45357.18,1.17
9969,51.84,1045.085,-43964.23,1.4
9970,51.52,1044.647,-37958.89,1.3
9971,40.44,1037.3327,-47415.36,1.31
9972,48.96,1050.4964,-53456.14,1.19
9973,55.92,1022.2578,-42812.13,1.23
9974,47.76,1040.2248,-43432.64,1.32
9975,44.72,998.3756,-44917.13,1.57
9976,50.84,1000.1287,-46903.5,1.74
9977,47.12,1083.8203,-46224.5,1.98
9978,45.48,1027.1604,-51542.33,1.9
9979,52.12,1046.8082,-49362.51,2.39
9980,56.12,1038.9808,-51375.61,1.63
9981,55.68,1026.2924,-43028.51,1.68
9982,54.52,1020.2126,-43355.6,1.7
9983,55.0,1051.3314,-42335.12,1.49
9984,35.32,1020.7365,-45380.74,1.48
9985,36.04,1053.862,-50340.25,1.54
9986,59.36,1038.6948,-45656.89,1.22
9987,55.2,1032.8771,-43107.28,1.57
9988,52.76,1140.4162,-47010.73,1.62
9989,52.44,1013.0809,-47239.98,1.43
9990,60.68,1025.2055,-35353.76,1.49
9991,46.4,1028.8898,-43274.3,1.38
9992,51.04,1046.1168,-45790.08,1.96
9993,42.56,1005.1066,-46758.21,1.94
9994,53.04,1036.0432,-55750.54,1.54
9995,44.72,1007.5554,-46646.3,1.48
9996,53.16,1026.4617,-43619.46,1.86
9997,57.76,1052.6532,-59575.83,1.81
9998,55.12,1042.7745,-49282.05,1.69
9999,44.28,1055.3696,-41671.78,2.18
10000,46.12,1047.7738,-45585.56,2.16
