episode,avg_pods,avg_latency,reward,execution_time
1,9.04,1.413,-3501.98,0.27
2,9.24,56.4519,-2757.28,0.29
3,6.56,76.3063,-3005.4,0.31
4,7.12,547452.9163,-3271.99,0.26
5,8.36,0.045,-2750.25,0.27
6,8.0,15.9006,-3469.83,3.2
7,9.8,179.7975,-3388.51,0.31
8,10.08,279.6959,-4005.51,0.8
9,9.72,352768.1174,-2875.54,0.25
10,8.48,39.2427,-4084.54,0.25
11,6.28,504814.7001,-2613.79,1.63
12,7.64,0.2388,-3000.2,0.3
13,7.64,56498.5336,-2565.64,0.29
14,5.28,710579.8238,-3014.31,0.28
15,8.56,1.0239,-2520.09,0.28
16,9.72,56477.125,-4000.17,1.48
17,8.36,0.4891,-2001.16,0.25
18,12.0,149.4505,-3023.9,0.22
19,9.0,360172.5495,-4369.21,0.29
20,7.48,359863.5733,-4250.3,0.23
21,8.64,346895.8204,-2815.68,1.24
22,8.32,391939.906,-4508.59,0.35
23,6.72,67848.994,-3750.27,0.44
24,7.96,0.272,-2501.59,0.32
25,9.76,121811.791,-2819.98,0.29
26,11.28,288534.0339,-3195.71,1.11
27,10.32,5.4862,-2878.0,0.37
28,8.84,335945.9182,-2830.91,0.29
29,8.32,361476.6478,-3917.1,0.28
30,9.44,425646.4234,-3345.04,0.29
31,11.84,355543.5628,-2759.28,1.26
32,9.28,76.9405,-4257.23,0.22
33,9.32,45592.8672,-2750.66,0.24
34,8.96,229457.8447,-3009.83,0.54
35,9.24,65946.8694,-4752.01,0.41
36,9.08,196087.3409,-4008.77,1.42
37,7.76,15.3604,-3445.52,0.26
38,9.76,120015.7778,-2553.44,0.22
39,12.24,901.5826,-3505.64,0.29
40,9.8,719504.5255,-3474.23,0.29
41,7.64,356191.2402,-2491.93,1.54
42,7.72,894012.1761,-3602.42,0.27
43,8.0,235344.7805,-2805.25,0.3
44,10.16,149738.3508,-3754.43,0.48
45,9.68,12.9312,-2682.57,0.48
46,9.6,98642.6925,-3501.12,0.31
47,8.12,43.2728,-3059.82,1.63
48,5.8,65946.7864,-3002.0,0.25
49,10.4,420592.7203,-3315.07,0.37
50,10.2,2.7318,-3030.56,0.36
51,8.24,755696.0952,-3750.69,0.34
52,8.32,383.7282,-2592.65,1.54
53,6.8,64474.8381,-3031.59,0.32
54,10.84,4986.495,-3004.9,0.26
55,10.08,354258.448,-2756.78,0.37
56,9.92,26529.8375,-3255.66,0.3
57,9.84,67850.3756,-2791.48,1.26
58,10.24,143794.6514,-2693.8,0.23
59,5.48,239914.6962,-3502.58,0.27
60,12.16,2.6166,-3255.66,0.29
61,9.68,19.3978,-3002.79,0.28
62,10.24,708518.6306,-2560.19,1.2
63,8.88,179642.2409,-3750.53,0.3
64,7.88,2.1482,-3269.83,0.34
65,8.36,1079107.4552,-4250.28,0.34
66,6.96,0.0634,-3000.73,0.36
67,7.44,7.3137,-2681.53,2.18
68,11.4,718962.478,-3420.08,0.23
69,9.28,426655.3479,-3000.84,0.24
70,11.48,12.9198,-2814.69,0.36
71,6.64,2.2885,-3056.5,0.3
72,9.76,0.4526,-3250.43,1.38
73,8.0,0.0327,-2750.27,0.21
74,7.8,336733.09,-3751.67,0.24
75,9.84,121880.615,-2501.5,0.31
76,10.04,123038.4398,-4273.74,0.29
77,10.84,89.0493,-3121.23,1.38
78,8.4,3.1468,-2254.45,0.26
79,8.52,64613.1734,-3000.56,0.23
80,7.12,13.58,-3339.29,0.24
81,8.76,185961.5154,-2751.18,0.27
82,7.92,250426.2128,-3001.91,1.2
83,9.04,0.1946,-2252.97,0.27
84,10.76,119082.0529,-4001.59,0.25
85,7.24,475304.009,-2680.73,0.3
86,9.0,1917422.7842,-3500.78,0.27
87,9.52,0.2468,-3755.19,0.24
88,7.28,720168.3293,-2268.75,0.24
89,7.0,775858.7299,-1755.18,0.3
90,8.0,790533.2391,-3750.09,0.37
91,10.52,2.3373,-3529.28,0.6
92,10.16,0.4228,-3750.18,0.23
93,5.8,3.4441,-1836.02,1.37
94,4.68,0.1518,-3253.2,0.24
95,10.88,5.6504,-2541.46,0.24
96,10.28,67887.0634,-3253.65,0.49
97,12.04,2576.684,-4517.37,0.31
98,11.64,421.0287,-3250.18,1.47
99,10.36,1289.1695,-2089.05,0.32
100,6.6,1427308.6375,-3719.73,0.36
101,10.12,998302.5632,-4138.34,0.33
102,6.44,56484.6231,-3500.51,0.27
103,9.92,9196.2979,-3750.28,1.53
104,9.6,158.6958,-2500.33,0.27
105,10.28,122108.3313,-3251.23,0.24
106,10.2,705357.1646,-3389.03,0.27
107,7.88,5406.9656,-3250.29,0.27
108,8.12,4893.8099,-2765.44,1.2
109,10.04,585075.9269,-3013.1,0.28
110,8.08,2799.6946,-3756.06,0.24
111,10.08,7.5701,-2250.68,0.24
112,6.4,1.4248,-3285.48,0.22
113,5.88,131901.1128,-3689.89,1.19
114,7.12,719695.7668,-2810.79,0.24
115,7.36,9.6086,-4255.18,0.22
116,9.32,360312.8391,-2750.27,0.24
117,9.2,566.1188,-3147.2,0.26
118,6.96,67852.2648,-3026.36,1.28
119,8.28,13.0876,-3761.95,0.24
120,8.4,67854.2252,-3389.13,0.3
121,8.84,67488.3929,-2752.52,0.26
122,8.92,18.7078,-3533.54,0.31
123,7.4,341591.0156,-3500.22,1.58
124,7.04,320001.4942,-4250.23,0.3
125,8.2,359853.426,-3727.68,0.23
126,7.16,360166.6146,-3000.45,0.21
127,7.4,713643.8197,-3346.31,0.34
128,8.2,421261.6879,-2751.71,0.26
129,11.16,3.5377,-3336.55,0.22
130,7.8,129610.9333,-3018.03,0.28
131,10.44,112410.4445,-2251.68,0.29
132,8.04,155.586,-3380.43,0.95
133,9.68,3.8576,-3344.82,0.27
134,7.92,360888.2906,-3251.36,1.46
135,8.08,431.3839,-3054.73,0.19
136,11.04,0.0336,-2750.17,0.28
137,5.52,67895.9406,-3298.63,0.38
138,6.28,359719.0063,-4251.94,0.29
139,12.52,3434.1088,-3002.28,1.26
140,8.88,7.6544,-2193.16,0.21
141,7.96,16696.48,-3826.6,0.23
142,10.88,714348.507,-4000.37,0.4
143,10.08,169453.7729,-4295.28,0.29
144,8.28,355440.6232,-3589.34,1.3
145,8.64,112933.4255,-2792.78,0.27
146,9.2,235171.0812,-2692.75,0.44
147,7.96,169404.2812,-2692.25,0.33
148,11.12,2803.5302,-2520.49,0.25
149,9.48,1248981.1706,-3830.32,1.39
150,8.84,1679.7751,-3750.88,0.36
151,8.16,348378.8108,-2753.37,0.3
152,7.28,471964.4966,-2809.29,0.25
153,8.28,863219.0407,-3750.29,0.2
154,9.2,2591.0322,-3354.8,1.43
155,7.44,149.1873,-3574.07,0.24
156,8.88,2737.551,-3541.76,0.25
157,11.2,65984.9502,-3500.23,0.29
158,7.28,1071662.3042,-3810.35,0.33
159,9.2,105426.482,-3260.33,1.15
160,7.92,529285.674,-4505.0,0.3
161,6.76,1238730.1564,-3009.95,0.42
162,11.52,911.7041,-4205.02,0.31
163,8.04,475764.381,-3294.06,0.33
164,11.2,2683.8396,-4000.13,1.7
165,7.24,93.395,-2761.66,0.4
166,10.52,1172.7984,-4102.71,0.29
167,7.4,2.4885,-3310.62,0.25
168,9.36,10.1053,-4001.05,0.3
169,10.88,2.4975,-3811.75,1.7
170,9.72,672078.6011,-3041.67,0.27
171,7.76,0.2104,-2753.07,0.31
172,10.64,362265.7093,-2825.8,0.28
173,8.96,363432.3603,-3006.3,0.24
174,7.44,23818.6968,-2438.04,0.32
175,8.16,0.1534,-2003.62,1.55
176,10.24,240.9446,-3250.19,0.37
177,7.52,216.4735,-3604.13,0.33
178,10.92,22.6475,-2151.67,0.3
179,9.68,352336.9112,-2763.83,0.4
180,7.04,923234.592,-3750.5,1.49
181,10.48,622.975,-2506.93,0.25
182,7.44,384827.4464,-3508.69,0.29
183,11.4,1286.7246,-3250.81,0.29
184,7.32,361.7569,-5004.17,0.33
185,5.36,0.2549,-3750.23,1.73
186,9.72,337231.3305,-1502.48,0.44
187,9.72,7.8488,-2446.91,0.58
188,8.28,0.6179,-2500.81,0.38
189,10.4,1765546.5286,-3916.77,0.33
190,8.8,169344.5839,-4250.24,2.16
191,7.76,119016.4998,-3750.35,0.33
192,9.92,131599.0564,-3254.26,0.44
193,7.72,456569.0062,-3681.86,0.33
194,7.84,263772.8771,-3252.16,0.27
195,9.56,67856.3382,-3075.64,1.94
196,7.84,2730.2952,-3182.57,0.49
197,7.28,0.0271,-2250.55,0.74
198,9.72,3077.3283,-3448.86,0.5
199,9.28,528926.8468,-3114.51,0.35
200,8.6,131960.6922,-4000.83,1.55
201,8.72,342896.6578,-3000.38,0.34
202,5.8,133795.3918,-3500.66,0.63
203,10.92,98700.4631,-4017.45,0.87
204,8.48,844713.2944,-3763.93,0.63
205,9.24,1079279.5816,-3758.54,2.13
206,9.96,522738.2554,-2006.07,0.54
207,8.8,359699.1491,-4001.34,0.31
208,7.24,3.227,-3254.11,0.34
209,5.88,12.7879,-3528.72,0.57
210,7.28,1145055.0199,-3271.96,1.6
211,10.08,361297.1343,-3501.7,0.32
212,5.44,1.908,-2032.08,0.23
213,7.72,421227.0331,-3014.24,0.25
214,7.2,114771.1782,-3578.84,0.23
215,6.76,5.9856,-3356.23,0.27
216,8.2,119900.9795,-2252.03,0.23
217,8.84,576598.8704,-3510.27,0.22
218,9.76,1553.2693,-3603.2,0.21
219,7.24,121.0503,-3513.49,0.2
220,9.92,192.6106,-3750.19,0.25
221,7.24,242.5043,-2779.68,1.32
222,7.6,0.5298,-3501.51,0.32
223,10.28,643758.3784,-3752.41,0.31
224,9.28,400595.8049,-3161.57,0.46
225,8.64,146300.1991,-2761.3,0.37
226,9.12,114728.8325,-3002.09,1.37
227,11.76,66569.5456,-3503.52,0.24
228,9.2,39693.5512,-1577.81,0.24
229,9.6,238978.2117,-2287.46,0.28
230,10.32,65946.771,-3000.38,0.31
231,8.6,352336.9752,-3509.37,1.25
232,6.64,104.1705,-3264.65,0.27
233,7.28,9.0922,-3007.25,0.29
234,7.44,0.0247,-2500.5,0.3
235,7.96,66045.885,-3357.68,0.31
236,6.56,1079487.4029,-3255.04,1.41
237,8.64,242824.1647,-3444.56,0.21
238,11.96,8.2225,-3257.18,0.25
239,9.92,18.0125,-2506.98,0.31
240,8.04,374062.8181,-2750.97,0.3
241,9.8,241.0441,-3752.65,1.27
242,6.6,227438.8162,-2750.47,0.89
243,8.56,3.5264,-3044.31,0.24
244,7.88,715155.0041,-2755.22,0.25
245,6.64,39982.5669,-3531.32,0.34
246,9.76,339366.2211,-3011.7,1.34
247,7.76,118959.5654,-3513.91,0.28
248,8.64,125612.5179,-3260.12,0.3
249,7.2,517.7939,-3253.85,0.25
250,6.92,466.1008,-3396.29,0.33
251,10.4,7.3118,-3326.82,1.32
252,7.6,5446.0538,-3251.21,0.36
253,10.0,3126.4322,-2830.4,0.23
254,10.68,359669.8641,-4750.07,0.26
255,7.96,337231.5822,-2501.76,0.37
256,8.52,7.9121,-4809.24,0.38
257,8.36,169446.2722,-2783.31,0.26
258,7.68,2707.1899,-3281.82,0.3
259,8.36,27245.8426,-3294.17,0.29
260,7.88,33890.5031,-3585.81,0.25
261,10.88,2621.9597,-3502.06,0.33
262,9.36,114110.1116,-3000.66,1.31
263,9.0,1.675,-2041.0,0.26
264,9.12,0.0186,-4000.12,0.28
265,8.56,2689.632,-2395.29,0.25
266,8.64,752.1101,-3046.93,0.34
267,8.88,2799.8806,-3014.16,1.37
268,9.68,29.7421,-2870.82,0.28
269,10.12,352973.9727,-4442.7,0.27
270,11.12,1079533.2246,-3756.98,0.29
271,7.76,835463.9058,-3325.6,0.4
272,9.64,360167.4644,-3501.94,1.48
273,6.12,239834.273,-4521.28,0.29
274,9.68,2800.3914,-3000.74,0.22
275,9.48,359702.8567,-3758.8,0.27
276,10.08,359737.6345,-3250.3,0.36
277,8.6,355300.7458,-3251.88,1.33
278,9.68,120013.6682,-2500.26,0.3
279,8.68,719699.2559,-2765.79,0.27
280,5.88,202160.0511,-3019.71,0.31
281,9.12,2575.3706,-2618.05,0.43
282,9.0,0.3641,-2758.97,1.59
283,7.64,577147.1508,-4250.98,0.28
284,10.12,2778.8624,-3251.38,0.27
285,8.72,2878750.1356,-4077.81,0.26
286,9.76,102461.0181,-3752.55,0.26
287,9.28,21.8717,-3056.31,1.35
288,8.4,0.5532,-2756.89,0.35
289,8.24,455877.1594,-3219.66,0.29
290,10.44,168271.5534,-3268.59,0.28
291,10.24,98.8893,-2313.81,0.29
292,9.4,1417672.1828,-3750.8,1.31
293,10.72,0.0794,-3001.27,0.28
294,9.12,3028.176,-3928.2,0.31
295,10.16,112413.9557,-1777.09,0.23
296,7.2,10.1324,-2251.78,0.23
297,8.0,10.3928,-2536.06,1.13
298,7.36,153.6704,-3704.12,0.17
299,8.6,118939.583,-1750.68,0.21
300,8.04,455941.1112,-2859.17,0.21
301,8.76,597996.8978,-3505.89,0.18
302,10.4,67969.1561,-3250.89,0.2
303,11.0,1.0312,-3026.65,1.11
304,7.72,674608.008,-3503.41,0.22
305,8.44,1082247.0204,-4294.31,0.21
306,8.16,236040.8317,-3518.16,0.2
307,9.2,3.9666,-2830.8,0.26
308,10.76,360161.4719,-2771.81,1.55
309,9.2,346540.8186,-3258.71,0.27
310,7.64,34631.376,-2286.12,0.19
311,7.32,239838.6173,-2294.4,0.25
312,7.92,719746.353,-4000.18,0.21
313,9.92,119081.4928,-2505.6,1.18
314,6.76,38.5508,-2500.47,0.19
315,9.44,120014.3081,-1767.72,0.19
316,9.2,1189552.77,-3794.2,0.22
317,6.92,32275.7141,-3502.2,0.2
318,7.8,359534.4119,-2512.91,1.13
319,8.52,590.6655,-3505.38,0.19
320,7.08,336539.9878,-2500.4,0.2
321,8.32,2.332,-2000.84,0.19
322,8.68,436798.1489,-4263.45,0.2
323,8.08,407430.4561,-3001.13,1.1
324,8.4,3731.4701,-3328.9,0.2
325,11.52,706629.3617,-3501.1,0.19
326,9.68,322342.5723,-2925.82,0.18
327,8.44,3069.3172,-2193.6,0.16
328,6.56,2945.0295,-4258.56,0.92
329,9.88,2705.0994,-3020.33,0.2
330,9.24,1550418.1672,-4515.83,0.22
331,7.36,145.4544,-3500.44,0.22
332,11.36,340258.8934,-1772.78,0.25
333,9.32,131894.8977,-2536.98,0.97
334,8.52,480850.3408,-3001.69,0.19
335,7.68,0.3057,-2757.32,0.22
336,8.12,5.1236,-2755.57,0.17
337,9.28,3104.8276,-2001.13,0.21
338,9.0,2.4168,-3280.72,1.49
339,9.32,65950.3081,-4028.4,0.25
340,8.48,719393.6128,-3000.41,0.19
341,7.92,422.1066,-3501.52,0.32
342,10.84,0.0208,-3250.28,0.26
343,7.84,251432.7323,-3501.08,0.21
344,10.08,565.5693,-2504.62,0.19
345,10.64,241.1904,-2502.66,0.2
346,6.96,4.0792,-2569.8,0.18
347,6.92,64503.4373,-4003.61,0.25
348,5.92,360047.4678,-3283.08,0.21
349,11.68,0.083,-2751.53,1.16
350,11.16,34120.1967,-3253.28,0.19
351,9.0,2.8391,-2752.53,0.19
352,10.88,364.0499,-3536.06,0.2
353,8.52,3.1781,-3257.53,0.2
354,9.92,6.4704,-3160.79,0.95
355,5.92,0.0563,-4750.51,0.19
356,9.88,76.5649,-3514.89,0.2
357,9.72,5.1148,-2759.35,0.18
358,5.88,82.745,-3285.04,0.2
359,9.36,42889.1327,-2751.0,0.9
360,8.52,901.5699,-4002.53,0.2
361,10.08,5.8794,-2508.66,0.22
362,11.2,121.8381,-3780.03,0.17
363,9.12,0.5689,-2009.09,0.18
364,9.04,364665.7347,-3750.18,0.91
365,9.72,131893.5428,-2753.37,0.2
366,11.48,65947.5747,-1771.77,0.2
367,8.12,120013.899,-3000.33,0.28
368,8.28,692513.5555,-2314.7,0.21
369,7.84,3693.2542,-3534.58,0.89
370,6.68,0.31,-3501.42,0.21
371,8.72,859851.8836,-4250.11,0.18
372,7.28,12.4587,-3311.56,0.22
373,7.52,359875.88,-3005.57,0.18
374,9.16,94.0863,-3418.51,0.9
375,7.88,2719.0959,-3254.41,0.2
376,8.92,118939.6712,-3752.61,0.24
377,10.92,29.9347,-2502.11,0.21
378,9.32,5.6244,-3888.83,0.23
379,6.48,32267.5129,-3006.0,1.0
380,7.12,0.5967,-3260.47,0.19
381,9.88,197840.3279,-3751.65,0.2
382,8.28,3709.9904,-3251.56,0.24
383,10.24,2.7704,-3560.04,0.22
384,8.28,34921.2766,-3518.37,0.22
385,9.16,1079663.2234,-4250.81,0.22
386,11.12,360590.8535,-4000.28,0.22
387,9.2,68557.5322,-3553.61,0.23
388,7.96,380.6982,-2750.61,0.23
389,6.36,1308990.8228,-3261.64,0.2
390,8.32,3860.4625,-3059.43,0.98
391,8.76,5.3277,-1883.02,0.78
392,7.52,10.6672,-3763.69,0.2
393,8.6,623.3177,-4010.1,0.19
394,10.52,0.6222,-2256.88,0.24
395,10.68,5407.3126,-3010.22,1.09
396,7.68,237336.3336,-3787.61,0.22
397,10.24,65954.3622,-2940.71,0.26
398,8.16,0.7818,-2766.38,0.25
399,6.24,0.8506,-2518.42,0.24
400,9.04,2035.5199,-3500.68,1.05
401,10.04,112410.7372,-3251.56,0.21
402,7.68,2708.8362,-3536.11,0.2
403,8.96,2.6591,-2529.75,0.22
404,7.48,0.1756,-3752.89,0.23
405,10.12,168274.5146,-3106.24,1.01
406,9.0,183793.1522,-3757.69,0.2
407,9.72,65946.8092,-3752.41,0.19
408,8.44,0.138,-2752.02,0.2
409,10.92,617788.1062,-2519.77,0.23
410,7.0,359776.3818,-3000.38,0.94
411,11.92,2.7482,-1818.56,0.2
412,8.68,24943.3967,-3280.39,0.21
413,10.68,2799.6482,-3254.78,0.19
414,7.56,0.4141,-2510.11,0.22
415,10.08,19.5375,-2750.3,1.1
416,7.72,425647.2744,-3315.61,0.19
417,12.52,23788.5555,-4014.73,0.21
418,8.52,19.975,-3006.6,0.23
419,8.48,119096.9196,-2502.13,0.2
420,10.68,45.778,-4336.75,0.96
421,9.44,689962.931,-3250.27,0.21
422,8.36,174255.743,-3320.68,0.19
423,10.24,8308.7838,-3251.65,0.19
424,7.48,188777.3072,-3514.89,0.22
425,7.52,112930.9231,-4001.42,0.96
426,10.8,1286.2734,-2779.11,0.23
427,9.84,1286.7156,-3500.21,0.49
428,9.4,359696.7136,-4250.12,0.32
429,5.44,44.168,-2222.65,0.31
430,9.84,455740.2542,-2001.22,0.21
431,8.68,131746.669,-3255.87,1.7
432,12.44,114742.1622,-3695.68,0.3
433,9.88,540.1659,-3046.57,0.37
434,10.4,58.6428,-3011.86,0.4
435,12.04,65954.2736,-2500.8,0.58
436,8.76,210.4307,-3252.37,1.19
437,9.64,293.1743,-3559.22,0.29
438,9.36,169445.8395,-3018.34,0.27
439,11.48,557636.545,-3406.11,0.28
440,8.96,434.7202,-4085.46,0.34
441,7.92,120.7778,-2752.49,1.39
442,6.72,1034337.6835,-3263.81,0.3
443,11.0,770634.0499,-4193.54,0.23
444,8.88,362501.9523,-2753.64,0.28
445,9.48,0.4561,-2751.73,0.38
446,10.24,134203.2823,-3502.71,1.31
447,12.56,3320.4472,-3750.53,0.31
448,11.08,719067.5209,-3251.3,0.32
449,8.12,2799.8344,-3253.66,0.35
450,8.28,1214610.7013,-4026.1,0.35
451,7.32,2685.9873,-3252.04,1.41
452,9.12,3190.6902,-4013.54,0.33
453,8.92,452207.7268,-4250.09,0.28
454,11.36,4.3024,-3268.2,0.3
455,9.72,578272.017,-3782.14,0.25
456,9.88,354380.4114,-2295.17,1.25
457,11.68,2.9281,-3013.26,0.26
458,10.36,1.3471,-1783.57,0.31
459,9.96,237880.7435,-2290.93,0.31
460,9.24,803376.5761,-3753.89,0.31
461,7.88,4868.2837,-3087.55,1.91
462,8.72,21.4872,-3291.42,0.27
463,9.28,716354.6173,-2774.09,0.3
464,6.88,416179.8716,-4279.4,0.29
465,10.92,237903.8537,-3757.81,0.31
466,8.04,0.4011,-2505.94,1.75
467,7.64,1316.9018,-3750.21,0.27
468,8.28,9729.636,-3500.09,0.3
469,8.24,2711.3566,-3192.56,0.28
470,8.8,0.3638,-3254.78,0.28
471,9.6,127114.1491,-3501.41,0.38
472,9.04,49.6986,-3501.39,0.27
473,9.6,480276.7651,-4255.29,0.46
474,6.04,698036.7804,-3305.68,0.51
475,11.16,1156.5358,-4250.14,0.34
476,8.96,2799.5688,-3256.54,0.36
477,9.08,134.5204,-2500.55,1.43
478,9.52,3.3551,-2833.28,0.28
479,8.16,191.8923,-3020.31,0.28
480,9.76,115.4902,-3251.22,0.48
481,6.72,65946.7523,-4000.61,0.5
482,8.44,23.0098,-1332.72,1.86
483,10.64,385703.547,-3778.36,0.59
484,9.2,125501.4804,-3501.09,0.43
485,5.76,0.1545,-2500.26,0.35
486,8.64,359706.424,-3033.28,0.38
487,9.32,120021.2772,-3440.87,1.43
488,8.84,359859.5281,-3893.26,0.36
489,10.4,118977.8954,-2752.48,0.38
490,9.88,1031628.7418,-4002.36,0.33
491,7.04,0.2952,-3507.2,0.31
492,7.92,425830.708,-4004.12,1.43
493,9.12,359874.862,-3004.91,0.3
494,10.52,368243.7562,-3503.61,0.44
495,9.36,19.7603,-3750.98,0.3
496,7.72,1479770.0269,-4250.19,0.27
497,11.48,695896.0051,-2563.93,1.58
498,8.92,182464.0094,-3255.04,0.34
499,11.12,0.2166,-2505.24,0.52
500,7.6,0.8182,-3019.57,0.33
501,8.8,32236.9686,-4251.02,0.27
502,9.72,1504.2233,-3593.64,1.51
503,7.64,336578.196,-4000.27,0.26
504,7.16,356909.6432,-3255.62,0.31
505,7.72,841.95,-2500.74,0.27
506,8.8,1015860.6131,-3750.16,0.31
507,8.4,14.5393,-3501.4,1.33
508,10.08,363888.3681,-3510.1,0.27
509,7.72,0.1662,-3253.72,0.25
510,9.44,2703.8521,-3507.23,0.28
511,9.36,286828.1487,-2250.79,0.29
512,7.96,5.6701,-3640.08,0.31
513,8.8,152822.238,-3033.35,0.25
514,11.24,85788.9139,-3202.47,0.28
515,9.24,0.2412,-3005.63,0.21
516,7.44,169434.4128,-3001.43,0.8
517,7.52,25.9992,-2797.13,0.29
518,7.6,476722.0625,-3531.41,1.33
519,8.4,129.9414,-2040.11,0.37
520,8.6,32237.0408,-3000.42,0.31
521,6.96,392085.7956,-3295.78,0.34
522,10.8,32236.8556,-3253.14,0.31
523,12.4,10381.7596,-4500.16,1.6
524,7.28,520757.8021,-4000.33,0.23
525,9.6,719428.9432,-1936.88,0.26
526,9.32,21.1788,-1750.46,0.32
527,9.84,202208.1632,-2476.12,0.37
528,8.0,34.9266,-3312.05,1.38
529,10.76,1430024.2947,-3294.31,0.26
530,9.84,0.132,-3502.45,0.28
531,9.64,2.6292,-3807.57,0.54
532,6.68,2802.5846,-2549.34,0.56
533,10.24,359844.4544,-2754.76,1.61
534,11.92,359541.8683,-3454.27,0.52
535,7.68,1.8908,-2546.4,0.26
536,8.96,750.2727,-3000.96,0.24
537,10.08,360755.265,-2745.03,0.23
538,8.44,1.0313,-2010.98,1.24
539,7.4,42889.2762,-2751.73,0.33
540,7.96,719405.9177,-2523.77,0.29
541,7.32,599603.7582,-4250.52,0.25
542,8.48,603773.7888,-3017.35,0.28
543,7.32,421.0802,-3503.05,1.34
544,7.76,131893.4549,-3250.98,0.3
545,5.88,152.6788,-3504.78,0.32
546,10.96,2567.4525,-2518.59,0.35
547,8.84,303.9207,-3251.23,0.3
548,8.64,1143696.1342,-3504.07,1.7
549,7.44,65947.2991,-4502.42,0.21
550,12.0,165468.7505,-2750.79,0.23
551,7.8,0.0354,-3250.34,0.25
552,8.44,2710.4037,-3251.34,0.27
553,12.32,75.475,-3030.64,1.37
554,10.56,118940.1905,-3505.59,0.26
555,11.04,1285.7272,-3016.4,0.24
556,9.16,16578.8359,-2751.25,0.25
557,10.16,120099.3381,-3543.16,0.29
558,9.28,2722.4874,-3929.18,0.27
559,10.92,118945.5401,-3504.5,1.53
560,10.64,23788.5197,-2765.05,0.31
561,8.24,1031.6963,-2825.36,0.33
562,7.88,894821.2776,-3505.97,0.27
563,9.16,2726.2076,-2256.82,0.56
564,7.56,680260.6531,-4250.14,1.21
565,9.52,4.5588,-2613.79,0.25
566,10.24,122604.7863,-2757.9,0.25
567,7.96,619920.924,-2310.02,0.23
568,9.8,183555.2916,-3000.61,0.24
569,10.52,3455.8855,-2755.65,1.36
570,9.36,360776.0761,-3504.5,0.28
571,11.0,0.4181,-3255.22,0.56
572,11.12,704673.5551,-4017.97,0.35
573,9.76,33880.3111,-3278.33,0.29
574,8.88,487.4647,-4640.19,1.82
575,10.0,239876.0289,-2503.16,0.33
576,9.88,0.028,-3250.47,0.35
577,9.96,1788.7312,-3006.76,0.31
578,8.44,9582.8234,-3328.05,0.26
579,11.12,594697.8775,-3751.79,1.24
580,7.28,117454.6366,-2828.47,0.21
581,7.92,76.4554,-3500.18,0.33
582,6.4,225861.1519,-4250.11,0.34
583,7.08,337251.1314,-3502.31,0.28
584,11.04,210.3926,-4000.76,1.31
585,8.44,232319.229,-2843.47,0.29
586,9.0,391.0437,-3559.49,0.32
587,8.64,336540.3104,-3509.58,0.36
588,9.28,2715.603,-2501.63,0.44
589,10.4,12.1548,-3009.69,1.61
590,8.88,479603.4834,-3504.18,0.25
591,9.2,10174.0896,-3260.15,0.2
592,9.4,359988.1292,-3512.0,0.26
593,10.48,8328.2023,-4250.18,0.41
594,5.44,355381.1109,-3735.41,1.56
595,8.4,163.2043,-4593.76,0.25
596,9.56,66004.3654,-2504.99,0.26
597,7.36,0.133,-4002.85,0.23
598,9.12,71371.9512,-3128.51,0.27
599,9.88,8707.8791,-3001.64,0.35
600,7.68,23788.0154,-3752.38,0.25
601,9.28,2705.6595,-2786.09,0.3
602,6.48,29.9577,-3002.82,0.25
603,8.6,0.1882,-3003.02,0.26
604,7.36,42.6578,-2941.12,0.24
605,10.16,696624.1446,-3500.36,1.18
606,11.88,0.175,-3752.25,0.26
607,7.28,0.0138,-3500.17,0.24
608,9.0,107.0965,-3061.78,0.28
609,8.76,362721.0749,-2760.52,0.45
610,5.92,9.3884,-2653.11,1.49
611,8.56,3.9258,-3032.8,0.33
612,8.68,127.4814,-3266.8,0.21
613,7.24,2709.3847,-3535.7,0.2
614,8.76,0.4576,-2757.06,0.22
615,8.28,1009.186,-3272.61,1.29
616,8.28,1079090.1749,-3006.75,0.25
617,9.28,114852.5025,-2330.41,0.27
618,10.28,115479.0094,-3250.34,0.29
619,7.84,49868.5691,-4182.37,0.42
620,9.0,272318.1773,-4250.21,1.51
621,6.36,1.3544,-4033.27,0.29
622,7.76,2698.9451,-3939.13,0.24
623,10.2,135362.6517,-3604.98,0.32
624,7.52,32314.5121,-1795.43,0.32
625,10.44,478829.4908,-4250.38,1.37
626,7.16,1285.7516,-3001.83,0.29
627,6.04,0.1522,-4001.43,0.34
628,8.16,19073.495,-3189.04,0.26
629,10.04,790543.3419,-3530.08,0.29
630,10.72,360085.2829,-1769.88,1.29
631,8.96,119082.405,-3778.34,0.35
632,9.24,0.351,-3750.13,0.23
633,9.76,120036.1395,-4638.17,0.26
634,9.12,35036.2713,-3752.95,0.25
635,7.48,352634.9564,-3758.81,1.21
636,8.08,338890.1642,-3007.03,0.38
637,10.16,75.7883,-3574.86,0.83
638,9.24,3064.8616,-3041.07,0.25
639,8.92,362730.2104,-2252.4,0.34
640,9.28,35037.3778,-3278.46,0.33
641,10.2,422.8832,-3268.06,0.32
642,9.04,49.9887,-1750.26,0.29
643,11.48,0.7075,-2503.95,0.31
644,9.16,1773482.8209,-3270.28,0.28
645,5.4,7566.0564,-3008.73,0.34
646,8.48,782248.1961,-4195.63,1.56
647,9.8,0.4562,-2012.28,0.43
648,8.32,456181.3581,-3219.4,0.35
649,9.32,33899.5916,-2612.92,0.27
650,8.44,364463.3378,-3000.39,0.35
651,10.0,48581.2553,-3759.13,1.25
652,9.72,1427282.1799,-3061.93,0.23
653,9.36,35.382,-3253.25,0.32
654,10.76,357777.7383,-3002.62,0.3
655,11.68,597265.8572,-3553.17,0.23
656,9.04,33401.5921,-2763.87,1.29
657,9.96,475180.597,-3500.52,0.32
658,4.2,504810.0924,-3253.75,0.22
659,11.04,3.7942,-2586.12,0.27
660,7.28,379.8584,-2251.19,0.31
661,7.8,2799.4038,-3000.91,1.25
662,9.92,340099.871,-3052.91,0.41
663,8.68,1186460.1709,-4026.75,0.42
664,7.36,8.4611,-2893.84,0.35
665,9.04,196.1692,-3588.15,0.26
666,8.4,716762.3276,-2562.38,1.6
667,6.48,361129.8179,-4003.55,0.4
668,9.84,169396.7981,-3022.0,0.29
669,7.04,145.7337,-3005.72,0.25
670,9.84,2748.13,-3901.82,0.22
671,7.28,713762.8012,-3251.58,1.37
672,6.8,180.6761,-2503.35,0.2
673,9.04,34781.2705,-2772.66,0.28
674,9.6,757.6046,-2046.33,0.38
675,8.8,5509.4061,-3764.4,0.26
676,9.08,5510.6623,-3250.14,1.43
677,8.64,6.0951,-3001.56,0.32
678,8.56,127899.8553,-3251.4,0.25
679,8.4,66097.6933,-3389.05,0.26
680,8.04,115472.3114,-2755.31,0.3
681,6.36,719690.6938,-2800.87,1.44
682,10.72,721036.687,-4017.88,0.32
683,6.76,54.6706,-3750.75,0.4
684,8.28,359822.9662,-3750.43,0.3
685,6.84,438.8597,-3284.19,0.24
686,7.96,46.1712,-3067.12,0.35
687,10.24,719399.6435,-2843.93,1.47
688,11.04,84.2565,-3750.5,0.27
689,9.56,0.804,-2270.0,0.26
690,9.88,65954.7136,-3509.17,0.25
691,8.68,44184.5082,-3786.38,0.35
692,8.68,5483.1386,-3750.67,1.35
693,12.04,357713.4775,-4750.76,0.29
694,9.6,3.4828,-4001.16,0.32
695,5.88,757.0482,-4077.2,0.27
696,9.44,169445.5076,-3007.84,0.26
697,10.56,1073755.5499,-3737.61,2.01
698,7.32,359844.8054,-4005.3,0.37
699,8.36,124.1048,-2034.24,0.42
700,9.44,26849.3651,-4250.51,0.37
701,6.92,1.1939,-3280.65,0.28
702,7.16,1038.7551,-3788.79,1.36
703,6.88,269102.5484,-4501.0,0.24
704,11.12,85778.5326,-3000.4,0.28
705,8.68,383453.4675,-4006.73,0.25
706,7.08,84.9837,-3474.51,0.41
707,10.08,8398.8251,-3250.4,1.31
708,9.52,23.8497,-4000.61,0.51
709,9.24,112936.2007,-4000.33,0.46
710,8.88,198994.526,-3001.35,0.26
711,9.76,7.5522,-3938.56,0.39
712,6.28,3.0703,-2823.78,1.18
713,6.16,0.7981,-3757.67,0.26
714,9.16,118948.4845,-2405.59,0.26
715,9.96,119901.2749,-3010.47,0.32
716,6.56,0.1043,-2503.47,0.27
717,6.68,180.222,-3001.59,1.59
718,9.8,16247.661,-3938.62,0.27
719,9.12,67042.445,-3316.12,0.28
720,9.64,5095.8923,-3505.21,0.31
721,7.52,2105848.027,-4507.18,0.27
722,10.64,122028.0451,-4517.94,1.32
723,8.16,424229.1752,-3750.47,0.23
724,8.56,340102.3294,-3501.03,0.23
725,8.4,648304.5825,-3250.46,0.23
726,9.92,10.4558,-2503.45,0.3
727,7.84,143486.0538,-2445.98,0.26
728,10.76,713683.7828,-3286.9,0.25
729,10.2,1047804.2945,-3000.51,0.26
730,7.04,1.4628,-3271.41,0.28
731,8.52,42.534,-2755.91,0.24
732,8.68,359534.217,-2760.39,0.27
733,8.32,121509.7981,-4355.64,1.27
734,10.64,1868.4824,-4750.61,0.36
735,8.24,839765.7197,-4750.08,0.26
736,8.04,2703.7371,-3001.66,0.39
737,9.8,1245.4542,-2500.16,0.3
738,7.92,224821.0548,-3501.21,1.39
739,12.6,2685.5822,-3294.16,0.23
740,9.48,0.5312,-3262.63,0.3
741,5.72,9.9062,-3124.17,0.31
742,8.36,359703.0414,-2763.95,0.28
743,7.0,194.338,-3750.48,1.31
744,6.4,336540.2498,-2254.7,0.27
745,8.84,0.0979,-2252.31,0.21
746,9.76,590150.1409,-4007.21,0.23
747,9.28,0.091,-2500.65,0.26
748,8.52,1.8022,-3000.47,1.19
749,9.0,118939.6947,-3253.33,0.24
750,10.4,730918.3012,-4075.38,0.28
751,11.92,118944.1132,-2823.37,0.27
752,7.32,5619.6691,-3526.88,0.23
753,7.84,1315.0466,-3751.01,1.35
754,9.04,1080460.7574,-3750.88,0.22
755,7.72,48582.0986,-3001.53,0.45
756,8.4,537029.7276,-4500.52,0.51
757,8.04,40.1467,-3751.85,0.5
758,8.4,808304.9669,-3263.79,2.29
759,6.88,379.8559,-2251.13,0.25
760,8.96,100811.5318,-3000.72,0.26
761,10.0,5162.1278,-3502.59,0.27
762,10.0,1803.4322,-3260.58,0.31
763,9.76,67850.2353,-3267.92,1.38
764,8.44,698150.2475,-2106.11,0.27
765,10.72,408236.3762,-3750.47,0.25
766,7.52,33886.5119,-3400.08,0.3
767,9.4,155227.82,-3750.14,0.27
768,7.64,0.2909,-2754.68,0.26
769,7.44,0.0674,-2002.55,0.29
770,11.6,357250.0113,-3074.71,0.47
771,6.4,164.8338,-2252.75,0.36
772,7.2,0.227,-2254.38,0.3
773,7.84,338133.127,-4501.4,0.31
774,8.12,352532.9464,-3512.3,1.31
775,12.64,118944.0055,-2605.96,0.25
776,7.28,352337.8356,-2793.79,0.33
777,10.4,0.1238,-2251.37,0.3
778,9.52,394.5732,-3751.68,0.34
779,5.68,4.2399,-3061.58,1.3
780,7.68,719394.1166,-3259.93,0.19
781,9.04,3.6574,-2780.06,0.28
782,8.64,1.2283,-4013.55,0.28
783,11.36,592420.6628,-3500.27,0.3
784,10.32,5668.959,-3501.96,1.22
785,8.68,406014.7524,-3264.5,0.26
786,6.04,2799.4606,-3251.5,0.27
787,8.68,2.8594,-2817.72,0.24
788,8.12,1323.6084,-2461.37,0.37
789,7.28,0.2587,-3006.05,1.3
790,7.28,154942.3999,-4259.21,0.53
791,5.36,10.8907,-3521.59,0.33
792,8.0,844451.926,-2945.58,0.22
793,10.04,0.493,-4001.55,0.24
794,8.44,360341.0774,-3560.13,1.16
795,10.4,95275.3646,-2891.44,0.26
796,7.12,170973.7868,-3755.37,0.33
797,8.92,1519.2999,-3500.15,0.24
798,8.32,0.0948,-4000.92,0.23
799,10.88,719692.449,-3088.0,1.48
800,10.88,54.7046,-2503.9,0.35
801,10.0,695675.5854,-2801.72,0.31
802,8.6,695367.9291,-1551.83,0.25
803,8.88,1079109.6251,-3000.23,0.31
804,7.36,32253.9516,-3930.11,1.3
805,10.0,5490.259,-3536.06,0.24
806,9.16,9015.2348,-4002.6,0.28
807,8.2,32244.3162,-4188.81,0.27
808,8.88,3.6916,-3092.0,0.38
809,8.76,422736.3249,-3772.22,1.19
810,9.8,0.0449,-4000.29,0.26
811,7.6,359696.9406,-2504.82,0.34
812,11.6,732651.8868,-3251.45,0.33
813,10.56,7.9988,-3448.98,0.34
814,9.52,65966.7098,-3257.63,0.43
815,11.36,2.4508,-2750.57,1.24
816,9.04,359882.3394,-3192.34,0.25
817,7.12,339243.319,-3501.01,0.26
818,8.96,118939.7207,-2753.39,0.27
819,7.72,32237.44,-3255.6,0.27
820,10.76,13.2748,-4081.72,1.12
821,9.6,2.5461,-2507.09,0.21
822,6.56,169434.8547,-3756.01,0.22
823,11.52,240685.9888,-2751.53,0.29
824,9.12,359687.6611,-2839.89,0.86
825,9.08,34905.8828,-2272.07,1.22
826,9.68,32237.298,-3500.55,0.27
827,9.76,21.5177,-3258.07,0.23
828,8.64,1439377.5239,-3007.97,0.39
829,7.08,359721.7393,-2750.31,0.3
830,11.48,1147.4298,-4441.58,1.29
831,10.32,764.0379,-2455.74,0.36
832,8.96,186484.0914,-4250.13,0.44
833,7.6,224788.5949,-4701.99,0.31
834,10.04,719617.9409,-3005.29,0.31
835,7.64,11197.4858,-3752.05,1.36
836,9.68,719396.3197,-3325.44,0.25
837,9.2,238163.7406,-3528.99,0.3
838,10.32,425857.6142,-3778.74,0.32
839,8.72,33934.4764,-3327.3,0.37
840,9.52,4.9182,-4061.24,1.18
841,7.52,1799227.4112,-3864.84,0.27
842,11.2,750.5064,-3506.24,0.25
843,9.72,1080499.9352,-3502.71,0.25
844,7.2,33879.2558,-3500.59,0.2
845,12.28,10433.1916,-3000.43,1.27
846,10.0,361.4458,-3500.11,0.37
847,9.48,120463.8875,-3503.89,0.32
848,6.56,119901.8926,-3024.16,0.27
849,10.36,40440.6891,-3250.41,0.23
850,8.44,599749.341,-2508.67,1.23
851,8.8,659.4227,-3499.77,0.28
852,9.52,359697.06,-1753.07,0.27
853,7.4,712038.5346,-2500.66,0.24
854,9.32,0.2162,-2002.2,0.29
855,9.64,360167.7153,-3754.16,0.25
856,7.48,1.0389,-2026.5,0.42
857,10.52,9532.8133,-3000.53,0.41
858,8.36,0.1899,-2254.48,0.28
859,7.8,0.0822,-3250.28,0.31
860,10.08,12.038,-2751.19,0.24
861,9.28,362480.5599,-3369.09,1.24
862,9.04,3.9212,-3052.72,0.21
863,10.6,21.5694,-3307.69,0.26
864,9.0,122.7577,-3052.35,0.25
865,9.28,359876.39,-2292.61,0.25
866,9.12,43511.7896,-3000.24,1.54
867,10.64,120233.0782,-2658.97,0.3
868,10.4,0.0264,-2251.45,0.37
869,8.8,0.0306,-3000.71,0.53
870,8.48,671473.171,-2760.22,0.25
871,12.84,2.8828,-3564.69,1.61
872,8.68,281140.8516,-3500.12,0.3
873,6.12,0.1959,-3002.77,0.32
874,7.96,175086.4656,-4001.64,0.42
875,11.32,119177.5755,-3000.33,0.4
876,8.0,19.2737,-3000.28,1.71
877,10.68,0.0036,-3252.04,0.26
878,9.8,15285.0888,-3090.43,0.24
879,4.56,112931.7667,-2504.38,0.26
880,7.72,1.3628,-3250.36,0.21
881,6.92,1.5388,-3516.07,1.47
882,10.08,359696.6735,-3000.62,0.28
883,8.32,8308.8485,-2754.91,0.49
884,8.92,3106.591,-3295.54,0.97
885,8.72,112949.9882,-3252.96,0.31
886,8.8,458954.9663,-2427.73,1.49
887,6.04,8.8947,-3001.14,0.26
888,7.76,110742.1174,-2608.77,0.3
889,6.76,143689.712,-4000.2,0.36
890,9.08,2718.9677,-2500.3,0.36
891,10.64,118947.5257,-2699.35,1.58
892,10.2,120022.8422,-3407.59,0.4
893,5.72,119903.7992,-3500.13,0.41
894,7.76,336573.0717,-3081.74,0.39
895,9.68,720692.7061,-3258.28,0.32
896,6.04,3.3828,-2833.67,0.35
897,8.96,6139.8083,-4250.31,0.3
898,6.72,97.7401,-3002.94,0.49
899,10.84,1057686.5146,-3770.59,0.46
900,8.48,121139.7774,-4014.99,0.69
901,9.08,409910.6627,-3507.39,0.31
902,9.4,359996.8037,-2759.18,3.55
903,7.4,30.0289,-2001.74,0.35
904,10.48,0.2919,-4001.07,0.31
905,7.32,72.1954,-3337.54,0.34
906,7.4,33889.4794,-3237.73,0.36
907,8.0,34028.0938,-3581.38,1.69
908,8.0,7.6334,-2690.61,0.29
909,8.2,425837.7535,-3759.6,0.39
910,9.52,39716.7508,-2777.34,0.39
911,7.92,295303.2298,-3500.87,0.33
912,10.64,6.0268,-2291.47,1.92
913,9.2,119570.1715,-2827.56,0.4
914,8.16,713642.4388,-3282.94,0.59
915,8.0,1.2819,-2030.63,0.68
916,10.28,779891.6535,-3008.67,0.38
917,10.6,1.2539,-3030.01,1.51
918,8.68,64475.9131,-3041.61,0.24
919,8.8,365113.889,-2500.87,0.3
920,8.16,113735.1246,-3301.97,0.37
921,6.92,11.3726,-2944.33,0.35
922,8.52,120014.2426,-2514.31,1.53
923,6.68,54.8521,-2763.79,0.29
924,7.04,36.3,-4510.66,0.3
925,11.24,237880.2888,-3528.48,0.27
926,7.16,32237.0648,-3007.01,0.36
927,7.84,1389836.705,-4688.61,1.47
928,6.64,472155.0188,-3000.75,0.31
929,9.88,1291.7567,-4326.76,0.23
930,7.44,0.0279,-3250.25,0.28
931,9.88,119035.2003,-2754.22,0.23
932,9.92,523686.6871,-4190.89,1.72
933,8.32,86.7516,-2311.27,0.19
934,6.48,3.2038,-3079.66,0.19
935,11.28,337232.3914,-3278.75,0.27
936,9.56,1096.5569,-3356.71,0.22
937,8.84,607.817,-3253.07,1.16
938,7.96,1502.2139,-3500.62,0.2
939,6.28,74349.4752,-3347.86,0.22
940,8.08,17.9317,-3371.23,0.2
941,10.72,360643.7737,-2500.5,0.19
942,9.32,4855.1414,-3761.32,0.22
943,8.12,698941.2145,-2765.7,1.13
944,9.64,12.439,-3011.35,0.22
945,8.84,19.8004,-3002.3,0.24
946,10.2,360168.5428,-2798.2,0.2
947,8.36,119940.3747,-3751.12,0.27
948,9.76,1913217.5352,-3758.62,1.45
949,10.44,51.0798,-3569.73,0.19
950,10.0,357239.7679,-3254.1,0.19
951,11.76,335726.6521,-4002.66,0.21
952,9.88,2566.4599,-3261.02,0.21
953,12.88,354334.8175,-4750.38,1.3
954,9.4,118950.3257,-2021.66,0.3
955,8.76,282326.4426,-3750.2,0.31
956,9.44,0.6378,-3001.23,0.21
957,9.48,5131.9679,-2000.38,0.23
958,11.32,282999.0286,-4006.72,1.14
959,9.88,458233.9686,-3296.89,0.41
960,8.64,359701.313,-2525.04,0.33
961,7.44,1079583.1587,-3751.39,0.28
962,11.4,1436.1463,-3254.08,0.22
963,9.24,0.755,-3019.48,1.19
964,10.72,2799.3208,-3500.43,0.27
965,8.68,339313.7284,-2254.32,0.25
966,10.52,359876.1367,-2536.89,0.2
967,10.12,360670.8046,-3091.04,0.38
968,8.88,239276.4466,-4750.49,1.06
969,9.64,6.4174,-2833.46,0.21
970,8.56,23796.2386,-2825.47,0.18
971,10.32,359848.2905,-3524.24,0.2
972,4.44,438.7964,-4565.05,0.23
973,7.84,1.6866,-2292.97,1.01
974,7.84,12.3922,-4487.45,0.34
975,8.56,0.0213,-3250.23,0.28
976,7.0,0.0353,-2750.8,0.39
977,11.0,750.7275,-3261.87,0.37
978,8.8,127.779,-2503.48,1.45
979,8.12,0.1782,-3751.79,0.28
980,10.24,0.0258,-3500.39,0.21
981,8.04,0.062,-3251.41,0.23
982,9.32,0.4329,-2010.1,0.23
983,10.32,234437.8029,-2501.49,0.28
984,9.68,112425.7562,-2751.78,0.23
985,7.16,0.2372,-2005.74,0.25
986,9.24,354295.7766,-3063.41,0.24
987,10.6,1282.3035,-3283.31,0.21
988,7.92,202694.8689,-3002.27,0.23
989,10.56,1083946.0494,-2035.17,1.21
990,6.96,11.7845,-4251.18,0.33
991,6.12,71368.1906,-2849.51,0.24
992,10.92,2692.7415,-4000.26,0.2
993,7.8,1193080.469,-4151.98,0.27
994,10.0,575754.3916,-2763.67,1.03
995,9.72,680135.3414,-3526.66,0.23
996,12.68,1408826.018,-3814.74,0.19
997,9.4,1.1977,-3521.61,0.22
998,10.56,33879.3959,-3006.52,0.37
999,8.92,3211.2674,-4032.75,1.41
1000,9.4,504810.4576,-2750.22,0.3
1001,7.64,145.4074,-2751.27,0.2
1002,8.96,854071.7357,-3188.77,0.22
1003,9.64,0.216,-2755.81,0.24
1004,8.68,359748.7935,-3000.85,1.82
1005,9.92,391.5898,-3422.02,0.22
1006,8.36,2.5705,-1564.19,0.25
1007,10.24,355283.5929,-2798.56,0.22
1008,7.08,359696.7148,-3751.33,0.22
1009,8.24,421.0177,-2501.23,1.14
1010,9.16,2.0171,-3006.17,0.21
1011,9.76,1.5531,-2788.57,0.18
1012,11.64,335730.9148,-3294.31,0.19
1013,10.2,597859.1904,-3000.14,0.22
1014,7.6,4861.4288,-3601.56,0.97
1015,6.48,2.2099,-3005.24,0.19
1016,9.44,229460.7252,-4504.58,0.22
1017,7.4,903.6192,-2484.95,0.22
1018,6.44,33879.7485,-3251.86,0.27
1019,7.16,710559.6482,-3751.88,1.05
1020,10.4,0.5984,-2261.74,0.19
1021,9.0,26492.2839,-3011.77,0.21
1022,7.84,1452232.5169,-3760.23,0.18
1023,9.2,14.9343,-4494.41,0.18
1024,8.12,0.012,-3500.16,0.18
1025,9.28,119101.1722,-4750.13,0.24
1026,9.48,392332.0499,-3001.04,0.18
1027,9.92,1546.7952,-2978.8,0.19
1028,10.36,120014.1442,-2512.13,0.25
1029,6.0,2857447.1545,-5043.97,0.24
1030,9.12,1502.7484,-3519.34,0.97
1031,7.92,1.9888,-3250.49,0.19
1032,10.72,39.4906,-3506.89,0.19
1033,7.48,1112587.3116,-3502.8,0.2
1034,8.76,65950.9721,-3773.97,0.22
1035,10.92,340076.8071,-2998.32,0.91
1036,10.44,2567.185,-2760.16,0.19
1037,6.32,359703.2404,-2508.97,0.19
1038,9.72,354296.0536,-3001.26,0.17
1039,8.2,1557307.6446,-4505.14,0.19
1040,8.68,309243.2949,-3251.96,1.06
1041,7.56,560014.2278,-3267.61,0.18
1042,7.44,8.383,-2426.88,0.19
1043,10.6,85.9836,-2223.75,0.21
1044,8.32,0.9371,-1261.76,0.19
1045,8.12,719759.6816,-4008.45,1.11
1046,9.68,65946.7682,-4751.26,0.25
1047,6.08,52.2843,-3754.24,0.19
1048,11.64,1156.664,-2003.44,0.18
1049,7.56,472775.2302,-2251.87,0.19
1050,8.8,119903.7389,-3035.81,0.9
1051,8.04,356829.0126,-2726.96,0.22
1052,9.88,462064.4214,-2533.89,0.19
1053,7.64,0.038,-3250.51,0.2
1054,8.36,354549.1419,-3255.05,0.26
1055,7.2,22.4918,-2285.31,0.91
1056,9.6,255.3142,-3565.23,0.21
1057,10.4,0.4222,-3255.86,0.27
1058,11.36,20.016,-3473.41,0.24
1059,7.64,147185.0532,-3500.11,0.23
1060,7.64,1.5148,-3016.67,1.01
1061,8.36,1273.1731,-4006.67,0.2
1062,7.8,2.422,-2559.5,0.23
1063,10.48,39692.3061,-3542.54,0.25
1064,7.4,761.3426,-3751.77,0.22
1065,7.6,65947.0935,-4007.45,1.22
1066,8.56,3.9361,-3283.05,0.23
1067,6.48,67853.7432,-3592.54,0.24
1068,9.04,0.4406,-1756.65,0.21
1069,9.88,0.129,-2751.77,0.22
1070,10.2,67269.6105,-3513.25,0.2
1071,9.48,26849.3592,-2750.5,0.94
1072,9.68,33899.4284,-3813.68,0.21
1073,10.88,2567.653,-3251.18,0.21
1074,8.12,11.1656,-2711.0,0.25
1075,8.12,391.131,-3774.91,0.28
1076,11.68,0.0404,-3500.39,1.08
1077,11.64,0.1444,-2753.53,0.31
1078,7.48,298371.9062,-3028.68,0.25
1079,10.76,240588.6488,-2270.17,0.2
1080,8.36,10.0377,-3001.68,0.2
1081,10.68,112411.285,-3521.65,0.89
1082,8.24,19.9469,-4500.31,0.21
1083,7.12,349379.8128,-3306.03,0.2
1084,8.36,127.7469,-2782.1,0.23
1085,8.44,0.0814,-3750.53,0.2
1086,8.6,422.0847,-3778.33,1.0
1087,10.84,1.3308,-3021.56,0.17
1088,8.16,1078939.5688,-3000.57,0.8
1089,10.52,2.2278,-2259.71,0.18
1090,9.44,2684.602,-2264.66,0.26
1091,8.68,2709.0504,-2889.26,0.94
1092,9.04,0.129,-3251.42,0.25
1093,11.68,361956.0629,-3500.8,0.19
1094,9.24,660.998,-2752.22,0.21
1095,11.56,145828.0604,-4002.01,0.21
1096,7.64,244.0782,-2059.64,1.02
1097,8.68,356851.2152,-3816.31,0.23
1098,6.0,407943.363,-3779.21,0.2
1099,6.28,3.8676,-2791.33,0.18
1100,8.16,359844.405,-2501.26,0.2
1101,8.96,25.1492,-4408.48,0.94
1102,9.56,750.2325,-2750.18,0.2
1103,7.72,341952.4644,-3751.19,0.19
1104,8.16,146.8779,-2533.07,0.3
1105,6.84,67849.2341,-2750.55,0.2
1106,11.24,1868.1468,-3250.24,1.06
1107,10.36,11982.6453,-3500.26,0.2
1108,8.76,91.2947,-3750.7,0.18
1109,12.4,360085.645,-3046.54,0.18
1110,7.44,316884.0768,-3088.76,0.2
1111,9.88,2566.3289,-3500.24,0.19
1112,9.76,8072.8991,-3794.18,0.18
1113,10.76,120.6176,-3003.69,0.21
1114,8.56,1079533.0342,-2752.27,0.19
1115,6.4,163.6778,-3793.18,0.19
1116,9.6,140.1489,-4154.89,0.22
1117,8.88,2.5881,-2013.89,1.1
1118,9.16,487.4329,-4139.15,0.18
1119,8.88,0.2112,-3002.85,0.22
1120,10.36,1009.124,-3786.27,0.21
1121,8.84,123157.3871,-3888.15,0.22
1122,8.16,70713.115,-2502.16,1.23
1123,9.28,0.0794,-2251.84,0.32
1124,7.8,787690.7527,-3252.56,0.21
1125,3.6,1.9575,-3783.6,0.21
1126,10.6,118951.3054,-3087.95,0.2
1127,8.84,693362.2072,-3529.32,1.19
1128,7.52,248332.8068,-4039.77,0.22
1129,9.6,19.7848,-3510.32,0.19
1130,11.08,843124.466,-3750.21,0.21
1131,9.2,119460.2057,-3500.23,0.28
1132,7.36,1.7565,-3025.56,1.16
1133,7.8,2836.6279,-2795.75,0.22
1134,8.68,2.2202,-3300.08,0.21
1135,6.84,335729.7292,-4326.64,0.22
1136,11.52,2.2276,-2778.39,0.21
1137,11.2,2.81,-2570.1,1.01
1138,9.0,83.5374,-3500.16,0.19
1139,6.4,165.2224,-2751.67,0.18
1140,8.4,587400.0711,-3027.52,0.19
1141,7.2,196.9063,-3750.17,0.21
1142,10.72,0.0265,-2000.31,0.92
1143,10.48,123171.8624,-4055.73,0.2
1144,9.48,355280.643,-2250.95,0.18
1145,9.32,696416.1191,-3021.56,0.19
1146,9.76,755030.1141,-2533.19,0.21
1147,8.6,1082.2849,-3754.42,0.94
1148,9.6,2.4534,-2796.89,0.19
1149,10.56,1.9616,-2785.59,0.23
1150,8.24,0.2438,-3256.34,0.2
1151,9.36,1185203.1078,-4506.75,0.18
1152,7.76,333075.8685,-2766.66,0.24
1153,10.32,67848.885,-3253.0,0.17
1154,9.28,6003.8564,-2602.98,0.18
1155,11.72,2950.2551,-2756.88,0.21
1156,9.8,710559.6312,-3250.16,0.22
1157,8.6,14.8959,-2190.97,0.19
1158,8.88,0.4109,-2504.82,0.95
1159,7.96,128947.6952,-4510.11,0.19
1160,12.76,17990.8905,-5000.06,0.21
1161,8.2,352336.669,-2512.07,0.21
1162,9.52,118947.8262,-3205.43,0.29
1163,8.16,239836.8578,-3750.93,1.06
1164,7.28,359868.1275,-3103.09,0.2
1165,8.52,185964.737,-2838.97,0.19
1166,7.48,160.1695,-3759.85,0.21
1167,7.92,130649.3021,-3328.11,0.22
1168,9.88,32236.8121,-3252.11,0.95
1169,9.76,0.4304,-2505.42,0.2
1170,8.12,44.2381,-3227.26,0.21
1171,8.12,168.4278,-4500.65,0.2
1172,5.12,35.1937,-2500.42,0.24
1173,10.64,66699.1712,-3500.36,1.61
1174,5.52,8309.0089,-2758.86,0.2
1175,6.84,359702.5533,-3251.24,0.21
1176,7.92,340213.5168,-3000.45,0.21
1177,8.52,1.0783,-2269.63,0.27
1178,8.12,42.2587,-2003.83,1.14
1179,8.88,357847.694,-4333.76,0.21
1180,8.4,160.9239,-3289.9,0.2
1181,8.24,0.5476,-2510.93,0.18
1182,10.84,24538.171,-3250.84,0.22
1183,8.04,65947.8625,-3020.4,1.1
1184,10.16,0.1795,-3001.97,0.24
1185,9.32,354258.143,-3250.73,0.2
1186,8.0,64618.947,-2501.38,0.22
1187,10.4,238992.2684,-2751.18,0.28
1188,8.0,1070576.0265,-3970.19,1.06
1189,9.12,263336.6783,-3001.25,0.22
1190,9.8,303826.2631,-3759.53,0.21
1191,8.68,242743.4372,-2991.41,0.2
1192,8.96,37730.9521,-4250.13,0.17
1193,9.12,1414739.8978,-3500.16,0.9
1194,8.68,85781.2618,-2826.83,0.22
1195,8.08,727814.1113,-3439.84,0.2
1196,9.64,0.3948,-2758.76,0.2
1197,10.16,2.2876,-3806.56,0.2
1198,7.84,120041.2195,-3255.37,0.23
1199,9.24,20.1186,-3033.48,1.15
1200,8.6,521695.6991,-2502.23,0.22
1201,7.68,456140.7556,-3281.65,0.23
1202,7.68,14.1443,-2599.04,0.28
1203,11.08,180681.2691,-2890.82,0.3
1204,10.4,0.6249,-3255.54,1.29
1205,7.84,433902.6659,-5004.45,0.31
1206,7.96,4.27,-3315.48,0.25
1207,8.12,255609.817,-3182.72,0.27
1208,7.08,65948.6398,-2796.07,0.29
1209,8.4,114729.0589,-2757.21,1.59
1210,8.84,308547.9949,-4500.14,0.29
1211,11.24,120609.4225,-3754.09,0.24
1212,8.36,915808.7933,-3259.93,0.2
1213,9.88,23796.9564,-3325.5,0.22
1214,8.0,1288.0883,-3324.91,0.94
1215,10.88,0.5189,-2014.78,0.2
1216,8.84,64722.8167,-4257.2,0.21
1217,9.64,901.5441,-3000.74,0.19
1218,11.68,1245.4513,-3750.56,0.23
1219,8.88,1246.3654,-3514.84,0.95
1220,10.36,478636.2203,-3000.31,0.18
1221,8.48,356953.6665,-4103.73,0.2
1222,6.44,380.2115,-3755.53,0.19
1223,9.88,11.7665,-2511.29,0.18
1224,11.0,708554.7498,-2218.45,1.21
1225,6.52,271394.6394,-4500.19,0.21
1226,7.68,1008.5706,-3059.56,0.19
1227,9.52,119090.581,-3840.94,0.21
1228,7.24,0.9411,-3021.43,0.23
1229,6.24,622.7408,-2750.56,1.2
1230,10.24,119088.0565,-2500.17,0.31
1231,8.52,399400.7052,-4046.22,0.27
1232,7.0,337233.6399,-2281.62,0.24
1233,8.36,1706509.6675,-3830.9,0.19
1234,6.84,120159.8745,-4019.39,1.17
1235,5.48,150.521,-4123.7,0.28
1236,9.88,0.0415,-2500.93,0.26
1237,7.84,181.242,-2759.17,0.19
1238,9.04,121623.9364,-3013.81,0.25
1239,9.92,894.7042,-2760.05,0.2
1240,10.8,22.4707,-3852.61,0.21
1241,9.08,796.3528,-3371.5,0.21
1242,10.32,118949.127,-3239.01,0.19
1243,7.44,924678.322,-4503.44,0.21
1244,8.36,67761.0672,-3294.14,0.22
1245,10.8,17.428,-3259.71,0.93
1246,8.6,0.5654,-2762.82,0.19
1247,10.4,3093.3981,-3083.76,0.18
1248,6.24,203157.0842,-3294.9,0.31
1249,11.16,82.2772,-1945.51,0.32
1250,10.8,360084.0678,-2507.17,1.75
1251,10.56,355279.7574,-3250.26,0.2
1252,6.6,0.0402,-3500.32,0.25
1253,9.64,3.8558,-3313.34,0.19
1254,9.64,401673.6536,-2010.56,0.23
1255,8.04,131926.6534,-3750.29,0.98
1256,8.8,3.26,-3526.27,0.22
1257,9.72,719573.4142,-3001.65,0.26
1258,12.28,2586.7304,-4138.8,0.24
1259,9.2,521575.5501,-1786.31,0.3
1260,5.4,120046.5102,-2825.79,1.1
1261,7.84,1079564.3233,-3003.12,0.21
1262,7.52,0.0081,-3000.12,0.24
1263,9.4,2684.4338,-3005.31,0.45
1264,7.04,408065.0559,-4251.28,0.28
1265,10.8,289.8309,-3273.52,1.4
1266,6.84,342790.1503,-3251.98,0.21
1267,8.24,359875.1948,-1762.98,0.28
1268,6.44,71364.2166,-3500.67,0.29
1269,9.2,71365.313,-3001.52,0.33
1270,7.76,2565.9914,-3500.2,1.02
1271,10.0,120775.7998,-3807.58,0.18
1272,8.72,356826.0761,-2871.46,0.22
1273,5.2,635979.4274,-3750.49,0.2
1274,9.52,1.0702,-2517.22,0.21
1275,7.56,0.0544,-3000.81,0.9
1276,8.96,356820.0342,-3502.57,0.21
1277,10.0,67159.5667,-2772.33,0.22
1278,9.84,2683.855,-3000.87,0.18
1279,9.0,4.9286,-2577.55,0.19
1280,6.36,19.3128,-2751.23,0.22
1281,7.08,355279.9627,-2255.35,0.18
1282,9.28,71383.0492,-3750.75,0.21
1283,9.4,185997.4459,-4259.69,0.2
1284,8.12,2722.9117,-4005.15,0.22
1285,9.44,426.9403,-3311.1,0.26
1286,9.2,391861.4577,-2761.25,1.05
1287,8.88,67761.445,-3576.22,0.2
1288,7.76,350296.638,-3559.45,0.22
1289,7.6,1199186.5899,-2260.73,0.2
1290,7.52,22.3434,-3314.7,0.21
1291,8.92,35951.9872,-3326.03,0.99
1292,9.36,444464.9884,-3006.5,0.18
1293,7.72,422.5828,-2521.48,0.25
1294,7.12,0.0526,-2250.9,0.21
1295,10.72,6.9434,-3260.11,0.21
1296,6.4,10.7217,-2012.91,1.1
1297,10.92,27.2922,-2578.21,0.18
1298,8.12,23930.5446,-3165.11,0.2
1299,7.48,359702.5963,-3251.42,0.19
1300,10.44,32236.7483,-3251.43,0.24
1301,8.88,704672.063,-3750.23,0.89
1302,8.64,0.036,-3000.68,0.2
1303,8.92,0.1451,-3503.11,0.23
1304,6.4,3.1391,-2004.93,0.21
1305,11.0,3.5996,-2557.11,0.23
1306,12.0,7.7186,-3691.28,0.99
1307,8.32,1.5498,-1528.63,0.37
1308,10.44,475775.9292,-3011.3,0.29
1309,9.92,1.9953,-3278.32,0.3
1310,9.2,65950.397,-3810.75,0.29
1311,9.12,161184.4537,-2767.33,1.18
1312,9.32,137.3922,-2571.95,0.22
1313,8.64,338792.0026,-2503.54,0.25
1314,10.8,38.56,-3633.26,0.24
1315,10.36,1.0546,-3018.32,0.24
1316,8.8,359847.9007,-2061.88,1.03
1317,8.28,881654.3683,-3750.12,0.27
1318,9.36,2819.0375,-2750.86,0.27
1319,10.32,153896.9403,-3593.78,0.26
1320,10.8,594285.6029,-3500.24,0.24
1321,10.76,116744.8786,-3001.37,0.98
1322,10.12,3.3221,-3793.32,0.35
1323,9.28,157945.6139,-2783.21,0.24
1324,8.48,0.1316,-3502.02,0.27
1325,10.92,9.1965,-3707.85,0.28
1326,9.16,39701.4161,-2771.65,0.28
1327,8.04,0.175,-4250.41,1.1
1328,7.08,120022.4887,-2001.23,0.22
1329,6.36,851644.0472,-4027.93,0.77
1330,8.4,5.645,-3107.76,0.22
1331,9.84,499036.6496,-3335.54,0.21
1332,9.16,2.4396,-2010.35,1.24
1333,5.84,3.0456,-3071.94,0.24
1334,7.68,938857.3903,-3500.12,0.24
1335,6.96,168348.26,-2982.62,0.44
1336,10.72,598317.3454,-2199.62,0.25
1337,9.04,945141.7987,-4250.6,1.23
1338,10.36,569664.3356,-3505.38,0.3
1339,6.68,120083.9716,-3752.08,0.39
1340,8.56,191255.052,-3763.79,0.39
1341,5.64,2.0657,-3529.71,0.32
1342,7.6,0.8656,-2521.57,1.19
1343,6.92,3021.5152,-3827.83,0.25
1344,7.8,356819.9686,-3750.85,0.25
1345,7.88,24178.2573,-3002.62,0.24
1346,10.12,356821.724,-2751.97,0.18
1347,6.28,819.0504,-3521.64,1.0
1348,8.08,365184.4274,-3296.22,0.2
1349,7.96,1251761.8036,-4250.25,0.18
1350,10.8,3311.4151,-4000.29,0.18
1351,8.2,24.509,-2623.91,0.21
1352,6.12,239807.5119,-2842.6,1.51
1353,8.24,172118.604,-3501.32,0.2
1354,7.56,120021.1677,-4069.62,0.23
1355,8.84,117766.2447,-3254.53,0.19
1356,10.6,5.9597,-2814.91,0.2
1357,8.36,335881.3255,-3893.27,1.21
1358,8.28,702069.7872,-3998.04,0.23
1359,10.04,423.366,-3512.51,0.22
1360,9.72,994930.9859,-3007.32,0.21
1361,9.04,42.2754,-3000.35,0.28
1362,9.56,87783.8421,-3508.84,1.04
1363,10.0,2747.8246,-2774.21,0.21
1364,8.12,2704.216,-3504.57,0.23
1365,9.28,124.4609,-3348.19,0.23
1366,9.92,0.5499,-3262.82,0.26
1367,9.72,375419.0572,-3542.5,0.22
1368,6.2,76.2545,-3255.53,0.2
1369,12.2,360091.4261,-3191.03,0.19
1370,9.32,122700.2711,-2753.05,0.19
1371,9.12,362501.8127,-2751.01,0.19
1372,7.36,75585.2837,-3595.77,0.22
1373,8.92,335729.6687,-3327.33,0.93
1374,5.08,20.8208,-2773.33,0.18
1375,8.92,65957.8316,-3733.65,0.27
1376,10.32,689468.1428,-4000.17,0.2
1377,6.32,16618.7666,-3544.17,0.22
1378,7.48,145.5582,-2752.16,1.06
1379,9.8,71375.1387,-3028.18,0.2
1380,7.8,719405.2192,-4252.83,0.21
1381,9.0,329734.459,-1771.13,0.21
1382,8.36,297.7184,-4500.4,0.22
1383,10.72,0.0699,-2500.5,1.02
1384,6.8,3.2048,-3579.71,0.29
1385,9.4,4766.4562,-3751.05,0.49
1386,9.12,22.3823,-2502.46,0.27
1387,7.92,832452.7012,-4057.7,0.26
1388,8.32,0.0386,-3000.17,1.01
1389,6.72,0.0124,-4000.14,0.3
1390,8.6,39.8652,-2540.98,0.21
1391,8.36,423.6007,-3000.26,0.2
1392,8.92,0.3533,-3258.56,0.25
1393,10.72,1154.8458,-2014.22,0.98
1394,8.48,0.31,-2001.34,0.19
1395,8.44,397424.822,-3531.41,0.21
1396,7.0,71364.3632,-2259.24,0.2
1397,7.6,2763.1786,-2508.76,0.21
1398,9.28,0.3924,-3759.56,1.11
1399,10.64,386215.337,-3503.15,0.2
1400,8.16,114730.4386,-2521.64,0.19
1401,9.08,0.0672,-3501.07,0.22
1402,8.96,25.453,-2835.26,0.26
1403,8.72,368101.122,-3525.05,1.17
1404,7.6,0.8532,-3757.27,0.2
1405,9.96,26492.8228,-2780.51,0.81
1406,9.48,5861.4436,-3763.52,0.23
1407,11.16,360088.2689,-4092.59,0.22
1408,8.4,0.1081,-2252.05,0.22
1409,10.64,695897.9059,-2850.69,0.27
1410,10.48,838301.9424,-3007.1,0.28
1411,8.76,658276.2186,-3834.57,0.28
1412,9.36,504809.9656,-3251.2,0.27
1413,6.56,2713.0641,-3144.12,0.2
1414,8.08,0.5818,-2263.09,0.99
1415,10.84,2569.0977,-3524.17,0.23
1416,8.76,359988.8896,-3500.17,0.29
1417,9.44,337231.5736,-4005.64,0.2
1418,9.0,359913.2455,-3001.95,0.23
1419,8.4,0.2555,-3751.93,0.93
1420,10.32,204716.1044,-3502.72,0.23
1421,10.2,12.9443,-3012.14,0.29
1422,8.24,228.0629,-3500.3,0.17
1423,8.84,359697.5312,-3755.09,0.18
1424,9.56,23790.789,-2750.56,1.25
1425,9.32,747519.0069,-4500.08,0.27
1426,8.88,2703.5608,-3751.06,0.23
1427,8.32,0.3078,-3250.37,0.24
1428,10.48,354926.3433,-3755.24,0.34
1429,10.04,0.0692,-3001.4,1.11
1430,11.76,1289.6682,-3058.53,0.25
1431,6.56,719546.8916,-5000.19,0.28
1432,9.88,495397.7089,-3343.97,0.24
1433,8.76,11.9987,-2005.55,0.23
1434,6.52,1.2696,-4006.13,1.18
1435,9.12,311.2613,-3750.66,0.24
1436,7.12,4856.1403,-3268.76,0.3
1437,11.4,118940.0148,-3250.98,0.3
1438,6.76,1427307.1187,-3505.47,0.29
1439,6.68,119901.4903,-3257.15,1.09
1440,9.32,15.8728,-2811.48,0.27
1441,6.36,359716.2489,-3335.11,0.22
1442,10.16,240028.8636,-4267.18,0.33
1443,8.48,32278.8519,-3250.25,0.22
1444,6.8,97.9014,-4514.09,1.24
1445,9.08,6.3413,-2770.15,0.31
1446,9.2,42.7283,-3260.7,0.3
1447,7.56,492584.5052,-3328.44,0.27
1448,6.0,356842.5947,-3565.44,0.28
1449,9.28,24310.1416,-3114.99,1.14
1450,9.56,343977.6742,-2013.07,0.26
1451,8.28,1177894.4913,-3538.08,0.26
1452,10.12,120.8949,-2760.43,0.28
1453,7.64,336555.1425,-3029.93,0.29
1454,10.08,0.0624,-2501.26,0.28
1455,9.0,20.0244,-3250.82,1.23
1456,6.12,693421.2744,-3752.28,0.26
1457,8.8,359850.9023,-3513.4,0.26
1458,9.2,0.7308,-3268.07,0.28
1459,9.6,1.1964,-2751.65,0.24
1460,6.68,0.1159,-3001.12,1.14
1461,9.16,23.4804,-4183.73,0.21
1462,8.4,22.1676,-3061.58,0.23
1463,5.64,5.4802,-2879.32,0.44
1464,9.0,298375.7238,-2811.52,0.33
1465,9.84,1185717.4856,-3073.27,1.14
1466,9.36,359852.1557,-2794.94,0.26
1467,12.92,719415.8479,-3893.3,0.23
1468,8.04,16.3469,-3219.75,0.25
1469,11.04,125421.7388,-3500.14,0.26
1470,10.04,56466.1621,-2011.7,1.31
1471,7.4,681382.9394,-3056.84,0.52
1472,8.48,362387.1235,-3257.48,0.42
1473,9.04,32237.1035,-4504.22,0.22
1474,10.48,425.1814,-3749.97,0.24
1475,11.08,359664.3517,-2750.36,2.16
1476,8.0,39690.4517,-2750.16,0.23
1477,9.84,359696.9972,-3257.58,0.25
1478,8.08,1417918.0948,-3342.18,0.29
1479,9.44,360597.9818,-3502.91,0.27
1480,8.52,1178.0718,-3111.26,1.39
1481,8.24,2.6118,-2563.39,0.29
1482,6.48,0.0275,-4250.32,0.34
1483,9.6,1288.3854,-3251.49,0.35
1484,6.68,340087.8251,-2516.23,0.3
1485,8.88,604.9932,-3311.96,1.42
1486,9.2,65954.1842,-5051.38,0.26
1487,8.68,387.0797,-3559.52,0.24
1488,6.52,8311.8411,-1583.69,0.24
1489,10.28,0.7616,-2762.64,0.28
1490,11.28,0.0173,-2000.28,1.24
1491,8.92,550052.7009,-4036.84,0.25
1492,12.4,5.746,-3393.47,0.29
1493,7.68,434202.5064,-4500.28,0.3
1494,7.2,431067.7707,-2752.7,0.28
1495,7.88,410450.9455,-2085.23,0.32
1496,8.2,0.9798,-2252.94,0.33
1497,8.72,118947.3303,-3367.18,0.26
1498,8.68,65033.9868,-3258.64,0.29
1499,10.92,217653.6394,-3501.11,0.26
1500,6.32,0.1279,-2751.39,0.33
1501,8.92,33903.6088,-3505.64,1.18
1502,9.6,1045.8051,-3807.26,0.25
1503,9.16,368056.972,-3750.32,0.27
1504,5.0,35.2962,-3750.42,0.27
1505,8.8,1.313,-2269.02,0.24
1506,9.48,359697.2225,-3501.91,1.25
1507,9.56,11437.1528,-3250.58,0.27
1508,9.76,120245.575,-3753.39,0.22
1509,10.4,73009.496,-3033.24,0.25
1510,11.0,2.8306,-2070.72,0.28
1511,9.76,120581.8667,-4033.28,1.34
1512,12.0,2702.1026,-3721.38,0.26
1513,9.76,8820.6035,-2794.52,0.28
1514,6.12,119900.8604,-2750.62,0.27
1515,9.76,279524.5888,-3751.73,0.26
1516,7.92,78.1918,-3633.19,1.26
1517,9.92,1018.3158,-3010.53,0.26
1518,9.0,120013.7177,-3250.97,0.32
1519,11.08,382.6762,-2566.55,0.45
1520,8.88,119965.225,-2500.5,0.53
1521,8.48,0.0619,-2001.31,1.99
1522,8.0,419436.983,-3250.22,0.29
1523,7.6,359703.8718,-3507.73,0.33
1524,10.68,103.4797,-3180.46,0.28
1525,8.76,239950.4322,-4505.03,0.33
1526,9.56,626.0534,-2783.32,1.49
1527,7.96,204721.2441,-4000.14,0.34
1528,9.0,2920.3345,-2500.72,0.35
1529,7.8,45422.1104,-4282.89,0.27
1530,6.12,433.7831,-3220.73,0.25
1531,10.92,5.5346,-4000.12,1.51
1532,9.72,239810.6817,-3221.4,0.2
1533,8.4,32256.5408,-3006.03,0.32
1534,6.92,34812.5938,-1640.99,0.31
1535,7.92,500.5052,-3005.76,0.42
1536,10.2,2258.1004,-3326.64,0.28
1537,9.64,2.6633,-3303.07,0.22
1538,8.12,118939.6127,-3001.43,0.22
1539,10.56,29.9675,-2814.58,0.27
1540,8.04,355311.0536,-2793.3,0.23
1541,9.28,1285.0911,-3500.39,0.29
1542,9.88,338894.4775,-2865.31,1.4
1543,11.0,65104.7623,-3356.71,0.21
1544,6.96,0.0969,-2501.23,0.27
1545,6.4,121.5839,-3514.41,0.31
1546,8.48,1082098.8909,-3500.33,0.45
1547,9.04,8.0375,-2754.98,1.4
1548,8.52,240860.347,-3003.47,0.26
1549,7.88,38.8244,-3001.22,0.28
1550,9.8,1079560.662,-4009.59,0.3
1551,9.12,33254.2707,-4517.53,0.39
1552,7.12,6.227,-3637.5,1.25
1553,6.88,35.5808,-3125.35,0.43
1554,7.88,1455912.9587,-3884.19,0.28
1555,8.44,42.9337,-4263.45,0.31
1556,8.72,8.8157,-3250.39,0.34
1557,9.32,8.6319,-3453.08,1.42
1558,7.84,170509.8213,-4500.16,0.31
1559,9.0,187803.8759,-4250.08,0.24
1560,9.32,359675.6439,-2750.67,0.23
1561,7.2,478784.694,-3052.78,0.32
1562,9.84,18566.5285,-4257.38,1.33
1563,9.56,74879.6023,-3002.05,0.31
1564,10.36,7.5943,-4000.14,0.31
1565,9.76,359878.3886,-2504.25,0.24
1566,9.92,34.0865,-3576.57,0.33
1567,7.28,290888.0034,-3750.3,1.46
1568,8.8,23807.9115,-3000.55,0.29
1569,7.76,413446.2989,-3789.19,0.38
1570,8.36,2.4387,-1804.94,0.31
1571,9.52,24283.4452,-3488.2,0.29
1572,9.52,1.7338,-3792.62,1.51
1573,6.84,239802.1577,-3007.17,0.25
1574,9.56,118941.569,-3049.95,0.2
1575,9.8,359940.6729,-3002.0,0.23
1576,10.32,65946.7558,-2002.22,0.27
1577,8.52,43690.8596,-3251.17,1.26
1578,9.2,1418813.6521,-4282.37,0.28
1579,9.04,23821.857,-2812.73,0.21
1580,5.68,2.8868,-3071.43,0.33
1581,11.08,0.0499,-2751.01,0.4
1582,9.08,5747.2165,-2826.83,0.26
1583,7.64,380.1465,-3504.29,1.13
1584,8.08,480192.2773,-3756.74,0.29
1585,8.36,8.552,-2107.88,0.23
1586,9.76,2723.1239,-2826.81,0.28
1587,7.12,1144778.3596,-3358.69,0.33
1588,4.92,29.8682,-3500.5,1.88
1589,7.4,364707.7924,-3719.8,0.44
1590,7.92,628350.5068,-2750.37,0.35
1591,9.68,1155.2819,-4263.74,0.31
1592,6.0,1027.282,-3791.01,0.43
1593,9.36,46.3628,-3755.68,1.44
1594,10.32,514182.727,-4000.17,0.26
1595,9.88,1289.6256,-2356.08,0.23
1596,7.4,0.1974,-2001.47,0.26
1597,9.72,3030.2476,-4250.4,0.31
1598,8.04,1776691.0462,-4009.95,1.86
1599,5.92,8.7946,-5000.07,0.25
1600,11.0,8.8332,-2717.94,0.3
1601,8.56,305748.8388,-2511.35,0.26
1602,10.08,24.4995,-2759.98,0.31
1603,6.48,0.0726,-3250.66,1.19
1604,8.96,147.6302,-2036.51,0.21
1605,7.6,39.6162,-3272.49,0.24
1606,8.44,29.8709,-2750.64,0.26
1607,9.0,2.5474,-4004.0,0.31
1608,9.44,66239.557,-3750.75,1.22
1609,7.88,2330.0778,-3751.48,0.26
1610,7.36,2.6493,-3067.05,0.26
1611,9.12,1052.2796,-3142.94,0.24
1612,8.48,7600.3015,-3750.25,0.32
1613,9.48,359697.0503,-2755.11,1.35
1614,7.96,360195.6522,-3391.72,0.31
1615,7.52,841816.3939,-4294.15,0.31
1616,8.24,0.8576,-3253.27,0.24
1617,11.04,360252.1034,-3253.25,0.26
1618,10.48,40440.8904,-3500.36,1.35
1619,8.6,67848.8404,-2753.8,0.32
1620,12.28,0.0825,-2750.46,0.25
1621,6.88,1079107.8063,-2755.97,0.26
1622,9.4,0.6165,-1510.9,0.3
1623,10.8,2684.0728,-2756.91,0.24
1624,10.08,8500.1808,-3501.34,0.22
1625,10.12,237881.4493,-3018.34,0.22
1626,10.2,393973.3737,-3750.35,0.26
1627,8.08,135610.5294,-3338.03,0.26
1628,8.8,246115.5596,-3752.45,0.28
1629,6.36,0.0388,-2750.73,1.43
1630,6.08,146.3251,-2523.91,0.25
1631,9.32,10.2564,-3756.41,0.23
1632,9.0,120135.099,-2273.99,0.33
1633,8.96,85.0386,-1770.98,0.42
1634,6.08,674464.1158,-2521.91,1.53
1635,9.28,8524.201,-3331.54,0.39
1636,10.32,0.2678,-2754.07,0.28
1637,9.08,1239857.4648,-2787.21,0.33
1638,9.64,2809.8553,-3822.92,0.37
1639,9.8,0.3564,-2005.86,1.49
1640,8.44,302442.536,-3542.69,0.29
1641,13.76,119692.2697,-4032.7,0.25
1642,8.08,0.2008,-2754.42,0.29
1643,8.84,1.3407,-3501.11,0.3
1644,9.96,1257.1834,-4000.34,1.49
1645,10.8,0.045,-4000.9,0.28
1646,8.96,329750.3346,-4327.7,0.26
1647,9.6,47.6122,-1734.51,0.25
1648,8.64,455732.5651,-4469.79,0.28
1649,11.24,169444.9652,-3750.4,1.26
1650,9.8,715638.812,-3389.89,0.49
1651,9.8,379.8952,-4000.91,0.43
1652,9.84,24748.9401,-4287.75,0.28
1653,12.16,193184.211,-3001.83,0.32
1654,8.96,119073.0323,-2750.34,1.44
1655,8.08,1056920.2508,-3256.42,0.31
1656,6.88,902904.2594,-2759.58,0.35
1657,9.92,5738.6289,-3500.38,0.33
1658,7.84,4709.7892,-4088.93,0.3
1659,6.88,743257.536,-3562.95,2.04
1660,7.56,122467.4296,-3505.25,0.28
1661,7.72,813838.3611,-3278.3,0.4
1662,8.44,911257.6694,-3250.31,0.31
1663,10.84,1058028.3109,-3501.15,0.32
1664,7.12,1427279.648,-2750.41,0.29
1665,9.76,5409.0493,-3009.85,0.32
1666,12.56,3.256,-2825.06,0.42
1667,12.0,597676.3861,-3251.55,0.36
1668,8.72,150.3977,-4000.35,0.48
1669,9.6,759.632,-2750.24,0.33
1670,7.76,383662.7162,-3001.59,1.47
1671,9.48,356823.5605,-3811.43,0.34
1672,10.2,171593.5703,-2994.29,0.32
1673,9.36,42924.5534,-3254.21,0.3
1674,8.84,5.0594,-2357.39,0.34
1675,10.16,0.4546,-2259.85,1.66
1676,8.88,78.5443,-2792.1,0.33
1677,10.0,845.4516,-3011.91,0.44
1678,8.96,400626.3789,-3505.4,0.44
1679,7.2,121.1151,-4005.59,0.32
1680,7.44,84.2142,-3250.3,1.38
1681,8.96,17.522,-2608.64,0.33
1682,7.36,622.8622,-3751.11,0.32
1683,11.4,2949.6573,-4292.88,0.33
1684,7.04,119900.9875,-3002.95,0.26
1685,8.4,1.2064,-2264.44,1.48
1686,9.16,0.6596,-2505.65,0.24
1687,9.88,0.3561,-2008.54,0.26
1688,7.56,431060.8258,-3501.55,0.3
1689,11.12,806421.7,-3750.5,0.29
1690,7.52,1.375,-3268.71,1.31
1691,9.28,42914.1512,-2640.35,0.29
1692,7.8,359664.4013,-3250.97,0.34
1693,8.76,298.5016,-3532.39,0.26
1694,9.76,595326.3452,-4090.13,0.29
1695,12.32,1.2014,-2028.82,1.77
1696,9.8,1765680.6983,-3750.55,0.55
1697,10.36,9709.4377,-3250.45,0.5
1698,11.08,33737.2396,-3501.1,0.33
1699,11.32,124481.5995,-3264.46,0.46
1700,7.52,240.9402,-3250.21,1.49
1701,11.04,1.8109,-3044.98,0.3
1702,9.0,120891.2926,-2528.53,0.33
1703,10.92,3855.5426,-3258.63,0.37
1704,8.44,42.4896,-2261.75,0.31
1705,6.48,37.2758,-2292.51,1.89
1706,8.28,3.9028,-1564.84,0.63
1707,8.0,47598.2689,-3809.29,0.46
1708,10.32,1.9562,-1794.58,0.34
1709,8.24,359844.9517,-2505.67,0.43
1710,6.76,168394.2857,-3810.94,0.4
1711,6.72,719395.0766,-3750.17,1.34
1712,6.28,101.9458,-3689.39,0.3
1713,10.4,529562.4804,-3250.55,0.26
1714,9.24,6.3255,-3826.71,0.25
1715,7.32,23998.7631,-4254.52,0.35
1716,7.4,0.1782,-3750.39,1.43
1717,11.56,126.1441,-2000.78,0.31
1718,7.96,71.0567,-3559.5,0.3
1719,7.04,359831.2747,-3282.81,0.27
1720,8.72,360024.5999,-4252.13,0.34
1721,7.2,89.1043,-2538.14,1.3
1722,6.92,9.8423,-2814.8,0.31
1723,10.08,240584.4803,-3283.15,0.32
1724,9.44,0.6613,-2502.62,0.26
1725,10.32,8.1076,-3273.43,0.29
1726,10.76,0.3048,-4001.54,1.4
1727,7.96,1715570.8634,-4252.83,0.26
1728,11.0,1.145,-3025.4,0.28
1729,9.52,1007.2284,-3269.53,0.29
1730,11.52,3751.1065,-4250.13,0.3
1731,11.48,360046.0517,-3500.24,1.31
1732,8.16,2.1375,-2758.76,0.3
1733,5.48,11.4146,-2784.59,0.29
1734,10.36,397107.2909,-3001.44,0.34
1735,8.8,339253.0995,-2240.67,0.33
1736,8.96,74203.3628,-4257.2,1.46
1737,9.08,252.7652,-4252.58,0.3
1738,8.44,459968.0979,-2509.99,0.24
1739,5.92,10.8587,-2263.36,0.37
1740,7.36,290.9223,-4751.09,0.39
1741,6.52,0.1738,-3253.85,1.99
1742,7.72,359849.9479,-4249.83,0.26
1743,9.04,2.6532,-3021.89,0.33
1744,7.96,622.7918,-3251.17,0.41
1745,8.64,0.1114,-1502.08,0.34
1746,8.84,2.6772,-2064.25,2.0
1747,9.2,346.132,-2754.52,0.28
1748,7.68,151.657,-3826.95,0.39
1749,10.52,356951.7945,-3282.99,0.45
1750,10.72,59113.3814,-4001.34,0.41
1751,10.44,478325.3974,-3280.56,0.36
1752,9.4,359878.2004,-4044.25,0.3
1753,8.24,359697.0946,-2750.88,0.31
1754,8.68,423.0725,-3014.09,0.37
1755,8.64,142848.4558,-3500.53,0.32
1756,6.16,67850.0752,-3255.51,0.31
1757,7.12,26.9982,-3442.75,1.53
1758,8.36,571792.1587,-3945.69,0.3
1759,8.0,359697.9569,-3500.13,0.34
1760,9.8,747007.016,-3545.25,0.3
1761,5.64,56520.2144,-3256.47,0.31
1762,8.6,153931.3154,-3501.18,1.61
1763,10.0,1288.3044,-3505.31,0.29
1764,11.12,37.7296,-2940.03,0.33
1765,9.12,838316.7171,-4045.15,0.29
1766,8.36,146.4968,-2812.35,0.26
1767,7.72,0.0245,-3750.24,1.44
1768,8.44,242854.1494,-4255.23,0.32
1769,8.52,0.239,-2254.5,0.29
1770,8.96,0.5155,-2501.61,0.81
1771,9.68,3125.1192,-3008.73,0.24
1772,9.2,68552.0195,-3751.06,1.33
1773,8.2,1285658.491,-3791.35,0.25
1774,9.4,4.6178,-2055.51,0.28
1775,8.76,24.7407,-3764.85,0.3
1776,8.72,157.1719,-3500.39,0.27
1777,9.48,354258.8213,-2754.98,1.42
1778,7.64,2.744,-2534.48,0.31
1779,8.28,2724.2339,-3521.34,0.3
1780,8.88,0.0915,-3000.83,0.28
1781,8.12,457245.2992,-2510.06,0.35
1782,10.04,2.5104,-2312.34,1.27
1783,9.84,352432.8595,-3753.54,0.33
1784,9.52,32236.854,-3253.24,0.22
1785,8.64,355397.8906,-3759.92,0.24
1786,8.0,15.993,-2750.94,0.26
1787,9.12,1148.263,-3100.88,1.41
1788,9.12,120095.5815,-2774.6,0.35
1789,9.96,359880.7674,-3002.3,0.33
1790,9.32,1608907.2942,-4009.86,0.25
1791,8.92,37835.3495,-3500.91,0.22
1792,11.28,337233.8243,-3500.25,0.31
1793,9.08,360166.6626,-3001.51,0.32
1794,9.96,5485.5368,-3001.35,0.29
1795,10.96,0.173,-3750.27,0.34
1796,11.6,6425.4237,-3501.36,0.27
1797,6.28,195.9116,-3767.58,0.25
1798,9.44,0.5274,-2505.82,1.49
1799,9.56,363.1782,-3000.75,0.28
1800,11.16,1079412.4469,-3750.13,0.23
1801,10.0,580568.802,-3001.02,0.3
1802,10.2,127871.0726,-3007.48,0.38
1803,7.48,0.0476,-2001.06,1.43
1804,8.52,120013.7581,-3501.19,0.24
1805,9.4,684092.8984,-2777.64,0.23
1806,9.64,504809.9574,-3001.24,0.25
1807,7.12,584639.2558,-3000.37,0.33
1808,8.52,302892.0254,-3889.19,1.4
1809,11.76,336351.9268,-3315.38,0.22
1810,9.96,612.2824,-2756.72,0.21
1811,8.84,0.9665,-3252.64,0.26
1812,9.56,1145042.4381,-3801.78,0.24
1813,8.8,65522.3847,-2759.46,1.33
1814,7.48,675655.0653,-4251.12,0.23
1815,9.16,66878.9927,-3250.67,0.22
1816,7.64,1315.3923,-2261.83,0.26
1817,8.16,480076.8566,-1767.39,0.32
1818,7.68,56515.7131,-3045.47,1.22
1819,11.16,7711.8202,-3006.21,0.23
1820,10.64,0.7842,-2510.06,0.2
1821,9.36,360363.0409,-3750.36,0.24
1822,10.4,122836.238,-3818.67,0.25
1823,7.4,134597.3788,-3505.7,1.24
1824,11.12,268454.436,-2603.36,0.25
1825,7.44,68746.2306,-2505.79,0.27
1826,9.32,2799.3889,-4002.13,0.55
1827,9.32,238960.4277,-2809.46,0.41
1828,8.92,512.8583,-1814.3,1.28
1829,8.52,85778.2075,-3250.81,0.39
1830,7.4,359857.0259,-3528.54,0.3
1831,7.08,56495.2751,-3001.21,0.28
1832,7.76,119583.5131,-3250.31,0.3
1833,8.52,120013.7676,-2752.27,2.06
1834,11.68,356820.8633,-3504.24,0.31
1835,8.68,1079678.4099,-2754.92,0.31
1836,11.32,237879.3551,-3251.41,0.24
1837,9.52,65946.7368,-2250.73,0.27
1838,10.2,909.0124,-3640.73,0.42
1839,7.24,39.0099,-3508.77,1.26
1840,9.2,2.0243,-3505.04,0.34
1841,7.28,1285.0905,-2000.6,0.44
1842,5.88,119900.8603,-3250.21,0.29
1843,10.08,527934.3806,-2251.69,0.28
1844,10.08,354258.1279,-3500.2,1.69
1845,9.12,338932.9467,-3250.38,0.32
1846,9.96,356819.6687,-3774.07,0.36
1847,10.56,56494.3045,-3800.01,0.45
1848,8.56,4.4163,-2591.93,0.48
1849,10.36,237879.6758,-3264.84,1.53
1850,9.84,339243.9689,-3750.29,0.33
1851,7.4,1.81,-3273.57,0.28
1852,10.36,1006.8973,-3518.0,0.34
1853,8.8,33975.4788,-5000.07,0.3
1854,9.04,153901.682,-2752.23,1.64
1855,11.44,0.2256,-3755.38,0.35
1856,11.08,0.0131,-3500.16,0.43
1857,8.88,0.0325,-2500.22,0.37
1858,6.52,359775.5574,-4035.5,0.28
1859,6.16,22.3733,-3576.67,1.69
1860,11.0,4862.2437,-3438.67,0.43
1861,10.72,89737.1564,-3813.39,0.36
1862,9.96,623561.0355,-2757.65,0.48
1863,7.88,12463.3346,-3014.8,0.41
1864,9.2,2.4292,-2251.47,1.9
1865,9.16,225715.1718,-3502.37,0.52
1866,9.88,563.4956,-3067.65,0.39
1867,7.2,15.1579,-3035.69,0.38
1868,8.68,24548.7012,-3528.79,0.34
1869,6.28,60.2388,-2767.39,1.59
1870,8.88,64474.6019,-3278.88,0.32
1871,9.48,750.5716,-3002.99,0.32
1872,8.24,68602.5774,-3843.57,0.3
1873,8.28,1.9034,-4026.71,0.46
1874,7.76,421918.8986,-3316.71,1.49
1875,6.16,2.6464,-3253.16,0.34
1876,8.64,6.7487,-3334.94,0.3
1877,9.0,0.7063,-3255.68,0.26
1878,6.12,861668.1626,-4000.26,0.27
1879,6.04,122586.2464,-2786.94,0.35
1880,6.36,198.8681,-4500.09,0.31
1881,8.88,1.8354,-2295.61,0.48
1882,6.2,3.1732,-2815.18,0.35
1883,10.6,72.6054,-3440.09,0.38
1884,10.6,162796.6304,-3667.09,0.34
1885,10.72,4.4249,-3358.23,2.08
1886,8.08,164130.2364,-3251.61,0.34
1887,9.8,360166.6096,-3002.22,0.37
1888,8.56,75878.3999,-3750.15,0.39
1889,8.52,429.5482,-2190.53,0.47
1890,7.12,352336.2598,-1755.28,1.49
1891,11.8,270307.4326,-3008.77,0.32
1892,9.0,701743.8952,-3309.6,0.31
1893,8.64,237879.1364,-3500.39,0.29
1894,10.08,0.0164,-3000.16,0.27
1895,8.76,359720.2928,-2859.26,1.65
1896,8.48,352336.3751,-2505.06,0.29
1897,7.28,7491.8412,-3810.08,0.33
1898,9.08,114744.3015,-3444.27,0.35
1899,9.48,62.4572,-3100.11,0.48
1900,6.84,1.4068,-2034.9,1.6
1901,4.88,9.1854,-3826.56,0.42
1902,8.24,125669.1355,-3069.24,0.5
1903,9.24,107.7654,-2144.08,0.36
1904,7.84,1154.2712,-3750.32,0.4
1905,10.68,112933.2088,-3315.84,1.46
1906,5.96,98.3523,-4250.71,0.25
1907,6.32,2.7838,-4008.69,0.28
1908,8.68,359901.5729,-3085.21,0.38
1909,7.68,32236.8304,-3501.55,0.29
1910,8.64,126.5166,-2255.46,1.4
1911,8.72,2.3133,-2026.57,0.24
1912,7.08,237879.5008,-3250.66,0.28
1913,9.08,3.031,-3500.25,0.45
1914,9.64,168270.0089,-3000.29,0.54
1915,7.84,0.0688,-3000.51,1.7
1916,10.08,118939.6521,-2751.62,0.45
1917,7.48,197840.5102,-4255.06,0.31
1918,11.08,5.9735,-2646.7,0.35
1919,8.6,0.094,-2250.68,0.44
1920,9.36,91444.4364,-3251.6,0.55
1921,10.76,120041.2919,-4500.11,0.27
1922,10.76,65946.9154,-3506.1,0.33
1923,8.0,761293.4328,-3250.57,0.35
1924,11.84,355010.3481,-3050.43,0.39
1925,9.04,173878.0444,-3809.59,0.34
1926,7.72,475298.5177,-3065.98,1.42
1927,10.24,1.8172,-2544.73,0.3
1928,7.08,120.7658,-3750.12,0.32
1929,10.56,336492.0928,-2500.85,0.33
1930,12.88,0.0635,-3000.81,0.3
1931,8.8,2945.6189,-3750.08,1.34
1932,10.68,0.1265,-2252.94,0.48
1933,7.96,96710.2296,-4000.19,0.34
1934,6.44,0.0995,-3000.65,0.33
1935,8.36,42889.4358,-2507.67,0.29
1936,9.08,363472.3598,-3500.84,1.4
1937,7.8,0.5745,-2750.44,0.35
1938,8.08,112831.4816,-4251.31,0.4
1939,10.72,23.8825,-3031.0,0.86
1940,8.64,9748.761,-3515.73,0.34
1941,8.56,0.8915,-4014.06,1.6
1942,8.76,554470.1673,-3259.8,0.32
1943,10.64,67855.929,-2930.5,0.28
1944,7.64,68692.6494,-3502.48,0.37
1945,5.2,359712.047,-3478.75,0.36
1946,8.88,352336.835,-3251.18,1.44
1947,9.76,674465.9533,-2833.7,0.29
1948,7.48,2271.9918,-3003.63,0.36
1949,5.8,15.7503,-2315.15,0.55
1950,9.4,336542.902,-2781.82,0.61
1951,7.04,140004.2262,-3756.41,1.7
1952,6.92,719581.1229,-3608.41,0.35
1953,9.32,2.4819,-2500.57,0.31
1954,11.2,6.1525,-4501.58,0.29
1955,10.0,2782.8181,-3567.65,0.38
1956,10.28,118939.7145,-2503.69,1.53
1957,5.08,0.0262,-3750.12,0.38
1958,8.44,119081.575,-3750.38,0.32
1959,7.08,0.8316,-3018.16,0.26
1960,6.56,1098.6872,-4430.25,0.49
1961,10.72,119100.9684,-3004.43,1.57
1962,8.48,288.8823,-3000.59,0.33
1963,9.04,343327.6755,-2751.29,0.36
1964,9.2,119148.499,-2500.59,0.36
1965,8.72,32236.7433,-3251.16,0.31
1966,11.84,2705.1124,-2790.8,0.44
1967,10.28,2159070.1007,-3024.64,1.15
1968,9.6,2735.9755,-3660.08,0.29
1969,8.08,24925.564,-3001.93,0.23
1970,9.64,121646.7574,-3048.97,0.25
1971,8.84,1.4337,-2535.66,0.29
1972,9.6,120208.0823,-3044.88,1.18
1973,8.48,0.1797,-2255.4,0.3
1974,9.76,359533.8226,-3501.75,0.26
1975,10.32,7.3409,-2750.47,0.26
1976,11.44,114198.8162,-3250.55,0.3
1977,8.56,380987.9512,-2508.94,1.41
1978,9.32,720333.9077,-3010.47,0.24
1979,10.2,720031.8834,-2811.94,0.41
1980,8.28,509462.7429,-2500.24,0.32
1981,11.48,335729.0886,-2501.77,0.3
1982,7.0,1374378.0995,-3317.83,1.44
1983,8.72,680133.8041,-3501.41,0.23
1984,8.04,359699.9848,-2750.62,0.2
1985,9.48,8311.5552,-1827.64,0.31
1986,6.24,479776.469,-3253.14,0.26
1987,7.68,11.7663,-2794.33,1.4
1988,9.68,170825.5922,-3566.45,0.21
1989,9.0,627.7826,-3528.36,0.24
1990,7.32,549545.2576,-4513.79,0.26
1991,6.6,344834.8726,-3500.45,0.31
1992,7.04,333210.1397,-2679.4,1.75
1993,10.72,32.1584,-3200.44,0.4
1994,7.52,35298.264,-2752.77,0.29
1995,8.2,2.3188,-2057.62,0.37
1996,7.68,364471.4688,-2751.84,1.01
1997,8.0,701357.9832,-3338.12,1.9
1998,7.6,356836.0172,-2753.28,0.25
1999,7.48,359722.9189,-3046.95,0.22
2000,6.96,0.0751,-4000.2,0.4
2001,9.76,11758.0807,-3768.3,0.37
2002,7.76,114747.6372,-3356.06,1.54
2003,7.48,719689.0226,-2510.46,0.32
2004,12.0,359386.1109,-2755.45,0.26
2005,9.64,240030.9092,-3339.01,0.28
2006,10.36,622.8892,-2751.74,0.27
2007,8.2,49.9653,-3513.9,0.25
2008,5.76,359717.7556,-2597.33,0.24
2009,9.72,66010.8809,-2938.88,0.33
2010,8.48,355376.7324,-3009.7,0.3
2011,8.52,354050.1504,-3250.4,0.27
2012,7.24,0.4702,-3000.74,0.23
2013,5.96,1.4798,-2784.51,1.27
2014,6.84,152.5024,-3014.12,0.32
2015,10.92,337242.9182,-3152.35,0.23
2016,9.44,355049.8884,-2757.37,0.3
2017,10.2,544730.6512,-3001.34,0.29
2018,8.64,339444.2732,-4263.43,1.29
2019,10.64,119089.3974,-2953.27,0.29
2020,8.88,440572.0136,-3500.88,0.29
2021,10.84,380.1787,-2759.71,0.34
2022,10.32,359844.7219,-2255.4,0.3
2023,6.8,33890.2193,-4028.27,1.76
2024,7.08,10.4754,-4033.64,0.32
2025,8.36,543697.8464,-3470.94,0.34
2026,8.08,365070.2392,-3002.9,0.41
2027,7.92,143749.1093,-4258.07,0.37
2028,9.56,335848.3809,-4033.19,1.79
2029,8.24,431028.3499,-3000.97,0.31
2030,8.36,65946.7298,-3250.51,0.33
2031,12.6,1130.0861,-3000.76,0.32
2032,7.84,359878.5972,-4312.12,0.31
2033,9.48,1008.3003,-2554.06,1.24
2034,9.92,75126.1074,-2507.1,0.26
2035,8.68,4855.3417,-3260.22,0.34
2036,9.6,120584.4678,-3023.99,0.35
2037,6.04,244.6166,-3091.26,0.31
2038,10.4,693501.4269,-3000.65,1.4
2039,5.24,9.7397,-2842.2,0.3
2040,6.76,1439377.4165,-3755.18,0.26
2041,5.04,32256.5511,-3014.16,0.22
2042,6.96,0.0937,-3001.93,0.24
2043,9.2,0.7262,-3752.84,1.33
2044,7.44,1439239.6015,-3250.59,0.25
2045,6.92,714648.5011,-4062.56,0.28
2046,8.84,1.6504,-4034.58,0.47
2047,5.96,120419.0888,-3091.88,0.45
2048,10.0,403552.8653,-3000.17,0.4
2049,7.8,39693.1754,-2757.84,0.37
2050,11.48,360496.8575,-3310.85,0.35
2051,8.0,1094264.031,-3188.58,0.54
2052,7.44,114737.6319,-2472.36,1.19
2053,7.24,68.5475,-3500.39,0.53
2054,10.96,359537.3263,-2795.59,1.81
2055,8.12,355473.9109,-3751.71,0.38
2056,8.72,2706.4629,-3000.28,0.31
2057,6.6,0.1997,-2004.64,0.35
2058,8.96,2684.9317,-3250.4,0.4
2059,11.08,2951.6691,-4181.76,1.3
2060,7.76,197912.433,-3750.18,0.32
2061,7.08,99847.3192,-3003.43,0.32
2062,7.88,2737.3236,-2975.88,0.3
2063,7.36,8.1722,-2702.81,0.28
2064,9.16,7.2723,-2792.28,1.49
2065,8.56,1028.9685,-2793.08,0.27
2066,7.4,599524.5296,-3760.05,0.32
2067,9.44,17.2358,-3850.09,0.36
2068,8.8,759674.9611,-3144.82,0.45
2069,8.28,145.76,-2753.67,1.43
2070,10.52,720.1352,-3264.08,0.34
2071,9.12,187870.264,-2199.33,0.32
2072,11.36,42910.6878,-2891.33,0.28
2073,11.08,0.0693,-2500.85,0.29
2074,8.68,2684.398,-2255.29,1.43
2075,9.08,2849.2989,-2010.74,0.29
2076,11.44,750.285,-3001.15,0.34
2077,8.6,67848.9379,-3251.06,0.28
2078,10.16,1139016.5964,-3542.63,0.26
2079,6.6,1.5068,-3508.58,1.46
2080,9.76,123.5433,-3000.12,0.28
2081,9.16,120021.3994,-3108.18,0.26
2082,10.64,754.2135,-2598.4,0.35
2083,7.56,32274.9842,-2500.62,0.34
2084,6.44,75871.9073,-3575.77,1.62
2085,8.08,352380.7768,-3033.86,0.42
2086,12.6,0.3835,-4001.07,0.86
2087,8.12,810162.1029,-2808.29,0.76
2088,10.16,712210.7228,-2751.47,0.37
2089,6.72,0.1229,-4001.99,1.38
2090,8.68,169446.7336,-3039.9,0.31
2091,7.08,716522.5002,-3002.88,0.24
2092,6.36,141.9585,-4500.2,0.31
2093,7.56,0.9242,-2770.69,0.3
2094,10.2,365138.2846,-3745.78,0.29
2095,8.24,1.1981,-3505.7,1.25
2096,11.48,335803.5998,-3501.4,0.21
2097,6.8,359908.2149,-3470.81,0.37
2098,12.4,3264.4726,-3260.28,0.22
2099,5.48,209.4137,-3500.31,0.26
2100,8.24,622.8242,-2751.43,1.13
2101,8.0,29.8728,-3250.64,0.27
2102,11.16,0.1784,-2253.96,0.18
2103,8.64,1992.9754,-3610.77,0.21
2104,9.8,33694.236,-4250.87,0.26
2105,7.56,164135.4581,-2633.38,1.01
2106,7.92,81.5692,-3214.34,0.33
2107,6.76,623.4829,-3000.63,0.31
2108,6.88,889140.5228,-4250.12,0.26
2109,10.92,370086.5388,-3392.18,0.29
2110,8.84,19.7308,-3006.76,1.66
2111,12.28,360166.669,-2250.51,0.2
2112,8.36,719793.1045,-3501.28,0.21
2113,6.96,88.3158,-2968.91,0.23
2114,7.64,0.0994,-3003.28,0.29
2115,10.08,45298.169,-2872.4,1.39
2116,7.24,1286.2935,-3016.78,0.23
2117,7.84,26491.5555,-3251.89,0.23
2118,10.28,3.7447,-3795.75,0.31
2119,9.44,120016.0571,-3003.81,0.37
2120,8.72,120013.7896,-3501.52,2.18
2121,8.76,722372.5148,-3251.9,0.39
2122,9.6,229457.5693,-3251.41,0.42
2123,12.6,719103.8534,-4138.15,0.45
2124,8.88,29252.5281,-3752.66,0.34
2125,9.36,19.7125,-2250.17,1.94
2126,6.0,0.276,-2256.66,0.3
2127,9.92,359679.4301,-2938.92,0.43
2128,10.48,92.3455,-3145.67,0.36
2129,9.16,1146291.2584,-3756.52,0.29
2130,8.36,362429.685,-3003.47,1.61
2131,8.52,2.5808,-3010.05,0.47
2132,7.52,1.229,-2500.73,0.35
2133,9.2,575271.7659,-4750.07,0.34
2134,8.24,359811.309,-4750.14,0.39
2135,7.04,9.0452,-2722.56,0.33
2136,8.72,2033.6852,-3751.16,0.31
2137,8.2,467577.1009,-3605.8,0.32
2138,9.28,359740.9001,-3012.89,0.35
2139,9.56,2686.7196,-3812.74,0.4
2140,8.76,628.1141,-3206.62,0.38
2141,7.68,547309.2972,-3294.57,1.66
2142,8.96,529100.2679,-2534.6,0.45
2143,8.96,237920.757,-3085.6,0.59
2144,6.72,125.5465,-2750.31,0.47
2145,7.52,37.9925,-4002.52,0.43
2146,7.32,2801.9401,-3035.7,1.42
2147,7.76,560.0004,-3001.55,0.29
2148,8.44,1.7055,-2763.95,0.25
2149,9.8,0.1745,-2754.25,0.35
2150,7.2,1.2614,-4252.86,0.62
2151,11.96,0.7242,-2759.07,1.47
2152,10.64,354370.2836,-4189.49,0.31
2153,10.68,32254.5578,-3026.6,0.26
2154,10.56,1.3509,-3778.41,0.26
2155,6.92,239806.6545,-2757.84,0.4
2156,8.88,596099.7842,-4138.35,1.51
2157,10.64,0.5091,-2512.46,0.28
2158,8.16,23788.5606,-3006.74,0.34
2159,6.32,43.2182,-3264.31,0.33
2160,10.6,708539.3529,-4828.28,0.33
2161,6.6,65992.4638,-3514.39,1.36
2162,8.64,738235.7723,-2750.51,0.31
2163,9.0,338696.0472,-3555.1,1.01
2164,10.04,2693.5748,-3271.4,0.26
2165,11.24,5725.8082,-4000.17,0.26
2166,8.36,84.2732,-3001.8,1.68
2167,9.2,240027.5909,-2757.71,0.32
2168,9.4,445728.9825,-1754.6,0.37
2169,8.28,71482.8795,-3828.25,0.37
2170,10.52,798391.7772,-3259.19,0.39
2171,9.04,425643.4908,-4251.35,1.51
2172,7.04,236241.5412,-3810.92,0.35
2173,8.0,1303.5784,-2721.5,0.27
2174,10.0,0.0243,-3501.22,0.3
2175,8.92,359664.3932,-3750.55,0.4
2176,9.92,1.6494,-3040.91,0.33
2177,10.56,8.0751,-3257.57,0.28
2178,9.76,2.324,-4000.25,0.31
2179,10.72,559.9843,-3751.88,0.29
2180,9.44,385.7942,-3366.96,0.27
2181,10.72,5.4805,-3342.49,0.27
2182,8.52,126.2989,-3391.29,1.46
2183,7.4,863.8356,-2505.38,0.39
2184,9.8,356828.7146,-2220.01,0.4
2185,10.32,0.2168,-3751.08,0.33
2186,10.2,56466.6738,-2511.78,0.38
2187,8.32,2687.539,-2531.65,1.57
2188,10.16,72175.6052,-4500.32,0.29
2189,6.48,0.4792,-4255.09,0.33
2190,8.56,66510.0358,-3334.98,0.32
2191,7.24,579.2005,-3251.08,0.29
2192,9.4,426979.8372,-3353.02,1.44
2193,8.32,678487.8067,-3270.33,0.38
2194,7.04,1.2932,-2529.83,0.39
2195,8.64,359697.0894,-2503.1,0.61
2196,9.84,4860.2273,-2750.4,0.51
2197,9.52,1.7402,-3519.36,2.48
2198,9.56,359849.0702,-3001.39,0.44
2199,9.6,132055.5749,-3438.5,0.55
2200,10.2,359704.0563,-2268.9,0.33
2201,9.88,767934.5535,-3004.3,0.3
2202,9.8,2568.4408,-3561.3,1.71
2203,9.16,762.7494,-3751.79,0.38
2204,8.48,783773.8848,-2750.27,0.37
2205,5.44,719981.8018,-3060.88,0.31
2206,8.6,1286.3413,-2531.02,0.33
2207,9.4,719549.712,-3052.15,1.37
2208,7.88,457925.3444,-3005.03,0.26
2209,8.36,119090.5838,-3750.15,0.2
2210,7.24,386.9723,-2598.3,0.21
2211,10.24,2683.8643,-3000.35,0.19
2212,8.56,715145.303,-3041.95,1.03
2213,10.48,359735.1961,-3501.43,0.28
2214,6.2,355426.651,-4268.26,0.19
2215,9.88,719968.4214,-2755.33,0.21
2216,8.56,1018.7187,-3285.08,0.21
2217,8.04,544971.7035,-4750.1,1.67
2218,9.0,120014.0747,-3258.31,0.24
2219,9.88,359696.7035,-3502.78,0.22
2220,7.84,0.0373,-2500.67,0.21
2221,10.6,0.3898,-2259.6,0.25
2222,10.52,360106.5349,-3450.25,0.26
2223,10.44,1199756.9783,-3521.91,1.0
2224,10.76,29372.9322,-3753.76,0.19
2225,9.52,365064.8292,-3008.15,0.2
2226,7.4,120160.8134,-3294.3,0.19
2227,8.56,9.9952,-2638.26,0.2
2228,7.96,2.6818,-2061.66,1.24
2229,7.2,719700.9254,-3681.82,0.23
2230,8.52,3102.6528,-3500.97,0.31
2231,8.92,118939.8083,-3005.83,0.3
2232,8.32,431098.4622,-2768.19,0.25
2233,8.04,245564.5986,-3304.91,1.09
2234,11.96,41731.8045,-3652.0,0.2
2235,10.08,3.1799,-3079.21,0.23
2236,10.16,427815.7369,-3560.49,0.23
2237,9.52,120014.9817,-2032.97,0.23
2238,10.48,3883.7163,-3000.97,1.17
2239,7.28,47.2177,-3033.4,0.25
2240,12.88,244799.9514,-3000.3,0.2
2241,10.84,721178.1493,-3750.2,0.24
2242,7.76,65949.6077,-2072.61,0.38
2243,7.8,476833.5645,-2750.42,1.1
2244,8.8,1.8026,-3794.4,0.38
2245,8.64,67849.7394,-2276.5,0.31
2246,9.68,44044.429,-2521.03,0.3
2247,7.36,64475.9903,-3250.66,0.28
2248,11.96,0.0229,-3250.2,1.38
2249,6.68,713639.9244,-2751.79,0.25
2250,11.16,35164.5623,-3004.51,0.23
2251,8.52,2.1781,-2553.89,0.21
2252,10.44,240.9552,-2000.6,0.23
2253,7.92,720907.8754,-2809.55,1.12
2254,8.32,360136.2176,-4294.0,0.22
2255,8.92,0.0454,-3001.13,0.21
2256,10.28,720006.0001,-3751.02,0.24
2257,7.76,339245.6186,-2279.52,0.24
2258,8.16,0.13,-3001.64,1.37
2259,9.16,2.7423,-2509.34,0.26
2260,9.56,7.9562,-2948.51,0.24
2261,9.2,32242.3386,-3077.02,0.25
2262,10.72,2.1586,-3518.07,0.21
2263,5.6,59149.2534,-3252.5,0.2
2264,8.16,485390.242,-3499.51,0.23
2265,11.36,366826.1225,-5001.18,0.19
2266,9.56,50.0192,-1947.8,0.19
2267,8.76,4.1748,-2604.2,0.22
2268,8.52,359864.6612,-2751.59,0.28
2269,9.96,426031.1732,-4013.72,1.9
2270,8.4,13.1594,-2196.34,0.28
2271,7.6,714726.0923,-3104.6,0.24
2272,6.84,23792.8181,-3784.3,0.25
2273,7.88,562.4738,-3256.21,0.25
2274,8.76,1.4164,-4033.9,1.12
2275,10.56,201632.8298,-3251.92,0.25
2276,8.16,4052.0344,-2698.71,0.24
2277,5.28,359702.8416,-4750.06,0.37
2278,8.32,0.7393,-2751.15,0.27
2279,8.56,359519.3457,-2542.41,1.31
2280,8.76,3851.0823,-2750.59,0.28
2281,10.4,192.8831,-4005.41,0.27
2282,8.28,1202071.4142,-4535.35,0.25
2283,8.96,3546.09,-2764.66,0.34
2284,7.56,13.5812,-2315.5,1.09
2285,9.68,125447.6359,-4000.8,0.23
2286,7.12,17.3185,-3069.47,0.25
2287,8.0,268019.4195,-4250.32,0.18
2288,10.68,622.8726,-3003.92,0.25
2289,6.96,120139.394,-2798.09,1.63
2290,8.68,0.8561,-3267.48,0.26
2291,7.48,147530.061,-2757.31,0.2
2292,8.92,2.631,-3254.25,0.2
2293,7.0,3.0686,-3033.15,0.21
2294,11.64,0.5468,-2251.74,1.08
2295,8.0,0.3788,-3252.66,0.25
2296,8.32,0.6056,-2510.17,0.24
2297,8.4,44033.3687,-3011.89,0.22
2298,11.28,2975.5616,-3750.41,0.22
2299,9.24,71934.5641,-3044.9,1.04
2300,9.64,362922.7288,-3500.14,0.21
2301,9.8,118939.6816,-2752.24,0.21
2302,6.84,479783.6705,-2501.15,0.2
2303,9.88,32239.902,-3578.2,0.25
2304,10.16,3.328,-3271.35,0.29
2305,8.88,201632.8732,-3252.37,0.2
2306,11.0,339232.6369,-3500.31,0.2
2307,9.08,13.5992,-2774.71,0.24
2308,6.4,146.2036,-3000.87,0.23
2309,11.4,39710.4221,-3499.86,0.24
2310,9.76,193.7058,-3020.69,1.23
2311,8.24,344115.6328,-3751.01,0.22
2312,7.44,1.6258,-3033.34,0.23
2313,7.84,2.335,-3263.62,0.26
2314,7.36,362546.6027,-3088.51,0.24
2315,10.08,100.4604,-4019.0,1.13
2316,9.6,45.3701,-2581.41,0.21
2317,6.88,9.6392,-2659.41,0.21
2318,6.56,394801.2634,-3750.47,0.27
2319,7.16,842124.958,-3764.15,0.24
2320,11.48,1.696,-3251.58,1.16
2321,8.76,9709.4338,-1253.03,0.23
2322,10.28,124442.8314,-3500.44,0.34
2323,12.2,422765.53,-3504.19,0.23
2324,11.08,1667.2928,-3518.66,0.26
2325,11.0,1079091.4905,-3538.12,1.14
2326,7.84,8.8071,-3072.5,0.51
2327,11.68,238845.0503,-3771.47,0.25
2328,6.72,0.2146,-3502.33,0.2
2329,10.24,983.4893,-3007.15,0.23
2330,10.2,479166.1956,-2970.39,1.14
2331,8.08,363354.5241,-4809.11,0.2
2332,13.0,751.4258,-4001.96,0.21
2333,9.52,8172.3488,-3511.23,0.25
2334,9.64,121.8455,-3283.79,0.23
2335,9.28,360634.3804,-3751.32,1.26
2336,6.52,5552.631,-3751.76,0.22
2337,8.72,7.1147,-3065.07,0.21
2338,5.88,0.3835,-2758.11,0.24
2339,9.0,2871.1866,-3535.14,0.25
2340,10.84,354258.7569,-2264.8,1.05
2341,8.52,81950.7162,-3834.58,0.22
2342,10.36,170547.3809,-2750.32,0.19
2343,5.28,68.606,-3392.87,0.22
2344,7.52,2.6117,-3533.59,0.21
2345,9.84,678487.2035,-1767.58,1.19
2346,10.4,2.8112,-3005.55,0.39
2347,8.8,284.135,-4251.33,0.32
2348,8.92,785068.2905,-3505.47,0.22
2349,8.04,10.8961,-2081.66,0.24
2350,8.96,0.263,-2755.63,0.26
2351,10.72,119085.5087,-3605.92,1.1
2352,8.88,719750.4806,-3279.05,0.27
2353,9.84,9.2088,-3219.95,0.21
2354,6.68,40.6851,-3000.34,0.25
2355,8.24,49.549,-3504.67,0.27
2356,5.48,1194.8628,-3309.87,1.03
2357,5.96,0.4786,-2758.8,0.27
2358,8.68,113936.7621,-3501.38,0.25
2359,9.24,359539.7649,-2147.22,0.2
2360,5.32,1.5073,-2769.01,0.24
2361,9.84,5.4892,-3364.13,1.0
2362,11.72,39790.1513,-2500.84,0.18
2363,8.72,2571.7533,-2783.57,0.2
2364,8.64,0.4949,-2012.19,0.22
2365,8.64,186797.6997,-2986.37,0.26
2366,6.4,65981.983,-4946.84,1.7
2367,9.4,3.5924,-2589.62,0.24
2368,12.36,6540.9642,-3058.49,0.23
2369,8.96,1393849.8024,-2775.68,0.23
2370,7.72,286837.682,-4001.59,0.23
2371,8.04,385.1133,-1851.39,1.01
2372,8.84,337263.7364,-2290.94,0.24
2373,8.68,38.3029,-3252.06,0.25
2374,7.52,7.1286,-3589.47,0.39
2375,8.28,4766.7567,-4750.31,0.23
2376,8.68,399393.0523,-4002.91,1.02
2377,10.28,8309.2437,-4263.8,0.2
2378,5.64,482754.403,-4059.3,0.2
2379,8.0,186174.538,-3750.26,0.23
2380,4.64,21.925,-4013.87,0.24
2381,9.88,0.8453,-2267.06,1.06
2382,10.8,119091.3365,-3145.39,0.21
2383,6.48,71413.3682,-3431.72,0.23
2384,7.72,0.8933,-3522.03,0.33
2385,9.36,0.603,-3000.32,0.41
2386,5.48,41.1894,-3075.59,1.12
2387,10.28,3460.1723,-3500.21,0.21
2388,10.32,1063267.2138,-3256.27,0.25
2389,8.4,0.2964,-2754.66,0.22
2390,10.08,238644.3981,-3585.6,0.29
2391,8.44,1132889.1348,-4751.42,0.2
2392,7.64,719688.814,-2755.15,0.23
2393,9.68,7.2991,-3082.46,0.23
2394,7.28,0.0304,-4002.59,0.19
2395,10.0,8328.4098,-3005.05,0.24
2396,8.96,0.2846,-2752.69,0.25
2397,5.92,44.8266,-1742.05,1.07
2398,9.28,168270.3874,-2509.06,0.23
2399,6.8,182506.6812,-3008.81,0.21
2400,10.48,23790.373,-3031.73,0.23
2401,6.88,2.0173,-3292.87,0.27
2402,10.64,479723.4593,-3340.54,1.22
2403,9.64,893015.8572,-3528.53,0.31
2404,7.16,1500.758,-3754.61,0.29
2405,9.76,719700.771,-3510.05,0.36
2406,8.4,0.0624,-4000.08,0.31
2407,6.92,719690.2452,-3288.24,1.54
2408,8.92,455.8095,-3750.46,0.29
2409,8.28,1010.4432,-3502.73,0.29
2410,8.56,386.065,-3562.04,0.37
2411,9.2,0.2088,-3002.1,0.22
2412,7.48,65946.8291,-3003.09,1.01
2413,9.92,1482.8656,-3615.82,0.24
2414,7.32,28.7916,-3018.88,0.2
2415,8.48,623.96,-3780.78,0.27
2416,7.68,475235.7512,-3005.19,0.2
2417,7.04,1385206.7954,-3103.46,0.99
2418,11.24,2.2883,-2539.21,0.22
2419,8.32,238984.1498,-3094.68,0.19
2420,10.4,2.7972,-3564.37,0.19
2421,8.6,119841.7354,-2808.19,0.22
2422,6.76,2703.5748,-3001.64,0.99
2423,8.56,359845.5381,-2779.48,0.21
2424,10.84,119082.0791,-3768.94,0.21
2425,12.08,484233.751,-3256.05,0.22
2426,7.16,428536.8109,-3500.96,0.25
2427,7.48,8.9981,-3222.6,0.98
2428,9.84,359709.6484,-3554.53,0.19
2429,11.12,23864.3816,-3012.61,0.24
2430,8.08,0.7224,-3267.85,0.19
2431,12.08,359882.4831,-4002.74,0.2
2432,6.84,9.1394,-3222.22,0.2
2433,10.84,2256.0453,-3634.62,0.18
2434,9.6,361065.3962,-3255.96,0.19
2435,11.6,9.3407,-3829.28,0.27
2436,8.16,200524.7969,-2763.92,0.22
2437,12.4,332396.8261,-4005.16,0.18
2438,6.36,39.0611,-3769.42,0.96
2439,9.96,19.6876,-3500.45,0.2
2440,9.0,359738.0738,-2698.08,0.18
2441,9.72,358600.4922,-2762.86,0.2
2442,7.24,16617.0038,-3000.33,0.2
2443,6.56,77.0606,-3005.37,1.45
2444,11.36,1087446.8365,-4501.61,0.18
2445,6.64,65947.0994,-3251.04,0.2
2446,9.56,5799.8777,-3559.82,0.21
2447,7.2,65947.1848,-3000.32,0.19
2448,7.92,424728.3694,-4179.18,0.87
2449,9.52,724608.661,-2691.1,0.24
2450,9.8,191806.3997,-2004.49,0.17
2451,6.88,2.4079,-3310.45,0.21
2452,7.92,10.4473,-2659.34,0.18
2453,8.32,381.7268,-2781.5,0.89
2454,10.32,0.2453,-3005.27,0.22
2455,8.64,34.0753,-4000.33,0.23
2456,11.4,66383.0134,-3443.32,0.2
2457,8.8,359844.4697,-3000.95,0.2
2458,8.0,119908.1428,-2786.94,1.03
2459,7.72,359965.911,-2529.62,0.19
2460,7.12,0.0836,-2001.06,0.18
2461,7.24,360142.2997,-3633.28,0.2
2462,9.32,1.4249,-2034.78,0.19
2463,9.84,2569.2763,-3294.35,0.94
2464,9.96,754.2238,-2501.45,0.19
2465,7.96,169401.4492,-3551.29,0.23
2466,9.68,33916.908,-2578.73,0.22
2467,7.96,240844.6865,-2794.07,0.24
2468,7.0,9.0974,-3222.26,0.95
2469,6.32,119905.6576,-2785.73,0.19
2470,8.8,290367.5302,-4008.67,0.23
2471,9.36,366548.2914,-3255.52,0.19
2472,6.6,1232.7994,-3751.71,0.19
2473,7.0,0.2291,-2503.6,0.91
2474,10.04,0.4606,-3756.2,0.2
2475,7.28,0.178,-2502.14,0.22
2476,10.4,428734.0536,-3502.44,0.19
2477,8.6,359875.6923,-4008.85,0.23
2478,10.48,7.8185,-2945.32,0.24
2479,8.0,35.7052,-2513.92,1.05
2480,10.0,352344.7734,-3250.33,0.27
2481,11.64,359683.9262,-2757.48,0.22
2482,7.68,592364.351,-4757.57,0.23
2483,9.4,359699.7831,-2329.48,0.2
2484,8.2,329733.5657,-3251.43,1.08
2485,8.32,2.0406,-2501.35,0.2
2486,9.84,354258.1932,-2001.5,0.19
2487,7.76,1094258.9339,-3281.03,0.19
2488,9.32,5.2157,-2067.73,0.28
2489,8.6,119089.8525,-3173.38,1.11
2490,9.4,237881.7194,-3314.19,0.19
2491,9.04,680144.3584,-3514.56,0.19
2492,9.16,5782.1663,-4044.78,0.21
2493,8.4,118939.5881,-3500.47,0.21
2494,11.92,1500.4772,-3751.1,0.93
2495,8.84,64474.0371,-2751.01,0.2
2496,7.36,2.8611,-2784.16,0.25
2497,8.2,234756.7588,-3763.62,0.19
2498,10.48,362502.3285,-3500.17,0.21
2499,8.16,71364.0238,-3500.53,0.96
2500,10.92,43042.165,-3278.79,0.2
2501,8.76,337243.9173,-3690.23,0.19
2502,8.84,32247.849,-3639.01,0.18
2503,7.12,719688.6743,-3501.64,0.19
2504,10.6,1653141.3176,-3500.17,1.0
2505,11.12,0.465,-2761.53,0.2
2506,10.36,360262.8956,-2750.18,0.18
2507,9.0,538442.0561,-3514.52,0.21
2508,8.56,70564.0055,-3784.13,0.26
2509,10.72,3.061,-2763.85,0.9
2510,5.6,356819.9317,-3500.4,0.19
2511,8.52,56468.1452,-3071.2,0.2
2512,6.88,5.202,-2377.18,0.18
2513,8.2,480215.5581,-4525.39,0.19
2514,12.08,2703.5297,-2501.07,1.1
2515,10.32,714424.7663,-2751.39,0.19
2516,7.72,413286.7598,-4538.97,0.19
2517,4.56,336599.8388,-4500.86,0.21
2518,9.6,0.7775,-4006.22,0.2
2519,6.56,0.303,-2502.75,0.21
2520,6.44,384.8676,-3122.6,0.2
2521,9.28,35.9129,-3250.25,0.19
2522,9.24,127104.1532,-2750.84,0.19
2523,8.16,3888.1529,-2696.0,0.2
2524,6.76,1.3836,-3282.17,0.23
2525,8.6,526220.0324,-3043.66,0.91
2526,6.0,80.0776,-3501.89,0.23
2527,9.72,181678.9758,-2257.62,0.33
2528,8.88,0.2408,-2755.33,0.21
2529,9.64,26.4705,-3114.53,0.21
2530,6.6,340067.507,-2510.47,1.53
2531,8.84,359845.3278,-4000.13,0.2
2532,9.88,674480.4083,-3287.19,0.18
2533,5.76,0.072,-3500.93,0.18
2534,9.92,404739.6439,-2780.61,0.18
2535,9.16,119943.7608,-2770.79,1.09
2536,8.08,359844.5313,-2255.7,0.19
2537,11.04,4766.5242,-3501.75,0.19
2538,9.28,5521.8913,-2752.63,0.25
2539,8.56,8308.5701,-2500.33,0.27
2540,6.68,770.2285,-3751.53,1.42
2541,7.44,122605.7759,-3785.26,0.22
2542,10.08,55.2769,-3757.01,0.23
2543,11.0,32236.9511,-3750.35,0.2
2544,6.08,11.2625,-3482.75,0.3
2545,8.32,56465.3027,-3500.22,1.1
2546,7.2,237898.359,-3250.31,0.18
2547,8.04,32236.7492,-3251.38,0.2
2548,10.0,833680.513,-3000.4,0.17
2549,7.28,2852.0783,-2578.68,0.26
2550,7.48,102.2552,-3060.91,1.07
2551,9.04,23814.7844,-3443.07,0.19
2552,8.44,2806.5794,-2558.58,0.19
2553,7.84,2.3572,-2771.7,0.21
2554,7.2,8315.0674,-3338.99,0.19
2555,8.6,471463.9315,-3201.04,1.03
2556,11.24,238563.6175,-3000.67,0.49
2557,11.68,118942.5236,-2259.74,0.24
2558,8.2,26493.3252,-2298.25,0.39
2559,9.36,709164.7486,-4250.11,0.26
2560,7.2,572580.2922,-4049.86,0.22
2561,6.76,359742.5139,-3045.3,0.22
2562,8.8,3.7914,-2797.03,0.22
2563,7.68,239933.8231,-3251.98,0.22
2564,8.4,39693.0632,-3541.97,0.22
2565,8.08,1055228.9196,-3500.43,0.24
2566,10.0,421.3026,-4257.23,1.08
2567,9.2,38.2898,-3078.49,0.19
2568,8.52,134550.4518,-4355.63,0.21
2569,8.68,574708.306,-4258.55,0.21
2570,7.6,1156.7822,-2562.25,0.21
2571,8.12,587725.9234,-4000.35,1.16
2572,9.2,517408.8616,-3438.76,0.2
2573,7.52,355283.2007,-3561.15,0.2
2574,8.76,119083.7337,-3500.47,0.21
2575,7.6,3063.1089,-3251.57,0.19
2576,10.6,1.9061,-2751.59,1.1
2577,8.96,392405.6869,-3059.3,0.21
2578,10.2,496945.1534,-3250.74,0.26
2579,9.48,0.0836,-3750.67,0.21
2580,8.84,1799113.7831,-4273.04,0.24
2581,9.88,422845.7768,-4008.69,1.08
2582,7.76,2246.1371,-4013.62,0.31
2583,9.6,5.7396,-3143.31,0.25
2584,10.4,684257.3948,-3314.07,0.18
2585,6.72,0.3643,-2756.9,0.22
2586,9.32,389059.8054,-3784.2,1.01
2587,9.96,132612.6175,-3505.65,0.18
2588,7.72,14.2662,-2501.74,0.19
2589,6.92,564.1784,-1607.42,0.2
2590,6.8,0.1647,-2002.38,0.2
2591,11.08,688920.0719,-3701.44,1.06
2592,9.36,65959.6908,-3191.92,0.2
2593,9.96,623.285,-2757.58,0.2
2594,9.48,32236.7963,-2751.82,0.24
2595,8.2,16222.0766,-3531.31,0.21
2596,9.44,23789.2552,-3250.78,1.05
2597,10.44,118940.8586,-2774.12,0.18
2598,12.68,2570.6612,-2613.05,0.18
2599,10.4,119563.9133,-2541.52,0.2
2600,9.32,7.3958,-3294.8,0.24
2601,6.76,32659.3312,-2764.27,1.23
2602,10.28,1048409.9798,-3005.57,0.22
2603,10.48,360166.6799,-4251.46,0.24
2604,12.56,1006.1501,-2503.44,0.24
2605,9.2,611863.8286,-3250.19,0.23
2606,10.44,2.7732,-2315.07,0.23
2607,6.88,157.4422,-3004.18,1.0
2608,4.76,0.1253,-3501.65,0.78
2609,8.08,1.662,-2538.97,0.22
2610,10.76,5.8496,-3019.15,0.22
2611,11.8,127125.9785,-3750.14,0.21
2612,8.2,383737.2799,-2390.36,0.96
2613,10.48,0.4874,-4752.34,0.2
2614,9.24,0.3712,-2258.89,0.19
2615,9.44,719958.545,-3500.2,0.22
2616,8.36,360176.0834,-2888.26,0.25
2617,10.36,381.0992,-3269.98,0.88
2618,9.72,362787.7456,-2759.64,0.23
2619,9.4,1.5604,-3038.55,0.22
2620,10.08,2799.5197,-2505.03,0.23
2621,6.76,1.1502,-3265.07,0.18
2622,9.56,119903.106,-3028.57,0.92
2623,9.12,65947.0137,-3001.2,0.21
2624,10.6,168270.0298,-3750.19,0.2
2625,7.2,169695.1536,-3012.33,0.2
2626,7.6,118952.829,-2331.4,0.2
2627,9.28,1.2123,-3513.68,0.94
2628,6.4,73257.5745,-3528.29,0.18
2629,10.48,302465.2533,-3028.77,0.24
2630,10.56,355256.9686,-2779.72,0.23
2631,9.6,65948.7796,-2044.9,0.26
2632,8.32,1.7812,-2789.47,1.25
2633,8.28,5.6148,-3639.2,0.23
2634,8.48,1189054.889,-4057.65,0.19
2635,6.2,131.4576,-2750.45,0.19
2636,9.28,169434.4142,-3501.53,0.23
2637,10.6,2585.534,-3501.0,0.96
2638,7.6,32237.1394,-1760.4,0.21
2639,9.6,0.2936,-3752.14,0.23
2640,9.6,1285.1171,-3501.1,0.23
2641,9.28,2706.0024,-2561.69,0.19
2642,8.04,33912.0166,-4278.96,0.87
2643,7.68,364560.6439,-3000.96,0.21
2644,8.6,692565.9361,-3002.65,0.19
2645,9.36,0.1585,-3501.43,0.26
2646,8.64,363875.1368,-3258.83,0.2
2647,7.48,359923.8421,-3836.05,0.22
2648,8.52,871981.1145,-3250.13,0.36
2649,8.12,1427285.5312,-3847.83,0.18
2650,8.8,1.3539,-3500.83,0.21
2651,12.48,360084.3853,-2765.7,0.24
2652,11.2,10.7329,-2953.19,0.23
2653,11.84,1047.8631,-2532.57,0.9
2654,6.8,119911.1088,-3006.25,0.2
2655,9.64,41.4844,-3048.3,0.22
2656,10.28,674462.5294,-3251.12,0.21
2657,10.0,1055043.477,-3005.56,0.2
2658,8.64,577034.6904,-3754.68,0.97
2659,11.56,355398.2282,-2268.43,0.2
2660,10.68,53.9817,-4001.81,0.22
2661,11.32,144765.3962,-3564.98,0.2
2662,10.04,0.7531,-2763.91,0.2
2663,8.08,0.088,-3001.89,1.01
2664,8.12,121185.9406,-3751.01,0.19
2665,9.56,359702.9325,-2114.03,0.19
2666,10.72,42260.7118,-3503.4,0.22
2667,9.56,175.4066,-3004.37,0.19
2668,8.68,138.3071,-3044.11,0.94
2669,8.44,168672.7082,-3083.16,0.18
2670,10.44,1500.5145,-3751.67,0.19
2671,6.2,169397.0078,-3500.31,0.21
2672,11.64,481527.1861,-2639.19,0.24
2673,10.12,359665.0596,-3018.24,0.92
2674,9.72,340066.927,-3501.28,0.19
2675,7.04,0.5976,-3264.33,0.22
2676,8.16,2684.3261,-3751.6,0.22
2677,9.44,10.6171,-3014.33,0.18
2678,8.92,2978.2818,-4000.11,0.87
2679,10.36,24.208,-3251.82,0.19
2680,5.72,2.7077,-2557.44,0.18
2681,9.08,3976.7634,-2890.79,0.2
2682,10.88,772543.1082,-4000.19,0.2
2683,8.72,2.9584,-1534.21,0.99
2684,7.24,360710.486,-3758.2,0.18
2685,8.96,8.3138,-2872.69,0.19
2686,7.04,664.0527,-3019.09,0.3
2687,9.48,169593.1494,-3529.81,0.18
2688,7.2,25.0966,-2750.87,0.22
2689,10.08,10972.513,-3010.91,0.26
2690,9.84,900393.5469,-2526.73,0.19
2691,6.04,154040.0468,-3046.02,0.29
2692,11.44,120500.0404,-3079.14,0.33
2693,9.88,41.755,-3044.26,0.28
2694,7.92,148608.236,-2004.35,1.55
2695,5.28,359844.4444,-2503.39,0.2
2696,10.04,131894.6087,-3251.05,0.22
2697,6.4,551088.3586,-3758.12,0.21
2698,12.24,1154.2407,-3500.14,0.17
2699,9.36,132325.1491,-2325.91,1.0
2700,7.6,0.2213,-2505.39,0.22
2701,7.12,23790.4396,-3030.57,0.19
2702,5.32,56583.0278,-4755.85,0.22
2703,9.8,0.32,-2757.88,0.23
2704,9.04,114734.4372,-3890.34,0.84
2705,9.96,57.4209,-2814.48,0.21
2706,10.68,34300.7969,-2506.57,0.18
2707,9.28,0.3328,-2504.42,0.23
2708,8.04,8331.0766,-2813.2,0.17
2709,8.88,359565.3478,-3219.82,0.97
2710,8.68,22.9588,-3500.06,0.31
2711,11.12,770634.5238,-3009.88,0.22
2712,10.4,15.3083,-3500.63,0.21
2713,8.48,119073.08,-3294.19,0.23
2714,7.6,398005.3165,-3001.44,1.04
2715,8.48,380.6994,-1773.27,0.36
2716,7.6,362400.4543,-3507.54,0.32
2717,8.36,65946.7367,-3750.17,0.43
2718,10.4,532104.5292,-4055.01,0.29
2719,7.56,1.343,-2783.03,1.12
2720,11.44,928575.5776,-3501.04,0.22
2721,9.52,2.6781,-4250.38,0.21
2722,8.16,10270.4089,-2280.67,0.19
2723,9.48,4897.507,-3250.17,0.2
2724,9.48,421.9554,-3000.28,1.04
2725,10.68,65951.168,-2817.51,0.23
2726,10.2,1.9146,-3025.41,0.19
2727,8.28,66042.8878,-3110.22,0.25
2728,9.56,335731.3765,-3020.82,0.29
2729,7.48,1.2715,-2282.53,1.08
2730,9.08,243098.3128,-4345.82,0.22
2731,8.56,1006.2884,-3753.84,0.21
2732,7.68,359897.8422,-2062.15,0.24
2733,8.92,695893.1817,-3000.23,0.17
2734,8.4,1060376.1048,-4000.68,0.18
2735,11.0,353237.3512,-2504.16,1.03
2736,7.68,7.67,-2809.33,0.24
2737,7.32,0.8261,-2520.49,0.2
2738,9.12,47.2261,-2127.6,0.21
2739,8.6,0.2408,-3250.26,0.26
2740,9.68,454685.0056,-4076.63,1.62
2741,10.72,785327.9986,-2775.95,0.23
2742,8.04,1011816.7304,-3814.31,0.27
2743,5.96,1.0604,-3018.01,0.21
2744,8.88,121870.0088,-2576.51,0.21
2745,8.96,1503.8244,-3028.3,1.08
2746,12.12,344297.1251,-2756.69,0.27
2747,9.4,480203.8999,-3076.01,0.18
2748,10.04,2.7017,-2815.03,0.19
2749,11.96,2566.1092,-2253.29,0.26
2750,8.72,7.6253,-2439.67,0.97
2751,7.96,719695.229,-4532.7,0.25
2752,8.32,356829.4296,-3236.68,0.22
2753,9.64,2.5674,-2750.17,0.23
2754,7.32,39.6552,-3018.37,0.2
2755,8.76,720589.9795,-3500.29,1.06
2756,7.36,3.4286,-2779.25,0.2
2757,11.12,10.8997,-2013.55,0.26
2758,7.84,360769.6035,-3263.99,0.22
2759,8.8,0.8779,-2022.8,0.2
2760,8.28,446280.6774,-3598.03,0.9
2761,5.6,0.0382,-2750.57,0.23
2762,7.6,119076.295,-3280.81,0.22
2763,11.6,96.7796,-2507.42,0.18
2764,12.36,1070467.5299,-3842.89,0.22
2765,8.8,720173.9922,-3939.48,1.06
2766,9.08,842.6772,-2769.01,0.21
2767,8.0,5449.0732,-3250.16,0.22
2768,10.08,19.7204,-3500.33,0.21
2769,10.56,243599.3756,-3017.96,0.19
2770,8.92,359991.9034,-3549.28,0.89
2771,5.76,11.8498,-3501.6,0.21
2772,10.04,4854.8923,-3500.21,0.2
2773,10.64,47712.654,-3503.43,0.21
2774,9.48,65961.0243,-2489.33,0.24
2775,9.4,360285.1323,-2529.42,0.24
2776,6.28,27.3522,-3377.88,0.23
2777,8.0,177128.5788,-3250.15,0.2
2778,10.76,67688.967,-4044.34,0.23
2779,8.28,1.2165,-3014.83,0.21
2780,10.4,356820.2953,-2009.4,0.41
2781,7.44,145.4961,-3251.93,1.15
2782,9.56,43054.0642,-2756.2,0.21
2783,10.56,361452.4799,-2760.49,0.29
2784,8.4,238185.5002,-2836.26,0.25
2785,7.44,5.0946,-2811.71,0.19
2786,9.8,5739.6832,-3769.01,0.89
2787,6.68,832139.8053,-5302.54,0.42
2788,9.68,168421.9244,-3251.47,0.22
2789,9.0,1008.3078,-3504.69,0.35
2790,9.76,37.6922,-4438.55,0.26
2791,7.12,0.0893,-3251.6,1.02
2792,8.2,2805.7684,-2557.8,0.23
2793,8.44,0.356,-3758.07,0.24
2794,10.76,455767.8666,-3018.67,0.2
2795,7.68,360091.082,-3000.55,0.21
2796,4.68,0.2207,-2755.37,0.94
2797,10.76,372077.3435,-3251.43,0.2
2798,7.48,674462.9443,-3000.37,0.2
2799,6.16,193563.6711,-3502.26,0.17
2800,10.12,359846.1964,-2769.32,0.21
2801,8.56,0.329,-3003.25,0.9
2802,9.2,1285.3923,-3004.12,0.18
2803,11.04,0.0524,-3001.07,0.21
2804,9.36,20.0057,-3507.47,0.2
2805,9.04,421.0384,-2251.81,0.26
2806,8.16,122412.576,-3513.6,0.99
2807,10.6,750.3766,-3250.25,0.22
2808,9.16,719068.4115,-3773.21,0.25
2809,11.8,119082.2468,-3020.86,0.21
2810,6.52,1.7798,-2527.33,0.18
2811,8.68,65982.157,-2127.0,1.05
2812,8.4,386643.6786,-3028.57,0.36
2813,11.8,719863.2545,-2501.15,0.34
2814,8.48,11139.6314,-3751.57,0.33
2815,11.04,67892.6286,-2761.46,0.25
2816,10.36,42921.248,-2250.61,0.25
2817,6.96,24.7626,-2766.53,0.2
2818,8.28,1291.6937,-2407.09,0.3
2819,9.72,119200.2059,-3000.4,0.22
2820,12.76,10263.948,-3251.21,0.23
2821,9.56,8.7994,-3219.76,0.22
2822,8.28,71364.2487,-1755.08,0.92
2823,7.68,362446.3654,-4522.98,0.22
2824,9.28,65759.2013,-2513.72,0.2
2825,10.84,0.0222,-2500.23,0.25
2826,10.6,4854.7256,-2252.66,0.26
2827,8.48,784162.0518,-3500.18,1.03
2828,8.32,1013.9698,-2695.89,0.27
2829,10.16,2685.694,-3750.66,0.2
2830,10.76,2.5178,-2312.56,0.25
2831,8.12,42.5871,-2359.08,0.23
2832,8.96,3.4597,-3037.15,1.15
2833,8.32,57750.4442,-2501.98,0.21
2834,11.0,4123.0516,-3784.62,0.29
2835,10.6,42890.199,-3261.96,0.31
2836,8.88,112938.9894,-3951.63,0.23
2837,10.36,362657.6513,-3257.29,0.94
2838,10.28,758.4656,-2704.59,0.32
2839,7.56,2355.3431,-4251.66,0.31
2840,5.64,5600.3909,-2796.14,0.21
2841,8.52,797.9944,-3502.38,0.23
2842,10.2,2251.0264,-3509.05,1.11
2843,6.56,9625.0301,-3540.12,0.29
2844,11.04,359386.9815,-3022.33,0.23
2845,9.24,838721.1298,-3015.16,0.25
2846,8.08,120019.7412,-3750.27,0.41
2847,7.8,0.3084,-3500.85,1.58
2848,9.2,1.1827,-2502.75,0.35
2849,9.6,39691.9247,-3010.65,0.37
2850,10.08,363407.3977,-2021.88,0.25
2851,8.84,10.3114,-2562.14,0.24
2852,8.76,134956.8537,-3550.76,2.13
2853,6.88,32249.2956,-3061.49,0.43
2854,10.12,43283.5821,-4500.15,0.39
2855,10.44,0.6879,-4250.13,0.27
2856,4.24,67850.4211,-3271.89,0.28
2857,8.72,229457.5033,-3501.32,1.31
2858,7.84,2723.1842,-3258.63,0.31
2859,7.32,0.0634,-3500.7,0.56
2860,9.04,1076217.8788,-3367.16,0.33
2861,8.36,65949.0853,-2809.44,0.29
2862,7.12,2.3278,-2807.92,0.28
2863,9.44,38.3056,-2001.98,1.18
2864,5.04,136.2635,-3253.56,0.3
2865,8.04,19.3418,-3252.03,0.3
2866,8.6,0.028,-3250.29,0.25
2867,7.64,359664.3592,-3001.46,0.3
2868,7.2,119123.0845,-4040.63,1.42
2869,10.92,21.7896,-2856.23,0.28
2870,10.64,1079748.9237,-4144.12,0.37
2871,7.52,0.0989,-3002.16,0.3
2872,9.16,4.8671,-2529.75,0.39
2873,8.76,1241983.8228,-2252.89,1.26
2874,9.92,269154.9082,-3889.05,0.23
2875,8.24,0.0508,-2751.09,0.33
2876,8.32,1196315.858,-4751.14,0.29
2877,8.76,33879.1835,-3000.26,0.32
2878,9.08,0.2606,-2005.36,1.23
2879,11.0,120.4976,-1751.81,0.25
2880,10.92,77.6112,-2751.66,0.3
2881,6.72,65955.7976,-2970.26,0.34
2882,10.72,1070494.1878,-4500.48,0.3
2883,9.2,338898.4332,-2869.42,1.35
2884,9.68,7492.3147,-3001.16,0.27
2885,5.56,1.9604,-3799.83,0.28
2886,9.8,402771.418,-3500.36,0.27
2887,8.6,199744.6863,-3253.06,0.34
2888,9.32,719811.0385,-3255.22,1.38
2889,8.6,135.7643,-3943.64,0.54
2890,8.24,719690.1056,-3038.14,0.29
2891,8.48,2.7114,-2561.62,0.35
2892,9.44,172099.6313,-2256.91,0.37
2893,12.2,3.5536,-3081.67,1.41
2894,8.68,841350.5505,-3506.92,0.29
2895,8.04,0.1262,-3251.86,0.31
2896,9.96,416634.9991,-2825.25,0.31
2897,9.44,19.3249,-3001.59,0.33
2898,9.88,231873.0411,-2322.81,1.37
2899,8.64,33398.8404,-2689.96,0.42
2900,8.88,120046.3032,-3254.94,0.33
2901,10.32,722452.8694,-3001.93,0.3
2902,4.44,359706.0821,-3785.87,0.25
2903,12.0,119946.4525,-2769.02,0.29
2904,9.52,359535.6379,-2297.51,0.3
2905,7.44,241034.2546,-3253.09,0.44
2906,9.2,1006.2573,-3501.64,0.69
2907,11.44,828869.8706,-4336.76,0.5
2908,10.24,360616.5597,-4003.9,0.34
2909,9.48,360084.326,-2263.63,2.05
2910,10.92,119083.7781,-2312.78,0.33
2911,9.12,160.2782,-2252.92,0.47
2912,9.8,78.6488,-2503.95,0.3
2913,10.72,475729.6268,-4006.23,0.3
2914,7.48,357834.1372,-3947.29,1.36
2915,8.8,359936.0499,-3042.92,0.28
2916,9.0,1303132.4298,-3500.16,0.31
2917,9.16,131917.6653,-3751.38,0.37
2918,6.2,0.0167,-2750.28,0.25
2919,13.52,3.1578,-3826.68,1.54
2920,9.08,2799.3662,-3500.57,0.32
2921,7.72,719585.6592,-2011.64,0.38
2922,10.36,0.4561,-2260.77,0.48
2923,8.88,1079533.0675,-2505.12,0.35
2924,8.76,0.2104,-2753.29,1.29
2925,10.64,120192.916,-3004.88,0.24
2926,11.32,169483.4737,-4000.96,0.21
2927,7.84,687981.0795,-2781.15,0.28
2928,7.64,0.2794,-2252.11,0.26
2929,9.64,0.3967,-2258.62,1.24
2930,7.88,138551.8618,-4250.27,0.39
2931,6.64,56522.8984,-2751.73,0.27
2932,9.04,166707.3779,-2260.45,0.27
2933,10.12,46.4661,-3163.81,0.32
2934,9.44,5772.0021,-3310.39,1.47
2935,7.44,0.7587,-2500.7,0.29
2936,8.8,619553.792,-4128.05,0.24
2937,8.52,13.5488,-3294.39,0.38
2938,8.64,0.0165,-3750.23,0.28
2939,9.32,829519.3625,-3263.66,1.63
2940,10.6,359741.2838,-3001.42,0.35
2941,8.4,1134164.6165,-4502.47,0.31
2942,8.36,387527.4655,-3271.52,0.4
2943,7.08,120040.5956,-2750.24,0.45
2944,3.76,0.2296,-2501.62,0.33
2945,5.8,2.6442,-3315.72,0.34
2946,9.04,100.1554,-3250.96,0.32
2947,9.88,5135.1462,-3079.96,0.28
2948,12.84,235345.175,-2815.28,0.26
2949,9.44,3124.531,-3250.27,0.32
2950,9.56,131913.2751,-3504.06,1.3
2951,8.16,665461.8678,-3992.06,0.31
2952,9.8,410133.609,-3508.59,0.41
2953,9.4,2.6291,-3311.83,0.27
2954,9.64,0.2363,-3002.65,0.26
2955,10.52,139599.324,-3500.43,1.65
2956,10.52,5007.2979,-3009.2,0.31
2957,7.52,43.1018,-3758.18,0.43
2958,10.16,39691.7793,-3250.37,0.41
2959,9.52,373949.4843,-2501.14,0.37
2960,9.84,399332.6982,-3287.77,1.46
2961,9.96,1124.5838,-3826.66,0.3
2962,8.44,56467.9242,-3815.02,0.32
2963,5.96,0.8878,-2772.8,0.37
2964,7.28,1384.9636,-3767.65,0.41
2965,9.24,0.4166,-3000.59,1.39
2966,9.4,465713.1412,-3537.05,0.81
2967,10.04,40.1256,-3037.97,0.24
2968,6.76,66215.0692,-3810.54,0.31
2969,11.48,530604.7212,-3501.65,0.34
2970,7.6,3.3914,-3332.35,1.39
2971,8.28,80.0322,-3076.46,0.31
2972,11.16,2741.9954,-3250.41,0.33
2973,11.64,362410.4871,-3755.27,0.42
2974,7.88,360208.7725,-2751.85,0.41
2975,9.28,355301.124,-2758.63,1.49
2976,9.96,76.0185,-3000.9,0.27
2977,10.04,156.3184,-2201.48,0.37
2978,8.08,11.4698,-3005.92,0.46
2979,9.24,38.1735,-2771.73,0.39
2980,7.76,431066.2657,-2500.3,1.48
2981,11.8,3.97,-3082.29,0.28
2982,8.04,49.7978,-3004.34,0.33
2983,9.96,904.5729,-3509.78,0.33
2984,8.16,0.5189,-2261.42,0.43
2985,7.88,359702.5286,-2751.02,1.47
2986,7.0,479716.423,-3753.87,0.34
2987,11.12,240.9518,-3250.2,0.28
2988,9.12,50280.2636,-3273.75,0.37
2989,7.24,337456.0136,-3072.09,0.52
2990,7.72,40.102,-3250.16,0.39
2991,10.72,119970.741,-3138.33,1.46
2992,9.24,126.4909,-3250.29,0.52
2993,10.0,0.3057,-2756.65,0.37
2994,9.36,622.7712,-2752.2,0.32
2995,8.56,0.6992,-2253.94,0.34
2996,8.48,2685.157,-3031.76,1.36
2997,10.12,0.015,-2500.25,0.3
2998,10.2,357964.1716,-3008.13,0.57
2999,9.56,7.6514,-3787.11,0.3
3000,8.16,118940.7405,-2277.95,0.42
3001,11.44,42262.272,-3145.6,1.44
3002,8.08,0.1694,-4002.23,0.36
3003,7.2,3028.6514,-2001.78,0.47
3004,10.2,6561.2157,-3500.22,0.75
3005,10.92,40705.6446,-3441.42,0.75
3006,9.48,120220.7924,-2502.14,2.16
3007,8.32,421.0987,-3253.52,0.35
3008,9.24,359899.786,-3501.53,0.31
3009,7.68,8158.065,-2750.44,0.29
3010,7.64,3.5646,-2501.56,0.38
3011,7.24,0.2266,-2255.23,1.47
3012,5.84,30.7076,-4000.16,0.36
3013,9.52,21.8911,-2544.56,0.36
3014,7.08,1302.6404,-2969.73,0.32
3015,6.84,124.199,-2799.39,0.32
3016,9.44,1070464.4632,-3559.33,1.52
3017,11.52,737409.4847,-3750.69,0.33
3018,7.76,359962.5308,-3520.28,0.91
3019,8.36,2806.9554,-2513.13,0.27
3020,6.92,0.2136,-2503.28,0.27
3021,8.64,1079544.3356,-3752.77,1.21
3022,8.68,378.8829,-3500.35,0.27
3023,9.04,168272.0436,-2301.35,0.31
3024,11.72,1993682.9136,-4005.24,0.22
3025,11.68,1186835.0113,-4000.16,0.22
3026,8.16,0.0637,-3000.8,1.02
3027,10.2,562.2764,-3059.81,0.22
3028,12.76,118941.2891,-4007.47,0.19
3029,7.28,0.1183,-3251.46,0.23
3030,8.36,5575.5072,-4298.41,0.26
3031,7.88,146.0554,-2753.5,0.28
3032,5.72,288284.2568,-3002.89,0.2
3033,6.0,359696.7291,-2752.01,0.21
3034,6.16,5620.592,-2810.67,0.19
3035,9.6,32281.4488,-3033.05,0.23
3036,7.56,359822.0124,-3620.66,0.21
3037,9.68,1285.1413,-3002.74,1.03
3038,11.28,402765.1533,-3007.84,0.21
3039,10.96,3040.2481,-3250.47,0.19
3040,11.32,360166.6022,-3250.17,0.28
3041,9.4,598539.63,-2811.64,0.18
3042,8.88,2829.299,-3254.19,0.92
3043,6.6,14.139,-2603.27,0.18
3044,9.48,559.9793,-3500.5,0.19
3045,8.48,20.4018,-1770.59,0.2
3046,8.56,719428.6491,-2752.21,0.18
3047,10.84,0.0388,-2250.83,0.93
3048,8.32,356846.2742,-3237.71,0.18
3049,9.0,453831.6002,-3059.34,0.17
3050,10.36,354340.958,-3020.4,0.19
3051,9.76,42190.7832,-2827.25,0.21
3052,9.24,239801.697,-3000.46,0.94
3053,9.44,393543.8139,-3255.11,0.2
3054,8.56,2722.0671,-3438.68,0.18
3055,10.24,359700.3358,-2841.05,0.18
3056,8.04,867786.1132,-4271.86,0.19
3057,7.2,295.5645,-3119.4,0.94
3058,9.2,294.7202,-3595.05,0.2
3059,13.08,0.0752,-2500.64,0.2
3060,11.04,4.6295,-2501.24,0.19
3061,7.32,0.0888,-3001.9,0.2
3062,10.76,238148.5616,-1648.69,0.95
3063,8.04,1.8982,-2298.44,0.28
3064,6.28,51.7084,-2328.37,0.19
3065,10.28,1799224.0412,-3063.05,0.24
3066,10.64,33881.4913,-3299.78,0.23
3067,7.8,671538.578,-3059.91,1.12
3068,10.8,386248.3524,-2763.59,0.2
3069,9.12,2.8637,-3571.0,0.19
3070,8.32,3085.208,-2347.12,0.24
3071,8.76,79412.9258,-3449.37,0.26
3072,10.04,47.3801,-4010.23,0.2
3073,7.68,359989.887,-2255.65,0.26
3074,10.76,39.4327,-1523.12,0.24
3075,6.36,1.6297,-3752.37,0.3
3076,7.84,185859.3353,-3751.75,0.24
3077,6.36,0.3282,-3005.65,0.22
3078,7.84,827471.5493,-3000.13,0.98
3079,9.6,0.0335,-3000.64,0.25
3080,8.72,120029.625,-3000.33,0.23
3081,8.72,835169.1177,-2276.76,0.24
3082,10.12,1.2669,-3269.54,0.22
3083,8.52,66003.3774,-4007.39,0.94
3084,9.28,11.7754,-2538.85,0.21
3085,11.8,756597.5726,-3336.03,0.2
3086,6.28,335737.9382,-3741.17,0.19
3087,10.24,475758.2353,-3251.12,0.26
3088,8.4,169395.8741,-4000.19,0.94
3089,9.04,125500.0146,-2758.15,0.24
3090,8.4,1141.9445,-3312.58,0.21
3091,9.08,704683.5165,-3750.15,0.18
3092,7.96,32236.7951,-3500.91,0.19
3093,7.24,113682.1185,-3251.21,1.08
3094,8.6,27.335,-3111.07,0.2
3095,10.64,1509.0926,-3965.98,0.2
3096,12.04,695909.1037,-3260.22,0.21
3097,7.64,977456.4611,-4000.09,0.22
3098,7.16,119920.4782,-4002.91,1.17
3099,6.64,5.5446,-3818.96,0.74
3100,11.56,719334.1829,-2638.26,0.22
3101,10.08,2775.5478,-3002.39,0.23
3102,10.28,2.5793,-2544.28,0.22
3103,9.56,0.0786,-2001.69,1.19
3104,10.44,4.2879,-2606.7,0.21
3105,9.96,70556.6455,-3507.3,0.35
3106,7.52,115.8507,-3544.32,0.32
3107,8.08,135350.5618,-4001.39,0.29
3108,10.28,8312.064,-3250.88,1.33
3109,8.36,239803.4495,-2294.55,0.25
3110,9.44,848249.884,-4329.04,0.2
3111,6.96,77.2606,-3751.46,0.28
3112,7.76,0.1576,-3003.6,0.24
3113,8.96,752.6897,-2310.23,1.45
3114,11.4,254500.4035,-2853.14,0.19
3115,8.92,148775.8365,-3610.82,0.19
3116,10.36,119908.8123,-3195.28,0.26
3117,4.88,290.8016,-4000.37,0.25
3118,8.0,5601.5922,-3501.45,0.23
3119,9.76,2903.8456,-2944.29,1.15
3120,7.76,223.8289,-2555.82,0.18
3121,6.84,0.1452,-1253.14,0.22
3122,9.88,25.4499,-2254.71,0.23
3123,6.36,239891.5565,-3142.64,0.22
3124,8.68,16.9316,-3212.69,1.4
3125,8.72,13.5035,-2559.32,0.39
3126,8.28,0.2715,-3501.18,0.28
3127,8.28,1.2904,-3503.26,0.27
3128,10.32,42379.4472,-2841.34,0.22
3129,11.4,790.2299,-3258.21,1.2
3130,11.88,4.1792,-3093.84,0.21
3131,9.4,76.9912,-3750.29,0.23
3132,10.4,1078853.8726,-3503.47,0.21
3133,7.12,145.785,-3005.04,0.22
3134,7.88,2822.2419,-3815.17,1.19
3135,9.32,3855.5983,-3001.35,0.21
3136,7.8,114734.4188,-3389.15,0.24
3137,10.96,645.6375,-3508.34,0.28
3138,8.96,559.9649,-4750.44,0.3
3139,6.4,340068.0716,-3513.94,1.03
3140,8.92,1534770.487,-4757.23,0.25
3141,8.92,38.5736,-2507.3,0.25
3142,8.88,1262056.9196,-2766.13,0.25
3143,10.28,560.5716,-3016.49,0.21
3144,8.76,5288.121,-3311.34,0.99
3145,10.44,29.2668,-2333.76,0.23
3146,9.56,32256.1666,-3504.66,0.23
3147,9.72,3.6232,-2088.98,0.2
3148,11.2,122064.044,-3324.38,0.18
3149,12.12,3803.7791,-4028.97,0.96
3150,11.64,0.0882,-3501.88,0.23
3151,10.48,96.9727,-2516.5,0.23
3152,7.64,340086.7753,-2766.38,0.28
3153,6.4,0.3148,-3003.39,0.26
3154,7.28,3.3162,-3291.0,1.06
3155,8.28,0.2762,-2506.66,0.19
3156,8.24,12.1497,-2259.62,0.19
3157,8.72,42394.3268,-3000.55,0.21
3158,9.8,65947.4601,-3503.85,0.25
3159,9.32,763.4938,-3030.11,0.22
3160,9.8,8.296,-3059.35,0.25
3161,7.32,120025.1264,-2396.43,0.22
3162,11.28,671454.7936,-3291.21,0.18
3163,8.88,70821.644,-3517.43,0.2
3164,8.16,2731.1704,-2250.31,0.2
3165,9.92,0.1097,-3251.64,1.05
3166,9.52,145.6789,-3252.39,0.24
3167,8.88,479937.455,-2254.41,0.19
3168,9.32,407242.0078,-5000.06,0.21
3169,10.92,0.3947,-1757.83,0.22
3170,6.16,32403.0666,-2781.29,0.97
3171,8.4,80.7714,-4048.72,0.22
3172,8.88,1020235.7639,-3750.15,0.2
3173,8.84,381.6172,-2295.1,0.27
3174,7.0,133.3022,-4020.24,0.28
3175,9.2,2692.6911,-4250.31,1.91
3176,8.12,384.7628,-2372.83,0.26
3177,7.28,23807.6664,-2715.97,0.29
3178,9.4,206.0441,-3309.08,0.26
3179,10.28,480.4569,-2575.36,0.3
3180,9.12,4766.7682,-2258.96,1.17
3181,8.68,25.4,-2653.64,0.2
3182,8.16,1079090.0262,-3500.14,0.21
3183,9.76,701886.5353,-4000.18,0.22
3184,9.12,128995.8808,-3500.93,0.22
3185,9.72,24.9666,-3304.55,1.11
3186,5.0,19.5959,-4250.61,0.18
3187,6.08,355284.1692,-3043.91,0.18
3188,10.84,2.5194,-3251.64,0.2
3189,9.08,1.9001,-3501.28,0.21
3190,6.72,359877.9096,-4000.12,1.21
3191,9.0,14.6929,-3703.81,0.3
3192,10.44,132253.7637,-4003.46,0.19
3193,6.52,6.3065,-3330.47,0.19
3194,7.72,359875.2386,-3250.81,0.21
3195,9.64,42892.2239,-2792.76,1.09
3196,8.88,0.4803,-3252.98,0.2
3197,9.8,56524.5799,-3280.37,0.2
3198,9.84,3125.4545,-2003.15,0.23
3199,9.32,459250.4504,-3507.49,0.23
3200,5.84,187306.2074,-4000.57,0.23
3201,9.2,634.0812,-3641.78,0.19
3202,7.52,589162.6208,-3253.55,0.18
3203,7.96,4911.8376,-2751.08,0.18
3204,10.44,72303.6366,-2827.38,0.2
3205,8.6,237879.7618,-3263.8,0.21
3206,6.88,59285.1684,-3772.5,0.88
3207,8.92,193.7767,-3014.45,0.22
3208,8.8,71400.467,-3500.48,0.21
3209,9.72,2.6906,-2756.98,0.23
3210,6.12,65977.1662,-3513.63,0.27
3211,10.2,3238599.2422,-3264.61,0.9
3212,7.24,647121.1234,-3296.87,0.2
3213,10.16,1156.096,-3014.19,0.23
3214,11.84,118939.686,-3251.6,0.22
3215,7.4,540378.7474,-3770.78,0.24
3216,6.4,32247.1152,-2504.84,1.06
3217,7.28,416168.4813,-3004.66,0.2
3218,7.68,359702.7857,-3500.37,0.22
3219,9.68,150.7121,-2838.39,0.21
3220,9.88,720590.3746,-3757.7,0.21
3221,10.36,125371.0046,-2508.22,1.14
3222,10.16,340074.924,-3699.72,0.21
3223,9.56,1285.1054,-3500.38,0.21
3224,9.52,67599.287,-3000.2,0.19
3225,9.64,2.504,-3312.18,0.27
3226,4.6,19.3856,-4250.83,0.9
3227,8.6,0.1738,-2503.29,0.17
3228,9.4,5.6565,-2639.2,0.2
3229,7.72,0.4025,-3501.52,0.23
3230,8.92,247912.1099,-3750.87,0.24
3231,9.04,2.0971,-2552.29,0.95
3232,9.08,0.5691,-2013.83,0.19
3233,7.8,3675.4442,-2764.02,0.19
3234,10.16,120014.3694,-3268.03,0.21
3235,6.32,356822.3649,-2002.08,0.21
3236,10.28,4.2612,-4000.1,0.96
3237,8.84,719616.253,-3001.11,0.19
3238,9.76,65946.7293,-2750.48,0.23
3239,12.0,0.2404,-2251.37,0.24
3240,8.92,360970.0746,-2817.33,0.23
3241,8.92,2.5808,-2283.54,1.04
3242,8.28,21.3368,-3000.29,0.22
3243,7.44,120013.7084,-3750.14,0.28
3244,11.32,6.2342,-3545.22,0.34
3245,8.48,151308.9788,-2767.69,0.23
3246,8.84,139.7615,-4500.67,0.28
3247,6.48,135698.4499,-3274.99,1.16
3248,10.2,3.7294,-2500.67,0.19
3249,10.8,2703.5496,-3002.81,0.19
3250,10.64,2569.89,-3753.46,0.25
3251,7.32,71364.4823,-3005.64,0.24
3252,7.0,112931.2275,-4250.09,0.96
3253,10.04,268747.0046,-1580.67,0.23
3254,11.0,83.5526,-3132.43,0.22
3255,7.28,360168.8404,-2756.68,0.24
3256,9.24,699674.6517,-3778.78,0.29
3257,7.6,180695.1379,-2761.62,1.61
3258,7.88,269148.153,-3253.05,0.21
3259,11.52,152915.2672,-4013.54,0.23
3260,8.8,7.492,-2112.62,0.22
3261,10.56,9.9948,-2530.07,0.24
3262,7.04,96.8228,-2256.81,1.19
3263,8.24,59.8325,-3002.46,0.2
3264,11.96,1078994.7683,-3294.78,0.37
3265,10.12,360180.3947,-3300.93,0.31
3266,8.96,4578.3025,-3501.13,0.23
3267,6.52,120020.2186,-2870.27,0.93
3268,9.44,1285.3029,-2755.63,0.21
3269,9.72,2589389.3151,-4029.88,0.17
3270,8.96,67037.679,-2502.55,0.21
3271,7.4,719240.169,-3283.11,0.24
3272,11.44,2035.3009,-2000.31,1.07
3273,10.04,278229.6284,-3500.37,0.19
3274,9.6,241472.0483,-2780.33,0.22
3275,11.32,356944.7975,-4267.89,0.19
3276,10.84,1033900.5964,-2804.57,0.2
3277,7.84,429.3133,-2769.72,1.3
3278,6.4,56468.313,-3500.65,0.2
3279,9.88,364182.0862,-3692.48,0.2
3280,6.16,65946.7524,-3250.43,0.23
3281,8.44,354258.496,-3005.2,0.23
3282,6.68,120036.5367,-3190.6,0.96
3283,8.28,1248488.5454,-2567.89,0.23
3284,7.4,359533.8496,-1752.88,0.18
3285,9.04,384583.9769,-3030.46,0.24
3286,9.72,100.9605,-1779.41,0.22
3287,9.08,241167.7176,-3001.1,0.25
3288,10.16,19.906,-2511.83,0.25
3289,6.2,724819.5458,-3752.4,0.22
3290,9.52,340070.3793,-3088.2,0.27
3291,6.2,147.7987,-3500.93,0.24
3292,8.44,534790.754,-2778.23,0.26
3293,9.08,723002.2644,-4001.73,1.09
3294,10.56,44357.8326,-4191.95,0.21
3295,11.0,15.6618,-2197.19,0.22
3296,7.32,23804.2681,-2658.52,0.22
3297,12.08,622.951,-3500.15,0.21
3298,7.48,32236.9006,-3504.29,1.06
3299,11.28,352433.307,-3501.05,0.18
3300,9.68,360083.8573,-3250.33,0.21
3301,7.16,2802.5604,-3752.6,0.22
3302,8.16,3.8095,-2505.62,0.22
3303,9.64,722099.1237,-3307.52,0.82
3304,7.08,2741.9966,-3500.41,0.26
3305,7.48,67865.9958,-4179.21,0.2
3306,9.0,119298.1644,-2502.99,0.17
3307,7.56,4.3412,-3827.6,0.2
3308,6.68,65947.5996,-2515.69,0.94
3309,8.24,1.644,-2040.74,0.19
3310,7.56,123.8704,-2753.57,0.28
3311,8.72,1626.0064,-4500.13,0.24
3312,9.0,122.0127,-3000.95,0.26
3313,8.48,693509.6616,-4000.36,0.98
3314,7.72,359697.2039,-2750.41,0.19
3315,8.4,176514.1739,-2929.46,0.19
3316,11.08,25.652,-2754.3,0.19
3317,12.32,42897.0844,-2941.36,0.29
3318,7.64,121.6262,-3754.26,0.95
3319,9.32,874068.4798,-3514.8,0.23
3320,5.76,120014.067,-3004.97,0.24
3321,9.16,41.6344,-2546.9,0.2
3322,9.24,10.6059,-1902.43,0.21
3323,8.32,406017.2124,-3296.87,1.1
3324,9.44,0.0229,-1000.4,0.23
3325,9.92,120077.0207,-3044.1,0.19
3326,8.28,85785.3638,-2751.5,0.21
3327,10.48,0.3334,-3750.11,0.23
3328,7.08,0.0798,-2003.82,0.22
3329,9.44,1163.4224,-3696.4,0.2
3330,7.96,118944.5566,-3813.43,0.18
3331,11.44,2692.7921,-3502.66,0.21
3332,10.8,2308.5773,-3502.47,0.27
3333,7.48,359874.7135,-2251.34,0.19
3334,7.32,241.1346,-3005.16,1.16
3335,10.48,359964.9712,-3500.15,0.19
3336,8.44,85778.2768,-3502.57,0.24
3337,6.88,49590.5848,-2782.93,0.82
3338,10.08,39690.4544,-2000.32,0.23
3339,7.84,122737.7435,-4758.72,1.14
3340,8.36,594981.6537,-3261.8,0.22
3341,6.96,1079090.236,-3504.82,0.23
3342,8.68,95154.9733,-3575.6,0.28
3343,5.68,0.4383,-2505.3,0.27
3344,8.76,1288.4612,-4563.67,1.26
3345,8.72,185175.9525,-4000.29,0.22
3346,7.8,120.538,-2000.43,0.21
3347,13.32,43517.1164,-3513.4,0.29
3348,8.24,340089.2601,-3318.81,0.23
3349,9.32,132273.2468,-3000.13,1.14
3350,9.36,462674.6911,-2795.03,0.25
3351,8.92,234742.5889,-3505.62,0.21
3352,9.92,69643.7393,-3500.54,0.21
3353,10.48,459973.0327,-3629.43,0.2
3354,7.88,6501.5979,-3441.98,1.36
3355,10.08,42.5427,-3250.46,0.34
3356,10.4,119910.3922,-2488.52,0.27
3357,11.16,689985.189,-3753.18,0.29
3358,6.2,35.2748,-2752.8,0.35
3359,7.24,77.2514,-1502.45,2.48
3360,10.2,78.4793,-2808.22,0.4
3361,9.2,897.037,-2821.58,0.39
3362,9.0,120018.0912,-3506.33,0.31
3363,6.68,71510.2429,-3020.07,0.45
3364,7.96,1.7889,-2750.65,1.4
3365,9.44,354259.4666,-3033.57,0.25
3366,9.96,546127.0032,-3001.27,0.27
3367,7.6,622.7425,-2500.93,0.29
3368,8.44,237895.6808,-3960.82,0.31
3369,10.04,0.9716,-2265.65,1.79
3370,10.12,38.0144,-3510.31,0.34
3371,9.28,0.0438,-3750.74,0.34
3372,8.04,360987.8325,-1008.3,0.36
3373,11.24,40470.2848,-3388.4,0.37
3374,8.12,12.3961,-1920.48,0.41
3375,8.12,23.6968,-3000.29,1.15
3376,9.24,2.0962,-1051.63,0.24
3377,11.28,458635.0475,-3500.71,0.29
3378,10.08,352339.6744,-3080.8,0.27
3379,10.52,121723.4211,-3000.5,0.27
3380,10.32,829439.2582,-3008.2,1.64
3381,9.12,2706.1546,-3558.18,0.34
3382,8.32,171069.5213,-3506.11,0.4
3383,9.44,0.4368,-1760.69,0.3
3384,10.72,1305.5314,-2859.55,0.36
3385,7.64,40435.4361,-3502.08,1.75
3386,9.24,67116.03,-3377.35,0.36
3387,8.72,1367.7963,-3003.86,0.55
3388,10.84,20.9772,-2975.62,0.32
3389,8.04,484649.8854,-3758.58,0.24
3390,10.56,114730.1424,-2535.33,1.21
3391,9.16,360084.7611,-2274.43,0.28
3392,9.28,1438806.146,-3258.55,0.32
3393,8.2,1079578.7357,-2756.36,0.31
3394,8.68,0.047,-2750.85,0.28
3395,7.88,0.4258,-4260.11,1.93
3396,10.32,720488.106,-4000.47,0.29
3397,9.44,7.1593,-2540.79,0.27
3398,7.32,148.1183,-3801.26,0.36
3399,5.8,31.3576,-3266.32,0.3
3400,10.76,355128.811,-2750.47,1.35
3401,9.88,1285.0835,-2000.32,0.27
3402,7.8,248121.6931,-2788.73,0.29
3403,5.96,3.0176,-3544.24,0.31
3404,8.76,4857.3575,-2751.7,0.46
3405,8.84,169447.5721,-1815.61,1.52
3406,5.64,175.6061,-3254.94,0.25
3407,8.2,169857.8905,-2558.0,0.25
3408,11.0,120025.5235,-3102.85,0.34
3409,8.04,2.2555,-2537.04,0.35
3410,8.76,2.7548,-2563.68,1.68
3411,7.8,380.5832,-3507.32,0.27
3412,9.96,478917.0409,-2007.68,0.27
3413,9.56,352673.7791,-3501.36,0.29
3414,9.96,2808.1893,-3472.43,0.36
3415,9.96,722306.7515,-3313.59,0.31
3416,7.8,1.6812,-3270.34,0.28
3417,8.16,2720.0788,-2816.17,0.3
3418,11.36,1075827.057,-4559.11,0.32
3419,9.2,1285.5924,-3508.21,0.41
3420,10.96,66026.3642,-3578.87,0.41
3421,9.12,359794.2424,-2506.67,1.36
3422,8.28,478775.9288,-3253.98,0.26
3423,7.4,187790.8422,-3288.98,0.29
3424,7.56,3020.2294,-3295.29,0.29
3425,8.88,243171.0656,-3528.48,0.3
3426,9.6,118940.3235,-3501.3,1.33
3427,9.32,71366.6621,-2285.06,0.33
3428,9.16,744834.2566,-3041.64,0.32
3429,10.8,1439377.9462,-4256.35,0.36
3430,10.56,354259.2444,-4000.13,0.37
3431,11.2,628.3261,-2710.61,1.39
3432,10.64,280902.6095,-3034.1,0.27
3433,9.76,152.014,-3252.09,0.39
3434,8.52,352336.0898,-2752.34,0.42
3435,10.12,0.4043,-2259.92,0.34
3436,7.84,359742.8781,-2250.65,1.45
3437,7.04,528114.3133,-3250.25,0.27
3438,7.88,1780.6674,-4046.46,0.3
3439,7.04,56465.9255,-2008.48,0.33
3440,7.76,1006.1454,-4250.15,0.31
3441,7.64,0.6561,-2516.13,1.31
3442,11.32,954596.5076,-3750.12,0.3
3443,9.24,361369.0407,-3001.88,0.28
3444,6.56,719898.2886,-3294.47,0.32
3445,8.0,716997.9504,-3579.01,0.35
3446,8.2,120049.9369,-2970.34,1.28
3447,10.52,790.2794,-1771.45,0.32
3448,8.76,714402.8978,-3297.66,0.22
3449,11.04,237880.8016,-2542.47,0.19
3450,9.92,118939.8418,-1257.27,0.2
3451,10.12,56845.1151,-4250.05,0.95
3452,8.56,67234.4266,-2783.39,0.21
3453,10.2,208.3466,-3518.53,0.2
3454,9.64,361888.265,-4028.57,0.24
3455,7.6,165772.6019,-2750.46,0.23
3456,5.52,8.7575,-2098.31,0.33
3457,9.36,65966.9958,-2769.28,0.22
3458,9.52,113937.592,-3504.39,0.24
3459,9.2,36.8143,-4500.17,0.23
3460,11.12,523654.0605,-3252.24,0.2
3461,10.16,380129.3046,-2974.35,0.22
3462,8.12,67849.0376,-2006.25,1.13
3463,9.68,804.3062,-2834.7,0.26
3464,9.24,365251.3223,-3000.3,0.21
3465,10.36,119081.5822,-4757.12,0.37
3466,9.4,362414.5946,-3268.29,0.3
3467,9.48,744275.3786,-2750.51,1.56
3468,8.64,359920.8434,-3509.13,0.35
3469,10.28,120.8996,-2750.84,0.34
3470,9.92,344232.5015,-3196.72,0.29
3471,9.88,712211.7459,-3027.19,0.29
3472,9.4,164932.1753,-2250.42,1.48
3473,10.16,366540.3662,-3000.42,0.25
3474,6.84,359703.2129,-3502.84,0.23
3475,11.16,119325.3028,-4251.12,0.37
3476,7.88,0.5332,-2761.02,0.28
3477,7.92,492394.0524,-3332.47,1.5
3478,11.0,373947.4773,-3785.78,0.26
3479,8.88,303826.9924,-2778.84,0.27
3480,8.56,65955.5537,-2251.63,0.28
3481,7.88,0.4772,-3258.67,0.29
3482,9.16,201684.3453,-2561.94,1.18
3483,7.56,90.441,-2252.98,0.32
3484,7.88,123.209,-3253.28,0.41
3485,9.04,335848.6578,-3007.64,0.4
3486,10.36,0.0224,-2500.45,0.26
3487,8.92,69746.4359,-2753.68,1.58
3488,5.72,699773.6409,-3502.81,0.37
3489,10.96,42.1157,-4000.21,0.32
3490,8.4,503678.7383,-4005.39,0.3
3491,8.96,2159070.1746,-3801.17,0.4
3492,9.16,32289.4793,-2754.89,1.55
3493,9.52,187781.0359,-3939.01,0.36
3494,7.04,5.1098,-4049.99,0.4
3495,8.16,1.266,-1767.92,0.27
3496,6.64,391939.2274,-3750.31,0.32
3497,8.08,2685.4432,-2273.0,1.42
3498,8.88,32236.8895,-3750.93,0.32
3499,8.32,719688.6436,-3750.27,0.33
3500,7.44,0.1539,-2750.68,0.3
3501,6.52,8311.7706,-3330.1,0.36
3502,9.32,2568.1507,-2544.1,0.36
3503,8.28,118941.3985,-2547.09,1.46
3504,7.64,2012.9146,-3505.69,0.32
3505,9.04,55869.5134,-3195.92,0.25
3506,9.36,788262.0426,-3501.4,0.35
3507,9.72,359922.5221,-3008.92,0.38
3508,7.24,23831.3015,-3920.27,1.52
3509,10.44,0.7636,-3750.38,0.28
3510,6.88,1070705.8763,-3618.37,0.28
3511,9.24,24.9316,-2389.23,0.26
3512,10.84,909.8309,-2544.87,0.33
3513,6.44,1550.2666,-4257.18,1.31
3514,8.96,19.3371,-3751.94,0.33
3515,10.2,33926.9017,-3002.43,0.38
3516,9.08,359877.3102,-3559.01,1.0
3517,8.56,598805.0957,-3252.36,0.41
3518,8.56,359699.3513,-2815.03,1.54
3519,8.04,760.0332,-4006.21,0.49
3520,5.92,112.1644,-3929.25,0.42
3521,8.4,2686.7433,-2321.14,0.39
3522,12.12,335728.2321,-2541.46,0.32
3523,9.4,2929.8552,-4061.56,1.58
3524,9.6,0.4819,-2757.71,0.34
3525,10.48,338940.8133,-3882.3,0.35
3526,11.4,362444.1356,-1586.82,0.35
3527,12.32,20.228,-2759.63,0.3
3528,9.48,335727.2566,-2517.07,1.49
3529,9.04,0.3574,-4000.74,0.37
3530,10.72,383.8429,-2788.25,0.34
3531,8.48,32245.8693,-3667.14,0.29
3532,7.16,146.7904,-3017.55,0.3
3533,8.68,3090.6195,-3137.06,1.42
3534,8.6,0.0189,-3000.29,0.3
3535,12.32,442596.947,-4500.1,0.38
3536,11.0,169449.9348,-2865.77,0.43
3537,10.12,118941.2738,-2002.47,0.27
3538,7.88,0.6453,-3007.26,1.63
3539,7.4,120.8082,-3008.49,0.29
3540,11.4,3.7291,-3316.4,0.3
3541,11.48,597401.3714,-4001.27,0.37
3542,9.96,112445.8469,-4000.49,0.33
3543,12.72,88651.7247,-3250.34,0.32
3544,9.44,474425.6729,-3506.42,0.29
3545,12.52,0.0407,-3750.15,0.32
3546,6.48,36605.5582,-3007.6,0.34
3547,11.16,11.765,-2267.9,0.29
3548,7.88,41.6914,-3579.49,0.3
3549,9.96,2.7641,-3050.68,1.4
3550,9.28,368956.4126,-2514.98,0.31
3551,12.76,5131.9631,-3500.29,0.3
3552,9.28,366362.6808,-3294.86,0.3
3553,7.56,760.081,-2006.54,0.24
3554,6.48,157.3709,-3797.7,1.39
3555,9.4,8.0424,-3200.35,0.29
3556,9.12,8.8597,-2501.07,0.45
3557,9.0,121763.8793,-2718.97,0.38
3558,7.2,1.5476,-2788.48,0.33
3559,7.44,131893.5766,-3254.19,1.24
3560,10.96,74.3374,-3691.53,0.22
3561,7.64,56466.6792,-2513.23,0.2
3562,9.44,101126.6285,-4009.52,0.21
3563,7.6,74006.5329,-4001.43,0.24
3564,9.56,24.9804,-2632.06,1.0
3565,7.72,984145.0383,-3294.78,0.19
3566,12.16,341595.9755,-3065.37,0.24
3567,10.92,120763.9352,-3501.27,0.23
3568,11.04,360166.6062,-2250.3,0.24
3569,6.76,363664.3547,-3502.27,1.13
3570,7.92,76.4714,-3500.66,0.22
3571,8.2,416677.1723,-3336.31,0.22
3572,9.04,359735.4572,-3507.99,0.27
3573,10.36,64527.737,-3750.92,0.22
3574,8.96,56466.269,-2513.13,1.21
3575,7.0,114745.985,-4032.81,0.25
3576,7.12,6607.2316,-3313.08,0.81
3577,11.48,1931354.5871,-3505.19,0.21
3578,8.84,65946.7804,-2001.87,0.33
3579,9.8,357242.0806,-2271.0,1.08
3580,8.88,0.0284,-2250.42,0.22
3581,6.4,24.5378,-3702.47,0.21
3582,8.16,119836.8812,-2750.44,0.21
3583,13.36,835280.3724,-3500.54,0.21
3584,6.32,20.1816,-2255.84,0.22
3585,8.28,9.8125,-2727.19,0.26
3586,8.6,2687.1847,-2573.98,0.3
3587,10.88,24693.2252,-2353.81,0.19
3588,7.64,127390.8494,-3051.88,0.2
3589,11.88,365215.7583,-2250.83,0.25
3590,7.52,4.4966,-3076.91,0.86
3591,7.88,3.0159,-3304.83,0.22
3592,8.76,725570.8938,-3335.01,0.2
3593,11.0,14.4037,-2310.11,0.2
3594,6.72,391408.6029,-3759.68,0.22
3595,7.4,120.4838,-2501.41,0.92
3596,8.16,1419782.9991,-3294.03,0.18
3597,10.28,3008.9494,-3081.1,0.25
3598,7.96,509173.337,-3519.33,0.2
3599,8.2,5765.1356,-3000.23,0.19
3600,10.16,33917.4005,-2750.21,0.93
3601,8.4,359877.4388,-2295.43,0.22
3602,8.76,1285.2,-3500.51,0.27
3603,7.08,67853.57,-3061.59,0.2
3604,7.08,23.0618,-1345.38,0.24
3605,8.2,474433.6484,-2755.14,1.12
3606,9.08,798361.3942,-4000.17,0.19
3607,8.72,2781.9388,-3501.92,0.24
3608,10.12,354931.9297,-3311.48,0.18
3609,11.48,121511.4408,-2397.65,0.23
3610,9.36,189806.6358,-3779.72,1.2
3611,9.12,0.02,-2500.26,0.23
3612,5.6,760.0118,-3002.96,0.24
3613,8.56,549.0617,-3652.68,0.26
3614,11.68,118940.3051,-4000.97,0.27
3615,9.8,191.0972,-2500.34,1.01
3616,9.04,2015.5347,-4754.79,0.2
3617,8.04,32390.486,-3545.24,0.21
3618,9.0,0.404,-2009.97,0.2
3619,9.44,71402.5736,-4000.31,0.19
3620,9.04,2.9328,-2510.34,0.9
3621,10.44,65946.841,-3753.06,0.21
3622,8.84,119016.1922,-3766.48,0.23
3623,10.64,23789.8039,-1797.21,0.24
3624,8.48,56523.8782,-3511.21,0.21
3625,8.12,473198.0816,-3256.2,0.97
3626,9.76,359908.2816,-2004.82,0.19
3627,6.0,0.246,-3500.4,0.2
3628,8.88,112934.0479,-3331.71,0.2
3629,10.32,34312.604,-3546.66,0.21
3630,9.24,2.4857,-2766.26,0.18
3631,7.16,0.811,-3255.19,0.9
3632,9.96,37111.0252,-3254.67,0.2
3633,9.2,65947.4755,-2509.69,0.24
3634,9.48,424556.031,-2504.84,0.2
3635,6.16,2704.1749,-3500.53,0.22
3636,10.28,1155966.4379,-4005.19,0.99
3637,8.52,38.4539,-2775.61,0.2
3638,8.92,7565.7397,-3751.05,0.2
3639,10.08,195.1022,-2812.28,0.23
3640,8.36,43.733,-4003.7,0.21
3641,7.6,2.7063,-2067.58,1.04
3642,8.0,25.4974,-2150.12,0.22
3643,9.16,78839.8324,-3271.94,0.26
3644,9.48,26.8566,-2827.82,0.24
3645,7.56,479888.392,-3502.19,0.24
3646,7.44,1.3838,-1535.4,1.16
3647,6.36,15.3799,-2157.16,0.27
3648,8.72,242489.3705,-4033.05,0.21
3649,7.44,1.1272,-3765.97,0.21
3650,6.56,379.9861,-3000.88,0.32
3651,6.76,187132.8671,-4002.99,1.18
3652,7.96,341455.0788,-3543.18,0.23
3653,9.32,2818.7446,-2504.97,0.22
3654,9.68,383.558,-2797.2,0.31
3655,9.72,44.1759,-2523.48,0.21
3656,9.4,359877.8544,-2829.79,0.92
3657,7.28,720472.5028,-3500.53,0.2
3658,8.64,12.3293,-2558.93,0.22
3659,9.64,112538.462,-2688.61,0.76
3660,9.12,35040.4474,-2752.63,0.23
3661,7.08,5407.0756,-3002.83,0.98
3662,6.16,120311.9894,-2930.69,0.19
3663,8.48,183222.3599,-3192.47,0.25
3664,8.68,32313.6869,-4007.66,0.19
3665,8.56,1085131.7492,-2506.82,0.25
3666,8.2,1.054,-2775.0,1.04
3667,8.72,278188.532,-3078.59,0.32
3668,10.24,835264.903,-3014.74,0.27
3669,12.4,124071.5312,-2500.29,0.26
3670,10.84,6.6942,-1838.29,0.23
3671,6.88,65981.8967,-3250.65,0.21
3672,8.32,744344.9616,-4097.83,0.21
3673,8.28,114729.0221,-2257.23,0.24
3674,8.96,1542777.057,-3750.18,0.36
3675,8.4,425791.1197,-3002.79,0.23
3676,7.32,292.8871,-4008.08,0.31
3677,7.08,913667.762,-2661.55,1.24
3678,8.48,1079871.0273,-3123.89,0.2
3679,7.64,359702.6693,-3004.23,0.29
3680,8.6,1286.9543,-2776.07,0.24
3681,7.12,118939.8552,-2752.99,0.22
3682,7.04,1155435.4273,-4443.75,1.26
3683,6.68,10.1401,-2428.0,0.26
3684,7.32,1154.1083,-4061.46,0.21
3685,11.08,602669.0711,-4097.99,0.26
3686,7.28,383488.0272,-2832.84,0.21
3687,9.04,82255.3944,-3038.0,1.04
3688,5.76,5.3397,-3045.51,0.21
3689,10.28,115294.2076,-3316.15,0.21
3690,10.32,237898.3626,-2500.26,0.2
3691,8.92,2715.1193,-4259.29,0.23
3692,8.24,57750.369,-3250.18,1.27
3693,7.4,42.4023,-3257.35,0.55
3694,9.12,3.4797,-3082.94,0.31
3695,10.28,113568.4371,-3051.09,0.39
3696,9.04,1287.5123,-3504.69,0.28
3697,7.24,232121.0919,-3500.78,1.31
3698,6.92,5572.1658,-3764.28,0.22
3699,13.12,719328.6641,-2750.33,0.23
3700,9.2,395345.3025,-2859.23,0.23
3701,7.2,3.0971,-2757.4,0.2
3702,7.4,168328.7289,-3250.21,1.03
3703,11.6,42892.9407,-3020.74,0.22
3704,9.52,492060.0506,-4000.4,0.24
3705,10.24,132827.2746,-4500.14,0.23
3706,8.68,32236.868,-4501.91,0.23
3707,9.88,192.7571,-1541.97,1.16
3708,8.44,1574.5566,-2930.02,0.22
3709,9.36,0.0201,-3000.31,0.21
3710,8.48,1.0488,-3773.16,0.2
3711,6.76,359696.7702,-2503.84,0.21
3712,9.08,1.7856,-2752.45,0.28
3713,12.88,1.9232,-3779.1,0.43
3714,9.8,360834.0218,-2750.32,0.39
3715,7.2,0.1876,-3251.66,0.32
3716,9.12,134.9118,-3503.03,0.33
3717,7.68,3.6421,-2308.04,0.36
3718,8.2,339291.1415,-3273.73,2.24
3719,6.32,2703.733,-2256.31,0.49
3720,8.0,17.755,-3756.77,0.26
3721,10.8,3001.0757,-3501.84,0.33
3722,8.0,356843.647,-3544.27,0.28
3723,7.88,815339.0114,-3728.3,1.21
3724,8.64,169398.9933,-2578.38,0.21
3725,8.2,0.3619,-2008.89,0.29
3726,11.72,0.0324,-2750.21,0.33
3727,7.04,363172.5454,-3551.27,0.42
3728,10.56,339036.091,-3770.48,1.73
3729,9.16,119091.4145,-4003.09,0.37
3730,8.36,0.0852,-2001.05,0.27
3731,11.6,0.8945,-3505.74,0.33
3732,10.6,0.017,-2500.19,0.22
3733,6.0,530811.6787,-3528.69,1.14
3734,8.6,145473.694,-4000.99,0.25
3735,11.2,237879.216,-3250.18,0.29
3736,7.4,11.793,-2533.7,0.36
3737,9.32,353240.7028,-2505.27,0.28
3738,9.56,8402.8803,-3001.12,1.08
3739,8.32,671453.163,-3750.52,0.19
3740,7.68,0.2562,-3001.13,0.23
3741,9.96,56468.4066,-3252.02,0.23
3742,7.92,126.9603,-3038.95,0.23
3743,7.16,57.9126,-4000.4,1.12
3744,8.24,479821.8608,-4000.17,0.33
3745,8.08,295424.8097,-3768.44,0.22
3746,6.84,0.6357,-2508.63,0.21
3747,7.68,2903.5474,-3007.61,0.29
3748,8.48,704925.974,-2933.26,1.09
3749,10.64,479229.0812,-3061.34,0.24
3750,9.32,42.1815,-4501.78,0.36
3751,8.6,68935.1433,-3115.18,0.41
3752,7.92,39.1969,-4028.41,0.24
3753,9.8,0.7596,-1763.62,1.16
3754,9.0,0.0824,-3500.72,0.38
3755,7.6,421.0765,-3002.72,3.31
3756,8.6,362851.1458,-4018.22,0.35
3757,8.96,80.3573,-3500.27,0.26
3758,7.36,7.8351,-3315.38,0.27
3759,8.68,77.0224,-3356.47,1.23
3760,10.16,23805.6055,-3758.06,0.33
3761,6.96,1178605.7854,-3304.63,0.3
3762,11.4,119087.7681,-3001.4,0.46
3763,9.32,66043.0436,-3000.88,0.37
3764,9.52,237879.206,-2752.2,1.22
3765,9.88,2.4725,-2310.58,0.3
3766,9.16,64528.6763,-3559.46,0.36
3767,7.28,338006.5953,-3549.57,0.24
3768,9.4,19.2407,-2990.66,0.2
3769,8.96,13.5756,-2531.15,1.35
3770,11.2,30.2221,-2504.8,0.3
3771,7.48,2780.8455,-3747.81,0.27
3772,9.92,753.1689,-2543.99,0.26
3773,10.32,0.1315,-3501.82,0.34
3774,7.52,2012.2882,-3250.3,1.19
3775,6.12,68290.5258,-2859.57,0.18
3776,6.92,0.1119,-3501.2,0.24
3777,7.12,20.2706,-2523.14,0.23
3778,9.08,360404.774,-3001.32,0.18
3779,8.04,6.0635,-2637.41,1.09
3780,9.0,19.3236,-3000.88,0.23
3781,10.32,148608.2165,-2756.22,0.33
3782,8.28,423.115,-2526.23,0.33
3783,8.04,692514.1095,-2822.11,0.33
3784,9.28,0.1345,-3002.79,1.21
3785,8.88,7.3789,-2683.81,0.19
3786,8.48,227.1016,-3020.68,0.18
3787,7.16,0.2234,-3005.46,0.23
3788,10.48,1318.5404,-3105.75,0.26
3789,7.56,1230527.315,-4504.15,1.64
3790,9.96,224823.4103,-3067.69,0.24
3791,8.96,360265.9293,-3257.49,0.22
3792,9.4,240132.1145,-4001.41,0.23
3793,9.72,0.0686,-2750.21,0.22
3794,10.88,647.4941,-3751.51,1.0
3795,9.56,153787.9446,-2864.34,0.26
3796,9.44,375241.2126,-2114.47,0.3
3797,8.68,104.113,-3640.13,0.23
3798,6.32,713661.5725,-2895.22,0.2
3799,10.04,337238.8067,-2548.53,0.2
3800,9.8,893198.3996,-5042.48,0.22
3801,9.24,2.3479,-2558.33,0.24
3802,9.04,841350.4613,-2750.15,0.2
3803,9.48,3061.8557,-2757.31,0.21
3804,9.12,119940.1237,-3072.91,0.18
3805,4.92,2.4004,-3750.45,0.96
3806,5.8,359880.3334,-3757.27,0.25
3807,10.16,720341.9275,-2563.72,0.25
3808,8.68,56465.3551,-2252.33,0.19
3809,9.72,5.626,-2389.65,0.24
3810,9.24,10.6041,-4132.39,1.19
3811,7.16,0.3325,-3000.71,0.32
3812,7.16,359724.0026,-3964.01,0.31
3813,5.92,1025.4357,-3250.56,0.38
3814,9.6,2.6279,-3063.61,0.44
3815,9.32,674463.1759,-3268.93,1.01
3816,10.6,359584.2522,-3528.47,0.19
3817,8.96,3.6394,-2588.55,0.23
3818,6.08,359712.5728,-2252.45,0.19
3819,10.04,0.1092,-2752.27,0.22
3820,9.36,45.551,-1827.5,0.96
3821,7.32,713647.6069,-3118.51,0.24
3822,7.96,340067.2933,-2751.62,0.2
3823,10.88,168270.1979,-2256.28,0.24
3824,6.76,337264.7468,-3046.1,0.24
3825,10.0,3108.5254,-2750.67,0.86
3826,11.84,382.8135,-3759.04,0.19
3827,6.52,299.1365,-3509.01,0.18
3828,8.68,337231.7337,-4012.41,0.22
3829,9.6,11197.1794,-3000.44,0.19
3830,7.16,245.6921,-2750.8,0.93
3831,9.12,402591.6952,-4000.85,0.21
3832,7.8,359823.2653,-3008.0,0.23
3833,10.76,476763.0266,-4513.13,0.24
3834,9.64,2844.1458,-2754.09,0.24
3835,7.16,1221916.4154,-3856.08,0.99
3836,11.0,65951.2481,-3114.65,0.19
3837,11.24,2570.7019,-3264.27,0.29
3838,8.16,147.6077,-3305.22,0.29
3839,8.72,834300.1765,-3501.82,0.31
3840,12.0,0.0237,-3500.21,0.41
3841,8.04,3.6003,-2838.54,0.26
3842,8.12,800.859,-3752.24,0.27
3843,9.0,359712.1065,-3091.02,0.21
3844,7.32,1412486.555,-3512.11,0.22
3845,10.72,1.3805,-1535.43,0.24
3846,9.2,458915.9051,-3511.48,1.29
3847,10.84,170646.5958,-4250.29,0.32
3848,10.96,2683.892,-2501.85,0.24
3849,5.92,147.8397,-3060.14,0.28
3850,8.48,135837.7897,-3004.4,0.26
3851,8.8,98.835,-2563.35,1.12
3852,9.36,44.5603,-2752.2,0.27
3853,10.08,359699.3729,-2058.25,0.27
3854,11.0,0.4949,-3250.92,0.24
3855,10.2,33242.8782,-2500.28,0.22
3856,11.92,719075.9155,-2510.47,1.2
3857,10.0,156.1369,-2498.33,0.27
3858,11.36,66723.7173,-2807.86,0.28
3859,10.08,118941.49,-2754.65,0.23
3860,9.6,1159.1161,-3314.64,0.29
3861,6.4,51.9014,-2993.52,1.04
3862,9.48,2703.5369,-2751.23,0.23
3863,9.04,56465.3268,-3000.34,0.17
3864,9.28,11197.1874,-3000.53,0.2
3865,7.12,392322.0662,-3501.22,0.24
3866,7.44,243191.0854,-4253.6,1.45
3867,10.96,0.0709,-2252.02,0.23
3868,10.48,34053.6675,-3114.19,0.19
3869,8.8,229604.1002,-2529.88,0.18
3870,9.28,36450.0854,-3018.97,0.19
3871,10.04,2.7968,-2054.72,0.96
3872,9.08,954203.7795,-3515.42,0.21
3873,10.2,125795.2897,-3250.12,0.17
3874,10.52,65946.7682,-3252.06,0.23
3875,9.16,720732.6725,-3250.53,0.21
3876,7.56,2140919.8588,-3260.26,1.0
3877,10.76,9.1963,-2722.33,0.26
3878,9.48,192.57,-3510.1,0.21
3879,9.8,119945.9124,-3755.52,0.2
3880,11.16,0.0299,-2250.37,0.24
3881,9.24,1006.1586,-2750.43,0.93
3882,10.96,695653.0446,-3203.67,0.19
3883,6.6,359737.3119,-2804.35,0.18
3884,11.24,1500.492,-4500.36,0.24
3885,12.88,39690.8264,-2010.63,0.18
3886,8.96,154786.524,-3250.64,0.22
3887,7.48,1080185.8004,-3758.68,1.04
3888,8.2,67938.401,-2389.5,0.19
3889,9.68,2875.699,-3507.01,0.19
3890,8.32,1.4238,-3285.23,0.2
3891,11.32,2569.8142,-3502.63,0.23
3892,10.32,1.9657,-2549.72,0.96
3893,10.72,114729.9574,-2779.9,0.19
3894,10.48,356841.549,-3584.44,0.18
3895,9.04,131.6029,-2194.09,0.23
3896,10.36,420132.6192,-2500.81,0.24
3897,7.56,65946.8885,-2502.21,0.9
3898,11.56,119360.5883,-2750.36,0.24
3899,10.52,1503.2693,-3287.26,0.18
3900,11.04,352765.0248,-3194.7,0.19
3901,11.24,0.7708,-3006.59,0.22
3902,11.08,690089.8336,-2721.39,0.91
3903,11.56,122587.4759,-3093.79,0.19
3904,8.92,10.1557,-2063.96,0.2
3905,9.04,359726.4785,-3000.55,0.21
3906,7.8,120044.0838,-2779.82,0.19
3907,7.56,214087.8244,-3652.13,1.31
3908,7.56,112955.3879,-3088.35,0.31
3909,9.0,2723.4726,-3018.0,0.22
3910,5.88,719427.8114,-2531.08,0.16
3911,8.08,122.5112,-2797.34,0.23
3912,7.12,1017.9126,-3750.15,1.11
3913,11.44,0.0992,-2502.87,0.19
3914,8.4,2683.8975,-2752.02,0.23
3915,6.2,32236.9655,-4252.84,0.24
3916,8.68,356849.729,-3250.81,0.2
3917,10.16,5474.9756,-3500.52,1.41
3918,10.8,1057344.9284,-4250.36,0.36
3919,9.56,720590.2275,-3501.32,0.26
3920,7.36,359850.2186,-2523.76,0.2
3921,6.92,984686.8032,-4369.68,0.25
3922,6.8,145.6424,-2755.46,1.01
3923,8.04,29.9114,-2250.41,0.23
3924,7.68,1142.0507,-3314.73,0.44
3925,7.96,418410.4471,-3929.31,0.27
3926,8.76,134.791,-4501.4,0.3
3927,9.64,14.6073,-3364.97,0.44
3928,8.24,35.3777,-2755.71,0.3
3929,9.96,4539.3018,-3504.99,0.41
3930,9.64,2685.846,-3050.69,0.34
3931,7.36,2713.3799,-2720.43,0.3
3932,9.88,416339.9552,-4000.19,0.23
3933,9.8,30.2144,-3009.02,1.49
3934,7.8,790809.8635,-3553.05,0.35
3935,10.92,8313.4991,-2874.16,0.35
3936,7.4,371695.085,-3250.43,0.33
3937,6.24,393789.8548,-3520.33,0.38
3938,8.2,0.4643,-3251.4,2.11
3939,9.44,125592.9354,-4251.63,1.02
3940,11.04,424.1346,-2547.98,0.37
3941,11.2,0.2871,-3750.17,0.28
3942,6.4,16.2285,-3576.96,0.24
3943,9.44,712810.9718,-3270.49,0.84
3944,7.8,356840.2055,-3617.05,0.18
3945,5.64,42.2082,-3500.64,0.21
3946,11.88,119081.4853,-2004.97,0.18
3947,6.68,42.2122,-3002.67,0.23
3948,8.28,38.4028,-2500.23,0.96
3949,6.76,43.4415,-2770.48,0.21
3950,7.96,0.4873,-2012.04,0.23
3951,6.0,322202.3231,-4109.53,0.21
3952,7.08,340069.1885,-1500.54,0.21
3953,8.28,1158.4736,-1760.5,0.92
3954,6.8,359849.9023,-2800.64,0.23
3955,8.08,811503.0064,-3000.38,0.18
3956,7.6,20.4177,-2259.43,0.21
3957,6.2,2724.6202,-3549.12,0.19
3958,7.12,0.0643,-4250.61,0.94
3959,8.48,0.6387,-3015.63,0.28
3960,8.68,33879.1995,-3000.38,0.26
3961,9.52,420.9662,-2750.21,0.23
3962,8.76,169397.7573,-3295.45,0.21
3963,9.56,2436.6313,-3250.38,0.89
3964,7.0,936736.5676,-3281.17,0.19
3965,7.84,388137.3049,-2000.41,0.22
3966,8.44,293568.4502,-2790.89,0.19
3967,8.08,8321.579,-3250.5,0.2
3968,9.04,251938.9518,-3300.04,0.22
3969,9.16,1038333.3087,-2750.32,0.2
3970,7.96,237930.3379,-2501.79,0.2
3971,8.32,360167.1609,-3256.52,0.2
3972,8.36,359854.463,-2254.93,0.18
3973,8.84,529108.9238,-3262.03,0.18
3974,9.64,427551.8458,-2505.93,1.1
3975,6.52,648046.362,-2284.4,0.34
3976,9.52,185852.2603,-2799.25,0.31
3977,8.12,396.5923,-3252.31,0.24
3978,12.08,40304.5404,-2751.25,0.35
3979,8.6,356837.1829,-2533.22,1.22
3980,9.08,2204847.932,-4251.92,0.23
3981,11.08,118939.6937,-4250.12,0.18
3982,8.32,0.2862,-3002.6,0.24
3983,8.8,0.113,-2751.55,0.2
3984,10.08,21.8716,-2296.52,1.21
3985,8.92,479614.2317,-2490.09,0.17
3986,8.32,2849.4271,-3250.56,0.19
3987,7.04,33922.4681,-3751.13,0.21
3988,6.12,6.116,-2562.45,0.32
3989,11.4,360834.0191,-3250.37,1.21
3990,6.28,120066.5576,-3794.36,0.25
3991,6.04,0.4502,-3001.61,0.32
3992,10.48,119081.3031,-3251.34,0.28
3993,7.24,168398.8061,-3063.05,0.22
3994,9.64,42889.3324,-3006.9,1.24
3995,8.88,164.9342,-3750.17,0.34
3996,6.16,362.3817,-3501.01,0.36
3997,9.04,32237.2784,-2760.4,0.23
3998,9.88,525090.2851,-4004.92,0.25
3999,8.76,477980.9426,-2750.57,1.13
4000,11.04,541705.2489,-3508.65,0.23
4001,8.56,38.5924,-3253.1,0.22
4002,8.68,2643.9925,-2044.3,0.25
4003,10.2,1007.8999,-4750.16,0.2
4004,7.48,340066.9452,-1500.81,1.32
4005,10.32,119584.9037,-2785.07,0.23
4006,11.52,0.187,-2751.66,0.21
4007,9.76,364734.9105,-2638.46,0.22
4008,7.4,3821.1953,-3252.6,0.17
4009,11.16,96.6187,-2506.16,1.16
4010,10.08,33882.299,-3555.84,0.2
4011,9.6,359698.0803,-3020.06,0.23
4012,8.96,2799.4272,-2500.66,0.21
4013,9.04,0.7866,-2000.56,0.34
4014,10.52,114837.2591,-3458.52,0.22
4015,8.56,236030.7949,-3061.74,1.16
4016,11.08,382.8871,-3828.78,0.17
4017,9.04,405.8819,-2826.76,0.84
4018,7.88,471424.4577,-3264.17,0.19
4019,10.56,1286.1699,-1759.86,0.23
4020,5.92,379.984,-3501.24,1.69
4021,7.72,811595.5428,-3502.7,0.19
4022,9.24,4.2806,-2751.27,0.22
4023,8.64,1497799.9082,-3250.24,0.19
4024,12.12,70541.7176,-3751.61,0.18
4025,9.96,360603.7034,-3001.57,1.11
4026,6.72,839336.2041,-2660.43,0.21
4027,8.16,2829.265,-4001.3,0.19
4028,11.8,1417136.5177,-4250.42,0.18
4029,8.88,0.2153,-3500.4,0.25
4030,10.04,760.4869,-2517.91,1.06
4031,7.24,19.5952,-3751.78,0.21
4032,9.04,67342.432,-4006.48,0.2
4033,8.76,34940.0821,-3755.07,0.2
4034,9.4,2703.604,-3251.83,0.21
4035,8.56,5277.7942,-2530.97,1.13
4036,5.4,42.963,-4000.41,0.25
4037,9.12,355663.8331,-4000.35,0.17
4038,8.68,359708.8814,-2796.54,0.21
4039,8.84,3.5825,-2544.99,0.2
4040,9.6,1.2151,-1530.14,1.23
4041,8.32,32357.3643,-3504.24,0.21
4042,10.44,120043.1971,-3313.88,0.22
4043,8.52,359874.7472,-2001.97,0.2
4044,8.84,6447.4948,-3500.35,0.18
4045,8.48,65947.038,-2502.37,1.11
4046,8.2,340110.661,-3000.46,0.22
4047,6.92,2.1944,-3250.34,0.22
4048,9.6,0.0736,-2251.63,0.22
4049,8.72,0.0274,-2750.37,0.19
4050,7.0,2.634,-2006.59,1.05
4051,10.88,180013.9549,-3500.39,0.17
4052,6.96,0.0895,-2502.15,0.18
4053,8.48,416211.7496,-4502.59,0.17
4054,6.24,1366974.4051,-4263.8,0.17
4055,10.56,0.022,-3000.37,0.22
4056,7.56,436.2263,-3751.13,0.16
4057,11.2,118940.1736,-3505.39,0.19
4058,8.24,1006.2062,-2750.29,0.19
4059,10.4,386208.8496,-3500.62,0.17
4060,10.24,785342.5145,-2772.74,0.17
4061,9.4,8880.4494,-3765.79,1.03
4062,6.32,696365.9885,-2326.93,0.19
4063,9.56,1144876.574,-3259.03,0.18
4064,9.12,838514.2853,-4249.75,0.18
4065,11.16,120013.8298,-2753.0,0.2
4066,12.64,329734.5984,-2274.9,1.13
4067,10.12,7.8608,-2251.83,0.21
4068,10.92,5599.7512,-3500.51,0.23
4069,8.8,368073.3851,-2335.48,0.23
4070,7.68,0.1789,-3002.48,0.19
4071,6.56,148.5284,-3270.0,1.03
4072,10.6,1289.6206,-3605.97,0.18
4073,8.28,458314.8968,-3091.84,0.23
4074,10.16,875489.4152,-3000.25,0.18
4075,7.92,152200.0522,-3607.93,0.2
4076,6.92,176.5825,-3754.67,1.13
4077,10.8,42895.4484,-3393.34,0.18
4078,7.8,203551.5318,-3390.13,0.17
4079,9.12,3936.8682,-3500.2,0.21
4080,10.24,359697.3612,-2509.19,0.17
4081,9.92,124.5842,-3290.96,0.93
4082,6.92,379.9037,-3500.83,0.17
4083,8.68,562.1344,-2758.47,0.18
4084,8.92,121.205,-3018.45,0.24
4085,8.48,104607.0232,-3750.43,0.23
4086,8.56,0.1436,-2503.37,0.87
4087,8.72,359874.8756,-2755.27,0.17
4088,9.48,903557.0578,-3030.22,0.19
4089,10.56,42889.2063,-4002.36,0.21
4090,10.68,65952.2613,-2388.85,0.19
4091,8.16,20.2904,-2771.96,0.98
4092,11.48,1057023.1565,-2440.6,0.16
4093,9.44,1.0093,-3008.21,0.18
4094,8.56,47579.3604,-2337.12,0.18
4095,11.08,357635.4002,-4695.69,0.21
4096,11.72,26850.9699,-3288.81,0.17
4097,8.68,636712.142,-3721.8,0.22
4098,7.76,0.5893,-2511.43,0.2
4099,5.32,0.0296,-2000.47,0.19
4100,8.52,33.6742,-1846.85,0.21
4101,8.88,6374.4712,-3251.12,0.18
4102,10.24,0.3748,-2750.7,1.74
4103,8.88,111054.2129,-3750.5,0.25
4104,10.36,34.4713,-3184.75,0.22
4105,8.72,16796.3256,-3514.93,0.18
4106,9.72,4886.388,-3009.08,0.24
4107,10.04,6.2936,-2394.98,1.07
4108,11.52,681213.7993,-3500.28,0.2
4109,7.56,138496.8023,-4001.05,0.19
4110,9.0,356831.2936,-3679.69,0.18
4111,9.8,0.0666,-2250.98,0.24
4112,11.88,2604904.9348,-5040.56,0.93
4113,8.52,5408.1888,-2508.79,0.19
4114,9.8,118940.7019,-3018.82,0.22
4115,6.2,8330.9268,-3309.99,0.17
4116,9.6,3021.0306,-2314.89,0.18
4117,10.36,1509.308,-2028.66,1.04
4118,10.44,979179.0468,-3762.64,0.2
4119,8.36,131893.4188,-2750.3,0.22
4120,9.72,8110.7489,-3500.17,0.19
4121,9.72,357984.6497,-3502.64,0.19
4122,10.84,40.2643,-3515.18,0.92
4123,6.44,352387.0916,-3047.09,0.21
4124,8.08,119098.5068,-2327.54,0.2
4125,9.04,360166.6081,-2002.24,0.17
4126,6.72,135697.368,-3000.52,0.18
4127,8.8,456244.8894,-3024.08,1.04
4128,8.2,19.1459,-3435.21,0.16
4129,10.12,65946.88,-3004.12,0.25
4130,11.4,2.7844,-2065.64,0.19
4131,9.76,8453.8864,-2260.52,0.18
4132,9.12,6.2089,-1844.09,0.93
4133,9.52,786446.4134,-2754.51,0.19
4134,8.48,127.956,-3379.43,0.21
4135,7.56,360167.3772,-3512.6,0.18
4136,8.12,335804.6527,-2052.38,0.18
4137,7.08,710559.5926,-3252.56,1.0
4138,8.84,65946.9997,-3755.67,0.21
4139,7.4,4856.8651,-2551.54,0.2
4140,7.72,135707.3273,-3500.29,0.18
4141,9.48,96.4887,-2504.72,0.19
4142,9.68,41011.2433,-3348.49,0.18
4143,9.04,2799.4684,-2504.39,0.99
4144,8.64,10.2808,-1735.42,0.17
4145,5.6,475293.5568,-2254.49,0.17
4146,7.28,151.4832,-4063.14,0.21
4147,10.0,359697.408,-2759.19,0.18
4148,11.12,425.8448,-4255.25,1.0
4149,10.08,0.0281,-2500.57,0.21
4150,10.68,278196.8789,-3807.59,0.24
4151,10.24,4.9123,-4061.36,0.19
4152,5.52,356822.567,-3060.71,0.2
4153,7.32,1.2172,-1500.75,1.01
4154,9.48,23788.125,-1755.24,0.18
4155,9.0,66092.2126,-2752.96,0.19
4156,9.6,23.9028,-2005.54,0.17
4157,8.52,176883.9036,-3501.04,0.18
4158,6.4,948340.0136,-4001.17,0.86
4159,9.12,1318.0626,-2574.21,0.21
4160,8.04,65494.6847,-2939.44,0.17
4161,10.76,882.2881,-3304.16,0.18
4162,8.72,50.4706,-2773.6,0.21
4163,9.56,360166.8046,-3500.14,0.93
4164,11.52,5426.5934,-4076.58,0.2
4165,11.12,898.4763,-3751.16,0.22
4166,9.2,6.8176,-2335.17,0.17
4167,10.68,421.0069,-4000.62,0.18
4168,7.44,2704.2028,-3263.59,0.84
4169,9.6,354259.4306,-2782.86,0.2
4170,10.24,359880.1851,-2781.22,0.2
4171,7.44,0.8323,-2270.6,0.18
4172,8.96,1078570.1967,-4251.13,0.23
4173,8.48,135818.1436,-2509.27,0.94
4174,10.88,2720.1453,-3002.72,0.2
4175,9.4,145.6393,-3005.57,0.18
4176,8.12,0.0499,-2500.89,0.23
4177,9.76,0.0778,-3001.26,0.22
4178,7.88,1995.6489,-2500.9,0.93
4179,8.76,359774.0997,-2784.92,0.18
4180,7.76,1.5419,-3288.12,0.18
4181,11.12,0.3176,-4250.45,0.19
4182,9.48,9.7743,-3291.59,0.19
4183,11.64,126.1801,-2834.1,0.2
4184,5.48,145.8589,-2509.75,0.18
4185,7.12,0.3751,-2251.17,0.24
4186,7.6,32236.9987,-3003.27,0.19
4187,9.48,559.8948,-3500.74,0.19
4188,8.44,5379.3995,-4500.08,0.21
4189,9.64,4.2523,-1750.69,1.0
4190,9.8,360196.5557,-2752.08,0.77
4191,5.24,438.0543,-4254.67,0.2
4192,7.64,832326.4857,-3012.48,0.24
4193,9.08,722393.6479,-4047.3,0.2
4194,8.04,120019.8605,-2755.23,1.06
4195,8.24,1.1761,-3001.06,0.24
4196,9.0,355300.5406,-3011.19,0.21
4197,9.68,335729.0594,-2760.84,0.17
4198,6.6,0.2074,-2253.59,0.17
4199,7.92,20.0367,-3189.64,0.92
4200,8.12,362400.3114,-3003.61,0.19
4201,10.52,5200.954,-3001.8,0.21
4202,7.04,240059.1827,-2847.12,0.24
4203,6.0,0.1488,-3501.79,0.2
4204,10.12,290.0721,-3278.64,0.9
4205,5.4,2.1742,-1802.78,0.19
4206,8.72,16.826,-2756.44,0.18
4207,5.08,231459.8512,-3750.72,0.19
4208,8.92,67855.1945,-3750.66,0.22
4209,8.72,2012.6286,-3508.59,0.99
4210,9.44,124669.9794,-2751.19,0.22
4211,10.52,3509.0156,-2617.4,0.2
4212,12.08,354261.1237,-3250.11,0.21
4213,6.96,168375.3677,-3477.1,0.18
4214,6.56,425664.0161,-3609.16,0.92
4215,12.24,4604.9414,-3071.09,0.17
4216,8.68,700153.828,-2750.26,0.19
4217,9.48,32237.2823,-3750.47,0.19
4218,10.8,1074333.8103,-4002.01,0.18
4219,9.12,138.0554,-4469.74,0.96
4220,6.76,149.1675,-2344.05,0.17
4221,8.48,907178.9114,-3223.73,0.16
4222,10.64,101.8464,-2388.46,0.17
4223,11.84,1285.2881,-3750.27,0.21
4224,8.72,114730.8224,-3041.97,0.21
4225,8.2,68769.437,-2897.72,0.18
4226,8.92,719749.3277,-3250.21,0.17
4227,7.16,131896.609,-2811.52,0.2
4228,9.96,359698.2597,-2290.4,0.2
4229,10.64,1007.7789,-3196.62,0.2
4230,11.84,1126.8501,-2756.28,1.0
4231,7.04,634277.9439,-3016.73,0.19
4232,11.16,1422153.614,-4251.43,0.18
4233,11.4,129866.6188,-3758.04,0.19
4234,10.2,118940.2372,-3010.86,0.2
4235,8.24,422768.4402,-2795.13,0.88
4236,8.64,519641.3127,-3251.18,0.19
4237,7.88,360174.8706,-2379.79,0.22
4238,7.44,759379.3097,-3256.6,0.19
4239,12.16,399752.4766,-4501.0,0.19
4240,10.6,1049144.1975,-3255.31,0.89
4241,7.16,0.201,-3250.3,0.17
4242,7.6,335728.6801,-3750.78,0.19
4243,8.52,105.4251,-3472.7,0.19
4244,9.48,622.7128,-2250.42,0.18
4245,5.48,1079533.4887,-3255.8,0.84
4246,8.92,392321.0858,-3514.11,0.18
4247,4.96,407905.2113,-3776.49,0.18
4248,7.56,1178971.699,-3056.39,0.18
4249,10.16,121697.6766,-2751.74,0.19
4250,7.36,56905.9266,-2509.07,0.85
4251,7.4,65662.8284,-4001.09,0.17
4252,9.72,0.4138,-2259.95,0.17
4253,7.48,359844.5164,-3500.15,0.26
4254,10.8,726212.6279,-4007.68,0.18
4255,7.76,4.6946,-2366.84,0.89
4256,9.96,1439401.2712,-3750.24,0.19
4257,8.96,2727.0504,-3752.21,0.27
4258,8.44,23933.5161,-2255.26,0.19
4259,7.2,34000.8168,-4062.5,0.18
4260,11.08,363144.6347,-3500.7,1.03
4261,7.36,112410.4628,-3500.15,0.22
4262,8.52,379.9573,-3001.31,0.18
4263,9.84,1.2942,-3031.89,0.17
4264,8.92,1034591.1166,-2530.75,0.2
4265,10.0,240686.4278,-3260.62,0.96
4266,9.56,431668.856,-2753.75,0.18
4267,8.04,71412.3718,-2533.77,0.18
4268,8.68,529380.743,-2754.39,0.26
4269,8.4,359844.3468,-2751.73,0.19
4270,9.76,1430004.5311,-3550.18,0.2
4271,10.84,399395.753,-4033.03,0.89
4272,9.88,1062399.079,-3861.06,0.21
4273,10.52,290.1416,-2758.56,0.16
4274,10.44,169450.1689,-2565.18,0.19
4275,7.08,0.4512,-2758.35,0.22
4276,11.84,131893.812,-2260.25,0.85
4277,11.08,42339.7006,-3472.54,0.18
4278,9.12,65946.93,-3005.25,0.17
4279,8.08,365206.3038,-3760.28,0.2
4280,11.0,2311.9355,-3336.66,0.18
4281,9.36,340069.9781,-3577.26,1.02
4282,8.76,1247.8848,-2563.49,0.2
4283,9.48,360987.2571,-2888.77,0.76
4284,8.64,1198198.4597,-4250.25,0.2
4285,9.4,1550210.5938,-3799.38,0.22
4286,10.88,118942.2099,-2816.24,0.93
4287,8.2,695963.1184,-3397.75,0.24
4288,6.36,0.1235,-3750.15,0.19
4289,7.92,242.9636,-3532.39,0.17
4290,7.76,2.5101,-2283.23,0.19
4291,8.64,868385.8886,-4000.38,0.91
4292,7.36,0.8864,-2771.72,0.21
4293,7.08,948438.8009,-3253.61,0.19
4294,10.48,0.0169,-2751.26,0.25
4295,7.28,0.0792,-3501.54,0.23
4296,10.72,901.4519,-3006.29,0.96
4297,8.72,2726.6629,-2991.26,0.19
4298,10.16,1156.539,-2057.63,0.17
4299,8.08,1.8596,-2023.9,0.19
4300,8.2,172193.8977,-3719.84,0.18
4301,8.4,77.5698,-2751.25,0.92
4302,10.8,290778.247,-3282.73,0.17
4303,10.96,426126.9978,-2505.43,0.21
4304,9.52,362898.326,-3750.26,0.18
4305,10.2,1624560.2576,-3760.57,0.18
4306,12.32,240590.5052,-3516.0,0.86
4307,8.72,3.2538,-2083.17,0.19
4308,8.96,23798.3462,-3000.17,0.3
4309,9.0,66584.7619,-3471.29,0.25
4310,7.96,857302.904,-3002.88,0.2
4311,8.52,373962.4524,-3011.65,0.23
4312,9.32,154419.325,-3000.29,0.17
4313,6.6,2684.4101,-2514.7,0.19
4314,7.72,2566.7796,-3018.22,0.19
4315,6.24,240045.94,-4250.11,0.19
4316,5.04,56465.3017,-3750.25,0.23
4317,10.36,594701.0592,-3752.04,1.07
4318,10.04,527993.3002,-3911.89,0.2
4319,9.12,65947.7048,-1775.02,0.2
4320,11.76,97611.348,-2250.7,0.19
4321,7.84,765720.4172,-2805.73,0.2
4322,8.12,1076509.2016,-3506.7,0.98
4323,7.72,1435392.111,-4037.87,0.2
4324,9.96,148.095,-2817.38,0.22
4325,10.32,42.42,-3500.99,0.21
4326,10.16,2683.8303,-3000.32,0.2
4327,7.4,540423.3096,-3001.62,0.94
4328,7.44,169485.4878,-3501.58,0.22
4329,8.84,22.2788,-3503.86,0.2
4330,7.68,1006.928,-2755.12,0.24
4331,9.16,477167.2645,-3327.17,0.21
4332,6.32,638.8116,-3001.18,1.11
4333,7.48,45.6866,-3561.57,0.17
4334,7.28,23788.8052,-2750.47,0.16
4335,10.56,118964.1208,-2506.67,0.16
4336,10.88,713639.8319,-3750.26,0.19
4337,5.36,19.403,-3002.19,1.05
4338,8.28,237880.6476,-4788.11,0.21
4339,10.76,357721.501,-2009.59,0.25
4340,8.6,894.7619,-3750.2,0.19
4341,10.44,708516.4047,-3504.63,0.21
4342,10.48,238149.0577,-2910.66,1.02
4343,8.84,0.307,-3753.8,0.2
4344,10.56,422118.6228,-3295.62,0.2
4345,11.8,240582.7092,-3500.9,0.22
4346,10.56,39723.8028,-2532.09,0.2
4347,8.16,3.6368,-2339.38,0.83
4348,8.2,1238563.8446,-2889.25,0.17
4349,9.68,1009.0376,-3001.43,0.23
4350,7.0,3.7131,-2842.29,0.18
4351,8.88,1115968.7424,-3021.36,0.18
4352,8.8,33880.1933,-2755.34,0.19
4353,7.08,5.8606,-2352.37,0.19
4354,9.88,360067.7774,-4508.5,0.16
4355,8.64,21.92,-2316.51,0.24
4356,8.48,364620.3192,-2515.88,0.19
4357,8.64,473135.8248,-2501.08,0.18
4358,9.92,70452.2837,-3259.84,0.94
4359,8.4,2868.4642,-2002.86,0.22
4360,10.64,386075.3798,-2552.88,0.18
4361,7.04,359702.5165,-3500.25,0.19
4362,10.96,866.8582,-3000.15,0.22
4363,9.2,1285.0903,-3500.12,0.9
4364,5.8,657.8667,-2750.55,0.23
4365,7.96,65956.6602,-2528.98,0.22
4366,8.32,1.3376,-2032.99,0.17
4367,7.4,35165.556,-2753.0,0.18
4368,6.88,364471.9266,-3539.65,0.92
4369,7.36,2835.4719,-2525.94,0.2
4370,10.24,42889.1262,-2750.46,0.57
4371,6.2,359866.0986,-2004.55,1.03
4372,9.96,356823.7793,-4122.37,0.19
4373,9.12,56506.9871,-2580.89,1.09
4374,10.64,1313.9954,-3974.94,0.23
4375,8.44,1.053,-2776.07,0.22
4376,9.0,240027.3162,-3250.63,0.19
4377,10.24,230.0607,-3000.24,0.2
4378,8.64,0.1986,-3002.61,0.87
4379,10.48,359972.2219,-2779.55,0.22
4380,10.84,240449.3931,-3250.57,0.2
4381,7.0,2.5534,-2560.52,0.2
4382,10.28,2570.4344,-2337.7,0.2
4383,7.6,719525.5434,-2253.02,0.89
4384,10.44,582.9236,-3664.0,0.22
4385,7.84,393390.6366,-3938.58,0.19
4386,10.84,31.1571,-3190.08,0.19
4387,12.28,96.4832,-3003.47,0.19
4388,8.28,2.5986,-2003.61,0.96
4389,10.72,427800.1192,-4012.29,0.17
4390,12.12,82701.2764,-3001.38,0.17
4391,9.56,113067.9542,-3500.13,0.17
4392,10.08,359397.7478,-3691.56,0.2
4393,9.56,227456.3302,-2883.22,0.9
4394,10.36,455487.2852,-4000.09,0.21
4395,9.72,0.187,-2754.49,0.2
4396,8.56,2.7641,-2753.73,0.17
4397,7.44,1010.3036,-3094.11,0.19
4398,9.12,2684.0136,-3501.84,0.19
4399,9.36,0.0263,-4000.11,0.94
4400,7.6,536254.9307,-3809.28,0.19
4401,10.12,360321.3171,-2467.09,0.2
4402,10.84,161292.3326,-2751.6,0.16
4403,10.04,5.6037,-2139.99,0.19
4404,9.2,1284.5702,-2044.62,0.99
4405,11.2,901.8781,-3250.68,0.2
4406,10.32,1084941.3514,-4004.56,0.17
4407,8.24,37258.6177,-2785.36,0.21
4408,9.2,0.1183,-3250.49,0.19
4409,9.92,361287.8475,-3002.06,1.09
4410,9.52,359853.9484,-3250.22,0.24
4411,11.04,1285.2288,-3001.77,0.19
4412,11.84,5.562,-3138.89,0.17
4413,9.08,52.2874,-3557.58,0.24
4414,6.72,356898.9997,-3251.98,1.01
4415,7.28,431069.1361,-3005.47,0.19
4416,9.64,5.8826,-2890.6,0.17
4417,6.0,120041.0789,-2756.23,0.18
4418,10.8,722375.1545,-3666.24,0.18
4419,9.52,1287.4921,-2501.59,1.12
4420,7.0,727239.0546,-3500.3,0.21
4421,10.0,0.034,-3750.28,0.21
4422,7.4,0.1577,-3500.43,0.24
4423,7.4,70445.5975,-3553.27,0.21
4424,8.2,335762.5414,-3270.51,1.04
4425,8.44,120.727,-3006.39,0.19
4426,6.08,32357.3371,-2753.62,0.18
4427,11.84,2566.0316,-2001.3,0.18
4428,7.48,2.3985,-3533.43,0.22
4429,10.32,57778.3721,-3068.14,1.1
4430,9.84,359685.567,-3534.49,0.18
4431,6.92,1078857.669,-3501.85,0.21
4432,12.48,0.5618,-3008.78,0.2
4433,8.96,393979.837,-2171.97,0.26
4434,9.16,3.5256,-2337.17,1.15
4435,6.64,148616.8022,-2722.62,0.19
4436,9.4,0.0477,-2501.03,0.18
4437,7.8,359875.7301,-2775.27,0.22
4438,5.92,59.5521,-3541.77,0.19
4439,7.8,11.8201,-2365.09,0.21
4440,6.48,1544762.8392,-4751.53,0.17
4441,8.76,359975.578,-3772.41,0.19
4442,9.36,827.2663,-2277.03,0.2
4443,9.64,0.2174,-4006.27,0.19
4444,5.96,339245.7462,-3251.05,0.18
4445,10.32,42889.3974,-3006.65,0.94
4446,6.12,390798.1827,-3035.47,0.2
4447,9.36,56477.073,-2001.45,0.19
4448,9.56,1.3493,-3508.94,0.17
4449,10.88,357831.7868,-3295.85,0.22
4450,8.88,485.0071,-4001.99,1.0
4451,8.12,42.7167,-2574.47,0.18
4452,11.64,626.6013,-3327.67,0.19
4453,9.76,7.0579,-2010.58,0.19
4454,10.96,1502.8654,-2060.45,0.18
4455,7.8,5411.1605,-2516.56,1.39
4456,8.24,8145.8333,-4500.17,0.27
4457,10.84,192.7111,-4250.78,0.78
4458,8.72,476835.222,-3758.55,0.18
4459,9.32,32242.4525,-2391.7,0.18
4460,9.48,393580.0309,-2276.91,0.95
4461,7.44,4.5458,-3066.68,0.17
4462,10.28,906.2038,-3034.76,0.2
4463,5.48,58.6174,-3479.8,0.18
4464,8.44,3062.5864,-3255.41,0.2
4465,10.0,8.8599,-2533.0,0.9
4466,7.68,133940.9093,-3753.14,0.17
4467,9.88,0.4291,-3007.68,0.21
4468,7.72,365105.8912,-3250.16,0.2
4469,10.24,0.5151,-1762.63,0.18
4470,6.68,0.0172,-2752.29,1.06
4471,7.92,354258.2179,-3750.38,0.21
4472,10.08,335784.6132,-3000.74,0.17
4473,12.36,360086.1658,-3058.7,0.18
4474,7.68,28.6214,-3110.83,0.2
4475,11.48,148.5407,-3500.69,0.83
4476,10.04,0.3264,-3002.9,0.21
4477,8.0,0.0826,-3750.66,0.19
4478,9.72,21.7756,-3064.02,0.19
4479,8.0,359732.8907,-3012.47,0.2
4480,6.96,425761.9404,-3268.73,0.2
4481,7.2,8.5243,-1434.9,0.17
4482,8.24,118956.3343,-2813.31,0.17
4483,10.68,2835.3076,-2771.75,0.19
4484,12.24,1.9316,-3049.19,0.2
4485,7.36,365475.2464,-3759.18,0.2
4486,6.56,135.919,-2521.63,0.8
4487,8.04,3.661,-2534.96,0.17
4488,9.04,241.021,-2751.84,0.19
4489,8.32,330741.0839,-3270.96,0.2
4490,10.0,2.7057,-4058.02,0.21
4491,5.16,0.2625,-4000.19,0.95
4492,7.16,1551685.9653,-3581.86,0.22
4493,5.0,4.1606,-2562.79,0.19
4494,8.6,335731.0722,-3331.55,0.18
4495,9.52,1.8463,-3540.26,0.26
4496,8.72,5466.5048,-3037.61,0.89
4497,8.64,2818.3036,-3547.35,0.17
4498,8.92,66092.2414,-3001.69,0.22
4499,9.56,598417.0766,-3002.41,0.19
4500,9.96,85.7204,-3029.25,0.17
4501,9.8,482893.6188,-2718.44,0.95
4502,9.44,3.9652,-4075.32,0.26
4503,11.32,0.6652,-2503.66,0.17
4504,9.08,33957.086,-3048.63,0.19
4505,6.24,180699.8327,-3003.64,0.17
4506,10.72,65946.8048,-3751.99,0.84
4507,9.44,42906.9939,-1947.42,0.21
4508,7.68,35.9119,-2269.14,0.21
4509,8.92,5368.4901,-3256.09,0.2
4510,10.16,695893.33,-3501.67,0.23
4511,10.64,1076610.2164,-3830.79,0.83
4512,9.68,788020.689,-3270.3,0.17
4513,9.56,120284.1688,-3839.22,0.18
4514,7.92,0.0799,-3000.26,0.19
4515,8.76,359876.4746,-2541.07,0.22
4516,10.56,0.3001,-3500.2,0.82
4517,5.68,815249.4285,-3276.14,0.2
4518,7.12,6413.9494,-3750.13,0.17
4519,8.28,359697.4796,-3003.6,0.16
4520,9.76,719758.3158,-3004.74,0.22
4521,11.08,119368.8396,-2454.35,0.8
4522,8.08,9533.0227,-3005.12,0.23
4523,8.44,2605.4234,-3750.23,0.21
4524,7.96,9.447,-2927.92,0.17
4525,7.96,0.0304,-2000.67,0.2
4526,8.16,472252.5894,-3251.99,0.22
4527,7.04,22.5603,-2752.77,0.86
4528,9.76,121301.0162,-3057.79,0.2
4529,9.16,68110.5782,-3014.69,0.17
4530,12.4,362793.0996,-3639.96,0.17
4531,10.68,1079662.51,-2758.1,0.26
4532,10.52,0.2,-3254.59,0.95
4533,7.44,0.1668,-2250.8,0.19
4534,6.96,5477.3928,-3250.45,0.22
4535,8.92,770.2176,-3001.25,0.23
4536,11.04,0.8144,-2019.01,0.19
4537,9.32,120931.3749,-2757.6,0.97
4538,9.6,120013.7363,-3252.05,0.24
4539,9.12,3117.9974,-3589.64,0.24
4540,11.0,360359.2191,-2500.24,0.22
4541,13.44,0.6937,-3757.18,0.21
4542,9.68,67848.7471,-3251.47,0.97
4543,9.76,107.3629,-2888.52,0.18
4544,5.72,66061.0563,-3752.66,0.19
4545,8.4,527638.7965,-3255.24,0.23
4546,7.16,1.2186,-3031.05,0.18
4547,7.84,716511.9756,-3758.22,1.18
4548,11.72,752.5141,-2779.07,0.25
4549,9.16,841365.8211,-3690.97,0.77
4550,10.04,0.2714,-2506.55,0.19
4551,8.92,359760.9996,-1509.06,0.21
4552,9.64,10.6695,-2263.2,1.06
4553,9.28,10.3184,-2257.84,0.19
4554,10.4,32313.1838,-3751.35,0.17
4555,7.56,895.6784,-2751.6,0.17
4556,7.6,719756.0069,-3328.8,0.19
4557,7.88,359702.8254,-2754.09,1.11
4558,9.16,484499.7786,-3916.26,0.21
4559,9.36,11.649,-2783.38,0.24
4560,6.84,355280.4842,-4516.43,0.17
4561,8.44,114759.0249,-2253.12,0.17
4562,8.6,2801.1518,-2500.83,0.91
4563,7.84,138499.1012,-3561.76,0.19
4564,9.0,0.3432,-3505.65,0.19
4565,9.2,772.9231,-3152.4,0.19
4566,10.0,0.4334,-2006.72,0.2
4567,6.48,38.5328,-3001.83,0.21
4568,8.44,121699.4643,-3501.58,0.22
4569,9.0,7560.7686,-2785.81,0.18
4570,7.96,39.6008,-3034.22,0.27
4571,5.48,16.0331,-3031.64,0.18
4572,10.28,35.4519,-3506.23,0.2
4573,6.48,91546.7691,-3753.08,1.02
4574,8.04,4.1912,-2604.58,0.19
4575,8.4,82.3686,-3256.32,0.2
4576,7.92,10169.7371,-4228.24,0.2
4577,12.72,548071.0537,-3570.89,0.21
4578,8.52,119901.0174,-3254.42,0.99
4579,7.32,28.4345,-2756.11,0.17
4580,10.32,1102982.777,-4036.67,0.18
4581,10.32,118952.7959,-3139.88,0.19
4582,9.2,599504.5508,-3002.37,0.17
4583,10.08,431296.3408,-3390.8,1.07
4584,10.04,132516.2002,-3501.32,0.18
4585,10.6,0.158,-3253.49,0.18
4586,8.24,3018.5934,-3002.87,0.17
4587,9.76,1079745.7541,-3783.12,0.19
4588,7.28,719758.6056,-2577.96,1.16
4589,6.0,67779.8487,-2799.61,0.19
4590,9.4,0.2231,-4005.28,0.22
4591,10.28,3943.0377,-3691.76,0.22
4592,9.04,1006.1582,-1750.45,0.21
4593,10.08,0.0188,-3500.16,1.04
4594,11.88,119081.6112,-3258.57,0.17
4595,7.68,359869.4486,-3281.66,0.17
4596,9.08,119323.1957,-3304.49,0.22
4597,8.4,33922.0747,-3573.12,0.17
4598,12.2,758.4233,-2950.31,0.95
4599,7.96,1079634.9988,-4404.67,0.19
4600,5.44,0.1232,-4000.13,0.19
4601,9.32,119562.3613,-2750.54,0.17
4602,10.84,1285.1564,-3752.77,0.18
4603,9.6,2802.9414,-2530.86,0.86
4604,10.68,169577.6851,-2627.28,0.21
4605,8.8,152820.0544,-2533.25,0.19
4606,8.52,27.2628,-3003.9,0.2
4607,7.0,0.0241,-3250.27,0.19
4608,6.88,762.1088,-3556.5,0.2
4609,9.0,359702.499,-3250.41,0.22
4610,8.32,4.8854,-3290.89,0.17
4611,10.96,169448.6326,-3092.02,0.2
4612,10.56,288403.8004,-3000.21,0.17
4613,8.24,339245.1088,-2751.89,0.18
4614,9.4,1046.0648,-2500.36,0.98
4615,6.96,383632.5396,-3252.77,0.23
4616,7.6,359542.6391,-3040.29,0.21
4617,8.48,471379.2397,-3755.28,0.23
4618,8.2,360498.6463,-3758.43,0.22
4619,7.52,0.5394,-3501.2,1.05
4620,8.16,0.1814,-2005.26,0.21
4621,10.4,335726.6236,-3750.15,0.26
4622,7.72,146.0214,-1500.84,0.28
4623,11.32,5.6096,-3501.49,0.22
4624,7.84,1111769.6381,-2750.3,0.97
4625,8.52,428.4732,-1537.62,0.19
4626,7.08,169478.105,-3814.28,0.18
4627,9.36,65966.5643,-3500.13,0.18
4628,6.92,359708.6769,-2402.12,0.2
4629,7.96,360085.8746,-2030.42,0.85
4630,7.92,1366.0052,-3502.54,0.19
4631,8.16,170981.1898,-2996.49,0.21
4632,6.08,1.8428,-3029.23,0.18
4633,9.0,2.532,-2039.66,0.2
4634,9.16,36.153,-3500.71,1.04
4635,7.68,589479.8136,-4541.22,0.18
4636,10.4,0.0895,-1752.14,0.17
4637,9.16,180675.4386,-2250.24,0.19
4638,8.2,22.2397,-2804.65,0.22
4639,8.36,11.9829,-2754.91,1.75
4640,8.76,2.1165,-4000.64,0.21
4641,9.36,674462.5184,-2252.17,0.17
4642,9.32,33920.2357,-3396.57,0.18
4643,8.24,2799.6448,-1259.9,0.21
4644,8.52,119586.7492,-2754.37,1.1
4645,6.92,342106.7488,-3830.79,0.18
4646,10.68,0.145,-1253.57,0.22
4647,7.56,360881.6598,-2770.62,0.18
4648,6.16,0.511,-3501.63,0.23
4649,9.68,418.0527,-2750.52,1.1
4650,6.96,0.2554,-2755.78,0.18
4651,8.92,356907.5782,-3643.3,0.21
4652,6.68,753.5809,-2540.14,0.19
4653,8.52,1139.8343,-2005.38,0.2
4654,8.0,0.6151,-2262.25,0.28
4655,8.52,429172.5141,-3501.95,1.22
4656,7.92,392292.093,-3500.92,0.19
4657,9.04,495109.6385,-2636.52,0.24
4658,7.72,358757.0548,-2859.89,0.17
4659,10.88,390708.2234,-1971.46,0.2
4660,8.72,1285.0857,-3501.14,1.0
4661,9.76,705957.17,-2750.88,0.17
4662,9.68,0.5689,-2514.07,0.17
4663,7.32,169444.9584,-3001.38,0.18
4664,7.88,112410.4332,-3250.35,0.17
4665,8.96,122848.3343,-3253.61,1.16
4666,8.52,396681.5995,-3462.95,0.17
4667,10.68,689627.734,-1751.26,0.17
4668,9.68,5.7322,-2333.7,0.17
4669,11.08,0.1964,-3254.67,0.26
4670,10.2,1007.614,-2533.68,1.1
4671,9.72,1.1164,-3027.08,0.2
4672,5.68,425696.5936,-3219.81,0.22
4673,6.36,719689.7058,-4522.75,0.2
4674,10.64,2641.4078,-3254.36,0.18
4675,9.6,169471.9039,-2251.55,1.09
4676,6.48,0.0465,-2001.23,0.19
4677,7.12,584530.234,-3646.39,0.21
4678,10.0,1068697.4125,-3014.24,0.26
4679,11.0,204720.7475,-1825.66,0.21
4680,8.72,337630.4673,-2268.78,0.88
4681,6.84,1.7596,-3792.45,0.2
4682,6.8,340067.7861,-2022.85,0.24
4683,7.28,114728.9607,-3000.4,0.18
4684,7.76,5.641,-1751.99,0.17
4685,8.36,1059460.1617,-3250.19,1.12
4686,6.0,33911.0184,-4002.8,0.17
4687,7.24,904107.5921,-3093.64,0.21
4688,7.44,1.167,-2278.75,0.21
4689,11.12,240.9345,-3750.14,0.18
4690,8.44,309342.5101,-3501.97,1.38
4691,11.2,2570.1874,-2500.79,0.22
4692,9.64,1070096.2435,-2817.27,0.24
4693,7.16,33879.1818,-3501.12,0.26
4694,10.56,3.0572,-3575.77,0.2
4695,9.16,359664.382,-3751.24,0.24
4696,11.56,769.8538,-2755.87,0.18
4697,9.36,480236.9852,-3521.57,0.18
4698,6.36,841354.3551,-4078.24,0.2
4699,8.2,1.277,-3010.22,0.19
4700,10.76,1079533.1128,-2755.2,0.18
4701,10.16,120637.7478,-3285.41,0.87
4702,11.96,3014.1544,-4443.73,0.23
4703,7.36,6.3391,-2408.28,0.24
4704,5.44,14.0157,-3119.4,0.23
4705,7.12,114729.0876,-3258.87,0.21
4706,10.04,41.8065,-2800.95,1.11
4707,8.2,13.3213,-2332.92,0.2
4708,8.28,771499.8749,-4250.87,0.23
4709,7.52,504817.4884,-3688.55,0.22
4710,9.48,0.9761,-1523.52,0.17
4711,5.76,135697.3698,-3002.46,1.25
4712,8.32,369113.6228,-4250.19,0.18
4713,8.24,788758.1876,-3759.9,0.18
4714,6.2,359879.6357,-2117.23,0.19
4715,7.76,0.0448,-3000.32,0.24
4716,5.92,168270.3363,-2755.49,1.11
4717,5.96,4806.2223,-3033.27,0.2
4718,9.24,11.8128,-3000.96,0.25
4719,7.0,35.2234,-3001.25,0.2
4720,7.0,6.1366,-3826.55,0.2
4721,8.96,42.5988,-3504.32,1.55
4722,5.56,0.0171,-4500.15,0.21
4723,8.12,185855.1804,-4167.18,0.18
4724,7.4,187783.9077,-2265.03,0.18
4725,9.72,384.3203,-2512.41,0.19
4726,11.28,388146.0837,-3250.16,1.19
4727,7.32,287606.6451,-3500.15,0.19
4728,8.68,0.802,-2519.94,0.17
4729,8.0,875.8507,-4263.85,0.18
4730,10.0,65977.5343,-4000.19,0.23
4731,7.28,17.7581,-2723.53,0.91
4732,9.32,11.0241,-2334.68,0.17
4733,7.84,30.5649,-3518.05,0.2
4734,10.08,359845.6228,-2533.01,0.18
4735,9.12,360916.9003,-2751.26,0.2
4736,8.96,188.8724,-2025.31,0.2
4737,8.44,43.7786,-3280.71,0.22
4738,10.84,574631.7248,-3500.15,0.22
4739,9.96,706.4168,-2278.67,0.17
4740,9.88,371486.4393,-1911.13,0.21
4741,10.32,0.5381,-3511.4,0.2
4742,8.24,2780.2081,-2519.25,0.98
4743,5.76,37003.5643,-2761.03,0.18
4744,9.72,362728.649,-2839.13,0.21
4745,10.12,170404.4576,-3283.43,0.2
4746,8.76,35.5446,-2760.93,0.25
4747,7.16,39.8914,-3722.98,0.92
4748,8.0,359845.5035,-2529.92,0.17
4749,8.16,32333.135,-2502.76,0.18
4750,9.68,241.35,-3257.11,0.18
4751,9.72,127.6491,-2513.37,0.18
4752,7.48,0.4009,-3009.49,0.88
4753,6.68,1236.5575,-3628.07,0.21
4754,5.68,32.9901,-3250.21,0.22
4755,10.2,360455.5676,-3252.02,0.23
4756,10.24,355287.8198,-2951.96,0.19
4757,7.16,3807.2061,-2294.52,0.93
4758,8.32,119176.7415,-3021.52,0.2
4759,7.6,18.7461,-3250.63,0.2
4760,8.88,0.1088,-2752.29,0.18
4761,8.68,7.7792,-3443.52,0.18
4762,8.36,168194.6626,-3001.24,0.86
4763,7.88,66116.1232,-2751.65,0.2
4764,7.68,1979308.0026,-3262.14,0.19
4765,6.6,359856.097,-3083.69,0.2
4766,10.68,13.0388,-2572.77,0.23
4767,7.0,243658.5262,-2043.08,0.89
4768,7.6,384689.3071,-2559.61,0.17
4769,6.72,360964.2076,-3250.47,0.19
4770,10.8,8.5852,-3389.15,0.2
4771,7.68,119157.7694,-3501.47,0.17
4772,10.0,118948.9063,-3233.47,0.92
4773,6.56,360084.0466,-4255.73,0.19
4774,10.04,1461162.6091,-3501.44,0.19
4775,7.84,95.3062,-3013.22,0.25
4776,10.0,0.1682,-1504.17,0.24
4777,11.96,42891.6772,-3314.69,1.07
4778,8.04,1439379.5482,-4502.9,0.18
4779,10.92,289.1668,-3250.3,0.18
4780,10.32,359991.7451,-4122.55,0.23
4781,6.28,72.7912,-3077.71,0.17
4782,8.72,0.447,-2755.84,0.2
4783,9.0,828581.264,-4500.22,0.93
4784,9.84,7.8444,-2445.93,0.2
4785,7.84,119821.7317,-2503.13,0.2
4786,9.2,4854.9762,-2757.36,0.18
4787,12.48,2706.1378,-3750.49,0.19
4788,9.36,1079239.9422,-3001.67,0.81
4789,9.68,896.6944,-2811.97,0.19
4790,10.24,360303.8627,-3503.5,0.19
4791,9.0,1325.6307,-3194.28,0.19
4792,9.84,724787.4817,-2533.03,0.17
4793,10.44,5.1104,-3128.14,0.99
4794,9.0,120040.7129,-3253.91,0.17
4795,10.44,511356.8107,-3184.18,0.18
4796,7.68,2802.0522,-3755.53,0.17
4797,9.52,114729.0868,-3000.49,0.24
4798,7.04,123707.9435,-2523.48,0.84
4799,10.72,750.237,-4000.19,0.28
4800,7.2,42889.3868,-2005.53,0.17
4801,8.08,592785.7221,-3750.51,0.21
4802,9.16,1079237.6792,-3250.41,0.19
4803,10.12,362410.9978,-2767.9,0.86
4804,6.96,71365.2509,-3029.89,0.2
4805,7.96,74090.9187,-2780.24,0.17
4806,8.92,39693.9453,-2316.23,0.22
4807,7.84,32357.3784,-3501.44,0.21
4808,7.48,336626.7705,-2972.9,0.84
4809,7.88,2150277.9097,-5007.03,0.18
4810,8.24,668326.5584,-4501.52,0.2
4811,8.32,88.3421,-3518.14,0.17
4812,7.84,113076.5108,-3001.32,0.17
4813,7.36,239802.9537,-3015.61,1.54
4814,6.52,0.961,-2268.1,0.18
4815,8.8,23791.6786,-2812.4,0.17
4816,12.0,359844.9672,-2506.36,0.16
4817,5.4,3.3745,-3082.75,0.18
4818,6.88,23.6731,-2693.21,1.02
4819,9.6,2713.6907,-3284.85,0.18
4820,8.76,335747.6114,-2535.71,0.2
4821,8.4,118940.3348,-2266.64,0.18
4822,9.76,2.9919,-3772.39,0.18
4823,9.84,645.7618,-3941.8,0.18
4824,12.72,121.4903,-3019.27,0.17
4825,11.52,3057.2391,-3251.55,0.22
4826,11.84,238203.3625,-3517.86,0.2
4827,8.56,483000.4424,-3250.51,0.18
4828,7.12,0.2687,-3506.13,0.21
4829,9.88,41.3666,-3006.79,1.23
4830,8.96,0.2773,-2755.26,0.22
4831,7.16,148.0407,-3752.92,0.2
4832,7.6,403.3887,-3221.38,0.2
4833,9.0,7.5748,-3688.9,0.24
4834,7.84,23788.5158,-2764.87,1.16
4835,8.8,622.9738,-2753.28,0.24
4836,9.6,405468.5754,-3500.25,0.18
4837,11.92,9.8802,-2729.07,0.21
4838,9.12,7.1913,-2179.7,0.19
4839,12.4,356818.7436,-4750.31,1.11
4840,8.2,229459.3409,-2796.96,0.21
4841,6.16,8400.7071,-3039.81,0.2
4842,8.68,68651.358,-2279.01,0.17
4843,5.92,379.9882,-4001.37,0.21
4844,5.36,0.4516,-3260.47,0.94
4845,9.12,1079551.9372,-3087.63,0.22
4846,10.16,329733.6086,-2502.39,0.18
4847,9.52,874573.9674,-3012.29,0.2
4848,8.44,0.312,-2005.56,0.22
4849,8.72,0.7776,-2264.47,1.03
4850,10.0,1.1688,-3253.82,0.2
4851,9.2,491821.4836,-3191.17,0.18
4852,9.44,277692.7384,-4138.36,0.19
4853,12.0,766.4346,-2899.9,0.19
4854,9.24,757071.5287,-4000.41,1.16
4855,8.16,283000.4792,-2789.19,0.19
4856,9.76,362709.3198,-2505.26,0.31
4857,9.76,17.8952,-2436.53,0.26
4858,8.76,33363.6723,-3254.48,0.31
4859,8.92,697328.4652,-3013.7,1.14
4860,7.72,146.972,-2539.21,0.17
4861,9.24,750977.2801,-3001.56,0.22
4862,9.48,354739.6015,-3001.47,0.19
4863,9.84,359664.7418,-3010.32,0.18
4864,8.52,153895.7653,-3548.03,0.18
4865,10.08,119273.9084,-3251.15,0.17
4866,7.76,390.1248,-3974.15,0.2
4867,10.2,360166.6822,-2750.97,0.17
4868,7.96,719692.2213,-3049.5,0.2
4869,10.28,958223.4158,-3500.19,0.21
4870,7.0,38.2206,-2971.73,1.15
4871,10.2,2.7998,-3311.46,0.19
4872,6.92,0.2978,-2257.34,0.2
4873,9.56,0.2781,-3250.37,0.18
4874,8.52,120017.0507,-4028.81,0.2
4875,10.4,1.0831,-4263.46,1.16
4876,8.6,117520.9751,-3091.71,0.17
4877,9.64,4778.1133,-2291.74,0.17
4878,8.08,112410.8227,-2259.96,0.17
4879,7.92,45.887,-2256.99,0.24
4880,9.28,3.5818,-3588.83,1.08
4881,9.48,479677.3223,-3035.06,0.22
4882,8.36,359844.6684,-2754.76,0.17
4883,9.12,120059.8913,-2752.88,0.17
4884,8.8,359849.643,-2375.44,0.18
4885,8.72,1058636.5654,-3500.42,0.89
4886,10.12,1072458.3614,-2784.72,0.16
4887,9.2,1154.4321,-3001.46,0.18
4888,8.64,700116.9382,-3004.22,0.2
4889,8.0,352336.1101,-3501.6,0.22
4890,6.0,1.7874,-3044.45,0.88
4891,11.68,2.9102,-2799.61,0.21
4892,9.16,479605.0914,-3516.25,0.17
4893,7.08,1165.213,-3330.42,0.17
4894,7.72,3.6766,-2515.8,0.17
4895,9.68,3.2402,-2329.59,0.9
4896,8.44,187774.7509,-3813.83,0.19
4897,12.52,594697.7854,-3250.37,0.19
4898,11.0,360712.6621,-3251.71,0.76
4899,6.68,119902.3732,-3513.91,0.17
4900,10.12,964879.9558,-3250.6,0.91
4901,10.56,235.5416,-3938.54,0.18
4902,8.52,71370.7402,-2780.69,0.21
4903,9.16,716389.4052,-3250.99,0.23
4904,10.68,594697.9195,-4250.13,0.18
4905,7.44,357305.4335,-3796.45,0.96
4906,6.24,20.5437,-3503.88,0.19
4907,7.36,0.0266,-4250.19,0.19
4908,9.76,1985271.4534,-3001.23,0.17
4909,9.48,0.0472,-2001.43,0.18
4910,8.0,112932.2205,-3039.09,0.21
4911,9.16,11.0244,-1788.73,0.93
4912,9.52,0.2141,-2502.83,0.2
4913,10.64,353124.1663,-3502.35,0.17
4914,6.88,1430162.351,-2753.74,0.22
4915,10.32,154419.2228,-3000.49,0.22
4916,7.64,17.3899,-3520.5,0.9
4917,10.04,0.0552,-3002.17,0.18
4918,7.52,1020270.4055,-2888.59,0.18
4919,11.44,354902.3718,-3010.18,0.23
4920,7.88,0.6645,-2014.11,0.19
4921,8.64,1429697.0235,-3825.58,0.85
4922,9.72,237997.6624,-4076.93,0.18
4923,10.92,354258.2811,-2750.4,0.22
4924,10.16,814733.5366,-3353.31,0.19
4925,7.84,479641.701,-3004.52,0.2
4926,8.44,112448.5938,-3525.14,0.93
4927,7.64,700005.0348,-2501.43,0.19
4928,9.48,340066.9522,-3251.67,0.17
4929,8.8,420.8729,-3505.45,0.19
4930,8.28,4.4281,-3562.43,0.19
4931,6.92,119902.6021,-3267.05,0.89
4932,9.68,1640.8121,-3636.49,0.18
4933,7.4,92.558,-2538.94,0.19
4934,9.04,32993.1682,-3189.54,0.19
4935,9.24,1.3464,-1783.31,0.17
4936,7.96,3.3035,-1768.28,0.84
4937,9.48,0.1207,-2752.77,0.17
4938,9.12,1698774.9577,-4220.15,0.18
4939,7.6,19.8208,-2490.03,0.22
4940,8.92,127.8232,-3256.07,0.28
4941,8.88,355436.6506,-2750.59,0.98
4942,8.8,2569.0526,-2577.73,0.18
4943,7.6,131909.056,-3450.4,0.18
4944,8.2,119461.2298,-3002.19,0.17
4945,9.4,360850.9943,-2752.26,0.22
4946,8.0,240043.4836,-2523.43,0.84
4947,11.32,6185.9546,-4250.64,0.19
4948,7.84,90.1511,-3758.05,0.2
4949,7.8,1011693.7136,-3000.39,0.18
4950,8.08,0.1408,-3250.41,0.18
4951,7.32,24.3998,-3521.65,0.19
4952,9.08,719436.3273,-2523.71,0.19
4953,10.16,42.7716,-2516.2,0.2
4954,7.92,0.2339,-3005.4,0.18
4955,7.28,1.8284,-2276.45,0.18
4956,10.08,5.1415,-1802.91,0.16
4957,6.64,4854.6931,-3500.18,0.93
4958,5.96,527974.732,-3013.85,0.18
4959,9.76,2711.5306,-3944.46,0.23
4960,9.92,0.4665,-3507.26,0.19
4961,10.24,34841.6857,-2757.89,0.18
4962,8.0,475294.6752,-3531.01,0.88
4963,5.64,2799.7085,-3505.34,0.18
4964,9.8,389980.002,-3507.64,0.19
4965,9.56,192.7958,-3253.97,0.21
4966,7.12,82.3327,-2795.52,0.22
4967,8.28,0.1044,-3251.4,0.9
4968,10.2,752.5086,-3020.99,0.19
4969,8.48,1073216.4701,-4001.39,0.21
4970,6.48,181.5818,-2275.9,0.22
4971,10.52,713642.5706,-3315.69,0.19
4972,8.8,43183.4178,-2544.62,0.98
4973,7.28,297.9375,-3575.55,0.18
4974,10.24,100.2826,-3001.63,0.19
4975,9.56,360618.8862,-3025.92,0.23
4976,8.64,142733.9809,-3091.43,0.16
4977,8.12,119240.6526,-3500.18,0.91
4978,6.36,120013.8871,-2751.14,0.18
4979,7.48,120087.9795,-3328.03,0.2
4980,10.2,356916.2338,-3250.31,0.25
4981,8.84,112934.333,-2767.15,0.19
4982,11.92,363011.0895,-2476.88,0.95
4983,9.12,516.4569,-3251.24,0.21
4984,7.68,4914.697,-4022.07,0.22
4985,7.96,27097.2118,-2164.6,0.2
4986,9.08,3.5614,-3294.67,0.2
4987,8.64,359877.3673,-3543.47,0.9
4988,11.32,19.4911,-2937.84,0.18
4989,8.04,335729.039,-2310.67,0.18
4990,8.04,5606.8912,-2769.36,0.18
4991,6.08,0.7454,-1516.88,0.17
4992,8.12,68780.0284,-3623.05,0.74
4993,10.08,192.7258,-3002.48,0.25
4994,7.84,19.8244,-3012.91,0.17
4995,9.52,1022.1669,-2126.57,0.18
4996,10.52,480108.9568,-3621.99,0.17
4997,10.12,45.8672,-2584.57,0.2
4998,9.4,33915.4494,-3532.92,1.0
4999,8.68,44.7023,-3265.01,0.19
5000,6.92,587.4943,-3075.63,0.22
5001,10.64,2684.9912,-2778.85,0.19
5002,11.0,1766.5613,-4750.31,0.17
5003,11.2,118939.6312,-3501.67,0.92
5004,9.12,119902.1126,-3780.09,0.19
5005,9.16,7.1995,-2618.29,0.21
5006,6.32,171198.0074,-2848.18,0.19
5007,7.84,132655.1567,-2803.11,0.22
5008,10.24,2.1972,-3300.8,0.97
5009,9.36,702350.2858,-3777.92,0.17
5010,9.84,352652.5995,-2908.44,0.22
5011,11.6,725960.17,-3500.6,0.17
5012,11.2,39693.0359,-2813.11,0.19
5013,10.0,20.5852,-3033.07,0.92
5014,7.12,839828.9489,-3001.13,0.17
5015,10.8,1072304.6537,-4001.01,0.21
5016,9.16,1246.8386,-2533.24,0.24
5017,7.2,56465.6828,-3255.05,0.21
5018,8.56,10.8861,-2637.43,0.95
5019,6.44,13.541,-3106.11,0.2
5020,7.84,1.2995,-3015.04,0.19
5021,10.12,359699.2313,-2308.45,0.17
5022,8.04,344890.4859,-3807.93,0.23
5023,8.6,32237.2839,-2763.89,1.1
5024,10.6,120.472,-2750.16,0.2
5025,8.2,265.8687,-3750.25,0.18
5026,9.04,51.0375,-2457.7,0.18
5027,6.88,379.8978,-2001.57,0.2
5028,9.72,118944.1165,-3251.85,1.1
5029,7.12,142850.1573,-2791.64,0.2
5030,12.88,8.218,-3205.25,0.19
5031,12.96,118987.3366,-3294.95,0.18
5032,6.36,393725.9204,-3060.69,0.21
5033,9.32,359705.99,-2760.03,0.98
5034,12.12,872972.2063,-3939.12,0.17
5035,11.4,120021.6459,-4100.27,0.18
5036,8.4,120048.4068,-2804.59,0.18
5037,8.32,5.5953,-2500.32,0.19
5038,11.88,5.2219,-3523.58,0.17
5039,9.76,33889.1673,-2248.81,0.94
5040,9.88,0.2336,-2751.03,0.18
5041,7.92,359706.6601,-2837.51,0.2
5042,12.16,0.2331,-2005.69,0.19
5043,8.6,215078.5929,-2759.22,0.21
5044,7.92,722868.0288,-3508.23,0.94
5045,10.16,362845.8057,-3514.43,0.18
5046,8.32,1006.1406,-3000.2,0.18
5047,4.16,19.454,-3265.03,0.18
5048,8.48,63.7428,-4165.36,0.24
5049,8.92,856072.4791,-3503.04,0.9
5050,8.88,800367.8788,-3266.09,0.18
5051,9.44,241843.7346,-3272.92,0.24
5052,10.56,487511.779,-4194.31,0.24
5053,10.44,237880.0362,-3502.44,0.17
5054,8.44,205.1289,-3155.18,0.84
5055,7.72,359849.5821,-3065.72,0.17
5056,13.12,622.7504,-2751.36,0.18
5057,9.32,2703.8975,-3247.19,0.17
5058,10.28,594927.0569,-5000.11,0.17
5059,9.84,354258.4297,-3255.19,0.98
5060,8.36,67848.8274,-3004.39,0.2
5061,9.16,0.1349,-2753.24,0.22
5062,7.08,2800.6388,-2006.76,0.17
5063,8.72,1151.692,-3500.4,0.19
5064,8.48,0.815,-2268.93,0.97
5065,11.24,302.0581,-4400.16,0.22
5066,10.24,4.2382,-3294.21,0.17
5067,8.04,206511.8292,-2778.63,0.18
5068,8.24,23799.2953,-2643.36,0.16
5069,11.08,354258.1395,-4250.52,1.0
5070,6.48,357964.133,-3501.11,0.17
5071,10.0,23790.4292,-2312.76,0.2
5072,11.2,337234.4701,-2827.93,0.17
5073,10.08,335727.8501,-3031.45,0.25
5074,5.92,18.8818,-3078.09,1.12
5075,11.44,628.4519,-2143.95,0.19
5076,8.28,502603.6299,-3007.48,0.25
5077,8.52,172235.5524,-3502.23,0.2
5078,9.2,71384.1332,-3505.23,0.24
5079,10.04,1.4568,-3033.34,0.22
5080,7.44,47582.3832,-3326.61,0.78
5081,9.52,1199358.1768,-4001.03,0.19
5082,9.8,1832514.2878,-3106.52,0.22
5083,9.72,155.6303,-3250.27,0.19
5084,9.04,22.5629,-3281.79,0.19
5085,7.04,359790.1226,-2542.0,0.92
5086,11.04,4.9417,-2301.19,0.18
5087,9.12,43663.5767,-3250.38,0.2
5088,11.36,1007183.9729,-3750.89,0.17
5089,10.72,1.625,-2777.0,0.23
5090,9.32,241351.6469,-2752.5,0.9
5091,10.2,113078.6127,-3263.65,0.21
5092,8.96,7.6844,-2940.18,0.23
5093,8.88,0.1879,-3754.06,0.17
5094,9.4,43.8686,-2389.81,0.2
5095,9.04,25.2134,-2690.84,0.98
5096,8.44,13.8333,-2345.65,0.18
5097,7.6,203565.3306,-3002.04,0.17
5098,10.28,21.5658,-4002.32,0.24
5099,8.84,395868.6741,-3029.96,0.2
5100,13.04,9.7229,-2810.35,1.21
5101,6.48,176.0845,-2271.36,0.21
5102,8.6,1035815.3497,-3559.67,0.19
5103,7.24,1318.244,-2292.25,0.18
5104,5.68,19.3468,-2751.62,0.25
5105,8.72,66961.5213,-2778.62,1.13
5106,7.92,1921922.152,-3261.99,0.2
5107,8.76,114773.2632,-2289.36,0.18
5108,8.96,0.212,-2254.01,0.2
5109,10.64,651124.5022,-3330.74,0.18
5110,6.88,71364.001,-1750.41,1.15
5111,7.8,0.2251,-3007.41,0.21
5112,7.04,359863.5583,-2750.1,0.2
5113,7.08,120403.5212,-3000.32,0.17
5114,7.12,359735.1811,-4006.41,0.2
5115,9.56,171687.0666,-3250.15,0.92
5116,8.2,359837.666,-2761.5,0.19
5117,6.64,535.197,-3848.44,0.2
5118,8.76,169515.6366,-4256.53,0.2
5119,8.48,10964.0679,-2000.8,0.28
5120,10.88,473198.0366,-2500.59,0.26
5121,9.92,719689.532,-3014.19,0.16
5122,8.84,158.7365,-3500.91,0.18
5123,8.8,5466.0551,-3267.86,0.19
5124,11.28,528379.1111,-3102.14,0.18
5125,11.64,800862.975,-3195.11,0.2
5126,11.2,152599.8036,-3311.73,0.94
5127,9.28,39918.6928,-3009.17,0.17
5128,10.48,0.3892,-2509.57,0.21
5129,8.76,359876.3328,-2791.07,0.21
5130,8.16,4856.026,-3532.85,0.18
5131,11.4,575504.281,-3638.81,0.93
5132,8.92,131923.3119,-2501.01,0.18
5133,8.36,359642.3689,-3250.17,0.18
5134,10.92,752.3706,-3045.2,0.24
5135,9.56,360084.6263,-4255.64,0.17
5136,9.16,356857.2973,-2439.66,1.03
5137,7.96,97.8375,-3507.56,0.19
5138,8.04,0.2982,-3254.74,0.19
5139,7.68,359712.2168,-3242.11,0.19
5140,7.48,126.2305,-2227.55,0.24
5141,6.88,76.2665,-2757.39,1.11
5142,5.12,8.9612,-2753.54,0.18
5143,10.36,64476.3964,-3568.07,0.22
5144,8.32,168478.6018,-3210.24,0.25
5145,12.96,19.7432,-4000.23,0.19
5146,9.84,191387.9487,-3279.2,1.09
5147,8.64,359706.1336,-2726.68,0.17
5148,10.84,1503.9951,-2575.11,0.18
5149,10.32,393524.4114,-3750.28,0.18
5150,6.72,719751.0902,-3794.22,0.19
5151,12.08,8.0961,-3005.83,1.1
5152,9.88,354258.3222,-2255.01,0.18
5153,9.88,330026.4636,-3640.46,0.2
5154,7.6,73.4386,-3001.95,0.19
5155,10.08,0.5549,-2259.85,0.18
5156,8.0,1295012.4618,-2505.06,1.08
5157,8.84,758.2889,-3509.65,0.19
5158,8.84,1427420.4326,-4007.56,0.23
5159,9.88,3.526,-2089.03,0.21
5160,5.88,539012.739,-4500.47,0.21
5161,11.04,496172.0072,-3688.55,1.03
5162,9.88,8410.2796,-3286.71,0.19
5163,7.04,164.4798,-3061.36,0.17
5164,8.92,0.139,-2751.99,0.17
5165,6.32,39.8364,-3522.85,0.2
5166,11.16,118943.0373,-2305.31,0.18
5167,9.0,23789.9609,-4000.29,1.63
5168,10.88,1285.1152,-3000.39,0.19
5169,9.36,7699.5887,-3780.17,0.17
5170,11.28,702532.8092,-3750.21,0.18
5171,9.84,814594.5814,-2509.14,0.18
5172,6.76,545680.6232,-3001.98,1.02
5173,7.56,1009.2175,-2327.12,0.24
5174,9.44,360414.2085,-2251.56,0.22
5175,10.8,357561.6514,-2006.09,0.19
5176,10.84,421.0254,-3001.15,0.19
5177,10.6,15.2813,-3381.69,0.97
5178,9.96,122148.3824,-4652.92,0.19
5179,11.92,1.2082,-2529.73,0.17
5180,9.6,175860.7637,-3063.83,0.18
5181,7.56,1388102.2952,-2250.61,0.2
5182,11.04,0.2192,-1755.0,0.96
5183,9.48,1.5254,-3287.77,0.23
5184,7.64,19.9728,-3015.15,0.27
5185,10.68,2392.2877,-2505.53,0.2
5186,8.76,0.3782,-2504.64,0.2
5187,10.76,65952.9136,-2824.62,0.96
5188,8.68,3.646,-2819.83,0.18
5189,8.96,171507.8437,-4500.16,0.17
5190,8.0,71364.0594,-2001.84,0.21
5191,6.84,0.5648,-3501.3,0.18
5192,9.4,338627.0673,-2750.85,1.0
5193,10.76,65963.9392,-3037.86,0.18
5194,8.44,2799.5766,-3256.57,0.24
5195,10.6,120028.5461,-3592.53,0.22
5196,12.8,0.3476,-3751.6,0.2
5197,7.92,428223.4689,-3001.75,0.94
5198,9.0,3.171,-2253.95,0.2
5199,6.4,120483.2724,-3521.88,0.2
5200,9.68,121803.3043,-2000.36,0.17
5201,10.08,2704.0282,-3261.27,0.19
5202,8.68,293912.4541,-3500.5,0.93
5203,10.68,1041407.7488,-3567.32,0.21
5204,10.84,0.0198,-3501.14,0.25
5205,9.92,419423.3982,-3027.36,0.19
5206,9.52,1053528.5868,-4252.32,0.17
5207,8.48,1236.613,-2516.01,0.19
5208,7.84,68602.382,-3556.63,0.17
5209,8.32,7574.4088,-2217.64,0.2
5210,6.68,0.8757,-3758.37,0.2
5211,8.68,360298.885,-3769.6,0.21
5212,11.24,1175141.0304,-4000.12,0.21
5213,7.28,335764.8172,-3327.04,1.14
5214,6.6,1.1213,-2002.63,0.19
5215,9.8,1910.1858,-2810.68,0.19
5216,9.88,359874.3741,-2755.77,0.18
5217,8.28,0.0489,-2751.0,0.23
5218,8.84,10.7473,-2767.9,1.15
5219,10.04,237879.4981,-3008.15,0.23
5220,8.68,229458.368,-2268.26,0.18
5221,7.96,172246.9613,-3062.99,0.2
5222,8.52,360235.1669,-3893.01,0.19
5223,8.92,719468.395,-4256.68,1.05
5224,11.04,750.2934,-2500.3,0.18
5225,8.24,0.1234,-2753.71,0.24
5226,6.84,5007.3894,-2750.21,0.21
5227,7.56,169395.8821,-3750.24,0.17
5228,10.08,120052.1946,-2756.9,0.99
5229,9.32,67848.708,-3502.22,0.18
5230,9.32,359705.9135,-3307.61,0.2
5231,7.0,474257.5382,-2500.55,0.2
5232,8.8,115123.7186,-2755.08,0.19
5233,9.76,886834.3225,-3500.93,0.83
5234,7.56,0.1134,-3000.32,0.17
5235,9.36,713639.8823,-2001.38,0.19
5236,9.6,185964.6027,-3045.45,0.22
5237,8.44,129678.3455,-3094.34,0.21
5238,9.12,119035.9006,-3250.36,0.88
5239,11.68,475763.9968,-2640.69,0.18
5240,10.4,6.5627,-2593.09,0.2
5241,7.84,359780.962,-4029.93,0.19
5242,9.88,423920.8941,-3250.92,0.18
5243,11.76,0.4502,-3750.5,1.04
5244,7.88,2695.8428,-3502.22,0.21
5245,8.2,258.6877,-3251.58,0.2
5246,9.56,152256.3335,-2898.71,0.17
5247,8.88,95200.2678,-3251.26,0.18
5248,6.08,119900.8462,-3250.28,0.18
5249,8.28,0.0404,-3500.42,0.18
5250,8.32,120095.0976,-4028.61,0.17
5251,9.6,1285.3071,-3504.15,0.17
5252,9.96,4.5318,-2036.46,0.24
5253,9.92,39787.0764,-3004.42,0.19
5254,9.6,3.738,-2565.49,0.93
5255,9.64,74425.7299,-2508.04,0.16
5256,8.92,1300.1425,-3794.85,0.21
5257,7.36,0.0498,-1751.05,0.73
5258,8.76,1198629.5186,-3494.73,0.19
5259,11.56,361370.1025,-3501.68,0.94
5260,7.28,2.4471,-1311.07,0.23
5261,10.44,2.6854,-3251.89,0.18
5262,4.64,719414.9556,-3999.82,0.18
5263,8.56,338297.204,-2762.58,0.17
5264,7.6,705051.8952,-3500.36,0.96
5265,8.44,719406.0214,-1769.66,0.25
5266,10.2,1070459.9104,-3501.65,0.21
5267,5.56,1.1591,-3523.94,0.24
5268,8.12,34885.621,-2256.64,0.25
5269,7.32,145.9376,-2504.76,0.87
5270,8.12,5.5732,-3500.27,0.18
5271,8.6,4.2358,-3606.73,0.18
5272,9.2,1708.508,-3562.05,0.18
5273,6.64,59.2255,-3085.41,0.2
5274,10.52,0.6176,-3010.33,0.98
5275,7.48,734233.3367,-2610.66,0.17
5276,13.76,3579.9964,-2253.19,0.18
5277,8.48,120047.2072,-4083.57,0.18
5278,9.6,399565.8811,-2261.21,0.18
5279,7.36,240236.5153,-4278.65,0.95
5280,8.96,119903.866,-2292.8,0.22
5281,10.12,399774.5465,-2260.24,0.19
5282,9.28,172178.6666,-3500.73,0.19
5283,7.92,5599.7457,-2763.89,0.17
5284,5.96,151.9794,-3000.41,0.87
5285,10.72,54.1031,-3254.0,0.16
5286,9.48,5369.8122,-2550.44,0.17
5287,8.84,237910.5118,-3753.2,0.18
5288,9.52,1500.5337,-2501.49,0.18
5289,7.96,35.4132,-3139.24,1.0
5290,7.88,2982.9654,-3500.35,0.24
5291,9.96,5.0099,-2358.25,0.21
5292,10.08,1181205.5849,-3257.39,0.18
5293,5.96,243.5307,-3531.45,0.21
5294,9.16,120014.2353,-2514.08,0.18
5295,6.8,70.3452,-3251.05,0.82
5296,6.28,0.1203,-3750.12,0.22
5297,9.44,34804.4351,-4377.02,0.2
5298,8.72,840234.0273,-3750.17,0.2
5299,9.76,336738.2246,-2388.07,0.23
5300,6.28,2.4238,-2532.06,0.86
5301,9.2,13.0044,-3522.82,0.2
5302,7.36,2704.967,-2532.11,0.2
5303,9.6,2012.6172,-3258.89,0.18
5304,8.96,120.8871,-3010.17,0.19
5305,9.64,537.1477,-4503.07,0.96
5306,9.16,360167.9161,-2533.83,0.17
5307,11.2,23.5392,-2586.1,0.22
5308,7.52,2.4927,-3062.31,0.23
5309,6.44,0.2272,-2505.34,0.22
5310,9.04,73447.6118,-3259.35,1.01
5311,9.4,42892.2652,-2327.16,0.2
5312,6.52,419013.2799,-2255.35,0.19
5313,10.92,711870.8632,-2527.53,0.18
5314,12.88,3.7715,-2822.55,0.19
5315,9.4,359698.3484,-2029.14,0.91
5316,8.6,1.524,-3283.54,0.22
5317,6.2,7.3207,-2313.33,0.17
5318,7.2,0.0466,-2750.51,0.2
5319,7.64,1.3232,-3000.24,0.19
5320,7.72,0.1231,-2751.48,0.86
5321,9.68,107527.7751,-3251.37,0.18
5322,10.8,355281.2369,-2528.89,0.21
5323,7.56,66955.5423,-2286.03,0.19
5324,7.28,120015.4625,-3007.38,0.17
5325,9.44,0.5751,-3262.71,1.01
5326,7.96,2722.0288,-3022.38,0.21
5327,9.92,1850064.484,-2924.48,0.21
5328,9.44,359844.4504,-2750.59,0.2
5329,8.16,2.918,-2811.5,0.2
5330,8.96,237.6681,-2689.13,1.16
5331,9.12,479800.3314,-3250.28,0.18
5332,11.92,119363.2527,-2503.44,0.18
5333,9.8,719404.9939,-4000.62,0.17
5334,8.48,34.3051,-3058.0,0.19
5335,8.04,366.3663,-3751.44,0.2
5336,8.52,44.0567,-2966.37,0.2
5337,9.2,354258.1385,-3000.48,0.27
5338,7.48,626.1847,-2335.92,0.19
5339,9.52,0.0232,-2251.44,0.22
5340,6.44,67877.3444,-2777.97,0.2
5341,12.0,261669.3604,-3054.1,1.03
5342,7.88,391939.3522,-3752.44,0.18
5343,9.12,4.1958,-2313.67,0.19
5344,7.68,2.5243,-4000.36,0.23
5345,10.24,188134.844,-3138.62,0.19
5346,10.52,237879.2932,-3000.91,1.6
5347,7.84,33900.6758,-3541.32,0.22
5348,11.28,120.6069,-2501.25,0.22
5349,11.52,0.0335,-3250.59,0.22
5350,8.72,704722.8031,-3316.78,0.22
5351,7.8,570851.9654,-4200.58,1.18
5352,9.04,53.2265,-2475.85,0.18
5353,6.6,38.6965,-3250.13,0.21
5354,5.56,2.5238,-3311.54,0.22
5355,9.76,1.161,-2278.9,0.24
5356,7.8,32255.7574,-4000.48,1.14
5357,6.88,66022.814,-1252.71,0.19
5358,10.72,1629.983,-3500.36,0.23
5359,8.36,1169594.1986,-3951.05,0.22
5360,6.84,326.0401,-3250.17,0.25
5361,8.56,288494.9508,-2316.56,1.15
5362,7.76,42406.4628,-3265.05,0.17
5363,9.84,118940.8562,-2277.05,0.23
5364,8.72,5560.4006,-3035.33,0.19
5365,11.2,705093.3001,-2252.16,0.17
5366,11.88,8312.157,-3527.14,1.0
5367,10.88,42889.6476,-3513.8,0.18
5368,10.6,2836.6526,-3164.78,0.2
5369,10.44,185018.3572,-2008.68,0.19
5370,8.68,2703.923,-3005.19,0.19
5371,10.32,0.0122,-3001.14,1.07
5372,5.44,4.8004,-4060.25,0.21
5373,7.24,1046.6471,-2750.81,0.17
5374,9.0,0.0175,-3250.15,0.17
5375,8.16,37.9448,-2018.49,0.2
5376,9.8,2683.901,-2501.61,0.21
5377,8.32,864673.7163,-3750.14,0.2
5378,7.08,112950.3686,-3505.45,0.19
5379,11.92,119071.646,-3507.67,0.21
5380,7.12,184.0957,-2261.64,0.2
5381,7.88,32237.051,-3008.14,0.22
5382,8.88,238200.9098,-2502.34,1.11
5383,7.76,1269418.6485,-4264.45,0.23
5384,9.48,10.0647,-2293.75,0.21
5385,11.24,329745.5128,-3250.94,0.25
5386,6.88,290.7955,-3250.19,0.19
5387,7.08,65949.0821,-3500.18,1.06
5388,8.08,59308.3755,-2088.63,0.19
5389,10.8,1414729.2061,-4753.37,0.17
5390,9.72,53.7246,-2885.37,0.21
5391,10.4,32281.7544,-2549.29,0.19
5392,7.88,13.7228,-3047.76,1.08
5393,8.0,0.1751,-2754.21,0.18
5394,10.32,1501.7867,-2783.53,0.22
5395,9.12,1876.688,-2960.5,0.18
5396,8.72,0.2985,-3257.27,0.22
5397,7.08,0.4711,-1261.64,1.17
5398,7.32,480098.4496,-2276.83,0.2
5399,7.84,71689.8384,-3504.71,0.21
5400,6.84,585557.8376,-3750.17,0.19
5401,10.12,185851.7741,-2356.08,0.18
5402,11.12,710559.5743,-2252.11,0.88
5403,7.64,69273.7118,-3522.3,0.19
5404,7.52,119081.5179,-2755.24,0.21
5405,6.08,67848.794,-2253.24,0.24
5406,12.44,0.4478,-3501.99,0.2
5407,9.52,1.3452,-3750.15,0.98
5408,8.36,68262.4866,-2753.62,0.26
5409,7.72,39835.8702,-3500.43,0.19
5410,8.88,363.7758,-2559.42,0.22
5411,9.36,6017.9622,-2449.5,0.2
5412,9.44,21.8385,-3250.8,0.86
5413,9.28,360993.875,-2888.65,0.18
5414,9.12,359816.0618,-2769.2,0.17
5415,7.52,36804.9232,-4044.23,0.22
5416,9.48,23796.8366,-2783.72,0.18
5417,8.4,2.1419,-3502.59,0.91
5418,7.76,3022.2223,-2793.6,0.18
5419,10.44,187702.4874,-2985.03,0.17
5420,9.2,309518.5263,-3503.59,0.21
5421,7.6,236622.4088,-2750.58,0.18
5422,8.12,355280.3411,-2514.72,0.2
5423,9.64,833384.209,-3815.2,0.91
5424,9.36,104.2416,-3193.23,0.22
5425,8.52,169447.3461,-2780.32,0.21
5426,9.6,1285.1024,-3000.31,0.23
5427,9.48,2.4618,-1559.95,0.23
5428,8.24,360856.5452,-3901.98,0.97
5429,8.16,120061.1963,-3448.14,0.19
5430,7.8,10163.6878,-3002.72,0.2
5431,8.44,1.9164,-2262.81,0.23
5432,6.0,97.5196,-4295.86,0.79
5433,7.48,19.9927,-3499.94,1.14
5434,12.76,573.2524,-3250.62,0.2
5435,7.96,23788.5038,-2264.34,0.23
5436,8.52,10.1664,-2088.28,0.19
5437,8.2,76.4266,-2251.5,0.23
5438,10.6,5610.5037,-3373.38,1.06
5439,10.64,695811.2829,-3272.95,0.24
5440,10.44,4.1692,-2604.11,0.21
5441,9.04,0.2157,-3502.65,0.24
5442,6.36,114777.6385,-3322.6,0.23
5443,11.52,64498.9769,-3502.74,1.02
5444,7.8,71801.2223,-3468.49,0.19
5445,8.68,147.269,-2013.66,0.2
5446,11.48,119072.363,-2528.3,0.21
5447,10.32,1434821.2242,-3383.51,0.19
5448,11.48,696085.9516,-2504.57,1.15
5449,11.04,119071.3211,-3750.19,0.18
5450,13.12,33882.0146,-3569.16,0.2
5451,11.52,5133.7156,-3291.42,0.19
5452,8.84,408380.91,-3500.42,0.2
5453,8.64,56465.6989,-2500.89,1.13
5454,8.56,9.6725,-1636.69,0.23
5455,10.2,118979.0092,-1500.71,0.2
5456,10.08,7.638,-2691.87,0.18
5457,8.76,120048.1116,-3001.38,0.23
5458,9.76,628.0036,-3838.53,0.96
5459,11.2,3710.0625,-2511.32,0.24
5460,8.44,273486.1084,-3282.15,0.2
5461,10.64,118939.5862,-1750.43,0.2
5462,7.08,339281.8037,-3084.73,0.23
5463,10.68,2566.8636,-2514.67,0.21
5464,9.4,502602.6897,-3000.7,0.19
5465,8.2,121020.7548,-2260.12,0.21
5466,9.72,119071.7301,-3510.23,0.22
5467,7.0,680282.2556,-3328.03,0.32
5468,11.2,959943.5918,-2251.04,0.2
5469,10.96,240081.2435,-3750.5,1.01
5470,10.68,0.0966,-3500.34,0.17
5471,12.04,0.9731,-3759.7,0.17
5472,8.8,118944.4279,-2120.44,0.19
5473,8.6,383997.426,-2502.0,0.2
5474,9.72,9727.8328,-3189.89,1.11
5475,12.16,707321.0053,-3815.43,0.21
5476,8.48,48.0018,-3473.27,0.2
5477,6.32,119.6807,-2750.41,0.23
5478,8.48,758.7586,-3315.95,0.19
5479,9.76,128444.3971,-3000.92,0.89
5480,7.56,38.648,-3251.84,0.25
5481,9.04,1.3723,-1770.86,0.23
5482,7.56,33.0269,-3753.99,0.2
5483,11.8,79.2199,-3593.87,0.18
5484,11.2,5599.1679,-3506.17,1.06
5485,10.76,66083.0253,-2545.09,0.17
5486,10.8,473860.8435,-3250.78,0.23
5487,11.0,360265.8911,-2292.56,0.18
5488,8.28,1857265.9364,-3000.42,0.18
5489,8.68,359852.1663,-1696.53,0.97
5490,7.56,338701.6961,-3156.69,0.23
5491,10.8,2.6827,-2066.71,0.2
5492,11.68,714116.2348,-3007.7,0.21
5493,8.88,760.9888,-3272.33,0.19
5494,10.4,718117.7053,-3500.27,1.13
5495,8.6,432217.8653,-2575.35,0.19
5496,9.76,359881.0766,-4288.02,0.19
5497,7.44,11.3098,-2782.91,0.2
5498,6.84,187753.2188,-2312.01,0.18
5499,13.12,185007.2078,-3512.11,1.01
5500,8.28,0.4242,-2255.1,0.19
5501,10.8,711086.353,-4000.16,0.3
5502,9.52,360597.8455,-3750.63,0.26
5503,8.56,727945.5165,-3271.8,0.22
5504,12.32,690091.8163,-2251.74,0.23
5505,11.4,764.3137,-2832.49,0.17
5506,7.84,344196.1732,-3500.27,0.23
5507,10.16,355284.2625,-2834.53,0.19
5508,9.24,44.2352,-3044.3,0.21
5509,11.36,63.2992,-3000.59,0.18
5510,8.6,2683.8704,-2750.46,0.94
5511,7.88,190305.1739,-3501.28,0.18
5512,10.28,1386.7858,-2510.77,0.19
5513,10.04,1323.7411,-2510.65,0.2
5514,9.76,20.1456,-2871.3,0.19
5515,6.76,28554.5004,-3500.22,1.67
5516,10.56,121755.3719,-3501.73,0.21
5517,8.2,58615.1595,-2507.79,0.2
5518,7.32,948.0878,-3188.93,0.21
5519,8.96,675307.0837,-2548.18,0.21
5520,8.36,335727.8508,-3771.69,1.11
5521,9.6,65947.2375,-2507.58,0.17
5522,8.68,120713.6727,-3030.17,0.18
5523,9.84,719689.6924,-2279.25,0.16
5524,12.72,1868.1655,-4501.07,0.2
5525,9.68,340601.1115,-3008.84,0.98
5526,12.4,708525.7248,-3237.6,0.22
5527,10.04,0.1219,-3001.75,0.22
5528,8.36,719395.0669,-2795.26,0.18
5529,10.12,187453.9301,-2524.63,0.22
5530,8.92,7.2243,-2680.01,1.07
5531,6.0,0.5008,-1758.43,0.22
5532,10.2,692115.6065,-3338.89,0.2
5533,5.88,0.2748,-1755.82,0.2
5534,8.2,32236.8707,-3504.59,0.19
5535,12.28,114735.471,-4017.96,1.04
5536,6.48,695349.2742,-2811.62,0.19
5537,6.36,393606.5274,-3513.71,0.18
5538,10.32,757.9816,-2942.51,0.24
5539,8.88,1050626.9606,-2015.15,0.21
5540,7.44,341355.3925,-3832.51,0.89
5541,8.44,168270.7443,-2519.0,0.19
5542,6.28,4.3627,-2344.35,0.22
5543,11.52,0.0504,-2750.17,0.19
5544,7.68,759.9279,-3002.49,0.25
5545,9.52,118939.5837,-2750.37,0.91
5546,10.96,5.5364,-2638.26,0.18
5547,10.56,0.5191,-2256.98,0.19
5548,10.48,0.874,-3773.55,0.21
5549,8.64,0.3263,-2007.72,0.2
5550,6.92,55.8082,-3294.53,0.19
5551,7.16,1199010.2466,-4790.59,0.97
5552,8.72,2742.7992,-3001.38,0.18
5553,9.56,65951.9127,-3318.9,0.2
5554,7.8,393725.8837,-3310.17,0.2
5555,6.68,32237.6778,-2520.53,0.18
5556,7.84,7.7159,-2942.43,0.9
5557,9.72,357204.0796,-2640.38,0.19
5558,6.6,56465.9197,-3007.47,0.21
5559,10.08,399925.02,-3033.19,0.2
5560,8.92,0.0151,-3250.17,0.19
5561,11.0,1058314.8454,-3693.8,0.87
5562,9.96,0.0525,-2501.15,0.2
5563,5.64,719407.0838,-3255.49,0.2
5564,7.12,1.0098,-2274.63,0.18
5565,8.56,5.3906,-1607.67,0.18
5566,6.96,77.5909,-3758.6,0.92
5567,12.56,1289.159,-2824.06,0.17
5568,9.16,837581.2346,-3278.47,0.19
5569,9.16,363162.1727,-3761.62,0.17
5570,8.0,0.0286,-2500.61,0.18
5571,10.48,935.3625,-3604.99,0.88
5572,9.0,0.1143,-2500.82,0.17
5573,9.72,36190.5623,-2508.06,0.18
5574,9.0,0.158,-2253.37,0.17
5575,10.48,64473.5743,-3502.9,0.2
5576,7.12,364558.0183,-4292.57,0.88
5577,9.2,1875.7252,-3750.83,0.21
5578,8.28,112417.6616,-3000.86,0.19
5579,6.44,76.1175,-3501.27,0.17
5580,5.44,679317.4482,-3560.74,0.24
5581,10.16,894.2306,-3500.57,0.84
5582,6.88,0.2036,-2754.71,0.18
5583,7.36,1.7966,-2294.61,0.21
5584,11.64,708034.6416,-5000.08,0.19
5585,12.4,251907.356,-3001.04,0.21
5586,9.12,949216.9861,-2422.37,0.98
5587,6.6,37026.4971,-4000.02,0.22
5588,10.04,8.5714,-2325.47,0.23
5589,12.2,8309.6322,-4278.37,0.2
5590,9.04,188485.0104,-2250.54,0.22
5591,8.76,5218.083,-3445.36,0.2
5592,7.84,0.0906,-3500.13,0.2
5593,7.12,427698.7843,-3300.79,0.2
5594,9.4,401682.2417,-3974.2,0.21
5595,10.08,240029.155,-3784.8,0.21
5596,8.2,339231.3701,-3939.37,0.3
5597,10.16,0.0154,-2250.29,1.02
5598,7.8,121741.1631,-2781.56,0.21
5599,10.84,2799.3212,-2250.57,0.18
5600,10.2,66094.5352,-3800.67,0.2
5601,8.84,0.4362,-1506.49,0.19
5602,8.52,67849.319,-3759.4,0.85
5603,7.52,23835.0102,-3721.16,0.23
5604,11.16,786961.3874,-3751.07,0.16
5605,8.24,2707.0071,-3033.85,0.22
5606,8.36,96.3672,-1751.74,0.18
5607,11.76,12.627,-3509.63,1.43
5608,7.84,1235987.0096,-3796.44,0.18
5609,10.96,407455.8855,-2501.55,0.17
5610,8.04,577034.7882,-2750.94,0.24
5611,10.64,68747.953,-2527.87,0.17
5612,8.0,390066.5427,-3826.62,0.95
5613,8.56,1154.2545,-2500.46,0.22
5614,10.88,384573.8574,-2760.44,0.22
5615,10.68,2707.0397,-3553.5,0.2
5616,9.68,677299.6164,-3282.3,0.22
5617,8.92,20.1062,-2509.61,0.96
5618,11.16,358121.5467,-3250.41,0.19
5619,8.0,955197.7741,-4209.98,0.18
5620,10.56,75.9949,-2750.27,0.17
5621,10.36,344845.3831,-3000.26,0.27
5622,8.6,0.4312,-3253.53,0.95
5623,12.32,986.2501,-3484.54,0.23
5624,12.24,359844.3119,-2500.19,0.22
5625,4.4,10.7442,-2768.36,0.19
5626,8.24,1050571.0382,-4000.78,0.19
5627,12.16,66367.7072,-2751.25,0.91
5628,11.08,1031619.8609,-1502.52,0.17
5629,8.44,65951.1604,-3356.92,0.19
5630,8.36,235392.7528,-3014.21,0.19
5631,10.16,224330.7534,-3259.97,0.18
5632,6.48,71368.0211,-2349.7,0.19
5633,8.0,354278.7534,-1766.36,0.2
5634,12.04,120021.688,-2699.07,0.23
5635,7.76,479889.6174,-3281.61,0.22
5636,7.72,337231.3202,-1751.9,0.2
5637,8.24,852236.2347,-3250.21,0.26
5638,8.24,358357.8394,-4000.84,1.14
5639,9.64,120024.6325,-2523.95,0.18
5640,10.04,0.7302,-3005.26,0.19
5641,6.4,56466.2806,-3255.83,0.2
5642,6.8,961402.3122,-3756.92,0.24
5643,9.0,339715.7996,-3253.49,1.18
5644,10.28,360167.8068,-2280.3,0.2
5645,10.48,352336.4355,-2500.67,0.2
5646,8.52,359707.5012,-2125.32,0.18
5647,10.96,1416144.016,-2762.16,0.22
5648,9.24,2743.9988,-3058.9,0.93
5649,5.28,1.5266,-2255.39,0.18
5650,10.52,3193.3,-3327.69,0.18
5651,8.28,64473.5772,-3250.63,0.19
5652,11.28,474352.237,-3254.43,0.22
5653,7.56,521574.1084,-3500.16,0.93
5654,9.84,1558317.2572,-3262.62,0.21
5655,5.76,2.5013,-2253.27,0.19
5656,6.72,460084.1616,-2570.16,0.25
5657,9.72,411306.9057,-2563.3,0.18
5658,10.08,720549.87,-3750.16,0.84
5659,5.28,56465.5222,-2003.16,0.21
5660,9.52,1055119.9863,-2003.87,0.17
5661,6.28,881918.6573,-3283.1,0.2
5662,8.96,67634.4317,-3255.64,0.18
5663,10.36,360086.7113,-1824.31,0.96
5664,8.8,3.288,-3504.98,0.22
5665,8.28,1079625.1128,-4254.88,0.23
5666,10.8,26587.2354,-3500.37,0.21
5667,9.0,1597.0381,-2535.02,0.2
5668,12.28,1292.9056,-3000.44,1.02
5669,10.56,32242.461,-3143.28,0.18
5670,7.2,0.0304,-3250.5,0.24
5671,7.12,3413.44,-3520.91,0.19
5672,9.2,360132.3853,-2797.94,0.19
5673,8.92,1201.72,-2884.45,1.08
5674,10.64,8.299,-3512.03,0.18
5675,11.56,39692.211,-3044.24,0.18
5676,5.92,32.5698,-3311.57,0.25
5677,7.2,65949.0289,-3280.11,0.28
5678,8.8,359738.2982,-4001.74,0.21
5679,7.04,43.0054,-2856.33,1.21
5680,8.08,9.9547,-2480.07,0.19
5681,9.12,0.0661,-2251.54,0.22
5682,5.32,384.6322,-2870.51,0.22
5683,8.52,753.451,-2830.67,0.19
5684,7.28,7.8958,-3120.75,1.13
5685,8.76,2105670.3494,-3018.82,0.19
5686,11.24,120435.4052,-3500.29,0.21
5687,10.88,1.7873,-3501.17,0.26
5688,10.68,2694.2544,-2538.36,0.19
5689,7.24,360170.1732,-2296.52,1.14
5690,9.68,237473.0007,-2755.23,0.18
5691,6.56,112496.3937,-2000.41,0.17
5692,8.2,0.4106,-2254.62,0.17
5693,10.32,720483.4708,-2763.79,0.78
5694,6.32,6.742,-3354.51,0.99
5695,10.36,479888.6572,-2750.58,0.19
5696,7.76,118949.613,-2973.9,0.17
5697,6.44,0.0356,-2750.26,0.18
5698,7.68,1070465.7755,-3032.87,0.23
5699,11.16,359538.0235,-2768.19,0.88
5700,9.44,0.5789,-2763.52,0.19
5701,9.96,0.7344,-3252.41,0.19
5702,7.96,2.4949,-3000.87,0.18
5703,8.84,42752.4125,-1765.9,0.2
5704,10.24,1197.707,-2763.38,1.12
5705,11.76,5132.2642,-3500.52,0.17
5706,7.92,119963.1776,-3036.61,0.22
5707,8.08,120040.5528,-3000.67,0.21
5708,10.52,559.8708,-2750.23,0.21
5709,7.44,11.1168,-3187.0,1.0
5710,9.28,359684.7462,-2640.42,0.2
5711,9.84,511.0659,-2515.52,0.18
5712,10.4,359707.3217,-3338.91,0.18
5713,10.32,359664.6912,-1750.68,0.18
5714,9.12,122702.1613,-3051.07,0.9
5715,9.84,0.4521,-2002.73,0.18
5716,12.36,719409.678,-3430.63,0.16
5717,6.48,2.7966,-2797.84,0.18
5718,9.52,559.9953,-3500.2,0.24
5719,7.88,119902.2668,-2785.63,0.18
5720,11.36,0.0184,-2250.29,0.22
5721,8.12,426020.0631,-2803.19,0.19
5722,12.68,1.0229,-3024.25,0.18
5723,9.52,5.3328,-3317.94,0.21
5724,7.56,0.086,-2751.73,0.21
5725,6.48,148.0315,-1504.86,0.96
5726,10.28,360166.8301,-2255.91,0.19
5727,6.08,42.7463,-2509.13,0.18
5728,8.32,1285.3306,-3251.55,0.17
5729,10.4,344854.7046,-2750.34,0.19
5730,8.72,85.1217,-4258.7,0.87
5731,10.12,479244.275,-2800.58,0.21
5732,8.72,441.7938,-3888.74,0.18
5733,7.8,756.1769,-3556.54,0.16
5734,9.24,485546.1085,-3251.15,0.24
5735,10.28,24999.9189,-3500.87,1.0
5736,10.04,360091.8371,-3064.27,0.21
5737,7.52,5685.7674,-2750.17,0.21
5738,11.36,175388.4829,-3767.88,0.18
5739,9.08,23833.0311,-1825.46,0.23
5740,9.52,2707.1518,-2841.55,0.91
5741,9.04,512867.0277,-2848.01,0.19
5742,9.92,262764.0523,-3133.16,0.18
5743,10.16,15.1987,-3377.62,0.19
5744,8.84,903.1991,-2296.72,0.18
5745,7.8,0.1325,-3001.13,1.1
5746,9.72,427546.0216,-3263.78,0.19
5747,8.28,9709.9304,-2502.27,0.24
5748,9.24,416164.5661,-3055.01,0.21
5749,9.44,97.2138,-1268.44,0.18
5750,9.44,73217.7911,-2787.74,1.11
5751,7.16,32237.2265,-2508.52,0.24
5752,7.32,236082.452,-3206.67,0.22
5753,11.32,0.5781,-2754.0,0.19
5754,8.6,8333.4251,-3183.03,0.18
5755,9.4,357724.0958,-2825.68,1.05
5756,8.4,2921.0218,-2759.8,0.17
5757,11.16,356795.8404,-3682.11,0.19
5758,10.96,6.1598,-2381.74,0.21
5759,6.6,0.0283,-2251.56,0.19
5760,10.44,24.7462,-2750.17,0.23
5761,6.36,33900.65,-3544.39,0.18
5762,11.52,354274.7876,-4139.01,0.18
5763,7.44,67849.2753,-2510.65,0.19
5764,7.2,359716.4776,-4002.47,0.17
5765,8.4,360455.5118,-4000.35,0.17
5766,9.4,0.3938,-2500.26,1.08
5767,7.16,242.1084,-4028.0,0.18
5768,7.04,56471.2384,-2141.97,0.19
5769,8.88,2.0532,-2301.25,0.27
5770,11.56,45455.0868,-3000.3,0.2
5771,8.72,224821.1477,-3757.96,1.18
5772,7.68,193186.8894,-2502.81,0.21
5773,5.84,135727.3265,-3751.67,0.18
5774,7.12,0.0787,-3251.35,0.22
5775,11.56,6.3121,-2407.38,0.16
5776,7.08,21.5022,-2780.05,0.84
5777,9.36,360600.2824,-3546.32,0.19
5778,10.4,6.1152,-3044.51,0.24
5779,9.8,79334.2896,-3252.02,0.23
5780,10.88,166520.9665,-2889.2,0.19
5781,8.48,56484.8778,-2008.54,1.46
5782,10.28,121684.8966,-2500.55,0.19
5783,7.2,459929.9714,-4002.39,0.18
5784,8.6,112415.7409,-3544.6,0.3
5785,8.68,356899.72,-3281.55,0.23
5786,7.92,0.0521,-3000.54,0.93
5787,7.84,28.7785,-2653.43,0.17
5788,7.92,770.1008,-4255.91,0.18
5789,8.0,393603.995,-2973.09,0.19
5790,11.76,2723.4568,-3668.19,0.21
5791,5.56,290.8762,-3000.44,0.95
5792,8.08,10.3004,-4000.5,0.18
5793,11.68,0.1169,-3252.37,0.27
5794,11.44,0.07,-1751.67,0.3
5795,11.48,33906.7946,-3027.28,0.24
5796,7.52,96.4074,-2002.53,0.89
5797,7.32,460.3732,-3006.23,0.17
5798,9.44,540557.1069,-2922.52,0.18
5799,8.64,152838.029,-2502.47,0.17
5800,11.16,1199912.7074,-3751.35,0.17
5801,10.36,362305.3508,-4000.72,0.95
5802,7.52,1279.6291,-3750.63,0.19
5803,9.88,338237.6347,-1506.76,0.2
5804,10.04,120357.4603,-1527.13,0.22
5805,10.36,89.9109,-2892.19,0.21
5806,8.08,124.7273,-2357.33,0.24
5807,10.0,361336.7094,-4146.99,0.99
5808,12.12,3061.5316,-2750.26,0.2
5809,9.92,717252.7484,-4250.52,0.18
5810,7.24,188552.3133,-2782.72,0.21
5811,8.48,719690.2522,-3024.61,0.18
5812,8.84,15.6961,-2387.26,1.08
5813,8.04,8397.9633,-3250.59,0.2
5814,9.92,114728.7612,-2750.82,0.19
5815,9.4,373581.9853,-3750.21,0.17
5816,10.64,5.6132,-2639.28,0.18
5817,9.04,0.1812,-3251.8,0.96
5818,8.08,0.4442,-3261.88,0.18
5819,12.28,0.8261,-2770.51,0.18
5820,7.04,35.2434,-2577.39,0.19
5821,8.68,121805.9809,-3431.31,0.2
5822,7.4,340066.93,-3001.5,1.03
5823,9.32,64473.4655,-2252.47,0.16
5824,11.32,67856.3047,-3942.04,0.18
5825,7.68,356820.846,-3021.97,0.25
5826,7.96,359871.5607,-2442.79,0.25
5827,8.52,118947.5293,-2755.03,1.01
5828,9.68,4.4183,-2817.26,0.21
5829,5.12,409.8576,-2755.17,0.2
5830,8.44,114734.5728,-2782.78,0.24
5831,8.0,903.0049,-2524.36,0.21
5832,10.24,353614.3768,-3698.88,1.11
5833,11.92,120014.4672,-2770.66,0.19
5834,5.96,2.483,-2808.44,0.21
5835,7.96,41769.6573,-3753.63,0.19
5836,8.24,21.8182,-2037.05,0.22
5837,9.88,1.1624,-2750.52,1.16
5838,9.08,0.2417,-3755.57,0.19
5839,9.32,192.8469,-4276.31,0.19
5840,8.52,1499526.8018,-3827.86,0.18
5841,8.16,0.8991,-2252.17,0.21
5842,9.16,238953.3524,-2504.55,1.01
5843,8.88,5598.8642,-3753.07,0.18
5844,8.28,282999.4026,-3260.56,0.21
5845,9.2,4813.0235,-3256.69,0.18
5846,7.84,340275.7496,-3023.99,0.17
5847,9.72,152630.4652,-3251.71,0.21
5848,9.4,47617.9588,-2500.85,0.19
5849,9.56,2684.2754,-2007.73,0.27
5850,8.08,0.5604,-2500.42,0.18
5851,8.08,359702.4599,-2138.38,0.17
5852,10.96,356951.3437,-2273.43,0.17
5853,7.56,2.2674,-2555.36,1.08
5854,12.48,361825.5583,-3505.49,0.18
5855,10.0,0.4203,-3250.2,0.24
5856,5.96,32237.3315,-3264.94,0.17
5857,7.92,337232.5695,-2533.45,0.19
5858,10.16,3572.429,-1754.22,1.12
5859,10.12,4188.5993,-3754.06,0.19
5860,8.2,819027.6605,-3853.26,0.18
5861,9.08,4767.178,-2019.55,0.21
5862,7.96,1.7932,-3794.17,0.21
5863,10.28,354258.1738,-3500.61,0.84
5864,9.52,0.0249,-4000.14,0.24
5865,10.84,34031.5967,-2501.41,0.18
5866,9.56,0.0278,-2750.41,0.2
5867,8.64,49.4074,-3257.96,0.19
5868,9.28,23.0384,-2837.11,1.49
5869,8.4,0.6528,-2514.41,0.22
5870,9.6,131901.602,-4139.99,0.18
5871,6.44,120015.5585,-2547.48,0.21
5872,12.0,627.4413,-3194.49,0.19
5873,10.56,720180.473,-3250.74,1.08
5874,9.6,407278.3926,-3001.6,0.18
5875,10.72,1.3988,-3515.3,0.2
5876,11.28,19.547,-3500.28,0.22
5877,9.12,65947.1047,-2759.51,0.25
5878,9.64,2.3417,-2557.78,1.09
5879,8.28,2.1119,-2545.49,0.22
5880,7.36,33911.3255,-3557.78,0.2
5881,10.28,56659.1334,-2255.96,0.16
5882,10.84,2.8676,-3795.9,0.22
5883,6.84,487862.0946,-3620.51,0.99
5884,8.76,905992.8828,-3763.02,0.2
5885,5.76,38.9744,-3757.9,0.17
5886,9.36,19.9154,-2502.72,0.18
5887,7.04,360020.2299,-3251.62,0.2
5888,12.76,120636.6832,-2508.27,0.18
5889,7.32,0.5054,-2512.27,0.19
5890,9.08,2.1006,-2500.48,0.19
5891,8.6,422106.7729,-2500.21,0.2
5892,5.92,120022.5938,-4124.19,0.18
5893,10.8,119043.837,-2511.11,0.19
5894,7.08,4.489,-1756.54,0.81
5895,10.16,1046.568,-3500.24,0.19
5896,10.48,66595.019,-3322.38,0.22
5897,9.12,64473.6373,-3503.04,0.19
5898,9.04,348062.5906,-4716.63,0.19
5899,9.2,2712.8162,-2984.37,0.99
5900,9.36,40.5626,-2002.19,0.21
5901,9.36,2.099,-3009.04,0.25
5902,7.76,0.0214,-2500.24,0.19
5903,7.32,0.0625,-3000.78,0.19
5904,10.56,935239.1909,-3023.63,1.05
5905,6.04,65946.955,-3251.02,0.24
5906,11.08,121755.1344,-2500.36,0.24
5907,8.08,359845.9919,-2291.37,0.2
5908,6.64,82.3462,-2353.91,0.21
5909,9.36,5164.0904,-2846.14,0.87
5910,11.96,360837.7192,-3092.88,0.19
5911,7.8,32237.5024,-2511.39,0.2
5912,10.88,18.3995,-3418.38,0.19
5913,5.44,491659.0772,-4878.5,0.18
5914,8.56,492657.4184,-2252.02,0.85
5915,8.76,206036.8303,-2945.76,0.2
5916,9.28,65949.1272,-2809.58,0.2
5917,8.32,1.9788,-2794.41,0.24
5918,11.28,80074.9323,-4008.01,0.18
5919,11.28,416170.6962,-2564.77,0.91
5920,7.04,4.4052,-3001.26,0.19
5921,12.2,0.1598,-2751.83,0.17
5922,8.24,1.9989,-2549.62,0.22
5923,8.64,1562342.1818,-2755.81,0.18
5924,8.52,114739.9574,-3497.82,0.88
5925,9.56,709156.9383,-3508.59,0.17
5926,8.08,5505.8572,-2327.0,0.19
5927,9.56,713637.3484,-3501.16,0.17
5928,8.6,65946.8506,-1253.69,0.18
5929,10.6,32236.925,-2750.36,0.86
5930,11.76,706594.1496,-3500.19,0.17
5931,11.12,3.0965,-3076.63,0.28
5932,8.52,805.2534,-3564.36,0.17
5933,9.0,1.7873,-3260.99,0.17
5934,9.44,463125.7361,-4000.09,0.23
5935,10.8,168283.0628,-2889.26,0.94
5936,10.36,271395.2411,-4502.34,0.19
5937,10.12,1.0009,-2272.99,0.17
5938,6.4,150.2203,-3313.05,0.17
5939,7.72,168277.6982,-2688.7,0.18
5940,11.0,0.0366,-2500.73,0.88
5941,10.28,2566.1685,-2504.78,0.2
5942,9.0,122753.8883,-2259.69,0.2
5943,7.68,0.0484,-3250.54,0.18
5944,8.16,1.528,-2253.29,0.23
5945,11.72,11.964,-2284.95,1.0
5946,10.64,174645.6705,-3500.12,0.18
5947,6.64,33945.038,-3929.67,0.18
5948,11.44,3749.5556,-3042.99,0.19
5949,9.64,1.5227,-2287.13,0.21
5950,9.92,0.1631,-2253.3,0.87
5951,8.8,713958.5499,-2035.68,0.22
5952,10.32,359696.6536,-3250.19,0.17
5953,6.8,7566.0471,-3011.07,0.21
5954,9.56,1082451.5896,-3751.49,0.21
5955,6.92,359933.7474,-2575.37,1.07
5956,9.84,185035.99,-3279.79,0.16
5957,7.36,2929.7112,-2808.92,0.21
5958,8.12,2703.8262,-3009.97,0.21
5959,10.92,408406.0645,-3447.14,0.17
5960,6.28,81.688,-3562.81,1.58
5961,7.2,0.223,-2255.5,0.19
5962,7.76,20.1536,-1772.44,0.18
5963,8.84,362510.3044,-2750.98,0.22
5964,6.56,271.9146,-3500.57,0.21
5965,9.84,4.9064,-2618.09,1.01
5966,8.88,1035415.5467,-3752.13,0.21
5967,7.72,514261.5138,-3253.93,0.26
5968,6.32,239801.8786,-4252.99,0.2
5969,12.32,8.1954,-3953.7,0.19
5970,5.52,39.9731,-3121.79,0.87
5971,8.16,0.0928,-1501.69,0.18
5972,9.88,0.5965,-2001.45,0.19
5973,6.96,340068.0892,-3003.34,0.23
5974,5.76,119900.8378,-2502.19,0.18
5975,9.24,14.4642,-2310.12,0.18
5976,7.16,118940.4627,-2022.54,0.16
5977,6.8,33886.8062,-3440.74,0.26
5978,9.64,5492.8784,-3268.47,0.2
5979,9.32,1008.2075,-2750.36,0.22
5980,9.92,240550.6798,-3229.71,0.2
5981,9.24,0.6068,-2507.8,1.13
5982,6.48,188383.1576,-3524.47,0.49
5983,5.6,13.7504,-2554.46,0.33
5984,8.84,2.0694,-2293.91,0.19
5985,7.8,117817.5064,-3253.12,0.2
5986,9.4,0.0227,-2501.44,1.08
5987,8.16,0.7947,-2755.22,0.24
5988,8.4,67920.2656,-2783.03,0.23
5989,9.92,11.8362,-3001.08,0.21
5990,8.08,120037.1913,-2501.63,0.18
5991,8.52,752125.4024,-3047.0,0.98
5992,9.68,151292.4414,-3013.74,0.18
5993,10.76,240.9472,-2250.37,0.18
5994,10.24,1135.801,-3006.03,0.18
5995,9.52,476032.9237,-2942.23,0.19
5996,9.56,119906.8545,-2650.56,1.0
5997,10.64,68757.758,-3170.42,0.17
5998,11.08,719700.4933,-2505.14,0.17
5999,5.92,781414.1839,-3501.77,0.29
6000,9.88,0.0718,-1501.35,0.23
6001,9.68,170262.5151,-4500.11,1.05
6002,10.8,335727.1148,-2263.51,0.2
6003,9.4,356842.1672,-3565.68,0.2
6004,9.48,759.0525,-3169.67,0.18
6005,9.2,119073.6895,-3271.16,0.18
6006,6.32,717525.1038,-3311.64,0.85
6007,10.48,184927.4757,-3512.66,0.29
6008,8.2,39694.4132,-3784.06,0.21
6009,10.88,0.2946,-2502.3,0.19
6010,9.6,120773.318,-2501.66,0.18
6011,8.4,883320.3653,-3750.98,0.91
6012,11.28,3574.1379,-2550.8,0.17
6013,10.76,359664.4999,-2506.29,0.2
6014,9.24,357830.8772,-2620.95,0.22
6015,9.84,1082.3621,-3006.71,0.19
6016,7.24,389271.705,-3007.6,0.19
6017,4.72,1.6449,-2540.71,0.21
6018,7.24,23797.9944,-2751.75,0.23
6019,6.72,339243.3305,-4250.17,0.2
6020,10.72,360671.9482,-2269.63,0.19
6021,7.08,0.4023,-2759.79,0.21
6022,7.92,32.772,-3482.6,1.04
6023,9.32,430559.7674,-2508.76,0.21
6024,10.4,7.3502,-2537.44,0.18
6025,9.72,421.8477,-2271.9,0.2
6026,6.0,1.2699,-1528.97,0.18
6027,9.0,0.3066,-2754.19,1.05
6028,7.12,2721.229,-3505.55,0.18
6029,8.32,769022.9728,-4000.21,0.18
6030,9.52,3463.4787,-3007.69,0.24
6031,9.72,227678.5571,-2250.36,0.33
6032,10.2,46.0026,-2799.61,0.95
6033,10.36,119130.1512,-3767.14,0.17
6034,7.2,38.871,-2501.52,0.2
6035,8.04,122703.9903,-2346.34,0.18
6036,7.24,359845.9353,-2535.82,0.29
6037,8.52,759.0421,-2719.96,0.92
6038,9.32,426251.4996,-3500.23,0.22
6039,10.08,128210.4136,-2777.25,0.21
6040,8.96,9.1994,-2153.44,0.16
6041,10.32,1619.1445,-3750.17,0.18
6042,8.52,0.1953,-3001.95,0.82
6043,10.96,336352.1279,-3510.37,0.24
6044,8.2,16.4945,-2783.91,0.18
6045,11.44,96.5916,-1757.23,0.17
6046,11.92,69818.504,-4639.11,0.18
6047,8.8,4225.4972,-3751.67,1.45
6048,8.56,4694.1006,-2780.28,0.19
6049,10.6,188726.2223,-3545.15,0.22
6050,9.76,0.7666,-3018.82,0.2
6051,10.2,112950.2716,-3504.99,0.2
6052,9.96,1.4209,-3285.3,0.99
6053,6.76,623.5672,-2771.68,0.17
6054,8.92,99.3727,-2076.7,0.2
6055,8.28,713659.117,-3251.3,0.23
6056,7.72,2703.9492,-2261.62,0.17
6057,9.48,4.6628,-4065.5,1.1
6058,7.12,29.8713,-3765.35,0.19
6059,6.48,1.9027,-3263.78,0.2
6060,6.8,56500.322,-1834.66,0.17
6061,10.2,145.9857,-3005.08,0.18
6062,8.04,0.272,-3000.53,0.3
6063,9.48,2.5117,-4061.27,1.16
6064,11.88,335726.7166,-3002.82,0.27
6065,8.88,360114.7004,-3546.18,0.24
6066,8.0,1408.3302,-3315.21,0.3
6067,10.92,9461.6518,-3694.93,0.3
6068,8.72,426080.99,-2757.92,1.25
6069,9.04,8308.5071,-2500.32,0.27
6070,7.88,510219.519,-3314.58,0.21
6071,9.36,72260.1627,-3507.34,0.27
6072,9.12,76.0178,-2250.76,0.24
6073,9.28,0.1864,-3254.04,1.02
6074,9.56,432215.8822,-3751.56,0.18
6075,10.92,365548.9176,-3750.43,0.18
6076,10.16,122701.3279,-3009.65,0.19
6077,8.6,2586.4242,-2775.91,0.26
6078,7.44,67759.2134,-3520.89,1.02
6079,8.2,459911.1464,-3002.16,0.21
6080,9.68,56465.5062,-2752.41,0.17
6081,11.12,8129.9586,-3750.32,0.18
6082,7.0,719869.4486,-3003.98,0.18
6083,7.0,65952.5137,-2646.19,0.94
6084,8.56,3060.71,-4255.42,0.21
6085,5.44,359879.1976,-3755.77,0.18
6086,8.8,722537.9525,-2588.27,0.19
6087,8.92,52.1098,-3000.31,0.19
6088,7.44,119089.1265,-2945.87,0.89
6089,11.12,120.1579,-3800.66,0.2
6090,10.56,1361955.006,-3509.14,0.22
6091,9.56,902826.108,-3446.89,0.22
6092,9.88,570.511,-3104.37,0.17
6093,8.8,356835.8663,-3000.32,0.87
6094,10.08,225716.7504,-2793.33,0.19
6095,5.48,0.2468,-2754.43,0.2
6096,11.88,0.3143,-2257.12,0.16
6097,11.0,359695.6952,-2001.19,0.18
6098,9.16,1293.9112,-3251.42,0.92
6099,8.32,89743.6192,-3317.88,0.23
6100,9.16,43.9432,-4300.22,0.16
6101,7.44,0.0151,-4250.16,0.19
6102,9.48,1079098.8538,-2648.12,0.18
6103,10.08,451015.6945,-3501.99,0.18
6104,5.84,119.2592,-4129.98,0.19
6105,10.04,65955.5728,-3970.2,0.24
6106,10.76,750.8588,-2754.25,0.19
6107,8.4,2.1934,-3017.99,0.21
6108,8.44,85.6732,-2258.27,0.24
6109,8.72,0.0634,-2500.83,0.86
6110,10.52,79381.1865,-2005.4,0.25
6111,10.76,0.9508,-2265.07,0.26
6112,9.48,337481.8091,-1703.0,0.17
6113,9.2,98.0553,-3041.64,0.18
6114,10.52,1.2591,-3018.35,0.88
6115,10.56,118981.6976,-3501.07,0.21
6116,8.36,704201.6707,-3500.24,0.2
6117,10.88,2570.1436,-3000.22,0.18
6118,10.4,60.8322,-2521.91,0.18
6119,7.32,26.407,-4219.74,0.98
6120,11.4,90911.8908,-3044.32,0.18
6121,9.56,0.0486,-3251.06,0.22
6122,10.12,475777.7078,-3900.3,0.21
6123,9.08,0.0708,-2501.65,0.21
6124,10.24,343794.9864,-3145.76,0.95
6125,9.92,65946.8408,-2253.31,0.2
6126,9.44,1.2954,-2283.31,0.23
6127,8.32,33889.0051,-3306.43,0.26
6128,7.44,0.5753,-2751.36,0.2
6129,11.68,121644.8682,-3791.11,0.94
6130,10.24,478658.2534,-2809.73,0.18
6131,10.36,121.192,-2268.98,0.23
6132,8.4,479888.86,-3762.09,0.22
6133,6.6,0.1687,-3251.52,0.19
6134,7.16,751.5953,-2283.53,1.54
6135,9.64,753.291,-2826.61,0.18
6136,8.6,47.1048,-3188.2,0.17
6137,7.84,122858.8213,-2835.43,0.19
6138,8.36,2854568.3441,-3794.05,0.25
6139,10.2,4024.8628,-3003.41,0.98
6140,8.32,16.5088,-3234.04,0.18
6141,11.16,359856.75,-3751.65,0.18
6142,10.76,0.4169,-2755.29,0.19
6143,7.76,912219.2422,-3290.67,0.19
6144,11.92,241826.4577,-4500.11,0.19
6145,9.08,335740.9206,-4219.7,0.21
6146,8.68,2.0167,-2529.49,0.24
6147,12.24,45.4761,-2681.33,0.26
6148,6.68,355963.8373,-3086.81,0.22
6149,7.08,529099.6451,-3522.54,0.25
6150,5.8,769.0037,-2272.54,1.04
6151,8.68,698947.0082,-2266.2,0.18
6152,7.92,20.5752,-3859.97,0.21
6153,7.76,1866219.8167,-2964.74,0.21
6154,8.32,32236.7847,-2501.21,0.17
6155,10.48,0.0108,-2750.16,0.82
6156,10.0,337011.74,-3002.55,0.23
6157,9.4,359875.7938,-3028.17,0.17
6158,7.4,3.5582,-2338.38,0.18
6159,7.16,3.0228,-2823.86,0.23
6160,10.44,192.6076,-2751.24,0.89
6161,9.96,420184.8234,-2753.46,0.21
6162,5.92,0.324,-3503.82,0.18
6163,9.52,360271.6361,-3024.57,0.25
6164,7.84,91.66,-3044.97,0.23
6165,6.84,67849.8773,-3030.0,0.9
6166,9.28,698539.0837,-3017.32,0.19
6167,9.76,0.0289,-1500.38,0.16
6168,9.48,120013.6771,-2500.34,0.18
6169,9.12,358969.9052,-1827.01,0.18
6170,8.36,79.2124,-3577.83,0.77
6171,10.56,121645.5772,-2500.24,0.24
6172,9.96,359665.1847,-2514.29,0.2
6173,7.92,149.2696,-2537.76,0.19
6174,6.2,240027.2936,-3500.42,0.2
6175,8.04,36475.08,-3253.39,0.81
6176,11.08,6.1359,-3045.09,0.18
6177,8.04,67849.5282,-3013.24,0.16
6178,9.4,0.1048,-3751.81,0.19
6179,8.2,1505.4678,-1875.7,0.17
6180,6.32,1.7568,-3750.24,0.94
6181,6.72,224820.9683,-3003.51,0.19
6182,7.24,2.4718,-2811.56,0.19
6183,9.8,708612.5366,-3250.32,0.18
6184,8.0,2.7023,-3284.26,0.18
6185,6.08,22.3383,-3576.84,0.88
6186,7.08,359921.9148,-2935.28,0.19
6187,10.72,360174.4487,-3694.33,0.21
6188,8.64,96318.9278,-3534.69,0.2
6189,9.2,147229.5962,-3250.45,0.22
6190,9.6,364979.4225,-2754.18,0.22
6191,9.16,35.4078,-2640.98,0.99
6192,8.4,123.3466,-2500.4,0.22
6193,11.0,362106.7968,-3280.96,0.2
6194,11.12,1153242.689,-4010.4,0.2
6195,9.76,456555.859,-3028.11,0.23
6196,9.52,1391.4996,-3257.99,0.86
6197,9.12,2.8774,-2057.52,0.19
6198,11.64,76.2596,-3000.2,0.22
6199,8.56,1.7806,-3044.3,0.21
6200,10.16,393963.1268,-3503.62,0.18
6201,7.04,0.0394,-2000.84,0.86
6202,11.08,422781.3686,-3220.73,0.2
6203,7.2,12.9514,-2582.87,0.18
6204,8.48,0.034,-1502.63,0.23
6205,11.2,2709.0142,-2138.39,0.19
6206,8.8,358857.315,-3002.43,0.95
6207,12.32,3061.449,-2751.35,0.18
6208,9.88,120017.2884,-2591.12,0.19
6209,10.36,11.8055,-2250.32,0.2
6210,7.28,119222.3448,-1506.09,0.18
6211,11.24,671464.578,-3035.14,0.96
6212,8.24,0.739,-3003.16,0.22
6213,9.44,416164.2737,-3000.65,0.25
6214,8.84,57472.8681,-2268.41,0.22
6215,9.72,1057.713,-2769.44,0.2
6216,10.24,0.2027,-3254.21,0.92
6217,11.56,695893.1853,-2750.5,0.27
6218,9.12,356825.0206,-2772.74,0.18
6219,10.24,209145.433,-2772.26,0.19
6220,6.76,0.1917,-2502.35,0.21
6221,9.96,357973.489,-2775.77,0.86
6222,11.36,23788.285,-3011.25,0.22
6223,9.04,1079569.9374,-3500.26,0.17
6224,8.24,1185672.9508,-2832.38,0.29
6225,8.04,410609.4204,-2787.22,0.73
6226,11.16,0.8121,-3271.15,0.83
6227,7.44,1079533.9219,-3751.57,0.2
6228,8.52,67775.1998,-2522.7,0.24
6229,9.88,119714.723,-3222.2,0.18
6230,10.24,8.4332,-1689.64,0.17
6231,10.12,2567.2286,-3024.03,0.16
6232,10.08,96753.3279,-2768.2,0.23
6233,8.68,2703.5694,-3001.23,0.26
6234,10.44,33881.6268,-2500.19,0.24
6235,10.2,356820.3058,-1756.11,0.21
6236,10.04,359874.9723,-2000.59,0.21
6237,8.76,3.5051,-3046.59,1.02
6238,9.04,4.7907,-2751.11,0.18
6239,10.88,8.2373,-3370.06,0.26
6240,7.56,19.2893,-3000.6,0.18
6241,10.56,0.075,-2501.44,0.17
6242,8.04,1222.234,-2034.98,0.84
6243,11.04,2651.1348,-3369.22,0.18
6244,9.48,0.127,-2004.04,0.18
6245,8.68,67850.6387,-2508.58,0.18
6246,8.04,365301.0904,-3500.87,0.22
6247,8.8,354354.4224,-2750.25,0.91
6248,9.68,3.4972,-1819.39,0.21
6249,11.04,0.4766,-2511.61,0.19
6250,10.92,3.0076,-2569.8,0.18
6251,7.8,11.7532,-2544.73,0.18
6252,9.48,119902.1433,-2754.67,0.88
6253,6.8,42.2154,-3034.72,0.2
6254,7.64,1591757.7561,-3589.92,0.18
6255,10.44,6867.8336,-4258.7,0.19
6256,8.92,2799.3956,-2252.41,0.21
6257,10.6,471711.8391,-1944.18,0.89
6258,6.12,8.2848,-3647.73,0.2
6259,7.92,355296.7404,-3368.82,0.17
6260,10.32,362440.5166,-3532.5,0.18
6261,6.36,122.9506,-2062.12,0.21
6262,9.88,15.0898,-2688.57,0.91
6263,6.64,482.615,-4040.29,0.26
6264,8.24,0.5584,-3261.91,0.22
6265,8.92,755376.8622,-3251.34,0.2
6266,9.16,598.6476,-2756.04,0.26
6267,10.84,497905.2241,-2798.5,0.89
6268,6.8,0.2291,-3505.44,0.2
6269,6.04,2.2364,-3037.17,0.18
6270,9.8,653.9321,-3002.24,0.19
6271,9.48,6.0089,-2400.02,0.18
6272,9.04,0.3572,-2008.32,0.17
6273,8.52,359875.5068,-2771.12,0.19
6274,10.8,1.1704,-2279.17,0.18
6275,11.16,39691.3788,-2023.46,0.24
6276,9.44,336641.9828,-4085.23,0.27
6277,11.56,360146.3019,-3966.91,0.17
6278,9.68,839407.0464,-2253.33,0.96
6279,9.76,238954.9121,-2771.56,0.19
6280,9.64,15083.7696,-4000.43,0.19
6281,11.64,751.691,-3750.24,0.18
6282,7.4,47575.9464,-3750.18,0.22
6283,10.96,13.3876,-2579.26,0.82
6284,9.28,234291.1148,-2753.65,0.17
6285,9.36,0.0333,-3750.45,0.21
6286,9.2,2854.4213,-3388.78,0.16
6287,10.96,901.43,-3250.37,0.18
6288,9.24,202.039,-4045.99,0.89
6289,8.4,360178.5906,-3431.57,0.18
6290,6.68,105291.5863,-3820.08,0.2
6291,8.32,484943.8026,-2500.21,0.25
6292,9.32,1081796.1424,-4035.95,0.18
6293,9.56,20.1835,-2260.53,0.96
6294,12.04,833728.9904,-3750.15,0.28
6295,5.56,839762.975,-3500.4,0.16
6296,10.28,1012.049,-3395.19,0.17
6297,8.2,338893.7873,-3009.84,0.19
6298,6.28,365865.7036,-3252.11,0.87
6299,9.4,3402.8884,-2753.35,0.18
6300,10.2,74.2859,-3000.84,0.29
6301,10.08,0.9706,-2500.3,0.19
6302,8.32,0.0144,-4000.11,0.2
6303,7.04,1.3241,-2783.55,0.91
6304,11.2,33895.1719,-2501.23,0.27
6305,11.72,1296636.138,-4140.44,0.19
6306,8.96,354269.8836,-2355.91,0.19
6307,9.0,114732.6194,-2810.62,0.17
6308,10.64,2016.048,-1800.73,0.88
6309,11.52,0.1369,-2751.78,0.2
6310,7.64,1290.7803,-3279.42,0.18
6311,9.76,3364.7089,-3542.17,0.18
6312,10.0,22.8982,-3265.93,0.17
6313,9.84,22.6264,-1938.8,0.83
6314,9.44,356831.7766,-2252.63,0.18
6315,10.24,750.7599,-3504.36,0.24
6316,12.92,2713.0949,-3229.2,0.22
6317,10.48,360191.031,-3008.5,0.22
6318,10.24,360120.5815,-2253.02,0.8
6319,11.88,2.8644,-2571.43,0.9
6320,10.08,198187.1936,-3253.49,0.18
6321,8.84,359843.668,-3308.04,0.18
6322,4.04,29.947,-3250.76,0.19
6323,6.92,0.1858,-2254.47,0.21
6324,6.0,70.3348,-3750.18,0.92
6325,8.6,120045.4222,-3122.55,0.28
6326,12.24,1241.7924,-3400.75,0.18
6327,7.52,0.7869,-2501.64,0.26
6328,9.64,200717.0957,-3501.61,0.19
6329,11.24,714197.5826,-3010.68,1.03
6330,8.32,123.9568,-2834.15,0.2
6331,10.0,426.4,-3028.94,0.18
6332,11.8,505219.2201,-3256.27,0.17
6333,9.56,7.7802,-3000.24,0.17
6334,7.52,1246.7018,-3014.19,0.92
6335,10.88,10129.5168,-4396.89,0.17
6336,11.24,145.7585,-2007.42,0.2
6337,8.52,1256665.3982,-3500.16,0.25
6338,5.88,17.7746,-3044.11,0.19
6339,8.24,21.7038,-3294.94,0.96
6340,9.92,359705.073,-2293.11,0.17
6341,7.44,185849.9332,-3060.03,0.18
6342,9.32,0.1192,-3503.29,0.16
6343,5.6,8.7739,-3518.38,0.22
6344,8.52,355425.1761,-3500.54,0.92
6345,9.4,118940.6173,-2276.65,0.16
6346,9.36,524752.1518,-2252.41,0.17
6347,10.6,118942.5279,-2324.35,0.17
6348,9.32,1061507.8169,-2939.24,0.16
6349,7.96,839799.0718,-2795.45,0.89
6350,12.0,901.2712,-2750.16,0.2
6351,9.88,480.0576,-4267.89,0.16
6352,10.72,355562.2676,-3520.37,0.2
6353,8.56,119081.714,-2011.21,0.18
6354,9.64,124.2663,-2584.68,0.92
6355,8.16,8.512,-2210.98,0.21
6356,6.16,1.3462,-2028.46,0.18
6357,9.08,448216.4966,-3001.85,0.19
6358,7.44,359497.8893,-2250.66,0.21
6359,8.16,359773.9852,-2772.82,0.2
6360,7.28,185849.0418,-2287.62,0.23
6361,9.0,424.6813,-3569.12,0.18
6362,11.16,2.6352,-3315.21,0.24
6363,8.36,56465.3672,-2751.3,0.18
6364,12.72,619.8982,-3250.11,0.22
6365,10.52,2.7262,-3043.29,1.0
6366,9.2,0.0303,-2750.47,0.23
6367,7.04,119901.527,-2767.21,0.17
6368,6.08,1013.6008,-2686.67,0.18
6369,9.76,8496.8488,-3008.17,0.21
6370,8.2,2570.6213,-2111.2,1.16
6371,7.72,0.4351,-2256.58,0.21
6372,9.08,241.7679,-1770.87,0.21
6373,9.52,7.9964,-3372.62,0.22
6374,9.16,722456.3278,-3044.53,0.23
6375,8.8,65033.5368,-2255.82,0.95
6376,7.72,1.5679,-3015.95,0.23
6377,10.6,119870.8081,-3897.59,0.2
6378,10.12,422.6778,-2021.76,0.21
6379,8.48,2872.9844,-2751.46,0.2
6380,7.08,39.8823,-2772.7,1.16
6381,12.12,0.4962,-3760.66,0.17
6382,9.36,32236.9478,-3000.45,0.16
6383,8.44,597639.456,-3138.78,0.19
6384,7.28,416168.1469,-3501.08,0.21
6385,11.24,238501.9376,-3503.05,1.02
6386,7.12,337236.246,-2847.35,0.2
6387,9.08,2.7989,-2754.81,0.17
6388,8.84,8.4889,-2627.14,0.16
6389,9.68,423772.7534,-3000.35,0.19
6390,6.84,2842.0404,-2542.21,0.92
6391,10.24,0.9944,-2024.71,0.17
6392,9.52,14.1294,-1809.18,0.19
6393,7.0,0.1065,-2502.25,0.18
6394,9.24,0.3892,-2754.63,0.19
6395,8.24,11.7668,-3058.56,1.11
6396,7.92,337231.4579,-2250.3,0.24
6397,8.0,3.004,-3823.26,0.26
6398,8.92,335752.0415,-3283.86,0.25
6399,9.12,291.0106,-3544.52,0.25
6400,10.64,2.7937,-3066.71,0.25
6401,7.84,120022.63,-2474.81,0.2
6402,8.08,0.4975,-2004.53,0.22
6403,10.0,9.0367,-3325.31,0.23
6404,8.16,449471.817,-2018.59,0.17
6405,9.72,35025.3019,-2254.07,0.18
6406,8.12,185960.7455,-2753.33,1.56
6407,7.4,120017.2479,-4044.41,0.21
6408,8.92,0.643,-3002.14,0.2
6409,9.68,714195.6038,-3000.28,0.19
6410,8.44,240027.3571,-3000.35,0.18
6411,9.56,145.654,-2755.64,0.85
6412,9.0,238259.0614,-2503.58,0.23
6413,9.24,118954.75,-2908.19,0.21
6414,8.6,119082.2352,-2263.8,0.18
6415,11.12,13.7536,-1953.62,0.18
6416,8.64,3518.4231,-3502.1,0.99
6417,8.6,30.3563,-2538.04,0.23
6418,9.32,40548.3137,-2577.41,0.22
6419,9.56,118983.6285,-2872.12,0.23
6420,10.88,114730.4733,-3786.7,0.18
6421,10.0,0.2995,-2757.34,0.92
6422,8.36,431.1867,-2957.39,0.2
6423,9.92,5135.6302,-3032.89,0.22
6424,11.84,296523.8714,-4000.09,0.19
6425,9.44,428683.8849,-4505.46,0.18
6426,9.92,1.7193,-2041.38,0.84
6427,8.16,703666.3628,-3280.2,0.25
6428,9.16,719690.1333,-2783.31,0.17
6429,7.6,1070478.629,-3939.63,0.17
6430,6.56,284133.6824,-2726.93,0.18
6431,10.64,121762.9384,-3102.42,0.93
6432,9.92,359666.7698,-2058.02,0.17
6433,9.48,0.9556,-1774.63,0.23
6434,9.04,425701.3008,-2750.47,0.27
6435,10.2,5.575,-2389.22,0.23
6436,10.16,12.8653,-3313.85,0.95
6437,7.56,168279.0039,-4250.6,0.19
6438,8.84,112932.0347,-3526.44,0.24
6439,8.92,146.6036,-2780.07,0.18
6440,9.32,312005.5425,-3268.34,0.2
6441,7.64,19.3102,-2689.73,0.97
6442,9.96,483441.8668,-2513.37,0.17
6443,7.52,11.6324,-2607.5,0.2
6444,10.36,1.6211,-1787.45,0.19
6445,7.84,2566.5594,-2255.78,0.22
6446,6.96,75.8374,-2369.32,0.19
6447,9.36,15.1141,-2500.76,0.89
6448,9.16,469234.109,-2763.63,0.18
6449,8.16,710530.7318,-2753.16,0.19
6450,9.2,719393.4082,-3254.17,0.17
6451,7.64,7334.8155,-3309.2,0.2
6452,8.0,2772.5858,-3768.8,0.86
6453,7.96,266.1167,-2753.09,0.18
6454,9.68,1318925.3707,-3758.11,0.21
6455,9.56,719408.7161,-2897.96,0.19
6456,9.36,1175.2292,-3055.01,0.21
6457,11.12,2703.5612,-2002.18,1.19
6458,10.72,389.0182,-3588.65,0.21
6459,7.52,0.0502,-2001.62,0.19
6460,8.84,67201.5483,-2297.89,0.22
6461,8.36,237.0269,-4029.47,0.2
6462,7.4,146829.3925,-2509.56,1.16
6463,11.16,474698.3262,-4001.99,0.17
6464,9.96,1287.6855,-2782.82,0.18
6465,8.48,1.2936,-2262.59,0.25
6466,7.24,2.0287,-2014.84,0.18
6467,10.6,1163.074,-3500.26,1.18
6468,11.84,1285.0774,-2250.24,0.24
6469,12.72,360775.8885,-2500.82,0.18
6470,6.88,77.0462,-3000.23,0.2
6471,9.12,238163.1329,-2261.11,0.22
6472,7.64,136119.2081,-3766.51,0.96
6473,7.0,352703.4012,-3260.17,0.17
6474,9.96,1372.9346,-4000.26,0.2
6475,10.84,361413.1506,-4000.73,0.22
6476,6.2,1.377,-2778.64,0.16
6477,8.04,594718.255,-3753.22,0.98
6478,14.2,710318.5804,-3501.11,0.21
6479,8.2,1.1394,-1516.94,0.21
6480,9.28,32278.846,-3000.36,0.2
6481,9.04,11.2552,-2255.04,0.2
6482,10.48,126.9031,-3250.49,0.96
6483,8.76,235537.5701,-3508.57,0.25
6484,10.6,118945.1522,-3139.07,0.26
6485,8.28,5601.4636,-3069.77,0.16
6486,9.44,123876.6599,-3004.3,0.2
6487,7.08,492522.0752,-3045.53,0.22
6488,8.96,529500.6674,-3500.23,0.2
6489,8.4,155.7071,-2585.14,0.22
6490,13.84,18.3564,-3956.17,0.17
6491,9.6,385680.2359,-3752.51,0.2
6492,10.2,251798.3041,-2801.14,0.23
6493,9.68,0.5716,-2014.45,1.64
6494,7.68,460081.5994,-2507.69,0.2
6495,7.88,719394.5748,-1782.4,0.19
6496,9.64,43.992,-2644.06,0.27
6497,7.88,5600.464,-2547.12,0.27
6498,7.88,54.7526,-2508.44,1.1
6499,10.08,360083.941,-2503.72,0.19
6500,9.64,2614.3628,-2510.46,0.19
6501,10.12,120038.9105,-2044.91,0.22
6502,5.88,0.6225,-2010.4,0.27
6503,5.04,288176.2459,-3548.02,1.14
6504,9.2,237879.8154,-2766.85,0.17
6505,10.08,1141813.392,-3250.36,0.18
6506,10.4,67100.9425,-3000.17,0.21
6507,8.48,335727.5654,-3755.37,0.21
6508,8.84,4806.0684,-2761.64,0.95
6509,11.72,121739.0141,-2503.5,0.2
6510,8.8,33925.8714,-3439.47,0.21
6511,12.48,1469.6968,-2517.96,0.17
6512,8.6,3.0375,-3777.97,0.19
6513,8.76,448546.3993,-3001.17,0.99
6514,10.72,359696.9066,-3001.18,0.17
6515,8.08,3282.5596,-2259.91,0.18
6516,10.96,5406.935,-3773.37,0.19
6517,9.96,477866.5722,-2054.69,0.19
6518,6.88,38.2426,-2776.74,0.97
6519,7.44,2684.0339,-2254.96,0.19
6520,8.84,363859.7866,-2314.89,0.19
6521,9.36,3561.3822,-3810.8,0.22
6522,9.48,119071.665,-1010.7,0.24
6523,9.36,0.0577,-3750.94,0.96
6524,7.4,0.1047,-3002.13,0.19
6525,8.68,2959.4813,-3938.58,0.17
6526,8.36,1007.9315,-3001.57,0.19
6527,7.72,360167.3577,-3267.73,0.22
6528,7.6,58.3256,-2513.31,0.21
6529,7.96,239941.3257,-2592.9,0.17
6530,9.96,226.1721,-2333.9,0.2
6531,8.44,360596.4681,-3294.61,0.17
6532,8.28,119461.5578,-2504.24,0.2
6533,9.24,834586.3111,-2870.42,0.17
6534,8.84,364551.4202,-2250.31,1.03
6535,10.72,897820.3299,-3755.18,0.2
6536,9.36,601626.8897,-4257.14,0.21
6537,7.76,38.5654,-2254.91,0.2
6538,8.04,356010.1434,-4081.31,0.16
6539,9.44,2.5743,-3502.72,0.82
6540,11.84,5.635,-3002.71,0.25
6541,9.44,0.614,-3251.21,0.21
6542,9.96,287732.0012,-2023.7,0.17
6543,10.0,64855.0438,-3500.41,0.18
6544,11.0,359666.1102,-2294.5,0.87
6545,6.76,713785.3838,-2754.36,0.17
6546,7.08,695553.0621,-3001.64,0.17
6547,7.76,626.3824,-2260.81,0.21
6548,9.0,355282.8045,-2316.03,0.22
6549,10.88,524.3128,-3049.28,0.82
6550,8.44,422767.8357,-2781.63,0.18
6551,11.72,354258.1563,-2752.07,0.18
6552,10.04,902.1346,-2024.07,0.17
6553,7.6,0.0838,-2001.65,0.19
6554,9.44,359861.0229,-2095.57,0.93
6555,9.72,394.8278,-2750.24,0.16
6556,8.68,39303.0261,-2982.8,0.18
6557,11.2,362320.6936,-2786.37,0.17
6558,8.16,1.9186,-2781.86,0.17
6559,9.12,70768.4445,-2250.83,1.02
6560,7.88,359852.7804,-3284.84,0.22
6561,11.24,359664.6635,-2754.24,0.18
6562,9.76,3700.8562,-2296.59,0.19
6563,9.4,0.8197,-2254.54,0.18
6564,8.08,17.6824,-2971.91,0.93
6565,9.72,0.4181,-1252.9,0.21
6566,10.12,622.9912,-2758.37,0.24
6567,9.12,96.3463,-2500.82,0.17
6568,6.96,16.6654,-3936.5,0.18
6569,7.92,1919139.0024,-3889.04,0.92
6570,7.92,359760.6166,-2251.29,0.19
6571,10.84,753330.8743,-3501.36,0.19
6572,8.4,5.7662,-2505.92,0.21
6573,8.48,74705.199,-3468.45,0.19
6574,8.08,724172.7032,-4500.32,0.22
6575,9.92,120.6554,-2505.73,0.96
6576,10.24,360452.9241,-2005.6,0.16
6577,6.88,0.4979,-2504.53,0.17
6578,8.88,37.3446,-2555.47,0.2
6579,8.12,407714.0085,-2761.51,0.21
6580,8.68,342733.631,-3750.79,0.91
6581,12.8,361374.3792,-2888.28,0.22
6582,9.96,134693.031,-3504.67,0.26
6583,11.72,769.8537,-3534.05,0.17
6584,8.8,79415.1294,-2750.57,0.19
6585,10.6,5411.4205,-2252.59,1.48
6586,9.72,1331.7575,-2863.97,0.19
6587,8.96,66369.9063,-2544.63,0.2
6588,12.68,1.3308,-3750.46,0.17
6589,9.24,34.153,-2894.8,0.18
6590,10.6,359537.6581,-2807.42,0.97
6591,10.28,719411.6654,-3313.61,0.18
6592,8.8,1248486.675,-2771.98,0.18
6593,9.24,1287.5871,-2811.4,0.21
6594,11.16,120863.0868,-4001.32,0.19
6595,6.12,56495.4489,-2377.24,1.02
6596,7.96,0.103,-3752.38,0.19
6597,10.08,16620.0504,-3750.15,0.21
6598,10.52,0.0714,-2751.02,0.2
6599,11.12,543821.6812,-3500.38,0.17
6600,7.68,2799.7118,-3501.22,0.82
6601,8.32,35043.215,-2560.47,0.21
6602,8.6,53.6857,-2508.47,0.17
6603,10.24,367876.9838,-3751.14,0.19
6604,9.36,1.768,-1517.6,0.19
6605,8.68,132645.7125,-1751.72,0.86
6606,7.04,5.5026,-3343.34,0.22
6607,10.16,239964.6133,-3037.35,0.2
6608,10.64,4.5514,-2819.45,0.18
6609,9.0,592308.4749,-2251.65,0.18
6610,8.56,9534.2013,-2751.41,1.03
6611,10.8,120013.656,-3751.22,0.17
6612,9.72,0.5083,-3011.0,0.18
6613,10.36,42.5814,-4000.09,0.18
6614,7.6,4.9364,-3810.31,0.2
6615,5.8,119123.5584,-2255.68,0.19
6616,7.24,0.6425,-3505.29,0.19
6617,8.24,122604.3361,-2501.68,0.19
6618,10.36,356865.9507,-3188.66,0.2
6619,8.24,171024.7956,-3501.72,0.17
6620,8.44,1506282.342,-5000.16,0.18
6621,7.72,1191518.9515,-3776.93,0.88
6622,6.68,112415.4232,-3086.05,0.19
6623,7.52,65954.6664,-2113.16,0.2
6624,8.72,625.9373,-3501.15,0.21
6625,8.52,0.0405,-1750.9,0.22
6626,7.2,124942.3,-3257.34,1.1
6627,9.8,118982.2175,-2386.21,0.22
6628,8.08,4925.3555,-3085.74,0.22
6629,7.24,194.3149,-4250.32,0.24
6630,8.6,480845.4339,-3120.8,0.2
6631,8.2,170627.6705,-3750.25,1.2
6632,8.12,1.5608,-2788.44,0.2
6633,10.16,23.5458,-2916.38,0.18
6634,9.4,1.8368,-1501.65,0.25
6635,12.48,0.0398,-2250.81,0.21
6636,9.52,2.2217,-1804.37,1.22
6637,6.44,0.2662,-2253.83,0.19
6638,12.24,40440.6753,-3250.34,0.21
6639,9.36,6.1055,-2652.3,0.2
6640,9.28,355279.7777,-3750.27,0.21
6641,10.84,118939.5626,-2500.21,1.13
6642,8.56,792.4675,-3000.14,0.21
6643,9.12,56466.2686,-2768.42,0.19
6644,9.16,56507.749,-2783.38,0.2
6645,9.76,0.0139,-3002.17,0.25
6646,8.16,359844.5254,-2755.37,1.25
6647,8.0,199018.9099,-4500.23,0.23
6648,8.52,145.8382,-1510.74,0.18
6649,8.76,191.0303,-3006.98,0.2
6650,9.32,238781.2026,-2523.58,0.19
6651,8.44,699805.0935,-2543.64,1.08
6652,9.52,1175.7623,-2374.26,0.22
6653,10.32,10.5056,-3221.83,0.22
6654,8.68,33248.5276,-3347.59,0.18
6655,10.52,8268.2372,-3250.44,0.18
6656,9.96,3315.1244,-4013.43,0.17
6657,10.12,239109.2102,-3000.28,0.18
6658,10.6,149.3146,-2597.79,0.17
6659,9.64,2.3238,-1557.84,0.18
6660,9.0,1438809.3406,-4751.84,0.17
6661,6.52,26.3815,-2719.86,0.22
6662,8.28,65946.8164,-3002.48,1.03
6663,9.52,1082794.349,-2054.09,0.24
6664,7.4,135702.7967,-2091.33,0.19
6665,9.44,119081.3248,-3250.32,0.18
6666,8.88,8.9678,-2969.75,0.18
6667,8.56,1.8535,-2544.77,0.99
6668,8.04,563448.0119,-3500.2,0.18
6669,12.64,1186123.9387,-3041.41,0.18
6670,11.24,598339.3423,-2007.57,0.18
6671,12.24,4950.317,-2254.09,0.21
6672,8.88,67859.7837,-3139.22,1.46
6673,6.36,20.0703,-3247.51,0.18
6674,6.92,337252.3831,-2529.16,0.18
6675,8.76,19.6793,-2750.21,0.2
6676,8.08,431385.6382,-3623.01,0.18
6677,6.28,9.4712,-4273.0,0.94
6678,5.28,120.4922,-2750.51,0.18
6679,5.56,145.6286,-2004.46,0.17
6680,8.68,122.8689,-2302.06,0.18
6681,7.12,288317.3259,-4295.28,0.21
6682,9.2,0.1669,-3002.5,0.86
6683,10.2,121643.2175,-3252.47,0.19
6684,9.12,1059641.0536,-3072.07,0.24
6685,12.92,39.6484,-3523.65,0.18
6686,7.92,365443.0513,-2754.23,0.24
6687,10.32,719393.3193,-3500.87,0.87
6688,9.56,124979.5533,-2800.83,0.18
6689,7.44,0.045,-2500.54,0.22
6690,8.24,0.7959,-2501.14,0.21
6691,8.92,4.1274,-1351.74,0.17
6692,9.8,15.2411,-3712.87,0.93
6693,6.64,7.53,-3186.73,0.17
6694,8.12,54.1994,-2892.44,0.18
6695,5.32,19.9469,-2500.51,0.21
6696,8.52,1154.2346,-3067.77,0.2
6697,8.16,49.5055,-1782.2,0.94
6698,7.68,517105.3424,-2500.83,0.2
6699,7.76,0.4766,-2750.88,0.18
6700,7.0,3.33,-2051.57,0.19
6701,8.4,3.2584,-2080.26,0.2
6702,9.16,120472.2064,-2905.28,0.21
6703,8.76,452939.0108,-2501.58,0.98
6704,7.84,782844.421,-2766.2,0.2
6705,10.2,352349.706,-3764.98,0.18
6706,10.28,0.453,-2755.92,0.16
6707,10.8,114730.7079,-2042.58,0.21
6708,8.96,598707.3894,-3825.57,0.93
6709,7.4,340072.3925,-2384.84,0.21
6710,6.96,10.3375,-1508.76,0.22
6711,12.12,1475065.44,-3689.51,0.18
6712,10.8,76.8245,-2759.7,0.22
6713,9.56,763.4293,-3796.24,1.0
6714,8.16,32295.6225,-3754.0,0.19
6715,7.56,39.8953,-4152.12,0.21
6716,10.0,37604.5118,-2250.45,0.2
6717,6.44,0.2899,-3255.27,0.17
6718,10.56,423.1815,-2252.69,0.9
6719,9.6,422.8187,-2797.17,0.2
6720,9.52,355289.5749,-3083.69,0.18
6721,9.28,138466.7315,-3792.89,0.16
6722,8.24,120.5158,-3251.02,0.17
6723,7.92,393759.2116,-3118.68,1.03
6724,8.6,1437.4729,-3758.06,0.2
6725,9.36,719580.4914,-2755.44,0.17
6726,11.52,0.7506,-2518.61,0.2
6727,8.32,392464.0477,-3291.05,0.17
6728,5.16,23923.0696,-3251.62,0.92
6729,9.08,66959.091,-2355.96,0.18
6730,8.2,336559.4246,-3750.16,0.2
6731,11.96,336349.28,-2500.25,0.21
6732,11.08,479678.612,-3265.28,0.21
6733,11.52,692523.5444,-3000.77,0.87
6734,7.24,1.2621,-2765.13,0.24
6735,9.32,330889.4322,-2751.84,0.23
6736,10.04,714004.7063,-2722.99,0.17
6737,9.84,1.5456,-1030.54,0.17
6738,8.04,0.0744,-3002.65,0.94
6739,6.6,34332.3577,-4018.66,0.21
6740,9.8,1.4459,-2529.92,0.2
6741,8.12,0.2066,-3254.93,0.18
6742,7.92,83.8833,-2502.32,0.16
6743,11.52,354681.4872,-3520.61,0.17
6744,8.56,1079544.3598,-1785.02,0.26
6745,11.32,356832.1045,-2949.86,0.22
6746,7.88,8.1839,-3042.45,0.18
6747,7.16,112930.8118,-3002.24,0.19
6748,8.52,501467.5851,-3513.51,0.27
6749,5.44,65947.1173,-3510.23,0.85
6750,8.72,16.8328,-3772.24,0.22
6751,9.2,4.4333,-1331.25,0.18
6752,7.72,431187.2018,-2756.51,0.18
6753,5.64,21.144,-2795.81,0.18
6754,9.68,0.9024,-3021.91,0.86
6755,10.84,2.3675,-2558.87,0.19
6756,7.72,1253340.5126,-3501.61,0.2
6757,11.8,813184.6816,-4750.25,0.18
6758,8.28,22.3188,-2659.35,0.17
6759,10.16,523696.1827,-3502.33,0.88
6760,8.32,1.5284,-2502.05,0.18
6761,8.0,2864.8332,-2947.04,0.21
6762,6.84,1006.3431,-3005.15,0.2
6763,8.48,67758.3897,-3501.02,0.2
6764,12.64,39948.277,-4053.82,1.53
6765,8.96,2.9619,-3750.96,0.19
6766,11.04,1167169.1088,-2750.86,0.17
6767,8.88,363551.678,-4061.29,0.18
6768,9.8,472597.036,-3033.28,0.17
6769,9.88,5037820.2095,-5000.27,0.87
6770,7.36,16.6133,-1661.35,0.2
6771,7.56,0.1134,-1752.8,0.19
6772,7.56,8311.1598,-3800.72,0.19
6773,10.72,479775.6465,-2502.02,0.21
6774,8.88,0.0382,-3000.76,0.86
6775,8.76,233691.1328,-3070.29,0.16
6776,7.4,1031.3694,-2328.3,0.2
6777,9.4,169602.2411,-3257.15,0.19
6778,8.12,33898.948,-3251.12,0.22
6779,12.68,908.9636,-3001.63,0.89
6780,7.88,0.1682,-2003.3,0.17
6781,4.84,359703.7081,-3530.44,0.18
6782,11.08,67273.2594,-2510.75,0.2
6783,10.52,1122429.8348,-2446.15,0.18
6784,9.84,362564.6942,-1655.04,0.21
6785,10.88,11.1014,-2251.14,0.18
6786,12.08,65948.6417,-3045.35,0.17
6787,7.88,119061.2488,-1776.48,0.19
6788,10.36,525282.4954,-3750.26,0.2
6789,9.96,1175949.6226,-2299.88,0.21
6790,9.12,6.1201,-1398.16,0.91
6791,10.76,0.2834,-2257.49,0.2
6792,6.56,724488.7848,-3335.72,0.17
6793,12.04,5406.9544,-3750.16,0.18
6794,9.0,39.2794,-2004.96,0.17
6795,11.16,719749.7294,-2259.61,0.89
6796,8.12,20.013,-3251.22,0.18
6797,6.88,0.0906,-2001.33,0.19
6798,8.48,47.3291,-3033.83,0.25
6799,9.92,2.78,-2069.34,0.22
6800,8.84,2684.6932,-2517.86,1.0
6801,11.0,0.1315,-3501.67,0.17
6802,9.96,3359.6642,-3012.84,0.18
6803,7.64,479623.2022,-2516.14,0.17
6804,9.68,489203.5862,-3789.79,0.25
6805,10.96,486363.2886,-2939.66,0.99
6806,8.24,122831.0633,-3070.1,0.17
6807,9.92,1285.4825,-2755.3,0.22
6808,9.16,67758.8589,-2012.82,0.23
6809,10.64,1926.0063,-2816.06,0.23
6810,9.36,0.0114,-3251.13,1.03
6811,6.44,340068.7674,-2290.75,0.18
6812,10.28,363500.5908,-3252.67,0.2
6813,9.0,1239855.6068,-3250.34,0.2
6814,8.8,960137.2206,-3309.67,0.17
6815,8.56,359703.8332,-3030.44,0.9
6816,6.32,340072.1489,-2843.84,0.19
6817,8.0,719425.1202,-3500.84,0.19
6818,10.56,359539.3111,-3000.23,0.19
6819,7.0,0.0808,-2502.63,0.18
6820,9.48,852490.714,-3938.74,0.9
6821,10.2,748591.67,-3776.81,0.19
6822,7.92,146293.9648,-3573.02,0.18
6823,6.16,655.2028,-3251.12,0.18
6824,8.16,4.3379,-2552.51,0.19
6825,8.96,240035.3136,-2692.52,0.83
6826,8.12,362795.7331,-3540.59,0.19
6827,7.52,2703.5804,-2503.43,0.19
6828,7.56,352336.9509,-2769.98,0.18
6829,8.56,32258.0513,-3051.75,0.21
6830,9.84,562.2352,-2782.86,0.18
6831,6.96,151347.8533,-3500.65,0.89
6832,8.6,2724.092,-2470.66,0.16
6833,8.4,8311.5972,-3077.54,0.16
6834,10.72,529317.1588,-1952.8,0.19
6835,9.96,35.2449,-3002.27,0.21
6836,9.56,120907.8487,-2750.41,0.99
6837,9.36,720678.3616,-3251.44,0.17
6838,9.24,63.4716,-3515.03,0.17
6839,10.36,66618.6823,-3388.71,0.23
6840,7.16,359704.7864,-3296.41,0.18
6841,10.56,606387.9192,-2929.84,0.97
6842,9.6,3864.6163,-2235.59,0.18
6843,9.84,471417.5758,-2756.98,0.17
6844,10.6,0.2852,-2252.69,0.16
6845,9.32,119082.0667,-2518.05,0.22
6846,8.08,114767.2004,-1755.26,0.84
6847,8.4,916925.9657,-3261.53,0.18
6848,9.56,33898.7962,-4250.16,0.21
6849,10.64,361136.3193,-3255.62,0.19
6850,9.72,894.2215,-2250.33,0.17
6851,7.64,674584.8386,-2798.06,0.89
6852,10.48,43935.9378,-2757.5,0.23
6853,7.6,0.3162,-2754.0,0.22
6854,7.12,425705.013,-4030.63,0.19
6855,9.52,990.8529,-3794.65,0.19
6856,9.84,355398.3679,-2022.63,0.88
6857,6.48,114758.5958,-3750.75,0.77
6858,11.64,6122.8565,-3500.15,0.22
6859,5.96,38.7144,-1757.48,0.25
6860,12.0,352336.3246,-3006.53,0.21
6861,9.84,7.7178,-2942.56,0.92
6862,7.36,50.8835,-2768.6,0.19
6863,8.12,479748.7278,-2750.74,0.21
6864,9.44,357092.5578,-3000.4,0.22
6865,9.32,120036.1841,-2750.54,0.2
6866,8.36,713647.4763,-3690.56,0.99
6867,9.56,120046.8334,-3014.0,0.18
6868,7.92,136434.8922,-3220.11,0.19
6869,6.76,1107288.168,-2793.11,0.22
6870,9.88,730077.1144,-4000.14,0.19
6871,9.44,17.7438,-2442.37,0.21
6872,9.96,2.4937,-2562.15,0.16
6873,8.52,360042.1804,-2281.67,0.19
6874,11.04,3.5291,-2316.84,0.18
6875,10.32,627531.3207,-2360.96,0.19
6876,7.88,148.1586,-2568.66,0.16
6877,7.92,1804.6972,-2009.67,0.98
6878,10.24,122720.3356,-3016.05,0.2
6879,8.88,3061.7196,-2007.39,0.22
6880,9.88,119071.654,-2004.86,0.19
6881,9.52,689985.5098,-2270.75,0.18
6882,10.52,0.1936,-2754.66,0.88
6883,7.64,453653.042,-2508.72,0.2
6884,10.08,143773.0892,-4002.35,0.25
6885,11.36,759.6335,-3000.42,0.18
6886,7.48,168299.848,-3750.33,0.23
6887,9.48,358882.9526,-3250.85,0.9
6888,7.8,1066438.5452,-2252.76,0.18
6889,9.72,0.5113,-2013.54,0.17
6890,8.56,193458.5523,-3500.23,0.17
6891,8.12,239898.0438,-2501.97,0.2
6892,11.16,0.0268,-3500.33,0.98
6893,9.72,59546.6932,-3513.42,0.25
6894,6.32,112430.3481,-2753.87,0.27
6895,10.04,3710.8752,-3027.23,0.2
6896,9.8,149567.2203,-2018.18,0.2
6897,8.8,64473.609,-2252.4,0.88
6898,6.8,360202.5416,-2297.27,0.18
6899,8.4,1721.4029,-3751.55,0.16
6900,8.44,1.4022,-1034.06,0.2
6901,9.2,199463.692,-3524.08,0.17
6902,7.56,65946.7181,-4001.13,0.87
6903,10.0,0.1866,-2501.83,0.21
6904,9.12,3195.8044,-4018.68,0.18
6905,11.0,1291.5591,-1912.07,0.19
6906,9.56,69694.1659,-3014.42,0.17
6907,8.4,364633.8709,-2786.47,0.93
6908,8.52,64474.0646,-1765.46,0.18
6909,9.32,354259.0341,-1763.73,0.18
6910,5.28,359854.1843,-2828.66,0.22
6911,6.12,150.4224,-2502.08,0.22
6912,8.48,126346.5608,-3005.22,0.2
6913,8.2,341361.9124,-2250.04,0.18
6914,10.44,66043.2286,-2006.62,0.16
6915,8.04,171069.2837,-2750.32,0.17
6916,8.2,701159.3182,-3251.4,0.17
6917,8.16,5.2817,-2631.92,0.18
6918,11.48,786641.127,-2754.22,0.83
6919,8.2,30.2101,-3757.79,0.21
6920,6.16,257612.1871,-4002.45,0.21
6921,8.88,585.6666,-2652.68,0.18
6922,10.6,2703.64,-2501.5,0.2
6923,6.96,114728.767,-4250.07,0.9
6924,9.0,112413.2189,-2570.09,0.18
6925,11.2,759867.9202,-3595.25,0.18
6926,10.96,690371.5249,-3750.63,0.22
6927,8.96,39790.0225,-3319.55,0.2
6928,8.68,2.6285,-3307.61,0.85
6929,8.08,719979.9043,-3007.95,0.17
6930,8.56,3808.396,-2823.17,0.17
6931,8.4,1158.8268,-4009.54,0.22
6932,8.12,157.5815,-2804.43,0.16
6933,7.48,59.5762,-1302.48,0.99
6934,6.84,580130.9896,-4013.63,0.18
6935,11.12,1.7778,-2035.93,0.17
6936,11.8,99.205,-2818.43,0.18
6937,10.0,23807.2196,-2501.09,0.17
6938,6.44,360046.1542,-3500.27,0.88
6939,11.64,118939.6652,-3000.55,0.2
6940,7.12,1439406.7389,-3338.57,0.27
6941,7.32,137492.4365,-2511.48,0.23
6942,7.8,1393798.4929,-3630.92,0.24
6943,8.4,844849.4433,-3759.19,0.87
6944,10.48,162138.9574,-2750.41,0.21
6945,7.76,170739.3049,-3763.85,0.17
6946,12.92,2.7127,-4001.23,0.17
6947,6.48,0.092,-3750.28,0.18
6948,9.04,79386.8273,-2333.56,0.97
6949,7.72,423.2125,-2538.24,0.22
6950,9.96,68270.4768,-2771.8,0.77
6951,10.6,359844.5192,-2505.34,0.18
6952,8.92,360411.0283,-3642.01,0.17
6953,10.12,198323.0937,-3065.38,0.82
6954,10.4,42936.0822,-2796.8,0.17
6955,7.48,71364.1294,-3000.29,0.18
6956,6.72,183775.544,-2273.43,0.19
6957,12.16,0.0423,-3251.45,0.22
6958,10.28,121020.5552,-2519.6,0.19
6959,10.44,165.5276,-3042.06,1.01
6960,7.4,408.7534,-3307.54,0.17
6961,11.08,133395.2592,-2752.77,0.3
6962,10.2,119082.4706,-3500.15,0.17
6963,11.16,1076259.3988,-4193.35,0.19
6964,8.2,0.0279,-1750.44,0.97
6965,8.2,2.6644,-1816.21,0.17
6966,5.76,20.8267,-2760.6,0.17
6967,9.88,170403.5678,-3286.96,0.21
6968,10.4,35.2335,-3000.91,0.19
6969,9.0,340068.1037,-3752.13,1.05
6970,7.6,32.614,-2554.36,0.17
6971,8.36,5599.7962,-3009.24,0.17
6972,9.6,124.591,-3342.8,0.17
6973,11.36,713646.1028,-3469.76,0.17
6974,5.72,0.9144,-2001.06,0.92
6975,9.24,5632.4118,-3121.09,0.19
6976,6.84,385.6354,-3295.3,0.18
6977,10.2,154419.2802,-3501.66,0.17
6978,9.8,1296.2151,-2390.54,0.19
6979,8.76,2318.0403,-3059.93,1.09
6980,9.16,240683.3408,-3623.64,0.22
6981,8.8,239811.3607,-2772.82,0.18
6982,9.6,98.162,-2796.19,0.26
6983,11.16,174994.4646,-3250.42,0.19
6984,7.24,394.6064,-1751.96,0.99
6985,9.68,71371.5529,-2250.6,0.19
6986,8.56,2713.6914,-3001.17,0.19
6987,11.36,755.096,-4008.2,0.17
6988,9.16,122001.3149,-4004.98,0.21
6989,7.24,352376.5846,-2267.59,0.87
6990,11.04,120006.5593,-2291.62,0.19
6991,10.88,3073.6935,-2750.29,0.17
6992,8.72,135528.5477,-4756.27,0.2
6993,9.32,360982.9116,-1779.86,0.19
6994,11.76,66367.8798,-3255.57,0.85
6995,9.12,1.1516,-2276.98,0.16
6996,6.04,39.6684,-4266.69,0.24
6997,12.96,0.417,-3500.19,0.18
6998,9.08,28.1175,-2507.04,0.17
6999,9.88,1059810.0645,-2198.61,0.18
7000,7.0,340070.2216,-2583.24,0.17
7001,8.08,0.8866,-2750.52,0.17
7002,7.96,36.6618,-2278.18,0.22
7003,8.96,1034161.8636,-2568.8,0.19
7004,5.44,120113.4758,-1544.69,0.19
7005,6.32,0.956,-2271.53,0.91
7006,7.4,433.1451,-3554.63,0.16
7007,10.6,359698.496,-1776.24,0.18
7008,9.84,724820.924,-3529.43,0.21
7009,10.36,630.3332,-3439.95,0.2
7010,8.08,70969.6664,-3002.95,0.93
7011,12.92,33879.4599,-3005.95,0.16
7012,8.36,359525.809,-2760.04,0.19
7013,9.4,776.0811,-2756.63,0.17
7014,10.24,361547.9722,-2252.55,0.16
7015,7.56,32357.5055,-2008.15,0.85
7016,6.68,764390.5211,-3000.69,0.19
7017,11.16,755.4071,-2161.49,0.18
7018,7.88,2.109,-1802.39,0.2
7019,9.72,270759.3062,-2754.13,0.2
7020,9.72,356883.3209,-2262.57,0.93
7021,11.08,360167.0651,-2261.78,0.19
7022,7.6,2803.1012,-2843.08,0.19
7023,11.2,11.1414,-3390.01,0.18
7024,7.48,120013.8575,-1753.24,0.17
7025,8.76,393589.7009,-4285.51,0.96
7026,8.2,693366.5632,-3915.63,0.21
7027,7.48,106.558,-2327.28,0.19
7028,10.88,745737.3506,-3750.17,0.2
7029,5.8,359721.165,-2676.94,0.29
7030,6.48,121.7974,-3279.62,0.88
7031,12.76,161972.683,-2750.86,0.18
7032,9.64,9.4173,-1955.88,0.17
7033,10.76,902.4807,-2527.48,0.17
7034,11.72,118944.7409,-3002.4,0.19
7035,9.8,5338.8609,-2251.55,0.97
7036,11.56,2568.0107,-2760.31,0.17
7037,7.24,368486.9382,-2588.17,0.28
7038,6.52,8150.0974,-3284.55,0.17
7039,12.2,119130.7892,-2752.53,0.24
7040,9.6,2705.8498,-3309.08,0.19
7041,10.84,338307.3131,-2265.36,0.26
7042,9.92,0.131,-1503.13,0.2
7043,10.32,9.5489,-2734.27,0.78
7044,8.56,1.7673,-2541.99,0.23
7045,8.4,579871.3156,-2799.3,0.2
7046,8.8,0.4712,-2011.38,0.89
7047,12.04,2571.0728,-3020.85,0.17
7048,8.6,431626.4788,-2254.06,0.18
7049,8.96,101.905,-4140.1,0.18
7050,10.76,0.2158,-2005.19,0.24
7051,4.08,10.5938,-4264.82,0.89
7052,9.88,538232.1678,-1510.98,0.2
7053,9.8,7.445,-2803.75,0.2
7054,10.28,592380.0341,-3645.35,0.17
7055,8.2,5424.473,-3274.15,0.19
7056,8.44,67105.7297,-2369.87,0.97
7057,7.4,1286.3969,-3016.93,0.24
7058,8.52,760.5662,-2273.73,0.23
7059,9.72,65955.0292,-1705.91,0.19
7060,8.28,3.0748,-4826.5,0.21
7061,6.44,238165.8025,-4251.94,0.83
7062,8.2,248438.7971,-3375.66,0.25
7063,11.64,0.7243,-3017.98,0.23
7064,11.12,21.5976,-2807.85,0.21
7065,6.4,13.3055,-2582.51,0.27
7066,12.84,3.0451,-3325.94,0.95
7067,10.36,506629.8983,-2500.62,0.17
7068,8.64,355152.4187,-2251.74,0.19
7069,8.96,33879.211,-2501.89,0.17
7070,10.44,118955.2206,-2700.99,0.19
7071,9.24,119038.9556,-3757.1,0.88
7072,9.68,119107.4728,-3503.9,0.19
7073,8.32,20.2578,-3752.52,0.2
7074,6.76,2683.9009,-3001.63,0.17
7075,9.0,1811.5106,-2840.03,0.19
7076,9.64,0.2024,-1752.69,0.84
7077,8.0,119912.5409,-2641.54,0.2
7078,11.48,7697.9326,-4000.15,0.17
7079,7.0,145.5333,-2503.41,0.17
7080,8.92,359874.6937,-3500.8,0.21
7081,7.04,0.5148,-2014.65,0.83
7082,7.84,0.4696,-3005.77,0.22
7083,9.68,2.3288,-2001.53,0.19
7084,6.16,64918.1738,-4256.9,0.17
7085,8.84,203471.1071,-4046.98,0.21
7086,9.6,360494.3324,-3167.65,0.23
7087,8.28,6.2948,-2611.37,1.0
7088,7.08,148987.8997,-2754.89,0.22
7089,8.96,56466.0345,-3018.58,0.18
7090,8.6,589293.7674,-3292.6,0.19
7091,8.24,9.1511,-2215.15,0.23
7092,8.8,311610.0408,-3261.11,0.82
7093,9.76,1290.5321,-2519.26,0.16
7094,8.72,67319.9106,-3008.46,0.19
7095,9.8,0.0651,-3250.4,0.18
7096,7.8,238162.6008,-2751.79,0.2
7097,9.92,830979.54,-2287.1,0.91
7098,11.04,0.4686,-2511.61,0.21
7099,7.6,245041.4592,-2780.48,0.18
7100,8.56,2684.1269,-2508.73,0.17
7101,8.92,3.6454,-1531.94,0.17
7102,8.48,362382.6542,-2041.39,0.91
7103,7.72,238154.4658,-3252.02,0.18
7104,7.76,119927.301,-2721.22,0.2
7105,7.12,4767.6862,-2775.11,0.19
7106,5.76,0.0714,-2250.41,0.17
7107,9.4,2703.9268,-2012.17,1.1
7108,10.2,361813.1508,-2754.53,0.21
7109,12.76,354262.8297,-3857.19,0.23
7110,8.68,1292.8544,-3015.18,0.2
7111,7.8,48.3251,-3001.16,0.25
7112,8.36,356820.4187,-3510.53,1.09
7113,9.28,135.7768,-2191.89,0.19
7114,11.32,1558570.0382,-3501.45,0.16
7115,8.44,9.5843,-2012.1,0.17
7116,8.36,2567.0183,-1526.12,0.58
7117,6.76,12.699,-2818.18,0.95
7118,7.92,135698.9677,-2533.08,0.21
7119,7.2,20.5993,-1765.18,0.23
7120,10.28,126.3283,-2750.62,0.18
7121,9.6,2804.191,-2561.41,0.2
7122,6.6,33881.1805,-2043.91,0.92
7123,11.44,785355.1102,-3750.27,0.24
7124,10.68,1070457.2684,-3000.56,0.23
7125,8.56,73512.8071,-2256.08,0.18
7126,10.84,24.6853,-2728.16,0.18
7127,7.36,596732.0312,-2783.67,0.21
7128,10.84,237882.0619,-3011.66,0.19
7129,8.44,239803.522,-3034.18,0.22
7130,8.2,714029.3519,-3221.03,0.21
7131,8.8,0.4178,-3503.29,0.21
7132,8.2,357064.7889,-2812.74,0.21
7133,8.0,20.2622,-2006.72,1.73
7134,11.36,714132.8012,-4000.51,0.19
7135,9.08,426118.5201,-2596.63,0.19
7136,7.16,2569.1838,-2580.17,0.19
7137,7.52,1.0602,-2774.81,0.19
7138,8.2,26.6223,-2505.14,1.0
7139,9.6,2.0446,-2550.95,0.2
7140,8.04,0.938,-2763.23,0.19
7141,7.76,239807.7181,-3646.34,0.26
7142,10.0,787047.6832,-2774.22,0.18
7143,7.56,239901.4893,-2534.18,1.02
7144,8.2,674463.9791,-3268.58,0.27
7145,7.96,362269.1372,-3012.83,0.22
7146,9.92,2715.3137,-1751.88,0.25
7147,7.56,362503.245,-2535.21,0.21
7148,10.16,352343.5993,-3500.78,1.0
7149,7.0,423.4842,-3269.16,0.2
7150,9.28,513596.5186,-2026.83,0.18
7151,11.92,249.1648,-3449.47,0.2
7152,10.88,68677.2133,-3000.28,0.19
7153,8.84,4.1025,-2811.45,0.89
7154,8.68,354403.606,-2503.51,0.18
7155,11.12,135699.2773,-3298.97,0.22
7156,11.16,478879.973,-3752.35,0.18
7157,8.88,1869.2072,-3020.99,0.23
7158,9.68,0.6335,-2751.35,0.83
7159,10.92,725998.1756,-3000.4,0.18
7160,7.56,527.1374,-3250.99,0.2
7161,6.12,0.0383,-2750.64,0.18
7162,8.0,2687.4834,-2077.45,0.2
7163,9.8,1008.9636,-2568.26,0.91
7164,9.12,71459.4816,-2500.39,0.2
7165,10.8,188838.2062,-2754.45,0.21
7166,10.52,0.9914,-3500.32,0.22
7167,7.4,9.9913,-2491.24,0.2
7168,9.96,66805.3248,-3755.28,0.26
7169,7.2,187788.5863,-2015.14,0.18
7170,6.96,3.2413,-1330.8,0.17
7171,9.48,28566.1176,-2296.09,0.23
7172,9.96,65479.7675,-2755.9,0.18
7173,10.16,122893.3524,-2859.44,0.19
7174,8.6,360804.5774,-2500.86,0.99
7175,8.12,2682.2184,-3939.38,0.19
7176,7.0,169445.7788,-2011.55,0.17
7177,10.88,1154.673,-2261.0,0.17
7178,7.04,425897.9812,-3814.33,0.2
7179,9.92,343.8927,-1766.24,1.03
7180,6.2,359724.8028,-3297.28,0.17
7181,6.44,40.083,-1807.95,0.16
7182,11.08,1.4226,-2258.66,0.17
7183,9.16,5.1171,-2126.87,0.19
7184,9.76,336675.5432,-2751.11,0.95
7185,9.8,349370.0348,-3544.18,0.19
7186,7.6,187750.2527,-3768.27,0.17
7187,9.48,0.0762,-2001.59,0.21
7188,9.96,1306.692,-3047.14,0.22
7189,7.88,426813.4757,-3751.68,1.0
7190,10.64,407453.0563,-2543.11,0.18
7191,11.2,1058945.2856,-3939.75,0.17
7192,6.84,760.7484,-2525.05,0.19
7193,9.8,481223.6893,-3778.36,0.16
7194,6.48,29.9036,-1751.57,0.84
7195,6.2,359703.3613,-2500.52,0.17
7196,11.16,168271.4896,-3251.6,0.2
7197,10.64,65947.5685,-3000.18,0.17
7198,10.08,0.3267,-2003.85,0.2
7199,9.08,83.3748,-2250.24,0.92
7200,8.28,120645.6543,-2971.2,0.19
7201,7.88,1.1421,-2514.42,0.19
7202,10.0,19.5944,-2258.64,0.19
7203,8.12,96.3098,-2500.26,0.23
7204,7.44,359876.0526,-2276.76,1.01
7205,7.28,151.2132,-2761.09,0.16
7206,9.32,2034.4772,-2757.13,0.17
7207,7.0,25.2742,-4075.32,0.2
7208,8.88,8.1634,-3201.06,0.2
7209,8.6,360262.6397,-2257.1,0.95
7210,8.24,335726.5992,-3250.38,0.19
7211,9.44,1006.2064,-2751.8,0.17
7212,9.96,81186.7947,-3751.53,0.17
7213,9.28,794476.1428,-4500.52,0.17
7214,9.8,1622.6075,-2500.28,0.23
7215,6.48,10.5344,-1514.31,0.84
7216,9.8,788157.963,-2750.6,0.19
7217,9.84,35.2343,-3752.16,0.2
7218,8.8,2.711,-2812.72,0.18
7219,6.84,1.8499,-2770.98,0.18
7220,7.12,241.7601,-2512.34,0.99
7221,8.04,43.8494,-2793.57,0.2
7222,7.48,20.2274,-2260.48,0.22
7223,7.12,442.5415,-3342.36,0.19
7224,6.96,673101.2614,-3577.46,0.2
7225,11.36,365015.6286,-2767.92,1.5
7226,5.76,359740.7605,-3750.76,0.21
7227,11.0,359666.4814,-3553.52,0.21
7228,10.08,592164.3389,-2546.72,0.23
7229,6.96,120.8565,-2009.72,0.2
7230,8.72,8206.6719,-1761.06,1.0
7231,9.04,795558.6124,-3580.65,0.17
7232,6.4,120545.1476,-3082.97,0.19
7233,5.52,5.1519,-3317.08,0.21
7234,8.2,38.5246,-3251.58,0.18
7235,8.24,25.8347,-2670.06,0.85
7236,8.2,7.8513,-2755.22,0.19
7237,10.44,2799.7276,-2009.91,0.18
7238,10.16,354265.9014,-1944.79,0.18
7239,7.76,56055.7285,-3298.22,0.2
7240,8.08,750.2552,-1500.88,0.87
7241,9.0,360167.3697,-3009.79,0.18
7242,8.88,864.0916,-2761.54,0.2
7243,9.24,8.2859,-3255.07,0.17
7244,9.32,0.0448,-3000.3,0.16
7245,10.96,43034.8336,-2501.55,0.85
7246,11.4,671485.0679,-2252.73,0.18
7247,8.08,2715.3243,-1752.23,0.21
7248,7.44,5146.398,-2754.86,0.18
7249,7.04,0.0671,-3251.56,0.24
7250,9.32,57.7558,-2500.51,0.91
7251,8.08,0.0364,-2500.56,0.18
7252,7.44,1043.6955,-3043.95,0.23
7253,9.84,2159074.306,-3819.91,0.17
7254,8.88,704672.0687,-2250.3,0.18
7255,9.36,65946.7998,-3251.8,0.27
7256,9.04,456136.13,-3500.35,0.19
7257,7.4,240426.3886,-3050.82,0.2
7258,8.24,462614.4049,-2500.52,0.19
7259,8.24,0.24,-1752.89,0.2
7260,8.36,162629.0051,-2827.11,0.18
7261,7.72,770.3673,-3528.52,0.86
7262,10.6,185136.3829,-4012.48,0.17
7263,8.4,119072.6448,-2282.03,0.23
7264,9.04,0.1632,-2253.64,0.21
7265,10.6,361004.217,-4247.01,0.16
7266,10.08,1365952.1218,-1509.26,0.82
7267,7.48,352340.3444,-3606.25,0.2
7268,7.52,239850.4668,-2069.56,0.19
7269,8.68,249355.392,-2285.94,0.19
7270,9.84,5.5442,-3000.33,0.2
7271,9.72,17.8932,-2795.13,1.02
7272,9.32,838633.2205,-2375.17,0.18
7273,9.68,0.1319,-2750.99,0.19
7274,8.36,305752.243,-2509.37,0.18
7275,9.04,32358.6925,-2529.2,0.17
7276,9.64,418852.1926,-2004.34,1.08
7277,6.64,9.9815,-1824.88,0.19
7278,7.16,229458.2534,-3265.73,0.2
7279,11.08,1287.37,-2557.54,0.2
7280,7.48,9.6687,-3000.26,0.18
7281,10.04,479024.4963,-2276.88,1.04
7282,9.84,1118293.7225,-4000.11,0.18
7283,10.84,352757.2333,-2756.05,0.18
7284,8.24,504811.0815,-4028.26,0.2
7285,9.64,2692.9556,-3006.55,0.18
7286,8.08,2800.2266,-2768.77,0.9
7287,6.8,10.2405,-2750.79,0.19
7288,6.92,0.3088,-2751.89,0.19
7289,7.88,477492.7482,-2503.11,0.17
7290,8.72,145.8145,-3005.39,0.19
7291,10.36,1.3316,-2275.65,1.0
7292,10.84,359817.4263,-2003.37,0.2
7293,9.4,8399.1094,-3250.23,0.21
7294,8.72,839765.276,-2794.38,0.24
7295,7.04,3.7771,-3588.35,0.24
7296,8.4,1167.4683,-3844.17,0.18
7297,9.36,56472.9318,-2691.06,0.19
7298,11.44,96.5028,-1755.13,0.24
7299,9.72,3.365,-3792.48,0.24
7300,7.6,119967.8888,-3268.8,0.19
7301,9.04,5.5291,-2633.78,0.18
7302,7.68,16221.1561,-3005.51,0.88
7303,7.16,1084107.5222,-3000.44,0.21
7304,8.12,40.6827,-2279.37,0.2
7305,7.92,1.4427,-2518.16,0.2
7306,7.52,360311.1053,-2506.72,0.18
7307,8.04,4.3113,-1836.39,0.84
7308,12.64,5131.9905,-3000.77,0.21
7309,10.72,332827.2687,-4006.43,0.19
7310,9.2,13526.2467,-3971.16,0.19
7311,8.6,174250.7083,-3254.14,0.2
7312,9.08,8.1487,-3081.89,0.97
7313,9.36,362099.752,-2501.68,0.23
7314,9.8,705678.6178,-2010.85,0.19
7315,9.52,722880.9084,-3500.48,0.18
7316,7.0,342080.2646,-2004.06,0.2
7317,11.56,3.4205,-2335.33,1.47
7318,10.6,0.2467,-3255.59,0.26
7319,8.56,1160.5681,-3059.56,0.19
7320,6.48,1.126,-2526.73,0.17
7321,9.2,1170564.9353,-3003.27,0.19
7322,8.2,3.8419,-2587.52,0.92
7323,12.12,2.5869,-3064.33,0.18
7324,8.08,0.3588,-2500.64,0.18
7325,11.28,0.0528,-2750.2,0.18
7326,6.52,359864.8832,-2470.2,0.23
7327,8.24,329881.2451,-2058.59,0.87
7328,9.04,239803.4924,-3546.73,0.17
7329,11.04,67767.8129,-2236.66,0.18
7330,7.28,0.1199,-2751.56,0.17
7331,6.84,339243.9386,-2014.82,0.18
7332,7.44,124313.982,-2000.28,1.04
7333,9.32,1.1699,-2011.98,0.19
7334,10.68,32237.8344,-2760.75,0.17
7335,9.92,748648.065,-3791.13,0.22
7336,8.84,622.7608,-2001.62,0.2
7337,7.4,79957.9753,-3500.55,1.04
7338,7.4,0.2183,-2254.35,0.18
7339,8.4,20.3986,-2510.25,0.17
7340,7.44,0.1824,-3004.26,0.21
7341,10.56,75661.0091,-3300.27,0.21
7342,10.04,623.42,-4259.51,0.23
7343,8.72,5829.06,-3257.58,0.93
7344,9.72,66106.1005,-3253.55,0.2
7345,9.6,119939.5558,-3505.73,0.25
7346,9.72,8.2122,-1943.67,0.19
7347,6.96,67849.5314,-3000.22,0.21
7348,9.84,0.0619,-1752.46,0.87
7349,10.4,114758.5694,-2750.14,0.19
7350,7.68,30.8996,-2679.28,0.18
7351,8.32,239121.8357,-2250.35,0.18
7352,10.6,33200.9621,-3254.25,0.17
7353,9.44,1419500.4591,-2128.79,1.02
7354,7.6,475758.3805,-3000.34,0.17
7355,8.04,1.3216,-2782.89,0.2
7356,8.08,71541.2241,-3001.19,0.22
7357,7.76,575528.6188,-3009.61,0.18
7358,7.64,0.0358,-2750.62,0.88
7359,5.76,2.4361,-2558.06,0.2
7360,10.36,359664.3557,-3000.69,0.21
7361,11.12,0.0568,-2001.38,0.18
7362,10.52,1079545.5972,-3000.2,0.19
7363,6.56,1078277.9196,-3750.17,0.92
7364,5.04,120908.8977,-3045.84,0.19
7365,9.12,809338.4259,-1754.55,0.22
7366,6.4,710561.1018,-3513.68,0.19
7367,10.64,360956.7179,-3358.1,0.2
7368,9.08,0.9268,-2017.85,0.87
7369,7.72,0.0444,-2250.65,0.23
7370,6.24,15.2256,-2003.21,0.17
7371,11.84,0.0506,-3501.65,0.26
7372,7.4,119081.3503,-3500.41,0.25
7373,10.2,6123.2412,-2509.67,1.08
7374,9.0,352436.0974,-2508.19,0.18
7375,9.16,123.4235,-2560.33,0.2
7376,8.36,120987.2124,-3235.33,0.17
7377,8.44,33880.557,-2534.28,0.21
7378,12.04,119081.2743,-3251.18,1.05
7379,6.68,9577.5038,-2947.06,0.17
7380,8.4,65967.9009,-2789.02,0.24
7381,6.76,828.0407,-2509.02,0.17
7382,8.48,340088.6386,-1562.86,0.2
7383,8.24,33.1804,-2266.7,0.21
7384,8.64,0.2601,-2005.25,0.18
7385,9.32,476721.2938,-3503.84,0.19
7386,6.56,1104360.7966,-3309.3,0.22
7387,5.52,719445.0203,-3750.83,0.18
7388,8.56,0.0592,-2500.35,0.22
7389,9.52,218484.9463,-2500.29,0.92
7390,9.36,695368.6184,-2805.3,0.18
7391,8.04,0.2959,-1756.71,0.25
7392,8.32,4.9893,-2815.42,0.2
7393,9.0,339250.3155,-3776.35,0.18
7394,6.72,2944.7172,-2500.89,1.16
7395,11.12,238953.4938,-3254.42,0.19
7396,9.4,1391787.0269,-3005.21,0.22
7397,8.72,123345.2716,-2783.25,0.19
7398,6.24,0.8208,-1271.43,0.18
7399,10.48,478929.7278,-2103.99,1.14
7400,10.72,0.5769,-2513.99,0.19
7401,10.48,40845.2143,-2257.18,0.18
7402,7.08,1245.5268,-3003.47,0.24
7403,11.28,44174.1906,-2750.92,0.19
7404,11.16,11.0786,-2277.79,1.53
7405,8.84,7.3997,-1934.68,0.19
7406,11.28,1053.177,-5006.21,0.21
7407,11.52,2198.0703,-3945.93,0.2
7408,9.72,482774.9853,-2780.05,0.2
7409,7.88,120666.1933,-2750.67,1.0
7410,7.92,337.3178,-2501.69,0.17
7411,8.04,336336.7638,-3251.36,0.21
7412,8.08,1082.6464,-1514.51,0.22
7413,9.24,479250.5508,-1818.44,0.23
7414,9.52,713659.1468,-3250.8,1.0
7415,13.68,0.3711,-3751.06,0.17
7416,6.8,0.1878,-2754.36,0.22
7417,8.24,0.5857,-2510.25,0.18
7418,8.64,67048.4194,-3752.58,0.21
7419,9.76,2566.0883,-2003.2,1.04
7420,8.28,722225.0796,-3503.31,0.23
7421,9.76,360325.3657,-2504.88,0.19
7422,9.92,5.1088,-1583.55,0.18
7423,11.48,445945.2074,-3502.39,0.19
7424,10.48,597018.9274,-2769.9,0.22
7425,7.36,2158199.1866,-3253.66,0.18
7426,9.36,36612.8237,-2878.6,0.23
7427,9.32,3003.0005,-3258.21,0.19
7428,9.72,2706.1441,-2809.18,0.24
7429,8.04,878008.7045,-4500.13,0.21
7430,9.2,5549.3435,-3250.38,1.07
7431,9.04,1773948.1484,-2509.56,0.17
7432,8.24,1014.4048,-2439.0,0.2
7433,7.0,1.0071,-3008.07,0.2
7434,8.64,405845.0092,-3057.93,0.23
7435,5.0,713644.6691,-3061.98,1.09
7436,6.8,66.4544,-2251.87,0.2
7437,8.52,352365.8729,-3000.19,0.17
7438,11.2,1028721.027,-4002.85,0.18
7439,4.76,47.6748,-3474.39,0.2
7440,10.64,46.1596,-2448.39,1.16
7441,7.8,22.3238,-1787.24,0.2
7442,12.64,1006.2254,-3253.75,0.19
7443,9.04,0.0707,-3500.82,0.23
7444,10.96,841.9418,-2500.34,0.18
7445,9.52,719845.7002,-3003.2,1.2
7446,5.24,3.2755,-2827.94,0.24
7447,9.76,402107.3443,-3024.03,0.21
7448,7.56,355282.9226,-2079.52,0.21
7449,11.04,714341.9097,-2250.38,0.18
7450,11.96,1160522.5675,-3001.69,1.17
7451,7.92,142728.1242,-2002.57,0.23
7452,8.48,362759.378,-2033.02,0.22
7453,9.36,359845.3053,-2771.7,0.21
7454,10.68,239172.9921,-2557.91,0.2
7455,7.76,14.0769,-3038.37,1.21
7456,9.8,2.8628,-2510.15,0.17
7457,6.4,532.4247,-3326.95,0.18
7458,9.96,68782.7489,-3013.6,0.2
7459,11.48,39692.0325,-3020.83,0.2
7460,9.92,292.5892,-2045.05,1.05
7461,10.56,0.2673,-2756.26,0.21
7462,8.0,954159.4983,-3429.3,0.2
7463,10.16,19.507,-2003.35,0.18
7464,7.96,355279.8967,-1753.91,0.17
7465,7.08,147.8202,-4000.31,0.9
7466,4.08,0.4853,-3000.69,0.19
7467,9.28,10173.5601,-2004.49,0.2
7468,9.6,359962.543,-2546.85,0.2
7469,8.12,6.5559,-2085.84,0.27
7470,4.44,9.7745,-2904.88,0.22
7471,9.52,114748.2502,-2001.23,1.06
7472,11.0,2711.9214,-3250.24,0.25
7473,7.48,33887.9075,-2968.21,0.19
7474,9.8,76.34,-3001.89,0.22
7475,8.76,1174.76,-2514.35,0.18
7476,10.12,133636.4558,-3267.88,0.9
7477,10.76,3.009,-1574.92,0.18
7478,7.84,40.4009,-2044.17,0.23
7479,7.92,64594.1056,-3504.7,0.19
7480,10.0,142764.4124,-3440.62,0.22
7481,7.96,0.0741,-2001.51,0.95
7482,9.72,1.6657,-1750.52,0.17
7483,10.92,8.8886,-2971.59,0.18
7484,9.8,714132.8431,-3000.86,0.19
7485,11.12,360169.1674,-2251.62,0.2
7486,8.48,1059755.5524,-2751.06,0.98
7487,6.8,43.3681,-2040.81,0.17
7488,13.76,3506.5508,-2775.08,0.18
7489,13.8,402568.7076,-2631.89,0.18
7490,8.76,188160.8896,-2977.27,0.25
7491,6.68,479750.0598,-3335.78,1.6
7492,9.48,118941.5308,-1793.43,0.21
7493,8.48,119091.8687,-1263.78,0.19
7494,9.84,672953.6184,-2750.88,0.19
7495,9.44,887674.3152,-2388.32,0.21
7496,8.92,2848.5301,-1751.94,1.13
7497,11.6,121547.9731,-4250.16,0.2
7498,10.76,166779.127,-2760.56,0.18
7499,10.16,163620.1585,-3078.11,0.18
7500,7.52,7.8658,-2443.8,0.21
7501,9.68,907.9352,-2530.65,1.17
7502,6.56,0.9795,-4000.28,0.2
7503,8.84,1079714.3786,-3500.25,0.21
7504,4.92,11.2495,-3061.31,0.17
7505,7.6,517112.7058,-3258.76,0.19
7506,6.24,125640.299,-3528.7,1.02
7507,9.64,2607.5734,-2661.28,0.17
7508,12.68,121506.313,-3010.93,0.17
7509,6.96,836220.2051,-3756.97,0.22
7510,9.36,561298.7928,-2547.23,0.21
7511,5.8,1079113.0788,-4337.97,0.2
7512,8.44,392150.4812,-3001.58,0.19
7513,9.64,225861.9585,-2520.39,0.18
7514,8.68,96710.7431,-2259.32,0.23
7515,6.2,0.1062,-2503.55,0.19
7516,8.76,232315.6888,-2268.93,0.2
7517,8.6,121947.4415,-1781.79,1.06
7518,7.36,2.5372,-1562.92,0.17
7519,10.36,118964.1528,-3049.69,0.17
7520,9.08,128326.1061,-3095.75,0.19
7521,10.68,359665.0497,-1750.4,0.18
7522,8.2,1.3436,-1283.36,1.07
7523,10.04,481588.6009,-2135.59,0.21
7524,8.16,2.1793,-2048.74,0.17
7525,10.08,118940.6612,-3526.95,0.24
7526,9.88,372041.7706,-3764.66,0.18
7527,11.6,40.1211,-3251.95,1.11
7528,6.72,111.629,-3088.91,0.22
7529,10.36,717626.1974,-3772.72,0.19
7530,7.6,177699.8796,-3286.38,0.23
7531,8.84,2987.6776,-3761.85,0.19
7532,9.24,1126.8679,-2506.7,1.05
7533,7.44,359702.7545,-2256.5,0.19
7534,10.72,237883.5731,-2110.7,0.17
7535,8.32,229.6811,-2250.52,0.17
7536,7.84,152137.7569,-2004.67,0.18
7537,10.76,418711.3572,-2753.51,1.04
7538,8.04,1.2636,-2530.79,0.18
7539,9.6,719929.2792,-2500.45,0.23
7540,8.84,70929.6352,-2758.53,0.18
7541,7.72,352368.4263,-2464.49,0.19
7542,9.24,831838.7772,-3268.47,0.95
7543,9.68,1408986.4665,-3250.81,0.21
7544,5.76,8.8428,-2470.58,0.16
7545,11.12,1500.5149,-3251.69,0.2
7546,5.64,119902.7277,-2295.81,0.21
7547,7.0,2.3706,-1809.2,0.89
7548,8.68,463311.3448,-2956.07,0.17
7549,8.12,624.1262,-2784.39,0.18
7550,11.48,169588.7665,-2258.44,0.22
7551,6.44,487995.8917,-3250.29,0.23
7552,10.28,759.8422,-2250.28,0.23
7553,7.04,359864.9637,-2503.6,0.18
7554,10.68,467768.5989,-3758.13,0.18
7555,11.0,354259.3597,-1781.18,0.18
7556,10.92,352336.2781,-2002.14,0.22
7557,13.64,5.353,-4017.98,0.23
7558,7.44,67849.8134,-2278.57,0.96
7559,11.76,379931.1153,-3028.66,0.19
7560,5.72,713641.3613,-3261.23,0.21
7561,9.4,6876.964,-3750.2,0.17
7562,10.6,356818.6959,-3000.3,0.19
7563,8.68,0.2142,-2254.99,0.94
7564,7.84,21.7394,-2051.49,0.19
7565,10.56,361554.7732,-3500.53,0.19
7566,7.04,360166.6057,-3500.13,0.2
7567,5.56,42.1609,-3001.44,0.19
7568,10.36,6.1933,-1299.17,1.14
7569,10.64,1.2043,-2252.72,0.18
7570,10.8,387780.5193,-3265.36,0.21
7571,9.68,0.1098,-1753.04,0.18
7572,9.84,65946.9034,-2503.68,0.21
7573,7.16,599902.7544,-2250.42,1.12
7574,7.56,0.0617,-3250.72,0.19
7575,9.44,335726.7588,-2751.9,0.18
7576,9.12,288516.1401,-3259.74,0.22
7577,7.84,71371.8229,-2883.93,0.17
7578,11.28,3064.374,-2565.35,1.63
7579,9.28,609358.2084,-2756.33,0.17
7580,9.92,0.1782,-2254.16,0.2
7581,7.64,719727.3786,-2046.43,0.2
7582,10.36,9532.8632,-3251.55,0.21
7583,9.56,121.4799,-3250.43,0.99
7584,9.0,42.4138,-2758.67,0.18
7585,11.36,56465.5452,-3750.14,0.18
7586,7.4,3078.5862,-2753.88,0.2
7587,9.92,1248.0042,-2565.34,0.18
7588,9.04,1.234,-3779.65,1.07
7589,10.56,579624.5445,-2773.51,0.18
7590,8.04,240959.4319,-3761.62,0.17
7591,10.08,1195328.2306,-3755.88,0.18
7592,8.76,0.263,-2750.44,0.17
7593,12.6,353349.8723,-4006.49,0.93
7594,11.12,473329.7321,-2007.9,0.17
7595,9.04,634.6227,-2501.46,0.21
7596,8.44,38.6166,-1509.8,0.18
7597,8.28,359391.0072,-3564.41,0.21
7598,6.16,4.9083,-2561.45,0.2
7599,8.88,76100.9598,-3043.56,1.06
7600,8.68,2309.0347,-2506.12,0.19
7601,9.76,2651.0393,-1770.68,0.21
7602,10.28,5.5339,-2760.62,0.19
7603,10.36,478973.9816,-2255.52,0.2
7604,6.24,33881.2499,-3255.57,1.21
7605,7.08,719067.762,-2008.25,0.2
7606,11.28,336628.538,-1021.28,0.21
7607,8.72,407588.6911,-2278.51,0.17
7608,8.2,548122.4759,-2393.05,0.22
7609,9.64,359697.1938,-2264.77,1.25
7610,11.08,704678.0271,-2149.36,0.18
7611,7.64,19.7847,-2510.22,0.25
7612,7.52,219871.4065,-2250.45,0.19
7613,8.8,842584.48,-3300.09,0.2
7614,7.88,168653.7205,-3002.3,1.26
7615,9.2,479106.1545,-2500.22,0.22
7616,9.08,359696.9133,-1756.45,0.18
7617,9.48,115.5297,-3000.8,0.21
7618,8.28,155.1262,-2739.99,0.19
7619,8.64,3.1112,-1821.59,1.19
7620,8.68,725217.1269,-2835.12,0.2
7621,8.48,44.3354,-1555.39,0.21
7622,9.8,2949.7144,-2752.98,0.22
7623,8.04,1107733.7501,-3251.57,0.42
7624,10.48,0.0274,-3250.23,1.34
7625,10.68,0.7218,-1010.54,0.17
7626,11.16,76.064,-3250.87,0.25
7627,10.36,359877.3587,-3032.3,0.27
7628,9.24,67212.481,-3504.31,0.22
7629,8.32,337231.5024,-2005.29,1.09
7630,10.2,359846.994,-3066.94,0.23
7631,10.84,43035.6044,-2767.94,0.19
7632,11.24,395.2635,-2750.88,0.2
7633,9.96,65994.2641,-3962.26,0.19
7634,9.92,517.424,-1753.27,0.93
7635,6.76,67849.7673,-1764.2,0.21
7636,8.24,119108.6495,-2804.64,0.21
7637,9.88,601394.0083,-2004.59,0.21
7638,9.84,448.7219,-2365.98,0.18
7639,11.6,360166.7189,-2751.26,0.16
7640,11.64,118940.1014,-2259.72,0.17
7641,6.24,289428.8015,-3753.5,0.21
7642,9.8,359697.5689,-2511.15,0.17
7643,8.64,1062775.0914,-2770.78,0.18
7644,10.04,3190.0977,-2530.67,0.21
7645,8.96,3045.3806,-2751.78,1.15
7646,11.2,714341.9118,-3251.51,0.21
7647,11.24,363074.8849,-2750.53,0.22
7648,10.0,151470.5384,-2500.23,0.2
7649,10.48,905.5882,-2978.33,0.21
7650,11.96,114729.881,-2520.38,1.12
7651,7.88,115209.7495,-2251.22,0.17
7652,7.68,2548051.0928,-4028.66,0.19
7653,10.84,356821.7577,-3033.79,0.19
7654,11.32,1181859.816,-2605.76,0.19
7655,11.36,120014.625,-3269.38,1.06
7656,11.04,359696.8074,-3253.64,0.16
7657,6.16,5.5818,-2812.86,0.19
7658,11.16,0.8347,-3003.79,0.19
7659,7.16,8.9979,-2474.69,0.2
7660,7.84,1079872.2178,-4006.22,1.57
7661,12.04,2.3064,-2307.61,0.16
7662,8.24,97.1823,-2770.7,0.17
7663,7.44,1154.7282,-3259.91,0.26
7664,6.56,0.561,-2013.79,0.21
7665,8.64,813406.2597,-2500.44,0.97
7666,9.32,360302.3605,-3501.43,0.22
7667,6.8,0.0252,-2250.56,0.18
7668,9.04,48.8138,-3251.67,0.18
7669,8.76,96.8647,-2264.05,0.19
7670,9.04,0.0431,-3000.83,0.91
7671,5.92,3.3723,-3027.33,0.17
7672,8.68,1346256.3899,-4005.72,0.17
7673,7.88,23823.1463,-2750.15,0.2
7674,11.12,1010.6834,-2109.83,0.19
7675,8.28,355660.9634,-2531.15,0.91
7676,9.28,91.465,-2931.57,0.2
7677,6.8,373231.2524,-3535.23,0.17
7678,5.56,336541.364,-2501.46,0.18
7679,7.88,0.454,-2250.55,0.2
7680,8.56,67.17,-2978.01,0.24
7681,9.24,362497.0608,-2506.28,0.22
7682,11.4,352346.6881,-3754.95,0.18
7683,8.64,71372.2496,-2750.86,0.19
7684,7.72,212292.6905,-2251.5,0.19
7685,9.92,71370.9836,-2612.99,0.17
7686,4.72,120013.6887,-3750.72,0.93
7687,7.92,819847.5553,-2353.53,0.2
7688,8.32,358432.3606,-1551.66,0.19
7689,9.36,362416.4476,-2258.91,0.22
7690,11.16,360694.5609,-2759.64,0.2
7691,9.92,11.5496,-2283.54,0.81
7692,12.04,119973.1699,-2258.2,0.21
7693,8.56,838333.2532,-3009.1,0.19
7694,8.56,362766.1402,-3304.68,0.19
7695,8.8,1.9708,-2797.17,0.2
7696,9.36,791794.0437,-3014.32,0.79
7697,9.6,522515.8622,-3544.63,0.21
7698,6.64,1007.649,-4286.11,0.21
7699,8.48,2566.2451,-2255.51,0.18
7700,11.2,838694.0046,-2308.87,0.19
7701,8.24,240027.3824,-2501.67,0.87
7702,9.68,360169.0369,-2810.85,0.18
7703,6.16,76.8123,-2509.42,0.19
7704,9.68,483363.8466,-2862.83,0.21
7705,9.76,85.7734,-2715.59,0.17
7706,11.08,39698.5119,-2444.56,0.88
7707,9.92,7.1973,-4118.49,0.2
7708,9.04,0.2008,-1752.08,0.22
7709,8.36,356030.9682,-2003.83,0.2
7710,10.56,379.9762,-3250.19,0.24
7711,9.72,352336.4265,-2003.8,0.96
7712,5.96,525211.7084,-2783.71,0.21
7713,7.8,66327.4531,-2508.84,0.2
7714,9.2,1070840.5356,-2524.64,0.21
7715,8.96,2.1801,-3545.23,0.18
7716,9.24,115734.8931,-1750.96,0.9
7717,8.6,9.4994,-3007.65,0.25
7718,10.96,359999.3799,-3255.47,0.23
7719,11.2,2036.7577,-2500.2,0.22
7720,7.92,1006.193,-3000.63,0.25
7721,7.8,240064.4654,-3793.65,0.95
7722,10.64,2.7239,-2751.13,0.2
7723,9.32,0.0251,-2250.54,0.22
7724,10.0,0.3077,-1758.4,0.18
7725,9.32,2652.4415,-2082.31,0.2
7726,8.84,799975.0482,-3014.26,0.2
7727,8.24,0.1512,-1503.21,0.91
7728,10.68,363557.2772,-1756.34,0.18
7729,9.12,11.8658,-3546.22,0.21
7730,7.44,359704.1393,-1791.54,0.19
7731,4.76,0.6364,-3751.75,0.18
7732,4.48,26.8321,-3696.18,0.88
7733,8.88,348546.4806,-4506.37,0.18
7734,8.08,1178594.0166,-3501.15,0.19
7735,8.08,49.2987,-3276.74,0.19
7736,8.24,32280.5964,-2514.86,0.18
7737,10.52,359522.738,-3000.86,0.95
7738,9.12,340710.0911,-2520.65,0.21
7739,9.16,65956.8174,-2503.08,0.18
7740,11.28,422766.7782,-3268.72,0.21
7741,10.6,169396.3749,-2012.68,0.22
7742,10.04,0.3645,-2254.07,0.93
7743,10.16,4.9158,-4250.3,0.24
7744,10.28,0.0432,-3250.57,0.18
7745,8.72,1985888.6768,-3531.39,0.2
7746,8.6,1462903.5159,-3003.69,0.26
7747,10.64,2640.3344,-2500.27,0.99
7748,8.04,25085.5762,-2558.89,0.21
7749,9.12,36604.1866,-2795.22,0.17
7750,5.44,3869.6011,-2810.7,0.18
7751,8.6,807.8139,-3533.68,0.17
7752,12.2,79381.0839,-3751.32,1.41
7753,10.84,719394.8494,-3283.95,0.2
7754,6.2,69.4348,-3750.37,0.22
7755,7.76,724206.7868,-2257.38,0.21
7756,10.08,2703.5594,-2750.43,0.18
7757,6.56,146972.8485,-3250.28,1.03
7758,8.4,1255663.1112,-3001.64,0.2
7759,9.24,5.962,-2141.22,0.22
7760,9.84,118942.1165,-2501.84,0.19
7761,10.28,446.8699,-1783.04,0.2
7762,10.16,118980.4944,-3060.79,0.93
7763,9.64,33881.7974,-2565.1,0.22
7764,9.24,441.1185,-2500.95,0.19
7765,9.4,0.2432,-2501.67,0.17
7766,10.92,360182.2974,-2576.63,0.17
7767,12.2,360191.5801,-2771.92,0.21
7768,10.16,239803.6434,-1050.77,0.22
7769,7.92,32277.5546,-3296.82,0.18
7770,9.36,2585.5794,-2502.49,0.19
7771,9.12,124.5598,-4001.15,0.2
7772,6.6,7.3668,-2405.14,0.24
7773,7.6,12.2622,-2903.58,1.08
7774,9.56,360447.0362,-2504.37,0.17
7775,9.08,694523.0961,-3002.15,0.19
7776,8.12,168858.0963,-2952.79,0.18
7777,10.88,750.6498,-2258.69,0.23
7778,6.2,30.3129,-2994.12,1.1
7779,10.28,119105.8339,-1754.46,0.17
7780,9.68,359705.9147,-2067.36,0.18
7781,9.48,88.2507,-3068.52,0.2
7782,10.68,39691.7617,-3033.02,0.2
7783,5.24,223.2194,-2536.12,1.16
7784,7.2,64479.6597,-1861.52,0.19
7785,9.0,0.1216,-1750.55,0.17
7786,9.72,3.1579,-2078.04,0.18
7787,8.76,359851.4268,-2868.93,0.2
7788,11.92,446.6602,-3221.69,1.03
7789,11.52,0.0331,-3500.58,0.28
7790,8.32,5072.7904,-2533.84,0.21
7791,12.2,47683.9866,-3000.51,0.19
7792,10.72,2709.2733,-3390.56,0.2
7793,9.68,2808.7426,-2253.47,1.15
7794,9.64,363087.0961,-2518.03,0.19
7795,10.2,35167.3024,-2896.57,0.2
7796,7.32,5860.6815,-4016.36,0.18
7797,11.44,0.049,-2750.25,0.19
7798,11.36,335727.709,-2764.8,0.93
7799,10.2,100.5394,-856.06,0.21
7800,9.4,122.1778,-2002.21,0.17
7801,8.44,427598.9283,-2240.5,0.18
7802,9.44,719696.6734,-2542.57,0.19
7803,6.96,0.0508,-2001.03,0.9
7804,8.8,134.1074,-2959.54,0.18
7805,8.32,362587.9481,-2755.33,0.18
7806,7.08,370419.4264,-2257.26,0.18
7807,6.92,1.0992,-2250.52,0.16
7808,10.0,478454.6062,-2282.69,0.25
7809,9.08,367963.3377,-3000.17,0.19
7810,7.68,5.3422,-2322.47,0.22
7811,9.72,1502.8942,-2309.04,0.18
7812,5.92,76.5117,-1752.84,0.2
7813,9.08,152491.3598,-3001.81,0.27
7814,10.32,1175.6796,-3372.22,1.16
7815,8.84,355279.9194,-3253.85,0.2
7816,11.84,595270.3998,-3755.05,0.2
7817,11.16,40977.2434,-2522.22,0.21
7818,9.76,844531.1579,-2826.66,0.23
7819,11.72,118941.936,-2059.31,1.01
7820,10.08,340582.7264,-2759.91,0.19
7821,12.08,68755.3012,-4000.3,0.2
7822,9.96,151371.2829,-2752.37,0.18
7823,9.48,33879.218,-2750.93,0.17
7824,8.64,2.967,-2563.45,0.94
7825,8.2,37079.1542,-2501.88,0.19
7826,7.12,120856.5114,-3272.95,0.23
7827,11.0,1159.5652,-2628.41,0.2
7828,7.24,2.6142,-2252.34,0.19
7829,11.12,894.3476,-2003.93,1.12
7830,9.64,337233.5159,-2556.9,0.18
7831,6.64,0.2119,-2255.17,0.18
7832,9.48,480108.218,-2553.19,0.19
7833,12.76,161848.2534,-2008.97,0.2
7834,9.96,11.6565,-2041.66,0.97
7835,10.36,360296.7036,-3500.73,0.18
7836,9.44,360194.0967,-2750.88,0.19
7837,7.44,0.0368,-2250.71,0.18
7838,9.6,19.6007,-2501.93,0.17
7839,7.48,49.3748,-2780.64,1.61
7840,8.72,399709.0311,-2500.84,0.18
7841,4.96,787477.3125,-3002.21,0.23
7842,9.6,359874.7587,-2750.53,0.24
7843,9.96,359844.3193,-2500.3,0.22
7844,8.36,155.423,-2250.74,1.09
7845,10.16,352378.2282,-2561.09,0.18
7846,8.44,391717.6077,-3539.5,0.2
7847,8.8,45688.4838,-2502.69,0.18
7848,8.08,28.5372,-3491.15,0.2
7849,12.4,360088.0752,-4107.47,1.07
7850,11.92,1022.7325,-2388.84,0.21
7851,8.12,20.2111,-1774.04,0.2
7852,10.0,359704.9985,-1811.75,0.16
7853,11.76,119998.1901,-2000.45,0.19
7854,8.92,338308.4628,-3750.09,0.23
7855,6.28,168273.6733,-2078.72,1.25
7856,11.12,2973.1803,-2040.73,0.18
7857,10.32,0.4486,-2259.53,0.2
7858,9.08,458186.8112,-2761.58,0.21
7859,8.28,0.3758,-3006.01,0.21
7860,9.68,359664.4508,-2501.69,1.15
7861,8.88,528866.7153,-2250.57,0.17
7862,8.2,713639.8486,-3000.53,0.16
7863,8.56,424786.0066,-3059.91,0.17
7864,9.44,24170.0794,-1780.37,0.22
7865,8.08,1.0204,-2773.44,1.07
7866,10.16,169447.7517,-2567.18,0.18
7867,8.24,360595.089,-1763.45,0.17
7868,7.52,427759.4221,-3024.12,0.22
7869,10.44,3.8641,-2272.44,0.27
7870,8.6,2703.5214,-2500.84,0.97
7871,7.92,352438.1179,-3252.89,0.2
7872,8.92,1060.2344,-3501.41,0.21
7873,11.56,1078657.6968,-3260.99,0.23
7874,11.2,426.3576,-2250.97,0.19
7875,10.68,0.0275,-2500.53,0.94
7876,8.72,2389.5056,-2751.3,0.19
7877,9.8,238299.974,-4000.35,0.17
7878,8.52,2162.0989,-2293.33,0.18
7879,8.6,384573.4661,-2263.58,0.19
7880,8.28,359848.211,-2060.07,0.89
7881,11.72,118939.7091,-2253.26,0.18
7882,8.32,23841.6662,-3409.04,0.19
7883,9.32,479711.027,-2518.52,0.17
7884,10.96,719068.4752,-2523.83,0.2
7885,9.28,2143665.1881,-3254.21,1.07
7886,7.92,1079724.7038,-2508.3,0.2
7887,10.92,754.2505,-2310.29,0.17
7888,9.68,36582.6935,-1750.8,0.22
7889,10.08,121049.5898,-2563.31,0.2
7890,9.44,809705.846,-2505.36,1.07
7891,11.24,192.603,-2500.23,0.22
7892,10.44,1060852.7067,-2509.77,0.19
7893,6.4,80.3384,-2750.21,0.19
7894,9.2,352336.0906,-3001.48,0.2
7895,6.6,5680.405,-3294.26,0.18
7896,9.8,889134.4414,-2756.1,0.2
7897,8.76,32241.7336,-2596.96,0.18
7898,8.88,719408.7075,-2505.93,0.22
7899,6.96,122.1068,-2037.95,0.21
7900,10.72,0.5266,-1761.05,0.29
7901,11.36,42906.3651,-2735.17,1.04
7902,11.24,123.1243,-4000.96,0.24
7903,8.8,1.6436,-2270.54,0.2
7904,5.92,394755.8328,-3183.27,0.21
7905,10.96,57776.9163,-3060.29,0.2
7906,9.52,0.3608,-2508.68,0.93
7907,9.24,8308.6211,-3500.74,0.17
7908,7.28,391982.2922,-2021.41,0.17
7909,11.36,400607.6603,-3755.01,0.2
7910,6.6,1009.2622,-3325.56,0.21
7911,8.16,121.3174,-2257.33,0.96
7912,11.24,1.693,-1501.76,0.18
7913,7.24,44.4205,-2397.95,0.18
7914,6.08,138563.5748,-3044.56,0.23
7915,11.96,0.4585,-3010.69,0.2
7916,10.92,120021.596,-2948.54,0.9
7917,11.48,0.4937,-2261.28,0.19
7918,9.76,557954.1119,-3000.59,0.25
7919,7.12,32236.8456,-3501.56,0.16
7920,10.56,120016.4336,-1820.7,0.21
7921,8.52,32239.2024,-2750.77,1.0
7922,6.92,32382.1254,-3250.19,0.18
7923,10.6,237879.2133,-2752.7,0.2
7924,9.28,39.8903,-2752.22,0.22
7925,11.48,1058356.5729,-3140.8,0.19
7926,9.32,4857.4559,-2538.73,1.58
7927,10.68,592164.5232,-3301.99,0.23
7928,9.0,59.6978,-2750.49,0.22
7929,7.76,0.431,-2010.36,0.23
7930,7.92,2.4325,-2288.01,0.17
7931,7.28,70649.4274,-3030.96,0.96
7932,7.4,118969.7644,-2522.48,0.18
7933,9.64,96729.9078,-2501.08,0.2
7934,6.28,359844.4072,-2252.53,0.21
7935,11.0,184893.906,-2440.68,0.17
7936,11.84,8.1476,-3829.68,0.22
7937,7.52,239804.2622,-2033.67,0.19
7938,10.84,118959.082,-3000.27,0.19
7939,9.44,479862.6276,-3346.82,0.25
7940,7.04,2723.5034,-1939.54,0.16
7941,6.92,120.6189,-2252.84,0.23
7942,9.4,380367.1422,-2610.51,0.91
7943,10.24,131896.171,-2069.15,0.2
7944,10.4,4.4004,-2105.9,0.18
7945,10.88,1128.7796,-3755.19,0.18
7946,7.2,77.905,-3786.77,0.19
7947,9.48,762638.4134,-3250.28,0.91
7948,11.08,0.9509,-3023.66,0.2
7949,12.84,0.7566,-3017.14,0.23
7950,11.96,359664.7175,-2509.61,0.21
7951,6.12,0.6113,-3501.18,0.26
7952,10.16,362306.0836,-3646.9,0.96
7953,8.68,362853.3443,-2324.48,0.17
7954,7.36,33899.8004,-2756.27,0.22
7955,10.28,32236.7794,-1753.21,0.19
7956,9.48,1055491.1448,-3250.25,0.18
7957,10.6,478921.3498,-3393.44,1.06
7958,8.36,76.0319,-2750.45,0.22
7959,9.64,118940.2179,-1766.25,0.19
7960,10.4,5387.4886,-2004.12,0.18
7961,8.96,359702.6079,-1753.21,0.21
7962,7.0,7.2526,-3250.98,0.91
7963,9.24,622.7887,-3001.48,0.23
7964,6.48,340121.6724,-2503.39,0.19
7965,9.88,359666.5882,-3501.16,0.18
7966,8.24,120015.0561,-2535.02,0.19
7967,11.68,0.0268,-3000.39,0.88
7968,9.44,112941.0929,-3258.1,0.17
7969,9.44,56484.6193,-3500.45,0.19
7970,12.8,241346.4643,-3003.26,0.16
7971,10.88,120366.6493,-3000.45,0.2
7972,9.96,169578.6186,-1828.38,0.87
7973,9.24,1028.2315,-1855.06,0.19
7974,9.84,242.7185,-3016.81,0.17
7975,9.2,201632.7771,-2751.7,0.18
7976,7.0,6.5693,-2008.83,0.18
7977,7.64,480043.0838,-3180.34,0.99
7978,9.52,73965.102,-2815.56,0.23
7979,9.88,586.0034,-2527.84,0.21
7980,8.64,751931.0078,-3639.78,0.19
7981,8.4,0.1526,-2253.64,0.18
7982,7.56,340109.6729,-1832.09,0.18
7983,10.2,96714.885,-2810.47,0.83
7984,8.16,71928.8616,-2042.6,0.21
7985,9.56,33.8852,-2779.09,0.27
7986,8.32,32.6813,-2051.33,0.22
7987,11.44,352374.2584,-2251.4,0.18
7988,9.96,60.4863,-3068.48,0.91
7989,6.56,2022.8172,-4220.73,0.24
7990,9.72,702153.0532,-3005.27,0.2
7991,9.92,11430.8844,-2942.66,0.25
7992,12.96,17.3947,-2263.63,0.19
7993,10.36,26.1341,-2550.89,0.93
7994,8.96,25.98,-3990.48,0.2
7995,9.24,66009.7477,-1518.45,0.2
7996,11.32,335732.3543,-2502.11,0.19
7997,9.52,3.1684,-2328.6,0.22
7998,10.84,1031.4748,-2469.8,0.88
7999,7.92,64882.5111,-2002.94,0.24
8000,10.4,119691.031,-2780.04,0.17
8001,11.4,365266.5598,-3258.17,0.18
8002,8.08,21.8213,-3233.61,0.2
8003,9.88,2.8672,-2288.84,0.9
8004,11.32,121948.5358,-3000.19,0.18
8005,9.48,3126.6828,-2066.9,0.19
8006,8.68,114729.8804,-2508.56,0.19
8007,7.52,0.2096,-2506.06,0.17
8008,9.16,339245.4422,-2750.66,0.94
8009,10.32,479243.4787,-2639.41,0.23
8010,9.32,336735.3159,-2565.1,0.25
8011,8.4,168915.3714,-2628.81,0.21
8012,10.72,335735.7517,-2518.4,0.18
8013,12.32,431929.6398,-2503.22,0.95
8014,7.36,120204.4933,-3251.86,0.24
8015,12.24,360086.2582,-1811.96,0.79
8016,8.4,71789.079,-2800.69,0.18
8017,9.72,386807.9551,-2503.71,0.19
8018,7.0,359878.262,-3003.48,0.92
8019,12.08,120015.1676,-2283.12,0.21
8020,8.84,6.2156,-3254.25,0.18
8021,10.04,119945.8966,-2504.67,0.19
8022,10.0,0.342,-2754.14,0.17
8023,11.12,479417.577,-3003.4,0.18
8024,11.72,1803.7011,-2529.33,0.2
8025,12.12,43.6599,-2006.36,0.17
8026,8.32,9.6621,-2989.24,0.2
8027,8.8,3086.9982,-3345.17,0.19
8028,8.24,145444.9405,-1088.62,0.18
8029,8.6,1132.0085,-1059.07,0.9
8030,10.32,121631.7131,-2706.46,0.17
8031,9.88,454750.9144,-3750.19,0.24
8032,8.84,65947.4785,-2504.67,0.2
8033,8.8,9.3344,-2232.78,0.18
8034,11.0,0.0168,-2750.28,1.04
8035,10.56,98202.751,-3751.44,0.17
8036,7.32,42.4299,-2753.49,0.19
8037,6.32,87.5971,-2040.86,0.18
8038,9.2,391984.8018,-1934.73,0.21
8039,7.92,339246.3134,-3074.57,1.01
8040,8.28,32275.1322,-1005.9,0.18
8041,8.68,357931.949,-3759.66,0.17
8042,7.88,416310.4563,-2766.53,0.18
8043,5.88,2.3628,-3556.42,0.21
8044,11.36,425059.8185,-1508.34,1.14
8045,8.68,69.7898,-2514.3,0.2
8046,8.76,479889.4323,-2500.19,0.19
8047,10.84,704868.1501,-3503.07,0.18
8048,9.48,338237.4112,-3000.74,0.18
8049,8.72,290206.8469,-4000.9,1.04
8050,11.0,622.947,-2255.13,0.19
8051,9.88,720335.0769,-4295.55,0.18
8052,7.52,1291.6586,-2374.65,0.18
8053,9.12,2802.5437,-2290.76,0.19
8054,10.84,1286.1242,-2767.25,1.0
8055,8.44,121791.1179,-2083.91,0.19
8056,5.72,26.6526,-2768.56,0.2
8057,8.68,360166.9051,-2028.45,0.22
8058,9.64,1.1712,-2028.81,0.2
8059,8.12,882994.7651,-3563.82,0.93
8060,7.32,1.767,-3530.01,0.21
8061,9.16,2.0905,-3750.27,0.22
8062,12.84,359949.2443,-3008.31,0.24
8063,7.68,40519.7262,-2851.7,0.27
8064,7.24,713675.0552,-2751.76,0.22
8065,10.68,181990.9243,-2508.53,0.22
8066,13.0,237970.7926,-3272.33,0.17
8067,4.84,2.5227,-1790.09,0.19
8068,6.56,25.6138,-2529.41,0.2
8069,8.92,38.3407,-2502.34,0.26
8070,7.72,76.0812,-1502.73,0.96
8071,12.24,43649.9997,-3010.96,0.18
8072,9.56,114779.2336,-3015.97,0.17
8073,10.72,358621.1304,-3002.43,0.21
8074,8.24,426827.5082,-2250.49,0.19
8075,6.0,2684.1847,-2259.24,0.9
8076,9.08,39693.4782,-2500.56,0.18
8077,10.0,5.8086,-2393.33,0.17
8078,12.08,595326.2746,-3509.64,0.18
8079,8.68,0.2567,-3504.79,0.2
8080,8.72,359536.1739,-2531.23,0.93
8081,7.92,427402.9697,-2522.02,0.21
8082,7.92,76595.9604,-3021.78,0.19
8083,7.48,0.7175,-2767.25,0.19
8084,10.84,119156.8687,-2021.93,0.19
8085,9.76,494957.8373,-4545.26,1.19
8086,4.48,32.5983,-2816.55,0.24
8087,10.52,169464.8614,-2505.52,0.2
8088,10.64,1.1912,-3507.01,0.28
8089,11.48,105.1874,-2864.94,0.25
8090,8.92,391668.7618,-2798.59,1.09
8091,11.32,832579.646,-3003.55,0.2
8092,13.16,677883.917,-4250.48,0.17
8093,9.76,359712.9301,-1652.19,0.17
8094,7.48,4854.7447,-2751.39,0.18
8095,9.32,0.0861,-2500.4,1.0
8096,8.56,12.5055,-2769.51,0.21
8097,8.6,747519.0056,-3000.33,0.19
8098,8.84,23789.0994,-2279.32,0.19
8099,10.6,755.4291,-2837.11,0.17
8100,7.64,154647.0576,-2073.57,0.94
8101,9.56,194.1699,-2326.96,0.17
8102,8.52,362883.117,-3250.69,0.18
8103,9.88,360903.1194,-2569.71,0.2
8104,10.48,125612.3122,-3252.31,0.19
8105,9.2,12.2803,-1512.89,1.47
8106,6.44,4.3247,-2043.45,0.18
8107,8.24,9.2129,-1791.87,0.18
8108,10.2,720139.9708,-3746.06,0.21
8109,8.0,68138.5348,-3254.64,0.22
8110,8.76,184886.616,-3005.03,0.17
8111,9.04,5402.8236,-2751.2,1.03
8112,10.88,138.3282,-3447.23,0.18
8113,8.96,162661.3634,-2608.86,0.21
8114,6.24,5.4477,-2010.91,0.24
8115,10.24,284174.2238,-2763.89,0.2
8116,8.04,1492476.2703,-3501.59,0.98
8117,6.68,664242.4336,-3500.45,0.17
8118,7.08,346692.47,-4000.11,0.19
8119,8.08,359021.4207,-4003.83,0.21
8120,6.88,747391.1254,-2501.23,0.24
8121,5.92,291.7585,-2764.08,0.92
8122,8.56,846.0312,-1826.29,0.19
8123,10.08,5598.5866,-2501.17,0.19
8124,7.72,153930.731,-2527.87,0.18
8125,10.48,364850.7284,-2513.59,0.2
8126,11.16,359699.1475,-2563.67,0.99
8127,9.2,120020.6874,-3035.39,0.18
8128,8.12,3.0452,-2315.76,0.2
8129,5.36,2.0494,-2037.53,0.18
8130,11.36,5.1033,-3042.52,0.17
8131,9.2,8.0908,-2700.53,1.08
8132,11.16,359677.8398,-2399.2,0.2
8133,9.64,43835.777,-1835.68,0.22
8134,10.68,118943.7593,-2604.55,0.17
8135,10.84,114793.4056,-3638.83,0.2
8136,7.88,67768.9042,-2007.92,1.11
8137,7.88,118940.4128,-2767.61,0.2
8138,8.88,154954.6646,-2769.52,0.18
8139,6.96,359731.1443,-2937.36,0.17
8140,6.68,472783.6884,-1970.21,0.17
8141,11.48,359667.6631,-3020.34,1.23
8142,9.6,129409.2512,-2753.07,0.2
8143,8.36,3.0889,-2251.9,0.21
8144,7.36,168281.0677,-2513.19,0.21
8145,8.2,153989.6585,-2259.93,0.22
8146,8.76,8.4396,-3500.47,1.18
8147,7.64,56466.7215,-1770.09,0.18
8148,5.24,8315.027,-2663.31,0.2
8149,10.48,455564.3722,-3222.14,0.23
8150,6.28,59.7406,-3002.79,0.21
8151,8.6,1.5246,-3001.37,0.21
8152,12.08,8303.022,-3500.3,0.24
8153,12.48,120040.5376,-2751.31,0.19
8154,9.72,3.4984,-3004.31,0.18
8155,7.2,905644.6637,-2929.24,0.19
8156,12.16,131185.8188,-4764.82,0.21
8157,7.04,155.528,-2985.45,1.03
8158,11.12,10.5466,-2286.54,0.2
8159,8.52,369014.9728,-2250.29,0.2
8160,9.48,104682.3436,-2776.85,0.25
8161,9.68,169490.4876,-2839.25,0.18
8162,7.12,66.5396,-2970.33,0.93
8163,5.96,1.8193,-3273.96,0.18
8164,8.76,8.3426,-1708.12,0.2
8165,8.4,626188.6536,-3229.76,0.18
8166,11.08,122.4504,-2750.91,0.26
8167,10.76,235207.9661,-2759.41,0.96
8168,7.72,478785.9061,-2551.32,0.25
8169,8.6,0.1176,-3502.0,0.19
8170,9.32,413789.5282,-2576.46,0.22
8171,6.68,53009.2889,-3603.83,0.17
8172,6.68,11.8673,-2539.63,0.93
8173,6.2,185980.8104,-3004.42,0.2
8174,9.76,76.7255,-2019.03,0.2
8175,10.12,1.0195,-2506.36,0.2
8176,9.52,1079686.9746,-2016.3,0.19
8177,9.36,85.5637,-2272.15,0.93
8178,8.76,1013.4459,-1432.89,0.21
8179,10.88,671467.5085,-2109.16,0.17
8180,7.4,120065.9099,-2396.65,0.18
8181,9.48,11045.3839,-2252.35,0.21
8182,10.56,119072.6416,-3250.51,1.07
8183,9.76,77.684,-3760.96,0.16
8184,7.16,16.989,-2895.08,0.19
8185,12.4,65952.6888,-3146.76,0.2
8186,9.92,357340.5424,-2692.32,0.19
8187,11.0,119081.0824,-2244.34,1.09
8188,11.12,0.1603,-2753.66,0.17
8189,8.0,1.5017,-2537.19,0.19
8190,8.4,2.9833,-2574.0,0.18
8191,12.36,2700.1773,-2051.51,0.2
8192,8.56,428016.1815,-2769.07,0.18
8193,11.6,305748.5011,-2752.13,0.21
8194,10.64,4151.1252,-2758.15,0.2
8195,9.36,2568.9076,-2573.0,0.21
8196,14.6,0.1346,-3250.18,0.22
8197,9.28,172754.891,-2780.57,0.23
8198,12.2,421.2395,-3007.33,1.14
8199,7.8,359523.8636,-2759.37,0.18
8200,9.28,359696.7854,-2252.54,0.18
8201,9.96,1.3509,-2784.4,0.17
8202,8.96,185962.0896,-2272.23,0.21
8203,9.44,1242569.4592,-3250.9,1.08
8204,8.24,72745.7816,-2251.65,0.19
8205,11.84,42897.9061,-2720.09,0.21
8206,10.08,1438136.3964,-2784.27,0.25
8207,8.8,0.1122,-2001.95,0.2
8208,11.2,1823801.3917,-3719.84,1.03
8209,11.24,118940.115,-2752.36,0.19
8210,7.32,1156.9247,-1568.1,0.18
8211,9.32,359904.7764,-3007.03,0.17
8212,12.72,479275.5726,-3504.68,0.19
8213,11.0,3064.7877,-1509.03,0.94
8214,7.36,0.0368,-2500.42,0.24
8215,5.6,2.4151,-1752.1,0.2
8216,7.88,33915.6364,-2533.66,0.2
8217,8.56,12376.569,-4028.4,0.2
8218,12.4,354428.8492,-2501.22,0.85
8219,9.12,0.0331,-2000.7,0.19
8220,8.56,39.6248,-2016.67,0.17
8221,7.2,359854.3932,-3001.77,0.17
8222,8.2,84.2225,-3000.49,0.17
8223,9.08,0.0134,-2750.15,0.89
8224,9.92,118942.7481,-2502.61,0.21
8225,9.04,177.044,-2502.21,0.17
8226,7.8,11197.2202,-2501.58,0.18
8227,9.0,97.1118,-2746.32,0.18
8228,9.32,630.8185,-2264.11,0.9
8229,7.6,32996.6278,-2257.08,0.18
8230,13.44,27.0808,-3000.86,0.24
8231,10.84,395232.9204,-2000.91,0.2
8232,8.32,33880.6628,-1285.91,0.18
8233,9.0,1056238.1528,-1988.9,1.18
8234,8.76,359844.8784,-1757.77,0.21
8235,6.88,582685.5488,-3500.32,0.21
8236,8.32,4.4448,-2597.51,0.19
8237,8.8,164.6529,-3001.16,0.2
8238,8.08,56502.8602,-3341.84,0.22
8239,5.76,65947.3184,-1750.87,1.2
8240,10.32,382.7786,-1825.19,0.24
8241,6.12,785.9802,-1939.53,0.19
8242,8.12,16.53,-2531.6,0.22
8243,11.24,902.4677,-3667.78,0.25
8244,6.36,0.1149,-2002.78,1.13
8245,9.32,148.9837,-1837.89,0.18
8246,7.68,356820.1839,-2006.2,0.22
8247,7.48,1903.8248,-3059.62,0.18
8248,7.12,678611.5817,-3592.79,0.23
8249,8.88,1279846.5008,-3794.19,1.17
8250,8.96,118288.5358,-4211.98,0.2
8251,11.04,2694.0713,-1778.81,0.2
8252,7.24,40.6455,-2060.65,0.19
8253,7.0,359702.6415,-2003.97,0.18
8254,8.52,479716.4145,-2507.29,1.03
8255,11.64,27.4858,-3948.41,0.25
8256,9.04,360296.13,-2013.11,0.21
8257,8.84,119016.6391,-3001.47,0.19
8258,8.6,119901.3338,-2009.89,0.18
8259,8.0,433972.2021,-3501.1,1.09
8260,6.24,5.0697,-2812.79,0.23
8261,9.64,392081.089,-2501.26,0.18
8262,9.32,131709.606,-4323.7,0.22
8263,9.8,735.1634,-2575.93,0.24
8264,8.64,357780.2332,-2258.08,1.19
8265,10.92,361142.4337,-2011.34,0.22
8266,5.88,599738.5595,-2971.12,0.18
8267,6.44,0.0528,-2001.96,0.19
8268,8.76,505171.8351,-1756.93,0.18
8269,7.36,32236.739,-3500.19,1.13
8270,7.08,118940.4252,-3271.45,0.22
8271,8.84,129729.8528,-3285.1,0.2
8272,6.6,952956.2912,-3544.24,0.18
8273,11.52,17.6205,-2004.0,0.17
8274,9.52,0.6195,-1755.27,0.96
8275,9.72,120.7695,-2757.31,0.18
8276,10.24,67.254,-2755.7,0.75
8277,9.52,719691.7109,-1822.01,0.19
8278,6.8,4.5679,-2758.56,0.28
8279,8.52,354297.5488,-4034.43,0.21
8280,8.76,118939.6417,-2751.95,0.19
8281,10.12,169399.3021,-3007.93,0.24
8282,8.92,6.3565,-1830.18,0.2
8283,8.92,35.9037,-2268.82,0.2
8284,10.12,8431.8074,-3315.45,0.22
8285,10.56,117573.2772,-2079.14,1.06
8286,7.8,306903.8694,-2532.15,0.18
8287,7.96,33879.1896,-1500.36,0.18
8288,12.0,750.6748,-1509.26,0.18
8289,9.68,153382.1798,-3565.75,0.21
8290,7.32,120018.8044,-3254.52,1.18
8291,11.16,357125.1687,-3008.09,0.19
8292,7.52,3859.0357,-2283.2,0.19
8293,8.76,128947.1108,-3753.18,0.2
8294,8.64,2799.7197,-2261.67,0.22
8295,10.0,0.6356,-2264.56,1.08
8296,10.52,2575.7208,-3298.94,0.21
8297,9.2,359717.5836,-2522.12,0.18
8298,7.68,596886.0708,-3009.9,0.2
8299,9.84,2.2782,-2056.89,0.25
8300,6.8,72457.0557,-3241.43,1.06
8301,9.16,0.4284,-2511.47,0.17
8302,9.0,120913.111,-2139.52,0.18
8303,6.28,7.8062,-2934.61,0.2
8304,10.24,120094.7798,-2501.12,0.22
8305,10.04,781.4531,-2502.6,1.13
8306,8.12,359732.9878,-2530.57,0.17
8307,9.24,91.8312,-2439.55,0.18
8308,9.16,717711.659,-2811.48,0.23
8309,10.04,750.2593,-2500.89,0.18
8310,9.76,399397.667,-3114.18,1.16
8311,7.28,130.6779,-2005.47,0.19
8312,10.88,715227.1327,-3000.16,0.2
8313,9.36,2833.3834,-3282.08,0.18
8314,9.88,3243.7356,-2501.35,0.2
8315,10.56,0.1943,-1754.05,1.14
8316,11.2,1.7174,-2021.69,0.18
8317,11.28,360851.2,-2759.11,0.17
8318,4.96,0.1214,-2502.94,0.19
8319,11.36,920.372,-3053.24,0.17
8320,8.96,760.7098,-2024.72,0.19
8321,8.08,121.9147,-2767.17,0.19
8322,8.76,338892.5156,-2315.23,0.26
8323,12.48,0.0683,-3501.49,0.19
8324,5.96,430591.4972,-2503.84,0.19
8325,8.0,305749.5648,-2280.07,0.17
8326,7.0,541.2204,-2032.41,1.14
8327,7.68,541396.2877,-2500.67,0.2
8328,8.28,0.0291,-3000.38,0.17
8329,9.92,1079540.9792,-2256.22,0.18
8330,8.2,743515.2082,-2758.43,0.18
8331,10.0,120929.9583,-2299.7,0.96
8332,10.8,232021.0584,-3138.43,0.17
8333,12.6,44846.5032,-3251.19,0.19
8334,7.44,2830.4479,-1780.98,0.17
8335,8.96,24.3726,-2755.6,0.18
8336,9.24,352336.0577,-1000.64,0.97
8337,9.04,0.6044,-1015.88,0.17
8338,8.2,75.8548,-3250.22,0.25
8339,9.36,0.26,-2501.41,0.18
8340,8.28,361192.3171,-3002.0,0.23
8341,9.44,491768.2186,-3003.67,0.95
8342,5.6,61.8775,-1251.83,0.21
8343,8.56,35075.1387,-2806.08,0.2
8344,11.2,76.4542,-2500.43,0.19
8345,6.2,5445.5615,-3250.28,0.19
8346,6.32,34.274,-3000.53,0.87
8347,7.72,66485.916,-2755.31,0.24
8348,9.12,1048.3641,-1754.17,0.24
8349,10.32,354335.3299,-2281.1,0.21
8350,9.24,42.5866,-2545.98,0.23
8351,9.36,180500.0196,-3252.67,1.11
8352,9.32,512125.0637,-2001.12,0.19
8353,12.12,4.6523,-1612.34,0.22
8354,9.08,65377.124,-2562.97,0.19
8355,11.48,1067897.9445,-3500.15,0.27
8356,7.52,1056982.9193,-3529.84,1.02
8357,7.12,1180.7828,-3016.61,0.23
8358,8.16,19355.5262,-4170.93,0.19
8359,8.68,5.2964,-1524.01,0.18
8360,6.0,1079109.3056,-2276.11,0.19
8361,9.88,360847.8625,-2068.53,1.45
8362,9.52,1027.0487,-1767.84,0.25
8363,10.68,8.2451,-2444.14,0.18
8364,7.88,33262.3347,-3255.88,0.17
8365,8.88,14.0191,-2897.81,0.19
8366,10.64,753.9494,-2343.08,0.23
8367,10.16,833385.0191,-2326.87,0.98
8368,6.04,0.0859,-2251.35,0.26
8369,10.24,1043.4586,-2725.7,0.19
8370,9.04,5.5381,-2250.27,0.19
8371,5.68,359731.9654,-3471.6,0.18
8372,8.2,10502.4266,-1802.26,1.07
8373,10.52,1.6609,-1542.25,0.21
8374,6.8,0.6999,-2515.17,0.2
8375,8.8,844.2312,-2510.45,0.21
8376,9.32,371140.9696,-2633.47,0.24
8377,9.08,352336.1032,-2751.74,1.02
8378,13.04,896.0392,-2794.96,0.21
8379,10.68,846.3556,-3523.03,0.2
8380,6.6,38.5301,-2750.6,0.21
8381,9.0,352337.229,-1530.05,0.22
8382,8.52,33898.9019,-2511.73,1.11
8383,9.4,16621.6522,-2607.1,0.19
8384,7.48,49.4474,-2755.09,0.19
8385,8.56,1.8021,-2794.45,0.17
8386,5.16,0.8661,-3006.53,0.19
8387,10.96,359875.1495,-2754.19,1.13
8388,11.52,358144.9656,-3250.47,0.19
8389,9.4,724355.4924,-2504.88,0.21
8390,9.88,360166.685,-1502.16,0.17
8391,10.8,360086.1426,-2058.97,0.24
8392,5.68,108.7076,-1829.23,1.03
8393,10.84,2572.7773,-3037.09,0.19
8394,9.04,67759.8433,-2287.04,0.19
8395,9.44,38.7332,-2298.35,0.19
8396,11.96,118942.1202,-3000.23,0.25
8397,10.08,118993.4685,-2294.26,1.09
8398,8.24,66259.5117,-2815.07,0.18
8399,7.8,359703.1468,-3764.17,0.22
8400,9.64,32256.752,-2259.73,0.2
8401,11.48,906.7508,-1751.08,0.21
8402,9.88,64569.9148,-2501.91,1.12
8403,10.76,212036.5552,-3751.69,0.23
8404,8.56,129.4342,-2518.65,0.19
8405,7.08,796133.8281,-3779.46,0.18
8406,6.68,67970.9021,-2294.47,0.21
8407,7.44,359844.7379,-2510.7,0.22
8408,10.0,36454.7724,-2731.25,0.2
8409,9.52,391939.2679,-2752.67,0.18
8410,9.84,39777.1707,-1660.49,0.16
8411,10.36,23831.4566,-1768.34,0.22
8412,8.28,372303.6026,-2251.22,0.19
8413,7.56,10.978,-2053.94,0.99
8414,8.76,148625.5629,-2939.69,0.2
8415,11.08,0.0217,-2250.44,0.2
8416,5.2,67802.4764,-2506.07,0.18
8417,10.84,152278.0992,-2521.42,0.2
8418,9.92,152258.0621,-2501.17,1.01
8419,7.96,1575893.3419,-3113.65,0.17
8420,10.4,337754.9176,-2503.26,0.19
8421,12.92,359679.1596,-2750.4,0.18
8422,11.76,515426.1143,-3500.51,0.24
8423,9.6,360083.8472,-2751.29,0.95
8424,6.12,67872.8408,-3267.75,0.2
8425,9.96,96.3598,-1751.52,0.2
8426,8.8,71575.0868,-3262.86,0.23
8427,7.4,0.3334,-1754.8,0.25
8428,5.44,119916.1146,-2056.26,1.1
8429,8.2,719985.3309,-3398.62,0.17
8430,11.68,124344.9207,-2250.28,0.22
8431,12.48,118939.8832,-2255.27,0.19
8432,7.68,336540.9852,-2026.5,0.21
8433,9.84,120815.3694,-2024.23,1.13
8434,8.32,56465.3727,-1752.79,0.19
8435,6.08,20.6772,-3271.6,0.21
8436,10.6,0.0633,-1501.17,0.21
8437,8.96,340490.9728,-2065.18,0.2
8438,9.8,2830.5417,-2000.84,0.87
8439,8.04,599743.9938,-2044.57,0.2
8440,9.28,356819.2432,-2264.84,0.18
8441,10.04,714263.9403,-2785.08,0.19
8442,9.96,32284.3953,-2139.3,0.23
8443,8.48,360516.9008,-2500.46,0.84
8444,9.56,39699.2714,-3176.63,0.2
8445,8.12,47735.2217,-3121.94,0.21
8446,11.0,758.2712,-2189.18,0.21
8447,7.8,56144.3032,-3003.76,0.18
8448,10.24,1245.4306,-2001.03,0.22
8449,9.56,168349.2564,-2754.42,0.18
8450,8.84,59303.5835,-2500.56,0.19
8451,8.44,595809.8814,-3004.3,0.21
8452,7.4,719751.2536,-2548.41,0.18
8453,10.92,118965.8185,-1545.86,0.18
8454,11.44,0.2766,-3006.6,0.89
8455,8.28,357975.9576,-3250.44,0.19
8456,8.48,243.0111,-3049.13,0.18
8457,6.08,0.049,-2500.38,0.18
8458,6.92,12.4508,-2515.55,0.18
8459,8.16,708518.099,-2044.62,0.95
8460,9.56,401679.4733,-2903.98,0.19
8461,12.12,97.5716,-1781.34,0.2
8462,11.2,3567.5893,-3013.68,0.24
8463,6.6,665598.8004,-3500.11,0.17
8464,11.0,32995.4901,-2950.29,1.07
8465,8.44,396646.1749,-3268.56,0.2
8466,9.8,0.1412,-2501.8,0.25
8467,6.8,422.064,-2520.46,0.22
8468,8.24,4768.611,-2548.95,0.2
8469,10.92,9552.2738,-1504.43,1.12
8470,7.88,1441509.5367,-2943.54,0.22
8471,12.44,8.8732,-2027.55,0.2
8472,10.92,203275.0888,-2500.46,0.18
8473,7.52,64473.7132,-3506.46,0.16
8474,8.64,50.2745,-1629.03,1.07
8475,8.84,0.2349,-2255.69,0.22
8476,9.64,628588.681,-3542.54,0.2
8477,7.88,145.5254,-2503.23,0.22
8478,11.36,3.5936,-1554.09,0.22
8479,7.52,234811.6136,-3026.49,1.07
8480,10.52,122645.5554,-3750.23,0.18
8481,9.8,3690.4313,-2257.68,0.22
8482,11.28,38.9575,-4044.76,0.19
8483,7.64,119087.7378,-2862.2,0.18
8484,7.0,118939.6014,-1501.44,0.92
8485,7.84,392208.2387,-1918.38,0.19
8486,7.72,423187.6419,-2501.31,0.21
8487,6.4,36607.441,-2221.31,0.19
8488,11.64,0.1806,-3752.29,0.17
8489,9.64,479687.3013,-2653.97,0.96
8490,10.84,0.0863,-5250.16,0.18
8491,9.52,344819.6977,-3812.94,0.19
8492,9.92,707377.3379,-2751.18,0.21
8493,9.64,131894.0979,-3012.47,0.18
8494,8.76,474425.594,-2254.26,0.18
8495,10.72,467272.5225,-2939.91,1.02
8496,11.28,0.1986,-1004.88,0.17
8497,9.44,5369.556,-3502.02,0.25
8498,7.2,0.3926,-2009.65,0.19
8499,8.12,2804.3605,-2827.58,0.22
8500,7.32,54.288,-2834.8,0.88
8501,7.92,2.1823,-2255.43,0.18
8502,8.68,23794.6508,-1417.21,0.19
8503,10.0,716965.9923,-2000.31,0.2
8504,9.68,3.5165,-2326.39,0.19
8505,12.52,43786.3462,-2502.28,0.81
8506,9.6,66367.7738,-2252.82,0.18
8507,11.48,428.6461,-3440.56,0.21
8508,9.84,3204.1953,-1595.26,0.21
8509,7.36,445.939,-3545.07,0.25
8510,6.16,1438809.9239,-3750.26,0.92
8511,7.72,148.7494,-3552.05,0.17
8512,7.32,363336.6914,-3252.49,0.2
8513,8.4,1361.8096,-2251.99,0.21
8514,8.0,96710.6719,-2756.65,0.24
8515,8.44,11.7778,-2000.32,0.93
8516,5.08,3.9502,-3032.65,0.18
8517,9.2,1006.2248,-1502.32,0.19
8518,9.24,718004.5902,-2753.27,0.22
8519,6.8,0.0202,-2502.43,0.24
8520,10.44,64473.7832,-2510.5,0.86
8521,8.08,151183.1779,-2137.85,0.22
8522,9.64,24.2458,-2502.49,0.18
8523,5.92,361110.7394,-2826.94,0.2
8524,9.16,3316.5238,-2003.62,0.2
8525,11.24,360088.0356,-2500.8,0.87
8526,10.84,23.7536,-1655.4,0.21
8527,11.48,359886.7522,-2258.3,0.24
8528,9.6,1.8743,-1047.41,0.17
8529,6.04,381.7462,-2796.99,0.22
8530,8.2,14.3878,-2503.93,0.86
8531,6.72,479902.4742,-3251.54,0.19
8532,11.68,4066.449,-2250.88,0.19
8533,10.72,0.0713,-1250.5,0.18
8534,10.28,5.2786,-1623.64,0.17
8535,9.96,1500.5693,-2501.69,0.21
8536,10.2,5.0098,-1275.54,0.2
8537,9.32,0.445,-3010.82,0.18
8538,9.6,360325.4288,-2506.39,0.76
8539,11.6,119088.3348,-1676.76,0.19
8540,6.36,0.254,-1754.95,0.21
8541,9.2,356828.73,-2720.19,0.89
8542,9.68,360190.7394,-2251.38,0.23
8543,6.32,365671.0843,-3293.0,0.19
8544,10.56,359664.0091,-3253.91,0.17
8545,9.0,709538.0637,-2255.63,0.17
8546,8.8,119227.6519,-3011.38,0.93
8547,12.24,122072.5082,-2587.04,0.23
8548,6.72,359714.4635,-2765.48,0.2
8549,9.76,475767.0262,-3250.97,0.22
8550,8.48,43.4474,-2501.62,0.21
8551,9.36,120085.6132,-3274.41,1.01
8552,9.36,354402.2214,-2506.09,0.21
8553,9.76,0.4337,-1255.73,0.22
8554,11.44,64481.2904,-2945.18,0.23
8555,7.16,120791.4488,-3252.33,0.2
8556,9.8,797.8726,-2000.91,0.99
8557,11.36,7.4244,-2563.22,0.17
8558,8.6,68655.6073,-2091.15,0.23
8559,11.08,353246.1986,-1957.45,0.22
8560,5.68,839718.3225,-2004.39,0.21
8561,6.08,63.388,-3002.92,0.99
8562,9.6,1309.3874,-1751.9,0.2
8563,10.08,482812.9806,-2502.41,0.23
8564,6.88,241.3672,-4006.63,0.21
8565,12.2,725303.7045,-2252.21,0.21
8566,9.16,648680.5302,-4000.83,0.94
8567,8.56,112996.2811,-4755.04,0.21
8568,8.12,362646.86,-2501.48,0.19
8569,7.24,1017655.1032,-3000.17,0.21
8570,10.28,713729.3834,-2501.06,0.22
8571,7.64,36.1066,-2757.97,1.12
8572,8.52,4.7474,-1753.68,0.2
8573,11.0,2.4802,-1561.7,0.26
8574,6.08,76.8386,-3500.26,0.19
8575,8.44,2.8832,-1539.08,0.18
8576,9.28,60.8182,-3577.64,0.2
8577,8.44,479713.0216,-2817.71,0.2
8578,9.24,5598.7654,-2254.65,0.22
8579,7.44,359703.5339,-2603.14,0.18
8580,8.8,407899.0004,-1388.93,0.25
8581,12.16,0.0144,-1753.27,0.19
8582,10.4,4.1042,-3101.79,0.96
8583,9.56,360271.1634,-2272.51,0.19
8584,12.8,1008.0793,-4298.68,0.16
8585,10.16,354265.0205,-1673.1,0.23
8586,9.16,533644.3578,-1793.06,0.19
8587,7.72,364658.5649,-2008.91,1.01
8588,8.4,1056421.379,-3001.57,0.22
8589,7.16,32236.9107,-2251.86,0.21
8590,8.56,869355.4607,-3253.98,0.21
8591,8.28,1.4839,-3002.55,0.22
8592,11.04,43973.2606,-2552.08,1.0
8593,9.04,758.5527,-2429.95,0.17
8594,12.24,119982.434,-2250.18,0.21
8595,7.72,485343.7127,-2751.26,0.18
8596,7.84,6.3518,-2658.68,0.21
8597,9.24,438927.7971,-3002.49,1.17
8598,5.4,31.7337,-3047.29,0.22
8599,8.12,767.9151,-1580.48,0.19
8600,7.92,11.6256,-2395.43,0.19
8601,7.52,305760.2875,-1254.67,0.17
8602,11.56,751.6784,-3286.36,0.88
8603,9.44,4.4743,-1583.62,0.17
8604,8.96,76767.953,-3432.47,0.17
8605,9.84,354260.3413,-2555.76,0.18
8606,10.28,1.9565,-2045.65,0.17
8607,9.2,0.746,-2518.37,0.96
8608,10.16,1154.3197,-2503.09,0.17
8609,9.0,359702.4916,-2000.23,0.24
8610,13.52,356832.4644,-2454.42,0.16
8611,8.64,5921.0429,-2250.65,0.19
8612,7.12,359843.3211,-3251.18,0.93
8613,9.2,2604.4188,-1507.75,0.26
8614,9.2,1198491.7648,-3500.26,0.19
8615,9.44,116.5112,-1506.39,0.19
8616,11.48,483410.9597,-2206.12,0.21
8617,8.76,708639.1572,-2000.52,0.86
8618,8.12,594439.3859,-2759.64,0.18
8619,8.4,4146.4085,-2457.94,0.21
8620,9.2,65958.0874,-1285.62,0.17
8621,9.0,5000.4624,-2259.72,0.17
8622,5.8,0.3162,-3753.0,0.25
8623,6.6,359696.6943,-2503.17,1.06
8624,7.6,172417.3248,-2077.0,0.21
8625,10.92,475901.6907,-3004.32,0.19
8626,10.72,355143.5737,-1694.46,0.2
8627,12.08,1.2655,-2779.19,0.83
8628,9.88,358080.5048,-2278.36,1.12
8629,12.16,824.4925,-2500.58,0.22
8630,10.96,0.045,-2750.91,0.22
8631,9.36,750.66,-2260.16,0.19
8632,6.92,39713.031,-3501.26,0.2
8633,8.36,0.1708,-2003.4,1.15
8634,9.2,372390.3642,-2270.26,0.19
8635,11.84,3.0621,-2776.21,0.18
8636,4.64,145.7769,-2502.23,0.19
8637,9.96,359703.8265,-1921.2,0.18
8638,8.36,2.1506,-1054.55,1.04
8639,6.56,713645.9799,-1653.48,0.21
8640,9.08,1.7275,-2772.78,0.19
8641,8.04,2.411,-1560.2,0.19
8642,12.16,354456.3954,-2392.18,0.19
8643,8.2,2.575,-2062.97,0.93
8644,5.68,1.7175,-1538.97,0.21
8645,10.2,360172.5909,-2398.7,0.18
8646,8.0,16636.177,-2077.07,0.18
8647,8.24,547680.585,-2550.72,0.2
8648,10.68,280864.9578,-2759.9,1.01
8649,9.56,122145.1558,-2311.82,0.19
8650,12.12,720252.5589,-1544.47,0.2
8651,9.88,360186.285,-2753.76,0.17
8652,9.72,706517.7479,-2510.01,0.18
8653,10.0,718156.1538,-3000.31,1.13
8654,11.04,482467.9314,-3256.81,0.18
8655,7.64,356181.0164,-2501.62,0.18
8656,7.48,1008.2767,-2544.51,0.18
8657,12.28,360373.4117,-3250.24,0.18
8658,7.84,118940.9364,-2532.29,1.09
8659,8.76,1145057.6316,-1751.66,0.19
8660,11.32,709157.7037,-2818.18,0.18
8661,8.32,359849.3025,-1563.85,0.2
8662,6.4,1079571.667,-1723.28,0.22
8663,7.88,186012.2028,-3001.48,0.21
8664,10.84,2.9907,-1818.58,0.23
8665,9.12,39.3225,-1767.53,0.25
8666,6.92,56465.3722,-3001.8,0.22
8667,6.04,355330.8033,-2224.65,0.2
8668,9.16,1310531.345,-3404.42,0.19
8669,8.2,124884.5715,-2250.87,1.06
8670,8.36,4766.8897,-2004.46,0.24
8671,10.0,719427.7937,-3003.56,0.21
8672,10.4,362992.9607,-1558.82,0.23
8673,8.72,379.8456,-2501.87,0.22
8674,7.96,4090.0796,-1894.06,1.07
8675,7.28,759.7883,-2752.92,0.2
8676,9.96,1.2087,-2013.15,0.18
8677,9.96,36685.1166,-2299.46,0.19
8678,5.24,2.5418,-3251.97,0.19
8679,12.8,839191.3116,-2762.09,0.99
8680,6.8,602182.7305,-2266.14,0.19
8681,13.2,592792.9665,-3052.41,0.19
8682,11.52,0.3787,-2506.99,0.2
8683,12.96,5142.4952,-2138.69,0.19
8684,9.56,2.8829,-1821.9,1.04
8685,9.36,76.4614,-3000.61,0.21
8686,9.0,120.7678,-2007.35,0.17
8687,7.04,1.3463,-3283.13,0.2
8688,7.88,2684.1298,-1007.86,0.18
8689,11.36,839269.5881,-2015.86,1.17
8690,8.36,835.9953,-2506.09,0.18
8691,9.28,337266.7012,-2500.31,0.18
8692,8.92,6.1065,-2652.1,0.2
8693,6.76,719705.9393,-3250.42,0.22
8694,10.36,357861.8202,-3284.2,0.95
8695,9.84,10.3996,-1947.87,0.17
8696,10.2,29541.1436,-2896.58,0.19
8697,8.28,239870.8902,-2575.97,0.2
8698,8.52,360192.5536,-2267.65,0.18
8699,13.28,0.2912,-3007.11,0.91
8700,9.76,1.1659,-2271.82,0.18
8701,6.08,359750.7078,-2782.47,0.19
8702,6.4,1247505.9438,-4000.64,0.17
8703,8.68,188547.0315,-2329.76,0.18
8704,10.56,239914.4828,-3001.3,0.19
8705,10.56,0.3998,-1259.87,0.17
8706,9.32,32382.1115,-2005.02,0.22
8707,10.88,5.4298,-2579.94,0.18
8708,10.4,240959.8544,-2850.02,0.22
8709,9.44,359876.826,-1552.81,0.2
8710,8.56,57.9697,-3005.55,0.8
8711,7.08,0.0655,-2252.47,0.21
8712,9.6,150.9728,-1639.35,0.2
8713,7.48,59154.1789,-1876.09,0.18
8714,11.68,237879.4138,-2004.43,0.75
8715,10.2,359734.8856,-2250.74,0.92
8716,9.52,2991.2398,-2253.7,0.18
8717,8.96,122964.5106,-2555.67,0.18
8718,6.24,359723.6486,-3048.05,0.18
8719,6.12,120022.4477,-2470.2,0.2
8720,10.68,65947.2116,-2251.76,0.92
8721,9.32,0.0674,-2251.54,0.22
8722,7.84,719419.9476,-2623.21,0.21
8723,9.84,112930.9052,-1508.35,0.18
8724,8.28,1734.9936,-2770.66,0.18
8725,7.96,1.9102,-1797.19,0.96
8726,8.92,421310.755,-2752.9,0.18
8727,9.76,0.7364,-2517.98,0.19
8728,11.6,478869.6549,-2019.74,0.19
8729,5.44,101656.7634,-2970.29,0.24
8730,10.68,0.9486,-2273.61,0.93
8731,8.92,240031.3276,-2833.47,0.24
8732,8.36,11.6909,-2540.78,0.25
8733,10.48,65946.85,-2003.69,0.19
8734,9.2,13.147,-1577.52,0.19
8735,10.0,193200.6424,-2735.45,0.91
8736,8.76,423.5992,-2009.58,0.18
8737,11.68,486153.8291,-2058.75,0.18
8738,9.12,0.2059,-1505.04,0.19
8739,9.24,391933.3722,-2751.29,0.2
8740,9.04,39693.6647,-3279.73,0.99
8741,13.44,3157.7216,-2502.15,0.19
8742,7.24,176393.6763,-3002.24,0.23
8743,9.72,1065975.9793,-2003.46,0.22
8744,12.28,120013.7127,-2752.72,0.19
8745,6.24,77.0178,-2514.58,0.92
8746,7.2,698965.9009,-2753.61,0.19
8747,7.88,178928.1686,-2469.94,0.21
8748,9.88,547740.2907,-3309.66,0.22
8749,8.48,1.3164,-2280.09,0.18
8750,10.04,0.0325,-1750.67,0.23
8751,12.32,473371.8724,-2806.1,1.22
8752,9.8,8429.369,-2507.29,0.18
8753,6.32,74.9854,-2883.83,0.21
8754,9.2,357200.8326,-2265.75,0.25
8755,9.52,8487.7714,-2191.15,0.19
8756,9.08,362504.257,-3561.94,0.94
8757,8.24,0.5802,-1014.41,0.23
8758,9.64,124.7483,-3106.02,0.19
8759,9.28,474293.3837,-2040.84,0.19
8760,11.08,114739.4926,-2519.13,0.19
8761,8.8,75.9927,-1751.57,0.9
8762,7.16,126.4992,-1650.8,0.18
8763,8.52,135526.6353,-3220.13,0.2
8764,8.72,949.4211,-2001.08,0.18
8765,10.68,2994.562,-2690.82,0.18
8766,11.08,0.4731,-2261.31,0.92
8767,7.76,32257.6285,-2784.23,0.19
8768,11.72,359879.8207,-2858.87,0.21
8769,10.96,3062.7532,-1784.36,0.21
8770,8.04,25.8321,-3978.59,0.2
8771,5.56,4805.3698,-2250.4,0.84
8772,10.76,354278.0709,-2252.81,0.17
8773,10.16,219.8074,-1751.02,0.2
8774,4.56,1.9435,-3544.47,0.17
8775,7.56,1.8645,-2296.23,0.18
8776,9.16,1.3761,-3251.16,0.97
8777,6.24,32237.1383,-2252.65,0.19
8778,8.44,38.2901,-3001.01,0.18
8779,10.36,4018.0904,-4757.04,0.17
8780,10.12,97.7052,-3034.3,0.18
8781,5.48,0.571,-2017.0,0.85
8782,8.84,0.9484,-1524.56,0.17
8783,10.4,338891.9213,-1301.51,0.19
8784,9.16,68519.2899,-2056.04,0.17
8785,8.68,7.3122,-1848.45,0.24
8786,8.84,418.3327,-1257.73,0.95
8787,7.76,367973.9305,-2014.34,0.22
8788,8.24,362046.2318,-3007.78,0.24
8789,12.12,245687.2131,-2296.24,0.18
8790,9.52,2581.9259,-2557.85,0.23
8791,9.48,478822.9105,-2504.9,0.19
8792,11.8,529604.84,-3254.08,0.17
8793,10.4,66367.6628,-3750.24,0.2
8794,11.0,2575.3645,-2734.69,0.17
8795,7.2,457250.19,-3577.63,0.18
8796,6.4,359710.0194,-1687.94,0.17
8797,10.8,956810.9641,-2250.31,0.96
8798,6.28,131913.1782,-3251.19,0.18
8799,9.4,637607.0823,-2000.57,0.19
8800,10.28,96.501,-2256.01,0.2
8801,8.48,720765.5882,-2023.72,0.17
8802,8.64,5568.5182,-3000.84,0.86
8803,9.8,593654.5227,-3062.54,0.18
8804,9.2,169445.1091,-1504.2,0.19
8805,7.52,0.0232,-2750.42,0.71
8806,6.4,2726.2323,-2565.0,0.2
8807,6.64,696895.6113,-1469.88,0.85
8808,11.08,996.6206,-2593.81,0.17
8809,8.84,260.1479,-2250.56,0.18
8810,13.44,353593.9088,-4444.29,0.17
8811,9.2,699500.6289,-2013.08,0.17
8812,7.32,671463.4314,-3007.1,0.91
8813,11.12,339913.9174,-2305.65,0.17
8814,9.0,521688.0437,-3000.17,0.21
8815,10.56,68807.1764,-2755.74,0.17
8816,11.0,1.5114,-1759.81,0.17
8817,10.88,465642.7422,-3000.32,0.91
8818,12.16,1769467.2662,-3052.55,0.18
8819,8.36,354259.9169,-1295.19,0.17
8820,8.12,362501.9602,-2500.74,0.18
8821,11.16,1.8775,-2293.13,0.23
8822,8.28,119944.3626,-1785.9,0.9
8823,8.2,2801.9824,-2054.88,0.22
8824,11.56,25.5819,-2750.66,0.2
8825,8.76,186802.2874,-2000.37,0.18
8826,11.72,237450.3788,-3500.23,0.18
8827,8.64,360104.4203,-3256.63,0.94
8828,12.36,136326.4033,-2387.8,0.17
8829,10.04,119840.7635,-3000.68,0.17
8830,7.48,81.6809,-1755.06,0.17
8831,7.76,4766.6232,-1505.59,0.2
8832,8.4,2.3076,-1039.22,0.21
8833,7.92,65953.3478,-2308.85,0.17
8834,10.6,1.0992,-3003.54,0.17
8835,7.96,5.724,-2003.75,0.2
8836,10.2,359875.7578,-3027.45,0.24
8837,10.2,475766.958,-3112.85,0.25
8838,10.64,362578.2406,-2253.61,0.89
8839,9.2,157.7916,-3015.66,0.2
8840,7.6,340070.3642,-1815.79,0.21
8841,11.52,717010.4902,-1757.65,0.17
8842,8.6,2.1377,-2251.01,0.22
8843,9.44,3.4104,-2252.22,0.93
8844,7.48,359877.9977,-2059.56,0.23
8845,10.0,455742.3576,-2032.29,0.2
8846,8.88,120014.5585,-2521.79,0.17
8847,7.72,0.158,-1753.65,0.18
8848,10.52,1.2653,-1033.61,0.91
8849,11.04,892521.599,-3000.24,0.17
8850,10.52,489170.7685,-2312.51,0.17
8851,8.44,716991.6966,-2086.59,0.19
8852,8.8,169522.8099,-3000.86,0.2
8853,10.76,360166.6056,-1750.28,0.87
8854,10.28,359876.1117,-2036.27,0.18
8855,10.56,86.3989,-1721.01,0.18
8856,9.84,38.2422,-3000.54,0.18
8857,8.64,722108.5302,-2500.42,0.2
8858,6.24,37.118,-2013.94,0.94
8859,8.28,10.2963,-1509.8,0.22
8860,9.72,2841.5734,-2504.12,0.19
8861,10.52,240940.781,-2255.26,0.19
8862,11.28,1894.0289,-2500.54,0.18
8863,11.44,6.9402,-923.47,0.87
8864,5.64,71372.7762,-2469.76,0.25
8865,10.84,720331.0267,-2006.22,0.2
8866,11.36,4854.8126,-2003.37,0.2
8867,8.72,0.3031,-1257.51,0.21
8868,11.64,191.189,-2001.57,0.87
8869,11.44,335730.7425,-1854.22,0.18
8870,8.92,145.5111,-2253.13,0.18
8871,10.68,1006.1605,-2250.56,0.2
8872,10.44,695810.4187,-2251.56,0.16
8873,10.6,40569.4434,-2503.42,1.01
8874,9.04,4931.0516,-1988.89,0.19
8875,10.76,169448.8188,-3091.79,0.18
8876,10.0,118939.7119,-1753.34,0.18
8877,8.8,335726.617,-3003.34,0.17
8878,12.48,0.1978,-2254.67,0.22
8879,9.16,359928.8413,-1500.73,1.04
8880,7.24,240027.446,-2254.35,0.18
8881,10.92,3.0738,-1827.75,0.22
8882,7.36,359765.598,-2122.6,0.21
8883,10.96,26.7987,-1817.29,0.18
8884,6.8,5598.6146,-2000.9,0.87
8885,11.72,1062774.3521,-3000.68,0.2
8886,9.68,229466.7147,-2231.61,0.24
8887,9.0,353178.3457,-3010.53,0.19
8888,10.72,238447.8312,-2077.34,0.19
8889,8.32,37091.4073,-2751.16,0.91
8890,9.08,16.8231,-2064.7,0.18
8891,12.12,1511.6844,-2893.02,0.21
8892,12.2,119319.4428,-3000.58,0.18
8893,6.24,719872.0005,-1780.39,0.21
8894,9.0,337389.9246,-2000.4,0.94
8895,11.68,154515.8226,-2325.8,0.22
8896,10.04,713649.5809,-3502.82,0.19
8897,10.12,352960.5441,-2004.95,0.21
8898,10.4,354301.3829,-1751.27,0.18
8899,10.6,475024.7753,-3251.13,1.51
8900,11.04,598057.0662,-2784.12,0.2
8901,8.56,362693.5434,-2252.62,0.19
8902,8.68,2.6237,-1504.26,0.23
8903,8.96,2.1217,-1549.89,0.19
8904,8.84,1081821.4712,-3360.31,0.89
8905,9.52,8.6616,-1888.54,0.19
8906,8.56,32242.6001,-2368.85,0.18
8907,7.56,0.439,-2502.7,0.21
8908,6.28,10.9241,-3274.04,0.18
8909,7.28,1175060.5059,-3004.01,0.97
8910,8.48,120639.6775,-2583.25,0.24
8911,10.96,0.0302,-2001.39,0.18
8912,7.44,13996.5498,-2501.19,0.21
8913,11.76,720250.3654,-2002.04,0.17
8914,7.56,28.6153,-2734.08,1.1
8915,9.64,359697.2571,-1515.43,0.17
8916,11.36,719752.9152,-3044.9,0.17
8917,7.12,4892.0675,-3750.54,0.17
8918,8.88,8238.0896,-2169.33,0.22
8919,11.84,0.4526,-1261.26,0.16
8920,10.88,119326.5724,-2751.0,0.2
8921,8.48,8129.2446,-2506.5,0.22
8922,10.6,720040.1215,-2773.17,0.19
8923,6.28,66100.9996,-2971.44,0.19
8924,9.6,3.8474,-1553.22,0.27
8925,9.84,154955.1168,-1532.17,1.05
8926,10.2,10339.6412,-2509.8,0.21
8927,12.2,356895.0506,-2545.31,0.17
8928,8.52,339398.0175,-2760.66,0.18
8929,7.8,72371.893,-2044.5,0.22
8930,6.6,359705.4974,-1825.39,1.08
8931,14.04,0.1022,-2750.85,0.18
8932,10.88,45907.6096,-3253.4,0.23
8933,9.56,9.087,-2227.04,0.22
8934,12.08,1501.9316,-2037.25,0.2
8935,11.04,186382.7646,-2755.63,1.1
8936,12.68,561.1333,-3522.34,0.21
8937,10.36,0.4047,-2260.98,0.22
8938,11.2,0.3662,-1751.85,0.17
8939,7.4,699770.6204,-3281.66,0.19
8940,9.48,119090.9158,-2258.56,0.97
8941,8.8,229469.5404,-2781.65,0.23
8942,5.52,359847.518,-1825.86,0.17
8943,10.92,32.1286,-1756.18,0.23
8944,9.56,340067.4238,-1513.77,0.19
8945,10.56,420865.7491,-3000.75,0.88
8946,8.64,885017.1997,-2550.82,0.22
8947,9.84,3108.6664,-2195.7,0.18
8948,10.08,237886.1674,-1426.66,0.19
8949,9.16,17.6992,-2222.46,0.18
8950,5.92,20.0924,-3251.35,0.88
8951,6.52,3.5432,-1088.51,0.2
8952,10.88,719492.0712,-1312.46,0.17
8953,7.76,119981.5624,-2636.02,0.22
8954,6.8,7.1921,-1091.93,0.23
8955,9.2,352959.0146,-2257.36,1.03
8956,9.64,474216.5954,-2000.34,0.17
8957,10.48,122718.6521,-1538.56,0.25
8958,10.28,284126.712,-1531.93,0.17
8959,9.68,68770.04,-2330.03,0.25
8960,8.44,12.4074,-1060.17,0.19
8961,11.08,4354.4186,-1810.35,0.18
8962,9.92,5368.2055,-2264.46,0.21
8963,10.0,3063.9466,-2060.7,0.18
8964,9.56,32238.0699,-1265.03,0.24
8965,7.04,402.0209,-3007.03,0.22
8966,8.48,340067.5449,-1509.82,1.15
8967,11.0,0.4472,-1261.09,0.2
8968,12.92,362806.8253,-2752.34,0.18
8969,8.56,238148.5626,-1348.22,0.22
8970,8.44,120022.4839,-3500.48,0.21
8971,8.84,1430.4842,-2250.63,1.16
8972,8.2,359705.1281,-1315.99,0.19
8973,7.84,65969.7128,-2824.38,0.22
8974,7.96,145.6675,-2500.31,0.26
8975,8.8,1018.4175,-2291.54,0.27
8976,7.76,3.6805,-3045.65,1.07
8977,11.04,19.5587,-2250.61,0.17
8978,5.48,2.2086,-3500.63,0.18
8979,8.64,12678.2986,-2314.08,0.18
8980,7.76,161.5444,-1762.51,0.22
8981,10.72,788318.8716,-3140.37,0.93
8982,8.44,359876.3895,-1770.8,0.2
8983,8.16,1834367.4054,-4507.68,0.18
8984,10.56,1909.6958,-2535.11,0.18
8985,9.8,1.6319,-1040.78,0.76
8986,13.56,901.5016,-3007.85,0.93
8987,5.84,65946.7283,-2000.3,0.17
8988,12.32,400548.5313,-2000.2,0.17
8989,10.52,721618.3279,-2254.1,0.2
8990,8.96,0.0427,-1750.95,0.22
8991,10.08,360167.4915,-2765.35,0.94
8992,9.44,5889.4358,-1832.8,0.18
8993,10.24,7.3223,-1873.65,0.16
8994,9.12,511021.5302,-2524.78,0.17
8995,8.84,1008.2476,-3303.0,0.18
8996,9.48,15.503,-3095.11,0.86
8997,5.84,2.3443,-2514.68,0.18
8998,6.56,291.3915,-1515.23,0.21
8999,9.76,360313.8623,-2024.61,0.28
9000,7.36,811.4207,-4001.44,0.23
9001,12.16,362738.1278,-1889.37,1.06
9002,7.92,43838.4411,-2547.73,0.21
9003,9.84,2.6752,-1816.04,0.21
9004,12.36,1162.1683,-3448.03,0.18
9005,7.08,0.2174,-1505.22,0.18
9006,9.24,207342.7139,-2504.11,0.19
9007,7.64,239857.384,-2771.19,0.92
9008,6.72,0.2192,-2255.36,0.18
9009,10.04,1065355.7529,-1842.29,0.18
9010,10.6,99.9597,-1842.54,0.18
9011,8.0,1006.7727,-1765.45,0.19
9012,7.08,357262.7152,-1554.01,0.91
9013,11.32,2829.5114,-2758.27,0.18
9014,8.2,426.8344,-1844.69,0.17
9015,8.0,67848.6859,-1000.76,0.17
9016,8.2,346.6084,-3250.3,0.25
9017,6.28,169402.2014,-1658.62,0.92
9018,10.72,68331.7659,-2058.95,0.18
9019,8.92,709204.477,-2124.33,0.19
9020,9.64,354270.3597,-2278.5,0.17
9021,10.56,359664.5541,-2256.61,0.18
9022,10.44,1080048.4351,-1589.01,0.9
9023,11.04,76.8977,-1512.63,0.19
9024,6.4,1.7819,-2524.36,0.18
9025,9.84,891.9877,-2335.99,0.18
9026,9.2,1006.2116,-3251.71,0.19
9027,6.48,145.5237,-1752.89,1.05
9028,14.08,7.8419,-2251.82,0.18
9029,8.92,480180.3737,-1753.63,0.17
9030,7.08,169397.5553,-1543.39,0.19
9031,11.36,752.3591,-1554.42,0.17
9032,11.4,708998.3194,-2506.38,0.89
9033,9.72,21.4989,-1898.91,0.17
9034,8.4,360454.4304,-1293.35,0.18
9035,10.76,708618.4411,-2647.34,0.26
9036,11.36,39699.2566,-1470.42,0.19
9037,14.2,360095.8666,-3042.77,0.85
9038,11.64,0.5784,-2755.73,0.17
9039,8.12,272307.8073,-2542.92,0.2
9040,9.08,118939.5781,-1750.43,0.18
9041,10.12,339347.1672,-2189.9,0.18
9042,11.72,359401.1325,-2250.34,0.93
9043,7.92,0.0187,-1500.39,0.17
9044,10.88,473345.4822,-2263.75,0.17
9045,12.56,107.4788,-2529.35,0.19
9046,8.12,2.6825,-1518.83,0.2
9047,11.08,0.3748,-2509.14,0.24
9048,9.52,146290.58,-1524.92,0.17
9049,5.32,65946.8232,-2003.03,0.25
9050,6.28,46.5404,-1110.9,0.17
9051,9.36,2043.5952,-1990.09,0.17
9052,9.96,482118.3006,-1791.73,0.23
9053,9.36,0.684,-1512.01,0.87
9054,6.2,719548.5626,-2294.3,0.21
9055,8.2,938626.4292,-2256.62,0.21
9056,12.52,338485.1926,-2252.41,0.18
9057,11.32,421385.2856,-2773.94,0.19
9058,7.64,291.2977,-3264.93,0.82
9059,7.48,1.9824,-1046.42,0.17
9060,9.04,0.0937,-2000.72,0.17
9061,8.64,133797.43,-1507.82,0.18
9062,10.4,722683.4355,-2042.67,0.19
9063,11.16,336088.4651,-2512.62,0.91
9064,6.08,800168.8458,-2750.28,0.19
9065,8.88,9.8535,-1679.64,0.17
9066,7.32,0.2272,-3005.55,0.18
9067,7.52,405470.0981,-2326.35,0.19
9068,7.64,65949.6655,-2314.0,0.83
9069,9.24,36.4954,-1511.25,0.17
9070,11.92,354378.6096,-2250.97,0.21
9071,10.84,186303.3214,-2001.2,0.18
9072,10.68,0.5492,-2003.27,0.22
9073,7.32,224780.8876,-2781.88,0.88
9074,6.04,364698.5182,-2722.59,0.17
9075,8.36,38.8262,-2264.46,0.17
9076,10.36,6.1324,-897.24,0.2
9077,10.84,2478.8213,-2643.39,0.21
9078,11.12,416761.863,-2524.28,1.46
9079,9.32,0.4587,-1004.43,0.2
9080,5.44,2.637,-2004.41,0.2
9081,11.08,479155.1093,-1751.54,0.19
9082,10.96,474273.4235,-1791.98,0.17
9083,9.44,3850.0084,-1520.04,0.97
9084,7.68,32237.3243,-1265.04,0.26
9085,11.24,0.3823,-1508.52,0.19
9086,6.2,359709.0678,-914.77,0.23
9087,8.8,138496.6451,-1752.04,0.21
9088,10.0,336350.5863,-1250.54,0.19
9089,9.04,129709.5906,-2544.49,0.18
9090,10.6,38.7718,-1505.92,0.18
9091,6.24,314.2563,-2888.23,0.21
9092,10.8,185432.41,-2013.68,0.18
9093,9.48,0.6279,-1015.33,0.19
9094,7.2,33.6579,-2179.43,0.99
9095,6.12,13101.5174,-1862.83,0.24
9096,7.8,1156.5722,-1558.22,0.19
9097,4.48,26.4095,-3440.51,0.24
9098,10.16,705573.8614,-2765.83,0.19
9099,12.52,405864.7344,-2503.66,1.08
9100,8.76,474298.9311,-2757.36,0.19
9101,8.68,2014.8854,-1560.63,0.19
9102,8.32,198.364,-2266.27,0.21
9103,10.64,360682.4656,-3054.19,0.17
9104,8.08,45.8976,-2633.77,1.03
9105,9.28,699953.6672,-2500.64,0.17
9106,9.64,382146.619,-2259.98,0.17
9107,9.2,750.2514,-2251.7,0.17
9108,6.52,1020201.2408,-1760.56,0.18
9109,8.52,272962.2929,-3500.59,1.0
9110,7.84,1.2484,-1032.1,0.21
9111,8.04,2.4386,-561.94,0.26
9112,7.04,0.8018,-1756.34,0.19
9113,6.72,552308.9417,-2529.17,0.18
9114,7.28,474940.5885,-1750.27,0.88
9115,12.2,122700.1541,-2251.93,0.17
9116,12.24,2692.7556,-3253.45,0.2
9117,7.44,781.0652,-2388.8,0.18
9118,9.48,985.6672,-2257.6,0.25
9119,8.0,32242.3056,-1751.57,0.95
9120,7.08,287216.7851,-2253.02,0.17
9121,11.68,354266.1306,-1950.23,0.18
9122,9.0,33893.5269,-2359.74,0.19
9123,6.36,4790.3846,-1302.44,0.22
9124,13.08,2652.248,-2696.23,0.89
9125,8.32,45.1746,-1751.28,0.17
9126,4.72,95.262,-2000.65,0.18
9127,9.72,114273.7046,-1759.29,0.22
9128,13.48,750.4668,-2006.12,0.19
9129,11.2,422766.8242,-2005.32,0.9
9130,9.68,712287.2382,-2751.65,0.17
9131,8.8,39691.5124,-2002.33,0.16
9132,8.76,9.7507,-2061.48,0.18
9133,12.6,359534.0674,-1758.3,0.17
9134,9.04,0.0646,-1752.41,0.19
9135,11.0,2683.8843,-3501.75,0.94
9136,11.0,1131930.2285,-2692.12,0.18
9137,10.92,367208.1436,-3527.02,0.18
9138,10.84,359673.3572,-2724.85,0.17
9139,8.28,425880.8232,-2940.45,0.23
9140,9.68,751.376,-1500.71,0.83
9141,11.76,0.5222,-1762.79,0.21
9142,8.4,382.1551,-2057.71,0.24
9143,10.12,3.4652,-2336.39,0.19
9144,8.24,150.2046,-3118.73,0.18
9145,5.88,719577.1642,-1000.8,0.93
9146,6.24,33882.2858,-3544.54,0.19
9147,8.84,5.0943,-1125.11,0.25
9148,11.0,455786.123,-3010.39,0.21
9149,5.8,12.256,-1243.12,0.17
9150,8.36,343796.7044,-2750.68,0.99
9151,12.08,42889.1117,-2250.46,0.23
9152,8.96,120047.0903,-2413.57,0.19
9153,4.36,0.0448,-1750.76,0.21
9154,10.4,0.4865,-2762.05,0.17
9155,7.88,458202.3491,-1000.39,1.03
9156,7.68,66960.4443,-2438.89,0.18
9157,7.4,56639.1,-3975.64,0.2
9158,10.4,0.0483,-1750.84,0.24
9159,9.84,762839.5707,-3065.04,0.2
9160,8.28,147.8807,-2061.86,0.9
9161,8.16,38.2306,-2250.22,0.21
9162,11.0,122373.9698,-2759.35,0.17
9163,8.8,427634.2044,-2779.92,0.21
9164,11.32,1008.7803,-2251.63,0.24
9165,8.04,153896.3306,-3087.99,0.88
9166,6.48,26.3315,-1394.15,0.18
9167,10.04,463122.2133,-3255.55,0.23
9168,9.92,56465.3139,-1500.48,0.27
9169,8.84,1014.2078,-2380.72,0.77
9170,12.68,708516.2527,-5000.72,1.0
9171,9.84,236230.5068,-2800.97,0.23
9172,12.32,479247.9726,-2003.36,0.22
9173,10.44,359874.78,-2252.86,0.17
9174,11.96,45471.0895,-2158.05,0.17
9175,6.24,0.0594,-1251.32,0.24
9176,9.28,7688.2959,-1554.71,0.19
9177,6.28,453540.1624,-4750.64,0.21
9178,8.68,729334.6504,-3160.78,0.18
9179,12.8,578328.4107,-3503.43,0.2
9180,10.12,360043.1663,-3057.11,0.2
9181,7.04,23791.1969,-1332.09,0.83
9182,7.8,359738.6092,-2773.03,0.17
9183,11.16,119844.9804,-2587.42,0.17
9184,9.24,261699.8844,-1642.91,0.18
9185,9.8,337233.8257,-3001.52,0.17
9186,11.88,3.8822,-1769.09,1.03
9187,10.12,11.2533,-1532.28,0.18
9188,10.36,39.0363,-1588.88,0.17
9189,8.88,461524.7196,-2594.07,0.19
9190,9.56,359708.8154,-2304.0,0.22
9191,11.08,428.7638,-695.38,1.05
9192,6.68,0.078,-1751.9,0.18
9193,8.36,119832.7297,-1752.91,0.19
9194,6.6,798390.4945,-1578.31,0.22
9195,7.96,98203.0727,-2259.92,0.22
9196,8.72,545491.0727,-2433.85,0.9
9197,10.68,160.1634,-2372.46,0.17
9198,8.72,2683.8278,-2751.32,0.19
9199,10.48,186468.7306,-1516.1,0.2
9200,12.08,2800.2625,-2262.38,0.21
9201,9.92,66108.7794,-2000.42,1.02
9202,9.8,100096.8982,-2726.87,0.17
9203,9.48,119082.0228,-3516.96,0.2
9204,9.12,114732.2805,-2067.24,0.23
9205,10.12,32366.0258,-1971.02,0.22
9206,9.96,716246.6104,-2500.23,1.12
9207,14.12,45470.4682,-2691.05,0.19
9208,10.04,181.0865,-2015.36,0.19
9209,6.48,33896.903,-2000.68,0.22
9210,6.12,364934.6185,-1290.86,0.2
9211,8.04,364.1101,-2775.01,1.06
9212,8.08,119903.4832,-1568.39,0.18
9213,11.68,18091.1317,-3257.74,0.17
9214,12.52,354270.9934,-1506.77,0.17
9215,7.64,112454.1286,-1290.18,0.22
9216,7.64,0.3402,-2006.41,0.2
9217,5.52,0.0199,-1750.43,0.23
9218,8.88,575650.614,-3189.54,0.22
9219,6.24,0.1691,-1253.14,0.21
9220,8.88,464331.2299,-1786.64,0.18
9221,6.88,387518.6795,-2554.42,0.23
9222,10.56,169406.2792,-1260.48,1.13
9223,11.68,33891.3174,-1296.17,0.23
9224,10.0,0.1536,-1253.59,0.23
9225,7.8,23789.8496,-1796.24,0.2
9226,9.96,67859.7441,-1969.81,0.23
9227,8.72,149.1705,-1842.66,1.03
9228,9.12,383610.8818,-1501.76,0.25
9229,8.84,211175.838,-2264.12,0.17
9230,13.84,1062782.5249,-2953.86,0.19
9231,11.0,119035.8795,-3250.21,0.2
9232,12.24,42889.2178,-2751.95,0.98
9233,7.52,2703.8504,-2260.17,0.21
9234,9.12,169416.9366,-1613.03,0.17
9235,6.96,135697.3541,-3250.87,0.16
9236,12.2,3061.4766,-4001.35,0.19
9237,10.56,362748.246,-1815.48,1.01
9238,14.0,2685.5998,-3764.76,0.2
9239,7.44,1501.3496,-2273.44,0.17
9240,11.88,403070.823,-2273.11,0.17
9241,5.76,360575.8393,-2794.11,0.33
9242,10.32,359726.0947,-1840.79,1.54
9243,8.92,120025.6174,-3255.43,0.24
9244,11.72,340077.4325,-2952.69,0.19
9245,12.72,1805.8577,-3294.53,0.21
9246,9.64,354922.9203,-3000.22,0.31
9247,11.52,359719.5468,-2013.38,1.26
9248,9.72,1.1417,-2278.45,0.18
9249,8.12,597646.334,-3307.1,0.18
9250,9.16,472616.5584,-2533.53,0.18
9251,11.16,119704.126,-1754.23,0.18
9252,10.8,290365.4948,-4128.89,1.67
9253,8.4,359844.3303,-1500.56,0.23
9254,10.24,894974.4121,-3033.63,0.17
9255,11.76,99908.7802,-2119.54,0.17
9256,11.24,169865.9211,-1750.91,0.21
9257,11.16,359702.676,-2004.84,1.05
9258,10.32,56649.6599,-3260.69,0.2
9259,9.88,1787575.2484,-3750.28,0.19
9260,10.76,2.7481,-2298.35,0.17
9261,9.04,481517.2831,-1504.33,0.23
9262,12.12,122607.6571,-3500.81,0.2
9263,8.64,359754.5243,-2172.58,1.04
9264,6.0,0.1905,-3004.19,0.18
9265,8.12,362055.1034,-2548.54,0.18
9266,13.92,7.789,-1944.57,0.17
9267,8.52,121124.3018,-2533.45,0.23
9268,10.32,210.8759,-2759.57,0.97
9269,11.6,0.1449,-2251.26,0.18
9270,8.0,360167.2941,-2012.51,0.29
9271,7.56,32.944,-1722.23,0.18
9272,8.32,153256.7315,-3006.15,0.18
9273,9.68,122837.8283,-1506.4,0.94
9274,8.64,335732.4892,-1647.95,0.18
9275,9.8,360172.473,-1146.84,0.18
9276,10.2,361161.4989,-1544.41,0.19
9277,11.04,357744.5928,-1757.46,0.25
9278,8.36,359878.131,-1586.75,0.88
9279,9.52,854478.0681,-2792.2,0.17
9280,10.16,204831.1663,-3503.41,0.23
9281,9.68,1.6376,-2541.74,0.21
9282,11.92,359864.4532,-3272.51,0.21
9283,7.32,240656.258,-4155.77,0.95
9284,11.48,119131.542,-2372.95,0.17
9285,9.2,6.0515,-1352.92,0.17
9286,9.76,560.1392,-1756.99,0.21
9287,7.8,9.444,-1945.47,0.17
9288,5.56,359939.4352,-2576.88,0.86
9289,8.12,0.1867,-1255.63,0.19
9290,12.4,935.9577,-5208.29,0.2
9291,9.68,533990.5935,-2508.94,0.2
9292,7.16,117528.0442,-1000.83,0.19
9293,10.76,7.7831,-1194.44,0.95
9294,10.68,359722.0736,-2143.22,0.18
9295,9.68,4808.701,-1755.18,0.19
9296,8.56,53.8465,-1044.66,0.19
9297,10.12,271211.2972,-3057.96,0.23
9298,12.48,114728.8933,-3004.15,1.02
9299,10.72,873979.2323,-2577.86,0.18
9300,7.04,382.3207,-1753.49,0.17
9301,7.88,8424.6156,-1930.91,0.2
9302,9.76,24.3056,-2252.85,0.17
9303,9.12,4900.4763,-1690.6,0.2
9304,8.44,672199.7983,-2308.14,0.18
9305,11.92,360085.1769,-2283.23,0.19
9306,5.6,32685.9922,-3250.78,0.17
9307,9.28,390.7293,-2138.69,0.19
9308,12.64,2590.0909,-1500.61,0.23
9309,11.04,0.998,-1524.82,0.93
9310,9.12,808835.2967,-2542.16,0.21
9311,7.8,23.8546,-3283.13,0.2
9312,7.8,32270.4307,-2110.97,0.17
9313,10.76,0.2457,-3005.66,0.23
9314,7.6,120066.1737,-2517.46,0.88
9315,11.4,2643.9386,-1800.05,0.22
9316,8.92,401788.628,-2226.52,0.19
9317,13.36,5213.9858,-2696.81,0.25
9318,10.24,360172.3857,-2255.96,0.18
9319,9.32,241.7719,-1514.71,0.96
9320,9.32,1.1575,-1278.62,0.18
9321,9.08,119205.1496,-3078.15,0.19
9322,11.8,3785.6532,-2750.23,0.24
9323,7.52,185963.459,-829.08,0.18
9324,9.12,868356.0218,-2250.58,0.89
9325,10.64,0.5711,-2007.14,0.17
9326,8.72,560.971,-1025.1,0.2
9327,12.88,0.1034,-1751.86,0.25
9328,8.96,2704.0932,-510.46,0.25
9329,8.0,16.5891,-985.6,0.91
9330,8.48,20.0676,-1009.18,0.18
9331,10.0,2040.9033,-2640.45,0.18
9332,8.72,122875.8012,-1750.36,0.18
9333,12.8,2802.2848,-1762.29,0.23
9334,11.2,1186837.5154,-2250.9,1.02
9335,11.92,124151.9791,-2906.04,0.17
9336,9.24,56465.3433,-1751.08,0.2
9337,8.48,1149.1445,-2492.57,0.18
9338,6.16,167.7875,-2998.27,0.2
9339,10.76,8110.476,-1751.54,1.08
9340,9.44,2799.3243,-2251.48,0.17
9341,10.08,474222.7237,-1335.89,0.18
9342,11.56,10.6146,-2315.36,0.21
9343,10.4,508335.7184,-2522.99,0.2
9344,7.96,64.162,-2354.16,0.75
9345,8.16,51.5207,-766.95,0.17
9346,11.52,1.8003,-2045.95,0.21
9347,12.64,354354.8036,-1759.27,0.17
9348,7.84,243.2192,-2805.3,0.22
9349,9.92,1016.3934,-3528.74,0.2
9350,9.72,714646.1064,-1753.1,0.88
9351,10.04,42.7937,-2267.32,0.17
9352,9.4,7.5609,-2178.75,0.18
9353,12.36,48001.5957,-2566.53,0.17
9354,11.24,124.4183,-1348.77,0.2
9355,8.28,0.2695,-1756.62,0.92
9356,9.96,273296.632,-3335.21,0.19
9357,7.76,134877.36,-3279.51,0.21
9358,7.08,1.2996,-1518.55,0.17
9359,9.48,437801.4534,-3266.59,0.18
9360,10.64,1057220.9062,-2115.67,0.81
9361,9.64,1162.2467,-1642.06,0.18
9362,6.68,356839.5532,-2254.63,0.18
9363,8.88,15.4651,-2079.18,0.18
9364,9.08,954565.7138,-2573.67,0.22
9365,7.4,2570.5298,-3259.52,0.96
9366,6.28,393167.1819,-2261.05,0.17
9367,9.6,9.6883,-1742.12,0.2
9368,11.16,352343.614,-2001.07,0.23
9369,12.68,1011.6609,-3638.17,0.18
9370,11.0,2684.6222,-1770.11,0.89
9371,10.16,9334.3325,-1751.36,0.22
9372,11.12,848.412,-2381.55,0.18
9373,8.64,34300.1525,-2000.76,0.19
9374,11.44,3.8389,-1301.66,0.19
9375,5.08,815361.6516,-2271.64,0.85
9376,13.52,908.9566,-3444.67,0.26
9377,10.68,119038.2536,-1818.56,0.21
9378,7.64,0.4815,-2003.73,0.23
9379,13.52,24.8818,-2759.92,0.16
9380,11.32,121738.5758,-2343.92,0.87
9381,10.64,360449.2086,-2035.65,0.23
9382,7.12,4854.8035,-1751.75,0.18
9383,10.96,352336.2823,-1755.49,0.22
9384,11.4,66369.1504,-2035.08,0.19
9385,6.96,0.0412,-1500.88,0.95
9386,11.72,354304.1071,-1944.62,0.21
9387,10.2,942.5454,-2794.88,0.21
9388,10.92,858.5111,-1751.46,0.31
9389,5.28,11.8155,-2281.73,0.23
9390,10.68,119084.3386,-1327.8,0.19
9391,8.44,65949.1188,-1311.17,0.94
9392,6.16,123.4424,-1823.21,0.21
9393,8.72,114.8418,-1504.87,0.18
9394,7.6,359709.755,-1431.49,0.21
9395,7.12,460092.3758,-2296.72,0.23
9396,5.52,359708.463,-2355.65,1.07
9397,11.8,118941.1341,-2789.49,0.22
9398,9.96,119090.127,-1721.54,0.2
9399,6.64,66.7226,-3222.43,0.22
9400,9.32,1157.0375,-2561.43,0.2
9401,9.4,601.976,-1752.51,1.22
9402,11.68,3.1598,-1328.9,0.18
9403,6.68,2012.3748,-2003.84,0.16
9404,9.56,169487.1475,-1502.89,0.17
9405,10.0,335772.4473,-1441.34,0.19
9406,11.8,1.0869,-1276.85,0.98
9407,9.8,333574.0285,-1750.9,0.18
9408,8.6,4.9682,-1563.95,0.19
9409,11.44,352337.4136,-2281.6,0.26
9410,8.76,0.2152,-2002.84,0.26
9411,10.52,2907.0674,-2085.75,1.0
9412,5.8,0.1144,-2253.36,0.19
9413,7.56,20.1669,-1474.37,0.19
9414,12.88,692647.1178,-2752.42,0.19
9415,12.24,5841.2323,-3796.58,0.19
9416,8.64,392112.6719,-1784.35,0.84
9417,9.84,1077083.5759,-3501.8,0.17
9418,7.12,360181.4708,-1828.06,0.18
9419,12.52,671550.8914,-2034.88,0.17
9420,10.52,719965.7609,-2375.37,0.19
9421,7.04,31.7405,-1751.03,1.0
9422,14.44,1818.2502,-3148.29,0.16
9423,8.88,120087.8038,-2559.0,0.18
9424,8.48,3844.0547,-1778.99,0.18
9425,9.8,115298.9256,-1503.82,0.17
9426,10.36,1035960.0886,-2001.46,0.83
9427,9.76,1558.3504,-3260.67,0.17
9428,10.84,1.4657,-2520.32,0.18
9429,7.04,32357.3663,-1504.56,0.2
9430,7.44,67851.6856,-2575.68,0.19
9431,10.4,352339.3195,-4065.84,0.18
9432,10.16,2012.3319,-3001.43,0.24
9433,12.76,355412.9482,-1765.25,0.18
9434,13.48,364669.9102,-2105.76,0.17
9435,7.88,7.2371,-1180.85,0.74
9436,6.08,32358.2897,-2524.79,0.22
9437,7.12,701920.5019,-2291.64,0.89
9438,11.84,3072.5187,-3501.06,0.18
9439,9.68,172080.1135,-2010.06,0.2
9440,8.08,946672.5865,-3000.83,0.18
9441,8.64,4.8588,-2624.46,0.19
9442,9.64,471244.3917,-2028.39,1.07
9443,7.8,374.9999,-4001.22,0.21
9444,9.12,118943.6932,-1850.71,0.23
9445,9.36,122697.7962,-1508.72,0.27
9446,6.4,6.1004,-1780.5,0.2
9447,4.68,65946.879,-1254.43,1.22
9448,6.36,0.1827,-2004.46,0.24
9449,10.96,365990.8158,-1762.26,0.21
9450,8.12,56946.1908,-3519.96,0.2
9451,7.16,292580.8851,-2764.65,0.22
9452,11.6,106.5513,-2005.49,1.1
9453,9.12,65967.109,-1846.26,0.19
9454,9.8,122831.2066,-2194.56,0.21
9455,11.04,66391.5491,-2117.33,0.19
9456,9.04,2067170.3986,-4750.07,0.19
9457,11.64,0.6002,-3014.73,0.96
9458,13.68,0.1827,-3251.64,0.19
9459,10.4,394146.9291,-3528.29,0.22
9460,8.64,126.4583,-1501.58,0.18
9461,11.6,0.9994,-1521.73,0.2
9462,10.84,104.4362,-1703.43,0.82
9463,8.76,716360.8048,-2300.86,0.19
9464,9.64,184887.5195,-2281.5,0.2
9465,14.68,2566.7783,-2770.02,0.19
9466,10.92,828417.8227,-1019.59,0.21
9467,9.2,3.8987,-1840.33,1.14
9468,5.08,340075.8747,-2253.91,0.18
9469,7.2,339390.4612,-1794.92,0.19
9470,13.32,473204.0664,-2888.78,0.19
9471,5.0,147.6688,-2285.32,0.26
9472,8.56,1399535.6668,-1965.61,0.19
9473,7.88,23.5585,-1250.73,0.19
9474,8.16,68630.728,-1505.35,0.21
9475,11.24,695893.201,-1750.98,0.21
9476,9.2,459673.8064,-2001.14,0.18
9477,13.08,288516.3498,-2502.72,0.2
9478,9.96,381.1758,-2533.58,1.0
9479,5.48,2.2315,-1055.38,0.18
9480,10.32,359883.1689,-1796.1,0.2
9481,7.84,8.1246,-1081.53,0.19
9482,9.96,1104.0448,-2029.03,0.23
9483,7.48,104007.1252,-2257.53,0.91
9484,7.48,1248908.0798,-2751.35,0.23
9485,8.24,68764.4229,-4526.84,0.17
9486,9.48,393582.0781,-2511.38,0.17
9487,11.64,2573.6432,-1942.49,0.17
9488,10.88,120340.4065,-2500.95,0.95
9489,12.48,1803.079,-2511.78,0.17
9490,10.52,4854.9421,-1253.32,0.23
9491,8.96,368043.6567,-2098.38,0.23
9492,8.64,481130.4896,-2578.09,0.25
9493,12.4,336867.2777,-2001.71,0.87
9494,10.16,1008.6276,-1562.37,0.21
9495,10.24,3.9044,-1847.45,0.22
9496,10.84,1181795.98,-2255.39,0.18
9497,9.56,456111.3068,-2258.67,0.28
9498,9.6,1.2946,-1769.65,0.98
9499,8.96,124851.9649,-1791.26,0.18
9500,4.36,82.203,-2774.06,0.21
9501,9.92,202152.9542,-2522.58,0.29
9502,8.08,359911.9218,-2282.96,0.22
9503,11.96,2.8026,-816.08,0.92
9504,12.6,0.0298,-2500.4,0.21
9505,11.08,359941.2127,-2760.31,0.18
9506,7.88,3.2178,-1828.04,0.2
9507,7.56,68651.1396,-2024.07,0.22
9508,8.6,2018.3843,-1614.7,0.92
9509,13.32,353237.556,-1750.77,0.19
9510,7.68,43.8842,-1544.19,0.2
9511,9.36,695893.1731,-2750.24,0.22
9512,9.76,7.8068,-1446.13,0.18
9513,7.16,22.31,-1066.23,0.84
9514,6.6,1059.6383,-2371.17,0.2
9515,7.08,1.1063,-1513.95,0.18
9516,8.08,8112.1545,-3044.06,0.22
9517,12.6,241.3195,-2171.77,0.16
9518,6.96,18.1373,-2181.91,0.17
9519,8.56,715853.6208,-2251.77,1.12
9520,4.6,0.201,-2003.15,0.2
9521,6.56,34.1065,-1609.92,0.2
9522,9.36,1006.3827,-1756.21,0.2
9523,8.84,717528.5887,-3501.73,0.76
9524,5.76,359916.8758,-3507.58,1.23
9525,10.04,3027.6612,-2304.61,0.21
9526,5.2,1216.4184,-2501.28,0.17
9527,10.24,277593.752,-2502.58,0.21
9528,7.36,492074.3478,-2264.25,0.25
9529,8.48,39.624,-535.22,1.16
9530,7.92,459638.6832,-3048.35,0.22
9531,10.0,713811.611,-2253.74,0.21
9532,11.36,74.4223,-1751.24,0.19
9533,11.04,720181.9835,-1860.7,0.19
9534,7.52,156731.0015,-1813.38,1.23
9535,11.64,3316.2341,-3000.99,0.23
9536,9.08,0.1006,-1501.44,0.19
9537,11.36,9.848,-1109.27,0.17
9538,6.48,359762.5397,-2271.16,0.17
9539,9.12,1212.2932,-1258.31,1.07
9540,9.88,0.0284,-1500.42,0.17
9541,10.76,0.4358,-2762.72,0.2
9542,11.92,9.1377,-1719.72,0.17
9543,9.68,714061.1573,-3009.46,0.16
9544,13.0,0.028,-2750.58,0.88
9545,11.08,2758.7478,-2004.59,0.2
9546,13.68,359664.3635,-1500.96,0.19
9547,10.72,66865.1295,-3002.49,0.19
9548,12.32,438.7086,-3278.97,0.19
9549,11.04,132736.9806,-1771.29,0.98
9550,9.52,3.3417,-1581.56,0.22
9551,7.44,0.3556,-2759.7,0.2
9552,8.52,84.2342,-1250.91,0.21
9553,9.76,0.1942,-1500.83,0.22
9554,11.76,120043.2614,-1888.24,0.81
9555,7.48,18.0937,-2192.46,0.22
9556,9.04,293.0924,-2027.69,0.18
9557,6.08,34337.1151,-1752.33,0.18
9558,11.32,0.7947,-1519.73,0.17
9559,11.28,357057.4134,-2251.31,0.19
9560,10.24,119081.2849,-1000.43,0.19
9561,4.68,67758.369,-3000.14,0.22
9562,9.32,42023.1852,-2274.82,0.21
9563,13.28,2476.7127,-3000.89,0.2
9564,10.24,9.5693,-2258.71,0.2
9565,9.88,1470764.0124,-2260.88,0.92
9566,9.32,17.0468,-1539.08,0.18
9567,6.72,30.7994,-1550.34,0.17
9568,12.52,1285.0937,-1000.72,0.18
9569,11.8,1322.1245,-3502.26,0.18
9570,6.48,719763.287,-2502.84,0.89
9571,11.4,119129.7165,-3005.97,0.2
9572,13.64,13.4848,-1836.93,0.2
9573,7.28,359714.551,-2052.82,0.21
9574,11.56,1.7752,-2044.28,0.23
9575,11.88,2606.9249,-2294.1,0.87
9576,11.96,750.4533,-3000.5,0.19
9577,7.6,67858.8923,-2316.73,0.16
9578,8.76,715863.6495,-2255.29,0.18
9579,12.32,360084.2362,-2253.54,0.16
9580,10.92,3929.2143,-2250.39,0.97
9581,9.4,543074.0999,-2009.86,0.24
9582,13.16,2566.0256,-1750.93,0.25
9583,8.48,33879.3371,-1753.81,0.19
9584,6.36,194.8874,-2141.34,0.21
9585,6.52,10.9516,-2479.69,1.02
9586,7.16,474945.0696,-1862.31,0.23
9587,8.36,1.6286,-540.68,0.22
9588,12.48,517.3719,-2750.38,0.19
9589,5.28,340077.427,-1514.86,0.21
9590,11.72,355267.015,-2558.06,1.06
9591,9.16,0.2957,-1507.33,0.22
9592,11.16,695893.3446,-1503.7,0.18
9593,7.0,56503.8556,-1756.12,0.16
9594,9.64,119167.7673,-1503.8,0.18
9595,13.36,573605.7338,-2251.5,0.93
9596,12.08,120.4804,-1003.32,0.19
9597,6.0,67959.1948,-1755.72,0.2
9598,8.56,120013.9236,-1006.66,0.18
9599,6.44,120031.2205,-1895.67,0.24
9600,10.16,422.2547,-1760.29,0.19
9601,10.72,8.1698,-1204.94,0.19
9602,8.56,428649.5608,-2716.7,0.19
9603,8.72,2.5248,-2062.26,0.16
9604,8.0,364841.359,-2364.94,0.21
9605,8.76,145.812,-1506.46,0.17
9606,11.8,169868.2464,-3058.69,0.92
9607,9.76,190495.0467,-2255.3,0.2
9608,8.0,2.7593,-1258.56,0.17
9609,9.88,119906.8258,-2335.38,0.21
9610,12.04,8.109,-2258.49,0.17
9611,9.96,1.5462,-1532.2,1.37
9612,10.08,114730.5832,-1032.91,0.18
9613,10.52,359894.1941,-2500.31,0.18
9614,8.88,787518.7931,-2250.35,0.19
9615,9.6,0.5996,-764.96,0.18
9616,5.84,0.3248,-1753.13,0.84
9617,7.44,360203.2948,-2038.84,0.18
9618,10.56,359696.8122,-1755.27,0.17
9619,11.72,118940.4089,-2520.51,0.24
9620,11.12,65950.4801,-1316.28,0.19
9621,8.36,24.7124,-1619.76,0.88
9622,10.08,360166.6723,-1501.98,0.19
9623,9.16,119945.9088,-1505.69,0.27
9624,10.24,38.4611,-1754.36,0.2
9625,9.32,43.284,-2279.28,0.2
9626,7.8,425654.4369,-1851.93,0.96
9627,8.56,2.0672,-1551.61,0.25
9628,11.32,2703.7607,-1007.16,0.18
9629,7.52,674521.2152,-1763.58,0.17
9630,10.0,697108.1412,-2042.8,0.2
9631,9.88,1919436.3226,-3814.14,0.94
9632,7.76,64364.8858,-2298.09,0.21
9633,8.24,1176.7368,-2298.17,0.18
9634,9.8,121765.0914,-1500.44,0.19
9635,9.2,335783.2461,-1572.65,0.23
9636,8.68,373741.3158,-2225.02,0.93
9637,7.2,104.9203,-2286.78,0.18
9638,7.32,67776.1494,-2502.66,0.21
9639,8.4,64594.3252,-3006.03,0.19
9640,5.76,65987.6337,-2264.4,0.19
9641,7.32,143758.1553,-2119.76,0.92
9642,6.12,10.5895,-1295.06,0.19
9643,9.2,719424.4359,-2251.19,0.17
9644,9.52,425.2756,-2584.22,0.21
9645,7.32,930281.2746,-2284.97,0.19
9646,6.64,79.9578,-2527.69,0.17
9647,9.88,152250.384,-1500.55,0.92
9648,6.16,339243.3653,-1752.33,0.22
9649,6.72,2.4834,-1792.96,0.18
9650,12.28,32242.4527,-2643.12,0.17
9651,9.16,240986.4828,-3588.63,0.17
9652,7.24,425699.1413,-1793.72,0.9
9653,11.0,242077.8448,-1755.77,0.18
9654,7.6,32236.8274,-1752.38,0.18
9655,9.96,1079448.2097,-2302.91,0.21
9656,8.48,4912.2149,-2007.93,0.26
9657,6.8,122032.3298,-2657.45,0.94
9658,9.68,384700.792,-1939.06,0.18
9659,8.84,120778.3898,-1172.04,0.18
9660,4.28,120.6019,-2501.85,0.17
9661,8.04,62.9972,-1042.3,0.19
9662,6.72,120600.0407,-1764.88,0.94
9663,9.16,7.5685,-2169.79,0.19
9664,10.96,2684.074,-1760.45,0.2
9665,10.28,33144.8539,-1923.19,0.19
9666,10.0,0.3714,-1255.05,0.18
9667,8.2,2572.6545,-3855.26,0.93
9668,9.08,30.1229,-2007.9,0.18
9669,9.2,337021.1326,-2528.73,0.17
9670,12.88,676033.3194,-2292.84,0.18
9671,7.88,36585.7093,-1325.63,0.21
9672,11.04,7.8526,-1447.06,0.86
9673,8.32,339683.9408,-3000.28,0.19
9674,12.96,397147.2083,-2250.3,0.18
9675,9.04,119902.4992,-2540.56,0.19
9676,10.48,8.122,-1202.99,0.2
9677,12.92,5324.5804,-1500.64,0.91
9678,9.56,2012.3006,-1252.08,0.2
9679,8.0,529377.5252,-2500.24,0.23
9680,7.28,22.4823,-2012.4,0.17
9681,11.36,1.4754,-1286.61,0.17
9682,11.88,620.0154,-3751.66,1.01
9683,8.6,444.0133,-2327.69,0.17
9684,12.52,903.8241,-2066.44,0.17
9685,7.84,65946.9397,-1256.8,0.2
9686,8.76,0.4977,-1508.46,0.17
9687,8.08,10.3714,-1509.18,0.18
9688,10.12,464557.1379,-1548.64,0.2
9689,9.08,120.685,-1755.52,0.18
9690,7.8,2312.6419,-3046.64,0.2
9691,10.36,507633.2827,-2251.55,0.18
9692,7.2,356855.8842,-2521.77,0.25
9693,12.64,2714.476,-2750.4,0.88
9694,9.84,338932.2687,-2751.54,0.21
9695,12.52,458010.0325,-2767.17,0.17
9696,11.52,1071242.7783,-4544.37,0.2
9697,9.76,120054.1248,-2556.76,0.17
9698,7.28,21.4689,-1544.96,0.9
9699,9.8,337261.1745,-1504.35,0.23
9700,8.88,122822.5678,-2219.67,0.19
9701,11.76,204.1451,-3267.1,0.2
9702,10.56,513355.4221,-2544.14,0.19
9703,8.36,896.3255,-3017.84,0.9
9704,10.12,39.1326,-1598.6,0.73
9705,9.68,65946.8084,-1252.6,0.18
9706,10.0,0.3409,-1258.43,0.2
9707,11.76,4.2602,-2514.04,0.21
9708,9.8,119925.153,-2755.2,0.87
9709,8.08,104874.7435,-2540.75,0.2
9710,9.56,0.054,-2250.38,0.22
9711,6.36,0.8978,-2273.32,0.2
9712,11.2,66571.863,-2778.82,0.22
9713,12.0,1211716.5976,-3000.91,0.9
9714,10.28,421.7997,-1771.15,0.21
9715,8.04,97.5392,-1268.46,0.17
9716,12.4,7.8415,-1945.94,0.19
9717,13.96,1817.6825,-1946.77,0.17
9718,10.68,22.8745,-1571.28,1.02
9719,11.24,386494.8413,-1500.27,0.23
9720,8.12,0.7451,-1019.56,0.18
9721,13.64,356826.9149,-2206.66,0.16
9722,11.12,1052860.6672,-2500.7,0.2
9723,10.52,356857.0672,-1505.08,0.84
9724,6.88,124803.495,-2093.21,0.2
9725,8.92,289.1099,-2004.15,0.16
9726,8.8,0.271,-2250.68,0.17
9727,12.24,2098.3802,-2750.26,0.22
9728,7.72,72526.9573,-2806.34,0.2
9729,9.84,489867.2107,-2500.45,0.25
9730,8.04,478814.3458,-2000.61,0.2
9731,5.6,1.9516,-1299.35,0.2
9732,13.56,3.3943,-1834.62,0.21
9733,9.92,295774.2441,-3477.48,0.23
9734,11.32,743574.2944,-1751.92,1.01
9735,8.32,1086816.3751,-1757.91,0.24
9736,7.2,0.1047,-3505.12,0.2
9737,8.24,98.341,-1000.59,0.22
9738,6.04,68812.0996,-1959.48,0.22
9739,6.72,67146.2542,-1830.51,1.09
9740,7.08,0.0546,-1500.54,0.21
9741,8.64,0.5106,-762.67,0.24
9742,8.72,699760.6531,-2758.95,0.2
9743,6.4,781004.9295,-2477.19,0.18
9744,8.88,4.9517,-1373.7,1.14
9745,9.96,4.6566,-2007.82,0.2
9746,9.24,436201.2881,-1762.57,0.2
9747,9.0,36624.2878,-1762.0,0.2
9748,6.32,955182.8188,-2528.71,0.19
9749,8.44,97.6686,-1783.96,0.84
9750,5.84,5.3875,-2590.6,0.21
9751,10.4,1413658.8652,-4000.41,0.21
9752,6.8,2199.7797,-2000.83,0.21
9753,8.4,2.2616,-506.0,0.26
9754,9.4,0.7009,-1509.04,0.92
9755,10.52,289206.4446,-1759.7,0.17
9756,10.28,120393.8646,-2258.89,0.18
9757,5.52,24.1072,-2705.67,0.18
9758,8.28,0.5252,-513.13,0.2
9759,13.48,1005.259,-2944.82,0.97
9760,8.24,1145195.6387,-3008.54,0.17
9761,9.32,359844.6663,-1258.98,0.19
9762,10.68,338550.5704,-3037.87,0.19
9763,8.92,476787.9494,-2072.2,0.18
9764,7.56,65947.273,-2000.73,0.97
9765,7.72,718120.5594,-1756.29,0.21
9766,8.24,0.0178,-1250.37,0.19
9767,9.04,86.8637,-5469.73,0.25
9768,11.76,352338.6478,-2287.4,0.17
9769,7.72,187983.685,-2023.29,0.99
9770,6.96,128.3337,-2640.96,0.19
9771,8.96,2805.1304,-1132.5,0.18
9772,8.88,46.9771,-2371.82,0.18
9773,10.48,120030.1893,-2015.04,0.19
9774,6.72,10.449,-2511.16,0.19
9775,10.28,2747.4002,-1295.51,0.95
9776,8.64,35.5743,-1260.76,0.19
9777,9.84,10.1979,-1506.87,0.19
9778,8.6,32254.6095,-3558.34,0.18
9779,7.64,120046.2238,-1285.02,0.19
9780,9.24,118984.3538,-1817.05,1.01
9781,10.16,2438.1671,-1876.05,0.18
9782,9.92,955887.3115,-3000.2,0.2
9783,11.0,1952.7839,-2294.42,0.2
9784,8.92,873643.1034,-1773.66,0.2
9785,12.4,359391.2888,-1530.94,0.96
9786,8.4,148608.5718,-1266.88,0.2
9787,11.32,2.4638,-1811.47,0.2
9788,11.68,25.1136,-1276.33,0.17
9789,6.6,114730.3934,-1278.3,0.18
9790,10.2,1056059.9686,-1005.34,1.08
9791,5.96,1.8141,-1781.62,0.17
9792,11.08,763225.0538,-2069.69,0.18
9793,11.2,1351.0524,-2003.75,0.18
9794,10.92,1483.6354,-3149.51,0.21
9795,11.36,2192.3775,-2895.95,1.55
9796,8.2,870428.9144,-1759.88,0.22
9797,11.88,0.5166,-4008.91,0.17
9798,8.84,1006.1778,-1001.2,0.18
9799,6.04,12.113,-1011.34,0.22
9800,9.84,32277.5174,-3103.13,0.94
9801,6.8,18.8572,-2251.71,0.19
9802,10.0,50.179,-1536.27,0.19
9803,10.56,65955.3954,-1467.31,0.18
9804,7.88,152362.6259,-1879.08,0.19
9805,8.08,1.2629,-782.53,0.97
9806,6.24,6.1437,-1653.45,0.21
9807,9.04,770427.684,-1295.39,0.21
9808,13.72,3467.4852,-4505.42,0.19
9809,10.44,40443.1384,-1312.08,0.19
9810,8.0,4898.117,-783.56,1.1
9811,8.84,1.3012,-782.45,0.18
9812,8.8,71390.384,-922.19,0.2
9813,8.2,2.3115,-1057.73,0.25
9814,10.48,1.0826,-1025.11,0.24
9815,11.16,2568.7313,-2003.76,0.19
9816,7.88,3.6482,-2296.3,0.17
9817,11.08,240027.3174,-3250.97,0.2
9818,11.28,478333.5313,-1599.06,0.2
9819,10.88,451.9804,-923.51,0.2
9820,9.28,67849.1744,-1762.96,0.21
9821,8.4,2.6966,-817.19,1.09
9822,7.56,10.3335,-760.04,0.19
9823,9.52,128.4818,-1700.41,0.18
9824,12.08,86679.6258,-2757.39,0.18
9825,9.8,720478.6831,-1524.71,0.2
9826,8.08,67849.5471,-2272.22,1.04
9827,11.04,752020.115,-2755.38,0.18
9828,11.4,454826.5131,-1424.02,0.19
9829,9.04,74006.5239,-1757.4,0.19
9830,6.56,168316.1863,-2908.42,0.21
9831,11.36,11.4967,-4400.42,0.86
9832,11.92,395767.9631,-1297.02,0.19
9833,11.08,65946.9836,-507.06,0.2
9834,11.64,0.8064,-514.99,0.18
9835,10.72,352360.1888,-1501.7,0.18
9836,12.72,119952.4734,-1906.34,1.01
9837,6.68,727096.0138,-2869.02,0.17
9838,9.96,154128.9285,-1764.6,0.22
9839,7.24,119110.3682,-1770.96,0.17
9840,8.52,1006.5897,-2757.72,0.21
9841,9.48,32238.2247,-1530.66,1.11
9842,11.6,2987.2733,-2008.76,0.24
9843,9.24,33893.1147,-1565.65,0.23
9844,7.64,360809.0881,-1252.69,0.2
9845,7.84,78.593,-2029.23,0.2
9846,11.44,671453.1783,-1250.82,1.21
9847,12.12,363070.7272,-2250.71,0.18
9848,9.76,0.6052,-2264.12,0.19
9849,10.32,1704.7499,-4044.26,0.23
9850,10.84,2650.3062,-1753.43,0.17
9851,6.8,359725.244,-1988.44,1.13
9852,6.24,22.5346,-1799.36,0.17
9853,7.84,12274.5175,-2001.02,0.18
9854,8.4,96.372,-1752.48,0.21
9855,9.72,719646.0267,-2004.73,0.19
9856,10.96,51.1007,-975.04,0.2
9857,9.92,593551.3319,-1565.21,0.18
9858,11.44,239438.7696,-1500.38,0.18
9859,13.08,359849.3894,-2313.66,0.2
9860,9.76,761.3344,-1792.59,0.18
9861,10.0,32278.8454,-1751.47,0.18
9862,12.76,96.8745,-2013.88,1.15
9863,13.68,172033.2995,-2817.72,0.2
9864,9.52,42890.953,-2018.45,0.19
9865,5.92,273.2994,-1434.3,0.21
9866,10.84,1006.7805,-766.29,0.22
9867,8.16,114735.7868,-2425.25,1.1
9868,13.72,714342.5753,-3508.74,0.17
9869,10.08,1006.5598,-1761.71,0.18
9870,11.4,362650.4876,-1503.33,0.19
9871,9.04,503856.4934,-1779.09,0.25
9872,6.48,674483.1441,-3274.66,1.17
9873,10.8,121518.688,-2079.13,0.19
9874,9.88,120053.3572,-1287.67,0.19
9875,6.88,120051.6752,-3471.04,0.26
9876,9.96,24.1551,-2250.93,0.2
9877,10.24,1500.4829,-1501.02,1.06
9878,11.52,354258.1996,-2252.03,0.17
9879,6.12,889980.0156,-2023.45,0.74
9880,8.6,120172.8853,-1264.28,0.17
9881,7.52,105719.3016,-1756.24,0.19
9882,6.88,3505.8591,-1594.71,0.89
9883,6.36,219863.0535,-1614.71,0.17
9884,7.36,64.789,-2032.74,0.17
9885,7.32,0.426,-3002.44,0.19
9886,7.64,33885.4729,-2153.51,0.23
9887,6.68,0.6265,-1015.41,0.9
9888,12.88,48021.0574,-2751.25,0.18
9889,12.88,722912.7174,-2501.8,0.24
9890,7.2,375395.6325,-3543.64,0.19
9891,9.52,472788.2234,-1440.39,0.21
9892,12.04,1417156.8582,-4545.79,1.08
9893,5.08,19.2906,-2000.89,0.18
9894,10.0,713955.0514,-2257.6,0.2
9895,11.6,118980.7358,-1575.24,0.18
9896,10.96,760.3399,-1251.48,0.26
9897,8.6,27.7006,-1663.75,1.07
9898,11.28,1.4821,-786.8,0.25
9899,10.6,3728.1791,-1949.4,0.21
9900,11.44,0.0228,-1001.51,0.22
9901,9.4,572631.406,-1712.15,0.22
9902,12.48,65955.2428,-2707.49,0.18
9903,12.68,3471.1551,-2826.46,0.99
9904,10.36,509348.5238,-2190.04,0.17
9905,10.96,359762.8985,-1751.73,0.2
9906,4.72,35.5946,-1502.77,0.2
9907,11.48,1102.4396,-750.38,0.2
9908,8.56,169404.7146,-1972.34,0.87
9909,8.72,48.4795,-1506.55,0.2
9910,5.96,71416.458,-3246.65,0.19
9911,7.72,360209.6704,-1122.63,0.19
9912,11.24,474159.158,-2005.52,0.18
9913,12.16,696735.1161,-1751.48,0.91
9914,13.68,1.9867,-3000.86,0.2
9915,12.76,0.3431,-1759.3,0.19
9916,9.68,479888.6971,-1759.39,0.18
9917,13.0,392500.7774,-3529.0,0.19
9918,10.68,169592.0398,-1562.9,0.9
9919,9.92,387620.2937,-1438.52,0.17
9920,6.92,4769.9971,-1839.67,0.17
9921,10.2,8429.5232,-2514.11,0.2
9922,9.48,426233.7873,-1250.84,0.19
9923,11.68,94.9121,-2210.32,0.85
9924,9.92,1.8021,-545.03,0.17
9925,9.84,127413.6808,-1355.79,0.22
9926,12.44,1032904.9134,-2253.01,0.18
9927,10.76,96.676,-2009.17,0.2
9928,10.16,335726.6671,-2001.96,0.93
9929,10.44,4601.2764,-1251.53,0.16
9930,6.84,32261.3572,-634.77,0.16
9931,10.64,712553.004,-2044.32,0.2
9932,9.4,50.537,-1513.93,0.18
9933,12.96,478604.6944,-1513.81,0.9
9934,6.92,359824.8718,-1298.23,0.19
9935,11.28,151320.5739,-1814.74,0.17
9936,8.68,15.3844,-2884.4,0.18
9937,10.72,1504.6751,-1606.9,0.24
9938,12.92,363228.7124,-2274.04,0.86
9939,8.84,37003.575,-2753.03,0.2
9940,8.4,40.0586,-1295.78,0.21
9941,8.04,3.302,-561.11,0.17
9942,10.32,121817.6668,-1750.53,0.23
9943,13.84,354266.6401,-2213.26,0.17
9944,5.48,196.0285,-2061.6,0.16
9945,8.76,603.9772,-2147.54,0.22
9946,14.56,716907.8641,-3000.15,0.18
9947,10.88,2711.3098,-1196.84,0.25
9948,8.68,42.1166,-1750.33,0.19
9949,6.72,38.5824,-1503.18,0.96
9950,12.76,335726.8391,-1756.64,0.19
9951,9.84,65946.8688,-1503.94,0.19
9952,9.08,599903.5488,-3040.43,0.22
9953,7.6,119904.4868,-1091.5,0.19
9954,12.12,360046.9824,-1770.63,0.98
9955,11.76,119900.2358,-2326.61,0.19
9956,10.24,1151.9528,-1500.34,0.17
9957,7.8,854905.1373,-2576.65,0.18
9958,13.48,354258.1922,-2000.59,0.2
9959,6.64,254.2867,-1304.53,0.98
9960,12.92,335774.7637,-1500.22,0.23
9961,13.16,19.1388,-2659.69,0.2
9962,10.56,308203.5164,-1751.26,0.22
9963,11.28,785423.6369,-3038.86,0.21
9964,9.64,61323.0435,-1827.02,1.07
9965,12.64,1006.8252,-2014.26,0.21
9966,8.56,4928.1644,-2327.3,0.26
9967,12.16,44270.5,-2002.01,0.16
9968,10.88,11.2814,-2893.08,0.18
9969,4.76,10.94,-775.21,1.58
9970,13.16,0.0207,-1500.45,0.18
9971,8.32,0.1285,-1253.12,0.2
9972,10.96,4.2612,-3752.91,0.19
9973,13.8,479106.5328,-2509.72,0.21
9974,11.88,2573.7584,-2196.48,1.13
9975,11.24,355040.8946,-1763.25,0.24
9976,10.52,559158.4297,-2750.23,0.18
9977,8.52,43.4788,-1786.3,0.18
9978,9.76,151.0422,-1141.26,0.2
9979,13.2,1063857.2799,-3009.97,0.93
9980,14.12,5.7796,-638.52,0.19
9981,6.92,240062.6464,-2005.76,0.26
9982,10.76,119948.0005,-1058.07,0.26
9983,12.56,3709.744,-2250.57,0.22
9984,10.68,98183.5666,-1753.51,0.23
9985,4.28,105259.1376,-2000.99,0.19
9986,9.24,56489.9425,-1264.11,0.16
9987,10.48,367980.6384,-1184.73,0.19
9988,7.96,391977.5024,-2002.14,0.18
9989,10.72,33879.313,-1003.53,0.19
9990,12.28,1062238.4227,-2506.08,1.07
9991,9.16,165773.3525,-2019.37,0.21
9992,7.96,150.819,-3135.54,0.2
9993,12.88,0.4844,-1262.02,0.21
9994,12.68,335728.6639,-1501.81,0.21
9995,13.2,42897.3386,-1706.27,1.05
9996,8.68,100204.1944,-1962.89,0.19
9997,12.16,24.6821,-1514.2,0.22
9998,9.64,153911.0324,-2044.72,0.21
9999,9.64,32277.073,-3802.42,0.17
10000,13.24,1530.9194,-2502.64,1.08
10001,12.16,120556.6801,-3521.55,0.22
10002,10.96,714102.205,-3083.61,0.18
10003,5.56,713679.6382,-2022.64,0.22
10004,11.08,392517.5274,-2250.96,0.21
