episode,avg_pods,avg_latency,reward,execution_time
1,9.04,1.413,-3501.98,0.87
2,8.4,352735.9204,-4004.66,0.21
3,7.92,72731.2722,-3589.85,0.26
4,6.92,547453.0712,-3025.39,0.23
5,7.92,56465.378,-3250.88,0.2
6,8.2,6.1735,-2627.44,0.2
7,9.92,0.6413,-3512.48,0.22
8,8.68,751.2366,-2504.9,0.19
9,7.6,362521.7266,-3006.15,0.21
10,11.8,121304.4,-3892.26,0.19
11,9.2,38.4978,-3001.4,0.21
12,8.76,355281.138,-1534.77,0.75
13,7.6,296399.0867,-3751.94,0.24
14,5.2,355280.7308,-2524.08,0.2
15,11.56,2138244.3652,-3893.47,0.23
16,9.88,8.1078,-3197.58,0.2
17,9.96,8354.0076,-3580.34,0.22
18,11.56,120951.9316,-3501.33,0.24
19,8.64,360167.0078,-4750.12,0.21
20,8.28,310.471,-3510.33,0.23
21,11.56,361451.6804,-3250.35,0.23
22,8.84,120134.4006,-3507.0,0.2
23,7.8,750053.4434,-3779.97,0.19
24,8.32,1285.4551,-2008.82,0.3
25,8.2,1.8028,-2544.94,0.43
26,11.52,475801.9167,-3751.63,0.41
27,11.44,5140.2622,-3251.15,0.32
28,10.48,9709.4668,-2750.38,0.24
29,10.96,454795.624,-3250.65,0.28
30,8.16,340067.8232,-3268.43,0.29
31,13.2,756527.8908,-3009.6,0.27
32,7.24,0.4927,-3012.1,0.25
33,9.4,170114.9041,-3750.74,0.29
34,7.32,1100.456,-4004.46,0.4
35,8.96,45.9021,-4688.5,0.32
36,8.04,396299.0442,-2754.24,0.32
37,9.44,0.0679,-3251.45,0.26
38,8.04,357965.6433,-2046.88,0.24
39,9.08,43207.8974,-2791.9,0.31
40,9.68,751554.0436,-2537.08,0.36
41,8.12,4.5542,-1569.69,0.29
42,7.6,1.3596,-2533.43,0.37
43,8.28,120016.7605,-2500.36,0.4
44,9.2,123417.3958,-3010.28,0.38
45,7.56,32237.2548,-3253.32,0.41
46,9.24,34940.3174,-3002.7,0.36
47,7.72,2944.9301,-3504.59,0.29
48,7.48,362354.3412,-2251.06,0.32
49,9.92,745487.0996,-2817.16,0.23
50,9.32,336048.0432,-3141.31,0.25
51,8.04,7.5278,-3288.52,0.33
52,8.64,2.6739,-2758.74,0.27
53,10.6,121764.9264,-3520.17,0.33
54,8.24,5618.5498,-3000.96,0.32
55,9.04,359522.2284,-2501.98,0.36
56,8.72,918.2674,-2263.8,0.29
57,11.52,0.4264,-3010.42,0.26
58,7.52,21.611,-2028.38,0.24
59,8.68,5.0047,-1562.55,0.24
60,9.48,0.2563,-2006.15,0.3
61,8.92,32247.8557,-3001.28,0.26
62,10.8,363073.282,-3002.18,0.23
63,8.92,350881.9705,-2279.87,0.27
64,5.48,71364.3082,-2508.05,0.25
65,7.08,2.4813,-3311.68,0.22
66,5.48,71364.0563,-2251.67,0.24
67,5.84,428020.0675,-3003.17,0.25
68,9.16,1.6954,-2541.62,0.29
69,8.36,236.3692,-2757.19,0.24
70,9.6,472119.5103,-2050.79,0.2
71,6.04,33881.7475,-2314.05,0.21
72,7.08,20.2279,-1856.18,0.34
73,9.36,71364.1754,-2250.52,0.35
74,6.84,118952.1358,-3003.04,0.4
75,10.16,25.1242,-3025.28,0.38
76,9.8,32861.0107,-2280.45,0.42
77,11.72,11.1204,-1889.32,0.33
78,5.96,240028.4304,-2528.9,0.29
79,6.28,18.9666,-1754.42,0.3
80,7.12,0.0138,-3500.22,0.23
81,7.84,32246.8596,-2033.81,0.22
82,5.16,21.2339,-2501.66,0.2
83,4.88,67858.2485,-1914.37,0.21
84,6.64,698963.1684,-2021.68,0.24
85,9.36,424.9664,-1350.38,0.22
86,7.2,3.8496,-2318.65,0.19
87,4.68,1009619.9332,-4001.0,0.24
88,9.92,0.0595,-2251.43,0.23
89,6.56,42.6836,-2543.98,0.23
90,4.76,389.7962,-2999.49,0.26
91,5.68,359898.3086,-2086.94,0.24
92,9.08,10.854,-3519.71,0.24
93,5.2,8.7984,-1719.92,0.23
94,6.04,67889.9373,-1868.12,0.24
95,7.16,58.5026,-2501.52,0.29
96,8.56,340404.5592,-1393.94,0.29
97,9.04,422.1556,-1030.15,0.33
98,4.68,52.8354,-2190.6,0.31
99,10.28,5.7546,-1895.48,0.32
100,4.92,3.5628,-2338.92,0.25
101,4.56,17.6891,-942.06,0.26
102,5.04,4795.5502,-1970.43,0.26
103,4.24,356863.892,-2410.07,0.32
104,7.2,1869947.151,-2303.83,0.31
105,4.76,719405.0827,-1503.23,0.29
106,6.4,68271.7553,-1053.78,0.34
107,8.4,0.0695,-3250.88,0.23
108,6.32,273949.8276,-2568.03,0.2
109,4.56,0.1767,-2251.51,0.27
110,5.08,50.2612,-3253.75,0.2
111,5.8,2.5919,-1564.59,0.21
112,8.2,58.1313,-2705.8,0.31
113,5.44,440983.346,-4479.45,0.24
114,6.2,359874.6906,-750.79,0.36
115,8.2,2078.6148,-3004.2,0.29
116,9.24,339350.7648,-1779.98,0.31
117,5.24,74.0253,-3764.7,0.27
118,4.76,41.7934,-3298.47,0.82
119,4.96,11.2873,-2233.43,0.28
120,4.2,168317.4052,-3189.35,0.2
121,4.52,152.8524,-2534.82,0.21
122,7.96,0.2941,-3257.28,0.21
123,10.4,0.3525,-2508.72,0.21
124,7.76,67927.9949,-4272.24,0.25
125,5.8,8.1269,-2567.87,0.19
126,3.8,44.0378,-2752.38,0.37
127,6.88,293.5996,-2043.38,0.33
128,5.88,9.8062,-3774.86,0.32
129,7.76,35.2366,-3251.3,0.32
130,5.88,10.9456,-9273.51,0.27
131,10.96,2.5764,-314.39,0.22
132,6.8,6.5114,-4568.07,0.22
133,5.28,14.9496,-873.71,0.22
134,6.8,15.9358,-2313.74,0.23
135,7.72,0.5136,-3265.58,0.2
136,11.84,0.3728,-8258.99,0.3
137,8.48,451735.4822,-1526.07,0.19
138,4.12,0.0373,-4750.49,0.19
139,6.08,120016.7114,-7076.68,0.25
140,8.84,2310.7764,-2557.82,0.26
141,6.32,359806.6646,-1501.8,0.24
142,5.6,0.0142,-1500.3,0.25
143,7.2,120015.6223,-799.52,0.25
144,8.64,0.0138,-3005.3,0.27
145,4.04,0.0348,-1250.68,0.24
146,7.64,14.2263,-548.12,0.24
147,8.88,0.0666,-751.59,0.22
148,5.08,19.3422,-1983.47,0.21
149,5.6,0.0176,-250.42,0.22
150,8.04,1.21,-1773.22,0.23
151,3.76,11.902,-1297.48,0.19
152,7.44,4.3444,-2554.46,0.31
153,6.12,8308.541,-3000.57,0.36
154,5.52,24.3933,-609.83,0.32
155,3.52,0.0952,-3001.24,0.25
156,10.68,2.5274,-1314.14,0.25
157,8.68,2744.5471,-821.45,0.24
158,6.12,3.8151,-1791.11,0.24
159,11.92,0.0126,-750.29,0.21
160,4.56,26.367,-1659.14,0.22
161,5.44,43.9547,-1470.27,0.37
162,9.84,3547.1877,-1295.41,0.39
163,12.4,32236.7447,-7000.37,0.33
164,6.36,475305.2348,-1534.61,0.37
165,7.52,240443.2216,-2759.17,0.3
166,7.6,77.8082,-5555.82,0.32
167,8.64,32236.8996,-2007.37,0.21
168,5.48,18.1566,-1953.78,0.23
169,9.48,120040.5744,-1501.16,0.19
170,6.2,360040.9168,-1750.26,0.22
171,3.52,26.3897,-5159.2,0.2
172,5.24,4.1053,-352.62,0.2
173,6.8,120057.6986,-973.01,0.21
174,5.56,13.7136,-1342.82,0.21
175,9.4,1.1185,-764.41,0.23
176,6.76,814188.8405,-2874.68,0.23
177,6.68,426.3764,-2554.49,0.21
178,10.32,151318.0016,-500.5,0.2
179,5.12,21.1848,-529.62,0.28
180,5.8,135706.1502,-1471.04,0.37
181,5.0,71406.9944,-1826.07,0.31
182,8.8,1.3471,-520.14,0.27
183,7.12,360803.652,-6284.33,0.25
184,8.72,359697.337,-767.36,0.42
185,5.6,12.3108,-557.75,0.31
186,9.68,421.0009,-502.31,0.28
187,4.68,26.3767,-3909.37,0.41
188,7.08,2.9188,-1282.34,0.37
189,9.08,170642.8558,-3321.85,0.3
190,4.8,8.9195,-1722.92,0.27
191,3.12,1.8171,-2045.0,0.24
192,6.24,43.941,-469.96,0.27
193,4.0,8.8072,-1220.08,0.25
194,5.8,3.6694,-1079.67,0.23
195,8.32,76.4401,-1250.25,0.21
196,7.6,0.017,-1504.43,0.21
197,4.76,4.1423,-1544.24,0.21
198,7.08,359696.6934,-2003.28,0.21
199,9.72,421.7745,-1020.17,0.24
200,7.16,355281.8099,-2051.66,0.26
201,4.64,71401.6665,-1442.51,0.26
202,7.0,104.805,-777.33,0.43
203,6.64,7.1474,-178.68,0.32
204,6.84,79.6099,-1599.28,0.32
205,9.56,420.9732,-1500.6,0.22
206,9.92,0.3138,-258.8,0.28
207,4.36,359713.1032,-1015.66,0.24
208,6.96,1075032.4146,-1334.11,0.2
209,8.36,0.0249,-1500.58,0.22
210,4.52,15.9953,-2001.14,0.25
211,6.84,27.7213,-944.03,0.23
212,5.88,120033.8449,-755.25,0.28
213,6.44,0.4929,-762.31,0.3
214,9.76,9709.9677,-763.89,0.28
215,4.28,475294.3101,-2023.31,0.26
216,4.6,339252.4376,-979.19,0.3
217,4.92,17.2215,-2180.5,0.21
218,10.68,0.0161,-750.38,0.26
219,11.8,439464.6609,-1000.35,0.27
220,4.48,10.5622,-764.03,0.22
221,11.0,0.7388,-1018.32,0.21
222,6.2,38.5431,-845.47,0.21
223,7.92,187865.7078,-1585.45,0.27
224,9.04,0.0273,-751.6,0.31
225,8.48,2.511,-2061.95,0.28
226,4.04,18.0851,-1702.09,0.26
227,7.64,118.6855,-1848.68,0.25
228,9.76,421.2532,-2257.6,0.26
229,11.48,120040.809,-1257.24,0.22
230,7.2,10.5884,-514.7,0.24
231,7.56,886810.7286,-1317.39,0.27
232,6.36,120041.8173,-1733.46,0.91
233,5.08,547567.681,-1822.88,0.28
234,5.64,120027.7714,-1353.4,0.26
235,8.8,2.505,-1062.21,0.28
236,6.0,459151.6138,-1937.96,0.26
237,10.2,1007.1693,-527.02,0.23
238,8.72,855.5988,-1797.82,0.23
239,4.16,19.4924,-737.3,0.24
240,6.48,563251.0049,-1314.17,0.28
241,8.8,1.932,-298.28,0.27
242,9.36,64476.8215,-2336.52,0.25
243,7.0,11.031,-731.83,0.31
244,6.72,1023481.4283,-2153.93,0.24
245,12.56,0.1586,-503.94,0.33
246,13.96,359670.1562,-1395.77,0.35
247,5.36,0.2131,-5.33,0.36
248,13.36,2566.0805,-2002.66,0.38
249,12.96,0.1132,-2.83,0.29
250,5.6,2.3809,-309.5,0.28
251,9.76,1172.4318,-2643.87,0.24
252,6.04,24.7178,-1117.91,0.3
253,7.64,384014.3792,-2501.15,0.26
254,4.88,45.7008,-1142.52,0.29
255,10.36,119087.098,-646.9,0.23
256,7.08,4.8723,-1371.04,0.23
257,8.08,13.4679,-779.11,0.22
258,6.36,45.2599,-1131.5,0.23
259,8.08,56630.6402,-767.97,0.21
260,14.04,5354.7227,-1251.31,0.21
261,7.28,120051.8657,-1205.77,0.24
262,9.52,38.2743,-251.48,0.22
263,4.76,54.5077,-1483.79,0.25
264,5.08,19.3883,-734.71,0.21
265,5.12,8.8662,-721.47,0.24
266,11.6,0.0457,-251.12,0.22
267,8.88,360166.6213,-1753.79,0.2
268,5.76,19.4088,-735.21,0.25
269,7.76,19.5261,-1854.2,0.23
270,4.16,58.4562,-2414.19,0.21
271,7.8,120019.0387,-1340.43,0.26
272,3.92,17.8894,-947.22,0.22
273,9.92,119081.6338,-759.16,0.22
274,4.24,9.0045,-1225.09,0.2
275,7.64,1.7356,-517.33,0.22
276,6.56,647121.0441,-1046.3,0.23
277,5.84,28.1595,-1203.96,0.21
278,10.08,240083.5041,-561.77,0.23
279,6.04,12.875,-571.87,0.22
280,6.08,10.573,-514.31,0.3
281,14.56,0.0417,-751.91,0.39
282,6.64,1022822.0244,-1963.63,0.32
283,6.32,19.3683,-1690.25,0.23
284,13.32,719748.6334,-1513.25,0.23
285,4.84,114731.8909,-829.16,0.24
286,4.84,21.2935,-532.34,0.23
287,10.88,0.0476,-1251.08,0.23
288,3.68,35.2208,-2380.16,0.21
289,10.8,0.4789,-512.94,0.36
290,4.44,26.4964,-1162.23,0.3
291,9.56,360166.9562,-759.15,0.24
292,5.8,0.9056,-272.63,0.25
293,3.88,17.6204,-690.5,0.2
294,10.92,367990.7828,-1334.88,0.27
295,3.92,38.2163,-955.41,0.21
296,9.36,421.2729,-758.08,0.27
297,3.64,28.1488,-953.71,0.19
298,9.0,0.1078,-2.7,0.25
299,5.4,11.9589,-548.95,0.33
300,8.6,0.1004,-252.49,0.33
301,11.32,728157.4607,-1336.78,0.27
302,5.44,26.4908,-513.77,0.28
303,8.36,2.2004,-304.99,0.28
304,4.64,0.4245,-511.42,0.3
305,10.68,0.0475,-1.19,0.29
306,6.8,5.7062,-1102.05,0.29
307,3.36,24.7687,-1970.45,0.24
308,9.04,478243.6039,-2500.74,0.27
309,2.88,17.7121,-1192.76,0.21
310,12.76,720929.2359,-1036.58,0.21
311,5.68,834817.8638,-1315.77,0.24
312,8.36,76.7297,-3007.42,0.27
313,7.96,0.0742,-2.86,0.31
314,10.08,3.0567,-826.41,0.23
315,9.96,6.5852,-411.33,0.29
316,6.32,255646.0578,-1646.53,0.25
317,7.04,71545.8818,-2249.73,0.27
318,12.88,708516.2504,-751.92,0.25
319,7.64,0.5594,-13.98,0.28
320,9.84,238165.0186,-1312.37,0.28
321,3.28,8.8165,-2470.15,0.23
322,7.72,1.101,-530.45,0.27
323,7.4,2.2924,-293.78,0.29
324,6.04,746337.8922,-817.56,0.25
325,5.16,8.896,-222.4,0.29
326,7.2,240055.99,-1467.99,0.27
327,14.08,74.2946,-1251.22,0.26
328,8.36,38.2326,-2000.41,0.25
329,5.48,19.4389,-1235.95,0.27
330,3.96,19.34,-483.5,0.2
331,7.68,3.3453,-556.57,0.2
332,7.16,26.4039,-1190.49,0.23
333,5.6,882385.6696,-1259.38,0.21
334,13.08,0.0384,-750.92,0.2
335,11.84,121650.2845,-1326.25,0.27
336,8.84,359842.72,-767.21,0.29
337,5.0,17.5859,-439.65,0.27
338,6.2,0.0162,-0.41,0.26
339,6.52,8.8103,-220.26,0.26
340,10.56,1512936.5824,-2001.97,0.2
341,10.24,841.9292,-1000.81,0.26
342,6.32,1476878.5246,-1365.68,0.24
343,6.08,12.0837,-802.05,0.31
344,4.4,28.2944,-957.34,0.34
345,3.64,28.1701,-1954.23,0.36
346,4.48,10.6577,-1266.26,0.4
347,8.2,114.6567,-1001.28,0.27
348,3.68,29.4496,-766.64,0.25
349,5.92,18.0956,-1202.38,0.26
350,3.76,38.701,-967.53,0.19
351,10.92,689984.744,-751.7,0.25
352,7.0,120033.151,-1736.42,0.24
353,6.16,1070023.1833,-1780.36,0.28
354,8.12,1.3655,-35.14,0.26
355,10.12,367997.5552,-1004.35,0.23
356,5.64,120016.739,-1077.55,0.21
357,9.88,33880.2572,-777.11,0.2
358,7.04,2.7197,-1290.92,0.2
359,3.72,120013.6768,-2000.49,0.21
360,3.52,29.9437,-3498.36,0.2
361,3.24,8.8702,-721.46,0.4
362,4.76,787255.2604,-1291.34,0.27
363,4.96,1.8697,-46.74,0.25
364,4.08,17.6169,-940.25,0.21
365,4.8,14.0993,-602.32,0.24
366,11.12,238168.5595,-650.91,0.28
367,4.96,40.4248,-382.06,0.27
368,5.84,0.1125,-2.81,0.27
369,3.8,35.2745,-1131.7,0.25
370,6.08,1481951.3664,-1314.39,0.27
371,5.56,13.7112,-342.78,0.27
372,9.64,32236.7444,-1001.6,0.28
373,7.08,120048.8085,-1879.33,0.29
374,7.84,0.1286,-4.22,0.27
375,7.16,527107.6272,-1528.58,0.27
376,12.08,8.8138,-220.34,0.23
377,8.52,0.2966,-7.41,0.22
378,9.84,0.0266,-0.67,0.28
379,4.84,34.254,-856.35,0.21
380,12.32,360263.1125,-1255.66,0.23
381,5.36,14.262,-1104.1,0.24
382,7.16,407096.1868,-1106.6,0.2
383,7.88,421.6908,-268.57,0.24
384,7.52,1.6441,-793.05,0.26
385,5.12,120022.4522,-1720.38,0.21
386,3.28,20.2158,-1755.19,0.21
387,4.12,35.3594,-883.98,0.21
388,9.8,392427.4659,-1501.59,0.21
389,8.6,421.6522,-517.58,0.35
390,9.68,1263.1672,-1508.06,0.25
391,6.88,18.0702,-701.74,0.22
392,4.28,31.2012,-1030.03,0.28
393,8.12,0.0202,-0.51,0.21
394,4.6,8334.9232,-1160.87,0.31
395,6.36,5.1619,-129.05,0.17
396,8.68,0.1055,-252.61,0.32
397,5.12,698947.492,-793.69,0.38
398,5.48,19.5471,-488.68,0.32
399,7.4,3.4818,-323.51,0.28
400,8.2,38.5654,-508.73,0.29
401,8.4,0.132,-253.29,0.31
402,4.44,168271.8537,-546.8,0.29
403,7.84,0.4248,-260.55,0.24
404,9.68,33880.8946,-293.09,0.29
405,4.28,12.3159,-807.89,0.25
406,4.56,63.4803,-958.45,0.22
407,4.52,10.5538,-513.82,0.33
408,9.8,432.7318,-750.57,0.38
409,4.36,28.2308,-705.77,0.36
410,14.16,5.8213,-645.49,0.31
411,6.0,12.3091,-307.73,0.28
412,4.72,8.8146,-720.33,0.25
413,10.76,38734.4051,-513.97,0.4
414,5.72,1.895,-47.38,0.33
415,5.72,10.6508,-266.27,0.32
416,14.0,5.9196,-647.98,0.41
417,6.72,818962.7734,-834.86,0.47
418,7.76,67853.8428,-879.7,0.26
419,12.44,0.0732,-752.77,0.26
420,12.84,756.0308,-645.28,0.22
421,5.0,8.9164,-222.91,0.22
422,5.24,14.069,-601.71,0.22
423,6.64,19.3535,-733.82,0.25
424,4.52,120024.4146,-1019.45,0.22
425,3.68,10.5996,-2264.79,0.23
426,6.48,17.2356,-636.97,0.22
427,7.64,1.3839,-784.59,0.23
428,7.64,2.1949,-54.87,0.23
429,12.48,0.0467,-1.17,0.26
430,7.72,599791.1726,-1551.15,0.25
431,7.88,38.8292,-265.35,0.22
432,8.08,39.0639,-272.22,0.23
433,4.44,168282.3265,-1058.32,0.24
434,7.24,0.7782,-19.46,0.25
435,11.68,119071.7683,-2761.54,0.23
436,8.68,359704.2454,-440.18,0.23
437,4.24,3.5264,-88.16,0.21
438,4.0,0.8923,-772.13,0.21
439,13.2,360095.1876,-536.26,0.24
440,3.0,17.6452,-941.1,0.2
441,6.92,39.4256,-3530.16,0.24
442,10.24,119083.7766,-1062.86,0.23
443,7.68,1.4359,-35.9,0.22
444,4.24,30.1704,-754.26,0.22
445,10.36,119081.6366,-509.33,0.27
446,5.0,474945.9715,-1634.83,0.23
447,4.2,19.372,-484.3,0.25
448,7.56,0.6098,-15.24,0.25
449,5.0,1054226.3711,-1522.22,0.23
450,5.6,187864.9989,-1567.62,0.24
451,4.56,38.306,-1207.63,0.23
452,5.28,8.894,-222.35,0.24
453,4.88,10.5549,-263.87,0.27
454,7.08,120024.2438,-765.22,0.25
455,6.68,834887.3594,-3600.98,0.22
456,8.56,1.1402,-778.5,0.27
457,4.92,13.6414,-591.03,0.23
458,8.08,0.3515,-1010.77,0.24
459,6.36,4.3441,-1331.53,0.21
460,7.4,0.1245,-505.09,0.23
461,4.56,26.4799,-662.0,0.77
462,10.8,392403.3752,-501.64,0.21
463,8.8,2.8579,-71.45,0.22
464,6.32,240033.3961,-904.14,0.25
465,5.44,8329.7358,-781.19,0.25
466,8.16,0.349,-8.73,0.25
467,3.6,36.9396,-1673.15,0.22
468,7.84,421.3093,-259.04,0.22
469,7.68,0.9886,-24.72,0.24
470,4.04,3.5489,-838.44,0.22
471,4.6,168317.5392,-1438.96,0.22
472,4.16,19.533,-738.31,0.24
473,5.2,168278.7796,-469.97,0.22
474,4.4,28.2369,-705.92,0.25
475,8.44,0.0215,-1751.51,0.25
476,5.04,54.4838,-733.53,0.22
477,5.64,10.567,-514.17,0.22
478,4.76,22.8532,-571.33,0.21
479,3.84,19.445,-486.13,0.21
480,8.2,0.3508,-258.75,0.21
481,7.56,0.6684,-16.71,0.19
482,5.44,53.1923,-1860.2,0.2
483,5.0,28.2174,-1485.82,0.21
484,7.36,39.6471,-522.27,0.21
485,5.08,27.8191,-546.98,0.24
486,4.12,33905.5404,-909.24,0.21
487,7.4,0.7785,-269.45,0.22
488,6.88,2.1821,-54.55,0.21
489,4.04,47.0904,-1177.26,0.22
490,6.2,934910.788,-1312.92,0.23
491,10.64,424643.4972,-1588.67,0.27
492,3.76,5.3354,-133.39,0.22
493,8.2,56763.2686,-930.09,0.27
494,4.44,10.5709,-2014.24,0.28
495,9.12,11.7909,-500.74,0.37
496,4.52,10.6701,-516.59,0.42
497,8.32,77.1604,-518.26,0.31
498,6.72,1.9258,-298.13,0.3
499,4.64,3.3632,-84.08,0.21
500,8.76,1218.4288,-1546.27,0.34
501,7.4,38.8268,-265.29,0.33
502,8.68,7.8698,-196.74,0.23
503,7.16,5000.6354,-2509.27,0.2
504,3.4,17.6063,-940.14,0.25
505,8.32,0.8921,-22.3,0.3
506,9.16,159.2339,-846.08,0.24
507,5.12,3.7222,-93.05,0.25
508,4.28,1.9672,-49.18,0.27
509,8.4,0.018,-0.45,0.25
510,5.08,886828.973,-1553.9,0.22
511,10.0,8.034,-200.85,0.22
512,8.04,76.7223,-507.3,0.22
513,7.68,38.8866,-266.79,0.25
514,7.48,290.8077,-752.69,0.22
515,7.88,0.1289,-3.22,0.2
516,4.56,10.7514,-268.78,0.29
517,7.0,0.6693,-16.73,0.28
518,4.32,10.669,-516.56,0.29
519,3.68,17.7025,-692.54,0.27
520,10.24,119081.3616,-252.5,0.27
521,10.12,335726.628,-251.47,0.27
522,7.6,0.1829,-4.57,0.25
523,10.36,357243.8227,-750.95,0.24
524,7.56,0.0692,-1.73,0.24
525,3.6,26.3846,-659.61,0.22
526,7.32,0.8886,-22.22,0.27
527,5.2,120040.0976,-911.56,0.24
528,7.96,0.1299,-3.25,0.3
529,3.92,21.1,-527.5,0.25
530,7.0,1.2107,-30.27,0.23
531,9.2,119081.317,-251.39,0.21
532,4.56,29.435,-735.87,0.2
533,3.92,28.1445,-1203.44,0.22
534,4.64,24.4446,-611.12,0.21
535,3.52,35.3716,-1134.13,0.21
536,5.6,21.4703,-294.29,0.22
537,13.96,11.4799,-287.0,0.22
538,5.2,8.8938,-222.34,0.23
539,5.04,10.6565,-266.41,0.24
540,9.08,38.2391,-250.6,0.24
541,9.12,0.5904,-14.76,0.24
542,4.8,26.4651,-661.63,0.21
543,12.4,120040.5564,-500.98,0.23
544,9.88,0.1594,-3.98,0.22
545,4.16,38.6728,-966.82,0.23
546,5.68,1.416,-35.4,0.23
547,8.2,0.015,-0.38,0.25
548,11.12,358209.0932,-901.33,0.21
549,10.04,6.2062,-405.14,0.23
550,4.8,17.7753,-444.38,0.24
551,5.44,10.6534,-266.33,0.22
552,9.8,38.2376,-250.56,0.28
553,7.88,120013.665,-500.72,0.27
554,5.12,3.7214,-343.02,0.25
555,9.6,471.3542,-760.77,0.32
556,6.52,11.9784,-299.46,0.25
557,9.2,1.7885,-44.71,0.26
558,11.84,120043.8907,-334.35,0.25
559,9.92,0.3286,-8.21,0.28
560,6.8,2045073.0583,-2325.19,0.24
561,6.36,12.3222,-558.05,0.23
562,5.44,12.4283,-310.71,0.21
563,12.24,689984.7131,-500.93,0.22
564,6.84,26.4278,-660.7,0.22
565,10.24,459.1827,-750.47,0.25
566,7.84,683264.4158,-1558.57,0.22
567,11.36,238165.5664,-576.08,0.24
568,4.92,31.6347,-790.87,0.24
569,4.68,15.9206,-398.01,0.23
570,8.36,0.5756,-14.39,0.23
571,5.24,14.0686,-351.71,0.25
572,6.76,120023.3787,-493.59,0.24
573,9.32,169516.9038,-1593.43,0.27
574,9.16,0.02,-0.5,0.27
575,11.6,1074622.1798,-1170.05,0.29
576,14.04,360703.5998,-754.3,0.36
577,9.44,6.238,-1905.9,0.45
578,9.32,421.2475,-757.43,0.3
579,7.88,38.5716,-258.91,0.27
580,5.28,3.6276,-90.69,0.27
581,5.96,922951.7959,-1272.06,0.83
582,5.48,3.6244,-90.61,0.22
583,5.64,0.1143,-2.86,0.25
584,9.32,0.597,-14.93,0.23
585,7.08,834999.8046,-848.9,0.22
586,8.64,38.5116,-257.41,0.28
587,5.0,13.6115,-340.29,0.23
588,5.16,10.591,-264.78,0.45
589,7.0,647125.8339,-1166.05,0.23
590,8.2,0.5789,-14.47,0.24
591,6.76,947056.2982,-1570.84,0.24
592,7.88,0.1269,-3.17,0.27
593,4.6,3.7444,-343.6,0.45
594,5.72,10.5926,-264.81,0.34
595,5.08,8.439,-210.98,0.26
596,5.76,8.9937,-224.84,0.25
597,8.08,420.9714,-250.59,0.25
598,4.12,1.7496,-293.72,0.2
599,4.24,21.288,-532.2,0.26
600,6.8,2.5149,-62.87,0.23
601,3.8,1.8095,-45.24,0.24
602,3.68,19.3702,-734.25,0.31
603,6.92,1.6954,-42.39,0.2
604,8.24,38.2288,-250.34,0.25
605,10.2,119083.7286,-312.67,0.25
606,8.52,146.7926,-1034.47,0.23
607,4.64,28.338,-708.45,0.22
608,7.16,1.7511,-530.23,0.21
609,5.0,3.2668,-81.67,0.31
610,7.4,1.0056,-25.14,0.21
611,7.2,38.9916,-269.41,0.23
612,7.2,0.6855,-17.14,0.21
613,5.0,38.7751,-969.38,0.24
614,7.4,0.1823,-255.53,0.34
615,4.48,45.9182,-999.45,0.25
616,8.2,0.2917,-7.29,0.27
617,4.68,135699.0811,-2294.31,0.25
618,4.04,36.905,-922.62,0.24
619,12.8,5.7861,-144.65,0.25
620,7.88,0.0709,-1.77,0.24
621,4.84,0.3078,-7.7,0.24
622,7.44,0.4062,-10.15,0.24
623,4.88,11.8991,-297.48,0.21
624,3.4,8.9502,-1223.43,0.22
625,3.44,28.1496,-703.74,0.29
626,4.64,10.5996,-514.97,0.34
627,6.88,2.2359,-55.9,0.46
628,4.12,48.7473,-1218.68,0.3
629,8.12,65946.9977,-257.42,0.38
630,7.28,0.0156,-0.39,0.35
631,10.28,64473.512,-501.8,0.31
632,6.84,232.2845,-1751.11,0.26
633,4.72,18.3637,-459.09,0.37
634,7.8,0.6683,-16.71,0.41
635,4.72,21.2893,-532.23,0.25
636,8.04,420.9653,-250.44,0.25
637,8.56,38.5726,-258.94,0.23
638,7.56,0.2962,-7.4,0.32
639,6.76,1.2092,-30.23,0.21
640,7.52,0.5558,-13.9,0.25
641,8.88,34025.4605,-522.49,0.23
642,5.12,13.6117,-340.29,0.22
643,5.52,359547.8979,-604.14,0.22
644,4.48,5.4778,-136.95,0.23
645,7.16,4979.4602,-1758.57,0.26
646,4.04,19.566,-739.13,0.22
647,4.24,23.0531,-576.33,0.22
648,4.04,19.3539,-483.85,0.27
649,7.72,0.0716,-1.79,0.25
650,4.96,14.3621,-1109.04,0.24
651,11.92,0.9238,-273.08,0.27
652,10.92,119087.3221,-401.51,0.26
653,7.32,0.1266,-3.17,0.2
654,7.72,12.5048,-268.61,0.24
655,4.36,28.3168,-707.92,0.24
656,3.28,0.0739,-751.51,0.2
657,8.04,0.4697,-11.74,0.21
658,7.44,38.8812,-266.65,0.23
659,7.52,0.2374,-5.93,0.23
660,5.32,495405.2125,-885.72,0.2
661,7.92,1.5278,-38.2,0.23
662,7.56,114.771,-753.14,0.2
663,3.68,21.3062,-532.66,0.2
664,3.88,19.3494,-483.74,0.26
665,8.88,96713.5986,-836.97,0.24
666,6.64,1.694,-42.35,0.24
667,4.68,359705.9917,-337.9,0.19
668,4.16,45.7054,-1142.63,0.25
669,7.72,0.6122,-16.3,0.34
670,5.76,495401.5632,-794.49,0.34
671,7.32,223.0734,-1750.44,0.31
672,3.56,45.8194,-1145.49,0.22
673,7.56,0.5567,-13.92,0.27
674,7.72,0.1247,-3.12,0.29
675,5.0,21.0979,-527.45,0.31
676,8.12,77.0602,-515.75,0.19
677,7.64,422.0472,-277.48,0.27
678,7.0,0.8343,-21.86,0.21
679,4.32,28.3212,-708.03,0.21
680,8.28,0.0727,-251.82,0.24
681,4.2,12.3736,-809.01,0.27
682,7.56,421.2998,-258.8,0.19
683,4.24,168278.9724,-474.8,0.19
684,9.6,0.4322,-260.8,0.26
685,7.0,422.158,-516.72,0.19
686,3.84,26.3868,-659.67,0.27
687,5.84,719610.3008,-1928.92,0.22
688,3.72,26.41,-910.24,0.18
689,7.24,1.6942,-42.35,0.2
690,8.36,7.5378,-188.44,0.23
691,5.12,339245.8859,-315.45,0.2
692,4.44,29.8785,-746.96,0.21
693,7.92,33955.8918,-757.27,0.22
694,4.36,33933.7785,-1615.19,0.24
695,5.56,683264.7472,-1316.86,0.21
696,10.0,64497.6211,-752.22,0.22
697,11.64,119084.3043,-326.07,0.22
698,5.92,3.0978,-77.44,0.8
699,5.64,0.4038,-10.1,0.23
700,5.72,0.016,-0.4,0.3
701,6.6,423132.1645,-594.32,0.24
702,7.84,38.6185,-260.08,0.21
703,6.16,427552.9502,-545.51,0.22
704,6.28,187751.2866,-545.18,0.28
705,6.56,1664865.146,-2044.52,0.24
706,5.84,120023.8459,-505.27,0.25
707,5.92,120022.532,-472.42,0.23
708,8.92,1.4332,-35.83,0.34
709,4.92,12.6006,-315.02,0.2
710,5.48,1.8706,-46.77,0.2
711,6.56,120430.0159,-1414.35,0.22
712,6.04,1.8678,-296.69,0.23
713,10.52,5762.7194,-672.17,0.2
714,5.88,10.6654,-266.64,0.2
715,5.76,17.9097,-299.24,0.25
716,13.12,11.3548,-283.87,0.24
717,5.84,42187.8669,-505.2,0.22
718,9.96,0.0581,-1.45,0.21
719,6.56,35.2884,-733.71,0.22
720,7.08,120031.2298,-689.87,0.27
721,6.84,29.889,-997.22,0.35
722,9.36,0.3191,-7.98,0.24
723,5.36,21.1073,-527.68,0.24
724,5.72,11.8845,-297.11,0.22
725,5.24,3.5265,-88.16,0.3
726,9.16,12.3434,-264.57,0.32
727,9.04,471.5045,-764.53,0.31
728,8.64,12.1128,-258.81,0.21
729,13.12,119084.631,-334.23,0.22
730,8.24,38.5198,-257.62,0.21
731,8.84,0.647,-16.17,0.23
732,6.08,1.9677,-49.19,0.25
733,14.6,11.0742,-776.84,0.22
734,10.2,421.2565,-257.72,0.27
735,9.2,0.0554,-1.38,0.42
736,9.2,459.207,-501.1,0.31
737,6.68,120014.9773,-283.56,0.3
738,6.2,39.0381,-733.49,0.41
739,8.6,0.614,-265.33,0.36
740,8.24,50.6074,-515.8,0.26
741,6.52,954545.9504,-1551.81,0.32
742,5.92,1.7728,-44.32,0.25
743,5.96,17.6935,-442.34,0.25
744,9.84,421.5425,-264.87,0.26
745,12.72,119081.2949,-500.83,0.25
746,9.4,0.0293,-0.73,0.27
747,7.28,1190284.0864,-1212.51,0.28
748,9.68,0.0375,-0.94,0.41
749,7.32,359879.8158,-379.01,0.29
750,5.96,8.9929,-224.82,0.32
751,9.92,420.984,-250.9,0.32
752,13.08,238162.5644,-1001.03,0.31
753,9.72,1.027,-25.68,0.26
754,14.24,625.6231,-893.34,0.32
755,6.32,13.6133,-340.33,0.24
756,6.32,0.1392,-3.48,0.24
757,5.96,0.0163,-0.41,0.24
758,4.68,11.0419,-276.05,0.22
759,8.6,0.2982,-7.45,0.3
760,8.56,0.6921,-17.3,0.24
761,5.96,0.014,-0.35,0.28
762,4.76,10.8474,-271.18,0.26
763,5.24,10.7542,-268.85,0.27
764,5.44,3.7206,-93.02,0.32
765,4.92,12.3129,-307.82,0.26
766,8.28,76.4495,-500.48,0.36
767,5.12,10.5567,-263.92,0.32
768,8.4,0.0754,-1.88,0.29
769,10.64,1080506.6038,-922.88,0.38
770,7.04,4885.7792,-1251.06,0.25
771,7.96,0.071,-1.77,0.29
772,4.4,28.2371,-705.93,0.27
773,5.76,1334709.982,-1610.53,0.23
774,7.96,0.1574,-3.94,0.23
775,7.8,38.283,-251.7,0.28
776,4.16,23.0458,-576.14,0.24
777,7.64,422.1004,-278.81,0.22
778,5.2,407102.5898,-766.7,0.24
779,4.4,10.944,-273.6,0.22
780,4.64,19.4523,-486.31,0.22
781,3.96,28.3268,-958.16,0.22
782,7.84,38.57,-258.87,0.31
783,4.68,29.9748,-749.37,0.23
784,4.68,21.2902,-532.26,0.24
785,6.24,1965802.7339,-1752.08,0.24
786,5.56,2.0634,-51.59,0.3
787,6.44,787256.5244,-822.97,0.25
788,6.84,8.8257,-220.64,0.26
789,6.0,55.073,-985.85,0.26
790,8.84,0.3028,-7.57,0.23
791,10.16,33885.7182,-1163.65,0.22
792,5.44,99.9217,-340.67,0.22
793,9.2,335765.6712,-522.17,0.32
794,6.2,19.3506,-483.77,0.26
795,7.08,959609.6898,-1132.21,0.22
796,6.6,17.595,-439.88,0.24
797,6.08,120013.7625,-503.18,0.28
798,7.0,1476876.3817,-1312.11,0.23
799,9.56,11.8072,-251.17,0.23
800,9.28,126.6999,-1007.36,0.24
801,6.2,24.7354,-469.88,0.22
802,9.64,0.0548,-1.37,0.25
803,6.4,379.922,-252.88,0.22
804,6.2,10.2234,-255.58,0.22
805,5.68,8.9935,-224.84,0.27
806,6.24,19.4364,-485.91,0.23
807,8.04,38.2884,-251.83,0.22
808,8.68,76.7296,-507.49,0.23
809,4.6,21.0938,-527.34,0.23
810,7.8,38.5078,-257.32,0.23
811,8.12,0.2966,-7.42,0.22
812,4.2,26.4629,-661.57,0.2
813,5.04,86.8068,-521.14,0.81
814,7.72,0.5971,-14.93,0.22
815,5.36,0.1134,-2.83,0.25
816,5.28,10.7867,-269.67,0.21
817,8.28,56503.79,-507.25,0.23
818,5.48,26.6575,-666.44,0.24
819,8.92,39.0702,-271.38,0.28
820,8.44,0.2967,-7.42,0.33
821,6.32,615310.0,-1234.77,0.33
822,5.48,1621899.5776,-1823.01,0.3
823,5.24,0.2115,-5.29,0.28
824,5.52,14.068,-351.7,0.25
825,11.72,30.9574,-671.61,0.31
826,9.48,471.2182,-757.37,0.28
827,5.48,10.5552,-263.88,0.31
828,5.4,19.535,-488.38,0.24
829,6.32,0.1129,-252.8,0.29
830,12.68,5132.3213,-509.42,0.3
831,6.88,21.1142,-1277.81,0.27
832,6.88,0.0552,-1.38,0.31
833,6.96,120015.4335,-294.96,0.28
834,6.92,1058936.1346,-1323.13,0.32
835,12.68,0.3722,-9.31,0.32
836,6.56,1.7871,-44.68,0.28
837,8.8,12.0928,-258.31,0.27
838,7.12,459267.6008,-767.45,0.29
839,10.76,842.0117,-502.9,0.25
840,7.12,26.38,-659.5,0.24
841,6.12,1.7734,-44.34,0.37
842,8.56,0.5864,-14.66,0.31
843,8.16,76.4734,-501.08,0.25
844,5.04,12.3216,-308.04,0.27
845,5.8,21.0953,-527.38,0.33
846,8.68,38.237,-250.55,0.3
847,8.08,50.0437,-501.7,0.28
848,5.32,17.5837,-439.59,0.34
849,9.72,38.2746,-501.46,0.28
850,7.92,359935.0091,-1172.83,0.26
851,8.64,77.2807,-521.26,0.27
852,5.68,9.5069,-237.67,0.3
853,6.92,0.0275,-0.69,0.28
854,9.68,0.0578,-1.44,0.31
855,12.28,622.7328,-251.05,0.33
856,9.88,0.3148,-7.87,0.44
857,6.24,1.9372,-48.43,0.29
858,7.6,18.2534,-1702.39,0.28
859,8.88,169666.4899,-2287.08,0.27
860,10.64,0.3448,-258.24,0.28
861,10.52,0.4272,-10.68,0.31
862,10.6,0.1358,-3.39,0.37
863,6.72,409.7236,-1497.9,0.32
864,10.32,420.9955,-251.19,0.31
865,10.72,421.0212,-501.82,0.33
866,10.16,459.2094,-751.16,0.38
867,6.2,40.3797,-767.02,0.31
868,8.68,169560.7462,-1259.48,0.3
869,6.52,8.8002,-220.0,0.34
870,14.24,360088.0242,-356.18,0.32
871,10.84,841.9386,-501.07,0.36
872,9.28,0.3335,-8.34,0.31
873,8.32,0.015,-0.38,0.31
874,12.0,1050151.3333,-751.7,0.29
875,9.44,38.5227,-257.69,0.36
876,4.64,10.7489,-268.72,0.32
877,5.32,8.9076,-472.67,0.26
878,6.12,0.1167,-2.92,0.28
879,9.32,0.02,-0.5,0.33
880,9.56,880.1493,-750.96,0.38
881,9.32,38748.6635,-870.43,0.4
882,9.04,14.7398,-368.5,0.35
883,4.12,21.1915,-529.79,0.29
884,9.12,6.8401,-171.0,0.29
885,7.92,38.7881,-264.32,0.31
886,4.24,19.5313,-488.28,0.28
887,4.88,855105.7183,-1086.47,0.24
888,4.68,407094.5238,-1064.98,0.31
889,4.56,26.4633,-661.58,0.3
890,6.88,2.0834,-288.56,0.27
891,4.4,23.1433,-578.58,0.3
892,7.32,0.3512,-8.78,0.31
893,4.92,135701.557,-606.23,0.25
894,7.16,0.9471,-23.68,0.27
895,4.68,67852.874,-355.5,0.23
896,4.6,28.4136,-710.34,0.24
897,4.96,407093.686,-544.1,0.25
898,10.44,0.4629,-11.57,0.23
899,4.08,12.517,-312.93,0.27
900,7.04,0.7808,-19.52,0.24
901,4.44,3.5447,-338.59,0.24
902,3.8,29.8884,-747.21,0.2
903,4.64,31.8302,-795.75,0.27
904,4.28,19.6298,-490.74,0.27
905,7.24,0.1837,-4.59,0.21
906,8.84,392403.3264,-500.42,0.22
907,7.04,1.9215,-48.04,0.23
908,6.8,0.2403,-6.01,0.32
909,5.88,359886.3692,-1928.75,0.25
910,9.36,240081.0587,-1000.61,0.23
911,4.48,19.6304,-490.76,0.32
912,3.92,19.3486,-483.71,0.31
913,8.36,56629.9529,-750.79,0.32
914,10.04,0.0635,-1.59,0.35
915,4.44,31.7346,-793.37,0.8
916,4.6,12.3114,-307.78,0.28
917,4.24,38.9538,-973.85,0.35
918,4.52,19.4429,-486.07,0.26
919,5.08,12.3258,-308.14,0.31
920,10.64,358207.9804,-873.51,0.34
921,4.72,29.9783,-749.46,0.22
922,12.52,0.7503,-18.76,0.24
923,5.64,10.5555,-263.89,0.25
924,8.36,2695.587,-500.39,0.28
925,11.16,690084.4105,-836.0,0.3
926,6.04,10.555,-263.87,0.39
927,5.6,3.5449,-88.62,0.34
928,8.68,459.4574,-507.36,0.42
929,5.28,12.3116,-307.79,0.33
930,4.68,28.4136,-710.34,0.34
931,11.08,335750.7181,-501.42,0.32
932,7.8,0.2959,-7.4,0.27
933,11.24,5.6849,-142.12,0.27
934,7.16,0.8917,-22.29,0.3
935,4.48,19.5346,-488.36,0.26
936,6.96,0.7251,-18.13,0.26
937,4.88,67854.775,-403.03,0.28
938,4.84,8.9937,-224.84,0.25
939,7.04,0.2378,-5.94,0.26
940,4.32,17.7768,-444.42,0.26
941,7.8,76.7869,-508.92,0.24
942,7.08,0.5744,-14.36,0.25
943,7.2,39.4784,-281.58,0.27
944,7.16,421.131,-254.58,0.26
945,4.0,21.1046,-527.62,0.29
946,5.6,766797.9781,-839.51,0.29
947,7.48,0.3497,-8.74,0.39
948,7.36,0.9459,-23.65,0.31
949,4.88,19.6321,-490.8,0.31
950,4.52,33.5871,-839.68,0.33
951,7.4,0.0716,-1.79,0.25
952,4.64,17.8755,-446.89,0.28
953,5.36,120402.5428,-727.52,0.29
954,6.0,1721340.0688,-2044.85,0.29
955,5.64,12.3095,-307.74,0.29
956,8.12,119071.8775,-264.3,0.25
957,6.64,1058821.3478,-773.71,0.24
958,9.08,115.5,-771.37,0.29
959,6.12,0.1109,-2.77,0.27
960,13.24,74.6848,-761.05,0.25
961,10.28,421.2728,-258.12,0.3
962,7.36,29.8781,-1203.02,0.32
963,13.48,360095.3842,-540.18,0.31
964,5.96,1.7715,-44.29,0.29
965,9.84,433.0184,-507.75,0.28
966,6.48,8345.3929,-1172.62,0.28
967,6.0,0.1105,-2.76,0.3
968,8.6,38.511,-257.4,0.35
969,9.08,38.5388,-258.09,0.36
970,6.8,0.0426,-1.07,0.29
971,8.48,76.4468,-500.42,0.27
972,12.12,3.7159,-92.9,0.32
973,9.08,38.8005,-264.63,0.29
974,6.44,8317.2856,-469.94,0.35
975,7.08,1361991.52,-1573.1,0.29
976,6.48,10.5662,-264.15,0.26
977,5.72,0.1136,-2.84,0.27
978,9.24,38.2388,-250.59,0.21
979,8.88,0.8636,-271.57,0.28
980,8.04,0.0158,-0.4,0.27
981,5.64,19.4386,-485.97,0.34
982,6.76,240036.1772,-722.68,0.41
983,8.4,38.5118,-257.42,0.28
984,6.0,329735.2757,-294.28,0.29
985,9.52,11.788,-250.69,0.32
986,11.32,695896.5868,-585.7,0.29
987,6.96,21.5986,-1039.22,0.33
988,8.44,39.3474,-278.31,0.38
989,7.84,746338.8209,-1340.74,0.34
990,10.32,421.2572,-1507.65,0.29
991,6.64,8.7982,-219.96,0.27
992,6.08,28.4963,-469.94,0.26
993,12.64,0.7491,-18.73,0.26
994,9.2,114.9509,-757.64,0.36
995,8.12,0.6447,-16.12,0.34
996,4.96,0.4089,-10.22,0.27
997,6.24,17.6795,-441.99,0.26
998,8.2,77.2812,-521.28,0.24
999,5.52,1.9673,-49.18,0.23
1000,5.64,14.0694,-351.73,0.24
1001,5.48,399.7235,-747.92,0.24
1002,5.96,1.8811,-47.03,0.38
1003,6.12,0.18,-4.5,0.28
1004,7.2,120031.2278,-689.82,0.4
1005,9.64,38.2485,-250.84,0.34
1006,10.28,72619.0682,-901.27,0.27
1007,8.36,0.0152,-0.38,0.29
1008,4.96,19.3481,-483.7,0.29
1009,6.84,120013.7301,-252.38,0.25
1010,6.12,8.8087,-220.22,0.4
1011,8.88,421.5425,-264.87,0.35
1012,8.52,38.2309,-250.39,0.3
1013,5.52,10.6543,-266.36,0.25
1014,8.48,39.3522,-278.43,0.26
1015,5.88,17.7784,-444.46,0.29
1016,6.28,116015.556,-544.24,0.83
1017,6.92,10.6784,-266.96,0.47
1018,5.96,1.7722,-44.3,0.42
1019,6.24,33879.3293,-253.96,0.44
1020,9.88,892.2069,-1008.39,0.88
1021,5.72,0.1168,-252.91,0.78
1022,6.72,0.1093,-2.73,0.34
1023,7.28,26.3894,-659.74,0.26
1024,7.32,359882.6166,-449.03,0.25
1025,6.32,0.0292,-0.73,0.25
1026,6.32,1.769,-44.22,0.23
1027,11.88,238163.0434,-513.01,0.27
1028,6.24,35.355,-883.88,0.23
1029,6.52,388146.089,-720.29,0.26
1030,6.36,19.8221,-253.08,0.39
1031,6.8,1445283.0193,-1302.14,0.54
1032,6.56,19.361,-484.03,0.37
1033,10.52,432.7694,-501.53,0.26
1034,7.28,43.9552,-1098.88,0.22
1035,6.96,18.1005,-452.51,0.25
1036,10.44,420.9915,-251.09,0.25
1037,6.52,8.7985,-219.96,0.23
1038,7.52,918522.7836,-1224.44,0.27
1039,10.36,0.0321,-0.8,0.27
1040,7.08,19.3348,-483.37,0.36
1041,10.88,0.1135,-502.82,0.53
1042,13.52,360084.1614,-259.61,0.36
1043,9.44,38.515,-507.48,0.3
1044,6.8,527107.4927,-798.39,0.61
1045,13.92,0.0504,-1.26,0.85
1046,12.36,1.0483,-26.21,0.55
1047,10.08,0.031,-0.78,0.4
1048,9.68,38.2493,-250.85,0.54
1049,11.72,119084.7908,-338.23,0.26
1050,6.8,120031.2129,-689.45,0.24
1051,5.72,19.336,-483.4,0.22
1052,9.32,40.7367,-313.04,0.21
1053,8.92,0.0169,-0.42,0.26
1054,5.84,1.868,-46.7,0.31
1055,12.28,714427.2643,-750.68,0.26
1056,10.32,0.0547,-1.37,0.29
1057,6.52,24.7497,-470.24,0.25
1058,7.64,762374.7097,-826.25,0.22
1059,6.84,8.8076,-220.19,0.3
1060,10.0,421.0386,-252.27,0.35
1061,6.8,0.0273,-0.68,0.25
1062,6.64,17.723,-443.07,0.29
1063,9.12,150.4299,-1115.5,0.37
1064,8.8,475603.1488,-1540.91,0.32
1065,6.72,379.8727,-251.65,0.34
1066,7.28,1345953.8296,-1542.59,0.24
1067,10.32,12.4108,-310.27,0.24
1068,6.12,8.899,-222.48,0.31
1069,10.36,0.0947,-2.37,0.4
1070,6.88,3.0995,-77.49,0.3
1071,10.52,0.3292,-8.23,0.3
1072,10.52,0.0391,-0.98,0.37
1073,10.52,0.0392,-0.98,0.26
1074,6.8,0.0134,-0.34,0.38
1075,9.4,3202.7523,-2008.61,0.4
1076,10.32,0.0682,-1.7,0.39
1077,7.76,699123.3392,-635.4,0.31
1078,6.92,27.7632,-694.08,0.44
1079,9.16,170589.2145,-1807.04,0.4
1080,6.76,12.4563,-311.41,0.43
1081,10.56,420.9961,-251.21,0.33
1082,12.48,119081.3634,-752.53,0.31
1083,12.28,689984.7278,-1001.21,0.26
1084,5.48,10.5734,-264.34,0.29
1085,5.56,1.8699,-46.75,0.4
1086,6.64,114730.495,-294.3,0.44
1087,6.6,8.7978,-219.94,0.33
1088,9.68,0.0728,-1.82,0.3
1089,10.28,421.0333,-252.14,0.46
1090,6.52,1.8817,-47.04,0.33
1091,8.0,38.232,-250.42,0.31
1092,10.64,1056111.6868,-1343.85,0.31
1093,6.2,120022.6414,-475.16,0.65
1094,8.56,38.2347,-250.49,0.55
1095,6.04,33900.2653,-777.36,0.51
1096,6.76,359708.2717,-394.9,0.48
1097,8.64,1.4147,-35.37,0.29
1098,6.36,0.0314,-0.79,0.29
1099,9.92,33887.5302,-458.98,0.83
1100,9.88,4873.6913,-725.39,0.24
1101,6.04,114730.4958,-294.32,0.24
1102,5.96,0.113,-2.83,0.22
1103,9.08,0.8897,-22.24,0.24
1104,6.84,8.7967,-219.92,0.2
1105,6.24,19.3379,-483.45,0.24
1106,12.6,0.445,-11.13,0.25
1107,6.96,17.6226,-440.56,0.25
1108,8.84,4934.9104,-1753.11,0.27
1109,7.52,699288.4472,-1106.86,0.27
1110,6.6,0.0388,-0.97,0.26
1111,10.0,420.9624,-250.36,0.23
1112,8.28,273.6082,-2037.59,0.24
1113,6.6,19.3378,-483.45,0.27
1114,6.88,0.0276,-0.69,0.33
1115,9.84,38.5182,-257.58,0.29
1116,10.56,5.8747,-146.87,0.28
1117,7.12,17.6342,-690.83,0.27
1118,6.84,8.8119,-220.3,0.25
1119,6.04,8324.4404,-500.31,0.34
1120,9.84,11.797,-250.91,0.29
1121,6.32,0.1127,-2.82,0.3
1122,6.48,0.1108,-2.77,0.32
1123,10.12,11.7938,-250.83,0.32
1124,9.56,38.2439,-250.72,0.29
1125,12.64,5.9424,-148.56,0.2
1126,11.84,708612.6036,-752.39,0.24
1127,5.96,1.8677,-46.69,0.25
1128,6.08,5.4227,-135.57,0.26
1129,10.56,0.1384,-3.46,0.23
1130,12.56,0.0453,-1.13,0.39
1131,10.72,0.0864,-2.16,0.24
1132,6.72,28.4968,-469.95,0.21
1133,6.52,24.7392,-469.98,0.21
1134,8.88,170574.1715,-1594.84,0.21
1135,6.76,3.1275,-78.19,0.22
1136,12.72,708516.2531,-2250.68,0.2
1137,6.64,120013.6535,-250.46,0.25
1138,6.36,1246401.6488,-1348.74,0.25
1139,7.68,839654.668,-863.29,0.31
1140,6.4,0.017,-0.43,0.3
1141,6.28,10.5585,-263.96,0.29
1142,6.44,10.5532,-263.83,0.31
1143,8.84,598.0893,-500.44,0.21
1144,8.2,50.3242,-508.72,0.22
1145,6.16,1.8713,-46.78,0.26
1146,5.84,10.6673,-266.68,0.32
1147,8.52,77.0061,-514.4,0.21
1148,6.36,11.8578,-296.45,0.27
1149,5.96,12.3706,-309.27,0.29
1150,10.24,0.3707,-9.27,0.27
1151,7.4,120050.1262,-1162.28,0.28
1152,10.72,0.0688,-1.72,0.37
1153,6.96,8.7968,-219.92,0.21
1154,9.56,0.0895,-2.24,0.29
1155,7.0,1273681.8199,-1277.15,0.25
1156,9.2,212.2668,-1294.41,0.27
1157,10.44,0.0514,-1.29,0.27
1158,12.16,1752759.0104,-1250.37,0.24
1159,6.88,0.0279,-0.7,0.22
1160,12.52,0.3736,-259.32,0.21
1161,7.24,886985.3178,-1127.64,0.24
1162,6.92,17.5796,-439.49,0.26
1163,10.4,421.0463,-252.46,0.25
1164,10.28,0.0346,-0.87,0.28
1165,6.28,0.1104,-2.76,0.23
1166,7.0,8.8694,-221.74,0.25
1167,11.72,360169.9808,-334.78,0.4
1168,6.8,0.0439,-1.1,0.26
1169,9.48,0.4389,-260.96,0.21
1170,11.6,357243.8203,-750.89,0.24
1171,6.16,3.5259,-88.15,0.27
1172,10.36,0.0806,-2.02,0.29
1173,12.16,708522.9646,-668.79,0.24
1174,6.56,0.0151,-0.38,0.34
1175,6.32,19.3421,-483.55,0.26
1176,7.44,595308.5047,-787.43,0.23
1177,6.88,1362164.4004,-1590.62,0.25
1178,5.96,1.769,-44.22,0.24
1179,7.96,38.2865,-251.78,0.24
1180,13.32,0.0298,-0.75,0.28
1181,5.52,26.6882,-518.7,0.31
1182,12.68,119081.2916,-250.75,0.25
1183,6.24,0.0153,-0.38,0.23
1184,6.76,2201695.5673,-2334.89,0.22
1185,6.12,379.9187,-252.8,0.26
1186,5.32,2.1622,-54.06,0.22
1187,6.6,0.0123,-0.31,0.29
1188,8.84,38.5145,-257.49,0.26
1189,12.04,6.5238,-163.1,0.26
1190,10.16,0.0465,-1.16,0.24
1191,10.6,0.0236,-0.59,0.3
1192,9.72,33880.2871,-277.91,0.27
1193,9.56,38.2704,-251.38,0.57
1194,11.72,354261.5077,-335.03,0.36
1195,9.32,7.0075,-175.19,0.29
1196,6.6,834999.7498,-847.53,0.36
1197,9.04,0.3006,-7.52,0.41
1198,8.28,0.5774,-14.43,0.33
1199,6.16,3.5255,-88.14,0.31
1200,8.8,0.5832,-14.58,0.28
1201,6.84,1425308.5338,-1920.79,0.3
1202,8.8,1488.7503,-3500.7,0.3
1203,5.84,1.7702,-44.25,0.33
1204,6.0,3.1712,-79.28,0.32
1205,11.88,2094394.1135,-1751.62,0.33
1206,10.56,0.0406,-1.02,0.33
1207,8.48,311.1685,-2250.84,0.33
1208,6.0,10.5547,-263.87,0.91
1209,5.96,0.0153,-0.38,0.25
1210,6.52,8311.5616,-326.84,0.23
1211,11.56,119081.9916,-268.25,0.24
1212,6.28,11.8547,-296.37,0.27
1213,6.92,120013.6499,-1000.31,0.25
1214,10.24,0.0241,-0.6,0.27
1215,8.76,38.5196,-257.61,0.26
1216,7.96,0.0821,-2.05,0.23
1217,5.12,12.5056,-312.64,0.22
1218,8.32,38.5097,-257.37,0.24
1219,11.12,119081.2925,-250.77,0.37
1220,8.68,0.0181,-0.45,0.2
1221,10.84,695896.5556,-584.92,0.27
1222,6.24,934086.6011,-1298.29,0.23
1223,5.4,14.1677,-354.19,0.3
1224,5.2,10.5536,-263.84,0.26
1225,9.16,77.0141,-514.6,0.3
1226,8.32,38.8039,-264.72,0.3
1227,5.84,495403.635,-846.28,0.31
1228,12.84,720173.5531,-899.96,0.22
1229,9.52,38.2474,-250.81,0.26
1230,13.4,2.4836,-4061.42,0.2
1231,8.72,0.5736,-14.34,0.27
1232,8.84,0.0256,-0.64,0.35
1233,6.68,719408.5856,-590.85,0.28
1234,10.96,1746071.9181,-1585.04,0.26
1235,5.12,21.0972,-527.43,0.25
1236,7.28,479724.9472,-720.91,0.25
1237,6.2,3.0704,-76.76,0.34
1238,6.12,39.036,-733.43,0.29
1239,9.6,38.5174,-257.56,0.27
1240,14.0,626.3963,-418.64,0.39
1241,11.92,238165.8998,-584.41,0.3
1242,6.04,1.7705,-44.26,0.31
1243,9.56,420.9876,-251.0,0.26
1244,8.56,38.8526,-265.94,0.27
1245,5.8,0.0177,-0.44,0.29
1246,6.2,33888.0651,-472.35,0.32
1247,6.24,0.1281,-3.2,0.3
1248,9.12,126.7056,-1007.5,0.26
1249,9.08,0.3332,-8.33,0.31
1250,8.8,0.2976,-7.44,0.25
1251,6.56,8.799,-219.97,0.25
1252,5.76,28.2514,-557.78,0.27
1253,6.16,10.7512,-268.78,0.27
1254,8.6,66062.2005,-1021.36,0.27
1255,11.96,0.8672,-21.68,0.22
1256,9.56,0.3046,-7.62,0.3
1257,9.08,0.3038,-7.59,0.26
1258,10.28,0.1138,-2.84,0.34
1259,12.68,360166.6487,-3000.18,0.28
1260,7.16,479831.6913,-1069.26,0.29
1261,6.68,8.8107,-220.27,0.31
1262,8.76,169813.0046,-2751.22,0.22
1263,10.36,421.0169,-251.73,0.25
1264,9.72,33893.2836,-602.82,0.22
1265,9.8,88.5015,-757.77,0.24
1266,6.6,0.0262,-0.66,0.22
1267,8.8,273.8715,-1794.19,0.2
1268,10.48,420.9697,-1000.5,0.37
1269,11.04,907.4576,-407.52,0.33
1270,6.72,8.8956,-222.39,0.3
1271,12.4,1062774.3546,-1250.84,0.26
1272,9.16,38.519,-257.6,0.26
1273,6.28,1.7741,-44.35,0.29
1274,10.04,0.0537,-1.34,0.26
1275,6.4,19.7126,-250.35,0.36
1276,10.32,421.0493,-252.54,0.26
1277,6.52,1173888.1719,-1796.29,0.22
1278,6.12,0.1262,-3.15,0.29
1279,5.92,0.1299,-3.25,0.3
1280,11.96,119081.3624,-252.52,0.27
1281,8.96,658.4381,-514.31,0.26
1282,9.08,420.9928,-251.12,0.26
1283,5.2,0.1181,-2.95,0.21
1284,8.16,76.4424,-500.31,0.27
1285,5.68,3.541,-88.52,0.37
1286,5.96,0.1137,-2.84,0.26
1287,6.12,474945.8881,-882.8,0.23
1288,12.52,0.5976,-14.94,0.29
1289,11.56,1050151.4262,-754.02,0.32
1290,10.64,0.0854,-2.13,0.27
1291,6.48,0.1122,-2.8,0.3
1292,6.84,43.9475,-1098.69,0.31
1293,6.64,1.4389,-35.97,0.3
1294,12.6,3.1812,-79.53,0.27
1295,6.8,19.4346,-485.87,0.28
1296,6.84,8.8237,-220.59,0.27
1297,10.36,0.0218,-0.54,0.32
1298,6.12,24.8369,-472.42,0.39
1299,9.08,38.2346,-250.49,0.32
1300,11.6,1428873.5308,-1251.16,0.26
1301,12.72,360084.2546,-1011.85,0.23
1302,5.28,10.6524,-266.31,0.39
1303,8.48,38.5083,-257.33,0.28
1304,5.56,26.6608,-666.52,0.27
1305,6.16,1481653.3254,-2097.28,0.29
1306,7.12,2212491.5342,-1850.9,0.38
1307,6.4,112426.3625,-500.32,0.34
1308,10.56,0.0594,-1.48,0.34
1309,5.84,10.6669,-266.67,0.28
1310,6.88,1006713.6036,-1368.63,0.28
1311,6.76,766969.4992,-823.04,0.32
1312,6.56,114748.4355,-500.34,0.31
1313,13.32,360094.8378,-526.52,0.29
1314,13.36,13.4503,-1086.17,0.89
1315,9.92,0.0737,-1.84,0.43
1316,9.2,459.4722,-507.73,0.29
1317,6.8,766801.7591,-934.03,0.31
1318,6.12,10.558,-263.95,0.34
1319,6.4,1.7696,-44.24,0.29
1320,10.16,14.1108,-352.77,0.32
1321,10.36,420.989,-251.03,0.42
1322,10.32,67765.3476,-675.14,0.4
1323,6.88,8.8659,-221.65,0.3
1324,7.32,1477695.2769,-1824.37,0.27
1325,14.68,19.289,-482.23,0.23
1326,10.52,841.9312,-500.89,0.27
1327,10.4,0.038,-0.95,0.25
1328,6.36,120016.7215,-327.16,0.25
1329,10.56,0.0598,-1.49,0.28
1330,6.92,2.2494,-56.23,0.39
1331,10.6,421.0242,-251.91,0.37
1332,10.64,67765.0698,-668.2,0.39
1333,10.56,0.0775,-1.94,0.25
1334,14.84,360088.8737,-1127.38,0.22
1335,8.72,459.1757,-500.32,0.21
1336,11.44,119081.9629,-267.53,0.23
1337,6.2,21.4715,-294.32,0.37
1338,6.2,0.0163,-0.41,0.28
1339,10.64,420.9898,-251.05,0.52
1340,6.24,0.0178,-0.44,0.33
1341,7.0,2228354.1693,-1809.53,0.32
1342,6.68,8.9848,-224.62,0.38
1343,6.32,8329.9578,-544.27,0.28
1344,10.52,0.0753,-1.88,0.32
1345,7.36,814430.6896,-921.46,0.28
1346,12.24,1428849.4534,-1001.52,0.27
1347,6.96,11.869,-296.72,0.23
1348,6.92,1.8605,-46.51,0.27
1349,9.92,459.1856,-500.57,0.29
1350,9.56,33886.456,-432.13,0.24
1351,6.88,907271.1237,-1097.08,0.27
1352,6.6,0.0134,-0.34,0.3
1353,9.04,419.3452,-3035.77,0.31
1354,6.6,8.7977,-219.94,0.35
1355,6.2,0.0151,-0.38,0.22
1356,6.16,0.0962,-252.39,0.28
1357,6.8,0.0285,-0.71,0.28
1358,6.32,21.4831,-294.61,0.26
1359,10.28,0.0338,-250.84,0.3
1360,6.52,0.0128,-0.32,0.24
1361,8.36,314.2957,-2002.34,0.26
1362,10.32,0.0724,-1.81,0.3
1363,10.56,0.0177,-0.44,0.32
1364,6.44,0.0277,-0.69,0.4
1365,8.96,339161.5618,-3251.45,0.38
1366,6.6,0.0389,-0.97,0.34
1367,6.6,17.5922,-439.81,0.26
1368,13.68,18.8254,-470.64,0.23
1369,10.44,0.0312,-0.78,0.25
1370,10.44,0.0627,-1.57,0.29
1371,6.84,694525.0716,-551.65,0.21
1372,12.08,354258.1384,-250.8,0.27
1373,13.96,360708.9877,-889.0,0.23
1374,6.6,47.8317,-953.32,0.24
1375,9.0,189.701,-1294.83,0.23
1376,10.24,0.0443,-1.11,0.29
1377,10.68,0.1834,-4.58,0.28
1378,10.64,421.0093,-251.54,0.27
1379,6.0,114728.8368,-252.85,0.22
1380,6.36,11.868,-296.7,0.23
1381,9.68,38.2679,-251.32,0.24
1382,10.36,0.0346,-0.86,0.25
1383,10.2,420.9816,-250.84,0.26
1384,10.68,0.0648,-1.62,0.3
1385,6.68,120013.6755,-251.01,0.31
1386,6.52,0.0156,-0.39,0.28
1387,10.04,38.319,-252.6,0.25
1388,9.64,0.0193,-0.48,0.25
1389,6.44,0.0167,-0.42,0.31
1390,11.32,357244.1598,-759.38,0.29
1391,8.88,38.5106,-257.39,0.23
1392,6.68,17.5863,-439.66,0.28
1393,6.44,1346068.4725,-2088.4,0.26
1394,6.4,15.9668,-250.67,0.31
1395,5.64,1.8712,-46.78,0.3
1396,10.88,420.9906,-251.07,0.32
1397,10.36,0.036,-0.9,0.32
1398,10.72,841.941,-1001.12,0.24
1399,6.36,380.3409,-263.35,0.22
1400,11.52,1080548.0023,-1251.23,0.22
1401,10.8,421.3236,-1250.86,0.28
1402,12.52,3.4484,-86.21,0.24
1403,7.04,120023.7476,-502.81,0.27
1404,8.4,357.4969,-2279.92,0.27
1405,6.44,46.0631,-909.11,0.25
1406,7.12,0.0563,-1.41,0.27
1407,6.28,1.77,-44.25,0.29
1408,10.36,420.9845,-250.92,0.32
1409,10.64,421.0062,-251.46,0.26
1410,9.08,421.5288,-264.53,0.22
1411,11.36,1068706.9408,-1001.15,0.24
1412,8.84,76.4528,-500.57,0.22
1413,5.96,1633031.6953,-1782.05,0.23
1414,5.64,1194348.2405,-1317.82,0.22
1415,8.36,38.2906,-251.89,0.21
1416,6.48,495406.2501,-911.66,0.24
1417,8.52,38.5143,-257.48,0.22
1418,6.16,10.554,-263.85,0.3
1419,11.2,1416250.5362,-1252.65,0.23
1420,4.88,9.0905,-227.26,0.25
1421,5.72,1481778.408,-1294.92,0.31
1422,5.72,10.5561,-263.9,0.25
1423,6.56,1158093.232,-1084.87,0.23
1424,5.56,0.125,-3.12,0.26
1425,12.64,360090.0978,-907.99,0.33
1426,7.72,4828.383,-759.41,0.22
1427,6.08,474944.0558,-837.0,0.24
1428,5.44,10.5583,-263.96,0.24
1429,7.24,0.1267,-3.17,0.23
1430,6.12,0.1806,-4.51,0.26
1431,6.24,1778229.1846,-1345.84,0.24
1432,10.28,752618.1111,-1250.69,0.2
1433,10.44,357246.2592,-811.86,0.29
1434,8.0,0.2959,-7.4,0.26
1435,6.08,1694412.4412,-1860.12,0.22
1436,8.16,76.5606,-503.26,0.38
1437,5.12,10.9443,-273.61,0.29
1438,9.6,33880.538,-284.18,0.24
1439,6.28,359703.6326,-278.92,0.2
1440,8.16,38.8417,-265.67,0.23
1441,7.92,0.6691,-16.73,0.19
1442,4.92,14.066,-351.65,0.22
1443,4.52,19.5337,-488.34,0.21
1444,4.6,14.1642,-354.11,0.21
1445,5.08,30.446,-518.68,0.23
1446,7.96,0.2952,-7.38,0.24
1447,5.56,3.585,-89.63,0.23
1448,4.76,21.0964,-527.41,0.22
1449,4.6,8329.6821,-779.85,0.22
1450,10.6,119081.6372,-259.39,0.23
1451,5.36,28.2513,-557.78,0.33
1452,6.28,1585757.332,-1588.88,0.26
1453,5.28,21.1954,-529.89,0.21
1454,6.08,120024.2861,-516.28,0.23
1455,9.92,0.3399,-8.5,0.24
1456,7.12,1246749.2722,-1430.35,0.22
1457,7.28,1873249.459,-1630.72,0.21
1458,10.16,38.2412,-250.65,0.22
1459,6.64,427667.4896,-1088.74,0.21
1460,10.56,0.0459,-1.15,0.32
1461,13.2,2692.6727,-1000.36,0.25
1462,6.48,1126498.6956,-1045.55,0.26
1463,5.92,0.1124,-2.81,0.22
1464,5.6,9.187,-229.67,0.29
1465,8.44,0.2956,-7.39,0.26
1466,10.28,360221.542,-919.2,0.21
1467,8.32,50.0465,-501.78,0.21
1468,5.36,16.151,-255.27,0.21
1469,8.16,0.0136,-0.34,0.22
1470,5.6,385.089,-382.05,0.25
1471,6.56,114728.739,-250.4,0.24
1472,6.28,19.3376,-483.44,0.24
1473,9.16,11.7941,-250.84,0.3
1474,6.6,0.0142,-0.36,0.25
1475,5.96,8312.031,-338.57,0.25
1476,11.64,354282.2644,-501.64,0.24
1477,11.6,3.0551,-326.37,0.23
1478,11.72,238162.5528,-750.72,0.21
1479,6.2,803166.5128,-1590.37,0.23
1480,8.2,76.4424,-500.31,0.21
1481,10.84,238168.0074,-637.11,0.27
1482,5.4,10.8462,-271.16,0.26
1483,8.04,0.2943,-7.36,0.23
1484,5.96,8.897,-222.42,0.23
1485,8.08,0.5736,-14.34,0.23
1486,8.16,38.6288,-260.34,0.2
1487,4.88,21.0962,-527.41,0.24
1488,7.92,0.0144,-0.36,0.24
1489,7.92,0.4052,-10.13,0.32
1490,5.52,10.6527,-266.32,0.33
1491,7.96,0.0714,-1.79,0.24
1492,8.0,38.2284,-250.33,0.45
1493,8.88,3.4116,-85.29,0.44
1494,4.6,14.1641,-354.1,0.28
1495,8.68,7.6226,-190.56,0.21
1496,5.36,10.6574,-266.43,0.4
1497,6.4,0.125,-3.13,0.36
1498,8.28,272.4761,-1759.3,0.26
1499,12.24,0.2751,-6.88,0.21
1500,5.56,33884.4526,-382.04,0.23
1501,5.96,0.0164,-0.41,0.22
1502,6.36,0.0147,-0.37,0.24
1503,8.04,187.9473,-1250.99,0.23
1504,5.8,16.1525,-255.31,0.25
1505,6.36,120029.5871,-500.3,0.24
1506,9.36,0.2992,-7.48,0.36
1507,6.28,8.7969,-219.92,0.46
1508,6.04,0.1266,-3.17,0.72
1509,9.44,8.5304,-213.26,0.34
1510,11.8,354258.255,-253.71,0.33
1511,8.8,0.2966,-7.42,0.35
1512,11.12,1416257.3366,-1422.66,0.42
1513,10.32,0.0634,-1.58,0.36
1514,11.56,119085.0473,-344.64,0.4
1515,11.24,735715.358,-1001.68,0.33
1516,6.64,0.0168,-0.42,0.28
1517,6.44,8311.5605,-326.81,0.25
1518,12.48,0.2921,-7.3,0.26
1519,8.96,88.4918,-757.53,0.27
1520,9.64,0.697,-17.43,0.24
1521,6.64,8.8024,-220.06,0.29
1522,8.2,38.787,-264.3,0.46
1523,9.96,0.0336,-0.84,0.45
1524,8.92,0.2949,-7.37,0.53
1525,8.04,10851.1795,-3028.28,0.6
1526,12.32,5.5492,-138.73,0.97
1527,5.92,8.8954,-222.38,0.36
1528,6.2,19.3375,-483.44,0.42
1529,5.76,386.3897,-414.57,0.31
1530,5.36,0.1142,-2.85,0.45
1531,7.72,4951.9249,-1537.68,0.39
1532,6.72,0.0146,-0.37,0.38
1533,5.76,1.7734,-44.33,0.4
1534,6.24,0.0352,-0.88,0.35
1535,7.88,9848.4618,-2536.85,0.29
1536,6.44,0.0155,-0.39,0.32
1537,6.44,0.0303,-0.76,0.31
1538,8.36,0.9964,-24.91,0.23
1539,8.44,38.5173,-257.56,0.36
1540,10.48,1080506.5354,-919.16,0.28
1541,11.04,6.3089,-157.72,0.3
1542,7.24,0.1286,-3.22,0.28
1543,8.52,0.2043,-5.11,0.21
1544,7.2,0.461,-11.53,0.21
1545,4.8,14.1688,-354.22,0.23
1546,5.44,12.5059,-312.65,0.26
1547,6.2,1841484.7558,-1641.72,0.33
1548,5.6,10.6536,-266.34,0.36
1549,6.0,1529168.7539,-1567.41,0.24
1550,6.52,1189927.6711,-1372.05,0.24
1551,11.56,1410321.2521,-1084.93,0.23
1552,6.36,0.0124,-0.31,0.39
1553,7.96,77.0022,-514.3,0.23
1554,11.92,119081.307,-1001.07,0.35
1555,10.0,0.0639,-1.6,0.29
1556,6.96,1246572.499,-1315.51,0.24
1557,11.16,238165.6352,-577.8,0.28
1558,9.44,4868.1775,-587.55,0.34
1559,8.56,0.073,-1.83,0.4
1560,6.28,0.013,-0.33,0.44
1561,10.68,1074663.946,-1509.59,0.34
1562,8.76,38.7959,-264.52,0.38
1563,10.12,360173.3575,-419.2,0.28
1564,7.84,421.2942,-258.66,0.25
1565,5.96,114728.8522,-253.23,0.27
1566,6.08,0.1126,-2.82,0.26
1567,8.64,114.7232,-751.95,0.25
1568,6.6,28.1358,-703.39,0.25
1569,8.28,39.0703,-271.38,0.24
1570,8.92,0.3102,-7.75,0.25
1571,6.12,0.0741,-1.85,0.24
1572,10.28,720360.6684,-834.93,0.22
1573,6.52,11.8552,-296.38,0.25
1574,8.04,10749.4889,-2002.12,0.27
1575,8.28,0.297,-7.43,0.23
1576,9.0,421.2502,-257.56,0.31
1577,6.6,8326.0691,-689.52,0.26
1578,8.36,0.5742,-14.36,0.25
1579,6.4,1173891.6921,-1384.31,0.28
1580,7.84,38.5633,-258.71,0.22
1581,7.8,0.7439,-18.6,0.32
1582,7.68,0.0141,-0.35,0.2
1583,7.92,38.2837,-251.72,0.22
1584,6.2,474945.89,-882.85,0.26
1585,5.92,0.1124,-2.81,0.23
1586,6.04,1.7757,-44.39,0.24
1587,6.24,0.1114,-2.79,0.3
1588,6.36,8308.5028,-250.37,0.24
1589,6.76,955011.198,-1042.87,0.21
1590,8.88,20.2662,-506.65,0.21
1591,8.96,360173.3424,-418.82,0.21
1592,7.28,4849.9067,-1059.62,0.23
1593,7.68,19.7968,-263.76,0.2
1594,9.08,392403.3366,-750.65,0.2
1595,5.12,855104.8561,-1064.91,0.24
1596,4.4,23.0457,-826.12,0.26
1597,7.68,0.3504,-8.76,0.23
1598,7.2,0.1278,-3.2,0.37
1599,4.76,19.9066,-255.2,0.32
1600,7.48,38.232,-250.42,0.25
1601,4.6,29.9758,-749.39,0.42
1602,5.56,8.8944,-222.36,0.28
1603,5.56,0.0163,-0.41,0.28
1604,6.32,0.0258,-250.62,0.28
1605,8.48,76.4446,-500.36,0.23
1606,9.08,392403.332,-500.56,0.23
1607,6.76,0.4638,-11.59,0.22
1608,5.44,21.0965,-527.41,0.22
1609,6.16,719580.7351,-590.1,0.23
1610,5.48,22.8647,-571.62,0.26
1611,7.48,38.3964,-254.53,0.26
1612,4.84,17.8773,-446.93,0.23
1613,5.2,114741.1323,-560.23,0.23
1614,10.36,0.3627,-9.07,0.27
1615,5.8,0.0159,-0.4,0.26
1616,7.76,38.5114,-257.41,0.41
1617,5.6,0.2723,-6.81,0.34
1618,5.56,8.8936,-222.34,0.33
1619,5.96,21.4674,-294.22,0.31
1620,7.88,0.0684,-1.71,0.28
1621,6.44,866350.9032,-1051.96,0.27
1622,6.8,1617406.4829,-1509.31,0.28
1623,10.64,238165.3449,-570.54,0.27
1624,6.84,33879.184,-250.33,0.34
1625,6.44,8.8011,-220.03,0.32
1626,7.76,38.3384,-253.08,0.34
1627,9.6,1.0329,-275.81,0.27
1628,7.08,1051610.4581,-1037.07,0.29
1629,6.8,8308.5027,-250.36,0.25
1630,8.88,0.0176,-0.44,0.83
1631,9.08,38.7997,-264.62,0.23
1632,10.24,2.7774,-69.43,0.22
1633,5.88,0.0136,-0.34,0.23
1634,10.56,420.994,-251.16,0.31
1635,6.36,39.0358,-733.43,0.27
1636,10.8,2.468,-61.7,0.25
1637,7.04,8317.2868,-469.97,0.34
1638,11.56,1050151.3756,-752.75,0.38
1639,6.8,17.5931,-439.83,0.33
1640,6.6,0.0177,-0.44,0.25
1641,7.04,26.4223,-660.56,0.42
1642,9.32,38.2399,-250.62,0.41
1643,6.64,19.7089,-250.25,0.53
1644,7.04,10.1264,-253.16,0.3
1645,6.64,12.323,-308.08,0.37
1646,8.88,76.7245,-507.36,0.31
1647,6.92,114728.7352,-250.3,0.32
1648,10.2,0.0275,-0.69,0.4
1649,6.96,1732585.88,-2025.99,0.25
1650,7.12,1852616.4288,-1589.65,0.24
1651,6.52,33879.2327,-251.54,0.28
1652,8.8,0.0212,-0.53,0.25
1653,8.8,276.9943,-1872.26,0.26
1654,6.0,1.7718,-44.29,0.4
1655,5.96,0.077,-1.93,0.28
1656,8.64,0.628,-15.7,0.37
1657,8.24,38.5111,-257.4,0.28
1658,11.72,1.4283,-285.69,0.24
1659,8.28,38.7944,-264.48,0.27
1660,7.68,12.4284,-266.7,0.27
1661,6.24,3.5302,-88.26,0.24
1662,8.04,38.2849,-251.75,0.26
1663,8.64,7.9986,-199.97,0.21
1664,6.2,0.0166,-0.42,0.25
1665,10.64,32236.7779,-1251.38,0.27
1666,6.6,26.3668,-659.17,0.24
1667,9.28,392403.344,-500.86,0.22
1668,7.88,76.4438,-500.34,0.21
1669,7.24,0.1311,-3.28,0.21
1670,7.92,0.3494,-8.74,0.22
1671,8.36,0.6334,-15.84,0.21
1672,5.16,120026.0418,-560.17,0.26
1673,8.04,114.7114,-751.65,0.2
1674,10.32,360194.1096,-585.7,0.35
1675,8.2,38.5134,-257.46,0.46
1676,8.04,38.2836,-251.71,0.63
1677,8.4,0.049,-1.23,0.33
1678,6.36,0.0157,-0.39,0.29
1679,6.64,33889.8732,-517.56,0.33
1680,5.84,8.8998,-222.5,0.27
1681,5.92,0.0145,-0.36,0.23
1682,7.88,0.0778,-1.94,0.21
1683,6.04,0.0162,-0.4,0.4
1684,9.68,96713.5613,-835.03,0.37
1685,7.68,0.1795,-4.49,0.3
1686,8.08,228.5466,-2036.79,0.21
1687,5.04,3.6258,-90.65,0.21
1688,7.48,0.1275,-3.19,0.24
1689,10.68,0.0192,-250.48,0.34
1690,5.04,12.5069,-312.67,0.28
1691,7.68,0.3502,-8.76,0.36
1692,5.84,1.8701,-46.75,0.37
1693,6.12,1.8693,-46.73,0.26
1694,5.88,8308.6003,-252.8,0.26
1695,5.8,8.8934,-222.34,0.28
1696,10.12,595406.3348,-1250.67,0.25
1697,8.36,335726.5936,-250.61,0.24
1698,8.2,38.5065,-257.29,0.22
1699,5.88,8.8974,-222.43,0.34
1700,5.36,5.281,-132.02,0.29
1701,6.04,0.1117,-2.79,0.26
1702,8.36,38.5128,-257.44,0.21
1703,6.36,33879.1885,-250.44,0.25
1704,8.44,0.5725,-14.31,0.22
1705,12.28,0.4367,-10.92,0.22
1706,6.52,120013.6478,-250.32,0.22
1707,7.24,359879.4011,-368.64,0.32
1708,9.84,0.0871,-2.18,0.36
1709,8.48,0.9436,-23.59,0.22
1710,7.96,38.5084,-257.33,0.29
1711,8.24,0.631,-15.78,0.38
1712,5.76,0.1162,-2.91,0.28
1713,6.24,1.7701,-44.25,0.26
1714,6.52,699060.4226,-1046.72,0.35
1715,6.72,15.968,-250.7,0.32
1716,9.2,0.1191,-2.98,0.34
1717,8.08,0.2938,-7.34,0.55
1718,6.08,16.0529,-252.82,0.35
1719,7.84,0.6842,-17.11,0.28
1720,10.04,0.1898,-4.74,0.22
1721,10.28,359167.2333,-1123.45,0.24
1722,6.16,0.018,-0.45,0.24
1723,9.6,392403.3407,-500.78,0.25
1724,6.36,1273332.3428,-1610.14,0.39
1725,10.92,6.2844,-907.07,0.22
1726,6.28,1.7723,-44.31,0.21
1727,7.48,38.2301,-250.38,0.27
1728,5.48,0.0122,-0.31,0.31
1729,6.44,0.0136,-0.34,0.31
1730,7.96,38.2927,-251.94,0.28
1731,6.24,1106040.381,-1067.88,0.29
1732,5.68,10.6577,-266.44,0.84
1733,7.88,38.9019,-267.17,0.21
1734,7.88,0.0146,-0.36,0.2
1735,7.96,38.2933,-501.94,0.2
1736,6.48,0.016,-0.4,0.22
1737,8.64,32240.1084,-334.71,0.24
1738,11.08,0.3339,-258.33,0.21
1739,5.2,9.187,-229.67,0.22
1740,5.32,3.7204,-93.01,0.21
1741,7.64,38.5634,-258.71,0.21
1742,5.72,3.5253,-88.13,0.25
1743,6.12,839309.6746,-847.44,0.24
1744,7.04,2799.8586,-264.28,0.23
1745,6.92,0.0743,-1.86,0.23
1746,7.68,38.6209,-260.15,0.24
1747,5.12,10.8481,-271.2,0.25
1748,8.4,103.7626,-751.27,0.23
1749,7.84,0.0142,-0.35,0.21
1750,5.88,8.798,-219.95,0.29
1751,8.32,0.0145,-0.36,0.24
1752,8.68,153.4953,-452.63,0.2
1753,6.28,1606214.7656,-1544.53,0.22
1754,7.56,38.6177,-260.07,0.23
1755,6.12,0.0807,-2.02,0.26
1756,6.52,15.9548,-250.37,0.23
1757,6.6,0.016,-0.4,0.23
1758,8.36,14.3518,-358.79,0.23
1759,7.04,0.5197,-12.99,0.19
1760,7.72,0.0167,-0.42,0.21
1761,9.48,239121.8412,-501.57,0.21
1762,7.28,38.4538,-255.97,0.21
1763,4.84,26.6887,-518.71,0.22
1764,7.32,38.3412,-253.15,0.21
1765,7.48,4805.4765,-751.32,0.24
1766,7.6,0.0164,-0.41,0.33
1767,5.64,1.9658,-49.14,0.24
1768,6.48,1153430.6682,-1338.91,0.29
1769,8.16,38.2829,-251.69,0.25
1770,10.48,720360.6739,-835.06,0.41
1771,7.64,0.405,-10.12,0.32
1772,7.92,0.0688,-1.72,0.42
1773,5.44,17.9305,-448.26,0.37
1774,7.92,4913.2558,-1276.33,0.49
1775,7.48,38.4512,-255.9,0.43
1776,5.84,1.8671,-46.68,0.56
1777,7.32,0.4608,-11.52,0.57
1778,8.56,32236.7407,-250.52,0.32
1779,6.28,3.2675,-81.69,0.31
1780,7.76,114.7132,-751.7,0.29
1781,7.68,0.0718,-1.79,0.26
1782,8.04,0.0721,-1.8,0.24
1783,7.96,38.7903,-264.38,0.25
1784,6.4,8.8943,-222.36,0.35
1785,8.0,0.3486,-8.71,0.32
1786,6.16,0.1694,-4.24,0.36
1787,5.8,114730.6527,-298.24,0.29
1788,11.92,0.4798,-12.0,0.26
1789,6.2,886700.5237,-1132.51,0.29
1790,6.84,119903.4169,-314.78,0.31
1791,6.4,1.7709,-44.27,0.32
1792,6.44,17.5812,-439.53,0.33
1793,9.88,119081.3048,-501.08,0.25
1794,8.48,38.5153,-257.51,0.22
1795,6.6,187755.5447,-651.63,0.23
1796,7.92,77.0634,-515.83,0.25
1797,5.96,8310.2598,-294.29,0.25
1798,8.2,38.7897,-264.37,0.23
1799,5.88,1.868,-46.7,0.25
1800,6.36,0.0212,-0.53,0.25
1801,6.56,10.5558,-263.89,0.25
1802,6.44,19.7125,-250.34,0.26
1803,7.8,0.2925,-7.31,0.24
1804,8.08,38.843,-265.7,0.24
1805,6.12,8.8959,-222.4,0.29
1806,5.88,0.033,-0.83,0.3
1807,6.6,339243.2947,-250.67,0.31
1808,6.4,15.9528,-250.32,0.36
1809,7.64,76.4988,-501.72,0.26
1810,6.56,0.0141,-0.35,0.3
1811,8.24,0.5733,-14.33,0.3
1812,9.88,120040.9178,-260.03,0.33
1813,6.12,0.1286,-3.21,0.3
1814,7.68,269.3811,-1779.0,0.27
1815,7.68,0.3498,-8.74,0.25
1816,7.8,0.3508,-8.77,0.24
1817,7.76,38.341,-253.15,0.23
1818,6.04,1.7852,-44.63,0.24
1819,6.2,0.1105,-2.76,0.24
1820,6.12,19.8121,-252.83,0.23
1821,6.12,8.9013,-222.53,0.23
1822,7.76,0.2939,-7.35,0.25
1823,6.24,0.1117,-2.79,0.24
1824,6.64,37.2791,-689.51,0.22
1825,6.72,0.0279,-0.7,0.24
1826,6.44,17.5968,-439.92,0.23
1827,6.88,397.387,-689.5,0.24
1828,7.84,38.8432,-265.7,0.22
1829,5.8,855103.1274,-1021.7,0.22
1830,6.36,0.0165,-0.41,0.26
1831,5.96,1.7748,-44.37,0.23
1832,9.48,64477.1642,-593.1,0.25
1833,9.8,359167.8094,-887.86,0.2
1834,5.96,0.1276,-3.19,0.26
1835,6.56,1757596.0171,-1301.34,0.25
1836,7.6,38.5663,-258.78,0.22
1837,6.0,8.8975,-222.44,0.24
1838,6.16,0.0159,-0.4,0.3
1839,6.52,0.2054,-5.14,0.28
1840,8.04,0.352,-8.8,0.21
1841,7.64,9656.379,-1509.15,0.26
1842,8.2,0.0708,-1.77,0.85
1843,8.16,0.3487,-8.72,0.23
1844,8.68,1.4386,-35.97,0.25
1845,7.48,0.5173,-12.93,0.24
1846,7.32,0.2924,-7.31,0.39
1847,7.84,38.5643,-258.73,0.27
1848,6.16,0.1118,-2.8,0.36
1849,6.12,0.0168,-0.42,0.39
1850,6.32,610643.1915,-1382.69,0.34
1851,6.64,0.0156,-0.39,0.32
1852,6.52,24.7446,-470.11,0.3
1853,6.12,153892.8216,-500.39,0.25
1854,6.44,26.4919,-662.3,0.23
1855,7.76,38.2934,-251.96,0.26
1856,6.48,1022567.6222,-1572.79,0.21
1857,8.2,38.508,-257.32,0.26
1858,9.76,359167.2547,-873.99,0.21
1859,6.32,8.8969,-222.42,0.3
1860,7.04,355285.2316,-387.35,0.4
1861,7.8,4978.0354,-1528.8,0.34
1862,9.68,64473.5071,-501.68,0.45
1863,6.72,8.7999,-220.0,0.3
1864,7.72,0.6256,-15.64,0.33
1865,6.6,1.7688,-44.22,0.3
1866,6.68,1122082.8104,-1216.88,0.27
1867,10.64,478246.4084,-1071.3,0.24
1868,10.04,239124.8287,-576.26,0.25
1869,6.68,24.7364,-469.91,0.35
1870,8.16,38.2272,-250.3,0.52
1871,8.48,12.8283,-320.71,0.36
1872,5.96,0.0179,-0.45,0.3
1873,8.04,0.3012,-7.53,0.27
1874,9.48,32240.176,-336.4,0.23
1875,7.84,1.1874,-29.68,0.23
1876,6.12,0.1151,-2.88,0.24
1877,7.92,0.0681,-1.7,0.26
1878,6.32,8.859,-221.47,0.28
1879,6.36,0.0148,-0.37,0.3
1880,8.52,7.6039,-190.1,0.23
1881,6.24,0.2094,-5.23,0.28
1882,7.92,163.5911,-1803.7,0.24
1883,6.24,0.0135,-0.34,0.27
1884,6.24,1.7716,-44.29,0.26
1885,6.56,8.7986,-219.96,0.27
1886,8.12,0.0144,-0.36,0.28
1887,6.48,21.0945,-527.36,0.35
1888,6.52,8.8107,-220.27,0.3
1889,6.44,814185.6946,-1046.27,0.25
1890,7.04,8.8113,-220.28,0.25
1891,11.4,0.479,-11.98,0.27
1892,6.48,8.8035,-220.09,0.27
1893,10.8,424646.7865,-918.92,0.25
1894,8.56,0.298,-7.45,0.25
1895,9.36,4861.9006,-430.63,0.27
1896,11.08,0.3416,-8.54,0.26
1897,6.28,8.8557,-221.39,0.27
1898,6.88,886697.5573,-1058.35,0.26
1899,6.52,17.5845,-439.61,0.28
1900,10.24,119083.7528,-312.28,0.23
1901,6.12,17.8835,-447.09,0.25
1902,7.6,0.462,-11.55,0.23
1903,7.92,19.3973,-253.77,0.23
1904,9.28,360166.6041,-500.36,0.26
1905,7.12,0.9995,-24.99,0.27
1906,5.92,10.558,-263.95,0.25
1907,7.72,0.124,-3.1,0.34
1908,9.0,360194.0812,-584.99,0.36
1909,5.64,33879.1858,-250.37,0.36
1910,5.4,8312.017,-338.22,0.4
1911,7.64,0.1835,-4.59,0.25
1912,5.96,3.0757,-76.89,0.29
1913,8.04,421.0187,-251.77,0.3
1914,7.64,0.1266,-3.16,0.31
1915,8.36,76.497,-501.67,0.26
1916,5.96,40.7923,-777.34,0.24
1917,6.24,33879.1919,-250.52,0.27
1918,6.76,1940685.2376,-2113.0,0.28
1919,8.08,0.3538,-8.85,0.28
1920,8.92,0.8365,-20.91,0.3
1921,8.76,0.359,-8.97,0.23
1922,8.0,76.7223,-507.3,0.23
1923,5.88,1.7717,-44.29,0.24
1924,7.88,38.5625,-258.69,0.22
1925,5.96,0.1111,-2.78,0.26
1926,5.68,0.1156,-2.89,0.28
1927,8.0,0.2937,-7.34,0.26
1928,6.24,746342.8255,-940.89,0.22
1929,6.04,419.7921,-544.26,0.24
1930,5.88,1.8697,-46.74,0.3
1931,8.08,38.2293,-250.36,0.37
1932,5.92,1.7727,-44.32,0.35
1933,6.2,19.7148,-250.4,0.34
1934,6.16,0.1114,-2.79,0.38
1935,8.4,0.2979,-7.45,0.31
1936,10.72,119083.841,-314.48,0.24
1937,6.68,51.1007,-1129.02,0.26
1938,8.2,4870.4811,-1009.41,0.24
1939,6.08,0.208,-5.2,0.24
1940,6.4,0.0153,-0.38,0.36
1941,8.0,0.014,-0.35,0.24
1942,6.72,814435.2821,-1036.28,0.25
1943,6.68,767023.8768,-1346.48,0.21
1944,7.52,38.3408,-253.14,0.26
1945,7.08,0.239,-5.97,0.3
1946,7.72,0.0795,-1.99,0.3
1947,6.16,12.3133,-307.83,0.86
1948,6.4,1.7867,-44.67,0.25
1949,6.48,16.0515,-252.78,0.23
1950,6.2,114730.4946,-294.29,0.23
1951,6.28,0.1171,-2.93,0.24
1952,6.48,0.0116,-0.29,0.24
1953,8.64,38.5081,-257.32,0.22
1954,6.48,0.1236,-3.09,0.25
1955,6.52,17.5964,-439.91,0.27
1956,6.44,1226051.3324,-1250.79,0.22
1957,7.76,0.1844,-4.61,0.22
1958,7.68,0.0726,-1.81,0.22
1959,7.8,38.2847,-251.74,0.21
1960,8.16,38.5072,-257.3,0.22
1961,5.96,10.5585,-263.96,0.26
1962,8.96,152.583,-429.82,0.23
1963,9.28,64473.4674,-500.68,0.32
1964,6.2,8.8105,-220.26,0.26
1965,6.56,0.0159,-0.4,0.23
1966,7.8,0.2903,-7.26,0.21
1967,9.88,239124.2981,-563.0,0.22
1968,9.8,720333.2001,-500.52,0.29
1969,8.2,0.0196,-0.49,0.27
1970,10.72,0.0127,-0.32,0.26
1971,7.84,38.3375,-253.06,0.29
1972,5.48,1.7872,-44.68,0.28
1973,6.4,0.1115,-2.79,0.33
1974,6.16,0.1166,-2.91,0.26
1975,6.68,0.0139,-0.35,0.25
1976,6.2,0.0253,-0.63,0.25
1977,7.96,38.508,-257.32,0.33
1978,5.96,0.0117,-0.29,0.29
1979,7.8,38.4402,-255.63,0.24
1980,6.08,0.1183,-2.96,0.26
1981,6.68,8311.5749,-327.17,0.25
1982,8.12,38.5628,-258.69,0.24
1983,7.88,0.3568,-8.92,0.28
1984,5.72,0.2105,-5.26,0.29
1985,7.2,364665.4959,-2250.93,0.23
1986,6.24,33879.1871,-250.4,0.28
1987,5.6,10.7489,-268.72,0.25
1988,5.68,1.9665,-49.16,0.23
1989,9.68,358203.0787,-750.97,0.2
1990,6.24,746337.861,-1066.76,0.22
1991,7.76,11.8314,-251.78,0.24
1992,6.28,0.0138,-0.35,0.31
1993,7.88,38.5642,-258.73,0.26
1994,7.68,0.3496,-8.74,0.27
1995,5.88,1.7699,-44.25,0.25
1996,6.04,0.0146,-0.37,0.27
1997,8.72,32236.7519,-250.8,0.27
1998,6.16,0.0156,-0.39,0.27
1999,10.4,0.8054,-270.12,0.25
2000,7.72,0.079,-1.97,0.23
2001,9.76,0.0718,-1.8,0.23
2002,7.84,38.8448,-265.74,0.25
2003,7.72,0.2945,-7.36,0.24
2004,6.0,766797.0285,-815.77,0.23
2005,6.44,1314361.8646,-1567.55,0.25
2006,7.64,14442.2968,-2009.39,0.24
2007,7.72,0.0174,-0.43,0.25
2008,5.96,21.4732,-294.36,0.27
2009,7.84,114.6577,-750.31,0.23
2010,5.64,0.2132,-5.33,0.25
2011,7.36,219.5483,-1759.39,0.23
2012,9.52,240086.3296,-632.4,0.22
2013,5.72,0.1114,-2.78,0.22
2014,7.48,0.0716,-251.78,0.22
2015,5.96,8308.6087,-253.01,0.23
2016,8.12,0.0137,-0.34,0.22
2017,6.0,8.7981,-219.95,0.26
2018,7.4,0.1272,-3.18,0.2
2019,6.08,0.1128,-2.82,0.22
2020,7.96,38.5171,-257.55,0.2
2021,6.12,1038190.7853,-794.34,0.24
2022,7.72,38.2492,-250.85,0.22
2023,9.0,240083.5534,-563.0,0.2
2024,8.68,32236.7391,-250.48,0.2
2025,9.48,0.3831,-259.57,0.22
2026,5.56,0.1144,-2.86,0.24
2027,7.56,38.2867,-251.79,0.21
2028,5.8,8.7965,-219.91,0.24
2029,10.84,0.4862,-262.15,0.2
2030,7.68,223.4072,-1758.79,0.21
2031,5.72,1.9428,-48.57,0.24
2032,10.76,0.1519,-253.79,0.21
2033,7.8,38.2854,-251.76,0.24
2034,7.6,0.1272,-3.18,0.26
2035,7.88,0.0132,-0.33,0.25
2036,7.84,0.5721,-14.3,0.21
2037,7.76,38.7675,-263.81,0.21
2038,5.48,8.898,-222.45,0.25
2039,9.88,0.8044,-20.11,0.2
2040,5.6,1.8713,-46.78,0.22
2041,7.68,0.072,-1.8,0.22
2042,6.2,1298562.9786,-1257.46,0.23
2043,8.8,0.0199,-0.5,0.21
2044,5.28,5.382,-134.55,0.23
2045,7.36,0.184,-254.58,0.21
2046,5.68,1.967,-49.17,0.25
2047,5.36,1.8881,-47.2,0.25
2048,5.96,1689746.1767,-2021.64,0.24
2049,6.2,1.7715,-44.29,0.24
2050,6.24,4.83,-120.75,0.26
2051,7.92,38.2836,-251.71,0.25
2052,6.12,120393.4574,-500.39,0.22
2053,7.6,19.2644,-250.45,0.2
2054,7.84,0.1004,-2.51,0.21
2055,7.28,0.1836,-4.59,0.22
2056,5.56,0.2105,-5.26,0.25
2057,6.16,594845.2173,-1095.4,0.21
2058,7.56,38.3499,-503.36,0.22
2059,5.6,0.0147,-0.37,0.29
2060,7.56,0.0714,-1.78,0.25
2061,7.2,0.0705,-1.76,0.22
2062,5.8,0.1136,-2.84,0.24
2063,8.48,0.0201,-0.5,0.22
2064,5.52,1.8667,-46.67,0.22
2065,6.24,1.7698,-44.25,0.26
2066,6.8,242.1963,-1251.12,0.24
2067,7.84,0.07,-1.75,0.22
2068,6.24,1.8672,-46.68,0.27
2069,6.72,0.0244,-0.61,0.85
2070,6.36,17.5812,-439.53,0.26
2071,9.48,240086.0122,-624.47,0.22
2072,6.8,8.7978,-219.95,0.24
2073,8.48,8.3017,-207.54,0.23
2074,7.72,0.0226,-0.56,0.23
2075,5.88,0.112,-2.8,0.24
2076,7.8,0.013,-0.33,0.23
2077,10.48,0.7846,-19.62,0.21
2078,8.64,359858.7146,-610.38,0.24
2079,5.72,0.1158,-2.9,0.24
2080,7.48,0.128,-3.2,0.22
2081,7.52,0.2947,-7.37,0.27
2082,9.84,0.0144,-250.36,0.27
2083,6.6,407097.4273,-637.63,0.24
2084,6.2,0.5498,-13.74,0.29
2085,9.72,0.6546,-16.37,0.19
2086,8.04,38.3864,-254.28,0.21
2087,8.68,0.4579,-11.45,0.21
2088,6.28,594844.9392,-1088.44,0.23
2089,5.88,15.9596,-250.49,0.27
2090,7.64,0.073,-1.83,0.24
2091,6.44,19.0243,-327.11,0.23
2092,6.24,3.5283,-88.21,0.23
2093,5.56,0.0126,-0.31,0.22
2094,6.4,0.013,-0.33,0.29
2095,7.76,38.284,-251.72,0.22
2096,7.6,329771.7874,-501.7,0.21
2097,5.28,433.2616,-557.84,0.24
2098,6.2,2280278.5706,-2044.71,0.23
2099,5.88,1726001.0095,-1750.23,0.25
2100,7.76,38.2283,-250.33,0.27
2101,5.84,0.1133,-2.83,0.27
2102,5.92,1.8694,-46.73,0.25
2103,5.72,1.9654,-49.13,0.26
2104,8.76,32237.3227,-265.07,0.21
2105,5.64,1.7741,-44.35,0.25
2106,6.16,8308.503,-250.37,0.25
2107,7.72,0.0698,-1.75,0.23
2108,6.48,0.015,-0.37,0.28
2109,10.08,119083.7592,-312.44,0.21
2110,9.16,32236.7359,-250.4,0.2
2111,7.96,38.2926,-251.94,0.22
2112,7.8,38.6201,-260.13,0.2
2113,5.24,0.1155,-2.89,0.22
2114,5.84,1.8704,-46.76,0.23
2115,6.4,33879.1854,-250.36,0.28
2116,7.6,38.6195,-260.11,0.26
2117,5.96,0.013,-0.33,0.25
2118,7.52,38.2289,-250.35,0.25
2119,7.56,0.1276,-3.19,0.25
2120,8.76,392403.3329,-500.58,0.22
2121,7.76,0.5719,-14.3,0.22
2122,6.28,33.524,-689.6,0.25
2123,9.24,119083.763,-312.54,0.2
2124,8.8,0.0261,-0.65,0.24
2125,7.52,38.4006,-254.64,0.21
2126,9.08,64473.4668,-500.67,0.2
2127,6.04,33879.2844,-252.84,0.23
2128,9.16,360121.6809,-753.27,0.19
2129,6.32,0.0169,-0.42,0.25
2130,6.4,0.2064,-5.16,0.23
2131,6.4,0.1137,-2.84,0.23
2132,6.44,114728.7366,-250.34,0.26
2133,8.56,7.5898,-189.75,0.22
2134,8.24,38.5132,-257.45,0.22
2135,6.36,0.0165,-0.41,0.26
2136,8.56,7.6085,-190.21,0.22
2137,7.8,0.3475,-8.69,0.2
2138,8.04,38.2285,-250.34,0.22
2139,6.44,1345841.6777,-1559.02,0.23
2140,6.28,8308.5011,-250.33,0.23
2141,7.8,45.8732,-441.45,0.26
2142,7.64,0.0691,-1.73,0.23
2143,6.08,0.0149,-0.37,0.26
2144,7.72,0.013,-0.33,0.24
2145,8.08,76.5051,-501.87,0.23
2146,8.0,0.2922,-7.3,0.24
2147,6.32,1.7693,-44.23,0.27
2148,6.04,0.0715,-1.79,0.27
2149,5.96,0.115,-2.88,0.29
2150,7.32,0.2956,-7.39,0.24
2151,5.56,0.1102,-2.75,0.24
2152,5.72,0.0138,-0.35,0.24
2153,6.12,1241735.8495,-1521.89,0.23
2154,6.0,1.7751,-44.38,0.27
2155,5.96,0.0148,-0.37,0.23
2156,8.48,776014.091,-946.7,0.2
2157,8.08,114.6545,-750.23,0.25
2158,7.76,0.2941,-7.35,0.21
2159,6.16,0.0174,-0.44,0.22
2160,6.84,1476879.3565,-1386.48,0.22
2161,6.72,714991.0482,-720.87,0.27
2162,10.8,0.3352,-8.38,0.2
2163,8.16,38.2284,-250.33,0.23
2164,6.44,394.4946,-250.47,0.22
2165,6.52,0.0148,-0.37,0.33
2166,6.56,3.0723,-76.81,0.27
2167,7.96,0.2932,-7.33,0.21
2168,6.36,0.0159,-0.4,0.23
2169,9.48,119083.815,-313.83,0.22
2170,9.04,64473.5151,-501.88,0.21
2171,6.56,1345844.0808,-1619.1,0.28
2172,6.24,0.0259,-0.65,0.27
2173,6.2,16.0519,-252.79,0.27
2174,6.44,0.0174,-0.44,0.26
2175,8.08,38.2276,-250.31,0.21
2176,8.08,0.2899,-7.25,0.21
2177,7.96,38.2914,-251.91,0.21
2178,8.04,0.8521,-21.3,0.25
2179,8.8,0.0657,-1.64,0.21
2180,7.52,0.1252,-3.13,0.22
2181,6.36,17.6424,-441.06,0.25
2182,6.12,8317.3002,-470.3,0.24
2183,6.64,0.0156,-0.39,0.24
2184,6.44,10.5707,-264.27,0.26
2185,6.0,8308.6024,-252.86,0.27
2186,6.08,0.1175,-2.94,0.23
2187,9.0,4.9982,-374.82,0.22
2188,6.0,0.1102,-2.75,0.24
2189,7.6,0.0693,-1.73,0.22
2190,8.28,38.5072,-257.3,0.24
2191,7.56,0.2421,-6.05,0.21
2192,5.56,1.7763,-44.41,0.22
2193,9.56,120045.5245,-375.19,0.21
2194,9.12,24.1144,-250.56,0.26
2195,7.76,38.6201,-260.13,0.24
2196,6.08,1544726.088,-1588.41,0.26
2197,5.52,3.5279,-88.2,0.28
2198,7.08,222.2204,-2249.95,0.28
2199,5.96,114728.8346,-252.79,0.24
2200,5.84,0.0227,-0.57,0.23
2201,5.88,0.0132,-0.33,0.28
2202,7.6,38.2834,-251.71,0.21
2203,6.44,0.0152,-0.38,0.27
2204,6.4,0.1138,-2.85,0.27
2205,8.2,56618.5641,-697.23,0.25
2206,9.4,64473.4609,-500.52,0.21
2207,8.0,76.7208,-507.27,0.27
2208,10.08,64473.5404,-502.51,0.21
2209,8.64,38.791,-264.4,0.21
2210,6.52,8.7984,-219.96,0.26
2211,7.84,0.5731,-14.33,0.22
2212,6.08,0.0126,-0.31,0.27
2213,6.4,118939.5704,-250.36,0.24
2214,6.48,1.7706,-44.26,0.27
2215,6.44,8308.5048,-250.42,0.25
2216,7.64,0.2918,-7.29,0.24
2217,6.2,8.8005,-220.01,0.27
2218,8.8,64473.4582,-500.45,0.23
2219,7.04,215.3286,-1750.97,0.3
2220,8.68,0.0339,-0.85,0.25
2221,5.8,0.0129,-0.32,0.25
2222,9.68,239124.631,-571.32,0.2
2223,5.88,0.1158,-2.89,0.24
2224,7.72,0.0212,-0.53,0.23
2225,6.72,766799.767,-884.23,0.25
2226,9.88,0.0209,-500.5,0.24
2227,8.0,0.2918,-7.29,0.27
2228,7.92,38.284,-251.72,0.28
2229,9.32,64473.5174,-501.94,0.24
2230,6.12,0.0164,-0.41,0.27
2231,10.16,238165.026,-562.57,0.26
2232,6.0,0.0153,-0.38,0.27
2233,6.0,0.1125,-2.81,0.25
2234,10.76,0.3114,-7.79,0.28
2235,6.68,459149.388,-632.36,0.27
2236,7.4,719927.6236,-1301.58,0.27
2237,6.64,114730.5065,-294.59,0.28
2238,7.24,595195.2992,-777.53,0.27
2239,8.2,38.3329,-252.94,0.25
2240,6.4,0.0121,-0.3,0.27
2241,6.48,19.7144,-250.39,0.32
2242,6.36,0.0712,-1.78,0.27
2243,6.6,0.0268,-250.65,0.24
2244,6.36,120015.4047,-294.24,0.24
2245,6.44,114737.5224,-469.98,0.33
2246,6.28,0.0173,-0.43,0.23
2247,7.96,0.0148,-0.37,0.22
2248,6.84,886813.9608,-1148.2,0.24
2249,5.6,1.967,-49.17,0.22
2250,6.24,0.1127,-2.82,0.26
2251,8.2,38.2242,-250.23,0.24
2252,9.68,119084.1497,-322.2,0.22
2253,6.16,1.7703,-44.26,0.26
2254,7.92,76.4449,-500.37,0.24
2255,7.72,0.0684,-1.71,0.23
2256,7.68,0.2949,-7.37,0.23
2257,7.6,0.0136,-0.34,0.24
2258,7.68,0.0155,-0.39,0.22
2259,7.24,81.8839,-768.87,0.23
2260,6.08,1845905.3697,-1588.61,0.23
2261,7.04,0.1282,-3.2,0.2
2262,5.48,0.1262,-3.16,0.23
2263,5.8,1.8744,-46.86,0.24
2264,6.48,0.0151,-0.38,0.25
2265,7.76,38.2306,-250.39,0.2
2266,5.68,1.7683,-44.21,0.25
2267,5.64,20.8959,-279.93,0.23
2268,9.2,120040.5744,-251.44,0.26
2269,7.28,0.0723,-1.81,0.26
2270,9.48,0.0404,-500.97,0.21
2271,6.36,818850.2557,-842.16,0.31
2272,8.36,0.0218,-250.53,0.21
2273,7.36,0.0149,-0.37,0.24
2274,5.56,1.7736,-44.34,0.23
2275,7.04,118.5971,-1001.7,0.24
2276,5.96,3.0745,-76.86,0.24
2277,6.32,0.0157,-0.39,0.31
2278,9.52,0.3392,-258.46,0.28
2279,5.72,33879.1846,-250.34,0.29
2280,6.04,0.1174,-2.93,0.25
2281,7.44,0.0706,-1.77,0.27
2282,7.6,0.0694,-1.74,0.28
2283,6.12,0.0326,-0.82,0.27
2284,6.12,8.8013,-220.03,0.25
2285,6.36,0.0142,-250.34,0.26
2286,6.0,1.8358,-45.9,0.27
2287,8.24,56479.7542,-611.74,0.24
2288,10.04,240088.4598,-935.63,0.23
2289,6.28,0.014,-0.35,0.3
2290,6.28,17.5849,-439.62,0.27
2291,6.0,0.0132,-0.33,0.29
2292,9.16,2.5453,-63.63,0.23
2293,8.88,32236.7606,-251.02,0.23
2294,7.68,0.0134,-0.34,0.25
2295,6.52,1106211.9782,-1053.32,0.3
2296,7.8,0.2934,-7.34,0.23
2297,10.28,0.326,-8.15,0.27
2298,6.8,253.532,-2000.68,0.27
2299,5.96,0.0182,-0.45,0.22
2300,7.68,0.0223,-0.56,0.22
2301,7.84,113221.5984,-1006.22,0.24
2302,5.68,1.7725,-44.31,0.27
2303,7.8,0.0149,-0.37,0.28
2304,5.72,0.0159,-0.4,0.31
2305,7.96,0.349,-8.73,0.24
2306,8.12,359842.6353,-515.17,0.24
2307,6.4,0.0166,-0.41,0.27
2308,8.12,0.572,-14.3,0.23
2309,8.8,0.5794,-14.48,0.24
2310,11.0,0.9709,-24.27,0.28
2311,8.12,77.0028,-514.32,0.32
2312,8.04,38.2282,-250.33,0.26
2313,7.88,0.1287,-3.22,0.31
2314,8.2,12.3332,-264.32,0.33
2315,8.0,0.5733,-14.33,0.26
2316,7.8,0.0697,-251.72,0.27
2317,8.12,38.8663,-266.28,0.26
2318,8.2,0.0177,-0.44,0.28
2319,8.92,64473.4602,-500.5,0.26
2320,8.8,32236.7612,-251.03,0.23
2321,7.84,0.0131,-0.33,0.27
2322,6.2,379.8256,-500.45,0.26
2323,9.56,64473.4968,-751.39,0.24
2324,7.8,38.2284,-250.33,0.28
2325,6.36,0.0126,-0.32,0.29
2326,6.48,490980.7186,-841.83,0.28
2327,6.64,0.0157,-0.39,0.32
2328,8.64,359711.3677,-618.23,0.28
2329,6.6,8.7983,-219.96,0.24
2330,6.2,0.0162,-0.4,0.24
2331,10.04,360198.6254,-1070.83,0.22
2332,6.16,0.0156,-0.39,0.25
2333,8.56,7.5418,-188.54,0.25
2334,7.96,38.5098,-257.37,0.25
2335,5.56,8.8966,-222.41,0.28
2336,7.12,97.1515,-1009.75,0.27
2337,7.6,0.07,-1.75,0.25
2338,6.24,0.0184,-0.46,0.27
2339,6.04,1.7704,-44.26,0.3
2340,7.8,0.0118,-0.29,0.28
2341,5.88,0.0125,-0.31,0.26
2342,6.12,0.0166,-0.41,0.3
2343,6.6,0.0134,-0.34,0.28
2344,6.08,0.112,-2.8,0.26
2345,6.08,0.0146,-0.37,0.24
2346,7.44,81.4943,-1009.13,0.23
2347,8.68,64473.5638,-503.09,0.25
2348,8.04,38.3025,-252.19,0.25
2349,6.04,0.0126,-0.32,0.27
2350,5.92,0.0155,-0.39,0.27
2351,7.4,29.8477,-250.29,0.21
2352,6.24,11.9513,-298.78,0.28
2353,6.08,1.7729,-44.32,0.29
2354,8.68,0.0684,-1.71,0.27
2355,8.8,0.0704,-1.76,0.22
2356,5.72,1.8688,-46.72,0.29
2357,6.4,0.0139,-0.35,0.28
2358,8.44,0.081,-2.03,0.26
2359,9.0,32236.8491,-253.23,0.27
2360,5.76,1.7703,-44.26,0.27
2361,10.08,1.1313,-28.28,0.29
2362,5.56,0.0989,-2.47,0.3
2363,5.8,10.6527,-266.32,0.25
2364,6.0,10.0016,-250.04,0.28
2365,7.52,0.0702,-1.75,0.25
2366,7.72,0.0173,-0.43,0.23
2367,7.68,0.2933,-7.33,0.21
2368,6.0,1.7746,-44.36,0.25
2369,10.2,0.3414,-508.49,0.22
2370,6.04,0.0153,-0.38,0.24
2371,7.72,0.0769,-1.92,0.21
2372,8.0,114.935,-757.24,0.24
2373,6.16,1.7742,-44.36,0.22
2374,5.76,0.0163,-0.41,0.23
2375,8.48,0.03,-0.75,0.22
2376,8.16,298.2991,-687.98,0.21
2377,7.48,0.2453,-6.13,0.23
2378,5.92,0.0168,-0.42,0.28
2379,7.48,0.0221,-0.55,0.26
2380,9.0,0.0352,-0.88,0.21
2381,9.32,120045.4687,-373.8,0.2
2382,7.2,0.2938,-7.35,0.21
2383,6.16,1377434.0747,-1044.87,0.21
2384,9.48,240081.1181,-1001.97,0.2
2385,7.32,0.1259,-3.15,0.22
2386,5.64,0.0169,-0.42,0.3
2387,6.08,0.0192,-0.48,0.24
2388,7.52,0.0153,-0.38,0.22
2389,7.72,0.0145,-0.36,0.23
2390,7.44,38.3972,-254.55,0.2
2391,5.8,0.0126,-0.31,0.24
2392,6.72,1085582.7004,-1106.06,0.25
2393,8.0,76.7199,-507.24,0.22
2394,7.64,0.0687,-1.72,0.26
2395,5.8,0.1157,-2.89,0.23
2396,5.92,0.1228,-3.07,0.24
2397,6.56,2284590.6185,-2097.69,0.21
2398,7.56,0.4048,-10.12,0.22
2399,8.8,0.0898,-2.25,0.21
2400,5.48,3.5266,-88.16,0.22
2401,7.64,0.2984,-7.46,0.23
2402,6.36,1106042.3458,-1117.0,0.21
2403,5.84,16.0544,-252.86,0.26
2404,6.72,193.5618,-2000.97,0.24
2405,9.64,120043.038,-313.03,0.21
2406,5.44,1.8681,-296.7,0.24
2407,7.6,0.0678,-1.7,0.22
2408,5.52,3.5282,-88.2,0.22
2409,8.84,240085.9712,-623.44,0.19
2410,5.92,1.7721,-44.3,0.29
2411,5.92,0.0144,-0.36,0.31
2412,5.96,0.0159,-0.4,0.29
2413,7.8,0.015,-0.37,0.24
2414,7.92,359849.2091,-679.52,0.2
2415,7.72,38.2914,-251.91,0.24
2416,5.56,1.7763,-44.41,0.23
2417,7.56,0.0155,-0.39,0.22
2418,5.96,0.0161,-0.4,0.26
2419,5.76,0.0142,-0.36,0.24
2420,7.52,0.0143,-0.36,0.22
2421,5.72,1.772,-294.28,0.23
2422,7.4,0.0712,-1.78,0.26
2423,7.68,0.0699,-1.75,0.23
2424,7.68,0.0144,-0.36,0.23
2425,7.96,0.011,-0.28,0.22
2426,6.32,0.0161,-0.4,0.23
2427,6.52,8.7972,-219.93,0.25
2428,7.52,0.0142,-0.36,0.23
2429,6.08,0.0166,-0.42,0.23
2430,6.48,379.8237,-250.42,0.24
2431,6.12,0.0145,-0.36,0.83
2432,8.4,14.5463,-363.66,0.21
2433,6.4,15.9586,-250.46,0.27
2434,7.96,459.1737,-500.27,0.23
2435,8.0,0.0146,-0.36,0.27
2436,8.8,159.1687,-594.47,0.22
2437,6.16,0.1136,-2.84,0.25
2438,6.44,0.0136,-0.34,0.23
2439,6.88,4902.54,-1767.15,0.22
2440,5.72,0.1134,-2.83,0.22
2441,7.8,0.0137,-0.34,0.22
2442,6.24,1.7726,-44.31,0.23
2443,7.76,0.292,-7.3,0.21
2444,6.4,2055924.1809,-2134.11,0.23
2445,6.32,1.7726,-44.32,0.26
2446,6.32,0.0151,-0.38,0.25
2447,6.24,0.014,-0.35,0.24
2448,7.96,38.226,-250.27,0.25
2449,6.36,7.8806,-197.01,0.24
2450,7.72,38.5637,-258.71,0.21
2451,6.0,0.0168,-0.42,0.25
2452,6.24,1001936.8606,-1588.43,0.25
2453,6.84,339247.5045,-355.91,0.22
2454,6.12,33879.1875,-250.41,0.24
2455,7.6,0.0711,-1.78,0.22
2456,7.6,0.3474,-8.69,0.25
2457,5.92,0.0187,-0.47,0.25
2458,7.36,0.0691,-1.73,0.22
2459,7.76,0.0432,-1.08,0.24
2460,5.72,19.8473,-253.72,0.25
2461,5.6,0.0165,-0.41,0.25
2462,7.32,0.1255,-3.14,0.23
2463,6.2,0.0192,-0.48,0.24
2464,7.48,0.0684,-1.71,0.24
2465,5.96,0.1122,-2.81,0.24
2466,7.72,38.2274,-250.31,0.22
2467,8.28,159.9339,-613.6,0.21
2468,6.56,1006.1426,-250.37,0.24
2469,7.64,0.0146,-0.37,0.22
2470,5.96,0.1124,-2.81,0.24
2471,6.24,1.7719,-44.3,0.28
2472,6.12,0.1103,-2.76,0.25
2473,8.04,38.2267,-250.29,0.22
2474,7.88,0.0681,-1.7,0.21
2475,9.48,5.5596,-138.99,0.25
2476,6.12,33879.1866,-250.39,0.26
2477,9.72,0.1506,-3.76,0.22
2478,8.0,0.4585,-11.46,0.22
2479,7.76,0.0123,-0.31,0.24
2480,6.52,986141.089,-1356.2,0.26
2481,7.84,0.017,-0.42,0.21
2482,8.08,0.0132,-0.33,0.23
2483,7.12,1058769.9095,-1471.99,0.21
2484,9.48,32236.7524,-500.79,0.23
2485,6.76,667643.53,-1144.01,0.24
2486,6.48,0.0162,-0.41,0.23
2487,8.88,64473.4631,-500.58,0.22
2488,8.16,38.2269,-250.3,0.22
2489,6.56,954964.7511,-1217.68,0.24
2490,6.6,0.0152,-0.38,0.26
2491,6.84,579049.3777,-861.47,0.23
2492,7.2,239922.2118,-693.78,0.25
2493,8.28,38.7858,-264.27,0.26
2494,6.52,8.7988,-219.97,0.23
2495,6.6,8319.0481,-514.0,0.25
2496,9.6,239129.1866,-685.21,0.21
2497,8.28,0.615,-15.38,0.23
2498,6.72,35.7497,-502.77,0.25
2499,6.68,8.7979,-219.95,0.27
2500,6.84,0.0178,-0.45,0.24
2501,10.36,9.8667,-496.64,0.21
2502,6.84,0.0268,-0.67,0.23
2503,7.8,0.0141,-0.35,0.22
2504,6.32,1.7711,-44.28,0.23
2505,9.04,0.0258,-0.64,0.2
2506,7.92,0.0136,-0.34,0.21
2507,8.64,32236.7372,-250.43,0.2
2508,5.88,0.0135,-0.34,0.22
2509,7.72,421.0167,-501.71,0.22
2510,7.52,0.0691,-1.73,0.22
2511,9.08,240081.5346,-512.53,0.2
2512,5.72,0.0164,-0.41,0.22
2513,7.0,177.7765,-1517.55,0.22
2514,8.96,96710.239,-751.97,0.24
2515,7.88,38.2276,-250.31,0.25
2516,8.36,0.1896,-4.74,0.21
2517,5.56,0.1126,-2.81,0.23
2518,7.56,0.0712,-1.78,0.22
2519,6.28,1.7743,-44.36,0.22
2520,6.04,0.0162,-0.41,0.24
2521,7.6,0.2919,-7.3,0.21
2522,7.44,0.1271,-3.18,0.23
2523,9.4,0.3935,-9.84,0.23
2524,7.44,0.0145,-0.36,0.21
2525,7.76,0.0711,-1.78,0.26
2526,7.44,0.0154,-0.39,0.27
2527,7.0,155.0019,-1260.08,0.28
2528,5.92,8308.5034,-250.38,0.27
2529,7.44,0.072,-1.8,0.23
2530,7.6,0.0677,-1.69,0.21
2531,7.72,0.0684,-1.71,0.23
2532,7.72,38.2325,-250.44,0.25
2533,8.8,0.078,-1.95,0.2
2534,6.56,798390.9082,-838.67,0.21
2535,6.6,17.7121,-294.3,0.24
2536,8.52,0.0189,-0.47,0.24
2537,6.36,0.0144,-0.36,0.23
2538,7.64,0.0142,-0.36,0.22
2539,8.28,56623.8094,-828.36,0.23
2540,7.68,38.2834,-251.71,0.23
2541,6.6,1137634.4686,-1095.98,0.24
2542,6.32,0.113,-2.83,0.24
2543,8.52,56763.246,-929.53,0.22
2544,6.56,0.0162,-0.41,0.22
2545,9.8,240086.3227,-882.22,0.2
2546,6.28,0.0156,-0.39,0.23
2547,6.44,0.1148,-2.87,0.23
2548,9.96,240086.1111,-876.92,0.2
2549,6.96,459144.4664,-509.32,0.22
2550,6.36,0.0144,-0.36,0.24
2551,6.28,1.7699,-44.25,0.26
2552,7.8,0.013,-0.32,0.26
2553,8.6,0.4402,-261.0,0.2
2554,6.6,2295837.0922,-2595.38,0.25
2555,5.76,1.7696,-44.24,0.24
2556,7.48,0.0677,-1.69,0.2
2557,6.76,1137635.9208,-1132.28,0.21
2558,9.2,120040.6552,-253.46,0.8
2559,6.52,647008.172,-1044.74,0.24
2560,5.56,0.1137,-2.84,0.24
2561,5.84,0.0176,-0.44,0.24
2562,5.64,0.1136,-2.84,0.28
2563,6.04,1.7733,-44.33,0.26
2564,6.0,0.0723,-1.81,0.26
2565,5.84,0.0156,-0.39,0.25
2566,7.48,0.125,-3.12,0.21
2567,5.92,0.0151,-0.38,0.24
2568,7.48,0.0126,-0.32,0.22
2569,7.44,0.1264,-3.16,0.22
2570,6.28,19.7134,-250.37,0.23
2571,5.72,8.7993,-219.98,0.25
2572,5.64,8308.5131,-250.62,0.23
2573,5.56,0.0436,-250.27,0.22
2574,5.6,0.021,-0.53,0.23
2575,9.36,0.0285,-500.69,0.24
2576,5.8,0.0168,-0.42,0.27
2577,7.68,0.0122,-0.31,0.21
2578,6.0,381.5792,-294.31,0.23
2579,7.88,0.3861,-9.65,0.21
2580,8.36,152.6523,-431.56,0.22
2581,6.32,114730.4945,-294.29,0.24
2582,6.76,678494.4861,-698.75,0.27
2583,6.4,0.016,-0.4,0.25
2584,6.16,35.6531,-500.36,0.27
2585,6.04,834643.0816,-1000.75,0.23
2586,7.56,0.1272,-3.18,0.2
2587,6.2,818848.5274,-798.95,0.22
2588,5.96,1.7738,-44.34,0.24
2589,7.76,0.292,-7.3,0.21
2590,7.68,0.0119,-0.3,0.2
2591,6.12,0.0184,-0.46,0.24
2592,6.72,938923.9638,-1109.74,0.22
2593,6.08,1.7689,-44.22,0.26
2594,5.92,0.1111,-2.78,0.25
2595,5.92,0.1105,-2.76,0.25
2596,8.88,0.0763,-1.91,0.22
2597,5.48,1.7724,-44.31,0.24
2598,5.48,0.0162,-0.41,0.22
2599,5.48,0.2119,-5.3,0.22
2600,6.08,15.9563,-250.41,0.25
2601,5.72,0.1022,-2.56,0.28
2602,8.68,0.0668,-1.67,0.29
2603,9.8,0.4665,-261.64,0.21
2604,7.52,0.0154,-0.38,0.27
2605,7.4,0.0144,-0.36,0.26
2606,5.76,0.0154,-0.39,0.25
2607,6.28,1194351.1737,-1391.15,0.26
2608,5.64,0.0132,-0.33,0.31
2609,6.28,1074446.6122,-1547.74,0.3
2610,5.6,0.019,-0.48,0.26
2611,5.92,33879.1843,-250.33,0.25
2612,9.6,0.023,-250.58,0.24
2613,7.6,0.0668,-1.67,0.27
2614,6.12,1.7715,-44.29,0.29
2615,6.52,114728.7362,-250.33,0.31
2616,6.48,0.1115,-2.79,0.34
2617,7.88,38.231,-250.4,0.25
2618,7.76,0.0136,-0.34,0.27
2619,6.4,746338.6172,-835.68,0.32
2620,8.28,0.0148,-0.37,0.28
2621,8.52,0.2077,-5.19,0.26
2622,6.48,0.0163,-0.41,0.27
2623,6.4,356820.0187,-252.79,0.29
2624,6.72,339248.9348,-391.67,0.26
2625,6.28,0.0404,-1.01,0.25
2626,7.64,0.017,-0.42,0.31
2627,6.72,1273570.9857,-1326.53,0.29
2628,6.44,1924893.0594,-2470.59,0.27
2629,5.92,0.014,-0.35,0.28
2630,7.4,0.0701,-1.75,0.22
2631,8.96,0.0548,-1.37,0.25
2632,5.72,0.0177,-0.44,0.26
2633,9.92,0.0276,-1000.63,0.23
2634,7.6,0.0694,-1.74,0.28
2635,5.92,8.8093,-220.23,0.23
2636,9.48,2568.4838,-312.79,0.26
2637,5.6,0.1157,-2.89,0.34
2638,8.8,2.5215,-63.04,0.24
2639,6.96,348.6811,-2501.16,0.26
2640,5.44,1.7768,-44.42,0.22
2641,7.96,310.5864,-764.0,0.21
2642,8.32,56611.4609,-519.65,0.21
2643,7.4,38.2867,-251.79,0.21
2644,7.52,0.1238,-3.09,0.25
2645,6.24,0.0162,-0.41,0.28
2646,7.44,9572.2078,-1009.78,0.3
2647,7.68,0.0134,-0.34,0.29
2648,7.8,0.0146,-0.37,0.24
2649,7.68,0.0128,-0.32,0.25
2650,7.64,0.0135,-0.34,0.23
2651,7.4,0.0134,-0.34,0.23
2652,7.4,0.0736,-1.84,0.22
2653,5.6,1.7707,-44.27,0.24
2654,6.32,547454.3586,-810.08,0.23
2655,9.2,0.0496,-1.24,0.19
2656,9.12,2.4976,-62.44,0.2
2657,7.52,0.0099,-0.25,0.2
2658,7.68,0.0138,-0.35,0.21
2659,5.96,0.0137,-0.34,0.23
2660,6.24,0.0157,-0.39,0.25
2661,9.72,0.034,-0.85,0.22
2662,9.28,32236.7554,-250.88,0.2
2663,8.08,416317.1538,-689.24,0.23
2664,7.72,0.0135,-0.34,0.23
2665,5.8,19.714,-250.38,0.29
2666,9.92,96.3778,-502.06,0.25
2667,7.88,359994.7978,-934.48,0.25
2668,7.44,0.127,-3.17,0.26
2669,5.76,0.0131,-0.33,0.28
2670,7.72,0.0212,-0.53,0.25
2671,5.92,0.016,-0.4,0.26
2672,7.56,0.0157,-0.39,0.24
2673,5.92,1.7738,-44.34,0.28
2674,8.72,0.0268,-0.67,0.23
2675,6.0,0.0138,-0.34,0.26
2676,6.44,1544722.8541,-1507.57,0.26
2677,9.08,32236.741,-250.53,0.78
2678,9.0,2.512,-62.8,0.21
2679,5.48,3.5284,-88.21,0.27
2680,5.4,1.8744,-46.86,0.24
2681,5.64,0.019,-0.48,0.23
2682,5.56,0.021,-0.53,0.26
2683,8.4,32236.7444,-250.61,0.2
2684,5.72,0.0179,-0.45,0.23
2685,6.28,2336642.2762,-2334.82,0.27
2686,7.44,0.1267,-3.17,0.21
2687,5.52,0.1135,-2.84,0.28
2688,7.24,0.1242,-3.11,0.22
2689,6.12,0.0188,-0.47,0.24
2690,5.84,120013.6532,-250.45,0.23
2691,5.8,1.7757,-44.39,0.23
2692,8.4,0.1142,-2.86,0.21
2693,5.64,0.1121,-252.78,0.25
2694,7.32,119.3974,-1251.32,0.21
2695,5.76,0.0217,-0.54,0.25
2696,5.96,0.0271,-0.68,0.23
2697,6.52,1596778.8313,-1602.71,0.22
2698,6.08,1.7683,-44.21,0.27
2699,5.72,379.8211,-250.36,0.22
2700,7.84,19.7977,-263.78,0.21
2701,5.64,0.1132,-2.83,0.25
2702,6.16,0.017,-0.43,0.23
2703,5.96,114730.4941,-294.28,0.24
2704,6.16,15.9549,-250.37,0.22
2705,9.88,120040.9551,-260.96,0.22
2706,5.84,0.1194,-2.99,0.23
2707,7.72,0.0218,-0.55,0.24
2708,7.76,0.0144,-0.36,0.21
2709,6.2,1.7704,-44.26,0.26
2710,7.68,0.0127,-0.32,0.21
2711,6.04,0.015,-0.37,0.24
2712,6.6,1137639.6082,-1224.47,0.21
2713,9.72,5.5448,-138.62,0.22
2714,8.92,240086.1731,-628.49,0.24
2715,7.52,0.0125,-0.31,0.21
2716,6.6,193.5742,-2001.28,0.21
2717,5.68,1.7727,-44.32,0.28
2718,10.24,0.1995,-4.99,0.24
2719,5.96,0.0147,-0.37,0.24
2720,6.08,0.1097,-2.74,0.24
2721,6.36,0.0175,-0.44,0.24
2722,6.28,0.0181,-0.45,0.24
2723,7.72,0.0145,-0.36,0.23
2724,6.6,1816117.4729,-1507.69,0.22
2725,7.64,14357.6124,-1267.58,0.21
2726,7.84,38.2262,-250.28,0.25
2727,7.68,0.015,-0.37,0.23
2728,7.68,0.015,-0.38,0.23
2729,7.96,0.5723,-14.31,0.22
2730,8.24,0.381,-9.52,0.23
2731,6.28,0.0148,-0.37,0.24
2732,7.68,0.0107,-0.27,0.23
2733,6.76,527000.1746,-935.68,0.22
2734,8.4,359844.4074,-252.7,0.23
2735,6.04,0.0176,-0.44,0.25
2736,7.6,0.0146,-0.36,0.21
2737,8.36,32260.8434,-500.78,0.2
2738,6.2,1.771,-44.27,0.22
2739,6.28,33879.1986,-250.69,0.23
2740,8.68,32236.7472,-250.68,0.2
2741,7.72,0.0711,-1.78,0.22
2742,6.44,0.0141,-0.35,0.26
2743,6.32,0.1127,-2.82,0.29
2744,6.36,0.0179,-0.45,0.27
2745,6.56,10.5544,-263.86,0.23
2746,8.96,120043.0077,-312.27,0.22
2747,7.72,0.0154,-0.38,0.25
2748,9.4,120043.0569,-313.5,0.24
2749,6.48,1.7708,-44.27,0.24
2750,7.84,0.0134,-0.34,0.25
2751,7.76,0.0141,-0.35,0.28
2752,7.76,0.0117,-0.29,0.28
2753,6.84,1038368.1136,-923.06,0.28
2754,8.4,0.0184,-0.46,0.25
2755,6.72,0.0151,-0.38,0.26
2756,7.8,352336.0358,-250.27,0.23
2757,7.56,0.0144,-0.36,0.21
2758,7.72,0.0766,-1.92,0.22
2759,6.28,0.0144,-0.36,0.31
2760,8.0,0.0409,-1.02,0.28
2761,8.56,56472.4707,-429.65,0.25
2762,6.92,459148.3366,-606.08,0.27
2763,6.48,114730.4929,-294.25,0.25
2764,7.92,0.0158,-0.4,0.26
2765,6.48,0.0156,-0.39,0.24
2766,6.52,33879.1847,-250.34,0.24
2767,8.04,76.4406,-500.26,0.22
2768,7.72,0.0195,-0.49,0.24
2769,7.68,0.0155,-0.39,0.22
2770,7.72,38.2914,-251.91,0.2
2771,6.44,0.0177,-0.44,0.23
2772,6.28,0.0326,-0.81,0.23
2773,9.8,2.5353,-63.38,0.21
2774,6.64,0.0149,-0.37,0.24
2775,6.24,388.7109,-472.6,0.23
2776,7.76,0.0145,-0.36,0.22
2777,6.32,0.1103,-2.76,0.26
2778,6.88,1017739.1116,-1232.68,0.22
2779,11.0,0.0206,-0.51,0.2
2780,7.04,8.8083,-220.21,0.26
2781,6.72,24.7373,-469.93,0.26
2782,6.68,17.6103,-440.26,0.24
2783,10.12,120045.5069,-624.73,0.2
2784,7.76,0.0142,-0.35,0.22
2785,7.84,38.2275,-250.31,0.24
2786,7.8,119901.1179,-257.31,0.21
2787,7.64,0.015,-0.37,0.2
2788,7.56,0.1299,-3.25,0.21
2789,7.6,0.0672,-1.68,0.22
2790,9.68,0.1729,-254.32,0.24
2791,6.32,0.0148,-0.37,0.26
2792,6.48,1.7732,-44.33,0.25
2793,9.8,2.9184,-322.94,0.22
2794,6.44,8.8,-220.0,0.22
2795,6.36,0.0133,-0.33,0.26
2796,6.44,8.8957,-222.39,0.23
2797,7.16,4905.1588,-1268.05,0.21
2798,7.6,0.0117,-0.29,0.2
2799,7.6,0.069,-1.73,0.23
2800,6.04,0.0198,-0.5,0.23
2801,6.24,114737.5223,-469.98,0.24
2802,7.48,0.0922,-2.31,0.21
2803,7.64,0.0159,-0.4,0.21
2804,6.28,1.7715,-44.29,0.84
2805,6.32,0.1116,-2.79,0.25
2806,6.0,1.774,-294.35,0.22
2807,7.8,0.0147,-0.37,0.22
2808,7.64,0.013,-0.33,0.21
2809,5.88,0.0142,-0.36,0.24
2810,6.52,678490.0768,-588.52,0.21
2811,7.6,0.0135,-0.34,0.2
2812,7.72,0.0118,-0.29,0.24
2813,6.24,4.8286,-120.71,0.22
2814,7.52,0.1261,-3.15,0.21
2815,6.2,0.0175,-0.44,0.23
2816,6.32,0.0136,-0.34,0.25
2817,6.72,0.017,-0.43,0.24
2818,6.52,0.0159,-0.4,0.26
2819,6.72,0.0139,-0.35,0.23
2820,8.0,0.2943,-7.36,0.22
2821,7.8,0.0117,-0.29,0.22
2822,9.48,120050.3824,-746.62,0.2
2823,8.0,9783.7789,-2286.8,0.22
2824,10.56,357244.1965,-760.29,0.24
2825,8.56,461.1521,-3028.51,0.23
2826,7.0,26.376,-659.4,0.24
2827,10.28,119083.734,-311.81,0.21
2828,8.64,127.2566,-1021.27,0.23
2829,6.48,0.0719,-1.8,0.27
2830,6.4,1.7691,-44.23,0.24
2831,9.32,0.13,-3.25,0.23
2832,9.68,119083.8182,-313.91,0.2
2833,6.32,1.7719,-44.3,0.27
2834,7.88,0.011,-0.28,0.23
2835,7.84,0.2913,-7.28,0.22
2836,7.88,38.2264,-250.28,0.21
2837,5.56,0.0174,-0.44,0.23
2838,7.52,0.0688,-1.72,0.21
2839,6.52,2196457.752,-1918.08,0.24
2840,5.76,0.014,-0.35,0.22
2841,5.56,0.0152,-0.38,0.23
2842,9.48,120040.5942,-501.91,0.23
2843,6.8,215.361,-1751.78,0.25
2844,7.28,0.1282,-3.2,0.23
2845,7.36,0.0146,-0.37,0.21
2846,5.48,0.0142,-0.35,0.25
2847,7.44,0.127,-3.18,0.2
2848,8.28,0.0229,-0.57,0.19
2849,7.64,0.0199,-0.5,0.22
2850,6.92,0.3519,-8.8,0.2
2851,5.76,1309583.6372,-1750.24,0.22
2852,7.32,145.972,-264.55,0.25
2853,5.64,1146957.0153,-1023.35,0.24
2854,6.36,2.0536,-51.34,0.22
2855,8.4,0.0692,-3250.73,0.2
2856,4.76,9.0911,-227.28,0.23
2857,5.4,0.0141,-0.35,0.22
2858,10.08,0.1799,-254.47,0.25
2859,6.6,156.8369,-1002.34,0.21
2860,5.64,0.0322,-0.8,0.26
2861,5.32,1.872,-46.8,0.23
2862,5.96,1845902.9996,-1529.36,0.22
2863,7.52,0.0154,-0.39,0.2
2864,5.72,8.8104,-220.26,0.22
2865,5.76,0.0147,-0.37,0.23
2866,5.56,120013.6534,-250.46,0.22
2867,5.68,1.7742,-44.36,0.24
2868,8.64,32236.7358,-250.4,0.26
2869,6.04,1225938.5035,-1250.31,0.27
2870,5.84,0.0157,-0.39,0.25
2871,7.56,0.0139,-0.35,0.24
2872,8.6,19.3565,-252.75,0.2
2873,6.08,918290.2511,-1051.6,0.22
2874,7.28,0.1818,-4.54,0.22
2875,5.6,0.1149,-2.87,0.28
2876,7.52,0.0722,-1.8,0.26
2877,5.76,0.1146,-2.87,0.25
2878,7.72,0.0182,-0.46,0.26
2879,8.44,179.0013,-859.12,0.27
2880,6.28,33879.1879,-250.42,0.26
2881,6.2,0.0177,-0.44,0.31
2882,7.8,0.0145,-0.36,0.23
2883,8.56,12.7105,-317.76,0.25
2884,6.04,0.0118,-0.3,0.27
2885,7.68,0.0132,-0.33,0.25
2886,6.32,1.7724,-44.31,0.25
2887,5.96,123037.2257,-500.36,0.31
2888,7.64,0.2936,-7.34,0.29
2889,8.84,239124.297,-562.97,0.23
2890,7.72,0.0121,-0.3,0.21
2891,9.92,0.0726,-1.82,0.2
2892,6.0,0.0164,-0.41,0.22
2893,5.72,19.8128,-252.85,0.22
2894,5.72,0.0205,-0.51,0.27
2895,6.76,38.9839,-269.22,0.2
2896,7.84,0.015,-0.37,0.21
2897,7.72,0.0224,-0.56,0.21
2898,10.44,0.4687,-11.72,0.25
2899,7.88,0.0454,-1.14,0.25
2900,8.8,32236.7394,-250.49,0.26
2901,8.48,14.6902,-367.26,0.29
2902,5.56,21.4896,-294.77,0.25
2903,5.68,0.1629,-4.07,0.26
2904,7.56,0.0142,-0.35,0.22
2905,7.76,0.0132,-0.33,0.21
2906,5.72,0.0168,-0.42,0.24
2907,10.6,13.757,-343.93,0.22
2908,9.48,96710.2404,-752.01,0.24
2909,5.88,0.0134,-0.34,0.24
2910,9.56,240090.8286,-744.88,0.22
2911,7.76,0.0139,-0.35,0.24
2912,5.8,0.0151,-0.38,0.28
2913,5.92,0.0182,-0.46,0.28
2914,7.56,0.0107,-0.27,0.27
2915,6.12,0.0194,-0.49,0.3
2916,7.76,0.0116,-0.29,0.2
2917,7.64,0.0709,-1.77,0.22
2918,7.68,0.0156,-0.39,0.21
2919,5.64,1.7715,-44.29,0.23
2920,7.68,0.0126,-0.32,0.21
2921,6.08,8308.5035,-250.38,0.22
2922,9.76,0.5056,-262.4,0.22
2923,7.6,0.067,-1.67,0.21
2924,10.04,0.1732,-4.33,0.21
2925,6.16,0.1146,-2.87,0.22
2926,6.32,0.0162,-0.41,0.25
2927,6.52,19.7121,-250.33,0.23
2928,6.6,1.7711,-44.28,0.25
2929,10.8,5.855,-146.38,0.19
2930,7.08,1174303.595,-1127.71,0.82
2931,8.56,77.0021,-514.3,0.23
2932,6.44,0.0163,-0.41,0.24
2933,9.96,238165.0542,-563.27,0.21
2934,6.76,0.0292,-0.73,0.24
2935,6.56,2.1462,-53.65,0.23
2936,8.64,114.9368,-757.29,0.22
2937,7.72,0.0216,-0.54,0.22
2938,10.84,6.151,-399.79,0.2
2939,7.56,38.2294,-250.36,0.22
2940,7.68,0.0136,-0.34,0.21
2941,5.8,0.0143,-0.36,0.24
2942,7.6,0.014,-0.35,0.27
2943,7.64,0.0726,-1.81,0.23
2944,5.72,0.0754,-1.88,0.23
2945,5.84,0.119,-2.97,0.23
2946,5.44,0.0288,-0.72,0.23
2947,5.56,0.1009,-2.52,0.27
2948,7.72,0.0157,-0.39,0.24
2949,7.24,0.6074,-15.19,0.22
2950,7.52,0.011,-0.28,0.2
2951,5.68,1.7697,-44.24,0.25
2952,7.72,0.0146,-0.36,0.26
2953,5.8,0.1141,-2.85,0.23
2954,5.68,0.0141,-0.35,0.22
2955,6.44,459261.0127,-602.74,0.23
2956,6.08,0.1143,-2.86,0.24
2957,9.8,0.0797,-1.99,0.22
2958,6.16,21.4675,-294.22,0.27
2959,6.52,8.7995,-219.99,0.23
2960,6.56,33879.1867,-250.39,0.23
2961,6.72,379.9193,-252.81,0.26
2962,6.64,1.8272,-45.68,0.26
2963,8.16,39.0665,-271.29,0.22
2964,6.12,0.0159,-0.4,0.23
2965,6.24,0.1141,-2.85,0.25
2966,6.24,19.7712,-251.81,0.24
2967,7.8,0.0226,-0.57,0.21
2968,6.32,0.0148,-0.37,0.24
2969,5.88,1.7721,-44.3,0.27
2970,6.08,0.1109,-2.77,0.22
2971,5.84,0.1119,-2.8,0.39
2972,7.88,0.0138,-0.35,0.22
2973,5.72,0.1142,-2.85,0.24
2974,5.88,33879.1965,-250.64,0.27
2975,5.6,0.0228,-0.57,0.23
2976,7.72,0.0148,-0.37,0.22
2977,5.52,1.7756,-44.39,0.24
2978,5.64,0.0274,-0.68,0.23
2979,5.56,0.0168,-0.42,0.27
2980,5.64,8.7987,-219.97,0.25
2981,7.76,894.1946,-250.29,0.27
2982,6.28,474944.1906,-840.37,0.24
2983,5.8,1.7726,-44.32,0.28
2984,9.48,240081.161,-503.19,0.22
2985,7.8,38.2306,-250.39,0.23
2986,9.76,120045.4448,-373.2,0.22
2987,6.2,1221277.8196,-1551.34,0.24
2988,5.68,1.7722,-44.31,0.32
2989,5.72,0.0151,-0.38,0.3
2990,6.36,1146959.9653,-1097.1,0.21
2991,6.36,407098.0636,-653.54,0.21
2992,5.96,8.8027,-220.07,0.28
2993,7.44,0.5508,-13.77,0.26
2994,5.96,0.0158,-0.4,0.24
2995,5.48,0.015,-0.38,0.24
2996,7.6,0.012,-0.3,0.23
2997,7.68,0.0141,-0.35,0.2
2998,7.84,0.0124,-0.31,0.23
2999,7.8,0.0152,-0.38,0.25
3000,6.48,2003870.5364,-2097.29,0.23
3001,5.64,0.0155,-0.39,0.28
3002,5.88,0.016,-0.4,0.25
3003,6.08,0.0138,-0.34,0.26
3004,6.6,1.7736,-44.34,0.25
3005,7.76,0.0136,-0.34,0.27
3006,9.64,7.8223,-195.56,0.24
3007,8.24,38.7862,-264.28,0.25
3008,5.8,0.0131,-0.33,0.24
3009,6.4,0.0158,-0.39,0.32
3010,7.84,0.2926,-7.31,0.27
3011,6.12,114728.7356,-250.31,0.27
3012,9.88,2.5432,-313.56,0.21
3013,7.68,0.0147,-0.37,0.23
3014,5.88,0.0151,-0.38,0.22
3015,10.0,0.6487,-16.22,0.19
3016,6.12,1.7712,-44.28,0.22
3017,7.8,0.0164,-0.41,0.22
3018,6.72,1732723.0996,-2027.04,0.23
3019,9.92,0.9426,-23.57,0.21
3020,5.88,8.8811,-222.03,0.22
3021,7.84,19.5302,-250.37,0.22
3022,7.76,0.2934,-7.33,0.2
3023,7.68,0.0125,-0.31,0.22
3024,7.88,7.4473,-186.18,0.24
3025,6.16,120013.7456,-252.77,0.24
3026,6.52,1137634.4488,-1095.48,0.22
3027,6.52,678490.6458,-602.74,0.24
3028,7.92,38.2279,-250.32,0.21
3029,7.56,0.0128,-0.32,0.21
3030,7.64,0.0128,-0.32,0.22
3031,7.56,38.2316,-250.41,0.28
3032,5.6,3.5292,-88.23,0.24
3033,5.76,0.0184,-0.46,0.27
3034,5.84,0.1104,-2.76,0.23
3035,7.88,0.0094,-0.24,0.21
3036,7.68,0.0118,-0.3,0.22
3037,5.68,0.015,-0.38,0.22
3038,8.44,0.0263,-0.66,0.19
3039,7.48,38.2856,-251.76,0.24
3040,7.56,0.07,-1.75,0.2
3041,5.48,0.0606,-1.52,0.25
3042,8.72,0.0591,-1.48,0.19
3043,5.48,1.7783,-44.46,0.27
3044,9.48,0.5176,-12.94,0.21
3045,6.32,594844.9486,-1088.68,0.23
3046,6.12,599620.4745,-838.46,0.23
3047,6.24,1465741.9921,-1296.26,0.22
3048,5.96,8.8016,-220.04,0.25
3049,5.56,0.1117,-2.79,0.23
3050,7.68,0.0132,-0.33,0.21
3051,7.64,0.0224,-0.56,0.2
3052,7.72,0.1921,-4.8,0.25
3053,7.76,0.0694,-1.73,0.22
3054,6.76,1445667.5459,-1382.77,0.24
3055,9.2,240081.1521,-502.97,0.77
3056,7.6,0.0112,-0.28,0.26
3057,8.44,145.5825,-254.81,0.21
3058,6.36,1.1611,-29.03,0.22
3059,6.84,359972.4441,-2750.38,0.22
3060,7.72,0.0204,-0.51,0.21
3061,5.92,0.021,-0.52,0.26
3062,5.88,0.0153,-0.38,0.25
3063,6.2,8.8006,-220.01,0.23
3064,6.64,0.015,-0.38,0.25
3065,6.36,0.1126,-2.82,0.24
3066,9.76,119083.7738,-312.8,0.22
3067,9.96,240083.61,-564.41,0.2
3068,7.68,14361.1128,-1258.01,0.24
3069,7.68,0.0159,-0.4,0.24
3070,9.16,2.5156,-62.89,0.2
3071,5.88,0.0185,-0.46,0.23
3072,6.28,0.0174,-0.44,0.23
3073,7.6,0.0106,-0.27,0.21
3074,6.2,379.8211,-250.36,0.25
3075,6.44,16.0527,-252.82,0.26
3076,6.4,8.8954,-222.39,0.23
3077,8.04,38.7867,-264.29,0.24
3078,7.6,0.0123,-0.31,0.21
3079,8.8,32333.039,-500.6,0.22
3080,7.64,38.2274,-250.31,0.24
3081,6.12,0.0144,-0.36,0.25
3082,8.96,0.4081,-10.2,0.24
3083,6.36,0.111,-2.78,0.24
3084,10.32,0.5034,-12.58,0.26
3085,7.56,0.0156,-0.39,0.24
3086,7.56,0.0154,-0.38,0.23
3087,5.84,0.015,-0.38,0.25
3088,7.88,0.0409,-1.02,0.28
3089,5.96,8308.6014,-252.83,0.25
3090,6.16,2024440.4544,-2044.8,0.24
3091,5.76,0.0164,-0.41,0.21
3092,7.36,0.1288,-3.22,0.25
3093,5.6,0.1177,-2.94,0.25
3094,8.16,359849.5526,-688.11,0.21
3095,5.52,0.1176,-2.94,0.25
3096,9.8,0.1871,-1004.66,0.24
3097,7.4,0.182,-4.55,0.26
3098,6.16,2200943.3474,-2544.28,0.28
3099,7.48,0.0152,-0.38,0.24
3100,5.88,0.0128,-0.32,0.24
3101,8.08,164.6521,-500.39,0.26
3102,7.72,0.0154,-0.39,0.23
3103,5.64,1.7712,-44.28,0.25
3104,6.92,195.8152,-1501.02,0.22
3105,8.48,0.0204,-0.51,0.2
3106,5.6,0.1128,-2.82,0.23
3107,5.48,1.7707,-44.27,0.23
3108,5.56,0.0151,-0.38,0.24
3109,7.52,0.0122,-0.31,0.24
3110,5.52,3.1767,-79.42,0.22
3111,6.04,0.0257,-0.64,0.23
3112,7.08,216.1444,-2000.97,0.2
3113,6.2,0.0146,-0.37,0.25
3114,6.2,0.0181,-0.45,0.24
3115,9.96,4.9594,-123.98,0.21
3116,7.8,0.015,-0.37,0.21
3117,6.64,2155362.2086,-1794.38,0.24
3118,6.4,0.1153,-2.88,0.27
3119,6.32,8310.2572,-294.23,0.25
3120,8.64,7.5806,-189.51,0.24
3121,7.32,9591.5665,-1255.86,0.21
3122,7.72,0.5502,-13.75,0.25
3123,6.0,0.0161,-0.4,0.24
3124,6.88,38.6361,-260.53,0.22
3125,7.68,0.0113,-0.28,0.22
3126,5.64,0.017,-0.42,0.27
3127,6.16,1285.0791,-250.4,0.26
3128,6.4,1393231.1073,-1808.61,0.23
3129,8.68,0.0256,-0.64,0.21
3130,10.04,120040.5753,-251.46,0.21
3131,6.24,31.8952,-500.38,0.23
3132,7.72,0.2948,-7.37,0.22
3133,5.64,0.0225,-0.56,0.24
3134,7.76,0.013,-0.32,0.23
3135,10.04,0.967,-24.17,0.2
3136,9.36,240083.5272,-562.34,0.21
3137,5.64,0.0184,-0.46,0.23
3138,6.2,119909.6699,-471.11,0.23
3139,5.92,495404.7268,-873.58,0.22
3140,5.4,3.525,-88.13,0.29
3141,5.76,0.013,-0.32,0.26
3142,8.48,32236.7429,-250.57,0.21
3143,6.56,2223214.6768,-2139.73,0.25
3144,7.64,0.0686,-1.72,0.23
3145,5.96,203548.3053,-808.59,0.22
3146,6.56,210.6452,-1501.36,0.22
3147,5.88,0.0201,-0.5,0.24
3148,5.72,0.0193,-0.48,0.24
3149,5.68,0.0144,-0.36,0.23
3150,5.56,0.0199,-0.5,0.25
3151,5.6,1.7727,-44.32,0.25
3152,9.0,2.5036,-62.59,0.23
3153,5.48,0.0152,-0.38,0.23
3154,8.96,0.0251,-250.62,0.23
3155,10.0,0.1864,-4.66,0.22
3156,7.64,0.069,-1.73,0.23
3157,7.68,0.0146,-0.36,0.23
3158,5.88,0.0156,-0.39,0.25
3159,8.76,32236.745,-500.61,0.22
3160,5.8,1.7732,-44.33,0.25
3161,6.12,0.1115,-2.79,0.25
3162,7.72,0.0132,-0.33,0.23
3163,7.64,38.2296,-250.36,0.22
3164,5.72,0.1111,-2.78,0.24
3165,5.76,0.1139,-2.85,0.29
3166,6.48,1293787.7272,-1514.55,0.24
3167,6.0,1.7798,-294.5,0.28
3168,9.4,0.0418,-251.03,0.23
3169,7.56,0.0138,-0.35,0.21
3170,6.52,1476877.4456,-1338.7,0.25
3171,6.24,8308.5007,-250.31,0.25
3172,5.72,0.0144,-0.36,0.24
3173,5.72,0.0195,-0.49,0.26
3174,5.6,0.0144,-0.36,0.24
3175,8.84,0.0206,-0.52,0.22
3176,5.64,8.7964,-219.91,0.24
3177,5.56,0.0278,-0.7,0.23
3178,7.48,0.0142,-0.36,0.22
3179,5.68,0.016,-0.4,0.23
3180,5.56,0.0179,-0.45,0.81
3181,8.56,0.3916,-250.37,0.21
3182,5.64,0.1975,-4.94,0.23
3183,6.6,221.4295,-2000.57,0.24
3184,7.56,0.013,-0.33,0.22
3185,5.6,1.7739,-44.35,0.22
3186,7.64,0.0721,-1.8,0.22
3187,7.68,0.072,-1.8,0.23
3188,7.68,0.0122,-0.31,0.24
3189,9.68,0.3334,-8.33,0.21
3190,7.44,0.0699,-1.75,0.24
3191,9.84,120045.5372,-375.51,0.23
3192,6.12,0.0152,-0.38,0.24
3193,5.88,0.0154,-0.38,0.23
3194,5.64,1.7691,-44.23,0.23
3195,6.2,0.0158,-0.39,0.25
3196,6.36,0.0162,-0.41,0.29
3197,7.72,0.0174,-0.44,0.24
3198,6.16,0.0154,-0.39,0.25
3199,6.4,1.7734,-44.33,0.25
3200,9.52,360126.4948,-873.62,0.2
3201,10.92,5.8555,-146.39,0.2
3202,6.48,120013.7473,-252.81,0.22
3203,6.56,1.7844,-44.61,0.24
3204,6.64,4.8851,-122.13,0.23
3205,6.48,0.013,-0.33,0.24
3206,8.04,0.5724,-14.31,0.22
3207,6.48,0.0138,-0.35,0.25
3208,7.72,38.2271,-250.3,0.23
3209,9.12,0.0304,-0.76,0.24
3210,5.88,1006.1458,-250.45,0.24
3211,6.96,159.0911,-1517.9,0.27
3212,5.68,0.0744,-1.86,0.29
3213,5.6,1.7709,-44.27,0.29
3214,5.8,0.0938,-2.34,0.24
3215,6.08,0.0154,-0.39,0.26
3216,8.16,152.9284,-438.46,0.21
3217,7.6,0.0136,-0.34,0.24
3218,5.72,1.7724,-44.31,0.25
3219,6.2,579050.2324,-882.84,0.25
3220,8.88,2.5047,-62.62,0.2
3221,5.68,0.0172,-0.43,0.26
3222,6.08,1465745.4517,-1382.75,0.23
3223,7.6,0.0706,-1.76,0.22
3224,6.08,1653491.6814,-1801.51,0.26
3225,7.64,0.0156,-0.39,0.25
3226,5.48,0.0135,-0.34,0.27
3227,5.84,0.0154,-0.38,0.26
3228,5.56,0.0148,-0.37,0.24
3229,5.64,0.1123,-2.81,0.24
3230,8.76,0.124,-253.1,0.24
3231,6.4,1716676.2018,-1266.35,0.22
3232,7.76,0.0128,-0.32,0.3
3233,7.68,0.0116,-0.29,0.25
3234,7.68,0.0132,-0.33,0.21
3235,7.56,0.0138,-0.35,0.21
3236,10.36,6.1482,-403.68,0.2
3237,8.72,2.5124,-62.81,0.22
3238,5.68,0.116,-2.9,0.26
3239,5.68,0.1129,-2.82,0.23
3240,5.68,0.1143,-2.86,0.23
3241,6.0,0.015,-0.37,0.27
3242,7.28,4982.533,-2250.86,0.23
3243,5.84,0.1141,-2.85,0.23
3244,8.68,119086.2069,-373.63,0.2
3245,6.32,239810.7684,-977.92,0.21
3246,7.72,0.0148,-0.37,0.22
3247,6.72,173.8974,-1767.5,0.23
3248,9.64,0.0995,-252.46,0.21
3249,6.24,0.0146,-0.36,0.25
3250,6.56,33879.1851,-250.35,0.25
3251,7.84,0.0146,-0.37,0.23
3252,7.92,0.0138,-0.35,0.24
3253,7.56,62.405,-519.79,0.24
3254,8.04,38.2297,-250.36,0.25
3255,6.36,42187.673,-500.35,0.27
3256,7.04,119907.7558,-423.26,0.27
3257,10.16,0.4954,-12.39,0.22
3258,8.4,38.2275,-250.31,0.23
3259,6.68,33879.196,-250.63,0.24
3260,6.52,10.558,-263.95,0.25
3261,9.16,96710.1875,-750.69,0.22
3262,6.88,1.399,-34.97,0.26
3263,6.52,8.8015,-220.04,0.27
3264,9.52,2.5296,-63.24,0.26
3265,7.72,14342.0047,-1018.2,0.22
3266,7.16,3.0522,-76.3,0.24
3267,8.0,76.723,-507.32,0.24
3268,10.04,0.47,-11.75,0.24
3269,6.32,0.014,-0.35,0.24
3270,6.44,20.6389,-515.97,0.28
3271,6.76,1712254.9325,-1303.07,0.32
3272,8.76,32249.4219,-567.55,0.23
3273,7.68,0.0148,-0.37,0.23
3274,7.64,0.0787,-1.97,0.28
3275,6.12,0.0196,-0.49,0.27
3276,6.28,0.0723,-1.81,0.29
3277,6.16,0.0698,-1.75,0.27
3278,6.64,798391.4811,-852.99,0.24
3279,6.8,798394.631,-931.74,0.33
3280,7.68,0.0131,-0.33,0.3
3281,7.68,0.0129,-0.32,0.24
3282,6.2,8.8027,-220.07,0.27
3283,6.2,0.014,-0.35,0.28
3284,7.88,421.0156,-251.69,0.24
3285,7.68,38.2816,-251.66,0.29
3286,7.64,0.3498,-8.74,0.3
3287,8.28,0.0421,-1.05,0.22
3288,6.04,15.9553,-250.38,0.24
3289,5.6,0.1116,-2.79,0.24
3290,7.8,0.0453,-1.13,0.28
3291,5.76,0.0177,-0.44,0.26
3292,7.68,0.0162,-0.41,0.28
3293,7.64,0.069,-1.72,0.26
3294,7.72,0.0133,-0.33,0.27
3295,6.68,459150.2531,-653.99,0.31
3296,6.0,0.0129,-0.32,0.32
3297,6.24,0.0193,-0.48,0.3
3298,6.36,938863.766,-1338.99,0.27
3299,7.24,193.542,-1518.2,0.82
3300,5.8,0.013,-0.33,0.28
3301,6.04,0.016,-0.4,0.25
3302,6.08,0.0128,-0.32,0.25
3303,6.0,0.0172,-0.43,0.24
3304,7.72,0.0686,-1.72,0.21
3305,8.28,7.193,-179.82,0.2
3306,7.44,0.0714,-1.78,0.22
3307,8.6,0.0496,-1.24,0.23
3308,7.52,0.0689,-1.72,0.24
3309,6.04,0.0152,-0.38,0.26
3310,5.88,379.8183,-250.29,0.26
3311,5.76,0.0123,-0.31,0.24
3312,7.6,0.0112,-0.28,0.21
3313,7.6,0.0718,-1.79,0.23
3314,6.52,1345841.1191,-1545.06,0.25
3315,6.24,0.0166,-0.42,0.25
3316,7.72,0.0128,-0.32,0.21
3317,7.8,38.2284,-250.33,0.21
3318,5.8,0.0123,-0.31,0.28
3319,6.0,1.7713,-44.28,0.32
3320,7.64,0.0152,-0.38,0.28
3321,5.8,0.0223,-0.56,0.26
3322,5.96,0.0166,-0.42,0.25
3323,7.64,0.0857,-2.14,0.24
3324,6.04,0.0281,-0.7,0.25
3325,7.72,0.0202,-0.5,0.24
3326,7.52,0.017,-0.43,0.25
3327,6.04,0.1122,-2.81,0.23
3328,6.04,0.104,-2.6,0.26
3329,6.16,0.0138,-0.34,0.25
3330,6.2,1.7733,-44.33,0.25
3331,6.48,0.0134,-0.34,0.27
3332,6.32,0.0704,-1.76,0.27
3333,6.44,0.0178,-0.45,0.29
3334,8.12,38.2305,-250.39,0.23
3335,7.16,368247.0797,-1262.4,0.23
3336,8.0,0.0143,-0.36,0.25
3337,6.24,1.7727,-44.32,0.3
3338,7.68,0.0132,-0.33,0.21
3339,6.6,1816121.338,-1604.31,0.21
3340,7.56,0.5523,-13.81,0.2
3341,6.32,0.0139,-0.35,0.25
3342,7.64,0.0136,-0.34,0.2
3343,7.8,0.0131,-0.33,0.21
3344,7.72,39.4062,-279.78,0.2
3345,7.96,0.4193,-10.48,0.22
3346,6.28,0.0193,-0.48,0.24
3347,6.52,1.7682,-44.21,0.23
3348,7.92,0.0132,-0.33,0.25
3349,7.92,38.2298,-250.37,0.21
3350,6.2,8308.5012,-250.33,0.23
3351,7.68,0.0134,-0.33,0.25
3352,9.68,0.308,-7.7,0.21
3353,7.72,0.0136,-0.34,0.22
3354,6.52,918292.5121,-1108.13,0.26
3355,6.28,0.0263,-0.66,0.23
3356,6.44,0.3136,-7.84,0.23
3357,6.32,0.0169,-0.42,0.23
3358,6.88,579048.5358,-840.42,0.31
3359,7.88,0.0156,-0.39,0.28
3360,6.44,0.014,-0.35,0.26
3361,9.16,120047.9038,-434.68,0.23
3362,6.36,15.9578,-250.44,0.26
3363,8.68,32236.738,-250.45,0.23
3364,6.32,0.0153,-0.38,0.23
3365,10.36,0.183,-4.57,0.22
3366,7.24,14361.1696,-1259.43,0.22
3367,6.4,0.1127,-2.82,0.24
3368,7.56,0.0141,-0.35,0.25
3369,7.88,0.0134,-0.34,0.22
3370,7.72,0.0216,-0.54,0.21
3371,7.64,1.3304,-33.26,0.23
3372,8.64,0.0225,-0.56,0.2
3373,6.04,0.018,-0.45,0.23
3374,6.08,0.0142,-0.35,0.24
3375,6.04,0.0322,-0.81,0.28
3376,6.44,1.7718,-44.3,0.25
3377,8.68,0.0727,-1.82,0.23
3378,6.56,15.9563,-250.41,0.26
3379,7.64,0.0722,-1.81,0.23
3380,7.84,0.0139,-0.35,0.21
3381,6.36,0.0162,-0.41,0.24
3382,6.44,0.015,-0.37,0.26
3383,6.36,33880.9403,-294.24,0.26
3384,6.28,0.1133,-2.83,0.24
3385,10.08,0.1817,-4.54,0.19
3386,6.64,3.0729,-76.82,0.24
3387,6.88,475182.0716,-537.71,0.27
3388,6.04,0.0155,-0.39,0.26
3389,6.6,1356976.5001,-1085.7,0.21
3390,6.44,0.0168,-0.42,0.25
3391,6.36,866241.896,-1147.01,0.25
3392,8.04,0.0143,-0.36,0.22
3393,6.36,0.1127,-2.82,0.24
3394,6.36,19.7142,-250.39,0.24
3395,6.52,459256.9291,-500.65,0.24
3396,6.0,3.0746,-76.87,0.26
3397,5.76,0.0192,-0.48,0.24
3398,5.48,0.3079,-7.7,0.26
3399,6.04,766796.4638,-801.65,0.22
3400,5.56,0.0158,-0.4,0.22
3401,6.08,1293790.7578,-1590.31,0.22
3402,5.84,2148889.4225,-2500.44,0.24
3403,8.2,0.018,-0.45,0.21
3404,6.12,359889.2462,-1859.86,0.21
3405,5.68,0.0129,-0.32,0.23
3406,5.72,8.8112,-220.28,0.23
3407,9.04,0.0748,-1.87,0.21
3408,7.68,0.0125,-0.31,0.21
3409,5.84,0.115,-2.88,0.23
3410,7.4,0.0706,-1.76,0.25
3411,5.68,0.023,-0.57,0.23
3412,5.72,8.7969,-219.92,0.24
3413,5.68,0.2299,-5.75,0.22
3414,5.88,0.1917,-4.79,0.23
3415,7.68,0.0128,-0.32,0.25
3416,5.92,0.1151,-2.88,0.25
3417,6.16,0.0195,-0.49,0.23
3418,7.56,0.0127,-0.32,0.21
3419,8.36,7.2502,-181.26,0.22
3420,9.8,0.0204,-0.51,0.21
3421,8.2,38.7878,-264.32,0.22
3422,6.48,1.7742,-44.36,0.3
3423,10.96,0.3422,-8.55,0.23
3424,6.6,10.5515,-263.79,0.77
3425,6.4,1.7704,-44.26,0.24
3426,7.68,0.0133,-0.33,0.24
3427,6.64,1017737.1598,-933.9,0.23
3428,7.88,38.5179,-257.57,0.24
3429,7.76,0.2929,-7.32,0.23
3430,5.76,0.0166,-0.42,0.22
3431,9.04,120043.0528,-313.4,0.21
3432,7.68,0.0151,-0.38,0.26
3433,7.72,0.0136,-0.34,0.29
3434,9.56,120040.8916,-259.37,0.25
3435,7.48,38.2488,-250.84,0.29
3436,5.8,0.0152,-0.38,0.26
3437,7.72,0.014,-0.35,0.22
3438,8.44,0.0262,-0.65,0.2
3439,5.72,0.2055,-5.14,0.28
3440,7.96,153.2169,-445.67,0.21
3441,5.48,1.7712,-44.28,0.24
3442,5.48,0.1153,-2.88,0.24
3443,7.48,0.0705,-1.76,0.22
3444,5.68,0.0154,-0.39,0.24
3445,7.96,56756.112,-751.18,0.25
3446,10.12,2.5664,-314.15,0.21
3447,5.76,0.0171,-0.43,0.28
3448,9.56,120043.3607,-321.1,0.19
3449,7.64,0.0152,-0.38,0.26
3450,7.36,0.1315,-3.29,0.22
3451,7.64,0.069,-1.72,0.23
3452,9.4,120042.9981,-312.04,0.2
3453,8.76,145.6223,-505.77,0.23
3454,7.72,0.0115,-0.29,0.23
3455,5.84,0.0221,-0.55,0.22
3456,8.96,32236.742,-250.55,0.2
3457,9.2,120043.0752,-313.96,0.19
3458,6.6,1716795.4213,-1926.58,0.21
3459,5.68,0.0165,-0.41,0.22
3460,5.64,0.0169,-0.42,0.25
3461,5.68,0.1134,-2.84,0.25
3462,6.04,2097011.0516,-1541.02,0.22
3463,7.6,0.0682,-1.7,0.23
3464,8.84,151318.0102,-500.71,0.21
3465,5.6,0.0187,-0.47,0.25
3466,5.6,1.7703,-44.26,0.23
3467,7.64,0.0767,-1.92,0.21
3468,5.84,0.7188,-17.97,0.24
3469,7.48,0.0133,-0.33,0.2
3470,10.12,360083.9571,-254.5,0.22
3471,7.6,0.0148,-0.37,0.22
3472,10.28,5.678,-391.94,0.19
3473,9.48,2.8554,-71.39,0.19
3474,7.72,0.0172,-0.43,0.22
3475,5.84,0.1174,-2.93,0.26
3476,7.72,0.0215,-0.54,0.21
3477,7.72,0.0126,-0.31,0.21
3478,7.72,0.017,-0.43,0.22
3479,6.16,1356973.1058,-1000.85,0.22
3480,8.08,169541.6346,-1009.75,0.22
3481,8.6,2.5299,-63.25,0.21
3482,5.24,1.8695,-46.74,0.26
3483,5.52,0.2124,-5.31,0.22
3484,8.76,2.53,-63.25,0.2
3485,6.28,886700.542,-1132.97,0.25
3486,5.72,0.0214,-0.54,0.22
3487,6.68,1696221.642,-1382.55,0.22
3488,5.72,360083.7913,-250.36,0.24
3489,7.64,0.0688,-1.72,0.21
3490,7.76,0.0134,-0.34,0.21
3491,5.88,1.7738,-44.34,0.29
3492,7.72,0.0135,-0.34,0.22
3493,7.52,0.0133,-0.33,0.2
3494,5.88,0.0295,-0.74,0.24
3495,6.0,0.1175,-2.94,0.25
3496,8.72,32236.7929,-251.82,0.2
3497,9.92,0.3375,-8.44,0.19
3498,6.16,1.7751,-44.38,0.22
3499,6.16,0.0153,-0.38,0.25
3500,8.68,32236.8497,-253.24,0.19
3501,8.96,32236.7618,-251.05,0.23
3502,5.8,0.0286,-0.72,0.22
3503,5.8,21.4753,-294.41,0.23
3504,7.48,0.0691,-1.73,0.22
3505,9.48,0.3325,-8.31,0.22
3506,5.64,120013.6487,-250.34,0.22
3507,9.08,120043.3339,-320.43,0.19
3508,7.52,0.014,-0.35,0.2
3509,5.64,0.0182,-0.45,0.22
3510,5.52,0.0136,-0.34,0.21
3511,5.68,0.1154,-2.88,0.27
3512,7.52,0.071,-1.77,0.27
3513,6.56,258.8419,-2000.9,0.22
3514,7.64,0.0748,-1.87,0.25
3515,8.44,56472.8302,-438.64,0.24
3516,9.24,120042.9957,-311.97,0.21
3517,5.4,0.0174,-0.44,0.22
3518,8.6,0.0227,-0.57,0.19
3519,5.32,5.2864,-132.16,0.23
3520,5.72,1.7722,-44.3,0.25
3521,7.88,360133.1732,-1009.12,0.27
3522,9.4,0.3963,-9.91,0.26
3523,8.2,112930.8016,-505.8,0.28
3524,9.8,241690.2255,-811.87,0.25
3525,5.8,0.1145,-2.86,0.3
3526,7.72,0.0162,-0.41,0.28
3527,7.68,0.0131,-0.33,0.27
3528,7.68,0.0114,-0.29,0.25
3529,6.24,8.7987,-219.97,0.27
3530,7.72,0.0137,-0.34,0.3
3531,5.64,0.0156,-0.39,0.32
3532,5.68,1.7706,-44.26,0.3
3533,9.4,120040.5683,-251.29,0.27
3534,5.88,0.0734,-1.84,0.31
3535,5.96,0.1137,-2.84,0.27
3536,5.96,114728.7381,-250.38,0.27
3537,6.04,0.073,-1.83,0.28
3538,5.96,19.7126,-250.35,0.27
3539,6.12,0.015,-0.37,0.28
3540,6.12,0.0169,-0.42,0.3
3541,6.36,0.0132,-0.33,0.31
3542,7.6,4883.966,-1509.34,0.31
3543,6.28,0.0163,-0.41,0.31
3544,6.88,798397.7236,-1009.05,0.26
3545,6.52,8.8007,-220.02,0.33
3546,6.84,8.8224,-220.56,0.3
3547,6.52,2.0854,-52.13,0.89
3548,6.2,1.7702,-44.26,0.29
3549,6.52,0.0164,-0.41,0.3
3550,6.44,0.0182,-0.45,0.3
3551,6.64,0.0151,-0.38,0.28
3552,8.16,0.2909,-7.27,0.26
3553,6.36,67758.356,-500.35,0.3
3554,6.4,8309.6294,-278.53,0.28
3555,6.2,1.7708,-294.25,0.23
3556,7.4,9591.7399,-1260.19,0.23
3557,7.72,0.0142,-0.36,0.21
3558,6.52,1476875.963,-1301.64,0.21
3559,6.08,114748.4354,-500.34,0.25
3560,7.8,0.0159,-0.4,0.26
3561,8.0,112410.4308,-250.53,0.23
3562,7.6,0.0688,-1.72,0.23
3563,7.84,0.014,-0.35,0.22
3564,6.28,0.029,-0.72,0.25
3565,6.48,1.7731,-44.33,0.24
3566,8.68,64473.623,-504.58,0.23
3567,9.16,120043.006,-312.23,0.22
3568,6.56,359876.574,-297.96,0.23
3569,11.0,5.8636,-396.57,0.21
3570,7.76,0.2918,-7.29,0.23
3571,7.72,0.0132,-0.33,0.22
3572,6.2,0.0146,-0.37,0.26
3573,6.76,1956651.4594,-1802.03,0.24
3574,7.8,0.0142,-0.36,0.22
3575,7.68,0.0122,-0.3,0.2
3576,7.84,38.2279,-250.32,0.21
3577,5.84,0.1088,-2.72,0.25
3578,8.76,120040.6061,-252.23,0.23
3579,5.6,0.0173,-0.43,0.25
3580,7.28,0.0322,-0.81,0.2
3581,5.56,1.772,-44.3,0.22
3582,7.2,0.0698,-251.73,0.25
3583,8.28,56902.014,-1013.98,0.23
3584,8.28,0.0174,-0.43,0.21
3585,7.48,0.0145,-0.36,0.24
3586,5.56,0.0152,-0.38,0.23
3587,9.88,0.3158,-257.9,0.2
3588,6.36,1565298.1067,-1588.45,0.24
3589,6.12,0.0348,-0.87,0.22
3590,7.48,0.0699,-1.75,0.2
3591,7.72,0.0106,-0.27,0.2
3592,7.68,0.0129,-0.32,0.21
3593,7.72,0.0154,-0.39,0.26
3594,5.92,0.0169,-0.42,0.26
3595,9.04,0.1067,-2.67,0.21
3596,5.8,0.0162,-0.41,0.23
3597,7.6,0.0147,-0.37,0.24
3598,5.96,2.3296,-58.24,0.22
3599,7.48,0.0145,-0.36,0.2
3600,7.48,0.3489,-8.72,0.23
3601,5.76,114728.738,-250.37,0.22
3602,7.64,0.0204,-0.51,0.22
3603,5.56,0.0218,-0.54,0.24
3604,7.32,0.0668,-1.67,0.2
3605,6.44,4850.2974,-1179.91,0.23
3606,9.84,0.9481,-23.7,0.25
3607,5.48,1.7705,-44.26,0.24
3608,5.56,0.0182,-0.46,0.22
3609,7.52,0.0706,-1.77,0.25
3610,5.64,0.0208,-0.52,0.28
3611,7.64,0.0148,-0.37,0.23
3612,5.68,0.0209,-0.52,0.23
3613,10.2,5.5482,-388.68,0.21
3614,7.64,0.1851,-250.31,0.2
3615,5.6,0.0125,-0.31,0.23
3616,5.88,0.0174,-0.43,0.26
3617,7.64,0.0143,-0.36,0.21
3618,5.88,0.4875,-12.19,0.24
3619,5.56,0.0164,-0.41,0.24
3620,7.6,0.0145,-0.36,0.23
3621,7.72,0.0117,-250.27,0.23
3622,7.64,0.0152,-0.38,0.21
3623,6.08,0.0212,-0.53,0.23
3624,6.2,0.0132,-0.33,0.27
3625,6.0,0.1138,-2.85,0.23
3626,6.2,0.0738,-1.84,0.25
3627,6.48,0.0154,-0.39,0.23
3628,6.44,0.0142,-0.36,0.24
3629,9.32,64473.4752,-500.88,0.22
3630,6.36,0.0158,-0.4,0.25
3631,6.24,119906.4402,-640.37,0.21
3632,6.0,0.1162,-2.9,0.25
3633,7.8,0.0139,-0.35,0.2
3634,7.64,0.0674,-1.69,0.22
3635,7.56,0.0155,-0.39,0.21
3636,5.64,0.017,-0.43,0.24
3637,5.88,0.018,-0.45,0.24
3638,7.64,0.0139,-0.35,0.24
3639,7.4,0.0679,-1.7,0.2
3640,6.28,0.1121,-2.8,0.22
3641,9.16,4.9393,-123.48,0.24
3642,9.2,96713.5416,-834.54,0.22
3643,6.72,1816119.2976,-1553.3,0.22
3644,8.36,0.0214,-0.54,0.22
3645,5.72,0.0172,-0.43,0.25
3646,5.88,388.61,-470.08,0.27
3647,5.88,0.0149,-0.37,0.3
3648,7.64,0.0714,-1.78,0.23
3649,5.88,0.0153,-0.38,0.25
3650,7.44,2.4329,-251.67,0.25
3651,9.04,120045.4616,-623.61,0.19
3652,5.64,0.0197,-0.49,0.28
3653,6.04,1.7771,-44.43,0.22
3654,6.88,96.339,-759.83,0.23
3655,7.72,0.0211,-0.53,0.25
3656,5.48,0.0167,-0.42,0.25
3657,7.4,0.0156,-0.39,0.21
3658,7.72,0.013,-0.32,0.21
3659,8.44,0.0374,-0.93,0.28
3660,7.36,0.5542,-13.85,0.3
3661,7.56,0.0144,-0.36,0.3
3662,5.8,16.054,-252.85,0.27
3663,8.6,0.0187,-0.47,0.2
3664,7.72,0.0183,-0.46,0.23
3665,5.72,0.0154,-0.39,0.23
3666,5.56,0.0194,-0.49,0.23
3667,5.84,0.0148,-0.37,0.23
3668,5.88,0.0169,-0.42,0.22
3669,7.72,0.0168,-0.42,0.21
3670,6.72,272.2438,-2000.98,0.28
3671,7.84,0.012,-0.3,0.22
3672,7.76,0.2936,-7.34,0.84
3673,7.48,0.0679,-1.7,0.21
3674,9.08,0.1063,-2.66,0.24
3675,6.24,1017729.925,-753.03,0.25
3676,8.92,32260.8539,-501.04,0.2
3677,8.04,38.2359,-250.52,0.27
3678,6.72,579055.5094,-1014.76,0.27
3679,5.64,114728.8466,-253.09,0.23
3680,7.72,0.02,-0.5,0.26
3681,6.2,0.0148,-0.37,0.25
3682,8.08,0.2893,-7.23,0.23
3683,8.68,22.068,-551.7,0.23
3684,5.64,1.7714,-44.29,0.26
3685,5.6,0.114,-2.85,0.24
3686,7.52,0.0127,-250.29,0.26
3687,6.52,1377548.6498,-1589.0,0.21
3688,5.4,1.7702,-44.25,0.26
3689,5.36,0.1319,-3.3,0.22
3690,7.4,0.0737,-1.84,0.21
3691,7.48,56610.7151,-501.01,0.2
3692,5.6,0.0162,-0.41,0.22
3693,7.24,0.0168,-0.42,0.23
3694,8.72,0.0284,-0.71,0.21
3695,5.68,0.0191,-0.48,0.27
3696,5.92,1465742.4754,-1308.35,0.3
3697,5.4,0.1108,-2.77,0.25
3698,5.48,0.0133,-0.33,0.25
3699,5.76,0.0149,-0.37,0.24
3700,7.32,0.2377,-5.94,0.29
3701,5.56,0.18,-4.5,0.33
3702,7.56,0.1264,-3.16,0.31
3703,5.4,29.8502,-250.35,0.3
3704,6.6,1356977.2364,-1104.11,0.26
3705,6.72,77.6768,-760.77,0.27
3706,7.72,0.0128,-0.32,0.3
3707,5.56,0.0157,-0.39,0.29
3708,6.12,0.0264,-250.64,0.29
3709,9.64,0.0679,-1.7,0.23
3710,7.76,0.2904,-7.26,0.27
3711,7.68,0.015,-0.37,0.27
3712,5.8,0.0198,-0.5,0.32
3713,7.68,0.0145,-0.36,0.27
3714,6.0,1.7716,-44.29,0.3
3715,8.64,0.0209,-0.52,0.26
3716,5.72,0.1144,-2.86,0.27
3717,5.76,0.0161,-0.4,0.27
3718,5.72,0.0168,-0.42,0.26
3719,6.44,1205483.7383,-1361.37,0.29
3720,9.4,360124.0898,-813.49,0.27
3721,9.64,120043.043,-313.16,0.24
3722,7.92,38.2301,-250.38,0.28
3723,6.2,1.768,-44.2,0.29
3724,8.32,38.2578,-251.07,0.24
3725,7.88,0.0203,-0.51,0.22
3726,7.68,0.0128,-0.32,0.25
3727,6.12,0.0176,-0.44,0.25
3728,6.6,19.7132,-500.36,0.28
3729,7.2,1377607.2155,-1068.9,0.24
3730,6.28,0.0184,-0.46,0.23
3731,9.08,240086.0181,-624.62,0.2
3732,7.72,0.0134,-0.34,0.21
3733,7.68,0.0135,-0.34,0.22
3734,6.08,3.0778,-76.95,0.28
3735,6.08,0.0159,-250.33,0.24
3736,6.32,381.5772,-294.26,0.22
3737,7.72,0.012,-0.3,0.25
3738,6.64,1137634.515,-1097.14,0.24
3739,8.0,0.0151,-0.38,0.21
3740,7.92,0.014,-0.35,0.2
3741,6.12,19.7126,-250.35,0.23
3742,9.48,5.2668,-131.67,0.24
3743,8.12,113367.1522,-1260.31,0.23
3744,7.56,0.015,-0.37,0.22
3745,5.48,1.7712,-44.28,0.31
3746,5.72,3.5282,-88.2,0.24
3747,6.48,1257535.2834,-1345.71,0.23
3748,5.6,0.1138,-2.84,0.26
3749,6.12,0.0139,-0.35,0.26
3750,5.6,0.1132,-2.83,0.26
3751,5.88,3.0761,-76.9,0.23
3752,6.04,1173893.6909,-1434.28,0.27
3753,5.48,0.0165,-0.41,0.33
3754,9.72,5.9875,-649.69,0.25
3755,6.48,834652.1684,-1227.92,0.24
3756,5.68,0.0156,-0.39,0.25
3757,5.76,0.0181,-0.45,0.3
3758,5.76,1.7768,-44.42,0.3
3759,5.56,0.0203,-0.51,0.31
3760,5.6,1.7726,-44.31,0.25
3761,5.64,8.9604,-224.01,0.25
3762,6.52,1345842.7312,-1585.36,0.25
3763,7.6,0.0694,-1.74,0.31
3764,8.48,0.0186,-0.46,0.28
3765,7.88,0.0414,-251.02,0.31
3766,6.36,918297.0237,-1220.92,0.31
3767,5.68,0.0206,-0.51,0.29
3768,7.64,0.0697,-1.74,0.29
3769,6.04,1154.34,-252.77,0.27
3770,6.64,1716851.7029,-1349.39,0.24
3771,5.48,0.0142,-0.36,0.27
3772,5.6,0.0164,-0.41,0.32
3773,5.48,0.0173,-0.43,0.27
3774,5.68,0.0153,-0.38,0.26
3775,5.48,0.1188,-2.97,0.32
3776,8.4,32236.7416,-250.54,0.21
3777,8.12,360166.6231,-250.84,0.2
3778,6.92,0.0751,-1.88,0.22
3779,7.92,32236.7357,-250.39,0.22
3780,6.76,0.3519,-8.8,0.25
3781,5.52,2.6446,-66.11,0.24
3782,6.96,0.2408,-6.02,0.27
3783,5.56,0.0166,-0.41,0.24
3784,5.6,1.7756,-44.39,0.24
3785,5.72,0.0149,-0.37,0.26
3786,5.64,0.0156,-250.37,0.23
3787,5.76,15.9597,-250.49,0.24
3788,6.04,1445283.0116,-1301.95,0.82
3789,5.72,0.0153,-0.38,0.23
3790,5.6,0.1126,-2.81,0.24
3791,7.16,0.1262,-3.15,0.21
3792,7.68,0.0151,-0.38,0.23
3793,6.36,1413691.7924,-1845.54,0.23
3794,10.32,0.4996,-12.49,0.21
3795,7.12,4885.7795,-1251.06,0.26
3796,7.72,0.1909,-4.77,0.22
3797,6.04,1.7707,-44.27,0.24
3798,9.08,0.0322,-0.8,0.2
3799,7.68,0.0144,-0.36,0.25
3800,7.76,0.0152,-0.38,0.23
3801,7.64,0.07,-1.75,0.24
3802,6.04,0.0132,-0.33,0.27
3803,5.88,1.8346,-45.87,0.24
3804,6.8,135.3791,-1510.04,0.22
3805,5.72,0.0154,-0.38,0.31
3806,5.84,0.0189,-0.47,0.24
3807,7.48,0.0135,-0.34,0.22
3808,6.68,234.8264,-2000.53,0.24
3809,6.08,381.5768,-294.25,0.25
3810,8.68,0.2212,-5.53,0.23
3811,7.56,0.0144,-0.36,0.24
3812,6.28,526995.6528,-822.63,0.23
3813,8.04,0.3848,-9.62,0.21
3814,6.04,8.7996,-219.99,0.26
3815,6.16,1.7707,-44.27,0.25
3816,7.12,14376.8067,-1759.51,0.25
3817,6.8,1257540.1668,-1467.8,0.23
3818,7.6,139.554,-1267.36,0.23
3819,6.6,459158.4893,-859.9,0.22
3820,6.08,1.774,-44.35,0.24
3821,7.72,0.0122,-0.3,0.23
3822,5.96,0.0198,-0.5,0.22
3823,5.8,114730.4938,-294.27,0.23
3824,10.2,5.8405,-146.01,0.21
3825,5.56,0.016,-0.4,0.24
3826,8.92,32236.7442,-250.6,0.21
3827,7.6,1.0742,-26.85,0.21
3828,5.84,0.015,-0.37,0.26
3829,5.8,11.8572,-296.43,0.24
3830,7.68,0.015,-0.38,0.23
3831,5.72,0.0182,-0.45,0.25
3832,5.48,0.022,-0.55,0.23
3833,7.68,0.0145,-0.36,0.22
3834,6.0,0.1114,-2.79,0.27
3835,5.92,0.0122,-0.31,0.22
3836,6.52,866243.1471,-1178.29,0.24
3837,8.44,359725.3563,-1217.93,0.21
3838,7.72,0.0112,-0.28,0.22
3839,8.92,32236.7495,-250.74,0.21
3840,9.88,4.9584,-123.96,0.22
3841,6.56,0.0131,-0.33,0.29
3842,6.24,3.0728,-76.82,0.26
3843,8.0,38.5081,-257.33,0.23
3844,6.28,0.0134,-0.34,0.25
3845,6.36,0.0148,-0.37,0.23
3846,8.16,0.0207,-0.52,0.22
3847,6.52,918295.5514,-1184.11,0.2
3848,9.48,239121.9189,-503.51,0.21
3849,5.84,0.0128,-0.32,0.22
3850,8.76,7.5262,-188.16,0.22
3851,6.6,1356978.4807,-1135.22,0.23
3852,10.68,7.7967,-194.92,0.21
3853,5.56,0.0212,-0.53,0.24
3854,5.84,0.0142,-0.35,0.25
3855,7.68,0.3495,-8.74,0.23
3856,6.6,579168.3286,-1015.0,0.21
3857,7.84,0.0138,-0.35,0.2
3858,5.8,0.0139,-0.35,0.21
3859,5.68,0.0244,-0.61,0.24
3860,5.76,0.0191,-0.48,0.25
3861,5.68,0.0218,-0.55,0.23
3862,6.48,1565227.6626,-1942.21,0.21
3863,6.12,1178552.5904,-1088.63,0.21
3864,7.68,0.0136,-0.34,0.21
3865,5.68,0.0156,-0.39,0.24
3866,5.56,0.031,-0.78,0.22
3867,7.68,0.0147,-0.37,0.2
3868,5.56,0.0998,-2.5,0.24
3869,5.96,0.0204,-0.51,0.25
3870,7.68,0.0132,-0.33,0.24
3871,5.76,0.0199,-0.5,0.22
3872,5.68,0.1137,-2.84,0.23
3873,6.84,157.9698,-1260.26,0.25
3874,5.88,1314248.4142,-1551.53,0.21
3875,5.6,0.0167,-0.42,0.26
3876,10.36,0.1584,-253.94,0.23
3877,5.84,1710204.8067,-2007.19,0.23
3878,5.76,495401.5567,-794.32,0.21
3879,7.12,0.2399,-6.0,0.23
3880,6.84,0.1295,-3.24,0.24
3881,9.12,0.3976,-9.94,0.26
3882,7.04,0.1291,-3.23,0.24
3883,7.16,0.1275,-3.19,0.23
3884,6.04,459147.7358,-591.06,0.24
3885,7.52,0.0152,-0.38,0.22
3886,7.72,0.0131,-0.33,0.22
3887,7.56,0.0138,-0.35,0.24
3888,6.28,1637807.7262,-2044.44,0.22
3889,5.68,0.0149,-0.37,0.24
3890,8.44,0.0312,-0.78,0.22
3891,5.68,0.0172,-250.42,0.22
3892,7.68,0.015,-0.38,0.21
3893,7.52,0.07,-1.75,0.21
3894,7.68,0.0676,-1.69,0.23
3895,5.48,0.1041,-2.6,0.23
3896,7.56,0.0162,-0.41,0.25
3897,7.68,0.0134,-0.34,0.2
3898,7.72,0.0247,-0.62,0.22
3899,5.64,1.7731,-44.33,0.25
3900,5.8,17.7371,-294.92,0.26
3901,5.48,0.0188,-0.47,0.26
3902,5.76,0.0216,-0.54,0.25
3903,8.12,56465.5031,-505.46,0.2
3904,8.24,0.0996,-2.49,0.22
3905,7.72,0.0119,-0.3,0.21
3906,6.64,1017740.4042,-1015.01,0.23
3907,7.84,0.0142,-0.35,0.24
3908,6.44,8.7998,-220.0,0.23
3909,6.28,8308.5028,-250.37,0.25
3910,6.36,1277993.3055,-1316.07,0.24
3911,5.88,0.018,-0.45,0.33
3912,7.92,0.5738,-14.35,0.24
3913,6.52,1017737.439,-940.88,0.21
3914,8.36,0.6977,-17.44,0.24
3915,7.68,0.012,-0.3,0.79
3916,5.84,1.774,-44.35,0.28
3917,8.68,7.3024,-182.56,0.21
3918,5.68,0.0144,-0.36,0.23
3919,7.6,0.0131,-0.33,0.23
3920,7.68,0.0146,-0.37,0.21
3921,5.56,0.0132,-0.33,0.23
3922,7.72,0.0218,-0.54,0.25
3923,5.6,0.1196,-2.99,0.24
3924,5.68,0.0148,-0.37,0.26
3925,5.64,0.0168,-0.42,0.24
3926,6.52,474946.4485,-896.81,0.22
3927,5.56,0.02,-0.5,0.24
3928,5.72,0.0261,-0.65,0.23
3929,5.68,0.0151,-0.38,0.24
3930,5.48,0.1132,-2.83,0.26
3931,5.64,0.1174,-2.94,0.23
3932,5.68,0.0167,-0.42,0.24
3933,5.56,0.0145,-0.36,0.22
3934,6.52,96.0163,-751.77,0.22
3935,5.6,0.1162,-2.91,0.22
3936,9.48,2.6172,-65.43,0.21
3937,5.64,0.0137,-0.34,0.26
3938,7.48,0.015,-0.38,0.2
3939,5.48,0.113,-2.82,0.26
3940,5.56,0.0234,-0.59,0.25
3941,9.92,360133.8335,-1057.08,0.25
3942,5.56,0.0127,-0.32,0.25
3943,9.12,64473.4622,-750.54,0.2
3944,8.84,64473.47,-500.75,0.2
3945,5.72,8.7972,-219.93,0.23
3946,9.92,0.3432,-8.58,0.24
3947,10.04,0.3938,-9.84,0.22
3948,7.24,0.1825,-4.56,0.2
3949,5.52,0.1156,-2.89,0.22
3950,5.56,0.0228,-0.57,0.22
3951,5.56,0.0168,-0.42,0.24
3952,7.4,0.1259,-3.15,0.2
3953,5.4,0.0334,-0.84,0.26
3954,5.68,0.1115,-2.79,0.28
3955,5.48,0.0904,-2.26,0.24
3956,7.8,0.0229,-0.57,0.21
3957,5.48,0.0161,-0.4,0.23
3958,5.44,0.1154,-2.88,0.24
3959,5.64,39690.453,-250.46,0.28
3960,5.44,0.3075,-7.69,0.23
3961,8.52,0.5764,-14.41,0.23
3962,6.28,1178551.9538,-1072.72,0.21
3963,8.52,0.0357,-0.89,0.23
3964,5.48,1.7767,-44.42,0.25
3965,5.48,0.1191,-2.98,0.22
3966,7.72,0.0134,-0.34,0.21
3967,7.6,0.0122,-0.31,0.22
3968,5.52,0.0178,-0.44,0.25
3969,9.24,120046.4038,-397.18,0.21
3970,7.76,0.0143,-0.36,0.21
3971,5.68,0.0179,-0.45,0.24
3972,8.6,32236.7408,-250.52,0.2
3973,5.48,0.0195,-0.49,0.23
3974,5.52,0.1134,-2.83,0.21
3975,5.68,1.77,-44.25,0.24
3976,7.72,0.0141,-0.35,0.21
3977,7.72,0.0119,-0.3,0.25
3978,5.6,1.7707,-44.27,0.22
3979,5.6,0.0133,-0.33,0.24
3980,6.4,1685086.6914,-1852.67,0.21
3981,7.64,0.013,-0.33,0.22
3982,7.68,38.2274,-250.31,0.21
3983,7.68,0.0151,-0.38,0.2
3984,7.68,38.2278,-250.32,0.23
3985,7.56,0.0131,-0.33,0.25
3986,5.56,0.0158,-0.4,0.22
3987,8.56,145.8208,-510.75,0.2
3988,6.28,918295.5505,-1184.09,0.22
3989,5.92,120033.3576,-500.6,0.23
3990,5.6,19.7138,-250.38,0.25
3991,7.64,0.0701,-1.75,0.24
3992,7.72,0.0124,-0.31,0.22
3993,5.48,0.0164,-0.41,0.23
3994,6.24,474945.3677,-869.79,0.22
3995,5.56,0.0211,-0.53,0.25
3996,7.84,1.5902,-39.76,0.21
3997,7.68,0.0096,-0.24,0.27
3998,9.4,5.3227,-133.07,0.27
3999,5.48,0.1385,-3.46,0.28
4000,5.64,19.7141,-250.39,0.24
4001,5.52,1.7704,-44.26,0.23
4002,9.0,240086.0115,-624.45,0.19
4003,5.64,0.0145,-0.36,0.25
4004,9.64,120040.6752,-253.96,0.22
4005,7.8,0.0122,-0.31,0.21
4006,5.48,0.0154,-0.39,0.24
4007,5.84,0.0191,-0.48,0.23
4008,5.64,1.771,-44.27,0.23
4009,5.8,0.111,-2.77,0.25
4010,5.8,187751.6444,-554.12,0.25
4011,5.44,1.8674,-46.68,0.23
4012,9.28,240083.5594,-563.15,0.23
4013,7.52,0.0167,-0.42,0.22
4014,9.84,0.4762,-11.9,0.2
4015,7.64,0.068,-1.7,0.22
4016,6.6,1298453.6972,-1345.67,0.22
4017,5.6,0.0142,-0.36,0.22
4018,8.16,0.0995,-2.49,0.22
4019,7.64,0.014,-0.35,0.22
4020,7.96,0.0435,-1.09,0.26
4021,8.76,367963.3083,-500.48,0.2
4022,6.64,85.2942,-1430.45,0.2
4023,7.56,0.0124,-0.31,0.22
4024,5.56,0.0193,-0.48,0.22
4025,8.84,32236.7451,-250.63,0.2
4026,5.68,0.1098,-2.75,0.24
4027,7.8,0.0421,-1.05,0.24
4028,6.88,216.1662,-2001.51,0.21
4029,9.64,120045.4608,-373.6,0.2
4030,5.6,0.1131,-2.83,0.26
4031,8.44,0.0295,-0.74,0.24
4032,5.4,0.1609,-4.02,0.24
4033,5.6,0.1709,-4.27,0.22
4034,5.32,3.6262,-90.66,0.25
4035,5.52,1.8754,-46.88,0.23
4036,5.48,1.7794,-44.48,0.24
4037,5.48,0.0174,-0.44,0.25
4038,6.16,135701.134,-595.65,0.23
4039,5.6,1.7726,-44.31,0.25
4040,9.0,0.0273,-250.66,0.26
4041,5.64,1.7738,-44.34,0.23
4042,9.12,120045.4696,-623.8,0.2
4043,7.68,0.0136,-0.34,0.24
4044,7.68,0.0137,-0.34,0.84
4045,6.52,183.266,-1751.86,0.24
4046,8.88,2703.5014,-250.69,0.2
4047,5.56,10.5561,-263.9,0.23
4048,7.64,0.0192,-250.42,0.26
4049,6.2,834650.1152,-1176.59,0.25
4050,5.64,0.0268,-0.67,0.28
4051,6.0,1106041.5127,-1096.17,0.27
4052,5.4,0.1144,-2.86,0.24
4053,5.52,0.0187,-0.47,0.26
4054,9.36,4.9379,-123.45,0.23
4055,7.68,0.014,-0.35,0.26
4056,5.6,1.7726,-44.32,0.25
4057,5.6,0.0187,-0.47,0.25
4058,6.32,1804988.8476,-1635.95,0.24
4059,5.56,0.0167,-0.42,0.23
4060,5.48,0.0144,-0.36,0.22
4061,5.48,0.0152,-0.38,0.23
4062,6.2,766796.4644,-801.66,0.23
4063,7.88,145.7311,-258.53,0.22
4064,5.72,0.0207,-0.52,0.24
4065,7.76,0.0167,-0.42,0.28
4066,6.04,1162870.6716,-1882.44,0.23
4067,7.56,0.0122,-0.31,0.21
4068,5.68,0.0152,-0.38,0.24
4069,8.48,0.0281,-0.7,0.21
4070,5.48,0.0146,-0.37,0.23
4071,7.64,0.0243,-0.61,0.23
4072,9.08,0.0344,-0.86,0.21
4073,6.08,1262196.0926,-1547.78,0.23
4074,7.96,420.97,-250.55,0.23
4075,7.24,81.2034,-751.86,0.22
4076,5.4,0.0146,-0.37,0.24
4077,6.56,67856.0108,-433.92,0.22
4078,6.8,135.1556,-1267.93,0.21
4079,8.52,0.0412,-1.03,0.2
4080,7.68,0.0129,-0.32,0.21
4081,7.68,0.0107,-0.27,0.21
4082,5.56,0.0161,-0.4,0.24
4083,5.8,0.02,-0.5,0.26
4084,7.68,0.0139,-0.35,0.24
4085,10.72,0.339,-8.48,0.2
4086,7.04,1476876.2936,-1309.9,0.24
4087,6.12,0.0218,-0.55,0.22
4088,10.44,119081.3228,-501.51,0.22
4089,10.52,0.0228,-0.57,0.24
4090,6.6,918294.8349,-1166.2,0.21
4091,6.32,1397893.2628,-1544.36,0.21
4092,6.52,0.018,-0.45,0.26
4093,7.0,1758054.587,-1836.36,0.22
4094,6.64,0.0148,-0.37,0.23
4095,8.48,115.4948,-771.24,0.2
4096,10.56,119081.3294,-251.69,0.26
4097,7.56,579163.7436,-900.38,0.26
4098,8.4,114.6572,-750.3,0.21
4099,10.56,5.5364,-138.41,0.25
4100,6.24,114731.7933,-326.76,0.24
4101,6.4,19.7142,-250.39,0.25
4102,6.96,4864.0558,-1508.87,0.29
4103,6.56,1.7716,-44.29,0.27
4104,6.44,0.0162,-0.4,0.24
4105,6.44,24.5286,-370.75,0.27
4106,11.08,359664.6672,-258.59,0.4
4107,9.44,128946.9764,-1002.41,0.31
4108,8.24,52.8362,-615.53,0.22
4109,9.16,120043.0667,-313.75,0.22
4110,8.36,1080.8774,-1127.1,0.2
4111,5.76,0.1144,-2.86,0.26
4112,5.56,1.7765,-44.41,0.31
4113,7.8,0.0145,-0.36,0.25
4114,7.64,0.0693,-1.73,0.26
4115,5.6,0.0149,-0.37,0.28
4116,7.72,0.0155,-0.39,0.21
4117,6.24,1857035.6582,-1501.93,0.22
4118,5.56,19.7161,-250.43,0.23
4119,5.48,0.0141,-0.35,0.26
4120,8.64,0.0283,-0.71,0.22
4121,7.64,0.0217,-0.54,0.28
4122,6.24,1513131.6989,-1552.78,0.29
4123,6.04,8.7986,-219.97,0.24
4124,6.16,1.7722,-44.31,0.24
4125,9.52,152277.2705,-500.84,0.27
4126,6.36,33879.1857,-250.37,0.28
4127,6.6,798392.9512,-889.74,0.22
4128,5.8,0.0164,-0.41,0.22
4129,5.96,1.7762,-44.4,0.23
4130,6.04,0.0257,-0.64,0.24
4131,6.16,0.0163,-0.41,0.28
4132,7.84,0.0122,-0.31,0.24
4133,5.8,0.0297,-0.74,0.29
4134,7.68,0.0151,-0.38,0.26
4135,7.72,0.0134,-0.34,0.29
4136,7.64,0.0701,-1.75,0.27
4137,7.72,0.015,-0.38,0.28
4138,7.2,4982.0455,-2009.07,0.22
4139,7.56,0.0142,-0.36,0.27
4140,5.76,0.1139,-2.85,0.27
4141,5.64,0.0131,-0.33,0.24
4142,7.64,0.0181,-0.45,0.26
4143,7.92,310.667,-766.01,0.24
4144,6.44,187754.4397,-624.01,0.29
4145,6.32,1.7715,-44.29,0.24
4146,7.84,0.2937,-7.34,0.2
4147,6.08,0.0153,-0.38,0.25
4148,6.08,678494.4711,-698.38,0.25
4149,8.52,14.5373,-363.43,0.21
4150,6.04,1.7706,-44.27,0.24
4151,6.28,0.0163,-0.41,0.23
4152,6.32,0.0168,-0.42,0.23
4153,8.84,0.4434,-11.08,0.22
4154,9.84,360128.9754,-935.63,0.19
4155,6.32,0.1136,-2.84,0.25
4156,7.8,0.0166,-0.41,0.24
4157,6.44,8.8008,-220.02,0.28
4158,7.6,20.2086,-267.33,0.24
4159,7.84,0.0143,-0.36,0.28
4160,6.36,0.0162,-0.41,0.26
4161,8.4,38.2464,-250.78,0.23
4162,7.8,0.013,-0.33,0.28
4163,6.36,0.0167,-0.42,0.29
4164,8.48,0.3675,-9.19,0.26
4165,6.64,0.014,-0.35,0.91
4166,6.52,17.5836,-439.59,0.25
4167,6.48,0.1185,-2.96,0.23
4168,7.2,814543.8167,-929.4,0.25
4169,9.88,2.5338,-63.34,0.24
4170,8.48,39.3448,-278.24,0.24
4171,6.72,22.866,-329.18,0.23
4172,9.72,128947.0112,-1003.28,0.23
4173,8.24,0.0126,-0.32,0.23
4174,6.76,918402.7444,-1043.7,0.23
4175,8.48,38.2282,-250.33,0.23
4176,8.32,9909.3678,-3343.16,0.24
4177,7.8,0.0138,-0.35,0.23
4178,8.6,0.3838,-9.6,0.24
4179,6.32,1.7719,-44.3,0.26
4180,6.44,19.714,-250.38,0.25
4181,9.08,120045.5152,-374.96,0.22
4182,6.44,0.1121,-2.8,0.24
4183,6.36,0.0153,-0.38,0.23
4184,6.84,359824.4079,-978.05,0.27
4185,7.76,0.0135,-0.34,0.21
4186,7.72,0.0132,-0.33,0.22
4187,7.72,0.0134,-0.33,0.23
4188,7.72,0.0108,-0.27,0.21
4189,7.68,0.0159,-0.4,0.23
4190,6.64,8308.5012,-250.33,0.24
4191,7.68,0.0127,-0.32,0.21
4192,6.64,1476877.4674,-1339.25,0.23
4193,8.64,32236.7448,-250.62,0.2
4194,7.72,0.0152,-0.38,0.21
4195,6.08,19.7117,-250.32,0.23
4196,5.72,1.7714,-44.29,0.22
4197,5.72,1.7878,-44.7,0.22
4198,7.68,0.0134,-0.34,0.21
4199,6.56,0.0149,-0.37,0.29
4200,6.44,459148.4838,-609.76,0.24
4201,6.6,698952.1821,-1160.94,0.23
4202,9.08,0.118,-252.94,0.2
4203,6.68,1356982.4894,-1235.44,0.21
4204,9.56,0.0206,-0.52,0.2
4205,7.76,0.7213,-18.03,0.22
4206,6.44,120013.6487,-250.34,0.23
4207,7.88,38.23,-250.37,0.25
4208,7.88,0.0164,-0.41,0.22
4209,6.2,0.0145,-0.36,0.26
4210,7.72,0.0145,-0.36,0.24
4211,6.44,0.0175,-0.44,0.22
4212,7.56,0.066,-1.65,0.24
4213,6.48,3.1731,-79.33,0.23
4214,6.48,1.7706,-44.27,0.23
4215,7.56,0.0151,-0.38,0.24
4216,7.88,420.9636,-500.38,0.24
4217,7.68,0.0136,-0.34,0.22
4218,5.72,1.7692,-44.23,0.27
4219,8.88,32236.736,-250.4,0.21
4220,5.8,0.0137,-0.34,0.26
4221,7.52,0.013,-0.33,0.2
4222,6.0,1664627.1999,-1845.57,0.21
4223,7.6,0.0694,-1.74,0.22
4224,5.8,0.0207,-0.52,0.3
4225,6.28,0.017,-0.43,0.33
4226,9.92,120040.5898,-251.83,0.24
4227,6.52,33.651,-544.27,0.29
4228,6.4,114730.4935,-294.26,0.29
4229,6.6,33879.1827,-250.29,0.3
4230,6.24,0.0265,-0.66,0.25
4231,8.2,38.2344,-250.48,0.25
4232,7.96,38.2298,-250.37,0.22
4233,6.36,0.0178,-0.45,0.25
4234,6.48,1.7724,-44.31,0.22
4235,6.44,19.7117,-250.32,0.27
4236,10.52,0.3139,-7.85,0.19
4237,6.48,0.1119,-2.8,0.25
4238,6.44,33879.1844,-250.34,0.27
4239,9.0,32256.0338,-501.68,0.24
4240,8.12,0.2938,-7.34,0.21
4241,6.76,355288.2218,-462.11,0.25
4242,6.12,3.0833,-77.08,0.23
4243,8.64,0.0208,-0.52,0.21
4244,9.24,120043.0797,-314.07,0.23
4245,8.6,0.0661,-1.65,0.19
4246,5.68,0.1202,-3.0,0.22
4247,5.64,0.0132,-0.33,0.24
4248,5.48,1.779,-44.47,0.22
4249,5.76,8.8115,-220.29,0.26
4250,7.92,0.952,-23.8,0.21
4251,5.6,1.7706,-44.26,0.26
4252,5.52,1.871,-46.77,0.25
4253,7.84,0.0714,-1.79,0.23
4254,6.64,918296.881,-1217.35,0.26
4255,6.4,1205481.9359,-1316.31,0.25
4256,7.76,0.0162,-0.4,0.23
4257,5.64,33879.1832,-250.31,0.26
4258,5.72,15.9686,-250.71,0.24
4259,7.56,0.1249,-3.12,0.21
4260,7.52,146.173,-269.57,0.25
4261,6.12,360858.4921,-544.68,0.26
4262,5.48,0.0166,-0.41,0.31
4263,7.2,0.2386,-5.97,0.3
4264,7.0,0.1848,-4.62,0.23
4265,5.48,0.0196,-0.49,0.29
4266,7.52,0.0695,-1.74,0.28
4267,5.56,0.0145,-0.36,0.28
4268,5.72,8.8162,-220.4,0.27
4269,7.56,0.0131,-0.33,0.24
4270,5.68,0.0195,-0.49,0.29
4271,6.4,459149.3955,-632.55,0.28
4272,7.68,0.0138,-0.35,0.26
4273,6.48,1565187.6197,-1646.51,0.28
4274,8.48,305.5456,-869.14,0.22
4275,9.48,0.3512,-8.78,0.25
4276,6.24,359707.779,-382.58,0.26
4277,5.64,0.0168,-0.42,0.27
4278,8.64,0.0166,-0.42,0.24
4279,7.6,0.0147,-0.37,0.21
4280,7.72,0.0138,-0.34,0.24
4281,6.48,866239.7133,-1092.45,0.22
4282,8.68,0.1162,-252.89,0.22
4283,10.28,0.3339,-258.33,0.19
4284,6.4,698952.6665,-673.07,0.24
4285,8.44,0.0252,-0.63,0.23
4286,5.92,1.7708,-44.27,0.24
4287,7.6,0.0156,-0.39,0.83
4288,7.72,0.014,-0.35,0.22
4289,7.72,113075.9856,-750.65,0.27
4290,7.92,360152.6258,-1264.27,0.31
4291,5.56,0.0164,-0.41,0.27
4292,5.68,0.0143,-0.36,0.27
4293,5.72,0.0302,-0.76,0.41
4294,7.52,0.0708,-1.77,0.3
4295,5.68,168269.9977,-250.43,0.27
4296,7.64,0.0552,-1.38,0.21
4297,7.6,0.015,-0.38,0.24
4298,7.68,0.014,-0.35,0.23
4299,7.72,0.0107,-0.27,0.24
4300,5.64,0.0175,-0.44,0.23
4301,7.64,0.0128,-0.32,0.24
4302,5.64,0.0159,-0.4,0.25
4303,5.72,1.772,-44.3,0.23
4304,7.68,0.0133,-0.33,0.21
4305,5.76,1.774,-44.35,0.22
4306,6.44,866243.1047,-1177.23,0.21
4307,8.6,32260.8326,-500.51,0.2
4308,9.24,240083.5886,-563.88,0.21
4309,7.88,0.0119,-0.3,0.22
4310,6.32,33879.1844,-250.34,0.24
4311,5.88,0.0136,-0.34,0.25
4312,10.12,0.3427,-8.57,0.21
4313,8.6,7.5802,-189.5,0.21
4314,6.52,8.7967,-219.92,0.23
4315,6.64,8308.5096,-500.34,0.26
4316,10.32,120045.4575,-373.52,0.22
4317,9.6,239121.8268,-501.21,0.23
4318,6.68,120022.4325,-719.91,0.26
4319,6.64,15.9549,-250.37,0.25
4320,6.8,120013.647,-250.3,0.22
4321,6.52,33887.9705,-469.99,0.23
4322,9.8,238167.4934,-624.25,0.2
4323,9.92,8.3058,-207.64,0.2
4324,7.36,599683.2103,-922.6,0.23
4325,6.44,17.5817,-439.54,0.25
4326,6.56,35.6553,-500.41,0.27
4327,7.56,14399.0307,-1500.59,0.23
4328,7.68,0.0142,-0.36,0.24
4329,6.08,0.011,-0.28,0.22
4330,9.36,120040.5773,-251.51,0.2
4331,9.56,120048.24,-693.07,0.24
4332,9.96,0.1872,-4.68,0.2
4333,7.48,0.0145,-0.36,0.24
4334,7.84,0.6124,-15.31,0.23
4335,5.68,0.5488,-13.72,0.3
4336,5.44,0.0137,-0.34,0.26
4337,8.92,32236.7456,-250.64,0.23
4338,5.52,0.0166,-0.41,0.25
4339,7.48,0.2874,-7.19,0.22
4340,8.44,0.0228,-0.57,0.19
4341,5.64,0.034,-0.85,0.24
4342,9.52,0.1756,-4.39,0.22
4343,5.64,1.7709,-44.27,0.26
4344,10.28,359533.9072,-254.38,0.26
4345,7.44,0.1281,-3.2,0.22
4346,6.4,1764077.1828,-1804.72,0.24
4347,8.96,0.1205,-3.01,0.24
4348,9.4,0.041,-1.02,0.2
4349,6.04,1314362.5572,-1584.87,0.24
4350,7.08,0.1292,-3.23,0.22
4351,7.4,0.0163,-0.41,0.24
4352,8.36,310.1191,-1002.29,0.21
4353,7.72,0.1198,-3.0,0.22
4354,5.48,0.0133,-0.33,0.23
4355,5.64,0.0159,-0.4,0.25
4356,8.16,56472.8084,-438.09,0.23
4357,7.72,0.0132,-0.33,0.24
4358,5.76,0.0192,-0.48,0.23
4359,5.68,0.0193,-0.48,0.26
4360,5.96,902493.7594,-1301.34,0.24
4361,5.32,1.8674,-46.68,0.25
4362,5.64,0.0206,-0.52,0.28
4363,5.48,0.0192,-0.48,0.24
4364,7.68,0.0692,-1.73,0.22
4365,5.96,1825442.6388,-1500.53,0.23
4366,5.68,0.1132,-2.83,0.24
4367,5.48,0.0193,-0.48,0.25
4368,7.72,0.0142,-0.36,0.25
4369,6.28,1753045.9592,-2047.77,0.24
4370,6.36,1225942.3285,-1345.93,0.23
4371,7.52,0.0127,-0.32,0.22
4372,5.64,0.0171,-0.43,0.24
4373,5.6,0.0196,-0.49,0.28
4374,6.92,176.3254,-1251.66,0.2
4375,7.48,0.0694,-1.73,0.22
4376,7.32,0.0688,-1.72,0.21
4377,5.56,0.0186,-0.46,0.25
4378,5.52,0.0173,-0.43,0.24
4379,5.4,0.0163,-250.38,0.26
4380,5.56,0.0174,-0.43,0.23
4381,7.64,0.0808,-2.02,0.24
4382,5.76,0.0188,-0.47,0.27
4383,5.48,0.0172,-0.43,0.25
4384,5.72,0.0192,-0.48,0.24
4385,7.68,0.0139,-0.35,0.22
4386,7.68,0.013,-0.33,0.23
4387,5.68,0.0215,-0.54,0.25
4388,7.68,0.014,-0.35,0.23
4389,5.44,0.0117,-0.29,0.25
4390,5.64,0.0152,-0.38,0.22
4391,5.6,1.7762,-44.41,0.24
4392,5.56,1.7704,-44.26,0.22
4393,7.68,0.0146,-0.36,0.21
4394,9.52,240088.4308,-684.93,0.24
4395,8.44,298.3591,-689.48,0.2
4396,5.6,0.0206,-0.52,0.22
4397,7.48,0.079,-1.98,0.21
4398,7.68,0.0142,-0.36,0.23
4399,7.52,0.0126,-0.32,0.24
4400,5.8,0.014,-0.35,0.23
4401,5.64,33879.1845,-250.34,0.27
4402,7.56,0.013,-0.32,0.21
4403,5.68,0.0158,-0.4,0.23
4404,7.68,0.0133,-0.33,0.21
4405,5.8,8.816,-220.4,0.24
4406,6.08,0.0167,-0.42,0.26
4407,6.64,1476877.8541,-1348.91,0.21
4408,6.64,1017735.407,-890.07,0.23
4409,6.56,1038193.9022,-872.26,0.24
4410,5.64,0.0156,-0.39,0.24
4411,5.6,1.7749,-44.37,0.26
4412,7.56,0.0132,-0.33,0.82
4413,6.48,2515069.8284,-2172.98,0.24
4414,7.24,0.1359,-3.4,0.23
4415,5.76,1554049.7748,-2544.24,0.23
4416,5.8,0.0121,-0.3,0.28
4417,9.6,2.5003,-62.51,0.22
4418,7.72,0.0128,-0.32,0.23
4419,7.56,0.0137,-0.34,0.21
4420,5.6,1.7727,-44.32,0.23
4421,5.72,19.7142,-250.39,0.23
4422,10.08,0.9702,-270.26,0.2
4423,7.76,0.2952,-7.38,0.26
4424,8.44,0.0318,-250.78,0.27
4425,7.68,0.0142,-0.35,0.21
4426,5.76,0.018,-0.45,0.22
4427,6.6,153.719,-1251.07,0.22
4428,7.52,0.0703,-1.76,0.23
4429,7.8,0.0124,-0.31,0.21
4430,7.68,0.0112,-0.28,0.21
4431,8.76,0.0246,-0.62,0.21
4432,6.36,1246403.0156,-1382.91,0.27
4433,10.36,0.1747,-4.37,0.2
4434,6.6,798392.7408,-884.48,0.22
4435,8.68,7.2051,-180.13,0.21
4436,7.72,38.228,-250.32,0.26
4437,8.48,145.6196,-255.74,0.22
4438,7.68,0.0104,-0.26,0.28
4439,5.4,0.0186,-0.47,0.23
4440,5.6,0.1173,-2.93,0.23
4441,6.72,153.7066,-1250.76,0.23
4442,5.48,0.1217,-3.04,0.23
4443,5.76,0.0171,-0.43,0.26
4444,7.72,0.0126,-0.32,0.23
4445,7.72,0.022,-0.55,0.22
4446,8.04,291.4582,-516.95,0.2
4447,6.92,4866.297,-1001.89,0.23
4448,5.48,0.0162,-0.41,0.25
4449,7.68,0.0123,-0.31,0.25
4450,7.68,0.0132,-0.33,0.27
4451,6.36,1325386.8148,-1667.65,0.26
4452,9.56,120045.4734,-373.92,0.26
4453,5.68,0.1121,-2.8,0.24
4454,5.56,0.0184,-0.46,0.25
4455,7.6,0.0129,-0.32,0.21
4456,6.44,1325385.4677,-1633.97,0.23
4457,7.6,0.0141,-0.35,0.24
4458,5.6,0.1158,-2.89,0.25
4459,5.68,0.0207,-0.52,0.22
4460,9.72,2.5189,-62.97,0.2
4461,6.16,1533588.8061,-1500.27,0.21
4462,5.6,0.0237,-0.59,0.23
4463,5.48,0.0108,-0.27,0.24
4464,9.72,0.333,-8.32,0.21
4465,10.84,0.4669,-11.67,0.27
4466,5.8,0.0777,-1.94,0.25
4467,5.96,0.016,-0.4,0.24
4468,6.16,0.0146,-0.37,0.26
4469,7.04,4901.7589,-1509.74,0.22
4470,5.8,0.0159,-0.4,0.22
4471,5.76,19.7143,-250.39,0.22
4472,5.6,0.013,-0.33,0.23
4473,5.6,1.7718,-44.29,0.25
4474,6.48,986142.1403,-1382.48,0.22
4475,6.36,407091.9579,-500.9,0.22
4476,5.92,0.016,-0.4,0.23
4477,6.4,8308.4984,-250.26,0.24
4478,8.04,0.5716,-14.29,0.23
4479,8.44,76.7227,-507.31,0.26
4480,6.2,0.1438,-3.6,0.25
4481,6.28,0.014,-0.35,0.24
4482,6.68,119906.5305,-392.63,0.26
4483,6.6,33879.1846,-250.34,0.29
4484,8.52,77.2817,-521.29,0.23
4485,6.36,3.0848,-77.12,0.31
4486,7.84,0.2941,-7.35,0.22
4487,6.0,119081.2763,-250.37,0.28
4488,5.88,0.0141,-0.35,0.32
4489,9.8,478246.0848,-1063.2,0.26
4490,6.32,0.0752,-251.86,0.3
4491,6.52,1956593.8417,-2345.82,0.26
4492,7.84,38.2273,-250.31,0.23
4493,7.72,0.0131,-0.33,0.25
4494,7.56,0.0122,-0.3,0.22
4495,7.72,0.0335,-0.84,0.3
4496,5.8,0.0191,-0.48,0.26
4497,5.88,0.014,-0.35,0.31
4498,7.72,0.0136,-0.34,0.28
4499,8.84,96734.2878,-1000.89,0.26
4500,5.56,0.0148,-0.37,0.28
4501,5.92,0.1764,-4.41,0.28
4502,6.76,230.4592,-1758.82,0.25
4503,5.8,0.034,-0.85,0.23
4504,6.52,1356974.5086,-1035.92,0.24
4505,8.56,32236.7388,-250.47,0.25
4506,8.4,26.721,-436.86,0.25
4507,8.84,360166.6666,-251.93,0.23
4508,8.8,0.0386,-0.97,0.27
4509,8.96,32236.7469,-250.67,0.24
4510,5.56,0.0123,-0.31,0.27
4511,7.72,0.0158,-0.39,0.24
4512,5.68,0.0162,-0.41,0.24
4513,6.92,234.315,-2008.12,0.22
4514,7.8,0.0122,-0.31,0.24
4515,7.72,0.101,-2.52,0.24
4516,5.72,381.5765,-294.24,0.22
4517,5.6,1.7722,-44.3,0.25
4518,7.72,0.0132,-250.31,0.23
4519,5.48,1.7711,-44.28,0.22
4520,5.68,1.7781,-44.45,0.23
4521,5.52,0.0182,-0.46,0.23
4522,9.2,4.9273,-123.18,0.2
4523,5.72,8.7981,-219.95,0.25
4524,5.72,0.0174,-0.43,0.24
4525,7.68,0.0138,-0.35,0.22
4526,7.48,0.0686,-1.72,0.2
4527,7.56,0.0156,-0.39,0.22
4528,5.76,0.1106,-2.76,0.24
4529,5.68,0.0159,-0.4,0.23
4530,7.88,420.9606,-500.32,0.22
4531,6.6,1377439.634,-1183.86,0.27
4532,9.52,120045.4768,-374.0,0.2
4533,5.48,0.0156,-0.39,0.23
4534,5.48,0.0189,-0.47,0.24
4535,9.68,240086.0004,-624.17,0.79
4536,5.64,0.0216,-0.54,0.24
4537,7.64,0.0158,-0.4,0.24
4538,6.28,1137633.5314,-1072.55,0.23
4539,5.96,1225942.0373,-1338.65,0.24
4540,7.88,0.0137,-0.34,0.27
4541,9.08,32616.5442,-500.43,0.23
4542,5.4,0.0118,-0.29,0.27
4543,6.68,4824.193,-751.74,0.23
4544,6.68,119904.9242,-352.47,0.22
4545,5.48,0.0401,-1.0,0.24
4546,8.36,0.0269,-0.67,0.19
4547,7.64,0.0714,-1.78,0.21
4548,5.64,1.7722,-44.31,0.22
4549,5.76,0.118,-2.95,0.23
4550,5.56,0.0191,-0.48,0.26
4551,10.2,0.6318,-15.8,0.21
4552,6.56,1257534.167,-1317.8,0.21
4553,7.68,0.0111,-0.28,0.22
4554,7.56,0.0146,-0.37,0.2
4555,9.88,0.33,-258.24,0.24
4556,8.64,0.1503,-3.76,0.27
4557,6.48,1513133.4255,-1595.95,0.24
4558,6.68,719565.8556,-1930.7,0.25
4559,7.68,0.0112,-0.28,0.25
4560,5.68,0.0163,-0.41,0.27
4561,9.8,119086.5218,-381.5,0.27
4562,7.56,0.0139,-0.35,0.29
4563,6.12,902493.7588,-1301.33,0.26
4564,7.68,0.0146,-0.36,0.24
4565,5.84,0.017,-0.43,0.29
4566,9.52,240086.0195,-624.65,0.25
4567,7.76,0.0143,-0.36,0.22
4568,6.28,2055920.6201,-2045.09,0.24
4569,5.92,8.8061,-220.15,0.25
4570,9.84,240081.1952,-504.04,0.26
4571,5.72,0.0172,-0.43,0.24
4572,5.8,1.7715,-44.29,0.25
4573,7.68,0.0116,-0.29,0.25
4574,6.2,746344.1624,-974.31,0.25
4575,5.16,3.5266,-88.17,0.31
4576,9.6,0.5141,-12.85,0.25
4577,7.6,0.0127,-0.32,0.29
4578,5.52,0.1137,-2.84,0.27
4579,5.52,3.5307,-88.27,0.28
4580,10.48,0.0127,-0.32,0.21
4581,5.68,0.0177,-0.44,0.25
4582,5.64,0.0185,-0.46,0.22
4583,6.32,407097.6396,-642.94,0.22
4584,5.52,0.0202,-0.51,0.26
4585,5.6,1.7735,-44.34,0.24
4586,6.2,746335.2132,-750.58,0.23
4587,5.88,0.019,-0.48,0.25
4588,8.88,14.748,-368.7,0.21
4589,7.8,38.2285,-250.34,0.24
4590,5.76,8.8,-220.0,0.23
4591,8.36,0.0218,-0.55,0.19
4592,8.08,7.8172,-195.43,0.21
4593,5.64,0.0223,-0.56,0.25
4594,6.0,1757593.9831,-1250.49,0.25
4595,7.84,0.0144,-0.36,0.24
4596,7.68,0.012,-0.3,0.21
4597,5.4,0.1119,-2.8,0.25
4598,6.4,1325383.6655,-1588.91,0.26
4599,7.56,0.0152,-0.38,0.21
4600,6.64,210.6323,-1501.04,0.23
4601,5.64,8.7972,-219.93,0.28
4602,10.6,0.3436,-8.59,0.28
4603,5.48,0.0171,-0.43,0.26
4604,5.56,0.0146,-0.36,0.28
4605,5.68,0.1162,-2.91,0.26
4606,5.48,0.112,-2.8,0.25
4607,7.68,0.014,-0.35,0.23
4608,5.72,0.018,-0.45,0.25
4609,5.84,407096.0342,-852.79,0.22
4610,9.36,0.0389,-0.97,0.21
4611,7.56,0.0147,-0.37,0.24
4612,5.92,459145.254,-529.01,0.23
4613,5.8,2144226.7644,-1752.17,0.22
4614,7.64,0.0141,-0.35,0.24
4615,7.72,0.014,-0.35,0.22
4616,7.56,0.015,-0.37,0.25
4617,10.6,0.3308,-258.25,0.25
4618,5.44,0.0173,-0.43,0.22
4619,6.36,2273453.5912,-2015.91,0.23
4620,7.56,0.0134,-0.33,0.21
4621,5.48,0.0182,-0.46,0.27
4622,7.64,0.0138,-0.35,0.21
4623,7.72,0.0129,-0.32,0.22
4624,5.48,0.0226,-0.57,0.24
4625,7.6,0.014,-0.35,0.21
4626,6.44,96.5943,-1009.27,0.21
4627,5.92,0.0164,-0.41,0.23
4628,10.68,0.3293,-8.23,0.2
4629,5.8,33879.1861,-250.38,0.24
4630,8.64,14.7439,-368.6,0.25
4631,5.48,0.0146,-0.37,0.24
4632,9.2,96710.2502,-752.25,0.2
4633,6.12,1017735.19,-884.65,0.2
4634,5.44,1262194.2884,-1502.67,0.25
4635,6.68,359937.3066,-2250.64,0.21
4636,7.2,0.2397,-5.99,0.2
4637,5.16,3.8192,-95.48,0.23
4638,6.0,1262196.2992,-1552.94,0.24
4639,7.04,194.4974,-2001.29,0.27
4640,5.48,1.7892,-44.73,0.27
4641,5.68,0.0149,-0.37,0.31
4642,5.48,1.7708,-44.27,0.27
4643,10.68,3.2098,-266.72,0.26
4644,11.0,0.3347,-8.37,0.21
4645,7.56,0.0136,-0.34,0.22
4646,7.68,0.0136,-0.34,0.24
4647,7.68,0.0137,-0.34,0.26
4648,5.68,0.0173,-0.43,0.25
4649,5.68,0.1159,-2.9,0.22
4650,5.48,0.0151,-0.38,0.24
4651,7.68,0.0128,-0.32,0.23
4652,10.64,1.0945,-27.36,0.22
4653,8.68,14.8332,-370.83,0.26
4654,7.68,0.0116,-0.29,0.27
4655,7.68,0.0136,-0.34,0.31
4656,9.8,240083.9312,-572.44,0.3
4657,5.48,0.019,-0.47,0.88
4658,5.48,0.0135,-0.34,0.24
4659,7.6,0.0686,-1.71,0.27
4660,7.68,0.0131,-0.33,0.27
4661,7.68,0.015,-0.38,0.24
4662,9.52,120057.6526,-678.4,0.22
4663,5.68,0.0144,-0.36,0.27
4664,5.56,0.0175,-0.44,0.26
4665,7.68,0.0135,-0.34,0.28
4666,5.6,0.0146,-0.37,0.28
4667,6.4,2123771.5768,-1852.68,0.27
4668,6.48,1377434.6248,-1058.62,0.25
4669,7.92,38.2262,-250.28,0.26
4670,5.64,8.7973,-219.93,0.29
4671,8.84,128946.9014,-1000.53,0.29
4672,8.28,14.5597,-363.99,0.25
4673,5.72,0.0168,-0.42,0.25
4674,6.08,1126496.9258,-1001.31,0.27
4675,6.4,2331983.4977,-2433.52,0.27
4676,9.0,64473.4748,-500.87,0.24
4677,9.88,240088.4441,-685.27,0.21
4678,5.68,0.0174,-0.43,0.24
4679,9.88,360129.0066,-936.41,0.24
4680,5.52,1.8705,-46.76,0.27
4681,5.48,1.7702,-44.25,0.28
4682,7.72,0.0159,-0.4,0.29
4683,7.68,0.0158,-0.39,0.22
4684,7.68,0.0115,-0.29,0.23
4685,10.76,0.4695,-11.74,0.21
4686,5.48,0.02,-0.5,0.22
4687,7.72,0.0144,-0.36,0.21
4688,9.8,120043.0623,-313.64,0.2
4689,7.68,0.0121,-0.3,0.23
4690,5.6,1.7746,-44.36,0.27
4691,5.6,0.1116,-2.79,0.26
4692,5.6,0.0178,-0.44,0.24
4693,5.68,0.0217,-0.54,0.28
4694,9.52,479068.4818,-1434.54,0.22
4695,8.2,165.0728,-510.91,0.21
4696,6.0,339397.9338,-1295.14,0.23
4697,5.52,0.1135,-2.84,0.22
4698,10.8,0.3362,-8.41,0.23
4699,5.48,0.0152,-0.38,0.25
4700,7.6,0.0133,-0.33,0.21
4701,10.16,5.7038,-142.59,0.2
4702,9.28,240081.1304,-502.42,0.23
4703,7.72,0.0133,-0.33,0.21
4704,8.96,1285.1079,-251.12,0.24
4705,7.6,0.0144,-0.36,0.23
4706,9.92,0.5012,-12.53,0.21
4707,5.48,1.7697,-44.24,0.26
4708,5.68,1.7714,-44.29,0.22
4709,8.72,0.026,-0.65,0.2
4710,5.48,0.0238,-0.59,0.23
4711,5.6,0.0173,-0.43,0.28
4712,5.6,0.1242,-3.1,0.25
4713,8.64,32236.7504,-250.76,0.22
4714,5.48,0.013,-0.32,0.23
4715,9.28,120043.0769,-314.0,0.22
4716,5.8,11.8616,-296.54,0.25
4717,5.52,0.0221,-0.55,0.26
4718,5.84,23787.927,-250.39,0.23
4719,6.76,272.2305,-2000.65,0.23
4720,5.68,0.0233,-0.58,0.27
4721,7.52,0.1254,-3.13,0.25
4722,7.68,0.0144,-0.36,0.29
4723,7.68,0.0125,-0.31,0.3
4724,6.36,1633036.0432,-1890.75,0.23
4725,9.28,161183.7863,-1254.66,0.28
4726,6.44,120013.6503,-250.38,0.33
4727,7.76,0.2932,-7.33,0.24
4728,5.48,0.0131,-0.33,0.31
4729,7.68,0.0133,-0.33,0.28
4730,7.68,0.0132,-0.33,0.24
4731,7.16,145.7579,-507.86,0.26
4732,7.72,0.0224,-0.56,0.29
4733,7.6,0.0705,-1.76,0.25
4734,7.88,0.0121,-0.3,0.3
4735,6.8,369351.5654,-2000.67,0.26
4736,6.56,547454.0219,-801.67,0.29
4737,7.6,0.0139,-0.35,0.25
4738,5.56,0.0234,-0.59,0.28
4739,5.84,0.0145,-0.36,0.3
4740,6.08,33879.285,-252.85,0.27
4741,7.8,38.2286,-250.34,0.26
4742,6.6,1257536.7663,-1382.78,0.27
4743,6.6,407094.0557,-553.34,0.25
4744,6.56,459146.441,-558.69,0.25
4745,5.64,0.1137,-2.84,0.23
4746,7.72,0.0175,-0.44,0.21
4747,6.0,119904.3635,-338.45,0.22
4748,5.68,0.0191,-0.48,0.22
4749,7.84,0.0139,-0.35,0.21
4750,6.48,818853.6339,-926.62,0.21
4751,5.76,1.7756,-44.39,0.22
4752,6.6,2035469.4171,-1745.23,0.22
4753,6.52,407095.4736,-588.79,0.24
4754,7.68,0.0097,-0.24,0.22
4755,9.8,240093.6298,-814.91,0.21
4756,5.64,0.0155,-0.39,0.24
4757,6.36,1633032.1975,-1794.61,0.23
4758,7.68,0.0128,-0.32,0.23
4759,7.68,0.0152,-0.38,0.23
4760,7.72,0.0737,-1.84,0.26
4761,5.56,1.7726,-44.31,0.25
4762,5.6,0.1135,-2.84,0.25
4763,5.76,0.0178,-0.45,0.24
4764,6.08,615300.9204,-1007.78,0.24
4765,8.12,56498.88,-858.72,0.21
4766,5.52,1.7688,-44.22,0.22
4767,5.4,3.5315,-88.29,0.24
4768,5.68,0.0149,-0.37,0.22
4769,5.48,0.0208,-0.52,0.26
4770,6.12,1214810.1725,-1385.93,0.21
4771,7.52,0.0728,-1.82,0.22
4772,7.36,0.0722,-1.8,0.22
4773,5.48,0.0214,-0.54,0.22
4774,9.0,3.398,-334.93,0.2
4775,5.52,1282653.4116,-1750.52,0.25
4776,5.48,0.0159,-0.4,0.25
4777,9.32,0.3438,-8.6,0.23
4778,7.76,1079676.6168,-1264.98,0.8
4779,8.48,0.0271,-0.68,0.22
4780,9.36,120045.5192,-375.06,0.21
4781,7.72,0.0143,-0.36,0.23
4782,5.64,0.0185,-0.46,0.31
4783,5.6,1.7719,-44.3,0.27
4784,6.48,1872839.4146,-2433.76,0.27
4785,6.6,135.0189,-1251.06,0.25
4786,7.56,0.0157,-0.39,0.24
4787,5.56,0.017,-0.42,0.23
4788,7.72,0.015,-0.37,0.21
4789,5.6,0.1125,-2.81,0.22
4790,9.56,240083.589,-563.89,0.19
4791,5.64,0.0293,-0.73,0.22
4792,5.64,0.0271,-0.68,0.24
4793,9.72,120045.4624,-373.64,0.2
4794,5.48,1.7714,-44.29,0.26
4795,9.72,0.505,-12.63,0.22
4796,10.44,0.627,-265.67,0.2
4797,5.64,0.0134,-0.34,0.22
4798,8.88,32236.7543,-250.86,0.24
4799,9.52,120040.6516,-253.37,0.23
4800,5.48,0.062,-1.55,0.25
4801,5.64,0.0164,-0.41,0.25
4802,7.56,0.0116,-0.29,0.23
4803,8.08,203.15,-1000.52,0.25
4804,5.72,1.8706,-46.76,0.26
4805,9.56,120043.03,-312.83,0.23
4806,7.68,0.0106,-0.27,0.23
4807,10.88,0.3296,-8.24,0.2
4808,7.84,0.0113,-0.28,0.2
4809,5.48,0.0146,-0.36,0.24
4810,5.6,0.0238,-0.59,0.23
4811,6.64,2123772.9129,-1886.08,0.23
4812,5.68,0.0155,-0.39,0.24
4813,6.36,1424823.5117,-1294.64,0.21
4814,7.72,0.0204,-0.51,0.22
4815,8.28,0.1705,-4.26,0.2
4816,7.6,0.0129,-0.32,0.2
4817,5.48,0.0187,-0.47,0.22
4818,5.76,0.0166,-0.41,0.24
4819,5.6,1.7718,-44.3,0.25
4820,7.6,0.0104,-0.26,0.22
4821,5.48,0.0167,-0.42,0.22
4822,7.56,8.7988,-219.97,0.21
4823,5.48,0.035,-0.88,0.22
4824,5.6,0.0167,-0.42,0.22
4825,5.48,0.0136,-0.34,0.23
4826,9.64,120045.4691,-373.81,0.22
4827,5.48,0.0158,-0.39,0.25
4828,5.68,1.7738,-44.34,0.24
4829,10.04,240088.4574,-685.6,0.2
4830,7.24,174281.5066,-1268.19,0.21
4831,5.6,0.0141,-0.35,0.23
4832,7.68,0.0132,-0.33,0.23
4833,7.08,9692.0835,-1793.46,0.24
4834,8.04,76.4419,-500.29,0.23
4835,6.64,798396.3272,-974.14,0.21
4836,8.0,0.0156,-0.39,0.25
4837,7.64,0.0132,-0.33,0.21
4838,6.44,1257539.0788,-1440.6,0.21
4839,5.84,0.0187,-0.47,0.25
4840,7.96,0.0136,-250.32,0.26
4841,9.64,359167.2259,-873.27,0.21
4842,7.76,0.0122,-0.31,0.22
4843,5.92,0.0144,-0.36,0.25
4844,7.68,0.2964,-7.41,0.24
4845,6.08,0.0139,-0.35,0.25
4846,6.28,19.7149,-250.4,0.22
4847,6.84,4883.3839,-1517.85,0.23
4848,5.88,8.7986,-219.97,0.22
4849,7.56,0.0696,-1.74,0.23
4850,7.72,0.0155,-0.39,0.24
4851,5.72,8.8156,-220.39,0.25
4852,10.8,0.0273,-0.68,0.21
4853,5.64,15.9588,-250.47,0.25
4854,7.68,0.014,-0.35,0.22
4855,5.84,1.785,-44.62,0.24
4856,5.64,8.8981,-222.45,0.23
4857,7.8,0.012,-0.3,0.21
4858,7.68,0.0136,-0.34,0.2
4859,9.8,0.0215,-0.54,0.2
4860,9.32,0.0228,-0.57,0.2
4861,6.6,2035463.1671,-1588.98,0.24
4862,8.64,32236.7954,-251.89,0.21
4863,5.48,0.0176,-0.44,0.22
4864,7.72,0.0131,-0.33,0.2
4865,5.68,0.1216,-3.04,0.23
4866,5.68,0.1129,-2.82,0.23
4867,5.8,3.5314,-88.28,0.23
4868,5.6,1.7722,-44.31,0.23
4869,5.64,8.8027,-220.07,0.23
4870,5.56,0.0147,-0.37,0.25
4871,5.68,0.0162,-0.41,0.22
4872,6.28,1246397.7116,-1250.32,0.24
4873,7.4,0.0712,-1.78,0.23
4874,5.76,0.564,-14.1,0.24
4875,6.08,1694410.6664,-1815.75,0.21
4876,7.64,360009.9025,-774.16,0.2
4877,7.6,0.0126,-0.31,0.2
4878,5.48,1.7713,-44.28,0.23
4879,5.48,1.7697,-44.24,0.23
4880,5.68,0.0153,-0.38,0.26
4881,9.56,120048.0026,-437.15,0.21
4882,5.68,0.0137,-0.34,0.25
4883,5.36,0.0184,-0.46,0.27
4884,6.28,1544725.7299,-1579.46,0.22
4885,5.6,0.1167,-2.92,0.22
4886,7.8,0.0433,-251.08,0.32
4887,8.96,32236.7414,-250.53,0.22
4888,5.56,0.0147,-0.37,0.35
4889,5.4,1.7728,-44.32,0.33
4890,5.64,0.017,-0.43,0.23
4891,7.68,0.0142,-0.36,0.21
4892,7.84,0.0117,-0.29,0.2
4893,7.64,0.0712,-1.78,0.2
4894,7.56,0.0159,-0.4,0.24
4895,6.4,547457.538,-889.57,0.23
4896,8.56,0.5201,-13.0,0.21
4897,7.68,0.015,-0.38,0.22
4898,7.32,10.0008,-250.02,0.24
4899,7.56,0.0144,-250.34,0.26
4900,7.68,0.0147,-0.37,0.26
4901,7.56,0.0129,-0.32,0.23
4902,5.76,8308.5047,-250.41,0.28
4903,5.68,0.0159,-0.4,0.24
4904,10.36,0.3348,-8.37,0.2
4905,6.48,459201.6652,-1002.76,0.2
4906,5.32,5.2837,-132.09,0.81
4907,5.76,0.0185,-0.46,0.26
4908,7.68,0.0124,-0.31,0.23
4909,7.48,0.0155,-0.39,0.2
4910,8.12,359989.7197,-500.75,0.21
4911,5.64,0.1404,-3.51,0.23
4912,5.64,17.5881,-439.7,0.24
4913,8.08,359844.881,-264.54,0.25
4914,5.56,0.0209,-0.52,0.27
4915,5.84,1350502.051,-1750.2,0.21
4916,5.24,12.4926,-312.32,0.24
4917,8.76,0.0772,-1.93,0.22
4918,6.16,1517796.1493,-1345.9,0.23
4919,5.36,135699.1747,-546.67,0.23
4920,7.68,0.0135,-0.34,0.22
4921,5.68,0.0177,-0.44,0.26
4922,6.08,1225940.2737,-1294.56,0.21
4923,5.48,0.0215,-0.54,0.24
4924,7.72,0.0115,-0.29,0.23
4925,9.96,4.988,-124.7,0.22
4926,7.76,0.0156,-0.39,0.21
4927,5.6,1.7717,-44.29,0.28
4928,6.72,176.3144,-1251.39,0.21
4929,5.56,0.0159,-0.4,0.22
4930,7.6,0.0125,-0.31,0.2
4931,5.48,0.0134,-0.34,0.25
4932,5.6,0.0125,-0.31,0.26
4933,5.48,0.0176,-0.44,0.24
4934,7.76,0.0155,-0.39,0.99
4935,7.6,0.0134,-0.34,0.23
4936,6.2,766799.2026,-870.12,0.27
4937,5.48,0.0174,-0.44,0.27
4938,8.92,32236.7378,-250.45,0.22
4939,9.8,5.0103,-125.26,0.21
4940,5.52,0.0164,-0.41,0.25
4941,5.48,0.0176,-0.44,0.24
4942,5.6,19.7197,-250.52,0.25
4943,6.12,766893.4891,-1585.37,0.21
4944,8.72,32236.7968,-251.92,0.2
4945,5.6,0.1143,-2.86,0.29
4946,7.68,0.0121,-0.3,0.24
4947,7.68,0.0142,-0.35,0.24
4948,7.6,0.0134,-0.33,0.23
4949,10.0,7.4026,-185.06,0.25
4950,7.6,0.0158,-0.39,0.26
4951,5.68,0.1117,-2.79,0.26
4952,7.68,0.0129,-0.32,0.24
4953,6.48,2275263.0492,-2044.76,0.22
4954,7.56,0.0126,-0.32,0.24
4955,5.6,0.1118,-2.8,0.24
4956,7.64,0.0118,-0.29,0.24
4957,7.68,0.0113,-0.28,0.26
4958,5.64,0.0303,-0.76,0.25
4959,9.12,32236.74,-250.5,0.26
4960,5.76,19.7152,-250.41,0.25
4961,8.6,21.8699,-546.75,0.24
4962,6.28,547457.547,-889.79,0.24
4963,7.72,0.0132,-0.33,0.25
4964,5.84,1.7723,-44.31,0.26
4965,6.96,99.887,-751.46,0.24
4966,10.48,0.3211,-8.03,0.24
4967,10.24,0.1558,-3.9,0.23
4968,7.4,4847.6012,-1001.98,0.22
4969,5.72,8.7958,-219.89,0.26
4970,5.64,0.0143,-0.36,0.23
4971,8.08,38.2274,-250.31,0.23
4972,7.68,0.0124,-0.31,0.23
4973,7.76,0.0144,-0.36,0.23
4974,7.56,0.0141,-0.35,0.23
4975,5.72,0.0189,-0.47,0.25
4976,5.92,3.5296,-88.24,0.26
4977,6.24,0.1136,-2.84,0.24
4978,6.28,0.0172,-0.43,0.26
4979,6.16,17.7108,-294.27,0.28
4980,10.48,0.642,-16.05,0.24
4981,6.56,459145.8918,-544.96,0.24
4982,5.88,0.0744,-1.86,0.25
4983,7.56,0.0125,-0.31,0.28
4984,5.68,0.0158,-0.4,0.26
4985,5.64,8.7969,-219.92,0.28
4986,7.68,0.0122,-0.31,0.27
4987,5.48,0.0133,-0.33,0.37
4988,8.72,32237.1403,-260.51,0.25
4989,10.08,0.64,-16.0,0.21
4990,6.92,177.1265,-1501.3,0.22
4991,7.68,0.0138,-0.35,0.23
4992,9.28,2.4847,-62.12,0.32
4993,8.08,8.5262,-213.16,0.4
4994,5.68,0.0143,-0.36,0.36
4995,6.08,1225942.8791,-1359.7,0.28
4996,7.84,0.0141,-0.35,0.29
4997,5.96,1314362.9775,-1595.37,0.2
4998,7.88,5.5371,-138.43,0.27
4999,6.04,1214807.9169,-1329.54,0.2
5000,6.32,1976942.565,-1903.96,0.22
5001,7.64,0.0133,-0.33,0.24
5002,7.6,0.015,-0.37,0.35
5003,6.52,2123772.648,-1879.46,0.23
5004,5.68,0.0165,-0.41,0.29
5005,5.56,1.771,-44.28,0.6
5006,8.84,32236.7522,-250.8,0.44
5007,6.12,547457.3068,-883.79,0.48
5008,5.48,0.0159,-0.4,0.62
5009,5.4,0.0137,-0.34,0.4
5010,5.56,0.0177,-0.44,0.29
5011,7.68,0.0146,-0.37,0.25
5012,7.56,0.013,-0.32,0.4
5013,5.6,0.0213,-0.53,0.29
5014,7.68,0.0145,-0.36,0.31
5015,5.76,0.0159,-0.4,0.29
5016,9.52,120043.0572,-313.51,0.28
5017,7.64,0.0165,-0.41,0.88
5018,5.48,0.0161,-0.4,0.22
5019,7.76,0.0122,-0.31,0.22
5020,10.16,0.0187,-0.47,0.28
5021,6.72,57.8019,-501.78,0.23
5022,7.56,0.0139,-0.35,0.42
5023,7.48,0.0706,-1.76,0.29
5024,6.4,1356979.2161,-1153.6,0.24
5025,7.8,0.0189,-0.47,0.2
5026,7.68,0.0152,-0.38,0.21
5027,6.68,1017772.6904,-1353.11,0.19
5028,6.04,0.0154,-0.38,0.24
5029,9.84,7.3778,-184.45,0.2
5030,5.96,0.0154,-0.39,0.21
5031,6.88,459206.4811,-1346.03,0.19
5032,7.8,0.3036,-7.59,0.22
5033,8.64,7.2472,-181.18,0.22
5034,6.0,0.0179,-0.45,0.23
5035,7.72,0.0168,-0.42,0.21
5036,5.68,0.0139,-0.35,0.23
5037,6.52,798391.4807,-852.98,0.22
5038,7.48,0.014,-0.35,0.21
5039,5.48,0.0187,-0.47,0.23
5040,5.48,0.1166,-2.92,0.24
5041,9.4,119088.6386,-434.43,0.19
5042,5.64,394.4936,-250.45,0.24
5043,5.68,0.1093,-2.73,0.21
5044,5.52,1.7696,-44.24,0.25
5045,5.64,0.0202,-0.51,0.25
5046,7.68,0.0134,-0.33,0.19
5047,5.48,1.7708,-44.27,0.22
5048,5.6,1.7734,-44.33,0.23
5049,7.64,0.0117,-0.29,0.26
5050,5.56,1.7699,-44.25,0.26
5051,5.68,0.011,-0.28,0.2
5052,7.52,0.0126,-0.32,0.21
5053,8.48,0.024,-0.6,0.24
5054,6.08,1330044.9638,-1803.21,0.23
5055,5.84,0.0151,-0.38,0.25
5056,6.28,407096.6,-616.95,0.23
5057,5.48,0.0135,-0.34,0.23
5058,7.6,0.015,-0.37,0.19
5059,6.36,407097.3917,-636.74,0.23
5060,7.64,0.0789,-1.97,0.19
5061,5.8,0.1118,-2.8,0.29
5062,9.52,2.507,-62.68,0.2
5063,6.32,2076381.8406,-1595.43,0.22
5064,8.6,32236.843,-253.07,0.28
5065,6.6,183.2289,-1750.93,0.21
5066,6.16,1893294.8172,-1838.65,0.25
5067,8.0,0.3994,-9.99,0.22
5068,5.48,0.0146,-0.36,0.28
5069,7.92,0.0158,-0.39,0.3
5070,9.56,120043.0364,-312.99,0.21
5071,5.48,0.0125,-0.31,0.29
5072,6.56,194.4314,-2259.04,0.26
5073,6.56,918291.3042,-1077.93,0.27
5074,8.16,0.038,-0.95,0.27
5075,6.76,798393.2239,-896.56,0.26
5076,7.68,0.0156,-0.39,0.22
5077,7.68,0.0105,-0.26,0.2
5078,5.76,0.0163,-0.41,0.21
5079,5.88,379.8214,-250.37,0.23
5080,6.4,0.0157,-0.39,0.3
5081,5.92,0.0172,-0.43,0.23
5082,7.56,0.0139,-0.35,0.22
5083,7.96,76.442,-500.3,0.2
5084,7.68,0.0149,-0.37,0.21
5085,5.56,0.016,-0.4,0.23
5086,7.68,0.0139,-0.35,0.19
5087,6.88,0.0792,-1.98,0.24
5088,7.72,0.0244,-0.61,0.2
5089,5.56,0.0142,-0.36,0.24
5090,7.36,0.0162,-250.33,0.25
5091,5.56,0.0195,-0.49,0.26
5092,5.64,0.02,-0.5,0.28
5093,5.6,0.1166,-2.92,0.26
5094,7.72,0.0105,-0.26,0.27
5095,9.44,7.4049,-185.12,0.26
5096,5.44,0.018,-0.45,0.29
5097,7.56,0.0142,-0.36,0.28
5098,6.48,1538253.5761,-1301.38,0.25
5099,7.72,0.0154,-0.39,0.25
5100,5.68,10.5566,-263.91,0.26
5101,8.8,64473.5091,-501.73,0.27
5102,7.36,61.6271,-500.34,0.27
5103,5.64,0.017,-0.42,0.34
5104,5.64,0.0216,-0.54,0.27
5105,6.52,1137638.3201,-1192.26,0.22
5106,7.68,0.014,-0.35,0.21
5107,7.64,38.2276,-250.31,0.22
5108,7.76,0.0121,-0.3,0.28
5109,8.48,32236.7424,-250.56,0.22
5110,5.68,1.7711,-44.28,0.25
5111,6.28,239803.9876,-558.42,0.3
5112,5.64,1.7938,-44.84,0.27
5113,8.68,7.6213,-190.53,0.23
5114,6.36,1816118.95,-1544.61,0.32
5115,9.04,32236.7386,-250.47,0.27
5116,8.28,0.2326,-5.82,0.27
5117,5.64,0.017,-0.43,0.27
5118,5.8,0.0194,-0.48,0.23
5119,7.56,0.0136,-0.34,0.21
5120,5.92,0.0185,-0.46,0.22
5121,5.88,0.0164,-0.41,0.24
5122,6.44,28.4959,-469.93,0.23
5123,6.12,0.0699,-1.75,0.24
5124,8.8,64473.4596,-500.49,0.23
5125,7.8,0.014,-0.35,0.26
5126,7.72,0.0149,-0.37,0.24
5127,6.56,918291.7362,-1088.73,0.21
5128,7.88,420.9627,-500.31,0.23
5129,8.36,0.0111,-0.28,0.22
5130,7.68,0.0153,-0.38,0.2
5131,7.72,0.0395,-0.99,0.22
5132,7.64,0.0153,-0.38,0.26
5133,5.84,0.0146,-0.37,0.21
5134,5.88,0.0142,-0.35,0.23
5135,5.64,0.017,-0.43,0.24
5136,5.72,0.0139,-0.35,0.23
5137,7.72,0.0135,-0.34,0.2
5138,6.4,866241.6286,-1140.33,0.2
5139,6.44,766803.6429,-981.13,0.24
5140,8.36,7.4666,-186.67,0.88
5141,5.84,0.019,-0.47,0.2
5142,6.08,0.0158,-0.4,0.24
5143,9.4,240085.9471,-622.84,0.21
5144,6.32,33879.186,-250.38,0.24
5145,8.04,76.4409,-500.27,0.21
5146,6.4,1497338.7063,-1390.03,0.26
5147,6.04,388.6067,-470.0,0.29
5148,5.68,0.018,-0.45,0.25
5149,7.72,0.0689,-1.72,0.28
5150,5.64,16.129,-254.72,0.26
5151,9.48,120055.2593,-618.56,0.24
5152,7.56,0.013,-0.32,0.24
5153,6.08,0.0169,-0.42,0.3
5154,7.72,0.01,-0.25,0.24
5155,9.08,32236.7417,-250.54,0.26
5156,10.68,0.309,-7.73,0.21
5157,5.8,1.7693,-44.23,0.26
5158,5.84,0.0163,-0.41,0.21
5159,7.72,0.014,-0.35,0.23
5160,6.32,678488.5954,-551.49,0.2
5161,7.76,0.0143,-0.36,0.21
5162,7.04,38.2869,-251.8,0.18
5163,6.52,1356980.4249,-1183.82,0.19
5164,7.72,0.0138,-0.34,0.18
5165,9.48,360126.6518,-877.54,0.19
5166,5.64,0.0907,-2.27,0.21
5167,5.68,0.0209,-0.52,0.22
5168,6.72,174.0604,-1751.32,0.22
5169,9.4,240083.6699,-565.91,0.19
5170,7.56,0.0705,-1.76,0.18
5171,5.84,631098.864,-1294.31,0.21
5172,5.76,0.0165,-0.41,0.32
5173,7.52,0.0697,-1.74,0.25
5174,8.68,32236.841,-253.02,0.18
5175,9.28,3066.3847,-374.23,0.31
5176,8.08,56901.717,-1006.55,0.18
5177,5.64,0.0172,-0.43,0.22
5178,7.72,0.206,-5.15,0.19
5179,5.56,0.0161,-0.4,0.3
5180,6.96,99.899,-751.76,0.22
5181,7.6,0.0127,-0.32,0.25
5182,7.72,0.0145,-0.36,0.18
5183,7.12,0.1202,-3.0,0.27
5184,6.28,1633032.1977,-1794.61,0.25
5185,7.72,0.0112,-0.28,0.23
5186,5.52,0.0153,-0.38,0.25
5187,6.0,1106037.6772,-1000.29,0.27
5188,8.76,2.5166,-62.92,0.21
5189,5.6,0.017,-0.43,0.3
5190,8.8,0.0652,-1.63,0.27
5191,7.68,291.5794,-519.98,0.27
5192,5.4,0.0131,-0.33,0.24
5193,5.52,1.7744,-44.36,0.35
5194,6.96,288.7844,-2250.62,0.28
5195,5.36,0.111,-2.77,0.31
5196,7.12,0.2945,-7.36,0.22
5197,7.0,0.0726,-1.81,0.18
5198,5.72,1.78,-44.5,0.3
5199,5.44,1.7731,-44.33,0.23
5200,5.72,1194347.3659,-1295.96,0.22
5201,8.6,32236.7442,-250.61,0.27
5202,6.84,1006.4797,-258.8,0.18
5203,5.24,1.8711,-46.78,0.29
5204,5.48,0.0167,-0.42,0.27
5205,5.48,0.0211,-0.53,0.22
5206,5.68,0.0171,-0.43,0.28
5207,5.84,922953.8448,-1323.28,0.21
5208,5.4,0.0168,-0.42,0.29
5209,9.32,0.0712,-251.55,0.21
5210,5.8,0.0189,-0.47,0.26
5211,6.96,0.7782,-19.46,0.21
5212,9.0,32236.7456,-250.64,0.27
5213,5.72,0.0989,-2.47,0.21
5214,6.28,1038195.1742,-904.06,0.46
5215,5.48,0.0172,-0.43,0.24
5216,6.2,2404491.1474,-2340.28,0.25
5217,9.6,0.1812,-4.53,0.17
5218,8.56,32236.7345,-250.36,0.16
5219,6.52,339248.8712,-390.08,0.31
5220,5.72,0.0199,-0.5,0.2
5221,7.2,4963.0208,-2000.94,0.26
5222,5.8,0.0324,-0.81,0.22
5223,6.48,1497341.9512,-1471.15,0.24
5224,6.44,1017731.5908,-794.67,0.33
5225,6.04,0.056,-251.07,0.31
5226,8.6,165.1013,-511.62,0.34
5227,6.32,1.7762,-44.4,0.23
5228,9.52,240088.5026,-686.73,0.2
5229,6.4,21.569,-296.76,0.28
5230,8.28,38.227,-250.3,0.24
5231,6.56,0.0167,-0.42,0.31
5232,6.52,3.0717,-76.79,0.27
5233,7.92,38.2298,-250.37,0.26
5234,8.52,26.8672,-440.52,0.23
5235,7.72,0.0137,-0.34,0.25
5236,6.24,0.0149,-0.37,0.24
5237,6.0,0.0149,-0.37,0.2
5238,5.72,8.8219,-220.55,0.23
5239,7.72,0.0162,-0.41,0.25
5240,5.68,0.0165,-0.41,0.24
5241,9.04,120043.0241,-312.68,0.23
5242,7.68,0.0128,-0.32,0.28
5243,5.48,0.1184,-2.96,0.2
5244,5.76,0.0185,-0.46,0.24
5245,7.72,0.014,-0.35,0.21
5246,8.08,56472.8723,-439.69,0.24
5247,10.32,0.1866,-4.67,0.2
5248,5.56,0.1146,-2.86,0.23
5249,9.16,2.5084,-62.71,0.24
5250,7.68,0.0133,-0.33,0.21
5251,10.28,620.1521,-262.54,0.25
5252,10.12,0.1693,-4.23,0.17
5253,8.44,0.0411,-1.03,0.26
5254,8.96,0.0289,-0.72,0.18
5255,7.52,0.0702,-1.75,0.31
5256,10.4,0.0287,-250.69,0.21
5257,5.84,0.0212,-0.53,0.28
5258,7.72,0.0217,-0.54,0.2
5259,6.24,746336.9947,-795.12,0.19
5260,9.92,0.6635,-16.59,0.26
5261,5.6,0.0162,-0.41,0.21
5262,5.68,0.0218,-0.54,0.26
5263,5.68,0.0155,-0.39,0.81
5264,9.32,0.0596,-1.49,0.22
5265,5.48,0.0201,-0.5,0.25
5266,5.84,1809646.1492,-2250.31,0.21
5267,6.52,407102.8091,-772.18,0.26
5268,5.48,1.7702,-44.25,0.29
5269,9.12,0.4161,-10.4,0.22
5270,6.96,272.2684,-2001.6,0.34
5271,5.84,0.0187,-0.47,0.24
5272,7.68,0.1271,-3.18,0.32
5273,8.72,0.0238,-0.6,0.23
5274,8.68,32236.7433,-250.58,0.16
5275,5.48,0.0184,-0.46,0.24
5276,7.64,0.2662,-6.65,0.3
5277,7.6,0.013,-0.33,0.27
5278,6.0,1.7711,-44.28,0.38
5279,7.68,0.0138,-0.35,0.27
5280,6.44,8.8117,-220.29,0.21
5281,7.68,0.013,-0.33,0.19
5282,6.28,0.0159,-0.4,0.22
5283,6.4,0.0131,-0.33,0.25
5284,6.48,114730.4921,-294.23,0.21
5285,6.36,0.1123,-2.81,0.27
5286,6.48,3.0691,-76.73,0.3
5287,6.96,678493.0168,-662.02,0.23
5288,10.16,119088.6565,-434.87,0.23
5289,6.96,0.0154,-0.39,0.24
5290,6.52,0.0278,-0.69,0.25
5291,7.76,0.0132,-0.33,0.19
5292,6.4,1.8312,-45.78,0.24
5293,6.44,0.0151,-0.38,0.33
5294,7.68,0.0156,-0.39,0.29
5295,7.04,4824.7799,-1009.47,0.39
5296,6.16,0.0269,-0.67,0.23
5297,5.88,8.7988,-219.97,0.25
5298,8.08,145.4122,-250.55,0.21
5299,7.72,0.015,-0.37,0.2
5300,6.32,0.1127,-2.82,0.26
5301,7.88,38.2292,-250.35,0.22
5302,10.04,120048.2248,-442.7,0.2
5303,7.68,0.0126,-0.31,0.2
5304,7.68,0.014,-0.35,0.23
5305,9.8,1.1019,-27.55,0.21
5306,7.56,0.0147,-0.37,0.26
5307,6.16,0.0143,-0.36,0.22
5308,6.2,1.7743,-44.36,0.26
5309,7.56,0.013,-0.32,0.21
5310,6.36,15.9548,-250.37,0.25
5311,6.64,2155362.4888,-1801.38,0.2
5312,8.32,0.704,-17.6,0.33
5313,8.36,0.1112,-2.78,0.23
5314,7.04,678486.8818,-508.64,0.27
5315,6.4,8330.0547,-546.7,0.22
5316,6.64,15.9529,-250.32,0.29
5317,7.52,4804.6374,-500.73,0.23
5318,6.52,8.798,-219.95,0.24
5319,6.36,0.0145,-0.36,0.26
5320,10.44,0.9427,-23.57,0.2
5321,8.28,38.5077,-257.32,0.26
5322,6.44,0.0704,-1.76,0.24
5323,6.44,0.0141,-0.35,0.28
5324,7.8,0.0131,-0.33,0.33
5325,6.36,15.9571,-250.43,0.37
5326,9.44,240083.5267,-562.33,0.2
5327,8.16,0.2915,-7.29,0.23
5328,8.0,0.0188,-0.47,0.29
5329,7.8,0.0208,-0.52,0.25
5330,6.12,1.7804,-44.51,0.26
5331,6.32,1.7718,-44.29,0.23
5332,6.52,3.0704,-76.76,0.24
5333,6.52,15.9543,-250.35,0.24
5334,7.96,0.0128,-0.32,0.28
5335,6.64,379.8214,-250.36,0.28
5336,6.36,0.0151,-0.38,0.3
5337,7.8,0.0132,-0.33,0.31
5338,8.76,7.5799,-189.5,0.23
5339,10.12,0.0132,-0.33,0.32
5340,6.6,579051.4645,-913.64,0.25
5341,6.4,0.1132,-2.83,0.23
5342,6.84,0.0145,-0.36,0.32
5343,6.64,0.0151,-0.38,0.37
5344,8.0,0.2933,-7.33,0.24
5345,6.32,0.0153,-0.38,0.24
5346,7.76,0.015,-0.38,0.26
5347,6.4,0.014,-0.35,0.28
5348,6.44,3.0717,-76.79,0.25
5349,7.68,0.0118,-0.29,0.27
5350,7.72,0.0205,-0.51,0.29
5351,6.72,339250.6233,-433.88,0.23
5352,7.8,0.0127,-0.32,0.23
5353,7.8,0.297,-7.42,0.21
5354,7.68,0.0146,-0.37,0.21
5355,6.36,1836580.7867,-1610.34,0.21
5356,8.92,0.0831,-2.08,0.2
5357,9.32,0.037,-0.93,0.21
5358,7.56,0.0136,-0.34,0.24
5359,9.56,120043.0462,-313.24,0.22
5360,7.76,0.0676,-1.69,0.21
5361,5.88,0.0124,-0.31,0.23
5362,6.16,0.0155,-0.39,0.24
5363,6.12,0.014,-0.35,0.23
5364,6.0,0.1126,-2.82,0.25
5365,7.72,0.015,-0.37,0.24
5366,6.28,19.7312,-250.81,0.24
5367,6.0,0.015,-0.38,0.26
5368,6.28,0.0152,-0.38,0.25
5369,6.52,0.0184,-0.46,0.23
5370,9.2,5.0133,-125.33,0.19
5371,6.48,0.1128,-2.82,0.23
5372,6.72,1017733.6418,-845.94,0.21
5373,6.52,0.0727,-1.82,0.22
5374,7.76,0.014,-0.35,0.21
5375,6.44,0.0126,-0.32,0.24
5376,7.76,38.2296,-250.36,0.21
5377,6.44,114728.7358,-250.32,0.22
5378,6.76,1137639.0346,-1210.13,0.2
5379,6.48,459146.4322,-558.47,0.23
5380,8.84,7.1835,-179.59,0.33
5381,6.6,678499.0926,-813.91,0.23
5382,6.6,698954.7126,-1224.21,0.79
5383,8.52,2.5139,-62.85,0.29
5384,6.76,0.0154,-0.39,0.3
5385,7.68,0.013,-0.32,0.24
5386,8.36,310.1269,-752.51,0.2
5387,6.44,15.9539,-250.34,0.26
5388,9.96,120055.4987,-624.55,0.18
5389,9.0,64473.4676,-500.69,0.19
5390,9.52,0.667,-16.68,0.2
5391,7.72,0.016,-0.4,0.2
5392,6.6,0.0138,-0.35,0.23
5393,6.56,0.1129,-2.82,0.21
5394,6.44,0.0954,-2.38,0.21
5395,6.72,0.014,-0.35,0.21
5396,8.2,0.2931,-7.33,0.22
5397,7.44,9648.5985,-1508.79,0.24
5398,7.88,38.5082,-257.33,0.24
5399,7.04,1174302.3635,-1096.93,0.23
5400,6.48,1038363.5356,-808.61,0.25
5401,6.36,114728.7368,-250.35,0.22
5402,7.68,0.0136,-0.34,0.21
5403,7.72,0.0158,-0.4,0.22
5404,8.68,360166.6192,-250.74,0.19
5405,7.48,9613.9531,-1250.96,0.21
5406,7.68,0.0131,-0.33,0.23
5407,6.28,0.0202,-0.51,0.25
5408,6.24,379.8209,-250.35,0.23
5409,9.28,0.0481,-1.2,0.21
5410,5.72,0.0206,-0.51,0.21
5411,7.28,0.1841,-4.6,0.23
5412,6.36,1565187.348,-1639.72,0.21
5413,8.72,0.048,-1.2,0.19
5414,5.64,0.0509,-1.27,0.22
5415,6.2,1762261.9984,-2132.7,0.21
5416,5.52,0.1118,-2.79,0.21
5417,6.68,249.6732,-2001.28,0.2
5418,9.72,0.715,-4267.64,0.19
5419,6.92,0.2412,-6.03,0.2
5420,7.44,436.1904,-750.51,0.18
5421,7.68,0.0192,-0.48,0.18
5422,7.0,0.295,-7.37,0.2
5423,7.04,0.35,-8.75,0.25
5424,7.76,0.5588,-13.97,0.2
5425,7.76,38.878,-509.63,0.19
5426,8.32,0.0162,-0.41,0.19
5427,7.12,0.2406,-6.01,0.22
5428,7.12,0.2402,-6.01,0.23
5429,5.48,0.0174,-0.43,0.22
5430,5.56,0.0191,-0.48,0.24
5431,9.84,0.0271,-3750.38,0.19
5432,6.68,359868.0715,-1930.51,0.22
5433,5.6,0.0145,-0.36,0.22
5434,5.4,0.1277,-3.19,0.26
5435,7.0,0.2403,-6.01,0.22
5436,7.16,0.0952,-2.38,0.21
5437,6.8,0.297,-7.43,0.21
5438,5.4,0.1129,-2.82,0.22
5439,5.68,0.0181,-0.45,0.24
5440,7.16,0.3512,-8.78,0.24
5441,5.64,8.8193,-220.48,0.22
5442,5.56,0.0169,-0.42,0.21
5443,6.32,751001.7322,-1595.38,0.21
5444,5.52,0.1717,-4.29,0.22
5445,5.64,0.0485,-1.21,0.23
5446,8.68,0.0698,-3001.13,0.2
5447,7.76,359844.5159,-255.41,0.19
5448,8.36,0.0752,-1001.59,0.19
5449,7.52,0.0138,-0.35,0.21
5450,6.12,0.0149,-0.37,0.25
5451,6.48,0.1118,-2.8,0.25
5452,9.44,240083.8802,-571.17,0.24
5453,8.68,354258.1284,-250.55,0.24
5454,5.76,0.0135,-0.34,0.27
5455,6.36,699411.9243,-551.67,0.25
5456,5.72,8.8115,-220.29,0.27
5457,7.24,0.1867,-4.67,0.24
5458,7.32,0.2373,-5.93,0.26
5459,5.76,1.8313,-45.78,0.26
5460,9.0,0.0413,-4750.67,0.2
5461,7.36,0.1256,-3.14,0.24
5462,9.84,0.1578,-2503.74,0.26
5463,7.6,0.0119,-0.3,0.24
5464,6.56,1085584.0474,-1139.73,0.22
5465,6.4,0.1125,-2.81,0.23
5466,6.56,339249.7088,-411.02,0.21
5467,7.72,0.0147,-0.37,0.21
5468,6.48,8.7999,-220.0,0.22
5469,6.88,1038368.6813,-937.25,0.23
5470,8.12,416169.1244,-680.03,0.2
5471,6.52,17.7749,-444.37,0.23
5472,9.6,2.4952,-62.38,0.18
5473,6.96,1137635.7226,-1127.33,0.23
5474,6.64,3.0702,-76.75,0.26
5475,7.68,0.013,-0.32,0.19
5476,7.72,0.1796,-4.49,0.23
5477,7.76,0.0142,-0.35,0.21
5478,7.8,0.0123,-0.31,0.21
5479,6.44,0.0145,-0.36,0.26
5480,6.92,1518140.6136,-1348.53,0.3
5481,6.52,19.7101,-250.28,0.29
5482,7.32,1190456.1577,-1209.8,0.26
5483,6.72,8.8948,-222.37,0.25
5484,6.44,42187.6715,-500.31,0.25
5485,6.56,0.115,-2.88,0.26
5486,6.48,15.9543,-250.35,0.25
5487,6.44,0.0144,-0.36,0.23
5488,6.48,1.7734,-44.34,0.24
5489,9.72,0.3143,-7.86,0.21
5490,7.24,954903.1714,-1662.42,0.23
5491,6.6,8.9076,-222.69,0.23
5492,8.96,32236.8013,-252.03,0.19
5493,7.92,0.013,-0.32,0.22
5494,9.16,0.0316,-0.79,0.2
5495,6.6,0.127,-3.18,0.27
5496,7.76,0.013,-0.33,0.21
5497,8.84,0.0204,-0.51,0.23
5498,6.48,0.012,-0.3,0.32
5499,7.68,0.0155,-0.39,0.21
5500,8.44,7.5618,-189.05,0.19
5501,8.76,32236.7456,-500.62,0.19
5502,6.64,1017732.2995,-812.39,0.2
5503,5.72,0.1143,-2.86,0.24
5504,6.68,1085584.0452,-1139.68,0.2
5505,7.04,0.2397,-5.99,0.2
5506,9.12,0.0211,-5750.05,0.21
5507,9.2,0.0189,-4500.15,0.2
5508,5.76,0.0154,-0.38,0.26
5509,9.84,0.0191,-3250.22,0.19
5510,7.28,0.1826,-4.56,0.19
5511,5.68,1.7682,-44.2,0.26
5512,6.0,0.1108,-2.77,0.24
5513,6.12,0.0218,-0.54,0.22
5514,8.52,0.0848,-2.12,0.18
5515,6.6,1257538.8184,-1434.09,0.2
5516,6.2,1.7708,-44.27,0.24
5517,7.36,0.0143,-0.36,0.21
5518,5.96,0.0138,-0.35,0.24
5519,5.88,0.0202,-0.51,0.24
5520,7.36,0.1275,-3.19,0.22
5521,9.2,0.0747,-1.87,0.22
5522,6.08,3.1685,-79.21,0.23
5523,6.52,2035461.68,-1551.8,0.28
5524,8.72,2.5056,-62.64,0.22
5525,8.44,0.0735,-1.84,0.2
5526,6.24,0.0186,-0.47,0.23
5527,5.92,1.7722,-44.3,0.23
5528,8.68,386494.9258,-502.48,0.19
5529,6.2,0.0139,-0.35,0.25
5530,7.64,0.0158,-0.4,0.2
5531,7.72,0.0152,-0.38,0.21
5532,10.04,0.1502,-3.76,0.2
5533,6.32,0.0155,-0.39,0.25
5534,6.2,8.8003,-220.01,0.24
5535,6.48,595087.2575,-896.72,0.21
5536,7.68,0.0128,-0.32,0.2
5537,7.68,0.0126,-0.32,0.21
5538,7.72,0.0208,-0.52,0.21
5539,6.64,115.2201,-1000.7,0.21
5540,7.72,0.0138,-0.35,0.26
5541,7.92,420.9632,-250.38,0.24
5542,7.76,0.349,-8.73,0.19
5543,10.24,3061.4492,-250.85,0.21
5544,8.2,0.3956,-9.89,0.2
5545,6.24,1.7753,-44.38,0.22
5546,7.64,0.2686,-251.72,0.22
5547,7.72,0.077,-1.93,0.22
5548,6.44,120393.4574,-500.39,0.24
5549,7.64,0.0208,-0.52,0.2
5550,6.64,1257536.7659,-1382.77,0.21
5551,8.16,0.3606,-9.01,0.19
5552,7.28,0.0686,-251.71,0.23
5553,7.08,140.7784,-1068.37,0.23
5554,6.4,0.0162,-0.4,0.22
5555,8.6,7.2014,-180.04,0.2
5556,6.36,0.0201,-0.5,0.25
5557,7.72,0.0106,-0.26,0.22
5558,9.0,120040.7971,-257.01,0.23
5559,7.44,955074.4112,-1138.94,0.25
5560,8.56,39.0644,-271.23,0.23
5561,7.92,0.2946,-7.36,0.22
5562,6.88,459147.953,-596.49,0.21
5563,8.68,0.2497,-6.24,0.2
5564,7.68,0.0133,-0.33,0.21
5565,7.76,0.0139,-0.35,0.2
5566,7.6,0.014,-0.35,0.23
5567,7.68,0.0137,-0.34,0.21
5568,7.76,0.0124,-0.31,0.25
5569,6.28,76066.8433,-750.33,0.24
5570,5.92,0.0129,-0.32,0.22
5571,7.72,0.0141,-0.35,0.27
5572,6.72,1017733.2394,-835.89,0.27
5573,5.88,8.8012,-220.03,0.27
5574,5.76,1.7722,-44.31,0.23
5575,5.56,1.7687,-44.22,0.24
5576,5.76,0.0186,-0.47,0.22
5577,7.64,0.0686,-1.71,0.21
5578,7.64,0.049,-1.23,0.2
5579,6.0,0.0146,-0.37,0.25
5580,6.08,19.713,-250.36,0.21
5581,6.64,918297.304,-1227.93,0.31
5582,9.04,0.0677,-1.69,0.18
5583,6.2,0.0796,-1.99,0.24
5584,9.32,32236.795,-251.87,0.2
5585,5.96,0.0157,-0.39,0.24
5586,6.72,1696217.4334,-1277.34,0.27
5587,5.64,0.0202,-0.51,0.21
5588,5.64,0.0165,-0.41,0.23
5589,7.52,0.1251,-3.13,0.21
5590,6.64,798392.9611,-889.99,0.25
5591,5.84,0.0175,-0.44,0.22
5592,7.64,0.014,-0.35,0.21
5593,5.76,0.0133,-0.33,0.21
5594,6.2,0.0176,-0.44,0.24
5595,9.12,0.0734,-1.83,0.2
5596,7.6,0.0114,-0.29,0.2
5597,7.64,0.0112,-0.28,0.2
5598,5.96,0.1169,-2.92,0.24
5599,5.56,0.1135,-2.84,0.21
5600,6.8,1596780.0995,-1634.41,0.25
5601,5.76,1.775,-44.38,0.24
5602,8.4,0.0344,-0.86,0.18
5603,8.04,727.1666,-1255.41,0.19
5604,5.56,21.4704,-294.29,0.22
5605,5.64,0.0526,-1.31,0.24
5606,5.8,0.0125,-0.31,0.22
5607,7.56,0.0133,-0.33,0.22
5608,5.56,119900.8404,-250.37,0.24
5609,5.64,0.0172,-0.43,0.24
5610,5.48,0.042,-1.05,0.23
5611,5.6,0.0173,-0.43,0.22
5612,5.64,0.1137,-2.84,0.22
5613,5.68,0.014,-0.35,0.21
5614,7.72,0.0191,-0.48,0.27
5615,5.84,0.1192,-2.98,0.32
5616,5.88,0.0934,-2.33,0.23
5617,6.08,0.0156,-0.39,0.26
5618,6.44,0.0166,-0.42,0.22
5619,7.04,678490.4904,-598.86,0.2
5620,7.68,0.0168,-0.42,0.21
5621,6.4,0.1169,-2.92,0.22
5622,9.48,120040.6012,-252.11,0.18
5623,6.56,0.0147,-0.37,0.27
5624,8.12,0.5707,-14.27,0.23
5625,6.24,16.0513,-252.78,0.22
5626,9.08,240083.5626,-563.23,0.2
5627,5.68,0.0166,-0.41,0.2
5628,7.52,0.0711,-1.78,0.21
5629,5.6,0.0212,-0.53,0.21
5630,5.48,0.0179,-0.45,0.24
5631,7.4,0.183,-4.58,0.19
5632,5.72,0.0149,-0.37,0.23
5633,9.88,0.3406,-8.51,0.2
5634,5.76,0.0132,-0.33,0.21
5635,6.56,1476875.964,-1301.66,0.27
5636,7.76,0.0132,-0.33,0.2
5637,5.76,0.1145,-2.86,0.23
5638,6.56,1816120.5913,-1585.65,0.2
5639,5.92,0.016,-0.4,0.21
5640,7.6,0.0157,-0.39,0.19
5641,6.16,114728.741,-250.45,0.23
5642,9.72,0.0194,-0.49,0.22
5643,5.8,0.0168,-0.42,0.24
5644,5.6,0.0196,-0.49,0.21
5645,9.72,0.7879,-19.7,0.2
5646,8.68,0.027,-0.68,0.19
5647,7.36,0.0729,-1.82,0.79
5648,5.72,0.0195,-0.49,0.21
5649,9.16,0.0833,-2.08,0.2
5650,5.64,0.0177,-0.44,0.24
5651,8.52,2.485,-62.13,0.18
5652,5.64,0.0145,-0.36,0.21
5653,5.72,0.0158,-0.4,0.25
5654,5.72,0.0276,-0.69,0.22
5655,5.92,0.0145,-0.36,0.24
5656,5.96,1.7738,-44.34,0.23
5657,5.6,0.1108,-2.77,0.21
5658,6.44,1273329.991,-1551.34,0.24
5659,5.76,0.0189,-0.47,0.24
5660,8.12,56756.3196,-756.37,0.2
5661,6.64,798392.951,-889.74,0.23
5662,6.48,678497.1362,-765.01,0.21
5663,9.32,0.3945,-509.83,0.2
5664,6.4,2123769.5344,-1801.62,0.22
5665,5.72,0.0142,-0.35,0.26
5666,7.56,0.0137,-0.34,0.21
5667,7.72,310.4851,-761.46,0.21
5668,6.56,1017736.8985,-927.36,0.21
5669,8.52,120040.5817,-251.62,0.2
5670,7.72,472918.3631,-1259.37,0.21
5671,5.88,0.0188,-0.47,0.27
5672,5.84,0.0148,-0.37,0.23
5673,8.16,416455.058,-752.09,0.21
5674,7.6,0.012,-0.3,0.22
5675,5.96,0.1156,-2.89,0.23
5676,8.6,56465.3106,-250.65,0.21
5677,6.08,114728.8387,-252.89,0.25
5678,6.04,0.018,-0.45,0.24
5679,6.24,0.172,-4.3,0.22
5680,9.68,0.3373,-8.43,0.22
5681,8.36,0.5979,-14.95,0.22
5682,6.64,599511.0704,-923.59,0.26
5683,5.96,0.0163,-0.41,0.23
5684,6.64,1596780.1714,-1636.21,0.22
5685,7.88,0.0139,-0.35,0.22
5686,6.44,0.0374,-0.94,0.24
5687,6.44,0.0153,-0.38,0.21
5688,8.56,14.4669,-361.67,0.2
5689,8.12,0.0147,-0.37,0.2
5690,7.56,4848.8998,-1034.45,0.2
5691,7.68,0.2951,-7.38,0.21
5692,6.36,0.0162,-0.41,0.27
5693,6.24,8.8093,-220.23,0.29
5694,6.16,0.116,-2.9,0.26
5695,7.4,5852.9096,-1001.89,0.25
5696,6.44,33898.8845,-500.37,0.21
5697,10.0,120040.652,-253.38,0.21
5698,10.36,0.0409,-1.02,0.25
5699,7.76,0.2906,-7.27,0.22
5700,7.56,0.015,-0.38,0.26
5701,7.6,4904.473,-1250.91,0.24
5702,7.56,42.483,-259.62,0.19
5703,9.68,120045.7937,-381.92,0.2
5704,7.64,0.0149,-0.37,0.24
5705,9.08,0.033,-0.83,0.21
5706,6.24,1.771,-44.27,0.29
5707,6.44,33879.1839,-250.32,0.23
5708,10.4,5.8408,-146.02,0.31
5709,7.2,77.1594,-518.23,0.24
5710,8.2,56484.5712,-501.0,0.27
5711,6.04,1.7718,-44.29,0.24
5712,5.96,0.0526,-1.31,0.21
5713,10.28,0.6266,-15.67,0.19
5714,7.72,0.0143,-0.36,0.23
5715,5.8,0.0131,-0.33,0.22
5716,5.88,8308.5006,-250.31,0.25
5717,6.44,1904429.4047,-1859.44,0.21
5718,7.84,0.0691,-1.73,0.23
5719,7.88,0.0142,-0.36,0.21
5720,8.6,120040.5655,-251.22,0.26
5721,6.32,0.0194,-0.48,0.22
5722,8.56,32236.7418,-250.55,0.2
5723,7.68,0.0125,-0.31,0.24
5724,6.72,1137745.2237,-1044.62,0.23
5725,6.44,1716681.1588,-1890.26,0.21
5726,10.12,0.6825,-17.06,0.23
5727,6.4,120015.4061,-294.28,0.24
5728,7.6,0.489,-12.22,0.22
5729,8.56,0.11,-2.75,0.2
5730,7.56,0.0114,-0.29,0.21
5731,7.72,0.0149,-0.37,0.27
5732,7.76,0.0148,-0.37,0.19
5733,7.72,0.0148,-0.37,0.21
5734,7.72,0.0121,-0.3,0.19
5735,9.0,0.0276,-0.69,0.2
5736,6.6,120015.408,-294.32,0.23
5737,7.72,0.0145,-0.36,0.21
5738,6.64,678498.2463,-792.76,0.24
5739,8.6,0.0612,-1.53,0.22
5740,7.4,9613.994,-1251.98,0.24
5741,7.68,0.0149,-0.37,0.22
5742,9.88,240081.5052,-761.75,0.2
5743,7.84,76.4441,-500.35,0.22
5744,6.76,339246.9086,-341.01,0.22
5745,8.52,0.033,-0.83,0.22
5746,7.92,113366.8168,-1251.93,0.19
5747,6.4,239803.707,-551.4,0.26
5748,6.6,2035463.1556,-1588.69,0.21
5749,8.68,0.2567,-6.42,0.2
5750,7.44,1038363.9138,-818.06,0.24
5751,9.52,120040.6054,-502.2,0.23
5752,8.52,0.299,-7.47,0.24
5753,7.24,8.8073,-220.18,0.23
5754,7.8,1194934.2647,-1109.77,0.33
5755,9.72,392427.4702,-751.71,0.24
5756,8.64,2118.5993,-1315.8,0.35
5757,9.4,12.3612,-265.02,0.27
5758,9.56,47.6349,-1014.83,0.26
5759,8.12,480070.9899,-1411.25,0.26
5760,11.0,119087.3762,-402.87,0.24
5761,8.32,360128.0114,-614.69,0.24
5762,8.52,360055.5705,-1116.64,0.24
5763,8.24,240449.3727,-778.87,0.25
5764,8.52,719917.8304,-1056.75,0.22
5765,8.28,17.2965,-638.49,0.22
5766,10.32,33879.8609,-267.25,0.24
5767,9.32,422.0936,-528.62,0.21
5768,9.28,240448.2413,-750.59,0.22
5769,9.84,23.835,-507.86,0.26
5770,8.28,600076.6543,-1711.26,0.21
5771,9.48,360587.5686,-750.77,0.2
5772,10.12,0.3154,-7.89,0.24
5773,8.28,120025.7066,-1506.4,0.21
5774,11.28,119087.3039,-401.06,0.21
5775,10.2,0.041,-1.03,0.25
5776,10.56,0.0273,-0.68,0.83
5777,8.6,240042.7269,-2319.85,0.24
5778,8.2,240030.464,-579.85,0.25
5779,9.28,120434.5984,-500.39,0.19
5780,11.0,1080499.8716,-752.57,0.2
5781,8.96,177200.256,-1502.66,0.23
5782,8.4,120022.5987,-474.09,0.22
5783,8.32,120032.6419,-725.17,0.24
5784,9.52,12.6414,-272.02,0.27
5785,9.04,12.3647,-265.11,0.25
5786,8.36,360043.4703,-814.13,0.23
5787,9.4,12.0688,-257.71,0.22
5788,9.04,1.5459,-288.52,0.2
5789,8.24,479944.0041,-1056.84,0.21
5790,8.2,240032.7977,-638.19,0.19
5791,8.36,595309.2924,-807.12,0.26
5792,7.96,360054.6846,-1094.49,0.2
5793,8.0,710564.0786,-615.08,0.24
5794,8.4,479944.36,-1065.74,0.27
5795,7.84,240069.0531,-1544.58,0.2
5796,8.36,240069.591,-1558.03,0.22
5797,9.6,12.3541,-264.84,0.23
5798,9.2,1134.6781,-1056.4,0.23
5799,9.4,171408.736,-765.57,0.21
5800,8.2,120019.6031,-399.2,0.19
5801,9.36,120434.6014,-500.46,0.2
5802,11.2,1416226.3866,-1001.21,0.22
5803,10.96,33884.8242,-391.33,0.22
5804,12.36,0.7072,-17.68,0.21
5805,10.28,0.0358,-0.9,0.27
5806,10.28,0.0457,-1.14,0.28
5807,8.52,120020.4499,-1809.87,0.21
5808,10.0,0.612,-15.3,0.29
5809,9.4,12.9146,-278.85,0.3
5810,9.48,24.1156,-514.87,0.3
5811,8.48,120019.9484,-407.84,0.24
5812,10.0,0.3144,-7.86,0.3
5813,8.36,120022.1496,-668.94,0.25
5814,12.2,0.0405,-1.01,0.24
5815,8.52,120022.1938,-1430.31,0.21
5816,11.24,695896.6103,-836.27,0.22
5817,9.32,1263.9875,-778.6,0.22
5818,8.24,240035.822,-1668.41,0.21
5819,8.4,240030.947,-1558.27,0.22
5820,9.4,120856.7295,-1029.95,0.21
5821,9.56,172529.4964,-2142.87,0.22
5822,10.28,0.031,-0.78,0.3
5823,10.52,4860.2146,-388.48,0.25
5824,10.04,38.5754,-259.01,0.25
5825,10.44,0.0533,-1.33,0.29
5826,9.76,0.9709,-24.27,0.25
5827,10.36,0.0329,-0.82,0.24
5828,9.56,41.7698,-338.87,0.22
5829,8.76,120437.9131,-583.26,0.21
5830,10.48,0.0384,-0.96,0.26
5831,9.56,1013.3404,-430.31,0.23
5832,10.56,0.0292,-0.73,0.23
5833,10.8,0.1342,-3.35,0.25
5834,10.48,0.0409,-1.02,0.25
5835,8.4,480066.8934,-2710.06,0.18
5836,8.56,120021.2813,-1570.38,0.19
5837,10.4,0.026,-0.65,0.25
5838,8.36,120030.0642,-1660.67,0.25
5839,11.08,238162.5525,-500.73,0.28
5840,9.16,120437.2103,-565.69,0.27
5841,8.4,4.1976,-104.94,0.25
5842,9.76,1.6193,-40.48,0.26
5843,10.0,0.3013,-7.53,0.32
5844,8.0,120019.0684,-385.83,0.23
5845,8.2,959946.2245,-1584.85,0.25
5846,9.48,0.3091,-7.73,0.29
5847,9.52,0.5972,-14.93,0.56
5848,8.28,360044.3716,-836.67,0.42
5849,9.92,96710.2346,-751.86,0.23
5850,8.68,114.9369,-757.29,0.28
5851,7.52,62.8254,-1570.64,0.27
5852,7.12,52.8377,-1320.94,0.28
5853,7.84,479780.9998,-637.97,0.3
5854,7.28,0.038,-0.95,0.27
5855,7.56,61.55,-1538.75,0.44
5856,7.4,52.7526,-1318.82,0.38
5857,9.8,594088.4314,-1336.66,0.27
5858,7.36,43.9547,-1098.87,0.39
5859,10.32,32309.0039,-1000.19,0.32
5860,9.52,12.3619,-265.04,0.4
5861,9.44,0.3129,-7.82,0.33
5862,11.6,0.9855,-24.64,0.44
5863,8.0,839760.3457,-1333.25,0.28
5864,9.48,4856.3791,-292.59,0.34
5865,10.28,424667.5248,-1085.08,0.36
5866,7.96,1070492.8752,-1382.61,0.26
5867,8.56,77.2795,-521.23,0.24
5868,7.08,26.4014,-660.04,0.25
5869,8.36,153.7082,-1021.2,0.24
5870,8.44,38.2256,-250.26,0.22
5871,9.84,9.8261,-245.65,0.24
5872,6.68,17.5799,-439.5,0.24
5873,7.24,1153676.7599,-1241.52,0.26
5874,6.64,16.0513,-252.78,0.22
5875,7.76,0.2935,-7.34,0.24
5876,7.56,0.012,-0.3,0.21
5877,6.28,0.015,-0.38,0.24
5878,6.68,0.013,-0.33,0.23
5879,6.48,33880.9421,-294.28,0.26
5880,6.36,0.0139,-0.35,0.26
5881,8.04,0.0121,-0.3,0.23
5882,9.32,120045.4764,-373.99,0.2
5883,6.44,0.0153,-0.38,0.27
5884,6.6,8317.2966,-470.21,0.26
5885,8.12,38.508,-257.32,0.24
5886,6.76,0.0147,-0.37,0.25
5887,6.48,0.1126,-2.82,0.24
5888,6.48,0.0159,-0.4,0.24
5889,8.92,0.062,-1.55,0.27
5890,7.04,1492914.1657,-1344.97,0.23
5891,6.52,15.9638,-250.59,0.23
5892,7.92,38.5054,-257.26,0.81
5893,8.68,0.0168,-0.42,0.23
5894,6.44,0.0189,-0.47,0.25
5895,8.48,0.2219,-5.55,0.25
5896,7.8,0.3111,-7.78,0.25
5897,6.44,33879.1834,-250.31,0.32
5898,6.44,114728.7924,-251.73,0.21
5899,7.68,0.0119,-0.3,0.23
5900,7.68,0.0164,-0.41,0.3
5901,9.6,0.6492,-16.23,0.19
5902,9.2,2.8376,-70.94,0.25
5903,6.84,1596892.7485,-1630.4,0.23
5904,6.96,1038365.2185,-850.68,0.23
5905,8.84,7.3486,-183.72,0.22
5906,6.52,15.9533,-250.33,0.24
5907,6.44,8.8962,-222.4,0.24
5908,6.52,0.1117,-2.79,0.23
5909,6.52,24.7378,-469.94,0.22
5910,6.72,15.9535,-250.34,0.22
5911,6.36,8308.6017,-252.84,0.23
5912,6.88,1158264.796,-1069.48,0.21
5913,8.12,420.9588,-500.26,0.28
5914,7.76,0.291,-7.27,0.26
5915,6.28,0.014,-0.35,0.27
5916,6.48,123037.2228,-500.29,0.24
5917,8.84,0.0345,-0.86,0.26
5918,8.56,32236.7442,-250.61,0.21
5919,8.96,7.3717,-184.29,0.22
5920,9.68,0.0237,-0.59,0.24
5921,7.72,0.0139,-0.35,0.27
5922,7.56,0.0123,-0.31,0.21
5923,7.48,0.0135,-0.34,0.23
5924,6.44,0.0135,-0.34,0.24
5925,6.44,3.073,-76.83,0.32
5926,7.2,19124.0027,-1767.51,0.26
5927,6.6,1137632.4252,-1044.89,0.23
5928,7.68,0.0132,-0.33,0.26
5929,8.0,7.7648,-194.12,0.22
5930,6.52,1017735.1264,-883.06,0.23
5931,7.88,0.0414,-251.0,0.26
5932,7.4,0.0127,-0.32,0.23
5933,7.64,1006.1397,-250.3,0.23
5934,5.92,1.774,-44.35,0.26
5935,7.68,0.0142,-0.36,0.3
5936,7.72,0.0149,-0.37,0.24
5937,7.68,0.0136,-0.34,0.2
5938,6.36,1.7715,-44.29,0.23
5939,6.68,1.7705,-44.26,0.24
5940,9.76,120043.3668,-321.25,0.2
5941,7.64,0.2922,-7.3,0.22
5942,6.64,0.0162,-0.41,0.23
5943,7.68,0.0138,-0.34,0.3
5944,10.04,0.0288,-0.72,0.34
5945,8.56,0.0262,-0.65,0.3
5946,6.44,0.0165,-0.41,0.25
5947,6.6,0.0139,-0.35,0.26
5948,8.48,167.2632,-796.83,0.22
5949,6.08,0.0132,-0.33,0.21
5950,6.64,1137639.6014,-1224.3,0.24
5951,7.76,0.0146,-0.36,0.23
5952,5.92,0.1123,-2.81,0.25
5953,7.68,0.0123,-0.31,0.23
5954,7.6,0.013,-0.32,0.2
5955,7.64,0.0139,-0.35,0.22
5956,9.4,2.5002,-312.34,0.2
5957,6.0,0.0143,-0.36,0.23
5958,7.68,0.015,-0.38,0.22
5959,6.16,15.9589,-250.47,0.26
5960,7.84,421.0162,-251.71,0.24
5961,7.64,0.018,-0.45,0.2
5962,7.68,0.0129,-0.32,0.22
5963,7.72,0.0123,-0.31,0.25
5964,6.8,1257537.0459,-1389.77,0.24
5965,6.04,0.1112,-2.78,0.24
5966,6.36,0.0174,-0.43,0.23
5967,10.52,0.169,-254.21,0.19
5968,7.56,0.0122,-0.31,0.22
5969,7.72,0.0109,-0.27,0.23
5970,6.4,22.7682,-326.74,0.26
5971,7.24,1273685.7429,-1375.22,0.22
5972,8.16,0.0124,-0.31,0.23
5973,9.56,120045.5158,-374.98,0.19
5974,7.88,5141.759,-2509.16,0.21
5975,6.92,0.0257,-0.64,0.24
5976,8.6,613.395,-3862.66,0.21
5977,8.52,464.252,-3029.32,0.23
5978,9.64,96734.3192,-1001.68,0.2
5979,8.64,114.9364,-757.28,0.21
5980,7.4,699176.3767,-1125.33,0.22
5981,8.48,1.139,-28.47,0.21
5982,6.44,114728.7379,-250.37,0.24
5983,8.64,7.6432,-191.08,0.22
5984,7.08,1373012.8456,-1082.6,0.27
5985,8.16,38.228,-250.32,0.21
5986,6.36,1.7734,-44.33,0.26
5987,6.32,0.0148,-0.37,0.25
5988,10.08,120042.9943,-561.92,0.21
5989,7.72,0.0215,-0.54,0.26
5990,6.68,1476878.4965,-1364.98,0.2
5991,6.64,119911.4377,-515.31,0.2
5992,6.76,1.7718,-44.3,0.24
5993,7.72,0.0219,-0.55,0.24
5994,7.76,38.2266,-250.29,0.22
5995,6.32,8308.5979,-252.75,0.23
5996,6.44,0.0133,-0.33,0.24
5997,6.76,0.0146,-0.37,0.23
5998,7.68,0.0117,-0.29,0.22
5999,6.64,0.016,-0.4,0.24
6000,6.44,0.0157,-0.39,0.22
6001,6.52,0.0176,-0.44,0.22
6002,6.92,798393.3172,-898.89,0.21
6003,7.56,0.0125,-0.31,0.25
6004,7.68,0.0156,-0.39,0.22
6005,7.12,1498085.1141,-2044.74,0.22
6006,6.36,0.0173,-0.43,0.26
6007,6.44,33879.1838,-250.32,0.23
6008,6.72,798504.0055,-845.86,0.23
6009,6.44,0.0162,-0.41,0.23
6010,7.68,0.014,-0.35,0.25
6011,7.8,0.0134,-0.34,0.25
6012,6.48,0.1117,-2.79,0.26
6013,6.6,1476879.2755,-1384.45,0.25
6014,7.28,4866.6266,-1010.13,0.23
6015,6.56,4835.0157,-1251.91,0.21
6016,5.76,0.1116,-2.79,0.25
6017,7.92,0.0197,-0.49,0.22
6018,7.4,0.183,-4.57,0.81
6019,5.6,0.0157,-0.39,0.25
6020,7.68,0.0162,-0.41,0.24
6021,7.36,145.8526,-261.56,0.23
6022,5.84,2612696.5121,-2257.23,0.21
6023,5.4,1.7764,-44.41,0.25
6024,8.92,0.0735,-4250.55,0.26
6025,8.4,0.1033,-4751.03,0.18
6026,5.6,0.1138,-2.84,0.21
6027,6.12,359863.4032,-1681.28,0.25
6028,5.56,0.121,-3.03,0.27
6029,5.88,1309583.6417,-1750.35,0.37
6030,5.8,0.0217,-0.54,0.36
6031,5.6,0.0151,-0.38,0.29
6032,6.52,1205600.9291,-1470.9,0.27
6033,8.0,56465.6945,-260.24,0.29
6034,5.48,0.0784,-1.96,0.3
6035,5.6,0.0178,-0.45,0.24
6036,8.0,32236.7367,-250.42,0.19
6037,5.48,0.0136,-0.34,0.24
6038,7.16,0.2387,-5.97,0.19
6039,5.64,0.0143,-0.36,0.22
6040,8.12,1285.091,-250.69,0.18
6041,7.24,0.1915,-4.79,0.24
6042,8.56,0.0931,-502.06,0.22
6043,6.6,1816120.8596,-1592.35,0.22
6044,5.6,0.114,-2.85,0.25
6045,7.96,56756.0876,-1000.56,0.23
6046,6.84,0.3524,-8.81,0.22
6047,5.68,0.0181,-0.45,0.25
6048,7.28,0.1831,-4.58,0.24
6049,7.36,0.1245,-3.11,0.2
6050,7.6,0.0148,-0.37,0.27
6051,8.72,0.0675,-1.69,0.21
6052,7.56,0.0136,-0.34,0.25
6053,9.76,5.8307,-645.73,0.21
6054,9.52,120042.9991,-312.06,0.21
6055,7.8,0.0121,-0.3,0.23
6056,7.68,0.0144,-0.36,0.22
6057,6.32,0.017,-0.42,0.27
6058,7.72,0.0123,-0.31,0.23
6059,6.08,0.0155,-0.39,0.25
6060,5.96,0.0169,-0.42,0.28
6061,6.0,15.9542,-250.35,0.25
6062,5.88,1.7727,-44.32,0.24
6063,5.84,0.117,-2.93,0.25
6064,7.72,0.0153,-0.38,0.24
6065,6.2,0.0763,-1.91,0.24
6066,7.68,0.0133,-0.33,0.24
6067,6.8,0.0172,-0.43,0.24
6068,6.28,1.7707,-44.27,0.24
6069,6.28,19.7156,-250.42,0.24
6070,6.6,1017732.2276,-810.59,0.22
6071,8.68,4.3264,-108.16,0.22
6072,8.84,2.5256,-63.14,0.22
6073,6.44,1716679.956,-1360.21,0.23
6074,7.0,4828.4341,-760.69,0.25
6075,5.96,3.0749,-76.87,0.27
6076,5.8,0.0205,-0.51,0.24
6077,7.6,0.0673,-1.68,0.23
6078,7.96,1154.2417,-250.31,0.27
6079,8.88,0.0291,-0.73,0.22
6080,8.28,56472.6068,-433.05,0.19
6081,6.24,0.0185,-0.46,0.25
6082,7.76,0.0142,-0.36,0.21
6083,9.36,0.0815,-2.04,0.2
6084,5.96,0.0147,-0.37,0.23
6085,7.64,0.013,-0.32,0.24
6086,7.96,7.9714,-199.28,0.2
6087,6.72,234.0422,-1751.32,0.23
6088,5.6,0.017,-0.43,0.21
6089,7.32,0.0719,-1.8,0.21
6090,9.64,0.1879,-2254.51,0.2
6091,6.4,2175821.9732,-1808.3,0.22
6092,6.48,459151.1681,-676.87,0.24
6093,8.88,0.0617,-1.54,0.24
6094,5.88,8308.5026,-250.36,0.29
6095,6.64,2155363.9906,-1838.93,0.22
6096,7.8,0.0121,-0.3,0.23
6097,7.56,0.0134,-0.33,0.24
6098,7.72,0.0222,-0.55,0.21
6099,8.56,19.6499,-260.09,0.25
6100,8.64,0.0477,-1.19,0.2
6101,6.64,19.7136,-250.37,0.24
6102,7.6,0.0108,-0.27,0.23
6103,7.44,4905.2786,-1500.65,0.22
6104,6.4,8308.5042,-250.4,0.27
6105,6.44,19.7142,-250.39,0.31
6106,6.36,0.1154,-2.89,0.28
6107,6.8,1513373.6071,-1350.81,0.28
6108,6.44,15.9557,-250.39,0.25
6109,7.76,0.0131,-0.33,0.27
6110,6.64,162201.3062,-750.31,0.3
6111,6.68,678492.4135,-646.94,0.24
6112,8.48,0.1734,-4.34,0.21
6113,6.48,1038194.5941,-889.56,0.22
6114,6.72,1257536.8332,-1384.46,0.22
6115,8.6,0.0181,-0.45,0.21
6116,6.6,678493.613,-676.93,0.24
6117,7.72,0.0139,-0.35,0.26
6118,7.6,0.0098,-0.25,0.28
6119,6.72,135.3093,-1501.37,0.23
6120,6.4,1621900.1932,-1838.4,0.23
6121,7.52,0.1253,-3.13,0.22
6122,5.56,0.0155,-0.39,0.23
6123,5.8,1.7716,-44.29,0.27
6124,7.32,0.1257,-3.14,0.22
6125,8.0,56902.4554,-1025.01,0.22
6126,7.88,719539.2773,-765.26,0.28
6127,7.72,0.0158,-0.39,0.28
6128,6.48,1257534.6476,-1329.82,0.29
6129,7.56,0.0118,-0.29,0.33
6130,7.72,0.015,-0.38,0.3
6131,8.2,26.7702,-438.1,0.25
6132,5.64,0.0163,-0.41,0.24
6133,7.64,0.0138,-0.34,0.3
6134,5.72,0.0127,-0.32,0.3
6135,6.84,4904.4661,-1250.74,0.24
6136,6.12,0.1127,-2.82,0.21
6137,6.2,1.772,-44.3,0.25
6138,7.72,0.014,-0.35,0.32
6139,7.72,0.0145,-0.36,0.94
6140,6.04,120013.6481,-250.33,0.32
6141,7.6,0.012,-0.3,0.28
6142,7.56,0.015,-0.38,0.19
6143,5.68,0.1144,-2.86,0.27
6144,9.52,0.3352,-8.38,0.28
6145,6.48,918290.5331,-1058.65,0.24
6146,6.32,678487.1208,-514.62,0.22
6147,7.6,0.0146,-0.37,0.23
6148,7.72,0.0146,-0.37,0.23
6149,7.84,0.0148,-0.37,0.21
6150,7.68,0.0149,-0.37,0.2
6151,7.72,0.0117,-0.29,0.23
6152,7.68,0.0126,-0.32,0.26
6153,6.08,8.8026,-220.07,0.21
6154,8.68,0.0198,-0.5,0.21
6155,5.8,33879.1889,-250.45,0.22
6156,6.6,1017739.1075,-982.59,0.21
6157,7.48,0.0696,-1.74,0.2
6158,6.48,698949.584,-596.0,0.23
6159,7.76,7.3931,-184.83,0.21
6160,5.76,0.0159,-0.4,0.24
6161,6.52,1085585.2701,-1170.3,0.24
6162,6.04,114728.7404,-250.44,0.23
6163,8.92,0.0394,-0.99,0.21
6164,6.6,172.4568,-1252.03,0.23
6165,7.56,0.0137,-0.34,0.23
6166,7.68,0.0148,-0.37,0.25
6167,8.2,164.9118,-506.88,0.22
6168,7.6,0.0691,-1.73,0.21
6169,6.04,8.8036,-220.09,0.25
6170,6.36,1017735.0997,-882.39,0.23
6171,6.32,678488.3236,-544.69,0.23
6172,6.48,1137637.6466,-1175.43,0.23
6173,6.16,0.1169,-2.92,0.25
6174,7.56,0.0155,-0.39,0.24
6175,7.68,0.0121,-0.3,0.2
6176,6.48,459147.9234,-595.75,0.21
6177,6.4,339246.4622,-329.86,0.21
6178,8.12,416315.0769,-944.09,0.21
6179,6.48,918289.0674,-1022.01,0.21
6180,7.88,0.0145,-0.36,0.21
6181,7.72,0.0128,-0.32,0.23
6182,8.64,26.5578,-432.78,0.2
6183,6.72,0.0171,-0.43,0.25
6184,7.72,0.0116,-0.29,0.22
6185,7.0,1054344.5028,-1405.28,0.23
6186,8.84,64473.4612,-500.53,0.2
6187,7.56,0.0126,-0.32,0.2
6188,9.84,0.6499,-16.25,0.2
6189,8.0,0.2926,-7.31,0.2
6190,9.08,0.0307,-0.77,0.2
6191,6.6,1816117.4576,-1507.3,0.19
6192,6.0,17.7152,-294.38,0.22
6193,7.68,0.013,-0.32,0.21
6194,6.36,798392.974,-890.31,0.2
6195,7.8,0.0154,-0.38,0.22
6196,5.68,0.0187,-0.47,0.26
6197,8.84,2.4923,-62.31,0.24
6198,7.44,0.0706,-1.77,0.22
6199,5.64,8.8531,-221.33,0.22
6200,5.84,0.0156,-0.39,0.21
6201,5.72,0.1166,-2.91,0.23
6202,8.8,4.9415,-123.54,0.21
6203,5.64,0.0155,-0.39,0.22
6204,9.6,0.4975,-12.44,0.2
6205,5.76,0.0174,-0.44,0.24
6206,6.6,459260.7457,-596.07,0.22
6207,7.68,0.0156,-0.39,0.23
6208,5.68,1.7694,-44.23,0.23
6209,7.76,0.0414,-1.04,0.22
6210,10.24,0.197,-4.93,0.2
6211,7.56,0.0137,-0.34,0.2
6212,6.56,1596781.8618,-1678.47,0.24
6213,8.96,0.0467,-251.15,0.2
6214,6.44,1.7687,-44.22,0.22
6215,7.8,0.014,-0.35,0.25
6216,6.36,0.0153,-0.38,0.22
6217,6.64,1637870.918,-1640.0,0.22
6218,6.08,1.776,-44.4,0.24
6219,7.68,0.0121,-0.3,0.22
6220,6.64,1017735.1067,-882.57,0.22
6221,6.64,459149.9665,-646.83,0.19
6222,7.68,0.0126,-0.32,0.2
6223,6.44,1257535.2934,-1345.96,0.23
6224,5.8,0.0165,-0.41,0.22
6225,6.28,1126498.6896,-1545.39,0.21
6226,7.24,80.6931,-509.5,0.21
6227,9.4,7.452,-186.3,0.22
6228,6.52,0.0262,-0.66,0.26
6229,6.48,0.0167,-0.42,0.29
6230,7.0,359883.7961,-478.52,0.25
6231,6.88,459153.402,-732.71,0.27
6232,6.64,0.0165,-0.41,0.3
6233,7.32,699121.7448,-595.53,0.29
6234,6.96,918402.7558,-1043.98,0.3
6235,6.4,0.0718,-1.8,0.25
6236,5.6,0.0172,-0.43,0.24
6237,7.68,0.0104,-0.26,0.24
6238,5.96,0.0185,-0.46,0.27
6239,6.16,3.0802,-77.0,0.26
6240,6.56,1497334.8822,-1294.42,0.26
6241,7.68,0.0135,-0.34,0.23
6242,8.8,32236.7799,-251.5,0.25
6243,5.92,1.7723,-44.31,0.22
6244,8.92,0.0223,-0.56,0.19
6245,7.68,0.0119,-0.3,0.22
6246,7.72,0.085,-2.12,0.25
6247,6.28,1476876.2321,-1308.37,0.25
6248,10.0,6.02,-150.5,0.25
6249,6.84,10.8827,-272.07,0.2
6250,5.88,0.0966,-2.41,0.25
6251,5.84,1.7704,-44.26,0.29
6252,7.88,0.0116,-0.29,0.24
6253,7.56,0.0145,-0.36,0.25
6254,6.56,1106041.483,-1595.41,0.24
6255,7.72,0.0204,-0.51,0.27
6256,7.32,10751.5915,-2508.71,0.3
6257,9.52,119083.7847,-313.08,0.26
6258,6.88,1712262.3474,-1488.45,0.24
6259,6.08,8308.6012,-252.83,0.25
6260,5.88,0.0307,-0.77,0.23
6261,9.56,240086.3236,-632.25,0.25
6262,5.64,0.0194,-0.49,0.24
6263,5.48,0.0142,-0.35,0.23
6264,5.6,0.0149,-0.37,0.23
6265,6.4,1721343.7227,-2136.19,0.25
6266,8.32,291.1337,-508.84,0.21
6267,7.92,0.0138,-0.35,0.75
6268,8.36,152.9946,-440.12,0.23
6269,6.6,1137749.321,-1147.05,0.23
6270,5.68,1.7736,-44.34,0.27
6271,5.48,0.0204,-0.51,0.3
6272,5.6,1.7704,-44.26,0.24
6273,7.64,0.0173,-0.43,0.22
6274,10.28,0.0209,-250.5,0.19
6275,5.48,0.0223,-0.56,0.24
6276,7.68,0.0164,-0.41,0.23
6277,5.68,0.0192,-0.48,0.22
6278,9.0,354260.5849,-311.96,0.2
6279,5.64,0.029,-0.73,0.35
6280,7.68,0.0152,-0.38,0.24
6281,5.84,0.0146,-0.37,0.27
6282,7.72,0.015,-0.38,0.26
6283,8.28,360002.0107,-1114.81,0.53
6284,7.6,0.011,-0.27,0.5
6285,7.68,0.0132,-0.33,0.35
6286,7.64,0.0222,-0.56,0.33
6287,5.64,76.0716,-252.76,0.28
6288,5.64,0.0149,-0.37,0.26
6289,8.44,355279.7637,-250.65,0.21
6290,5.6,0.1159,-2.9,0.23
6291,5.48,0.0143,-0.36,0.23
6292,8.52,360166.6141,-250.61,0.18
6293,6.0,746336.8225,-790.81,0.25
6294,5.76,0.0319,-0.8,0.27
6295,9.0,240081.1182,-752.1,0.2
6296,8.88,0.0884,-2.21,0.22
6297,6.92,196.6162,-1750.65,0.26
6298,5.6,0.1126,-2.81,0.21
6299,8.0,359880.8917,-1009.26,0.23
6300,5.72,0.0168,-0.42,0.22
6301,7.72,0.0149,-0.37,0.22
6302,7.88,0.0211,-0.53,0.22
6303,5.72,0.0154,-0.39,0.24
6304,5.8,15.9574,-250.43,0.23
6305,10.32,0.2006,-5.01,0.28
6306,7.68,0.0131,-0.33,0.29
6307,7.28,0.071,-251.76,0.26
6308,5.92,0.0208,-0.52,0.22
6309,5.92,0.0136,-0.34,0.25
6310,7.68,0.0129,-0.32,0.2
6311,7.68,0.0149,-0.37,0.2
6312,7.8,0.014,-0.35,0.22
6313,5.88,8308.5032,-250.38,0.26
6314,6.0,0.389,-9.73,0.24
6315,6.48,0.0138,-0.35,0.24
6316,6.0,0.0146,-0.37,0.23
6317,6.36,0.018,-0.45,0.26
6318,6.76,1816119.9998,-1570.86,0.22
6319,7.8,38.2298,-250.37,0.2
6320,7.6,0.0131,-0.33,0.25
6321,9.4,240083.5864,-563.82,0.22
6322,8.48,0.4797,-11.99,0.23
6323,7.72,0.0158,-0.39,0.22
6324,7.68,0.0132,-0.33,0.22
6325,8.48,0.025,-0.63,0.22
6326,7.72,0.0134,-0.33,0.23
6327,7.72,0.0138,-0.35,0.26
6328,5.64,0.0128,-0.32,0.43
6329,6.72,1257544.2991,-1571.1,0.36
6330,9.8,0.1543,-3.86,0.27
6331,7.6,0.0139,-0.35,0.26
6332,9.4,0.345,-258.6,0.25
6333,7.8,0.0126,-0.32,0.25
6334,7.72,0.0122,-0.3,0.32
6335,10.08,0.1848,-4.62,0.26
6336,7.64,0.0684,-1.71,0.22
6337,5.6,0.0167,-0.42,0.27
6338,5.68,0.0152,-0.38,0.28
6339,7.56,0.0122,-0.3,0.22
6340,7.68,0.0152,-0.38,0.23
6341,5.6,0.1179,-2.95,0.22
6342,5.68,0.0158,-0.39,0.23
6343,5.6,0.0185,-0.46,0.24
6344,9.8,0.0141,-0.35,0.24
6345,6.08,1330046.4372,-1840.04,0.36
6346,5.8,0.095,-2.37,0.35
6347,5.48,0.0198,-0.49,0.27
6348,8.8,240081.097,-501.59,0.26
6349,7.44,0.0694,-1.73,0.22
6350,5.48,0.0192,-0.48,0.23
6351,5.6,0.0216,-0.54,0.31
6352,5.64,459144.2079,-502.86,0.34
6353,5.24,0.21,-5.25,0.25
6354,7.56,0.0723,-1.81,0.25
6355,5.56,0.013,-0.33,0.23
6356,5.6,1.7708,-44.27,0.26
6357,5.48,0.0189,-0.47,0.26
6358,5.64,970340.4439,-1502.11,0.3
6359,5.52,834643.1663,-1002.87,0.26
6360,7.68,4.4868,-112.17,0.27
6361,9.8,0.1111,-2.78,0.29
6362,5.56,0.0977,-2.44,0.35
6363,8.16,2.6762,-257.76,0.33
6364,5.48,0.0171,-0.43,0.3
6365,7.84,0.0152,-0.38,0.26
6366,5.64,0.0324,-0.81,0.25
6367,8.52,0.0168,-0.42,0.21
6368,6.36,1085586.0917,-1190.84,0.23
6369,7.6,0.0124,-0.31,0.2
6370,6.24,495403.3402,-838.91,0.23
6371,6.76,57.8147,-502.1,0.22
6372,7.72,0.0136,-0.34,0.25
6373,6.24,934089.9902,-1383.02,0.24
6374,7.8,0.0438,-1.09,0.25
6375,7.68,0.014,-0.35,0.23
6376,8.08,0.0398,-0.99,0.28
6377,8.8,0.0212,-0.53,0.24
6378,9.28,4.9338,-123.34,0.26
6379,7.48,0.0692,-1.73,0.27
6380,7.72,0.0275,-0.69,0.23
6381,5.6,0.0163,-0.41,0.22
6382,5.48,0.0178,-0.45,0.82
6383,5.56,474940.6163,-751.01,0.26
6384,5.48,0.0202,-0.51,0.24
6385,7.64,0.0717,-1.79,0.22
6386,10.28,0.4893,-262.21,0.2
6387,7.44,158.7516,-1509.41,0.22
6388,8.52,392403.4552,-503.64,0.21
6389,7.56,0.0146,-0.37,0.23
6390,6.56,1225945.8446,-1433.84,0.24
6391,5.68,0.0176,-0.44,0.25
6392,7.68,0.0111,-0.28,0.22
6393,8.96,0.0207,-0.52,0.2
6394,7.72,0.0131,-0.33,0.24
6395,8.56,0.516,-12.9,0.21
6396,8.56,359697.0858,-261.19,0.24
6397,6.6,9637.6507,-1472.98,0.25
6398,8.72,21.9664,-549.16,0.24
6399,10.84,6.4949,-162.37,0.27
6400,7.56,0.0127,-0.32,0.23
6401,10.76,0.656,-16.4,0.24
6402,10.4,0.1714,-4.28,0.21
6403,5.52,0.0183,-0.46,0.22
6404,5.8,8.867,-221.68,0.24
6405,8.44,14.4666,-361.67,0.22
6406,9.64,359164.8142,-812.98,0.19
6407,6.36,114730.4944,-294.29,0.24
6408,8.84,1.0505,-26.26,0.22
6409,6.48,0.1116,-2.79,0.29
6410,7.16,579163.7137,-899.63,0.23
6411,6.48,0.0152,-0.38,0.25
6412,6.88,798393.1739,-895.31,0.23
6413,7.84,38.2257,-250.27,0.23
6414,9.4,96710.2399,-752.0,0.22
6415,6.52,1816122.6138,-1636.21,0.23
6416,8.28,7.181,-179.53,0.24
6417,5.88,0.016,-0.4,0.24
6418,6.36,1596776.8012,-1551.96,0.26
6419,6.08,379.8253,-250.46,0.24
6420,10.44,0.0139,-0.35,0.2
6421,6.56,1596778.2603,-1588.43,0.22
6422,5.4,0.0135,-0.34,0.22
6423,5.68,0.0162,-0.4,0.22
6424,7.68,0.014,-0.35,0.23
6425,6.44,1544724.6069,-1551.39,0.23
6426,5.76,33879.1893,-250.46,0.25
6427,8.64,21.9538,-548.85,0.21
6428,6.56,119904.3964,-339.27,0.22
6429,5.64,0.0195,-0.49,0.26
6430,7.72,0.0144,-0.36,0.22
6431,5.68,0.1155,-2.89,0.25
6432,7.6,0.0125,-0.31,0.24
6433,7.76,0.0214,-0.54,0.23
6434,7.72,0.0146,-0.37,0.2
6435,6.64,407189.9612,-1545.4,0.24
6436,9.32,2.5072,-62.68,0.24
6437,7.72,0.0222,-0.55,0.23
6438,5.48,0.0144,-0.36,0.27
6439,7.6,0.0118,-0.3,0.27
6440,6.56,1225942.04,-1338.72,0.24
6441,6.4,187793.0178,-883.08,0.25
6442,6.64,1257537.3924,-1398.44,0.3
6443,5.6,0.0137,-0.34,0.28
6444,6.52,1936022.1056,-1852.87,0.23
6445,9.64,0.0927,-2.32,0.2
6446,6.6,2494610.1911,-2162.24,0.2
6447,7.68,0.015,-0.38,0.2
6448,6.32,1497337.3406,-1355.88,0.23
6449,5.76,0.0137,-0.34,0.33
6450,5.4,1.7749,-44.37,0.27
6451,9.52,120047.9456,-435.72,0.27
6452,5.6,0.0159,-0.4,0.27
6453,7.88,0.0149,-0.37,0.31
6454,7.72,0.0146,-0.37,0.27
6455,5.68,0.0178,-0.45,0.26
6456,5.8,339245.0486,-294.51,0.28
6457,6.12,834648.6426,-1139.77,0.24
6458,7.92,0.0119,-0.3,0.24
6459,5.68,0.0198,-0.49,0.27
6460,7.6,0.0128,-0.32,0.28
6461,5.48,0.018,-0.45,0.28
6462,9.04,0.0301,-250.73,0.22
6463,7.68,0.0135,-0.34,0.23
6464,10.8,5.542,-388.53,0.25
6465,5.6,0.1137,-2.84,0.28
6466,7.72,0.0132,-0.33,0.24
6467,7.72,0.0128,-0.32,0.24
6468,7.6,0.0144,-0.36,0.27
6469,5.56,0.0142,-0.36,0.26
6470,7.68,0.0136,-0.34,0.27
6471,5.68,0.0177,-0.44,0.28
6472,8.92,32236.7447,-250.62,0.28
6473,5.44,8.7963,-219.91,0.29
6474,5.48,0.0144,-0.36,0.29
6475,5.48,0.1138,-2.85,0.24
6476,6.36,1293791.0435,-1597.46,0.25
6477,10.48,0.4672,-11.68,0.27
6478,7.56,0.0142,-0.36,0.26
6479,5.88,834646.5888,-1088.43,0.27
6480,8.12,420.9589,-250.28,0.24
6481,5.52,0.1134,-2.83,0.24
6482,7.72,0.0215,-0.54,0.21
6483,5.48,0.018,-0.45,0.21
6484,5.68,3.5288,-88.22,0.22
6485,5.32,0.3064,-7.66,0.22
6486,7.84,0.0129,-0.32,0.22
6487,7.72,0.02,-0.5,0.24
6488,10.04,120045.8725,-633.89,0.24
6489,6.32,814185.8994,-1051.39,0.22
6490,5.48,0.0209,-0.52,0.27
6491,9.24,64473.4823,-501.06,0.26
6492,5.48,0.0177,-0.44,0.25
6493,6.72,4997.3287,-2250.34,0.21
6494,5.48,0.1088,-2.72,0.26
6495,8.72,7.1801,-179.5,0.19
6496,9.16,120043.0175,-312.52,0.21
6497,7.72,0.0136,-0.34,0.22
6498,7.8,0.012,-0.3,0.2
6499,7.6,0.0213,-0.53,0.19
6500,7.68,0.0118,-0.3,0.19
6501,8.36,0.0928,-2.32,0.21
6502,6.12,923103.5761,-2040.94,0.23
6503,5.88,0.0169,-0.42,0.25
6504,8.12,160.51,-628.0,0.21
6505,7.72,0.0145,-0.36,0.79
6506,10.64,6.4814,-162.04,0.19
6507,5.76,0.0148,-0.37,0.25
6508,5.8,8.8012,-220.03,0.22
6509,7.84,0.0141,-0.35,0.21
6510,10.64,0.328,-8.2,0.21
6511,5.68,0.0168,-0.42,0.28
6512,5.8,0.0162,-0.41,0.25
6513,7.68,0.0142,-0.36,0.23
6514,7.72,0.0112,-0.28,0.21
6515,7.68,0.0127,-0.32,0.22
6516,6.28,2483471.7192,-2044.34,0.2
6517,5.48,1.7726,-44.32,0.23
6518,7.88,0.0136,-0.34,0.23
6519,5.64,0.1163,-2.91,0.24
6520,6.64,1017734.2039,-860.0,0.24
6521,5.48,0.0205,-0.51,0.25
6522,6.56,1137637.7798,-1178.76,0.25
6523,5.48,0.0129,-0.32,0.26
6524,5.52,0.0161,-0.4,0.22
6525,8.6,360166.6315,-251.05,0.19
6526,5.48,0.0212,-0.53,0.22
6527,8.8,0.0244,-0.61,0.24
6528,6.88,135.7371,-1046.13,0.22
6529,5.64,8.7977,-219.94,0.25
6530,7.72,0.0162,-0.41,0.25
6531,7.6,0.0142,-0.36,0.2
6532,8.68,0.4554,-11.38,0.21
6533,7.92,0.015,-0.38,0.2
6534,7.8,38.2504,-250.88,0.2
6535,6.2,2003898.5844,-2301.31,0.21
6536,8.96,32236.7434,-250.59,0.22
6537,5.6,0.0216,-0.54,0.22
6538,5.56,1.7722,-44.3,0.22
6539,8.52,153.1607,-444.27,0.21
6540,5.6,0.018,-0.45,0.27
6541,8.52,0.0285,-0.71,0.22
6542,5.68,0.0174,-0.44,0.21
6543,7.6,0.012,-0.3,0.23
6544,5.48,0.0117,-0.29,0.26
6545,10.44,0.6446,-16.12,0.19
6546,6.52,459147.9131,-595.49,0.2
6547,7.92,0.0144,-0.36,0.24
6548,7.76,0.0155,-0.39,0.23
6549,5.56,8.8007,-220.02,0.22
6550,5.6,67848.665,-250.28,0.27
6551,5.48,1038189.0217,-1750.2,0.21
6552,7.68,0.0136,-0.34,0.23
6553,7.88,169865.8918,-500.35,0.21
6554,10.68,0.0162,-0.41,0.22
6555,10.8,0.3332,-8.33,0.18
6556,8.72,64473.4675,-500.69,0.21
6557,10.08,0.652,-16.3,0.26
6558,5.04,10.2946,-257.36,0.27
6559,4.84,135702.8863,-639.46,0.24
6560,5.64,2409150.269,-2500.15,0.25
6561,7.36,0.5922,-14.81,0.22
6562,7.48,582.9835,-1035.58,0.26
6563,5.28,1.7718,-44.3,0.26
6564,5.84,1710207.9108,-2084.8,0.23
6565,5.52,1.7707,-44.27,0.24
6566,7.72,4.2347,-105.87,0.25
6567,7.68,0.0136,-0.34,0.27
6568,5.92,698945.8466,-502.57,0.25
6569,5.32,1.7721,-44.3,0.29
6570,5.24,0.384,-9.6,0.29
6571,6.2,979808.2725,-2000.82,0.27
6572,7.8,0.0135,-0.34,0.26
6573,8.6,0.02,-0.5,0.25
6574,10.76,4.0334,-100.83,0.25
6575,7.56,0.0129,-0.32,0.28
6576,5.48,0.0172,-0.43,0.27
6577,6.28,1366302.0795,-1588.87,0.24
6578,5.52,0.1152,-2.88,0.23
6579,5.92,855104.0348,-1044.38,0.25
6580,10.32,0.6443,-516.07,0.22
6581,6.32,1194406.6143,-2340.62,0.21
6582,6.56,339250.4814,-430.33,0.2
6583,5.6,0.0207,-0.52,0.25
6584,5.8,0.1146,-2.86,0.23
6585,5.68,1.7734,-44.33,0.21
6586,6.16,746335.204,-750.35,0.22
6587,7.72,0.0128,-0.32,0.23
6588,7.56,0.014,-0.35,0.32
6589,5.8,0.0223,-0.56,0.25
6590,7.64,0.1689,-4.22,0.25
6591,7.72,0.0118,-0.3,0.27
6592,7.68,0.0124,-0.31,0.28
6593,5.64,0.0268,-0.67,0.3
6594,7.56,0.0144,-0.36,0.25
6595,6.16,1857037.3651,-2544.56,0.25
6596,6.16,714746.0444,-1345.44,0.25
6597,6.52,954549.7374,-1396.5,0.29
6598,5.68,0.018,-0.45,0.26
6599,10.96,0.6543,-16.36,0.19
6600,5.48,0.0186,-0.47,0.26
6601,7.88,0.0136,-0.34,0.22
6602,5.56,0.0168,-0.42,0.28
6603,7.88,0.013,-0.32,0.27
6604,8.64,7.3097,-182.74,0.22
6605,9.16,96710.1923,-750.81,0.28
6606,7.72,38.2268,-250.29,0.28
6607,7.68,0.0125,-0.31,0.23
6608,9.56,96710.2054,-751.13,0.24
6609,5.68,0.0179,-0.45,0.29
6610,5.68,0.0156,-0.39,0.26
6611,6.48,746336.9764,-794.66,0.27
6612,7.56,0.0142,-0.36,0.27
6613,6.36,938752.7732,-1134.46,0.25
6614,7.56,0.0133,-0.33,0.27
6615,9.96,239121.8438,-501.64,0.28
6616,7.84,0.2986,-7.47,0.26
6617,6.36,1356977.1911,-1102.98,0.28
6618,5.48,0.1122,-2.8,0.27
6619,7.4,100.9026,-776.85,0.28
6620,6.16,495405.3708,-889.68,0.28
6621,5.68,0.0177,-0.44,0.29
6622,6.24,798389.1371,-794.39,0.25
6623,5.6,1.77,-44.25,0.22
6624,6.44,407152.0155,-1295.4,0.23
6625,7.6,0.0683,-1.71,0.2
6626,7.72,0.0142,-0.36,0.24
6627,5.68,0.0151,-0.38,0.88
6628,5.72,3.0787,-76.97,0.28
6629,6.08,698951.1641,-635.51,0.28
6630,8.64,0.024,-0.6,0.34
6631,8.36,371480.0285,-501.01,0.34
6632,10.2,0.3486,-8.71,0.23
6633,6.32,250.1853,-2250.42,0.28
6634,5.6,631097.1103,-1250.47,0.32
6635,5.76,1350502.0512,-1750.2,0.52
6636,7.72,0.0166,-0.42,0.27
6637,5.48,0.0214,-0.54,0.28
6638,8.24,0.0404,-1.01,0.3
6639,7.6,0.0131,-0.33,0.25
6640,5.96,1580983.5603,-1882.96,0.3
6641,7.72,0.0217,-0.54,0.28
6642,8.64,32236.7456,-250.64,0.25
6643,10.52,0.36,-9.0,0.27
6644,8.6,0.0371,-0.93,0.2
6645,7.68,0.0139,-0.35,0.27
6646,8.48,7.6031,-190.08,0.28
6647,5.4,0.1141,-2.85,0.26
6648,5.68,4.2404,-106.01,0.28
6649,7.64,0.0144,-0.36,0.24
6650,7.68,0.0141,-0.35,0.23
6651,7.68,0.0116,-0.29,0.22
6652,7.64,0.0114,-0.29,0.22
6653,5.56,0.0182,-0.45,0.22
6654,5.4,1.776,-44.4,0.22
6655,8.6,14.5326,-363.31,0.22
6656,10.32,0.3396,-8.49,0.21
6657,7.68,0.0129,-0.32,0.25
6658,7.84,0.0144,-0.36,0.23
6659,5.48,0.0166,-0.41,0.21
6660,6.28,1397898.435,-1173.69,0.21
6661,5.72,0.0159,-0.4,0.22
6662,7.72,0.0138,-0.34,0.23
6663,9.72,240083.5516,-562.95,0.19
6664,7.56,0.0139,-0.35,0.22
6665,6.52,187759.4623,-749.57,0.22
6666,5.48,0.016,-0.4,0.23
6667,5.64,0.016,-0.4,0.23
6668,6.88,145.4682,-251.96,0.24
6669,5.68,0.0127,-0.32,0.23
6670,9.28,128946.958,-1001.95,0.22
6671,6.48,1017733.9032,-852.48,0.22
6672,6.6,1424825.2734,-1338.68,0.24
6673,11.0,0.3592,-8.98,0.19
6674,5.6,0.0165,-0.41,0.25
6675,9.52,64473.4883,-501.21,0.21
6676,6.56,698951.0672,-633.09,0.23
6677,7.72,0.0212,-0.53,0.25
6678,9.4,64473.4533,-500.33,0.22
6679,6.28,954547.6921,-1345.37,0.26
6680,9.24,2.564,-64.1,0.19
6681,5.64,0.0111,-0.28,0.28
6682,5.6,0.0158,-0.39,0.23
6683,7.72,0.0126,-0.32,0.22
6684,5.76,0.0172,-0.43,0.23
6685,5.48,0.0999,-2.5,0.24
6686,5.48,0.0147,-0.37,0.25
6687,7.68,114728.7352,-250.31,0.21
6688,7.6,0.013,-0.32,0.2
6689,7.68,0.0136,-0.34,0.21
6690,5.48,0.02,-0.5,0.23
6691,7.56,0.0123,-0.31,0.21
6692,10.68,5.6704,-141.76,0.19
6693,7.68,0.0119,-0.3,0.2
6694,6.56,407095.4823,-589.01,0.25
6695,8.24,7.312,-432.67,0.26
6696,7.56,0.014,-0.35,0.25
6697,5.4,0.0224,-0.56,0.25
6698,5.72,0.0195,-0.49,0.24
6699,8.84,0.0475,-1.19,0.21
6700,5.6,1.7733,-44.33,0.22
6701,5.48,0.0179,-0.45,0.22
6702,5.56,0.0203,-0.51,0.24
6703,5.6,0.018,-0.45,0.21
6704,5.48,1.7717,-44.29,0.22
6705,7.68,0.0116,-0.29,0.2
6706,7.68,0.011,-0.28,0.21
6707,9.2,32236.7376,-250.44,0.22
6708,7.68,0.0124,-0.31,0.23
6709,7.88,0.0126,-0.32,0.2
6710,7.6,0.0706,-1.77,0.21
6711,5.68,0.0148,-0.37,0.25
6712,7.72,0.0146,-0.37,0.25
6713,8.84,14.7294,-368.24,0.21
6714,5.68,0.0201,-0.5,0.27
6715,9.52,240081.0763,-501.07,0.19
6716,5.56,0.0228,-0.57,0.23
6717,5.56,1.7738,-44.34,0.22
6718,5.76,0.1138,-2.85,0.24
6719,6.56,646895.64,-1051.68,0.23
6720,5.64,0.1155,-2.89,0.23
6721,7.72,0.0151,-0.38,0.21
6722,5.88,0.0172,-0.43,0.24
6723,7.76,0.014,-0.35,0.2
6724,7.56,0.015,-0.37,0.21
6725,7.72,0.0205,-0.51,0.22
6726,10.04,120043.0514,-313.37,0.21
6727,10.64,0.4676,-11.69,0.2
6728,6.0,938749.7296,-1308.36,0.23
6729,5.56,0.0146,-0.37,0.28
6730,5.48,0.0177,-0.44,0.29
6731,7.6,0.0128,-0.32,0.24
6732,7.72,0.0204,-0.51,0.22
6733,7.92,0.0135,-0.34,0.2
6734,7.88,0.293,-7.33,0.22
6735,5.8,0.0172,-0.43,0.22
6736,5.48,0.0198,-0.5,0.25
6737,5.68,0.0165,-0.41,0.22
6738,5.6,0.0196,-0.49,0.27
6739,7.56,0.0153,-0.38,0.2
6740,7.68,0.0141,-0.35,0.21
6741,7.72,0.0168,-0.42,0.26
6742,5.44,0.0173,-0.43,0.24
6743,8.56,0.1611,-4.03,0.22
6744,6.36,1106041.2223,-1088.91,0.27
6745,7.76,0.0135,-0.34,0.27
6746,7.68,0.0145,-0.36,0.22
6747,7.68,0.01,-0.25,0.2
6748,9.24,32236.8033,-252.08,0.22
6749,5.8,882032.5081,-1250.26,0.23
6750,5.48,0.0212,-0.53,0.26
6751,9.76,120043.0425,-313.15,0.84
6752,7.68,0.0133,-0.33,0.35
6753,5.6,1.7735,-44.34,0.28
6754,7.8,0.0226,-0.57,0.28
6755,7.68,0.0101,-0.25,0.26
6756,10.4,0.8046,-20.11,0.26
6757,5.6,0.1188,-2.97,0.27
6758,6.44,459149.0394,-623.65,0.33
6759,5.6,1.7685,-44.21,0.39
6760,9.48,360128.954,-935.1,0.27
6761,5.48,0.0216,-0.54,0.3
6762,8.96,32236.7932,-251.83,0.27
6763,8.72,32236.73,-250.25,0.36
6764,5.68,0.0194,-0.48,0.37
6765,5.84,1.7734,-44.33,0.33
6766,7.72,0.0183,-0.46,0.22
6767,7.72,0.0122,-0.31,0.24
6768,8.56,32236.7454,-250.64,0.22
6769,6.24,135.0292,-1751.09,0.21
6770,7.56,0.0145,-0.36,0.22
6771,9.6,240086.003,-624.24,0.2
6772,5.64,0.0331,-0.83,0.23
6773,7.72,0.0138,-0.35,0.22
6774,5.48,0.0142,-0.36,0.26
6775,7.76,0.0168,-0.42,0.48
6776,7.56,0.0143,-0.36,0.29
6777,7.68,0.0132,-0.33,0.28
6778,7.72,0.0161,-0.4,0.26
6779,8.52,56472.8519,-439.18,0.26
6780,7.68,0.0129,-0.32,0.21
6781,7.68,0.0124,-0.31,0.21
6782,6.04,907232.9414,-1552.01,0.2
6783,5.48,0.0141,-0.35,0.29
6784,5.56,0.018,-0.45,0.34
6785,5.8,17.5811,-439.53,0.32
6786,9.96,120045.7909,-631.81,0.25
6787,7.88,0.0134,-0.34,0.32
6788,6.56,4842.9303,-752.68,0.33
6789,7.56,0.0141,-0.35,0.31
6790,5.48,0.0383,-0.96,0.24
6791,7.72,0.0102,-0.26,0.28
6792,6.28,834648.9238,-1146.8,0.3
6793,5.92,0.0133,-0.33,0.43
6794,8.68,7.3618,-184.05,0.28
6795,5.6,1.7763,-44.41,0.33
6796,9.12,64473.891,-511.28,0.2
6797,9.64,120045.5139,-374.93,0.18
6798,5.6,0.0226,-0.57,0.24
6799,5.6,0.0162,-0.41,0.21
6800,5.48,0.0187,-0.47,0.22
6801,8.48,14.4506,-361.26,0.22
6802,5.68,0.0162,-0.41,0.28
6803,7.92,113367.1742,-1260.86,0.27
6804,7.6,2.0332,-50.83,0.28
6805,7.68,0.0115,-0.29,0.25
6806,7.72,0.0149,-0.37,0.22
6807,7.68,0.0107,-0.27,0.25
6808,5.8,1.7756,-44.39,0.25
6809,5.92,1382098.5524,-1838.64,0.24
6810,5.8,1.7724,-44.31,0.25
6811,7.72,0.0144,-0.36,0.27
6812,7.56,0.0146,-0.37,0.22
6813,5.6,0.0194,-0.49,0.23
6814,5.6,0.0142,-0.35,0.25
6815,6.48,766796.3225,-798.12,0.25
6816,5.48,0.0174,-0.44,0.26
6817,5.48,0.0154,-0.39,0.26
6818,7.6,0.0113,-0.28,0.25
6819,5.6,1.774,-44.35,0.25
6820,10.04,120043.0609,-313.6,0.22
6821,5.68,0.0192,-0.48,0.24
6822,5.64,0.0228,-0.57,0.25
6823,5.48,0.0176,-0.44,0.24
6824,7.68,0.0127,-0.32,0.22
6825,7.72,0.0113,-0.28,0.23
6826,5.56,0.0174,-0.43,0.25
6827,10.28,360083.9409,-254.1,0.23
6828,5.6,0.1166,-2.91,0.23
6829,5.6,0.1141,-2.85,0.22
6830,7.6,0.011,-0.27,0.25
6831,6.36,249.66,-2000.95,0.22
6832,9.8,120040.9197,-260.07,0.21
6833,7.76,0.0208,-0.52,0.22
6834,5.68,0.0138,-0.34,0.26
6835,7.2,157.6143,-1251.38,0.24
6836,7.72,0.0214,-0.54,0.22
6837,5.64,1.7732,-44.33,0.3
6838,6.76,986142.4316,-1389.77,0.25
6839,5.48,1.775,-44.37,0.26
6840,7.6,0.0147,-0.37,0.29
6841,5.48,0.1099,-2.75,0.28
6842,5.6,0.1115,-2.79,0.26
6843,9.52,120043.088,-314.28,0.39
6844,5.56,32238.4939,-294.35,0.34
6845,5.64,8.7976,-219.94,0.31
6846,7.72,0.0201,-0.5,0.32
6847,8.64,32236.7492,-500.71,0.29
6848,7.72,0.0129,-0.32,0.37
6849,5.48,0.0206,-0.51,0.26
6850,5.68,0.0156,-0.39,0.24
6851,9.08,32236.7641,-251.1,0.31
6852,7.68,0.0118,-0.29,0.36
6853,5.48,0.114,-2.85,0.31
6854,5.84,2.249,-56.22,0.25
6855,6.52,1784529.6435,-2136.03,0.22
6856,7.92,0.7298,-18.24,0.22
6857,6.56,339253.2363,-499.21,0.22
6858,7.72,0.0207,-0.52,0.25
6859,7.6,0.0145,-0.36,0.23
6860,7.6,0.013,-0.33,0.22
6861,6.44,886697.5783,-1058.88,0.28
6862,6.6,798396.6818,-983.01,0.89
6863,7.6,0.0128,-0.32,0.26
6864,7.64,0.0132,-0.33,0.23
6865,5.6,1.7759,-44.4,0.25
6866,5.6,1.7692,-44.23,0.22
6867,7.56,0.0145,-0.36,0.3
6868,5.56,0.0167,-0.42,0.23
6869,7.76,0.0128,-0.32,0.24
6870,5.64,8.8016,-220.04,0.3
6871,8.48,7.246,-431.15,0.24
6872,5.6,0.0125,-0.31,0.21
6873,5.48,0.0192,-0.48,0.25
6874,7.72,0.0118,-0.3,0.21
6875,5.6,0.1178,-2.94,0.24
6876,7.56,0.0141,-0.35,0.32
6877,7.68,0.013,-0.32,0.27
6878,5.48,0.0153,-0.38,0.24
6879,5.8,120014.9647,-283.24,0.29
6880,10.6,0.4888,-12.22,0.21
6881,7.92,0.0407,-1.02,0.21
6882,5.68,0.1134,-2.83,0.26
6883,6.56,1137634.4483,-1095.47,0.23
6884,9.36,240085.9871,-623.84,0.21
6885,7.56,0.0124,-0.31,0.26
6886,10.92,0.0164,-0.41,0.2
6887,7.56,0.0144,-0.36,0.2
6888,5.64,0.0201,-0.5,0.27
6889,5.48,0.0183,-0.46,0.24
6890,8.44,7.3714,-184.29,0.31
6891,9.4,120043.1207,-315.1,0.23
6892,6.28,1716679.5035,-1348.89,0.35
6893,5.64,8.7985,-219.96,0.26
6894,5.6,0.1086,-2.71,0.23
6895,6.04,407093.6983,-544.41,0.22
6896,6.32,2284589.0432,-2058.31,0.23
6897,5.48,1.7726,-44.31,0.22
6898,5.6,1.7704,-44.26,0.23
6899,5.56,0.0184,-0.46,0.24
6900,10.6,0.3344,-8.36,0.21
6901,5.6,1.7746,-44.36,0.29
6902,5.48,0.0217,-0.54,0.27
6903,7.6,0.0139,-0.35,0.26
6904,5.68,0.015,-0.38,0.3
6905,7.72,0.0215,-0.54,0.27
6906,5.64,0.1116,-2.79,0.23
6907,5.72,1.7111,-42.78,0.34
6908,10.28,0.8052,-20.13,0.36
6909,5.52,0.0162,-0.41,0.31
6910,7.0,231.8837,-2000.97,0.32
6911,7.72,0.0143,-0.36,0.29
6912,5.48,0.0156,-0.39,0.27
6913,5.64,1.7686,-44.21,0.38
6914,5.6,1.771,-44.28,0.32
6915,10.48,0.3295,-8.24,0.3
6916,8.84,7.2471,-431.14,0.25
6917,7.72,0.0133,-0.33,0.24
6918,7.56,0.0128,-0.32,0.24
6919,5.48,1.7737,-44.34,0.32
6920,7.56,0.0124,-0.31,0.31
6921,6.56,427555.2493,-602.99,0.25
6922,7.88,38.227,-250.3,0.21
6923,6.56,866243.3597,-1183.61,0.32
6924,7.32,4982.0447,-2009.05,0.25
6925,5.68,0.0215,-0.54,0.4
6926,5.48,1.7688,-44.22,0.35
6927,7.72,0.0132,-0.33,0.28
6928,5.6,0.1192,-2.98,0.23
6929,7.68,0.0141,-0.35,0.22
6930,7.68,0.0136,-0.34,0.2
6931,7.56,0.0113,-0.28,0.24
6932,5.92,474940.876,-757.5,0.2
6933,5.48,0.0192,-0.48,0.24
6934,5.56,1.7692,-44.23,0.24
6935,8.48,359851.8971,-439.94,0.23
6936,7.2,0.0725,-1.81,0.2
6937,7.48,0.0686,-1.71,0.24
6938,5.84,1913752.3179,-1795.97,0.22
6939,7.56,0.0689,-1.72,0.23
6940,5.68,1.8737,-46.84,0.27
6941,9.08,0.0355,-0.89,0.23
6942,9.52,4.944,-123.6,0.21
6943,5.36,1.7828,-294.56,0.23
6944,7.72,0.0116,-0.29,0.24
6945,5.48,0.1179,-2.95,0.27
6946,5.48,1.7692,-44.23,0.25
6947,9.88,240086.0332,-624.99,0.23
6948,6.36,474944.4211,-846.13,0.24
6949,5.6,0.115,-2.87,0.26
6950,9.52,32236.7633,-251.08,0.21
6951,7.8,0.0136,-0.34,0.24
6952,9.96,239124.2746,-562.41,0.23
6953,5.48,0.1162,-2.9,0.23
6954,8.64,14.3491,-358.73,0.22
6955,11.16,0.9648,-24.12,0.21
6956,7.68,0.0121,-0.3,0.24
6957,5.48,0.02,-0.5,0.27
6958,5.48,0.1139,-2.85,0.26
6959,9.32,64473.4623,-750.53,0.24
6960,9.52,120045.4923,-374.39,0.23
6961,5.64,8.797,-219.93,0.25
6962,5.6,0.0129,-0.32,0.23
6963,7.72,0.0113,-0.28,0.21
6964,7.6,0.0131,-0.33,0.25
6965,5.6,0.0193,-0.48,0.27
6966,9.08,0.0341,-250.84,0.25
6967,6.52,212.262,-2000.98,0.23
6968,7.68,0.0113,-0.28,0.25
6969,9.8,360124.0596,-812.73,0.21
6970,5.8,0.1159,-2.9,0.24
6971,7.72,0.0214,-0.53,0.24
6972,5.64,0.0314,-0.78,0.26
6973,5.6,1.7734,-44.33,0.25
6974,5.48,0.0176,-0.44,0.23
6975,7.68,0.0151,-0.38,0.22
6976,7.88,0.0442,-1.1,0.24
6977,5.84,0.0209,-0.52,0.24
6978,7.56,0.0124,-0.31,0.28
6979,7.88,0.0147,-250.35,0.82
6980,6.28,1961383.7392,-1845.67,0.24
6981,7.76,0.0228,-0.57,0.24
6982,7.84,0.0148,-0.37,0.22
6983,7.88,0.0151,-0.38,0.26
6984,8.68,0.0825,-2.06,0.23
6985,5.84,0.0274,-0.68,0.24
6986,5.64,0.116,-2.9,0.25
6987,8.64,0.165,-4.13,0.21
6988,9.96,240083.4973,-561.6,0.25
6989,7.68,0.0111,-0.28,0.25
6990,7.56,0.0146,-0.37,0.22
6991,5.6,0.019,-0.48,0.21
6992,6.6,15.2528,-381.32,0.21
6993,7.68,0.0141,-0.35,0.22
6994,5.8,0.0166,-0.41,0.23
6995,10.64,4.2342,-105.86,0.25
6996,5.36,1.7862,-44.65,0.23
6997,7.68,0.0123,-0.31,0.24
6998,8.64,7.5197,-187.99,0.22
6999,5.8,0.016,-0.4,0.23
7000,5.48,0.021,-0.53,0.22
7001,10.84,0.6554,-16.38,0.23
7002,6.52,1137636.2863,-1141.42,0.22
7003,10.56,0.4902,-12.26,0.2
7004,8.56,14.5862,-364.65,0.21
7005,6.92,215.3305,-1751.02,0.21
7006,7.72,0.0192,-0.48,0.21
7007,7.72,0.0121,-0.3,0.22
7008,7.72,0.0131,-0.33,0.21
7009,8.72,0.0173,-0.43,0.24
7010,8.96,0.0244,-0.61,0.2
7011,5.72,1146957.8553,-1044.35,0.22
7012,7.24,0.1261,-3.15,0.21
7013,7.88,0.0149,-0.37,0.22
7014,6.28,1924888.3412,-1852.65,0.22
7015,5.64,0.013,-0.33,0.25
7016,7.72,0.0138,-0.35,0.22
7017,5.6,0.1152,-2.88,0.22
7018,5.56,0.0137,-0.34,0.21
7019,5.48,0.0149,-0.37,0.27
7020,9.4,479202.9551,-1003.58,0.25
7021,7.56,0.01,-0.25,0.23
7022,11.16,5.989,-149.73,0.26
7023,10.12,480167.0303,-1124.09,0.22
7024,7.72,0.0142,-0.36,0.23
7025,7.56,0.0146,-0.37,0.24
7026,6.52,459149.69,-639.91,0.21
7027,5.72,0.0157,-0.39,0.21
7028,6.6,2056039.3238,-2192.45,0.26
7029,5.48,0.0157,-0.39,0.29
7030,7.64,0.0126,-0.32,0.23
7031,5.6,1.7734,-44.33,0.22
7032,7.72,0.0117,-0.29,0.22
7033,6.36,1085581.2377,-1069.49,0.23
7034,5.64,0.0212,-0.53,0.24
7035,5.84,0.015,-0.38,0.29
7036,5.48,0.0156,-0.39,0.24
7037,5.6,0.1116,-2.79,0.23
7038,5.48,0.0179,-0.45,0.25
7039,5.68,0.02,-0.5,0.22
7040,5.6,0.0132,-0.33,0.24
7041,5.6,0.1173,-2.93,0.21
7042,5.6,0.1193,-2.98,0.22
7043,5.84,0.1129,-2.82,0.25
7044,5.72,0.0157,-0.39,0.23
7045,5.56,0.0212,-0.53,0.23
7046,5.72,0.0164,-0.41,0.25
7047,7.68,0.0124,-0.31,0.22
7048,8.6,360166.6183,-250.72,0.22
7049,10.2,119086.2156,-623.83,0.23
7050,5.6,1.7716,-44.29,0.24
7051,8.0,0.0145,-0.36,0.23
7052,5.56,0.0151,-0.38,0.26
7053,5.64,0.0263,-0.66,0.25
7054,7.68,0.0136,-0.34,0.22
7055,5.6,1.7696,-44.24,0.23
7056,5.6,0.1132,-2.83,0.23
7057,5.48,0.019,-0.48,0.24
7058,7.72,0.0138,-0.35,0.2
7059,5.64,0.1134,-2.84,0.24
7060,10.16,238167.7756,-631.31,0.19
7061,7.24,9591.9073,-1034.77,0.22
7062,5.8,19.7145,-250.4,0.24
7063,5.68,0.0182,-0.46,0.37
7064,5.64,0.0167,-0.42,0.35
7065,5.88,0.0165,-0.41,0.22
7066,6.64,459155.2445,-778.78,0.21
7067,5.68,1.7722,-44.31,0.21
7068,5.64,0.017,-0.42,0.25
7069,7.84,0.297,-7.42,0.21
7070,5.64,0.1162,-2.9,0.34
7071,6.56,918292.4088,-1105.55,0.25
7072,7.04,4924.3206,-1509.21,0.21
7073,8.72,0.4805,-12.01,0.26
7074,7.72,0.0143,-0.36,0.32
7075,7.72,0.0122,-0.3,0.25
7076,8.88,64473.5255,-502.14,0.19
7077,10.96,0.0136,-0.34,0.24
7078,5.6,0.1137,-2.84,0.24
7079,5.48,0.015,-0.37,0.23
7080,7.68,0.0132,-0.33,0.21
7081,9.84,120040.543,-250.66,0.23
7082,7.68,0.0125,-0.31,0.24
7083,5.6,0.0157,-0.39,0.21
7084,5.48,0.0195,-0.49,0.22
7085,5.6,0.114,-2.85,0.23
7086,7.6,0.0132,-0.33,0.22
7087,7.68,0.0136,-0.34,0.24
7088,5.6,0.0147,-0.37,0.25
7089,7.72,0.0137,-0.34,0.2
7090,5.68,0.02,-0.5,0.21
7091,5.6,0.1121,-2.8,0.23
7092,5.48,0.115,-2.87,0.21
7093,6.16,886699.0486,-1095.63,0.23
7094,5.32,1.8859,-47.15,0.23
7095,7.6,0.0704,-1.76,0.21
7096,7.68,0.0159,-0.4,0.27
7097,9.48,32236.7536,-250.84,0.22
7098,9.76,120043.0641,-313.68,0.25
7099,5.64,1.773,-44.32,0.29
7100,10.2,239124.2808,-562.56,0.21
7101,7.56,19.2572,-250.27,0.21
7102,7.48,0.012,-0.3,0.2
7103,8.6,14.6872,-367.18,0.22
7104,5.48,0.0183,-0.46,0.28
7105,5.6,1.777,-44.43,0.29
7106,7.72,0.0144,-0.36,0.82
7107,8.52,7.6406,-191.02,0.2
7108,6.2,1737138.299,-1338.58,0.2
7109,9.8,120042.9968,-312.0,0.19
7110,5.6,0.0167,-0.42,0.23
7111,10.56,238162.562,-500.97,0.3
7112,5.68,0.0132,-0.33,0.3
7113,5.8,0.015,-0.37,0.22
7114,5.48,0.1183,-2.96,0.22
7115,9.4,128947.0482,-1004.21,0.22
7116,5.56,0.0178,-0.44,0.22
7117,7.68,0.0128,-0.32,0.21
7118,7.48,0.1034,-2.59,0.2
7119,5.6,1.7776,-44.44,0.23
7120,9.36,64473.5215,-502.04,0.23
7121,5.52,0.112,-2.8,0.28
7122,8.52,14.5692,-364.23,0.28
7123,5.52,1.7753,-44.38,0.22
7124,5.76,0.0196,-0.49,0.22
7125,9.16,32236.8086,-252.22,0.21
7126,7.72,0.0224,-0.56,0.21
7127,5.6,0.1116,-2.79,0.31
7128,5.48,0.0189,-0.47,0.36
7129,7.56,0.012,-0.3,0.31
7130,5.4,0.2086,-5.21,0.32
7131,7.12,135.019,-1251.06,0.34
7132,8.44,152.8708,-1000.26,0.32
7133,5.88,0.0155,-0.39,0.3
7134,9.32,7.6209,-190.52,0.32
7135,7.12,4854.9888,-1283.75,0.25
7136,5.6,1.8694,-46.73,0.31
7137,5.88,1.7978,-44.95,0.23
7138,5.76,8.812,-220.3,0.31
7139,6.44,798392.6743,-882.82,0.42
7140,5.96,0.0156,-0.39,0.34
7141,6.04,3.5325,-88.31,0.35
7142,8.52,0.8516,-21.29,0.22
7143,6.4,17.7125,-294.31,0.28
7144,6.64,0.0163,-0.41,0.25
7145,8.6,76.7224,-507.31,0.22
7146,6.36,0.1147,-2.87,0.26
7147,8.56,114.6563,-750.28,0.24
7148,6.48,114730.4945,-294.29,0.25
7149,6.52,0.0159,-0.4,0.23
7150,6.64,0.115,-2.88,0.25
7151,6.44,0.0159,-0.4,0.23
7152,10.76,357246.8457,-826.52,0.22
7153,8.56,77.2816,-521.29,0.24
7154,6.52,0.0288,-0.72,0.24
7155,8.68,76.7261,-507.4,0.22
7156,8.52,38.5078,-257.32,0.22
7157,11.32,0.7938,-19.84,0.21
7158,8.6,115.2155,-764.26,0.22
7159,8.44,39.0658,-271.27,0.22
7160,7.16,1373016.7582,-1430.4,0.24
7161,7.64,182.8242,-1776.27,0.22
7162,7.16,475304.1665,-769.85,0.22
7163,10.44,238162.5535,-500.76,0.29
7164,6.52,8.7978,-219.94,0.27
7165,6.52,0.0148,-0.37,0.26
7166,8.44,115.4944,-771.23,0.22
7167,7.2,719695.7276,-1144.66,0.23
7168,8.52,115.2175,-764.31,0.21
7169,8.64,153.4318,-1014.29,0.22
7170,6.48,0.0151,-0.38,0.26
7171,6.44,0.016,-0.4,0.25
7172,6.64,15.9553,-250.38,0.28
7173,10.36,720336.575,-584.89,0.23
7174,8.56,76.721,-507.27,0.22
7175,8.44,0.0114,-0.29,0.22
7176,8.56,0.8507,-21.27,0.21
7177,10.92,0.3777,-9.44,0.22
7178,8.56,1.1293,-28.23,0.22
7179,6.52,8.8002,-220.0,0.24
7180,8.44,0.5745,-14.36,0.24
7181,6.56,0.0148,-0.37,0.25
7182,11.64,0.6628,-266.55,0.2
7183,6.84,459169.6108,-900.05,0.2
7184,10.44,476325.1012,-1001.37,0.21
7185,6.64,39.4116,-500.35,0.23
7186,8.6,0.4834,-12.08,0.22
7187,6.36,8329.9578,-544.27,0.27
7188,9.96,96716.9294,-919.24,0.24
7189,8.76,39.0638,-271.22,0.23
7190,8.56,77.2794,-521.23,0.24
7191,7.48,1075197.6573,-1308.98,0.24
7192,8.56,0.8514,-21.28,0.21
7193,6.44,0.0127,-0.32,0.29
7194,8.56,39.3433,-278.21,0.22
7195,8.48,38.507,-257.3,0.28
7196,6.68,0.0155,-0.39,0.26
7197,10.4,392434.152,-918.76,0.23
7198,6.56,0.0173,-0.43,0.27
7199,6.72,33879.2239,-251.32,0.27
7200,6.64,15.955,-250.37,0.22
7201,8.92,38.5768,-259.04,0.23
7202,7.52,1901011.7531,-1612.81,0.21
7203,6.88,26.4604,-661.51,0.23
7204,8.28,5250.1428,-3278.89,0.24
7205,7.28,1070445.5984,-1036.7,0.22
7206,10.08,4867.085,-560.24,0.21
7207,8.8,50.0121,-500.92,0.24
7208,7.36,33905.5458,-909.37,0.26
7209,7.4,955073.651,-1119.94,0.24
7210,10.32,4854.7494,-251.85,0.22
7211,10.88,1031643.854,-1000.85,0.23
7212,7.08,36.9163,-922.91,0.26
7213,7.24,8.8198,-220.49,0.23
7214,8.16,1075199.9402,-1366.06,0.28
7215,6.92,17.6509,-691.26,0.23
7216,6.84,33879.1844,-250.34,0.23
7217,8.0,441.6678,-2779.29,0.22
7218,10.44,1074618.959,-1089.53,0.21
7219,8.8,77.013,-514.57,0.24
7220,9.36,0.8692,-21.73,0.22
7221,9.52,23.8317,-507.77,0.26
7222,6.6,2703.4872,-250.34,0.26
7223,7.24,1194933.8441,-1099.26,0.26
7224,6.72,114730.506,-294.57,0.25
7225,9.76,33886.3969,-430.65,0.22
7226,6.36,1.7752,-44.38,0.82
7227,9.44,12.3518,-264.78,0.23
7228,7.48,954963.7121,-1191.7,0.23
7229,6.48,0.1114,-2.79,0.26
7230,11.08,9.0464,-226.16,0.21
7231,7.4,835176.1636,-953.39,0.24
7232,10.64,360238.8921,-1000.65,0.21
7233,11.64,0.9388,-273.45,0.22
7234,6.52,17.5816,-439.54,0.23
7235,8.84,115.2226,-764.44,0.21
7236,10.84,1416281.2692,-1668.67,0.2
7237,9.52,0.0307,-0.77,0.24
7238,8.12,480.7361,-3280.22,0.25
7239,7.48,1070436.3058,-804.38,0.22
7240,11.56,77.2896,-326.19,0.21
7241,9.4,12.6352,-271.87,0.22
7242,9.4,23.8299,-507.73,0.24
7243,6.36,0.0153,-0.38,0.24
7244,9.68,12.9279,-323.2,0.28
7245,6.36,0.1694,-4.23,0.31
7246,6.52,0.0295,-0.74,0.28
7247,10.68,1074715.1299,-2084.58,0.21
7248,9.24,1.1614,-29.03,0.25
7249,12.2,0.5529,-13.82,0.22
7250,7.48,4.7034,-117.59,0.25
7251,6.48,17.7109,-294.27,0.24
7252,6.44,0.0157,-0.39,0.22
7253,9.4,0.0321,-0.8,0.25
7254,9.4,12.6368,-271.91,0.24
7255,6.48,120013.6498,-250.37,0.25
7256,6.52,8.7959,-219.9,0.23
7257,6.64,1.7701,-44.25,0.23
7258,10.68,720381.4521,-1002.21,0.23
7259,7.68,719921.6998,-1153.48,0.24
7260,11.4,357244.1495,-759.12,0.22
7261,8.44,463.1169,-2750.95,0.25
7262,11.24,119090.5345,-481.82,0.23
7263,8.8,12.9272,-279.17,0.22
7264,9.32,12.0703,-257.75,0.24
7265,7.44,830578.4861,-884.4,0.25
7266,8.36,608.9217,-3750.83,0.21
7267,6.52,33879.1847,-250.34,0.25
7268,7.28,954960.6889,-1116.12,0.22
7269,11.64,3.377,-334.4,0.2
7270,8.16,480.6986,-3279.29,0.23
7271,6.68,0.0149,-0.37,0.22
7272,9.56,12.3612,-265.02,0.26
7273,6.44,0.0136,-0.34,0.3
7274,7.0,0.0258,-0.65,0.22
7275,9.4,11.7932,-250.82,0.23
7276,9.4,0.0295,-0.74,0.25
7277,6.56,1.7705,-44.26,0.23
7278,8.28,480.671,-3278.59,0.24
7279,9.6,11.8214,-251.52,0.26
7280,7.64,595312.1534,-878.65,0.24
7281,9.44,12.3596,-264.98,0.23
7282,7.92,719806.1571,-1085.16,0.21
7283,12.48,0.1665,-4.16,0.21
7284,6.88,8.7974,-219.93,0.23
7285,8.96,12.343,-264.57,0.22
7286,6.56,0.0141,-0.35,0.26
7287,8.72,153.159,-1007.47,0.2
7288,9.28,1.4316,-35.79,0.26
7289,7.92,839708.0374,-1361.53,0.21
7290,10.72,720364.027,-918.89,0.21
7291,7.56,1790242.2335,-1883.8,0.22
7292,9.36,12.3496,-264.73,0.23
7293,7.32,1430363.9312,-1542.63,0.22
7294,7.28,33914.3306,-1128.99,0.25
7295,7.56,715159.8382,-636.13,0.27
7296,10.96,360218.1918,-835.45,0.22
7297,6.64,0.014,-0.35,0.24
7298,9.08,12.6369,-271.91,0.21
7299,6.52,0.0796,-1.99,0.22
7300,6.44,15.9532,-250.33,0.23
7301,12.64,0.4332,-10.83,0.24
7302,10.6,20.2471,-756.17,0.24
7303,9.88,33879.8578,-517.16,0.24
7304,6.64,114728.7358,-250.32,0.3
7305,7.6,1079794.7311,-1362.88,0.23
7306,6.44,33879.2006,-250.74,0.23
7307,9.04,39.3566,-278.54,0.21
7308,12.56,0.303,-7.57,0.2
7309,9.44,24.1108,-514.75,0.25
7310,6.44,0.0135,-0.34,0.25
7311,6.6,19.4352,-485.88,0.25
7312,6.48,379.9276,-253.02,0.23
7313,7.28,359881.0273,-409.3,0.26
7314,8.64,0.5733,-14.33,0.24
7315,8.2,78.1347,-542.61,0.24
7316,8.64,497.6679,-757.25,0.25
7317,6.56,0.0144,-0.36,0.26
7318,6.64,0.0182,-0.46,0.24
7319,6.52,0.0133,-0.33,0.26
7320,6.64,0.015,-0.38,0.22
7321,7.6,1425715.915,-1051.17,0.26
7322,6.48,1.771,-44.27,0.25
7323,7.36,1065842.6847,-836.8,0.23
7324,7.2,1278172.0744,-1480.8,0.23
7325,9.24,0.2378,-5.95,0.21
7326,7.28,830461.6801,-784.49,0.25
7327,8.44,39.0647,-271.24,0.25
7328,8.44,39.0986,-272.09,0.24
7329,6.76,1377550.4184,-1633.21,0.22
7330,6.24,0.0168,-0.42,0.23
7331,5.76,0.014,-0.35,0.23
7332,6.92,803155.0836,-1033.23,0.24
7333,8.52,39.0666,-271.29,0.21
7334,11.52,6.6227,-415.56,0.22
7335,11.44,1.7386,-43.47,0.23
7336,7.72,9575.9235,-1025.97,0.2
7337,8.76,0.85,-21.25,0.23
7338,6.36,798390.5558,-829.86,0.24
7339,8.68,38.535,-507.99,0.2
7340,9.48,8.2369,-205.92,0.2
7341,8.44,39.0659,-271.27,0.23
7342,7.16,4824.7116,-1001.03,0.25
7343,8.48,38.5072,-257.3,0.24
7344,7.68,14357.7513,-1500.66,0.22
7345,8.24,38.7907,-264.39,0.21
7346,5.48,0.0162,-0.41,0.21
7347,5.76,0.1835,-4.59,0.22
7348,5.48,0.0192,-0.48,0.23
7349,7.72,0.0147,-0.37,0.22
7350,7.56,0.0155,-0.39,0.25
7351,9.28,65946.7577,-251.42,0.23
7352,7.68,0.0122,-0.3,0.25
7353,5.8,0.0132,-0.33,0.82
7354,5.56,1.7706,-44.26,0.23
7355,5.6,1.7691,-44.23,0.23
7356,7.6,0.0121,-0.3,0.24
7357,10.52,2.4995,-312.48,0.22
7358,8.48,7.3095,-182.74,0.23
7359,7.96,459.1758,-500.32,0.26
7360,10.24,0.0477,-1.19,0.27
7361,7.72,38.2286,-250.34,0.23
7362,5.56,0.0155,-0.39,0.26
7363,7.68,0.013,-0.33,0.23
7364,7.64,0.0132,-0.33,0.22
7365,5.48,0.0176,-0.44,0.22
7366,6.8,339247.1646,-347.41,0.21
7367,10.32,357248.7239,-873.48,0.21
7368,5.6,0.0185,-0.46,0.23
7369,8.24,14.3857,-359.64,0.22
7370,5.56,0.0154,-0.39,0.23
7371,7.56,0.0155,-0.39,0.2
7372,7.84,0.0122,-0.31,0.2
7373,5.6,0.0172,-0.43,0.23
7374,5.48,0.0169,-0.42,0.23
7375,5.52,0.0154,-0.39,0.22
7376,7.88,0.2908,-7.27,0.23
7377,5.6,0.0124,-0.31,0.25
7378,5.48,0.112,-2.8,0.22
7379,5.68,0.0162,-0.4,0.23
7380,6.56,359710.1114,-940.87,0.2
7381,9.6,64473.5852,-503.63,0.21
7382,7.72,0.0133,-0.33,0.26
7383,7.56,0.0149,-0.37,0.21
7384,7.8,0.016,-0.4,0.2
7385,5.76,0.0208,-0.52,0.24
7386,5.56,0.0176,-0.44,0.22
7387,5.48,0.0133,-0.33,0.22
7388,8.52,7.2041,-180.1,0.2
7389,6.24,1001935.097,-1544.34,0.21
7390,7.68,0.0125,-0.31,0.25
7391,5.48,0.0534,-1.33,0.21
7392,5.48,0.0174,-0.44,0.22
7393,5.6,0.1171,-2.93,0.23
7394,6.52,1017737.1591,-933.88,0.2
7395,7.88,0.0148,-0.37,0.21
7396,7.68,0.013,-0.33,0.2
7397,6.12,526996.2859,-838.46,0.2
7398,10.6,0.3317,-8.29,0.2
7399,7.68,0.0128,-0.32,0.21
7400,5.6,0.016,-0.4,0.27
7401,5.6,0.1099,-2.75,0.23
7402,5.48,0.016,-0.4,0.27
7403,5.4,1.7766,-44.42,0.22
7404,5.8,0.0181,-0.45,0.23
7405,7.68,0.0146,-0.36,0.22
7406,5.48,0.0178,-0.45,0.22
7407,5.6,1.77,-44.25,0.22
7408,6.44,1293787.4376,-1507.31,0.22
7409,5.68,0.1166,-2.92,0.25
7410,8.04,76.7206,-507.26,0.22
7411,5.48,0.095,-2.37,0.26
7412,7.64,0.0108,-0.27,0.23
7413,11.0,0.6571,-16.43,0.2
7414,5.56,0.0239,-0.6,0.26
7415,8.92,21.9149,-547.87,0.22
7416,5.56,0.0148,-0.37,0.22
7417,7.72,0.0109,-0.27,0.19
7418,5.68,0.0155,-0.39,0.26
7419,5.4,0.12,-3.0,0.24
7420,7.68,0.0141,-0.35,0.23
7421,7.68,0.0154,-0.39,0.21
7422,7.8,0.0123,-0.31,0.2
7423,10.44,0.0191,-0.48,0.23
7424,5.56,1.7741,-44.35,0.22
7425,7.56,0.0138,-0.35,0.21
7426,5.6,0.1152,-2.88,0.22
7427,6.6,1696221.9383,-1389.96,0.2
7428,6.28,866243.3866,-1184.28,0.21
7429,5.56,0.0148,-0.37,0.23
7430,5.44,0.1168,-2.92,0.22
7431,7.8,0.014,-0.35,0.24
7432,9.64,96710.2408,-752.02,0.22
7433,7.56,0.0145,-0.36,0.22
7434,5.6,0.0145,-0.36,0.24
7435,5.4,0.1124,-2.81,0.25
7436,8.84,0.02,-0.5,0.23
7437,7.88,0.0136,-0.34,0.22
7438,5.52,0.0134,-0.33,0.24
7439,9.36,128946.9105,-1000.76,0.19
7440,5.44,0.112,-2.8,0.21
7441,5.56,0.2118,-5.3,0.23
7442,7.68,0.0126,-0.32,0.21
7443,9.76,2.6062,-65.16,0.22
7444,9.72,128946.9103,-1000.76,0.22
7445,5.6,0.1156,-2.89,0.23
7446,7.72,0.0141,-0.35,0.24
7447,7.52,0.0129,-0.32,0.23
7448,5.64,0.0207,-0.52,0.29
7449,5.52,0.0155,-0.39,0.23
7450,6.64,339250.3416,-426.84,0.24
7451,6.36,1006601.4158,-1384.18,0.2
7452,5.68,0.0156,-0.39,0.22
7453,7.56,0.0133,-0.33,0.24
7454,7.68,0.0155,-0.39,0.23
7455,10.6,0.961,-24.02,0.2
7456,7.8,0.0741,-1.85,0.21
7457,7.68,0.014,-0.35,0.21
7458,5.48,0.0156,-0.39,0.21
7459,5.6,0.1148,-2.87,0.22
7460,5.56,0.0157,-0.39,0.24
7461,7.8,0.0132,-0.33,0.22
7462,5.64,8.8014,-220.04,0.22
7463,5.6,1.7709,-44.27,0.24
7464,5.6,1.7722,-44.31,0.24
7465,5.6,1.7684,-44.21,0.21
7466,5.6,0.1122,-2.8,0.21
7467,5.4,1.774,-44.35,0.32
7468,6.52,1476880.9714,-1426.85,0.3
7469,7.56,0.0159,-0.4,0.26
7470,7.6,0.0147,-0.37,0.26
7471,5.6,1.7724,-44.31,0.37
7472,5.52,1.7722,-44.3,0.24
7473,7.56,0.0129,-0.32,0.23
7474,6.28,1017731.5912,-794.68,0.21
7475,5.4,5.2845,-132.11,0.25
7476,5.84,0.0205,-0.51,0.22
7477,5.6,1.7695,-44.24,0.28
7478,6.6,735210.5403,-1477.64,0.26
7479,6.68,4844.8583,-1260.09,0.23
7480,7.56,0.0171,-0.43,0.26
7481,5.68,0.0134,-0.34,0.22
7482,5.48,1.7713,-44.28,0.81
7483,7.72,0.0155,-0.39,0.22
7484,6.36,698953.1198,-684.4,0.21
7485,10.8,0.3342,-8.36,0.27
7486,5.68,0.0138,-0.35,0.29
7487,10.8,5.8527,-146.32,0.2
7488,6.6,359820.5878,-882.55,0.2
7489,7.56,0.013,-0.32,0.23
7490,7.72,0.0288,-0.72,0.22
7491,7.76,0.0132,-0.33,0.24
7492,8.44,7.2712,-181.78,0.25
7493,5.48,0.0128,-0.32,0.25
7494,5.68,0.0157,-0.39,0.28
7495,7.32,14456.7618,-2000.6,0.28
7496,5.84,0.1126,-2.81,0.23
7497,10.48,1006.4548,-258.18,0.19
7498,6.8,1764071.21,-1655.4,0.21
7499,8.84,64473.5134,-501.83,0.22
7500,5.44,0.2115,-5.29,0.22
7501,7.72,0.0114,-0.29,0.25
7502,8.48,32236.7361,-250.4,0.21
7503,9.4,7.4001,-185.0,0.21
7504,7.6,0.0149,-0.37,0.22
7505,7.72,0.0136,-0.34,0.21
7506,7.72,0.0136,-0.34,0.24
7507,5.48,0.0192,-0.48,0.23
7508,5.48,0.0255,-0.64,0.22
7509,6.4,886699.1996,-1099.41,0.21
7510,5.6,0.1133,-2.83,0.23
7511,10.84,5.669,-141.73,0.2
7512,7.6,0.0143,-0.36,0.24
7513,7.68,0.0148,-0.37,0.21
7514,5.48,0.1152,-2.88,0.22
7515,8.84,7.3016,-182.54,0.25
7516,7.72,0.0136,-0.34,0.21
7517,5.48,0.0134,-0.34,0.24
7518,5.52,0.2423,-6.06,0.22
7519,5.76,0.0118,-0.29,0.33
7520,5.68,0.0196,-0.49,0.28
7521,5.64,0.015,-0.37,0.35
7522,7.72,0.0142,-0.36,0.33
7523,5.48,0.022,-0.55,0.28
7524,6.64,1936021.809,-1845.45,0.26
7525,5.76,0.1134,-2.84,0.3
7526,8.4,0.5719,-14.3,0.26
7527,5.44,3.5296,-88.24,0.27
7528,7.68,0.0126,-0.31,0.23
7529,7.68,0.013,-0.33,0.24
7530,7.68,0.0144,-0.36,0.22
7531,5.68,0.0188,-0.47,0.27
7532,5.6,1.774,-44.35,0.28
7533,9.44,2.5887,-64.72,0.22
7534,6.0,1386764.6496,-1672.93,0.28
7535,5.64,0.0137,-0.34,0.25
7536,7.72,0.0132,-0.33,0.27
7537,5.8,0.115,-2.87,0.27
7538,7.68,0.0129,-0.32,0.24
7539,6.24,1872833.8673,-1795.1,0.22
7540,5.64,8.8004,-220.01,0.25
7541,7.68,0.0135,-0.34,0.22
7542,8.6,14.814,-370.35,0.21
7543,7.72,0.0124,-0.31,0.22
7544,5.64,8.8014,-220.03,0.27
7545,6.64,579057.2704,-1058.79,0.23
7546,5.72,0.0187,-0.47,0.23
7547,5.68,0.016,-0.4,0.28
7548,6.48,4901.1912,-1509.0,0.24
7549,5.6,0.0189,-0.47,0.24
7550,5.48,1.769,-44.22,0.23
7551,6.6,134.5424,-1009.54,0.27
7552,7.72,0.0131,-0.33,0.21
7553,7.72,0.1109,-2.77,0.24
7554,8.68,7.3537,-183.84,0.26
7555,7.64,282.0241,-250.38,0.28
7556,5.48,0.0217,-0.54,0.27
7557,7.88,420.9605,-250.32,0.26
7558,7.72,0.0172,-0.43,0.25
7559,6.96,138.1237,-1002.0,0.21
7560,5.48,0.0182,-0.46,0.23
7561,5.56,135697.3277,-500.49,0.22
7562,5.52,0.1146,-2.87,0.22
7563,5.84,1877496.6285,-2545.94,0.22
7564,8.4,0.0919,-252.29,0.21
7565,7.72,0.0217,-0.54,0.22
7566,7.88,0.0147,-0.37,0.22
7567,5.56,1.7753,-44.38,0.24
7568,5.56,0.0173,-0.43,0.23
7569,6.64,67855.7602,-427.66,0.22
7570,5.76,0.0204,-0.51,0.23
7571,10.48,5.6694,-141.73,0.22
7572,5.56,0.0156,-0.39,0.25
7573,10.48,239124.6017,-570.59,0.23
7574,6.08,0.018,-0.45,0.31
7575,7.96,0.0118,-0.29,0.25
7576,5.96,8.797,-219.92,0.25
7577,8.44,76.45,-500.5,0.22
7578,10.32,119083.7601,-312.46,0.2
7579,8.68,0.5602,-14.0,0.22
7580,5.88,0.0134,-0.33,0.26
7581,5.88,0.0176,-0.44,0.23
7582,6.16,1.7716,-44.29,0.25
7583,6.24,0.0136,-0.34,0.25
7584,8.28,67887.4382,-514.23,0.24
7585,6.24,4.8267,-120.67,0.24
7586,6.36,0.0118,-0.3,0.27
7587,9.36,225657.1715,-1753.29,0.24
7588,8.44,77.2867,-521.41,0.23
7589,8.44,38.5081,-257.33,0.26
7590,6.56,0.1141,-2.85,0.28
7591,11.36,0.9807,-24.52,0.27
7592,6.44,3.0713,-76.78,0.31
7593,10.32,476325.0673,-1000.52,0.23
7594,10.12,392403.36,-501.26,0.23
7595,9.32,6.9674,-174.18,0.22
7596,6.48,0.111,-2.77,0.25
7597,7.04,1517969.5879,-1877.36,0.23
7598,8.48,38.228,-250.32,0.27
7599,6.44,114728.8183,-252.38,0.23
7600,6.68,16.0508,-252.77,0.26
7601,6.68,0.0163,-0.41,0.25
7602,9.44,7.9602,-199.0,0.22
7603,7.92,38.7868,-264.29,0.23
7604,5.6,0.021,-0.52,0.24
7605,5.48,0.014,-0.35,0.25
7606,5.48,0.018,-0.45,0.22
7607,5.6,1.7716,-44.29,0.26
7608,5.68,0.1152,-2.88,0.22
7609,5.48,1.7732,-44.33,0.22
7610,7.56,0.0141,-0.35,0.22
7611,7.68,0.0125,-0.31,0.23
7612,5.64,0.0133,-0.33,0.22
7613,7.68,0.0137,-0.34,0.21
7614,6.64,1356978.3842,-1132.8,0.22
7615,7.72,0.0234,-0.59,0.22
7616,5.84,118939.5736,-250.44,0.25
7617,5.6,0.0132,-0.33,0.23
7618,7.72,0.0211,-0.53,0.25
7619,5.68,0.0204,-0.51,0.25
7620,5.48,0.116,-2.9,0.25
7621,6.8,307662.9362,-1065.78,0.22
7622,7.6,0.0144,-0.36,0.22
7623,7.72,0.0134,-0.34,0.22
7624,5.72,0.014,-0.35,0.23
7625,7.72,0.101,-2.53,0.24
7626,8.36,7.4275,-185.69,0.23
7627,7.84,0.2931,-7.33,0.24
7628,7.64,335726.5805,-250.28,0.23
7629,8.52,0.0532,-1.33,0.23
7630,5.72,0.0155,-0.39,0.28
7631,6.52,1205481.6266,-1308.58,0.27
7632,7.72,0.014,-0.35,0.22
7633,5.88,0.0636,-1.59,0.25
7634,5.88,0.0166,-0.42,0.25
7635,5.64,33879.1869,-250.4,0.28
7636,7.56,0.0144,-0.36,0.22
7637,6.48,1158097.7578,-1198.01,0.25
7638,5.64,8.8012,-220.03,0.28
7639,6.56,699071.3444,-1319.76,0.23
7640,5.48,0.0155,-0.39,0.23
7641,10.88,0.3355,-258.37,0.2
7642,7.56,0.015,-0.38,0.22
7643,5.48,0.0746,-1.86,0.24
7644,7.68,0.0134,-0.34,0.21
7645,7.76,0.2932,-7.33,0.21
7646,5.68,0.0178,-0.45,0.24
7647,9.76,0.3418,-258.52,0.2
7648,7.44,0.0129,-0.32,0.21
7649,5.6,0.0204,-0.51,0.27
7650,5.48,0.0184,-0.46,0.25
7651,7.32,0.0808,-2.02,0.21
7652,7.16,0.1844,-4.61,0.23
7653,7.84,113075.9828,-750.58,0.25
7654,5.4,1.7739,-44.35,0.26
7655,5.6,0.0164,-0.41,0.22
7656,7.68,0.1281,-3.2,0.22
7657,5.48,0.0176,-0.44,0.24
7658,5.64,0.0136,-0.34,0.24
7659,8.36,0.3843,-9.61,0.22
7660,5.48,0.1133,-2.83,0.23
7661,6.44,798396.219,-971.44,0.21
7662,5.8,0.019,-0.48,0.25
7663,5.6,1.7746,-44.36,0.23
7664,7.68,0.0144,-0.36,0.21
7665,8.16,19.293,-501.09,0.23
7666,5.68,1.7738,-44.34,0.27
7667,9.8,0.334,-8.35,0.2
7668,7.72,0.0147,-0.37,0.25
7669,6.12,1106043.2728,-1140.18,0.25
7670,6.52,1816124.9465,-1694.53,0.28
7671,7.56,0.0138,-0.35,0.22
7672,7.56,0.0102,-0.26,0.2
7673,7.68,0.0144,-0.36,0.21
7674,5.4,1.7898,-44.75,0.23
7675,7.68,0.0132,-0.33,0.24
7676,5.52,0.1129,-2.82,0.25
7677,7.72,0.0135,-0.34,0.22
7678,5.6,0.113,-2.82,0.24
7679,7.84,3.7102,-92.75,0.26
7680,7.68,0.012,-0.3,0.21
7681,7.68,0.0135,-0.34,0.21
7682,8.72,0.0193,-0.48,0.24
7683,7.72,0.1534,-3.83,0.23
7684,7.68,0.0142,-0.35,0.21
7685,5.48,0.0201,-0.5,0.23
7686,6.36,153.7308,-1251.37,0.22
7687,8.52,7.5494,-188.74,0.24
7688,7.52,0.0127,-0.32,0.25
7689,5.68,0.011,-0.28,0.27
7690,10.56,0.3347,-8.37,0.21
7691,5.96,8.8004,-220.01,0.25
7692,8.44,7.6225,-190.56,0.25
7693,5.84,0.0185,-0.46,0.24
7694,6.52,814432.9662,-978.38,0.2
7695,6.6,678493.5902,-676.36,0.21
7696,7.8,0.0182,-0.46,0.23
7697,6.6,193.0865,-1759.48,0.21
7698,6.0,495402.1172,-808.34,0.21
7699,5.8,1214806.5752,-1296.0,0.22
7700,7.68,0.0142,-0.36,0.21
7701,6.16,1554050.0593,-1551.4,0.22
7702,7.6,0.0134,-0.33,0.22
7703,7.4,0.0125,-0.31,0.26
7704,7.68,0.0144,-0.36,0.22
7705,5.6,1.7739,-44.35,0.33
7706,5.6,0.1146,-2.87,0.3
7707,9.44,120040.6869,-504.13,0.24
7708,8.68,359767.209,-692.15,0.26
7709,5.64,0.0289,-0.72,0.23
7710,5.48,0.0134,-0.34,0.25
7711,7.56,0.4104,-10.26,0.22
7712,5.6,0.0198,-0.5,0.26
7713,6.52,463935.3508,-1140.45,0.2
7714,7.76,145.9902,-265.0,0.2
7715,8.92,0.0228,-0.57,0.21
7716,5.6,0.0127,-0.32,0.26
7717,7.72,0.0124,-0.31,0.23
7718,5.6,1.7732,-44.33,0.26
7719,7.76,0.0171,-0.43,0.22
7720,7.72,0.0136,-0.34,0.22
7721,7.72,0.0171,-0.43,0.24
7722,6.0,1074445.5712,-1521.71,0.2
7723,8.84,120040.6049,-252.21,0.2
7724,5.6,0.1129,-2.82,0.22
7725,7.68,0.0137,-0.34,0.21
7726,5.48,0.0196,-0.49,0.27
7727,5.48,1.7724,-44.31,0.25
7728,5.4,0.112,-2.8,0.26
7729,5.64,0.0168,-0.42,0.25
7730,7.64,0.0984,-2.46,0.27
7731,5.6,0.1142,-2.86,0.83
7732,7.68,0.0102,-0.26,0.24
7733,6.0,1601439.2322,-1794.57,0.24
7734,7.44,0.0128,-0.32,0.22
7735,5.52,0.0168,-0.42,0.24
7736,7.4,0.0144,-0.36,0.22
7737,9.08,32236.7451,-500.6,0.22
7738,7.68,0.0139,-0.35,0.2
7739,10.68,0.0208,-0.52,0.2
7740,5.48,0.0198,-0.5,0.22
7741,7.72,0.0146,-0.36,0.21
7742,6.24,834649.1916,-1153.5,0.22
7743,7.68,0.0145,-0.36,0.23
7744,5.68,1.7744,-44.36,0.23
7745,7.88,0.0211,-0.53,0.22
7746,7.76,0.2909,-7.27,0.24
7747,5.64,0.0963,-2.41,0.25
7748,7.72,0.013,-0.32,0.2
7749,5.6,1.1702,-29.26,0.21
7750,5.6,0.014,-0.35,0.28
7751,7.68,0.0128,-0.32,0.24
7752,7.56,0.0124,-0.31,0.2
7753,6.72,99.936,-752.68,0.19
7754,7.64,0.0124,-0.31,0.22
7755,10.36,238165.0388,-562.89,0.24
7756,5.92,0.1152,-2.88,0.21
7757,9.4,128971.1078,-1253.39,0.21
7758,7.56,0.014,-0.35,0.2
7759,7.56,0.0143,-0.36,0.22
7760,9.48,96710.2486,-752.21,0.22
7761,8.76,0.7133,-17.83,0.21
7762,5.76,0.0166,-0.41,0.21
7763,9.68,225657.0677,-1750.69,0.23
7764,6.08,0.0166,-0.42,0.21
7765,10.76,478891.0513,-1250.82,0.2
7766,6.48,732830.5218,-890.16,0.21
7767,8.56,77.2805,-521.26,0.22
7768,10.4,476325.0703,-1000.6,0.22
7769,8.48,0.57,-14.25,0.21
7770,8.56,115.495,-771.24,0.29
7771,8.68,76.723,-507.32,0.29
7772,6.2,114737.5237,-470.02,0.24
7773,5.68,0.0164,-0.41,0.26
7774,7.72,0.013,-0.32,0.23
7775,7.68,0.0128,-0.32,0.24
7776,5.68,0.0452,-1.13,0.23
7777,7.56,0.0128,-0.32,0.2
7778,8.92,42889.5795,-262.38,0.22
7779,7.72,0.0114,-0.29,0.21
7780,5.64,0.0166,-0.42,0.22
7781,7.08,39.4383,-510.18,0.22
7782,10.48,0.6439,-16.1,0.19
7783,5.48,0.0172,-0.43,0.23
7784,5.48,0.0194,-0.49,0.24
7785,7.52,0.0656,-1.64,0.2
7786,7.76,38.2272,-250.3,0.22
7787,5.48,0.0179,-0.45,0.24
7788,5.6,1.7731,-44.33,0.24
7789,7.68,165.57,-512.03,0.21
7790,5.8,1350502.1428,-1752.49,0.21
7791,5.36,0.2102,-5.25,0.23
7792,7.84,0.0136,-0.34,0.21
7793,5.6,0.0139,-0.35,0.22
7794,6.36,1904430.6135,-1889.66,0.21
7795,8.28,159.7444,-608.86,0.2
7796,5.4,0.0838,-2.09,0.23
7797,7.6,0.0109,-0.27,0.23
7798,6.0,1465740.1728,-1250.78,0.24
7799,8.92,0.0276,-0.69,0.25
7800,5.56,0.0827,-2.07,0.22
7801,5.4,0.1134,-2.83,0.21
7802,6.24,1262197.7373,-1588.9,0.21
7803,7.2,138.0997,-1001.4,0.24
7804,5.56,0.014,-0.35,0.22
7805,5.6,0.0171,-0.43,0.22
7806,5.4,0.0137,-0.34,0.25
7807,5.68,0.0151,-0.38,0.25
7808,7.72,0.0147,-0.37,0.24
7809,9.84,240085.9948,-624.04,0.19
7810,7.6,0.0112,-0.28,0.21
7811,6.24,1533591.0651,-1556.74,0.23
7812,6.32,719408.4999,-588.71,0.23
7813,9.32,240081.1101,-501.92,0.22
7814,5.48,0.1164,-2.91,0.29
7815,8.28,7.2432,-181.08,0.27
7816,7.84,359735.5159,-759.62,0.23
7817,5.24,1.8694,-46.73,0.23
7818,7.88,56611.1393,-511.61,0.2
7819,8.92,120043.0026,-312.15,0.21
7820,9.16,0.0254,-0.64,0.22
7821,5.64,1214804.7442,-1250.22,0.21
7822,9.16,120040.6016,-252.12,0.21
7823,7.76,291.5994,-520.48,0.22
7824,5.52,0.1104,-2.76,0.29
7825,5.96,1621897.0127,-1758.89,0.23
7826,6.12,1350503.8238,-1794.51,0.28
7827,7.28,0.1281,-3.2,0.21
7828,5.8,855105.163,-1072.59,0.22
7829,6.44,19.5889,-251.83,0.24
7830,5.68,0.0191,-0.48,0.25
7831,5.96,1554051.6822,-1591.97,0.25
7832,5.76,0.116,-2.9,0.24
7833,5.48,1.8534,-46.33,0.23
7834,5.76,33879.1826,-250.29,0.26
7835,5.48,0.02,-0.5,0.25
7836,8.16,719693.782,-936.35,0.21
7837,5.48,0.0149,-0.37,0.23
7838,7.84,0.0107,-0.27,0.25
7839,5.48,0.018,-0.45,0.24
7840,5.48,0.0203,-0.51,0.22
7841,7.56,0.013,-0.33,0.22
7842,6.48,407098.3449,-660.57,0.23
7843,7.72,0.0133,-0.33,0.24
7844,5.64,0.1172,-2.93,0.26
7845,5.48,0.0137,-0.34,0.26
7846,5.24,0.0132,-250.33,0.24
7847,7.72,0.0132,-0.33,0.23
7848,7.72,0.0163,-0.41,0.22
7849,7.72,0.0212,-0.53,0.21
7850,8.96,0.0238,-0.6,0.24
7851,6.6,9.7374,-243.44,0.22
7852,9.16,64473.4678,-750.69,0.21
7853,5.6,1.7744,-44.36,0.25
7854,5.48,0.0168,-0.42,0.22
7855,8.28,19.3558,-252.74,0.22
7856,7.68,0.0132,-0.33,0.21
7857,7.68,0.012,-0.3,0.24
7858,7.68,0.0158,-0.39,0.23
7859,8.36,145.9688,-264.47,0.23
7860,5.48,0.0208,-0.52,0.23
7861,8.56,0.0304,-0.76,0.74
7862,5.6,0.0158,-0.4,0.23
7863,9.08,0.0648,-1.62,0.23
7864,9.32,7.4197,-185.49,0.21
7865,8.16,359842.2477,-505.48,0.21
7866,10.76,6.1782,-154.45,0.21
7867,7.68,0.0135,-0.34,0.21
7868,6.28,839309.3157,-838.46,0.21
7869,7.6,0.0692,-1.73,0.24
7870,5.48,0.0151,-0.38,0.26
7871,6.4,1857035.95,-1509.22,0.21
7872,5.6,0.1138,-2.84,0.23
7873,7.72,0.0118,-0.3,0.2
7874,5.48,0.0184,-0.46,0.26
7875,8.44,359851.8899,-439.76,0.24
7876,5.8,8.8036,-220.09,0.23
7877,5.6,1.7714,-44.28,0.24
7878,7.72,0.0194,-0.49,0.28
7879,9.44,64473.5246,-502.11,0.22
7880,8.8,32236.7561,-250.9,0.23
7881,7.72,0.0146,-0.37,0.26
7882,8.48,152.908,-437.95,0.26
7883,6.52,191.9332,-1501.05,0.29
7884,6.6,678491.2307,-617.37,0.25
7885,5.6,0.1108,-2.77,0.3
7886,5.76,0.015,-0.38,0.23
7887,6.96,176.6502,-1259.79,0.26
7888,5.6,1.7703,-44.26,0.24
7889,7.72,0.0222,-0.55,0.28
7890,5.56,0.02,-0.5,0.29
7891,5.8,0.0421,-251.03,0.29
7892,10.04,2.468,-311.68,0.28
7893,7.56,0.0124,-0.31,0.27
7894,6.64,1716682.621,-1926.81,0.29
7895,6.16,1106039.5779,-1047.8,0.24
7896,8.68,96.3616,-251.67,0.27
7897,6.76,269.1624,-2250.63,0.24
7898,7.92,7.1966,-179.91,0.24
7899,5.6,0.109,-2.72,0.29
7900,8.72,32236.7657,-251.14,0.24
7901,7.6,0.0712,-1.78,0.22
7902,8.72,0.0208,-0.52,0.2
7903,9.0,360128.9999,-936.24,0.2
7904,9.84,0.6489,-16.22,0.24
7905,9.68,0.3406,-8.52,0.2
7906,5.6,1.773,-44.32,0.22
7907,5.64,0.0158,-0.4,0.23
7908,6.8,119.3889,-1001.12,0.19
7909,5.48,21.4733,-294.36,0.21
7910,9.68,120043.028,-312.78,0.19
7911,5.48,0.0187,-0.47,0.25
7912,5.6,0.0196,-0.49,0.24
7913,8.68,0.0306,-0.77,0.2
7914,8.36,113083.4736,-937.85,0.19
7915,9.84,0.4999,-12.5,0.21
7916,5.68,0.0174,-0.43,0.32
7917,5.6,0.0186,-0.46,0.27
7918,8.08,56610.7186,-751.02,0.19
7919,7.76,0.0134,-0.33,0.22
7920,8.48,33.6539,-610.19,0.19
7921,7.72,0.014,-0.35,0.25
7922,7.68,0.0143,-0.36,0.21
7923,7.68,0.0128,-0.32,0.22
7924,5.56,1.7797,-44.49,0.22
7925,5.8,0.0181,-0.45,0.22
7926,9.88,120040.5969,-252.0,0.19
7927,5.64,8.7957,-219.89,0.22
7928,7.92,0.0155,-0.39,0.23
7929,10.48,0.3315,-8.29,0.2
7930,5.48,0.0128,-0.32,0.26
7931,11.0,0.03,-0.75,0.19
7932,8.84,7.5192,-187.98,0.19
7933,5.6,0.113,-2.82,0.23
7934,7.68,0.0158,-0.4,0.21
7935,5.48,0.0175,-0.44,0.22
7936,7.68,0.0132,-0.33,0.2
7937,5.48,0.0141,-0.35,0.27
7938,5.8,120013.681,-251.15,0.23
7939,5.6,0.0211,-0.53,0.25
7940,7.44,0.0689,-1.72,0.28
7941,5.6,0.0162,-0.41,0.25
7942,6.56,1225945.7123,-1430.53,0.3
7943,7.76,0.0119,-0.3,0.3
7944,7.32,0.0142,-0.36,0.32
7945,7.88,0.0181,-0.45,0.21
7946,5.68,0.1141,-2.85,0.3
7947,7.72,0.0206,-0.52,0.21
7948,5.6,1.7726,-44.31,0.23
7949,5.72,0.1149,-2.87,0.24
7950,5.76,0.0148,-0.37,0.29
7951,7.72,0.0153,-0.38,0.24
7952,7.16,178.267,-1759.41,0.31
7953,6.08,1.7706,-44.26,0.28
7954,6.44,0.0263,-0.66,0.28
7955,7.08,599680.9324,-865.65,0.25
7956,8.52,0.2924,-7.31,0.23
7957,8.44,153.4293,-1014.22,0.23
7958,10.2,238162.5689,-501.14,0.23
7959,6.52,33879.2805,-252.74,0.25
7960,8.52,39.0738,-271.47,0.2
7961,8.52,76.443,-500.32,0.24
7962,7.56,179010.8092,-1525.91,0.2
7963,8.48,39.0665,-271.29,0.21
7964,8.12,0.3694,-9.23,0.23
7965,7.68,0.015,-0.38,0.21
7966,10.04,120040.6221,-502.63,0.19
7967,7.6,0.0151,-0.38,0.19
7968,8.84,0.1717,-4.29,0.25
7969,7.72,0.021,-0.53,0.21
7970,10.0,0.4198,-10.49,0.19
7971,6.04,8.8122,-220.3,0.21
7972,6.28,0.014,-0.35,0.26
7973,6.88,1257531.8987,-1261.09,0.24
7974,8.12,0.2922,-7.3,0.22
7975,9.48,456876.825,-1001.89,0.21
7976,8.8,12.7789,-319.47,0.23
7977,7.72,0.0131,-0.33,0.22
7978,6.08,0.0174,-0.43,0.25
7979,6.64,2071960.605,-2132.97,0.21
7980,6.4,0.0149,-0.37,0.22
7981,8.6,39.0663,-271.28,0.22
7982,8.68,11.8859,-297.15,0.2
7983,8.56,1.1306,-28.27,0.21
7984,10.64,0.7915,-269.77,0.19
7985,6.6,0.0146,-0.37,0.27
7986,6.48,0.1106,-2.77,0.25
7987,7.0,934447.1431,-1241.92,0.77
7988,10.0,96710.2425,-752.06,0.22
7989,8.52,39.3744,-278.98,0.23
7990,8.36,38.5095,-257.36,0.22
7991,8.88,0.2184,-5.46,0.28
7992,8.56,38.2268,-250.29,0.21
7993,8.52,38.5168,-257.54,0.22
7994,6.44,0.0152,-0.38,0.32
7995,8.56,77.279,-521.22,0.22
7996,8.72,38.5063,-257.28,0.27
7997,8.76,0.0152,-0.38,0.34
7998,6.48,0.0194,-0.49,0.37
7999,8.52,38.2344,-250.48,0.21
8000,6.64,0.0132,-0.33,0.22
8001,7.2,1534007.3079,-1408.64,0.25
8002,7.68,311.0429,-2268.08,0.22
8003,8.44,114.9347,-757.24,0.2
8004,6.48,33896.8828,-544.3,0.21
8005,9.96,358203.0952,-751.38,0.21
8006,8.68,76.7194,-507.23,0.21
8007,7.64,955240.3873,-1632.11,0.21
8008,6.48,3.5289,-88.22,0.21
8009,8.16,334.3866,-2037.12,0.22
8010,6.44,0.0214,-0.53,0.22
8011,7.64,14402.9127,-1500.56,0.21
8012,8.52,38.789,-264.35,0.2
8013,8.56,115.213,-764.19,0.21
8014,6.56,0.0164,-0.41,0.23
8015,11.6,0.6558,-16.4,0.19
8016,7.16,87.2829,-1000.92,0.2
8017,8.56,38.7877,-264.32,0.2
8018,6.44,0.0154,-0.39,0.25
8019,9.8,424640.0734,-751.09,0.21
8020,8.4,0.8514,-21.29,0.2
8021,6.52,1.7704,-44.26,0.23
8022,6.48,1.7708,-44.27,0.22
8023,6.48,381.5756,-294.22,0.23
8024,9.52,161183.7329,-1253.32,0.2
8025,8.56,77.2793,-521.23,0.21
8026,6.4,0.1136,-2.84,0.23
8027,6.52,0.1127,-2.82,0.24
8028,6.76,819022.4991,-843.76,0.2
8029,9.88,96806.5508,-1002.4,0.21
8030,6.4,3.17,-79.25,0.21
8031,6.4,1.7709,-44.27,0.23
8032,10.28,715447.2026,-1509.45,0.21
8033,8.52,0.572,-14.3,0.2
8034,7.2,1984245.7312,-1888.05,0.25
8035,9.64,96734.2763,-1000.6,0.22
8036,6.44,0.0143,-0.36,0.24
8037,6.36,8308.5045,-250.41,0.23
8038,8.52,0.571,-14.28,0.2
8039,6.6,10.5664,-264.16,0.22
8040,8.48,77.0009,-514.27,0.2
8041,6.56,0.0138,-0.34,0.23
8042,6.44,0.0164,-0.41,0.23
8043,10.48,0.0481,-1.2,0.22
8044,8.52,77.003,-514.32,0.24
8045,6.6,33879.2114,-251.01,0.22
8046,6.36,8310.2582,-294.25,0.27
8047,8.56,77.5594,-528.23,0.22
8048,6.36,33879.1847,-250.34,0.21
8049,8.48,39.0659,-271.27,0.22
8050,6.72,1.776,-44.4,0.22
8051,8.44,38.5141,-257.48,0.2
8052,6.48,0.0152,-0.38,0.25
8053,8.76,114.6551,-750.25,0.22
8054,11.4,0.6591,-16.48,0.2
8055,7.36,479891.7912,-587.52,0.22
8056,8.32,77.2794,-521.23,0.22
8057,7.68,0.0136,-0.34,0.24
8058,9.56,128946.9602,-1002.01,0.26
8059,7.72,0.0189,-0.47,0.23
8060,5.68,0.1164,-2.91,0.26
8061,5.56,4.8288,-120.72,0.27
8062,9.88,2.4688,-61.72,0.19
8063,6.36,2175821.4149,-2044.33,0.23
8064,8.56,21.604,-540.1,0.36
8065,7.64,0.0142,-0.36,0.33
8066,5.56,0.0186,-0.46,0.36
8067,6.56,1476879.4996,-1390.05,0.29
8068,6.76,798394.9855,-940.6,0.35
8069,5.88,0.0187,-0.47,0.33
8070,5.48,1.7765,-44.41,0.24
8071,9.36,424640.0521,-750.56,0.26
8072,7.72,0.0115,-0.29,0.23
8073,5.6,0.0174,-0.43,0.21
8074,8.24,56625.2864,-865.29,0.19
8075,7.8,0.012,-0.3,0.26
8076,5.96,0.0155,-0.39,0.24
8077,6.48,3.0732,-76.83,0.23
8078,6.52,0.015,-0.38,0.24
8079,6.56,1.9381,-48.45,0.23
8080,8.24,38.2253,-250.25,0.21
8081,6.24,0.0144,-0.36,0.31
8082,6.2,33879.1856,-250.37,0.22
8083,7.8,0.0133,-0.33,0.25
8084,6.76,798392.5974,-880.9,0.24
8085,5.8,1.8703,-46.76,0.21
8086,5.48,0.0177,-0.44,0.21
8087,7.76,0.0142,-0.35,0.27
8088,10.84,0.4675,-11.69,0.21
8089,7.72,0.0226,-0.57,0.2
8090,5.64,1.8504,-46.26,0.21
8091,7.56,0.0141,-0.35,0.27
8092,7.68,0.0134,-0.34,0.25
8093,7.68,0.0136,-0.34,0.2
8094,7.84,0.0123,-0.31,0.2
8095,5.8,0.0154,-0.39,0.22
8096,9.08,64473.4714,-500.79,0.21
8097,7.68,0.0113,-0.28,0.28
8098,6.04,0.0223,-0.56,0.22
8099,9.44,161183.6287,-1250.72,0.19
8100,7.48,9613.9795,-1251.62,0.21
8101,5.8,0.0167,-0.42,0.24
8102,7.76,38.2276,-250.31,0.29
8103,7.6,0.0136,-0.34,0.21
8104,5.6,1.7695,-44.24,0.26
8105,11.0,0.026,-250.63,0.21
8106,5.68,0.0204,-0.51,0.24
8107,5.48,0.0488,-1.22,0.26
8108,7.52,0.0137,-0.34,0.22
8109,5.6,0.1109,-2.77,0.23
8110,7.72,0.0109,-0.27,0.21
8111,7.76,0.012,-0.3,0.24
8112,9.44,240081.0982,-501.62,0.21
8113,8.68,7.3216,-183.04,0.24
8114,6.12,1173889.7245,-1335.12,0.8
8115,7.56,0.0112,-0.28,0.2
8116,5.48,0.0209,-0.52,0.24
8117,7.92,2.5535,-63.84,0.23
8118,8.88,0.0252,-0.63,0.19
8119,7.68,0.014,-0.35,0.22
8120,7.48,0.0118,-0.3,0.21
8121,5.6,0.0114,-0.29,0.24
8122,5.6,0.1137,-2.84,0.22
8123,5.72,0.0159,-0.4,0.24
8124,5.6,65957.255,-513.87,0.23
8125,7.6,0.07,-1.75,0.21
8126,5.6,1.773,-44.33,0.27
8127,5.8,0.0298,-0.74,0.23
8128,5.48,1.7746,-44.36,0.23
8129,5.32,0.0223,-0.56,0.22
8130,6.2,1194349.1294,-1590.03,0.22
8131,5.64,0.0182,-0.46,0.24
8132,5.48,0.1136,-2.84,0.24
8133,5.48,0.0178,-0.45,0.21
8134,5.92,0.0727,-1.82,0.24
8135,6.4,1784531.2852,-1677.08,0.27
8136,9.24,450968.2924,-1000.65,0.22
8137,5.56,0.015,-0.38,0.22
8138,6.6,84.4881,-931.05,0.22
8139,5.48,0.0224,-0.56,0.23
8140,5.64,0.0236,-0.59,0.24
8141,7.76,0.0292,-0.73,0.21
8142,7.72,0.012,-0.3,0.21
8143,5.84,0.0168,-0.42,0.26
8144,7.84,0.0118,-0.3,0.2
8145,5.48,0.0192,-0.48,0.23
8146,6.92,215.3288,-2000.95,0.19
8147,7.6,0.0154,-0.39,0.22
8148,5.6,1.7714,-44.28,0.23
8149,7.56,0.0144,-0.36,0.21
8150,5.6,0.0138,-0.34,0.21
8151,7.56,0.0138,-0.35,0.21
8152,5.44,0.1374,-3.44,0.21
8153,10.48,0.3292,-8.23,0.19
8154,7.6,0.0155,-0.39,0.19
8155,7.68,0.0113,-0.28,0.19
8156,10.8,1.2786,-31.97,0.22
8157,7.92,0.0118,-0.3,0.21
8158,7.72,0.0124,-0.31,0.22
8159,7.72,0.0186,-0.47,0.27
8160,5.48,1.7724,-44.31,0.31
8161,5.68,0.1182,-2.96,0.21
8162,5.36,0.0271,-0.68,0.24
8163,9.56,4.9386,-123.46,0.18
8164,9.4,4.9701,-124.25,0.21
8165,5.84,19.7127,-250.35,0.23
8166,5.48,0.0135,-0.34,0.23
8167,7.68,0.0142,-0.36,0.21
8168,5.72,0.0153,-0.38,0.21
8169,7.64,0.017,-0.43,0.28
8170,10.12,120043.0196,-562.57,0.21
8171,7.64,0.0142,-0.36,0.28
8172,5.48,0.0162,-0.41,0.24
8173,5.48,0.0146,-0.37,0.26
8174,7.72,0.0178,-0.45,0.29
8175,5.48,0.0131,-0.33,0.27
8176,6.44,474944.1307,-838.87,0.23
8177,7.72,0.0141,-0.35,0.22
8178,9.4,359164.8916,-814.92,0.21
8179,5.48,0.0204,-0.51,0.25
8180,6.56,1158095.6992,-1146.55,0.26
8181,7.56,0.0106,-0.26,0.26
8182,9.52,4.9586,-123.96,0.22
8183,7.56,0.0132,-0.33,0.23
8184,7.72,0.0149,-0.37,0.22
8185,5.84,0.0429,-1.07,0.24
8186,5.48,0.1127,-2.82,0.22
8187,7.84,0.0147,-0.37,0.2
8188,7.68,0.0136,-0.34,0.2
8189,7.72,0.3012,-7.53,0.25
8190,7.72,0.0125,-0.31,0.29
8191,7.56,0.0131,-0.33,0.24
8192,5.56,0.0168,-0.42,0.28
8193,8.88,0.0781,-1.95,0.22
8194,7.76,0.0146,-0.36,0.22
8195,7.68,0.015,-0.38,0.23
8196,5.6,0.1104,-2.76,0.25
8197,7.56,0.0147,-0.37,0.21
8198,8.72,0.0228,-0.57,0.25
8199,7.64,0.0682,-1.71,0.23
8200,7.68,0.0152,-0.38,0.24
8201,9.84,120043.0091,-312.31,0.3
8202,9.52,2.6141,-65.35,0.25
8203,5.48,0.0151,-0.38,0.29
8204,7.6,0.014,-0.35,0.25
8205,9.8,0.1674,-4.19,0.21
8206,5.56,0.0166,-0.42,0.25
8207,10.84,0.6442,-16.11,0.22
8208,7.72,0.0134,-0.34,0.21
8209,7.68,0.0146,-0.37,0.21
8210,6.64,339254.2174,-523.73,0.21
8211,6.16,339250.4779,-430.25,0.22
8212,7.52,0.123,-3.07,0.21
8213,7.72,0.0148,-0.37,0.21
8214,7.84,0.0129,-0.32,0.2
8215,5.48,0.1112,-2.78,0.22
8216,5.48,1.7718,-44.29,0.21
8217,8.16,0.3022,-7.55,0.2
8218,10.76,5.5356,-138.39,0.27
8219,7.68,0.0119,-0.3,0.23
8220,5.48,0.0146,-0.37,0.23
8221,6.08,1173886.3307,-1250.27,0.24
8222,5.68,0.0175,-0.44,0.23
8223,10.44,625.5043,-396.34,0.24
8224,8.32,298.3068,-688.17,0.2
8225,5.44,3.6247,-90.62,0.23
8226,7.84,0.0133,-0.33,0.23
8227,6.04,1314248.1361,-1544.58,0.21
8228,5.48,1.1734,-29.33,0.24
8229,6.52,1085587.5628,-1227.62,0.23
8230,7.68,0.0154,-0.38,0.23
8231,5.6,0.0182,-0.46,0.22
8232,5.52,1.7749,-44.37,0.23
8233,6.72,1277995.9733,-1382.76,0.21
8234,5.6,0.012,-0.3,0.23
8235,5.68,0.0164,-0.41,0.24
8236,5.68,0.0158,-0.4,0.29
8237,6.12,359710.9856,-462.74,0.22
8238,10.56,0.0202,-0.51,0.23
8239,5.68,1.7773,-44.43,0.24
8240,5.48,0.0124,-0.31,0.23
8241,9.84,360121.6314,-752.03,0.21
8242,7.68,0.0128,-0.32,0.21
8243,11.0,0.645,-266.11,0.21
8244,11.0,6.9321,-173.3,0.79
8245,10.72,0.0154,-0.38,0.22
8246,7.72,0.012,-0.3,0.25
8247,5.48,0.016,-0.4,0.26
8248,8.76,7.5812,-189.53,0.27
8249,7.64,0.0124,-0.31,0.23
8250,5.6,1.7762,-44.41,0.26
8251,5.8,1.7806,-44.51,0.24
8252,5.4,0.1122,-2.8,0.23
8253,7.68,0.0152,-0.38,0.24
8254,7.72,0.0238,-0.59,0.24
8255,5.48,0.015,-0.38,0.29
8256,6.68,1424822.0236,-1507.43,0.23
8257,7.6,0.0138,-0.34,0.22
8258,7.88,0.013,-0.33,0.23
8259,7.84,0.0151,-0.38,0.23
8260,7.68,0.0128,-0.32,0.21
8261,10.52,0.152,-3.8,0.21
8262,5.56,0.0172,-0.43,0.23
8263,5.64,0.068,-1.7,0.25
8264,5.68,0.013,-0.33,0.21
8265,5.68,1.1365,-28.41,0.23
8266,7.68,0.0142,-0.36,0.23
8267,10.92,0.0279,-0.7,0.19
8268,7.68,0.017,-0.43,0.24
8269,7.56,0.0138,-0.35,0.2
8270,7.72,0.0146,-0.36,0.22
8271,5.48,0.0146,-0.36,0.26
8272,9.44,240085.9841,-623.77,0.21
8273,7.72,0.0126,-0.32,0.26
8274,5.68,0.1088,-2.72,0.25
8275,7.72,0.0128,-0.32,0.19
8276,5.6,0.1144,-2.86,0.25
8277,5.76,0.021,-0.53,0.22
8278,7.8,0.0111,-0.28,0.21
8279,9.32,64473.5217,-502.04,0.21
8280,7.8,0.2927,-7.32,0.22
8281,9.72,479205.3344,-1063.07,0.22
8282,6.8,1476880.9708,-1426.83,0.23
8283,8.16,76.7226,-507.31,0.22
8284,5.72,0.1168,-2.92,0.27
8285,7.64,0.2922,-7.31,0.23
8286,11.0,0.149,-3.73,0.2
8287,5.52,1.7741,-44.35,0.25
8288,8.92,32333.0847,-501.75,0.22
8289,9.48,64473.5853,-503.63,0.24
8290,10.52,0.648,-16.2,0.24
8291,5.76,0.1124,-2.81,0.3
8292,5.56,1.7752,-44.38,0.26
8293,5.68,0.0176,-0.44,0.26
8294,10.76,0.026,-0.65,0.19
8295,7.68,0.011,-0.27,0.23
8296,7.56,0.0126,-0.32,0.21
8297,9.56,239124.2962,-562.95,0.21
8298,5.64,1.7722,-44.3,0.22
8299,5.6,1.7721,-44.3,0.22
8300,5.64,0.0135,-0.34,0.24
8301,5.8,1.7686,-44.22,0.23
8302,7.68,0.0105,-0.26,0.22
8303,5.48,1.7764,-44.41,0.28
8304,7.68,0.0152,-0.38,0.26
8305,8.68,14.7324,-368.31,0.25
8306,5.8,1778053.4616,-2257.22,0.23
8307,5.48,0.0206,-0.52,0.24
8308,10.96,0.0204,-0.51,0.2
8309,9.92,240081.181,-503.69,0.22
8310,7.8,0.0127,-0.32,0.23
8311,5.6,0.0165,-0.41,0.28
8312,5.84,1.7706,-44.26,0.25
8313,10.0,4.984,-124.6,0.2
8314,5.68,0.0212,-0.53,0.23
8315,5.8,0.0209,-0.52,0.25
8316,7.76,0.0141,-0.35,0.2
8317,11.0,0.1521,-253.78,0.22
8318,7.56,0.0132,-0.33,0.22
8319,7.72,0.0118,-0.29,0.2
8320,5.8,0.021,-0.53,0.24
8321,5.68,0.0197,-0.49,0.23
8322,6.32,1106041.4945,-1095.72,0.23
8323,6.52,1017735.6004,-894.91,0.24
8324,5.68,0.016,-0.4,0.23
8325,7.76,0.0144,-0.36,0.2
8326,5.48,0.0166,-0.42,0.28
8327,7.64,0.0126,-0.32,0.28
8328,5.52,0.0205,-0.51,0.25
8329,7.72,0.0133,-0.33,0.27
8330,9.52,32260.951,-503.47,0.26
8331,7.68,0.0143,-0.36,0.23
8332,5.56,0.0127,-0.32,0.25
8333,8.16,0.0417,-1.04,0.24
8334,5.48,0.0166,-0.42,0.26
8335,5.64,0.1202,-3.0,0.24
8336,6.6,1356973.365,-1007.33,0.22
8337,7.72,0.0148,-0.37,0.21
8338,5.76,0.1109,-2.77,0.21
8339,5.48,0.0173,-0.43,0.25
8340,5.48,0.019,-0.47,0.36
8341,7.68,0.0131,-0.33,0.37
8342,7.68,0.0137,-0.34,0.22
8343,8.36,159.766,-609.4,0.3
8344,7.6,0.0128,-0.32,0.23
8345,8.44,56471.0093,-393.11,0.26
8346,5.56,0.0186,-0.47,0.23
8347,7.68,0.0149,-0.37,0.24
8348,7.68,0.0128,-0.32,0.2
8349,5.68,0.0169,-0.42,0.24
8350,11.0,0.3364,-8.41,0.25
8351,5.6,0.0209,-0.52,0.24
8352,5.8,0.8639,-21.6,0.29
8353,7.84,0.0111,-0.28,0.21
8354,7.56,0.0155,-0.39,0.24
8355,6.36,3.827,-345.66,0.3
8356,4.96,8.9925,-224.81,0.24
8357,4.76,0.4059,-10.15,0.24
8358,8.2,152.9109,-438.02,0.26
8359,5.12,3.9216,-98.04,0.29
8360,9.48,2.4686,-61.71,0.22
8361,7.72,0.0135,-0.34,0.21
8362,7.68,0.0134,-0.33,0.2
8363,7.56,0.0138,-0.35,0.2
8364,5.48,0.0157,-0.39,0.22
8365,7.72,0.0292,-0.73,0.22
8366,6.6,814184.481,-1015.93,0.2
8367,5.76,1.776,-44.4,0.22
8368,5.6,0.0259,-0.65,0.25
8369,8.84,0.1264,-3.16,0.83
8370,5.72,0.0144,-0.36,0.25
8371,6.72,1497335.1712,-1301.65,0.34
8372,7.72,0.0146,-0.37,0.34
8373,7.72,0.0125,-0.31,0.32
8374,8.72,32236.74,-250.5,0.28
8375,7.68,0.0136,-0.34,0.21
8376,7.68,0.0141,-0.35,0.21
8377,10.16,0.6547,-16.37,0.25
8378,5.4,1.9182,-47.95,0.25
8379,6.48,407097.5216,-639.99,0.27
8380,5.8,0.013,-0.33,0.39
8381,5.6,0.0155,-0.39,0.53
8382,8.84,0.0615,-251.52,0.26
8383,7.92,0.0442,-1.11,0.22
8384,7.68,0.0123,-0.31,0.22
8385,5.56,0.0203,-0.51,0.24
8386,5.48,0.0164,-0.41,0.23
8387,5.4,0.1167,-2.92,0.24
8388,7.68,0.0128,-0.32,0.25
8389,10.8,0.3392,-8.48,0.23
8390,5.6,0.1137,-2.84,0.24
8391,6.36,1544722.5631,-1500.29,0.22
8392,5.6,1.7775,-44.44,0.25
8393,9.72,240081.5751,-513.54,0.23
8394,5.64,0.013,-0.33,0.27
8395,5.6,1.7694,-44.23,0.24
8396,7.76,0.015,-0.37,0.2
8397,5.68,0.0162,-0.41,0.29
8398,9.32,2.5335,-63.34,0.24
8399,9.64,2.5322,-63.31,0.2
8400,6.52,798393.0292,-891.69,0.23
8401,7.72,0.0157,-0.39,0.31
8402,6.64,1356975.4188,-1058.67,0.26
8403,7.56,0.0142,-0.35,0.22
8404,5.68,19.7163,-250.44,0.27
8405,7.68,0.0132,-0.33,0.34
8406,7.72,0.0116,-0.29,0.3
8407,5.48,0.1137,-2.84,0.25
8408,5.48,0.1112,-2.78,0.24
8409,5.68,0.0195,-0.49,0.27
8410,6.6,1445284.7597,-1345.65,0.25
8411,5.6,0.0155,-0.39,0.26
8412,5.52,0.1208,-3.02,0.34
8413,5.64,0.0167,-0.42,0.29
8414,7.72,0.012,-0.3,0.29
8415,6.36,787258.906,-882.51,0.28
8416,7.68,1.02,-25.5,0.24
8417,5.6,0.1109,-2.77,0.24
8418,6.4,766799.71,-882.81,0.22
8419,7.68,0.0136,-0.34,0.22
8420,9.84,120043.3716,-321.37,0.19
8421,8.88,64473.5675,-503.19,0.24
8422,5.8,2581106.6506,-2834.77,0.22
8423,5.48,0.0134,-0.33,0.27
8424,9.04,0.0283,-0.71,0.27
8425,9.12,0.031,-250.76,0.2
8426,7.48,0.0156,-0.39,0.26
8427,7.72,0.0135,-0.34,0.26
8428,5.36,1.7812,-44.53,0.22
8429,7.8,0.014,-0.35,0.23
8430,6.28,1178549.0578,-1000.32,0.24
8431,8.96,32236.7521,-250.8,0.21
8432,7.72,0.0126,-0.32,0.22
8433,5.88,0.0122,-0.31,0.23
8434,5.68,1.7756,-44.39,0.21
8435,5.48,0.0197,-0.49,0.23
8436,5.64,8.8032,-220.08,0.21
8437,5.56,0.0171,-0.43,0.25
8438,7.72,0.0116,-0.29,0.2
8439,7.72,0.0135,-0.34,0.29
8440,8.56,0.0218,-0.55,0.3
8441,5.6,1.7738,-44.34,0.24
8442,7.68,0.012,-0.3,0.27
8443,5.64,1.7751,-44.38,0.28
8444,5.48,0.015,-0.38,0.26
8445,7.64,0.012,-0.3,0.26
8446,9.36,32236.7539,-250.85,0.26
8447,6.64,1596778.2804,-1588.94,0.21
8448,7.72,0.0228,-0.57,0.29
8449,8.68,7.3682,-184.2,0.25
8450,7.84,0.0133,-0.33,0.24
8451,5.8,0.0189,-0.47,0.27
8452,7.72,0.0144,-0.36,0.25
8453,7.56,0.018,-0.45,0.28
8454,5.56,2799.3017,-250.36,0.25
8455,5.8,0.0223,-0.56,0.25
8456,7.8,38.2264,-250.28,0.22
8457,5.8,15.9698,-250.74,0.24
8458,5.8,381.5798,-294.32,0.3
8459,8.88,0.0204,-0.51,0.23
8460,9.96,0.5925,-14.81,0.23
8461,7.72,0.0122,-0.31,0.2
8462,9.84,120047.9264,-435.24,0.21
8463,7.64,38.2829,-251.7,0.31
8464,7.68,0.0128,-0.32,0.35
8465,5.88,0.0143,-0.36,0.32
8466,5.6,0.1114,-2.78,0.24
8467,6.52,2295725.9028,-2635.88,0.24
8468,9.32,240081.1474,-752.08,0.2
8469,7.72,0.1186,-2.97,0.22
8470,7.76,0.0124,-0.31,0.22
8471,5.48,1.7734,-44.34,0.23
8472,7.56,0.0137,-0.34,0.23
8473,7.68,0.0144,-0.36,0.23
8474,9.72,240091.2286,-754.88,0.27
8475,5.6,1.7765,-44.41,0.24
8476,9.8,240088.4526,-685.48,0.19
8477,8.64,32236.7388,-250.47,0.28
8478,7.72,0.0134,-0.34,0.22
8479,7.4,10.003,-250.08,0.24
8480,10.4,1.1176,-27.94,0.22
8481,6.52,2024328.1887,-2058.4,0.32
8482,5.56,0.554,-13.85,0.25
8483,7.16,4844.3292,-1017.26,0.26
8484,5.68,0.03,-0.75,0.25
8485,7.28,9632.9938,-1259.48,0.78
8486,7.64,38.2288,-250.34,0.22
8487,5.4,1.77,-44.25,0.3
8488,9.4,0.0484,-1.21,0.25
8489,7.84,0.0114,-0.29,0.24
8490,5.64,0.0181,-0.45,0.28
8491,9.04,128946.9534,-1001.83,0.23
8492,8.68,0.4414,-11.04,0.26
8493,5.68,0.0181,-0.45,0.27
8494,5.72,0.1124,-2.81,0.23
8495,5.48,0.0171,-0.43,0.23
8496,7.56,0.0151,-0.38,0.26
8497,5.64,0.02,-0.5,0.23
8498,7.72,0.0133,-0.33,0.2
8499,7.56,0.0158,-0.39,0.23
8500,5.48,0.0209,-0.52,0.27
8501,7.72,0.0136,-0.34,0.2
8502,8.84,0.017,-0.43,0.22
8503,5.64,1.7746,-44.36,0.25
8504,7.56,0.015,-0.38,0.22
8505,6.28,1836578.2334,-1546.5,0.28
8506,6.6,1816121.1205,-1598.88,0.27
8507,7.24,9672.3345,-1767.23,0.27
8508,5.48,0.0576,-1.44,0.32
8509,7.56,0.0165,-0.41,0.45
8510,7.72,0.1024,-2.56,0.32
8511,9.28,32236.8035,-252.09,0.26
8512,5.64,0.1143,-2.86,0.24
8513,5.48,0.0174,-0.43,0.25
8514,5.6,1.7705,-44.26,0.21
8515,5.48,1.7703,-44.26,0.22
8516,7.72,0.0137,-0.34,0.21
8517,5.64,0.0411,-1.03,0.23
8518,10.0,240086.0077,-624.36,0.21
8519,7.56,0.013,-0.33,0.23
8520,5.68,0.0165,-0.41,0.24
8521,6.36,1585642.8167,-1546.24,0.23
8522,7.68,0.0111,-0.28,0.21
8523,5.8,0.1154,-2.88,0.35
8524,5.68,0.0167,-0.42,0.33
8525,5.48,0.0153,-0.38,0.31
8526,7.68,0.013,-0.33,0.28
8527,6.56,579051.3409,-910.55,0.26
8528,5.64,0.0352,-0.88,0.28
8529,5.68,0.0154,-0.38,0.28
8530,7.72,0.0145,-0.36,0.31
8531,11.0,0.024,-250.6,0.26
8532,5.6,1.7738,-44.34,0.31
8533,7.68,0.0146,-0.36,0.28
8534,9.6,2.9281,-73.2,0.22
8535,8.8,32236.7542,-250.85,0.28
8536,5.72,0.0347,-0.87,0.32
8537,5.68,0.019,-0.47,0.3
8538,5.6,0.0153,-0.38,0.29
8539,5.48,0.1878,-4.7,0.34
8540,5.48,0.0198,-0.5,0.33
8541,5.48,0.019,-0.47,0.26
8542,6.08,427554.956,-595.65,0.22
8543,7.72,0.0124,-0.31,0.22
8544,5.6,1.7689,-44.22,0.34
8545,7.68,0.0155,-0.39,0.29
8546,7.72,123.546,-250.52,0.35
8547,5.4,1.7726,-44.31,0.35
8548,7.72,0.0128,-0.32,0.32
8549,8.08,291.0171,-505.93,0.34
8550,6.56,192.7348,-1750.69,0.28
8551,5.48,3.7288,-93.22,0.29
8552,7.56,0.07,-1.75,0.24
8553,5.48,0.0188,-0.47,0.29
8554,8.48,359844.3272,-250.69,0.25
8555,6.56,240.9324,-2250.25,0.26
8556,7.52,0.0126,-0.32,0.28
8557,5.48,0.0183,-0.46,0.29
8558,7.72,0.1776,-4.44,0.23
8559,9.32,120043.0686,-313.8,0.27
8560,9.4,360124.092,-813.55,0.26
8561,5.88,0.017,-0.43,0.26
8562,5.64,0.0472,-1.18,0.35
8563,6.32,135702.6864,-634.46,0.36
8564,9.56,479207.7878,-1124.4,0.29
8565,7.6,0.0151,-0.38,0.23
8566,9.44,120045.4377,-373.02,0.27
8567,5.68,0.0174,-0.44,0.27
8568,9.32,240088.4141,-684.52,0.28
8569,9.2,32236.7945,-251.86,0.23
8570,10.72,1.1316,-28.29,0.21
8571,5.92,1314246.9206,-1514.19,0.24
8572,5.52,0.0112,-0.28,0.22
8573,5.52,0.1136,-2.84,0.4
8574,5.48,0.0153,-0.38,0.33
8575,6.28,203554.7761,-970.36,0.31
8576,7.6,0.015,-0.37,0.29
8577,6.28,866241.7333,-1142.95,0.37
8578,5.48,0.1133,-2.83,0.34
8579,7.68,0.0131,-0.33,0.22
8580,7.72,0.0162,-0.41,0.24
8581,5.64,0.0148,-0.37,0.26
8582,5.84,1.7743,-44.36,0.22
8583,10.72,0.3844,-9.61,0.19
8584,8.68,0.0305,-0.76,0.19
8585,7.68,0.0134,-0.33,0.21
8586,5.88,0.0203,-0.51,0.23
8587,7.68,0.0193,-0.48,0.24
8588,5.56,56465.2995,-250.37,0.24
8589,7.56,0.0118,-0.3,0.24
8590,5.52,0.0142,-0.35,0.23
8591,5.48,0.0139,-0.35,0.23
8592,6.36,1293789.4908,-1558.64,0.2
8593,7.72,0.0136,-0.34,0.2
8594,10.56,0.159,-3.97,0.22
8595,6.12,1737138.582,-1845.64,0.21
8596,8.84,0.0261,-0.65,0.24
8597,5.76,0.0193,-0.48,0.88
8598,7.72,0.0132,-0.33,0.38
8599,7.68,0.0133,-0.33,0.24
8600,5.48,0.0145,-0.36,0.24
8601,6.72,290.9312,-2000.68,0.28
8602,5.48,0.0211,-0.53,0.22
8603,7.72,0.013,-0.33,0.28
8604,5.6,1.7728,-44.32,0.23
8605,5.48,0.0157,-0.39,0.22
8606,5.6,0.1182,-2.96,0.22
8607,5.48,0.014,-0.35,0.23
8608,5.6,0.0143,-0.36,0.22
8609,7.68,0.0118,-0.29,0.28
8610,7.6,0.0106,-0.27,0.27
8611,5.48,0.054,-1.35,0.27
8612,5.6,0.1124,-2.81,0.25
8613,7.8,0.0138,-0.35,0.22
8614,9.12,32240.121,-335.03,0.22
8615,6.64,1476880.3461,-1411.22,0.23
8616,6.64,839309.6039,-845.67,0.2
8617,5.68,0.016,-0.4,0.22
8618,6.52,798395.8424,-962.02,0.25
8619,5.48,0.0171,-0.43,0.23
8620,5.96,0.0148,-0.37,0.24
8621,6.16,0.0133,-0.33,0.22
8622,6.6,2374706.4504,-1839.36,0.23
8623,6.44,8.7982,-219.95,0.26
8624,6.52,0.0274,-0.69,0.26
8625,6.52,1.7711,-44.28,0.28
8626,6.44,120013.652,-250.42,0.23
8627,10.4,714487.5982,-1500.72,0.29
8628,6.48,0.0147,-0.37,0.24
8629,10.24,64549.1659,-1336.24,0.23
8630,6.44,0.0229,-0.57,0.23
8631,10.84,357246.8208,-825.9,0.2
8632,6.36,114728.7363,-250.33,0.23
8633,10.68,357243.818,-750.83,0.2
8634,6.92,819025.7693,-925.51,0.22
8635,6.36,120013.6473,-250.31,0.22
8636,6.48,114750.1938,-544.3,0.37
8637,10.32,119081.2935,-250.8,0.31
8638,6.88,1398008.3757,-1601.95,0.26
8639,6.4,8324.5393,-502.78,0.39
8640,11.52,0.9837,-24.59,0.35
8641,8.52,38.7862,-264.28,0.29
8642,6.36,1.7703,-44.26,0.32
8643,8.6,76.7222,-507.3,0.29
8644,6.88,2192033.4951,-1880.12,0.44
8645,6.6,0.1145,-2.86,0.32
8646,8.56,76.7208,-507.27,0.3
8647,10.28,357243.8248,-751.0,0.25
8648,10.28,238162.5419,-500.47,0.26
8649,6.48,0.0153,-0.38,0.26
8650,10.24,360170.002,-335.31,0.2
8651,6.52,0.0159,-0.4,0.23
8652,6.4,0.0141,-0.35,0.21
8653,7.32,1049811.4651,-968.05,0.24
8654,6.52,1.7706,-44.26,0.27
8655,6.4,1.7711,-44.28,0.24
8656,8.6,38.508,-257.32,0.22
8657,8.68,77.0014,-514.28,0.23
8658,10.76,476335.6444,-1264.95,0.22
8659,6.56,10.5565,-263.91,0.25
8660,8.72,39.6248,-285.24,0.21
8661,7.04,17.6069,-440.17,0.24
8662,8.88,89.3314,-778.52,0.24
8663,8.84,50.2806,-507.63,0.21
8664,8.92,38.5136,-257.46,0.23
8665,8.8,38.5126,-257.44,0.24
8666,10.64,119084.3076,-326.15,0.2
8667,8.52,77.5673,-528.43,0.22
8668,6.48,0.1116,-2.79,0.22
8669,8.6,39.6258,-285.27,0.24
8670,6.68,0.1107,-2.77,0.22
8671,8.88,114.6629,-750.44,0.22
8672,6.88,17.5934,-439.83,0.24
8673,9.44,23.5477,-500.67,0.23
8674,6.76,8.7972,-219.93,0.22
8675,9.12,50.5619,-514.66,0.21
8676,9.16,0.5938,-14.84,0.23
8677,9.28,12.3475,-264.68,0.23
8678,8.68,358.6868,-2309.67,0.21
8679,9.52,12.3561,-264.89,0.23
8680,6.76,8.8232,-220.58,0.24
8681,10.48,34.2121,-503.0,0.2
8682,9.36,50.2819,-507.66,0.24
8683,6.64,24.7628,-470.57,0.24
8684,9.48,0.327,-8.17,0.29
8685,6.64,33896.8488,-691.95,0.27
8686,9.2,0.5884,-14.71,0.26
8687,7.48,239923.4167,-723.9,0.23
8688,6.44,0.0156,-0.39,0.25
8689,6.6,8.7984,-219.96,0.27
8690,7.08,818851.863,-882.34,0.27
8691,7.6,355284.8727,-378.38,0.25
8692,8.76,0.5768,-14.42,0.23
8693,7.68,1179008.031,-1045.43,0.22
8694,8.88,77.0144,-514.61,0.26
8695,9.68,7.0067,-175.17,0.21
8696,8.44,114.6577,-750.31,0.27
8697,8.52,76.7218,-507.29,0.26
8698,8.52,114.8343,-754.73,0.22
8699,11.8,0.6551,-16.38,0.21
8700,8.68,39.0712,-271.4,0.22
8701,6.44,0.0172,-0.43,0.29
8702,8.48,524.7084,-3250.4,0.24
8703,9.0,38.5127,-257.44,0.23
8704,6.52,17.5826,-439.56,0.23
8705,8.68,77.2856,-521.38,0.21
8706,11.96,0.612,-265.06,0.22
8707,7.72,359934.5301,-910.87,0.24
8708,6.8,1.7714,-44.28,0.23
8709,6.6,1.772,-44.3,0.23
8710,6.6,24.7512,-470.28,0.22
8711,8.28,503.5926,-3057.47,0.22
8712,6.64,1.6358,-40.9,0.23
8713,6.48,1.7726,-44.31,0.24
8714,10.6,720367.4706,-1254.97,0.23
8715,8.52,115.4928,-771.19,0.26
8716,6.84,42187.6696,-500.26,0.22
8717,6.92,26.3784,-659.46,0.23
8718,6.56,0.0152,-0.38,0.22
8719,9.16,0.3048,-7.62,0.3
8720,6.76,8317.2852,-469.93,0.39
8721,10.4,720384.7607,-1084.93,0.3
8722,9.32,38.2503,-250.88,0.37
8723,12.92,0.2794,-6.99,0.23
8724,7.4,17.5915,-439.79,0.23
8725,11.48,720333.2296,-501.26,0.26
8726,10.32,0.0335,-0.84,0.34
8727,10.36,0.0549,-1.37,0.32
8728,11.6,1391786.3364,-1000.47,0.24
8729,10.48,0.0235,-0.59,0.25
8730,10.28,0.0418,-1.05,0.27
8731,7.48,43.944,-1098.6,0.25
8732,10.36,0.0554,-1.39,0.27
8733,10.44,0.0371,-0.93,0.26
8734,13.32,720179.04,-787.15,0.22
8735,9.4,23.5543,-500.84,0.24
8736,6.92,17.6297,-440.74,0.23
8737,7.04,114755.0867,-909.09,0.24
8738,12.64,5.8081,-145.2,0.21
8739,12.8,0.3938,-9.85,0.21
8740,6.76,8.8126,-220.32,0.23
8741,11.72,119082.0346,-269.33,0.29
8742,8.36,669.6902,-4556.38,0.29
8743,8.32,360078.3691,-2751.94,0.22
8744,9.48,0.5304,-263.19,0.32
8745,6.64,8.8106,-220.26,0.21
8746,9.52,0.8846,-22.12,0.35
8747,9.28,12.3499,-264.74,0.22
8748,8.8,1.1426,-28.56,0.22
8749,8.24,288.1236,-2009.68,0.25
8750,8.68,114.9341,-757.22,0.26
8751,8.52,0.8515,-21.29,0.25
8752,6.52,0.0151,-0.38,0.25
8753,9.64,0.7503,-18.76,0.25
8754,8.92,38.7945,-514.46,0.21
8755,6.8,19.7116,-250.32,0.25
8756,6.44,0.2041,-5.1,0.22
8757,8.92,115.0056,-759.01,0.32
8758,12.72,0.5617,-14.04,0.26
8759,9.44,38.5197,-257.61,0.3
8760,10.24,33886.0593,-422.21,0.28
8761,11.28,1391786.3353,-1000.44,0.22
8762,8.8,5160.9166,-2750.21,0.26
8763,11.32,1342906.4012,-1003.11,0.26
8764,6.8,10.5685,-264.21,0.25
8765,6.44,0.0152,-0.38,0.34
8766,6.44,19.7117,-250.32,0.24
8767,10.2,4855.0856,-260.25,0.22
8768,6.6,19.3395,-483.49,0.23
8769,9.6,11.7885,-250.7,0.23
8770,10.4,38745.247,-785.01,0.24
8771,7.32,33896.7773,-690.16,0.22
8772,9.04,170889.2026,-2536.44,0.34
8773,7.48,17.5918,-439.8,0.22
8774,9.4,169498.4448,-1045.89,0.3
8775,10.48,0.0352,-0.88,0.29
8776,10.28,0.0238,-0.59,0.26
8777,12.6,0.1103,-252.73,0.29
8778,10.28,0.0421,-1.05,0.25
8779,7.68,240064.2111,-1423.53,0.25
8780,8.28,360046.0033,-877.46,0.24
8781,7.6,26.4868,-662.17,0.26
8782,8.36,120018.1682,-363.33,0.24
8783,10.48,0.0605,-1.51,0.27
8784,10.28,0.0378,-0.95,0.29
8785,10.52,0.0321,-0.8,0.31
8786,8.2,599904.7578,-820.81,0.28
8787,8.44,5.0623,-126.56,0.24
8788,7.68,89.6312,-2240.78,0.31
8789,14.2,391.2916,-537.12,0.24
8790,8.72,480478.8876,-1334.99,0.23
8791,10.36,0.0318,-0.8,0.26
8792,8.48,360045.9316,-875.66,0.24
8793,10.52,0.0737,-1.84,0.27
8794,7.64,120043.1873,-988.81,0.24
8795,13.12,0.3795,-9.49,0.32
8796,7.56,45.3002,-1132.51,0.25
8797,10.52,0.0313,-0.78,0.27
8798,7.6,120085.2327,-2039.94,0.21
8799,10.4,0.0349,-0.87,0.29
8800,10.28,0.0371,-0.93,0.26
8801,7.24,35.1735,-879.34,0.46
8802,9.08,338898.3596,-1323.31,0.31
8803,7.32,43.9688,-1099.22,0.29
8804,12.08,1068682.8547,-751.3,0.3
8805,11.8,708516.2614,-501.2,0.28
8806,7.32,43.9439,-1098.6,0.27
8807,13.56,3.8901,-97.25,0.29
8808,14.0,0.4288,-10.72,0.32
8809,14.12,720167.9825,-510.71,0.4
8810,13.84,5.5932,-139.83,0.32
8811,7.64,26.4273,-660.68,0.37
8812,7.36,120041.891,-956.4,0.3
8813,7.68,120066.3895,-1568.86,0.22
8814,10.28,0.019,-0.47,0.24
8815,7.48,38.7219,-968.05,0.24
8816,8.2,240065.5672,-1457.43,0.24
8817,10.8,421.0628,-252.87,0.34
8818,9.48,171499.0295,-1751.88,0.29
8819,7.76,120061.1261,-1437.28,0.42
8820,9.76,341848.4339,-1503.0,0.57
8821,7.72,240046.6353,-984.13,0.3
8822,10.36,0.0464,-1.16,0.34
8823,10.48,0.0283,-0.71,0.25
8824,10.48,0.043,-1.08,0.28
8825,10.48,0.0285,-0.71,0.28
8826,12.08,689984.7483,-501.81,0.81
8827,7.64,36.4959,-912.4,0.31
8828,10.48,0.0564,-1.41,0.3
8829,12.28,1405310.5605,-1250.79,0.24
8830,8.56,360045.4376,-863.31,0.26
8831,10.24,0.3373,-8.43,0.25
8832,7.84,1075086.1688,-1342.01,0.29
8833,10.24,12.0851,-258.12,0.28
8834,7.44,26.4139,-660.35,0.29
8835,10.24,0.0282,-0.7,0.31
8836,7.32,61.5368,-1538.42,0.34
8837,12.76,0.1608,-4.02,0.25
8838,11.24,695893.2866,-503.19,0.22
8839,6.64,46.0613,-909.07,0.23
8840,12.4,0.4288,-10.72,0.38
8841,9.36,23.8288,-507.7,0.56
8842,11.16,6.0457,-151.14,0.25
8843,12.36,0.3217,-8.04,0.21
8844,11.32,720333.2913,-502.8,0.2
8845,7.56,120017.6764,-351.04,0.19
8846,12.36,238167.2506,-618.19,0.24
8847,7.08,26.9624,-674.06,0.24
8848,9.28,12.0805,-258.0,0.26
8849,6.72,388.6043,-469.94,0.26
8850,9.56,12.0727,-257.81,0.23
8851,9.52,12.0739,-257.84,0.23
8852,6.52,0.0144,-0.36,0.23
8853,11.44,695893.2528,-502.35,0.21
8854,6.52,0.0146,-0.37,0.22
8855,8.64,483.7524,-3028.95,0.28
8856,6.52,0.0154,-0.38,0.23
8857,11.32,119084.2983,-325.92,0.22
8858,10.84,335778.1368,-834.58,0.27
8859,8.84,0.2992,-7.48,0.25
8860,6.44,153912.5176,-750.32,0.23
8861,8.96,39.0774,-271.56,0.23
8862,11.0,9.0502,-226.25,0.21
8863,9.72,12.0697,-257.73,0.23
8864,11.12,671453.1863,-501.2,0.22
8865,6.44,19.7132,-250.36,0.23
8866,7.72,719694.5696,-1115.71,0.35
8867,9.32,11.789,-250.71,0.22
8868,12.52,5.9446,-148.61,0.22
8869,6.56,0.0271,-0.68,0.22
8870,8.64,400.6908,-2557.32,0.19
8871,9.4,0.5972,-14.93,0.23
8872,7.84,1914795.3862,-1584.8,0.23
8873,11.32,1031619.8153,-752.18,0.24
8874,6.56,1.7698,-44.24,0.31
8875,12.8,5.8094,-145.23,0.21
8876,10.36,33884.706,-388.38,0.21
8877,6.56,114737.5208,-469.95,0.22
8878,9.4,12.0788,-257.96,0.22
8879,11.44,360190.7413,-501.49,0.21
8880,10.16,11.7804,-250.5,0.22
8881,8.16,240030.0404,-569.26,0.23
8882,8.24,1075197.5808,-1307.07,0.22
8883,13.0,0.5162,-12.9,0.24
8884,7.52,35.1434,-878.59,0.23
8885,13.16,0.0273,-0.68,0.22
8886,10.44,0.103,-2.58,0.26
8887,9.48,170443.6669,-1086.63,0.23
8888,7.64,120043.1718,-988.42,0.21
8889,10.28,0.042,-1.05,0.31
8890,7.68,35.6763,-891.91,0.26
8891,7.48,43.9868,-1099.67,0.28
8892,7.68,120048.821,-1129.65,0.34
8893,7.48,26.4147,-660.37,0.3
8894,9.36,174260.2628,-1301.66,0.22
8895,10.84,0.0393,-0.98,0.24
8896,12.12,354258.1481,-251.04,0.23
8897,7.8,120051.9035,-1206.71,0.23
8898,10.48,0.0302,-0.75,0.27
8899,7.6,26.3754,-659.38,0.23
8900,7.44,70.2967,-1757.42,0.23
8901,9.4,1062.6792,-794.53,0.23
8902,8.08,359932.614,-862.96,0.22
8903,8.64,120437.9116,-583.22,0.22
8904,7.48,120040.0217,-909.67,0.24
8905,7.68,71.2888,-1782.22,0.23
8906,10.68,0.0883,-2.21,0.26
8907,10.4,0.038,-0.95,0.24
8908,7.6,35.1851,-879.63,0.21
8909,7.32,8.807,-220.17,0.22
8910,9.0,2070.1447,-1003.97,0.22
8911,9.52,341830.197,-1838.55,0.24
8912,7.32,8.823,-220.58,0.26
8913,6.76,17.5852,-439.63,0.25
8914,9.8,12.3557,-264.88,0.28
8915,13.32,1080876.5144,-1138.32,0.26
8916,10.12,19.3171,-438.92,0.29
8917,10.48,0.0488,-1.22,0.27
8918,12.04,714424.7519,-501.39,0.27
8919,12.96,0.4411,-11.03,0.25
8920,13.24,0.0302,-0.76,0.25
8921,8.56,480057.9512,-1085.28,0.26
8922,7.32,26.4017,-660.04,0.27
8923,13.36,14.7849,-369.62,0.26
8924,7.28,17.8252,-445.63,0.25
8925,7.16,26.3747,-659.37,0.25
8926,6.44,0.0142,-0.36,0.28
8927,9.6,12.0726,-257.81,0.34
8928,11.56,1056063.2271,-1086.96,0.28
8929,6.52,22.7715,-326.82,0.3
8930,6.36,1.7715,-44.29,0.23
8931,6.4,0.1121,-2.8,0.29
8932,6.52,0.0722,-1.8,0.23
8933,11.4,720336.6324,-586.33,0.24
8934,6.44,0.1123,-2.81,0.25
8935,11.92,119082.0559,-519.69,0.27
8936,6.52,19.7123,-250.34,0.31
8937,12.24,0.4725,-11.81,0.26
8938,11.16,1416226.4762,-1003.46,0.32
8939,11.08,695893.2933,-503.36,0.25
8940,11.92,119085.3866,-353.12,0.23
8941,8.52,590.5575,-3529.61,0.23
8942,9.4,0.8727,-21.82,0.25
8943,9.52,50.5698,-764.84,0.25
8944,9.6,24.1129,-514.8,0.82
8945,6.52,8308.5022,-250.35,0.26
8946,13.32,360083.7971,-250.5,0.25
8947,6.64,0.0138,-0.35,0.22
8948,8.96,418.2345,-2758.02,0.23
8949,10.16,0.5877,-14.69,0.26
8950,7.04,17.5824,-439.56,0.25
8951,9.56,0.0315,-0.79,0.23
8952,6.36,1.783,-44.57,0.23
8953,6.44,0.0165,-0.41,0.24
8954,6.52,3.0707,-76.77,0.22
8955,6.48,0.0149,-0.37,0.23
8956,6.44,0.0212,-0.53,0.22
8957,6.72,0.0123,-0.31,0.22
8958,8.76,506.3198,-3028.57,0.25
8959,8.6,1548.5056,-3778.26,0.24
8960,9.28,12.3457,-264.63,0.26
8961,12.76,360089.4509,-391.85,0.25
8962,9.16,12.3423,-264.55,0.25
8963,9.36,0.5879,-14.7,0.24
8964,9.48,12.3482,-264.69,0.22
8965,6.48,0.1114,-2.78,0.22
8966,11.52,695896.6075,-586.22,0.22
8967,6.76,120013.6466,-250.29,0.25
8968,6.52,0.0147,-0.37,0.25
8969,9.48,35.5876,-757.66,0.23
8970,7.4,239804.4284,-569.44,0.23
8971,7.68,119907.467,-416.04,0.25
8972,7.52,1545623.3357,-1466.05,0.22
8973,6.28,0.0132,-0.33,0.24
8974,6.52,120013.6487,-250.34,0.25
8975,6.48,0.1129,-2.82,0.25
8976,9.68,5012.5314,-811.65,0.24
8977,9.88,33897.101,-698.25,0.22
8978,9.8,13.5422,-588.54,0.22
8979,9.0,38.8053,-264.75,0.24
8980,6.12,0.0157,-0.39,0.25
8981,6.4,0.015,-0.38,0.23
8982,12.64,0.1566,-3.92,0.25
8983,6.84,339251.6556,-459.69,0.23
8984,7.04,1398067.4135,-1593.64,0.25
8985,9.2,11.791,-250.77,0.24
8986,6.36,1.7718,-44.29,0.24
8987,11.92,119087.9927,-418.28,0.21
8988,9.0,0.0204,-0.51,0.25
8989,8.8,153.1566,-1007.41,0.21
8990,6.48,0.0719,-1.8,0.22
8991,8.56,0.5728,-14.32,0.2
8992,9.76,2.3811,-59.53,0.21
8993,6.04,8.8116,-220.29,0.24
8994,12.56,0.7101,-17.75,0.3
8995,6.12,0.0702,-1.75,0.23
8996,6.92,359874.6901,-250.87,0.26
8997,8.6,38.2314,-250.41,0.25
8998,8.52,76.4406,-500.26,0.32
8999,10.64,360170.3446,-343.87,0.24
9000,6.12,0.0152,-0.38,0.26
9001,6.2,8308.5989,-252.77,0.25
9002,8.44,153.4291,-1014.22,0.22
9003,5.88,15.9546,-250.36,0.22
9004,5.48,0.0176,-0.44,0.21
9005,5.84,0.1134,-2.84,0.24
9006,8.28,0.0119,-0.3,0.22
9007,8.12,38.5129,-257.45,0.22
9008,5.6,0.0132,-0.33,0.22
9009,10.84,476325.4327,-1009.66,0.26
9010,8.92,1.032,-25.8,0.21
9011,7.84,38.2284,-250.33,0.2
9012,7.84,0.2951,-7.38,0.28
9013,5.2,3.8248,-95.62,0.21
9014,11.16,0.9821,-24.55,0.21
9015,5.6,1.7753,-44.38,0.25
9016,10.28,714487.6054,-1500.9,0.2
9017,7.88,0.0124,-0.31,0.22
9018,7.92,0.0128,-0.32,0.24
9019,7.96,421.2406,-507.32,0.21
9020,7.56,0.0135,-0.34,0.22
9021,7.68,0.0116,-0.29,0.24
9022,7.68,0.0135,-0.34,0.21
9023,5.32,0.209,-5.23,0.23
9024,5.4,0.1148,-2.87,0.27
9025,5.68,0.0163,-0.41,0.23
9026,5.6,1.7774,-44.43,0.21
9027,5.56,1.7692,-44.23,0.23
9028,5.56,1.7713,-44.28,0.22
9029,5.64,0.0186,-0.47,0.21
9030,7.68,9632.9972,-1259.57,0.21
9031,10.08,64497.6617,-753.24,0.22
9032,5.84,0.1148,-2.87,0.23
9033,5.56,0.0172,-0.43,0.26
9034,5.48,0.033,-0.83,0.25
9035,5.68,0.1116,-2.79,0.23
9036,8.16,38.5072,-257.3,0.21
9037,5.68,0.0138,-0.34,0.21
9038,8.0,0.2912,-7.28,0.22
9039,7.32,102.4949,-1046.26,0.21
9040,6.36,495403.39,-840.16,0.28
9041,11.72,0.669,-16.72,0.26
9042,8.12,152.8746,-1000.36,0.27
9043,5.76,1.7738,-44.34,0.25
9044,8.12,38.7862,-264.28,0.2
9045,10.28,357243.8178,-750.83,0.22
9046,8.04,38.7856,-264.26,0.2
9047,6.48,1497333.6778,-1264.31,0.22
9048,5.56,0.0135,-0.34,0.23
9049,5.52,1.7733,-44.33,0.23
9050,10.4,238162.5463,-500.58,0.21
9051,9.6,128947.0474,-1004.19,0.21
9052,5.48,1.778,-44.45,0.34
9053,5.52,1.8722,-46.8,0.34
9054,11.44,0.97,-24.25,0.29
9055,7.96,0.015,-0.38,0.2
9056,5.72,1.7782,-44.46,0.27
9057,5.64,8.7963,-219.91,0.27
9058,11.56,5.8876,-147.19,0.22
9059,10.36,357243.809,-750.6,0.22
9060,5.76,0.0204,-0.51,0.21
9061,5.6,1.7774,-44.43,0.28
9062,8.12,38.7948,-264.49,0.22
9063,10.72,357243.8236,-750.97,0.2
9064,7.92,76.4416,-500.29,0.22
9065,7.68,0.0125,-0.31,0.22
9066,5.44,3.6262,-90.66,0.24
9067,5.84,0.0198,-0.5,0.26
9068,7.76,0.0126,-0.31,0.23
9069,7.76,0.0113,-0.28,0.3
9070,7.72,0.014,-0.35,0.8
9071,7.76,0.0145,-0.36,0.19
9072,10.04,238165.0035,-562.01,0.25
9073,7.64,0.0144,-0.36,0.24
9074,7.68,0.0132,-0.33,0.24
9075,5.44,0.1118,-2.79,0.31
9076,5.4,0.1177,-2.94,0.22
9077,5.68,1.7722,-44.31,0.24
9078,5.64,0.0162,-0.4,0.25
9079,5.68,0.02,-0.5,0.25
9080,11.28,1.9243,-298.11,0.24
9081,6.36,1700882.5301,-2086.57,0.23
9082,7.92,0.2929,-7.32,0.22
9083,7.6,163.2827,-1525.62,0.33
9084,9.72,64473.4976,-501.44,0.28
9085,5.68,0.0205,-0.51,0.24
9086,5.56,0.0218,-0.54,0.31
9087,5.48,1.773,-44.33,0.32
9088,10.56,119081.6484,-259.67,0.29
9089,7.84,0.0124,-0.31,0.28
9090,7.72,0.0221,-0.55,0.27
9091,10.28,357243.8241,-750.98,0.23
9092,7.72,0.0141,-0.35,0.28
9093,5.44,3.6289,-90.72,0.29
9094,7.56,0.013,-0.33,0.23
9095,8.92,32236.7956,-251.89,0.24
9096,4.76,8.9905,-224.76,0.28
9097,5.56,0.2118,-5.29,0.25
9098,7.72,0.0225,-0.56,0.25
9099,6.12,902495.5323,-1345.66,0.23
9100,7.68,0.0137,-0.34,0.2
9101,5.6,0.0151,-0.38,0.22
9102,5.56,0.0171,-0.43,0.22
9103,5.72,0.0136,-0.34,0.22
9104,7.56,0.013,-0.33,0.2
9105,5.6,0.1165,-2.91,0.24
9106,10.4,357243.8516,-751.67,0.28
9107,5.6,0.0148,-0.37,0.32
9108,7.72,0.0201,-0.5,0.34
9109,5.48,1.7698,-44.24,0.23
9110,8.28,7.2954,-182.39,0.22
9111,5.84,0.0172,-0.43,0.21
9112,10.6,119081.2935,-250.8,0.26
9113,5.48,0.0162,-0.41,0.22
9114,7.68,0.0119,-0.3,0.22
9115,6.4,459154.1887,-752.38,0.21
9116,5.64,0.0161,-0.4,0.24
9117,9.8,161183.6669,-1251.67,0.28
9118,5.6,0.0166,-0.42,0.37
9119,11.2,0.6529,-16.32,0.22
9120,6.96,4980.8948,-1750.7,0.23
9121,9.96,2.502,-62.55,0.22
9122,7.72,0.0116,-0.29,0.22
9123,9.84,161183.7758,-1254.39,0.2
9124,6.32,1090246.4827,-1882.44,0.22
9125,5.48,0.114,-2.85,0.23
9126,5.6,1.7772,-44.43,0.22
9127,8.52,0.4414,-11.03,0.23
9128,5.56,0.0145,-0.36,0.24
9129,5.52,0.1123,-2.81,0.22
9130,7.72,29.8492,-250.33,0.22
9131,5.48,0.0291,-0.73,0.22
9132,7.68,0.0127,-0.32,0.22
9133,7.68,0.0155,-0.39,0.22
9134,10.36,238162.5994,-501.91,0.21
9135,5.76,1.7722,-44.3,0.22
9136,7.84,38.2284,-250.33,0.2
9137,11.04,623.0266,-258.39,0.24
9138,5.52,1.7737,-44.34,0.27
9139,6.48,1085580.5233,-1051.63,0.23
9140,7.52,101.0217,-1009.43,0.25
9141,11.12,0.6475,-16.19,0.24
9142,5.48,0.0189,-0.47,0.24
9143,5.68,0.015,-0.38,0.25
9144,6.64,77.3289,-752.07,0.25
9145,9.88,358205.5247,-812.12,0.26
9146,7.68,0.0137,-0.34,0.2
9147,5.64,0.0145,-0.36,0.23
9148,5.64,0.0133,-0.33,0.29
9149,5.72,0.0178,-0.45,0.23
9150,5.6,1.7693,-44.23,0.24
9151,5.6,0.0191,-0.48,0.35
9152,10.48,0.9594,-23.98,0.23
9153,6.12,750999.7032,-1544.65,0.27
9154,7.72,0.0136,-0.34,0.24
9155,5.4,0.0143,-0.36,0.3
9156,5.52,0.0126,-0.32,0.23
9157,5.64,0.1138,-2.85,0.27
9158,5.64,0.0123,-0.31,0.22
9159,8.4,0.7606,-19.01,0.23
9160,5.6,0.0154,-0.38,0.25
9161,5.6,0.1099,-2.75,0.22
9162,7.72,0.1498,-3.74,0.21
9163,9.96,161183.7257,-1253.14,0.21
9164,5.68,0.0173,-0.43,0.26
9165,10.2,476325.0831,-1000.92,0.27
9166,5.48,0.0143,-0.36,0.3
9167,5.56,1.7728,-44.32,0.27
9168,7.84,0.2926,-7.31,0.23
9169,5.52,0.1118,-2.79,0.26
9170,5.6,1.7754,-44.39,0.25
9171,10.64,0.3319,-8.3,0.21
9172,10.12,478243.6154,-1001.47,0.36
9173,5.64,1.7731,-44.33,0.3
9174,10.4,596368.0688,-1312.64,0.22
9175,7.84,0.0143,-0.36,0.26
9176,9.28,96710.1889,-750.72,0.2
9177,7.64,0.0134,-0.34,0.21
9178,10.36,476325.0937,-1001.18,0.2
9179,7.88,0.2923,-7.31,0.23
9180,5.8,0.1166,-2.91,0.24
9181,6.08,1022396.3476,-1595.41,0.25
9182,9.2,32236.7503,-250.76,0.21
9183,7.56,0.0136,-0.34,0.2
9184,7.68,0.0121,-0.3,0.22
9185,5.16,5.3864,-134.66,0.22
9186,6.0,1110702.1873,-1794.86,0.24
9187,7.72,0.0136,-0.34,0.29
9188,8.68,14.3543,-358.86,0.22
9189,5.44,1.7728,-44.32,0.27
9190,7.68,0.0148,-0.37,0.2
9191,7.68,0.0146,-0.36,0.78
9192,5.64,8.7994,-219.98,0.25
9193,8.48,0.0263,-0.66,0.2
9194,5.56,0.1693,-4.23,0.22
9195,5.6,0.0189,-0.47,0.27
9196,10.0,120050.4004,-497.09,0.25
9197,7.68,0.0145,-0.36,0.27
9198,6.24,339246.8074,-338.49,0.28
9199,9.96,7.3607,-184.02,0.28
9200,5.6,0.0188,-0.47,0.28
9201,8.4,0.1182,-252.84,0.28
9202,5.52,0.0728,-1.82,0.25
9203,7.72,0.2942,-7.35,0.28
9204,10.08,597327.3754,-1313.93,0.29
9205,5.8,0.0261,-0.65,0.28
9206,5.76,0.0148,-0.37,0.28
9207,5.36,0.0142,-0.35,0.28
9208,7.68,0.0142,-0.36,0.28
9209,9.92,119083.8348,-314.33,0.22
9210,5.48,0.0161,-0.4,0.24
9211,9.64,0.045,-1.12,0.21
9212,6.48,698954.7098,-724.15,0.22
9213,5.6,0.0162,-0.4,0.22
9214,5.72,0.0177,-0.44,0.21
9215,5.4,3.5316,-88.29,0.23
9216,7.76,0.012,-0.3,0.21
9217,7.68,0.0126,-0.32,0.42
9218,5.6,1.7748,-44.37,0.23
9219,9.4,193420.386,-1501.65,0.22
9220,10.6,0.7826,-19.57,0.22
9221,8.52,0.4822,-12.05,0.25
9222,5.68,0.0153,-0.38,0.26
9223,7.76,0.0136,-0.34,0.28
9224,7.72,0.0113,-0.28,0.21
9225,5.6,1.7761,-44.4,0.21
9226,7.72,0.0133,-0.33,0.23
9227,5.68,0.0176,-0.44,0.31
9228,10.84,0.4872,-12.18,0.2
9229,5.68,0.0206,-0.52,0.21
9230,9.2,64473.625,-504.62,0.19
9231,7.68,0.0138,-0.35,0.2
9232,5.68,15.9562,-250.4,0.2
9233,7.56,0.0142,-0.36,0.22
9234,5.52,0.0158,-0.4,0.21
9235,6.12,542791.2838,-1051.35,0.2
9236,5.52,0.0186,-0.47,0.22
9237,6.2,2112634.0707,-2258.9,0.22
9238,6.52,1017739.2088,-985.12,0.24
9239,5.6,0.165,-4.12,0.24
9240,5.68,0.0128,-0.32,0.26
9241,5.6,0.1105,-2.76,0.23
9242,6.64,1696220.4582,-1352.96,0.26
9243,5.48,0.1873,-4.68,0.22
9244,7.56,0.0114,-0.29,0.21
9245,5.64,0.0198,-0.49,0.23
9246,5.68,0.0166,-0.42,0.22
9247,5.64,8.8026,-220.06,0.23
9248,7.84,0.0181,-0.45,0.2
9249,8.0,0.0146,-0.36,0.21
9250,6.52,798389.698,-808.41,0.24
9251,7.72,0.0132,-0.33,0.22
9252,7.72,0.0144,-0.36,0.21
9253,7.68,0.0124,-0.31,0.21
9254,9.4,64473.4638,-500.6,0.23
9255,7.68,0.0117,-0.29,0.2
9256,11.0,0.7786,-269.44,0.2
9257,5.64,0.0144,-0.36,0.24
9258,7.72,0.0175,-0.44,0.21
9259,8.88,0.0362,-0.91,0.23
9260,7.68,0.0134,-0.33,0.22
9261,7.6,0.0123,-0.31,0.2
9262,7.84,0.0139,-0.35,0.21
9263,5.6,0.0199,-0.5,0.23
9264,5.96,187791.8295,-853.38,0.21
9265,7.56,0.0116,-0.29,0.27
9266,5.8,0.0166,-0.42,0.29
9267,5.8,0.1182,-2.95,0.24
9268,5.6,1.7749,-44.37,0.22
9269,7.72,0.0144,-0.36,0.23
9270,7.68,0.0134,-0.33,0.23
9271,10.68,5.5519,-138.8,0.21
9272,7.68,0.0141,-0.35,0.23
9273,7.64,0.0168,-0.42,0.21
9274,10.4,0.6441,-266.1,0.19
9275,7.68,0.0131,-0.33,0.22
9276,5.48,0.0174,-0.43,0.28
9277,5.68,0.0174,-0.44,0.23
9278,9.08,64473.4941,-501.35,0.21
9279,10.04,4.9845,-374.59,0.2
9280,7.48,0.0702,-1.76,0.2
9281,5.44,0.1096,-2.74,0.21
9282,5.6,0.1083,-2.71,0.21
9283,9.0,354258.1827,-251.9,0.23
9284,7.56,0.0109,-0.27,0.21
9285,5.52,8.8964,-222.41,0.22
9286,7.76,0.0122,-0.31,0.21
9287,5.56,0.0174,-0.43,0.22
9288,10.04,120043.0764,-563.99,0.23
9289,7.68,0.012,-0.3,0.2
9290,7.56,0.0128,-0.32,0.21
9291,7.68,0.0145,-0.36,0.24
9292,5.72,8.8052,-220.13,0.24
9293,5.48,1350503.8147,-1794.29,0.22
9294,5.92,698949.2901,-1588.61,0.22
9295,5.4,0.212,-5.3,0.23
9296,7.8,0.0156,-0.39,0.25
9297,5.64,0.114,-2.85,0.23
9298,8.64,7.5907,-189.77,0.22
9299,7.92,0.0131,-0.33,0.22
9300,10.2,4.9373,-373.41,0.2
9301,5.52,0.1129,-2.82,0.25
9302,10.0,479205.3048,-1062.33,0.19
9303,5.6,5.672,-141.8,0.28
9304,5.48,0.0147,-0.37,0.22
9305,7.76,0.0189,-0.47,0.25
9306,5.48,0.0201,-0.5,0.21
9307,7.76,0.0131,-0.33,0.22
9308,11.0,5.5517,-388.77,0.2
9309,5.48,0.0185,-0.46,0.24
9310,5.6,1.7762,-44.4,0.23
9311,5.48,0.0178,-0.45,0.26
9312,7.56,0.0148,-0.37,0.21
9313,5.48,0.0153,-0.38,0.23
9314,7.68,0.0146,-0.37,0.2
9315,7.72,3.0208,-75.52,0.24
9316,8.36,0.0984,-2.46,0.26
9317,6.12,1262199.6182,-1635.92,0.22
9318,5.84,0.0166,-0.41,0.22
9319,7.72,0.0141,-0.35,0.78
9320,6.36,4852.4877,-1471.0,0.22
9321,6.52,115.8428,-1009.54,0.23
9322,7.6,0.0137,-0.34,0.22
9323,5.8,1194345.537,-1250.24,0.21
9324,7.56,0.0124,-0.31,0.21
9325,7.76,0.014,-0.35,0.21
9326,5.52,0.0189,-0.47,0.24
9327,7.72,0.0135,-0.34,0.25
9328,6.04,1418352.4814,-1044.65,0.21
9329,5.4,1.7732,-44.33,0.26
9330,5.72,2.2466,-306.16,0.22
9331,5.48,0.0466,-1.16,0.23
9332,8.32,0.0396,-0.99,0.2
9333,5.56,0.0184,-0.46,0.24
9334,5.6,0.1151,-2.88,0.23
9335,5.6,0.1142,-2.86,0.25
9336,5.68,0.0138,-0.34,0.22
9337,5.48,0.0159,-0.4,0.22
9338,5.6,0.0357,-0.89,0.21
9339,7.72,0.0119,-0.3,0.26
9340,5.68,0.0506,-1.26,0.23
9341,5.68,0.0161,-0.4,0.23
9342,7.68,0.0157,-0.39,0.22
9343,5.76,0.1143,-2.86,0.27
9344,5.68,0.0161,-0.4,0.27
9345,5.52,1.7743,-44.36,0.24
9346,7.72,0.0125,-0.31,0.21
9347,9.36,360124.1637,-815.34,0.2
9348,6.32,1554051.8202,-1595.42,0.21
9349,7.72,0.0141,-0.35,0.2
9350,5.48,0.0172,-0.43,0.24
9351,7.72,0.0122,-0.31,0.22
9352,10.16,238167.8016,-631.96,0.23
9353,9.84,238165.0606,-563.43,0.22
9354,7.6,0.0148,-0.37,0.3
9355,5.64,0.0148,-0.37,0.23
9356,7.72,0.208,-5.2,0.22
9357,5.52,16.0498,-252.74,0.24
9358,5.48,0.0162,-0.41,0.21
9359,6.28,1664625.1687,-1794.8,0.19
9360,7.6,0.0123,-0.31,0.22
9361,11.08,0.331,-8.28,0.19
9362,6.88,97.1406,-1009.48,0.2
9363,8.2,7.3058,-182.65,0.2
9364,5.6,0.0134,-0.34,0.28
9365,5.56,1.7741,-44.35,0.22
9366,9.44,128946.9813,-1002.53,0.23
9367,7.68,0.0122,-0.3,0.25
9368,5.84,1361635.825,-1750.65,0.22
9369,5.6,0.1166,-2.91,0.31
9370,5.48,0.1147,-2.87,0.22
9371,5.64,0.0166,-0.42,0.2
9372,10.28,0.3281,-8.2,0.18
9373,9.4,360126.5568,-875.17,0.18
9374,7.84,0.0141,-0.35,0.35
9375,5.48,0.0183,-0.46,0.21
9376,5.68,0.0171,-0.43,0.2
9377,11.0,619.9864,-258.39,0.22
9378,9.24,32236.7528,-250.82,0.18
9379,7.6,0.0118,-0.3,0.21
9380,6.16,615300.901,-1007.3,0.19
9381,7.44,0.1368,-3.42,0.23
9382,7.44,0.0706,-1.77,0.2
9383,5.4,0.1149,-2.87,0.27
9384,7.64,0.014,-0.35,0.24
9385,5.6,1.7729,-44.32,0.3
9386,7.72,0.0135,-0.34,0.24
9387,7.72,0.0124,-0.31,0.27
9388,5.64,0.0274,-0.69,0.24
9389,5.72,0.0135,-0.34,0.23
9390,8.28,146.2143,-270.61,0.23
9391,5.6,0.0164,-0.41,0.22
9392,5.6,1.7722,-44.3,0.23
9393,5.56,0.019,-0.47,0.23
9394,5.68,0.014,-0.35,0.22
9395,8.56,14.6963,-367.41,0.2
9396,5.64,0.0286,-0.72,0.23
9397,5.6,0.0203,-0.51,0.23
9398,7.72,0.0142,-0.36,0.22
9399,5.48,0.0131,-0.33,0.25
9400,5.4,0.0155,-0.39,0.24
9401,8.6,152.9081,-437.95,0.21
9402,8.24,0.0466,-251.15,0.21
9403,5.6,0.1175,-2.94,0.22
9404,5.64,0.1105,-2.76,0.25
9405,9.08,32236.7474,-250.69,0.22
9406,7.72,0.0137,-0.34,0.22
9407,8.32,7.5844,-189.61,0.21
9408,10.44,5.1804,-129.51,0.2
9409,7.56,0.2075,-5.19,0.22
9410,6.04,970343.6056,-1581.15,0.22
9411,8.68,0.0289,-0.72,0.22
9412,7.68,0.0122,-0.31,0.27
9413,5.64,0.018,-0.45,0.21
9414,6.6,234.0174,-1750.7,0.25
9415,7.56,0.0139,-0.35,0.22
9416,7.72,0.0208,-0.52,0.2
9417,5.48,1.775,-44.37,0.22
9418,5.6,0.0188,-0.47,0.23
9419,5.6,0.0153,-0.38,0.24
9420,5.48,1.7744,-44.36,0.25
9421,5.4,1.8441,-46.1,0.21
9422,7.68,0.0141,-0.35,0.21
9423,7.72,0.0143,-0.36,0.23
9424,7.56,0.0122,-0.31,0.21
9425,7.92,0.0135,-0.34,0.2
9426,10.0,120043.0543,-313.44,0.21
9427,7.72,0.082,-2.05,0.23
9428,7.68,0.0141,-0.35,0.23
9429,10.76,0.7908,-19.77,0.19
9430,5.72,0.0173,-0.43,0.23
9431,5.64,0.015,-0.38,0.4
9432,5.6,1.7736,-44.34,0.25
9433,5.48,0.0143,-0.36,0.38
9434,6.56,154.5572,-1501.63,0.29
9435,7.92,0.013,-0.33,0.28
9436,9.72,5.0227,-125.57,0.25
9437,5.64,1.7756,-44.39,0.23
9438,5.48,0.0141,-0.35,0.25
9439,8.84,0.5008,-12.52,0.22
9440,6.48,579055.8743,-1023.88,0.2
9441,5.48,0.0212,-0.53,0.21
9442,5.92,631102.2487,-1378.93,0.21
9443,7.68,0.0148,-0.37,0.23
9444,9.6,120047.905,-434.71,0.2
9445,10.96,6.1804,-154.51,0.21
9446,8.76,64476.8429,-585.07,0.2
9447,9.28,120045.5221,-375.13,0.21
9448,7.56,57212.6411,-1778.99,0.84
9449,5.4,563248.4467,-1000.23,0.27
9450,5.04,5.5762,-139.41,0.26
9451,9.72,0.4989,-12.47,0.21
9452,5.6,1.7718,-44.29,0.27
9453,10.28,0.1868,-254.66,0.24
9454,5.56,0.0164,-0.41,0.25
9455,8.36,0.0273,-250.65,0.19
9456,5.8,0.0215,-0.54,0.22
9457,5.4,1.777,-44.43,0.31
9458,9.56,120043.0547,-313.45,0.22
9459,5.64,0.0325,-0.81,0.22
9460,10.04,240083.5307,-812.42,0.18
9461,7.72,0.0149,-0.37,0.24
9462,7.68,0.0142,-0.36,0.2
9463,7.68,0.0115,-0.29,0.2
9464,5.6,0.1136,-2.84,0.19
9465,7.72,0.0127,-0.32,0.21
9466,5.6,0.019,-0.47,0.23
9467,7.68,0.0143,-0.36,0.23
9468,7.68,0.0117,-0.29,0.22
9469,7.6,0.0137,-0.34,0.21
9470,5.64,0.0298,-0.75,0.23
9471,7.6,0.0142,-0.35,0.2
9472,5.72,2703.4858,-250.4,0.25
9473,10.8,0.1453,-3.63,0.19
9474,7.6,0.0124,-0.31,0.2
9475,5.48,0.0167,-0.42,0.25
9476,7.32,0.0694,-1.74,0.36
9477,11.08,5.684,-142.1,0.27
9478,8.24,7.7309,-193.27,0.23
9479,6.64,1017735.4619,-891.45,0.21
9480,5.48,0.0154,-0.39,0.28
9481,5.52,0.0152,-0.38,0.43
9482,8.68,0.3371,-8.43,0.26
9483,6.32,918309.9151,-1543.2,0.27
9484,6.48,678494.1807,-691.12,0.23
9485,7.96,0.0783,-1.96,0.3
9486,5.6,0.0142,-0.36,0.25
9487,7.56,0.0134,-0.33,0.23
9488,5.48,0.0153,-0.38,0.21
9489,5.6,0.016,-0.4,0.23
9490,7.72,0.5726,-14.31,0.26
9491,7.56,0.0134,-0.34,0.26
9492,8.6,0.0242,-0.61,0.23
9493,5.64,0.0183,-0.46,0.23
9494,7.8,0.0242,-0.6,0.23
9495,6.6,1413695.3222,-1933.79,0.2
9496,7.68,0.011,-0.28,0.2
9497,5.76,0.014,-0.35,0.22
9498,7.68,0.0128,-0.32,0.21
9499,5.76,0.0158,-0.4,0.23
9500,5.6,0.1153,-2.88,0.3
9501,6.56,1356980.9756,-1197.59,0.27
9502,7.72,0.0131,-0.33,0.26
9503,6.0,459144.391,-507.44,0.24
9504,5.68,0.0194,-0.48,0.22
9505,7.56,0.0143,-0.36,0.24
9506,7.68,0.0116,-0.29,0.2
9507,8.56,0.0257,-0.64,0.2
9508,9.56,240083.6381,-565.12,0.19
9509,5.88,0.0186,-0.47,0.22
9510,7.48,0.0164,-0.41,0.23
9511,5.4,0.1163,-2.91,0.23
9512,7.72,0.0125,-0.31,0.24
9513,6.28,116.1954,-1254.69,0.2
9514,7.72,0.0227,-0.57,0.23
9515,5.72,119900.8636,-250.95,0.22
9516,10.04,120040.6328,-502.89,0.21
9517,8.6,32236.7865,-251.66,0.21
9518,6.44,1945347.2728,-1845.75,0.25
9519,6.24,954545.653,-1294.39,0.38
9520,5.64,0.0226,-0.56,0.36
9521,5.56,1.8693,-46.73,0.27
9522,5.72,1.7741,-44.35,0.24
9523,8.64,0.0902,-2.26,0.28
9524,9.44,0.0664,-1.66,0.21
9525,10.28,0.3302,-8.25,0.2
9526,7.68,0.016,-0.4,0.22
9527,7.68,0.0142,-0.36,0.21
9528,8.68,32236.8031,-252.08,0.2
9529,7.6,0.0112,-0.28,0.29
9530,7.84,0.0132,-0.33,0.22
9531,7.68,0.011,-0.27,0.22
9532,7.88,0.0124,-0.31,0.21
9533,6.4,1158091.9004,-1051.58,0.21
9534,7.6,0.07,-1.75,0.29
9535,7.88,0.0123,-0.31,0.23
9536,6.32,667361.4733,-1217.31,0.22
9537,7.6,0.0139,-0.35,0.22
9538,7.76,0.0227,-0.57,0.22
9539,7.72,0.0216,-0.54,0.24
9540,6.28,1225940.8266,-1308.38,0.22
9541,5.64,0.1206,-3.01,0.25
9542,10.76,0.0156,-0.39,0.22
9543,5.76,0.0233,-0.58,0.22
9544,9.64,96710.2487,-752.22,0.23
9545,9.56,2.845,-71.12,0.19
9546,7.4,0.0684,-1.71,0.2
9547,6.64,1936019.852,-1796.53,0.2
9548,6.48,1017731.583,-794.48,0.29
9549,5.68,1.7734,-44.34,0.25
9550,7.04,115.585,-1009.82,0.22
9551,7.92,0.0168,-0.42,0.2
9552,7.84,0.0131,-0.33,0.22
9553,5.48,0.0184,-0.46,0.29
9554,7.56,0.0128,-0.32,0.21
9555,7.68,0.0109,-0.27,0.19
9556,5.76,0.0188,-0.47,0.23
9557,5.6,1.7714,-44.28,0.25
9558,5.64,1.7774,-44.44,0.23
9559,10.4,0.3286,-8.22,0.19
9560,7.76,0.0133,-0.33,0.23
9561,7.6,0.0103,-0.26,0.23
9562,7.68,0.0129,-0.32,0.23
9563,7.4,0.0674,-1.68,0.21
9564,5.92,0.0141,-0.35,0.25
9565,7.56,0.0138,-0.35,0.22
9566,7.72,0.0149,-0.37,0.24
9567,7.72,0.0231,-0.58,0.22
9568,7.56,0.0147,-0.37,0.23
9569,5.52,1.7777,-44.44,0.24
9570,7.6,0.0116,-0.29,0.22
9571,6.36,798391.2044,-846.07,0.21
9572,9.48,120047.8786,-434.05,0.26
9573,6.32,0.1132,-2.83,0.29
9574,6.48,114744.6768,-500.34,0.81
9575,7.08,950479.3373,-1135.04,0.27
9576,11.72,6.0076,-150.19,0.22
9577,6.68,0.0183,-0.46,0.24
9578,8.28,76.4404,-500.26,0.26
9579,6.64,0.0141,-0.35,0.26
9580,6.68,0.015,-0.37,0.23
9581,7.4,1554921.351,-1350.31,0.36
9582,8.72,6.2421,-405.94,0.26
9583,10.96,0.6482,-16.2,0.21
9584,9.12,32236.8947,-254.37,0.24
9585,10.08,120045.5426,-375.65,0.2
9586,6.76,379.8208,-250.35,0.23
9587,8.52,153.4302,-1014.25,0.26
9588,8.16,38.228,-250.32,0.22
9589,7.28,4787.1459,-530.94,0.23
9590,8.16,115.2128,-764.19,0.3
9591,6.12,0.0182,-0.46,0.23
9592,7.84,38.2254,-250.26,0.24
9593,8.12,0.0144,-0.36,0.23
9594,7.72,0.2934,-7.34,0.2
9595,5.8,0.0124,-0.31,0.21
9596,6.52,1816119.2617,-1552.41,0.21
9597,6.48,1497335.1722,-1301.67,0.2
9598,5.64,0.014,-0.35,0.22
9599,5.64,0.0134,-0.34,0.24
9600,5.72,0.1163,-2.91,0.22
9601,5.64,8.7972,-219.93,0.36
9602,6.4,1465743.9785,-1845.91,0.22
9603,10.04,240086.0892,-876.39,0.25
9604,7.68,0.0136,-0.34,0.22
9605,10.56,0.6435,-16.09,0.22
9606,5.64,17.5869,-439.67,0.37
9607,7.56,0.013,-0.33,0.27
9608,6.56,938760.3064,-1322.79,0.25
9609,7.72,0.0125,-0.31,0.25
9610,7.68,0.014,-0.35,0.23
9611,10.48,0.0129,-0.32,0.21
9612,6.68,135736.1506,-1002.02,0.21
9613,5.68,1.769,-44.23,0.24
9614,5.96,0.0188,-0.47,0.3
9615,6.36,0.0148,-0.37,0.27
9616,6.08,1.7721,-44.3,0.29
9617,7.72,0.5982,-14.95,0.21
9618,5.64,0.012,-0.3,0.24
9619,7.68,0.0116,-0.29,0.21
9620,7.8,0.0171,-0.43,0.22
9621,7.68,0.0111,-0.28,0.22
9622,6.44,359712.4598,-999.58,0.22
9623,9.16,64473.5161,-501.9,0.25
9624,7.12,101.023,-1009.46,0.22
9625,6.88,97.1949,-1017.56,0.23
9626,5.88,1.7707,-44.27,0.24
9627,6.56,1476882.7416,-1471.1,0.2
9628,9.72,359167.2435,-873.71,0.21
9629,9.8,64473.578,-503.45,0.2
9630,5.84,33882.2458,-326.87,0.25
9631,5.6,1.7724,-44.31,0.26
9632,7.72,0.0204,-0.51,0.22
9633,5.64,0.0145,-0.36,0.24
9634,6.32,1664623.6774,-1757.51,0.2
9635,6.84,154.3201,-1509.15,0.26
9636,7.72,0.0133,-0.33,0.2
9637,6.56,798391.191,-845.74,0.21
9638,5.68,0.016,-0.4,0.22
9639,5.76,0.0176,-0.44,0.24
9640,5.64,0.0174,-0.44,0.22
9641,7.52,2.4053,-250.98,0.21
9642,10.04,240086.334,-882.49,0.21
9643,5.68,0.019,-0.48,0.23
9644,7.6,0.0133,-0.33,0.23
9645,5.64,8.798,-219.95,0.22
9646,5.6,0.0164,-0.41,0.22
9647,5.64,8.7996,-219.99,0.22
9648,8.92,32236.7401,-250.5,0.2
9649,6.92,178.1958,-1757.63,0.24
9650,7.6,0.0675,-1.69,0.22
9651,8.32,56465.3645,-251.99,0.2
9652,7.48,0.1768,-4.42,0.21
9653,7.56,0.0148,-0.37,0.2
9654,7.72,0.0149,-0.37,0.23
9655,7.72,0.1042,-2.6,0.2
9656,7.88,0.0131,-0.33,0.22
9657,6.48,1497334.8906,-1294.63,0.24
9658,8.52,152.912,-438.05,0.21
9659,10.88,5.5532,-138.83,0.2
9660,5.6,1.7728,-44.32,0.24
9661,5.68,0.021,-0.52,0.22
9662,5.68,0.0157,-0.39,0.26
9663,5.68,0.0196,-0.49,0.25
9664,7.56,0.0159,-0.4,0.22
9665,5.72,0.3106,-7.76,0.23
9666,5.56,0.0167,-0.42,0.27
9667,5.76,0.0158,-0.4,0.25
9668,7.56,0.0121,-0.3,0.23
9669,7.56,0.0133,-0.33,0.23
9670,7.72,0.159,-3.98,0.24
9671,9.76,2.8758,-71.9,0.21
9672,7.68,0.0145,-0.36,0.21
9673,7.68,0.0115,-0.29,0.21
9674,7.72,0.0161,-0.4,0.23
9675,7.68,0.0141,-0.35,0.26
9676,7.76,0.0146,-0.37,0.23
9677,10.0,120040.628,-252.78,0.23
9678,6.68,4901.3988,-1500.73,0.3
9679,5.6,1.7701,-44.25,0.68
9680,5.64,120013.6607,-250.64,0.25
9681,5.48,0.0164,-0.41,0.29
9682,6.4,1633032.7573,-1808.6,0.23
9683,7.64,0.0169,-0.42,0.22
9684,5.68,0.0143,-0.36,0.31
9685,5.64,0.1146,-2.86,0.31
9686,6.04,683153.0886,-1345.64,0.23
9687,6.0,1574507.4996,-1507.21,0.22
9688,6.72,138.0763,-1000.81,0.23
9689,7.68,0.0136,-0.34,0.28
9690,7.72,0.0118,-0.29,0.2
9691,6.12,662803.1568,-1257.3,0.21
9692,5.48,0.1104,-2.76,0.26
9693,6.36,1653606.1056,-1841.88,0.22
9694,8.76,4.9648,-124.12,0.2
9695,5.32,2.0627,-51.57,0.3
9696,5.52,1.8678,-46.69,0.26
9697,6.48,135.0305,-1251.35,0.23
9698,5.84,1262194.1925,-1500.28,0.81
9699,5.64,698945.754,-1500.21,0.22
9700,5.4,1.7897,-44.74,0.24
9701,5.48,1.77,-44.25,0.22
9702,7.68,0.0122,-0.31,0.21
9703,5.8,1.7783,-44.46,0.25
9704,8.12,416314.5536,-931.01,0.29
9705,7.6,0.0697,-1.74,0.22
9706,5.68,1126496.915,-1001.04,0.21
9707,7.84,56611.2766,-515.04,0.21
9708,7.52,0.0171,-0.43,0.2
9709,5.88,0.0141,-0.35,0.24
9710,5.4,0.2077,-5.19,0.27
9711,9.92,5.6986,-142.47,0.2
9712,7.6,0.0132,-0.33,0.23
9713,7.6,0.0136,-0.34,0.24
9714,7.72,0.0146,-0.37,0.2
9715,5.64,8.8088,-220.22,0.24
9716,7.96,310.0672,-751.02,0.22
9717,8.48,171.8771,-681.02,0.37
9718,7.44,0.9363,-23.41,0.22
9719,7.68,0.0137,-0.34,0.21
9720,9.48,240081.4101,-509.42,0.19
9721,8.28,145.8805,-262.26,0.25
9722,9.92,0.3314,-8.29,0.19
9723,5.64,0.0172,-0.43,0.23
9724,7.68,0.0147,-0.37,0.21
9725,5.6,0.0182,-0.45,0.22
9726,5.52,0.0171,-0.43,0.22
9727,5.4,0.0181,-0.45,0.22
9728,5.64,2117298.0686,-2540.69,0.22
9729,5.76,0.0169,-0.42,0.3
9730,9.6,0.0385,-0.96,0.25
9731,5.48,0.0151,-0.38,0.25
9732,7.72,0.0148,-0.37,0.24
9733,5.48,0.0174,-0.44,0.22
9734,8.44,0.0128,-0.32,0.23
9735,8.76,0.0296,-0.74,0.19
9736,5.64,0.0166,-0.41,0.22
9737,7.72,0.0144,-0.36,0.22
9738,5.52,0.0136,-0.34,0.24
9739,6.72,138.9396,-1252.0,0.24
9740,6.04,902492.8516,-1278.65,0.22
9741,5.48,0.0142,-0.36,0.25
9742,7.68,0.012,-0.3,0.22
9743,5.64,0.0166,-0.42,0.23
9744,10.08,0.4954,-12.38,0.21
9745,5.48,0.0117,-0.29,0.23
9746,7.76,360166.6024,-250.32,0.27
9747,6.52,938751.0851,-1092.26,0.2
9748,7.68,0.0136,-0.34,0.2
9749,7.72,0.0136,-0.34,0.22
9750,5.84,0.0165,-0.41,0.25
9751,7.68,0.0108,-0.27,0.21
9752,5.48,0.0408,-1.02,0.26
9753,6.32,2243670.3474,-2051.3,0.2
9754,8.44,0.0143,-0.36,0.22
9755,5.48,0.0149,-0.37,0.34
9756,8.56,32236.7468,-250.67,0.3
9757,6.4,407099.5552,-690.83,0.34
9758,7.76,0.0147,-0.37,0.22
9759,7.72,0.0141,-0.35,0.25
9760,5.64,0.0154,-0.38,0.24
9761,5.84,0.0159,-0.4,0.27
9762,6.68,1476990.1216,-1335.37,0.25
9763,5.52,0.0162,-0.4,0.22
9764,7.16,4862.3782,-1000.99,0.22
9765,7.88,38.2316,-250.41,0.23
9766,5.56,0.0129,-0.32,0.23
9767,7.56,0.0136,-0.34,0.22
9768,7.2,9572.5329,-1017.91,0.21
9769,5.84,0.018,-0.45,0.28
9770,5.56,0.1127,-2.82,0.26
9771,5.84,0.1092,-2.73,0.24
9772,5.68,0.0146,-0.36,0.25
9773,5.48,0.0149,-0.37,0.25
9774,5.68,19.7118,-250.33,0.24
9775,8.36,0.3426,-8.56,0.23
9776,6.88,58.6281,-752.04,0.33
9777,10.36,0.3157,-7.89,0.35
9778,5.88,17.5818,-439.54,0.32
9779,7.8,0.2902,-7.25,0.23
9780,8.6,0.4371,-10.93,0.22
9781,6.0,0.115,-2.88,0.24
9782,6.16,119904.6398,-345.36,0.23
9783,6.0,1.7689,-44.22,0.24
9784,5.76,1.7692,-44.23,0.25
9785,8.8,0.0242,-0.61,0.22
9786,7.72,0.0137,-0.34,0.22
9787,9.32,240090.8659,-745.81,0.2
9788,5.76,0.0127,-0.32,0.21
9789,7.72,0.0137,-0.34,0.22
9790,6.32,1038195.7498,-918.45,0.22
9791,7.92,0.0141,-0.35,0.23
9792,7.52,0.0684,-1.71,0.23
9793,5.48,0.1142,-2.85,0.25
9794,8.68,172.1868,-688.76,0.23
9795,6.56,526998.0803,-883.32,0.22
9796,5.56,0.109,-2.72,0.23
9797,9.32,240088.6305,-689.93,0.2
9798,7.72,0.0119,-0.3,0.21
9799,8.88,0.0259,-0.65,0.21
9800,10.12,7.4227,-185.57,0.2
9801,7.92,0.04,-1.0,0.24
9802,7.68,0.0126,-0.32,0.23
9803,6.04,339255.6142,-558.66,0.23
9804,5.64,8.7989,-219.97,0.24
9805,5.76,0.0128,-0.32,0.23
9806,7.68,0.0125,-0.31,0.22
9807,7.72,0.0207,-0.52,0.23
9808,9.56,5.0802,-127.01,0.23
9809,7.48,0.0695,-1.74,0.23
9810,6.0,1402557.7512,-1838.41,0.23
9811,7.64,437.3125,-778.56,0.22
9812,5.64,0.0325,-0.81,0.28
9813,6.36,1565185.4984,-1593.48,0.25
9814,5.64,0.0185,-0.46,0.37
9815,5.76,0.0126,-0.32,0.35
9816,5.68,0.0137,-0.34,0.3
9817,5.6,1.7701,-44.25,0.24
9818,5.6,1.7685,-44.21,0.24
9819,5.68,0.0148,-0.37,0.26
9820,7.68,0.0143,-0.36,0.23
9821,6.44,1477256.3258,-1565.54,0.81
9822,7.64,0.0699,-1.75,0.21
9823,7.72,0.0133,-0.33,0.24
9824,7.84,0.0137,-0.34,0.26
9825,5.64,42.1112,-250.33,0.24
9826,6.4,1804991.3779,-1699.21,0.22
9827,6.6,173.532,-2001.35,0.22
9828,5.64,0.0208,-0.52,0.26
9829,9.92,120043.0917,-314.37,0.24
9830,7.68,0.0449,-1.12,0.23
9831,8.72,96.3227,-250.7,0.22
9832,5.64,1.7723,-44.31,0.26
9833,6.92,135.9605,-1251.53,0.33
9834,6.16,8.8014,-220.03,0.24
9835,6.64,798389.6982,-808.42,0.23
9836,10.72,0.017,-0.43,0.23
9837,7.08,4845.2105,-1039.29,0.27
9838,5.72,0.0434,-1.09,0.25
9839,5.56,0.0162,-0.41,0.24
9840,10.04,0.2018,-5.04,0.24
9841,6.28,339438.6171,-2072.78,0.29
9842,8.92,0.029,-0.73,0.35
9843,5.56,0.0736,-1.84,0.38
9844,5.48,0.0176,-0.44,0.26
9845,5.48,359702.492,-250.41,0.25
9846,5.6,0.0189,-0.47,0.24
9847,8.56,0.422,-10.55,0.29
9848,5.68,114728.7382,-250.38,0.25
9849,5.48,0.02,-0.5,0.31
9850,5.52,0.017,-0.43,0.27
9851,7.68,0.0134,-0.34,0.23
9852,9.56,240088.4533,-685.5,0.3
9853,9.68,120047.9738,-436.43,0.21
9854,8.96,32236.7932,-251.83,0.22
9855,8.4,0.159,-3.97,0.2
9856,5.52,168269.9935,-250.32,0.25
9857,5.68,3.076,-76.9,0.24
9858,6.6,1356976.6877,-1090.39,0.22
9859,7.84,0.0143,-0.36,0.22
9860,8.76,32236.7364,-250.41,0.22
9861,8.32,359697.1514,-262.82,0.21
9862,9.48,120050.3398,-495.58,0.22
9863,6.48,2076378.5985,-2014.36,0.3
9864,6.64,1476875.9633,-1301.64,0.21
9865,7.56,0.0141,-0.35,0.26
9866,7.56,0.0148,-0.37,0.25
9867,7.68,360166.6022,-250.32,0.22
9868,11.0,0.164,-254.08,0.22
9869,11.0,5.878,-146.95,0.23
9870,7.72,0.0133,-0.33,0.21
9871,6.8,678914.8458,-934.05,0.22
9872,6.36,798389.448,-802.16,0.21
9873,5.68,0.0158,-0.4,0.24
9874,7.68,0.0106,-0.27,0.2
9875,7.76,0.0144,-0.36,0.26
9876,6.16,0.0183,-0.46,0.32
9877,7.8,0.0128,-0.32,0.27
9878,7.36,9571.8417,-1000.62,0.29
9879,9.8,0.4324,-10.81,0.22
9880,6.64,1137636.5174,-1147.2,0.27
9881,10.2,0.1816,-4.54,0.2
9882,7.68,0.0458,-1.15,0.27
9883,7.88,0.0162,-0.4,0.29
9884,7.68,0.0127,-0.32,0.32
9885,8.28,0.1354,-3.38,0.29
9886,7.4,5000.2953,-768.28,0.22
9887,5.76,1.7753,-44.38,0.29
9888,5.68,0.0176,-0.44,0.25
9889,5.48,0.0158,-0.4,0.26
9890,5.6,0.0163,-0.41,0.37
9891,6.16,1106042.9758,-1132.75,0.31
9892,7.72,0.0327,-0.82,0.29
9893,7.68,0.0142,-0.36,0.27
9894,5.6,0.1114,-2.79,0.33
9895,5.8,0.0174,-0.44,0.27
9896,7.72,0.0124,-0.31,0.28
9897,7.68,0.0142,-0.36,0.35
9898,10.44,5.8542,-146.35,0.28
9899,8.56,0.0315,-0.79,0.25
9900,8.64,32236.7458,-250.65,0.21
9901,5.68,0.0177,-0.44,0.31
9902,5.76,0.0132,-0.33,0.3
9903,9.08,0.0368,-0.92,0.23
9904,5.64,0.2006,-5.01,0.27
9905,5.48,0.0151,-0.38,0.34
9906,5.48,1.7754,-44.38,0.33
9907,6.56,1017739.758,-998.85,0.28
9908,5.92,0.015,-0.38,0.24
9909,7.92,0.0138,-0.35,0.28
9910,5.6,0.0182,-0.46,0.25
9911,8.2,7.6154,-190.38,0.25
9912,5.64,67848.7686,-252.88,0.25
9913,5.48,0.0161,-0.4,0.25
9914,5.64,8.8008,-220.02,0.23
9915,5.76,0.0136,-0.34,0.32
9916,5.48,0.0214,-0.54,0.25
9917,6.4,1445285.0318,-1352.45,0.28
9918,7.8,0.0876,-2.19,0.21
9919,7.68,0.0095,-0.24,0.23
9920,6.56,407097.5349,-640.32,0.3
9921,7.72,0.0118,-0.29,0.22
9922,6.6,738643.5457,-934.18,0.22
9923,5.64,1.4136,-35.34,0.23
9924,7.68,0.0133,-0.33,0.21
9925,5.88,0.1159,-2.9,0.23
9926,6.32,0.1132,-2.83,0.24
9927,7.68,0.293,-7.32,0.26
9928,6.84,1816117.8081,-1516.07,0.24
9929,5.68,1.7756,-44.39,0.3
9930,6.4,1137630.6536,-1000.6,0.33
9931,5.56,1.7708,-44.27,0.34
9932,5.64,0.0194,-0.49,0.31
9933,5.84,0.0147,-0.37,0.36
9934,5.96,0.031,-0.78,0.3
9935,7.72,0.0111,-0.28,0.89
9936,7.56,0.0111,-0.28,0.27
9937,6.72,579046.9878,-801.72,0.24
9938,6.36,1017735.9732,-904.23,0.27
9939,5.88,0.0191,-0.48,0.31
9940,9.48,96710.1908,-750.77,0.28
9941,7.56,0.0139,-0.35,0.38
9942,7.36,100.221,-759.81,0.4
9943,5.88,0.0155,-0.39,0.33
9944,9.32,120047.9165,-434.99,0.3
9945,6.28,459146.4518,-558.96,0.32
9946,6.76,1278055.4788,-1933.86,0.25
9947,6.36,119908.191,-434.14,0.26
9948,7.68,0.0124,-0.31,0.3
9949,5.56,0.0176,-0.44,0.31
9950,6.16,134.701,-1251.98,0.32
9951,5.64,8.7986,-219.96,0.26
9952,8.16,359704.2875,-441.23,0.19
9953,5.68,0.0123,-0.31,0.22
9954,5.68,0.0144,-0.36,0.22
9955,5.48,0.0153,-0.38,0.26
9956,5.68,0.018,-0.45,0.22
9957,5.64,0.0484,-1.21,0.25
9958,8.0,298.3305,-688.76,0.21
9959,7.76,0.014,-0.35,0.26
9960,7.68,0.0131,-0.33,0.21
9961,6.48,1377432.3038,-1000.6,0.21
9962,7.76,0.0117,-0.29,0.22
9963,5.76,0.0212,-0.53,0.24
9964,5.6,0.0141,-0.35,0.25
9965,5.64,0.0183,-0.46,0.24
9966,5.76,0.0171,-0.43,0.22
9967,8.48,0.0258,-0.64,0.21
9968,7.72,0.0126,-0.32,0.21
9969,8.52,0.2397,-5.99,0.26
9970,7.68,0.0224,-0.56,0.2
9971,9.96,0.1519,-3.8,0.25
9972,7.72,0.0148,-0.37,0.23
9973,7.64,0.0118,-0.3,0.25
9974,7.56,0.0145,-0.36,0.23
9975,7.76,0.0132,-0.33,0.25
9976,9.8,42891.6023,-312.95,0.22
9977,7.56,0.0148,-0.37,0.21
9978,5.56,0.0122,-0.3,0.23
9979,6.0,0.018,-250.43,0.22
9980,7.68,0.0146,-0.37,0.22
9981,7.92,0.0145,-0.36,0.2
9982,7.56,0.0141,-0.35,0.21
9983,8.64,0.0167,-0.42,0.21
9984,5.6,0.1112,-2.78,0.21
9985,7.72,0.012,-0.3,0.24
9986,5.56,0.0164,-0.41,0.26
9987,7.64,0.0176,-0.44,0.23
9988,9.52,2.4972,-62.43,0.21
9989,7.72,0.0147,-0.37,0.27
9990,5.96,0.02,-0.5,0.24
9991,6.08,1.7777,-44.44,0.26
9992,7.72,0.0144,-0.36,0.25
9993,5.48,0.0136,-0.34,0.21
9994,7.68,0.0146,-0.37,0.23
9995,9.96,2.4955,-312.37,0.2
9996,10.44,0.4675,-11.69,0.22
9997,6.48,902495.2743,-1339.21,0.24
9998,6.08,1246401.2425,-1338.59,0.21
9999,6.2,1825444.6784,-2051.51,0.22
10000,7.72,0.035,-0.88,0.24
